# Original Basketbroom procedural mesh; units cm, Z up
o SM_BB_Treeline
s 1
v 12280.16000 0.00000 -590.88414
v 12293.86910 -18.86896 -590.88414
v 12316.05090 -11.66166 -590.88414
v 12316.05090 11.66166 -590.88414
v 12293.86910 18.86896 -590.88414
v 12280.16000 0.00000 438.31586
v 12293.86910 -18.86896 438.31586
v 12316.05090 -11.66166 438.31586
v 12316.05090 11.66166 438.31586
v 12293.86910 18.86896 438.31586
v 12300.00000 0.00000 78.71586
v 12557.30000 0.00000 -355.28414
v 12527.20776 190.64995 -353.32486
v 12335.58615 201.81910 -359.19931
v 12156.10811 249.22806 -349.41985
v 12047.17918 92.01925 -363.08741
v 12101.57106 -72.22223 -345.55539
v 12146.48362 -265.89817 -366.92154
v 12341.18324 -233.56177 -341.75822
v 12479.55959 -150.66838 -370.67519
v 12327.17076 0.00000 218.83586
v 12545.95437 89.78035 -215.16414
v 12407.88538 187.26674 -213.20486
v 12266.05350 191.47408 -219.07931
v 12093.74841 172.73757 -209.29985
v 12108.67847 -0.17872 -222.96741
v 12131.37078 -141.76537 -205.43539
v 12255.19538 -255.49508 -226.80154
v 12389.30508 -154.34779 -201.63822
v 12532.43041 -84.35195 -230.55519
v 12324.89584 0.00000 358.95586
v 12471.81560 144.71829 -75.04414
v 12326.43047 151.54980 -73.08486
v 12198.94591 174.27805 -78.95931
v 12103.65346 71.04915 -69.17985
v 12157.83388 -52.04524 -82.84741
v 12190.08237 -191.20703 -65.31539
v 12332.60703 -182.92455 -86.68154
v 12425.01976 -104.50663 -61.51822
v 12528.15157 0.42626 -90.43519
v 12303.17080 0.00000 499.07586
v 12379.56219 138.70198 65.07586
v 12277.25801 126.89568 67.03514
v 12157.01319 119.29893 61.16069
v 12159.15509 -0.39471 70.94015
v 12189.94448 -92.87437 57.27259
v 12268.35714 -182.44394 74.80461
v 12363.88698 -109.94278 53.43846
v 12453.60581 -55.42094 78.60178
v 12462.54022 59.67618 49.68481
v 12286.71176 0.00000 639.19586
v 12317.44213 101.12743 205.19586
v 12238.67416 105.30876 207.15514
v 12168.53482 47.29386 201.28069
v 12209.27028 -33.40737 211.06015
v 12232.35459 -118.18293 197.39259
v 12322.44627 -124.57530 214.92461
v 12376.74763 -63.91174 193.55846
v 12445.05349 0.54201 218.72178
v 12385.18881 72.02605 189.80481
v 12287.87153 0.00000 779.31586
v 12287.46930 69.17421 345.31586
v 12221.00428 65.65897 347.27514
v 12215.64251 -0.39402 341.40069
v 12241.69947 -49.38582 351.18015
v 12282.18847 -103.84824 337.51259
v 12337.66598 -64.54132 355.04461
v 12381.50958 -29.23665 333.67846
v 12395.13918 35.13193 358.84178
v 12334.61651 60.60957 329.92481
v -9772.64444 8928.72372 -511.34574
v -9754.67814 8903.99521 -511.34574
v -9725.60803 8913.44066 -511.34574
v -9725.60803 8944.00677 -511.34574
v -9754.67814 8953.45222 -511.34574
v -9772.64444 8928.72372 837.46070
v -9754.67814 8903.99521 837.46070
v -9725.60803 8913.44066 837.46070
v -9725.60803 8944.00677 837.46070
v -9754.67814 8953.45222 837.46070
v -9705.61993 8928.72372 366.19098
v -9444.28737 9183.39465 -150.61982
v -9690.58124 9250.17853 -253.11355
v -9893.91961 9182.71660 -153.57178
v -10128.59964 9066.93684 -249.98941
v -10017.90213 8829.41928 -156.86270
v -9912.41542 8640.35521 -246.53741
v -9677.91487 8543.15883 -160.46981
v -9540.07305 8756.04729 -242.78143
v -9373.31666 8929.42120 -164.36816
v -9708.16483 8928.72372 549.82366
v -9573.88557 9229.89501 33.01287
v -9788.58738 9162.76285 -69.48087
v -9985.72467 9128.19767 30.06090
v -10069.36867 8927.81929 -66.35672
v -9925.46828 8777.81578 26.76999
v -9804.89500 8592.86096 -62.90472
v -9602.35629 8680.42080 23.16288
v -9509.74405 8843.25050 -59.14874
v -9415.62134 9050.25752 19.26452
v -9741.57976 8928.72372 733.45634
v -9703.24160 9180.36206 216.64555
v -9850.24607 9106.63035 114.15182
v -10026.46894 9029.38939 213.69359
v -9957.71279 8851.00634 117.27596
v -9860.88379 8729.13487 210.40267
v -9694.20728 8637.70692 120.72796
v -9590.60108 8798.77920 206.79556
v -9485.86685 8929.69814 124.48394
v -9535.49010 9107.25109 202.89721
v -9768.92834 8928.72372 917.08903
v -9777.31939 9098.06709 400.27824
v -9903.81263 9059.35830 297.78450
v -9980.94631 8927.62934 397.32627
v -9870.36521 8823.92013 300.90865
v -9785.24824 8703.64197 394.03535
v -9639.64450 8745.37930 304.36064
v -9588.98463 8872.17316 390.42824
v -9518.44204 9012.99134 308.11662
v -9653.85836 9091.17969 386.52989
v -9768.70913 8928.72372 1100.72171
v -9811.21283 9039.12761 583.91092
v -9922.61089 8991.65598 481.41719
v -9890.56743 8875.42422 580.95895
v -9815.47182 8807.95107 484.54133
v -9712.29852 8740.13182 577.66804
v -9642.00702 8841.91814 487.99333
v -9589.10148 8929.60673 574.06093
v -9605.96413 9048.11763 491.74931
v -9725.29360 9053.90296 570.16257
v -9751.27486 8928.72372 1284.35439
v -9829.89553 8997.65795 767.54360
v -9882.47401 8927.83550 665.04987
v -9817.47762 8868.49303 764.59164
v -9767.09892 8808.10760 668.17401
v -9682.89564 8819.95818 761.30072
v -9660.23388 8897.91162 671.62601
v -9621.25620 8975.29167 757.69361
v -9691.23060 9026.16744 675.38199
v -9764.46107 9026.04720 753.79526
v 1257.36653 -14530.85097 -529.17108
v 1269.72582 -14547.86208 -529.17108
v 1289.72358 -14541.36442 -529.17108
v 1289.72358 -14520.33753 -529.17108
v 1269.72582 -14513.83986 -529.17108
v 1257.36653 -14530.85097 398.69322
v 1269.72582 -14547.86208 398.69322
v 1289.72358 -14541.36442 398.69322
v 1289.72358 -14520.33753 398.69322
v 1269.72582 -14513.83986 398.69322
v 1305.74842 -14530.85097 74.49967
v 1322.02256 -14259.68692 -278.14097
v 1180.42494 -14368.01207 -356.09751
v 1043.05348 -14447.31848 -276.80567
v 1035.23631 -14619.22697 -357.29566
v 1183.13169 -14691.79574 -275.74675
v 1323.15875 -14796.72434 -358.21352
v 1450.14982 -14676.49660 -274.97153
v 1474.84777 -14530.10516 -358.84476
v 1488.66476 -14350.41412 -274.48536
v 1279.36112 -14530.85097 200.82336
v 1238.32649 -14327.00225 -151.81728
v 1146.80510 -14424.08871 -229.77382
v 1033.99247 -14531.97785 -150.48198
v 1136.01624 -14648.79715 -230.97196
v 1243.71350 -14714.73913 -149.42306
v 1396.17281 -14738.04907 -231.88983
v 1430.32290 -14586.47292 -148.64783
v 1473.72102 -14457.56296 -232.52107
v 1386.50945 -14336.05369 -148.16167
v 1256.57259 -14530.85097 327.14706
v 1202.42244 -14406.32178 -25.49358
v 1113.94376 -14473.16101 -103.45012
v 1091.06974 -14599.05971 -24.15829
v 1207.95466 -14648.93884 -104.64827
v 1309.55079 -14719.18420 -23.09936
v 1412.20720 -14644.46716 -105.56614
v 1415.65341 -14530.06404 -22.32414
v 1430.72483 -14398.90270 -106.19738
v 1301.61943 -14376.25806 -21.83797
v 1255.82861 -14530.85097 453.47075
v 1188.53309 -14459.04535 100.83011
v 1110.74434 -14531.92672 22.87357
v 1172.32679 -14618.36964 102.16541
v 1254.79238 -14651.49729 21.67543
v 1360.58067 -14676.43584 103.22433
v 1387.98225 -14571.04822 20.75756
v 1405.26233 -14482.56640 103.99955
v 1355.54534 -14389.65645 20.12632
v 1255.12214 -14420.89227 104.48572
v 1270.83004 -14530.85097 579.79445
v 1177.99497 -14496.27282 227.15381
v 1153.69165 -14576.12733 149.19726
v 1231.43172 -14608.07892 228.48910
v 1296.39995 -14645.75290 147.99912
v 1368.05721 -14607.54838 229.54803
v 1362.85995 -14530.19626 147.08125
v 1372.48730 -14448.01565 230.32325
v 1293.05404 -14425.28957 146.45001
v 1227.39911 -14449.37773 230.80941
v 1282.74447 -14530.85097 706.11814
v 1185.77495 -14531.60326 353.47750
v 1213.73552 -14583.35796 275.52096
v 1264.40915 -14595.52484 354.81280
v 1323.22498 -14612.35062 274.32281
v 1342.39648 -14554.65183 355.87172
v 1343.95316 -14505.19006 273.40495
v 1321.50395 -14449.16369 356.64694
v 1263.53590 -14467.51794 272.77371
v 1211.12134 -14477.95045 357.13311
v 9228.65033 12055.78972 -522.48962
v 9238.53020 12042.19124 -522.48962
v 9254.51617 12047.38540 -522.48962
v 9254.51617 12064.19404 -522.48962
v 9238.53020 12069.38819 -522.48962
v 9228.65033 12055.78972 219.23384
v 9238.53020 12042.19124 219.23384
v 9254.51617 12047.38540 219.23384
v 9254.51617 12064.19404 219.23384
v 9238.53020 12069.38819 219.23384
v 9246.73194 12055.78972 -39.92255
v 9146.62873 12220.48193 -347.90529
v 9098.11108 12107.58879 -358.88345
v 9034.58539 11978.62642 -345.12851
v 9159.73879 11909.78224 -361.63644
v 9273.73374 11886.74464 -342.40408
v 9412.99027 11914.72435 -364.32760
v 9394.66746 12056.64010 -339.75084
v 9391.50313 12181.86736 -366.93834
v 9277.68299 12259.44651 -337.18713
v 9225.33747 12055.78972 61.05908
v 9138.19341 12142.52883 -246.92366
v 9081.44378 12054.73362 -257.90183
v 9101.88571 11935.84331 -244.14688
v 9221.52333 11929.45566 -260.65481
v 9334.20498 11900.08928 -241.42245
v 9400.96374 11999.44431 -263.34598
v 9367.03270 12101.87372 -238.76921
v 9337.97954 12222.90227 -265.95671
v 9216.32354 12201.22056 -236.20550
v 9224.02747 12055.78972 162.04071
v 9139.61305 12092.52860 -145.94203
v 9092.77714 11999.85735 -156.92020
v 9178.00012 11941.32863 -143.16526
v 9264.52384 11938.56033 -159.67318
v 9369.65333 11951.07540 -140.44082
v 9359.52584 12056.66094 -162.36435
v 9345.78360 12143.39641 -137.78758
v 9269.25785 12211.80590 -164.97508
v 9187.80055 12149.68148 -135.22387
v 9238.42409 12055.78972 263.02234
v 9137.36184 12054.90199 -44.96040
v 9142.01835 11969.64285 -55.93857
v 9227.92841 11966.20826 -42.18363
v 9303.57288 11952.79495 -58.69155
v 9359.02945 12014.64162 -39.45920
v 9326.90279 12087.14835 -61.38272
v 9307.32782 12169.49486 -36.80595
v 9223.02672 12163.47050 -63.99345
v 9168.38643 12117.29404 -34.24224
v 9251.26211 12055.78972 364.00396
v 9149.95770 12020.95666 56.02122
v 9198.79947 11977.64431 45.04306
v 9256.25442 11984.24352 58.79800
v 9323.97013 11989.08436 42.29007
v 9321.99967 12056.52819 61.52243
v 9304.80091 12108.68237 39.59891
v 9260.07901 12158.54499 64.17568
v 9206.63404 12117.35305 36.98817
v 9155.96391 12086.53244 66.73938
v 9251.96677 12055.78972 464.98559
v 9185.36930 12006.45788 157.00285
v 9234.26028 12003.37163 146.02469
v 9275.25218 12001.14289 159.77963
v 9311.21544 12031.73411 143.27170
v 9289.91736 12073.43358 162.50406
v 9277.74908 12117.52225 140.58054
v 9230.91247 12120.17417 165.15730
v 9202.80548 12088.77686 137.96980
v 9167.58328 12055.01526 167.72101
v -16410.46107 -2898.61374 -299.87806
v -16394.18805 -2921.01163 -299.87806
v -16367.85774 -2912.45640 -299.87806
v -16367.85774 -2884.77108 -299.87806
v -16394.18805 -2876.21585 -299.87806
v -16410.46107 -2898.61374 921.80610
v -16394.18805 -2921.01163 921.80610
v -16367.85774 -2912.45640 921.80610
v -16367.85774 -2884.77108 921.80610
v -16394.18805 -2876.21585 921.80610
v -16420.32885 -2898.61374 494.95260
v -16630.07778 -2812.16053 -62.54530
v -16674.10943 -3005.58289 20.55766
v -16560.31267 -3204.20661 -59.36118
v -16342.89959 -3137.74793 17.23531
v -16122.93410 -3116.77541 -55.90634
v -16068.58258 -2896.23477 13.65395
v -16195.71334 -2735.72995 -52.20467
v -16326.25112 -2538.89784 9.83837
v -16528.99807 -2656.70410 -48.28176
v -16423.66466 -2898.61374 661.27827
v -16599.94011 -2900.40479 103.78038
v -16623.67657 -3100.70033 186.88333
v -16429.18376 -3150.73405 106.96449
v -16269.45809 -3098.15409 183.56098
v -16085.96196 -3005.29337 110.41933
v -16174.76977 -2819.37475 179.97963
v -16257.61792 -2670.25998 114.12101
v -16442.82206 -2596.40360 176.16404
v -16550.07945 -2764.02013 118.04391
v -16395.99146 -2898.61374 827.60395
v -16585.36933 -2972.95355 270.10605
v -16517.91370 -3130.49359 353.20901
v -16353.57804 -3077.84468 273.29017
v -16201.72930 -3051.07423 349.88666
v -16139.73700 -2896.30470 276.74501
v -16250.20756 -2781.71293 346.30530
v -16343.78543 -2639.93133 280.44668
v -16498.57785 -2709.30651 342.48972
v -16569.81560 -2833.97019 284.36958
v -16369.38805 -2898.61374 993.92962
v -16545.85110 -3034.78816 436.43173
v -16417.84463 -3085.24412 519.53468
v -16308.85732 -3030.65367 439.61584
v -16178.28360 -2972.12892 516.21233
v -16230.92870 -2840.01897 443.07068
v -16302.67448 -2749.18743 512.63098
v -16427.25795 -2682.78485 446.77235
v -16503.30456 -2802.96832 508.81539
v -16581.35286 -2900.61183 450.69526
v -16366.29010 -2898.61374 1160.25529
v -16471.90754 -3049.71970 602.75740
v -16364.47387 -3018.01567 685.86036
v -16274.67915 -2990.66304 605.94152
v -16221.41805 -2896.75852 682.53801
v -16299.85917 -2823.89022 609.39636
v -16360.56344 -2738.73188 678.95665
v -16463.24393 -2769.75809 613.09803
v -16498.99836 -2859.23431 675.14106
v -16548.18196 -2959.36752 617.02093
v -16380.72320 -2898.61374 1326.58097
v -16405.11665 -3009.74078 769.08307
v -16344.25890 -2970.45928 852.18603
v -16271.65960 -2938.98353 772.26719
v -16293.56581 -2863.34953 848.86368
v -16342.38122 -2819.27709 775.72203
v -16410.11816 -2775.74141 845.28233
v -16455.35652 -2842.58296 779.42370
v -16490.04983 -2899.86632 841.46674
v -16478.01295 -2976.96256 783.34661
v 14675.04936 -9350.46256 -296.12152
v 14691.77477 -9373.48311 -296.12152
v 14718.83705 -9364.69004 -296.12152
v 14718.83705 -9336.23508 -296.12152
v 14691.77477 -9327.44201 -296.12152
v 14675.04936 -9350.46256 959.52522
v 14691.77477 -9373.48311 959.52522
v 14718.83705 -9364.69004 959.52522
v 14718.83705 -9336.23508 959.52522
v 14691.77477 -9327.44201 959.52522
v 14655.73399 -9350.46256 520.80527
v 14463.02638 -9438.95026 -63.81042
v 14517.94916 -9671.37907 47.07217
v 14754.60089 -9648.06311 -64.97474
v 14910.91690 -9524.72504 48.04268
v 15077.31807 -9346.93078 -65.74977
v 14903.04831 -9176.18947 48.62088
v 14750.35087 -9043.96573 -66.13014
v 14514.35843 -9037.01203 48.80276
v 14463.11134 -9267.00321 -66.11323
v 14688.24730 -9350.46256 691.75477
v 14504.17890 -9517.59623 107.13908
v 14646.46654 -9668.94131 218.02166
v 14811.70365 -9540.68875 105.97476
v 14973.47866 -9447.09262 218.99217
v 14979.73780 -9245.09870 105.19973
v 14806.32236 -9160.53509 219.57037
v 14640.84057 -9037.99067 104.81936
v 14493.42189 -9181.32199 219.75226
v 14464.12232 -9352.87878 104.83627
v 14721.20007 -9350.46256 862.70426
v 14570.74330 -9578.92734 278.08857
v 14743.00970 -9583.31558 388.97116
v 14847.78798 -9472.28583 276.92425
v 14976.27279 -9347.35711 389.94167
v 14857.60168 -9214.53991 276.14923
v 14734.18592 -9138.48907 390.51987
v 14559.09832 -9113.86982 275.76885
v 14521.24340 -9287.92251 390.70176
v 14471.35369 -9436.31684 275.78577
v 14726.37531 -9350.46256 1033.65376
v 14662.38859 -9575.48632 449.03807
v 14780.82424 -9487.86445 559.92065
v 14879.42948 -9413.57375 447.87375
v 14902.88324 -9273.53478 560.89117
v 14773.10656 -9218.88253 447.09872
v 14659.70099 -9141.04683 561.46936
v 14546.83220 -9225.68760 446.71835
v 14543.01073 -9352.36007 561.65125
v 14527.40379 -9498.25564 446.73526
v 14708.08285 -9350.46256 1204.60325
v 14729.22210 -9508.31618 619.98756
v 14791.57245 -9425.89124 730.87015
v 14873.47927 -9348.18390 618.82324
v 14807.11346 -9257.52765 731.84066
v 14720.12231 -9222.33957 618.04822
v 14608.03282 -9197.12840 732.41886
v 14580.10144 -9308.85083 617.66785
v 14561.62743 -9402.60296 732.60075
v 14615.48055 -9500.04773 617.68476
v 14690.85989 -9350.46256 1375.55275
v 14747.81949 -9431.92174 790.93706
v 14794.61525 -9383.66535 901.81965
v 14817.31191 -9305.61009 789.77274
v 14741.41119 -9275.02342 902.79016
v 14677.84353 -9238.25208 788.99771
v 14608.55129 -9276.49424 903.36836
v 14613.77688 -9351.66037 788.61734
v 14604.83991 -9431.96730 903.55024
v 14682.63363 -9453.11578 788.63425
v -4815.42937 17858.30506 31.88481
v -4805.24054 17844.28135 31.88481
v -4788.75468 17849.63793 31.88481
v -4788.75468 17866.97219 31.88481
v -4805.24054 17872.32877 31.88481
v -4815.42937 17858.30506 796.80254
v -4805.24054 17844.28135 796.80254
v -4788.75468 17849.63793 796.80254
v -4788.75468 17866.97219 796.80254
v -4805.24054 17872.32877 796.80254
v -4808.40914 17858.30506 529.54213
v -4889.07085 17701.17264 197.20123
v -4758.84269 17635.63690 218.16139
v -4680.77071 17759.95528 194.44115
v -4596.64101 17860.59244 220.88044
v -4641.12507 17995.26791 191.76782
v -4775.80377 18009.28540 223.50341
v -4914.39224 18050.25188 189.19975
v -4977.08824 17920.28056 226.01215
v -4955.11892 17800.12670 186.75468
v -4784.91751 17858.30506 633.68153
v -4831.13131 17672.45970 301.34064
v -4713.79097 17711.93612 322.30079
v -4670.43038 17812.68018 298.58055
v -4614.49472 17928.64451 325.01984
v -4727.30320 17989.04557 295.90723
v -4829.32931 18009.96727 327.64281
v -4953.55755 17983.44937 293.33915
v -4936.22710 17856.65895 330.15155
v -4933.33966 17744.22009 290.89409
v -4780.55186 17858.30506 737.82093
v -4769.11388 17692.00987 405.48004
v -4708.83059 17783.25589 426.44019
v -4658.98196 17860.15836 402.71995
v -4678.27267 17963.77885 429.15925
v -4782.67836 17968.85531 400.04663
v -4881.56939 17994.26490 431.78221
v -4938.72965 17906.51461 397.47855
v -4909.15143 17817.21189 434.29095
v -4882.89833 17711.50484 395.03349
v -4793.80193 17858.30506 841.96033
v -4736.54417 17750.72169 509.61944
v -4712.91853 17827.74679 530.57959
v -4673.71095 17906.54479 506.85936
v -4746.54249 17955.19110 533.29865
v -4819.65075 17957.70565 504.18603
v -4908.47127 17946.20534 535.92162
v -4899.06106 17856.92649 501.61796
v -4887.52889 17783.33501 538.43036
v -4822.04560 17726.37288 499.17289
v -4807.78327 17858.30506 946.09974
v -4738.48129 17807.67561 613.75884
v -4715.29959 17859.58134 634.71900
v -4719.90381 17928.17141 610.99876
v -4789.07026 17930.45993 637.43805
v -4850.23259 17941.23804 608.32543
v -4894.18985 17890.76415 640.06102
v -4868.24153 17832.56627 605.75736
v -4852.05342 17766.17753 642.56976
v -4784.12008 17771.93582 603.31229
v -4810.08407 17858.30506 1050.23914
v -4751.82606 17841.39594 717.89824
v -4731.61846 17884.69227 738.85840
v -4768.37556 17916.37538 715.13816
v -4810.94009 17911.51489 741.57745
v -4861.23413 17907.49549 712.46484
v -4859.20692 17857.37561 744.20042
v -4846.53340 17818.57518 709.89676
v -4812.89673 17781.97390 746.70916
v -4773.45908 17812.83340 707.45170
v -5759.83391 -11057.30381 -590.85953
v -5748.02496 -11073.55744 -590.85953
v -5728.91768 -11067.34910 -590.85953
v -5728.91768 -11047.25851 -590.85953
v -5748.02496 -11041.05018 -590.85953
v -5759.83391 -11057.30381 295.68812
v -5748.02496 -11073.55744 295.68812
v -5728.91768 -11067.34910 295.68812
v -5728.91768 -11047.25851 295.68812
v -5748.02496 -11041.05018 295.68812
v -5721.69143 -11057.30381 -14.06950
v -5695.84322 -11304.35248 -361.24851
v -5566.73649 -11201.11133 -413.28584
v -5558.47541 -11054.89379 -363.88326
v -5541.41003 -10883.82766 -410.56564
v -5710.56227 -10859.71633 -366.68421
v -5848.11404 -10880.18764 -407.68878
v -5991.79354 -10970.32844 -369.63199
v -5912.00354 -11121.42827 -404.67518
v -5856.90057 -11261.13964 -372.70621
v -5715.22573 -11057.30381 106.62916
v -5624.26527 -11256.03104 -240.54985
v -5589.62805 -11110.61585 -292.58718
v -5561.66619 -10988.50858 -243.18461
v -5635.00240 -10864.50074 -289.86698
v -5771.43932 -10906.91736 -245.98556
v -5910.32548 -10920.64140 -286.99013
v -5942.59116 -11060.10430 -248.93333
v -5862.75644 -11160.90630 -283.97652
v -5779.50250 -11284.33002 -252.00755
v -5733.02431 -11057.30381 227.32782
v -5605.55081 -11168.97115 -119.85120
v -5611.50856 -11055.34217 -171.88853
v -5597.65263 -10931.81514 -122.48595
v -5717.83502 -10902.54762 -169.16832
v -5816.04402 -10934.61620 -125.28690
v -5928.31110 -10992.88707 -166.29147
v -5872.59115 -11106.77440 -128.23468
v -5821.65307 -11198.82198 -163.27787
v -5707.19230 -11242.68052 -131.30890
v -5753.27310 -11057.30381 348.02647
v -5630.33333 -11096.20771 0.84746
v -5624.43355 -11012.10210 -51.18987
v -5665.73080 -10918.88248 -1.78729
v -5763.25886 -10950.86975 -48.46967
v -5853.95292 -10966.95850 -4.58824
v -5889.52584 -11059.63498 -45.59281
v -5823.77665 -11127.52111 -7.53602
v -5767.45999 -11211.78262 -42.57921
v -5675.74225 -11169.21148 -10.61024
v -5757.86841 -11057.30381 468.72513
v -5659.56945 -11055.90513 121.54612
v -5652.91431 -10979.31685 69.50879
v -5725.95021 -10951.70947 118.91136
v -5787.60195 -10982.53928 72.22899
v -5861.40036 -11016.36232 116.11041
v -5830.68446 -11090.99663 75.10584
v -5790.12252 -11142.64863 113.16264
v -5719.08951 -11179.41108 78.11945
v -5676.50788 -11111.01071 110.08842
v -5748.58976 -11057.30381 589.42379
v -5680.13120 -11033.24783 242.24477
v -5698.84988 -10978.06178 190.20744
v -5754.84865 -10995.12808 239.61002
v -5801.92585 -11009.40812 192.92765
v -5829.06319 -11058.83604 236.80907
v -5787.97832 -11096.64902 195.80450
v -5756.00158 -11141.17032 233.86129
v -5702.53375 -11124.17986 198.81810
v -5683.89093 -11077.54904 230.78707
v 12295.15417 4499.59508 -521.83711
v 12312.98602 4475.05164 -521.83711
v 12341.83857 4484.42639 -521.83711
v 12341.83857 4514.76376 -521.83711
v 12312.98602 4524.13852 -521.83711
v 12295.15417 4499.59508 816.87508
v 12312.98602 4475.05164 816.87508
v 12341.83857 4484.42639 816.87508
v 12341.83857 4514.76376 816.87508
v 12312.98602 4524.13852 816.87508
v 12368.83293 4499.59508 349.13227
v 12633.12368 4245.51209 -154.74672
v 12602.98349 4503.81061 -276.34148
v 12575.83829 4720.03746 -154.21543
v 12382.01874 4878.94318 -276.66153
v 12184.35714 4728.23792 -154.10717
v 11965.57711 4622.96085 -276.55780
v 11996.04214 4375.80420 -154.42270
v 12186.63860 4258.69785 -276.03101
v 12396.31718 4106.66289 -155.15984
v 12338.26968 4499.59508 531.39068
v 12618.65781 4396.56573 27.51169
v 12539.30377 4583.01538 -94.08307
v 12487.05142 4798.12248 28.04298
v 12268.12842 4773.69427 -94.40312
v 12123.41913 4660.07613 28.15123
v 11971.19275 4494.04010 -94.29940
v 12133.95078 4337.54553 27.83570
v 12275.37289 4214.66620 -93.77261
v 12493.63428 4211.19145 27.09857
v 12301.58646 4499.59508 713.64908
v 12539.80598 4503.27524 209.77010
v 12496.93771 4652.37240 88.17533
v 12366.73995 4787.44424 210.30139
v 12218.34699 4670.62021 87.85528
v 12071.73536 4585.58830 210.40964
v 12068.72199 4402.95449 87.95901
v 12225.20039 4327.09884 210.09411
v 12375.70679 4216.98729 88.48580
v 12507.37893 4348.43933 209.35697
v 12291.73509 4499.59508 895.90749
v 12471.00982 4557.24444 392.02850
v 12432.34343 4700.67503 270.43374
v 12281.47827 4702.39436 392.55979
v 12189.99722 4605.58311 270.11369
v 12078.45114 4495.29036 392.66805
v 12183.65775 4380.16821 270.21742
v 12291.50879 4313.28684 392.35252
v 12444.80441 4293.62239 270.74421
v 12476.77604 4445.99505 391.61538
v 12308.70601 4499.59508 1078.16590
v 12426.96481 4591.97217 574.28691
v 12350.43612 4687.18849 452.69215
v 12252.43167 4613.32945 574.81820
v 12169.99263 4551.36997 452.37210
v 12152.08342 4434.53079 574.92645
v 12260.16734 4389.60223 452.47582
v 12355.13766 4324.91677 574.61092
v 12448.21275 4396.80721 453.00261
v 12451.40527 4502.03245 573.87379
v 12327.87311 4499.59508 1260.42430
v 12380.64095 4607.81273 756.54532
v 12297.22278 4620.32062 634.95055
v 12249.59013 4557.13454 757.07661
v 12186.97417 4496.96631 634.63050
v 12238.88370 4427.93426 757.18486
v 12305.52974 4400.78465 634.73423
v 12391.76897 4382.32580 756.86933
v 12412.42263 4468.32341 635.26102
v 12426.75856 4540.46996 756.13219
v -13515.03925 5570.26784 -381.71808
v -13500.73717 5550.58271 -381.71808
v -13477.59593 5558.10176 -381.71808
v -13477.59593 5582.43391 -381.71808
v -13500.73717 5589.95296 -381.71808
v -13515.03925 5570.26784 691.99910
v -13500.73717 5550.58271 691.99910
v -13477.59593 5558.10176 691.99910
v -13477.59593 5582.43391 691.99910
v -13500.73717 5589.95296 691.99910
v -13478.34716 5570.26784 316.84490
v -13203.29488 5575.16215 -115.66842
v -13331.25012 5711.85790 -158.03123
v -13444.76102 5882.01545 -112.01695
v -13627.04673 5791.44692 -161.60312
v -13716.65532 5646.97560 -108.53083
v -13796.18040 5454.62369 -164.99743
v -13605.32143 5370.35519 -105.23418
v -13443.63293 5308.50462 -168.19071
v -13253.08057 5374.64369 -102.14981
v -13512.66713 5570.26784 463.02567
v -13301.07944 5644.51957 30.51235
v -13387.52925 5763.09588 -11.85046
v -13547.02674 5840.88496 34.16382
v -13640.99003 5688.95006 -15.42234
v -13743.68218 5565.84186 37.64994
v -13687.12307 5402.58496 -18.81666
v -13523.48045 5385.93656 40.94659
v -13354.03349 5336.91302 -22.00994
v -13279.67204 5496.42232 44.03097
v -13522.90427 5570.26784 609.20645
v -13375.90346 5673.48007 176.69312
v -13459.46972 5792.20301 134.33031
v -13598.55250 5743.22264 180.34460
v -13650.09564 5623.68428 130.75843
v -13715.54212 5485.04448 183.83071
v -13580.37337 5414.61038 127.36411
v -13458.94358 5389.35150 187.12736
v -13311.61555 5422.67128 124.17084
v -13333.32702 5573.27641 190.21174
v -13506.91872 5570.26784 755.38722
v -13424.65005 5696.63792 322.87389
v -13531.94359 5761.50570 280.51108
v -13600.43905 5655.80481 326.52537
v -13658.11528 5567.05464 276.93920
v -13634.26231 5448.10361 330.01148
v -13514.24344 5442.82515 273.54488
v -13399.91464 5413.88333 333.30813
v -13335.47891 5515.95143 270.35161
v -13369.43334 5618.52580 336.39251
v -13486.64452 5570.26784 901.56799
v -13473.23653 5706.24186 469.05466
v -13565.26175 5687.47561 426.69186
v -13590.95815 5603.20131 472.70614
v -13633.47828 5516.36292 423.11997
v -13552.82831 5463.97886 476.19226
v -13472.75546 5461.02734 419.72565
v -13375.50753 5474.64635 479.48890
v -13386.73867 5572.47952 416.53238
v -13399.28946 5653.41335 482.57328
v -13481.26995 5570.26784 1047.74876
v -13515.72311 5677.94888 615.23544
v -13557.36573 5620.88478 572.87263
v -13580.97037 5568.40628 618.88691
v -13575.45027 5499.18450 569.30074
v -13505.58952 5497.34624 622.37303
v -13443.54055 5486.48858 565.90643
v -13399.84438 5538.15562 625.66968
v -13426.13097 5596.76730 562.71315
v -13442.92472 5663.91395 628.75405
v 6459.36879 -13832.36134 -321.91280
v 6468.76713 -13845.29705 -321.91280
v 6483.97397 -13840.35604 -321.91280
v 6483.97397 -13824.36663 -321.91280
v 6468.76713 -13819.42563 -321.91280
v 6459.36879 -13832.36134 383.66022
v 6468.76713 -13845.29705 383.66022
v 6483.97397 -13840.35604 383.66022
v 6483.97397 -13824.36663 383.66022
v 6468.76713 -13819.42563 383.66022
v 6459.09623 -13832.36134 137.13471
v 6591.13568 -13729.38627 -177.96978
v 6498.87375 -13667.50095 -143.96462
v 6365.25105 -13653.58491 -175.65689
v 6337.86927 -13786.02811 -146.33233
v 6296.79655 -13900.23675 -173.23846
v 6379.40014 -14001.65682 -148.79730
v 6500.09887 -13971.01571 -170.73121
v 6633.32988 -13961.89187 -151.34249
v 6644.80524 -13829.15057 -168.15249
v 6450.83413 -13832.36134 233.19465
v 6531.76517 -13725.74900 -81.90984
v 6439.37930 -13661.52558 -47.90468
v 6351.14300 -13734.14334 -79.59695
v 6345.38581 -13834.86450 -50.27239
v 6334.58300 -13953.18622 -77.17852
v 6451.70320 -13968.54241 -52.73736
v 6546.81652 -13954.66202 -74.67127
v 6645.21703 -13891.25408 -55.28254
v 6589.38908 -13787.38304 -72.09255
v 6462.89876 -13832.36134 329.25459
v 6490.69371 -13718.17103 14.15010
v 6392.17703 -13698.83766 48.15526
v 6369.67763 -13797.15241 16.46299
v 6350.66220 -13879.74624 45.78755
v 6401.26503 -13962.67132 18.88142
v 6492.99204 -13933.68783 43.32258
v 6586.93632 -13924.06615 21.38867
v 6607.37947 -13829.59866 40.77740
v 6553.67495 -13761.76562 23.96739
v 6479.44228 -13832.36134 425.31453
v 6450.43382 -13718.86690 110.21004
v 6383.15209 -13760.22577 144.21520
v 6387.15394 -13834.20542 112.52293
v 6378.60567 -13915.06154 141.84749
v 6457.41762 -13933.18595 114.94136
v 6521.52009 -13912.42886 139.38252
v 6594.41154 -13873.62997 117.44861
v 6557.33014 -13799.58771 136.83734
v 6524.07915 -13739.27514 120.02733
v 6484.89438 -13832.36134 521.37447
v 6420.96333 -13746.77308 206.26998
v 6403.12808 -13808.70009 240.27514
v 6399.31596 -13861.05504 208.58287
v 6425.69961 -13918.64759 237.90744
v 6486.14147 -13898.36977 211.00130
v 6542.71043 -13888.26468 235.44246
v 6563.99372 -13830.32029 213.50855
v 6523.13326 -13788.31598 232.89728
v 6487.73783 -13736.02822 216.08727
v 6478.60878 -13832.36134 617.43441
v 6419.90260 -13789.90404 302.32992
v 6425.29050 -13833.47504 336.33509
v 6421.65069 -13877.50708 304.64281
v 6463.76953 -13892.75634 333.96738
v 6499.03003 -13875.15814 307.06124
v 6541.18837 -13855.40140 331.50240
v 6523.09136 -13812.78154 309.56849
v 6499.90546 -13783.08538 328.95722
v 6458.96786 -13762.52801 312.14721
v 4914.90605 15736.31832 -72.40395
v 4929.38896 15716.38430 -72.40395
v 4952.82281 15723.99842 -72.40395
v 4952.82281 15748.63823 -72.40395
v 4929.38896 15756.25235 -72.40395
v 4914.90605 15736.31832 1014.88935
v 4929.38896 15716.38430 1014.88935
v 4952.82281 15723.99842 1014.88935
v 4952.82281 15748.63823 1014.88935
v 4929.38896 15756.25235 1014.88935
v 4896.56654 15736.31832 634.99169
v 4969.01756 15949.91011 126.71531
v 4775.84688 16000.77546 226.23983
v 4672.90066 15825.95424 126.86914
v 4724.61480 15654.47483 225.91412
v 4778.62888 15450.57105 127.36616
v 4983.30081 15496.25991 225.24664
v 5133.47324 15577.31017 128.20295
v 5258.97712 15742.95961 224.24200
v 5102.63872 15882.20125 129.37371
v 4917.56224 15736.31832 783.02078
v 4894.96274 15942.30899 274.74440
v 4714.72687 15913.92161 374.26892
v 4737.58338 15732.05748 274.89823
v 4756.59079 15579.20326 373.94321
v 4894.65698 15469.16802 275.39525
v 5033.19155 15575.81081 373.27573
v 5187.57729 15650.78085 276.23204
v 5163.60789 15824.79552 372.27108
v 5029.65151 15907.13272 277.40280
v 4948.01909 15736.31832 931.04986
v 4823.03542 15922.00469 422.77349
v 4730.98502 15805.72827 522.29801
v 4785.67865 15677.80941 422.92731
v 4822.66231 15529.68003 521.97230
v 4973.35188 15548.45575 423.42434
v 5073.05948 15626.34479 521.30481
v 5176.65341 15741.71759 424.26113
v 5063.56916 15848.44736 520.30017
v 4966.08190 15933.42514 425.43189
v 4959.38002 15736.31832 1079.07895
v 4781.65442 15859.69689 570.80257
v 4790.49018 15732.92264 670.32709
v 4818.83012 15633.36200 570.95640
v 4906.64661 15544.51705 670.00138
v 5004.89834 15622.94969 571.45342
v 5102.85447 15679.91946 669.33390
v 5103.09886 15801.64777 572.29021
v 4999.00584 15851.82791 668.32926
v 4898.08281 15924.75259 573.46098
v 4947.92842 15736.31832 1227.10804
v 4798.07747 15782.71177 718.83166
v 4840.86660 15699.10458 818.35618
v 4865.85202 15607.94857 718.98549
v 4961.67946 15608.20041 818.03047
v 5019.62908 15669.43094 719.48251
v 5089.85708 15740.05918 817.36299
v 5022.22565 15812.43215 720.31930
v 4953.84792 15855.10089 816.35834
v 4856.50050 15866.38265 721.49006
v 4932.01898 15736.31832 1375.13712
v 4848.92348 15734.12499 866.86075
v 4874.00003 15681.68957 966.38527
v 4919.34727 15626.50915 867.01457
v 4976.29022 15670.20979 966.05956
v 5024.68787 15706.50428 867.51160
v 5034.20727 15774.94724 965.39207
v 4971.00364 15800.88638 868.34839
v 4915.15339 15838.62516 964.38743
v 4861.27034 15795.77108 869.51915
v -15247.64583 -8821.41512 -221.84156
v -15229.87131 -8845.87964 -221.84156
v -15201.11154 -8836.53502 -221.84156
v -15201.11154 -8806.29521 -221.84156
v -15229.87131 -8796.95059 -221.84156
v -15247.64583 -8821.41512 1112.56614
v -15229.87131 -8845.87964 1112.56614
v -15201.11154 -8836.53502 1112.56614
v -15201.11154 -8806.29521 1112.56614
v -15229.87131 -8796.95059 1112.56614
v -15247.80208 -8821.41512 646.32730
v -15376.11932 -8567.65145 50.84422
v -15601.74374 -8692.73848 118.52160
v -15483.21332 -8923.20706 46.67399
v -15383.86002 -9117.01112 122.56756
v -15147.13390 -9196.22056 42.75931
v -15014.83704 -8987.41342 126.34419
v -14846.13102 -8812.98862 39.12726
v -14962.33394 -8593.48518 129.82539
v -15180.17270 -8549.07144 35.80294
v -15204.33200 -8821.41512 827.99968
v -15467.48740 -8624.94814 232.51659
v -15534.93360 -8828.72643 300.19398
v -15397.08361 -8975.50441 228.34637
v -15273.28209 -9158.55084 304.23993
v -15077.71806 -9058.23481 224.43169
v -14980.80903 -8902.84893 308.01656
v -14897.21938 -8694.57012 220.79963
v -15103.94295 -8605.58106 311.49776
v -15278.66471 -8538.42587 217.47531
v -15186.75727 -8821.41512 1009.67205
v -15501.83013 -8727.17001 414.18897
v -15424.40773 -8900.73402 481.86635
v -15333.54059 -9026.06609 410.01874
v -15164.61461 -9105.84501 485.91230
v -15066.80883 -8945.27785 406.10406
v -14958.41217 -8815.01375 489.68894
v -15020.49103 -8643.88208 402.47200
v -15192.45531 -8626.76685 493.17014
v -15371.62972 -8576.07406 399.14768
v -15202.97819 -8821.41512 1191.34442
v -15450.18274 -8827.17353 595.86134
v -15342.03265 -8927.47483 663.53872
v -15256.08285 -9048.50042 591.69111
v -15114.84608 -8996.52393 667.58467
v -15062.32795 -8874.98469 587.77643
v -14996.75661 -8732.96905 671.36131
v -15135.50623 -8662.61944 584.14437
v -15259.36054 -8636.49381 674.84251
v -15409.05076 -8672.27353 580.82005
v -15228.47652 -8821.41512 1373.01679
v -15359.78820 -8875.71815 777.53371
v -15289.02102 -8944.98857 845.21109
v -15184.20790 -9006.80988 773.36348
v -15118.60380 -8903.60238 849.25705
v -15062.34928 -8817.24034 769.44880
v -15087.09905 -8702.13929 853.03368
v -15203.40741 -8697.54915 765.81675
v -15314.84048 -8669.77835 856.51488
v -15376.04194 -8769.84334 762.49243
v -15237.68802 -8821.41512 1554.68917
v -15290.08963 -8881.83519 959.20608
v -15240.07127 -8943.61359 1026.88347
v -15157.93540 -8925.61919 955.03586
v -15135.11674 -8850.37201 1030.92942
v -15097.50249 -8772.27395 951.12118
v -15170.36771 -8726.25688 1034.70605
v -15241.94899 -8723.43747 947.48912
v -15328.83137 -8736.53461 1038.18725
v -15317.97407 -8824.01783 944.16480
v 17904.64316 -3939.99103 -83.41745
v 17916.28946 -3956.02078 -83.41745
v 17935.13356 -3949.89796 -83.41745
v 17935.13356 -3930.08410 -83.41745
v 17916.28946 -3923.96128 -83.41745
v 17904.64316 -3939.99103 790.91888
v 17916.28946 -3956.02078 790.91888
v 17935.13356 -3949.89796 790.91888
v 17935.13356 -3930.08410 790.91888
v 17916.28946 -3923.96128 790.91888
v 17934.77618 -3939.99103 485.42788
v 17696.51341 -3864.23865 133.55106
v 17701.43364 -4026.19600 101.43757
v 17837.17556 -4094.59505 130.47468
v 17972.34349 -4192.34844 104.56417
v 18085.05215 -4070.59401 127.30326
v 18113.55005 -3935.32557 107.77493
v 18118.91224 -3765.99829 124.05873
v 17949.29020 -3756.40482 111.04762
v 17808.01220 -3754.01034 120.76352
v 17948.67118 -3939.99103 604.46403
v 17693.34389 -3945.74676 252.58721
v 17795.53315 -4051.22024 220.47372
v 17894.70178 -4118.12028 249.51083
v 18038.46220 -4131.27056 223.60032
v 18066.91281 -3988.80113 246.33941
v 18111.08061 -3865.52209 226.81108
v 18020.67354 -3757.74863 243.09488
v 17891.31165 -3790.89024 230.08377
v 17747.81896 -3801.56877 239.79967
v 17936.62318 -3939.99103 723.50018
v 17751.87606 -4006.80217 371.62336
v 17860.45014 -4052.42054 339.50987
v 17958.04752 -4119.66030 368.54698
v 18049.74702 -4042.01000 342.63647
v 18055.86176 -3936.47578 365.37556
v 18066.16062 -3812.01033 345.84723
v 17942.83656 -3797.23354 362.13103
v 17842.79164 -3811.54733 349.11993
v 17740.31766 -3879.36420 358.83583
v 17916.00236 -3939.99103 842.53633
v 17828.52292 -4022.39931 490.65951
v 17904.17714 -4056.61273 458.54602
v 18004.50532 -4075.17053 487.58313
v 18026.50419 -3975.01939 461.67263
v 18045.98224 -3890.82435 484.41171
v 17993.39610 -3807.28293 464.88338
v 17900.46832 -3837.10716 481.16718
v 17804.71584 -3847.27189 468.15608
v 17785.28113 -3943.68209 477.87198
v 17907.15726 -3939.99103 961.57248
v 17882.09682 -4012.87898 609.69566
v 17944.10422 -4050.06525 577.58217
v 18008.67343 -4009.07147 606.61929
v 18004.70131 -3937.65868 580.70878
v 18012.48220 -3859.19518 603.44786
v 17935.86909 -3842.60228 583.91953
v 17873.82647 -3862.51955 600.20333
v 17803.67410 -3900.80927 587.19223
v 17840.23738 -3972.17365 596.90813
v 17913.42859 -3939.99103 1080.60863
v 17912.37539 -4002.21301 728.73182
v 17968.43678 -4016.11281 696.61833
v 17983.77763 -3960.63730 725.65544
v 17987.30623 -3913.85695 699.74493
v 17963.13166 -3862.80034 722.48402
v 17909.37358 -3881.23457 702.95568
v 17858.73361 -3890.35023 719.23948
v 17840.48936 -3942.33758 706.22838
v 17876.92886 -3979.64365 715.94428
v -7221.18772 10250.19844 -581.90332
v -7210.88999 10236.02483 -581.90332
v -7194.22791 10241.43867 -581.90332
v -7194.22791 10258.95822 -581.90332
v -7210.88999 10264.37206 -581.90332
v -7221.18772 10250.19844 191.19068
v -7210.88999 10236.02483 191.19068
v -7194.22791 10241.43867 191.19068
v -7194.22791 10258.95822 191.19068
v -7210.88999 10264.37206 191.19068
v -7178.60401 10250.19844 -78.92650
v -7422.59748 10164.99651 -369.86778
v -7287.96944 10099.76239 -439.76064
v -7169.70561 10070.38456 -370.39115
v -7027.54614 10108.01644 -439.11728
v -7050.08600 10254.28494 -371.15339
v -7050.88269 10387.67995 -438.23748
v -7175.03959 10459.23047 -372.14922
v -7287.25116 10382.33073 -437.12734
v -7420.83102 10321.99030 -373.37176
v -7190.51220 10250.19844 26.32606
v -7348.55078 10124.10097 -264.61522
v -7225.88359 10118.23754 -334.50809
v -7106.23764 10087.26961 -265.13859
v -7044.17733 10196.12213 -333.86472
v -7075.92335 10301.68629 -265.90083
v -7110.33997 10427.29095 -332.98493
v -7236.42774 10397.66887 -266.89667
v -7329.31015 10347.87457 -331.87478
v -7405.44093 10244.80191 -268.11920
v -7212.20577 10250.19844 131.57862
v -7269.94061 10132.44139 -159.36266
v -7180.72910 10125.76394 -229.25553
v -7072.32857 10144.04776 -159.88604
v -7087.06419 10253.54041 -228.61217
v -7098.45617 10345.95224 -160.64828
v -7182.54436 10411.07818 -227.73237
v -7265.57990 10346.55998 -161.64411
v -7358.73764 10300.89599 -226.62223
v -7342.78887 10196.13695 -162.86665
v -7222.51085 10250.19844 236.83117
v -7219.88417 10157.43991 -54.11011
v -7139.54971 10141.97300 -124.00297
v -7086.82492 10210.59652 -54.63348
v -7118.75382 10284.95905 -123.35961
v -7140.92617 10371.37566 -55.39572
v -7228.79495 10359.28738 -122.47981
v -7287.01160 10314.04608 -56.39155
v -7346.71978 10246.13050 -121.36967
v -7280.16898 10184.46426 -57.61409
v -7216.18961 10250.19844 342.08373
v -7190.61412 10174.61263 51.14245
v -7120.12109 10182.18160 -18.75042
v -7125.78183 10252.60562 50.61908
v -7141.40308 10308.03173 -18.10705
v -7190.76785 10356.72831 49.85684
v -7244.99554 10312.84548 -17.22726
v -7299.55005 10281.02002 48.86101
v -7298.70529 10213.39604 -16.11711
v -7240.98586 10185.71709 47.63847
v -7204.86077 10250.19844 447.33629
v -7170.62778 10192.61400 156.39501
v -7135.72283 10226.95282 86.50214
v -7157.74741 10269.57882 155.87163
v -7170.77801 10316.32461 87.14550
v -7219.88869 10315.50921 155.10939
v -7249.51669 10284.25991 88.02530
v -7285.18553 10247.76540 154.11356
v -7250.11527 10211.05583 89.13544
v -7215.12760 10189.08801 152.89103
v -1713.10405 -13031.68469 -551.27215
v -1696.25052 -13054.88159 -551.27215
v -1668.98093 -13046.02116 -551.27215
v -1668.98093 -13017.34822 -551.27215
v -1696.25052 -13008.48779 -551.27215
v -1713.10405 -13031.68469 713.99350
v -1696.25052 -13054.88159 713.99350
v -1668.98093 -13046.02116 713.99350
v -1668.98093 -13017.34822 713.99350
v -1696.25052 -13008.48779 713.99350
v -1658.97411 -13031.68469 271.91273
v -1859.16821 -13347.00906 -223.96327
v -1638.10913 -13278.08529 -301.10005
v -1406.17026 -13255.57998 -220.43700
v -1366.62636 -13022.65600 -304.48679
v -1491.10622 -12856.20577 -217.19565
v -1633.27319 -12655.98646 -307.57716
v -1837.44805 -12789.97369 -214.26161
v -1969.76746 -12938.22142 -310.34979
v -2037.96984 -13170.00519 -211.65518
v -1700.14195 -13031.68469 444.17179
v -1726.19303 -13287.32402 -51.70421
v -1560.02142 -13240.38695 -128.84099
v -1375.57807 -13135.49168 -48.17794
v -1474.76281 -12946.71981 -132.22773
v -1556.58021 -12786.70475 -44.93659
v -1752.14642 -12724.27618 -135.31810
v -1859.99973 -12896.21277 -42.00255
v -1998.68448 -13040.66354 -138.09073
v -1900.43307 -13220.04982 -39.39612
v -1721.07318 -13031.68469 616.43085
v -1650.75842 -13214.75749 120.55485
v -1489.68373 -13188.79706 43.41807
v -1437.83719 -13024.18307 124.08111
v -1548.50461 -12906.70733 40.03133
v -1649.13728 -12759.97767 127.32247
v -1805.48333 -12842.71199 36.94096
v -1883.60798 -12967.27751 130.25651
v -1949.02126 -13135.34078 34.16832
v -1782.17574 -13205.35555 132.86294
v -1709.45748 -13031.68469 788.68991
v -1603.60263 -13169.13500 292.81391
v -1470.35352 -13103.62031 215.67713
v -1532.06450 -12969.13661 296.34017
v -1602.60072 -12871.31212 212.29039
v -1734.68961 -12810.95956 299.58153
v -1809.86060 -12936.23564 209.20001
v -1894.33345 -13038.02534 302.51557
v -1844.10803 -13170.45893 206.42738
v -1710.67618 -13183.46257 305.12200
v -1685.47818 -13031.68469 960.94897
v -1567.74931 -13126.80645 465.07297
v -1520.00492 -13026.32453 387.93619
v -1600.22014 -12952.50762 468.59923
v -1664.44932 -12862.89099 384.54945
v -1768.62979 -12902.89202 471.84059
v -1807.51867 -12992.66894 381.45907
v -1855.21395 -13098.34684 474.77463
v -1751.76499 -13149.37295 378.68644
v -1659.97717 -13169.00043 477.38106
v -1674.51796 -13031.68469 1133.20803
v -1567.39117 -13071.40150 637.33203
v -1595.12182 -12994.11178 560.19524
v -1643.28721 -12946.70435 640.85829
v -1715.28611 -12905.29624 556.80851
v -1759.46987 -12976.15126 644.09965
v -1798.05228 -13035.26083 553.71813
v -1780.06621 -13113.57407 647.03369
v -1700.80393 -13116.35440 550.94550
v -1624.42248 -13135.07973 649.64012
v 11055.12746 9336.93916 -483.07778
v 11071.25095 9314.74708 -483.07778
v 11097.33930 9323.22370 -483.07778
v 11097.33930 9350.65462 -483.07778
v 11071.25095 9359.13124 -483.07778
v 11055.12746 9336.93916 727.38030
v 11071.25095 9314.74708 727.38030
v 11097.33930 9323.22370 727.38030
v 11097.33930 9350.65462 727.38030
v 11071.25095 9359.13124 727.38030
v 11065.86539 9336.93916 304.44917
v 11136.27127 9058.09881 -221.94015
v 11290.57768 9169.49648 -192.25035
v 11441.89748 9347.80651 -217.47525
v 11267.86395 9505.76601 -196.75888
v 11122.67976 9640.51587 -212.93088
v 10896.60701 9631.24054 -201.33122
v 10849.92157 9412.46522 -208.33848
v 10760.92711 9210.49511 -205.93574
v 10930.44720 9061.90023 -203.72980
v 11041.95127 9336.93916 469.24647
v 11189.51543 9157.59187 -57.14285
v 11350.18828 9247.42259 -27.45304
v 11341.45265 9441.94844 -52.67794
v 11178.71200 9523.64124 -31.96158
v 11015.28905 9640.22131 -48.13358
v 10881.59250 9492.04770 -36.53391
v 10846.98315 9329.80113 -43.54118
v 10842.67441 9126.37085 -41.13844
v 11046.59425 9116.71405 -38.93250
v 11054.27898 9336.93916 634.04377
v 11226.60879 9220.44159 107.65446
v 11346.33895 9345.45010 137.34426
v 11225.00231 9468.05273 112.11936
v 11108.65533 9546.98272 132.83573
v 10939.88199 9560.27303 116.66373
v 10907.64095 9393.03680 128.26339
v 10855.82525 9247.80182 121.25613
v 10963.76474 9122.85303 123.65887
v 11115.08166 9161.95054 125.86481
v 11082.42223 9336.93916 798.84108
v 11257.50203 9278.32736 272.45176
v 11270.22758 9413.92480 302.14157
v 11146.99214 9465.14165 276.91666
v 11035.50829 9541.23900 297.63303
v 10932.49176 9451.50402 281.46103
v 10925.45630 9331.93483 293.06069
v 10914.96841 9190.38259 286.05343
v 11055.35559 9175.12855 288.45617
v 11169.15167 9191.08800 290.66211
v 11097.31456 9336.93916 963.63838
v 11247.90815 9342.63969 437.24907
v 11178.11393 9426.43633 466.93887
v 11096.43418 9463.64631 441.71397
v 10987.75228 9482.51781 462.43034
v 10964.89700 9373.99895 446.25833
v 10943.68096 9282.68439 457.85800
v 11001.78414 9193.17312 450.85074
v 11101.93648 9225.80070 453.25348
v 11205.75616 9237.22366 455.45942
v 11090.90727 9336.93916 1128.43569
v 11190.22156 9382.04853 602.04637
v 11117.23403 9409.79920 631.73617
v 11055.13391 9446.87272 606.51127
v 10991.33525 9405.05787 627.22764
v 10995.38288 9334.06652 611.05564
v 10988.13024 9255.66054 622.65530
v 11064.81321 9240.06699 615.64804
v 11126.66059 9259.74573 618.05078
v 11196.17452 9298.64726 620.25672
v -15436.66192 637.76799 -520.02811
v -15426.86276 624.28060 -520.02811
v -15411.00739 629.43232 -520.02811
v -15411.00739 646.10365 -520.02811
v -15426.86276 651.25537 -520.02811
v -15436.66192 637.76799 215.63582
v -15426.86276 624.28060 215.63582
v -15411.00739 629.43232 215.63582
v -15411.00739 646.10365 215.63582
v -15426.86276 651.25537 215.63582
v -15448.04426 637.76799 -41.40339
v -15306.37740 546.46877 -384.00395
v -15222.26548 644.12917 -319.65565
v -15274.71494 769.97740 -383.12192
v -15401.36807 784.63678 -320.64746
v -15536.84606 822.07876 -382.02206
v -15589.20730 692.52123 -321.85348
v -15573.01708 577.49735 -380.71196
v -15527.00943 442.66058 -323.26538
v -15390.56664 485.26819 -379.20069
v -15439.81349 637.76799 58.75327
v -15294.10062 595.74076 -283.84729
v -15244.20999 709.33576 -219.49900
v -15356.03870 762.06288 -282.96527
v -15453.77425 786.61147 -220.49080
v -15570.67600 754.07971 -281.86540
v -15551.28159 633.55530 -221.69682
v -15550.47416 523.03341 -280.55531
v -15447.08915 465.43395 -223.10873
v -15354.81641 528.94816 -279.04404
v -15419.54728 637.76799 158.90992
v -15283.04185 642.45899 -183.69063
v -15308.62291 740.02276 -119.34234
v -15407.36127 744.35850 -182.80861
v -15504.24253 768.98731 -120.33414
v -15553.12139 680.40035 -181.70875
v -15527.65211 595.43205 -121.54017
v -15499.00219 494.29388 -180.39865
v -15397.46421 519.33224 -122.95207
v -15322.35151 559.33254 -178.88738
v -15407.81807 637.76799 259.06658
v -15300.20787 687.12053 -83.53398
v -15373.54436 729.72726 -19.18569
v -15443.14037 735.12951 -82.65195
v -15527.57288 719.93327 -20.17749
v -15515.33055 634.55748 -81.55209
v -15506.47868 562.18780 -21.38351
v -15440.15935 512.28835 -80.24199
v -15375.69203 562.83369 -22.79541
v -15302.89062 598.86554 -78.73073
v -15411.97991 637.76799 359.22324
v -15346.95466 705.85258 16.62268
v -15412.82991 706.73085 80.97097
v -15472.77342 718.14781 17.50470
v -15511.24023 666.54979 79.97917
v -15487.49402 611.45608 18.60456
v -15470.55883 547.21660 78.77315
v -15405.27187 557.04267 19.91466
v -15361.94745 590.53202 77.36124
v -15318.10811 641.47452 21.42593
v -15422.56047 637.76799 459.37989
v -15393.26103 692.92450 116.77933
v -15433.59068 689.64830 181.12763
v -15481.86501 684.01860 117.66136
v -15477.47473 635.76356 180.13582
v -15466.85004 597.69471 118.76122
v -15432.62461 564.78088 178.92980
v -15395.70316 595.06047 120.07132
v -15358.22437 616.99822 177.51790
v -15359.47561 663.33544 121.58259
v 11553.59794 -11515.42480 -251.37590
v 11566.13236 -11532.67695 -251.37590
v 11586.41348 -11526.08722 -251.37590
v 11586.41348 -11504.76239 -251.37590
v 11566.13236 -11498.17265 -251.37590
v 11553.59794 -11515.42480 689.63574
v 11566.13236 -11532.67695 689.63574
v 11586.41348 -11526.08722 689.63574
v 11586.41348 -11504.76239 689.63574
v 11566.13236 -11498.17265 689.63574
v 11546.19499 -11515.42480 360.84854
v 11770.69246 -11508.73156 -68.31798
v 11782.35558 -11326.27034 -2.45431
v 11600.90615 -11309.78810 -70.56983
v 11453.20501 -11325.19226 -0.32028
v 11307.81531 -11429.29832 -72.58236
v 11395.56577 -11586.34137 1.56725
v 11452.53166 -11738.93006 -74.34163
v 11624.75445 -11766.42384 3.19523
v 11720.39409 -11631.87379 -75.83550
v 11576.16272 -11515.42480 488.96217
v 11766.90748 -11436.64905 59.79565
v 11680.18962 -11311.62552 125.65932
v 11538.02636 -11356.55637 57.54380
v 11387.99766 -11371.76964 127.79336
v 11364.55614 -11522.58859 55.53128
v 11444.60027 -11629.82111 129.68089
v 11537.51592 -11758.32240 53.77200
v 11668.45196 -11670.31782 131.30887
v 11754.20172 -11574.78009 52.27814
v 11594.59185 -11515.42480 617.07581
v 11724.38961 -11377.81313 187.90929
v 11594.23992 -11354.62517 253.77295
v 11489.45154 -11383.91210 185.65743
v 11373.94908 -11451.28854 255.90699
v 11437.50460 -11569.75090 183.64491
v 11489.14456 -11670.98207 257.79452
v 11612.91758 -11708.59832 181.88563
v 11680.29449 -11600.13520 259.42250
v 11767.63099 -11508.46813 180.39177
v 11588.92579 -11515.42480 745.18944
v 11649.65358 -11368.34602 316.02292
v 11547.86967 -11403.96967 381.88659
v 11449.29142 -11420.05951 313.77107
v 11419.10480 -11520.98797 384.02062
v 11486.54008 -11592.37291 311.75854
v 11548.63590 -11681.64339 385.90816
v 11643.50719 -11629.89076 309.99927
v 11691.32687 -11554.08004 387.53613
v 11730.14230 -11451.14406 308.50540
v 11571.59583 -11515.42480 873.30307
v 11586.89361 -11405.62779 444.13655
v 11521.61545 -11435.64933 510.00022
v 11444.51796 -11474.43417 441.88470
v 11481.22362 -11552.25416 512.13426
v 11522.12641 -11609.28667 439.87218
v 11599.25823 -11643.34979 514.02179
v 11642.40899 -11570.35972 438.11290
v 11691.56874 -11510.94512 515.64977
v 11661.26701 -11434.41286 436.61904
v 11561.95203 -11515.42480 1001.41671
v 11557.77085 -11450.79413 572.25019
v 11506.38646 -11464.72284 638.11385
v 11481.58913 -11518.87920 569.99833
v 11524.59788 -11558.16044 640.24789
v 11559.30369 -11606.13145 567.98581
v 11614.85577 -11583.90953 642.13542
v 11635.68289 -11535.96213 566.22653
v 11660.74794 -11479.11057 643.76340
v 11604.99439 -11452.36314 564.73267
v -844.23085 17694.18461 12.37608
v -826.23935 17669.42144 12.37608
v -797.12849 17678.88013 12.37608
v -797.12849 17709.48909 12.37608
v -826.23935 17718.94778 12.37608
v -844.23085 17694.18461 1363.07350
v -826.23935 17669.42144 1363.07350
v -797.12849 17678.88013 1363.07350
v -797.12849 17709.48909 1363.07350
v -826.23935 17718.94778 1363.07350
v -810.87624 17694.18461 891.14308
v -559.68674 17927.22180 330.84016
v -765.28607 18072.26060 314.85388
v -960.64420 17921.85412 325.72797
v -1185.07128 17813.15078 319.98488
v -1135.96591 17565.57759 320.58704
v -950.82159 17444.39100 325.12686
v -733.62266 17297.46423 315.45291
v -580.12902 17508.41491 330.24424
v -501.09898 17705.44545 310.36111
v -779.50625 17694.18461 1075.03321
v -655.32912 18001.61791 514.73029
v -875.74855 17962.94442 498.74401
v -1025.37987 17855.54819 509.61810
v -1169.93905 17681.36419 503.87501
v -1000.11286 17529.88039 504.47717
v -859.23637 17398.88060 509.01699
v -640.58192 17410.90932 499.34305
v -596.39947 17622.49324 514.13438
v -510.72854 17818.95429 494.25124
v -788.13076 17694.18461 1258.92334
v -778.38679 17982.56719 698.62042
v -924.25421 17862.99228 682.63414
v -1076.57005 17777.43432 693.50823
v -1065.63552 17593.50286 687.76514
v -912.02530 17516.66040 688.36730
v -756.46108 17407.22936 692.90712
v -631.62453 17549.15862 683.23318
v -598.52332 17702.39662 698.02451
v -596.48455 17894.80160 678.14137
v -818.45431 17694.18461 1442.81347
v -861.19666 17893.17654 882.51055
v -954.92077 17800.26256 866.52428
v -1063.51884 17684.78401 877.39836
v -951.17270 17573.62978 871.65527
v -844.67730 17500.98627 872.25743
v -690.13822 17490.79278 876.79725
v -661.65611 17643.90924 867.12331
v -614.25572 17777.38689 881.91464
v -714.74130 17890.35261 862.03150
v -837.69295 17694.18461 1626.70360
v -888.49721 17805.61835 1066.40068
v -975.16250 17744.43701 1050.41441
v -984.57535 17626.12284 1061.28849
v -877.23111 17581.98191 1055.54541
v -779.49105 17515.90218 1056.14756
v -690.69105 17595.45455 1060.68738
v -684.46734 17699.43394 1051.01344
v -676.39491 17822.97598 1065.80477
v -799.03117 17834.94776 1045.92163
v -833.22494 17694.18461 1810.59373
v -892.18563 17751.36932 1250.29081
v -954.51889 17688.70568 1234.30454
v -897.54339 17621.97784 1245.17862
v -832.01915 17591.90657 1239.43554
v -744.56101 17577.71650 1240.03769
v -726.94180 17665.06514 1244.57751
v -709.78055 17738.65120 1234.90357
v -757.45190 17809.88720 1249.69490
v -837.64437 17783.38415 1229.81177
v -11753.14834 -14060.74235 498.67933
v -11739.62234 -14079.35928 498.67933
v -11717.73683 -14072.24825 498.67933
v -11717.73683 -14049.23646 498.67933
v -11739.62234 -14042.12542 498.67933
v -11753.14834 -14060.74235 1514.13243
v -11739.62234 -14079.35928 1514.13243
v -11717.73683 -14072.24825 1514.13243
v -11717.73683 -14049.23646 1514.13243
v -11739.62234 -14042.12542 1514.13243
v -11700.06539 -14060.74235 1159.33556
v -11692.36992 -13762.23981 773.57584
v -11860.22115 -13859.16833 689.51463
v -11950.06776 -13990.98724 771.85271
v -12015.95208 -14175.63942 691.38019
v -11832.78891 -14248.45196 769.84796
v -11679.26333 -14313.19623 693.52066
v -11504.93481 -14238.47053 767.57546
v -11531.82624 -14053.20036 695.92125
v -11520.47054 -13867.91262 765.05093
v -11706.91890 -14060.74235 1297.58400
v -11788.09468 -13808.45255 911.82428
v -11873.23083 -13952.39117 827.76306
v -11974.07971 -14069.95829 910.10114
v -11909.05293 -14219.82648 829.62862
v -11757.75230 -14237.12567 908.09639
v -11594.91650 -14280.97311 831.76909
v -11534.09278 -14124.80992 905.82389
v -11553.11158 -13987.11771 834.16969
v -11609.90934 -13826.24791 903.29936
v -11733.81244 -14060.74235 1435.83243
v -11833.08930 -13903.00665 1050.07271
v -11884.55749 -14012.40602 966.01150
v -11941.73742 -14145.89587 1048.34957
v -11810.14024 -14206.25951 967.87705
v -11695.67526 -14235.32029 1046.34482
v -11559.48321 -14195.54725 970.01753
v -11583.07093 -14054.83447 1044.07232
v -11584.20924 -13925.07927 972.41812
v -11706.16876 -13859.43100 1041.54779
v -11752.33293 -14060.74235 1574.08086
v -11833.86872 -13983.22941 1188.32114
v -11892.00726 -14067.10982 1104.25993
v -11861.48389 -14177.13805 1186.59801
v -11749.91318 -14181.61799 1106.12549
v -11639.78472 -14209.09278 1184.59326
v -11585.77731 -14107.90587 1108.26596
v -11614.45396 -14011.88434 1182.32076
v -11647.91329 -13897.57376 1110.66655
v -11762.69164 -13927.21036 1179.79623
v -11749.26146 -14060.74235 1712.32930
v -11826.58023 -14031.15842 1326.56958
v -11865.26603 -14114.90121 1242.50836
v -11785.52718 -14159.93108 1324.84644
v -11710.52557 -14165.96353 1244.37392
v -11619.70346 -14148.57651 1322.84169
v -11633.68937 -14056.63455 1246.51440
v -11643.19900 -13978.34930 1320.56919
v -11715.42943 -13925.56992 1248.91499
v -11784.56529 -13980.25224 1318.04466
v -11735.22496 -14060.74235 1850.57773
v -11817.47286 -14064.27129 1464.81801
v -11808.10257 -14128.81724 1380.75680
v -11742.71043 -14129.29948 1463.09487
v -11682.90388 -14140.55839 1382.62235
v -11645.39886 -14088.69850 1461.09012
v -11669.00516 -14034.11803 1384.76283
v -11686.29540 -13970.27521 1458.81763
v -11751.14643 -13980.87202 1387.16342
v -11794.26273 -14014.01961 1456.29309
v 12346.13774 1663.00225 -560.25604
v 12355.62251 1649.94759 -560.25604
v 12370.96918 1654.93403 -560.25604
v 12370.96918 1671.07047 -560.25604
v 12355.62251 1676.05691 -560.25604
v 12346.13774 1663.00225 151.80518
v 12355.62251 1649.94759 151.80518
v 12370.96918 1654.93403 151.80518
v 12370.96918 1671.07047 151.80518
v 12355.62251 1676.05691 151.80518
v 12381.39736 1663.00225 -96.98729
v 12248.60090 1839.35787 -369.97877
v 12223.86547 1706.54114 -425.24826
v 12179.90061 1589.38468 -368.58943
v 12270.76409 1493.66538 -426.53960
v 12390.37592 1522.44977 -367.39832
v 12526.09586 1534.28250 -427.62841
v 12528.99457 1669.64137 -366.41369
v 12476.41877 1768.86537 -428.50716
v 12388.75256 1875.21316 -365.64235
v 12359.66649 1663.00225 -0.04402
v 12237.82572 1757.31929 -273.03550
v 12228.86529 1657.73740 -328.30499
v 12222.29909 1537.82111 -271.64615
v 12341.64787 1528.24494 -329.59633
v 12438.81085 1538.12819 -270.45505
v 12533.33315 1607.64620 -330.68514
v 12475.10675 1710.27014 -269.47042
v 12437.42745 1810.74770 -331.56388
v 12324.06712 1827.16221 -268.69908
v 12343.83466 1663.00225 96.89926
v 12256.64922 1695.83322 -176.09222
v 12234.55993 1611.47063 -231.36171
v 12291.29802 1532.09768 -174.70288
v 12382.16493 1561.19164 -232.65305
v 12478.61162 1571.40579 -173.51177
v 12492.31422 1668.44936 -233.74186
v 12441.16237 1737.12066 -172.52714
v 12380.81296 1819.07069 -234.62061
v 12297.36742 1761.65262 -171.75580
v 12345.78679 1663.00225 193.84253
v 12272.36338 1659.32183 -79.14895
v 12265.52108 1576.82937 -134.41844
v 12346.59054 1563.40750 -77.75960
v 12411.66761 1581.40002 -135.70978
v 12482.87423 1624.00133 -76.56850
v 12442.79525 1697.19839 -136.79859
v 12410.69152 1760.26116 -75.58387
v 12333.56666 1782.52559 -137.67733
v 12292.11548 1715.15975 -74.81252
v 12358.25642 1663.00225 290.78581
v 12284.32052 1631.76963 17.79433
v 12314.43454 1575.87358 -37.47516
v 12374.39316 1597.26044 19.18367
v 12432.84128 1606.92815 -38.76650
v 12449.82684 1666.87040 20.37478
v 12410.02122 1708.90159 -39.85531
v 12372.89953 1761.51099 21.35941
v 12317.13391 1730.17355 -40.73406
v 12288.77098 1685.46964 22.13075
v 12366.53709 1663.00225 387.72908
v 12308.28356 1615.71148 114.73760
v 12352.02185 1603.30813 59.46811
v 12387.54476 1619.57856 116.12695
v 12429.37263 1641.10710 58.17677
v 12408.91420 1683.33504 117.31805
v 12386.66542 1714.52105 57.08796
v 12344.43036 1732.53046 118.30268
v 12321.19997 1692.65369 56.20922
v 12294.37331 1660.12502 119.07403
v -10919.86276 7582.41888 -545.22814
v -10904.63116 7561.45438 -545.22814
v -10879.98591 7569.46210 -545.22814
v -10879.98591 7595.37565 -545.22814
v -10904.63116 7603.38337 -545.22814
v -10919.86276 7582.41888 598.27205
v -10904.63116 7561.45438 598.27205
v -10879.98591 7569.46210 598.27205
v -10879.98591 7595.37565 598.27205
v -10904.63116 7603.38337 598.27205
v -10898.18522 7582.41888 198.73584
v -11169.75096 7668.91575 -283.92643
v -11122.14886 7490.16297 -285.17683
v -11057.48556 7277.58893 -279.57501
v -10843.98831 7336.66103 -289.51855
v -10681.39390 7415.47790 -275.25049
v -10561.22124 7596.26172 -293.81840
v -10727.52050 7737.67804 -270.98276
v -10856.74829 7888.39918 -298.04663
v -11064.17619 7845.01086 -266.80135
v -10928.17804 7582.41888 354.41719
v -11102.76960 7573.79836 -128.24508
v -11087.28177 7409.36422 -129.49548
v -10934.79305 7304.99916 -123.89366
v -10792.02651 7415.77081 -133.83720
v -10627.07211 7496.57713 -119.56914
v -10665.71592 7678.12543 -138.13705
v -10801.31635 7767.07907 -115.30141
v -10961.90356 7873.68374 -142.36528
v -11073.07254 7717.34043 -111.11999
v -10925.36695 7582.41888 510.09854
v -11056.19570 7516.94012 27.43627
v -11013.42066 7360.70955 26.18587
v -10855.39098 7390.43504 31.78769
v -10747.83797 7467.17618 21.84415
v -10645.53007 7593.26665 36.11221
v -10768.31954 7700.92592 17.54430
v -10869.64860 7795.30751 40.37994
v -11026.36063 7784.48345 13.31607
v -11057.35439 7632.83627 44.56136
v -10901.12343 7582.41888 665.77989
v -11021.64212 7468.89431 183.11763
v -10924.12182 7382.21156 181.86722
v -10823.44693 7465.74751 187.46904
v -10717.42994 7525.59620 177.52550
v -10726.87948 7653.27894 191.79356
v -10833.33867 7706.36741 173.22565
v -10942.07076 7781.76754 196.06129
v -11027.63964 7681.97741 168.99742
v -11050.89102 7575.69394 200.24271
v -10882.94309 7582.41888 821.46125
v -10969.68882 7443.95153 338.79898
v -10868.61003 7451.41188 337.54857
v -10806.65550 7512.64088 343.15039
v -10735.51663 7589.70128 333.20685
v -10810.64182 7662.49602 347.47491
v -10881.07542 7710.79804 328.90701
v -10983.29165 7716.22709 351.74264
v -11001.45732 7614.95844 324.67878
v -11032.77152 7526.32911 355.92406
v -10884.37976 7582.41888 977.14260
v -10912.74468 7467.14412 494.48033
v -10854.59674 7514.89227 493.22993
v -10801.58057 7552.30118 498.83174
v -10796.86970 7624.48694 488.88820
v -10862.25431 7651.09720 503.15627
v -10922.18332 7691.21510 484.58836
v -10975.70157 7641.91560 507.42399
v -10979.55828 7578.67480 480.36013
v -10983.81772 7503.27667 511.60541
v 3117.08224 -13968.00366 -457.28088
v 3134.53295 -13992.02251 -457.28088
v 3162.76879 -13982.84812 -457.28088
v 3162.76879 -13953.15920 -457.28088
v 3134.53295 -13943.98482 -457.28088
v 3117.08224 -13968.00366 852.81742
v 3134.53295 -13992.02251 852.81742
v 3162.76879 -13982.84812 852.81742
v 3162.76879 -13953.15920 852.81742
v 3134.53295 -13943.98482 852.81742
v 3102.26611 -13968.00366 395.07223
v 2892.12146 -14071.45228 -208.13550
v 2985.74735 -14268.32403 -107.99502
v 3222.05318 -14328.70993 -205.30449
v 3348.93406 -14126.74857 -110.99434
v 3516.88786 -13951.89897 -202.14204
v 3386.80510 -13744.28776 -114.31446
v 3178.41419 -13695.36684 -198.67001
v 2931.05343 -13635.86940 -117.93239
v 2863.97593 -13880.03396 -194.91242
v 3105.11574 -13968.00366 573.43501
v 2971.65499 -14124.49040 -29.77272
v 3098.33087 -14302.96798 70.36776
v 3285.13800 -14192.02171 -26.94171
v 3386.09460 -14044.78726 67.36844
v 3457.52968 -13837.34626 -23.77926
v 3251.79911 -13757.58956 64.04832
v 3079.45892 -13684.74268 -20.30723
v 2885.56694 -13771.08782 60.43039
v 2916.48816 -13977.92595 -16.54964
v 3137.72445 -13968.00366 751.79779
v 3034.29722 -14176.15894 148.59006
v 3203.68464 -14243.15361 248.73055
v 3295.72355 -14085.40757 151.42107
v 3406.10763 -13956.16848 245.73122
v 3332.59207 -13793.24459 154.58352
v 3167.56384 -13774.58572 242.41111
v 2988.87402 -13727.75465 158.05555
v 2924.42669 -13899.58556 238.79317
v 2944.81308 -14050.10002 161.81314
v 3164.14722 -13968.00366 930.16057
v 3112.96824 -14194.83273 326.95284
v 3248.42460 -14133.74380 427.09333
v 3302.96793 -14018.27267 329.78385
v 3362.20128 -13876.38121 424.09400
v 3222.14257 -13813.89452 332.94630
v 3100.85817 -13782.78091 420.77389
v 2957.35555 -13826.69023 336.41833
v 2983.24749 -13975.29082 417.15595
v 2984.67708 -14113.09443 340.17592
v 3163.71271 -13968.00366 1108.52335
v 3182.90581 -14148.37121 505.31562
v 3243.74179 -14045.32005 605.45611
v 3302.54935 -13960.51511 508.14663
v 3270.21937 -13850.09590 602.45678
v 3158.01812 -13845.99766 511.30908
v 3046.60114 -13818.74282 599.13667
v 2993.52827 -13921.58687 514.78111
v 3022.25607 -14018.17592 595.51873
v 3057.01248 -14133.14841 518.53870
v 3146.69873 -13968.00366 1286.88613
v 3205.88672 -14066.87965 683.67840
v 3229.10948 -13994.98096 783.81889
v 3264.53063 -13916.81467 686.50941
v 3189.85082 -13875.83056 780.81956
v 3120.20479 -13870.03121 689.67186
v 3036.04737 -13887.11948 777.49945
v 3049.75913 -13972.41757 693.14389
v 3058.56991 -14045.38218 773.88151
v 3126.33294 -14093.45131 696.90148
v 7735.40891 13527.10207 -486.03252
v 7746.40919 13511.96148 -486.03252
v 7764.20801 13517.74467 -486.03252
v 7764.20801 13536.45946 -486.03252
v 7746.40919 13542.24265 -486.03252
v 7735.40891 13527.10207 339.80455
v 7746.40919 13511.96148 339.80455
v 7764.20801 13517.74467 339.80455
v 7764.20801 13536.45946 339.80455
v 7746.40919 13542.24265 339.80455
v 7724.29757 13527.10207 51.25907
v 7673.85855 13377.84416 -331.22486
v 7804.72085 13287.63252 -262.10884
v 7904.53187 13409.83838 -332.43905
v 7936.73956 13535.42132 -261.01630
v 7933.81512 13694.72540 -333.40804
v 7773.60563 13697.90387 -260.17252
v 7637.89558 13704.68339 -334.12515
v 7527.12512 13597.49603 -259.58333
v 7599.72641 13464.09206 -334.58541
v 7747.89951 13527.10207 163.69231
v 7728.94158 13354.19666 -218.79162
v 7864.31054 13350.59079 -149.67560
v 7888.37350 13484.21423 -220.00581
v 7932.51462 13602.60644 -148.58306
v 7839.64345 13697.64331 -220.97480
v 7719.64029 13668.60531 -147.73928
v 7582.91506 13655.75868 -221.69191
v 7581.71101 13519.33268 -147.15009
v 7634.31630 13419.41840 -222.15217
v 7768.08151 13527.10207 276.12555
v 7789.88146 13355.69705 -106.35838
v 7871.53054 13435.45365 -37.24236
v 7880.47283 13533.13846 -107.57257
v 7885.84042 13651.12228 -36.14982
v 7768.32214 13659.32005 -108.54156
v 7672.61385 13649.82537 -35.30604
v 7580.63404 13580.34551 -109.25867
v 7638.45612 13479.94167 -34.71685
v 7675.78347 13380.88535 -109.71893
v 7768.57128 13527.10207 388.55879
v 7831.95882 13401.65061 6.07486
v 7849.55319 13496.56431 75.19088
v 7870.65742 13577.09097 4.86067
v 7815.61771 13651.81820 76.28342
v 7729.46415 13623.88890 3.89167
v 7637.49978 13613.72334 77.12720
v 7625.73058 13521.11384 3.17457
v 7674.21535 13455.86999 77.71639
v 7732.35311 13378.36368 2.71431
v 7755.14545 13527.10207 500.99203
v 7833.23821 13464.89145 118.50810
v 7830.75376 13530.96324 187.62412
v 7836.41613 13605.84756 117.29391
v 7762.72856 13617.12908 188.71666
v 7703.73674 13600.99789 116.32491
v 7639.68383 13561.69782 189.56044
v 7676.55055 13495.69406 115.60781
v 7705.68762 13438.35826 190.14963
v 7775.81532 13419.17709 115.14755
v 7744.59355 13527.10207 613.42527
v 7809.28230 13509.20310 230.94134
v 7814.48982 13553.70020 300.05736
v 7788.74278 13600.01693 229.72715
v 7738.84437 13581.88942 301.14990
v 7689.88611 13573.67749 228.75815
v 7676.42015 13523.39032 301.99368
v 7709.61150 13488.42187 228.04105
v 7740.96344 13444.62791 302.58287
v 7787.26694 13471.41517 227.58079
v -15481.29463 -4933.95670 -279.18496
v -15470.46827 -4948.85791 -279.18496
v -15452.95084 -4943.16615 -279.18496
v -15452.95084 -4924.74724 -279.18496
v -15470.46827 -4919.05548 -279.18496
v -15481.29463 -4933.95670 533.59581
v -15470.46827 -4948.85791 533.59581
v -15452.95084 -4943.16615 533.59581
v -15452.95084 -4924.74724 533.59581
v -15470.46827 -4919.05548 533.59581
v -15469.51475 -4933.95670 249.61217
v -15422.24616 -5126.82521 -98.05174
v -15276.66044 -5078.03470 -86.67227
v -15302.98310 -4926.35450 -101.09940
v -15301.99830 -4783.09098 -83.64956
v -15437.86710 -4717.97373 -104.09193
v -15554.39457 -4795.55959 -80.69239
v -15695.02818 -4862.40125 -107.00862
v -15643.26847 -5008.17901 -77.82122
v -15548.39122 -5094.14657 -109.82931
v -15446.18150 -4933.95670 360.26786
v -15355.37161 -5105.50102 12.60396
v -15298.09029 -4986.04330 23.98342
v -15327.21900 -4875.97534 9.55629
v -15368.32439 -4745.19746 27.00613
v -15499.72111 -4783.03171 6.56377
v -15600.29604 -4831.47620 29.96330
v -15672.93146 -4943.84052 3.64707
v -15569.92522 -5030.30074 32.83447
v -15489.80134 -5123.44868 0.82639
v -15444.94788 -4933.95670 470.92356
v -15323.20174 -5042.12891 123.25965
v -15342.41181 -4927.96673 134.63912
v -15351.75141 -4828.56919 120.21199
v -15444.48751 -4767.01777 137.66183
v -15530.06010 -4833.91098 117.21946
v -15629.48394 -4883.18167 140.61899
v -15604.65896 -4992.35253 114.30277
v -15523.20730 -5045.91585 143.49017
v -15425.83819 -5109.32409 111.48208
v -15460.81960 -4933.95670 581.57925
v -15341.85551 -4972.18336 233.91535
v -15373.32827 -4895.08846 245.29481
v -15398.96849 -4804.04944 230.86768
v -15491.01833 -4822.52496 248.31752
v -15553.84367 -4867.08532 227.87516
v -15612.65105 -4941.24182 251.27469
v -15540.53089 -5003.40805 224.95846
v -15481.29879 -5058.65754 254.14586
v -15390.04903 -5051.06524 222.13778
v -15474.82868 -4933.95670 692.23495
v -15382.86017 -4929.77808 344.57104
v -15397.02333 -4870.22842 355.95051
v -15451.76770 -4822.84547 341.52338
v -15507.31730 -4869.48855 358.97322
v -15566.30567 -4902.96497 338.53085
v -15560.02921 -4973.81497 361.93038
v -15501.04704 -5003.14528 335.61416
v -15440.29096 -5044.66450 364.80156
v -15393.41233 -4988.59125 332.79347
v -15475.49542 -4933.95670 802.89064
v -15414.88058 -4912.47507 455.22674
v -15429.22413 -4862.68593 466.60620
v -15480.96693 -4867.21145 452.17907
v -15512.66680 -4898.43689 469.62891
v -15548.71880 -4938.22959 449.18655
v -15509.85430 -4975.11862 472.58608
v -15473.79826 -4999.97395 446.26985
v -15421.48366 -5002.07713 475.45725
v -15412.52353 -4950.24895 443.44917
v 16055.04904 -7429.42887 -274.34454
v 16072.38098 -7453.28424 -274.34454
v 16100.42465 -7444.17230 -274.34454
v 16100.42465 -7414.68544 -274.34454
v 16072.38098 -7405.57350 -274.34454
v 16055.04904 -7429.42887 1026.83713
v 16072.38098 -7453.28424 1026.83713
v 16100.42465 -7444.17230 1026.83713
v 16100.42465 -7414.68544 1026.83713
v 16072.38098 -7405.57350 1026.83713
v 16115.99569 -7429.42887 572.20739
v 16379.64200 -7656.90784 68.94359
v 16403.33593 -7413.71663 -20.26920
v 16283.25952 -7241.44147 65.58437
v 16129.33558 -7040.85994 -16.76149
v 15925.61315 -7189.50787 61.93422
v 15782.00081 -7337.04596 -12.97522
v 15727.21927 -7577.65791 58.01838
v 15960.36117 -7662.30972 -8.93658
v 16158.08796 -7773.01966 53.86393
v 16119.17383 -7429.42887 749.35622
v 16402.76061 -7529.07261 246.09242
v 16294.78218 -7339.03640 156.87963
v 16213.86817 -7168.79594 242.73320
v 16009.54745 -7119.66833 160.38734
v 15901.08637 -7293.70652 239.08305
v 15756.65058 -7445.45751 164.17361
v 15871.35597 -7623.00627 235.16721
v 16050.49164 -7665.27208 168.21225
v 16264.23135 -7714.69348 231.01276
v 16089.50935 -7429.42887 926.50505
v 16332.51254 -7416.68696 423.24125
v 16223.26895 -7296.46334 334.02846
v 16115.38607 -7146.78567 419.88203
v 15959.06351 -7242.21541 337.53617
v 15873.74329 -7365.89688 416.23188
v 15815.58323 -7541.12553 341.32244
v 15989.32708 -7606.80281 412.31604
v 16134.82688 -7668.42619 345.36108
v 16296.96321 -7593.47509 408.16159
v 16061.28053 -7429.42887 1103.65388
v 16236.47315 -7363.24707 600.39008
v 16167.38594 -7258.59828 511.17729
v 16028.75055 -7205.87006 597.03086
v 15954.61549 -7334.65203 514.68501
v 15864.61372 -7440.51157 593.38071
v 15926.46178 -7572.44696 518.47127
v 16060.57109 -7587.45763 589.46487
v 16206.65640 -7624.67861 522.50991
v 16257.48063 -7483.84019 585.31042
v 16058.19927 -7429.42887 1280.80271
v 16169.70344 -7345.91016 777.53891
v 16101.81600 -7252.89671 688.32612
v 15997.24194 -7301.77599 774.17969
v 15954.85833 -7391.12234 691.83384
v 15909.91766 -7501.67106 770.52954
v 16019.16647 -7549.06654 695.62011
v 16113.38160 -7573.47965 766.61370
v 16224.20092 -7538.00327 699.65874
v 16203.41040 -7422.97400 762.45926
v 16073.67133 -7429.42887 1457.95154
v 16126.10821 -7338.99748 954.68774
v 16050.29040 -7300.69131 865.47495
v 16007.37900 -7374.70657 951.32853
v 15965.17458 -7435.55575 868.98267
v 15989.41577 -7514.17368 947.67838
v 16069.48066 -7516.81813 872.76894
v 16149.46523 -7535.98563 943.76254
v 16186.44605 -7461.82927 876.80757
v 16166.03083 -7392.87709 939.60809
v -7127.54027 16977.48997 -305.08127
v -7112.09710 16956.23427 -305.08127
v -7087.10953 16964.35322 -305.08127
v -7087.10953 16990.62671 -305.08127
v -7112.09710 16998.74566 -305.08127
v -7127.54027 16977.48997 854.30237
v -7112.09710 16956.23427 854.30237
v -7087.10953 16964.35322 854.30237
v -7087.10953 16990.62671 854.30237
v -7112.09710 16998.74566 854.30237
v -7065.11336 16977.48997 449.21652
v -6759.00947 16994.96759 11.08445
v -6930.02339 17140.20985 -91.04571
v -7067.97139 17275.88976 12.19736
v -7282.28830 17251.34351 -91.98004
v -7325.61593 17045.34275 12.95149
v -7411.47854 16848.17044 -92.55268
v -7238.37339 16717.33755 13.34164
v -7050.75746 16739.63561 -92.75966
v -6827.25452 16767.21398 13.36509
v -7095.33680 16977.48997 607.06032
v -6860.65264 17081.00703 168.92824
v -7011.80868 17160.31861 66.79808
v -7172.23460 17269.19510 170.04115
v -7292.15757 17118.66757 65.86375
v -7331.81303 16965.83626 170.79529
v -7326.08440 16771.90830 65.29112
v -7130.91347 16769.68154 171.18543
v -6965.08347 16761.27938 65.08414
v -6832.04262 16893.68693 171.20889
v -7125.65877 16977.48997 764.90411
v -6970.37419 17103.19644 326.77204
v -7079.79883 17184.20903 224.64188
v -7240.82726 17186.37367 327.88495
v -7268.49371 17027.42518 223.70755
v -7320.87705 16885.94864 328.63908
v -7208.67695 16774.41062 223.13491
v -7066.30708 16809.02998 329.02923
v -6903.45365 16825.45517 222.92793
v -6904.05114 16988.02166 329.05269
v -7130.19866 16977.48997 922.74791
v -7041.90627 17101.96538 484.61583
v -7150.98511 17175.04800 382.48568
v -7243.88178 17081.80851 485.72874
v -7254.34585 16969.54046 381.55134
v -7259.25916 16833.56321 486.48288
v -7123.71444 16825.51237 380.97871
v -7013.25754 16836.19972 486.87303
v -6908.43150 16917.52535 380.77173
v -6975.67338 17032.60239 486.89648
v -7113.18232 16977.48997 1080.59170
v -7090.12464 17102.06808 642.45963
v -7194.46918 17114.42027 540.32947
v -7212.93702 17010.21691 643.57254
v -7236.16772 16921.61185 539.39514
v -7174.65488 16840.54299 644.32668
v -7080.50125 16871.42958 538.82250
v -6979.43272 16883.08303 644.71682
v -6967.91583 16984.93490 538.61553
v -7020.88334 17056.39534 644.74028
v -7097.33407 16977.48997 1238.43550
v -7130.15718 17084.28841 800.30343
v -7188.17141 17039.66273 698.17327
v -7185.63559 16973.05176 801.41634
v -7190.80651 16897.20983 697.23894
v -7116.08561 16886.69081 802.17047
v -7056.41079 16902.82661 696.66630
v -6992.13735 16943.26637 802.56062
v -7029.95570 17009.67023 696.45932
v -7059.47081 17067.83476 802.58407
v -4182.40754 -11589.78734 -569.58859
v -4172.87109 -11602.91314 -569.58859
v -4157.44078 -11597.89953 -569.58859
v -4157.44078 -11581.67514 -569.58859
v -4172.87109 -11576.66153 -569.58859
v -4182.40754 -11589.78734 146.35319
v -4172.87109 -11602.91314 146.35319
v -4157.44078 -11597.89953 146.35319
v -4157.44078 -11581.67514 146.35319
v -4172.87109 -11576.66153 146.35319
v -4161.59591 -11589.78734 -103.79514
v -4030.43516 -11460.95298 -396.81854
v -4150.79994 -11444.82345 -415.88236
v -4284.57201 -11411.19716 -394.22758
v -4327.99529 -11541.04894 -418.43586
v -4317.21412 -11652.85930 -391.71595
v -4266.07755 -11781.06306 -420.90128
v -4135.10242 -11734.93983 -389.30101
v -4022.22925 -11700.10123 -423.26155
v -3965.61903 -11579.15889 -386.99948
v -4183.51253 -11589.78734 -6.32355
v -4107.76768 -11470.12272 -299.34695
v -4202.85758 -11442.02639 -318.41077
v -4313.56043 -11480.75790 -296.75599
v -4292.79455 -11596.40619 -320.96427
v -4293.30105 -11706.27398 -294.24435
v -4188.68954 -11754.56018 -323.42968
v -4099.93711 -11695.32358 -291.82942
v -3992.62804 -11643.41871 -325.78996
v -4033.63325 -11532.35341 -289.52789
v -4187.42409 -11589.78734 91.14804
v -4155.99079 -11485.47271 -201.87535
v -4251.95043 -11461.95872 -220.93917
v -4293.55695 -11551.83471 -199.28439
v -4271.98593 -11633.89173 -223.49268
v -4240.37385 -11731.27545 -196.77276
v -4142.48631 -11701.99274 -225.95809
v -4067.16704 -11665.93808 -194.35783
v -4014.05417 -11581.40540 -228.31836
v -4091.27669 -11517.41266 -192.05630
v -4174.92135 -11589.78734 188.61963
v -4191.17869 -11493.22981 -104.40376
v -4271.98133 -11512.33422 -123.46758
v -4257.45487 -11594.68918 -101.81280
v -4250.69047 -11666.75598 -126.02109
v -4183.06240 -11710.26623 -99.30117
v -4121.54065 -11661.82674 -128.48650
v -4049.67445 -11625.79046 -96.88624
v -4068.72348 -11547.06448 -130.84677
v -4127.40477 -11508.37116 -94.58471
v -4161.87105 -11589.78734 286.09122
v -4220.10522 -11511.12274 -6.93217
v -4253.70556 -11564.11277 -25.99599
v -4232.08298 -11617.00841 -4.34121
v -4213.95307 -11679.60306 -28.54950
v -4150.68908 -11666.10946 -1.82958
v -4107.37680 -11635.57387 -31.01491
v -4067.50553 -11584.11480 0.58535
v -4117.47985 -11541.75735 -33.37518
v -4158.34569 -11503.59418 2.88688
v -4159.80871 -11589.78734 383.56281
v -4227.36418 -11545.93450 90.53942
v -4220.94888 -11592.77322 71.47560
v -4212.02236 -11630.65041 93.13038
v -4176.92439 -11660.22374 68.92210
v -4141.91107 -11630.48120 95.64201
v -4104.42151 -11609.08656 66.45668
v -4109.05512 -11564.18381 98.05694
v -4146.38257 -11545.66783 64.09641
v -4185.16173 -11519.56056 100.35848
v 11884.25205 6256.14449 -568.71425
v 11897.55008 6237.84132 -568.71425
v 11919.06675 6244.83251 -568.71425
v 11919.06675 6267.45647 -568.71425
v 11897.55008 6274.44766 -568.71425
v 11884.25205 6256.14449 429.62502
v 11897.55008 6237.84132 429.62502
v 11919.06675 6244.83251 429.62502
v 11919.06675 6267.45647 429.62502
v 11897.55008 6274.44766 429.62502
v 11879.55021 6256.14449 80.80768
v 11929.38969 6470.24449 -370.51154
v 11770.41201 6460.26299 -311.29392
v 11624.68594 6340.83083 -367.56570
v 11719.73041 6177.74494 -314.33709
v 11779.48841 6011.66419 -364.43045
v 11963.95707 5996.42224 -317.55899
v 12065.26216 6134.70696 -361.12749
v 12198.60993 6272.14956 -320.93731
v 12075.54684 6417.17011 -357.67964
v 11872.55062 6256.14449 216.72616
v 11864.16219 6424.40665 -234.59306
v 11702.66129 6406.61948 -175.37544
v 11689.06800 6244.31428 -231.64722
v 11768.66402 6129.71430 -178.41862
v 11872.41458 5997.09940 -228.51197
v 12007.12133 6097.53558 -181.64051
v 12103.14524 6195.70687 -225.20901
v 12137.52699 6356.24607 -185.01883
v 11982.14552 6411.55760 -221.76116
v 11892.76662 6256.14449 352.64464
v 11811.20868 6397.11498 -98.67458
v 11693.36502 6319.54162 -39.45696
v 11764.53566 6196.55288 -95.72874
v 11817.32235 6085.46325 -42.50014
v 11950.61942 6055.41680 -92.59349
v 12020.59547 6168.57999 -45.72203
v 12114.30971 6267.97271 -89.29053
v 12038.03470 6382.53391 -49.10035
v 11921.82478 6410.10454 -85.84268
v 11915.51553 6256.14449 488.56312
v 11769.04048 6356.49362 37.24390
v 11745.14170 6247.11112 96.46152
v 11813.75141 6171.67616 40.18974
v 11882.44116 6077.84636 93.41834
v 11980.22974 6139.17414 43.32499
v 12034.14719 6216.86032 90.19645
v 12069.49424 6327.51359 46.62795
v 11959.80853 6367.93652 86.81813
v 11867.95708 6406.90209 50.07579
v 11920.52755 6256.14449 624.48160
v 11767.53987 6296.88600 173.16238
v 11810.29665 6215.97050 232.38000
v 11851.67145 6153.01801 176.10822
v 11935.12574 6122.53792 229.33682
v 11979.05305 6199.86462 179.24347
v 12033.02449 6263.65476 226.11493
v 11994.79266 6342.23245 182.54643
v 11914.62389 6351.12540 222.73660
v 11826.77626 6372.85911 185.99427
v 11909.98832 6256.14449 760.40008
v 11809.60529 6250.61243 309.08086
v 11854.26081 6209.62966 368.29848
v 11892.12985 6158.31950 312.02670
v 11949.60902 6186.13757 365.25530
v 11973.06788 6235.36744 315.16194
v 11997.32537 6296.69304 362.03341
v 11936.65592 6322.28012 318.46491
v 11884.53387 6335.91727 358.65508
v 11823.60551 6315.53798 321.91275
v -13738.81709 3614.63683 -403.25134
v -13720.80500 3589.84532 -403.25134
v -13691.66083 3599.31483 -403.25134
v -13691.66083 3629.95882 -403.25134
v -13720.80500 3639.42834 -403.25134
v -13738.81709 3614.63683 948.99171
v -13720.80500 3589.84532 948.99171
v -13691.66083 3599.31483 948.99171
v -13691.66083 3629.95882 948.99171
v -13720.80500 3639.42834 948.99171
v -13761.04104 3614.63683 476.52125
v -13860.44391 3840.23944 -154.87069
v -14087.66526 3727.74932 -32.18858
v -14020.74438 3482.55781 -155.45265
v -13842.74658 3357.15990 -31.81983
v -13619.70192 3218.27919 -155.60756
v -13475.98138 3437.58472 -31.87904
v -13387.75285 3632.87167 -155.33433
v -13423.25563 3886.59803 -32.36581
v -13680.62062 3884.53537 -154.63487
v -13729.89088 3614.63683 660.62180
v -13928.45185 3775.62191 29.22987
v -14062.79370 3594.66861 151.91197
v -13888.62990 3449.09911 28.64791
v -13748.57029 3311.31523 152.28073
v -13532.09064 3339.24203 28.49300
v -13489.07189 3547.38083 152.22152
v -13402.88951 3747.85871 28.76623
v -13580.09658 3877.98618 151.73475
v -13769.57961 3855.70374 29.46569
v -13692.91332 3614.63683 844.72236
v -13978.01009 3694.12582 213.33043
v -13953.15814 3511.00900 336.01253
v -13804.08996 3432.88153 212.74847
v -13644.48704 3326.27924 336.38129
v -13527.58034 3476.70836 212.59356
v -13487.95139 3627.67111 336.32208
v -13495.77266 3819.23740 212.86679
v -13688.71153 3819.83357 335.83531
v -13853.17462 3828.26360 213.56625
v -13683.23110 3614.63683 1028.82292
v -13958.33065 3600.16733 397.43099
v -13840.62232 3493.83233 520.11309
v -13735.84031 3415.92344 396.84903
v -13581.84389 3415.89594 520.48185
v -13556.27966 3567.90761 396.69412
v -13506.31616 3703.84861 520.42264
v -13615.26747 3809.06654 396.96735
v -13751.08424 3775.89845 519.93587
v -13907.03557 3759.07390 397.66681
v -13700.54403 3614.63683 1212.92348
v -13875.02904 3544.32667 581.53155
v -13769.72718 3500.72912 704.21365
v -13669.75385 3434.51403 580.94959
v -13586.16155 3520.71138 704.58241
v -13576.46683 3622.79430 580.79468
v -13573.16040 3746.75747 704.52319
v -13696.82185 3752.83550 581.06791
v -13797.68064 3743.31681 704.03643
v -13892.16172 3668.03506 581.76737
v -13719.86526 3614.63683 1397.02404
v -13788.83924 3542.48363 765.63211
v -13724.76432 3509.52906 888.31421
v -13637.05949 3500.19013 765.05015
v -13622.23577 3587.78925 888.68297
v -13602.66166 3662.45648 764.89524
v -13655.28460 3729.78831 888.62375
v -13734.08413 3703.64473 765.16847
v -13819.13920 3693.42128 888.13699
v -13827.64484 3607.65184 765.86793
v 8445.58700 -13163.53849 -283.82836
v 8458.34286 -13181.09541 -283.82836
v 8478.98226 -13174.38927 -283.82836
v 8478.98226 -13152.68772 -283.82836
v 8458.34286 -13145.98157 -283.82836
v 8445.58700 -13163.53849 673.80705
v 8458.34286 -13181.09541 673.80705
v 8478.98226 -13174.38927 673.80705
v 8478.98226 -13152.68772 673.80705
v 8458.34286 -13145.98157 673.80705
v 8450.06236 -13163.53849 339.21155
v 8253.69257 -13100.50269 -82.32506
v 8201.35510 -13276.77180 -45.24387
v 8375.56171 -13339.61376 -85.59615
v 8521.45226 -13406.02980 -42.04258
v 8679.55249 -13324.06328 -88.72211
v 8654.29312 -13152.50764 -38.99736
v 8664.25823 -12974.74786 -91.68132
v 8492.03932 -12924.59230 -36.12928
v 8353.05060 -12994.68023 -94.45331
v 8480.61471 -13163.53849 469.58842
v 8233.17067 -13177.14163 48.05181
v 8305.11059 -13313.69021 85.13300
v 8444.43792 -13332.29471 44.78072
v 8600.18516 -13370.22237 88.33429
v 8648.82447 -13218.72147 41.65476
v 8636.68205 -13088.93319 91.37951
v 8575.68387 -12940.87815 38.69555
v 8424.14132 -12995.66544 94.24759
v 8292.69618 -13036.15155 35.92356
v 8489.52061 -13163.53849 599.96528
v 8269.25306 -13247.93634 178.42868
v 8396.13628 -13299.30461 215.50986
v 8504.12959 -13331.45470 175.15759
v 8628.97230 -13285.90882 218.71116
v 8604.71463 -13155.11859 172.03163
v 8604.99119 -13030.13593 221.75638
v 8485.53724 -12977.08195 169.07242
v 8385.25427 -13044.15784 224.62446
v 8263.81343 -13103.94301 166.30043
v 8475.10869 -13163.53849 730.34215
v 8347.74903 -13273.82052 308.80555
v 8450.93937 -13278.21265 345.88673
v 8556.62187 -13303.51472 305.53446
v 8600.99784 -13204.15969 349.08803
v 8577.52904 -13114.24477 302.40850
v 8541.82276 -13007.68852 352.13324
v 8434.66209 -13040.94160 299.44929
v 8351.75975 -13080.38621 355.00133
v 8294.72228 -13173.83252 296.67730
v 8457.05201 -13163.53849 860.71902
v 8418.10091 -13255.82406 439.18242
v 8488.38475 -13264.65789 476.26360
v 8572.53021 -13243.71631 435.91133
v 8556.68957 -13157.81950 479.46490
v 8549.59549 -13082.26413 432.78537
v 8478.29883 -13037.82161 482.51011
v 8414.33915 -13088.52994 429.82616
v 8339.23551 -13126.64452 485.37820
v 8360.29421 -13208.72169 427.05416
v 8452.37566 -13163.53849 991.09589
v 8456.80141 -13227.99648 569.55929
v 8514.29078 -13239.20081 606.64047
v 8545.94148 -13187.66291 566.28820
v 8525.15420 -13136.85935 609.84176
v 8507.21717 -13076.62686 563.16224
v 8446.36490 -13090.36956 612.88698
v 8404.56387 -13119.66103 560.20303
v 8366.74365 -13169.63651 615.75506
v 8415.20229 -13210.03040 557.43103
v 2741.51714 16033.85704 -141.94624
v 2751.22550 16020.49463 -141.94624
v 2766.93396 16025.59862 -141.94624
v 2766.93396 16042.11547 -141.94624
v 2751.22550 16047.21945 -141.94624
v 2741.51714 16033.85704 586.90127
v 2751.22550 16020.49463 586.90127
v 2766.93396 16025.59862 586.90127
v 2766.93396 16042.11547 586.90127
v 2751.22550 16047.21945 586.90127
v 2770.09394 16033.85704 332.24370
v 2569.49028 15953.23617 43.29888
v 2669.80048 15862.39457 7.67126
v 2790.15431 15888.96127 40.92229
v 2929.84254 15904.54888 10.10537
v 2924.35455 16043.96013 38.43487
v 2875.33050 16147.21241 12.64179
v 2780.57314 16250.82135 35.85384
v 2672.22424 16160.13116 15.26297
v 2576.12917 16087.26303 33.19704
v 2778.43169 16033.85704 431.47234
v 2617.29812 15902.74092 142.52752
v 2740.09276 15898.48098 106.89989
v 2841.04494 15904.61131 140.15092
v 2932.29065 15981.43866 109.33400
v 2871.58239 16084.25128 137.66351
v 2833.34818 16189.71832 111.87042
v 2716.29886 16197.68620 135.08247
v 2652.38778 16110.26439 114.49160
v 2568.39303 16022.47789 132.42568
v 2765.82565 16033.85704 530.70098
v 2689.31953 15900.79574 241.75616
v 2780.61516 15929.78499 206.12853
v 2880.73155 15941.35016 239.37956
v 2887.79568 16042.01978 208.56264
v 2838.75586 16112.88986 236.89214
v 2773.76267 16194.36613 211.09906
v 2690.97970 16131.31795 234.31111
v 2631.29942 16070.59016 213.72024
v 2611.32562 15971.04168 231.65431
v 2748.75410 16033.85704 629.92961
v 2744.35095 15934.08144 340.98479
v 2811.60316 15949.47153 305.35717
v 2881.59341 15996.73212 338.60820
v 2838.41474 16070.02818 307.79128
v 2806.69186 16136.78396 336.12078
v 2726.62110 16153.63370 310.32770
v 2685.03959 16085.88104 333.53975
v 2629.05674 16025.92865 312.94888
v 2675.73375 15957.86977 330.88295
v 2743.23512 16033.85704 729.15825
v 2771.72832 15967.25625 440.21343
v 2832.84673 15976.96397 404.58580
v 2845.58854 16039.58310 437.83683
v 2806.55088 16082.47528 407.01991
v 2766.92607 16135.75847 435.34942
v 2711.50815 16100.07205 409.55633
v 2680.63216 16055.85543 432.76838
v 2661.20094 15992.55183 412.17751
v 2723.93148 15970.01665 430.11159
v 2749.80309 16033.85704 828.38689
v 2785.40478 15989.10578 539.44207
v 2827.20000 16012.90075 503.81444
v 2804.29845 16055.24153 537.06547
v 2782.56082 16088.45783 506.24855
v 2738.50504 16103.88567 534.57805
v 2715.67507 16063.16816 508.78497
v 2687.29316 16029.45024 531.99702
v 2707.99948 15988.41132 511.40615
v 2750.03309 15983.78502 529.34022
v -13933.46017 -10772.99938 -83.31416
v -13917.52933 -10794.92630 -83.31416
v -13891.75268 -10786.55096 -83.31416
v -13891.75268 -10759.44779 -83.31416
v -13917.52933 -10751.07245 -83.31416
v -13933.46017 -10772.99938 1112.68140
v -13917.52933 -10794.92630 1112.68140
v -13891.75268 -10786.55096 1112.68140
v -13891.75268 -10759.44779 1112.68140
v -13917.52933 -10751.07245 1112.68140
v -13867.17989 -10772.99938 694.80343
v -14070.95763 -11095.47650 245.21955
v -13850.12886 -11023.44084 135.73348
v -13674.82488 -10947.11262 245.09063
v -13562.58717 -10751.52786 136.05156
v -13737.04471 -10608.29973 244.58395
v -13873.31197 -10445.78907 136.74597
v -14086.34143 -10507.51556 243.70302
v -14143.16860 -10704.19523 137.81191
v -14235.42534 -10914.54163 242.45392
v -13890.55230 -10772.99938 857.63174
v -13942.53918 -11058.85432 408.04786
v -13795.80877 -10945.57160 298.56179
v -13621.48055 -10858.11097 407.91894
v -13675.44190 -10670.41481 298.87987
v -13811.62060 -10574.12159 407.41226
v -13983.83925 -10469.13373 299.57428
v -14092.49327 -10638.68366 406.53133
v -14160.68841 -10788.68462 300.64022
v -14130.93968 -10982.90935 405.28223
v -13924.02805 -10772.99938 1020.46005
v -13863.06216 -10968.10116 570.87618
v -13747.29248 -10893.08246 461.39010
v -13648.23169 -10756.32313 570.74725
v -13779.59043 -10648.25419 461.70818
v -13884.94710 -10544.61545 570.24057
v -14046.89927 -10567.86610 462.40259
v -14078.54887 -10723.63800 569.35964
v -14142.59711 -10874.63262 463.46853
v -14008.25817 -10970.46579 568.11054
v -13936.30035 -10772.99938 1183.28836
v -13830.57163 -10892.73556 733.70449
v -13717.00301 -10829.57940 624.21842
v -13736.95713 -10696.88616 733.57556
v -13844.84428 -10640.38802 624.53649
v -13961.37146 -10563.81600 733.06888
v -14044.99010 -10674.11163 625.23090
v -14074.05678 -10783.56241 732.18795
v -14066.80495 -10922.42241 626.29684
v -13926.84038 -10921.70587 730.93885
v -13923.53557 -10772.99938 1346.11667
v -13811.59903 -10845.45581 896.53280
v -13740.74819 -10761.88961 787.04673
v -13822.82873 -10689.17346 896.40388
v -13895.29123 -10635.07365 787.36480
v -14001.61735 -10636.47265 895.89719
v -14018.66579 -10741.43721 788.05921
v -14053.06238 -10835.76008 895.01626
v -13976.69634 -10907.40512 789.12515
v -13883.13481 -10884.47145 893.76716
v -13906.04888 -10772.99938 1508.94498
v -13806.85576 -10803.08293 1059.36111
v -13807.58409 -10727.64976 949.87504
v -13874.55180 -10700.13600 1059.23219
v -13938.59890 -10658.21476 950.19311
v -13991.16264 -10713.89386 1058.72551
v -13997.44552 -10778.78080 950.88752
v -13998.79702 -10857.76479 1057.84457
v -13919.94735 -10860.84141 951.95346
v -13855.56756 -10854.91395 1056.59547
v 18483.23187 -1533.33691 120.98204
v 18500.23728 -1556.74284 120.98204
v 18527.75261 -1547.80257 120.98204
v 18527.75261 -1518.87124 120.98204
v 18500.23728 -1509.93097 120.98204
v 18483.23187 -1533.33691 1397.64966
v 18500.23728 -1556.74284 1397.64966
v 18527.75261 -1547.80257 1397.64966
v 18527.75261 -1518.87124 1397.64966
v 18500.23728 -1509.93097 1397.64966
v 18532.25665 -1533.33691 951.58507
v 18591.26209 -1877.11435 444.15605
v 18712.99852 -1684.37260 380.27085
v 18877.50553 -1509.82346 448.17025
v 18736.01845 -1315.74717 376.37409
v 18538.09557 -1261.93203 451.94282
v 18294.87198 -1213.27034 372.73224
v 18240.84967 -1454.95693 455.44767
v 18225.32286 -1656.99895 369.37046
v 18341.59195 -1868.82744 458.66055
v 18490.69211 -1533.33691 1125.39645
v 18648.04870 -1743.62254 617.96743
v 18752.57130 -1604.93277 554.08222
v 18810.68265 -1400.44295 621.98163
v 18608.69085 -1329.34750 550.18547
v 18439.36079 -1252.26672 625.75420
v 18257.87714 -1349.67270 546.54361
v 18287.69169 -1547.54669 629.25904
v 18277.13024 -1753.75682 543.18184
v 18477.36450 -1809.09609 632.47193
v 18474.15910 -1533.33691 1299.20782
v 18658.79327 -1644.03249 791.77880
v 18769.39115 -1516.20969 727.89360
v 18685.82592 -1362.97494 795.79300
v 18528.80194 -1342.06100 723.99684
v 18352.26757 -1300.47290 799.56557
v 18299.28997 -1472.53600 720.35499
v 18312.59129 -1619.23558 803.07042
v 18383.38640 -1785.67080 716.99321
v 18554.08614 -1722.36836 806.28330
v 18489.90606 -1533.33691 1473.01920
v 18668.56399 -1580.03050 965.59018
v 18720.33542 -1439.61575 901.70497
v 18580.95332 -1384.75496 969.60438
v 18462.63245 -1349.27693 897.80822
v 18326.85419 -1400.87419 973.37695
v 18354.14268 -1543.54595 894.16636
v 18354.18625 -1680.68842 976.88179
v 18485.73401 -1736.85142 890.80459
v 18595.04661 -1663.60051 980.09468
v 18514.29731 -1533.33691 1646.83057
v 18667.27238 -1522.59764 1139.40155
v 18627.92857 -1417.96232 1075.51635
v 18520.72674 -1413.69068 1143.41575
v 18410.26962 -1387.87931 1071.61959
v 18365.39149 -1492.09570 1147.18832
v 18389.61662 -1585.61293 1067.97774
v 18427.86953 -1696.24795 1150.69317
v 18539.19415 -1660.46470 1064.61596
v 18625.80096 -1619.50009 1153.90606
v 18522.96348 -1533.33691 1820.64195
v 18626.63242 -1480.67861 1313.21293
v 18551.23716 -1444.72898 1249.32772
v 18483.75327 -1436.04971 1317.22713
v 18403.26353 -1457.09677 1245.43097
v 18419.09411 -1539.39830 1320.99970
v 18425.93881 -1612.17415 1241.78911
v 18494.97861 -1653.84844 1324.50454
v 18556.07170 -1605.09040 1238.42734
v 18628.16935 -1568.05121 1327.71743
v -8267.80325 8920.91729 -560.49659
v -8257.36103 8906.54481 -560.49659
v -8240.46516 8912.03461 -560.49659
v -8240.46516 8929.79998 -560.49659
v -8257.36103 8935.28978 -560.49659
v -8267.80325 8920.91729 223.44478
v -8257.36103 8906.54481 223.44478
v -8240.46516 8912.03461 223.44478
v -8240.46516 8929.79998 223.44478
v -8257.36103 8935.28978 223.44478
v -8264.82378 8920.91729 -50.46245
v -8108.50720 8815.18409 -396.40816
v -8072.69033 8932.70443 -367.03405
v -8083.67741 9082.69350 -393.66005
v -8235.15608 9080.94088 -369.82823
v -8366.38148 9091.08880 -390.82465
v -8463.35690 8982.33434 -372.69994
v -8395.54401 8858.07064 -387.92158
v -8352.54060 8718.47290 -375.62933
v -8206.05199 8730.26985 -384.97093
v -8277.08391 8920.91729 56.26692
v -8122.51475 8883.09786 -289.67880
v -8079.01860 8997.51644 -260.30469
v -8173.91739 9081.00752 -286.93068
v -8285.93050 9056.24253 -263.09886
v -8416.34989 9040.69687 -284.09528
v -8409.66254 8910.49093 -265.97057
v -8364.18547 8813.99761 -281.19222
v -8274.69595 8718.35548 -268.89997
v -8174.29218 8803.80688 -278.24156
v -8266.11194 8920.91729 162.99628
v -8127.74189 8929.33392 -182.94943
v -8127.37916 9041.31257 -153.57532
v -8239.42462 9044.11170 -180.20131
v -8331.69336 9038.69073 -156.36949
v -8413.89145 8967.58669 -177.36591
v -8358.10501 8874.30629 -159.24121
v -8322.88730 8777.92202 -174.46285
v -8216.01437 8772.19750 -162.17060
v -8157.97436 8851.73118 -171.51220
v -8247.61894 8920.91729 269.72565
v -8137.90308 8971.80153 -76.22006
v -8195.13746 9038.43615 -46.84595
v -8275.41836 9012.70453 -73.47194
v -8363.90583 9001.99514 -49.64013
v -8368.95188 8912.97682 -70.63655
v -8325.87287 8850.47530 -52.51184
v -8267.82715 8779.11813 -67.73348
v -8195.29553 8835.52671 -55.44123
v -8142.40519 8889.09983 -64.78283
v -8239.80111 8920.91729 376.45502
v -8172.96000 8997.80710 30.50930
v -8243.84231 9004.55614 59.88342
v -8300.41824 8991.78047 33.25742
v -8358.71973 8951.39925 57.08924
v -8321.98610 8890.12213 36.09282
v -8295.23247 8833.84628 54.21753
v -8227.76608 8820.65539 38.99588
v -8193.09681 8877.55699 51.28813
v -8146.18999 8928.29115 41.94654
v -8245.51272 8920.91729 483.18439
v -8219.03941 8989.95700 137.23867
v -8265.54309 8972.40928 166.61278
v -8313.00574 8964.71557 139.98679
v -8322.18545 8916.04045 163.81861
v -8292.02426 8882.91487 142.82219
v -8260.98348 8841.83214 160.94689
v -8218.33888 8870.01523 145.72525
v -8194.32405 8904.19647 158.01750
v -8179.84428 8953.37245 148.67591
v 49.57350 -13558.32952 -579.78142
v 61.02210 -13574.08718 -579.78142
v 79.54634 -13568.06829 -579.78142
v 79.54634 -13548.59076 -579.78142
v 61.02210 -13542.57187 -579.78142
v 49.57350 -13558.32952 279.71363
v 61.02210 -13574.08718 279.71363
v 79.54634 -13568.06829 279.71363
v 79.54634 -13548.59076 279.71363
v 61.02210 -13542.57187 279.71363
v 35.33139 -13558.32952 -20.59187
v 236.98022 -13546.82180 -422.05641
v 239.03305 -13392.22203 -344.24580
v 90.27160 -13334.25976 -421.50307
v -31.90897 -13412.15885 -344.93277
v -179.92215 -13487.09101 -420.68366
v -115.59308 -13638.68761 -345.88322
v -19.84041 -13733.48277 -419.60383
v 127.76561 -13808.20545 -347.09056
v 209.88708 -13663.32843 -418.27107
v 48.78884 -13558.32952 96.42372
v 214.17597 -13492.70778 -305.04082
v 164.96856 -13356.53569 -227.23021
v 27.63509 -13402.81342 -304.48748
v -82.03266 -13450.30703 -227.91718
v -150.34652 -13573.11544 -303.66806
v -41.22957 -13661.68144 -228.86762
v 44.28038 -13763.13701 -302.58824
v 176.62824 -13722.70586 -230.07496
v 211.86181 -13600.36962 -301.25547
v 72.91844 -13558.32952 213.43932
v 186.88904 -13441.88553 -188.02523
v 84.53506 -13384.47945 -110.21462
v -4.42849 -13453.54936 -187.47189
v -110.57292 -13507.52607 -110.90159
v -76.12588 -13621.55437 -186.65247
v 6.56993 -13680.25814 -111.85203
v 112.10555 -13743.21927 -185.57265
v 177.29059 -13639.20021 -113.05937
v 219.12506 -13547.73738 -184.23988
v 84.22665 -13558.32952 330.45491
v 134.23187 -13418.63682 -71.00964
v 37.56704 -13443.84228 6.80098
v -30.84999 -13487.89742 -70.45630
v -88.26064 -13569.16490 6.11400
v -10.36891 -13632.25201 -69.63688
v 51.96385 -13693.54900 5.16356
v 147.22580 -13678.47679 -68.55706
v 165.54315 -13586.80564 3.95622
v 202.95579 -13497.37546 -67.22429
v 77.06781 -13558.32952 447.47050
v 78.22385 -13442.05699 46.00595
v 20.89326 -13491.41617 123.81657
v -42.95121 -13527.18705 46.55930
v -30.67237 -13601.57130 123.12959
v 29.73892 -13633.19155 47.37871
v 95.56064 -13675.72949 122.17915
v 141.82308 -13613.17841 48.45854
v 158.31915 -13551.77436 120.97181
v 153.35667 -13473.90789 49.79130
v 64.46663 -13558.32952 564.48609
v 48.89707 -13489.78194 163.02155
v 14.59223 -13521.04280 240.83216
v -21.63448 -13564.65416 163.57489
v 21.22147 -13601.89295 240.14519
v 58.75960 -13630.02839 164.39430
v 113.73494 -13628.56774 239.19474
v 122.24605 -13574.28866 165.47413
v 139.97381 -13525.27011 237.98740
v 99.89836 -13488.74550 166.80689
v 9486.02570 10485.18474 -509.86090
v 9503.71841 10460.83282 -509.86090
v 9532.34581 10470.13442 -509.86090
v 9532.34581 10500.23506 -509.86090
v 9503.71841 10509.53666 -509.86090
v 9486.02570 10485.18474 818.40506
v 9503.71841 10460.83282 818.40506
v 9532.34581 10470.13442 818.40506
v 9532.34581 10500.23506 818.40506
v 9503.71841 10509.53666 818.40506
v 9480.73481 10485.18474 354.31213
v 9719.15179 10685.31042 -244.93497
v 9553.72033 10883.01376 -164.76347
v 9352.28603 10721.77310 -248.66717
v 9197.86427 10575.38887 -161.17641
v 9158.58568 10328.28907 -252.10290
v 9395.15082 10246.78061 -157.89795
v 9600.10292 10129.30255 -255.21841
v 9796.76825 10277.72123 -154.95077
v 9781.00911 10503.83579 -257.99216
v 9523.98120 10485.18474 535.14834
v 9645.58591 10760.00635 -64.09876
v 9434.47255 10794.32300 16.07274
v 9325.32626 10620.47234 -67.83096
v 9177.33255 10461.72500 19.65980
v 9307.57078 10288.02840 -71.26669
v 9485.83896 10239.20455 22.93826
v 9705.87116 10197.36563 -74.38221
v 9752.46535 10416.19120 25.88544
v 9766.92879 10598.92660 -77.15595
v 9545.68661 10485.18474 715.98455
v 9541.87664 10776.26418 116.73745
v 9387.15522 10669.25764 196.90894
v 9294.57504 10547.14688 113.00525
v 9245.49372 10366.31567 200.49601
v 9424.01875 10305.01306 109.56952
v 9573.86449 10236.83031 203.77447
v 9732.64754 10325.00557 106.45400
v 9705.85608 10498.99705 206.72165
v 9714.29067 10681.35461 103.68026
v 9533.23748 10485.18474 896.82076
v 9455.22932 10709.37649 297.57366
v 9382.19758 10578.80562 377.74515
v 9287.85063 10469.06052 293.84146
v 9361.10183 10339.20365 381.33222
v 9494.76967 10321.42847 290.40573
v 9645.89186 10287.04041 384.61068
v 9689.41678 10434.61239 287.29021
v 9678.42264 10559.86860 387.55786
v 9616.40168 10701.15568 284.51647
v 9508.03635 10485.18474 1077.65697
v 9426.44991 10610.64340 478.40986
v 9380.31184 10522.40671 558.58136
v 9339.38622 10407.86605 474.67767
v 9453.14901 10364.34506 562.16843
v 9549.49788 10335.25813 471.24193
v 9659.21592 10378.64423 565.44689
v 9636.43824 10494.29479 468.12642
v 9636.10488 10606.12391 568.39407
v 9528.47107 10650.25109 465.35268
v 9496.67020 10485.18474 1258.49318
v 9437.22298 10538.79351 659.24607
v 9391.83139 10476.32772 739.41757
v 9422.43931 10398.36401 655.51388
v 9502.55348 10395.37867 743.00464
v 9585.59966 10376.45849 652.07814
v 9618.21794 10455.08049 746.28310
v 9600.23503 10525.05767 648.96263
v 9570.77170 10607.67790 749.23027
v 9487.58464 10580.01736 646.18889
v -15535.18387 -1437.82480 -595.81756
v -15520.47733 -1458.06662 -595.81756
v -15496.68164 -1450.33493 -595.81756
v -15496.68164 -1425.31467 -595.81756
v -15520.47733 -1417.58298 -595.81756
v -15535.18387 -1437.82480 508.26434
v -15520.47733 -1458.06662 508.26434
v -15496.68164 -1450.33493 508.26434
v -15496.68164 -1425.31467 508.26434
v -15520.47733 -1417.58298 508.26434
v -15502.07331 -1437.82480 122.50079
v -15483.64124 -1146.61721 -328.09498
v -15684.82076 -1185.06995 -356.03649
v -15725.91832 -1377.30079 -332.15812
v -15806.92128 -1568.70141 -351.93205
v -15632.72655 -1682.18737 -336.29677
v -15456.32983 -1667.57018 -347.76636
v -15244.65711 -1632.95557 -340.48230
v -15274.59781 -1420.80682 -343.56823
v -15321.59146 -1251.67439 -344.68576
v -15480.51554 -1437.82480 272.81555
v -15583.89209 -1159.61296 -177.78022
v -15690.40027 -1310.15995 -205.72173
v -15734.60758 -1453.72760 -181.84336
v -15719.01988 -1636.74707 -201.61728
v -15534.01601 -1633.18875 -185.98200
v -15373.10917 -1645.60642 -197.45159
v -15256.53079 -1511.03522 -190.16753
v -15339.68796 -1359.81825 -193.25346
v -15393.21890 -1189.05628 -194.37100
v -15492.01546 -1437.82480 423.13031
v -15645.42955 -1244.10211 -27.46545
v -15669.56802 -1393.70128 -55.40696
v -15721.22032 -1530.88842 -31.52859
v -15606.42296 -1629.00219 -51.30252
v -15473.06846 -1599.49007 -35.66724
v -15317.33680 -1579.72248 -47.13683
v -15327.17791 -1424.19539 -39.85277
v -15381.14169 -1308.83628 -42.93870
v -15489.22370 -1195.94661 -44.05624
v -15517.72373 -1437.82480 573.44508
v -15644.77148 -1343.53581 122.84931
v -15658.68940 -1448.52935 94.90780
v -15657.80514 -1577.90446 118.78617
v -15528.26064 -1579.89718 99.01224
v -15421.38060 -1573.81894 114.64752
v -15327.57554 -1490.45001 103.17793
v -15392.51649 -1383.20063 110.46199
v -15433.63742 -1271.58341 107.37606
v -15557.27898 -1266.74955 106.25853
v -15531.16387 -1437.82480 723.75984
v -15615.76815 -1409.15619 273.16407
v -15640.25481 -1494.82778 245.22256
v -15576.22807 -1567.22717 269.10093
v -15488.20547 -1538.76361 249.32701
v -15390.69957 -1526.41281 264.96229
v -15386.45148 -1428.28252 253.49270
v -15433.63298 -1359.54483 260.77676
v -15498.26151 -1281.64503 257.69083
v -15577.48908 -1344.54368 256.57329
v -15525.18608 -1437.82480 874.07460
v -15591.53645 -1443.71046 423.47884
v -15594.33603 -1516.41562 395.53733
v -15522.29403 -1522.44671 419.41570
v -15464.84216 -1509.64621 399.64177
v -15406.24206 -1468.01453 415.27705
v -15443.94361 -1406.18614 403.80746
v -15471.18458 -1348.92765 411.09152
v -15539.78544 -1336.53470 408.00559
v -15574.67969 -1394.20726 406.88805
v 13058.97526 -9921.63159 -329.55187
v 13068.38450 -9934.58231 -329.55187
v 13083.60898 -9929.63558 -329.55187
v 13083.60898 -9913.62761 -329.55187
v 13068.38450 -9908.68088 -329.55187
v 13058.97526 -9921.63159 376.83982
v 13068.38450 -9934.58231 376.83982
v 13083.60898 -9929.63558 376.83982
v 13083.60898 -9913.62761 376.83982
v 13068.38450 -9908.68088 376.83982
v 13097.20029 -9921.63159 130.02826
v 12953.81183 -9746.68563 -136.67781
v 12918.11523 -9877.84550 -198.63216
v 12923.79226 -9988.42634 -137.50211
v 12980.84329 -10111.21084 -197.70212
v 13108.04222 -10061.98750 -138.53628
v 13222.59406 -10029.91657 -196.56562
v 13269.30122 -9907.27325 -139.77315
v 13173.50255 -9823.58719 -195.23051
v 13093.27737 -9718.88000 -141.20419
v 13089.10562 -9921.63159 226.19966
v 12929.24211 -9818.35168 -40.50641
v 12950.83891 -9930.63309 -102.46076
v 12949.72249 -10041.23556 -41.33071
v 13056.47616 -10081.07686 -101.53073
v 13143.36218 -10025.65552 -42.36488
v 13248.63037 -9971.35139 -100.39422
v 13201.41508 -9863.65990 -43.60176
v 13133.31837 -9795.85546 -99.05911
v 13027.50154 -9743.80351 -45.03279
v 13069.61165 -9921.63159 322.37106
v 12951.54160 -9887.56430 55.66498
v 12969.41677 -9968.17780 -6.28936
v 13004.65039 -10062.69023 54.84068
v 13100.05598 -10029.51831 -5.35933
v 13176.70548 -9996.49448 53.80652
v 13223.11718 -9910.36159 -4.22282
v 13146.88608 -9849.17747 52.56964
v 13086.93207 -9778.42667 -2.88771
v 12995.09001 -9807.93983 51.13861
v 13058.45834 -9921.63159 418.54246
v 12986.19853 -9928.18119 151.83638
v 12991.41750 -10000.94473 89.88203
v 13060.98521 -10038.65153 151.01208
v 13120.69166 -9992.04905 90.81207
v 13192.21512 -9955.17639 149.97792
v 13167.93321 -9878.51275 91.94858
v 13112.34899 -9838.89301 148.74104
v 13040.77425 -9797.12484 93.28369
v 12997.49928 -9867.74190 147.31001
v 13062.56855 -9921.63159 514.71386
v 13009.60975 -9950.18706 248.00778
v 13029.41698 -10011.70084 186.05343
v 13091.36164 -9994.79178 247.18348
v 13135.39777 -9966.61424 186.98347
v 13171.61111 -9914.03187 246.14932
v 13121.32461 -9873.92807 188.11997
v 13081.15765 -9834.45127 244.91244
v 13020.14652 -9845.00432 189.45508
v 13008.59743 -9903.75046 243.48140
v 13072.74611 -9921.63159 610.88526
v 13029.56882 -9963.82585 344.17918
v 13065.90350 -9990.37444 282.22483
v 13099.62725 -9961.05232 343.35488
v 13137.45886 -9939.69089 283.15487
v 13129.55637 -9895.74077 342.32072
v 13093.89755 -9877.07984 284.29137
v 13054.70524 -9852.17891 341.08384
v 13027.73098 -9889.56412 285.62648
v 13017.86147 -9925.88365 339.65280
v -3138.65432 17140.85096 73.39441
v -3124.57933 17121.47839 73.39441
v -3101.80551 17128.87805 73.39441
v -3101.80551 17152.82386 73.39441
v -3124.57933 17160.22352 73.39441
v -3138.65432 17140.85096 1130.06341
v -3124.57933 17121.47839 1130.06341
v -3101.80551 17128.87805 1130.06341
v -3101.80551 17152.82386 1130.06341
v -3124.57933 17160.22352 1130.06341
v -3089.82680 17140.85096 760.86580
v -3411.38168 17223.33710 351.32929
v -3310.06849 17054.33052 277.92527
v -3246.51716 16874.61992 353.88551
v -3050.15345 16873.20637 275.50044
v -2942.24671 17014.27007 356.17476
v -2803.92144 17164.38778 273.35073
v -2943.99527 17310.82508 358.18121
v -3094.30279 17380.35095 271.49101
v -3296.36556 17402.08555 359.89098
v -3123.54336 17140.85096 904.72556
v -3339.49756 17124.08063 495.18904
v -3261.10999 17001.30156 421.78503
v -3145.54833 16865.98979 497.74527
v -3007.50925 16978.67510 419.36019
v -2900.46307 17079.76901 500.03452
v -2875.65365 17250.58338 417.21048
v -3038.99503 17305.86339 502.04097
v -3181.14919 17386.84360 415.35077
v -3315.49608 17282.37723 503.75074
v -3144.04816 17140.85096 1048.58532
v -3262.12082 17075.63773 639.04880
v -3207.70532 16954.30890 565.64478
v -3065.01886 16933.22641 641.60502
v -2991.91312 17050.34060 563.21995
v -2892.49209 17158.18065 643.89427
v -2981.98613 17274.27262 561.07024
v -3101.92474 17307.37066 645.90072
v -3250.58624 17334.15287 559.21052
v -3280.54709 17186.18938 647.61049
v -3137.47258 17140.85096 1192.44507
v -3212.79408 17048.16354 782.90856
v -3136.80148 16950.55345 709.50454
v -3036.51431 17021.61752 785.46478
v -2975.82576 17101.18928 707.07970
v -2945.22253 17219.50994 787.75403
v -3061.96846 17258.61576 704.92999
v -3160.10639 17303.23639 789.76048
v -3262.88686 17244.21412 703.07028
v -3245.09429 17130.99911 791.47025
v -3117.96568 17140.85096 1336.30483
v -3172.16658 17027.90616 926.76831
v -3082.38349 17001.99009 853.36429
v -3037.47732 17083.20285 929.32453
v -2978.88929 17151.81163 850.93946
v -3025.60028 17231.91880 931.61379
v -3108.44841 17242.92952 848.78975
v -3202.63268 17263.59663 933.62023
v -3228.63106 17171.46115 846.93003
v -3222.02173 17093.58424 935.33000
v -3107.23533 17140.85096 1480.16458
v -3128.30308 17035.85756 1070.62807
v -3069.17595 17069.52907 997.22405
v -3042.66190 17119.94913 1073.18429
v -3019.88779 17185.79564 994.79921
v -3085.31952 17210.11786 1075.47354
v -3140.62334 17226.92126 992.64951
v -3203.09863 17201.23772 1077.47999
v -3189.71774 17135.16704 990.78979
v -3189.34647 17070.89821 1079.18976
v -9996.62953 -15844.49464 353.28599
v -9978.73658 -15869.12217 353.28599
v -9949.78519 -15859.71529 353.28599
v -9949.78519 -15829.27399 353.28599
v -9978.73658 -15819.86711 353.28599
v -9996.62953 -15844.49464 1696.58487
v -9978.73658 -15869.12217 1696.58487
v -9949.78519 -15859.71529 1696.58487
v -9949.78519 -15829.27399 1696.58487
v -9978.73658 -15819.86711 1696.58487
v -9978.43622 -15844.49464 1227.23947
v -10266.65466 -15978.66063 651.03278
v -10097.14995 -16108.21233 668.01021
v -9870.20759 -16236.33748 656.11185
v -9736.88573 -16011.98270 662.91056
v -9640.38234 -15819.13995 661.22326
v -9692.03317 -15571.67604 657.79623
v -9944.51822 -15577.65281 666.33166
v -10180.76083 -15537.63126 652.70260
v -10313.13058 -15748.82428 671.40172
v -10009.36048 -15844.49464 1410.12233
v -10139.78189 -16010.28317 833.91564
v -10000.77121 -16153.18323 850.89307
v -9788.97904 -16109.52108 838.99471
v -9746.22727 -15906.99918 845.79342
v -9661.64634 -15704.01012 844.10612
v -9847.36802 -15586.51899 840.67909
v -10033.30012 -15601.56446 849.21452
v -10256.43746 -15640.27108 835.58545
v -10222.56635 -15864.05948 854.28458
v -10000.45807 -15844.49464 1593.00519
v -10059.02787 -16029.57137 1016.79850
v -9896.59780 -16131.24471 1033.77593
v -9788.41093 -15974.56446 1021.87757
v -9742.36572 -15826.53799 1028.67628
v -9760.68215 -15638.10607 1026.98898
v -9951.33896 -15643.21337 1023.56195
v -10117.84737 -15630.41157 1032.09738
v -10236.05874 -15770.89339 1018.46831
v -10150.03038 -15926.18900 1037.16744
v -9970.21549 -15844.49464 1775.88805
v -9990.07141 -16047.14775 1199.68136
v -9838.41273 -16036.66872 1216.65879
v -9815.09129 -15887.51375 1204.76043
v -9763.83116 -15749.98760 1211.55914
v -9879.89795 -15653.62793 1209.87184
v -10012.64448 -15683.01615 1206.44481
v -10168.10088 -15703.97144 1214.98024
v -10156.43544 -15859.27085 1201.35117
v -10102.89414 -15974.59180 1220.05030
v -9951.23446 -15844.49464 1958.77091
v -9923.80650 -16024.61626 1382.56422
v -9846.16121 -15933.01465 1399.54165
v -9832.71754 -15833.38286 1387.64329
v -9834.80927 -15710.44018 1394.44200
v -9958.00117 -15709.71442 1392.75470
v -10059.85293 -15715.32457 1389.32767
v -10147.88274 -15795.70977 1397.86310
v -10085.71723 -15897.14498 1384.23403
v -10046.20960 -16003.46581 1402.93316
v -9955.84788 -15844.49464 2141.65377
v -9893.81269 -15955.76446 1565.44708
v -9881.44284 -15868.99501 1582.42451
v -9859.98657 -15793.65809 1570.52615
v -9916.99907 -15731.03929 1577.32486
v -9993.85301 -15756.09911 1575.63756
v -10079.40305 -15767.42912 1572.21053
v -10081.98534 -15853.55606 1580.74596
v -10040.83830 -15913.76272 1567.11689
v -9983.54576 -15981.46348 1585.81602
v 11624.67834 3190.60845 -556.74067
v 11636.69500 3174.06893 -556.74067
v 11656.13837 3180.38647 -556.74067
v 11656.13837 3200.83044 -556.74067
v 11636.69500 3207.14797 -556.74067
v 11624.67834 3190.60845 345.40088
v 11636.69500 3174.06893 345.40088
v 11656.13837 3180.38647 345.40088
v 11656.13837 3200.83044 345.40088
v 11636.69500 3207.14797 345.40088
v 11612.18352 3190.60845 30.19479
v 11563.18864 3025.26262 -388.08131
v 11702.13508 2958.28194 -313.09105
v 11844.48369 3046.20571 -386.57773
v 11821.82579 3204.74273 -314.72174
v 11829.44575 3374.71681 -384.82275
v 11663.29048 3410.83735 -316.59797
v 11532.14503 3350.57327 -382.82851
v 11380.23591 3263.24129 -318.70677
v 11464.22614 3109.57609 -380.60880
v 11618.52702 3190.60845 153.01647
v 11626.64187 3028.92925 -265.25963
v 11775.10548 2997.39658 -190.26937
v 11813.04588 3143.35122 -263.75605
v 11807.10219 3265.99045 -191.90006
v 11742.29886 3401.21218 -262.00107
v 11601.83435 3345.63241 -193.77629
v 11474.47273 3309.93565 -260.00683
v 11424.67468 3173.31038 -195.88509
v 11530.85733 3081.13223 -257.78711
v 11642.49385 3190.60845 275.83816
v 11684.07107 3029.39425 -142.43795
v 11797.71699 3080.00731 -67.44769
v 11773.79036 3201.21336 -140.93437
v 11774.60459 3321.31980 -69.07838
v 11658.33936 3362.82572 -139.17939
v 11564.53818 3302.98336 -70.95461
v 11450.91257 3243.25107 -137.18515
v 11503.45931 3127.13930 -73.06341
v 11576.97932 3053.51158 -134.96543
v 11658.82752 3190.60845 398.65984
v 11733.03367 3059.02540 -19.61627
v 11768.72286 3155.85647 55.37399
v 11750.21569 3240.25089 -18.11269
v 11712.29736 3338.88610 53.74330
v 11612.63069 3303.16890 -16.35771
v 11532.05901 3268.62538 51.86707
v 11484.68106 3177.78914 -14.36346
v 11564.75896 3114.21990 49.75827
v 11627.98488 3040.02950 -12.14375
v 11655.94822 3190.60845 521.48152
v 11745.00886 3117.74997 103.20541
v 11728.10295 3197.69686 178.19567
v 11722.80977 3270.53601 104.70900
v 11652.85980 3307.15096 176.56498
v 11593.56280 3260.63418 106.46397
v 11522.26049 3223.36186 174.68875
v 11547.53290 3147.10669 108.45822
v 11602.81683 3107.53224 172.57995
v 11674.63672 3066.55606 110.67793
v 11643.43902 3190.60845 644.30320
v 11717.92824 3169.94610 226.02710
v 11699.97196 3217.31866 301.01736
v 11681.27306 3273.78382 227.53068
v 11624.42204 3257.57212 299.38666
v 11583.81956 3231.75447 229.28566
v 11551.11978 3183.02952 297.51043
v 11597.61043 3146.51533 231.27990
v 11634.69074 3110.10260 295.40163
v 11690.65097 3120.61315 233.49961
v -12067.27166 6185.25177 -567.00401
v -12057.20979 6171.40280 -567.00401
v -12040.92935 6176.69263 -567.00401
v -12040.92935 6193.81091 -567.00401
v -12057.20979 6199.10074 -567.00401
v -12067.27166 6185.25177 188.38277
v -12057.20979 6171.40280 188.38277
v -12040.92935 6176.69263 188.38277
v -12040.92935 6193.81091 188.38277
v -12057.20979 6199.10074 188.38277
v -12075.42005 6185.25177 -75.54755
v -12013.20940 6033.63884 -422.85022
v -11868.24476 6054.17351 -364.54468
v -11882.14297 6198.98415 -424.34590
v -11928.09565 6308.15091 -363.15244
v -12031.54761 6409.25004 -425.63230
v -12140.44858 6312.42204 -361.97411
v -12244.05293 6237.94575 -426.70052
v -12243.98582 6097.66689 -361.01785
v -12117.27485 6049.26033 -427.54317
v -12052.29047 6185.25177 27.29426
v -11959.15871 6049.92709 -320.00841
v -11870.87556 6135.35904 -261.70287
v -11934.11232 6239.69152 -321.50409
v -11974.02641 6351.38150 -260.31063
v -12095.93184 6350.51491 -322.79049
v -12162.68128 6263.24124 -259.13230
v -12247.85772 6169.35691 -323.85870
v -12159.79707 6079.44112 -258.17604
v -12066.66657 6036.03657 -324.70135
v -12035.61099 6185.25177 130.13608
v -11919.48782 6090.96015 -217.16659
v -11919.15898 6196.25515 -158.86105
v -11966.42399 6270.66872 -218.66228
v -12037.27613 6351.94024 -157.46881
v -12120.30636 6282.83690 -219.94867
v -12185.44545 6221.53916 -156.29048
v -12199.07485 6117.90048 -221.01689
v -12100.08284 6084.98841 -155.33423
v -12013.52678 6036.00048 -221.85954
v -12037.83851 6185.25177 232.97789
v -11922.32860 6149.73880 -114.32478
v -11968.71845 6223.99645 -56.01924
v -12000.80825 6295.36660 -115.82046
v -12084.66793 6306.52020 -54.62700
v -12127.26140 6237.91310 -117.10686
v -12185.33512 6174.19993 -53.44867
v -12131.88050 6106.73207 -118.17507
v -12061.69531 6087.21115 -52.49241
v -11974.35111 6072.35486 -119.01772
v -12051.11749 6185.25177 335.81971
v -11961.64111 6192.92634 -11.48296
v -12000.13022 6237.49683 46.82257
v -12043.05440 6291.69984 -12.97865
v -12098.67010 6251.33772 48.21482
v -12132.71469 6206.96300 -14.26504
v -12148.99954 6140.72496 49.39314
v -12083.68084 6119.38448 -15.33326
v -12028.67803 6094.40395 50.34940
v -11971.76261 6128.18575 -16.17591
v -12059.84175 6185.25177 438.66152
v -12003.62309 6208.00652 91.35885
v -12025.25045 6243.79332 149.66439
v -12071.62575 6256.48962 89.86317
v -12094.49966 6214.65412 151.05663
v -12124.62998 6179.12326 88.57677
v -12099.97683 6138.19799 152.23496
v -12057.44143 6132.54270 87.50855
v -12008.82373 6122.27340 153.19122
v -11995.98009 6169.91361 86.66591
v 4932.10692 -13368.14733 -399.80848
v 4948.66486 -13390.93739 -399.80848
v 4975.45619 -13382.23236 -399.80848
v 4975.45619 -13354.06230 -399.80848
v 4948.66486 -13345.35727 -399.80848
v 4932.10692 -13368.14733 843.26628
v 4948.66486 -13390.93739 843.26628
v 4975.45619 -13382.23236 843.26628
v 4975.45619 -13354.06230 843.26628
v 4948.66486 -13345.35727 843.26628
v 4956.86516 -13368.14733 408.93895
v 5210.65088 -13548.33402 -114.24175
v 5312.33835 -13338.79406 -113.88972
v 5131.89289 -13194.09508 -118.97327
v 4988.20039 -13021.13110 -109.16699
v 4771.65909 -13101.92382 -123.67903
v 4709.51887 -13300.74492 -104.48634
v 4618.85904 -13523.31833 -128.32649
v 4834.14189 -13626.20450 -99.88011
v 5028.21732 -13642.96172 -132.88351
v 4989.25470 -13368.14733 578.17684
v 5261.69469 -13451.39270 54.99614
v 5192.22257 -13259.21178 55.34817
v 5056.53360 -13155.00313 50.26462
v 4873.27937 -13053.98861 60.07090
v 4767.89478 -13235.22500 45.55886
v 4689.93283 -13390.32490 64.75155
v 4734.05461 -13588.33746 40.91140
v 4936.42810 -13582.46195 69.35778
v 5126.82789 -13614.17000 36.35438
v 4985.89085 -13368.14733 747.41473
v 5226.08494 -13345.39258 224.23403
v 5087.64213 -13237.41256 224.58606
v 4978.12143 -13125.03899 219.50251
v 4812.48762 -13161.69080 229.30879
v 4779.42921 -13320.21160 214.79675
v 4713.84595 -13480.15797 233.98944
v 4860.92789 -13570.49051 210.14929
v 5006.55671 -13559.00256 238.59567
v 5181.30018 -13526.92950 205.59227
v 4959.42333 -13368.14733 916.65262
v 5130.67665 -13287.20649 393.47192
v 5022.35554 -13226.83140 393.82395
v 4898.30566 -13150.60419 388.74040
v 4817.43391 -13270.60599 398.54667
v 4782.13062 -13382.96920 384.03464
v 4797.74603 -13525.75746 403.22733
v 4942.36630 -13520.80671 379.38718
v 5069.20852 -13530.50549 407.83356
v 5157.40287 -13422.58209 374.83016
v 4939.77731 -13368.14733 1085.89051
v 5043.58517 -13280.86352 562.70981
v 4969.13935 -13221.00699 563.06184
v 4859.67252 -13230.08885 557.97829
v 4843.35702 -13337.78594 567.78456
v 4806.53057 -13437.63760 553.27253
v 4891.49492 -13506.15102 572.46522
v 4987.20578 -13484.96715 548.62507
v 5099.58361 -13468.92036 577.07145
v 5089.82706 -13356.62361 544.06805
v 4941.49995 -13368.14733 1255.12840
v 4992.03121 -13291.10641 731.94770
v 4923.95461 -13248.10428 732.29973
v 4872.93877 -13309.88995 727.21618
v 4863.83179 -13376.18081 737.02245
v 4866.06758 -13458.07928 722.51042
v 4948.19160 -13457.79241 741.70311
v 5016.24575 -13454.15897 717.86296
v 5074.14240 -13399.83421 746.30934
v 5032.43525 -13332.57384 713.30594
v 5790.56911 14282.88028 -304.14007
v 5807.02219 14260.23457 -304.14007
v 5833.64381 14268.88446 -304.14007
v 5833.64381 14296.87610 -304.14007
v 5807.02219 14305.52599 -304.14007
v 5790.56911 14282.88028 931.06117
v 5807.02219 14260.23457 931.06117
v 5833.64381 14268.88446 931.06117
v 5833.64381 14296.87610 931.06117
v 5807.02219 14305.52599 931.06117
v 5852.36951 14282.88028 499.48483
v 6175.71789 14313.33097 26.73661
v 6025.57055 14492.72624 -68.22605
v 5838.74825 14551.52576 24.10183
v 5602.02942 14588.21906 -65.43156
v 5559.84457 14351.95474 21.15247
v 5536.88961 14154.56137 -62.33244
v 5662.06506 13958.94385 17.90895
v 5877.38544 14044.70218 -58.95013
v 6094.58275 14085.34402 14.39369
v 5849.32685 14282.88028 667.65078
v 6102.47739 14416.43075 194.90256
v 5906.68528 14479.66734 99.93990
v 5740.96604 14559.36237 192.26778
v 5573.35929 14452.45760 102.73439
v 5600.66671 14264.66912 189.31842
v 5592.74263 14062.24172 105.83351
v 5790.95358 14021.90352 186.07490
v 5946.64993 14093.06846 109.21582
v 6126.12474 14198.59339 182.55965
v 5818.44075 14282.88028 835.81673
v 5979.37506 14447.43856 363.06851
v 5831.10182 14471.13638 268.10586
v 5658.35680 14506.33425 360.43373
v 5616.19544 14336.26522 270.90034
v 5622.69291 14193.80397 357.48437
v 5699.73827 14037.87770 273.99946
v 5862.17616 14103.55353 354.24085
v 6010.47535 14145.18551 277.38177
v 6065.98037 14304.55663 350.72560
v 5793.66341 14282.88028 1003.98268
v 5880.85731 14425.29561 531.23446
v 5765.83613 14464.33273 436.27181
v 5639.04168 14405.75573 528.59968
v 5666.51079 14270.00157 439.06629
v 5666.05959 14134.67545 525.65032
v 5797.41930 14089.88420 442.16541
v 5902.50608 14156.91883 522.40680
v 6029.74083 14225.08442 445.54772
v 5969.12406 14354.96495 518.89155
v 5794.28195 14282.88028 1172.14863
v 5824.53844 14399.72073 699.40042
v 5715.98372 14423.24259 604.43776
v 5679.10196 14319.04918 696.76563
v 5698.65714 14228.84112 607.23224
v 5740.29290 14123.77376 693.81628
v 5846.57438 14162.99079 610.33136
v 5933.04102 14199.88919 690.57275
v 5982.36808 14297.66934 613.71367
v 5896.50884 14365.09823 687.05750
v 5810.39748 14282.88028 1340.31459
v 5788.52480 14378.80680 867.56637
v 5712.51545 14353.98266 772.60371
v 5729.70994 14275.34650 864.93158
v 5735.02402 14203.28920 775.39819
v 5804.51654 14168.18606 861.98223
v 5862.71898 14214.06204 778.49731
v 5932.95407 14251.29624 858.73871
v 5907.01149 14326.24172 781.87963
v 5852.67141 14365.31382 855.22345
v -14997.97649 -7100.96902 -261.51286
v -14987.98624 -7114.71941 -261.51286
v -14971.82169 -7109.46723 -261.51286
v -14971.82169 -7092.47081 -261.51286
v -14987.98624 -7087.21863 -261.51286
v -14997.97649 -7100.96902 488.49680
v -14987.98624 -7114.71941 488.49680
v -14971.82169 -7109.46723 488.49680
v -14971.82169 -7092.47081 488.49680
v -14987.98624 -7087.21863 488.49680
v -14959.07208 -7100.96902 226.44523
v -14826.23751 -6944.10422 -58.85849
v -14970.06571 -6949.51439 -121.37960
v -15098.08018 -6936.89578 -57.73251
v -15182.57546 -7047.34914 -122.39549
v -15119.58646 -7164.19926 -56.82847
v -15076.23751 -7299.11991 -123.18611
v -14936.31245 -7278.08246 -56.15263
v -14851.07089 -7193.97153 -123.74601
v -14758.44584 -7081.57812 -55.70965
v -14980.61074 -7100.96902 328.55498
v -14912.93652 -6949.75975 43.25126
v -15018.49601 -6970.22682 -19.26986
v -15143.34101 -6988.96703 44.37724
v -15129.94210 -7113.72181 -20.28574
v -15090.59035 -7207.95730 45.28127
v -15000.47610 -7293.92760 -21.07636
v -14907.33380 -7209.86249 45.95712
v -14817.79843 -7145.44295 -21.63626
v -14819.59447 -7024.60793 46.40010
v -14998.84674 -7100.96902 430.66473
v -14973.44639 -6985.11930 145.36101
v -15063.29441 -6987.16888 82.83989
v -15136.55978 -7060.05088 146.48699
v -15083.02577 -7147.43591 81.82401
v -15049.00601 -7241.60705 147.39102
v -14946.34223 -7239.41158 81.03338
v -14890.31026 -7166.15863 148.06687
v -14819.17157 -7086.50051 80.47349
v -14894.25425 -7011.60770 148.50985
v -14999.13493 -7100.96902 532.77448
v -15007.23422 -7012.98095 247.47076
v -15092.73507 -7024.73501 184.94964
v -15091.89437 -7110.61208 248.59674
v -15053.58664 -7171.24459 183.93376
v -14995.20333 -7236.83986 249.50077
v -14928.07746 -7179.89849 183.14313
v -14874.79662 -7129.92882 250.17662
v -14864.84481 -7045.41694 182.58323
v -14945.47859 -7019.07651 250.61960
v -14986.87565 -7100.96902 634.88422
v -15031.71802 -7032.48507 349.58051
v -15084.72910 -7074.11118 287.05939
v -15048.38510 -7131.40752 350.70649
v -15023.34988 -7186.92843 286.04351
v -14958.17765 -7194.63796 351.61052
v -14925.35137 -7141.48934 285.25288
v -14880.49950 -7091.70560 352.28637
v -14922.70371 -7039.86020 284.69298
v -14977.02502 -7024.62828 352.72935
v -14977.34098 -7100.96902 736.99397
v -15043.04767 -7059.58238 451.69026
v -15048.39748 -7106.86402 389.16914
v -15020.96808 -7138.67010 452.81623
v -14989.93043 -7177.19484 388.15326
v -14950.44987 -7147.86114 453.72027
v -14925.99779 -7116.17554 387.36263
v -14914.93614 -7068.70874 454.39612
v -14961.71657 -7053.80331 386.80273
v -15001.18625 -7035.90358 454.83910
v 16508.54708 -5095.18017 -440.18877
v 16520.69133 -5111.89529 -440.18877
v 16540.34114 -5105.51068 -440.18877
v 16540.34114 -5084.84965 -440.18877
v 16520.69133 -5078.46504 -440.18877
v 16508.54708 -5095.18017 471.53121
v 16520.69133 -5111.89529 471.53121
v 16540.34114 -5105.51068 471.53121
v 16540.34114 -5084.84965 471.53121
v 16520.69133 -5078.46504 471.53121
v 16530.19460 -5095.18017 152.97845
v 16546.36405 -4862.35948 -226.32367
v 16417.32219 -4939.97699 -238.35777
v 16262.07969 -5024.58395 -222.89982
v 16339.61651 -5182.27275 -241.75488
v 16436.64005 -5287.34835 -219.53532
v 16596.47595 -5357.17340 -245.08094
v 16678.64115 -5201.85143 -216.25344
v 16765.49538 -5074.10662 -248.31296
v 16705.10527 -4916.00261 -213.07688
v 16504.14737 -5095.18017 277.10418
v 16482.73626 -4934.21274 -102.19794
v 16362.74447 -4981.14114 -114.23204
v 16299.90510 -5115.30851 -98.77409
v 16414.95737 -5206.67423 -117.62915
v 16507.06556 -5316.77185 -95.40959
v 16644.24476 -5263.34691 -120.95521
v 16683.69336 -5137.15171 -92.12771
v 16740.33765 -4994.90430 -124.18723
v 16602.40657 -4930.95507 -88.95115
v 16502.99014 -5095.18017 401.22991
v 16448.43128 -4984.79336 21.92779
v 16335.42971 -5044.57685 9.89369
v 16380.21869 -5163.64509 25.35164
v 16464.31950 -5228.55584 6.49658
v 16578.87557 -5290.17521 28.71614
v 16643.35714 -5176.84813 3.17052
v 16692.11488 -5080.25420 31.99802
v 16663.03675 -4957.60378 -0.06150
v 16537.45839 -4961.90787 35.17458
v 16520.90008 -5095.18017 525.35564
v 16419.16088 -5020.81703 146.05353
v 16363.90134 -5109.91979 134.01943
v 16447.57133 -5174.25868 149.47737
v 16513.76924 -5242.03535 130.62231
v 16613.11508 -5218.53801 152.84187
v 16632.73326 -5123.36446 127.29625
v 16671.71878 -5026.69342 156.12375
v 16582.39303 -4973.44560 124.06423
v 16494.89076 -4980.16287 159.30031
v 16536.54726 -5095.18017 649.48137
v 16407.80547 -5064.01940 270.17926
v 16426.68464 -5142.06795 258.14516
v 16488.57174 -5176.61604 273.60311
v 16560.06662 -5219.72689 254.74805
v 16605.67867 -5150.38011 276.96760
v 16626.10599 -5086.00135 251.42198
v 16616.17432 -5004.35405 280.24948
v 16533.39084 -5007.79524 248.18997
v 16460.46401 -5002.25930 283.42604
v 16537.17684 -5095.18017 773.60710
v 16433.36383 -5103.78309 394.30499
v 16480.30734 -5141.47553 382.27089
v 16519.70406 -5173.22732 397.72884
v 16577.41977 -5167.63335 378.87378
v 16585.75708 -5110.82641 401.09334
v 16605.07661 -5057.86077 375.54771
v 16559.65174 -5022.28631 404.37521
v 16509.23261 -5033.43625 372.31570
v 16449.89032 -5042.39213 407.55178
v -9515.89048 16192.91801 -601.27140
v -9497.96636 16168.24758 -601.27140
v -9468.96452 16177.67085 -601.27140
v -9468.96452 16208.16518 -601.27140
v -9497.96636 16217.58845 -601.27140
v -9515.89048 16192.91801 744.36762
v -9497.96636 16168.24758 744.36762
v -9468.96452 16177.67085 744.36762
v -9468.96452 16208.16518 744.36762
v -9497.96636 16217.58845 744.36762
v -9527.31648 16192.91801 274.20459
v -9653.10436 16424.73393 -340.56386
v -9817.40473 16279.81318 -247.58403
v -9839.55038 16028.86918 -337.12333
v -9602.50632 15950.01332 -251.17943
v -9391.18895 15827.85932 -333.37928
v -9203.22308 15993.17823 -255.06566
v -9213.79117 16217.75013 -329.35758
v -9206.25204 16477.98823 -259.21586
v -9463.85490 16499.71219 -325.08606
v -9530.21540 16192.91801 457.40605
v -9682.86963 16327.04171 -157.36240
v -9831.95715 16161.84283 -64.38257
v -9687.65496 15993.88599 -153.92188
v -9511.39815 15937.94634 -67.97797
v -9287.30814 15905.56602 -150.17782
v -9249.51428 16129.35484 -71.86421
v -9227.44324 16316.39817 -146.15613
v -9348.19453 16499.58946 -76.01440
v -9550.96000 16417.59888 -141.88461
v -9499.34275 16192.91801 640.60751
v -9716.51645 16252.58800 25.83906
v -9754.92530 16067.97469 118.81888
v -9573.89116 16010.87633 29.27958
v -9420.25520 15937.19503 115.22349
v -9266.90591 16038.15905 33.02364
v -9292.45529 16211.04871 111.33725
v -9286.20797 16398.41212 37.04533
v -9469.95740 16433.28474 107.18705
v -9613.64578 16367.97373 41.31685
v -9470.26107 16192.91801 823.80896
v -9720.04773 16171.57755 209.04052
v -9636.00595 16045.33135 302.02034
v -9503.83214 16024.11642 212.48104
v -9349.06683 15993.93180 298.42494
v -9313.05345 16146.50586 216.22509
v -9318.50509 16273.95532 294.53871
v -9389.00298 16412.38104 220.24679
v -9533.64793 16352.66268 290.38851
v -9666.61919 16315.25490 224.51831
v -9467.30051 16192.91801 1007.01042
v -9662.44072 16111.18958 392.24197
v -9545.60560 16071.62361 485.22180
v -9447.46972 16038.18951 395.68250
v -9340.31320 16089.50616 481.62640
v -9364.17753 16204.70138 399.42655
v -9364.20531 16320.21903 477.74017
v -9476.62944 16356.77545 403.44825
v -9565.83856 16299.89152 473.58997
v -9673.76380 16240.96131 407.71977
v -9483.40313 16192.91801 1190.21188
v -9576.76605 16104.86385 575.44343
v -9497.33205 16101.05688 668.42326
v -9411.90086 16083.11514 578.88395
v -9383.98188 16165.32673 664.82786
v -9399.13140 16236.05335 582.62801
v -9432.64315 16318.12153 660.94162
v -9515.75774 16286.57371 586.64970
v -9583.81680 16257.65803 656.79143
v -9621.44477 16180.47470 590.92123
v -2564.39021 -11847.98710 -552.70319
v -2550.45268 -11867.17046 -552.70319
v -2527.90129 -11859.84307 -552.70319
v -2527.90129 -11836.13114 -552.70319
v -2550.45268 -11828.80375 -552.70319
v -2564.39021 -11847.98710 493.64541
v -2550.45268 -11867.17046 493.64541
v -2527.90129 -11859.84307 493.64541
v -2527.90129 -11836.13114 493.64541
v -2550.45268 -11828.80375 493.64541
v -2580.29039 -11847.98710 128.05373
v -2747.76568 -11794.37981 -358.86724
v -2822.48049 -11979.19517 -266.92873
v -2649.45391 -12076.20800 -359.90573
v -2483.94619 -12069.13996 -266.05106
v -2285.42269 -12027.55280 -360.62105
v -2322.36171 -11827.61982 -265.49931
v -2361.24437 -11663.43876 -361.00827
v -2519.13205 -11546.37143 -265.27729
v -2664.57802 -11677.65388 -361.06470
v -2552.83277 -11847.98710 270.50842
v -2758.15718 -11867.82882 -216.41255
v -2733.19226 -12038.94082 -124.47404
v -2559.28658 -12031.20137 -217.45104
v -2403.76837 -12046.36264 -123.59637
v -2303.41470 -11911.16666 -218.16637
v -2379.78960 -11770.26574 -123.04462
v -2433.32468 -11606.89794 -218.55358
v -2602.58052 -11634.63747 -122.82260
v -2705.82302 -11736.08244 -218.61001
v -2525.56354 -11847.98710 412.96311
v -2742.08991 -11941.74096 -73.95786
v -2626.26867 -12026.80415 17.98065
v -2501.73128 -12002.74340 -74.99635
v -2354.17146 -11979.32629 18.85832
v -2371.68858 -11831.82308 -75.71168
v -2417.94964 -11720.15474 19.41007
v -2525.67295 -11619.85041 -76.09889
v -2635.01515 -11719.99979 19.63208
v -2741.21567 -11796.49825 -76.15533
v -2521.68192 -11847.98710 555.41780
v -2677.56379 -11983.23363 68.49683
v -2554.85601 -11980.35266 160.43534
v -2451.71894 -11978.12028 67.45834
v -2369.06697 -11893.59200 161.31301
v -2430.67786 -11794.05941 66.74301
v -2470.11831 -11686.09244 161.86476
v -2587.67619 -11690.28146 66.35579
v -2651.65286 -11773.88995 162.08677
v -2732.42563 -11865.79705 66.29936
v -2537.15199 -11847.98710 697.87249
v -2599.65977 -11969.41089 210.95152
v -2517.70253 -11943.86891 302.89003
v -2424.43203 -11930.44010 209.91303
v -2426.55194 -11836.74129 303.76770
v -2468.09327 -11770.63027 209.19770
v -2532.45242 -11699.81537 304.31945
v -2605.05536 -11762.57036 208.81048
v -2663.36590 -11817.08353 304.54146
v -2672.95235 -11909.27733 208.75405
v -2551.40495 -11847.98710 840.32718
v -2550.38149 -11926.50612 353.40621
v -2495.16018 -11916.73329 445.34472
v -2442.46808 -11874.27749 352.36772
v -2479.33285 -11817.01983 446.22239
v -2504.63777 -11761.08099 351.65239
v -2570.22840 -11754.28414 446.77414
v -2603.00177 -11807.60667 351.26517
v -2647.85664 -11857.98967 446.99615
v -2604.72014 -11909.58049 351.20874
v 10926.75440 7771.54028 -565.32778
v 10936.17606 7758.57247 -565.32778
v 10951.42063 7763.52574 -565.32778
v 10951.42063 7779.55482 -565.32778
v 10936.17606 7784.50808 -565.32778
v 10926.75440 7771.54028 141.99599
v 10936.17606 7758.57247 141.99599
v 10951.42063 7763.52574 141.99599
v 10951.42063 7779.55482 141.99599
v 10936.17606 7784.50808 141.99599
v 10933.68170 7771.54028 -105.14123
v 10789.17641 7699.89327 -411.90690
v 10853.13503 7581.37845 -393.62167
v 10978.29365 7633.48135 -414.47398
v 11096.11596 7663.92031 -391.09066
v 11133.42879 7789.62567 -416.96454
v 11039.92757 7872.30990 -388.64485
v 10957.13574 7977.52968 -419.36137
v 10840.71980 7912.03690 -386.30115
v 10792.28048 7810.25155 -421.64788
v 10955.26276 7771.54028 -8.84293
v 10817.83458 7647.23686 -315.60861
v 10927.82628 7615.19523 -297.32337
v 11014.51443 7667.25884 -318.17568
v 11118.61993 7725.13403 -294.79236
v 11065.17869 7830.81001 -320.66625
v 11000.00735 7901.79170 -292.34655
v 10891.91371 7947.46109 -323.06307
v 10837.40542 7842.56888 -290.00286
v 10778.78451 7756.24758 -325.34958
v 10958.95445 7771.54028 87.45537
v 10875.41065 7629.22489 -219.31031
v 10969.54643 7666.11342 -201.02507
v 11048.72187 7696.97226 -221.87739
v 11088.80145 7785.72440 -198.49406
v 11013.01447 7845.33906 -224.36795
v 10952.00033 7917.74225 -196.04825
v 10862.21893 7881.29617 -226.76478
v 10836.33024 7798.53067 -193.70456
v 10799.78894 7704.59969 -229.05129
v 10946.50336 7771.54028 183.75366
v 10931.35593 7656.42709 -123.01201
v 10990.37778 7701.49262 -104.72678
v 11062.18576 7740.07078 -125.57909
v 11032.67012 7815.58126 -102.19577
v 10979.30390 7856.98080 -128.06966
v 10906.00073 7895.43445 -99.74996
v 10865.61830 7822.90445 -130.46648
v 10834.40512 7761.31115 -97.40626
v 10853.96180 7683.55129 -132.75299
v 10933.64658 7771.54028 280.05196
v 10960.22408 7700.33968 -26.71372
v 11005.75919 7726.72438 -8.42848
v 11038.54772 7781.10661 -29.28079
v 10987.62507 7819.71900 -5.89747
v 10947.31728 7860.88861 -31.77136
v 10887.30927 7845.77405 -3.45166
v 10875.57671 7788.22194 -34.16818
v 10852.24792 7729.37347 -1.10797
v 10906.87584 7697.77481 -36.45469
v 10931.69927 7771.54028 376.35025
v 10968.23510 7732.67456 69.58458
v 11006.77091 7754.52101 87.86982
v 10995.60183 7798.01715 67.01750
v 10961.12702 7817.29800 90.40083
v 10920.95349 7841.05921 64.52694
v 10895.87739 7801.99570 92.84664
v 10884.35328 7766.02623 62.13011
v 10890.45437 7720.51271 95.19033
v 10936.65370 7722.76703 59.84360
v -14337.42092 1784.16855 -448.69581
v -14322.58084 1763.74294 -448.69581
v -14298.56910 1771.54483 -448.69581
v -14298.56910 1796.79227 -448.69581
v -14322.58084 1804.59416 -448.69581
v -14337.42092 1784.16855 665.41096
v -14322.58084 1763.74294 665.41096
v -14298.56910 1771.54483 665.41096
v -14298.56910 1796.79227 665.41096
v -14322.58084 1804.59416 665.41096
v -14288.95475 1784.16855 276.14474
v -14447.50766 1496.02101 -159.47274
v -14240.07657 1509.84284 -226.24229
v -14124.70223 1652.53164 -162.73633
v -13983.25413 1815.96462 -222.86885
v -14140.10612 1962.84875 -166.21377
v -14295.36549 2043.29352 -219.29341
v -14508.04076 2053.88282 -169.88102
v -14535.68904 1841.16489 -215.54069
v -14581.90320 1657.54426 -173.71272
v -14281.45815 1784.16855 427.82433
v -14338.68067 1494.44297 -7.79315
v -14197.91307 1618.77355 -74.56269
v -14079.41015 1723.05329 -11.05673
v -14066.00438 1903.45253 -71.18926
v -14236.22294 1959.20483 -14.53418
v -14388.80914 2046.68251 -67.61382
v -14522.26030 1925.89758 -18.20143
v -14514.71664 1764.98394 -63.86110
v -14518.64950 1577.80153 -22.03313
v -14304.20976 1784.16855 579.50393
v -14256.47160 1570.67812 143.88645
v -14179.71640 1690.77398 77.11691
v -14075.63869 1807.58833 140.62286
v -14178.55036 1924.30586 80.49034
v -14302.01423 1963.82568 137.14542
v -14459.48495 1984.91300 84.06578
v -14484.55863 1827.56688 133.47817
v -14500.29828 1695.97385 87.81850
v -14413.86188 1568.64643 129.64647
v -14329.53526 1784.16855 731.18352
v -14229.17972 1663.06613 295.56605
v -14161.19934 1744.49411 228.79650
v -14136.70361 1870.12278 292.30246
v -14259.80704 1908.03646 232.16993
v -14364.57974 1958.12837 288.82501
v -14467.75234 1888.03637 235.74537
v -14450.18995 1770.95857 285.15776
v -14453.68786 1643.41156 239.49809
v -14328.41637 1621.33852 281.32606
v -14334.94644 1784.16855 882.86312
v -14229.60730 1725.21483 447.24564
v -14166.83320 1798.98194 380.47610
v -14222.38771 1879.95047 443.98205
v -14307.65693 1893.70550 383.84953
v -14407.99088 1912.39059 440.50461
v -14430.20908 1813.35077 387.42497
v -14426.91073 1730.82733 436.83736
v -14380.25352 1641.91509 391.17769
v -14287.04836 1681.18509 433.00566
v -14323.08494 1784.16855 1034.54271
v -14233.97212 1763.31518 598.92524
v -14213.44280 1833.55850 532.15569
v -14283.30855 1856.53912 595.66165
v -14341.97064 1876.59383 535.52912
v -14405.39744 1845.12782 592.18421
v -14390.89007 1776.65236 539.10456
v -14390.61760 1707.57581 588.51695
v -14323.22561 1686.71548 542.85729
v -14270.16671 1720.52566 584.68526
v 9866.23651 -11621.24834 -459.47306
v 9883.87446 -11645.52490 -459.47306
v 9912.41327 -11636.25208 -459.47306
v 9912.41327 -11606.24460 -459.47306
v 9883.87446 -11596.97178 -459.47306
v 9866.23651 -11621.24834 864.68229
v 9883.87446 -11645.52490 864.68229
v 9912.41327 -11636.25208 864.68229
v 9912.41327 -11606.24460 864.68229
v 9883.87446 -11596.97178 864.68229
v 9938.98342 -11621.24834 402.02560
v 9998.55013 -12004.58745 -96.53987
v 10121.23841 -11778.57175 -216.52558
v 10224.70277 -11588.80052 -95.92568
v 10157.24450 -11350.46503 -216.93117
v 9912.12138 -11358.67439 -95.72939
v 9674.78234 -11317.79771 -216.91782
v 9559.84016 -11535.81753 -95.95237
v 9645.09600 -11739.25314 -216.48561
v 9727.92379 -11981.86583 -96.59306
v 9908.21047 -11621.24834 582.30218
v 10072.68261 -11873.76971 83.73671
v 10116.02466 -11678.74610 -36.24901
v 10196.91990 -11474.91104 84.35090
v 10005.31554 -11370.69058 -36.65460
v 9823.75398 -11377.99573 84.54718
v 9606.27444 -11425.91625 -36.64124
v 9648.88617 -11645.14772 84.32420
v 9691.41024 -11825.98341 -36.20903
v 9866.42088 -11952.09272 83.68351
v 9872.07865 -11621.24834 762.57875
v 10069.94434 -11742.91699 264.01328
v 10121.99186 -11598.37625 144.02756
v 10092.92895 -11415.29655 264.62747
v 9906.62125 -11424.85060 143.62197
v 9739.20421 -11408.73319 264.82375
v 9633.64891 -11555.32850 143.63533
v 9715.68444 -11705.88836 264.60078
v 9774.26706 -11881.15013 144.06754
v 9955.65769 -11848.96858 263.96008
v 9862.86141 -11621.24834 942.85532
v 10045.85860 -11660.44981 444.28985
v 10097.07367 -11522.31977 324.30413
v 9975.47544 -11435.61181 444.90404
v 9846.47665 -11460.42951 323.89854
v 9693.38357 -11486.06013 445.10032
v 9713.29148 -11639.14687 323.91190
v 9761.04157 -11755.32903 444.87735
v 9874.07093 -11858.02640 324.34411
v 9986.75424 -11753.31238 444.23665
v 9879.98035 -11621.24834 1123.13189
v 10030.61185 -11607.19236 624.56642
v 10022.68937 -11486.70499 504.58070
v 9901.40033 -11490.61450 625.18061
v 9799.13163 -11492.72027 504.17511
v 9718.62681 -11577.37549 625.37690
v 9779.85363 -11675.30009 504.18847
v 9819.35738 -11782.21001 625.15392
v 9935.61265 -11776.41377 504.62068
v 9998.72165 -11693.99110 624.51322
v 9898.86000 -11621.24834 1303.40846
v 10002.11713 -11567.81999 804.84299
v 9941.42994 -11510.55747 684.85728
v 9866.98433 -11533.88237 805.45718
v 9781.91922 -11546.69421 684.45169
v 9784.94354 -11632.16263 805.65347
v 9822.60971 -11692.44406 684.46504
v 9881.92197 -11756.34663 805.43049
v 9947.57529 -11698.53814 684.89725
v 10000.93264 -11648.80376 804.78980
v 591.57732 16671.79394 -249.77027
v 602.90975 16656.19619 -249.77027
v 621.24602 16662.15400 -249.77027
v 621.24602 16681.43389 -249.77027
v 602.90975 16687.39170 -249.77027
v 591.57732 16671.79394 601.00324
v 602.90975 16656.19619 601.00324
v 621.24602 16662.15400 601.00324
v 621.24602 16681.43389 601.00324
v 602.90975 16687.39170 601.00324
v 620.15281 16671.79394 303.74503
v 797.87179 16542.12790 -39.59317
v 778.50875 16688.73530 -71.91052
v 783.02121 16851.00123 -36.67455
v 623.33937 16874.83686 -74.76820
v 498.94768 16823.67400 -33.88277
v 359.88987 16735.15334 -77.48926
v 445.16382 16593.52989 -31.23713
v 520.63133 16478.58207 -80.05490
v 674.33075 16435.31462 -28.75593
v 593.06272 16671.79394 419.57323
v 766.41938 16631.48702 76.23503
v 765.91118 16747.89365 43.91768
v 697.65559 16870.65757 79.15365
v 567.52510 16815.44956 41.06000
v 444.17079 16783.42265 81.94544
v 407.12626 16651.65091 38.33894
v 504.63801 16565.79808 84.59108
v 591.87428 16456.26890 35.77330
v 712.62562 16526.30547 87.07227
v 585.35069 16671.79394 535.40143
v 731.83206 16684.33194 192.06323
v 732.41576 16799.66907 159.74588
v 619.70852 16830.79420 194.98185
v 531.49879 16777.91091 156.88821
v 425.78712 16717.96137 197.77364
v 481.52618 16610.71803 154.16714
v 547.83437 16538.09075 200.41928
v 658.53215 16492.90578 151.60150
v 713.29362 16600.16886 202.90047
v 598.29074 16671.79394 651.22963
v 711.25386 16721.79516 307.89143
v 671.16654 16812.61869 275.57408
v 578.59248 16775.40472 310.81005
v 500.20006 16744.94618 272.71641
v 461.88954 16656.86728 313.60184
v 536.78486 16598.49772 269.99534
v 597.43580 16527.06416 316.24748
v 685.59015 16564.31617 267.42970
v 711.09462 16645.76645 318.72867
v 614.30844 16671.79394 767.05783
v 684.09972 16750.31145 423.71963
v 615.73830 16779.72900 391.40228
v 560.49647 16737.41690 426.63825
v 493.14151 16700.66543 388.54461
v 521.81567 16629.97908 429.43004
v 571.81182 16590.99120 385.82354
v 641.05206 16555.58964 432.07568
v 678.38043 16624.10538 383.25790
v 707.87583 16682.09540 434.55688
v 618.35854 16671.79394 882.88603
v 643.45454 16751.25588 539.54783
v 590.44595 16733.17300 507.23049
v 550.88657 16710.38799 542.46645
v 523.10313 16662.96156 504.37281
v 567.38524 16629.84563 545.25824
v 602.46534 16594.11141 501.65174
v 654.25697 16607.95804 547.90388
v 664.28984 16657.69220 499.08611
v 684.22790 16708.88653 550.38508
v -12144.93350 -12308.51725 259.52365
v -12134.39969 -12323.01579 259.52365
v -12117.35563 -12317.47784 259.52365
v -12117.35563 -12299.55665 259.52365
v -12134.39969 -12294.01870 259.52365
v -12144.93350 -12308.51725 1050.34092
v -12134.39969 -12323.01579 1050.34092
v -12117.35563 -12317.47784 1050.34092
v -12117.35563 -12299.55665 1050.34092
v -12134.39969 -12294.01870 1050.34092
v -12145.66112 -12308.51725 774.03127
v -11955.50217 -12290.88401 420.32254
v -11998.75836 -12173.97030 459.51968
v -12112.50008 -12075.53851 422.88735
v -12223.13346 -12178.85992 456.89151
v -12335.46246 -12256.37386 425.57434
v -12324.34067 -12402.53376 454.15035
v -12194.72234 -12453.09152 428.36492
v -12066.74667 -12531.23993 451.31517
v -11970.99343 -12416.44564 431.23980
v -12154.49346 -12308.51725 881.69675
v -12006.85987 -12249.04949 527.98803
v -12049.61367 -12130.05887 567.18516
v -12177.37652 -12140.37332 530.55283
v -12248.33396 -12227.98895 564.55699
v -12334.65827 -12329.46014 533.23982
v -12236.94718 -12418.94442 561.81584
v -12141.36433 -12468.80908 536.03040
v -12010.38572 -12473.72843 558.98065
v -11994.31363 -12342.68701 538.90529
v -12140.66104 -12308.51725 989.36224
v -12039.22320 -12215.20466 635.65351
v -12117.15097 -12134.13807 674.85064
v -12201.19610 -12209.68849 638.21832
v -12272.77573 -12272.54315 672.22247
v -12279.32912 -12381.13837 640.90530
v -12176.97048 -12414.15491 669.48132
v -12084.69391 -12466.60391 643.69589
v -12005.36611 -12392.72958 666.64613
v -12009.86385 -12296.16094 646.57077
v -12122.15863 -12308.51725 1097.02772
v -12076.65777 -12189.73667 743.31899
v -12165.04097 -12184.74911 782.51613
v -12209.50842 -12254.55865 745.88380
v -12269.77867 -12323.09553 779.88796
v -12208.90832 -12390.38265 748.57079
v -12137.14238 -12413.55442 777.14680
v -12045.33653 -12424.86986 751.36137
v -12031.57263 -12333.08765 774.31162
v -12022.26789 -12256.26133 754.23625
v -12116.29346 -12308.51725 1204.69320
v -12121.84501 -12196.49832 850.98448
v -12178.09914 -12241.87287 890.18161
v -12215.96997 -12286.99624 853.54928
v -12228.66313 -12356.77860 887.55344
v -12160.33271 -12377.32693 856.23627
v -12101.99816 -12405.12074 884.81228
v -12045.34474 -12365.41971 859.02685
v -12055.18939 -12300.69420 881.97710
v -12053.67337 -12229.81589 861.90174
v -12123.50071 -12308.51725 1312.35869
v -12150.69469 -12235.49244 958.64996
v -12174.03596 -12278.65884 997.84709
v -12206.04685 -12316.60759 961.21477
v -12177.04400 -12357.63738 995.21892
v -12133.56949 -12364.69063 963.90175
v -12082.17022 -12373.80573 992.47777
v -12071.36073 -12323.00810 966.69234
v -12072.93153 -12280.77588 989.64258
v -12097.32153 -12235.65460 969.56722
v 18639.67056 954.32368 617.62821
v 18656.76310 930.79782 617.62821
v 18684.41942 939.78390 617.62821
v 18684.41942 968.86347 617.62821
v 18656.76310 977.84955 617.62821
v 18639.67056 954.32368 1900.83728
v 18656.76310 930.79782 1900.83728
v 18684.41942 939.78390 1900.83728
v 18684.41942 968.86347 1900.83728
v 18656.76310 977.84955 1900.83728
v 18618.03742 954.32368 1452.48712
v 18841.98266 1137.48752 852.63992
v 18690.62997 1319.03656 970.11307
v 18472.88236 1219.02622 852.73500
v 18404.43947 1019.68329 969.81495
v 18317.89301 786.15880 853.23564
v 18546.84012 691.65298 969.11267
v 18746.65324 665.35738 854.13835
v 18979.81299 740.67758 968.01109
v 18924.03741 981.09667 855.43689
v 18643.41013 954.32368 1627.18908
v 18765.80062 1181.42792 1027.34187
v 18572.52017 1276.02070 1144.81502
v 18471.01308 1085.05940 1027.43696
v 18383.58358 925.10011 1144.51691
v 18443.06180 725.58546 1027.93759
v 18648.73016 733.40027 1143.81463
v 18849.02597 699.66691 1028.84030
v 18943.15288 884.51978 1142.71305
v 18871.70045 1055.16344 1030.13885
v 18679.29624 954.32368 1801.89104
v 18682.37310 1210.89883 1202.04383
v 18514.83062 1160.23921 1319.51698
v 18479.56836 1000.42781 1202.13892
v 18414.09148 832.26602 1319.21886
v 18572.77104 748.55829 1202.63955
v 18721.77780 754.17658 1318.51659
v 18899.96772 795.40349 1203.54226
v 18863.30454 975.20954 1317.41500
v 18828.49905 1124.21355 1204.84081
v 18692.22161 954.32368 1976.59300
v 18599.94913 1178.40555 1376.74579
v 18522.53014 1049.84779 1494.21894
v 18480.78959 934.86891 1376.84088
v 18505.71626 789.71829 1493.92082
v 18653.62771 798.28937 1377.34151
v 18787.20063 785.61082 1493.21854
v 18869.43802 903.38645 1378.24422
v 18804.15100 1022.62655 1492.11696
v 18756.64260 1161.95670 1379.54277
v 18678.34650 954.32368 2151.29495
v 18563.55280 1092.62136 1551.44775
v 18547.50417 983.25077 1668.92090
v 18509.08017 878.22441 1551.54284
v 18602.14305 813.80620 1668.62278
v 18699.58452 832.46152 1552.04347
v 18815.38766 852.87510 1667.92050
v 18799.02417 968.71391 1552.94618
v 18763.07964 1056.86534 1666.81892
v 18676.61739 1133.50429 1554.24473
v 18659.60039 954.32368 2325.99691
v 18579.47254 1011.27881 1726.14971
v 18567.22723 943.84357 1843.62286
v 18573.67665 859.85904 1726.24479
v 18658.29096 863.31843 1843.32474
v 18729.87562 864.72517 1726.74543
v 18785.20147 924.55341 1842.62246
v 18742.26615 992.55936 1727.64814
v 18714.33145 1067.27761 1841.52088
v 18633.19257 1062.07980 1728.94668
v -9479.31442 7813.37472 -544.72783
v -9463.50279 7791.61187 -544.72783
v -9437.91904 7799.92454 -544.72783
v -9437.91904 7826.82489 -544.72783
v -9463.50279 7835.13756 -544.72783
v -9479.31442 7813.37472 642.31777
v -9463.50279 7791.61187 642.31777
v -9437.91904 7799.92454 642.31777
v -9437.91904 7826.82489 642.31777
v -9463.50279 7835.13756 642.31777
v -9478.80890 7813.37472 227.56690
v -9437.91683 8077.78754 -301.33906
v -9665.98257 8101.85449 -242.74638
v -9697.81912 7873.58374 -305.09388
v -9726.89158 7681.49439 -239.09940
v -9594.43602 7503.49099 -308.62670
v -9391.39217 7586.47384 -235.68684
v -9178.54359 7625.89846 -311.91310
v -9151.86327 7845.35689 -232.53230
v -9285.75592 7990.08097 -314.93034
v -9440.18807 7813.37472 389.17672
v -9534.00194 8083.04032 -139.72924
v -9686.75242 7968.44702 -81.13655
v -9663.10617 7791.47698 -143.48405
v -9667.30081 7594.64625 -77.48958
v -9473.36772 7568.22096 -147.01688
v -9322.76357 7629.72072 -74.07702
v -9155.57264 7738.63025 -150.30327
v -9260.40971 7909.18469 -70.92247
v -9351.82023 8048.86737 -153.32052
v -9425.07841 7813.37472 550.78654
v -9611.29806 8025.73714 21.88058
v -9643.58531 7859.68502 80.47327
v -9643.34175 7721.80191 18.12577
v -9560.84319 7577.73883 84.12024
v -9407.53490 7643.98583 14.59295
v -9261.19597 7682.18973 87.53280
v -9219.63905 7838.68724 11.30655
v -9334.85956 7939.71385 90.68735
v -9439.01983 8068.88536 8.28931
v -9439.93069 7813.37472 712.39636
v -9624.71752 7926.22328 183.49041
v -9598.16892 7798.08943 242.08309
v -9598.26498 7665.70395 179.73559
v -9468.63153 7631.84637 245.73006
v -9367.84947 7692.14345 176.20277
v -9247.36302 7761.84889 249.14263
v -9312.57925 7884.01897 172.91637
v -9388.33094 7967.45269 252.29717
v -9515.58504 8017.57894 169.89913
v -9462.60442 7813.37472 874.00619
v -9583.97208 7844.68125 345.10023
v -9569.04903 7757.93896 403.69291
v -9524.28625 7659.46476 341.34542
v -9423.73566 7700.89787 407.33989
v -9337.99943 7734.11716 337.81259
v -9297.60280 7830.65331 410.75245
v -9379.34395 7893.78528 334.52620
v -9445.94496 7971.62013 413.90700
v -9541.53746 7929.62029 331.50895
v -9470.52514 7813.37472 1035.61601
v -9536.88176 7804.54670 506.71005
v -9532.63609 7733.73662 565.30274
v -9463.50084 7705.16701 502.95524
v -9408.21002 7747.63804 568.94971
v -9340.66732 7785.07344 499.42242
v -9370.41358 7855.81684 572.36227
v -9420.49970 7895.08330 496.13602
v -9490.42423 7929.90593 575.51682
v -9527.31182 7860.71358 493.11878
v 1816.57976 -13120.54297 -593.43905
v 1826.23879 -13133.83748 -593.43905
v 1841.86742 -13128.75943 -593.43905
v 1841.86742 -13112.32651 -593.43905
v 1826.23879 -13107.24846 -593.43905
v 1816.57976 -13120.54297 131.70472
v 1826.23879 -13133.83748 131.70472
v 1841.86742 -13128.75943 131.70472
v 1841.86742 -13112.32651 131.70472
v 1826.23879 -13107.24846 131.70472
v 1841.99032 -13120.54297 -121.65876
v 1714.19882 -12960.98348 -412.96189
v 1640.86786 -13073.60493 -440.66792
v 1699.20791 -13184.89549 -415.49426
v 1743.93489 -13316.03488 -438.09201
v 1878.52342 -13286.70412 -418.10926
v 1963.24820 -13209.70140 -435.44245
v 2047.49755 -13097.35273 -420.78880
v 1937.02953 -13009.89694 -432.73756
v 1842.88808 -12939.61069 -423.51436
v 1853.14658 -13120.54297 -22.93437
v 1673.28903 -13015.08181 -314.23750
v 1692.45936 -13135.43590 -341.94353
v 1726.68653 -13228.68991 -316.76987
v 1818.10752 -13305.80621 -339.36762
v 1905.49538 -13223.09976 -319.38486
v 1995.09433 -13161.09353 -336.71806
v 1984.55772 -13044.91569 -322.06441
v 1881.62336 -13005.00844 -334.01317
v 1779.22131 -12943.32147 -324.78996
v 1842.84148 -13120.54297 75.79002
v 1684.07932 -13084.58769 -215.51311
v 1735.34947 -13167.40944 -243.21914
v 1769.07343 -13260.00516 -218.04547
v 1868.36233 -13250.59157 -240.64323
v 1923.44398 -13182.70412 -220.66047
v 1989.90255 -13103.20832 -237.99366
v 1913.11611 -13034.42661 -223.34001
v 1838.85008 -12995.42063 -235.28877
v 1737.07240 -12992.85095 -226.06557
v 1825.73302 -13120.54297 174.51442
v 1728.51028 -13131.74100 -116.78871
v 1762.71998 -13191.43809 -144.49474
v 1821.98655 -13251.75169 -119.32108
v 1884.71742 -13194.37361 -141.91883
v 1938.77142 -13146.99816 -121.93608
v 1942.55922 -13065.28072 -139.26927
v 1865.61192 -13040.83193 -124.61562
v 1795.84134 -13001.52811 -136.56438
v 1736.90324 -13057.99334 -127.34118
v 1818.60647 -13120.54297 273.23881
v 1769.03641 -13150.97002 -18.06432
v 1793.00974 -13206.14498 -45.77035
v 1856.39295 -13208.80038 -20.59669
v 1888.08910 -13158.88839 -43.19444
v 1931.00980 -13109.42519 -23.21169
v 1886.74127 -13061.71874 -40.54488
v 1835.42264 -13045.00253 -25.89123
v 1769.59233 -13037.59531 -37.83999
v 1760.32717 -13103.44281 -28.61679
v 1823.97130 -13120.54297 371.96320
v 1794.46724 -13158.40171 80.66007
v 1825.85989 -13194.58931 52.95404
v 1862.71891 -13164.21348 78.12770
v 1887.84161 -13134.43381 55.52995
v 1895.63079 -13088.28434 75.51271
v 1850.47361 -13075.02562 58.17951
v 1811.79613 -13056.66744 72.83316
v 1774.76232 -13083.42890 60.88440
v 1781.32653 -13126.03843 70.10761
v 8244.26118 12000.31193 -532.63316
v 8257.15189 11982.56939 -532.63316
v 8278.00949 11989.34644 -532.63316
v 8278.00949 12011.27742 -532.63316
v 8257.15189 12018.05447 -532.63316
v 8244.26118 12000.31193 435.12652
v 8257.15189 11982.56939 435.12652
v 8278.00949 11989.34644 435.12652
v 8278.00949 12011.27742 435.12652
v 8257.15189 12018.05447 435.12652
v 8297.64674 12000.31193 96.99362
v 7980.16960 12069.71605 -267.10653
v 8071.31015 11905.99385 -354.83148
v 8169.90991 11789.35088 -267.69741
v 8342.60745 11726.16933 -354.08989
v 8425.21881 11891.69567 -268.58843
v 8521.93718 12028.49011 -353.05097
v 8445.46821 12190.73232 -269.77344
v 8275.75895 12194.10230 -351.72192
v 8095.33589 12229.20969 -271.24424
v 8282.24943 12000.31193 228.74885
v 8026.94150 11974.41770 -135.35130
v 8147.44340 11879.63555 -223.07624
v 8247.27812 11760.93289 -135.94217
v 8388.99694 11828.43688 -222.33465
v 8433.79686 11958.53631 -136.83319
v 8489.15264 12111.93886 -221.29574
v 8338.50211 12172.19167 -138.01820
v 8207.64789 12189.78111 -219.96669
v 8055.78207 12138.65129 -139.48900
v 8255.06952 12000.31193 360.50409
v 8113.26791 11926.29984 -3.59607
v 8198.81727 11854.18041 -91.32101
v 8322.98840 11795.09171 -4.18694
v 8386.82290 11917.72585 -90.57942
v 8442.98004 12020.24102 -5.07796
v 8403.19804 12147.18840 -89.54051
v 8272.01648 12141.62904 -6.26297
v 8143.51472 12162.76486 -88.21145
v 8084.96518 12043.64022 -7.73377
v 8242.50516 12000.31193 492.25932
v 8182.03728 11915.47140 128.15917
v 8252.80747 11840.99495 40.43423
v 8356.04598 11873.85237 127.56829
v 8377.66643 11972.48580 41.17581
v 8417.55686 12076.97240 126.67727
v 8318.60135 12127.58243 42.21473
v 8226.48358 12124.34735 125.49226
v 8116.53659 12097.68011 43.54378
v 8140.23328 11986.61751 124.02146
v 8250.71276 12000.31193 624.01456
v 8224.15557 11911.49494 259.91440
v 8301.78034 11868.45813 172.18946
v 8346.63166 11944.73978 259.32353
v 8371.43606 12012.52793 172.93105
v 8355.67396 12097.79399 258.43251
v 8268.66012 12092.18137 173.96996
v 8189.68381 12099.56023 257.24750
v 8142.23212 12029.45793 175.29902
v 8180.72570 11959.47125 255.77670
v 8264.90714 12000.31193 755.76979
v 8257.68764 11915.39354 391.66964
v 8318.06617 11925.71720 303.94469
v 8326.53982 11985.00951 391.07876
v 8347.20832 12042.29455 304.68628
v 8296.12959 12076.60968 390.18774
v 8243.32433 12066.55574 305.72520
v 8180.49492 12054.91490 389.00273
v 8190.07724 11992.04348 307.05425
v 8209.49050 11944.05906 387.53193
v -14829.43979 -3406.21922 -433.30652
v -14811.42112 -3431.01978 -433.30652
v -14782.26632 -3421.54681 -433.30652
v -14782.26632 -3390.89163 -433.30652
v -14811.42112 -3381.41866 -433.30652
v -14829.43979 -3406.21922 919.43022
v -14811.42112 -3431.01978 919.43022
v -14782.26632 -3421.54681 919.43022
v -14782.26632 -3390.89163 919.43022
v -14811.42112 -3381.41866 919.43022
v -14772.23020 -3406.21922 446.78726
v -15146.03333 -3575.69428 -84.20910
v -14911.40739 -3652.53465 -165.03026
v -14694.83677 -3776.97276 -80.37753
v -14517.72842 -3596.60074 -168.71541
v -14521.79781 -3375.05607 -76.84519
v -14522.76674 -3112.43101 -172.08885
v -14783.93284 -3104.47238 -73.63649
v -14991.59386 -3150.12091 -175.12725
v -15193.09367 -3311.32619 -70.77364
v -14816.29912 -3406.21922 630.95504
v -14993.26543 -3605.42207 99.95867
v -14820.02124 -3668.74462 19.13751
v -14594.33507 -3690.05686 103.79024
v -14564.80490 -3464.06817 15.45237
v -14535.79097 -3273.57448 107.32259
v -14669.15439 -3099.47732 12.07893
v -14869.15325 -3182.23867 110.53128
v -15080.09218 -3222.14636 9.04052
v -15103.42212 -3439.71302 113.39414
v -14838.12970 -3406.21922 815.12281
v -14883.22026 -3589.20333 284.12645
v -14726.48864 -3667.03344 203.30528
v -14580.49571 -3554.16439 287.95802
v -14603.50966 -3383.72176 199.62014
v -14600.70988 -3193.24336 291.49036
v -14788.59925 -3170.06159 196.24670
v -14934.09979 -3229.03933 294.69906
v -15094.44179 -3335.92211 193.20830
v -14991.66036 -3499.78404 297.56191
v -14825.19244 -3406.21922 999.29058
v -14814.01665 -3579.22962 468.29422
v -14657.18976 -3603.93218 387.47306
v -14628.61454 -3448.24918 472.12579
v -14628.51407 -3319.13322 383.78791
v -14707.29622 -3185.53097 475.65814
v -14850.06033 -3248.33126 380.41447
v -14987.28752 -3284.37258 478.86683
v -15024.02214 -3431.26756 377.37607
v -14916.41656 -3525.25408 481.72969
v -14799.50070 -3406.21922 1183.45836
v -14756.39130 -3564.49063 652.46199
v -14653.20056 -3505.49730 571.64083
v -14677.20678 -3391.77910 656.29356
v -14677.64821 -3273.60555 567.95569
v -14793.58900 -3245.04186 659.82591
v -14883.15440 -3298.50440 564.58225
v -14989.93624 -3361.52950 663.03460
v -14930.63552 -3469.75762 561.54385
v -14863.32025 -3544.30788 665.89746
v -14788.06843 -3406.21922 1367.62613
v -14721.92086 -3515.94783 836.62977
v -14698.86681 -3431.14588 755.80860
v -14710.90971 -3359.95578 840.46134
v -14748.52152 -3279.58942 752.12346
v -14830.73864 -3314.29142 843.99368
v -14901.33470 -3341.57778 748.75002
v -14933.35943 -3421.22195 847.20238
v -14866.20496 -3472.63403 745.71162
v -14811.13957 -3536.47388 850.06523
v 14476.06276 -8212.34968 -338.87190
v 14489.22385 -8230.46436 -338.87190
v 14510.51895 -8223.54517 -338.87190
v 14510.51895 -8201.15418 -338.87190
v 14489.22385 -8194.23499 -338.87190
v 14476.06276 -8212.34968 649.18656
v 14489.22385 -8230.46436 649.18656
v 14510.51895 -8223.54517 649.18656
v 14510.51895 -8201.15418 649.18656
v 14489.22385 -8194.23499 649.18656
v 14484.22399 -8212.34968 303.96131
v 14402.47578 -8424.60986 -126.47839
v 14557.69224 -8424.67585 -100.70468
v 14742.24084 -8376.40189 -122.85090
v 14700.37564 -8189.24291 -104.37047
v 14668.34430 -8030.29077 -119.15315
v 14512.68903 -7931.15292 -108.09380
v 14378.47555 -8054.28238 -115.41070
v 14223.24901 -8146.69386 -111.84890
v 14267.58519 -8325.40639 -111.64943
v 14465.16114 -8212.34968 438.48012
v 14484.53933 -8384.00613 8.04042
v 14634.35379 -8400.69045 33.81412
v 14719.15059 -8266.23532 11.66790
v 14650.18324 -8135.11305 30.14833
v 14596.18594 -7980.15330 15.36565
v 14437.30084 -8016.89301 26.42501
v 14336.98425 -8107.59451 19.10811
v 14238.80816 -8241.44399 22.66990
v 14370.37858 -8343.67981 22.86938
v 14475.68050 -8212.34968 572.99892
v 14539.00391 -8360.25177 142.55922
v 14677.66290 -8333.04259 168.33292
v 14654.04069 -8194.15808 146.18670
v 14614.71936 -8086.17607 164.66713
v 14508.07663 -7998.51759 149.88446
v 14407.88054 -8094.59434 160.94381
v 14304.14712 -8166.60860 153.62691
v 14318.26537 -8300.63581 157.18870
v 14436.91636 -8346.37562 157.38818
v 14498.71964 -8212.34968 707.51772
v 14587.07760 -8336.26000 277.07802
v 14658.77327 -8251.39024 302.85172
v 14601.24868 -8159.23789 280.70551
v 14562.98638 -8055.62114 299.18594
v 14452.03388 -8067.70089 284.40326
v 14390.52884 -8143.34760 295.46261
v 14316.97231 -8232.90828 288.14571
v 14403.72646 -8308.92834 291.70750
v 14486.72373 -8352.81004 291.90698
v 14510.61811 -8212.34968 842.03652
v 14610.83619 -8288.55056 411.59683
v 14603.31031 -8199.75995 437.37053
v 14567.08694 -8136.13778 415.22431
v 14503.31835 -8072.66526 433.70474
v 14437.07125 -8134.30573 418.92206
v 14379.31497 -8184.84214 429.98142
v 14376.50283 -8271.83895 422.66451
v 14458.34393 -8297.46036 426.22631
v 14532.99110 -8339.12267 426.42578
v 14505.14936 -8212.34968 976.55533
v 14590.67968 -8234.95846 546.11563
v 14555.23308 -8182.12343 571.88933
v 14531.51566 -8127.85508 549.74311
v 14469.26449 -8126.15047 568.22354
v 14438.31167 -8175.02667 553.44086
v 14396.45695 -8223.92187 564.50022
v 14440.53644 -8270.24186 557.18332
v 14490.80645 -8286.76310 560.74511
v 14555.45569 -8293.33852 560.94459
v -5380.29077 16542.11628 -241.51616
v -5370.71747 16528.93977 -241.51616
v -5355.22755 16533.97275 -241.51616
v -5355.22755 16550.25981 -241.51616
v -5370.71747 16555.29280 -241.51616
v -5380.29077 16542.11628 477.19159
v -5370.71747 16528.93977 477.19159
v -5355.22755 16533.97275 477.19159
v -5355.22755 16550.25981 477.19159
v -5370.71747 16555.29280 477.19159
v -5391.53338 16542.11628 226.07683
v -5325.43132 16403.95003 -108.78251
v -5202.70233 16433.86558 -45.58352
v -5174.58585 16564.07590 -107.96693
v -5266.55558 16647.47809 -46.50701
v -5353.59058 16753.94695 -106.93713
v -5468.10849 16679.36927 -47.64133
v -5521.01494 16579.14238 -105.70024
v -5559.83771 16445.56426 -48.97864
v -5426.88710 16402.89076 -104.26482
v -5383.10349 16542.11628 323.92500
v -5287.55823 16435.84238 -10.93434
v -5183.82480 16498.55589 52.26464
v -5243.71414 16603.52618 -10.11876
v -5307.16434 16678.97599 51.34116
v -5418.88664 16718.24531 -9.08897
v -5471.36733 16611.34951 50.20683
v -5533.77666 16522.80373 -7.85208
v -5482.97481 16418.95202 48.86952
v -5373.90633 16416.99478 -6.41666
v -5363.23643 16542.11628 421.77316
v -5252.20132 16466.89759 86.91382
v -5218.30041 16559.35268 150.11281
v -5294.20470 16618.59734 87.72940
v -5357.55513 16693.24194 149.18932
v -5446.26535 16649.46214 88.75920
v -5474.48447 16567.78363 148.05500
v -5508.50906 16470.85721 89.99608
v -5413.17068 16433.92844 146.71769
v -5330.72822 16422.61697 91.43151
v -5352.00064 16542.11628 519.62133
v -5240.92523 16512.42444 184.76198
v -5275.84551 16587.65953 247.96097
v -5327.82530 16631.72817 185.57757
v -5403.84244 16666.87421 247.03748
v -5442.09379 16591.83228 186.60736
v -5476.46501 16529.20964 245.90316
v -5451.15667 16452.24339 187.84425
v -5371.41834 16455.96208 244.56585
v -5292.85041 16443.35872 189.27967
v -5356.29815 16542.11628 617.46949
v -5267.95261 16553.76190 282.61015
v -5319.87075 16591.60618 345.80914
v -5361.15921 16634.87136 283.42573
v -5420.79921 16614.93346 344.88565
v -5433.23653 16557.85321 284.45553
v -5456.00852 16496.98010 343.75133
v -5398.15734 16468.30501 285.69241
v -5344.75198 16470.03971 342.41402
v -5281.15069 16486.18764 287.12784
v -5366.67067 16542.11628 715.31766
v -5312.20325 16569.50821 380.45831
v -5345.95524 16589.89587 443.65730
v -5387.69315 16612.53435 381.27390
v -5411.27203 16571.45895 442.73381
v -5424.65018 16535.17736 382.30369
v -5415.64364 16489.72041 441.59949
v -5369.18350 16493.01660 383.54058
v -5326.79750 16489.12517 440.26218
v -5301.96012 16526.99047 384.97600
v -7710.34906 -16854.85286 -375.48807
v -7694.78063 -16876.28097 -375.48807
v -7669.59039 -16868.09616 -375.48807
v -7669.59039 -16841.60957 -375.48807
v -7694.78063 -16833.42476 -375.48807
v -7710.34906 -16854.85286 793.29938
v -7694.78063 -16876.28097 793.29938
v -7669.59039 -16868.09616 793.29938
v -7669.59039 -16841.60957 793.29938
v -7694.78063 -16833.42476 793.29938
v -7719.04515 -16854.85286 384.92786
v -7480.72272 -16991.21626 -147.48843
v -7338.44589 -16814.20150 -66.91585
v -7511.28482 -16667.93349 -150.34619
v -7671.42577 -16575.90781 -64.20240
v -7893.27987 -16578.56974 -152.91064
v -7916.97004 -16800.41684 -61.79140
v -7969.92283 -16996.34721 -155.16403
v -7813.79607 -17146.48468 -59.69951
v -7620.58313 -17079.86009 -157.09080
v -7681.68146 -16854.85286 544.05193
v -7432.54350 -16915.24263 11.63564
v -7432.26935 -16726.37907 92.20822
v -7607.98179 -16669.56062 8.77788
v -7771.20463 -16576.74139 94.92167
v -7902.23522 -16713.95554 6.21344
v -7899.36009 -16879.66721 97.33268
v -7896.91653 -17076.66776 3.96004
v -7700.86712 -17080.50078 99.42457
v -7544.89827 -17046.66207 2.03327
v -7659.21225 -16854.85286 703.17601
v -7434.00458 -16824.83954 170.75971
v -7550.13069 -16708.51805 251.33230
v -7676.83545 -16661.80468 167.90196
v -7842.22273 -16648.03405 254.04574
v -7862.43652 -16813.71601 165.33751
v -7883.86639 -16953.64300 256.45675
v -7784.45653 -17079.71835 163.08411
v -7638.55083 -17018.61391 258.54864
v -7483.73300 -16988.68818 161.15735
v -7666.72071 -16854.85286 862.30008
v -7503.60656 -16761.81135 329.88379
v -7632.10428 -16724.87879 410.45637
v -7743.69069 -16669.76395 327.02603
v -7846.05138 -16751.29773 413.16982
v -7829.63328 -16871.75676 324.46159
v -7830.71152 -17007.00493 415.58082
v -7697.15846 -17021.77932 322.20819
v -7593.99621 -16980.27920 417.67272
v -7481.18731 -16903.32760 320.28142
v -7688.34765 -16854.85286 1021.42416
v -7594.00992 -16754.77908 489.00786
v -7681.37119 -16737.67073 569.58045
v -7787.41080 -16721.97110 486.15011
v -7805.61762 -16827.33370 572.29389
v -7805.90252 -16914.63332 483.58566
v -7751.61276 -17004.06279 574.70490
v -7655.63528 -16961.10653 481.33226
v -7562.73381 -16936.54712 576.79679
v -7539.37304 -16837.01802 479.40550
v -7700.10641 -16854.85286 1180.54823
v -7655.67649 -16779.48142 648.13194
v -7717.79411 -16756.21810 728.70452
v -7781.45353 -16793.82312 645.27418
v -7766.29726 -16864.35605 731.41797
v -7765.68378 -16938.07475 642.70974
v -7693.22683 -16954.86363 733.82897
v -7637.59055 -16921.73903 640.45634
v -7571.46509 -16881.91957 735.92086
v -7609.12305 -16814.92085 638.52957
v 11421.54214 4856.19563 -547.51266
v 11438.79753 4832.44563 -547.51266
v 11466.71732 4841.51732 -547.51266
v 11466.71732 4870.87393 -547.51266
v 11438.79753 4879.94562 -547.51266
v 11421.54214 4856.19563 747.92142
v 11438.79753 4832.44563 747.92142
v 11466.71732 4841.51732 747.92142
v 11466.71732 4870.87393 747.92142
v 11438.79753 4879.94562 747.92142
v 11454.35045 4856.19563 295.29988
v 11779.15642 4895.53036 -241.04181
v 11696.79147 5122.19105 -258.45330
v 11461.14757 5113.40885 -245.93458
v 11224.72195 5153.27792 -253.53888
v 11127.63070 4931.31873 -250.86216
v 11203.63616 4733.80748 -248.60667
v 11292.82377 4498.57647 -255.79047
v 11529.66211 4579.81890 -243.69078
v 11701.92951 4688.69909 -260.68542
v 11483.90634 4856.19563 471.66620
v 11744.71730 5006.81178 -64.67548
v 11549.99011 5097.59236 -82.08697
v 11373.47291 5098.16030 -69.56825
v 11164.22325 5040.94006 -77.17255
v 11213.66406 4828.44063 -74.49583
v 11250.06791 4647.02042 -72.24034
v 11428.64120 4536.77069 -79.42414
v 11580.40950 4677.19737 -67.32446
v 11757.09567 4783.33457 -84.31909
v 11475.00826 4856.19563 648.03253
v 11637.13494 5059.54779 111.69085
v 11457.00613 5046.89536 94.27935
v 11289.91226 5065.14257 106.79808
v 11197.80657 4914.29636 99.19378
v 11274.42213 4769.07352 101.87050
v 11335.68913 4596.98496 104.12599
v 11511.96994 4640.09063 96.94219
v 11623.63260 4740.51739 109.04187
v 11731.11600 4890.38888 92.04723
v 11445.76347 4856.19563 824.39886
v 11522.82841 5035.14986 288.05718
v 11398.11367 5015.45665 270.64568
v 11249.19829 4984.80254 283.16440
v 11276.18274 4835.56982 275.56011
v 11318.26040 4719.11913 278.23682
v 11434.08548 4626.37257 280.49232
v 11541.06809 4730.28223 273.30852
v 11652.89954 4808.18517 285.40820
v 11635.61895 4952.15230 268.41356
v 11427.60702 4856.19563 1000.76519
v 11453.20503 4982.09378 464.42350
v 11351.14790 4982.94455 447.01201
v 11278.97665 4895.00423 459.53073
v 11338.09657 4801.05414 451.92643
v 11377.87752 4694.82659 454.60315
v 11491.46291 4708.78888 456.85864
v 11554.40161 4786.02025 449.67484
v 11628.96886 4878.46237 461.77453
v 11539.19020 4955.43224 444.77989
v 11432.21955 4856.19563 1177.13151
v 11420.22435 4942.12476 640.78983
v 11336.62839 4927.52508 623.37834
v 11344.76188 4843.68128 635.89706
v 11378.78293 4783.53334 628.29276
v 11439.62902 4724.30925 630.96948
v 11501.67592 4783.02431 633.22497
v 11556.40912 4830.84763 626.04117
v 11557.90896 4912.98215 638.14086
v 11480.71034 4936.80124 621.14622
v -12389.61521 4382.64992 -542.62226
v -12378.88983 4367.88770 -542.62226
v -12361.53580 4373.52637 -542.62226
v -12361.53580 4391.77347 -542.62226
v -12378.88983 4397.41214 -542.62226
v -12389.61521 4382.64992 262.57705
v -12378.88983 4367.88770 262.57705
v -12361.53580 4373.52637 262.57705
v -12361.53580 4391.77347 262.57705
v -12378.88983 4397.41214 262.57705
v -12347.31723 4382.64992 -18.75765
v -12210.48238 4557.18844 -324.38318
v -12363.76162 4570.43991 -391.58588
v -12482.64005 4527.47883 -325.70074
v -12609.34718 4437.60768 -390.15436
v -12523.91110 4306.80430 -327.24375
v -12454.87606 4193.70600 -388.50253
v -12307.68261 4163.39157 -329.00153
v -12240.07286 4295.11942 -386.64183
v -12147.28179 4409.90002 -330.96193
v -12353.20602 4382.64992 90.86587
v -12293.94612 4570.59274 -214.75966
v -12414.80277 4516.60323 -281.96236
v -12534.45045 4487.16771 -216.07722
v -12559.95799 4360.14319 -280.53084
v -12470.69732 4279.40055 -217.62023
v -12385.25274 4176.30014 -278.87901
v -12274.70052 4250.29257 -219.37801
v -12223.05264 4347.51401 -277.01831
v -12186.71099 4477.73267 -221.33841
v -12374.66202 4382.64992 200.48939
v -12366.27359 4529.79325 -105.13614
v -12449.89191 4483.39176 -172.33884
v -12547.88197 4422.90651 -106.45370
v -12489.92522 4323.73760 -170.90732
v -12429.74376 4251.81257 -107.99671
v -12323.24826 4215.90589 -169.25549
v -12274.11822 4317.62102 -109.75449
v -12214.78401 4402.09202 -167.39479
v -12264.46906 4500.03475 -111.71489
v -12389.13211 4382.64992 310.11291
v -12403.43159 4478.54238 4.48738
v -12479.91792 4451.34307 -62.71532
v -12509.85752 4365.95253 3.16982
v -12440.06086 4311.87992 -61.28380
v -12381.36519 4243.35943 1.62681
v -12300.30536 4284.77087 -59.63197
v -12274.34332 4359.64189 -0.13097
v -12243.84130 4449.04953 -57.77127
v -12331.91417 4482.07314 -2.09137
v -12386.42803 4382.64992 419.73643
v -12420.82785 4444.52257 114.11090
v -12484.26824 4407.95417 46.90820
v -12452.86779 4342.39965 112.79334
v -12407.49486 4303.71185 48.33972
v -12340.65177 4273.70989 111.25033
v -12307.73120 4339.66085 49.99155
v -12277.51623 4394.61935 109.49255
v -12300.60248 4461.63867 51.85225
v -12370.22475 4458.10411 107.53215
v -12375.22911 4382.64992 529.35995
v -12430.21923 4418.93367 223.73442
v -12453.37583 4372.74871 156.53172
v -12411.37339 4342.50572 222.41686
v -12377.87280 4307.56050 157.96324
v -12329.97123 4324.34931 220.87385
v -12320.01627 4370.28304 159.61507
v -12301.95248 4419.59569 219.11607
v -12348.97188 4442.17435 161.47577
v -12392.03130 4440.89126 217.15567
v 6842.42916 -12896.44156 -389.73245
v 6853.53802 -12911.73159 -389.73245
v 6871.51252 -12905.89132 -389.73245
v 6871.51252 -12886.99180 -389.73245
v 6853.53802 -12881.15153 -389.73245
v 6842.42916 -12896.44156 444.25602
v 6853.53802 -12911.73159 444.25602
v 6871.51252 -12905.89132 444.25602
v 6871.51252 -12886.99180 444.25602
v 6853.53802 -12881.15153 444.25602
v 6883.43010 -12896.44156 152.86246
v 6871.44449 -12652.97892 -167.24895
v 6758.06455 -12762.94754 -231.25558
v 6635.99306 -12844.89843 -165.57370
v 6659.37551 -12997.71970 -232.81722
v 6792.46694 -13051.70318 -164.12836
v 6930.42891 -13132.30937 -234.14375
v 7024.07384 -13004.13531 -162.92294
v 7042.18712 -12874.02513 -235.22598
v 7029.64193 -12713.19051 -161.96578
v 6857.81133 -12896.44156 266.40547
v 6805.84716 -12724.32556 -53.70594
v 6729.33420 -12812.59321 -117.71257
v 6642.22931 -12923.04103 -52.03069
v 6750.26956 -13012.55767 -119.27422
v 6849.45134 -13069.88127 -50.58535
v 6986.69005 -13066.47652 -120.60074
v 7000.46082 -12929.18442 -49.37993
v 7033.16322 -12807.40516 -121.68297
v 6935.12799 -12715.83088 -48.42277
v 6839.52539 -12896.44156 379.94848
v 6782.22291 -12795.44906 59.83706
v 6703.31247 -12860.79774 -4.16956
v 6704.77120 -12974.99323 61.51232
v 6810.92289 -13008.89507 -5.73121
v 6910.16600 -13064.73043 62.95766
v 6988.34809 -12980.55266 -7.05773
v 6986.72617 -12880.55040 64.16307
v 6984.19574 -12761.34886 -8.13996
v 6865.48541 -12760.31205 65.12024
v 6842.15741 -12896.44156 493.49148
v 6772.19884 -12840.64652 173.38007
v 6709.83154 -12915.00880 109.37345
v 6778.72025 -12982.35703 175.05533
v 6852.79507 -13009.90442 107.81180
v 6949.65392 -13016.87964 176.50066
v 6960.66843 -12919.80509 106.48528
v 6973.31020 -12837.64643 177.70608
v 6914.10743 -12764.69577 105.40305
v 6829.03006 -12800.73855 178.66325
v 6856.87288 -12896.44156 607.03449
v 6764.80752 -12875.10572 286.92308
v 6756.30114 -12948.90476 222.91646
v 6827.94477 -12969.04485 288.59834
v 6890.42336 -12999.72802 221.35481
v 6946.84623 -12953.43392 290.04367
v 6937.64507 -12886.48318 220.02828
v 6937.73053 -12810.97055 291.24909
v 6863.08936 -12803.65622 218.94606
v 6805.56179 -12826.61941 292.20626
v 6866.43766 -12896.44156 720.57750
v 6777.03276 -12906.77099 400.46609
v 6810.79185 -12948.01438 336.45946
v 6855.57803 -12956.86205 402.14135
v 6910.15338 -12964.42136 334.89782
v 6918.95661 -12910.14721 403.58668
v 6919.21211 -12865.20861 333.57129
v 6890.74557 -12819.65080 404.79210
v 6841.62883 -12842.00613 332.48906
v 6793.75287 -12854.75189 405.74927
v 3789.26226 14763.22495 -332.04567
v 3806.77953 14739.11450 -332.04567
v 3835.12307 14748.32387 -332.04567
v 3835.12307 14778.12603 -332.04567
v 3806.77953 14787.33541 -332.04567
v 3789.26226 14763.22495 983.04957
v 3806.77953 14739.11450 983.04957
v 3835.12307 14748.32387 983.04957
v 3835.12307 14778.12603 983.04957
v 3806.77953 14787.33541 983.04957
v 3813.35142 14763.22495 523.55846
v 3617.53229 15024.14403 -32.59840
v 3541.94512 14825.84961 -31.90519
v 3462.09925 14583.10584 -27.59189
v 3702.23675 14497.64447 -36.90424
v 3907.20283 14461.60340 -22.60895
v 4139.28466 14552.90442 -41.86245
v 4077.26103 14795.77658 -17.68404
v 4057.20838 15023.96866 -46.74554
v 3832.86301 15119.17395 -12.85121
v 3779.31548 14763.22495 702.60155
v 3616.95069 14891.00806 146.44469
v 3520.77084 14726.52837 147.13790
v 3596.13950 14527.96634 151.45120
v 3803.19827 14536.43297 142.13885
v 4012.17481 14502.17765 156.43414
v 4095.07533 14699.08610 137.18064
v 4028.47237 14872.74939 161.35905
v 3948.03925 15079.37325 132.29755
v 3739.99874 15005.48511 166.19187
v 3783.19976 14763.22495 881.64464
v 3622.06749 14807.06909 325.48778
v 3558.49025 14631.75334 326.18099
v 3727.20805 14555.57913 330.49429
v 3879.06300 14554.66225 321.18194
v 4058.48852 14605.88985 335.47723
v 4014.40971 14788.36610 316.22373
v 3983.09579 14944.99139 340.40214
v 3828.16975 15037.65976 311.34064
v 3698.35321 14916.54742 345.23496
v 3811.31799 14763.22495 1060.68772
v 3622.24266 14738.83560 504.53087
v 3657.18172 14593.06176 505.22407
v 3806.91952 14604.45743 509.53738
v 3946.57975 14589.52693 500.22503
v 4021.49896 14716.31886 514.52032
v 3957.73326 14836.85932 495.26681
v 3905.64643 14980.05470 519.44523
v 3759.10113 14942.27340 490.38372
v 3665.94477 14858.94149 524.27805
v 3831.97638 14763.22495 1239.73081
v 3654.82902 14680.82781 683.57395
v 3755.20816 14621.35727 684.26716
v 3853.94579 14636.78109 688.58046
v 3971.84634 14662.20227 679.26811
v 3949.20919 14780.41717 693.56340
v 3916.00240 14873.01868 674.30990
v 3823.26810 14945.33396 698.48831
v 3739.04716 14862.49503 669.42681
v 3650.16450 14800.34816 703.32114
v 3829.98388 14763.22495 1418.77390
v 3724.09589 14665.01981 862.61704
v 3810.33208 14671.32550 863.31025
v 3885.18601 14670.69465 867.62355
v 3937.01263 14735.71435 858.31120
v 3893.65867 14804.08023 872.60649
v 3864.13525 14881.80015 853.35299
v 3781.15436 14870.43480 877.53140
v 3735.17650 14814.15874 848.46990
v 3681.24429 14746.06276 882.36422
v -13877.58607 -9004.96018 -408.63612
v -13862.48415 -9025.74618 -408.63612
v -13838.04873 -9017.80663 -408.63612
v -13838.04873 -8992.11372 -408.63612
v -13862.48415 -8984.17417 -408.63612
v -13877.58607 -9004.96018 725.12833
v -13862.48415 -9025.74618 725.12833
v -13838.04873 -9017.80663 725.12833
v -13838.04873 -8992.11372 725.12833
v -13862.48415 -8984.17417 725.12833
v -13890.78910 -9004.96018 328.99376
v -14083.67021 -8953.05661 -193.50740
v -14117.38908 -9139.27322 -105.84788
v -13979.44484 -9298.86398 -191.12073
v -13789.14153 -9220.44589 -108.38205
v -13582.49898 -9181.23443 -188.44345
v -13572.21417 -8969.28421 -111.19781
v -13693.50013 -8829.93874 -185.49407
v -13838.91518 -8664.55108 -114.27570
v -14007.85363 -8804.34210 -182.29300
v -13887.66979 -9004.96018 483.34964
v -14054.91527 -9030.21344 -39.15152
v -14054.51604 -9219.82153 48.50800
v -13866.81785 -9233.75385 -36.76485
v -13721.46266 -9181.68745 45.97383
v -13567.95446 -9070.20615 -34.08757
v -13673.67159 -8911.29189 43.15807
v -13758.18450 -8772.61740 -31.13819
v -13938.46074 -8738.12333 40.08018
v -14020.22343 -8899.05555 -27.93712
v -13859.19238 -9004.96018 637.70553
v -14036.78300 -9098.32480 115.20436
v -13949.79285 -9229.59365 202.86388
v -13806.13136 -9164.40903 117.59103
v -13662.93149 -9128.83417 200.32971
v -13634.67196 -8976.72388 120.26831
v -13741.01959 -8880.74022 197.51395
v -13844.00292 -8758.19290 123.21769
v -13975.00924 -8848.26576 194.43607
v -14036.92111 -8964.05764 126.41876
v -13836.57535 -9004.96018 792.06141
v -13990.14994 -9150.79582 269.56025
v -13863.62679 -9174.45452 357.21976
v -13767.13660 -9121.11884 271.94692
v -13654.56919 -9050.17345 354.68559
v -13722.74832 -8936.22709 274.62420
v -13792.19181 -8852.82308 351.86983
v -13915.65141 -8812.96101 277.57357
v -13971.59502 -8930.66953 348.79195
v -14040.19732 -9028.69772 280.77464
v -13837.33479 -9004.96018 946.41729
v -13917.19357 -9152.51550 423.91613
v -13822.82947 -9110.03607 511.57564
v -13738.41532 -9080.02624 426.30280
v -13706.83196 -8985.65825 509.04148
v -13783.62953 -8926.58914 428.98008
v -13848.71675 -8851.32779 506.22571
v -13937.34463 -8898.15966 431.92945
v -13965.94074 -8980.29727 503.14783
v -13998.62886 -9078.98790 435.13052
v -13852.19384 -9004.96018 1100.77317
v -13860.25914 -9106.23902 578.27201
v -13807.82893 -9067.52282 665.93152
v -13743.69768 -9029.92101 580.65868
v -13776.37642 -8963.75726 663.39736
v -13822.26386 -8924.40487 583.33596
v -13890.34754 -8894.76410 660.58159
v -13923.16510 -8961.89963 586.28533
v -13953.93118 -9017.78339 657.50371
v -13929.57533 -9085.37766 589.48640
v 17308.79297 -2890.10159 -80.54044
v 17318.25229 -2903.12123 -80.54044
v 17333.55779 -2898.14817 -80.54044
v 17333.55779 -2882.05501 -80.54044
v 17318.25229 -2877.08195 -80.54044
v 17308.79297 -2890.10159 629.61070
v 17318.25229 -2903.12123 629.61070
v 17333.55779 -2898.14817 629.61070
v 17333.55779 -2882.05501 629.61070
v 17318.25229 -2877.08195 629.61070
v 17299.43452 -2890.10159 381.48560
v 17193.70994 -2956.50666 52.83000
v 17240.89752 -3084.93744 111.78833
v 17371.57986 -3047.93737 51.74192
v 17457.22833 -2976.67620 112.77256
v 17533.70175 -2863.12208 50.86326
v 17422.71730 -2781.55777 113.54413
v 17331.11471 -2708.46656 50.20010
v 17200.37565 -2729.69194 114.09772
v 17184.77255 -2859.01450 49.75703
v 17319.92523 -2890.10159 478.16883
v 17220.49628 -3000.74950 149.51323
v 17314.11060 -3069.80466 208.47156
v 17397.28858 -2988.18252 148.42514
v 17487.64637 -2927.22402 209.45579
v 17468.72667 -2814.51391 147.54648
v 17370.61757 -2774.84699 210.22736
v 17268.11444 -2715.89491 146.88333
v 17200.02230 -2811.58189 210.78095
v 17186.39061 -2907.61415 146.44026
v 17337.10276 -2890.10159 574.85205
v 17264.27435 -3029.84278 246.19646
v 17361.18077 -3013.69220 305.15479
v 17416.40336 -2950.19839 245.10837
v 17478.54421 -2869.87108 306.13901
v 17399.83935 -2806.01758 244.22971
v 17328.22146 -2764.39322 306.91059
v 17229.27083 -2768.12452 243.56655
v 17219.96684 -2867.16057 307.46418
v 17196.43613 -2955.39923 243.12349
v 17337.22734 -2890.10159 671.53528
v 17316.75929 -3018.09485 342.87969
v 17376.13462 -2960.17487 401.83801
v 17431.44544 -2914.37845 341.79160
v 17429.28928 -2834.64441 402.82224
v 17355.23041 -2811.27629 340.91294
v 17285.53840 -2772.49783 403.59382
v 17231.67834 -2832.11838 340.24978
v 17232.72227 -2901.82263 404.14741
v 17235.23466 -2985.11500 339.80672
v 17325.55779 -2890.10159 768.21851
v 17348.98115 -2974.17899 439.56291
v 17380.26367 -2926.92181 498.52124
v 17421.43615 -2877.08606 438.47483
v 17375.01566 -2832.78550 499.50547
v 17325.80019 -2814.32349 437.59617
v 17261.34992 -2810.41230 500.27704
v 17254.56113 -2875.03529 436.93301
v 17246.09318 -2929.85589 500.83063
v 17286.14185 -2977.80653 436.48994
v 17316.57633 -2890.10159 864.90173
v 17354.16916 -2931.32664 536.24614
v 17380.24136 -2902.85699 595.20447
v 17384.85355 -2857.56867 535.15805
v 17340.91937 -2845.48850 596.18869
v 17302.43673 -2826.70442 534.27939
v 17268.23521 -2855.60433 596.96027
v 17273.90170 -2896.53769 533.61624
v 17274.17174 -2942.91006 597.51386
v 17320.05207 -2946.83188 533.17317
v -11338.57277 14468.79964 -6.70780
v -11324.90903 14449.99312 -6.70780
v -11302.80063 14457.17657 -6.70780
v -11302.80063 14480.42272 -6.70780
v -11324.90903 14487.60617 -6.70780
v -11338.57277 14468.79964 1019.08666
v -11324.90903 14449.99312 1019.08666
v -11302.80063 14457.17657 1019.08666
v -11302.80063 14480.42272 1019.08666
v -11324.90903 14487.60617 1019.08666
v -11323.05429 14468.79964 660.67655
v -11415.08933 14237.63310 222.72185
v -11229.34201 14183.10190 235.43861
v -11145.89028 14358.16138 218.86407
v -11039.42341 14505.01545 239.26772
v -11133.31535 14670.41313 215.07024
v -11309.31931 14676.43835 243.01969
v -11503.19690 14710.10370 211.36662
v -11555.03992 14521.66584 246.66857
v -11521.55075 14363.76499 207.77881
v -11293.89248 14468.79964 800.33290
v -11330.31828 14211.17627 362.37821
v -11184.67739 14293.62814 375.09496
v -11133.39633 14427.49214 358.52042
v -11080.87739 14592.33527 378.92408
v -11244.12461 14648.54264 354.72660
v -11383.04598 14673.31747 382.67605
v -11539.21270 14609.54551 351.02297
v -11496.25064 14445.62767 386.32492
v -11482.36215 14290.67803 347.43516
v -11292.84547 14468.79964 939.98926
v -11251.01093 14253.71615 502.03456
v -11187.79516 14385.31949 514.75132
v -11123.98261 14494.42410 498.17678
v -11175.67137 14624.95817 518.58044
v -11312.22715 14618.89753 494.38296
v -11450.86354 14640.95258 522.33240
v -11503.93375 14509.86622 490.67933
v -11460.13751 14395.24450 525.98128
v -11405.71208 14259.04195 487.09152
v -11313.11418 14468.79964 1079.64562
v -11219.49681 14339.60552 641.69092
v -11195.13154 14441.48913 654.40767
v -11155.22799 14554.11861 637.83313
v -11263.90995 14601.61835 658.23679
v -11361.06794 14602.48126 634.03931
v -11475.45651 14568.42236 661.98876
v -11446.28470 14451.90999 630.33569
v -11426.24156 14351.35391 665.63763
v -11326.30992 14293.47767 626.74787
v -11330.64213 14468.79964 1219.30197
v -11230.76420 14412.93195 781.34727
v -11201.22794 14484.48740 794.06403
v -11223.68034 14572.96812 777.48949
v -11314.74529 14565.51424 797.89315
v -11400.15081 14574.43696 773.69567
v -11444.70440 14496.48131 801.64511
v -11405.88460 14423.27162 769.99204
v -11373.49017 14336.10591 805.29399
v -11284.36896 14360.26582 766.40423
v -11331.21732 14468.79964 1358.95833
v -11250.80893 14453.91805 921.00363
v -11229.15738 14515.77000 933.72039
v -11286.05599 14548.45081 917.14584
v -11341.42647 14539.90075 937.54950
v -11407.52834 14524.99264 913.35202
v -11394.12612 14458.67683 941.30147
v -11375.56100 14406.51942 909.64840
v -11322.98555 14366.60586 944.95035
v -11276.02737 14413.36798 906.06058
v -999.33004 -12488.35453 -560.44735
v -981.35678 -12513.09261 -560.44735
v -952.27542 -12503.64351 -560.44735
v -952.27542 -12473.06556 -560.44735
v -981.35678 -12463.61646 -560.44735
v -999.33004 -12488.35453 788.88129
v -981.35678 -12513.09261 788.88129
v -952.27542 -12503.64351 788.88129
v -952.27542 -12473.06556 788.88129
v -981.35678 -12463.61646 788.88129
v -935.57553 -12488.35453 317.42911
v -855.84675 -12861.08290 -203.75664
v -691.36356 -12668.02697 -297.70498
v -687.92298 -12450.81593 -207.17276
v -698.81819 -12188.86100 -294.13226
v -960.41790 -12193.67621 -210.89590
v -1171.05470 -12230.59684 -290.26516
v -1360.22886 -12402.53045 -214.90029
v -1213.89160 -12613.55245 -286.13041
v -1113.60251 -12826.91545 -219.15825
v -933.05775 -12488.35453 501.13289
v -760.12298 -12765.72826 -20.05286
v -738.00643 -12540.32078 -114.00120
v -703.05219 -12347.38238 -23.46899
v -847.81270 -12184.65561 -110.42849
v -1043.58615 -12266.12725 -27.19212
v -1257.34750 -12307.73378 -106.56138
v -1264.95435 -12526.99102 -31.19651
v -1140.15973 -12670.72769 -102.42663
v -988.39590 -12840.25916 -35.45447
v -964.20780 -12488.35453 684.83667
v -752.79348 -12628.30291 163.65092
v -772.10422 -12461.50590 69.70257
v -773.92523 -12269.98876 160.23479
v -963.67364 -12258.20261 73.27529
v -1110.43795 -12310.30336 156.51166
v -1263.95245 -12424.45589 77.14240
v -1155.99109 -12583.85423 152.50727
v -1070.54460 -12724.24461 81.27715
v -888.26833 -12756.46394 148.24931
v -993.25499 -12488.35453 868.54045
v -801.87193 -12525.88097 347.35470
v -796.46975 -12395.68863 253.40635
v -883.04174 -12268.74105 343.93857
v -1022.73249 -12333.08878 256.97907
v -1162.92687 -12368.27508 340.21544
v -1188.38053 -12517.25531 260.84618
v -1084.74244 -12610.60908 336.21104
v -983.20900 -12729.73894 264.98093
v -856.23421 -12640.09732 331.95309
v -995.99683 -12488.35453 1052.24423
v -847.37334 -12471.30972 531.05847
v -848.96208 -12351.65326 437.11013
v -967.02778 -12331.22114 527.64235
v -1056.65509 -12380.55843 440.68285
v -1160.70954 -12447.52173 523.91921
v -1096.19545 -12552.88611 444.54996
v -1031.69048 -12630.73075 519.91482
v -916.51173 -12666.27674 448.68471
v -865.24154 -12556.65896 515.65686
v -979.74913 -12488.35453 1235.94800
v -879.88814 -12439.17573 714.76225
v -921.50230 -12361.62970 620.81391
v -1002.05344 -12398.64614 711.34613
v -1074.63826 -12424.45350 624.38663
v -1100.54235 -12505.69334 707.62299
v -1034.71606 -12555.97318 628.25373
v -978.48073 -12620.36702 703.61860
v -902.99578 -12579.14269 632.38848
v -878.44655 -12508.93459 699.36064
v 9573.90094 8960.59793 -576.52802
v 9586.30339 8943.52741 -576.52802
v 9606.37098 8950.04777 -576.52802
v 9606.37098 8971.14808 -576.52802
v 9586.30339 8977.66844 -576.52802
v 9573.90094 8960.59793 354.57625
v 9586.30339 8943.52741 354.57625
v 9606.37098 8950.04777 354.57625
v 9606.37098 8971.14808 354.57625
v 9586.30339 8977.66844 354.57625
v 9623.85708 8960.59793 29.25066
v 9826.67464 8811.57502 -322.84128
v 9781.74504 8985.93616 -404.43875
v 9755.25356 9139.54925 -321.88692
v 9602.78849 9221.61036 -405.25033
v 9478.79589 9107.40031 -321.21953
v 9330.50288 9018.05765 -405.77236
v 9384.59164 8852.24479 -320.84374
v 9516.96967 8778.92260 -406.00125
v 9676.51971 8693.68890 -320.76215
v 9599.26462 8960.59793 156.01546
v 9799.48804 8915.14994 -196.07649
v 9738.18031 9037.27252 -277.67395
v 9683.34471 9183.17347 -195.12212
v 9534.99878 9139.23370 -278.48553
v 9437.34076 9058.44917 -194.45473
v 9351.83817 8928.34426 -279.00757
v 9478.85203 8836.61599 -194.07895
v 9583.34971 8753.13589 -279.23645
v 9731.68535 8779.36998 -193.99736
v 9575.08655 8960.59793 282.78025
v 9738.09182 8980.38955 -69.31169
v 9704.82085 9084.78306 -150.90915
v 9599.83715 9160.09493 -68.35732
v 9508.05188 9068.99145 -151.72073
v 9407.46076 9000.77670 -67.68993
v 9430.31061 8875.76167 -152.24277
v 9539.08841 8831.90541 -67.31415
v 9653.63575 8767.08238 -152.47165
v 9728.08404 8874.49855 -67.23256
v 9571.82463 8960.59793 409.54505
v 9691.16008 9012.87145 57.45311
v 9653.61156 9111.64475 -24.14435
v 9549.49010 9092.84408 58.40748
v 9490.08354 9024.78090 -24.95593
v 9424.04671 8937.72866 59.07486
v 9509.46397 8869.86366 -25.47797
v 9586.54100 8824.82337 59.45065
v 9692.84406 8830.21304 -25.70686
v 9702.18133 8936.66443 59.53224
v 9585.69008 8960.59793 536.30985
v 9659.77159 9035.54274 184.21791
v 9596.85181 9091.65497 102.62044
v 9536.52509 9031.88545 185.17227
v 9479.68511 8984.81945 101.80887
v 9483.06032 8903.20488 185.83966
v 9558.81158 8879.58197 101.28683
v 9630.56834 8840.10779 186.21545
v 9684.95391 8901.99975 101.05794
v 9683.98320 8973.24209 186.29704
v 9598.32761 8960.59793 663.07465
v 9625.12418 9042.41081 310.98270
v 9566.38544 9039.58902 229.38524
v 9536.94493 8995.08271 311.93707
v 9498.37922 8947.68124 228.57366
v 9542.76009 8906.33035 312.60446
v 9589.17566 8888.76697 228.05163
v 9650.03597 8885.76811 312.98024
v 9655.94364 8946.81981 227.82274
v 9663.98827 8998.74141 313.06183
v -14530.07786 -141.62934 -586.01488
v -14520.21863 -155.19941 -586.01488
v -14504.26605 -150.01610 -586.01488
v -14504.26605 -133.24258 -586.01488
v -14520.21863 -128.05927 -586.01488
v -14530.07786 -141.62934 154.15911
v -14520.21863 -155.19941 154.15911
v -14504.26605 -150.01610 154.15911
v -14504.26605 -133.24258 154.15911
v -14520.21863 -128.05927 154.15911
v -14509.01884 -141.62934 -104.45590
v -14322.90448 -115.52258 -407.97602
v -14413.99897 -29.71249 -426.53437
v -14506.99270 78.58680 -405.28229
v -14620.81712 -5.80099 -429.19135
v -14679.46374 -105.96874 -402.66667
v -14712.16453 -244.74993 -431.76109
v -14574.08750 -283.77743 -400.14725
v -14457.97155 -322.77987 -434.22582
v -14338.59575 -253.62764 -397.74146
v -14531.52534 -141.62934 -3.68522
v -14393.38040 -77.18681 -307.20535
v -14456.24081 4.05423 -325.76370
v -14572.90786 36.63022 -304.51161
v -14624.45364 -73.10861 -328.42067
v -14691.11258 -165.52074 -301.89599
v -14630.80057 -268.27270 -330.99041
v -14520.90423 -271.92686 -299.37658
v -14399.18658 -292.19116 -333.45515
v -14368.15308 -173.65951 -296.97079
v -14535.20738 -141.62934 97.08546
v -14442.80577 -61.07702 -206.43467
v -14509.78086 16.32915 -224.99302
v -14598.28074 -35.36288 -203.74094
v -14629.72980 -117.02872 -227.65000
v -14660.90471 -218.17579 -201.12532
v -14560.63814 -251.55730 -230.21974
v -14475.54205 -266.93987 -198.60590
v -14380.60250 -226.72647 -232.68447
v -14407.46450 -126.76031 -196.20011
v -14522.07560 -141.62934 197.85613
v -14477.04655 -46.32126 -105.66400
v -14556.74441 -14.64873 -124.22235
v -14593.54307 -92.80633 -102.97026
v -14631.44107 -157.60844 -126.87932
v -14599.74739 -234.42060 -100.35464
v -14519.12076 -230.57108 -129.44906
v -14436.78203 -243.26210 -97.83522
v -14406.40095 -165.14870 -131.91380
v -14432.17895 -97.40933 -95.42944
v -14508.66089 -141.62934 298.62681
v -14512.27421 -44.22583 -4.89332
v -14572.09855 -69.37844 -23.45167
v -14585.77670 -126.65696 -2.19958
v -14607.81903 -190.38987 -26.10865
v -14546.16352 -216.46251 0.41604
v -14491.40016 -217.10563 -28.67839
v -14427.17389 -197.18424 2.93545
v -14444.15225 -131.65883 -31.14312
v -14455.46038 -74.78959 5.34124
v -14506.71769 -141.62934 399.39748
v -14539.19974 -69.53398 95.87736
v -14561.62162 -112.97480 77.31901
v -14577.07802 -150.21271 98.57109
v -14564.80722 -195.99897 74.66203
v -14517.58584 -191.86780 101.18671
v -14473.05162 -196.40630 72.09229
v -14450.47625 -155.54625 103.70613
v -14470.62337 -117.62886 69.62756
v -14487.80032 -72.39166 106.11192
v 11434.65657 -10292.81326 -355.63085
v 11450.89298 -10315.16076 -355.63085
v 11477.16404 -10306.62478 -355.63085
v 11477.16404 -10279.00175 -355.63085
v 11450.89298 -10270.46576 -355.63085
v 11434.65657 -10292.81326 863.30463
v 11450.89298 -10315.16076 863.30463
v 11477.16404 -10306.62478 863.30463
v 11477.16404 -10279.00175 863.30463
v 11450.89298 -10270.46576 863.30463
v 11428.33697 -10292.81326 437.41151
v 11634.42736 -10098.31322 -114.36583
v 11469.54258 -9994.41745 -40.57001
v 11240.42155 -10012.25907 -110.82154
v 11219.94725 -10241.37349 -44.23581
v 11161.26558 -10449.43976 -107.04057
v 11335.60280 -10593.33098 -48.12542
v 11533.84126 -10528.34863 -103.04906
v 11763.95406 -10485.27894 -52.21193
v 11742.15031 -10253.83824 -98.87462
v 11420.47990 -10292.81326 603.36296
v 11537.69879 -10097.23321 51.58563
v 11363.95750 -10000.61452 125.38144
v 11236.92108 -10153.86102 55.12991
v 11233.93140 -10323.79853 121.71564
v 11244.41574 -10529.09559 58.91088
v 11449.57593 -10523.22340 117.82604
v 11615.07192 -10494.61652 62.90239
v 11761.50145 -10358.02332 113.73953
v 11645.91938 -10193.53151 67.07684
v 11445.57967 -10292.81326 769.31442
v 11465.64297 -10086.47879 217.53708
v 11293.61363 -10081.61431 291.33290
v 11278.02620 -10254.26748 221.08137
v 11251.17654 -10402.50115 287.66710
v 11363.77567 -10525.48840 224.86234
v 11513.11304 -10462.75251 283.77750
v 11677.05937 -10430.01847 228.85385
v 11680.57966 -10261.86457 279.69098
v 11585.37496 -10151.90951 233.02829
v 11473.21880 -10292.81326 935.26588
v 11394.76734 -10097.43763 383.48854
v 11294.51408 -10190.45992 457.28436
v 11308.82695 -10313.73313 387.03283
v 11311.24603 -10455.82757 453.61856
v 11452.14039 -10462.88809 390.81380
v 11561.01524 -10424.58843 449.72895
v 11673.76277 -10338.74102 394.80531
v 11592.80263 -10221.29502 445.64244
v 11529.32241 -10116.88749 398.97975
v 11478.93948 -10292.81326 1101.21733
v 11351.40439 -10156.31946 549.44000
v 11337.30613 -10267.18888 623.23581
v 11333.30410 -10359.27667 552.98428
v 11395.54955 -10447.98660 619.57001
v 11493.72238 -10402.09659 556.76525
v 11592.92070 -10376.93183 615.68041
v 11609.37174 -10271.48451 560.75676
v 11536.37993 -10205.84798 611.59390
v 11464.02859 -10122.16323 564.93121
v 11465.85336 -10292.81326 1267.16879
v 11360.95170 -10232.26758 715.39145
v 11376.20844 -10304.44952 789.18727
v 11377.66873 -10382.45886 718.93574
v 11454.74094 -10394.73326 785.52147
v 11512.99844 -10362.80421 722.71671
v 11580.28101 -10318.58962 781.63187
v 11537.59340 -10250.42880 726.70822
v 11495.66312 -10199.59159 777.54535
v 11420.49184 -10177.46229 730.88266
v -1612.84118 16276.15612 -205.94072
v -1596.08353 16253.09119 -205.94072
v -1568.96907 16261.90121 -205.94072
v -1568.96907 16290.41104 -205.94072
v -1596.08353 16299.22106 -205.94072
v -1612.84118 16276.15612 1052.12700
v -1596.08353 16253.09119 1052.12700
v -1568.96907 16261.90121 1052.12700
v -1568.96907 16290.41104 1052.12700
v -1596.08353 16299.22106 1052.12700
v -1633.38617 16276.15612 612.56117
v -1579.48331 16527.04559 25.30795
v -1812.94107 16564.12696 139.15560
v -1892.35437 16341.15917 24.68236
v -1826.40584 16150.12510 139.58319
v -1730.99021 15925.08917 24.45351
v -1504.22669 16015.29735 139.61290
v -1331.03639 16114.72739 24.62299
v -1223.17158 16327.00100 139.24451
v -1419.34085 16463.60762 25.18963
v -1603.89501 16276.15612 783.84027
v -1666.14597 16515.20734 196.58705
v -1864.87690 16448.96812 310.43470
v -1810.63807 16245.04838 195.96145
v -1779.46880 16064.34960 310.86229
v -1599.38927 15970.72081 195.73261
v -1454.81957 16104.78403 310.89199
v -1281.02367 16210.64021 195.90209
v -1347.18232 16404.37886 310.52361
v -1501.93348 16490.36654 196.46873
v -1569.64299 16276.15612 955.11936
v -1747.73101 16479.64010 367.86615
v -1826.05577 16326.50807 481.71380
v -1755.98480 16187.04379 367.24055
v -1691.84867 16020.21465 482.14139
v -1522.34925 16072.63391 367.01171
v -1410.23970 16164.83393 482.17109
v -1314.05986 16314.87761 367.18119
v -1460.35587 16418.71591 481.80271
v -1580.37802 16514.68860 367.74783
v -1561.13717 16276.15612 1126.39846
v -1782.84573 16397.15505 539.14525
v -1750.12649 16253.21790 652.99290
v -1713.38698 16137.15494 538.51965
v -1595.98600 16055.28492 653.42049
v -1494.96861 16156.67975 538.29081
v -1383.29286 16232.82582 653.45019
v -1410.63752 16371.10147 538.46029
v -1530.92170 16419.47821 653.08181
v -1658.58495 16490.53688 539.02693
v -1577.55779 16276.15612 1297.67756
v -1749.16388 16309.89069 710.42435
v -1693.16595 16220.23416 824.27199
v -1652.87412 16115.95604 709.79875
v -1543.10941 16137.30145 824.69959
v -1480.38546 16208.89808 709.56991
v -1411.55028 16301.46433 824.72929
v -1502.49281 16372.23179 709.73939
v -1583.90484 16420.05486 824.36091
v -1695.95278 16412.90745 710.30603
v -1595.45552 16276.15612 1468.95666
v -1684.80667 16262.30985 881.70345
v -1654.44551 16202.52840 995.55109
v -1592.61948 16148.69294 881.07785
v -1534.39917 16207.26556 995.97868
v -1478.91722 16253.22245 880.84900
v -1483.33807 16332.56529 996.00839
v -1556.93400 16355.25589 881.01849
v -1627.11598 16393.41168 995.64001
v -1679.26456 16332.40130 881.58513
v -10645.59272 -14149.80432 288.51837
v -10635.37751 -14163.86435 288.51837
v -10618.84895 -14158.49390 288.51837
v -10618.84895 -14141.11475 288.51837
v -10635.37751 -14135.74429 288.51837
v -10645.59272 -14149.80432 1055.41718
v -10635.37751 -14163.86435 1055.41718
v -10618.84895 -14158.49390 1055.41718
v -10618.84895 -14141.11475 1055.41718
v -10635.37751 -14135.74429 1055.41718
v -10641.55814 -14149.80432 787.46459
v -10739.54048 -14010.77676 450.45811
v -10854.69379 -14102.33225 479.02286
v -10769.80554 -14223.79850 447.81612
v -10705.72837 -14335.50112 481.61088
v -10564.38134 -14353.90346 445.28655
v -10501.29154 -14230.64658 484.07761
v -10412.12835 -14118.96011 442.88692
v -10502.42849 -14007.08085 486.40600
v -10625.22609 -13987.62004 440.63381
v -10617.18841 -14149.80432 891.87370
v -10788.44333 -14051.61675 554.86722
v -10803.58902 -14174.33900 583.43198
v -10721.88840 -14251.24951 552.22523
v -10637.44993 -14348.10326 586.01999
v -10535.90451 -14270.91924 549.69567
v -10482.92249 -14181.01760 588.48672
v -10454.95747 -14055.97947 547.29603
v -10579.35260 -14021.91864 590.81511
v -10684.06532 -13986.69280 545.04292
v -10610.41756 -14149.80432 996.28282
v -10797.17482 -14114.85313 659.27634
v -10737.68259 -14206.95449 687.84109
v -10682.48487 -14278.58207 656.63434
v -10579.71307 -14305.80582 690.42911
v -10535.05197 -14209.32569 654.10478
v -10476.52276 -14127.74866 692.89584
v -10530.82275 -14038.22879 651.70515
v -10627.07541 -14035.11005 695.22422
v -10734.25420 -14018.04400 649.45204
v -10622.20389 -14149.80432 1100.69193
v -10757.49655 -14168.03542 763.68545
v -10692.48155 -14218.75451 792.25021
v -10635.06450 -14284.38894 761.04346
v -10560.34185 -14239.38767 794.83822
v -10533.53048 -14170.14640 758.51390
v -10507.84997 -14083.90461 797.30495
v -10593.41879 -14056.37387 756.11426
v -10665.86677 -14043.10683 799.63334
v -10746.06020 -14078.31498 753.86115
v -10636.61967 -14149.80432 1205.10104
v -10703.27846 -14188.73130 868.09457
v -10661.79596 -14227.44395 896.65932
v -10597.02612 -14252.29954 865.45257
v -10567.74077 -14188.84360 899.24734
v -10536.97148 -14136.21103 862.92301
v -10563.50920 -14074.42095 901.71407
v -10628.59791 -14077.73904 860.52338
v -10695.46037 -14067.77258 904.04245
v -10719.21167 -14131.40452 858.27027
v -10640.17607 -14149.80432 1309.51016
v -10665.34828 -14188.56482 972.50368
v -10632.97769 -14222.70081 1001.06843
v -10588.58160 -14203.28126 969.86169
v -10578.41231 -14160.65896 1003.65645
v -10562.31080 -14112.92788 967.33213
v -10608.59707 -14093.99910 1006.12318
v -10649.45817 -14093.40175 964.93249
v -10697.18028 -14108.80633 1008.45157
v -10684.12089 -14157.57790 962.67938
v 17981.18376 3365.04525 167.29464
v 17992.95210 3348.84752 167.29464
v 18011.99367 3355.03450 167.29464
v 18011.99367 3375.05599 167.29464
v 17992.95210 3381.24297 167.29464
v 17981.18376 3365.04525 1050.79319
v 17992.95210 3348.84752 1050.79319
v 18011.99367 3355.03450 1050.79319
v 18011.99367 3375.05599 1050.79319
v 17992.95210 3381.24297 1050.79319
v 18016.29296 3365.04525 742.10093
v 17756.99585 3415.72216 392.43997
v 17793.96433 3255.82297 348.04888
v 17930.82858 3197.11579 389.59029
v 18080.18259 3114.79001 350.97042
v 18171.65934 3257.23460 386.60195
v 18196.80089 3393.43363 354.02039
v 18174.76119 3562.05435 383.49562
v 18004.16789 3547.90734 357.17770
v 17857.58383 3544.17042 380.29279
v 18025.92019 3365.04525 862.38446
v 17769.60197 3332.14643 512.72351
v 17888.43922 3242.31511 468.33242
v 17992.25711 3176.61345 509.87383
v 18136.10622 3189.74755 471.25396
v 18148.15830 3333.69041 506.88549
v 18184.85312 3465.07354 474.30393
v 18073.84532 3554.02910 503.77916
v 17949.54654 3513.16728 477.46124
v 17804.80513 3485.01592 500.57632
v 18010.29519 3365.04525 982.66800
v 17839.92792 3280.02114 633.00705
v 17950.07764 3244.43364 588.61595
v 18057.38764 3185.51989 630.15736
v 18134.26255 3280.83192 591.53749
v 18136.28853 3385.04653 627.16902
v 18128.63979 3511.13539 594.58747
v 18002.54773 3506.25050 624.06269
v 17900.62418 3488.87195 597.74478
v 17811.82089 3403.84069 620.85986
v 17989.64904 3365.04525 1102.95154
v 17917.53426 3274.50371 753.29059
v 17994.55055 3241.86245 708.89949
v 18096.81132 3240.18298 750.44090
v 18105.28950 3342.86347 711.82103
v 18121.29400 3431.30545 747.45256
v 18053.30807 3503.46002 714.87100
v 17964.84772 3465.96216 744.34623
v 17867.21557 3445.96469 718.02831
v 17866.49015 3345.83796 741.14340
v 17983.23447 3365.04525 1223.23508
v 17967.58160 3287.87253 873.57412
v 18034.93339 3254.34057 829.18303
v 18090.98188 3307.86208 870.72444
v 18082.88565 3377.47216 832.10457
v 18080.90002 3458.01059 867.73610
v 18000.98172 3461.06482 835.15454
v 17939.26679 3439.55410 864.62977
v 17876.01969 3390.24048 838.31185
v 17922.38558 3324.13063 861.42693
v 17991.37608 3365.04525 1343.51861
v 17996.39226 3299.66183 993.85766
v 18054.40865 3294.15442 949.46656
v 18061.21501 3352.11675 991.00797
v 18063.39909 3400.29466 952.38810
v 18030.31298 3446.12809 988.01963
v 17979.28686 3421.93528 955.43808
v 17927.37788 3408.61931 984.91331
v 17919.58192 3353.42939 958.59539
v 17957.59856 3319.29282 981.71047
v -10630.58912 6601.46479 -566.88625
v -10612.77078 6576.93994 -566.88625
v -10583.94010 6586.30760 -566.88625
v -10583.94010 6616.62197 -566.88625
v -10612.77078 6625.98963 -566.88625
v -10630.58912 6601.46479 770.81162
v -10612.77078 6576.93994 770.81162
v -10583.94010 6586.30760 770.81162
v -10583.94010 6616.62197 770.81162
v -10612.77078 6625.98963 770.81162
v -10556.47485 6601.46479 303.42321
v -10959.72755 6410.81625 -199.45165
v -10711.27097 6334.69989 -321.90681
v -10501.85768 6289.13861 -199.50570
v -10274.00383 6396.70080 -321.64104
v -10340.35227 6639.77293 -199.98272
v -10358.80898 6877.00442 -320.95358
v -10593.91247 6956.36882 -200.87942
v -10773.14650 6815.06593 -319.84919
v -10993.48015 6682.36289 -202.18960
v -10583.23140 6601.46479 485.54352
v -10818.25061 6361.92886 -17.33133
v -10611.69746 6369.67885 -139.78650
v -10395.62513 6336.56306 -17.38538
v -10325.03535 6543.50769 -139.52073
v -10385.44682 6719.55592 -17.86241
v -10475.47992 6926.37187 -138.83327
v -10683.99352 6840.97284 -18.75911
v -10844.31752 6749.41536 -137.72888
v -10941.21059 6552.41186 -20.06928
v -10620.60636 6601.46479 667.66384
v -10687.35210 6393.50254 164.78898
v -10533.22267 6385.65474 42.33382
v -10354.92901 6447.43841 164.73493
v -10405.19520 6630.76066 42.59959
v -10433.40940 6794.16716 164.25790
v -10596.88580 6876.20964 43.28704
v -10726.47634 6755.25731 163.36120
v -10883.03427 6658.83293 44.39144
v -10820.94718 6484.84141 162.05103
v -10633.82742 6601.46479 849.78415
v -10609.28536 6440.65398 346.90929
v -10464.42352 6424.37058 224.45413
v -10397.97030 6559.01990 346.85524
v -10458.95294 6680.33532 224.71990
v -10516.07445 6825.60069 346.37822
v -10663.55948 6778.06402 225.40736
v -10761.59307 6697.91156 345.48152
v -10843.94378 6566.13827 226.51175
v -10715.63362 6476.61879 344.17134
v -10619.17713 6601.46479 1031.90446
v -10561.27667 6471.05262 529.02961
v -10442.75491 6501.99321 406.57445
v -10471.09177 6621.34443 528.97556
v -10501.50320 6718.04501 406.84021
v -10599.86524 6784.69575 528.49853
v -10683.17861 6700.15079 407.52767
v -10776.07459 6636.44566 527.60183
v -10751.68986 6521.85526 408.63206
v -10652.02302 6481.85341 526.29166
v -10599.65295 6601.46479 1214.02478
v -10529.46175 6506.78326 711.14992
v -10481.97724 6576.49838 588.69476
v -10524.91760 6644.85686 711.09587
v -10556.28157 6724.70541 588.96053
v -10640.20755 6707.21817 710.61885
v -10688.25708 6652.58572 589.64798
v -10740.28302 6581.19255 709.72214
v -10670.06568 6527.67153 590.75238
v -10607.67944 6490.83919 708.41197
v 3542.28464 -12756.59287 -521.43396
v 3556.63162 -12776.33979 -521.43396
v 3579.84552 -12768.79714 -521.43396
v 3579.84552 -12744.38860 -521.43396
v 3556.63162 -12736.84595 -521.43396
v 3542.28464 -12756.59287 555.65392
v 3556.63162 -12776.33979 555.65392
v 3579.84552 -12768.79714 555.65392
v 3579.84552 -12744.38860 555.65392
v 3556.63162 -12736.84595 555.65392
v 3583.05742 -12756.59287 179.32201
v 3453.24338 -13033.21542 -249.52613
v 3630.76608 -12960.76150 -301.95417
v 3829.58231 -12920.88962 -246.09906
v 3825.26816 -12718.10737 -305.28463
v 3716.62872 -12583.91691 -242.87098
v 3572.39072 -12432.33792 -308.40476
v 3417.85841 -12573.07783 -239.86420
v 3307.27681 -12703.85594 -311.29298
v 3285.50852 -12906.34219 -237.09953
v 3548.04032 -12756.59287 325.96169
v 3557.12678 -12968.97785 -102.88646
v 3697.16813 -12925.79192 -155.31450
v 3836.09156 -12812.62539 -99.45939
v 3731.56146 -12665.46614 -158.64495
v 3653.18688 -12528.89169 -96.23130
v 3480.64924 -12508.93822 -161.76508
v 3404.43579 -12659.02589 -93.22453
v 3296.18040 -12796.01510 -164.65330
v 3408.21676 -12931.00216 -90.45986
v 3534.56976 -12756.59287 472.60136
v 3613.01787 -12906.31445 43.75322
v 3752.00988 -12872.58593 -8.67482
v 3767.95683 -12726.12764 47.18029
v 3670.93690 -12634.83235 -12.00528
v 3569.41807 -12520.16427 50.40837
v 3449.47956 -12613.59588 -15.12541
v 3386.09161 -12720.45114 53.41515
v 3354.52494 -12869.60714 -18.01363
v 3502.90092 -12908.94611 56.17982
v 3548.23644 -12756.59287 619.24104
v 3651.25127 -12867.43961 190.39289
v 3755.03575 -12795.61791 137.96486
v 3685.44112 -12690.11069 193.81996
v 3621.84117 -12607.25975 134.63440
v 3503.08934 -12577.50120 197.04805
v 3452.32152 -12688.76665 131.51427
v 3384.91593 -12783.24705 200.05482
v 3449.00330 -12885.54264 128.62605
v 3559.60279 -12889.04699 202.81949
v 3568.80348 -12756.59287 765.88071
v 3678.44604 -12827.13279 337.03257
v 3701.58463 -12735.73103 284.60453
v 3630.29603 -12680.41219 340.45964
v 3566.75880 -12608.59160 281.27407
v 3485.33813 -12659.12091 343.68773
v 3455.82532 -12734.90223 278.15394
v 3428.56134 -12829.80662 346.69450
v 3522.80413 -12859.09111 275.26572
v 3602.42767 -12873.85385 349.45917
v 3575.86554 -12756.59287 912.52039
v 3670.60077 -12778.24581 483.67225
v 3635.85867 -12716.86677 431.24421
v 3593.98979 -12677.56845 487.09932
v 3528.22743 -12653.22878 427.91375
v 3499.11047 -12717.59167 490.32740
v 3467.90205 -12771.01148 424.79362
v 3495.63317 -12833.10596 493.33418
v 3561.28650 -12829.55540 421.90540
v 3629.12476 -12839.31519 496.09884
v 6475.74261 12798.58931 -504.72384
v 6485.14022 12785.65460 -504.72384
v 6500.34589 12790.59522 -504.72384
v 6500.34589 12806.58340 -504.72384
v 6485.14022 12811.52402 -504.72384
v 6475.74261 12798.58931 200.79476
v 6485.14022 12785.65460 200.79476
v 6500.34589 12790.59522 200.79476
v 6500.34589 12806.58340 200.79476
v 6485.14022 12811.52402 200.79476
v 6478.01780 12798.58931 -45.71174
v 6540.10305 12646.50072 -357.56480
v 6628.20128 12713.35210 -330.09014
v 6697.39864 12829.52236 -355.11054
v 6585.21948 12906.79276 -332.58768
v 6494.32053 12983.32784 -352.57404
v 6366.84803 12952.82617 -335.15875
v 6351.65864 12826.71011 -349.97284
v 6310.36580 12701.58807 -337.78557
v 6424.71632 12634.88870 -347.32495
v 6467.34366 12798.58931 50.34079
v 6565.26419 12703.17787 -261.51227
v 6657.19175 12764.47099 -234.03761
v 6629.96873 12874.97506 -259.05800
v 6535.38148 12915.52550 -236.53515
v 6431.33833 12971.84508 -256.52150
v 6369.05196 12872.27448 -239.10622
v 6351.35822 12777.94241 -253.92031
v 6367.96113 12661.34321 -241.73304
v 6486.05309 12672.09939 -251.27241
v 6477.52092 12798.58931 146.39332
v 6585.81445 12739.61883 -165.45974
v 6643.97332 12821.87462 -137.98508
v 6562.91585 12881.93472 -163.00547
v 6492.55395 12926.64819 -140.48262
v 6395.37104 12916.45919 -160.46897
v 6387.75866 12819.13937 -143.05369
v 6363.07761 12729.85108 -157.86778
v 6439.12683 12670.69172 -145.68050
v 6523.01166 12698.33446 -155.21988
v 6494.16744 12798.58931 242.44586
v 6600.48105 12776.21461 -69.40720
v 6592.42946 12854.83398 -41.93255
v 6520.39775 12877.90174 -66.95294
v 6449.72646 12916.19073 -44.43009
v 6400.13972 12853.00250 -64.41644
v 6398.68268 12784.85043 -47.00116
v 6404.49271 12702.28740 -61.81525
v 6487.11554 12706.31633 -49.62797
v 6554.05347 12717.57768 -59.16735
v 6500.99851 12798.58931 338.49839
v 6587.96600 12813.62914 26.64533
v 6539.15100 12855.22615 54.11999
v 6491.13323 12875.73969 29.09959
v 6427.36991 12876.02545 51.62245
v 6422.56704 12811.96797 31.63609
v 6412.56553 12756.60591 49.05138
v 6455.61484 12712.21169 34.23728
v 6510.58867 12735.71571 46.42456
v 6571.57912 12748.53132 36.88518
v 6495.69989 12798.58931 434.55092
v 6549.82988 12831.73817 122.69786
v 6506.66587 12843.07581 150.17252
v 6467.75193 12862.28859 125.15212
v 6435.93947 12831.02823 147.67498
v 6440.58543 12791.10726 127.68862
v 6442.08725 12744.75337 145.10391
v 6488.11694 12743.53700 130.28982
v 6523.64809 12755.80659 142.47709
v 6559.66847 12784.56780 132.93771
v -14590.00371 -5482.29898 -345.81364
v -14575.56546 -5502.17152 -345.81364
v -14552.20389 -5494.58088 -345.81364
v -14552.20389 -5470.01707 -345.81364
v -14575.56546 -5462.42644 -345.81364
v -14590.00371 -5482.29898 738.12620
v -14575.56546 -5502.17152 738.12620
v -14552.20389 -5494.58088 738.12620
v -14552.20389 -5470.01707 738.12620
v -14575.56546 -5462.42644 738.12620
v -14608.04759 -5482.29898 359.40023
v -14384.96548 -5594.86075 -147.00571
v -14269.31807 -5437.15445 -48.63039
v -14381.65061 -5269.94149 -146.37998
v -14563.53266 -5259.92636 -49.42519
v -14770.70789 -5229.43093 -145.41748
v -14813.83887 -5432.79109 -50.55374
v -14786.00494 -5600.37633 -144.12485
v -14687.63118 -5784.16941 -52.00822
v -14497.80750 -5694.61099 -142.51104
v -14590.52907 -5482.29898 506.97277
v -14368.26907 -5522.73266 0.56682
v -14320.38454 -5346.59354 98.94214
v -14495.66527 -5294.72850 1.19255
v -14643.20653 -5262.33923 98.14734
v -14802.28785 -5340.06161 2.15505
v -14754.77955 -5510.43602 97.01879
v -14741.31327 -5677.74505 3.44768
v -14575.11656 -5731.18863 95.56432
v -14449.51350 -5632.02095 5.06150
v -14560.07640 -5482.29898 654.54530
v -14359.29377 -5450.30262 148.13936
v -14423.92340 -5317.20862 246.51467
v -14565.40923 -5322.88174 148.76508
v -14714.27385 -5300.91296 245.71987
v -14760.91500 -5443.87024 149.72759
v -14719.72706 -5564.66016 244.59133
v -14656.50789 -5706.12858 151.02021
v -14513.79092 -5646.00330 243.13685
v -14403.30084 -5583.22778 152.63403
v -14546.19326 -5482.29898 802.11783
v -14397.10649 -5388.03611 295.71189
v -14515.30267 -5344.12164 394.08720
v -14617.81306 -5338.60755 296.33761
v -14735.76644 -5381.06582 393.29240
v -14701.45225 -5502.60768 297.30012
v -14682.60113 -5611.59515 392.16386
v -14573.16753 -5664.56254 298.59275
v -14487.48481 -5584.09375 390.70938
v -14383.48478 -5519.30866 300.20656
v -14555.55012 -5482.29898 949.69036
v -14472.16399 -5371.64693 443.28442
v -14566.93652 -5380.49948 541.65974
v -14658.95334 -5370.46558 443.91014
v -14699.82861 -5456.36292 540.86493
v -14661.32410 -5532.94831 444.87265
v -14624.41429 -5624.72176 539.73639
v -14531.30244 -5593.49507 446.16528
v -14469.08776 -5542.92679 538.28191
v -14417.95400 -5458.95915 447.77909
v -14571.45393 -5482.29898 1097.26289
v -14537.03701 -5399.47977 590.85695
v -14595.09128 -5406.11130 689.23227
v -14664.05662 -5424.86713 591.48268
v -14646.85498 -5494.37822 688.43747
v -14629.16561 -5550.97727 592.44518
v -14571.28669 -5589.06831 687.30892
v -14523.01845 -5539.55941 593.73781
v -14468.74305 -5502.11496 685.85444
v -14483.94401 -5435.41887 595.35162
v 15047.06440 -6050.40465 -557.04250
v 15064.85381 -6074.88967 -557.04250
v 15093.63767 -6065.53722 -557.04250
v 15093.63767 -6035.27208 -557.04250
v 15064.85381 -6025.91964 -557.04250
v 15047.06440 -6050.40465 778.48287
v 15064.85381 -6074.88967 778.48287
v 15093.63767 -6065.53722 778.48287
v 15093.63767 -6035.27208 778.48287
v 15064.85381 -6025.91964 778.48287
v 15042.40352 -6050.40465 311.85353
v 15360.29212 -6006.56408 -289.83403
v 15338.40910 -5748.39059 -210.86425
v 15079.44273 -5764.54812 -293.64678
v 14866.94410 -5793.17319 -207.19470
v 14692.65290 -5974.23968 -297.16680
v 14838.92824 -6178.29547 -203.83030
v 14938.31941 -6394.83326 -300.36975
v 15185.94134 -6385.20206 -200.79433
v 15305.15398 -6191.83513 -303.23348
v 15085.93379 -6050.40465 493.67807
v 15343.26028 -5902.18853 -108.00949
v 15188.72698 -5752.71984 -29.03971
v 14998.42810 -5830.95987 -111.82224
v 14784.28452 -5875.14575 -25.37016
v 14791.84970 -6093.51910 -115.34226
v 14908.25492 -6237.87295 -22.00576
v 15065.03559 -6399.47534 -118.54521
v 15229.88379 -6246.29568 -18.96979
v 15349.42236 -6105.55577 -121.40894
v 15107.21371 -6050.40465 675.50260
v 15266.86376 -5828.91188 73.81505
v 15077.55831 -5827.82662 152.78482
v 14930.14441 -5872.82390 70.00230
v 14785.64751 -5993.42913 156.45438
v 14896.61418 -6147.17973 66.48228
v 14979.30934 -6291.18494 159.81878
v 15160.91711 -6309.54906 63.27933
v 15240.33275 -6151.94932 162.85475
v 15353.65637 -6007.03896 60.41559
v 15094.18658 -6050.40465 857.32714
v 15156.56975 -5834.10774 255.63958
v 15020.98964 -5898.45674 334.60936
v 14879.28024 -5933.34349 251.82684
v 14865.17989 -6082.66344 338.27892
v 14963.61330 -6175.27587 248.30682
v 15067.89607 -6291.24526 341.64332
v 15188.92026 -6194.65608 245.10387
v 15253.72631 -6086.12457 344.67928
v 15284.06363 -5934.11653 242.24013
v 15068.79770 -6050.40465 1039.15168
v 15075.76605 -5898.52478 437.46412
v 14986.37686 -5943.22934 516.43390
v 14886.56735 -6013.81406 433.65138
v 14954.97496 -6115.41199 520.10346
v 15016.59319 -6195.97747 430.13136
v 15131.93082 -6223.23369 523.46785
v 15180.44834 -6115.37555 426.92840
v 15245.69376 -6023.37871 526.50382
v 15182.15178 -5925.13036 424.06467
v 15057.65323 -6050.40465 1220.97622
v 15042.93519 -5963.33905 619.28866
v 14969.01138 -5987.88427 698.25844
v 14949.53212 -6069.79384 615.47592
v 15013.13636 -6118.90163 701.92800
v 15070.35509 -6182.84429 611.95589
v 15142.54139 -6136.70622 705.29239
v 15168.98634 -6069.20703 608.75294
v 15192.50308 -5984.22576 708.32836
v 15108.04908 -5958.89693 605.88921
v -7685.25415 15978.82402 -422.24769
v -7673.56790 15962.73929 -422.24769
v -7654.65917 15968.88311 -422.24769
v -7654.65917 15988.76493 -422.24769
v -7673.56790 15994.90875 -422.24769
v -7685.25415 15978.82402 455.08773
v -7673.56790 15962.73929 455.08773
v -7654.65917 15968.88311 455.08773
v -7654.65917 15988.76493 455.08773
v -7673.56790 15994.90875 455.08773
v -7658.40889 15978.82402 148.54885
v -7514.53185 16154.38190 -208.83036
v -7663.18446 16220.54153 -232.39637
v -7778.17090 16115.53275 -212.04338
v -7918.94691 16028.54637 -229.14814
v -7856.89790 15875.25971 -215.32119
v -7736.67936 15802.84170 -225.84641
v -7583.28015 15728.63898 -218.64113
v -7505.83536 15880.32041 -222.51401
v -7457.37463 16011.39954 -221.98022
v -7641.68735 15978.82402 267.99331
v -7585.95597 16191.57128 -89.38590
v -7724.01486 16142.07091 -112.95191
v -7819.34427 16070.16186 -92.59892
v -7892.46505 15944.00264 -109.70368
v -7770.86217 15861.58676 -95.87673
v -7672.42333 15778.75276 -106.40195
v -7535.37633 15813.63318 -99.19667
v -7519.44748 15949.42661 -103.06955
v -7475.47045 16084.99297 -102.53576
v -7651.22956 15978.82402 387.43777
v -7664.72795 16164.46071 30.05856
v -7749.01535 16078.85835 6.49255
v -7845.99866 16013.72792 26.84554
v -7815.61537 15897.57557 9.74078
v -7716.17705 15854.95363 23.56773
v -7605.92912 15796.37386 13.04251
v -7541.43658 15902.22403 20.24779
v -7522.49559 16001.62324 16.37491
v -7541.40724 16124.25372 16.90870
v -7671.71410 15978.82402 506.88223
v -7709.78669 16099.61145 149.50302
v -7767.48857 16038.54288 125.93701
v -7825.95906 15954.03380 146.29000
v -7742.65367 15893.52349 129.18524
v -7670.77231 15847.66485 143.01219
v -7571.83681 15859.38776 132.48697
v -7564.61430 15958.54554 139.69225
v -7539.61018 16049.99997 135.81937
v -7618.10780 16109.26774 136.35316
v -7682.16357 15978.82402 626.32669
v -7721.16037 16044.06870 268.94748
v -7776.81330 15999.92481 245.38147
v -7767.88672 15923.66383 265.73446
v -7698.04227 15901.48422 248.62970
v -7629.02910 15864.59919 262.45665
v -7581.61695 15926.69774 251.93143
v -7580.06995 15992.79199 259.13671
v -7586.49828 16072.94697 255.26383
v -7666.76822 16068.23589 255.79762
v -7677.20226 15978.82402 745.77115
v -7721.52929 16010.72509 388.39194
v -7756.65596 15964.76473 364.82593
v -7712.47636 15927.97161 385.17892
v -7669.49739 15909.46572 368.07416
v -7612.43493 15909.89660 381.90111
v -7608.56290 15967.25331 371.37589
v -7599.59755 16017.00067 378.58117
v -7638.71256 16056.19348 374.70829
v -7687.75307 16035.05420 375.24208
v -5344.01241 -17589.30611 -180.25121
v -5333.74223 -17603.44180 -180.25121
v -5317.12473 -17598.04245 -180.25121
v -5317.12473 -17580.56978 -180.25121
v -5333.74223 -17575.17043 -180.25121
v -5344.01241 -17589.30611 590.77421
v -5333.74223 -17603.44180 590.77421
v -5317.12473 -17598.04245 590.77421
v -5317.12473 -17580.56978 590.77421
v -5333.74223 -17575.17043 590.77421
v -5302.16251 -17589.30611 321.37979
v -5324.65359 -17358.36227 30.43181
v -5438.77463 -17453.37209 -37.53880
v -5504.47640 -17554.85996 29.58170
v -5530.22150 -17700.23432 -36.57259
v -5385.95361 -17736.40173 28.50105
v -5263.57163 -17781.00878 -35.37939
v -5145.33730 -17700.25514 27.19736
v -5177.33158 -17565.57339 -33.96746
v -5182.57071 -17421.36997 25.67963
v -5311.41357 -17589.30611 426.35072
v -5391.60504 -17407.28497 135.40274
v -5443.24516 -17520.58308 67.43213
v -5514.52167 -17618.46166 134.55263
v -5443.66054 -17720.75017 68.39834
v -5331.69930 -17726.90736 133.47198
v -5203.54246 -17744.75951 69.59154
v -5178.37067 -17618.78301 132.16829
v -5195.25547 -17515.27591 71.00348
v -5257.25005 -17402.60332 130.65056
v -5332.76078 -17589.30611 531.32165
v -5415.19518 -17483.01730 240.37367
v -5450.81642 -17565.63842 172.40306
v -5478.60339 -17672.12205 239.52356
v -5372.58159 -17702.40300 173.36927
v -5283.43210 -17722.13988 238.44292
v -5188.21139 -17674.01746 174.56247
v -5217.35706 -17571.61629 237.13922
v -5225.78637 -17470.43492 175.97441
v -5326.51547 -17439.63848 235.62149
v -5344.69339 -17589.30611 636.29258
v -5410.10775 -17540.74853 345.34461
v -5451.87764 -17608.84398 277.37399
v -5413.03947 -17685.96519 344.49449
v -5330.70155 -17682.46252 278.34021
v -5243.57107 -17694.81549 343.41385
v -5217.43061 -17610.93025 279.53341
v -5241.28378 -17540.51051 342.11015
v -5278.98437 -17458.31223 280.94534
v -5361.96631 -17494.24303 340.59242
v -5339.95936 -17589.30611 741.26351
v -5403.45056 -17574.99643 450.31554
v -5424.48041 -17642.36431 382.34492
v -5358.45623 -17666.04896 449.46542
v -5301.45834 -17669.27777 383.31114
v -5236.24209 -17644.91237 448.38478
v -5255.79924 -17577.55881 384.50434
v -5266.33587 -17516.79520 447.08108
v -5327.55964 -17488.24166 385.91627
v -5374.91915 -17532.98404 445.56335
v -5328.81386 -17589.30611 846.23444
v -5394.32117 -17599.80610 555.28647
v -5378.34953 -17646.20954 487.31585
v -5329.92076 -17641.45405 554.43635
v -5282.62598 -17646.44614 488.28207
v -5262.30149 -17602.11557 553.35571
v -5281.96975 -17562.98978 489.47527
v -5301.26441 -17516.08202 552.05202
v -5348.82520 -17532.65303 490.88720
v -5380.77763 -17558.47127 550.53429
v 10599.80514 6296.17185 -577.80108
v 10616.62746 6273.01791 -577.80108
v 10643.84655 6281.86193 -577.80108
v 10643.84655 6310.48177 -577.80108
v 10616.62746 6319.32579 -577.80108
v 10599.80514 6296.17185 685.12137
v 10616.62746 6273.01791 685.12137
v 10643.84655 6281.86193 685.12137
v 10643.84655 6310.48177 685.12137
v 10616.62746 6319.32579 685.12137
v 10657.61915 6296.17185 243.85931
v 10395.65670 6578.42058 -246.30489
v 10377.42826 6344.16631 -332.69007
v 10314.41356 6124.53949 -243.18446
v 10506.21457 5989.06872 -335.65568
v 10708.66826 6050.60115 -240.37880
v 10947.39880 6101.88206 -338.29655
v 10910.50397 6341.48394 -237.90730
v 10813.59630 6514.04146 -340.59440
v 10630.79346 6673.65701 -235.78707
v 10617.17411 6296.17185 415.79935
v 10397.60444 6432.05055 -74.36484
v 10387.69261 6258.52867 -160.75003
v 10407.80339 6046.89454 -71.24441
v 10620.25148 6062.17377 -163.71564
v 10795.09825 6085.41049 -68.43875
v 10936.01263 6235.80819 -166.35650
v 10815.29443 6402.32249 -65.96726
v 10732.97669 6580.34564 -168.65435
v 10529.79145 6569.50768 -63.84703
v 10593.12540 6296.17185 587.73940
v 10439.12544 6331.80583 97.57520
v 10407.41442 6175.54357 11.19001
v 10533.01575 6057.52719 100.69563
v 10684.99697 6120.44701 8.22440
v 10856.81562 6156.91856 103.50129
v 10848.41580 6332.08882 5.58354
v 10755.49693 6447.79619 105.97279
v 10628.55372 6576.11032 3.28569
v 10497.55900 6451.94903 108.09302
v 10601.49207 6296.17185 759.67944
v 10467.56817 6270.94450 269.51525
v 10474.58039 6123.18379 183.13006
v 10621.60349 6124.00300 272.63567
v 10736.15172 6158.61179 180.16445
v 10847.04886 6253.45981 275.44134
v 10760.13204 6372.02112 177.52359
v 10695.71284 6484.09031 277.91283
v 10554.64219 6496.30805 175.22574
v 10493.55020 6374.17245 280.03306
v 10624.91331 6296.17185 931.61949
v 10493.12796 6222.92797 441.45529
v 10563.42542 6136.26179 355.07010
v 10663.16320 6184.18032 444.57572
v 10768.07906 6210.39347 352.10449
v 10776.92774 6320.93256 447.38138
v 10704.40865 6389.17111 349.46363
v 10626.61983 6474.32355 449.85287
v 10537.94883 6401.84338 347.16578
v 10489.82810 6321.78085 451.97311
v 10637.49912 6296.17185 1103.55953
v 10541.74976 6200.50903 613.39534
v 10622.81792 6193.06680 527.01015
v 10683.68823 6223.32599 616.51576
v 10751.14868 6272.08222 524.04454
v 10703.90159 6340.85182 619.32142
v 10661.92558 6395.92680 521.40368
v 10583.18703 6413.41145 621.79292
v 10550.58947 6339.91972 519.10583
v 10506.20260 6276.94283 623.91315
v -13154.79498 2752.87606 -492.92525
v -13138.63404 2730.63244 -492.92525
v -13112.48510 2739.12875 -492.92525
v -13112.48510 2766.62338 -492.92525
v -13138.63404 2775.11969 -492.92525
v -13154.79498 2752.87606 720.34435
v -13138.63404 2730.63244 720.34435
v -13112.48510 2739.12875 720.34435
v -13112.48510 2766.62338 720.34435
v -13138.63404 2775.11969 720.34435
v -13139.12812 2752.87606 296.43087
v -13418.50934 2808.16914 -224.96936
v -13362.96080 2624.00060 -207.69038
v -13261.73436 2411.60154 -220.39226
v -13046.65541 2508.11363 -212.28946
v -12873.68969 2598.62881 -215.77917
v -12784.26185 2808.47270 -216.90858
v -12972.96410 2935.77993 -211.16200
v -13126.10998 3089.62611 -221.51581
v -13333.24407 3001.24686 -206.57268
v -13166.55764 2752.87606 461.61095
v -13342.17102 2718.91934 -59.78928
v -13315.21342 2540.29116 -42.51030
v -13135.68805 2463.48305 -55.21218
v -12998.37992 2589.49225 -47.10938
v -12829.68391 2695.05957 -50.59909
v -12906.67681 2878.22844 -51.72850
v -13050.52147 2965.27612 -45.98192
v -13235.47563 3052.52271 -56.33573
v -13326.65591 2869.48793 -41.39260
v -13157.93156 2752.87606 626.79103
v -13293.46806 2662.28100 105.39080
v -13226.44463 2502.60885 122.66977
v -13065.09766 2562.52597 109.96790
v -12953.02551 2646.56457 118.07070
v -12869.14884 2795.38040 114.58099
v -13012.31950 2890.86872 113.45158
v -13128.14437 2988.24862 119.19816
v -13288.17878 2945.05710 108.84435
v -13306.33313 2786.22632 123.78748
v -13130.46905 2752.87606 791.97111
v -13251.83865 2613.06123 270.57087
v -13134.12449 2542.61087 287.84985
v -13039.14517 2639.99165 275.14798
v -12929.03638 2714.48945 283.25078
v -12965.41457 2845.87206 279.76107
v -13077.92629 2894.10536 278.63165
v -13203.65350 2959.64970 284.37824
v -13275.49896 2838.56981 274.02442
v -13297.31997 2725.82728 288.96756
v -13113.60436 2752.87606 957.15119
v -13190.89111 2595.34717 435.75095
v -13085.92555 2623.09662 453.02993
v -13023.50499 2688.84179 440.32806
v -12961.28715 2780.77375 448.43086
v -13051.92716 2845.32183 444.94114
v -13129.70089 2895.12381 443.81173
v -13236.34039 2881.02084 449.55832
v -13243.57029 2774.04330 439.20450
v -13270.37833 2674.84742 454.14764
v -13118.07711 2752.87606 1122.33127
v -13132.75567 2630.87209 600.93103
v -13078.45164 2688.33066 618.21001
v -13022.88790 2732.50164 605.50813
v -13032.87735 2808.31859 613.61094
v -13102.29583 2830.18684 610.12122
v -13171.37890 2866.59562 608.99181
v -13217.83249 2804.05640 614.73839
v -13219.50929 2738.34369 604.38458
v -13212.31927 2658.58534 619.32772
v 8265.55051 -11536.21988 -519.17201
v 8275.36901 -11549.73388 -519.17201
v 8291.25567 -11544.57199 -519.17201
v 8291.25567 -11527.86777 -519.17201
v 8275.36901 -11522.70588 -519.17201
v 8265.55051 -11536.21988 217.94369
v 8275.36901 -11549.73388 217.94369
v 8291.25567 -11544.57199 217.94369
v 8291.25567 -11527.86777 217.94369
v 8275.36901 -11522.70588 217.94369
v 8255.15651 -11536.21988 -39.60276
v 8149.33198 -11609.13133 -381.59906
v 8209.92860 -11720.10957 -319.83567
v 8346.40120 -11727.52371 -380.41539
v 8406.43842 -11611.71763 -321.12413
v 8492.01939 -11501.81883 -379.02437
v 8397.43471 -11399.86388 -322.61530
v 8281.96464 -11377.15361 -377.43564
v 8139.41729 -11364.17910 -324.29886
v 8123.39572 -11506.40857 -375.66016
v 8260.75470 -11536.21988 60.75155
v 8192.93998 -11637.01305 -281.24476
v 8277.28086 -11728.01619 -219.48137
v 8371.15720 -11648.04686 -280.06108
v 8425.94193 -11563.94842 -220.76983
v 8445.83418 -11443.17787 -278.67007
v 8326.01037 -11414.08325 -222.26099
v 8224.12736 -11376.99692 -277.08133
v 8127.02516 -11445.38632 -223.94455
v 8153.82898 -11556.75037 -275.30586
v 8280.45410 -11536.21988 161.10586
v 8231.49978 -11664.02429 -180.89045
v 8331.24654 -11683.13580 -119.12706
v 8372.57808 -11591.30282 -179.70677
v 8430.24014 -11511.54282 -120.41552
v 8371.58944 -11429.40937 -178.31576
v 8281.10052 -11424.42775 -121.90669
v 8177.02660 -11410.76220 -176.72702
v 8157.79929 -11513.20377 -123.59025
v 8171.24432 -11597.14834 -174.95155
v 8293.60039 -11536.21988 261.46016
v 8278.31254 -11667.12361 -80.53614
v 8347.57302 -11618.87533 -18.77275
v 8375.63302 -11554.22007 -79.35247
v 8396.56394 -11470.49419 -20.06121
v 8313.16039 -11447.51704 -77.96145
v 8243.08440 -11431.87925 -21.55238
v 8168.96345 -11470.60752 -76.37271
v 8192.20210 -11550.66239 -23.23594
v 8199.06801 -11630.25347 -74.59724
v 8291.00231 -11536.21988 361.81447
v 8313.97536 -11633.27149 19.81816
v 8340.38210 -11572.04313 81.58155
v 8371.62974 -11520.97796 21.00184
v 8341.78862 -11463.79862 80.29309
v 8280.46525 -11466.54900 22.39286
v 8215.20242 -11457.68220 78.80193
v 8196.48478 -11520.66546 23.98159
v 8214.16074 -11573.21335 77.11837
v 8242.92379 -11634.32501 25.75706
v 8280.72006 -11536.21988 462.16878
v 8320.45568 -11585.63420 120.17247
v 8331.11387 -11545.76230 181.93586
v 8345.21251 -11499.22851 121.35615
v 8299.53012 -11483.41656 180.64740
v 8260.26284 -11481.08076 122.74716
v 8215.60026 -11498.38701 179.15623
v 8229.39375 -11544.62439 124.33590
v 8236.69559 -11586.59467 177.47267
v 8279.12207 -11605.64211 126.11137
v 1841.42240 15537.65267 -245.96572
v 1853.91324 15520.46051 -245.96572
v 1874.12385 15527.02733 -245.96572
v 1874.12385 15548.27802 -245.96572
v 1853.91324 15554.84484 -245.96572
v 1841.42240 15537.65267 691.77409
v 1853.91324 15520.46051 691.77409
v 1874.12385 15527.02733 691.77409
v 1874.12385 15548.27802 691.77409
v 1853.91324 15554.84484 691.77409
v 1831.64445 15537.65267 364.13006
v 1790.62225 15355.24991 -66.58522
v 1952.47611 15272.34522 4.96703
v 2041.53355 15429.62440 -68.49566
v 2074.69525 15572.94239 6.75040
v 2041.38756 15749.21413 -70.14887
v 1861.79447 15729.05189 8.27060
v 1702.88560 15728.90888 -71.53343
v 1603.56720 15585.95154 9.51712
v 1696.43779 15446.09826 -72.63976
v 1860.54074 15537.65267 491.79826
v 1857.23312 15332.70031 61.08297
v 2007.64585 15357.08095 132.63522
v 2018.65292 15507.77155 59.17254
v 2058.88688 15649.84823 134.41859
v 1933.97152 15735.43150 57.51932
v 1803.87585 15695.89937 135.93879
v 1650.16627 15661.61717 56.13476
v 1675.77008 15507.34687 137.18532
v 1737.90545 15395.95446 55.02843
v 1880.95473 15537.65267 619.46645
v 1926.97473 15346.25930 188.75116
v 2002.18602 15453.33527 260.30341
v 2008.67927 15562.40281 186.84073
v 1994.65386 15695.45173 262.08678
v 1860.98663 15684.57741 185.18751
v 1750.62850 15670.09981 263.60698
v 1663.27886 15574.30338 183.80295
v 1739.67328 15470.07901 264.85351
v 1791.97896 15357.82694 182.69662
v 1877.80131 15537.65267 747.13464
v 1965.99959 15408.33589 316.41936
v 1972.20323 15516.71040 387.97160
v 1991.48314 15612.24509 314.50892
v 1913.92978 15683.02887 389.75497
v 1821.68610 15644.59083 312.85570
v 1716.93304 15621.71934 391.27518
v 1723.46760 15514.95335 311.47114
v 1779.83198 15444.46139 392.52170
v 1857.93181 15367.06230 310.36481
v 1861.19491 15537.65267 874.80283
v 1956.93823 15480.31874 444.08755
v 1950.47442 15552.92086 515.63980
v 1945.68402 15638.65857 442.17711
v 1860.32124 15637.22615 517.42316
v 1793.76210 15617.32160 440.52389
v 1730.14705 15561.56351 518.94337
v 1781.03113 15493.20857 439.13933
v 1818.56146 15428.00155 520.18989
v 1900.48203 15422.09455 438.03300
v 1850.51673 15537.65267 1002.47102
v 1925.37734 15525.53872 571.75574
v 1929.55933 15577.42091 643.30799
v 1891.35213 15623.21357 569.84530
v 1838.24800 15597.39736 645.09136
v 1782.03204 15583.13774 568.19209
v 1778.13909 15523.91998 646.61156
v 1816.80568 15487.52225 566.80753
v 1858.80116 15442.27994 647.85808
v 1905.81552 15481.62737 565.70119
v -12350.64402 -10594.56868 -228.43620
v -12332.65804 -10619.32425 -228.43620
v -12303.55612 -10609.86846 -228.43620
v -12303.55612 -10579.26889 -228.43620
v -12332.65804 -10569.81310 -228.43620
v -12350.64402 -10594.56868 1121.84683
v -12332.65804 -10619.32425 1121.84683
v -12303.55612 -10609.86846 1121.84683
v -12303.55612 -10579.26889 1121.84683
v -12332.65804 -10569.81310 1121.84683
v -12322.88684 -10594.56868 650.06119
v -12211.56158 -10915.24210 82.85306
v -11991.03683 -10791.68867 81.04721
v -12059.60246 -10550.60109 77.71211
v -12077.72288 -10306.31156 86.18239
v -12321.06569 -10244.00061 72.59158
v -12501.31092 -10379.60806 91.27941
v -12721.34089 -10520.46680 67.52689
v -12593.68701 -10746.30714 96.30303
v -12433.49526 -10884.54891 62.55305
v -12288.17926 -10594.56868 833.89490
v -12105.52696 -10860.59328 266.68678
v -12047.89860 -10645.98712 264.88092
v -12101.05075 -10468.21867 261.54583
v -12200.89925 -10264.14256 270.01611
v -12407.79659 -10359.32441 256.42530
v -12575.41244 -10446.68134 275.11313
v -12658.97232 -10650.36227 251.36060
v -12476.41575 -10772.13903 280.13674
v -12327.61164 -10920.74874 246.38676
v -12292.50141 -10594.56868 1017.72862
v -12071.27194 -10743.63768 450.52049
v -12126.25098 -10561.27768 448.71464
v -12151.95199 -10392.21342 445.37954
v -12322.36624 -10322.20496 453.84982
v -12451.27979 -10441.05914 440.25901
v -12610.17754 -10541.78220 458.94684
v -12535.17062 -10713.82694 435.19431
v -12399.85653 -10796.10287 463.97045
v -12224.56143 -10876.68618 430.22047
v -12321.49012 -10594.56868 1201.56233
v -12119.73069 -10632.24365 634.35420
v -12176.79138 -10510.65971 632.54835
v -12239.25504 -10365.28190 629.21325
v -12386.10556 -10421.69629 637.68353
v -12488.73733 -10498.20360 624.09272
v -12563.61968 -10634.91009 642.78055
v -12432.35485 -10721.07633 619.02803
v -12326.19318 -10810.23115 647.80417
v -12180.66353 -10768.69556 614.05419
v -12342.57037 -10594.56868 1385.39604
v -12192.60698 -10572.16044 818.18792
v -12220.31633 -10471.87086 816.38206
v -12323.44902 -10412.07136 813.04697
v -12405.47112 -10496.94815 821.51725
v -12501.25790 -10562.25723 807.92644
v -12467.97768 -10676.12324 826.61427
v -12370.42203 -10717.96629 802.86174
v -12260.55304 -10774.13572 831.63788
v -12199.24102 -10668.02454 797.88790
v -12340.35011 -10594.56868 1569.22976
v -12244.27189 -10548.76506 1002.02163
v -12277.68441 -10467.78437 1000.21578
v -12361.62514 -10491.13152 996.88068
v -12411.72540 -10543.63993 1005.35096
v -12460.81281 -10617.81923 991.76015
v -12387.67146 -10668.89040 1010.44798
v -12325.23838 -10709.00840 986.69545
v -12239.98446 -10696.55079 1015.47159
v -12234.63770 -10610.94029 981.72161
v 17595.15431 -556.33676 115.62576
v 17608.72563 -575.01609 115.62576
v 17630.68450 -567.88122 115.62576
v 17630.68450 -544.79231 115.62576
v 17608.72563 -537.65744 115.62576
v 17595.15431 -556.33676 1134.48208
v 17608.72563 -575.01609 1134.48208
v 17630.68450 -567.88122 1134.48208
v 17630.68450 -544.79231 1134.48208
v 17608.72563 -537.65744 1134.48208
v 17646.46794 -556.33676 778.49614
v 17872.99719 -708.26530 388.97710
v 17856.08634 -515.84125 309.76299
v 17759.69333 -386.52015 386.86101
v 17617.32657 -249.63563 312.01243
v 17476.74721 -389.03258 384.48211
v 17365.91243 -510.33071 314.51669
v 17358.39116 -701.56295 381.85683
v 17543.76505 -746.58866 317.25844
v 17709.57526 -823.58694 379.00334
v 17643.37159 -556.33676 917.20790
v 17872.05705 -603.64331 527.68886
v 17770.45386 -467.97992 448.47475
v 17697.38196 -334.49699 525.57278
v 17533.56604 -327.97476 450.72419
v 17462.07061 -466.66437 523.19387
v 17359.97813 -599.34699 453.22845
v 17475.17559 -720.27634 520.56860
v 17613.39362 -747.76363 455.97021
v 17784.51635 -761.63632 517.71510
v 17617.66760 -556.33676 1055.91966
v 17803.63276 -524.28159 666.40063
v 17716.01624 -437.25855 587.18652
v 17616.23146 -331.38799 664.28454
v 17507.18170 -426.41229 589.43596
v 17442.65889 -524.84981 661.90564
v 17421.08295 -666.53306 591.94022
v 17561.62376 -699.57062 659.28036
v 17681.42501 -743.10390 594.68197
v 17794.02487 -661.34698 656.42687
v 17597.45726 -556.33676 1194.63143
v 17727.11031 -492.30532 805.11239
v 17668.77213 -410.51412 725.89828
v 17555.42873 -390.42060 802.99631
v 17509.13430 -494.56309 728.14772
v 17443.87622 -585.51446 800.61740
v 17511.76238 -677.77541 730.65198
v 17614.10202 -683.42843 797.99212
v 17732.35356 -697.99904 733.39373
v 17752.83282 -581.45328 795.13863
v 17598.31194 -556.33676 1333.34319
v 17677.39905 -482.40892 943.82415
v 17615.43467 -414.72623 864.61004
v 17541.22403 -467.84960 941.70807
v 17510.78618 -537.51234 866.85949
v 17489.12879 -628.13514 939.32916
v 17579.44279 -652.11735 869.36374
v 17655.28581 -669.16801 936.70389
v 17734.69995 -626.28812 872.10550
v 17709.21125 -540.12808 933.85040
v 17611.72414 -556.33676 1472.05495
v 17643.20373 -479.14598 1082.53592
v 17580.14265 -460.05834 1003.32181
v 17554.29638 -521.11825 1080.41983
v 17523.14939 -572.15793 1005.57125
v 17553.67854 -628.64460 1078.04093
v 17614.54605 -625.78216 1008.07551
v 17679.68944 -634.24031 1075.41565
v 17697.51796 -571.22892 1010.81726
v 17680.06467 -518.96447 1072.56216
v -13280.92572 12947.48849 200.72069
v -13271.44980 12934.44602 200.72069
v -13256.11746 12939.42780 200.72069
v -13256.11746 12955.54918 200.72069
v -13271.44980 12960.53096 200.72069
v -13280.92572 12947.48849 912.11727
v -13271.44980 12934.44602 912.11727
v -13256.11746 12939.42780 912.11727
v -13256.11746 12955.54918 912.11727
v -13271.44980 12960.53096 912.11727
v -13244.22459 12947.48849 663.55702
v -13059.76491 12982.70259 392.68795
v -13173.96095 13057.19041 333.87144
v -13265.99606 13137.90042 393.79985
v -13391.58156 13097.64331 332.86319
v -13407.35167 12973.12269 394.70269
v -13447.89916 12844.70159 332.06732
v -13327.49481 12785.09718 395.39023
v -13215.46937 12802.45147 331.48931
v -13082.33504 12839.16969 395.85770
v -13264.84651 12947.48849 760.40981
v -13130.19094 13025.60475 489.54074
v -13222.53714 13068.18039 430.72422
v -13329.61770 13121.89935 490.65264
v -13387.14006 13017.60349 429.71598
v -13409.25560 12923.24010 491.55548
v -13385.93940 12807.55125 428.92011
v -13267.89795 12821.67893 492.24301
v -13162.93564 12821.83177 428.34210
v -13098.92097 12916.86729 492.71049
v -13281.96334 12947.48849 857.26260
v -13196.12589 13031.43256 586.39353
v -13266.61437 13079.78351 527.57701
v -13363.06525 13062.77563 587.50543
v -13369.68252 12966.03451 526.56877
v -13395.30477 12874.30370 588.40827
v -13314.13065 12820.37047 525.77289
v -13230.68739 12845.70950 589.09580
v -13131.92503 12868.56344 525.19489
v -13149.55888 12967.68630 589.56328
v -13281.93956 12947.48849 954.11538
v -13237.31656 13028.71877 683.24631
v -13310.06152 13066.54219 624.42980
v -13356.07273 12999.21769 684.35821
v -13360.27689 12931.42230 623.42156
v -13350.68966 12848.72469 685.26105
v -13267.53895 12856.26603 622.62568
v -13198.65782 12865.19161 685.94859
v -13145.14079 12925.51270 622.04768
v -13192.93177 12990.02004 686.41607
v -13270.18857 12947.48849 1050.96817
v -13267.00082 13027.21626 780.09910
v -13330.76479 13023.63651 721.28259
v -13334.00420 12959.44829 781.21100
v -13345.40058 12902.62210 720.27435
v -13298.82783 12861.33572 782.11384
v -13244.35682 12884.17284 719.47847
v -13182.22978 12898.12329 782.80138
v -13186.93950 12961.42352 718.90046
v -13220.20278 13003.21147 783.26885
v -13261.23866 12947.48849 1147.82096
v -13290.67670 13012.30280 876.95189
v -13320.48392 12978.36697 818.13537
v -13316.99269 12938.79883 878.06379
v -13313.97545 12891.95177 817.12713
v -13267.30507 12893.25362 878.96663
v -13230.87801 12904.03613 816.33126
v -13196.52207 12934.89888 879.65416
v -13224.56734 12972.01199 815.75325
v -13245.16455 13007.74171 880.12164
v 659.30212 -12160.79428 -589.13840
v 674.49119 -12181.70025 -589.13840
v 699.06763 -12173.71488 -589.13840
v 699.06763 -12147.87368 -589.13840
v 674.49119 -12139.88832 -589.13840
v 659.30212 -12160.79428 551.16930
v 674.49119 -12181.70025 551.16930
v 699.06763 -12173.71488 551.16930
v 699.06763 -12147.87368 551.16930
v 674.49119 -12139.88832 551.16930
v 685.65233 -12160.79428 152.74854
v 869.51187 -11938.52008 -322.57084
v 682.35761 -11923.13897 -335.79117
v 462.58722 -11897.75746 -318.27657
v 428.84457 -12115.10556 -340.05514
v 450.23326 -12292.80332 -314.05026
v 563.93686 -12478.72635 -344.23647
v 759.75935 -12379.47252 -309.92115
v 941.74242 -12312.74306 -348.30622
v 992.61124 -12107.34795 -305.91779
v 653.39821 -12160.79428 307.99525
v 753.10407 -11965.64886 -167.32412
v 596.59010 -11925.47948 -180.54446
v 436.33890 -12018.20240 -163.02985
v 487.29678 -12194.28313 -184.80843
v 501.25818 -12373.78588 -158.80355
v 680.36603 -12416.94161 -188.98976
v 812.11819 -12317.85607 -154.67444
v 972.68462 -12213.25348 -193.05951
v 877.11810 -12048.66317 -150.67108
v 652.51788 -12160.79428 463.24196
v 681.73187 -11991.73020 -12.07741
v 522.92688 -11971.05302 -25.29775
v 483.59635 -12125.39633 -7.78314
v 521.28884 -12252.60318 -29.56172
v 594.26664 -12397.91580 -3.55684
v 741.78084 -12328.38834 -33.74304
v 862.18609 -12265.87820 0.57227
v 919.97888 -12119.35768 -37.81280
v 789.08780 -12033.00775 4.57563
v 675.17854 -12160.79428 618.48867
v 625.61463 -12007.02393 143.16930
v 505.27017 -12058.76973 129.94897
v 544.17500 -12184.72788 147.46357
v 562.18468 -12302.23785 125.68499
v 680.96108 -12349.03282 151.68987
v 769.85496 -12266.71754 121.50367
v 879.75113 -12196.14051 155.81899
v 826.15425 -12077.48437 117.43391
v 732.67016 -12020.36178 159.82235
v 694.57607 -12160.79428 773.73538
v 582.78062 -12043.21619 298.41601
v 546.36805 -12136.89630 285.19568
v 583.85725 -12216.94220 302.71028
v 625.90964 -12312.56499 280.93170
v 722.47199 -12274.23312 306.93659
v 790.38864 -12223.89959 276.75038
v 838.65429 -12133.17237 311.06570
v 751.71272 -12076.99356 272.68062
v 681.39547 -12018.02344 315.06906
v 695.06738 -12160.79428 928.98209
v 580.42406 -12102.58338 453.66272
v 601.27540 -12174.91458 440.44239
v 618.11230 -12236.10273 457.95699
v 681.30091 -12271.57676 436.17841
v 730.84707 -12219.84295 462.18330
v 789.12258 -12179.79213 431.99709
v 767.88363 -12110.77826 466.31241
v 708.71940 -12085.38011 427.92733
v 641.56928 -12051.73106 470.31577
v 8551.75150 10484.42853 -521.35567
v 8569.22454 10460.37894 -521.35567
v 8597.49653 10469.56506 -521.35567
v 8597.49653 10499.29199 -521.35567
v 8569.22454 10508.47811 -521.35567
v 8551.75150 10484.42853 790.41949
v 8569.22454 10460.37894 790.41949
v 8597.49653 10469.56506 790.41949
v 8597.49653 10499.29199 790.41949
v 8569.22454 10508.47811 790.41949
v 8540.08147 10484.42853 332.08841
v 8577.76887 10760.01523 -267.88232
v 8364.66035 10738.89737 -175.86212
v 8207.29150 10550.63548 -264.59442
v 8350.75124 10354.57953 -179.30350
v 8449.70695 10137.45041 -261.00551
v 8692.30109 10165.11808 -183.03373
v 8811.29829 10348.34991 -257.14041
v 8963.66091 10551.54478 -187.02701
v 8769.88695 10713.02339 -253.02586
v 8538.01220 10484.42853 510.67948
v 8498.96019 10700.09784 -89.29125
v 8286.95466 10652.57272 2.72896
v 8308.63173 10437.57569 -86.00335
v 8415.84550 10292.99373 -0.71242
v 8576.45095 10141.75206 -82.41443
v 8732.10351 10298.98447 -4.44265
v 8856.47200 10434.66255 -78.54934
v 8861.96306 10648.27869 -8.43593
v 8654.98069 10697.43481 -74.43478
v 8568.48032 10484.42853 689.27056
v 8429.82188 10660.15330 89.29983
v 8296.22605 10534.16957 181.32004
v 8407.99924 10387.00950 92.58773
v 8488.19717 10240.93031 177.87865
v 8667.09334 10236.40291 96.17664
v 8744.58169 10387.52298 174.14842
v 8855.36782 10533.28132 100.04174
v 8727.75813 10663.76425 170.15514
v 8577.20246 10694.04806 104.15630
v 8596.60583 10484.42853 867.86164
v 8381.47455 10597.29765 267.89090
v 8378.40928 10449.37345 359.91111
v 8470.65572 10357.60678 271.17881
v 8577.07513 10246.60324 356.46973
v 8691.25595 10348.35204 274.76772
v 8759.76638 10452.23755 352.73950
v 8780.71304 10602.06152 278.63282
v 8632.12964 10635.86167 348.74622
v 8505.12593 10681.91328 282.74737
v 8599.05063 10484.42853 1046.45271
v 8393.85607 10516.52326 446.48198
v 8464.74518 10419.43293 538.50219
v 8523.51004 10336.86067 449.76988
v 8637.72888 10318.24607 535.06081
v 8683.72665 10422.98679 453.35879
v 8749.21747 10514.98133 531.33058
v 8679.56345 10606.88286 457.22389
v 8576.89939 10612.58577 527.33729
v 8457.73700 10626.29327 461.33845
v 8583.15824 10484.42853 1225.04379
v 8458.73661 10463.32202 625.07306
v 8519.34693 10415.39120 717.09327
v 8577.30458 10352.90540 628.36096
v 8645.56459 10403.09703 713.65188
v 8673.91947 10467.54768 631.94987
v 8693.11260 10551.75701 709.92165
v 8609.15637 10573.22912 635.81497
v 8538.67054 10589.18493 705.92837
v 8465.63318 10548.44864 639.92953
v -14021.56627 -2023.74098 -594.76289
v -14010.53055 -2038.93034 -594.76289
v -13992.67438 -2033.12852 -594.76289
v -13992.67438 -2014.35344 -594.76289
v -14010.53055 -2008.55161 -594.76289
v -14021.56627 -2023.74098 233.73500
v -14010.53055 -2038.93034 233.73500
v -13992.67438 -2033.12852 233.73500
v -13992.67438 -2014.35344 233.73500
v -14010.53055 -2008.55161 233.73500
v -14033.99221 -2023.74098 -55.74017
v -14112.77364 -1895.80792 -441.07625
v -14245.82563 -1981.18837 -368.66770
v -14177.36640 -2122.73430 -441.95231
v -14068.01008 -2194.80849 -367.91840
v -13920.49794 -2258.11331 -442.57354
v -13853.33662 -2111.80617 -367.42629
v -13802.18065 -1988.03731 -442.93567
v -13851.72542 -1840.65670 -367.19477
v -14005.46632 -1858.70045 -443.03618
v -14011.97003 -2023.74098 57.05533
v -14153.48479 -1938.38708 -328.28076
v -14214.78423 -2060.65966 -255.87220
v -14098.99032 -2135.07952 -329.15681
v -14005.56568 -2216.80774 -255.12291
v -13879.23569 -2174.28361 -329.77805
v -13863.61473 -2048.75357 -254.63080
v -13823.32589 -1918.47053 -330.14018
v -13945.94108 -1859.76448 -254.39928
v -14059.01968 -1877.02838 -330.24068
v -13990.53611 -2023.74098 169.85082
v -14176.76522 -1993.75094 -215.48526
v -14139.94424 -2101.50229 -143.07671
v -14049.03716 -2143.50166 -216.36132
v -13942.80708 -2195.66818 -142.32741
v -13887.11097 -2091.97625 -216.98256
v -13864.99633 -1998.79196 -141.83530
v -13889.39123 -1884.94828 -217.34468
v -14005.73006 -1899.72331 -141.60379
v -14109.70090 -1899.94625 -217.44519
v -13987.80487 -2023.74098 282.64632
v -14153.56486 -2050.14053 -102.68977
v -14072.83763 -2104.20711 -30.28121
v -14005.33878 -2150.61142 -103.56582
v -13913.46334 -2133.08984 -29.53192
v -13907.56847 -2040.82151 -104.18706
v -13883.34177 -1952.82804 -29.03981
v -13961.69330 -1902.35858 -104.54919
v -14041.21789 -1926.48067 -28.80829
v -14135.48662 -1949.09782 -104.64969
v -14000.22971 -2023.74098 395.44181
v -14096.68694 -2076.69238 10.10573
v -14032.35601 -2097.94729 82.51428
v -13965.83396 -2131.98766 9.22967
v -13924.70293 -2070.12594 83.26358
v -13920.72597 -2008.51747 8.60843
v -13930.23536 -1933.38962 83.75569
v -14005.83993 -1940.94586 8.24631
v -14068.69139 -1948.99565 83.98720
v -14116.59994 -2004.50595 8.14580
v -14011.43314 -2023.74098 508.23731
v -14045.36024 -2071.50717 122.90122
v -14005.33415 -2090.86093 195.30978
v -13951.93715 -2087.18537 122.02517
v -13949.58041 -2033.39340 196.05907
v -13940.05462 -1985.56042 121.40393
v -13979.61891 -1951.49855 196.55118
v -14025.13763 -1970.69160 121.04180
v -14077.27192 -1982.72932 196.78270
v -14072.62307 -2035.82880 120.94130
v 12878.18615 -8785.72773 -387.44520
v 12888.97895 -8800.58274 -387.44520
v 12906.44205 -8794.90863 -387.44520
v 12906.44205 -8776.54684 -387.44520
v 12888.97895 -8770.87273 -387.44520
v 12878.18615 -8785.72773 422.81505
v 12888.97895 -8800.58274 422.81505
v 12906.44205 -8794.90863 422.81505
v 12906.44205 -8776.54684 422.81505
v 12888.97895 -8770.87273 422.81505
v 12886.62305 -8785.72773 139.71207
v 12704.30251 -8752.52561 -211.06187
v 12686.66265 -8905.62225 -191.37850
v 12837.97129 -8939.65181 -214.01858
v 12968.42776 -8990.05889 -188.46095
v 13085.70680 -8896.24392 -216.89192
v 13053.74186 -8757.34734 -185.63679
v 13046.04920 -8603.88980 -219.66203
v 12893.59189 -8589.12717 -182.92554
v 12780.57895 -8651.08698 -222.30973
v 12911.17462 -8785.72773 250.02461
v 12696.48887 -8820.93140 -100.74933
v 12778.99794 -8923.11323 -81.06596
v 12894.10264 -8932.66469 -103.70604
v 13029.83024 -8947.17169 -78.14841
v 13049.16525 -8812.79814 -106.57938
v 13036.27176 -8703.09046 -75.32424
v 12964.81638 -8589.39340 -109.34949
v 12844.61132 -8651.41284 -72.61299
v 12732.05121 -8692.77422 -111.99719
v 12915.00674 -8785.72773 360.33715
v 12738.94612 -8875.74721 9.56321
v 12851.41139 -8903.28485 29.24658
v 12945.93680 -8927.65042 6.60650
v 13041.62849 -8870.49178 32.16413
v 13010.52326 -8764.79140 3.73316
v 13001.68683 -8656.38551 34.98830
v 12893.35100 -8631.90395 0.96306
v 12814.18292 -8691.40463 37.69955
v 12717.89426 -8755.24561 -1.68465
v 12900.52053 -8785.72773 470.64969
v 12809.43986 -8887.06886 119.87575
v 12894.18963 -8884.44992 139.55912
v 12987.00198 -8895.92151 116.91904
v 13008.80939 -8805.54508 142.47667
v 12987.04648 -8731.41045 114.04570
v 12943.62718 -8647.16963 145.30084
v 12857.98777 -8688.49736 111.27560
v 12787.55293 -8724.93253 148.01209
v 12755.05215 -8810.75058 108.62789
v 12885.87964 -8785.72773 580.96223
v 12865.32804 -8865.15938 230.18829
v 12925.38590 -8871.20856 249.87166
v 12991.77537 -8841.66222 227.23158
v 12969.73854 -8771.96072 252.78921
v 12959.61902 -8706.52157 224.35824
v 12893.30285 -8681.49922 255.61338
v 12844.18512 -8727.16832 221.58814
v 12783.29901 -8766.79161 258.32463
v 12813.94815 -8832.34853 218.94043
v 12883.85611 -8785.72773 691.27477
v 12894.12103 -8840.50380 340.50083
v 12944.72783 -8845.70963 360.18420
v 12962.70726 -8797.46829 337.54412
v 12943.60773 -8756.59086 363.10175
v 12921.65552 -8707.81790 334.67078
v 12872.41532 -8727.99485 365.92592
v 12837.55427 -8753.68143 331.90068
v 12813.44630 -8800.37483 368.63717
v 12858.09967 -8828.78148 329.25297
v -3775.74034 15944.10964 -299.55869
v -3758.43320 15920.28840 -299.55869
v -3730.42965 15929.38730 -299.55869
v -3730.42965 15958.83197 -299.55869
v -3758.43320 15967.93088 -299.55869
v -3775.74034 15944.10964 999.76134
v -3758.43320 15920.28840 999.76134
v -3730.42965 15929.38730 999.76134
v -3730.42965 15958.83197 999.76134
v -3758.43320 15967.93088 999.76134
v -3718.60493 15944.10964 545.78205
v -4070.82378 15758.01848 38.52117
v -3862.90346 15632.95624 -40.92789
v -3657.09536 15689.29740 34.77157
v -3412.35816 15750.10280 -37.04735
v -3463.92707 15995.54859 30.76680
v -3555.80117 16177.77195 -32.92529
v -3751.83318 16329.82054 26.53457
v -3921.15355 16146.04131 -28.59021
v -4090.29312 16002.95591 22.10415
v -3710.59803 15944.10964 722.67743
v -3967.42904 15683.76407 215.41654
v -3749.77395 15707.77450 135.96749
v -3566.04649 15725.78650 211.66694
v -3433.11413 15889.38469 139.84803
v -3556.91820 16056.99291 207.66218
v -3642.91567 16243.84846 143.97009
v -3851.25289 16217.08670 203.42995
v -3953.31186 16060.04310 148.30516
v -4082.97138 15884.18648 198.99952
v -3737.57205 15944.10964 899.57281
v -3837.65023 15701.56315 392.31192
v -3683.84108 15763.15567 312.86286
v -3505.79136 15804.28627 388.56232
v -3526.31772 15984.79004 316.74340
v -3615.93777 16106.28729 384.55756
v -3752.08110 16231.82458 320.86546
v -3881.58704 16098.58337 380.32533
v -3986.46213 15984.51038 325.20054
v -3988.61845 15805.20888 375.89490
v -3766.95769 15944.10964 1076.46819
v -3749.69619 15770.95653 569.20730
v -3629.67020 15801.55511 489.75824
v -3522.48563 15905.22399 565.45770
v -3614.00943 16024.07692 493.63878
v -3679.56182 16143.09911 561.45294
v -3825.00186 16144.67025 497.76084
v -3887.54819 16022.07569 557.22071
v -3977.03371 15902.85454 502.09592
v -3871.82485 15798.05082 552.79028
v -3772.84234 15944.10964 1253.36357
v -3708.22076 15829.80347 746.10268
v -3598.41870 15857.54741 666.65362
v -3597.64503 15972.15348 742.35308
v -3668.78918 16043.05632 670.53416
v -3751.92580 16128.29258 738.34831
v -3839.49428 16048.51170 674.65622
v -3892.78756 15968.18537 734.11608
v -3907.55876 15852.13814 678.99130
v -3792.49626 15826.82039 729.68566
v -3758.77863 15944.10964 1430.25894
v -3686.48860 15868.76798 922.99806
v -3619.91631 15922.07713 843.54900
v -3671.07570 15990.89000 919.24845
v -3713.06285 16050.00404 847.42954
v -3794.67413 16062.13772 915.24369
v -3827.08846 15987.44303 851.55160
v -3873.68496 15921.45442 911.01146
v -3823.03203 15856.55211 855.88667
v -3749.99428 15852.46309 906.58103
v -8552.18713 -15228.11402 -90.79623
v -8536.70253 -15249.42675 -90.79623
v -8511.64791 -15241.28602 -90.79623
v -8511.64791 -15214.94203 -90.79623
v -8536.70253 -15206.80129 -90.79623
v -8552.18713 -15228.11402 1071.69818
v -8536.70253 -15249.42675 1071.69818
v -8511.64791 -15241.28602 1071.69818
v -8511.64791 -15214.94203 1071.69818
v -8536.70253 -15206.80129 1071.69818
v -8488.44934 -15228.11402 665.52543
v -8647.61731 -15556.80061 227.66608
v -8445.35645 -15456.62348 122.61379
v -8273.82633 -15374.24591 228.28297
v -8202.93563 -15168.85593 122.17968
v -8382.05043 -15050.32495 228.53355
v -8531.36136 -14899.79502 122.11305
v -8723.62764 -14999.34281 228.41610
v -8766.94148 -15187.47424 122.41438
v -8830.33054 -15403.57683 227.93143
v -8515.93273 -15228.11402 823.79275
v -8528.21217 -15499.98437 385.93339
v -8398.04372 -15383.28502 280.88110
v -8236.44505 -15278.09671 386.55028
v -8322.09865 -15106.61079 280.44699
v -8454.88767 -15018.61006 386.80086
v -8635.25159 -14943.43753 280.38037
v -8715.40780 -15122.36080 386.68341
v -8778.08557 -15273.37313 280.68169
v -8715.34968 -15451.87421 386.19874
v -8547.50952 -15228.11402 982.06006
v -8464.02578 -15405.07197 544.20070
v -8352.54282 -15328.86520 439.14841
v -8281.52737 -15182.62579 544.81759
v -8419.69073 -15095.12019 438.71430
v -8531.31936 -14997.73223 545.06818
v -8680.85569 -15050.49381 438.64768
v -8699.08086 -15199.42815 544.95073
v -8746.15626 -15354.97852 438.94900
v -8599.22976 -15422.98000 544.46605
v -8555.13626 -15228.11402 1140.32737
v -8439.22381 -15334.37544 702.46801
v -8332.02434 -15261.43031 597.41573
v -8376.18495 -15137.86855 703.08490
v -8480.53543 -15089.54321 596.98161
v -8603.41081 -15030.51044 703.33549
v -8666.26928 -15150.69235 596.91499
v -8692.05088 -15258.00494 703.21804
v -8662.37872 -15388.61189 597.21631
v -8528.69042 -15370.66908 702.73336
v -8539.82006 -15228.11402 1298.59468
v -8422.77959 -15288.67407 860.73533
v -8367.81083 -15198.12311 755.68304
v -8456.80783 -15139.62460 861.35221
v -8530.97247 -15088.53573 755.24892
v -8631.35966 -15109.13666 861.60280
v -8637.36681 -15210.09138 755.18230
v -8663.62880 -15306.92844 861.48535
v -8576.88821 -15361.08002 755.48362
v -8489.93032 -15334.74446 861.00067
v -8523.31993 -15228.11402 1456.86199
v -8423.28416 -15245.85086 1019.00264
v -8438.33221 -15174.15395 913.95035
v -8503.18194 -15152.82651 1019.61952
v -8570.73674 -15118.81977 913.51624
v -8611.55482 -15181.92956 1019.87011
v -8615.73033 -15244.11270 913.44961
v -8605.32089 -15319.89887 1019.75266
v -8528.98519 -15311.57046 913.75093
v -8465.29040 -15303.50154 1019.26799
v 17743.51957 5856.56150 330.96614
v 17753.06769 5843.41965 330.96614
v 17768.51686 5848.43939 330.96614
v 17768.51686 5864.68361 330.96614
v 17753.06769 5869.70336 330.96614
v 17743.51957 5856.56150 1047.78326
v 17753.06769 5843.41965 1047.78326
v 17768.51686 5848.43939 1047.78326
v 17768.51686 5864.68361 1047.78326
v 17753.06769 5869.70336 1047.78326
v 17767.17301 5856.56150 797.32908
v 17824.60774 5675.51766 507.51483
v 17883.04507 5785.10170 481.34711
v 17965.26048 5894.66031 509.99448
v 17866.32937 5988.23220 478.91701
v 17756.28004 6014.61076 512.37082
v 17617.60775 6020.83992 476.59853
v 17607.70194 5881.91502 514.62742
v 17602.66101 5765.87333 474.40771
v 17688.00745 5662.03750 516.74868
v 17744.44292 5856.56150 894.91985
v 17846.38011 5752.07367 605.10559
v 17903.53361 5831.93129 578.93787
v 17915.57969 5949.53874 607.58524
v 17799.37720 5974.86341 576.50777
v 17698.83688 6013.55559 609.96158
v 17609.84208 5940.22492 574.18930
v 17634.53014 5833.94021 612.21819
v 17641.15976 5715.94191 571.99847
v 17758.48501 5706.12607 614.33944
v 17738.28380 5856.56150 992.51061
v 17848.63056 5804.89047 702.69635
v 17905.50050 5883.99637 676.52864
v 17842.49571 5959.83141 705.17600
v 17756.39184 5967.05512 674.09854
v 17654.45392 5977.06353 707.55235
v 17641.05128 5876.04106 671.78006
v 17650.50265 5793.65475 709.80895
v 17705.09630 5709.11417 669.58923
v 17794.83380 5756.22286 711.93021
v 17749.41358 5856.56150 1090.10137
v 17853.03302 5840.62314 800.28712
v 17869.27704 5922.61463 774.11940
v 17787.48234 5941.89544 802.76677
v 17718.68658 5959.69720 771.68930
v 17649.85099 5917.26566 805.14311
v 17672.71350 5840.81010 769.37082
v 17679.44850 5761.92634 807.39971
v 17758.39455 5745.25706 767.18000
v 17815.72439 5788.30572 809.52097
v 17762.86559 5856.56150 1187.69214
v 17848.17698 5873.55754 897.87788
v 17815.03176 5926.79316 871.71016
v 17756.62494 5924.90786 900.35753
v 17692.32124 5932.42419 869.28006
v 17678.02309 5869.69548 902.73387
v 17692.91781 5818.46743 866.96159
v 17723.53335 5760.58202 904.99048
v 17782.47148 5789.68546 864.77076
v 17831.32103 5814.86984 907.11173
v 17766.10124 5856.56150 1285.28290
v 17820.43507 5893.95308 995.46864
v 17775.09752 5907.13693 969.30093
v 17736.78475 5911.09428 997.94829
v 17694.76195 5891.74773 966.87083
v 17709.07447 5847.48477 1000.32464
v 17715.60521 5805.66312 964.55235
v 17758.09031 5790.33291 1002.58124
v 17789.24057 5819.40687 962.36152
v 17827.94718 5844.93680 1004.70250
v -11031.81494 4958.31579 -590.70416
v -11018.56204 4940.07474 -590.70416
v -10997.11840 4947.04220 -590.70416
v -10997.11840 4969.58938 -590.70416
v -11018.56204 4976.55684 -590.70416
v -11031.81494 4958.31579 404.24680
v -11018.56204 4940.07474 404.24680
v -10997.11840 4947.04220 404.24680
v -10997.11840 4969.58938 404.24680
v -11018.56204 4976.55684 404.24680
v -11033.25517 4958.31579 56.61333
v -10821.58738 4850.18422 -389.06298
v -10779.52256 5001.48057 -338.40002
v -10825.91476 5184.74905 -385.87175
v -11014.35377 5159.07358 -341.67336
v -11186.59570 5162.06599 -382.52196
v -11280.06962 5003.11468 -345.09380
v -11184.70601 4856.99684 -379.03677
v -11110.04591 4683.38160 -348.63770
v -10928.42423 4732.96921 -375.44030
v -11043.82549 4958.31579 192.07051
v -10843.25040 4930.10420 -253.60580
v -10800.20384 5083.66723 -202.94284
v -10939.65332 5164.91420 -250.41457
v -11076.11044 5127.69150 -206.21618
v -11238.47871 5085.86308 -247.06478
v -11202.38347 4922.99729 -209.63662
v -11141.60610 4801.61653 -243.57960
v -11010.20398 4702.26177 -213.18052
v -10898.65654 4825.07129 -239.98312
v -11026.03770 4958.31579 327.52769
v -10851.34984 4988.49229 -118.14862
v -10873.09306 5128.18215 -67.48566
v -11014.23146 5111.37796 -114.95739
v -11133.85923 5099.76272 -70.75900
v -11218.61729 4992.42507 -111.60760
v -11137.95184 4884.21104 -74.17945
v -11081.50169 4762.78570 -108.12242
v -10946.40383 4782.08703 -77.72334
v -10880.28413 4883.73226 -104.52594
v -11002.81667 4958.31579 462.98486
v -10871.42133 5041.99931 17.30856
v -10959.14728 5110.63586 67.97152
v -11055.45081 5071.91757 20.49979
v -11167.31935 5045.29438 64.69818
v -11152.97088 4931.92325 23.84958
v -11096.91860 4855.52088 61.27773
v -11010.58147 4777.58547 27.33476
v -10929.96866 4862.04083 57.73384
v -10863.80173 4933.81278 30.93124
v -10995.74887 4958.31579 598.44204
v -10923.13040 5067.68702 152.76574
v -11013.90525 5061.59498 203.42870
v -11085.86862 5043.44381 155.95696
v -11149.14988 4980.65976 200.15536
v -11093.99762 4909.99753 159.30675
v -11054.54391 4838.61263 196.73491
v -10967.51402 4838.93493 162.79194
v -10930.33993 4912.14248 193.19101
v -10877.14670 4983.92778 166.38842
v -11005.01782 4958.31579 733.89922
v -10981.20789 5048.35052 288.22291
v -11036.47964 5021.22540 338.88588
v -11097.12099 5005.61446 291.41414
v -11096.66769 4942.34943 335.61254
v -11057.56908 4903.30357 294.76393
v -11011.29028 4856.67637 332.19209
v -10963.43902 4901.23715 298.24912
v -10933.89552 4945.50364 328.64819
v -10926.54874 5009.54829 301.84560
v 5330.48046 -12456.53600 -460.26412
v 5348.49520 -12481.33115 -460.26412
v 5377.64366 -12471.86025 -460.26412
v 5377.64366 -12441.21175 -460.26412
v 5348.49520 -12431.74084 -460.26412
v 5330.48046 -12456.53600 892.17790
v 5348.49520 -12481.33115 892.17790
v 5377.64366 -12471.86025 892.17790
v 5377.64366 -12441.21175 892.17790
v 5348.49520 -12431.74084 892.17790
v 5307.70696 -12456.53600 419.63792
v 5620.87874 -12407.08036 -212.53888
v 5601.74252 -12158.06207 -88.75003
v 5352.97329 -12113.42383 -212.52981
v 5172.22249 -12241.45666 -88.97320
v 4955.82760 -12390.17874 -212.09293
v 5096.38290 -12610.38416 -89.62304
v 5250.97067 -12756.30798 -211.23124
v 5497.62521 -12831.90549 -90.69507
v 5595.77316 -12591.34404 -209.95072
v 5335.06612 -12456.53600 603.76557
v 5582.84366 -12322.43502 -28.41123
v 5473.31336 -12124.02792 95.37762
v 5270.00991 -12226.91678 -28.40216
v 5096.24703 -12310.16726 95.15445
v 5027.61288 -12518.39857 -27.96528
v 5208.57214 -12637.01676 94.50461
v 5360.32773 -12788.84097 -27.10359
v 5553.16203 -12685.51213 93.43258
v 5596.85775 -12496.09850 -25.82307
v 5372.81472 -12456.53600 787.89322
v 5528.74397 -12246.12387 155.71642
v 5353.26348 -12189.15418 279.50527
v 5225.41063 -12304.09509 155.72549
v 5066.46978 -12409.05701 279.28210
v 5153.18626 -12577.30744 156.16237
v 5283.79482 -12664.34994 278.63226
v 5462.39582 -12736.57702 157.02406
v 5539.85757 -12559.38328 277.56023
v 5602.04599 -12410.12909 158.30458
v 5385.92450 -12456.53600 972.02087
v 5437.56682 -12224.43887 339.84407
v 5292.87508 -12288.53620 463.63292
v 5186.11387 -12361.11787 339.85314
v 5120.16057 -12501.45082 463.40975
v 5252.42565 -12584.01656 340.29002
v 5359.47047 -12677.12659 462.75991
v 5501.48435 -12624.69068 341.15171
v 5518.56161 -12482.89752 461.68788
v 5562.66231 -12333.87363 342.43223
v 5370.92584 -12456.53600 1156.14852
v 5354.00265 -12276.60243 523.97172
v 5273.57790 -12360.44937 647.76057
v 5176.18447 -12427.36040 523.98078
v 5217.92430 -12539.21256 647.53740
v 5312.49667 -12583.12724 524.41767
v 5424.70245 -12635.83482 646.88756
v 5480.69150 -12525.88241 525.27935
v 5504.41810 -12428.29790 645.81553
v 5476.00047 -12310.01664 526.55987
v 5351.20615 -12456.53600 1340.27616
v 5318.30445 -12356.19334 708.09937
v 5266.25342 -12406.20466 831.88822
v 5221.06405 -12482.54130 708.10843
v 5296.03449 -12530.90981 831.66505
v 5358.32380 -12573.89323 708.54532
v 5442.14163 -12555.46536 831.01520
v 5446.80544 -12471.04865 709.40700
v 5468.54747 -12389.60040 829.94318
v 5395.17405 -12345.22025 710.68752
v 4666.92611 13436.96201 -493.30182
v 4679.72626 13419.34413 -493.30182
v 4700.43732 13426.07356 -493.30182
v 4700.43732 13447.85047 -493.30182
v 4679.72626 13454.57990 -493.30182
v 4666.92611 13436.96201 467.65881
v 4679.72626 13419.34413 467.65881
v 4700.43732 13426.07356 467.65881
v 4700.43732 13447.85047 467.65881
v 4679.72626 13454.57990 467.65881
v 4667.86279 13436.96201 131.90148
v 4821.81949 13603.59927 -295.60084
v 4681.90328 13725.42248 -249.48669
v 4554.45076 13589.23890 -298.67608
v 4444.20147 13476.44834 -246.49653
v 4449.87349 13297.06114 -301.57599
v 4622.31970 13256.64223 -243.69189
v 4781.63008 13182.49188 -304.28050
v 4900.90872 13316.07516 -241.09218
v 4881.34197 13473.99223 -306.77092
v 4699.07864 13436.96201 262.73106
v 4760.53528 13652.06892 -164.77126
v 4606.03328 13646.49130 -118.65711
v 4538.41869 13519.27660 -167.84650
v 4443.46530 13390.98426 -115.66695
v 4560.07044 13283.46007 -170.74641
v 4687.89181 13252.47194 -112.86231
v 4849.23421 13246.93610 -173.45092
v 4859.29497 13408.67486 -110.26260
v 4865.36119 13544.03192 -175.94134
v 4710.88228 13436.96201 393.56064
v 4682.43574 13649.78554 -33.94168
v 4583.78362 13554.69616 12.17247
v 4518.50035 13463.96734 -37.01692
v 4506.52184 13330.24988 15.16263
v 4638.60951 13302.36475 -39.91683
v 4753.31531 13258.41606 17.96727
v 4853.25159 13343.22586 -42.62134
v 4825.04433 13463.62025 20.56698
v 4816.66928 13597.91853 -45.11176
v 4698.52036 13436.96201 524.39022
v 4627.17404 13589.85248 96.88790
v 4584.62320 13493.16224 143.00205
v 4522.29879 13405.64687 93.81266
v 4592.82282 13323.12509 145.99221
v 4687.29081 13315.10226 90.91275
v 4799.56133 13305.06695 148.79685
v 4813.10196 13416.43591 88.20824
v 4802.94259 13507.18241 151.39656
v 4741.79288 13599.34900 85.71782
v 4680.17791 13436.96201 655.21980
v 4616.07206 13517.00217 227.71748
v 4584.75750 13453.05681 273.83163
v 4568.70493 13367.03950 224.64224
v 4654.53163 13347.57909 276.82179
v 4726.78670 13328.81928 221.74233
v 4798.21863 13374.24425 279.62643
v 4773.98763 13454.04145 219.03782
v 4766.58520 13536.86449 282.22614
v 4683.58727 13553.16949 216.54740
v 4673.98922 13436.96201 786.04938
v 4628.22691 13468.71798 358.54706
v 4597.59274 13419.92843 404.66121
v 4630.34677 13368.98189 355.47182
v 4686.57225 13370.86666 407.65137
v 4748.79822 13364.01747 352.57191
v 4761.85567 13424.82261 410.45601
v 4747.61850 13474.27515 349.86740
v 4717.47535 13529.82197 413.05572
v 4660.82263 13501.21343 347.37698
v -13623.17829 -7322.92387 -364.50769
v -13613.48662 -7336.26331 -364.50769
v -13597.80517 -7331.16810 -364.50769
v -13597.80517 -7314.67965 -364.50769
v -13613.48662 -7309.58444 -364.50769
v -13623.17829 -7322.92387 363.08653
v -13613.48662 -7336.26331 363.08653
v -13597.80517 -7331.16810 363.08653
v -13597.80517 -7314.67965 363.08653
v -13613.48662 -7309.58444 363.08653
v -13597.26474 -7322.92387 108.86686
v -13611.96748 -7124.20443 -182.89230
v -13736.89983 -7174.98765 -211.75910
v -13754.25299 -7299.45288 -185.41329
v -13793.68553 -7432.97840 -209.19254
v -13665.97660 -7486.20735 -188.02098
v -13551.96953 -7473.36692 -206.54823
v -13418.10796 -7429.64418 -190.69734
v -13458.24148 -7294.10438 -203.84445
v -13493.75719 -7181.37684 -193.42386
v -13586.44329 -7322.92387 207.92487
v -13676.84564 -7145.32854 -83.83429
v -13730.48064 -7255.29669 -112.70109
v -13757.46067 -7351.38996 -86.35528
v -13726.56549 -7467.22118 -110.13453
v -13607.23092 -7450.16764 -88.96298
v -13497.55795 -7451.91052 -107.49022
v -13439.69828 -7350.17179 -91.63934
v -13500.22230 -7257.82056 -104.78644
v -13548.36810 -7147.73421 -94.36585
v -13597.09396 -7322.92387 306.98288
v -13708.02926 -7208.85235 15.22372
v -13714.31808 -7306.11418 -13.64308
v -13740.64700 -7401.67995 12.70272
v -13653.41766 -7450.88915 -11.07652
v -13569.00531 -7427.95601 10.09503
v -13468.52704 -7401.13496 -8.43221
v -13492.02485 -7300.32911 7.41867
v -13529.53892 -7224.89433 -5.72843
v -13611.69494 -7164.36038 4.69215
v -13614.26114 -7322.92387 406.04089
v -13698.88983 -7273.12461 114.28172
v -13706.14623 -7341.72870 85.41492
v -13692.17877 -7425.35120 111.76073
v -13607.59756 -7414.54873 87.98149
v -13535.60144 -7407.61757 109.15304
v -13485.67883 -7342.54162 90.62580
v -13534.24414 -7277.96395 106.47668
v -13568.49811 -7205.04128 93.32958
v -13649.45635 -7217.77585 103.75016
v -13621.19956 -7322.92387 505.09890
v -13677.09955 -7312.19334 213.33973
v -13689.76231 -7371.40844 184.47293
v -13639.05936 -7409.90679 210.81874
v -13584.22271 -7387.78090 187.03949
v -13520.31338 -7372.11605 208.21105
v -13529.33622 -7307.37202 189.68381
v -13561.21752 -7263.67493 205.53469
v -13611.00059 -7219.69332 192.38758
v -13656.62724 -7268.35974 202.80817
v -13615.65413 -7322.92387 604.15690
v -13660.80608 -7333.03848 312.39774
v -13655.93590 -7380.86033 283.53094
v -13608.13081 -7377.15181 309.87675
v -13570.14547 -7367.67106 286.09750
v -13537.26970 -7334.20710 307.26906
v -13566.51715 -7297.22574 288.74182
v -13587.42542 -7259.53963 304.59270
v -13633.26212 -7260.37449 291.44559
v -13652.71636 -7298.85465 301.86618
v 16022.14988 -4062.45060 -404.04652
v 16038.04172 -4084.32385 -404.04652
v 16063.75527 -4075.96901 -404.04652
v 16063.75527 -4048.93219 -404.04652
v 16038.04172 -4040.57735 -404.04652
v 16022.14988 -4062.45060 789.02118
v 16038.04172 -4084.32385 789.02118
v 16063.75527 -4075.96901 789.02118
v 16063.75527 -4048.93219 789.02118
v 16038.04172 -4040.57735 789.02118
v 16088.04862 -4062.45060 372.16620
v 15809.98116 -3791.14424 -76.59483
v 15786.03596 -4021.03399 -184.99672
v 15800.40424 -4209.03545 -77.24379
v 15930.26201 -4394.57351 -184.16139
v 16130.98324 -4287.00940 -78.26405
v 16326.73501 -4219.05941 -182.95795
v 16363.50795 -4001.03677 -79.64858
v 16196.28126 -3876.35834 -181.39473
v 16039.53235 -3712.18939 -81.38779
v 16068.46768 -4062.45060 534.59590
v 15789.88909 -3920.79578 85.83487
v 15842.95975 -4101.65029 -22.56702
v 15858.50119 -4292.71248 85.18591
v 16049.59157 -4324.26294 -21.73169
v 16187.72670 -4226.62867 84.16565
v 16352.46882 -4111.27829 -20.52825
v 16242.93816 -3943.73742 82.78112
v 16124.76947 -3831.57952 -18.96503
v 15935.38571 -3776.09254 81.04191
v 16034.94097 -4062.45060 697.02560
v 15842.59567 -4030.46248 248.26457
v 15875.97933 -4164.20117 139.86268
v 15959.48908 -4311.58741 247.61561
v 16110.84326 -4233.36139 140.69801
v 16241.22815 -4171.02421 246.59535
v 16290.34447 -4014.67523 141.90145
v 16154.94443 -3926.73983 245.21082
v 16040.68867 -3813.33587 143.46467
v 15897.45842 -3892.70613 243.47161
v 16019.86997 -4062.45060 859.45530
v 15903.49737 -4090.18817 410.69427
v 15921.14353 -4216.01801 302.29238
v 16048.78400 -4255.42097 410.04531
v 16140.95280 -4172.35323 303.12771
v 16255.65350 -4095.49296 409.02504
v 16191.28474 -3974.36800 304.33115
v 16097.00311 -3911.17549 407.64052
v 15967.23056 -3860.30264 305.89437
v 15912.31173 -3989.05776 405.90130
v 16030.34850 -4062.45060 1021.88500
v 15942.59058 -4124.39764 573.12397
v 15990.33227 -4222.85561 464.72208
v 16089.66112 -4177.61101 572.47501
v 16163.48647 -4127.68830 465.55741
v 16207.66560 -4030.46959 571.45474
v 16116.25860 -3974.22008 466.76085
v 16042.13350 -3909.95442 570.07022
v 15944.77068 -3947.51770 468.32407
v 15933.20677 -4044.98650 568.33100
v 16047.85801 -4062.45060 1184.31470
v 15979.17980 -4144.45921 735.55366
v 16047.51047 -4176.50191 627.15178
v 16098.28776 -4123.18013 734.90471
v 16160.12426 -4080.27796 627.98711
v 16132.59604 -4009.51929 733.88444
v 16072.68800 -3981.61814 629.19055
v 16001.07797 -3948.74847 732.49992
v 15966.23500 -4019.04276 630.75377
v 15950.97594 -4081.07388 730.76070
v -9528.50662 14468.40178 -464.97132
v -9511.47215 14444.95584 -464.97132
v -9483.90980 14453.91139 -464.97132
v -9483.90980 14482.89216 -464.97132
v -9511.47215 14491.84771 -464.97132
v -9528.50662 14468.40178 813.87791
v -9511.47215 14444.95584 813.87791
v -9483.90980 14453.91139 813.87791
v -9483.90980 14482.89216 813.87791
v -9511.47215 14491.84771 813.87791
v -9475.05741 14468.40178 367.05108
v -9859.94854 14524.63786 -135.74688
v -9721.80219 14337.31225 -210.57133
v -9622.86878 14122.25370 -132.06757
v -9387.83660 14166.57063 -214.11486
v -9268.93745 14338.32308 -128.66596
v -9126.67501 14541.89358 -217.36867
v -9324.67952 14689.86702 -125.56558
v -9509.25272 14769.93632 -220.31026
v -9752.44101 14754.10935 -122.78787
v -9516.75822 14468.40178 541.15946
v -9758.25213 14418.58665 38.36150
v -9660.63703 14274.24265 -36.46294
v -9497.58131 14135.42042 42.04082
v -9351.75679 14293.92170 -40.00647
v -9223.94598 14424.46535 45.44243
v -9233.39317 14631.42053 -43.26028
v -9432.29841 14677.15183 48.54281
v -9617.13470 14762.29253 -46.20187
v -9752.81604 14605.95395 51.32052
v -9536.87217 14468.40178 715.26785
v -9665.23273 14370.92612 212.46989
v -9587.22502 14224.44032 137.64545
v -9412.96659 14233.26154 216.14921
v -9337.08270 14376.46335 134.10192
v -9230.77268 14522.14033 219.55082
v -9364.00028 14641.92737 130.84811
v -9507.98333 14677.23585 222.65120
v -9689.99486 14681.53290 127.90652
v -9699.71189 14498.95761 225.42891
v -9524.15517 14468.40178 889.37624
v -9606.86486 14340.34508 386.57828
v -9499.04036 14235.93612 311.75384
v -9392.33479 14340.95269 390.25760
v -9320.69099 14440.00169 308.21031
v -9309.49188 14586.04808 393.65921
v -9453.72705 14615.53346 304.95650
v -9579.46469 14663.47613 396.75959
v -9687.24988 14569.28169 302.01491
v -9656.30637 14438.25338 399.53730
v -9499.82263 14468.40178 1063.48463
v -9554.22291 14320.10685 560.68667
v -9442.35829 14310.18215 485.86222
v -9398.58750 14410.62615 564.36599
v -9334.04119 14502.14822 482.31870
v -9408.62557 14587.01079 567.76760
v -9506.60353 14595.44392 479.06489
v -9623.47411 14604.85128 570.86798
v -9636.31118 14488.81303 476.12330
v -9625.98949 14394.31797 573.64569
v -9489.28824 14468.40178 1237.59302
v -9500.93487 14339.09758 734.79506
v -9437.07869 14392.37505 659.97061
v -9406.90415 14453.55478 738.47438
v -9392.44983 14536.11884 656.42709
v -9474.84473 14554.07336 741.87599
v -9544.29220 14572.15589 653.17328
v -9612.10305 14527.68276 744.97637
v -9588.61888 14451.47439 650.23169
v -9581.17892 14371.90769 747.75408
v -3013.67490 -18528.70746 -13.71013
v -3003.20289 -18543.12094 -13.71013
v -2986.25883 -18537.61548 -13.71013
v -2986.25883 -18519.79944 -13.71013
v -3003.20289 -18514.29398 -13.71013
v -3013.67490 -18528.70746 772.46739
v -3003.20289 -18543.12094 772.46739
v -2986.25883 -18537.61548 772.46739
v -2986.25883 -18519.79944 772.46739
v -3003.20289 -18514.29398 772.46739
v -3007.65891 -18528.70746 497.77886
v -3155.67361 -18623.63134 154.68185
v -3055.67540 -18695.95756 176.40746
v -2913.48032 -18748.71759 157.55367
v -2854.95559 -18607.85206 173.50303
v -2801.62579 -18489.96154 160.48569
v -2858.17104 -18354.56793 170.54849
v -3001.60936 -18372.44780 163.45763
v -3145.25830 -18360.69177 167.56428
v -3197.55997 -18497.65513 166.44894
v -3022.45805 -18528.70746 604.81266
v -3084.19429 -18635.21294 261.71566
v -2994.64995 -18715.58457 283.44126
v -2878.16365 -18666.25552 264.58748
v -2862.08320 -18549.86242 280.53683
v -2825.89628 -18424.21954 267.51950
v -2946.41089 -18375.75908 277.58230
v -3053.24885 -18387.50687 270.49144
v -3178.27668 -18429.82912 274.59809
v -3139.50557 -18556.58832 273.48275
v -3013.72729 -18528.70746 711.84647
v -3038.11366 -18645.27939 368.74946
v -2935.41975 -18691.05425 390.47507
v -2887.30753 -18589.74631 371.62128
v -2862.33498 -18501.64386 387.57064
v -2891.96868 -18395.99611 374.55330
v -3001.03902 -18412.29674 384.61610
v -3101.83392 -18410.85780 377.52524
v -3153.48569 -18504.82765 381.63189
v -3098.05439 -18589.08236 380.51655
v -2995.34821 -18528.70746 818.88028
v -2995.73883 -18651.88179 475.78327
v -2910.39565 -18629.04053 497.50888
v -2905.14454 -18543.00701 478.65509
v -2882.13399 -18457.96245 494.60444
v -2960.14219 -18415.36962 481.58711
v -3034.82103 -18435.56720 491.64991
v -3123.72397 -18460.14113 484.55905
v -3101.90906 -18549.35416 488.66570
v -3068.79150 -18616.40008 487.55036
v -2986.08883 -18528.70746 925.91408
v -2958.34019 -18631.51408 582.81707
v -2922.73878 -18570.11580 604.54268
v -2916.45183 -18512.23891 585.68889
v -2929.02535 -18441.81890 601.63825
v -3000.33404 -18451.53687 588.62091
v -3061.30045 -18457.36331 598.68371
v -3102.64874 -18512.86059 591.59286
v -3061.52051 -18567.08315 595.69951
v -3032.27188 -18628.69316 594.58417
v -2990.62875 -18528.70746 1032.94789
v -2946.93440 -18587.21873 689.85088
v -2945.63328 -18536.70544 711.57649
v -2935.85307 -18490.45506 692.72270
v -2975.75415 -18461.05967 708.67205
v -3018.28435 -18478.27487 695.65472
v -3068.00499 -18490.82341 705.71752
v -3060.34569 -18541.17418 698.62666
v -3035.64756 -18575.21737 702.73331
v -2996.55664 -18609.00862 701.61797
v 9477.00657 7501.62690 -597.95818
v 9488.41668 7485.92224 -597.95818
v 9506.87861 7491.92088 -597.95818
v 9506.87861 7511.33291 -597.95818
v 9488.41668 7517.33156 -597.95818
v 9477.00657 7501.62690 258.64627
v 9488.41668 7485.92224 258.64627
v 9506.87861 7491.92088 258.64627
v 9506.87861 7511.33291 258.64627
v 9488.41668 7517.33156 258.64627
v 9463.47010 7501.62690 -40.64926
v 9438.33751 7339.16129 -439.93049
v 9578.52042 7282.93191 -364.23137
v 9694.64523 7391.23889 -439.01368
v 9663.50756 7535.40816 -365.27753
v 9652.09751 7699.13900 -437.83999
v 9489.13085 7704.40896 -366.57674
v 9368.20692 7644.56978 -436.41751
v 9238.99421 7540.84849 -368.12001
v 9339.27333 7408.06565 -434.75610
v 9473.97771 7501.62690 75.97279
v 9497.09010 7343.46813 -323.30844
v 9641.22030 7333.46298 -247.60932
v 9654.65754 7476.95007 -322.39163
v 9645.98175 7594.30108 -248.65548
v 9563.66048 7708.77013 -321.21793
v 9439.18521 7641.03501 -249.95469
v 9316.88269 7598.35947 -319.79546
v 9295.93956 7462.17051 -251.49796
v 9399.97461 7384.89178 -318.13405
v 9497.73019 7501.62690 192.59485
v 9553.06481 7349.26904 -206.68639
v 9649.10656 7416.61068 -130.98727
v 9616.48765 7526.30293 -205.76958
v 9606.46866 7642.84702 -132.03342
v 9489.78521 7660.45461 -204.59588
v 9405.84053 7601.26530 -133.33263
v 9306.14783 7530.14204 -203.17341
v 9373.97120 7428.80651 -134.87591
v 9445.79939 7360.26367 -201.51200
v 9510.85169 7501.62690 309.21690
v 9595.29692 7386.18447 -90.06433
v 9612.57176 7483.62270 -14.36521
v 9593.13520 7562.43348 -89.14753
v 9542.99901 7648.65557 -15.41137
v 9454.24773 7601.83461 -87.97383
v 9377.18182 7565.05527 -16.71058
v 9349.55867 7472.59837 -86.55136
v 9429.35073 7421.24311 -18.25386
v 9497.11527 7354.53241 -84.88994
v 9505.45521 7501.62690 425.83895
v 9597.16426 7445.24429 26.55772
v 9572.81349 7517.69300 102.25684
v 9562.72163 7588.48240 27.47452
v 9490.78016 7609.55472 101.21068
v 9439.27832 7563.03484 28.64822
v 9375.13922 7519.41636 99.91147
v 9412.13747 7451.84602 30.07070
v 9464.88784 7416.28443 98.36819
v 9537.95813 7388.54588 31.73211
v 9493.05369 7501.62690 542.46100
v 9564.87987 7490.97144 143.17977
v 9546.49918 7534.10235 218.87889
v 9521.33311 7584.78895 144.09658
v 9470.18205 7560.84983 217.83273
v 9431.88029 7535.08390 145.27027
v 9409.70331 7484.56303 216.53352
v 9457.08746 7455.81348 146.69275
v 9495.60061 7422.54084 214.99025
v 9545.66965 7442.69716 148.35416
v -13439.93582 979.67751 -509.07583
v -13422.26069 955.34978 -509.07583
v -13393.66173 964.64214 -509.07583
v -13393.66173 994.71287 -509.07583
v -13422.26069 1004.00524 -509.07583
v -13439.93582 979.67751 817.87049
v -13422.26069 955.34978 817.87049
v -13393.66173 964.64214 817.87049
v -13393.66173 994.71287 817.87049
v -13422.26069 1004.00524 817.87049
v -13449.23128 979.67751 354.23865
v -13311.58436 716.71694 -249.49222
v -13063.83426 788.14466 -159.44592
v -13129.11470 1036.91691 -252.80473
v -13215.47255 1228.34113 -156.29489
v -13423.52991 1369.86632 -255.78883
v -13590.75608 1180.13860 -153.48289
v -13769.67502 1033.75170 -258.42387
v -13721.44394 792.62117 -151.02936
v -13499.74318 726.73161 -260.69164
v -13406.66350 979.67751 534.89519
v -13216.72480 755.51162 -68.83567
v -13094.08916 931.24375 21.21063
v -13218.78344 1099.05729 -72.14818
v -13308.98534 1292.78704 24.36166
v -13520.26065 1249.90894 -75.13228
v -13627.24297 1095.74543 27.17366
v -13753.77520 911.23638 -77.76732
v -13573.90009 779.81765 29.62719
v -13407.69483 707.18457 -80.03509
v -13381.63947 979.67751 715.55174
v -13159.16550 840.85424 111.82088
v -13191.60201 1024.81067 201.86718
v -13277.07751 1151.97557 108.50837
v -13421.78588 1272.41137 205.01821
v -13548.85220 1131.94443 105.52427
v -13661.69783 1016.84651 207.83021
v -13650.83490 835.02481 102.88923
v -13476.10935 795.60908 210.28374
v -13312.77173 721.18055 100.62146
v -13390.69592 979.67751 896.20829
v -13183.03319 945.13664 292.47743
v -13277.62220 1063.49249 382.52373
v -13344.53164 1188.45063 289.16491
v -13492.81810 1178.78931 385.67475
v -13557.09965 1057.15702 286.18082
v -13646.88534 932.33760 388.48676
v -13532.06124 831.66263 283.54577
v -13409.66204 801.29865 390.94028
v -13254.74239 799.31398 281.27801
v -13415.35770 979.67751 1076.86484
v -13262.34324 1010.77327 473.13397
v -13331.27872 1084.34842 563.18027
v -13419.49294 1168.18332 469.82146
v -13505.17087 1082.10519 566.33130
v -13563.54477 1001.81173 466.83736
v -13571.09072 883.40101 569.14330
v -13454.16992 860.26478 464.20232
v -13351.83419 821.44997 571.59683
v -13265.55264 899.08858 461.93455
v -13428.45442 979.67751 1257.52138
v -13335.31293 1028.33270 653.79052
v -13377.31432 1091.12318 743.83682
v -13460.97816 1097.34456 650.47801
v -13493.34426 1022.36048 746.98785
v -13541.37392 953.57111 647.49391
v -13484.71056 890.86630 749.79985
v -13411.67322 884.48803 644.85887
v -13324.24675 878.23642 752.25338
v -13315.57612 965.11640 642.59110
v 9855.69422 -10469.99685 -527.94036
v 9870.44484 -10490.29933 -527.94036
v 9894.31184 -10482.54447 -527.94036
v 9894.31184 -10457.44923 -527.94036
v 9870.44484 -10449.69437 -527.94036
v 9855.69422 -10469.99685 579.45054
v 9870.44484 -10490.29933 579.45054
v 9894.31184 -10482.54447 579.45054
v 9894.31184 -10457.44923 579.45054
v 9870.44484 -10449.69437 579.45054
v 9884.43762 -10469.99685 192.53083
v 10129.43769 -10607.29994 -265.07284
v 10182.26222 -10408.15478 -281.72971
v 10014.31828 -10297.70112 -269.24531
v 9868.98250 -10152.46948 -277.53564
v 9692.30265 -10260.84860 -273.45371
v 9646.50487 -10435.35320 -273.32018
v 9593.05467 -10643.70996 -277.66894
v 9798.83722 -10703.10119 -269.11247
v 9972.89322 -10713.90610 -281.86186
v 9909.24171 -10469.99685 343.29610
v 10159.82716 -10512.22207 -114.30757
v 10067.75568 -10353.09313 -130.96444
v 9945.81363 -10264.37031 -118.48004
v 9771.37916 -10201.85902 -126.77038
v 9701.30625 -10374.60981 -122.68844
v 9635.81933 -10519.10654 -122.55491
v 9707.22465 -10683.54258 -126.90368
v 9882.06827 -10661.01693 -118.34720
v 10058.19953 -10674.70540 -131.09659
v 9901.10215 -10469.99685 494.06137
v 10110.06196 -10422.33019 36.45770
v 9978.43306 -10342.25160 19.80083
v 9870.94341 -10246.21415 32.28523
v 9732.65862 -10307.15096 23.99489
v 9713.66565 -10445.75776 28.07683
v 9671.42068 -10596.30244 28.21036
v 9816.21422 -10652.43500 23.86159
v 9943.72653 -10638.76009 32.41807
v 10092.40878 -10586.63535 19.66868
v 9875.97191 -10469.99685 644.82663
v 10018.15140 -10383.13639 187.22297
v 9922.05391 -10334.57053 170.56610
v 9802.85928 -10282.77193 183.05050
v 9748.42960 -10400.49857 174.76016
v 9719.27256 -10502.42365 178.84209
v 9755.06348 -10623.97461 178.97562
v 9880.82880 -10604.36919 174.62686
v 9997.70395 -10605.83319 183.18334
v 10055.82967 -10496.35190 170.43395
v 9860.70810 -10469.99685 795.59190
v 9943.73545 -10385.64466 337.98824
v 9873.08116 -10333.99528 321.33136
v 9779.55830 -10360.46089 333.81577
v 9774.12248 -10454.92383 325.52543
v 9749.17910 -10548.86760 329.60736
v 9835.75598 -10594.59911 329.74089
v 9917.77635 -10572.52574 325.39213
v 10015.40610 -10544.59829 333.94860
v 9990.32836 -10446.60230 321.19922
v 9864.92965 -10469.99685 946.35717
v 9901.18201 -10396.91074 488.75350
v 9835.54797 -10365.84196 472.09663
v 9800.14508 -10428.62960 484.58103
v 9793.60201 -10487.30900 476.29070
v 9807.15473 -10558.55717 480.37263
v 9879.38893 -10548.10115 480.50616
v 9941.42815 -10542.20826 476.15740
v 9982.55669 -10485.34942 484.71387
v 9940.71376 -10430.63906 471.96448
v -237.33485 15285.14959 -369.85831
v -227.92200 15272.19391 -369.85831
v -212.69169 15277.14254 -369.85831
v -212.69169 15293.15664 -369.85831
v -227.92200 15298.10526 -369.85831
v -237.33485 15285.14959 336.80384
v -227.92200 15272.19391 336.80384
v -212.69169 15277.14254 336.80384
v -212.69169 15293.15664 336.80384
v -227.92200 15298.10526 336.80384
v -200.03964 15285.14959 89.89779
v -17.77499 15327.27616 -178.10673
v -121.47475 15413.96093 -237.54674
v -228.05457 15444.49287 -179.21986
v -364.27819 15443.69021 -236.33271
v -369.12206 15306.72314 -180.53267
v -377.92138 15190.42451 -234.92338
v -287.15588 15094.86489 -182.03608
v -172.08667 15154.49755 -233.32850
v -46.99899 15189.44520 -183.71969
v -205.60489 15285.14959 186.10601
v -71.27864 15378.98051 -81.89851
v -184.99906 15401.62443 -141.33852
v -285.77246 15441.77984 -83.01164
v -367.80812 15363.01485 -140.12449
v -345.46665 15260.12503 -84.32445
v -336.48260 15142.79531 -138.71516
v -219.63486 15140.47736 -85.82786
v -133.01853 15183.05046 -137.12028
v -41.35834 15258.26888 -87.51147
v -224.54416 15285.14959 282.31423
v -143.79892 15386.22147 14.30971
v -226.94254 15396.07343 -45.13029
v -327.81939 15402.12823 13.19658
v -336.18750 15301.62213 -43.91627
v -330.30847 15219.39682 11.88377
v -271.75534 15140.15318 -42.50694
v -185.11772 15188.00731 10.38036
v -99.35607 15218.10090 -40.91205
v -86.08971 15313.56968 8.69675
v -237.05020 15285.14959 378.52245
v -196.17179 15368.52977 110.51794
v -264.83191 15388.36549 51.07793
v -329.16136 15341.87695 109.40480
v -306.88071 15267.89372 52.29195
v -299.70940 15188.84648 108.09199
v -220.49234 15178.00872 53.70128
v -163.75643 15217.90725 106.58858
v -96.68598 15266.66711 55.29617
v -143.36242 15334.81644 104.90497
v -234.44208 15285.14959 474.73067
v -225.82451 15353.30269 206.72616
v -289.88080 15359.21982 147.28615
v -300.26928 15296.21567 205.61302
v -287.88944 15245.39689 148.50017
v -254.96853 15190.22316 204.30021
v -198.03359 15220.86662 149.90950
v -148.19649 15244.61589 202.79680
v -131.24233 15304.42554 151.50439
v -182.68188 15337.24339 201.11319
v -224.55640 15285.14959 570.93889
v -245.60235 15339.79928 302.93438
v -285.41458 15318.19442 243.49437
v -270.72561 15275.30358 301.82124
v -264.60891 15233.12615 244.70839
v -221.67153 15221.22117 300.50843
v -191.18824 15248.80969 246.11772
v -153.20975 15275.02585 299.00502
v -175.71438 15314.94277 247.71261
v -206.97532 15336.14145 297.32141
v -11101.17838 -12457.14523 59.55238
v -11087.14860 -12476.45555 59.55238
v -11064.44795 -12469.07967 59.55238
v -11064.44795 -12445.21079 59.55238
v -11087.14860 -12437.83490 59.55238
v -11101.17838 -12457.14523 1112.82662
v -11087.14860 -12476.45555 1112.82662
v -11064.44795 -12469.07967 1112.82662
v -11064.44795 -12445.21079 1112.82662
v -11087.14860 -12437.83490 1112.82662
v -11049.78078 -12457.14523 744.81514
v -10890.23945 -12216.03682 340.04847
v -11087.00912 -12246.47068 260.15534
v -11273.20554 -12241.03430 342.22419
v -11359.15561 -12416.38952 258.12158
v -11262.53523 -12569.20109 344.11248
v -11178.95868 -12753.16990 256.38203
v -10989.11260 -12688.10785 345.70028
v -10874.46357 -12568.43481 254.94872
v -10770.90038 -12393.13337 346.97662
v -11082.33629 -12457.14523 888.21271
v -11009.83904 -12242.08380 483.44605
v -11153.06714 -12275.93058 403.55292
v -11323.28828 -12326.73605 485.62176
v -11276.52609 -12497.73933 401.51916
v -11217.25722 -12629.96925 487.51005
v -11072.80813 -12725.52648 399.77961
v -10958.59286 -12594.28725 489.09786
v -10835.11890 -12492.90289 398.34630
v -10870.75668 -12327.26500 490.37419
v -11105.09871 -12457.14523 1031.61029
v -11085.81433 -12297.73721 626.84363
v -11215.30973 -12306.65539 546.95049
v -11296.11103 -12426.03335 629.01934
v -11212.02234 -12538.38133 544.91673
v -11150.55816 -12668.77890 630.90763
v -11008.65515 -12637.93451 543.17718
v -10936.70516 -12534.52897 632.49543
v -10852.64193 -12409.56883 541.74387
v -10974.71942 -12322.36738 633.77177
v -11101.33919 -12457.14523 1175.00787
v -11129.23176 -12336.41742 770.24120
v -11247.87059 -12367.70969 690.34807
v -11225.27770 -12487.38776 772.41692
v -11169.86052 -12570.34254 688.31431
v -11074.79193 -12647.66583 774.30521
v -10992.82361 -12555.52587 686.57476
v -10919.06349 -12480.38024 775.89301
v -10927.80345 -12362.13167 685.14145
v -11041.43055 -12336.97466 777.16935
v -11082.62057 -12457.14523 1318.40544
v -11162.19625 -12366.45334 913.63878
v -11224.25070 -12436.69396 833.74565
v -11165.26825 -12509.63920 915.81449
v -11123.45395 -12587.27990 831.71189
v -11031.54963 -12579.95525 917.70278
v -10991.87333 -12504.70312 829.97233
v -10936.65488 -12426.80057 919.29059
v -11008.71865 -12365.18101 828.53903
v -11084.52138 -12346.15690 920.56692
v -11070.71363 -12457.14523 1461.80302
v -11172.57759 -12408.25340 1057.03635
v -11167.37208 -12475.42929 977.14322
v -11128.11745 -12517.47379 1059.21207
v -11077.23185 -12564.92499 975.10946
v -11028.72845 -12515.19015 1061.10036
v -10995.19029 -12469.28557 973.36991
v -10991.75763 -12401.59815 1062.68816
v -11058.58356 -12388.80291 971.93660
v -11117.31757 -12366.65221 1063.96450
v 17157.08624 1761.76220 129.11013
v 17174.98993 1737.11990 129.11013
v 17203.95870 1746.53242 129.11013
v 17203.95870 1776.99198 129.11013
v 17174.98993 1786.40451 129.11013
v 17157.08624 1761.76220 1473.21490
v 17174.98993 1737.11990 1473.21490
v 17203.95870 1746.53242 1473.21490
v 17203.95870 1776.99198 1473.21490
v 17174.98993 1786.40451 1473.21490
v 17180.84730 1761.76220 1003.58793
v 17172.68259 2094.58363 434.07419
v 16991.94016 1975.63487 436.96073
v 16782.46821 1819.65748 439.19169
v 16933.25593 1607.06705 431.84708
v 17081.76945 1454.32953 444.29264
v 17329.43370 1395.18020 426.76766
v 17421.01013 1634.00690 449.34174
v 17540.42382 1836.27002 421.75760
v 17407.70432 2047.05865 454.30409
v 17146.53920 1761.76220 1186.58051
v 17093.74900 1984.57536 617.06676
v 16915.27764 1905.14022 619.95330
v 16862.65101 1694.67192 622.18427
v 17039.50914 1579.23499 614.83965
v 17193.69659 1426.60495 627.28521
v 17378.39396 1543.44126 609.76024
v 17426.74977 1726.76080 632.33432
v 17481.10721 1946.80423 604.75018
v 17263.51963 2007.08594 637.29667
v 17151.17364 1761.76220 1369.57309
v 17047.98630 1912.32853 800.05934
v 16891.37210 1803.35965 802.94588
v 16988.18764 1640.58882 805.17685
v 17113.36949 1548.96305 797.83223
v 17293.46865 1486.70587 810.27779
v 17364.07255 1665.00386 792.75281
v 17431.74800 1814.10102 815.32690
v 17355.93009 1982.17023 787.74276
v 17176.53743 1958.33092 820.28924
v 17180.14503 1761.76220 1552.56566
v 17007.46589 1855.34685 983.05192
v 16951.60596 1712.85039 985.93846
v 17082.93076 1633.97999 988.16943
v 17190.54889 1538.29340 980.82481
v 17327.42840 1600.99147 993.27037
v 17346.15409 1738.64486 975.74539
v 17387.23729 1889.06687 998.31947
v 17242.18764 1943.23880 970.73533
v 17115.25387 1929.97578 1003.28182
v 17200.99689 1761.76220 1735.55824
v 17000.68863 1787.41925 1166.04450
v 17050.15823 1678.79060 1168.93104
v 17141.02430 1632.66792 1171.16200
v 17254.53044 1584.61307 1163.81739
v 17305.03537 1696.84334 1176.26295
v 17332.96261 1793.60866 1158.73797
v 17297.55751 1908.33594 1181.31205
v 17178.57645 1889.03490 1153.72791
v 17067.37849 1890.21831 1186.27440
v 17198.61332 1761.76220 1918.55082
v 17049.62545 1733.30952 1349.03707
v 17125.28840 1687.78554 1351.92361
v 17187.25049 1642.49437 1354.15458
v 17268.63955 1666.78841 1346.80996
v 17273.10324 1749.16692 1359.25552
v 17294.56132 1831.59101 1341.73055
v 17218.25891 1870.56356 1364.30463
v 17146.69924 1851.40943 1336.72049
v 17061.55451 1826.21828 1369.26698
v -15032.80351 11166.92111 402.12583
v -15020.74503 11150.32403 402.12583
v -15001.23400 11156.66355 402.12583
v -15001.23400 11177.17866 402.12583
v -15020.74503 11183.51818 402.12583
v -15032.80351 11166.92111 1307.40663
v -15020.74503 11150.32403 1307.40663
v -15001.23400 11156.66355 1307.40663
v -15001.23400 11177.17866 1307.40663
v -15020.74503 11183.51818 1307.40663
v -15043.64129 11166.92111 991.10370
v -15139.68882 11305.58369 573.52608
v -15248.64146 11200.19757 644.29443
v -15231.00184 11032.78472 575.38063
v -15071.37557 10995.69921 642.32068
v -14918.37802 10925.47165 577.47017
v -14814.83854 11059.77607 640.11897
v -14828.36770 11206.26383 579.78025
v -14847.29338 11381.11652 637.70452
v -15021.93226 11367.16246 582.29488
v -15040.62981 11166.92111 1114.35278
v -15157.10074 11242.49461 696.77515
v -15244.27979 11118.52998 767.54351
v -15127.70658 11023.44693 698.62970
v -15009.34534 10989.17534 765.56975
v -14858.00626 10991.77506 700.71925
v -14853.88743 11144.04357 763.36804
v -14844.00030 11273.72607 703.02932
v -14946.34910 11378.48163 760.95360
v -15073.71105 11311.83287 705.54396
v -15017.69271 11166.92111 1237.60185
v -15177.01530 11189.67268 820.02422
v -15179.97936 11064.09420 890.79258
v -15056.53810 11040.24617 821.87878
v -14946.64120 10996.76207 888.81883
v -14858.75779 11083.62016 823.96832
v -14883.05961 11195.01452 886.61711
v -14893.71816 11322.54477 826.27839
v -15020.79000 11323.48893 884.20267
v -15114.91774 11277.54198 828.79303
v -14999.83837 11166.92111 1360.85092
v -15170.53577 11133.81513 943.27330
v -15098.38039 11060.48686 1014.04165
v -15011.18218 11049.99902 945.12785
v -14905.08304 11044.63779 1012.06790
v -14897.36111 11150.42805 947.21739
v -14903.34816 11237.02502 1009.86619
v -14965.91896 11319.44744 949.52747
v -15056.54466 11268.65773 1007.45174
v -15146.92288 11236.75288 952.04210
v -15000.75071 11166.92111 1484.09999
v -15123.37229 11099.17039 1066.52237
v -15042.32078 11083.44426 1137.29073
v -14973.37760 11063.52997 1068.37692
v -14909.68114 11110.96204 1135.31697
v -14932.17204 11184.74758 1070.46646
v -14939.75108 11264.02173 1133.11526
v -15019.26379 11273.78862 1072.77654
v -15075.97483 11234.02242 1130.70081
v -15142.68233 11184.59831 1075.29118
v -15012.71942 11166.92111 1607.34907
v -15064.85688 11103.21580 1189.77144
v -15012.98748 11103.92067 1260.53980
v -14953.78379 11098.90054 1191.62600
v -14944.88508 11157.20524 1258.56604
v -14956.17099 11204.11703 1193.71554
v -14987.10322 11254.64197 1256.36433
v -15039.38106 11225.94989 1196.02561
v -15085.51352 11203.99170 1253.94989
v -15100.36709 11148.61840 1198.54025
v 2292.52082 -12014.68671 -599.49565
v 2302.55869 -12028.50266 -599.49565
v 2318.80032 -12023.22544 -599.49565
v 2318.80032 -12006.14798 -599.49565
v 2302.55869 -12000.87076 -599.49565
v 2292.52082 -12014.68671 154.08989
v 2302.55869 -12028.50266 154.08989
v 2318.80032 -12023.22544 154.08989
v 2318.80032 -12006.14798 154.08989
v 2302.55869 -12000.87076 154.08989
v 2282.80604 -12014.68671 -109.21108
v 2154.49715 -11993.21756 -457.69431
v 2116.72462 -12133.56353 -395.65435
v 2253.01102 -12180.88727 -458.89526
v 2370.91054 -12172.83913 -394.56279
v 2506.39415 -12120.72965 -459.87555
v 2460.03164 -11982.19936 -393.69547
v 2426.29303 -11862.11950 -460.62839
v 2299.64036 -11801.40432 -393.05840
v 2206.81964 -11903.32956 -461.14859
v 2304.75013 -12014.68671 -6.61449
v 2150.30188 -12048.12601 -355.09772
v 2189.84218 -12164.93334 -293.05777
v 2311.70877 -12145.37188 -356.29867
v 2427.69477 -12148.47843 -291.96620
v 2479.50235 -12038.79277 -357.27896
v 2419.59206 -11944.24472 -291.09889
v 2366.83185 -11830.22326 -358.03181
v 2249.32729 -11872.12904 -290.46181
v 2177.98913 -11946.18815 -358.55200
v 2322.78442 -12014.68671 95.98209
v 2170.69494 -12100.20794 -252.50113
v 2264.95381 -12144.98225 -190.46118
v 2351.68917 -12124.64638 -253.70209
v 2454.65131 -12092.85143 -189.36962
v 2425.21321 -11989.36252 -254.68237
v 2389.38824 -11908.93035 -188.50230
v 2301.09898 -11852.15689 -255.43522
v 2232.41126 -11932.07372 -187.86523
v 2157.39083 -11993.90987 -255.95542
v 2322.60185 -12014.68671 198.57868
v 2223.70461 -12121.93745 -149.90455
v 2310.55301 -12108.06845 -87.86459
v 2386.81500 -12102.81311 -151.10550
v 2433.22753 -12032.08409 -86.77303
v 2383.77070 -11966.46575 -152.08579
v 2347.23060 -11889.90845 -85.90571
v 2264.09871 -11909.17848 -152.83863
v 2221.87604 -11969.68512 -85.26864
v 2173.17813 -12043.50731 -153.35883
v 2310.09037 -12014.68671 301.17527
v 2278.55171 -12103.45861 -47.30796
v 2334.57928 -12082.13982 14.73199
v 2400.83717 -12064.12955 -48.50891
v 2387.39353 -11997.31063 15.82356
v 2356.55297 -11950.85761 -49.48920
v 2302.95359 -11908.26733 16.69087
v 2257.57276 -11960.12951 -50.24205
v 2216.19470 -12002.24656 17.32795
v 2222.01246 -12068.24294 -50.76224
v 2300.66052 -12014.68671 403.77185
v 2309.21376 -12069.65022 55.28862
v 2349.41202 -12061.31511 117.32858
v 2380.87793 -12024.72572 54.08767
v 2350.32763 -11987.37205 118.42014
v 2328.61154 -11947.29426 53.10738
v 2281.29293 -11951.75460 119.28746
v 2260.94030 -11990.43531 52.35454
v 2232.73464 -12030.83081 119.92453
v 2270.29975 -12062.15894 51.83434
v 6938.59776 11307.37660 -532.22297
v 6955.12150 11284.63362 -532.22297
v 6981.85748 11293.32067 -532.22297
v 6981.85748 11321.43253 -532.22297
v 6955.12150 11330.11958 -532.22297
v 6938.59776 11307.37660 708.28365
v 6955.12150 11284.63362 708.28365
v 6981.85748 11293.32067 708.28365
v 6981.85748 11321.43253 708.28365
v 6955.12150 11330.11958 708.28365
v 6958.15374 11307.37660 274.85363
v 6705.01450 11145.87331 -253.77095
v 6851.41479 10963.49449 -240.38661
v 7055.79882 11077.59257 -258.44853
v 7264.44755 11147.48359 -235.74027
v 7285.41431 11376.57840 -263.05559
v 7117.20012 11506.05586 -231.18045
v 6949.06026 11674.87480 -267.56027
v 6766.97760 11523.80703 -226.73870
v 6688.04937 11345.48007 -271.93141
v 6993.06182 11307.37660 443.74188
v 6770.77929 11060.64511 -84.88270
v 6972.48230 11041.73886 -71.49835
v 7117.12160 11136.56381 -89.56028
v 7283.72498 11263.08836 -66.85202
v 7161.14788 11432.22134 -94.16734
v 7042.27190 11555.05473 -62.29220
v 6843.46776 11599.81738 -98.67202
v 6771.40396 11408.35057 -57.85045
v 6675.75523 11245.64133 -103.04316
v 6993.71095 11307.37660 612.63013
v 6879.23807 11047.96149 84.00555
v 7033.34543 11133.83024 97.38990
v 7173.42963 11196.18698 79.32797
v 7212.23530 11361.38350 102.03623
v 7073.91146 11451.00961 74.72091
v 6952.40238 11570.13211 106.59605
v 6809.01289 11476.64256 70.21623
v 6771.07099 11333.58973 111.03780
v 6730.08658 11160.99288 65.84509
v 6968.92039 11307.37660 781.51838
v 6970.24467 11111.13266 252.89380
v 7065.71253 11193.78754 266.27815
v 7183.81382 11277.28510 248.21622
v 7108.94744 11399.79507 270.92449
v 7014.36681 11469.43920 243.60916
v 6877.54139 11515.00078 275.48430
v 6825.20312 11379.59726 239.10448
v 6773.74643 11266.36855 279.92605
v 6832.92867 11139.97792 234.73334
v 6947.91483 11307.37660 950.40663
v 7010.23022 11191.08473 421.78205
v 7089.99170 11240.47691 435.16640
v 7128.86754 11343.67934 417.10447
v 7034.01544 11399.92656 439.81274
v 6955.99297 11468.94406 412.49741
v 6857.91014 11422.29030 444.37255
v 6844.52972 11323.30682 407.99273
v 6815.63506 11214.48861 448.81430
v 6920.82410 11176.67311 403.62159
v 6947.54150 11307.37660 1119.29488
v 7019.27238 11245.13613 590.67030
v 7084.04240 11291.08265 604.05465
v 7050.15600 11362.92001 585.99272
v 6989.93218 11393.62939 608.70099
v 6914.17919 11424.84948 581.38566
v 6881.34601 11349.87407 613.26080
v 6862.60121 11285.47619 576.88098
v 6887.10825 11209.59190 617.70255
v 6965.99907 11222.88039 572.50984
v -14017.45746 -3982.24702 -486.29820
v -14000.96955 -4004.94068 -486.29820
v -13974.29155 -3996.27248 -486.29820
v -13974.29155 -3968.22157 -486.29820
v -14000.96955 -3959.55336 -486.29820
v -14017.45746 -3982.24702 751.51854
v -14000.96955 -4004.94068 751.51854
v -13974.29155 -3996.27248 751.51854
v -13974.29155 -3968.22157 751.51854
v -14000.96955 -3959.55336 751.51854
v -13958.47563 -3982.24702 319.02835
v -14103.38499 -4324.26561 -158.45683
v -13878.11736 -4265.17339 -245.92996
v -13759.30303 -4105.75891 -161.52784
v -13629.26571 -3903.45470 -242.71296
v -13828.30428 -3769.12968 -164.88527
v -14005.09539 -3683.34373 -239.22092
v -14237.42484 -3713.37144 -168.50589
v -14239.77137 -3948.53921 -235.47798
v -14278.92266 -4161.94914 -172.36466
v -13956.88030 -3982.24702 487.55039
v -13980.97083 -4302.61840 10.06520
v -13845.26330 -4145.50999 -77.40792
v -13715.57005 -4020.05143 6.99419
v -13739.33244 -3821.77696 -74.19092
v -13928.40766 -3778.51651 3.63677
v -14110.79744 -3695.86436 -70.69888
v -14231.58182 -3857.07227 0.01615
v -14215.79997 -4030.51957 -66.95594
v -14191.45990 -4237.85387 -3.84263
v -13985.80293 -3982.24702 656.07243
v -13902.94290 -4203.16937 178.58724
v -13828.36231 -4068.95891 91.11412
v -13728.28152 -3924.34940 175.51623
v -13864.87074 -3815.63448 94.33112
v -14001.93593 -3775.52154 172.15881
v -14177.21172 -3780.52842 97.82316
v -14180.53790 -3957.00553 168.53819
v -14192.10250 -4107.78738 101.56609
v -14071.80948 -4227.47390 164.67941
v -14012.23377 -3982.24702 824.59446
v -13885.44083 -4100.84248 347.10928
v -13811.39511 -4006.67506 259.63616
v -13809.95093 -3865.86517 344.03827
v -13948.35074 -3839.92838 262.85315
v -14072.15524 -3791.30529 340.68085
v -14169.37591 -3890.20991 266.34519
v -14142.08627 -4014.79633 337.06022
v -14129.09948 -4157.97201 270.08813
v -13986.37097 -4157.27453 333.20145
v -14014.33226 -3982.24702 993.11650
v -13890.17215 -4036.27592 515.63131
v -13827.71481 -3945.72319 428.15819
v -13905.93132 -3868.34108 512.56031
v -13998.88379 -3856.98648 431.37519
v -14112.28605 -3852.34354 509.20288
v -14119.39737 -3965.50018 434.86723
v -14113.20052 -4058.20105 505.58226
v -14045.26658 -4145.30431 438.61017
v -13948.92239 -4090.54036 501.72348
v -13999.24563 -3982.24702 1161.63854
v -13897.22338 -3994.98465 684.15335
v -13887.74334 -3914.88725 596.68023
v -13967.62426 -3900.02142 681.08234
v -14035.73845 -3880.35925 599.89723
v -14097.77123 -3927.94934 677.72492
v -14075.44776 -4000.34940 603.38927
v -14067.57822 -4078.56101 674.10430
v -13989.07078 -4087.11570 607.13221
v -13933.29189 -4048.12467 670.24552
v 13570.40386 -6804.92471 -454.58302
v 13580.41726 -6818.70698 -454.58302
v 13596.61930 -6813.44262 -454.58302
v 13596.61930 -6796.40680 -454.58302
v 13580.41726 -6791.14244 -454.58302
v 13570.40386 -6804.92471 297.16551
v 13580.41726 -6818.70698 297.16551
v 13596.61930 -6813.44262 297.16551
v 13596.61930 -6796.40680 297.16551
v 13580.41726 -6791.14244 297.16551
v 13610.58442 -6804.92471 34.50638
v 13670.05589 -7012.46169 -249.95658
v 13721.55747 -6876.64272 -315.47356
v 13776.69945 -6763.06872 -249.13737
v 13713.51205 -6638.45266 -316.17802
v 13578.86234 -6655.38186 -248.54886
v 13439.15592 -6644.81668 -316.64955
v 13398.44622 -6779.74976 -248.19513
v 13450.43191 -6889.96268 -316.88488
v 13516.17261 -7020.39475 -248.07862
v 13590.47705 -6804.92471 136.85287
v 13700.14602 -6931.30062 -147.61009
v 13717.36333 -6822.68496 -213.12707
v 13749.18361 -6700.80989 -146.79088
v 13630.58420 -6661.21068 -213.83154
v 13528.51298 -6667.88485 -146.20238
v 13411.81436 -6714.30075 -214.30306
v 13452.91868 -6833.85421 -145.84865
v 13482.16939 -6938.14282 -214.53839
v 13592.49906 -6989.12620 -145.73213
v 13571.10259 -6804.92471 239.19935
v 13690.17697 -6859.92413 -45.26361
v 13717.75596 -6775.67137 -110.78059
v 13683.02811 -6677.41718 -44.44440
v 13580.23412 -6694.50676 -111.48505
v 13481.82960 -6692.12167 -43.85589
v 13439.34203 -6785.54847 -111.95658
v 13489.92810 -6865.23302 -43.50216
v 13535.28836 -6961.46986 -112.19191
v 13634.33287 -6924.76631 -43.38565
v 13568.77992 -6804.92471 341.54584
v 13674.79732 -6816.80711 57.08288
v 13696.26281 -6734.05556 -8.43410
v 13618.53999 -6698.40688 57.90209
v 13547.65473 -6714.88813 -9.13857
v 13463.62879 -6741.71880 58.49059
v 13488.59198 -6826.22321 -9.61009
v 13517.81953 -6892.24756 58.84433
v 13590.62618 -6937.73328 -9.84542
v 13646.36781 -6872.07872 58.96084
v 13580.13213 -6804.92471 443.89233
v 13664.90348 -6787.15168 159.42937
v 13649.25559 -6720.97505 93.91238
v 13581.69339 -6732.29489 160.24857
v 13522.06365 -6736.41435 93.20792
v 13486.69276 -6792.03853 160.83708
v 13525.30328 -6842.92468 92.73639
v 13554.14661 -6902.59208 161.19081
v 13618.79650 -6886.67098 92.50106
v 13651.70038 -6839.66512 161.30733
v 13590.25929 -6804.92471 546.23881
v 13645.14349 -6766.42724 261.77585
v 13604.89047 -6741.20661 196.25887
v 13564.75479 -6756.48727 262.59506
v 13517.20336 -6769.80331 195.55440
v 13527.44213 -6817.74374 263.18356
v 13549.50238 -6851.17982 195.08288
v 13588.33471 -6881.31553 263.53730
v 13620.62283 -6843.80815 194.84755
v 13650.45330 -6813.46495 263.65381
v -5966.01270 15577.06376 -346.53062
v -5953.91064 15560.40669 -346.53062
v -5934.32908 15566.76912 -346.53062
v -5934.32908 15587.35839 -346.53062
v -5953.91064 15593.72082 -346.53062
v -5966.01270 15577.06376 562.02253
v -5953.91064 15560.40669 562.02253
v -5934.32908 15566.76912 562.02253
v -5934.32908 15587.35839 562.02253
v -5953.91064 15593.72082 562.02253
v -5940.72664 15577.06376 244.57625
v -5737.41724 15466.79430 -128.70431
v -5766.75553 15617.08004 -150.06479
v -5783.32429 15791.68073 -125.38031
v -5957.35454 15786.85047 -153.34609
v -6087.67353 15729.38757 -122.14738
v -6218.15017 15612.96013 -156.52506
v -6107.30706 15476.21347 -119.02788
v -6019.25617 15353.77325 -159.57970
v -5850.60715 15339.76507 -116.04338
v -5968.15791 15577.06376 368.27083
v -5780.65304 15554.87952 -5.00972
v -5784.90503 15681.16715 -26.37021
v -5879.42463 15795.74941 -1.68573
v -6008.70602 15722.62739 -29.65151
v -6141.62842 15677.72591 1.54720
v -6152.85416 15531.86836 -32.83047
v -6046.17739 15449.90020 4.66670
v -5938.40772 15343.21559 -35.88511
v -5823.73290 15440.76677 7.65120
v -5972.23192 15577.06376 491.96542
v -5818.12509 15606.02495 118.68486
v -5830.21788 15731.34564 97.32438
v -5955.74406 15741.41372 122.00886
v -6045.48583 15682.81670 94.04308
v -6148.18044 15603.26609 125.24179
v -6070.97172 15498.96649 90.86411
v -5997.19584 15422.38619 128.36129
v -5873.50322 15396.22665 87.80947
v -5829.54362 15515.20402 131.34578
v -5955.86520 15577.06376 615.66000
v -5841.68677 15645.31453 242.37945
v -5899.51502 15733.15863 221.01896
v -5991.66734 15680.88345 245.70344
v -6076.11376 15643.27582 217.73766
v -6098.00259 15543.70625 248.93637
v -6014.92269 15490.25395 214.55870
v -5941.37588 15418.86436 252.05587
v -5855.89473 15476.27988 211.50406
v -5833.01957 15562.02030 255.04037
v -5939.49887 15577.06376 739.35459
v -5875.69066 15672.40055 366.07403
v -5953.64251 15688.99216 344.71354
v -6008.10846 15641.81794 369.39803
v -6075.39247 15593.47373 341.43225
v -6031.67450 15523.80621 372.63096
v -5977.66948 15483.79980 338.25328
v -5899.12902 15458.64426 375.75046
v -5869.81885 15536.33480 335.19864
v -5840.26047 15601.32007 378.73495
v -5937.34630 15577.06376 863.04917
v -5920.81148 15665.87391 489.76862
v -5974.00102 15638.07481 468.40813
v -6016.21964 15612.03987 493.09261
v -6035.97910 15557.37334 465.12683
v -5985.87298 15528.02944 496.32554
v -5944.49161 15491.62111 461.94787
v -5893.09022 15516.98672 499.44504
v -5886.08966 15569.05230 458.89323
v -5871.24260 15626.63239 502.42954
v -6415.19124 -16144.35198 -507.41663
v -6397.27691 -16169.00894 -507.41663
v -6368.29091 -16159.59082 -507.41663
v -6368.29091 -16129.11314 -507.41663
v -6397.27691 -16119.69502 -507.41663
v -6415.19124 -16144.35198 837.48763
v -6397.27691 -16169.00894 837.48763
v -6368.29091 -16159.59082 837.48763
v -6368.29091 -16129.11314 837.48763
v -6397.27691 -16119.69502 837.48763
v -6422.79228 -16144.35198 367.58132
v -6107.40638 -16081.73970 -242.01439
v -6188.06740 -15881.91489 -158.97019
v -6406.49108 -15753.62782 -238.16296
v -6570.83864 -15946.36846 -162.95860
v -6757.52163 -16096.02928 -234.04447
v -6690.21183 -16336.25581 -167.20005
v -6471.38431 -16405.18632 -229.68740
v -6236.35250 -16513.07317 -171.66520
v -6109.68995 -16289.73880 -225.12188
v -6430.69821 -16144.35198 550.68274
v -6192.80101 -16018.81469 -58.91297
v -6287.65100 -15820.53855 24.13123
v -6499.52996 -15879.16963 -55.06154
v -6611.62162 -16028.98444 20.14282
v -6732.41167 -16220.91508 -50.94304
v -6543.36076 -16345.73909 15.90137
v -6376.53259 -16427.16077 -46.58597
v -6158.02792 -16396.01588 11.43622
v -6157.15964 -16174.58844 -42.02046
v -6402.55336 -16144.35198 733.78417
v -6250.49586 -15962.64277 124.18845
v -6402.81337 -15849.56574 207.23266
v -6526.62495 -15995.13870 128.03989
v -6646.45155 -16111.09258 203.24425
v -6621.95556 -16293.34323 132.15838
v -6448.12294 -16332.52789 199.00280
v -6279.34894 -16408.00208 136.51545
v -6170.02045 -16257.84542 194.53764
v -6184.29172 -16098.41702 141.08096
v -6372.21803 -16144.35198 916.88559
v -6321.63547 -15927.41857 307.28988
v -6471.11987 -15948.52767 390.33408
v -6537.39547 -16067.84692 311.14131
v -6625.71962 -16197.57381 386.34567
v -6502.67651 -16293.14406 315.25980
v -6380.59445 -16329.25353 382.10422
v -6224.50011 -16323.00077 319.61687
v -6222.80806 -16165.72021 377.63906
v -6212.42187 -16030.88622 324.18239
v -6366.34817 -16144.35198 1099.98701
v -6398.39856 -15953.40553 490.39130
v -6481.48598 -16044.54788 573.43550
v -6544.63849 -16124.55415 494.24273
v -6544.26132 -16244.00449 569.44709
v -6426.86068 -16265.34238 498.36122
v -6321.32419 -16306.46509 565.20564
v -6239.97383 -16221.28031 502.71829
v -6263.14774 -16115.84123 560.74049
v -6275.06069 -15994.22811 507.28381
v -6381.02278 -16144.35198 1283.08843
v -6438.07366 -16028.19601 673.49272
v -6470.55470 -16102.56051 756.53692
v -6519.13402 -16173.83824 677.34415
v -6457.05517 -16233.63571 752.54851
v -6384.47187 -16242.64527 681.46265
v -6295.70182 -16245.41989 748.30706
v -6291.02025 -16156.77724 685.81972
v -6295.71884 -16084.08394 743.84191
v -6349.72517 -16016.68166 690.38523
v 16672.09692 8111.17952 143.16559
v 16686.07973 8091.93383 143.16559
v 16708.70439 8099.28503 143.16559
v 16708.70439 8123.07401 143.16559
v 16686.07973 8130.42521 143.16559
v 16672.09692 8111.17952 1192.91400
v 16686.07973 8091.93383 1192.91400
v 16708.70439 8099.28503 1192.91400
v 16708.70439 8123.07401 1192.91400
v 16686.07973 8130.42521 1192.91400
v 16655.07510 8111.17952 826.13443
v 16819.58117 8277.80228 336.27607
v 16678.32189 8416.04317 430.99996
v 16517.42247 8301.18431 335.68400
v 16468.93141 8140.06988 431.42716
v 16426.07892 7940.69732 335.42241
v 16624.26277 7893.54932 431.52270
v 16790.29172 7876.21177 335.49310
v 16965.26327 7969.89556 431.28590
v 16897.72037 8157.20718 335.89558
v 16680.10110 8111.17952 969.05199
v 16754.97350 8312.10852 479.19362
v 16587.56972 8361.80965 573.91752
v 16526.45736 8196.84967 478.60155
v 16459.44173 8058.75964 574.34472
v 16538.15052 7908.89658 478.33996
v 16700.83493 7929.88255 574.44025
v 16870.59972 7917.89165 478.41065
v 16917.74148 8082.24369 574.20346
v 16855.07792 8215.59937 478.81314
v 16708.54708 8111.17952 1111.96954
v 16682.00740 8327.05633 622.11117
v 16555.33427 8259.44398 716.83507
v 16535.03437 8131.22270 621.51911
v 16498.42939 7986.51184 717.26227
v 16639.53182 7941.25298 621.25751
v 16760.38327 7948.80622 717.35780
v 16897.80728 8005.30084 621.32820
v 16848.02411 8146.37577 717.12101
v 16813.32941 8270.23119 621.73069
v 16715.22328 8111.17952 1254.88709
v 16618.36557 8287.21032 765.02873
v 16571.62308 8173.23743 859.75262
v 16539.77082 8076.54076 764.43666
v 16581.03578 7964.59355 860.17982
v 16698.49711 7984.78196 764.17507
v 16811.60289 7982.34351 860.27536
v 16858.75598 8090.13167 764.24576
v 16800.90036 8181.12482 860.03856
v 16748.07100 8291.15036 764.64824
v 16701.26446 8111.17952 1397.80465
v 16599.49406 8211.27699 907.94628
v 16594.06280 8123.51470 1002.67018
v 16571.09859 8032.91298 907.35421
v 16656.50513 7995.11220 1003.09738
v 16733.73347 8012.91019 907.09262
v 16825.12130 8043.06881 1003.19291
v 16796.95104 8135.03549 907.16331
v 16765.15899 8207.28248 1002.95612
v 16685.14367 8255.82338 907.56580
v 16686.40003 8111.17952 1540.72220
v 16620.38352 8147.99952 1050.86383
v 16611.69345 8092.71207 1145.58773
v 16628.21225 8026.39972 1050.27177
v 16696.02430 8038.28763 1146.01493
v 16756.18694 8042.46213 1050.01017
v 16790.94431 8098.89509 1146.11046
v 16752.05882 8149.81639 1050.08086
v 16722.67865 8209.81338 1145.87367
v 16657.81491 8192.89933 1050.48335
v -11903.67620 3539.17235 -579.67651
v -11894.25911 3526.21083 -579.67651
v -11879.02193 3531.16169 -579.67651
v -11879.02193 3547.18300 -579.67651
v -11894.25911 3552.13386 -579.67651
v -11903.67620 3539.17235 127.30407
v -11894.25911 3526.21083 127.30407
v -11879.02193 3531.16169 127.30407
v -11879.02193 3547.18300 127.30407
v -11894.25911 3552.13386 127.30407
v -11899.53833 3539.17235 -119.71324
v -11897.84956 3702.28588 -429.85911
v -12033.08556 3693.97256 -404.57685
v -12033.73954 3557.48174 -432.31459
v -12045.84495 3439.00461 -402.16935
v -11948.60631 3350.71700 -434.66995
v -11835.61651 3409.29530 -399.87020
v -11708.69258 3445.72202 -436.90890
v -11718.05938 3578.05282 -397.69532
v -11799.21156 3658.57784 -439.01596
v -11877.16944 3539.17235 -23.46167
v -11956.54595 3697.42773 -333.60754
v -12032.64359 3612.48201 -308.32527
v -12012.86834 3511.28630 -336.06302
v -12000.76749 3393.34687 -305.91777
v -11883.16344 3398.00822 -338.41838
v -11795.05226 3436.55776 -303.61863
v -11707.90537 3516.13645 -340.65733
v -11783.47092 3607.83519 -301.44374
v -11843.08907 3690.79567 -342.76439
v -11871.26255 3539.17235 72.78991
v -11996.60506 3654.06082 -237.35596
v -12000.56685 3553.04505 -212.07370
v -11997.91125 3469.53776 -239.81144
v -11934.59765 3394.84912 -209.66620
v -11849.72715 3443.46637 -242.16680
v -11761.84711 3473.41480 -207.36705
v -11755.82839 3569.77827 -244.40576
v -11826.03529 3623.64467 -205.19217
v -11897.72319 3693.59764 -246.51281
v -11882.35035 3539.17235 169.04148
v -11994.78789 3592.77294 -141.10439
v -11973.24967 3520.11807 -115.82212
v -11965.06653 3439.98321 -143.55987
v -11884.75308 3434.61983 -113.41462
v -11827.49082 3471.85083 -145.91523
v -11762.41823 3523.27300 -111.11548
v -11812.40175 3589.40182 -148.15418
v -11859.48987 3638.49583 -108.94059
v -11938.61262 3654.14731 -150.26124
v -11895.59467 3539.17235 265.29306
v -11965.04218 3548.44360 -44.85282
v -11954.94972 3497.10087 -19.57055
v -11919.18283 3444.15713 -47.30830
v -11863.43734 3476.33767 -17.16305
v -11811.93718 3499.29151 -49.66366
v -11799.50301 3559.99722 -14.86391
v -11849.97945 3592.25308 -51.90261
v -11895.01734 3635.52706 -12.68902
v -11946.56211 3599.87745 -54.00966
v -11898.69838 3539.17235 361.54463
v -11936.65859 3528.40618 51.39876
v -11930.60861 3485.33432 76.68102
v -11886.76469 3476.65598 48.94328
v -11856.32860 3503.02074 79.08853
v -11818.79609 3530.43139 46.58792
v -11843.78133 3569.22499 81.38767
v -11873.98401 3591.73402 44.34897
v -11918.13065 3605.31232 83.56255
v -11934.20125 3561.66386 42.24191
v 6733.87386 -11273.10975 -504.14137
v 6748.67010 -11293.47503 -504.14137
v 6772.61091 -11285.69618 -504.14137
v 6772.61091 -11260.52332 -504.14137
v 6748.67010 -11252.74448 -504.14137
v 6733.87386 -11273.10975 606.67441
v 6748.67010 -11293.47503 606.67441
v 6772.61091 -11285.69618 606.67441
v 6772.61091 -11260.52332 606.67441
v 6748.67010 -11252.74448 606.67441
v 6778.59869 -11273.10975 218.55805
v 6543.98443 -11045.28655 -220.33031
v 6467.31303 -11236.96236 -277.63892
v 6563.75086 -11396.76177 -223.87286
v 6657.53186 -11589.79580 -274.00337
v 6854.61326 -11508.87315 -227.59511
v 6980.51052 -11388.63293 -270.20084
v 7079.30142 -11199.22501 -231.47134
v 6893.89214 -11090.20316 -266.25763
v 6741.02374 -10986.14142 -235.47472
v 6790.09606 -11273.10975 369.78960
v 6496.80764 -11140.83341 -69.09877
v 6554.09603 -11319.18499 -126.40737
v 6611.77833 -11462.85559 -72.64131
v 6769.44240 -11552.63436 -122.77183
v 6886.28227 -11414.08219 -76.36357
v 7020.22272 -11306.11391 -118.96930
v 6969.47079 -11134.55345 -80.23979
v 6813.03808 -11085.39912 -115.02608
v 6643.80621 -11009.18451 -84.24317
v 6770.02434 -11273.10975 521.02114
v 6531.72136 -11245.47126 82.13278
v 6618.15663 -11362.00191 24.82417
v 6685.48330 -11500.75312 78.59023
v 6833.44912 -11457.67279 28.45972
v 6911.99352 -11353.11925 74.86798
v 6995.26829 -11217.91515 32.26225
v 6861.95822 -11131.79626 70.99175
v 6745.03905 -11074.41382 36.20546
v 6592.46050 -11098.20919 66.98837
v 6744.13425 -11273.10975 672.25269
v 6607.25162 -11307.30291 233.36432
v 6661.71099 -11397.31682 176.05572
v 6765.76595 -11472.65369 229.82178
v 6848.86710 -11373.44070 179.69126
v 6930.31123 -11294.58125 226.09952
v 6911.94317 -11171.35265 183.49379
v 6794.36897 -11145.23068 222.22330
v 6679.47040 -11094.54902 187.43701
v 6606.69492 -11197.41797 218.21992
v 6736.41812 -11273.10975 823.48423
v 6667.83514 -11330.03113 384.59587
v 6712.44620 -11413.75911 327.28727
v 6808.77188 -11398.74848 381.05332
v 6851.41546 -11321.96374 330.92281
v 6907.81713 -11237.72836 377.33107
v 6827.60813 -11176.92870 334.72534
v 6748.88853 -11153.39795 373.45485
v 6648.27774 -11158.59512 338.66855
v 6647.99567 -11260.04923 369.45146
v 6746.87761 -11273.10975 974.71578
v 6705.76410 -11339.09969 535.82741
v 6761.46279 -11386.65871 478.51881
v 6810.38482 -11331.96142 532.28487
v 6848.12530 -11284.32287 482.15436
v 6846.94389 -11213.32964 528.56261
v 6777.16792 -11201.03254 485.95688
v 6714.12703 -11176.67221 524.68639
v 6666.44605 -11228.06360 489.90010
v 6680.22727 -11290.59482 520.68301
v 2902.32887 14313.55390 -407.42877
v 2919.98529 14289.25192 -407.42877
v 2948.55398 14298.53445 -407.42877
v 2948.55398 14328.57335 -407.42877
v 2919.98529 14337.85588 -407.42877
v 2902.32887 14313.55390 918.11322
v 2919.98529 14289.25192 918.11322
v 2948.55398 14298.53445 918.11322
v 2948.55398 14328.57335 918.11322
v 2919.98529 14337.85588 918.11322
v 2975.73587 14313.55390 454.97204
v 2531.71813 14362.52989 -43.37588
v 2689.77814 14159.20812 -164.67739
v 2831.99797 14000.85998 -43.34010
v 3077.93189 13959.24132 -164.50329
v 3163.50747 14193.25043 -43.72377
v 3285.58465 14395.82405 -163.91071
v 3139.16739 14593.45692 -44.52424
v 2913.97434 14583.19257 -162.90374
v 2659.49569 14601.84097 -45.73597
v 2948.62141 14313.55390 635.43740
v 2618.99015 14242.20637 137.08947
v 2789.49144 14129.86377 15.78797
v 2945.45409 13978.92439 137.12525
v 3120.27566 14107.28006 15.96206
v 3173.65718 14283.40277 136.74158
v 3218.50129 14502.32823 16.55464
v 3000.70726 14551.84625 135.94111
v 2818.44926 14571.28441 17.56162
v 2628.22337 14466.19750 134.72938
v 2911.66408 14313.55390 815.90275
v 2742.72332 14193.03690 317.55483
v 2861.99275 14097.23744 196.25332
v 3041.68851 14046.21448 317.59061
v 3105.73120 14223.16773 196.42742
v 3177.65891 14371.49316 317.20694
v 3091.12685 14530.65710 197.02000
v 2917.50350 14507.71490 316.40647
v 2735.28928 14519.65372 198.02697
v 2687.17368 14342.85510 315.19474
v 2899.06795 14313.55390 996.36811
v 2832.24104 14186.11215 498.02018
v 2940.07435 14089.36781 376.71868
v 3070.38860 14161.33721 498.05596
v 3091.35298 14293.80958 376.89277
v 3128.15135 14444.17341 497.67229
v 2981.26030 14489.38872 377.48535
v 2856.02022 14481.92364 496.87182
v 2714.42074 14421.78739 378.49233
v 2767.13889 14276.10920 495.66009
v 2913.95030 14313.55390 1176.83346
v 2888.30093 14182.73231 678.48554
v 3001.99209 14140.36227 557.18403
v 3047.05202 14253.26935 678.52132
v 3078.72138 14348.84037 557.35813
v 3036.55589 14458.64566 678.13765
v 2920.98851 14438.14626 557.95071
v 2809.04955 14440.24491 677.33718
v 2764.04301 14333.18728 558.95768
v 2821.00897 14243.70739 676.12544
v 2933.25696 14313.55390 1357.29882
v 2934.63826 14193.45749 858.95089
v 3012.68891 14223.30675 737.64939
v 3017.42085 14302.90890 858.98667
v 3037.87734 14385.58841 737.82348
v 2959.66768 14418.96876 858.60300
v 2889.52728 14402.95415 738.41606
v 2806.69300 14374.71715 857.80253
v 2833.15003 14291.29971 739.42304
v 2861.98220 14225.39993 856.59080
v -12344.24297 -8939.32091 -474.90692
v -12332.87255 -8954.97094 -474.90692
v -12314.47484 -8948.99316 -474.90692
v -12314.47484 -8929.64866 -474.90692
v -12332.87255 -8923.67088 -474.90692
v -12344.24297 -8939.32091 378.71793
v -12332.87255 -8954.97094 378.71793
v -12314.47484 -8948.99316 378.71793
v -12314.47484 -8929.64866 378.71793
v -12332.87255 -8923.67088 378.71793
v -12312.40030 -8939.32091 80.46346
v -12524.91361 -9067.62766 -260.00831
v -12377.50538 -9102.54739 -300.38102
v -12230.41057 -9168.06517 -257.26108
v -12141.22523 -9034.13496 -303.05366
v -12148.82758 -8897.80872 -254.66764
v -12173.26901 -8733.82370 -305.56340
v -12337.65455 -8754.71989 -252.24593
v -12469.62146 -8787.53935 -307.89289
v -12575.46220 -8909.17164 -250.01270
v -12340.10431 -8939.32091 196.67986
v -12428.50010 -9073.52129 -143.79191
v -12318.46088 -9110.80727 -184.16462
v -12176.97235 -9100.41175 -141.04468
v -12177.36494 -8957.48917 -186.83727
v -12164.67675 -8832.93720 -138.45124
v -12267.86163 -8741.91932 -189.34701
v -12385.75564 -8803.50265 -136.02954
v -12518.86249 -8842.43796 -191.67650
v -12507.14725 -8981.10243 -133.79630
v -12350.39809 -8939.32091 312.89625
v -12363.99649 -9058.99864 -27.57552
v -12258.47597 -9101.29752 -67.94823
v -12181.78102 -9013.18093 -24.82829
v -12201.97273 -8909.88864 -70.62087
v -12215.30672 -8789.14718 -22.23485
v -12335.75306 -8795.34222 -73.13061
v -12426.06435 -8834.54448 -19.81314
v -12514.26219 -8916.97495 -75.46010
v -12436.20243 -9010.17544 -17.57991
v -12339.26793 -8939.32091 429.11265
v -12321.46065 -9051.77655 88.64088
v -12221.47772 -9052.44967 48.26817
v -12218.50076 -8952.31361 91.38811
v -12220.99093 -8869.38154 45.59552
v -12284.66013 -8796.29432 93.98155
v -12368.33016 -8844.81966 43.08578
v -12455.57700 -8874.82618 96.40326
v -12460.16555 -8970.41898 40.75629
v -12390.78249 -9023.58972 98.63649
v -12322.98188 -8939.32091 545.32904
v -12285.29767 -9038.10629 204.85727
v -12228.90122 -8989.11252 164.48456
v -12249.32939 -8920.81227 207.60450
v -12257.49548 -8845.10728 161.81192
v -12333.40851 -8841.04972 210.19794
v -12387.40296 -8876.00028 159.30218
v -12448.31093 -8925.10650 212.61965
v -12400.52076 -8987.04985 156.97269
v -12356.10600 -9033.55382 214.85288
v -12317.58434 -8939.32091 661.54544
v -12268.08263 -9002.61803 321.07367
v -12262.72884 -8946.93226 280.70096
v -12271.38344 -8902.23202 323.82090
v -12303.01422 -8856.60453 278.02832
v -12351.24424 -8884.92615 326.41434
v -12396.16552 -8904.97102 275.51857
v -12406.21562 -8957.89982 328.83605
v -12362.35657 -8985.74476 273.18909
v -12322.90798 -9023.25503 331.06928
v 16432.97252 -1887.12619 -178.99593
v 16443.47582 -1901.58274 -178.99593
v 16460.47051 -1896.06083 -178.99593
v 16460.47051 -1878.19155 -178.99593
v 16443.47582 -1872.66964 -178.99593
v 16432.97252 -1887.12619 609.53064
v 16443.47582 -1901.58274 609.53064
v 16460.47051 -1896.06083 609.53064
v 16460.47051 -1878.19155 609.53064
v 16443.47582 -1872.66964 609.53064
v 16435.06535 -1887.12619 334.02136
v 16396.46323 -2058.03737 -15.09292
v 16520.07518 -2055.15677 16.76593
v 16657.72704 -1993.13283 -12.37193
v 16605.17966 -1850.39712 13.99454
v 16572.41284 -1721.25300 -9.55494
v 16436.04545 -1667.91682 11.13681
v 16340.66022 -1772.50291 -6.66142
v 16221.80214 -1859.99931 8.21251
v 16284.11485 -1994.34639 -3.71139
v 16423.54090 -1887.12619 441.37498
v 16455.82455 -2023.12586 92.26070
v 16579.61121 -2026.99507 124.11955
v 16625.18138 -1908.17006 94.98169
v 16565.93249 -1810.00743 121.34816
v 16507.18328 -1691.42625 97.79868
v 16386.23732 -1742.75949 118.49043
v 16308.46045 -1816.61391 100.69220
v 16248.99458 -1933.91694 115.56613
v 16363.69355 -2000.13504 103.64223
v 16435.25054 -1887.12619 548.72860
v 16498.26756 -2003.59171 199.61431
v 16604.24658 -1965.71292 231.47317
v 16568.74471 -1858.68277 202.33530
v 16534.10229 -1771.95378 228.70178
v 16438.57066 -1719.24784 205.15230
v 16368.82963 -1802.85143 225.84405
v 16288.15885 -1868.25427 208.04582
v 16320.20311 -1971.10253 222.91974
v 16414.08924 -2000.54396 210.99585
v 16453.85369 -1887.12619 656.08221
v 16535.39479 -1979.59573 306.96793
v 16578.15915 -1902.33353 338.82678
v 16527.79141 -1834.77260 309.68892
v 16488.03821 -1754.01922 336.05539
v 16402.09921 -1780.28352 312.50592
v 16356.30991 -1840.97845 333.19767
v 16308.58151 -1920.19417 315.39943
v 16386.75556 -1969.60570 330.27336
v 16454.92347 -2003.24139 318.34947
v 16461.25730 -1887.12619 763.43583
v 16547.92788 -1937.12171 414.32155
v 16529.89097 -1867.68731 446.18040
v 16499.80983 -1817.64608 417.04254
v 16441.64339 -1776.59098 443.40901
v 16395.99812 -1831.91553 419.85953
v 16350.69916 -1875.81482 440.55128
v 16361.86650 -1943.99318 422.75305
v 16426.94402 -1958.25004 437.62698
v 16490.95865 -1986.08931 425.70308
v 16455.16013 -1887.12619 870.78945
v 16524.59166 -1895.92186 521.67517
v 16492.68337 -1857.73886 553.53402
v 16469.66126 -1814.88776 524.39616
v 16420.49459 -1823.26978 550.76263
v 16398.75155 -1862.41467 527.21315
v 16370.22974 -1905.74412 547.90490
v 16411.64027 -1936.37905 530.10667
v 16451.85775 -1948.52735 544.98060
v 16503.22511 -1945.27250 533.05670
v -11516.30616 13236.96034 -87.80730
v -11499.24193 13213.47343 -87.80730
v -11471.63141 13222.44463 -87.80730
v -11471.63141 13251.47604 -87.80730
v -11499.24193 13260.44724 -87.80730
v -11516.30616 13236.96034 1193.27673
v -11499.24193 13213.47343 1193.27673
v -11471.63141 13222.44463 1193.27673
v -11471.63141 13251.47604 1193.27673
v -11499.24193 13260.44724 1193.27673
v -11537.71510 13236.96034 745.66906
v -11390.87142 13002.75035 147.05383
v -11170.74080 13075.39480 263.57521
v -11166.88029 13313.56572 147.70790
v -11334.05611 13448.13320 262.72072
v -11513.45819 13618.92221 148.76132
v -11693.16472 13451.04149 261.47018
v -11782.51504 13271.26934 150.20682
v -11811.78443 13026.85604 259.83224
v -11567.61606 12984.04329 152.03438
v -11516.37052 13236.96034 920.08171
v -11324.92864 13060.24983 321.46648
v -11159.06669 13198.05536 437.98785
v -11293.28466 13367.37085 322.12055
v -11412.61780 13500.71154 437.13337
v -11619.19032 13532.81075 323.17397
v -11689.78723 13336.51503 435.88283
v -11792.01423 13165.79741 324.61946
v -11666.76701 13001.73711 434.24488
v -11478.44106 13010.42990 326.44702
v -11480.36451 13236.96034 1094.49435
v -11266.63337 13124.20538 495.87912
v -11239.55361 13296.91909 612.40050
v -11379.08489 13388.36975 496.53319
v -11507.83199 13511.55981 611.54601
v -11649.82250 13404.37765 497.58661
v -11693.77421 13260.42046 610.29547
v -11728.75943 13080.70402 499.03211
v -11549.83760 13041.88158 608.65753
v -11400.23332 13025.60475 500.85967
v -11464.40828 13236.96034 1268.90700
v -11261.15181 13210.43487 670.29177
v -11345.87614 13333.17946 786.81314
v -11440.29728 13409.46369 670.94584
v -11583.16189 13448.17667 785.95866
v -11632.86527 13307.58990 671.99926
v -11690.03724 13189.56314 784.70812
v -11619.62435 13064.37432 673.44475
v -11482.36678 13082.92414 783.07017
v -11337.50226 13074.19028 675.27231
v -11475.85185 13236.96034 1443.31964
v -11322.90277 13277.42536 844.70441
v -11420.03545 13333.64533 961.22579
v -11501.95147 13406.62779 845.35848
v -11599.63675 13350.84493 960.37130
v -11615.42937 13251.09452 846.41190
v -11642.34769 13137.23594 959.12076
v -11530.92043 13104.35657 847.85740
v -11436.31788 13109.72150 957.48282
v -11330.00486 13156.34357 849.68496
v -11494.65650 13236.96034 1617.73229
v -11404.44684 13294.74309 1019.11706
v -11464.56730 13328.49900 1135.63843
v -11543.98109 13357.16741 1019.77113
v -11574.61412 13278.26975 1134.78395
v -11596.82361 13211.62074 1020.82455
v -11566.46333 13135.65007 1133.53341
v -11486.24822 13150.31122 1022.27004
v -11408.09095 13149.07591 1131.89546
v -11377.82249 13224.07885 1024.09760
v -513.91275 -18387.77496 45.25435
v -498.06163 -18409.59215 45.25435
v -472.41399 -18401.25873 45.25435
v -472.41399 -18374.29119 45.25435
v -498.06163 -18365.95777 45.25435
v -513.91275 -18387.77496 1235.26442
v -498.06163 -18409.59215 1235.26442
v -472.41399 -18401.25873 1235.26442
v -472.41399 -18374.29119 1235.26442
v -498.06163 -18365.95777 1235.26442
v -517.47018 -18387.77496 819.47777
v -258.56360 -18504.25471 284.10294
v -142.39331 -18304.85564 352.98512
v -339.45317 -18183.89706 280.65308
v -508.34816 -18093.64145 356.30986
v -727.79250 -18137.17617 277.45921
v -726.73029 -18360.41644 359.36735
v -766.85160 -18569.55026 274.54339
v -580.73839 -18688.51775 362.13644
v -394.60616 -18610.67100 271.92581
v -478.65266 -18387.77496 981.49119
v -217.09524 -18419.29787 446.11635
v -254.10711 -18231.38770 514.99854
v -432.05033 -18189.69132 442.66650
v -610.81849 -18111.28123 518.32328
v -716.67671 -18274.91947 439.47262
v -707.82986 -18439.57453 521.38077
v -676.32287 -18637.66080 436.55681
v -477.61289 -18610.40113 524.14986
v -317.54245 -18570.95307 433.93923
v -460.18212 -18387.77496 1143.50460
v -235.63288 -18326.53099 608.12977
v -373.36045 -18228.90202 677.01196
v -503.36582 -18184.43754 604.67992
v -670.29809 -18198.72462 680.33670
v -668.58109 -18367.50059 601.48604
v -683.56162 -18515.18753 683.39419
v -560.10258 -18620.97013 598.57023
v -421.35770 -18547.97235 686.16328
v -263.93479 -18501.03253 595.95265
v -472.24060 -18387.77496 1305.51802
v -319.08357 -18273.82580 770.14319
v -450.45916 -18250.64052 839.02538
v -571.67588 -18202.53561 766.69334
v -658.01633 -18304.64032 842.35012
v -634.99258 -18422.46080 763.49946
v -618.64156 -18560.56959 845.40761
v -480.81791 -18551.86580 760.58365
v -377.36944 -18507.31533 848.17670
v -277.66115 -18411.92310 757.96607
v -494.90067 -18387.77496 1467.53144
v -410.93643 -18279.23690 932.15661
v -498.69032 -18264.93044 1001.03880
v -607.56585 -18265.31794 928.70676
v -609.78643 -18374.43695 1004.36354
v -607.21920 -18464.99367 925.51288
v -536.84907 -18543.59692 1007.42103
v -446.16239 -18490.36730 922.59707
v -350.93939 -18457.30399 1010.19012
v -347.43825 -18353.06409 919.97949
v -504.57487 -18387.77496 1629.54486
v -467.92058 -18309.20566 1094.17003
v -534.42044 -18288.55541 1163.05221
v -590.32494 -18338.56052 1090.72018
v -569.71525 -18406.89507 1166.37696
v -561.05815 -18483.00446 1087.52630
v -484.70506 -18486.07478 1169.43444
v -430.51195 -18451.15798 1084.61049
v -369.85499 -18401.25708 1172.20354
v -418.46382 -18339.51191 1081.99291
v 8685.04119 9001.28820 -584.38886
v 8694.71600 8987.97196 -584.38886
v 8710.37018 8993.05831 -584.38886
v 8710.37018 9009.51809 -584.38886
v 8694.71600 9014.60444 -584.38886
v 8685.04119 9001.28820 141.94003
v 8694.71600 8987.97196 141.94003
v 8710.37018 8993.05831 141.94003
v 8710.37018 9009.51809 141.94003
v 8694.71600 9014.60444 141.94003
v 8707.70591 9001.28820 -111.83753
v 8887.55124 9046.50248 -407.14741
v 8817.79500 9161.70099 -427.77944
v 8690.20220 9146.33811 -409.79361
v 8553.21220 9155.02729 -425.10214
v 8522.74428 9021.41304 -412.49739
v 8568.28911 8914.78447 -422.37655
v 8636.86277 8791.53690 -415.24006
v 8761.54643 8857.45541 -419.62153
v 8857.76820 8922.10823 -418.00266
v 8721.20649 9001.28820 -12.95179
v 8856.58199 9105.72447 -308.26167
v 8739.35604 9137.74464 -328.89370
v 8640.47401 9135.72206 -310.90787
v 8531.12411 9084.85834 -326.21640
v 8573.94326 8971.15915 -313.61165
v 8600.26656 8867.59858 -323.49081
v 8709.85693 8826.54325 -316.35432
v 8785.65580 8910.14863 -320.73579
v 8880.51615 8980.74433 -319.11692
v 8712.97467 9001.28820 85.93395
v 8790.07337 9124.73572 -209.37593
v 8692.37453 9107.42970 -230.00796
v 8595.41800 9110.12465 -212.02213
v 8561.13557 9016.76964 -227.33066
v 8607.26874 8940.32573 -214.72591
v 8653.91406 8848.00559 -224.60507
v 8747.98525 8889.23544 -217.46858
v 8808.89820 8946.74303 -221.85005
v 8854.23198 9038.81752 -220.23118
v 8695.97486 9001.28820 184.81969
v 8728.69638 9102.35734 -110.49019
v 8660.48023 9089.35171 -131.12222
v 8580.70258 9059.90840 -113.13639
v 8608.29756 8979.25361 -128.44492
v 8634.43399 8913.50015 -115.84017
v 8707.11570 8874.67585 -125.71933
v 8759.39612 8938.01781 -118.58284
v 8820.40576 8987.77879 -122.96431
v 8795.05704 9065.19675 -121.34544
v 8687.51745 9001.28820 283.70543
v 8694.56327 9070.52279 -11.60445
v 8635.63318 9067.63821 -32.23648
v 8605.66484 9011.59417 -14.25065
v 8641.92317 8963.19155 -29.55918
v 8670.92681 8905.12783 -16.95443
v 8732.59182 8924.86788 -26.83359
v 8765.58179 8968.40521 -19.69710
v 8799.36310 9025.74710 -24.07857
v 8742.73347 9060.76997 -22.45970
v 8691.79836 9001.28820 382.59117
v 8678.30686 9048.40204 87.28129
v 8632.59514 9034.04878 66.64926
v 8645.08767 8988.08013 84.63509
v 8664.96429 8954.80197 69.32656
v 8703.84945 8928.05660 81.93131
v 8733.83653 8964.94891 72.05215
v 8763.96948 8994.18372 79.18864
v 8755.91139 9039.29434 74.80717
v 8712.82952 9048.60510 76.42604
v -13110.47840 -797.53113 -573.63636
v -13097.63218 -815.21243 -573.63636
v -13076.84657 -808.45878 -573.63636
v -13076.84657 -786.60349 -573.63636
v -13097.63218 -779.84983 -573.63636
v -13110.47840 -797.53113 390.78310
v -13097.63218 -815.21243 390.78310
v -13076.84657 -808.45878 390.78310
v -13076.84657 -786.60349 390.78310
v -13097.63218 -779.84983 390.78310
v -13057.98272 -797.53113 53.81727
v -12920.28718 -564.82279 -309.91999
v -13105.53440 -580.29999 -395.34754
v -13246.56503 -635.07386 -310.92096
v -13377.01871 -765.52230 -394.20054
v -13255.84879 -906.44551 -312.21200
v -13163.70118 -1041.45244 -392.76768
v -12984.68684 -1042.96373 -313.78421
v -12919.61961 -883.06498 -391.05886
v -12820.33733 -731.86240 -315.62669
v -13070.07059 -797.53113 185.11775
v -13024.26710 -567.06037 -178.61951
v -13158.68946 -644.97757 -264.04706
v -13302.75953 -693.07476 -179.62047
v -13303.06136 -848.80810 -262.90006
v -13194.15243 -936.48555 -180.91152
v -13075.96526 -1047.24190 -261.46720
v -12959.72525 -936.08066 -182.48372
v -12901.00142 -818.77940 -259.75838
v -12883.75548 -658.99560 -184.32621
v -13096.85091 -797.53113 316.41823
v -13102.89033 -627.46548 -47.31903
v -13199.35564 -685.07906 -132.74658
v -13304.27349 -774.09038 -48.31999
v -13217.58476 -881.36684 -131.59958
v -13141.38016 -966.80416 -49.61104
v -13009.37233 -985.48877 -130.16672
v -12965.05423 -860.21080 -51.18324
v -12899.93393 -750.73143 -128.45790
v -12981.41280 -647.12835 -53.02573
v -13111.47014 -797.53113 447.71871
v -13139.37500 -689.63427 83.98145
v -13231.75385 -728.57281 -1.44610
v -13246.93402 -835.48625 82.98049
v -13160.86059 -891.61748 -0.29910
v -13080.73768 -967.39576 81.68944
v -12993.81406 -899.96044 1.13376
v -12966.52423 -811.24872 80.11724
v -12946.01427 -700.04221 2.84258
v -13056.80731 -677.13558 78.27476
v -13105.24067 -797.53113 579.01919
v -13157.57115 -729.05779 215.28193
v -13227.65086 -782.80379 129.85438
v -13176.96440 -854.50448 214.28097
v -13121.51325 -899.56383 131.00138
v -13037.27710 -921.29674 212.98992
v -13008.67140 -838.46233 132.43425
v -12974.97310 -768.79504 211.41772
v -13017.43881 -695.77721 134.14306
v -13097.92197 -706.88567 209.57524
v -13091.25804 -797.53113 710.31967
v -13166.28004 -761.02591 346.58241
v -13183.03737 -820.02508 261.15486
v -13130.34615 -850.19893 345.58145
v -13085.66297 -889.72238 262.30186
v -13033.09639 -858.70406 344.29040
v -13024.54727 -804.77238 263.73473
v -13010.43291 -742.87367 342.71820
v -13071.11191 -725.73036 265.44354
v -13122.42693 -728.49202 340.87572
v 11274.06291 -9152.69612 -453.13919
v 11292.07989 -9177.49437 -453.13919
v 11321.23198 -9168.02228 -453.13919
v 11321.23198 -9137.36996 -453.13919
v 11292.07989 -9127.89787 -453.13919
v 11274.06291 -9152.69612 899.47150
v 11292.07989 -9177.49437 899.47150
v 11321.23198 -9168.02228 899.47150
v 11321.23198 -9137.36996 899.47150
v 11292.07989 -9127.89787 899.47150
v 11335.38854 -9152.69612 426.87258
v 11275.08040 -8765.41398 -98.85390
v 11114.21951 -8958.15677 -189.90251
v 10922.19308 -9110.98300 -95.44303
v 11008.01959 -9347.52803 -193.14998
v 11221.90358 -9420.26668 -92.36456
v 11462.65736 -9522.89471 -196.05413
v 11577.50143 -9289.76689 -89.63976
v 11601.64344 -9079.18657 -198.59486
v 11539.29116 -8827.10567 -87.28749
v 11291.92707 -9152.69612 611.02319
v 11186.58479 -8894.69389 85.29672
v 11069.37659 -9038.92439 -5.75189
v 10956.84298 -9236.73380 88.70758
v 11152.38134 -9354.24947 -8.99937
v 11319.24326 -9443.77841 91.78606
v 11534.95041 -9397.93907 -11.90352
v 11532.75659 -9178.15002 94.51085
v 11571.84510 -8971.10998 -14.44425
v 11386.48510 -8856.34703 96.86312
v 11266.66961 -9152.69612 795.17381
v 11160.67024 -9007.30635 269.44733
v 11035.18317 -9123.95448 178.39872
v 11073.46620 -9304.49016 272.85819
v 11244.54328 -9344.16298 175.15124
v 11417.58090 -9418.86448 275.93667
v 11517.61041 -9259.66423 172.24709
v 11509.43490 -9101.25327 278.66146
v 11477.19253 -8910.70209 169.70636
v 11285.90066 -8938.85453 281.01373
v 11276.17127 -9152.69612 979.32442
v 11147.25934 -9077.67757 453.59794
v 11062.18578 -9211.41754 362.54933
v 11191.76516 -9301.10686 457.00881
v 11312.98205 -9342.94845 359.30185
v 11468.37308 -9327.74863 460.08728
v 11465.62295 -9170.49124 356.39771
v 11479.56181 -9032.29865 462.81208
v 11363.03146 -8935.32959 353.85698
v 11234.17872 -9003.58804 465.16435
v 11301.36228 -9152.69612 1163.47503
v 11139.70270 -9135.59574 637.74855
v 11148.44345 -9254.69143 546.69994
v 11264.95933 -9274.70053 641.15942
v 11373.07073 -9317.15619 543.45247
v 11448.50500 -9225.32953 644.23789
v 11428.13484 -9120.98216 540.54832
v 11412.62432 -8998.34780 646.96269
v 11290.19857 -9007.50413 538.00759
v 11198.18841 -9046.81448 649.31496
v 11314.58167 -9152.69612 1347.62564
v 11168.70816 -9185.39069 821.89917
v 11235.41700 -9241.67623 730.85056
v 11307.13574 -9253.55059 825.31003
v 11396.22828 -9252.30742 727.60308
v 11397.21841 -9162.95208 828.38851
v 11395.22863 -9088.62996 724.69893
v 11336.79307 -9025.11906 831.11330
v 11262.92117 -9068.98720 722.15820
v 11184.81851 -9096.37526 833.46557
v -2291.25963 15200.45879 -359.77292
v -2278.05352 15182.28213 -359.77292
v -2256.68557 15189.22500 -359.77292
v -2256.68557 15211.69259 -359.77292
v -2278.05352 15218.63545 -359.77292
v -2291.25963 15200.45879 631.66574
v -2278.05352 15182.28213 631.66574
v -2256.68557 15189.22500 631.66574
v -2256.68557 15211.69259 631.66574
v -2278.05352 15218.63545 631.66574
v -2279.08071 15200.45879 285.25946
v -2436.93039 15372.23938 -141.59906
v -2488.14271 15223.88947 -125.89443
v -2520.13262 15034.39154 -137.86843
v -2330.99361 14997.79200 -129.64577
v -2172.70607 14975.08946 -134.10287
v -2014.86913 15073.91169 -133.41904
v -2080.25142 15247.62458 -130.32841
v -2109.19481 15423.17799 -137.18816
v -2289.46275 15460.54117 -126.57116
v -2301.07841 15200.45879 420.23846
v -2428.49489 15277.17978 -6.62007
v -2495.81814 15145.26162 9.08457
v -2411.21769 15010.00861 -2.88943
v -2260.53810 15028.50278 5.33323
v -2097.88349 15019.13369 0.87613
v -2063.84565 15178.05952 1.55995
v -2117.43975 15304.27087 4.65059
v -2200.10373 15449.44732 -2.20916
v -2347.09397 15369.88494 8.40783
v -2293.55333 15200.45879 555.21746
v -2423.39074 15216.57948 128.35893
v -2453.80910 15078.31396 144.06357
v -2317.62074 15042.74865 132.08956
v -2203.10280 15044.76735 140.31223
v -2077.38195 15105.11126 135.85513
v -2127.85193 15236.21095 136.53895
v -2158.48063 15356.42616 139.62959
v -2285.95014 15402.09579 132.76984
v -2373.15482 15305.36245 143.38683
v -2270.99860 15200.45879 690.19645
v -2419.00670 15163.92584 263.33793
v -2373.00080 15061.80171 279.04257
v -2263.90303 15081.64633 267.06856
v -2154.99102 15079.01015 275.29122
v -2118.05972 15184.18046 270.83413
v -2169.56885 15269.56948 271.51795
v -2222.67772 15372.63419 274.60858
v -2327.60231 15325.19109 267.74884
v -2396.02932 15260.96173 278.36583
v -2257.44972 15200.45879 825.17545
v -2386.36773 15123.34964 398.31693
v -2302.96453 15092.82436 414.02156
v -2230.26833 15106.49795 402.04756
v -2145.54215 15138.77206 410.27022
v -2175.77323 15224.52868 405.81312
v -2203.60736 15294.87591 406.49695
v -2281.62350 15335.19431 409.58758
v -2336.92836 15267.48745 402.72783
v -2402.02740 15214.05705 413.34483
v -2261.35350 15200.45879 960.15445
v -2330.56213 15119.83186 533.29592
v -2267.30546 15132.51734 549.00056
v -2209.18525 15135.43338 537.02656
v -2180.52436 15190.95248 545.24922
v -2216.17094 15238.32435 540.79212
v -2245.07665 15295.34427 541.47594
v -2305.50849 15275.12021 544.56658
v -2337.98179 15232.45954 537.70683
v -2370.62261 15175.76650 548.32382
v -9173.49520 -13584.52199 -34.28919
v -9163.93450 -13597.68117 -34.28919
v -9148.46496 -13592.65481 -34.28919
v -9148.46496 -13576.38917 -34.28919
v -9163.93450 -13571.36281 -34.28919
v -9173.49520 -13584.52199 683.47288
v -9163.93450 -13597.68117 683.47288
v -9148.46496 -13592.65481 683.47288
v -9148.46496 -13576.38917 683.47288
v -9163.93450 -13571.36281 683.47288
v -9183.78876 -13584.52199 432.68854
v -9304.09711 -13569.12662 99.45321
v -9319.11609 -13691.73721 160.05407
v -9214.15078 -13773.51107 100.56176
v -9101.38425 -13715.92737 158.84261
v -8971.26663 -13676.74941 101.87403
v -8990.05049 -13542.49810 157.43181
v -9068.13679 -13458.94059 103.38093
v -9174.42295 -13368.83799 155.83141
v -9266.83367 -13473.21283 105.07205
v -9177.93508 -13584.52199 530.40796
v -9285.68108 -13615.87152 197.17262
v -9269.59822 -13735.67109 257.77348
v -9149.95777 -13724.32441 198.28118
v -9058.70113 -13689.17833 256.56203
v -8975.53500 -13603.97342 199.59344
v -9054.39539 -13513.60251 255.15122
v -9114.15573 -13426.15249 201.10035
v -9229.76155 -13426.84254 253.55083
v -9271.38267 -13529.95689 202.79147
v -9158.64524 -13584.52199 628.12737
v -9270.30882 -13659.22094 294.89204
v -9201.29189 -13729.93384 355.49290
v -9116.88629 -13680.48706 296.00059
v -9025.83428 -13649.72615 354.28144
v -9027.04323 -13551.40070 297.31286
v -9095.55834 -13496.22078 352.87064
v -9170.74598 -13426.87706 298.81976
v -9243.34484 -13497.93212 351.27024
v -9280.62064 -13571.85744 300.51088
v -9146.04240 -13584.52199 725.84679
v -9234.56457 -13687.91093 392.61145
v -9152.28542 -13687.98119 453.21231
v -9093.36472 -13652.98836 393.72001
v -9029.88363 -13597.98674 452.00085
v -9083.43463 -13532.95990 395.03227
v -9130.00458 -13480.58175 450.59005
v -9210.70657 -13470.27767 396.53918
v -9237.32767 -13546.76866 448.98966
v -9277.00741 -13613.94676 398.23029
v -9148.81051 -13584.52199 823.56620
v -9187.02195 -13680.77239 490.33087
v -9131.67333 -13646.99648 550.93173
v -9077.80726 -13624.21398 491.43942
v -9069.88174 -13561.92152 549.72027
v -9119.86086 -13529.48256 492.75169
v -9166.80090 -13485.61187 548.30946
v -9216.88464 -13525.53142 494.25859
v -9232.84073 -13576.99813 546.70907
v -9244.11913 -13641.77049 495.94971
v -9158.87935 -13584.52199 921.28561
v -9155.12749 -13646.47051 588.05028
v -9124.11936 -13621.08903 648.65114
v -9086.78147 -13591.94574 589.15884
v -9114.39988 -13553.78303 647.43968
v -9144.07978 -13529.52707 590.47110
v -9189.33480 -13518.43921 646.02888
v -9204.33438 -13562.90916 591.97801
v -9222.43010 -13600.38639 644.42848
v -9199.10850 -13639.18723 593.66912
v 17167.22263 4132.30380 -72.46510
v 17182.75003 4110.93217 -72.46510
v 17207.87389 4119.09541 -72.46510
v 17207.87389 4145.51220 -72.46510
v 17182.75003 4153.67543 -72.46510
v 17167.22263 4132.30380 1093.24200
v 17182.75003 4110.93217 1093.24200
v 17207.87389 4119.09541 1093.24200
v 17207.87389 4145.51220 1093.24200
v 17182.75003 4153.67543 1093.24200
v 17155.49801 4132.30380 685.94675
v 16988.30714 3996.34903 151.06847
v 17093.43638 3796.10438 238.95755
v 17296.44002 3892.80710 148.62760
v 17434.28613 4013.12972 241.24217
v 17525.79517 4216.24642 146.50316
v 17329.20730 4324.48931 243.20273
v 17168.06422 4439.85267 144.70986
v 16965.31483 4364.46890 244.82567
v 16958.31693 4156.52870 143.26010
v 17191.63548 4132.30380 844.65145
v 17039.66863 3925.23058 309.77317
v 17210.28891 3843.32969 397.66225
v 17329.67940 3987.73159 307.33230
v 17473.30075 4102.87836 399.94687
v 17406.54804 4278.99530 305.20787
v 17247.03229 4333.27826 401.90744
v 17066.20867 4408.66293 303.41457
v 16982.25306 4233.13690 403.53037
v 16963.73718 4075.64585 301.96480
v 17216.64126 4132.30380 1003.35615
v 17120.60148 3889.26895 468.47787
v 17273.60904 3944.97304 556.36695
v 17359.39856 4050.00962 466.03700
v 17440.08802 4195.33793 558.65158
v 17296.40752 4279.88539 463.91257
v 17174.28844 4345.65582 560.61214
v 17017.26820 4310.04704 462.11927
v 17019.68548 4149.78244 562.23507
v 16991.50656 3997.96923 460.66950
v 17212.23994 4132.30380 1162.06085
v 17204.86529 3924.89621 627.18257
v 17288.85124 4030.27968 715.07165
v 17377.77716 4113.14446 624.74170
v 17348.85806 4240.40473 717.35628
v 17228.16765 4268.11763 622.61727
v 17105.26374 4320.31422 719.31684
v 17035.93447 4206.68858 620.82397
v 17041.46084 4094.84030 720.93978
v 17065.60147 3960.34922 619.37420
v 17191.45151 4132.30380 1320.76556
v 17247.18363 4004.60485 785.88727
v 17293.23397 4082.33330 873.77635
v 17349.78197 4172.92250 783.44640
v 17261.78466 4232.39628 876.06098
v 17180.17263 4260.82295 781.32197
v 17075.75397 4249.31942 878.02154
v 17078.36585 4143.53934 779.52867
v 17069.01423 4050.17565 879.64448
v 17148.40456 3986.02848 778.07890
v 17178.37070 4132.30380 1479.47026
v 17247.68328 4072.86057 944.59197
v 17289.69853 4122.30546 1032.48105
v 17283.24959 4196.10053 942.15110
v 17211.03226 4208.16894 1034.76568
v 17143.64090 4234.34497 940.02667
v 17097.59755 4176.64550 1036.72624
v 17110.18603 4112.05135 938.23337
v 17120.43573 4035.95396 1038.34918
v 17196.43042 4042.51639 936.78361
v -16044.53646 8870.68671 118.05332
v -16027.25547 8846.90147 118.05332
v -15999.29424 8855.98663 118.05332
v -15999.29424 8885.38680 118.05332
v -16027.25547 8894.47195 118.05332
v -16044.53646 8870.68671 1415.40976
v -16027.25547 8846.90147 1415.40976
v -15999.29424 8855.98663 1415.40976
v -15999.29424 8885.38680 1415.40976
v -16027.25547 8894.47195 1415.40976
v -16017.03796 8870.68671 962.11655
v -16109.18369 8555.31789 418.19154
v -15867.67205 8531.68707 414.35453
v -15787.35984 8758.10263 413.25233
v -15665.00055 8959.93519 419.29184
v -15822.83194 9142.71055 408.32547
v -16038.82630 9137.95920 424.19972
v -16289.76243 9149.25559 403.44504
v -16313.71120 8900.93186 429.04425
v -16266.77043 8703.10141 398.64479
v -15984.15801 8870.68671 1138.74459
v -15995.33396 8539.93769 594.81958
v -15831.75196 8677.48227 590.98258
v -15773.25016 8845.59937 589.88037
v -15739.17050 9061.09927 595.91988
v -15954.37506 9100.67733 584.95352
v -16134.54431 9126.80810 600.82777
v -16312.11800 9012.23430 580.07309
v -16237.00789 8815.72207 605.67230
v -16203.42542 8615.85974 575.27283
v -15988.95142 8870.68671 1315.37264
v -15903.75047 8613.51703 771.44763
v -15845.76333 8786.82465 767.61062
v -15771.01125 8933.74203 766.50842
v -15867.03151 9082.41579 772.54793
v -16033.67090 9061.59640 761.58156
v -16214.51568 9070.93839 777.45581
v -16249.99830 8893.94646 756.70113
v -16190.94590 8754.02846 782.30034
v -16097.65060 8593.92097 751.90088
v -16017.02431 8870.68671 1492.00068
v -15880.25409 8727.92140 948.07567
v -15856.60485 8854.39789 944.23867
v -15825.19198 9003.20646 943.13646
v -15971.96182 9039.79929 949.17597
v -16095.02741 9037.97441 938.20961
v -16229.10468 8971.59193 954.08386
v -16173.95292 8831.35108 933.32918
v -16140.86987 8701.87896 958.92839
v -16003.33251 8654.83071 928.52893
v -16037.02200 8870.68671 1668.62873
v -15903.87283 8815.13568 1124.70372
v -15869.08921 8909.15626 1120.86672
v -15917.54420 9012.84189 1119.76451
v -16028.75015 8992.09785 1125.80402
v -16140.42591 8994.38555 1114.83765
v -16176.68257 8886.25070 1130.71191
v -16124.19147 8799.17142 1109.95722
v -16069.00055 8694.15790 1135.55644
v -15962.18263 8743.94292 1105.15697
v -16034.55408 8870.68671 1845.25677
v -15930.96504 8861.99944 1301.33176
v -15912.18731 8944.17736 1297.49476
v -15991.24264 8971.97442 1296.39255
v -16059.70863 8959.27594 1302.43206
v -16139.20716 8928.03381 1291.46570
v -16109.97352 8847.46801 1307.33995
v -16083.77136 8780.95919 1286.58527
v -16009.78412 8743.99620 1312.18448
v -15958.08362 8807.93746 1281.78502
v 3960.03547 -11859.38925 -556.34025
v 3970.79377 -11874.19677 -556.34025
v 3988.20105 -11868.54080 -556.34025
v 3988.20105 -11850.23771 -556.34025
v 3970.79377 -11844.58174 -556.34025
v 3960.03547 -11859.38925 251.32989
v 3970.79377 -11874.19677 251.32989
v 3988.20105 -11868.54080 251.32989
v 3988.20105 -11850.23771 251.32989
v 3970.79377 -11844.58174 251.32989
v 4000.97265 -11859.38925 -30.86811
v 4073.24762 -12076.27846 -339.31958
v 4149.63253 -11943.37857 -402.79555
v 4147.70177 -11815.72358 -340.95116
v 4117.66374 -11662.15111 -401.05700
v 3962.93800 -11688.41200 -342.79368
v 3835.12415 -11715.11649 -399.11370
v 3743.66315 -11835.98107 -344.83439
v 3842.59707 -11949.90723 -396.97910
v 3914.37602 -12076.30356 -347.05919
v 3998.05385 -11859.38925 79.09180
v 4120.19941 -12007.60929 -229.35967
v 4116.56123 -11873.48192 -292.83564
v 4131.12961 -11753.33497 -230.99125
v 4027.47566 -11674.96978 -291.09709
v 3917.78739 -11731.28134 -232.83377
v 3790.70846 -11770.36717 -289.15379
v 3810.79535 -11901.36990 -234.87448
v 3886.74858 -11983.00325 -287.01919
v 3991.40167 -12069.94021 -237.09928
v 3977.50371 -11859.38925 189.05171
v 4111.98946 -11924.89736 -119.39976
v 4095.94264 -11828.61688 -182.87573
v 4079.61918 -11714.40278 -121.03134
v 3965.51047 -11726.50460 -181.13718
v 3878.28706 -11759.81734 -122.87386
v 3800.00957 -11841.99905 -179.19388
v 3875.79142 -11927.59016 -124.91457
v 3933.04561 -12011.24793 -177.05928
v 4043.29485 -12008.99836 -127.13937
v 3961.66770 -11859.38925 299.01162
v 4077.33044 -11869.36775 -9.43985
v 4077.67725 -11789.50511 -72.91582
v 4013.09182 -11725.14796 -11.07143
v 3935.53698 -11771.05008 -71.17726
v 3851.33894 -11799.84463 -12.91395
v 3853.74539 -11890.67214 -69.23397
v 3916.81488 -11941.49931 -14.95466
v 3986.80391 -12005.01014 -67.09937
v 4053.14180 -11938.57373 -17.17946
v 3962.61807 -11859.38925 408.97153
v 4050.07864 -11840.19678 100.52007
v 4040.97004 -11767.91589 37.04409
v 3968.55137 -11768.77676 98.88848
v 3916.73044 -11799.37581 38.78265
v 3861.44812 -11848.29898 97.04597
v 3909.05699 -11905.04298 40.72594
v 3950.03899 -11951.27320 95.00525
v 4021.05944 -11959.35560 42.86054
v 4044.08360 -11892.12354 92.78046
v 3973.34147 -11859.38925 518.93144
v 4029.53714 -11822.31624 210.47998
v 3997.24434 -11781.33559 147.00400
v 3952.62388 -11808.97267 208.84840
v 3908.85133 -11827.55608 148.74256
v 3903.16053 -11878.13099 207.00588
v 3943.60233 -11904.26314 150.68586
v 3981.92841 -11939.65156 204.96516
v 4022.13844 -11906.73426 152.82046
v 4035.14448 -11865.11734 202.74037
v 5350.72025 12076.80708 -539.83765
v 5361.79306 12061.56666 -539.83765
v 5379.70925 12067.38799 -539.83765
v 5379.70925 12086.22618 -539.83765
v 5361.79306 12092.04751 -539.83765
v 5350.72025 12076.80708 291.44505
v 5361.79306 12061.56666 291.44505
v 5379.70925 12067.38799 291.44505
v 5379.70925 12086.22618 291.44505
v 5361.79306 12092.04751 291.44505
v 5393.36379 12076.80708 0.99688
v 5588.06894 11970.50087 -315.82685
v 5529.48128 12118.42152 -383.96604
v 5496.85761 12258.17252 -314.47668
v 5349.53828 12303.31589 -385.19601
v 5250.25613 12195.99389 -313.36904
v 5124.59925 12100.78814 -386.17942
v 5200.23813 11963.03584 -312.51157
v 5318.03138 11902.98928 -386.90946
v 5469.94883 11848.70435 -311.91021
v 5369.04965 12076.80708 114.17151
v 5549.52104 12058.87814 -202.65222
v 5491.15018 12161.98158 -270.79141
v 5424.99957 12285.41843 -201.30205
v 5299.92576 12224.12534 -272.02138
v 5214.33592 12149.83698 -200.19441
v 5159.28668 12023.54995 -273.00478
v 5281.32044 11957.49773 -199.33694
v 5381.42361 11885.93842 -273.73483
v 5506.19740 11934.39123 -198.73558
v 5349.26524 12076.80708 227.34615
v 5490.88209 12108.79827 -89.47758
v 5456.94565 12203.03605 -157.61678
v 5353.17868 12251.08215 -88.12742
v 5281.54920 12163.65087 -158.84674
v 5194.73603 12093.51765 -87.01977
v 5236.63163 11987.54585 -159.83015
v 5332.79404 11954.78791 -86.16231
v 5442.56318 11910.06272 -160.56019
v 5492.14684 12016.86221 -85.56095
v 5349.64022 12076.80708 340.52078
v 5450.21763 12134.18631 23.69705
v 5406.30470 12219.50017 -44.44214
v 5317.09552 12185.72926 25.04721
v 5266.80070 12124.46802 -45.67211
v 5220.49896 12038.97253 26.15486
v 5305.02849 11990.26879 -46.65552
v 5376.61086 11951.58010 27.01233
v 5468.12911 11973.65472 -47.38556
v 5466.25167 12067.23389 27.61368
v 5363.51076 12076.80708 453.69541
v 5420.96888 12152.98980 136.87168
v 5357.54759 12192.17231 68.73249
v 5311.19872 12133.21662 138.22185
v 5261.55215 12086.82815 67.50252
v 5278.69264 12016.15859 139.32949
v 5345.77660 12000.89818 66.51912
v 5414.55587 11972.17747 140.18696
v 5452.39810 12036.05940 65.78907
v 5449.46498 12098.28962 140.78832
v 5373.85596 12076.80708 566.87004
v 5388.16816 12154.64572 250.04632
v 5336.88622 12141.98899 181.90712
v 5313.25857 12102.19088 251.39648
v 5284.60352 12055.39288 180.67715
v 5330.17130 12025.32059 252.50413
v 5372.08625 12010.59085 179.69375
v 5425.59565 12017.15334 253.36159
v 5423.87088 12071.41890 178.96370
v 5428.64974 12119.53103 253.96295
v -13210.61078 -5746.30699 -440.70386
v -13193.11499 -5770.38787 -440.70386
v -13164.80621 -5761.18979 -440.70386
v -13164.80621 -5731.42418 -440.70386
v -13193.11499 -5722.22610 -440.70386
v -13210.61078 -5746.30699 872.77844
v -13193.11499 -5770.38787 872.77844
v -13164.80621 -5761.18979 872.77844
v -13164.80621 -5731.42418 872.77844
v -13193.11499 -5722.22610 872.77844
v -13181.09531 -5746.30699 413.85089
v -12861.55414 -5662.87737 -134.71311
v -13025.72444 -5523.00627 -147.82736
v -13215.89005 -5353.22133 -129.75442
v -13391.50622 -5536.10240 -152.75478
v -13491.49359 -5716.55956 -124.86678
v -13506.79950 -5966.87066 -157.59419
v -13256.89345 -6003.64644 -120.08399
v -13041.05099 -6063.52826 -162.31210
v -12857.93302 -5902.79121 -115.43911
v -13217.86323 -5746.30699 592.67439
v -12988.43349 -5610.98711 44.11039
v -13108.05365 -5467.71090 30.99614
v -13320.39502 -5449.91174 49.06907
v -13389.91429 -5648.72706 26.06871
v -13497.06518 -5826.96458 53.95671
v -13356.01503 -5985.69518 21.22931
v -13166.75395 -5981.59192 58.73951
v -12946.02789 -5989.74270 16.51139
v -12927.47497 -5771.11053 63.38438
v -13218.22378 -5746.30699 771.49788
v -13072.20014 -5587.41876 222.93388
v -13207.94816 -5462.10762 209.81963
v -13347.00042 -5582.08399 227.89257
v -13397.52090 -5726.08913 204.89221
v -13424.81966 -5911.28927 232.78021
v -13239.78079 -5943.57014 200.05280
v -13084.77080 -5966.28512 237.56300
v -12933.82027 -5865.93875 195.33489
v -12998.99765 -5697.92637 242.20787
v -13191.83005 -5746.30699 950.32138
v -13135.11883 -5564.01359 401.75738
v -13282.74510 -5533.56309 388.64313
v -13329.90322 -5677.67617 406.71606
v -13392.03800 -5800.20585 383.71570
v -13310.48518 -5922.54924 411.60370
v -13172.48790 -5905.02352 378.87630
v -13021.93827 -5911.88843 416.38650
v -12994.35284 -5764.31648 374.15838
v -13043.06950 -5648.15221 421.03137
v -13169.69265 -5746.30699 1129.14487
v -13199.69394 -5569.80564 580.58087
v -13295.84158 -5634.45668 567.46662
v -13314.59272 -5734.23291 585.53956
v -13338.43797 -5852.21389 562.53920
v -13221.92592 -5879.90467 590.42720
v -13124.48043 -5878.72933 557.69979
v -13019.15929 -5824.96021 595.20999
v -13063.52895 -5714.44231 552.98188
v -13089.86946 -5611.71197 599.85486
v -13169.46801 -5746.30699 1307.96837
v -13241.35039 -5624.52949 759.40437
v -13269.68896 -5706.44592 746.29012
v -13295.18888 -5775.17675 764.36305
v -13258.82609 -5850.23704 741.36269
v -13177.98662 -5834.79231 769.25069
v -13096.32429 -5836.15098 736.52329
v -13070.98537 -5756.87298 774.03349
v -13109.12849 -5693.53288 731.80537
v -13150.02674 -5617.23771 778.67836
v 14675.68115 -5044.75175 -610.94962
v 14690.82592 -5065.59674 -610.94962
v 14715.33067 -5057.63466 -610.94962
v 14715.33067 -5031.86884 -610.94962
v 14690.82592 -5023.90676 -610.94962
v 14675.68115 -5044.75175 526.03199
v 14690.82592 -5065.59674 526.03199
v 14715.33067 -5057.63466 526.03199
v 14715.33067 -5031.86884 526.03199
v 14690.82592 -5023.90676 526.03199
v 14665.11544 -5044.75175 128.77335
v 14835.74101 -4850.66683 -391.82239
v 14674.68610 -4757.35071 -310.89248
v 14469.67786 -4813.28851 -389.03073
v 14472.53884 -5023.31168 -313.81930
v 14433.10971 -5226.92603 -385.97382
v 14619.52503 -5327.39165 -317.00101
v 14795.42189 -5258.82817 -382.67280
v 15004.98555 -5190.98453 -320.41562
v 14947.60268 -4979.82532 -379.15051
v 14663.97835 -5044.75175 283.56724
v 14750.43071 -4852.79344 -237.02851
v 14576.38548 -4780.14191 -156.09860
v 14485.03557 -4943.87261 -234.23685
v 14486.99716 -5099.65544 -159.02541
v 14525.64839 -5286.81453 -231.17994
v 14714.39684 -5252.99749 -162.20713
v 14870.99964 -5220.51871 -227.87892
v 14980.63131 -5071.44772 -165.62174
v 14859.31406 -4933.14303 -224.35662
v 14690.70110 -5044.75175 438.36112
v 14681.37818 -4845.97972 -82.23463
v 14524.08905 -4869.20257 -1.30471
v 14529.48646 -5029.05361 -79.44297
v 14512.23779 -5172.93562 -4.23153
v 14637.29463 -5264.66287 -76.38606
v 14767.69042 -5197.38546 -7.41325
v 14919.34552 -5149.73548 -73.08504
v 14893.30346 -4993.53644 -10.82786
v 14803.01726 -4896.05530 -69.56274
v 14714.87684 -5044.75175 593.15500
v 14615.57109 -4866.56443 72.55925
v 14540.08125 -4970.35666 153.48917
v 14558.46775 -5081.30086 75.35092
v 14578.46831 -5213.12286 150.56235
v 14710.22246 -5197.68171 78.40783
v 14811.17273 -5159.44602 147.38063
v 14900.34133 -5063.49258 81.70884
v 14812.19459 -4965.34633 143.96602
v 14745.76600 -4868.45539 85.23114
v 14716.61275 -5044.75175 747.94888
v 14584.13745 -4930.38492 227.35314
v 14585.90211 -5034.53210 308.28305
v 14585.43793 -5122.62525 230.14480
v 14657.41460 -5192.37234 305.35623
v 14742.30486 -5141.62736 233.20171
v 14835.04796 -5109.51157 302.17452
v 14830.98438 -5009.57876 236.50273
v 14761.82739 -4953.79539 298.75991
v 14684.22210 -4884.52318 240.02502
v 14702.67330 -5044.75175 902.74276
v 14603.62876 -5000.58450 382.14702
v 14622.09824 -5064.73629 463.07693
v 14631.83324 -5138.06974 384.93868
v 14705.32504 -5136.26557 460.15011
v 14757.88989 -5105.41046 387.99559
v 14813.38881 -5055.23684 456.96840
v 14764.59767 -4998.14157 391.29661
v 14723.00121 -4951.08875 453.55379
v 14650.93860 -4943.88911 394.81891
v -7785.62015 14276.23605 -478.20760
v -7776.15293 14263.20554 -478.20760
v -7760.83464 14268.18275 -478.20760
v -7760.83464 14284.28935 -478.20760
v -7776.15293 14289.26656 -478.20760
v -7785.62015 14276.23605 232.53642
v -7776.15293 14263.20554 232.53642
v -7760.83464 14268.18275 232.53642
v -7760.83464 14284.28935 232.53642
v -7776.15293 14289.26656 232.53642
v -7796.13182 14276.23605 -15.79583
v -7783.58112 14419.14559 -346.17667
v -7919.26660 14425.31545 -284.41205
v -7940.63336 14291.99040 -346.97411
v -7900.83612 14187.08525 -283.72282
v -7828.46947 14070.01398 -347.55393
v -7709.12918 14139.50272 -283.25340
v -7611.20546 14200.14781 -347.91213
v -7573.85061 14328.06997 -283.00705
v -7690.07766 14391.67629 -348.04622
v -7777.00429 14276.23605 80.96812
v -7833.40073 14409.79148 -249.41272
v -7936.45784 14353.94721 -187.64810
v -7892.31061 14244.60974 -250.21016
v -7867.88338 14140.60654 -186.95887
v -7758.08948 14108.69610 -250.78999
v -7684.79358 14188.25108 -186.48946
v -7591.81325 14259.58767 -251.14818
v -7649.33435 14361.17718 -186.24310
v -7736.50302 14405.86216 -251.28227
v -7758.75792 14276.23605 177.73206
v -7877.15553 14382.31230 -152.64878
v -7904.06208 14288.32642 -90.88416
v -7861.92755 14213.74303 -153.44622
v -7813.18492 14124.64215 -90.19493
v -7722.94169 14170.10459 -154.02604
v -7660.69393 14223.83179 -89.72551
v -7621.95214 14315.78147 -154.38424
v -7710.66067 14362.98628 -89.47916
v -7783.50096 14414.96553 -154.51833
v -7756.70918 14276.23605 274.49601
v -7888.54854 14331.05352 -55.88483
v -7858.65535 14253.27750 5.87979
v -7834.84057 14186.95372 -56.68227
v -7761.62328 14154.28607 6.56902
v -7711.75272 14215.70279 -57.26210
v -7650.87135 14265.27485 7.03843
v -7681.33604 14339.25345 -57.62029
v -7748.60432 14362.20166 7.28479
v -7825.92091 14392.96855 -57.75438
v -7767.51544 14276.23605 371.25995
v -7861.66570 14284.27833 40.87912
v -7827.51992 14237.47814 102.64374
v -7797.76225 14180.59401 40.08167
v -7738.38907 14203.93363 103.33296
v -7704.72005 14244.72819 39.50185
v -7674.40779 14302.14416 103.80238
v -7731.17180 14334.16913 39.14365
v -7779.08242 14360.14848 104.04873
v -7839.96980 14344.57400 39.00957
v -7777.05312 14276.23605 468.02390
v -7823.26442 14262.54256 137.64306
v -7805.12397 14228.93257 199.40768
v -7765.79871 14205.32335 136.84562
v -7737.53055 14241.76686 200.09691
v -7706.90186 14270.47101 136.26579
v -7718.08799 14313.83505 200.56633
v -7759.29579 14323.12689 135.90760
v -7801.83244 14340.58223 200.81268
v -7824.64899 14300.89967 135.77351
v -4287.30065 -17207.75030 -225.21097
v -4273.68227 -17226.49440 -225.21097
v -4251.64726 -17219.33479 -225.21097
v -4251.64726 -17196.16581 -225.21097
v -4273.68227 -17189.00620 -225.21097
v -4287.30065 -17207.75030 797.17835
v -4273.68227 -17226.49440 797.17835
v -4251.64726 -17219.33479 797.17835
v -4251.64726 -17196.16581 797.17835
v -4273.68227 -17189.00620 797.17835
v -4276.01935 -17207.75030 439.95798
v -4439.19846 -17034.77437 -1.84475
v -4567.89936 -17180.27379 21.39047
v -4437.04053 -17325.39869 -5.59462
v -4339.91224 -17473.42553 25.09366
v -4150.85617 -17460.71076 -9.24473
v -4081.96015 -17295.21163 28.68437
v -3977.75003 -17131.32065 -12.76983
v -4125.02588 -17005.85731 32.13777
v -4286.11923 -16985.82816 -16.14556
v -4245.26453 -17207.75030 579.15074
v -4497.00425 -17099.92333 137.34801
v -4485.20995 -17265.35240 160.58323
v -4374.67759 -17359.69923 133.59814
v -4245.16943 -17473.33729 164.28642
v -4127.80278 -17348.39196 129.94804
v -4059.85780 -17226.56119 167.87713
v -4051.60681 -17057.49230 126.42293
v -4220.43361 -17033.86911 171.33054
v -4366.74993 -16993.40651 123.04720
v -4240.93136 -17207.75030 718.34351
v -4492.57919 -17187.58897 276.54077
v -4396.61071 -17297.68592 299.77599
v -4317.53411 -17392.57929 272.79091
v -4177.34145 -17402.36201 303.47918
v -4132.14012 -17271.26012 269.14080
v -4061.68944 -17153.04335 307.06989
v -4156.31652 -17049.54264 265.61569
v -4280.87184 -17052.18809 310.52330
v -4426.67188 -17047.99897 262.23996
v -4259.48592 -17207.75030 857.53627
v -4427.85476 -17250.49140 415.73353
v -4339.27114 -17309.86396 438.96875
v -4251.91037 -17389.44305 411.98367
v -4163.97628 -17311.60905 442.67194
v -4131.50634 -17219.81693 408.33356
v -4115.33209 -17101.40245 446.26266
v -4233.70029 -17081.85513 404.80845
v -4332.94357 -17067.17349 449.71606
v -4428.39726 -17132.53605 401.43272
v -4277.84438 -17207.75030 996.72903
v -4354.53288 -17268.59623 554.92629
v -4297.48927 -17319.22276 578.16152
v -4207.55360 -17336.58282 551.17643
v -4179.48065 -17248.86275 581.86470
v -4141.68016 -17174.04439 547.52632
v -4192.35738 -17100.35851 585.45542
v -4276.02068 -17111.14514 544.00121
v -4367.76666 -17107.52799 588.90882
v -4383.39512 -17197.59112 540.62549
v -4280.13545 -17207.75030 1135.92179
v -4307.20561 -17264.40844 694.11906
v -4258.85036 -17306.87162 717.35428
v -4205.40884 -17269.84682 690.36919
v -4194.86560 -17214.06198 721.05747
v -4182.06985 -17147.77825 686.71908
v -4247.60660 -17132.95560 724.64818
v -4302.29434 -17133.46592 683.19398
v -4360.91198 -17164.31357 728.10158
v -4335.63252 -17226.03253 679.81825
v 15267.47206 10152.97250 182.12174
v 15285.45181 10128.22550 182.12174
v 15314.54366 10137.67801 182.12174
v 15314.54366 10168.26699 182.12174
v 15285.45181 10177.71950 182.12174
v 15267.47206 10152.97250 1531.93714
v 15285.45181 10128.22550 1531.93714
v 15314.54366 10137.67801 1531.93714
v 15314.54366 10168.26699 1531.93714
v 15285.45181 10177.71950 1531.93714
v 15327.45331 10152.97250 1060.31489
v 14909.46655 10187.38545 534.13253
v 15012.59938 9957.16917 449.98083
v 15219.73718 9880.01401 530.29716
v 15464.04941 9785.19223 453.95513
v 15566.57845 10024.92968 526.19082
v 15600.11743 10234.44072 458.18641
v 15523.72727 10480.31242 521.84191
v 15270.18395 10426.01256 462.64543
v 15040.02125 10407.51362 517.28050
v 15335.00421 10152.97250 1244.08494
v 14953.65263 10062.33928 717.90258
v 15152.80153 9952.54504 633.75088
v 15319.12638 9855.96951 714.06721
v 15529.40106 9916.51058 637.72517
v 15525.51834 10132.39892 709.96087
v 15565.44581 10342.92172 641.95646
v 15371.78067 10443.78420 705.61196
v 15191.01329 10373.41405 646.41548
v 14975.52350 10301.69773 701.05055
v 15306.53348 10152.97250 1427.85499
v 15074.87322 9999.97093 901.67263
v 15241.49827 9959.11119 817.52093
v 15417.42222 9887.03970 897.83726
v 15507.37566 10053.17534 821.49522
v 15505.80880 10209.80841 893.73092
v 15464.92881 10397.68506 825.72651
v 15275.26135 10361.92817 889.38201
v 15117.18061 10329.36826 830.18552
v 15008.98329 10177.93193 884.82060
v 15276.17130 10152.97250 1611.62504
v 15190.76207 10006.04035 1085.44267
v 15310.62211 9958.73990 1001.29098
v 15463.41165 9983.29003 1081.60731
v 15457.14696 10138.76948 1005.26527
v 15473.79459 10279.40859 1077.50097
v 15350.67960 10366.99358 1009.49656
v 15224.15056 10301.40692 1073.15205
v 15076.44950 10253.99734 1013.95557
v 15103.82161 10102.00867 1068.59065
v 15270.50253 10152.97250 1795.39509
v 15260.89755 10030.52774 1269.21272
v 15370.83800 9987.80852 1185.06103
v 15439.57956 10085.14085 1265.37735
v 15422.67273 10187.81210 1189.03532
v 15403.04578 10309.97499 1261.27102
v 15280.89513 10294.30725 1193.26660
v 15187.05961 10259.05892 1256.92210
v 15105.52413 10169.10877 1197.72562
v 15187.83658 10078.73428 1252.36069
v 15285.34749 10152.97250 1979.16513
v 15302.75033 10050.19320 1452.98277
v 15391.10235 10055.86220 1368.83108
v 15388.83536 10144.87746 1449.14740
v 15389.29458 10220.42063 1372.80537
v 15326.95682 10279.15640 1445.04106
v 15254.72288 10235.56071 1377.03665
v 15175.31773 10207.70977 1440.69215
v 15180.00123 10122.25036 1381.49567
v 15238.94799 10074.64791 1436.13074
v -12250.12207 1918.34813 -556.76544
v -12237.67632 1901.21802 -556.76544
v -12217.53867 1907.76114 -556.76544
v -12217.53867 1928.93512 -556.76544
v -12237.67632 1935.47824 -556.76544
v -12250.12207 1918.34813 377.58965
v -12237.67632 1901.21802 377.58965
v -12217.53867 1907.76114 377.58965
v -12217.53867 1928.93512 377.58965
v -12237.67632 1935.47824 377.58965
v -12199.00588 1918.34813 51.12823
v -12461.90999 1757.52205 -300.94453
v -12282.69850 1729.73000 -385.12492
v -12131.69110 1702.86463 -300.38642
v -11990.72367 1805.71784 -385.53645
v -12052.66762 1966.38400 -300.12217
v -12080.32493 2135.01073 -385.65296
v -12252.98597 2157.61130 -300.15361
v -12369.16088 2055.46371 -385.47364
v -12510.97919 1942.81272 -300.48051
v -12221.46441 1918.34813 178.33561
v -12356.93217 1739.81960 -173.73715
v -12217.71597 1755.12858 -257.91754
v -12062.63178 1749.10547 -173.17904
v -12040.15566 1901.68900 -258.32907
v -12085.20299 2021.36640 -172.91479
v -12169.14399 2153.99854 -258.44558
v -12304.58352 2073.48495 -172.94623
v -12416.69531 2004.26498 -258.26626
v -12457.27670 1857.84685 -173.27313
v -12246.72070 1918.34813 305.54299
v -12271.01165 1772.21388 -46.52977
v -12162.35999 1769.40253 -130.71016
v -12048.39802 1833.04610 -45.97166
v -12098.33114 1954.42811 -131.12169
v -12125.81745 2070.67833 -45.70741
v -12248.69965 2104.46766 -131.23820
v -12329.98516 2015.90417 -45.73885
v -12433.30364 1935.61968 -131.05888
v -12367.65572 1823.10848 -46.06575
v -12252.47487 1918.34813 432.75037
v -12222.04147 1806.56272 80.67761
v -12117.58570 1804.40941 -3.50278
v -12089.94991 1906.27804 81.23572
v -12135.20294 1986.57456 -3.91431
v -12188.63968 2082.26369 81.49997
v -12285.52119 2032.12508 -4.03082
v -12352.89460 1974.29400 81.46853
v -12393.41833 1874.68204 -3.85150
v -12297.47689 1824.48361 81.14163
v -12239.93745 1918.34813 559.95775
v -12189.88700 1828.62078 207.88499
v -12112.00049 1862.85078 123.70460
v -12143.37808 1942.45697 208.44310
v -12167.85560 2010.80035 123.29307
v -12243.48114 2043.27978 208.70735
v -12294.32088 1980.12476 123.17656
v -12356.82202 1928.81939 208.67591
v -12324.43475 1853.21930 123.35588
v -12255.53874 1829.67244 208.34901
v -12226.73956 1918.34813 687.16513
v -12170.29948 1857.08283 335.09237
v -12147.32995 1911.30938 250.91198
v -12179.61933 1955.45066 335.65048
v -12208.19859 2009.19737 250.50044
v -12264.19634 1986.36770 335.91472
v -12296.14619 1947.86360 250.38394
v -12324.25100 1893.22080 335.88329
v -12270.23676 1863.38102 250.56326
v -12224.78243 1838.65947 335.55639
v 8335.24389 -10461.18969 -575.47895
v 8345.08291 -10474.73193 -575.47895
v 8361.00277 -10469.55925 -575.47895
v 8361.00277 -10452.82012 -575.47895
v 8345.08291 -10447.64744 -575.47895
v 8335.24389 -10461.18969 163.17756
v 8345.08291 -10474.73193 163.17756
v 8361.00277 -10469.55925 163.17756
v 8361.00277 -10452.82012 163.17756
v 8345.08291 -10447.64744 163.17756
v 8359.17916 -10461.18969 -94.90725
v 8298.44588 -10652.91312 -394.10718
v 8412.77220 -10596.33784 -419.97018
v 8547.33654 -10553.05776 -391.53158
v 8518.91391 -10415.49455 -422.49659
v 8442.99780 -10327.17214 -389.05874
v 8329.76016 -10239.91283 -424.91160
v 8239.02857 -10351.09487 -386.70575
v 8164.72815 -10445.32929 -427.19850
v 8175.73523 -10583.27197 -384.48888
v 8335.86135 -10461.18969 5.65683
v 8362.13145 -10601.61225 -293.54310
v 8458.18855 -10569.33896 -319.40611
v 8537.65112 -10477.16603 -290.96750
v 8455.11379 -10386.82174 -321.93251
v 8393.87625 -10293.79577 -288.49466
v 8275.45234 -10303.48765 -324.34752
v 8232.57499 -10407.03919 -286.14167
v 8167.75414 -10510.38374 -326.63442
v 8261.21870 -10587.93492 -283.92480
v 8329.86552 -10461.18969 106.22091
v 8395.51969 -10559.02037 -192.97902
v 8490.75491 -10526.46500 -218.84203
v 8482.11370 -10425.15353 -190.40342
v 8414.63977 -10367.43976 -221.36843
v 8334.67576 -10298.50019 -187.93058
v 8263.56774 -10375.87353 -223.78344
v 8221.70312 -10450.46079 -185.57759
v 8217.93638 -10553.98731 -226.07034
v 8321.33714 -10567.72132 -183.36072
v 8341.56491 -10461.18969 206.78499
v 8420.73362 -10531.81130 -92.41494
v 8482.87563 -10472.26436 -118.27795
v 8425.44282 -10407.49866 -89.83935
v 8378.47414 -10351.04252 -120.80435
v 8295.33999 -10346.41077 -87.36650
v 8268.93445 -10424.06310 -123.21936
v 8227.33650 -10494.49983 -85.01351
v 8284.33914 -10555.10827 -125.50627
v 8357.97957 -10553.58574 -82.79664
v 8355.37742 -10461.18969 307.34907
v 8436.26156 -10501.08953 8.14914
v 8439.53508 -10436.54152 -17.71387
v 8389.63552 -10403.18587 10.72473
v 8339.94613 -10358.53144 -20.24027
v 8290.80733 -10403.14048 13.19758
v 8272.35899 -10454.85914 -22.65528
v 8263.94796 -10521.76878 15.55057
v 8330.86251 -10532.20498 -24.94219
v 8387.02623 -10540.58589 17.76744
v 8358.52847 -10461.18969 407.91315
v 8424.83554 -10467.30396 108.71322
v 8394.37999 -10429.32900 82.85021
v 8364.71637 -10402.87062 111.28881
v 8317.84584 -10394.44482 80.32381
v 8303.54959 -10440.12192 113.76166
v 8283.87970 -10479.21189 77.90880
v 8310.80669 -10517.17280 116.11465
v 8354.20425 -10511.49978 75.62189
v 8402.03640 -10513.08484 118.33152
v 943.28856 14189.65335 -428.05854
v 959.48808 14167.35662 -428.05854
v 985.69944 14175.87321 -428.05854
v 985.69944 14203.43348 -428.05854
v 959.48808 14211.95007 -428.05854
v 943.28856 14189.65335 788.10726
v 959.48808 14167.35662 788.10726
v 985.69944 14175.87321 788.10726
v 985.69944 14203.43348 788.10726
v 959.48808 14211.95007 788.10726
v 940.89454 14189.65335 363.18186
v 1080.60405 13947.66974 -182.38749
v 1230.77109 14067.65320 -118.83211
v 1312.40929 14283.57472 -178.53151
v 1106.57915 14390.86961 -122.79136
v 936.95756 14516.79667 -174.47586
v 732.24904 14422.50178 -126.93641
v 723.20069 14210.10123 -170.24857
v 674.91795 13983.79698 -131.23861
v 891.89775 13906.40467 -165.87889
v 928.64048 14189.65335 528.75624
v 1115.84220 14041.86012 -16.81311
v 1267.87734 14164.65136 46.74227
v 1184.66037 14343.69223 -12.95713
v 1023.15944 14404.03793 42.78302
v 831.40197 14476.54359 -8.90148
v 753.21608 14288.06776 38.63797
v 726.51579 14124.14465 -4.67419
v 788.57521 13932.80200 34.33577
v 986.32486 13976.59716 -0.30451
v 950.84673 14189.65335 694.33062
v 1149.59862 14105.57354 148.76127
v 1225.74890 14260.54874 212.31665
v 1072.95311 14343.09815 152.61725
v 945.59501 14417.18580 208.35740
v 785.73042 14368.72298 156.67290
v 789.38620 14204.21042 204.21235
v 759.44575 14042.84509 160.90019
v 908.57084 13967.83469 199.91015
v 1046.30934 14021.36495 165.26987
v 979.15159 14189.65335 859.90500
v 1167.30794 14173.37821 314.33564
v 1127.15385 14303.49467 377.89103
v 1004.29623 14333.46105 318.19163
v 873.69172 14385.94149 373.93178
v 808.66564 14262.15212 322.24728
v 809.51755 14146.46403 369.78673
v 841.20980 14007.96188 326.47457
v 981.18475 14035.64952 365.48452
v 1098.39713 14059.63794 330.84425
v 987.40754 14189.65335 1025.47938
v 1133.31374 14235.58300 479.91002
v 1038.15988 14293.24928 543.46541
v 953.73249 14326.80904 483.76601
v 846.49328 14308.16523 539.50616
v 851.59732 14198.88744 487.82166
v 840.00101 14099.54128 535.36111
v 927.56772 14039.13964 492.04895
v 1016.30017 14085.33303 531.05890
v 1120.24263 14119.41825 496.41862
v 975.83528 14189.65335 1191.05376
v 1061.42701 14257.11861 645.48440
v 987.37321 14269.28128 709.03978
v 915.72727 14296.74191 649.34039
v 871.95764 14232.90858 705.08054
v 882.82593 14166.43424 653.39604
v 896.26687 14087.24710 700.93549
v 975.47976 14098.27857 657.62333
v 1036.50268 14121.01419 696.63328
v 1088.63620 14179.99103 661.99300
v -11350.12786 -10789.30960 -270.17277
v -11333.33829 -10812.41846 -270.17277
v -11306.17220 -10803.59166 -270.17277
v -11306.17220 -10775.02754 -270.17277
v -11333.33829 -10766.20075 -270.17277
v -11350.12786 -10789.30960 990.29060
v -11333.33829 -10812.41846 990.29060
v -11306.17220 -10803.59166 990.29060
v -11306.17220 -10775.02754 990.29060
v -11333.33829 -10766.20075 990.29060
v -11371.31330 -10789.30960 549.88774
v -11098.07042 -10894.03094 -39.24544
v -10977.81561 -10694.05454 76.06767
v -11144.46072 -10527.30588 -39.32194
v -11350.31503 -10525.74313 75.94458
v -11595.08513 -10522.92924 -38.99947
v -11605.61384 -10766.34418 75.42330
v -11568.44664 -10961.13979 -38.28027
v -11420.49605 -11150.34927 74.50742
v -11216.62219 -11020.26147 -37.16931
v -11345.24729 -10789.30960 721.49299
v -11080.62327 -10809.20622 132.35982
v -11058.14163 -10599.34728 247.67292
v -11268.18021 -10568.60470 132.28332
v -11445.46472 -10536.91634 247.54983
v -11608.70914 -10659.56464 132.60578
v -11535.56017 -10846.92562 247.02855
v -11502.30545 -11044.75399 133.32498
v -11299.64135 -11068.37876 246.11268
v -11163.92599 -10949.18564 134.43594
v -11310.14564 -10789.30960 893.09824
v -11080.82745 -10721.75766 303.96507
v -11184.81221 -10584.78171 419.27818
v -11343.54259 -10602.43492 303.88857
v -11521.21339 -10596.73319 419.15509
v -11544.75008 -10771.75174 304.21103
v -11493.64011 -10908.63046 418.63381
v -11396.06267 -11059.21930 304.93023
v -11241.99234 -10965.75496 417.71793
v -11113.32464 -10886.53666 306.04120
v -11298.40934 -10789.30960 1064.70350
v -11139.18031 -10656.33058 475.57032
v -11283.95420 -10627.75992 590.88343
v -11404.40134 -10624.34457 475.49382
v -11529.52796 -10696.34198 590.76034
v -11473.47215 -10830.16594 475.81629
v -11442.73937 -10959.21139 590.23906
v -11306.17405 -10994.64035 476.53549
v -11216.63319 -10896.73636 589.32319
v -11102.63623 -10807.00036 477.64645
v -11312.73300 -10789.30960 1236.30875
v -11231.12859 -10651.40708 647.17558
v -11337.21806 -10671.50367 762.48868
v -11447.60056 -10669.73607 647.09908
v -11475.26536 -10777.60550 762.36560
v -11427.78024 -10862.08822 647.42154
v -11370.54598 -10962.48393 761.84431
v -11268.92673 -10908.49353 648.14074
v -11197.66689 -10847.65839 760.92844
v -11156.30170 -10742.22641 649.25170
v -11331.07056 -10789.30960 1407.91400
v -11300.98978 -10692.73817 818.78083
v -11367.56912 -10702.09578 934.09394
v -11442.82217 -10736.17829 818.70433
v -11411.69478 -10813.24339 933.97085
v -11387.88796 -10879.85901 819.02679
v -11314.01335 -10910.36352 933.44957
v -11264.98551 -10848.94443 819.74599
v -11204.30270 -10798.71364 932.53369
v -11236.82743 -10725.64857 820.85696
v 16222.36158 316.87941 -30.95300
v 16232.60356 302.78253 -30.95300
v 16249.17544 308.16706 -30.95300
v 16249.17544 325.59176 -30.95300
v 16232.60356 330.97629 -30.95300
v 16222.36158 316.87941 737.95592
v 16232.60356 302.78253 737.95592
v 16249.17544 308.16706 737.95592
v 16249.17544 325.59176 737.95592
v 16232.60356 330.97629 737.95592
v 16223.53750 316.87941 469.30100
v 16403.85932 362.83508 127.77683
v 16368.12846 506.79766 163.60797
v 16222.05652 476.47721 125.28850
v 16097.38028 454.67439 166.03002
v 16019.16583 334.36491 122.93691
v 16112.60852 228.30058 168.30707
v 16182.23628 105.71197 120.73835
v 16321.72443 138.95433 170.42336
v 16382.59738 250.34867 118.70800
v 16248.46750 316.87941 573.98378
v 16386.09452 422.97126 232.45961
v 16282.03002 489.88897 268.29075
v 16179.11333 438.80159 229.97128
v 16057.63509 398.82529 270.71280
v 16084.90407 274.73977 227.61969
v 16153.21128 194.84409 272.98985
v 16256.30382 117.14603 225.42113
v 16337.36936 218.31774 275.10614
v 16404.78191 303.59526 223.39078
v 16257.56653 316.87941 678.66656
v 16333.62084 457.30950 337.14239
v 16225.24722 440.35834 372.97353
v 16140.27205 412.04258 334.65406
v 16071.25117 329.87560 375.39558
v 16144.50346 250.71830 332.30247
v 16198.85545 168.44315 377.67263
v 16303.24537 178.51309 330.10391
v 16340.81448 269.69946 379.78892
v 16397.54248 361.41595 328.07356
v 16247.40752 316.87941 783.34934
v 16269.71487 443.35130 441.82517
v 16197.29952 400.21734 477.65631
v 16115.88366 371.96711 439.33684
v 16124.47097 285.46209 480.07836
v 16181.90521 236.22198 436.98525
v 16250.74790 177.92257 482.35541
v 16310.81282 244.71406 434.78669
v 16346.78325 308.39837 484.47170
v 16348.89478 396.78325 432.75634
v 16232.74574 316.87941 888.03212
v 16228.90160 400.91609 546.50795
v 16178.65436 374.13845 582.33909
v 16128.68681 325.17321 544.01962
v 16175.82743 272.90603 584.76114
v 16214.11009 226.82575 541.66803
v 16281.73610 224.01110 587.03819
v 16302.90313 287.10749 539.46947
v 16336.59071 344.68790 589.15448
v 16289.50005 393.36725 537.43912
v 16227.97423 316.87941 992.71490
v 16214.51378 364.02198 651.19073
v 16171.73909 346.45338 687.02187
v 16169.98533 298.01328 648.70240
v 16207.31360 273.12039 689.44392
v 16244.84817 239.85124 646.35081
v 16281.30988 273.79190 691.72097
v 16295.23333 312.49651 644.15225
v 16300.99449 362.70188 693.83726
v 16250.76271 370.08202 642.12190
v -13261.93294 11666.41275 -22.83622
v -13250.20500 11650.27063 -22.83622
v -13231.22880 11656.43637 -22.83622
v -13231.22880 11676.38913 -22.83622
v -13250.20500 11682.55487 -22.83622
v -13261.93294 11666.41275 857.62935
v -13250.20500 11650.27063 857.62935
v -13231.22880 11656.43637 857.62935
v -13231.22880 11676.38913 857.62935
v -13250.20500 11682.55487 857.62935
v -13230.07456 11666.41275 549.99680
v -13108.41554 11865.24703 197.57117
v -13267.64728 11901.09976 161.35890
v -13372.07605 11791.23498 194.54558
v -13504.53323 11686.74305 164.44189
v -13414.60930 11545.30655 191.41052
v -13293.81875 11477.19590 167.62359
v -13130.91492 11427.54405 188.18767
v -13076.22105 11589.59082 170.88201
v -13031.25666 11725.76482 184.89931
v -13217.43436 11666.41275 669.86741
v -13187.65089 11889.21612 317.44178
v -13317.28180 11817.52796 281.22951
v -13411.96738 11742.25799 314.41620
v -13461.47693 11606.06141 284.31250
v -13331.89550 11539.56491 311.28114
v -13224.84681 11460.36105 287.49421
v -13097.08306 11521.47512 308.05828
v -13091.64912 11654.54921 290.75263
v -13062.15611 11797.16764 304.76993
v -13230.69477 11666.41275 789.73803
v -13262.83190 11847.74909 437.31240
v -13337.11179 11756.56407 401.10012
v -13430.31023 11680.58139 434.28681
v -13377.66555 11571.30453 404.18311
v -13278.82495 11534.24341 431.15175
v -13160.69638 11490.76635 407.36482
v -13113.92379 11607.05108 427.92890
v -13097.24615 11707.73491 410.62324
v -13136.76687 11824.59471 424.64054
v -13251.46346 11666.41275 909.60864
v -13298.58522 11777.92619 557.18301
v -13354.29506 11715.82030 520.97073
v -13398.47162 11623.31410 554.15742
v -13307.32154 11575.05533 524.05372
v -13231.47290 11530.86200 551.02236
v -13136.97271 11560.96671 527.23543
v -13139.53979 11658.45320 547.79951
v -13122.10103 11754.63806 530.49385
v -13211.37963 11797.98334 544.51115
v -13259.60026 11666.41275 1029.47925
v -13304.50953 11724.45217 677.05362
v -13358.80731 11674.90161 640.84135
v -13335.02211 11601.61148 674.02803
v -13265.71213 11584.78679 643.92434
v -13191.52831 11555.56653 670.89297
v -13155.58170 11626.12390 647.10605
v -13155.88757 11691.50983 667.67012
v -13174.65087 11769.62037 650.36447
v -13253.68332 11753.26025 664.38177
v -13252.69520 11666.41275 1149.34987
v -13303.22282 11692.61021 796.92423
v -13331.69281 11641.88747 760.71196
v -13281.74044 11612.31400 793.89865
v -13237.68734 11594.67965 763.79495
v -13181.94729 11605.11243 790.76359
v -13184.96256 11661.99547 766.97666
v -13178.98774 11713.97468 787.54074
v -13225.10712 11744.80906 770.23508
v -13271.19975 11720.71808 784.25238
v 1951.39599 -18398.80482 -345.94508
v 1969.20037 -18423.31044 -345.94508
v 1998.00846 -18413.95012 -345.94508
v 1998.00846 -18383.65951 -345.94508
v 1969.20037 -18374.29919 -345.94508
v 1951.39599 -18398.80482 990.70434
v 1969.20037 -18423.31044 990.70434
v 1998.00846 -18413.95012 990.70434
v 1998.00846 -18383.65951 990.70434
v 1969.20037 -18374.29919 990.70434
v 2025.30477 -18398.80482 523.68226
v 1937.69858 -17998.38124 21.01484
v 1767.71494 -18193.90357 -100.67864
v 1657.29270 -18374.35314 20.37706
v 1657.63128 -18627.80876 -99.83147
v 1910.40603 -18659.34609 19.32197
v 2133.78158 -18725.27429 -98.57028
v 2307.03909 -18548.24441 17.85687
v 2236.15927 -18326.35198 -96.90379
v 2199.08326 -18074.34994 15.99187
v 2002.70321 -18398.80482 705.65983
v 1835.77923 -18104.79774 202.99241
v 1766.83254 -18303.75837 81.29894
v 1656.73486 -18488.76556 202.35463
v 1812.36209 -18640.23227 82.14610
v 2001.34884 -18641.88297 201.29954
v 2226.71378 -18642.48298 83.40729
v 2233.98832 -18418.19592 199.83444
v 2200.22565 -18238.62297 85.07378
v 2062.01552 -18066.34590 197.96944
v 1965.13224 -18398.80482 887.63740
v 1813.24084 -18239.03949 384.96998
v 1755.82703 -18382.30123 263.27651
v 1737.73864 -18571.07487 384.33220
v 1926.74514 -18597.11726 264.12367
v 2086.58296 -18625.80108 383.27712
v 2231.70328 -18513.54334 265.38486
v 2165.40442 -18345.76584 381.81201
v 2134.69608 -18167.56007 267.05135
v 1952.05846 -18148.86890 379.94702
v 1948.72167 -18398.80482 1069.61497
v 1829.82895 -18332.55711 566.94755
v 1763.74872 -18459.15159 445.25408
v 1855.97562 -18577.05417 566.30978
v 1993.66668 -18561.58741 446.10124
v 2148.50917 -18565.49460 565.25469
v 2167.10697 -18412.78933 447.36243
v 2122.99268 -18293.67059 563.78958
v 2036.71914 -18163.62598 449.02892
v 1903.39129 -18246.12807 561.92459
v 1960.86100 -18398.80482 1251.59254
v 1842.88644 -18389.04492 748.92512
v 1823.17871 -18510.03637 627.23165
v 1943.44247 -18532.48539 748.28735
v 2043.39936 -18535.56134 628.07882
v 2146.21033 -18474.62624 747.23226
v 2099.13391 -18364.19212 629.34000
v 2073.39924 -18256.96952 745.76715
v 1959.81257 -18229.25430 631.00650
v 1885.97112 -18310.25716 743.90216
v 1980.48330 -18398.80482 1433.57011
v 1863.36802 -18431.21210 930.90269
v 1905.68804 -18504.35773 809.20922
v 1986.45357 -18488.76758 930.26492
v 2070.96941 -18489.72163 810.05639
v 2090.97926 -18406.97071 929.20983
v 2054.87938 -18342.55503 811.31758
v 2010.46824 -18266.24645 927.74472
v 1933.24360 -18308.34200 812.98407
v 1878.62685 -18354.71991 925.87973
v 7217.42422 9832.56277 -561.28818
v 7231.81602 9812.75415 -561.28818
v 7255.10245 9820.32037 -561.28818
v 7255.10245 9844.80517 -561.28818
v 7231.81602 9852.37139 -561.28818
v 7217.42422 9832.56277 519.16511
v 7231.81602 9812.75415 519.16511
v 7255.10245 9820.32037 519.16511
v 7255.10245 9844.80517 519.16511
v 7231.81602 9852.37139 519.16511
v 7262.03694 9832.56277 141.65734
v 7020.68661 10044.61158 -283.82820
v 7023.90551 9848.54523 -345.68810
v 6986.67002 9651.54473 -280.67247
v 7171.17924 9568.73801 -348.73137
v 7337.03117 9627.64225 -277.74692
v 7534.37108 9699.08212 -351.53414
v 7469.11426 9897.61045 -275.07178
v 7382.23661 10043.91884 -354.07702
v 7206.31852 10150.49209 -272.66556
v 7226.78354 9832.56277 288.75519
v 7039.23435 9922.04990 -136.73034
v 7034.65008 9774.99048 -198.59025
v 7080.15911 9600.02980 -133.57461
v 7257.92837 9638.49209 -201.63352
v 7410.44036 9665.05417 -130.64906
v 7503.70105 9813.01928 -204.43628
v 7389.48608 9941.59287 -127.97392
v 7303.73379 10091.13905 -206.97916
v 7134.07090 10048.17558 -125.56770
v 7210.23824 9832.56277 435.85305
v 7079.55398 9844.09778 10.36752
v 7061.16925 9704.64550 -51.49239
v 7186.32529 9626.70361 13.52325
v 7308.50246 9687.51952 -54.53566
v 7453.09283 9736.20222 16.44879
v 7418.72472 9883.77683 -57.33843
v 7337.67496 9979.09397 19.12393
v 7213.92643 10070.28122 -59.88131
v 7118.42750 9948.91337 21.53016
v 7221.38992 9832.56277 582.95091
v 7104.31749 9794.41986 157.46537
v 7128.08234 9669.86528 95.60547
v 7252.90215 9690.70838 160.62110
v 7351.11884 9723.17320 92.56220
v 7429.40474 9818.84831 163.54665
v 7344.49192 9909.45697 89.75943
v 7281.45545 10004.51475 166.22179
v 7161.25575 9991.15697 87.21655
v 7118.23665 9886.25768 168.62802
v 7241.97842 9832.56277 730.04877
v 7130.76889 9754.61533 304.56323
v 7203.52443 9693.79520 242.70333
v 7282.66206 9741.30630 307.71896
v 7372.11889 9772.82091 239.66006
v 7361.37046 9867.74965 310.64451
v 7298.53083 9921.76080 236.85729
v 7222.35394 9985.11042 313.31965
v 7157.14768 9911.02196 234.31441
v 7117.42059 9841.11853 315.72587
v 7250.64473 9832.56277 877.14663
v 7177.08483 9741.86701 451.66109
v 7247.16064 9747.85225 389.80119
v 7298.07477 9774.79953 454.81682
v 7348.05062 9824.89132 386.75791
v 7299.92057 9877.37291 457.74237
v 7261.08697 9924.17057 383.95515
v 7192.64753 9926.05250 460.41751
v 7171.53062 9862.26450 381.41227
v 7137.59513 9803.69349 462.82373
f 1 2 7 6
f 2 3 8 7
f 3 4 9 8
f 4 5 10 9
f 5 1 6 10
f 5 4 3 2 1
f 6 7 8 9 10
f 12 13 11
f 13 14 11
f 14 15 11
f 15 16 11
f 16 17 11
f 17 18 11
f 18 19 11
f 19 20 11
f 20 12 11
f 20 19 18 17 16 15 14 13 12
f 22 23 21
f 23 24 21
f 24 25 21
f 25 26 21
f 26 27 21
f 27 28 21
f 28 29 21
f 29 30 21
f 30 22 21
f 30 29 28 27 26 25 24 23 22
f 32 33 31
f 33 34 31
f 34 35 31
f 35 36 31
f 36 37 31
f 37 38 31
f 38 39 31
f 39 40 31
f 40 32 31
f 40 39 38 37 36 35 34 33 32
f 42 43 41
f 43 44 41
f 44 45 41
f 45 46 41
f 46 47 41
f 47 48 41
f 48 49 41
f 49 50 41
f 50 42 41
f 50 49 48 47 46 45 44 43 42
f 52 53 51
f 53 54 51
f 54 55 51
f 55 56 51
f 56 57 51
f 57 58 51
f 58 59 51
f 59 60 51
f 60 52 51
f 60 59 58 57 56 55 54 53 52
f 62 63 61
f 63 64 61
f 64 65 61
f 65 66 61
f 66 67 61
f 67 68 61
f 68 69 61
f 69 70 61
f 70 62 61
f 70 69 68 67 66 65 64 63 62
f 71 72 77 76
f 72 73 78 77
f 73 74 79 78
f 74 75 80 79
f 75 71 76 80
f 75 74 73 72 71
f 76 77 78 79 80
f 82 83 81
f 83 84 81
f 84 85 81
f 85 86 81
f 86 87 81
f 87 88 81
f 88 89 81
f 89 90 81
f 90 82 81
f 90 89 88 87 86 85 84 83 82
f 92 93 91
f 93 94 91
f 94 95 91
f 95 96 91
f 96 97 91
f 97 98 91
f 98 99 91
f 99 100 91
f 100 92 91
f 100 99 98 97 96 95 94 93 92
f 102 103 101
f 103 104 101
f 104 105 101
f 105 106 101
f 106 107 101
f 107 108 101
f 108 109 101
f 109 110 101
f 110 102 101
f 110 109 108 107 106 105 104 103 102
f 112 113 111
f 113 114 111
f 114 115 111
f 115 116 111
f 116 117 111
f 117 118 111
f 118 119 111
f 119 120 111
f 120 112 111
f 120 119 118 117 116 115 114 113 112
f 122 123 121
f 123 124 121
f 124 125 121
f 125 126 121
f 126 127 121
f 127 128 121
f 128 129 121
f 129 130 121
f 130 122 121
f 130 129 128 127 126 125 124 123 122
f 132 133 131
f 133 134 131
f 134 135 131
f 135 136 131
f 136 137 131
f 137 138 131
f 138 139 131
f 139 140 131
f 140 132 131
f 140 139 138 137 136 135 134 133 132
f 141 142 147 146
f 142 143 148 147
f 143 144 149 148
f 144 145 150 149
f 145 141 146 150
f 145 144 143 142 141
f 146 147 148 149 150
f 152 153 151
f 153 154 151
f 154 155 151
f 155 156 151
f 156 157 151
f 157 158 151
f 158 159 151
f 159 160 151
f 160 152 151
f 160 159 158 157 156 155 154 153 152
f 162 163 161
f 163 164 161
f 164 165 161
f 165 166 161
f 166 167 161
f 167 168 161
f 168 169 161
f 169 170 161
f 170 162 161
f 170 169 168 167 166 165 164 163 162
f 172 173 171
f 173 174 171
f 174 175 171
f 175 176 171
f 176 177 171
f 177 178 171
f 178 179 171
f 179 180 171
f 180 172 171
f 180 179 178 177 176 175 174 173 172
f 182 183 181
f 183 184 181
f 184 185 181
f 185 186 181
f 186 187 181
f 187 188 181
f 188 189 181
f 189 190 181
f 190 182 181
f 190 189 188 187 186 185 184 183 182
f 192 193 191
f 193 194 191
f 194 195 191
f 195 196 191
f 196 197 191
f 197 198 191
f 198 199 191
f 199 200 191
f 200 192 191
f 200 199 198 197 196 195 194 193 192
f 202 203 201
f 203 204 201
f 204 205 201
f 205 206 201
f 206 207 201
f 207 208 201
f 208 209 201
f 209 210 201
f 210 202 201
f 210 209 208 207 206 205 204 203 202
f 211 212 217 216
f 212 213 218 217
f 213 214 219 218
f 214 215 220 219
f 215 211 216 220
f 215 214 213 212 211
f 216 217 218 219 220
f 222 223 221
f 223 224 221
f 224 225 221
f 225 226 221
f 226 227 221
f 227 228 221
f 228 229 221
f 229 230 221
f 230 222 221
f 230 229 228 227 226 225 224 223 222
f 232 233 231
f 233 234 231
f 234 235 231
f 235 236 231
f 236 237 231
f 237 238 231
f 238 239 231
f 239 240 231
f 240 232 231
f 240 239 238 237 236 235 234 233 232
f 242 243 241
f 243 244 241
f 244 245 241
f 245 246 241
f 246 247 241
f 247 248 241
f 248 249 241
f 249 250 241
f 250 242 241
f 250 249 248 247 246 245 244 243 242
f 252 253 251
f 253 254 251
f 254 255 251
f 255 256 251
f 256 257 251
f 257 258 251
f 258 259 251
f 259 260 251
f 260 252 251
f 260 259 258 257 256 255 254 253 252
f 262 263 261
f 263 264 261
f 264 265 261
f 265 266 261
f 266 267 261
f 267 268 261
f 268 269 261
f 269 270 261
f 270 262 261
f 270 269 268 267 266 265 264 263 262
f 272 273 271
f 273 274 271
f 274 275 271
f 275 276 271
f 276 277 271
f 277 278 271
f 278 279 271
f 279 280 271
f 280 272 271
f 280 279 278 277 276 275 274 273 272
f 281 282 287 286
f 282 283 288 287
f 283 284 289 288
f 284 285 290 289
f 285 281 286 290
f 285 284 283 282 281
f 286 287 288 289 290
f 292 293 291
f 293 294 291
f 294 295 291
f 295 296 291
f 296 297 291
f 297 298 291
f 298 299 291
f 299 300 291
f 300 292 291
f 300 299 298 297 296 295 294 293 292
f 302 303 301
f 303 304 301
f 304 305 301
f 305 306 301
f 306 307 301
f 307 308 301
f 308 309 301
f 309 310 301
f 310 302 301
f 310 309 308 307 306 305 304 303 302
f 312 313 311
f 313 314 311
f 314 315 311
f 315 316 311
f 316 317 311
f 317 318 311
f 318 319 311
f 319 320 311
f 320 312 311
f 320 319 318 317 316 315 314 313 312
f 322 323 321
f 323 324 321
f 324 325 321
f 325 326 321
f 326 327 321
f 327 328 321
f 328 329 321
f 329 330 321
f 330 322 321
f 330 329 328 327 326 325 324 323 322
f 332 333 331
f 333 334 331
f 334 335 331
f 335 336 331
f 336 337 331
f 337 338 331
f 338 339 331
f 339 340 331
f 340 332 331
f 340 339 338 337 336 335 334 333 332
f 342 343 341
f 343 344 341
f 344 345 341
f 345 346 341
f 346 347 341
f 347 348 341
f 348 349 341
f 349 350 341
f 350 342 341
f 350 349 348 347 346 345 344 343 342
f 351 352 357 356
f 352 353 358 357
f 353 354 359 358
f 354 355 360 359
f 355 351 356 360
f 355 354 353 352 351
f 356 357 358 359 360
f 362 363 361
f 363 364 361
f 364 365 361
f 365 366 361
f 366 367 361
f 367 368 361
f 368 369 361
f 369 370 361
f 370 362 361
f 370 369 368 367 366 365 364 363 362
f 372 373 371
f 373 374 371
f 374 375 371
f 375 376 371
f 376 377 371
f 377 378 371
f 378 379 371
f 379 380 371
f 380 372 371
f 380 379 378 377 376 375 374 373 372
f 382 383 381
f 383 384 381
f 384 385 381
f 385 386 381
f 386 387 381
f 387 388 381
f 388 389 381
f 389 390 381
f 390 382 381
f 390 389 388 387 386 385 384 383 382
f 392 393 391
f 393 394 391
f 394 395 391
f 395 396 391
f 396 397 391
f 397 398 391
f 398 399 391
f 399 400 391
f 400 392 391
f 400 399 398 397 396 395 394 393 392
f 402 403 401
f 403 404 401
f 404 405 401
f 405 406 401
f 406 407 401
f 407 408 401
f 408 409 401
f 409 410 401
f 410 402 401
f 410 409 408 407 406 405 404 403 402
f 412 413 411
f 413 414 411
f 414 415 411
f 415 416 411
f 416 417 411
f 417 418 411
f 418 419 411
f 419 420 411
f 420 412 411
f 420 419 418 417 416 415 414 413 412
f 421 422 427 426
f 422 423 428 427
f 423 424 429 428
f 424 425 430 429
f 425 421 426 430
f 425 424 423 422 421
f 426 427 428 429 430
f 432 433 431
f 433 434 431
f 434 435 431
f 435 436 431
f 436 437 431
f 437 438 431
f 438 439 431
f 439 440 431
f 440 432 431
f 440 439 438 437 436 435 434 433 432
f 442 443 441
f 443 444 441
f 444 445 441
f 445 446 441
f 446 447 441
f 447 448 441
f 448 449 441
f 449 450 441
f 450 442 441
f 450 449 448 447 446 445 444 443 442
f 452 453 451
f 453 454 451
f 454 455 451
f 455 456 451
f 456 457 451
f 457 458 451
f 458 459 451
f 459 460 451
f 460 452 451
f 460 459 458 457 456 455 454 453 452
f 462 463 461
f 463 464 461
f 464 465 461
f 465 466 461
f 466 467 461
f 467 468 461
f 468 469 461
f 469 470 461
f 470 462 461
f 470 469 468 467 466 465 464 463 462
f 472 473 471
f 473 474 471
f 474 475 471
f 475 476 471
f 476 477 471
f 477 478 471
f 478 479 471
f 479 480 471
f 480 472 471
f 480 479 478 477 476 475 474 473 472
f 482 483 481
f 483 484 481
f 484 485 481
f 485 486 481
f 486 487 481
f 487 488 481
f 488 489 481
f 489 490 481
f 490 482 481
f 490 489 488 487 486 485 484 483 482
f 491 492 497 496
f 492 493 498 497
f 493 494 499 498
f 494 495 500 499
f 495 491 496 500
f 495 494 493 492 491
f 496 497 498 499 500
f 502 503 501
f 503 504 501
f 504 505 501
f 505 506 501
f 506 507 501
f 507 508 501
f 508 509 501
f 509 510 501
f 510 502 501
f 510 509 508 507 506 505 504 503 502
f 512 513 511
f 513 514 511
f 514 515 511
f 515 516 511
f 516 517 511
f 517 518 511
f 518 519 511
f 519 520 511
f 520 512 511
f 520 519 518 517 516 515 514 513 512
f 522 523 521
f 523 524 521
f 524 525 521
f 525 526 521
f 526 527 521
f 527 528 521
f 528 529 521
f 529 530 521
f 530 522 521
f 530 529 528 527 526 525 524 523 522
f 532 533 531
f 533 534 531
f 534 535 531
f 535 536 531
f 536 537 531
f 537 538 531
f 538 539 531
f 539 540 531
f 540 532 531
f 540 539 538 537 536 535 534 533 532
f 542 543 541
f 543 544 541
f 544 545 541
f 545 546 541
f 546 547 541
f 547 548 541
f 548 549 541
f 549 550 541
f 550 542 541
f 550 549 548 547 546 545 544 543 542
f 552 553 551
f 553 554 551
f 554 555 551
f 555 556 551
f 556 557 551
f 557 558 551
f 558 559 551
f 559 560 551
f 560 552 551
f 560 559 558 557 556 555 554 553 552
f 561 562 567 566
f 562 563 568 567
f 563 564 569 568
f 564 565 570 569
f 565 561 566 570
f 565 564 563 562 561
f 566 567 568 569 570
f 572 573 571
f 573 574 571
f 574 575 571
f 575 576 571
f 576 577 571
f 577 578 571
f 578 579 571
f 579 580 571
f 580 572 571
f 580 579 578 577 576 575 574 573 572
f 582 583 581
f 583 584 581
f 584 585 581
f 585 586 581
f 586 587 581
f 587 588 581
f 588 589 581
f 589 590 581
f 590 582 581
f 590 589 588 587 586 585 584 583 582
f 592 593 591
f 593 594 591
f 594 595 591
f 595 596 591
f 596 597 591
f 597 598 591
f 598 599 591
f 599 600 591
f 600 592 591
f 600 599 598 597 596 595 594 593 592
f 602 603 601
f 603 604 601
f 604 605 601
f 605 606 601
f 606 607 601
f 607 608 601
f 608 609 601
f 609 610 601
f 610 602 601
f 610 609 608 607 606 605 604 603 602
f 612 613 611
f 613 614 611
f 614 615 611
f 615 616 611
f 616 617 611
f 617 618 611
f 618 619 611
f 619 620 611
f 620 612 611
f 620 619 618 617 616 615 614 613 612
f 622 623 621
f 623 624 621
f 624 625 621
f 625 626 621
f 626 627 621
f 627 628 621
f 628 629 621
f 629 630 621
f 630 622 621
f 630 629 628 627 626 625 624 623 622
f 631 632 637 636
f 632 633 638 637
f 633 634 639 638
f 634 635 640 639
f 635 631 636 640
f 635 634 633 632 631
f 636 637 638 639 640
f 642 643 641
f 643 644 641
f 644 645 641
f 645 646 641
f 646 647 641
f 647 648 641
f 648 649 641
f 649 650 641
f 650 642 641
f 650 649 648 647 646 645 644 643 642
f 652 653 651
f 653 654 651
f 654 655 651
f 655 656 651
f 656 657 651
f 657 658 651
f 658 659 651
f 659 660 651
f 660 652 651
f 660 659 658 657 656 655 654 653 652
f 662 663 661
f 663 664 661
f 664 665 661
f 665 666 661
f 666 667 661
f 667 668 661
f 668 669 661
f 669 670 661
f 670 662 661
f 670 669 668 667 666 665 664 663 662
f 672 673 671
f 673 674 671
f 674 675 671
f 675 676 671
f 676 677 671
f 677 678 671
f 678 679 671
f 679 680 671
f 680 672 671
f 680 679 678 677 676 675 674 673 672
f 682 683 681
f 683 684 681
f 684 685 681
f 685 686 681
f 686 687 681
f 687 688 681
f 688 689 681
f 689 690 681
f 690 682 681
f 690 689 688 687 686 685 684 683 682
f 692 693 691
f 693 694 691
f 694 695 691
f 695 696 691
f 696 697 691
f 697 698 691
f 698 699 691
f 699 700 691
f 700 692 691
f 700 699 698 697 696 695 694 693 692
f 701 702 707 706
f 702 703 708 707
f 703 704 709 708
f 704 705 710 709
f 705 701 706 710
f 705 704 703 702 701
f 706 707 708 709 710
f 712 713 711
f 713 714 711
f 714 715 711
f 715 716 711
f 716 717 711
f 717 718 711
f 718 719 711
f 719 720 711
f 720 712 711
f 720 719 718 717 716 715 714 713 712
f 722 723 721
f 723 724 721
f 724 725 721
f 725 726 721
f 726 727 721
f 727 728 721
f 728 729 721
f 729 730 721
f 730 722 721
f 730 729 728 727 726 725 724 723 722
f 732 733 731
f 733 734 731
f 734 735 731
f 735 736 731
f 736 737 731
f 737 738 731
f 738 739 731
f 739 740 731
f 740 732 731
f 740 739 738 737 736 735 734 733 732
f 742 743 741
f 743 744 741
f 744 745 741
f 745 746 741
f 746 747 741
f 747 748 741
f 748 749 741
f 749 750 741
f 750 742 741
f 750 749 748 747 746 745 744 743 742
f 752 753 751
f 753 754 751
f 754 755 751
f 755 756 751
f 756 757 751
f 757 758 751
f 758 759 751
f 759 760 751
f 760 752 751
f 760 759 758 757 756 755 754 753 752
f 762 763 761
f 763 764 761
f 764 765 761
f 765 766 761
f 766 767 761
f 767 768 761
f 768 769 761
f 769 770 761
f 770 762 761
f 770 769 768 767 766 765 764 763 762
f 771 772 777 776
f 772 773 778 777
f 773 774 779 778
f 774 775 780 779
f 775 771 776 780
f 775 774 773 772 771
f 776 777 778 779 780
f 782 783 781
f 783 784 781
f 784 785 781
f 785 786 781
f 786 787 781
f 787 788 781
f 788 789 781
f 789 790 781
f 790 782 781
f 790 789 788 787 786 785 784 783 782
f 792 793 791
f 793 794 791
f 794 795 791
f 795 796 791
f 796 797 791
f 797 798 791
f 798 799 791
f 799 800 791
f 800 792 791
f 800 799 798 797 796 795 794 793 792
f 802 803 801
f 803 804 801
f 804 805 801
f 805 806 801
f 806 807 801
f 807 808 801
f 808 809 801
f 809 810 801
f 810 802 801
f 810 809 808 807 806 805 804 803 802
f 812 813 811
f 813 814 811
f 814 815 811
f 815 816 811
f 816 817 811
f 817 818 811
f 818 819 811
f 819 820 811
f 820 812 811
f 820 819 818 817 816 815 814 813 812
f 822 823 821
f 823 824 821
f 824 825 821
f 825 826 821
f 826 827 821
f 827 828 821
f 828 829 821
f 829 830 821
f 830 822 821
f 830 829 828 827 826 825 824 823 822
f 832 833 831
f 833 834 831
f 834 835 831
f 835 836 831
f 836 837 831
f 837 838 831
f 838 839 831
f 839 840 831
f 840 832 831
f 840 839 838 837 836 835 834 833 832
f 841 842 847 846
f 842 843 848 847
f 843 844 849 848
f 844 845 850 849
f 845 841 846 850
f 845 844 843 842 841
f 846 847 848 849 850
f 852 853 851
f 853 854 851
f 854 855 851
f 855 856 851
f 856 857 851
f 857 858 851
f 858 859 851
f 859 860 851
f 860 852 851
f 860 859 858 857 856 855 854 853 852
f 862 863 861
f 863 864 861
f 864 865 861
f 865 866 861
f 866 867 861
f 867 868 861
f 868 869 861
f 869 870 861
f 870 862 861
f 870 869 868 867 866 865 864 863 862
f 872 873 871
f 873 874 871
f 874 875 871
f 875 876 871
f 876 877 871
f 877 878 871
f 878 879 871
f 879 880 871
f 880 872 871
f 880 879 878 877 876 875 874 873 872
f 882 883 881
f 883 884 881
f 884 885 881
f 885 886 881
f 886 887 881
f 887 888 881
f 888 889 881
f 889 890 881
f 890 882 881
f 890 889 888 887 886 885 884 883 882
f 892 893 891
f 893 894 891
f 894 895 891
f 895 896 891
f 896 897 891
f 897 898 891
f 898 899 891
f 899 900 891
f 900 892 891
f 900 899 898 897 896 895 894 893 892
f 902 903 901
f 903 904 901
f 904 905 901
f 905 906 901
f 906 907 901
f 907 908 901
f 908 909 901
f 909 910 901
f 910 902 901
f 910 909 908 907 906 905 904 903 902
f 911 912 917 916
f 912 913 918 917
f 913 914 919 918
f 914 915 920 919
f 915 911 916 920
f 915 914 913 912 911
f 916 917 918 919 920
f 922 923 921
f 923 924 921
f 924 925 921
f 925 926 921
f 926 927 921
f 927 928 921
f 928 929 921
f 929 930 921
f 930 922 921
f 930 929 928 927 926 925 924 923 922
f 932 933 931
f 933 934 931
f 934 935 931
f 935 936 931
f 936 937 931
f 937 938 931
f 938 939 931
f 939 940 931
f 940 932 931
f 940 939 938 937 936 935 934 933 932
f 942 943 941
f 943 944 941
f 944 945 941
f 945 946 941
f 946 947 941
f 947 948 941
f 948 949 941
f 949 950 941
f 950 942 941
f 950 949 948 947 946 945 944 943 942
f 952 953 951
f 953 954 951
f 954 955 951
f 955 956 951
f 956 957 951
f 957 958 951
f 958 959 951
f 959 960 951
f 960 952 951
f 960 959 958 957 956 955 954 953 952
f 962 963 961
f 963 964 961
f 964 965 961
f 965 966 961
f 966 967 961
f 967 968 961
f 968 969 961
f 969 970 961
f 970 962 961
f 970 969 968 967 966 965 964 963 962
f 972 973 971
f 973 974 971
f 974 975 971
f 975 976 971
f 976 977 971
f 977 978 971
f 978 979 971
f 979 980 971
f 980 972 971
f 980 979 978 977 976 975 974 973 972
f 981 982 987 986
f 982 983 988 987
f 983 984 989 988
f 984 985 990 989
f 985 981 986 990
f 985 984 983 982 981
f 986 987 988 989 990
f 992 993 991
f 993 994 991
f 994 995 991
f 995 996 991
f 996 997 991
f 997 998 991
f 998 999 991
f 999 1000 991
f 1000 992 991
f 1000 999 998 997 996 995 994 993 992
f 1002 1003 1001
f 1003 1004 1001
f 1004 1005 1001
f 1005 1006 1001
f 1006 1007 1001
f 1007 1008 1001
f 1008 1009 1001
f 1009 1010 1001
f 1010 1002 1001
f 1010 1009 1008 1007 1006 1005 1004 1003 1002
f 1012 1013 1011
f 1013 1014 1011
f 1014 1015 1011
f 1015 1016 1011
f 1016 1017 1011
f 1017 1018 1011
f 1018 1019 1011
f 1019 1020 1011
f 1020 1012 1011
f 1020 1019 1018 1017 1016 1015 1014 1013 1012
f 1022 1023 1021
f 1023 1024 1021
f 1024 1025 1021
f 1025 1026 1021
f 1026 1027 1021
f 1027 1028 1021
f 1028 1029 1021
f 1029 1030 1021
f 1030 1022 1021
f 1030 1029 1028 1027 1026 1025 1024 1023 1022
f 1032 1033 1031
f 1033 1034 1031
f 1034 1035 1031
f 1035 1036 1031
f 1036 1037 1031
f 1037 1038 1031
f 1038 1039 1031
f 1039 1040 1031
f 1040 1032 1031
f 1040 1039 1038 1037 1036 1035 1034 1033 1032
f 1042 1043 1041
f 1043 1044 1041
f 1044 1045 1041
f 1045 1046 1041
f 1046 1047 1041
f 1047 1048 1041
f 1048 1049 1041
f 1049 1050 1041
f 1050 1042 1041
f 1050 1049 1048 1047 1046 1045 1044 1043 1042
f 1051 1052 1057 1056
f 1052 1053 1058 1057
f 1053 1054 1059 1058
f 1054 1055 1060 1059
f 1055 1051 1056 1060
f 1055 1054 1053 1052 1051
f 1056 1057 1058 1059 1060
f 1062 1063 1061
f 1063 1064 1061
f 1064 1065 1061
f 1065 1066 1061
f 1066 1067 1061
f 1067 1068 1061
f 1068 1069 1061
f 1069 1070 1061
f 1070 1062 1061
f 1070 1069 1068 1067 1066 1065 1064 1063 1062
f 1072 1073 1071
f 1073 1074 1071
f 1074 1075 1071
f 1075 1076 1071
f 1076 1077 1071
f 1077 1078 1071
f 1078 1079 1071
f 1079 1080 1071
f 1080 1072 1071
f 1080 1079 1078 1077 1076 1075 1074 1073 1072
f 1082 1083 1081
f 1083 1084 1081
f 1084 1085 1081
f 1085 1086 1081
f 1086 1087 1081
f 1087 1088 1081
f 1088 1089 1081
f 1089 1090 1081
f 1090 1082 1081
f 1090 1089 1088 1087 1086 1085 1084 1083 1082
f 1092 1093 1091
f 1093 1094 1091
f 1094 1095 1091
f 1095 1096 1091
f 1096 1097 1091
f 1097 1098 1091
f 1098 1099 1091
f 1099 1100 1091
f 1100 1092 1091
f 1100 1099 1098 1097 1096 1095 1094 1093 1092
f 1102 1103 1101
f 1103 1104 1101
f 1104 1105 1101
f 1105 1106 1101
f 1106 1107 1101
f 1107 1108 1101
f 1108 1109 1101
f 1109 1110 1101
f 1110 1102 1101
f 1110 1109 1108 1107 1106 1105 1104 1103 1102
f 1112 1113 1111
f 1113 1114 1111
f 1114 1115 1111
f 1115 1116 1111
f 1116 1117 1111
f 1117 1118 1111
f 1118 1119 1111
f 1119 1120 1111
f 1120 1112 1111
f 1120 1119 1118 1117 1116 1115 1114 1113 1112
f 1121 1122 1127 1126
f 1122 1123 1128 1127
f 1123 1124 1129 1128
f 1124 1125 1130 1129
f 1125 1121 1126 1130
f 1125 1124 1123 1122 1121
f 1126 1127 1128 1129 1130
f 1132 1133 1131
f 1133 1134 1131
f 1134 1135 1131
f 1135 1136 1131
f 1136 1137 1131
f 1137 1138 1131
f 1138 1139 1131
f 1139 1140 1131
f 1140 1132 1131
f 1140 1139 1138 1137 1136 1135 1134 1133 1132
f 1142 1143 1141
f 1143 1144 1141
f 1144 1145 1141
f 1145 1146 1141
f 1146 1147 1141
f 1147 1148 1141
f 1148 1149 1141
f 1149 1150 1141
f 1150 1142 1141
f 1150 1149 1148 1147 1146 1145 1144 1143 1142
f 1152 1153 1151
f 1153 1154 1151
f 1154 1155 1151
f 1155 1156 1151
f 1156 1157 1151
f 1157 1158 1151
f 1158 1159 1151
f 1159 1160 1151
f 1160 1152 1151
f 1160 1159 1158 1157 1156 1155 1154 1153 1152
f 1162 1163 1161
f 1163 1164 1161
f 1164 1165 1161
f 1165 1166 1161
f 1166 1167 1161
f 1167 1168 1161
f 1168 1169 1161
f 1169 1170 1161
f 1170 1162 1161
f 1170 1169 1168 1167 1166 1165 1164 1163 1162
f 1172 1173 1171
f 1173 1174 1171
f 1174 1175 1171
f 1175 1176 1171
f 1176 1177 1171
f 1177 1178 1171
f 1178 1179 1171
f 1179 1180 1171
f 1180 1172 1171
f 1180 1179 1178 1177 1176 1175 1174 1173 1172
f 1182 1183 1181
f 1183 1184 1181
f 1184 1185 1181
f 1185 1186 1181
f 1186 1187 1181
f 1187 1188 1181
f 1188 1189 1181
f 1189 1190 1181
f 1190 1182 1181
f 1190 1189 1188 1187 1186 1185 1184 1183 1182
f 1191 1192 1197 1196
f 1192 1193 1198 1197
f 1193 1194 1199 1198
f 1194 1195 1200 1199
f 1195 1191 1196 1200
f 1195 1194 1193 1192 1191
f 1196 1197 1198 1199 1200
f 1202 1203 1201
f 1203 1204 1201
f 1204 1205 1201
f 1205 1206 1201
f 1206 1207 1201
f 1207 1208 1201
f 1208 1209 1201
f 1209 1210 1201
f 1210 1202 1201
f 1210 1209 1208 1207 1206 1205 1204 1203 1202
f 1212 1213 1211
f 1213 1214 1211
f 1214 1215 1211
f 1215 1216 1211
f 1216 1217 1211
f 1217 1218 1211
f 1218 1219 1211
f 1219 1220 1211
f 1220 1212 1211
f 1220 1219 1218 1217 1216 1215 1214 1213 1212
f 1222 1223 1221
f 1223 1224 1221
f 1224 1225 1221
f 1225 1226 1221
f 1226 1227 1221
f 1227 1228 1221
f 1228 1229 1221
f 1229 1230 1221
f 1230 1222 1221
f 1230 1229 1228 1227 1226 1225 1224 1223 1222
f 1232 1233 1231
f 1233 1234 1231
f 1234 1235 1231
f 1235 1236 1231
f 1236 1237 1231
f 1237 1238 1231
f 1238 1239 1231
f 1239 1240 1231
f 1240 1232 1231
f 1240 1239 1238 1237 1236 1235 1234 1233 1232
f 1242 1243 1241
f 1243 1244 1241
f 1244 1245 1241
f 1245 1246 1241
f 1246 1247 1241
f 1247 1248 1241
f 1248 1249 1241
f 1249 1250 1241
f 1250 1242 1241
f 1250 1249 1248 1247 1246 1245 1244 1243 1242
f 1252 1253 1251
f 1253 1254 1251
f 1254 1255 1251
f 1255 1256 1251
f 1256 1257 1251
f 1257 1258 1251
f 1258 1259 1251
f 1259 1260 1251
f 1260 1252 1251
f 1260 1259 1258 1257 1256 1255 1254 1253 1252
f 1261 1262 1267 1266
f 1262 1263 1268 1267
f 1263 1264 1269 1268
f 1264 1265 1270 1269
f 1265 1261 1266 1270
f 1265 1264 1263 1262 1261
f 1266 1267 1268 1269 1270
f 1272 1273 1271
f 1273 1274 1271
f 1274 1275 1271
f 1275 1276 1271
f 1276 1277 1271
f 1277 1278 1271
f 1278 1279 1271
f 1279 1280 1271
f 1280 1272 1271
f 1280 1279 1278 1277 1276 1275 1274 1273 1272
f 1282 1283 1281
f 1283 1284 1281
f 1284 1285 1281
f 1285 1286 1281
f 1286 1287 1281
f 1287 1288 1281
f 1288 1289 1281
f 1289 1290 1281
f 1290 1282 1281
f 1290 1289 1288 1287 1286 1285 1284 1283 1282
f 1292 1293 1291
f 1293 1294 1291
f 1294 1295 1291
f 1295 1296 1291
f 1296 1297 1291
f 1297 1298 1291
f 1298 1299 1291
f 1299 1300 1291
f 1300 1292 1291
f 1300 1299 1298 1297 1296 1295 1294 1293 1292
f 1302 1303 1301
f 1303 1304 1301
f 1304 1305 1301
f 1305 1306 1301
f 1306 1307 1301
f 1307 1308 1301
f 1308 1309 1301
f 1309 1310 1301
f 1310 1302 1301
f 1310 1309 1308 1307 1306 1305 1304 1303 1302
f 1312 1313 1311
f 1313 1314 1311
f 1314 1315 1311
f 1315 1316 1311
f 1316 1317 1311
f 1317 1318 1311
f 1318 1319 1311
f 1319 1320 1311
f 1320 1312 1311
f 1320 1319 1318 1317 1316 1315 1314 1313 1312
f 1322 1323 1321
f 1323 1324 1321
f 1324 1325 1321
f 1325 1326 1321
f 1326 1327 1321
f 1327 1328 1321
f 1328 1329 1321
f 1329 1330 1321
f 1330 1322 1321
f 1330 1329 1328 1327 1326 1325 1324 1323 1322
f 1331 1332 1337 1336
f 1332 1333 1338 1337
f 1333 1334 1339 1338
f 1334 1335 1340 1339
f 1335 1331 1336 1340
f 1335 1334 1333 1332 1331
f 1336 1337 1338 1339 1340
f 1342 1343 1341
f 1343 1344 1341
f 1344 1345 1341
f 1345 1346 1341
f 1346 1347 1341
f 1347 1348 1341
f 1348 1349 1341
f 1349 1350 1341
f 1350 1342 1341
f 1350 1349 1348 1347 1346 1345 1344 1343 1342
f 1352 1353 1351
f 1353 1354 1351
f 1354 1355 1351
f 1355 1356 1351
f 1356 1357 1351
f 1357 1358 1351
f 1358 1359 1351
f 1359 1360 1351
f 1360 1352 1351
f 1360 1359 1358 1357 1356 1355 1354 1353 1352
f 1362 1363 1361
f 1363 1364 1361
f 1364 1365 1361
f 1365 1366 1361
f 1366 1367 1361
f 1367 1368 1361
f 1368 1369 1361
f 1369 1370 1361
f 1370 1362 1361
f 1370 1369 1368 1367 1366 1365 1364 1363 1362
f 1372 1373 1371
f 1373 1374 1371
f 1374 1375 1371
f 1375 1376 1371
f 1376 1377 1371
f 1377 1378 1371
f 1378 1379 1371
f 1379 1380 1371
f 1380 1372 1371
f 1380 1379 1378 1377 1376 1375 1374 1373 1372
f 1382 1383 1381
f 1383 1384 1381
f 1384 1385 1381
f 1385 1386 1381
f 1386 1387 1381
f 1387 1388 1381
f 1388 1389 1381
f 1389 1390 1381
f 1390 1382 1381
f 1390 1389 1388 1387 1386 1385 1384 1383 1382
f 1392 1393 1391
f 1393 1394 1391
f 1394 1395 1391
f 1395 1396 1391
f 1396 1397 1391
f 1397 1398 1391
f 1398 1399 1391
f 1399 1400 1391
f 1400 1392 1391
f 1400 1399 1398 1397 1396 1395 1394 1393 1392
f 1401 1402 1407 1406
f 1402 1403 1408 1407
f 1403 1404 1409 1408
f 1404 1405 1410 1409
f 1405 1401 1406 1410
f 1405 1404 1403 1402 1401
f 1406 1407 1408 1409 1410
f 1412 1413 1411
f 1413 1414 1411
f 1414 1415 1411
f 1415 1416 1411
f 1416 1417 1411
f 1417 1418 1411
f 1418 1419 1411
f 1419 1420 1411
f 1420 1412 1411
f 1420 1419 1418 1417 1416 1415 1414 1413 1412
f 1422 1423 1421
f 1423 1424 1421
f 1424 1425 1421
f 1425 1426 1421
f 1426 1427 1421
f 1427 1428 1421
f 1428 1429 1421
f 1429 1430 1421
f 1430 1422 1421
f 1430 1429 1428 1427 1426 1425 1424 1423 1422
f 1432 1433 1431
f 1433 1434 1431
f 1434 1435 1431
f 1435 1436 1431
f 1436 1437 1431
f 1437 1438 1431
f 1438 1439 1431
f 1439 1440 1431
f 1440 1432 1431
f 1440 1439 1438 1437 1436 1435 1434 1433 1432
f 1442 1443 1441
f 1443 1444 1441
f 1444 1445 1441
f 1445 1446 1441
f 1446 1447 1441
f 1447 1448 1441
f 1448 1449 1441
f 1449 1450 1441
f 1450 1442 1441
f 1450 1449 1448 1447 1446 1445 1444 1443 1442
f 1452 1453 1451
f 1453 1454 1451
f 1454 1455 1451
f 1455 1456 1451
f 1456 1457 1451
f 1457 1458 1451
f 1458 1459 1451
f 1459 1460 1451
f 1460 1452 1451
f 1460 1459 1458 1457 1456 1455 1454 1453 1452
f 1462 1463 1461
f 1463 1464 1461
f 1464 1465 1461
f 1465 1466 1461
f 1466 1467 1461
f 1467 1468 1461
f 1468 1469 1461
f 1469 1470 1461
f 1470 1462 1461
f 1470 1469 1468 1467 1466 1465 1464 1463 1462
f 1471 1472 1477 1476
f 1472 1473 1478 1477
f 1473 1474 1479 1478
f 1474 1475 1480 1479
f 1475 1471 1476 1480
f 1475 1474 1473 1472 1471
f 1476 1477 1478 1479 1480
f 1482 1483 1481
f 1483 1484 1481
f 1484 1485 1481
f 1485 1486 1481
f 1486 1487 1481
f 1487 1488 1481
f 1488 1489 1481
f 1489 1490 1481
f 1490 1482 1481
f 1490 1489 1488 1487 1486 1485 1484 1483 1482
f 1492 1493 1491
f 1493 1494 1491
f 1494 1495 1491
f 1495 1496 1491
f 1496 1497 1491
f 1497 1498 1491
f 1498 1499 1491
f 1499 1500 1491
f 1500 1492 1491
f 1500 1499 1498 1497 1496 1495 1494 1493 1492
f 1502 1503 1501
f 1503 1504 1501
f 1504 1505 1501
f 1505 1506 1501
f 1506 1507 1501
f 1507 1508 1501
f 1508 1509 1501
f 1509 1510 1501
f 1510 1502 1501
f 1510 1509 1508 1507 1506 1505 1504 1503 1502
f 1512 1513 1511
f 1513 1514 1511
f 1514 1515 1511
f 1515 1516 1511
f 1516 1517 1511
f 1517 1518 1511
f 1518 1519 1511
f 1519 1520 1511
f 1520 1512 1511
f 1520 1519 1518 1517 1516 1515 1514 1513 1512
f 1522 1523 1521
f 1523 1524 1521
f 1524 1525 1521
f 1525 1526 1521
f 1526 1527 1521
f 1527 1528 1521
f 1528 1529 1521
f 1529 1530 1521
f 1530 1522 1521
f 1530 1529 1528 1527 1526 1525 1524 1523 1522
f 1532 1533 1531
f 1533 1534 1531
f 1534 1535 1531
f 1535 1536 1531
f 1536 1537 1531
f 1537 1538 1531
f 1538 1539 1531
f 1539 1540 1531
f 1540 1532 1531
f 1540 1539 1538 1537 1536 1535 1534 1533 1532
f 1541 1542 1547 1546
f 1542 1543 1548 1547
f 1543 1544 1549 1548
f 1544 1545 1550 1549
f 1545 1541 1546 1550
f 1545 1544 1543 1542 1541
f 1546 1547 1548 1549 1550
f 1552 1553 1551
f 1553 1554 1551
f 1554 1555 1551
f 1555 1556 1551
f 1556 1557 1551
f 1557 1558 1551
f 1558 1559 1551
f 1559 1560 1551
f 1560 1552 1551
f 1560 1559 1558 1557 1556 1555 1554 1553 1552
f 1562 1563 1561
f 1563 1564 1561
f 1564 1565 1561
f 1565 1566 1561
f 1566 1567 1561
f 1567 1568 1561
f 1568 1569 1561
f 1569 1570 1561
f 1570 1562 1561
f 1570 1569 1568 1567 1566 1565 1564 1563 1562
f 1572 1573 1571
f 1573 1574 1571
f 1574 1575 1571
f 1575 1576 1571
f 1576 1577 1571
f 1577 1578 1571
f 1578 1579 1571
f 1579 1580 1571
f 1580 1572 1571
f 1580 1579 1578 1577 1576 1575 1574 1573 1572
f 1582 1583 1581
f 1583 1584 1581
f 1584 1585 1581
f 1585 1586 1581
f 1586 1587 1581
f 1587 1588 1581
f 1588 1589 1581
f 1589 1590 1581
f 1590 1582 1581
f 1590 1589 1588 1587 1586 1585 1584 1583 1582
f 1592 1593 1591
f 1593 1594 1591
f 1594 1595 1591
f 1595 1596 1591
f 1596 1597 1591
f 1597 1598 1591
f 1598 1599 1591
f 1599 1600 1591
f 1600 1592 1591
f 1600 1599 1598 1597 1596 1595 1594 1593 1592
f 1602 1603 1601
f 1603 1604 1601
f 1604 1605 1601
f 1605 1606 1601
f 1606 1607 1601
f 1607 1608 1601
f 1608 1609 1601
f 1609 1610 1601
f 1610 1602 1601
f 1610 1609 1608 1607 1606 1605 1604 1603 1602
f 1611 1612 1617 1616
f 1612 1613 1618 1617
f 1613 1614 1619 1618
f 1614 1615 1620 1619
f 1615 1611 1616 1620
f 1615 1614 1613 1612 1611
f 1616 1617 1618 1619 1620
f 1622 1623 1621
f 1623 1624 1621
f 1624 1625 1621
f 1625 1626 1621
f 1626 1627 1621
f 1627 1628 1621
f 1628 1629 1621
f 1629 1630 1621
f 1630 1622 1621
f 1630 1629 1628 1627 1626 1625 1624 1623 1622
f 1632 1633 1631
f 1633 1634 1631
f 1634 1635 1631
f 1635 1636 1631
f 1636 1637 1631
f 1637 1638 1631
f 1638 1639 1631
f 1639 1640 1631
f 1640 1632 1631
f 1640 1639 1638 1637 1636 1635 1634 1633 1632
f 1642 1643 1641
f 1643 1644 1641
f 1644 1645 1641
f 1645 1646 1641
f 1646 1647 1641
f 1647 1648 1641
f 1648 1649 1641
f 1649 1650 1641
f 1650 1642 1641
f 1650 1649 1648 1647 1646 1645 1644 1643 1642
f 1652 1653 1651
f 1653 1654 1651
f 1654 1655 1651
f 1655 1656 1651
f 1656 1657 1651
f 1657 1658 1651
f 1658 1659 1651
f 1659 1660 1651
f 1660 1652 1651
f 1660 1659 1658 1657 1656 1655 1654 1653 1652
f 1662 1663 1661
f 1663 1664 1661
f 1664 1665 1661
f 1665 1666 1661
f 1666 1667 1661
f 1667 1668 1661
f 1668 1669 1661
f 1669 1670 1661
f 1670 1662 1661
f 1670 1669 1668 1667 1666 1665 1664 1663 1662
f 1672 1673 1671
f 1673 1674 1671
f 1674 1675 1671
f 1675 1676 1671
f 1676 1677 1671
f 1677 1678 1671
f 1678 1679 1671
f 1679 1680 1671
f 1680 1672 1671
f 1680 1679 1678 1677 1676 1675 1674 1673 1672
f 1681 1682 1687 1686
f 1682 1683 1688 1687
f 1683 1684 1689 1688
f 1684 1685 1690 1689
f 1685 1681 1686 1690
f 1685 1684 1683 1682 1681
f 1686 1687 1688 1689 1690
f 1692 1693 1691
f 1693 1694 1691
f 1694 1695 1691
f 1695 1696 1691
f 1696 1697 1691
f 1697 1698 1691
f 1698 1699 1691
f 1699 1700 1691
f 1700 1692 1691
f 1700 1699 1698 1697 1696 1695 1694 1693 1692
f 1702 1703 1701
f 1703 1704 1701
f 1704 1705 1701
f 1705 1706 1701
f 1706 1707 1701
f 1707 1708 1701
f 1708 1709 1701
f 1709 1710 1701
f 1710 1702 1701
f 1710 1709 1708 1707 1706 1705 1704 1703 1702
f 1712 1713 1711
f 1713 1714 1711
f 1714 1715 1711
f 1715 1716 1711
f 1716 1717 1711
f 1717 1718 1711
f 1718 1719 1711
f 1719 1720 1711
f 1720 1712 1711
f 1720 1719 1718 1717 1716 1715 1714 1713 1712
f 1722 1723 1721
f 1723 1724 1721
f 1724 1725 1721
f 1725 1726 1721
f 1726 1727 1721
f 1727 1728 1721
f 1728 1729 1721
f 1729 1730 1721
f 1730 1722 1721
f 1730 1729 1728 1727 1726 1725 1724 1723 1722
f 1732 1733 1731
f 1733 1734 1731
f 1734 1735 1731
f 1735 1736 1731
f 1736 1737 1731
f 1737 1738 1731
f 1738 1739 1731
f 1739 1740 1731
f 1740 1732 1731
f 1740 1739 1738 1737 1736 1735 1734 1733 1732
f 1742 1743 1741
f 1743 1744 1741
f 1744 1745 1741
f 1745 1746 1741
f 1746 1747 1741
f 1747 1748 1741
f 1748 1749 1741
f 1749 1750 1741
f 1750 1742 1741
f 1750 1749 1748 1747 1746 1745 1744 1743 1742
f 1751 1752 1757 1756
f 1752 1753 1758 1757
f 1753 1754 1759 1758
f 1754 1755 1760 1759
f 1755 1751 1756 1760
f 1755 1754 1753 1752 1751
f 1756 1757 1758 1759 1760
f 1762 1763 1761
f 1763 1764 1761
f 1764 1765 1761
f 1765 1766 1761
f 1766 1767 1761
f 1767 1768 1761
f 1768 1769 1761
f 1769 1770 1761
f 1770 1762 1761
f 1770 1769 1768 1767 1766 1765 1764 1763 1762
f 1772 1773 1771
f 1773 1774 1771
f 1774 1775 1771
f 1775 1776 1771
f 1776 1777 1771
f 1777 1778 1771
f 1778 1779 1771
f 1779 1780 1771
f 1780 1772 1771
f 1780 1779 1778 1777 1776 1775 1774 1773 1772
f 1782 1783 1781
f 1783 1784 1781
f 1784 1785 1781
f 1785 1786 1781
f 1786 1787 1781
f 1787 1788 1781
f 1788 1789 1781
f 1789 1790 1781
f 1790 1782 1781
f 1790 1789 1788 1787 1786 1785 1784 1783 1782
f 1792 1793 1791
f 1793 1794 1791
f 1794 1795 1791
f 1795 1796 1791
f 1796 1797 1791
f 1797 1798 1791
f 1798 1799 1791
f 1799 1800 1791
f 1800 1792 1791
f 1800 1799 1798 1797 1796 1795 1794 1793 1792
f 1802 1803 1801
f 1803 1804 1801
f 1804 1805 1801
f 1805 1806 1801
f 1806 1807 1801
f 1807 1808 1801
f 1808 1809 1801
f 1809 1810 1801
f 1810 1802 1801
f 1810 1809 1808 1807 1806 1805 1804 1803 1802
f 1812 1813 1811
f 1813 1814 1811
f 1814 1815 1811
f 1815 1816 1811
f 1816 1817 1811
f 1817 1818 1811
f 1818 1819 1811
f 1819 1820 1811
f 1820 1812 1811
f 1820 1819 1818 1817 1816 1815 1814 1813 1812
f 1821 1822 1827 1826
f 1822 1823 1828 1827
f 1823 1824 1829 1828
f 1824 1825 1830 1829
f 1825 1821 1826 1830
f 1825 1824 1823 1822 1821
f 1826 1827 1828 1829 1830
f 1832 1833 1831
f 1833 1834 1831
f 1834 1835 1831
f 1835 1836 1831
f 1836 1837 1831
f 1837 1838 1831
f 1838 1839 1831
f 1839 1840 1831
f 1840 1832 1831
f 1840 1839 1838 1837 1836 1835 1834 1833 1832
f 1842 1843 1841
f 1843 1844 1841
f 1844 1845 1841
f 1845 1846 1841
f 1846 1847 1841
f 1847 1848 1841
f 1848 1849 1841
f 1849 1850 1841
f 1850 1842 1841
f 1850 1849 1848 1847 1846 1845 1844 1843 1842
f 1852 1853 1851
f 1853 1854 1851
f 1854 1855 1851
f 1855 1856 1851
f 1856 1857 1851
f 1857 1858 1851
f 1858 1859 1851
f 1859 1860 1851
f 1860 1852 1851
f 1860 1859 1858 1857 1856 1855 1854 1853 1852
f 1862 1863 1861
f 1863 1864 1861
f 1864 1865 1861
f 1865 1866 1861
f 1866 1867 1861
f 1867 1868 1861
f 1868 1869 1861
f 1869 1870 1861
f 1870 1862 1861
f 1870 1869 1868 1867 1866 1865 1864 1863 1862
f 1872 1873 1871
f 1873 1874 1871
f 1874 1875 1871
f 1875 1876 1871
f 1876 1877 1871
f 1877 1878 1871
f 1878 1879 1871
f 1879 1880 1871
f 1880 1872 1871
f 1880 1879 1878 1877 1876 1875 1874 1873 1872
f 1882 1883 1881
f 1883 1884 1881
f 1884 1885 1881
f 1885 1886 1881
f 1886 1887 1881
f 1887 1888 1881
f 1888 1889 1881
f 1889 1890 1881
f 1890 1882 1881
f 1890 1889 1888 1887 1886 1885 1884 1883 1882
f 1891 1892 1897 1896
f 1892 1893 1898 1897
f 1893 1894 1899 1898
f 1894 1895 1900 1899
f 1895 1891 1896 1900
f 1895 1894 1893 1892 1891
f 1896 1897 1898 1899 1900
f 1902 1903 1901
f 1903 1904 1901
f 1904 1905 1901
f 1905 1906 1901
f 1906 1907 1901
f 1907 1908 1901
f 1908 1909 1901
f 1909 1910 1901
f 1910 1902 1901
f 1910 1909 1908 1907 1906 1905 1904 1903 1902
f 1912 1913 1911
f 1913 1914 1911
f 1914 1915 1911
f 1915 1916 1911
f 1916 1917 1911
f 1917 1918 1911
f 1918 1919 1911
f 1919 1920 1911
f 1920 1912 1911
f 1920 1919 1918 1917 1916 1915 1914 1913 1912
f 1922 1923 1921
f 1923 1924 1921
f 1924 1925 1921
f 1925 1926 1921
f 1926 1927 1921
f 1927 1928 1921
f 1928 1929 1921
f 1929 1930 1921
f 1930 1922 1921
f 1930 1929 1928 1927 1926 1925 1924 1923 1922
f 1932 1933 1931
f 1933 1934 1931
f 1934 1935 1931
f 1935 1936 1931
f 1936 1937 1931
f 1937 1938 1931
f 1938 1939 1931
f 1939 1940 1931
f 1940 1932 1931
f 1940 1939 1938 1937 1936 1935 1934 1933 1932
f 1942 1943 1941
f 1943 1944 1941
f 1944 1945 1941
f 1945 1946 1941
f 1946 1947 1941
f 1947 1948 1941
f 1948 1949 1941
f 1949 1950 1941
f 1950 1942 1941
f 1950 1949 1948 1947 1946 1945 1944 1943 1942
f 1952 1953 1951
f 1953 1954 1951
f 1954 1955 1951
f 1955 1956 1951
f 1956 1957 1951
f 1957 1958 1951
f 1958 1959 1951
f 1959 1960 1951
f 1960 1952 1951
f 1960 1959 1958 1957 1956 1955 1954 1953 1952
f 1961 1962 1967 1966
f 1962 1963 1968 1967
f 1963 1964 1969 1968
f 1964 1965 1970 1969
f 1965 1961 1966 1970
f 1965 1964 1963 1962 1961
f 1966 1967 1968 1969 1970
f 1972 1973 1971
f 1973 1974 1971
f 1974 1975 1971
f 1975 1976 1971
f 1976 1977 1971
f 1977 1978 1971
f 1978 1979 1971
f 1979 1980 1971
f 1980 1972 1971
f 1980 1979 1978 1977 1976 1975 1974 1973 1972
f 1982 1983 1981
f 1983 1984 1981
f 1984 1985 1981
f 1985 1986 1981
f 1986 1987 1981
f 1987 1988 1981
f 1988 1989 1981
f 1989 1990 1981
f 1990 1982 1981
f 1990 1989 1988 1987 1986 1985 1984 1983 1982
f 1992 1993 1991
f 1993 1994 1991
f 1994 1995 1991
f 1995 1996 1991
f 1996 1997 1991
f 1997 1998 1991
f 1998 1999 1991
f 1999 2000 1991
f 2000 1992 1991
f 2000 1999 1998 1997 1996 1995 1994 1993 1992
f 2002 2003 2001
f 2003 2004 2001
f 2004 2005 2001
f 2005 2006 2001
f 2006 2007 2001
f 2007 2008 2001
f 2008 2009 2001
f 2009 2010 2001
f 2010 2002 2001
f 2010 2009 2008 2007 2006 2005 2004 2003 2002
f 2012 2013 2011
f 2013 2014 2011
f 2014 2015 2011
f 2015 2016 2011
f 2016 2017 2011
f 2017 2018 2011
f 2018 2019 2011
f 2019 2020 2011
f 2020 2012 2011
f 2020 2019 2018 2017 2016 2015 2014 2013 2012
f 2022 2023 2021
f 2023 2024 2021
f 2024 2025 2021
f 2025 2026 2021
f 2026 2027 2021
f 2027 2028 2021
f 2028 2029 2021
f 2029 2030 2021
f 2030 2022 2021
f 2030 2029 2028 2027 2026 2025 2024 2023 2022
f 2031 2032 2037 2036
f 2032 2033 2038 2037
f 2033 2034 2039 2038
f 2034 2035 2040 2039
f 2035 2031 2036 2040
f 2035 2034 2033 2032 2031
f 2036 2037 2038 2039 2040
f 2042 2043 2041
f 2043 2044 2041
f 2044 2045 2041
f 2045 2046 2041
f 2046 2047 2041
f 2047 2048 2041
f 2048 2049 2041
f 2049 2050 2041
f 2050 2042 2041
f 2050 2049 2048 2047 2046 2045 2044 2043 2042
f 2052 2053 2051
f 2053 2054 2051
f 2054 2055 2051
f 2055 2056 2051
f 2056 2057 2051
f 2057 2058 2051
f 2058 2059 2051
f 2059 2060 2051
f 2060 2052 2051
f 2060 2059 2058 2057 2056 2055 2054 2053 2052
f 2062 2063 2061
f 2063 2064 2061
f 2064 2065 2061
f 2065 2066 2061
f 2066 2067 2061
f 2067 2068 2061
f 2068 2069 2061
f 2069 2070 2061
f 2070 2062 2061
f 2070 2069 2068 2067 2066 2065 2064 2063 2062
f 2072 2073 2071
f 2073 2074 2071
f 2074 2075 2071
f 2075 2076 2071
f 2076 2077 2071
f 2077 2078 2071
f 2078 2079 2071
f 2079 2080 2071
f 2080 2072 2071
f 2080 2079 2078 2077 2076 2075 2074 2073 2072
f 2082 2083 2081
f 2083 2084 2081
f 2084 2085 2081
f 2085 2086 2081
f 2086 2087 2081
f 2087 2088 2081
f 2088 2089 2081
f 2089 2090 2081
f 2090 2082 2081
f 2090 2089 2088 2087 2086 2085 2084 2083 2082
f 2092 2093 2091
f 2093 2094 2091
f 2094 2095 2091
f 2095 2096 2091
f 2096 2097 2091
f 2097 2098 2091
f 2098 2099 2091
f 2099 2100 2091
f 2100 2092 2091
f 2100 2099 2098 2097 2096 2095 2094 2093 2092
f 2101 2102 2107 2106
f 2102 2103 2108 2107
f 2103 2104 2109 2108
f 2104 2105 2110 2109
f 2105 2101 2106 2110
f 2105 2104 2103 2102 2101
f 2106 2107 2108 2109 2110
f 2112 2113 2111
f 2113 2114 2111
f 2114 2115 2111
f 2115 2116 2111
f 2116 2117 2111
f 2117 2118 2111
f 2118 2119 2111
f 2119 2120 2111
f 2120 2112 2111
f 2120 2119 2118 2117 2116 2115 2114 2113 2112
f 2122 2123 2121
f 2123 2124 2121
f 2124 2125 2121
f 2125 2126 2121
f 2126 2127 2121
f 2127 2128 2121
f 2128 2129 2121
f 2129 2130 2121
f 2130 2122 2121
f 2130 2129 2128 2127 2126 2125 2124 2123 2122
f 2132 2133 2131
f 2133 2134 2131
f 2134 2135 2131
f 2135 2136 2131
f 2136 2137 2131
f 2137 2138 2131
f 2138 2139 2131
f 2139 2140 2131
f 2140 2132 2131
f 2140 2139 2138 2137 2136 2135 2134 2133 2132
f 2142 2143 2141
f 2143 2144 2141
f 2144 2145 2141
f 2145 2146 2141
f 2146 2147 2141
f 2147 2148 2141
f 2148 2149 2141
f 2149 2150 2141
f 2150 2142 2141
f 2150 2149 2148 2147 2146 2145 2144 2143 2142
f 2152 2153 2151
f 2153 2154 2151
f 2154 2155 2151
f 2155 2156 2151
f 2156 2157 2151
f 2157 2158 2151
f 2158 2159 2151
f 2159 2160 2151
f 2160 2152 2151
f 2160 2159 2158 2157 2156 2155 2154 2153 2152
f 2162 2163 2161
f 2163 2164 2161
f 2164 2165 2161
f 2165 2166 2161
f 2166 2167 2161
f 2167 2168 2161
f 2168 2169 2161
f 2169 2170 2161
f 2170 2162 2161
f 2170 2169 2168 2167 2166 2165 2164 2163 2162
f 2171 2172 2177 2176
f 2172 2173 2178 2177
f 2173 2174 2179 2178
f 2174 2175 2180 2179
f 2175 2171 2176 2180
f 2175 2174 2173 2172 2171
f 2176 2177 2178 2179 2180
f 2182 2183 2181
f 2183 2184 2181
f 2184 2185 2181
f 2185 2186 2181
f 2186 2187 2181
f 2187 2188 2181
f 2188 2189 2181
f 2189 2190 2181
f 2190 2182 2181
f 2190 2189 2188 2187 2186 2185 2184 2183 2182
f 2192 2193 2191
f 2193 2194 2191
f 2194 2195 2191
f 2195 2196 2191
f 2196 2197 2191
f 2197 2198 2191
f 2198 2199 2191
f 2199 2200 2191
f 2200 2192 2191
f 2200 2199 2198 2197 2196 2195 2194 2193 2192
f 2202 2203 2201
f 2203 2204 2201
f 2204 2205 2201
f 2205 2206 2201
f 2206 2207 2201
f 2207 2208 2201
f 2208 2209 2201
f 2209 2210 2201
f 2210 2202 2201
f 2210 2209 2208 2207 2206 2205 2204 2203 2202
f 2212 2213 2211
f 2213 2214 2211
f 2214 2215 2211
f 2215 2216 2211
f 2216 2217 2211
f 2217 2218 2211
f 2218 2219 2211
f 2219 2220 2211
f 2220 2212 2211
f 2220 2219 2218 2217 2216 2215 2214 2213 2212
f 2222 2223 2221
f 2223 2224 2221
f 2224 2225 2221
f 2225 2226 2221
f 2226 2227 2221
f 2227 2228 2221
f 2228 2229 2221
f 2229 2230 2221
f 2230 2222 2221
f 2230 2229 2228 2227 2226 2225 2224 2223 2222
f 2232 2233 2231
f 2233 2234 2231
f 2234 2235 2231
f 2235 2236 2231
f 2236 2237 2231
f 2237 2238 2231
f 2238 2239 2231
f 2239 2240 2231
f 2240 2232 2231
f 2240 2239 2238 2237 2236 2235 2234 2233 2232
f 2241 2242 2247 2246
f 2242 2243 2248 2247
f 2243 2244 2249 2248
f 2244 2245 2250 2249
f 2245 2241 2246 2250
f 2245 2244 2243 2242 2241
f 2246 2247 2248 2249 2250
f 2252 2253 2251
f 2253 2254 2251
f 2254 2255 2251
f 2255 2256 2251
f 2256 2257 2251
f 2257 2258 2251
f 2258 2259 2251
f 2259 2260 2251
f 2260 2252 2251
f 2260 2259 2258 2257 2256 2255 2254 2253 2252
f 2262 2263 2261
f 2263 2264 2261
f 2264 2265 2261
f 2265 2266 2261
f 2266 2267 2261
f 2267 2268 2261
f 2268 2269 2261
f 2269 2270 2261
f 2270 2262 2261
f 2270 2269 2268 2267 2266 2265 2264 2263 2262
f 2272 2273 2271
f 2273 2274 2271
f 2274 2275 2271
f 2275 2276 2271
f 2276 2277 2271
f 2277 2278 2271
f 2278 2279 2271
f 2279 2280 2271
f 2280 2272 2271
f 2280 2279 2278 2277 2276 2275 2274 2273 2272
f 2282 2283 2281
f 2283 2284 2281
f 2284 2285 2281
f 2285 2286 2281
f 2286 2287 2281
f 2287 2288 2281
f 2288 2289 2281
f 2289 2290 2281
f 2290 2282 2281
f 2290 2289 2288 2287 2286 2285 2284 2283 2282
f 2292 2293 2291
f 2293 2294 2291
f 2294 2295 2291
f 2295 2296 2291
f 2296 2297 2291
f 2297 2298 2291
f 2298 2299 2291
f 2299 2300 2291
f 2300 2292 2291
f 2300 2299 2298 2297 2296 2295 2294 2293 2292
f 2302 2303 2301
f 2303 2304 2301
f 2304 2305 2301
f 2305 2306 2301
f 2306 2307 2301
f 2307 2308 2301
f 2308 2309 2301
f 2309 2310 2301
f 2310 2302 2301
f 2310 2309 2308 2307 2306 2305 2304 2303 2302
f 2311 2312 2317 2316
f 2312 2313 2318 2317
f 2313 2314 2319 2318
f 2314 2315 2320 2319
f 2315 2311 2316 2320
f 2315 2314 2313 2312 2311
f 2316 2317 2318 2319 2320
f 2322 2323 2321
f 2323 2324 2321
f 2324 2325 2321
f 2325 2326 2321
f 2326 2327 2321
f 2327 2328 2321
f 2328 2329 2321
f 2329 2330 2321
f 2330 2322 2321
f 2330 2329 2328 2327 2326 2325 2324 2323 2322
f 2332 2333 2331
f 2333 2334 2331
f 2334 2335 2331
f 2335 2336 2331
f 2336 2337 2331
f 2337 2338 2331
f 2338 2339 2331
f 2339 2340 2331
f 2340 2332 2331
f 2340 2339 2338 2337 2336 2335 2334 2333 2332
f 2342 2343 2341
f 2343 2344 2341
f 2344 2345 2341
f 2345 2346 2341
f 2346 2347 2341
f 2347 2348 2341
f 2348 2349 2341
f 2349 2350 2341
f 2350 2342 2341
f 2350 2349 2348 2347 2346 2345 2344 2343 2342
f 2352 2353 2351
f 2353 2354 2351
f 2354 2355 2351
f 2355 2356 2351
f 2356 2357 2351
f 2357 2358 2351
f 2358 2359 2351
f 2359 2360 2351
f 2360 2352 2351
f 2360 2359 2358 2357 2356 2355 2354 2353 2352
f 2362 2363 2361
f 2363 2364 2361
f 2364 2365 2361
f 2365 2366 2361
f 2366 2367 2361
f 2367 2368 2361
f 2368 2369 2361
f 2369 2370 2361
f 2370 2362 2361
f 2370 2369 2368 2367 2366 2365 2364 2363 2362
f 2372 2373 2371
f 2373 2374 2371
f 2374 2375 2371
f 2375 2376 2371
f 2376 2377 2371
f 2377 2378 2371
f 2378 2379 2371
f 2379 2380 2371
f 2380 2372 2371
f 2380 2379 2378 2377 2376 2375 2374 2373 2372
f 2381 2382 2387 2386
f 2382 2383 2388 2387
f 2383 2384 2389 2388
f 2384 2385 2390 2389
f 2385 2381 2386 2390
f 2385 2384 2383 2382 2381
f 2386 2387 2388 2389 2390
f 2392 2393 2391
f 2393 2394 2391
f 2394 2395 2391
f 2395 2396 2391
f 2396 2397 2391
f 2397 2398 2391
f 2398 2399 2391
f 2399 2400 2391
f 2400 2392 2391
f 2400 2399 2398 2397 2396 2395 2394 2393 2392
f 2402 2403 2401
f 2403 2404 2401
f 2404 2405 2401
f 2405 2406 2401
f 2406 2407 2401
f 2407 2408 2401
f 2408 2409 2401
f 2409 2410 2401
f 2410 2402 2401
f 2410 2409 2408 2407 2406 2405 2404 2403 2402
f 2412 2413 2411
f 2413 2414 2411
f 2414 2415 2411
f 2415 2416 2411
f 2416 2417 2411
f 2417 2418 2411
f 2418 2419 2411
f 2419 2420 2411
f 2420 2412 2411
f 2420 2419 2418 2417 2416 2415 2414 2413 2412
f 2422 2423 2421
f 2423 2424 2421
f 2424 2425 2421
f 2425 2426 2421
f 2426 2427 2421
f 2427 2428 2421
f 2428 2429 2421
f 2429 2430 2421
f 2430 2422 2421
f 2430 2429 2428 2427 2426 2425 2424 2423 2422
f 2432 2433 2431
f 2433 2434 2431
f 2434 2435 2431
f 2435 2436 2431
f 2436 2437 2431
f 2437 2438 2431
f 2438 2439 2431
f 2439 2440 2431
f 2440 2432 2431
f 2440 2439 2438 2437 2436 2435 2434 2433 2432
f 2442 2443 2441
f 2443 2444 2441
f 2444 2445 2441
f 2445 2446 2441
f 2446 2447 2441
f 2447 2448 2441
f 2448 2449 2441
f 2449 2450 2441
f 2450 2442 2441
f 2450 2449 2448 2447 2446 2445 2444 2443 2442
f 2451 2452 2457 2456
f 2452 2453 2458 2457
f 2453 2454 2459 2458
f 2454 2455 2460 2459
f 2455 2451 2456 2460
f 2455 2454 2453 2452 2451
f 2456 2457 2458 2459 2460
f 2462 2463 2461
f 2463 2464 2461
f 2464 2465 2461
f 2465 2466 2461
f 2466 2467 2461
f 2467 2468 2461
f 2468 2469 2461
f 2469 2470 2461
f 2470 2462 2461
f 2470 2469 2468 2467 2466 2465 2464 2463 2462
f 2472 2473 2471
f 2473 2474 2471
f 2474 2475 2471
f 2475 2476 2471
f 2476 2477 2471
f 2477 2478 2471
f 2478 2479 2471
f 2479 2480 2471
f 2480 2472 2471
f 2480 2479 2478 2477 2476 2475 2474 2473 2472
f 2482 2483 2481
f 2483 2484 2481
f 2484 2485 2481
f 2485 2486 2481
f 2486 2487 2481
f 2487 2488 2481
f 2488 2489 2481
f 2489 2490 2481
f 2490 2482 2481
f 2490 2489 2488 2487 2486 2485 2484 2483 2482
f 2492 2493 2491
f 2493 2494 2491
f 2494 2495 2491
f 2495 2496 2491
f 2496 2497 2491
f 2497 2498 2491
f 2498 2499 2491
f 2499 2500 2491
f 2500 2492 2491
f 2500 2499 2498 2497 2496 2495 2494 2493 2492
f 2502 2503 2501
f 2503 2504 2501
f 2504 2505 2501
f 2505 2506 2501
f 2506 2507 2501
f 2507 2508 2501
f 2508 2509 2501
f 2509 2510 2501
f 2510 2502 2501
f 2510 2509 2508 2507 2506 2505 2504 2503 2502
f 2512 2513 2511
f 2513 2514 2511
f 2514 2515 2511
f 2515 2516 2511
f 2516 2517 2511
f 2517 2518 2511
f 2518 2519 2511
f 2519 2520 2511
f 2520 2512 2511
f 2520 2519 2518 2517 2516 2515 2514 2513 2512
f 2521 2522 2527 2526
f 2522 2523 2528 2527
f 2523 2524 2529 2528
f 2524 2525 2530 2529
f 2525 2521 2526 2530
f 2525 2524 2523 2522 2521
f 2526 2527 2528 2529 2530
f 2532 2533 2531
f 2533 2534 2531
f 2534 2535 2531
f 2535 2536 2531
f 2536 2537 2531
f 2537 2538 2531
f 2538 2539 2531
f 2539 2540 2531
f 2540 2532 2531
f 2540 2539 2538 2537 2536 2535 2534 2533 2532
f 2542 2543 2541
f 2543 2544 2541
f 2544 2545 2541
f 2545 2546 2541
f 2546 2547 2541
f 2547 2548 2541
f 2548 2549 2541
f 2549 2550 2541
f 2550 2542 2541
f 2550 2549 2548 2547 2546 2545 2544 2543 2542
f 2552 2553 2551
f 2553 2554 2551
f 2554 2555 2551
f 2555 2556 2551
f 2556 2557 2551
f 2557 2558 2551
f 2558 2559 2551
f 2559 2560 2551
f 2560 2552 2551
f 2560 2559 2558 2557 2556 2555 2554 2553 2552
f 2562 2563 2561
f 2563 2564 2561
f 2564 2565 2561
f 2565 2566 2561
f 2566 2567 2561
f 2567 2568 2561
f 2568 2569 2561
f 2569 2570 2561
f 2570 2562 2561
f 2570 2569 2568 2567 2566 2565 2564 2563 2562
f 2572 2573 2571
f 2573 2574 2571
f 2574 2575 2571
f 2575 2576 2571
f 2576 2577 2571
f 2577 2578 2571
f 2578 2579 2571
f 2579 2580 2571
f 2580 2572 2571
f 2580 2579 2578 2577 2576 2575 2574 2573 2572
f 2582 2583 2581
f 2583 2584 2581
f 2584 2585 2581
f 2585 2586 2581
f 2586 2587 2581
f 2587 2588 2581
f 2588 2589 2581
f 2589 2590 2581
f 2590 2582 2581
f 2590 2589 2588 2587 2586 2585 2584 2583 2582
f 2591 2592 2597 2596
f 2592 2593 2598 2597
f 2593 2594 2599 2598
f 2594 2595 2600 2599
f 2595 2591 2596 2600
f 2595 2594 2593 2592 2591
f 2596 2597 2598 2599 2600
f 2602 2603 2601
f 2603 2604 2601
f 2604 2605 2601
f 2605 2606 2601
f 2606 2607 2601
f 2607 2608 2601
f 2608 2609 2601
f 2609 2610 2601
f 2610 2602 2601
f 2610 2609 2608 2607 2606 2605 2604 2603 2602
f 2612 2613 2611
f 2613 2614 2611
f 2614 2615 2611
f 2615 2616 2611
f 2616 2617 2611
f 2617 2618 2611
f 2618 2619 2611
f 2619 2620 2611
f 2620 2612 2611
f 2620 2619 2618 2617 2616 2615 2614 2613 2612
f 2622 2623 2621
f 2623 2624 2621
f 2624 2625 2621
f 2625 2626 2621
f 2626 2627 2621
f 2627 2628 2621
f 2628 2629 2621
f 2629 2630 2621
f 2630 2622 2621
f 2630 2629 2628 2627 2626 2625 2624 2623 2622
f 2632 2633 2631
f 2633 2634 2631
f 2634 2635 2631
f 2635 2636 2631
f 2636 2637 2631
f 2637 2638 2631
f 2638 2639 2631
f 2639 2640 2631
f 2640 2632 2631
f 2640 2639 2638 2637 2636 2635 2634 2633 2632
f 2642 2643 2641
f 2643 2644 2641
f 2644 2645 2641
f 2645 2646 2641
f 2646 2647 2641
f 2647 2648 2641
f 2648 2649 2641
f 2649 2650 2641
f 2650 2642 2641
f 2650 2649 2648 2647 2646 2645 2644 2643 2642
f 2652 2653 2651
f 2653 2654 2651
f 2654 2655 2651
f 2655 2656 2651
f 2656 2657 2651
f 2657 2658 2651
f 2658 2659 2651
f 2659 2660 2651
f 2660 2652 2651
f 2660 2659 2658 2657 2656 2655 2654 2653 2652
f 2661 2662 2667 2666
f 2662 2663 2668 2667
f 2663 2664 2669 2668
f 2664 2665 2670 2669
f 2665 2661 2666 2670
f 2665 2664 2663 2662 2661
f 2666 2667 2668 2669 2670
f 2672 2673 2671
f 2673 2674 2671
f 2674 2675 2671
f 2675 2676 2671
f 2676 2677 2671
f 2677 2678 2671
f 2678 2679 2671
f 2679 2680 2671
f 2680 2672 2671
f 2680 2679 2678 2677 2676 2675 2674 2673 2672
f 2682 2683 2681
f 2683 2684 2681
f 2684 2685 2681
f 2685 2686 2681
f 2686 2687 2681
f 2687 2688 2681
f 2688 2689 2681
f 2689 2690 2681
f 2690 2682 2681
f 2690 2689 2688 2687 2686 2685 2684 2683 2682
f 2692 2693 2691
f 2693 2694 2691
f 2694 2695 2691
f 2695 2696 2691
f 2696 2697 2691
f 2697 2698 2691
f 2698 2699 2691
f 2699 2700 2691
f 2700 2692 2691
f 2700 2699 2698 2697 2696 2695 2694 2693 2692
f 2702 2703 2701
f 2703 2704 2701
f 2704 2705 2701
f 2705 2706 2701
f 2706 2707 2701
f 2707 2708 2701
f 2708 2709 2701
f 2709 2710 2701
f 2710 2702 2701
f 2710 2709 2708 2707 2706 2705 2704 2703 2702
f 2712 2713 2711
f 2713 2714 2711
f 2714 2715 2711
f 2715 2716 2711
f 2716 2717 2711
f 2717 2718 2711
f 2718 2719 2711
f 2719 2720 2711
f 2720 2712 2711
f 2720 2719 2718 2717 2716 2715 2714 2713 2712
f 2722 2723 2721
f 2723 2724 2721
f 2724 2725 2721
f 2725 2726 2721
f 2726 2727 2721
f 2727 2728 2721
f 2728 2729 2721
f 2729 2730 2721
f 2730 2722 2721
f 2730 2729 2728 2727 2726 2725 2724 2723 2722
f 2731 2732 2737 2736
f 2732 2733 2738 2737
f 2733 2734 2739 2738
f 2734 2735 2740 2739
f 2735 2731 2736 2740
f 2735 2734 2733 2732 2731
f 2736 2737 2738 2739 2740
f 2742 2743 2741
f 2743 2744 2741
f 2744 2745 2741
f 2745 2746 2741
f 2746 2747 2741
f 2747 2748 2741
f 2748 2749 2741
f 2749 2750 2741
f 2750 2742 2741
f 2750 2749 2748 2747 2746 2745 2744 2743 2742
f 2752 2753 2751
f 2753 2754 2751
f 2754 2755 2751
f 2755 2756 2751
f 2756 2757 2751
f 2757 2758 2751
f 2758 2759 2751
f 2759 2760 2751
f 2760 2752 2751
f 2760 2759 2758 2757 2756 2755 2754 2753 2752
f 2762 2763 2761
f 2763 2764 2761
f 2764 2765 2761
f 2765 2766 2761
f 2766 2767 2761
f 2767 2768 2761
f 2768 2769 2761
f 2769 2770 2761
f 2770 2762 2761
f 2770 2769 2768 2767 2766 2765 2764 2763 2762
f 2772 2773 2771
f 2773 2774 2771
f 2774 2775 2771
f 2775 2776 2771
f 2776 2777 2771
f 2777 2778 2771
f 2778 2779 2771
f 2779 2780 2771
f 2780 2772 2771
f 2780 2779 2778 2777 2776 2775 2774 2773 2772
f 2782 2783 2781
f 2783 2784 2781
f 2784 2785 2781
f 2785 2786 2781
f 2786 2787 2781
f 2787 2788 2781
f 2788 2789 2781
f 2789 2790 2781
f 2790 2782 2781
f 2790 2789 2788 2787 2786 2785 2784 2783 2782
f 2792 2793 2791
f 2793 2794 2791
f 2794 2795 2791
f 2795 2796 2791
f 2796 2797 2791
f 2797 2798 2791
f 2798 2799 2791
f 2799 2800 2791
f 2800 2792 2791
f 2800 2799 2798 2797 2796 2795 2794 2793 2792
f 2801 2802 2807 2806
f 2802 2803 2808 2807
f 2803 2804 2809 2808
f 2804 2805 2810 2809
f 2805 2801 2806 2810
f 2805 2804 2803 2802 2801
f 2806 2807 2808 2809 2810
f 2812 2813 2811
f 2813 2814 2811
f 2814 2815 2811
f 2815 2816 2811
f 2816 2817 2811
f 2817 2818 2811
f 2818 2819 2811
f 2819 2820 2811
f 2820 2812 2811
f 2820 2819 2818 2817 2816 2815 2814 2813 2812
f 2822 2823 2821
f 2823 2824 2821
f 2824 2825 2821
f 2825 2826 2821
f 2826 2827 2821
f 2827 2828 2821
f 2828 2829 2821
f 2829 2830 2821
f 2830 2822 2821
f 2830 2829 2828 2827 2826 2825 2824 2823 2822
f 2832 2833 2831
f 2833 2834 2831
f 2834 2835 2831
f 2835 2836 2831
f 2836 2837 2831
f 2837 2838 2831
f 2838 2839 2831
f 2839 2840 2831
f 2840 2832 2831
f 2840 2839 2838 2837 2836 2835 2834 2833 2832
f 2842 2843 2841
f 2843 2844 2841
f 2844 2845 2841
f 2845 2846 2841
f 2846 2847 2841
f 2847 2848 2841
f 2848 2849 2841
f 2849 2850 2841
f 2850 2842 2841
f 2850 2849 2848 2847 2846 2845 2844 2843 2842
f 2852 2853 2851
f 2853 2854 2851
f 2854 2855 2851
f 2855 2856 2851
f 2856 2857 2851
f 2857 2858 2851
f 2858 2859 2851
f 2859 2860 2851
f 2860 2852 2851
f 2860 2859 2858 2857 2856 2855 2854 2853 2852
f 2862 2863 2861
f 2863 2864 2861
f 2864 2865 2861
f 2865 2866 2861
f 2866 2867 2861
f 2867 2868 2861
f 2868 2869 2861
f 2869 2870 2861
f 2870 2862 2861
f 2870 2869 2868 2867 2866 2865 2864 2863 2862
f 2871 2872 2877 2876
f 2872 2873 2878 2877
f 2873 2874 2879 2878
f 2874 2875 2880 2879
f 2875 2871 2876 2880
f 2875 2874 2873 2872 2871
f 2876 2877 2878 2879 2880
f 2882 2883 2881
f 2883 2884 2881
f 2884 2885 2881
f 2885 2886 2881
f 2886 2887 2881
f 2887 2888 2881
f 2888 2889 2881
f 2889 2890 2881
f 2890 2882 2881
f 2890 2889 2888 2887 2886 2885 2884 2883 2882
f 2892 2893 2891
f 2893 2894 2891
f 2894 2895 2891
f 2895 2896 2891
f 2896 2897 2891
f 2897 2898 2891
f 2898 2899 2891
f 2899 2900 2891
f 2900 2892 2891
f 2900 2899 2898 2897 2896 2895 2894 2893 2892
f 2902 2903 2901
f 2903 2904 2901
f 2904 2905 2901
f 2905 2906 2901
f 2906 2907 2901
f 2907 2908 2901
f 2908 2909 2901
f 2909 2910 2901
f 2910 2902 2901
f 2910 2909 2908 2907 2906 2905 2904 2903 2902
f 2912 2913 2911
f 2913 2914 2911
f 2914 2915 2911
f 2915 2916 2911
f 2916 2917 2911
f 2917 2918 2911
f 2918 2919 2911
f 2919 2920 2911
f 2920 2912 2911
f 2920 2919 2918 2917 2916 2915 2914 2913 2912
f 2922 2923 2921
f 2923 2924 2921
f 2924 2925 2921
f 2925 2926 2921
f 2926 2927 2921
f 2927 2928 2921
f 2928 2929 2921
f 2929 2930 2921
f 2930 2922 2921
f 2930 2929 2928 2927 2926 2925 2924 2923 2922
f 2932 2933 2931
f 2933 2934 2931
f 2934 2935 2931
f 2935 2936 2931
f 2936 2937 2931
f 2937 2938 2931
f 2938 2939 2931
f 2939 2940 2931
f 2940 2932 2931
f 2940 2939 2938 2937 2936 2935 2934 2933 2932
f 2941 2942 2947 2946
f 2942 2943 2948 2947
f 2943 2944 2949 2948
f 2944 2945 2950 2949
f 2945 2941 2946 2950
f 2945 2944 2943 2942 2941
f 2946 2947 2948 2949 2950
f 2952 2953 2951
f 2953 2954 2951
f 2954 2955 2951
f 2955 2956 2951
f 2956 2957 2951
f 2957 2958 2951
f 2958 2959 2951
f 2959 2960 2951
f 2960 2952 2951
f 2960 2959 2958 2957 2956 2955 2954 2953 2952
f 2962 2963 2961
f 2963 2964 2961
f 2964 2965 2961
f 2965 2966 2961
f 2966 2967 2961
f 2967 2968 2961
f 2968 2969 2961
f 2969 2970 2961
f 2970 2962 2961
f 2970 2969 2968 2967 2966 2965 2964 2963 2962
f 2972 2973 2971
f 2973 2974 2971
f 2974 2975 2971
f 2975 2976 2971
f 2976 2977 2971
f 2977 2978 2971
f 2978 2979 2971
f 2979 2980 2971
f 2980 2972 2971
f 2980 2979 2978 2977 2976 2975 2974 2973 2972
f 2982 2983 2981
f 2983 2984 2981
f 2984 2985 2981
f 2985 2986 2981
f 2986 2987 2981
f 2987 2988 2981
f 2988 2989 2981
f 2989 2990 2981
f 2990 2982 2981
f 2990 2989 2988 2987 2986 2985 2984 2983 2982
f 2992 2993 2991
f 2993 2994 2991
f 2994 2995 2991
f 2995 2996 2991
f 2996 2997 2991
f 2997 2998 2991
f 2998 2999 2991
f 2999 3000 2991
f 3000 2992 2991
f 3000 2999 2998 2997 2996 2995 2994 2993 2992
f 3002 3003 3001
f 3003 3004 3001
f 3004 3005 3001
f 3005 3006 3001
f 3006 3007 3001
f 3007 3008 3001
f 3008 3009 3001
f 3009 3010 3001
f 3010 3002 3001
f 3010 3009 3008 3007 3006 3005 3004 3003 3002
f 3011 3012 3017 3016
f 3012 3013 3018 3017
f 3013 3014 3019 3018
f 3014 3015 3020 3019
f 3015 3011 3016 3020
f 3015 3014 3013 3012 3011
f 3016 3017 3018 3019 3020
f 3022 3023 3021
f 3023 3024 3021
f 3024 3025 3021
f 3025 3026 3021
f 3026 3027 3021
f 3027 3028 3021
f 3028 3029 3021
f 3029 3030 3021
f 3030 3022 3021
f 3030 3029 3028 3027 3026 3025 3024 3023 3022
f 3032 3033 3031
f 3033 3034 3031
f 3034 3035 3031
f 3035 3036 3031
f 3036 3037 3031
f 3037 3038 3031
f 3038 3039 3031
f 3039 3040 3031
f 3040 3032 3031
f 3040 3039 3038 3037 3036 3035 3034 3033 3032
f 3042 3043 3041
f 3043 3044 3041
f 3044 3045 3041
f 3045 3046 3041
f 3046 3047 3041
f 3047 3048 3041
f 3048 3049 3041
f 3049 3050 3041
f 3050 3042 3041
f 3050 3049 3048 3047 3046 3045 3044 3043 3042
f 3052 3053 3051
f 3053 3054 3051
f 3054 3055 3051
f 3055 3056 3051
f 3056 3057 3051
f 3057 3058 3051
f 3058 3059 3051
f 3059 3060 3051
f 3060 3052 3051
f 3060 3059 3058 3057 3056 3055 3054 3053 3052
f 3062 3063 3061
f 3063 3064 3061
f 3064 3065 3061
f 3065 3066 3061
f 3066 3067 3061
f 3067 3068 3061
f 3068 3069 3061
f 3069 3070 3061
f 3070 3062 3061
f 3070 3069 3068 3067 3066 3065 3064 3063 3062
f 3072 3073 3071
f 3073 3074 3071
f 3074 3075 3071
f 3075 3076 3071
f 3076 3077 3071
f 3077 3078 3071
f 3078 3079 3071
f 3079 3080 3071
f 3080 3072 3071
f 3080 3079 3078 3077 3076 3075 3074 3073 3072
f 3081 3082 3087 3086
f 3082 3083 3088 3087
f 3083 3084 3089 3088
f 3084 3085 3090 3089
f 3085 3081 3086 3090
f 3085 3084 3083 3082 3081
f 3086 3087 3088 3089 3090
f 3092 3093 3091
f 3093 3094 3091
f 3094 3095 3091
f 3095 3096 3091
f 3096 3097 3091
f 3097 3098 3091
f 3098 3099 3091
f 3099 3100 3091
f 3100 3092 3091
f 3100 3099 3098 3097 3096 3095 3094 3093 3092
f 3102 3103 3101
f 3103 3104 3101
f 3104 3105 3101
f 3105 3106 3101
f 3106 3107 3101
f 3107 3108 3101
f 3108 3109 3101
f 3109 3110 3101
f 3110 3102 3101
f 3110 3109 3108 3107 3106 3105 3104 3103 3102
f 3112 3113 3111
f 3113 3114 3111
f 3114 3115 3111
f 3115 3116 3111
f 3116 3117 3111
f 3117 3118 3111
f 3118 3119 3111
f 3119 3120 3111
f 3120 3112 3111
f 3120 3119 3118 3117 3116 3115 3114 3113 3112
f 3122 3123 3121
f 3123 3124 3121
f 3124 3125 3121
f 3125 3126 3121
f 3126 3127 3121
f 3127 3128 3121
f 3128 3129 3121
f 3129 3130 3121
f 3130 3122 3121
f 3130 3129 3128 3127 3126 3125 3124 3123 3122
f 3132 3133 3131
f 3133 3134 3131
f 3134 3135 3131
f 3135 3136 3131
f 3136 3137 3131
f 3137 3138 3131
f 3138 3139 3131
f 3139 3140 3131
f 3140 3132 3131
f 3140 3139 3138 3137 3136 3135 3134 3133 3132
f 3142 3143 3141
f 3143 3144 3141
f 3144 3145 3141
f 3145 3146 3141
f 3146 3147 3141
f 3147 3148 3141
f 3148 3149 3141
f 3149 3150 3141
f 3150 3142 3141
f 3150 3149 3148 3147 3146 3145 3144 3143 3142
f 3151 3152 3157 3156
f 3152 3153 3158 3157
f 3153 3154 3159 3158
f 3154 3155 3160 3159
f 3155 3151 3156 3160
f 3155 3154 3153 3152 3151
f 3156 3157 3158 3159 3160
f 3162 3163 3161
f 3163 3164 3161
f 3164 3165 3161
f 3165 3166 3161
f 3166 3167 3161
f 3167 3168 3161
f 3168 3169 3161
f 3169 3170 3161
f 3170 3162 3161
f 3170 3169 3168 3167 3166 3165 3164 3163 3162
f 3172 3173 3171
f 3173 3174 3171
f 3174 3175 3171
f 3175 3176 3171
f 3176 3177 3171
f 3177 3178 3171
f 3178 3179 3171
f 3179 3180 3171
f 3180 3172 3171
f 3180 3179 3178 3177 3176 3175 3174 3173 3172
f 3182 3183 3181
f 3183 3184 3181
f 3184 3185 3181
f 3185 3186 3181
f 3186 3187 3181
f 3187 3188 3181
f 3188 3189 3181
f 3189 3190 3181
f 3190 3182 3181
f 3190 3189 3188 3187 3186 3185 3184 3183 3182
f 3192 3193 3191
f 3193 3194 3191
f 3194 3195 3191
f 3195 3196 3191
f 3196 3197 3191
f 3197 3198 3191
f 3198 3199 3191
f 3199 3200 3191
f 3200 3192 3191
f 3200 3199 3198 3197 3196 3195 3194 3193 3192
f 3202 3203 3201
f 3203 3204 3201
f 3204 3205 3201
f 3205 3206 3201
f 3206 3207 3201
f 3207 3208 3201
f 3208 3209 3201
f 3209 3210 3201
f 3210 3202 3201
f 3210 3209 3208 3207 3206 3205 3204 3203 3202
f 3212 3213 3211
f 3213 3214 3211
f 3214 3215 3211
f 3215 3216 3211
f 3216 3217 3211
f 3217 3218 3211
f 3218 3219 3211
f 3219 3220 3211
f 3220 3212 3211
f 3220 3219 3218 3217 3216 3215 3214 3213 3212
f 3221 3222 3227 3226
f 3222 3223 3228 3227
f 3223 3224 3229 3228
f 3224 3225 3230 3229
f 3225 3221 3226 3230
f 3225 3224 3223 3222 3221
f 3226 3227 3228 3229 3230
f 3232 3233 3231
f 3233 3234 3231
f 3234 3235 3231
f 3235 3236 3231
f 3236 3237 3231
f 3237 3238 3231
f 3238 3239 3231
f 3239 3240 3231
f 3240 3232 3231
f 3240 3239 3238 3237 3236 3235 3234 3233 3232
f 3242 3243 3241
f 3243 3244 3241
f 3244 3245 3241
f 3245 3246 3241
f 3246 3247 3241
f 3247 3248 3241
f 3248 3249 3241
f 3249 3250 3241
f 3250 3242 3241
f 3250 3249 3248 3247 3246 3245 3244 3243 3242
f 3252 3253 3251
f 3253 3254 3251
f 3254 3255 3251
f 3255 3256 3251
f 3256 3257 3251
f 3257 3258 3251
f 3258 3259 3251
f 3259 3260 3251
f 3260 3252 3251
f 3260 3259 3258 3257 3256 3255 3254 3253 3252
f 3262 3263 3261
f 3263 3264 3261
f 3264 3265 3261
f 3265 3266 3261
f 3266 3267 3261
f 3267 3268 3261
f 3268 3269 3261
f 3269 3270 3261
f 3270 3262 3261
f 3270 3269 3268 3267 3266 3265 3264 3263 3262
f 3272 3273 3271
f 3273 3274 3271
f 3274 3275 3271
f 3275 3276 3271
f 3276 3277 3271
f 3277 3278 3271
f 3278 3279 3271
f 3279 3280 3271
f 3280 3272 3271
f 3280 3279 3278 3277 3276 3275 3274 3273 3272
f 3282 3283 3281
f 3283 3284 3281
f 3284 3285 3281
f 3285 3286 3281
f 3286 3287 3281
f 3287 3288 3281
f 3288 3289 3281
f 3289 3290 3281
f 3290 3282 3281
f 3290 3289 3288 3287 3286 3285 3284 3283 3282
f 3291 3292 3297 3296
f 3292 3293 3298 3297
f 3293 3294 3299 3298
f 3294 3295 3300 3299
f 3295 3291 3296 3300
f 3295 3294 3293 3292 3291
f 3296 3297 3298 3299 3300
f 3302 3303 3301
f 3303 3304 3301
f 3304 3305 3301
f 3305 3306 3301
f 3306 3307 3301
f 3307 3308 3301
f 3308 3309 3301
f 3309 3310 3301
f 3310 3302 3301
f 3310 3309 3308 3307 3306 3305 3304 3303 3302
f 3312 3313 3311
f 3313 3314 3311
f 3314 3315 3311
f 3315 3316 3311
f 3316 3317 3311
f 3317 3318 3311
f 3318 3319 3311
f 3319 3320 3311
f 3320 3312 3311
f 3320 3319 3318 3317 3316 3315 3314 3313 3312
f 3322 3323 3321
f 3323 3324 3321
f 3324 3325 3321
f 3325 3326 3321
f 3326 3327 3321
f 3327 3328 3321
f 3328 3329 3321
f 3329 3330 3321
f 3330 3322 3321
f 3330 3329 3328 3327 3326 3325 3324 3323 3322
f 3332 3333 3331
f 3333 3334 3331
f 3334 3335 3331
f 3335 3336 3331
f 3336 3337 3331
f 3337 3338 3331
f 3338 3339 3331
f 3339 3340 3331
f 3340 3332 3331
f 3340 3339 3338 3337 3336 3335 3334 3333 3332
f 3342 3343 3341
f 3343 3344 3341
f 3344 3345 3341
f 3345 3346 3341
f 3346 3347 3341
f 3347 3348 3341
f 3348 3349 3341
f 3349 3350 3341
f 3350 3342 3341
f 3350 3349 3348 3347 3346 3345 3344 3343 3342
f 3352 3353 3351
f 3353 3354 3351
f 3354 3355 3351
f 3355 3356 3351
f 3356 3357 3351
f 3357 3358 3351
f 3358 3359 3351
f 3359 3360 3351
f 3360 3352 3351
f 3360 3359 3358 3357 3356 3355 3354 3353 3352
f 3361 3362 3367 3366
f 3362 3363 3368 3367
f 3363 3364 3369 3368
f 3364 3365 3370 3369
f 3365 3361 3366 3370
f 3365 3364 3363 3362 3361
f 3366 3367 3368 3369 3370
f 3372 3373 3371
f 3373 3374 3371
f 3374 3375 3371
f 3375 3376 3371
f 3376 3377 3371
f 3377 3378 3371
f 3378 3379 3371
f 3379 3380 3371
f 3380 3372 3371
f 3380 3379 3378 3377 3376 3375 3374 3373 3372
f 3382 3383 3381
f 3383 3384 3381
f 3384 3385 3381
f 3385 3386 3381
f 3386 3387 3381
f 3387 3388 3381
f 3388 3389 3381
f 3389 3390 3381
f 3390 3382 3381
f 3390 3389 3388 3387 3386 3385 3384 3383 3382
f 3392 3393 3391
f 3393 3394 3391
f 3394 3395 3391
f 3395 3396 3391
f 3396 3397 3391
f 3397 3398 3391
f 3398 3399 3391
f 3399 3400 3391
f 3400 3392 3391
f 3400 3399 3398 3397 3396 3395 3394 3393 3392
f 3402 3403 3401
f 3403 3404 3401
f 3404 3405 3401
f 3405 3406 3401
f 3406 3407 3401
f 3407 3408 3401
f 3408 3409 3401
f 3409 3410 3401
f 3410 3402 3401
f 3410 3409 3408 3407 3406 3405 3404 3403 3402
f 3412 3413 3411
f 3413 3414 3411
f 3414 3415 3411
f 3415 3416 3411
f 3416 3417 3411
f 3417 3418 3411
f 3418 3419 3411
f 3419 3420 3411
f 3420 3412 3411
f 3420 3419 3418 3417 3416 3415 3414 3413 3412
f 3422 3423 3421
f 3423 3424 3421
f 3424 3425 3421
f 3425 3426 3421
f 3426 3427 3421
f 3427 3428 3421
f 3428 3429 3421
f 3429 3430 3421
f 3430 3422 3421
f 3430 3429 3428 3427 3426 3425 3424 3423 3422
f 3431 3432 3437 3436
f 3432 3433 3438 3437
f 3433 3434 3439 3438
f 3434 3435 3440 3439
f 3435 3431 3436 3440
f 3435 3434 3433 3432 3431
f 3436 3437 3438 3439 3440
f 3442 3443 3441
f 3443 3444 3441
f 3444 3445 3441
f 3445 3446 3441
f 3446 3447 3441
f 3447 3448 3441
f 3448 3449 3441
f 3449 3450 3441
f 3450 3442 3441
f 3450 3449 3448 3447 3446 3445 3444 3443 3442
f 3452 3453 3451
f 3453 3454 3451
f 3454 3455 3451
f 3455 3456 3451
f 3456 3457 3451
f 3457 3458 3451
f 3458 3459 3451
f 3459 3460 3451
f 3460 3452 3451
f 3460 3459 3458 3457 3456 3455 3454 3453 3452
f 3462 3463 3461
f 3463 3464 3461
f 3464 3465 3461
f 3465 3466 3461
f 3466 3467 3461
f 3467 3468 3461
f 3468 3469 3461
f 3469 3470 3461
f 3470 3462 3461
f 3470 3469 3468 3467 3466 3465 3464 3463 3462
f 3472 3473 3471
f 3473 3474 3471
f 3474 3475 3471
f 3475 3476 3471
f 3476 3477 3471
f 3477 3478 3471
f 3478 3479 3471
f 3479 3480 3471
f 3480 3472 3471
f 3480 3479 3478 3477 3476 3475 3474 3473 3472
f 3482 3483 3481
f 3483 3484 3481
f 3484 3485 3481
f 3485 3486 3481
f 3486 3487 3481
f 3487 3488 3481
f 3488 3489 3481
f 3489 3490 3481
f 3490 3482 3481
f 3490 3489 3488 3487 3486 3485 3484 3483 3482
f 3492 3493 3491
f 3493 3494 3491
f 3494 3495 3491
f 3495 3496 3491
f 3496 3497 3491
f 3497 3498 3491
f 3498 3499 3491
f 3499 3500 3491
f 3500 3492 3491
f 3500 3499 3498 3497 3496 3495 3494 3493 3492
f 3501 3502 3507 3506
f 3502 3503 3508 3507
f 3503 3504 3509 3508
f 3504 3505 3510 3509
f 3505 3501 3506 3510
f 3505 3504 3503 3502 3501
f 3506 3507 3508 3509 3510
f 3512 3513 3511
f 3513 3514 3511
f 3514 3515 3511
f 3515 3516 3511
f 3516 3517 3511
f 3517 3518 3511
f 3518 3519 3511
f 3519 3520 3511
f 3520 3512 3511
f 3520 3519 3518 3517 3516 3515 3514 3513 3512
f 3522 3523 3521
f 3523 3524 3521
f 3524 3525 3521
f 3525 3526 3521
f 3526 3527 3521
f 3527 3528 3521
f 3528 3529 3521
f 3529 3530 3521
f 3530 3522 3521
f 3530 3529 3528 3527 3526 3525 3524 3523 3522
f 3532 3533 3531
f 3533 3534 3531
f 3534 3535 3531
f 3535 3536 3531
f 3536 3537 3531
f 3537 3538 3531
f 3538 3539 3531
f 3539 3540 3531
f 3540 3532 3531
f 3540 3539 3538 3537 3536 3535 3534 3533 3532
f 3542 3543 3541
f 3543 3544 3541
f 3544 3545 3541
f 3545 3546 3541
f 3546 3547 3541
f 3547 3548 3541
f 3548 3549 3541
f 3549 3550 3541
f 3550 3542 3541
f 3550 3549 3548 3547 3546 3545 3544 3543 3542
f 3552 3553 3551
f 3553 3554 3551
f 3554 3555 3551
f 3555 3556 3551
f 3556 3557 3551
f 3557 3558 3551
f 3558 3559 3551
f 3559 3560 3551
f 3560 3552 3551
f 3560 3559 3558 3557 3556 3555 3554 3553 3552
f 3562 3563 3561
f 3563 3564 3561
f 3564 3565 3561
f 3565 3566 3561
f 3566 3567 3561
f 3567 3568 3561
f 3568 3569 3561
f 3569 3570 3561
f 3570 3562 3561
f 3570 3569 3568 3567 3566 3565 3564 3563 3562
f 3571 3572 3577 3576
f 3572 3573 3578 3577
f 3573 3574 3579 3578
f 3574 3575 3580 3579
f 3575 3571 3576 3580
f 3575 3574 3573 3572 3571
f 3576 3577 3578 3579 3580
f 3582 3583 3581
f 3583 3584 3581
f 3584 3585 3581
f 3585 3586 3581
f 3586 3587 3581
f 3587 3588 3581
f 3588 3589 3581
f 3589 3590 3581
f 3590 3582 3581
f 3590 3589 3588 3587 3586 3585 3584 3583 3582
f 3592 3593 3591
f 3593 3594 3591
f 3594 3595 3591
f 3595 3596 3591
f 3596 3597 3591
f 3597 3598 3591
f 3598 3599 3591
f 3599 3600 3591
f 3600 3592 3591
f 3600 3599 3598 3597 3596 3595 3594 3593 3592
f 3602 3603 3601
f 3603 3604 3601
f 3604 3605 3601
f 3605 3606 3601
f 3606 3607 3601
f 3607 3608 3601
f 3608 3609 3601
f 3609 3610 3601
f 3610 3602 3601
f 3610 3609 3608 3607 3606 3605 3604 3603 3602
f 3612 3613 3611
f 3613 3614 3611
f 3614 3615 3611
f 3615 3616 3611
f 3616 3617 3611
f 3617 3618 3611
f 3618 3619 3611
f 3619 3620 3611
f 3620 3612 3611
f 3620 3619 3618 3617 3616 3615 3614 3613 3612
f 3622 3623 3621
f 3623 3624 3621
f 3624 3625 3621
f 3625 3626 3621
f 3626 3627 3621
f 3627 3628 3621
f 3628 3629 3621
f 3629 3630 3621
f 3630 3622 3621
f 3630 3629 3628 3627 3626 3625 3624 3623 3622
f 3632 3633 3631
f 3633 3634 3631
f 3634 3635 3631
f 3635 3636 3631
f 3636 3637 3631
f 3637 3638 3631
f 3638 3639 3631
f 3639 3640 3631
f 3640 3632 3631
f 3640 3639 3638 3637 3636 3635 3634 3633 3632
f 3641 3642 3647 3646
f 3642 3643 3648 3647
f 3643 3644 3649 3648
f 3644 3645 3650 3649
f 3645 3641 3646 3650
f 3645 3644 3643 3642 3641
f 3646 3647 3648 3649 3650
f 3652 3653 3651
f 3653 3654 3651
f 3654 3655 3651
f 3655 3656 3651
f 3656 3657 3651
f 3657 3658 3651
f 3658 3659 3651
f 3659 3660 3651
f 3660 3652 3651
f 3660 3659 3658 3657 3656 3655 3654 3653 3652
f 3662 3663 3661
f 3663 3664 3661
f 3664 3665 3661
f 3665 3666 3661
f 3666 3667 3661
f 3667 3668 3661
f 3668 3669 3661
f 3669 3670 3661
f 3670 3662 3661
f 3670 3669 3668 3667 3666 3665 3664 3663 3662
f 3672 3673 3671
f 3673 3674 3671
f 3674 3675 3671
f 3675 3676 3671
f 3676 3677 3671
f 3677 3678 3671
f 3678 3679 3671
f 3679 3680 3671
f 3680 3672 3671
f 3680 3679 3678 3677 3676 3675 3674 3673 3672
f 3682 3683 3681
f 3683 3684 3681
f 3684 3685 3681
f 3685 3686 3681
f 3686 3687 3681
f 3687 3688 3681
f 3688 3689 3681
f 3689 3690 3681
f 3690 3682 3681
f 3690 3689 3688 3687 3686 3685 3684 3683 3682
f 3692 3693 3691
f 3693 3694 3691
f 3694 3695 3691
f 3695 3696 3691
f 3696 3697 3691
f 3697 3698 3691
f 3698 3699 3691
f 3699 3700 3691
f 3700 3692 3691
f 3700 3699 3698 3697 3696 3695 3694 3693 3692
f 3702 3703 3701
f 3703 3704 3701
f 3704 3705 3701
f 3705 3706 3701
f 3706 3707 3701
f 3707 3708 3701
f 3708 3709 3701
f 3709 3710 3701
f 3710 3702 3701
f 3710 3709 3708 3707 3706 3705 3704 3703 3702
f 3711 3712 3717 3716
f 3712 3713 3718 3717
f 3713 3714 3719 3718
f 3714 3715 3720 3719
f 3715 3711 3716 3720
f 3715 3714 3713 3712 3711
f 3716 3717 3718 3719 3720
f 3722 3723 3721
f 3723 3724 3721
f 3724 3725 3721
f 3725 3726 3721
f 3726 3727 3721
f 3727 3728 3721
f 3728 3729 3721
f 3729 3730 3721
f 3730 3722 3721
f 3730 3729 3728 3727 3726 3725 3724 3723 3722
f 3732 3733 3731
f 3733 3734 3731
f 3734 3735 3731
f 3735 3736 3731
f 3736 3737 3731
f 3737 3738 3731
f 3738 3739 3731
f 3739 3740 3731
f 3740 3732 3731
f 3740 3739 3738 3737 3736 3735 3734 3733 3732
f 3742 3743 3741
f 3743 3744 3741
f 3744 3745 3741
f 3745 3746 3741
f 3746 3747 3741
f 3747 3748 3741
f 3748 3749 3741
f 3749 3750 3741
f 3750 3742 3741
f 3750 3749 3748 3747 3746 3745 3744 3743 3742
f 3752 3753 3751
f 3753 3754 3751
f 3754 3755 3751
f 3755 3756 3751
f 3756 3757 3751
f 3757 3758 3751
f 3758 3759 3751
f 3759 3760 3751
f 3760 3752 3751
f 3760 3759 3758 3757 3756 3755 3754 3753 3752
f 3762 3763 3761
f 3763 3764 3761
f 3764 3765 3761
f 3765 3766 3761
f 3766 3767 3761
f 3767 3768 3761
f 3768 3769 3761
f 3769 3770 3761
f 3770 3762 3761
f 3770 3769 3768 3767 3766 3765 3764 3763 3762
f 3772 3773 3771
f 3773 3774 3771
f 3774 3775 3771
f 3775 3776 3771
f 3776 3777 3771
f 3777 3778 3771
f 3778 3779 3771
f 3779 3780 3771
f 3780 3772 3771
f 3780 3779 3778 3777 3776 3775 3774 3773 3772
f 3781 3782 3787 3786
f 3782 3783 3788 3787
f 3783 3784 3789 3788
f 3784 3785 3790 3789
f 3785 3781 3786 3790
f 3785 3784 3783 3782 3781
f 3786 3787 3788 3789 3790
f 3792 3793 3791
f 3793 3794 3791
f 3794 3795 3791
f 3795 3796 3791
f 3796 3797 3791
f 3797 3798 3791
f 3798 3799 3791
f 3799 3800 3791
f 3800 3792 3791
f 3800 3799 3798 3797 3796 3795 3794 3793 3792
f 3802 3803 3801
f 3803 3804 3801
f 3804 3805 3801
f 3805 3806 3801
f 3806 3807 3801
f 3807 3808 3801
f 3808 3809 3801
f 3809 3810 3801
f 3810 3802 3801
f 3810 3809 3808 3807 3806 3805 3804 3803 3802
f 3812 3813 3811
f 3813 3814 3811
f 3814 3815 3811
f 3815 3816 3811
f 3816 3817 3811
f 3817 3818 3811
f 3818 3819 3811
f 3819 3820 3811
f 3820 3812 3811
f 3820 3819 3818 3817 3816 3815 3814 3813 3812
f 3822 3823 3821
f 3823 3824 3821
f 3824 3825 3821
f 3825 3826 3821
f 3826 3827 3821
f 3827 3828 3821
f 3828 3829 3821
f 3829 3830 3821
f 3830 3822 3821
f 3830 3829 3828 3827 3826 3825 3824 3823 3822
f 3832 3833 3831
f 3833 3834 3831
f 3834 3835 3831
f 3835 3836 3831
f 3836 3837 3831
f 3837 3838 3831
f 3838 3839 3831
f 3839 3840 3831
f 3840 3832 3831
f 3840 3839 3838 3837 3836 3835 3834 3833 3832
f 3842 3843 3841
f 3843 3844 3841
f 3844 3845 3841
f 3845 3846 3841
f 3846 3847 3841
f 3847 3848 3841
f 3848 3849 3841
f 3849 3850 3841
f 3850 3842 3841
f 3850 3849 3848 3847 3846 3845 3844 3843 3842
f 3851 3852 3857 3856
f 3852 3853 3858 3857
f 3853 3854 3859 3858
f 3854 3855 3860 3859
f 3855 3851 3856 3860
f 3855 3854 3853 3852 3851
f 3856 3857 3858 3859 3860
f 3862 3863 3861
f 3863 3864 3861
f 3864 3865 3861
f 3865 3866 3861
f 3866 3867 3861
f 3867 3868 3861
f 3868 3869 3861
f 3869 3870 3861
f 3870 3862 3861
f 3870 3869 3868 3867 3866 3865 3864 3863 3862
f 3872 3873 3871
f 3873 3874 3871
f 3874 3875 3871
f 3875 3876 3871
f 3876 3877 3871
f 3877 3878 3871
f 3878 3879 3871
f 3879 3880 3871
f 3880 3872 3871
f 3880 3879 3878 3877 3876 3875 3874 3873 3872
f 3882 3883 3881
f 3883 3884 3881
f 3884 3885 3881
f 3885 3886 3881
f 3886 3887 3881
f 3887 3888 3881
f 3888 3889 3881
f 3889 3890 3881
f 3890 3882 3881
f 3890 3889 3888 3887 3886 3885 3884 3883 3882
f 3892 3893 3891
f 3893 3894 3891
f 3894 3895 3891
f 3895 3896 3891
f 3896 3897 3891
f 3897 3898 3891
f 3898 3899 3891
f 3899 3900 3891
f 3900 3892 3891
f 3900 3899 3898 3897 3896 3895 3894 3893 3892
f 3902 3903 3901
f 3903 3904 3901
f 3904 3905 3901
f 3905 3906 3901
f 3906 3907 3901
f 3907 3908 3901
f 3908 3909 3901
f 3909 3910 3901
f 3910 3902 3901
f 3910 3909 3908 3907 3906 3905 3904 3903 3902
f 3912 3913 3911
f 3913 3914 3911
f 3914 3915 3911
f 3915 3916 3911
f 3916 3917 3911
f 3917 3918 3911
f 3918 3919 3911
f 3919 3920 3911
f 3920 3912 3911
f 3920 3919 3918 3917 3916 3915 3914 3913 3912
f 3921 3922 3927 3926
f 3922 3923 3928 3927
f 3923 3924 3929 3928
f 3924 3925 3930 3929
f 3925 3921 3926 3930
f 3925 3924 3923 3922 3921
f 3926 3927 3928 3929 3930
f 3932 3933 3931
f 3933 3934 3931
f 3934 3935 3931
f 3935 3936 3931
f 3936 3937 3931
f 3937 3938 3931
f 3938 3939 3931
f 3939 3940 3931
f 3940 3932 3931
f 3940 3939 3938 3937 3936 3935 3934 3933 3932
f 3942 3943 3941
f 3943 3944 3941
f 3944 3945 3941
f 3945 3946 3941
f 3946 3947 3941
f 3947 3948 3941
f 3948 3949 3941
f 3949 3950 3941
f 3950 3942 3941
f 3950 3949 3948 3947 3946 3945 3944 3943 3942
f 3952 3953 3951
f 3953 3954 3951
f 3954 3955 3951
f 3955 3956 3951
f 3956 3957 3951
f 3957 3958 3951
f 3958 3959 3951
f 3959 3960 3951
f 3960 3952 3951
f 3960 3959 3958 3957 3956 3955 3954 3953 3952
f 3962 3963 3961
f 3963 3964 3961
f 3964 3965 3961
f 3965 3966 3961
f 3966 3967 3961
f 3967 3968 3961
f 3968 3969 3961
f 3969 3970 3961
f 3970 3962 3961
f 3970 3969 3968 3967 3966 3965 3964 3963 3962
f 3972 3973 3971
f 3973 3974 3971
f 3974 3975 3971
f 3975 3976 3971
f 3976 3977 3971
f 3977 3978 3971
f 3978 3979 3971
f 3979 3980 3971
f 3980 3972 3971
f 3980 3979 3978 3977 3976 3975 3974 3973 3972
f 3982 3983 3981
f 3983 3984 3981
f 3984 3985 3981
f 3985 3986 3981
f 3986 3987 3981
f 3987 3988 3981
f 3988 3989 3981
f 3989 3990 3981
f 3990 3982 3981
f 3990 3989 3988 3987 3986 3985 3984 3983 3982
f 3991 3992 3997 3996
f 3992 3993 3998 3997
f 3993 3994 3999 3998
f 3994 3995 4000 3999
f 3995 3991 3996 4000
f 3995 3994 3993 3992 3991
f 3996 3997 3998 3999 4000
f 4002 4003 4001
f 4003 4004 4001
f 4004 4005 4001
f 4005 4006 4001
f 4006 4007 4001
f 4007 4008 4001
f 4008 4009 4001
f 4009 4010 4001
f 4010 4002 4001
f 4010 4009 4008 4007 4006 4005 4004 4003 4002
f 4012 4013 4011
f 4013 4014 4011
f 4014 4015 4011
f 4015 4016 4011
f 4016 4017 4011
f 4017 4018 4011
f 4018 4019 4011
f 4019 4020 4011
f 4020 4012 4011
f 4020 4019 4018 4017 4016 4015 4014 4013 4012
f 4022 4023 4021
f 4023 4024 4021
f 4024 4025 4021
f 4025 4026 4021
f 4026 4027 4021
f 4027 4028 4021
f 4028 4029 4021
f 4029 4030 4021
f 4030 4022 4021
f 4030 4029 4028 4027 4026 4025 4024 4023 4022
f 4032 4033 4031
f 4033 4034 4031
f 4034 4035 4031
f 4035 4036 4031
f 4036 4037 4031
f 4037 4038 4031
f 4038 4039 4031
f 4039 4040 4031
f 4040 4032 4031
f 4040 4039 4038 4037 4036 4035 4034 4033 4032
f 4042 4043 4041
f 4043 4044 4041
f 4044 4045 4041
f 4045 4046 4041
f 4046 4047 4041
f 4047 4048 4041
f 4048 4049 4041
f 4049 4050 4041
f 4050 4042 4041
f 4050 4049 4048 4047 4046 4045 4044 4043 4042
f 4052 4053 4051
f 4053 4054 4051
f 4054 4055 4051
f 4055 4056 4051
f 4056 4057 4051
f 4057 4058 4051
f 4058 4059 4051
f 4059 4060 4051
f 4060 4052 4051
f 4060 4059 4058 4057 4056 4055 4054 4053 4052
f 4061 4062 4067 4066
f 4062 4063 4068 4067
f 4063 4064 4069 4068
f 4064 4065 4070 4069
f 4065 4061 4066 4070
f 4065 4064 4063 4062 4061
f 4066 4067 4068 4069 4070
f 4072 4073 4071
f 4073 4074 4071
f 4074 4075 4071
f 4075 4076 4071
f 4076 4077 4071
f 4077 4078 4071
f 4078 4079 4071
f 4079 4080 4071
f 4080 4072 4071
f 4080 4079 4078 4077 4076 4075 4074 4073 4072
f 4082 4083 4081
f 4083 4084 4081
f 4084 4085 4081
f 4085 4086 4081
f 4086 4087 4081
f 4087 4088 4081
f 4088 4089 4081
f 4089 4090 4081
f 4090 4082 4081
f 4090 4089 4088 4087 4086 4085 4084 4083 4082
f 4092 4093 4091
f 4093 4094 4091
f 4094 4095 4091
f 4095 4096 4091
f 4096 4097 4091
f 4097 4098 4091
f 4098 4099 4091
f 4099 4100 4091
f 4100 4092 4091
f 4100 4099 4098 4097 4096 4095 4094 4093 4092
f 4102 4103 4101
f 4103 4104 4101
f 4104 4105 4101
f 4105 4106 4101
f 4106 4107 4101
f 4107 4108 4101
f 4108 4109 4101
f 4109 4110 4101
f 4110 4102 4101
f 4110 4109 4108 4107 4106 4105 4104 4103 4102
f 4112 4113 4111
f 4113 4114 4111
f 4114 4115 4111
f 4115 4116 4111
f 4116 4117 4111
f 4117 4118 4111
f 4118 4119 4111
f 4119 4120 4111
f 4120 4112 4111
f 4120 4119 4118 4117 4116 4115 4114 4113 4112
f 4122 4123 4121
f 4123 4124 4121
f 4124 4125 4121
f 4125 4126 4121
f 4126 4127 4121
f 4127 4128 4121
f 4128 4129 4121
f 4129 4130 4121
f 4130 4122 4121
f 4130 4129 4128 4127 4126 4125 4124 4123 4122
f 4131 4132 4137 4136
f 4132 4133 4138 4137
f 4133 4134 4139 4138
f 4134 4135 4140 4139
f 4135 4131 4136 4140
f 4135 4134 4133 4132 4131
f 4136 4137 4138 4139 4140
f 4142 4143 4141
f 4143 4144 4141
f 4144 4145 4141
f 4145 4146 4141
f 4146 4147 4141
f 4147 4148 4141
f 4148 4149 4141
f 4149 4150 4141
f 4150 4142 4141
f 4150 4149 4148 4147 4146 4145 4144 4143 4142
f 4152 4153 4151
f 4153 4154 4151
f 4154 4155 4151
f 4155 4156 4151
f 4156 4157 4151
f 4157 4158 4151
f 4158 4159 4151
f 4159 4160 4151
f 4160 4152 4151
f 4160 4159 4158 4157 4156 4155 4154 4153 4152
f 4162 4163 4161
f 4163 4164 4161
f 4164 4165 4161
f 4165 4166 4161
f 4166 4167 4161
f 4167 4168 4161
f 4168 4169 4161
f 4169 4170 4161
f 4170 4162 4161
f 4170 4169 4168 4167 4166 4165 4164 4163 4162
f 4172 4173 4171
f 4173 4174 4171
f 4174 4175 4171
f 4175 4176 4171
f 4176 4177 4171
f 4177 4178 4171
f 4178 4179 4171
f 4179 4180 4171
f 4180 4172 4171
f 4180 4179 4178 4177 4176 4175 4174 4173 4172
f 4182 4183 4181
f 4183 4184 4181
f 4184 4185 4181
f 4185 4186 4181
f 4186 4187 4181
f 4187 4188 4181
f 4188 4189 4181
f 4189 4190 4181
f 4190 4182 4181
f 4190 4189 4188 4187 4186 4185 4184 4183 4182
f 4192 4193 4191
f 4193 4194 4191
f 4194 4195 4191
f 4195 4196 4191
f 4196 4197 4191
f 4197 4198 4191
f 4198 4199 4191
f 4199 4200 4191
f 4200 4192 4191
f 4200 4199 4198 4197 4196 4195 4194 4193 4192
f 4201 4202 4207 4206
f 4202 4203 4208 4207
f 4203 4204 4209 4208
f 4204 4205 4210 4209
f 4205 4201 4206 4210
f 4205 4204 4203 4202 4201
f 4206 4207 4208 4209 4210
f 4212 4213 4211
f 4213 4214 4211
f 4214 4215 4211
f 4215 4216 4211
f 4216 4217 4211
f 4217 4218 4211
f 4218 4219 4211
f 4219 4220 4211
f 4220 4212 4211
f 4220 4219 4218 4217 4216 4215 4214 4213 4212
f 4222 4223 4221
f 4223 4224 4221
f 4224 4225 4221
f 4225 4226 4221
f 4226 4227 4221
f 4227 4228 4221
f 4228 4229 4221
f 4229 4230 4221
f 4230 4222 4221
f 4230 4229 4228 4227 4226 4225 4224 4223 4222
f 4232 4233 4231
f 4233 4234 4231
f 4234 4235 4231
f 4235 4236 4231
f 4236 4237 4231
f 4237 4238 4231
f 4238 4239 4231
f 4239 4240 4231
f 4240 4232 4231
f 4240 4239 4238 4237 4236 4235 4234 4233 4232
f 4242 4243 4241
f 4243 4244 4241
f 4244 4245 4241
f 4245 4246 4241
f 4246 4247 4241
f 4247 4248 4241
f 4248 4249 4241
f 4249 4250 4241
f 4250 4242 4241
f 4250 4249 4248 4247 4246 4245 4244 4243 4242
f 4252 4253 4251
f 4253 4254 4251
f 4254 4255 4251
f 4255 4256 4251
f 4256 4257 4251
f 4257 4258 4251
f 4258 4259 4251
f 4259 4260 4251
f 4260 4252 4251
f 4260 4259 4258 4257 4256 4255 4254 4253 4252
f 4262 4263 4261
f 4263 4264 4261
f 4264 4265 4261
f 4265 4266 4261
f 4266 4267 4261
f 4267 4268 4261
f 4268 4269 4261
f 4269 4270 4261
f 4270 4262 4261
f 4270 4269 4268 4267 4266 4265 4264 4263 4262
f 4271 4272 4277 4276
f 4272 4273 4278 4277
f 4273 4274 4279 4278
f 4274 4275 4280 4279
f 4275 4271 4276 4280
f 4275 4274 4273 4272 4271
f 4276 4277 4278 4279 4280
f 4282 4283 4281
f 4283 4284 4281
f 4284 4285 4281
f 4285 4286 4281
f 4286 4287 4281
f 4287 4288 4281
f 4288 4289 4281
f 4289 4290 4281
f 4290 4282 4281
f 4290 4289 4288 4287 4286 4285 4284 4283 4282
f 4292 4293 4291
f 4293 4294 4291
f 4294 4295 4291
f 4295 4296 4291
f 4296 4297 4291
f 4297 4298 4291
f 4298 4299 4291
f 4299 4300 4291
f 4300 4292 4291
f 4300 4299 4298 4297 4296 4295 4294 4293 4292
f 4302 4303 4301
f 4303 4304 4301
f 4304 4305 4301
f 4305 4306 4301
f 4306 4307 4301
f 4307 4308 4301
f 4308 4309 4301
f 4309 4310 4301
f 4310 4302 4301
f 4310 4309 4308 4307 4306 4305 4304 4303 4302
f 4312 4313 4311
f 4313 4314 4311
f 4314 4315 4311
f 4315 4316 4311
f 4316 4317 4311
f 4317 4318 4311
f 4318 4319 4311
f 4319 4320 4311
f 4320 4312 4311
f 4320 4319 4318 4317 4316 4315 4314 4313 4312
f 4322 4323 4321
f 4323 4324 4321
f 4324 4325 4321
f 4325 4326 4321
f 4326 4327 4321
f 4327 4328 4321
f 4328 4329 4321
f 4329 4330 4321
f 4330 4322 4321
f 4330 4329 4328 4327 4326 4325 4324 4323 4322
f 4332 4333 4331
f 4333 4334 4331
f 4334 4335 4331
f 4335 4336 4331
f 4336 4337 4331
f 4337 4338 4331
f 4338 4339 4331
f 4339 4340 4331
f 4340 4332 4331
f 4340 4339 4338 4337 4336 4335 4334 4333 4332
f 4341 4342 4347 4346
f 4342 4343 4348 4347
f 4343 4344 4349 4348
f 4344 4345 4350 4349
f 4345 4341 4346 4350
f 4345 4344 4343 4342 4341
f 4346 4347 4348 4349 4350
f 4352 4353 4351
f 4353 4354 4351
f 4354 4355 4351
f 4355 4356 4351
f 4356 4357 4351
f 4357 4358 4351
f 4358 4359 4351
f 4359 4360 4351
f 4360 4352 4351
f 4360 4359 4358 4357 4356 4355 4354 4353 4352
f 4362 4363 4361
f 4363 4364 4361
f 4364 4365 4361
f 4365 4366 4361
f 4366 4367 4361
f 4367 4368 4361
f 4368 4369 4361
f 4369 4370 4361
f 4370 4362 4361
f 4370 4369 4368 4367 4366 4365 4364 4363 4362
f 4372 4373 4371
f 4373 4374 4371
f 4374 4375 4371
f 4375 4376 4371
f 4376 4377 4371
f 4377 4378 4371
f 4378 4379 4371
f 4379 4380 4371
f 4380 4372 4371
f 4380 4379 4378 4377 4376 4375 4374 4373 4372
f 4382 4383 4381
f 4383 4384 4381
f 4384 4385 4381
f 4385 4386 4381
f 4386 4387 4381
f 4387 4388 4381
f 4388 4389 4381
f 4389 4390 4381
f 4390 4382 4381
f 4390 4389 4388 4387 4386 4385 4384 4383 4382
f 4392 4393 4391
f 4393 4394 4391
f 4394 4395 4391
f 4395 4396 4391
f 4396 4397 4391
f 4397 4398 4391
f 4398 4399 4391
f 4399 4400 4391
f 4400 4392 4391
f 4400 4399 4398 4397 4396 4395 4394 4393 4392
f 4402 4403 4401
f 4403 4404 4401
f 4404 4405 4401
f 4405 4406 4401
f 4406 4407 4401
f 4407 4408 4401
f 4408 4409 4401
f 4409 4410 4401
f 4410 4402 4401
f 4410 4409 4408 4407 4406 4405 4404 4403 4402
f 4411 4412 4417 4416
f 4412 4413 4418 4417
f 4413 4414 4419 4418
f 4414 4415 4420 4419
f 4415 4411 4416 4420
f 4415 4414 4413 4412 4411
f 4416 4417 4418 4419 4420
f 4422 4423 4421
f 4423 4424 4421
f 4424 4425 4421
f 4425 4426 4421
f 4426 4427 4421
f 4427 4428 4421
f 4428 4429 4421
f 4429 4430 4421
f 4430 4422 4421
f 4430 4429 4428 4427 4426 4425 4424 4423 4422
f 4432 4433 4431
f 4433 4434 4431
f 4434 4435 4431
f 4435 4436 4431
f 4436 4437 4431
f 4437 4438 4431
f 4438 4439 4431
f 4439 4440 4431
f 4440 4432 4431
f 4440 4439 4438 4437 4436 4435 4434 4433 4432
f 4442 4443 4441
f 4443 4444 4441
f 4444 4445 4441
f 4445 4446 4441
f 4446 4447 4441
f 4447 4448 4441
f 4448 4449 4441
f 4449 4450 4441
f 4450 4442 4441
f 4450 4449 4448 4447 4446 4445 4444 4443 4442
f 4452 4453 4451
f 4453 4454 4451
f 4454 4455 4451
f 4455 4456 4451
f 4456 4457 4451
f 4457 4458 4451
f 4458 4459 4451
f 4459 4460 4451
f 4460 4452 4451
f 4460 4459 4458 4457 4456 4455 4454 4453 4452
f 4462 4463 4461
f 4463 4464 4461
f 4464 4465 4461
f 4465 4466 4461
f 4466 4467 4461
f 4467 4468 4461
f 4468 4469 4461
f 4469 4470 4461
f 4470 4462 4461
f 4470 4469 4468 4467 4466 4465 4464 4463 4462
f 4472 4473 4471
f 4473 4474 4471
f 4474 4475 4471
f 4475 4476 4471
f 4476 4477 4471
f 4477 4478 4471
f 4478 4479 4471
f 4479 4480 4471
f 4480 4472 4471
f 4480 4479 4478 4477 4476 4475 4474 4473 4472
f 4481 4482 4487 4486
f 4482 4483 4488 4487
f 4483 4484 4489 4488
f 4484 4485 4490 4489
f 4485 4481 4486 4490
f 4485 4484 4483 4482 4481
f 4486 4487 4488 4489 4490
f 4492 4493 4491
f 4493 4494 4491
f 4494 4495 4491
f 4495 4496 4491
f 4496 4497 4491
f 4497 4498 4491
f 4498 4499 4491
f 4499 4500 4491
f 4500 4492 4491
f 4500 4499 4498 4497 4496 4495 4494 4493 4492
f 4502 4503 4501
f 4503 4504 4501
f 4504 4505 4501
f 4505 4506 4501
f 4506 4507 4501
f 4507 4508 4501
f 4508 4509 4501
f 4509 4510 4501
f 4510 4502 4501
f 4510 4509 4508 4507 4506 4505 4504 4503 4502
f 4512 4513 4511
f 4513 4514 4511
f 4514 4515 4511
f 4515 4516 4511
f 4516 4517 4511
f 4517 4518 4511
f 4518 4519 4511
f 4519 4520 4511
f 4520 4512 4511
f 4520 4519 4518 4517 4516 4515 4514 4513 4512
f 4522 4523 4521
f 4523 4524 4521
f 4524 4525 4521
f 4525 4526 4521
f 4526 4527 4521
f 4527 4528 4521
f 4528 4529 4521
f 4529 4530 4521
f 4530 4522 4521
f 4530 4529 4528 4527 4526 4525 4524 4523 4522
f 4532 4533 4531
f 4533 4534 4531
f 4534 4535 4531
f 4535 4536 4531
f 4536 4537 4531
f 4537 4538 4531
f 4538 4539 4531
f 4539 4540 4531
f 4540 4532 4531
f 4540 4539 4538 4537 4536 4535 4534 4533 4532
f 4542 4543 4541
f 4543 4544 4541
f 4544 4545 4541
f 4545 4546 4541
f 4546 4547 4541
f 4547 4548 4541
f 4548 4549 4541
f 4549 4550 4541
f 4550 4542 4541
f 4550 4549 4548 4547 4546 4545 4544 4543 4542
f 4551 4552 4557 4556
f 4552 4553 4558 4557
f 4553 4554 4559 4558
f 4554 4555 4560 4559
f 4555 4551 4556 4560
f 4555 4554 4553 4552 4551
f 4556 4557 4558 4559 4560
f 4562 4563 4561
f 4563 4564 4561
f 4564 4565 4561
f 4565 4566 4561
f 4566 4567 4561
f 4567 4568 4561
f 4568 4569 4561
f 4569 4570 4561
f 4570 4562 4561
f 4570 4569 4568 4567 4566 4565 4564 4563 4562
f 4572 4573 4571
f 4573 4574 4571
f 4574 4575 4571
f 4575 4576 4571
f 4576 4577 4571
f 4577 4578 4571
f 4578 4579 4571
f 4579 4580 4571
f 4580 4572 4571
f 4580 4579 4578 4577 4576 4575 4574 4573 4572
f 4582 4583 4581
f 4583 4584 4581
f 4584 4585 4581
f 4585 4586 4581
f 4586 4587 4581
f 4587 4588 4581
f 4588 4589 4581
f 4589 4590 4581
f 4590 4582 4581
f 4590 4589 4588 4587 4586 4585 4584 4583 4582
f 4592 4593 4591
f 4593 4594 4591
f 4594 4595 4591
f 4595 4596 4591
f 4596 4597 4591
f 4597 4598 4591
f 4598 4599 4591
f 4599 4600 4591
f 4600 4592 4591
f 4600 4599 4598 4597 4596 4595 4594 4593 4592
f 4602 4603 4601
f 4603 4604 4601
f 4604 4605 4601
f 4605 4606 4601
f 4606 4607 4601
f 4607 4608 4601
f 4608 4609 4601
f 4609 4610 4601
f 4610 4602 4601
f 4610 4609 4608 4607 4606 4605 4604 4603 4602
f 4612 4613 4611
f 4613 4614 4611
f 4614 4615 4611
f 4615 4616 4611
f 4616 4617 4611
f 4617 4618 4611
f 4618 4619 4611
f 4619 4620 4611
f 4620 4612 4611
f 4620 4619 4618 4617 4616 4615 4614 4613 4612
f 4621 4622 4627 4626
f 4622 4623 4628 4627
f 4623 4624 4629 4628
f 4624 4625 4630 4629
f 4625 4621 4626 4630
f 4625 4624 4623 4622 4621
f 4626 4627 4628 4629 4630
f 4632 4633 4631
f 4633 4634 4631
f 4634 4635 4631
f 4635 4636 4631
f 4636 4637 4631
f 4637 4638 4631
f 4638 4639 4631
f 4639 4640 4631
f 4640 4632 4631
f 4640 4639 4638 4637 4636 4635 4634 4633 4632
f 4642 4643 4641
f 4643 4644 4641
f 4644 4645 4641
f 4645 4646 4641
f 4646 4647 4641
f 4647 4648 4641
f 4648 4649 4641
f 4649 4650 4641
f 4650 4642 4641
f 4650 4649 4648 4647 4646 4645 4644 4643 4642
f 4652 4653 4651
f 4653 4654 4651
f 4654 4655 4651
f 4655 4656 4651
f 4656 4657 4651
f 4657 4658 4651
f 4658 4659 4651
f 4659 4660 4651
f 4660 4652 4651
f 4660 4659 4658 4657 4656 4655 4654 4653 4652
f 4662 4663 4661
f 4663 4664 4661
f 4664 4665 4661
f 4665 4666 4661
f 4666 4667 4661
f 4667 4668 4661
f 4668 4669 4661
f 4669 4670 4661
f 4670 4662 4661
f 4670 4669 4668 4667 4666 4665 4664 4663 4662
f 4672 4673 4671
f 4673 4674 4671
f 4674 4675 4671
f 4675 4676 4671
f 4676 4677 4671
f 4677 4678 4671
f 4678 4679 4671
f 4679 4680 4671
f 4680 4672 4671
f 4680 4679 4678 4677 4676 4675 4674 4673 4672
f 4682 4683 4681
f 4683 4684 4681
f 4684 4685 4681
f 4685 4686 4681
f 4686 4687 4681
f 4687 4688 4681
f 4688 4689 4681
f 4689 4690 4681
f 4690 4682 4681
f 4690 4689 4688 4687 4686 4685 4684 4683 4682
f 4691 4692 4697 4696
f 4692 4693 4698 4697
f 4693 4694 4699 4698
f 4694 4695 4700 4699
f 4695 4691 4696 4700
f 4695 4694 4693 4692 4691
f 4696 4697 4698 4699 4700
f 4702 4703 4701
f 4703 4704 4701
f 4704 4705 4701
f 4705 4706 4701
f 4706 4707 4701
f 4707 4708 4701
f 4708 4709 4701
f 4709 4710 4701
f 4710 4702 4701
f 4710 4709 4708 4707 4706 4705 4704 4703 4702
f 4712 4713 4711
f 4713 4714 4711
f 4714 4715 4711
f 4715 4716 4711
f 4716 4717 4711
f 4717 4718 4711
f 4718 4719 4711
f 4719 4720 4711
f 4720 4712 4711
f 4720 4719 4718 4717 4716 4715 4714 4713 4712
f 4722 4723 4721
f 4723 4724 4721
f 4724 4725 4721
f 4725 4726 4721
f 4726 4727 4721
f 4727 4728 4721
f 4728 4729 4721
f 4729 4730 4721
f 4730 4722 4721
f 4730 4729 4728 4727 4726 4725 4724 4723 4722
f 4732 4733 4731
f 4733 4734 4731
f 4734 4735 4731
f 4735 4736 4731
f 4736 4737 4731
f 4737 4738 4731
f 4738 4739 4731
f 4739 4740 4731
f 4740 4732 4731
f 4740 4739 4738 4737 4736 4735 4734 4733 4732
f 4742 4743 4741
f 4743 4744 4741
f 4744 4745 4741
f 4745 4746 4741
f 4746 4747 4741
f 4747 4748 4741
f 4748 4749 4741
f 4749 4750 4741
f 4750 4742 4741
f 4750 4749 4748 4747 4746 4745 4744 4743 4742
f 4752 4753 4751
f 4753 4754 4751
f 4754 4755 4751
f 4755 4756 4751
f 4756 4757 4751
f 4757 4758 4751
f 4758 4759 4751
f 4759 4760 4751
f 4760 4752 4751
f 4760 4759 4758 4757 4756 4755 4754 4753 4752
f 4761 4762 4767 4766
f 4762 4763 4768 4767
f 4763 4764 4769 4768
f 4764 4765 4770 4769
f 4765 4761 4766 4770
f 4765 4764 4763 4762 4761
f 4766 4767 4768 4769 4770
f 4772 4773 4771
f 4773 4774 4771
f 4774 4775 4771
f 4775 4776 4771
f 4776 4777 4771
f 4777 4778 4771
f 4778 4779 4771
f 4779 4780 4771
f 4780 4772 4771
f 4780 4779 4778 4777 4776 4775 4774 4773 4772
f 4782 4783 4781
f 4783 4784 4781
f 4784 4785 4781
f 4785 4786 4781
f 4786 4787 4781
f 4787 4788 4781
f 4788 4789 4781
f 4789 4790 4781
f 4790 4782 4781
f 4790 4789 4788 4787 4786 4785 4784 4783 4782
f 4792 4793 4791
f 4793 4794 4791
f 4794 4795 4791
f 4795 4796 4791
f 4796 4797 4791
f 4797 4798 4791
f 4798 4799 4791
f 4799 4800 4791
f 4800 4792 4791
f 4800 4799 4798 4797 4796 4795 4794 4793 4792
f 4802 4803 4801
f 4803 4804 4801
f 4804 4805 4801
f 4805 4806 4801
f 4806 4807 4801
f 4807 4808 4801
f 4808 4809 4801
f 4809 4810 4801
f 4810 4802 4801
f 4810 4809 4808 4807 4806 4805 4804 4803 4802
f 4812 4813 4811
f 4813 4814 4811
f 4814 4815 4811
f 4815 4816 4811
f 4816 4817 4811
f 4817 4818 4811
f 4818 4819 4811
f 4819 4820 4811
f 4820 4812 4811
f 4820 4819 4818 4817 4816 4815 4814 4813 4812
f 4822 4823 4821
f 4823 4824 4821
f 4824 4825 4821
f 4825 4826 4821
f 4826 4827 4821
f 4827 4828 4821
f 4828 4829 4821
f 4829 4830 4821
f 4830 4822 4821
f 4830 4829 4828 4827 4826 4825 4824 4823 4822
f 4831 4832 4837 4836
f 4832 4833 4838 4837
f 4833 4834 4839 4838
f 4834 4835 4840 4839
f 4835 4831 4836 4840
f 4835 4834 4833 4832 4831
f 4836 4837 4838 4839 4840
f 4842 4843 4841
f 4843 4844 4841
f 4844 4845 4841
f 4845 4846 4841
f 4846 4847 4841
f 4847 4848 4841
f 4848 4849 4841
f 4849 4850 4841
f 4850 4842 4841
f 4850 4849 4848 4847 4846 4845 4844 4843 4842
f 4852 4853 4851
f 4853 4854 4851
f 4854 4855 4851
f 4855 4856 4851
f 4856 4857 4851
f 4857 4858 4851
f 4858 4859 4851
f 4859 4860 4851
f 4860 4852 4851
f 4860 4859 4858 4857 4856 4855 4854 4853 4852
f 4862 4863 4861
f 4863 4864 4861
f 4864 4865 4861
f 4865 4866 4861
f 4866 4867 4861
f 4867 4868 4861
f 4868 4869 4861
f 4869 4870 4861
f 4870 4862 4861
f 4870 4869 4868 4867 4866 4865 4864 4863 4862
f 4872 4873 4871
f 4873 4874 4871
f 4874 4875 4871
f 4875 4876 4871
f 4876 4877 4871
f 4877 4878 4871
f 4878 4879 4871
f 4879 4880 4871
f 4880 4872 4871
f 4880 4879 4878 4877 4876 4875 4874 4873 4872
f 4882 4883 4881
f 4883 4884 4881
f 4884 4885 4881
f 4885 4886 4881
f 4886 4887 4881
f 4887 4888 4881
f 4888 4889 4881
f 4889 4890 4881
f 4890 4882 4881
f 4890 4889 4888 4887 4886 4885 4884 4883 4882
f 4892 4893 4891
f 4893 4894 4891
f 4894 4895 4891
f 4895 4896 4891
f 4896 4897 4891
f 4897 4898 4891
f 4898 4899 4891
f 4899 4900 4891
f 4900 4892 4891
f 4900 4899 4898 4897 4896 4895 4894 4893 4892
f 4901 4902 4907 4906
f 4902 4903 4908 4907
f 4903 4904 4909 4908
f 4904 4905 4910 4909
f 4905 4901 4906 4910
f 4905 4904 4903 4902 4901
f 4906 4907 4908 4909 4910
f 4912 4913 4911
f 4913 4914 4911
f 4914 4915 4911
f 4915 4916 4911
f 4916 4917 4911
f 4917 4918 4911
f 4918 4919 4911
f 4919 4920 4911
f 4920 4912 4911
f 4920 4919 4918 4917 4916 4915 4914 4913 4912
f 4922 4923 4921
f 4923 4924 4921
f 4924 4925 4921
f 4925 4926 4921
f 4926 4927 4921
f 4927 4928 4921
f 4928 4929 4921
f 4929 4930 4921
f 4930 4922 4921
f 4930 4929 4928 4927 4926 4925 4924 4923 4922
f 4932 4933 4931
f 4933 4934 4931
f 4934 4935 4931
f 4935 4936 4931
f 4936 4937 4931
f 4937 4938 4931
f 4938 4939 4931
f 4939 4940 4931
f 4940 4932 4931
f 4940 4939 4938 4937 4936 4935 4934 4933 4932
f 4942 4943 4941
f 4943 4944 4941
f 4944 4945 4941
f 4945 4946 4941
f 4946 4947 4941
f 4947 4948 4941
f 4948 4949 4941
f 4949 4950 4941
f 4950 4942 4941
f 4950 4949 4948 4947 4946 4945 4944 4943 4942
f 4952 4953 4951
f 4953 4954 4951
f 4954 4955 4951
f 4955 4956 4951
f 4956 4957 4951
f 4957 4958 4951
f 4958 4959 4951
f 4959 4960 4951
f 4960 4952 4951
f 4960 4959 4958 4957 4956 4955 4954 4953 4952
f 4962 4963 4961
f 4963 4964 4961
f 4964 4965 4961
f 4965 4966 4961
f 4966 4967 4961
f 4967 4968 4961
f 4968 4969 4961
f 4969 4970 4961
f 4970 4962 4961
f 4970 4969 4968 4967 4966 4965 4964 4963 4962
f 4971 4972 4977 4976
f 4972 4973 4978 4977
f 4973 4974 4979 4978
f 4974 4975 4980 4979
f 4975 4971 4976 4980
f 4975 4974 4973 4972 4971
f 4976 4977 4978 4979 4980
f 4982 4983 4981
f 4983 4984 4981
f 4984 4985 4981
f 4985 4986 4981
f 4986 4987 4981
f 4987 4988 4981
f 4988 4989 4981
f 4989 4990 4981
f 4990 4982 4981
f 4990 4989 4988 4987 4986 4985 4984 4983 4982
f 4992 4993 4991
f 4993 4994 4991
f 4994 4995 4991
f 4995 4996 4991
f 4996 4997 4991
f 4997 4998 4991
f 4998 4999 4991
f 4999 5000 4991
f 5000 4992 4991
f 5000 4999 4998 4997 4996 4995 4994 4993 4992
f 5002 5003 5001
f 5003 5004 5001
f 5004 5005 5001
f 5005 5006 5001
f 5006 5007 5001
f 5007 5008 5001
f 5008 5009 5001
f 5009 5010 5001
f 5010 5002 5001
f 5010 5009 5008 5007 5006 5005 5004 5003 5002
f 5012 5013 5011
f 5013 5014 5011
f 5014 5015 5011
f 5015 5016 5011
f 5016 5017 5011
f 5017 5018 5011
f 5018 5019 5011
f 5019 5020 5011
f 5020 5012 5011
f 5020 5019 5018 5017 5016 5015 5014 5013 5012
f 5022 5023 5021
f 5023 5024 5021
f 5024 5025 5021
f 5025 5026 5021
f 5026 5027 5021
f 5027 5028 5021
f 5028 5029 5021
f 5029 5030 5021
f 5030 5022 5021
f 5030 5029 5028 5027 5026 5025 5024 5023 5022
f 5032 5033 5031
f 5033 5034 5031
f 5034 5035 5031
f 5035 5036 5031
f 5036 5037 5031
f 5037 5038 5031
f 5038 5039 5031
f 5039 5040 5031
f 5040 5032 5031
f 5040 5039 5038 5037 5036 5035 5034 5033 5032
f 5041 5042 5047 5046
f 5042 5043 5048 5047
f 5043 5044 5049 5048
f 5044 5045 5050 5049
f 5045 5041 5046 5050
f 5045 5044 5043 5042 5041
f 5046 5047 5048 5049 5050
f 5052 5053 5051
f 5053 5054 5051
f 5054 5055 5051
f 5055 5056 5051
f 5056 5057 5051
f 5057 5058 5051
f 5058 5059 5051
f 5059 5060 5051
f 5060 5052 5051
f 5060 5059 5058 5057 5056 5055 5054 5053 5052
f 5062 5063 5061
f 5063 5064 5061
f 5064 5065 5061
f 5065 5066 5061
f 5066 5067 5061
f 5067 5068 5061
f 5068 5069 5061
f 5069 5070 5061
f 5070 5062 5061
f 5070 5069 5068 5067 5066 5065 5064 5063 5062
f 5072 5073 5071
f 5073 5074 5071
f 5074 5075 5071
f 5075 5076 5071
f 5076 5077 5071
f 5077 5078 5071
f 5078 5079 5071
f 5079 5080 5071
f 5080 5072 5071
f 5080 5079 5078 5077 5076 5075 5074 5073 5072
f 5082 5083 5081
f 5083 5084 5081
f 5084 5085 5081
f 5085 5086 5081
f 5086 5087 5081
f 5087 5088 5081
f 5088 5089 5081
f 5089 5090 5081
f 5090 5082 5081
f 5090 5089 5088 5087 5086 5085 5084 5083 5082
f 5092 5093 5091
f 5093 5094 5091
f 5094 5095 5091
f 5095 5096 5091
f 5096 5097 5091
f 5097 5098 5091
f 5098 5099 5091
f 5099 5100 5091
f 5100 5092 5091
f 5100 5099 5098 5097 5096 5095 5094 5093 5092
f 5102 5103 5101
f 5103 5104 5101
f 5104 5105 5101
f 5105 5106 5101
f 5106 5107 5101
f 5107 5108 5101
f 5108 5109 5101
f 5109 5110 5101
f 5110 5102 5101
f 5110 5109 5108 5107 5106 5105 5104 5103 5102
f 5111 5112 5117 5116
f 5112 5113 5118 5117
f 5113 5114 5119 5118
f 5114 5115 5120 5119
f 5115 5111 5116 5120
f 5115 5114 5113 5112 5111
f 5116 5117 5118 5119 5120
f 5122 5123 5121
f 5123 5124 5121
f 5124 5125 5121
f 5125 5126 5121
f 5126 5127 5121
f 5127 5128 5121
f 5128 5129 5121
f 5129 5130 5121
f 5130 5122 5121
f 5130 5129 5128 5127 5126 5125 5124 5123 5122
f 5132 5133 5131
f 5133 5134 5131
f 5134 5135 5131
f 5135 5136 5131
f 5136 5137 5131
f 5137 5138 5131
f 5138 5139 5131
f 5139 5140 5131
f 5140 5132 5131
f 5140 5139 5138 5137 5136 5135 5134 5133 5132
f 5142 5143 5141
f 5143 5144 5141
f 5144 5145 5141
f 5145 5146 5141
f 5146 5147 5141
f 5147 5148 5141
f 5148 5149 5141
f 5149 5150 5141
f 5150 5142 5141
f 5150 5149 5148 5147 5146 5145 5144 5143 5142
f 5152 5153 5151
f 5153 5154 5151
f 5154 5155 5151
f 5155 5156 5151
f 5156 5157 5151
f 5157 5158 5151
f 5158 5159 5151
f 5159 5160 5151
f 5160 5152 5151
f 5160 5159 5158 5157 5156 5155 5154 5153 5152
f 5162 5163 5161
f 5163 5164 5161
f 5164 5165 5161
f 5165 5166 5161
f 5166 5167 5161
f 5167 5168 5161
f 5168 5169 5161
f 5169 5170 5161
f 5170 5162 5161
f 5170 5169 5168 5167 5166 5165 5164 5163 5162
f 5172 5173 5171
f 5173 5174 5171
f 5174 5175 5171
f 5175 5176 5171
f 5176 5177 5171
f 5177 5178 5171
f 5178 5179 5171
f 5179 5180 5171
f 5180 5172 5171
f 5180 5179 5178 5177 5176 5175 5174 5173 5172
f 5181 5182 5187 5186
f 5182 5183 5188 5187
f 5183 5184 5189 5188
f 5184 5185 5190 5189
f 5185 5181 5186 5190
f 5185 5184 5183 5182 5181
f 5186 5187 5188 5189 5190
f 5192 5193 5191
f 5193 5194 5191
f 5194 5195 5191
f 5195 5196 5191
f 5196 5197 5191
f 5197 5198 5191
f 5198 5199 5191
f 5199 5200 5191
f 5200 5192 5191
f 5200 5199 5198 5197 5196 5195 5194 5193 5192
f 5202 5203 5201
f 5203 5204 5201
f 5204 5205 5201
f 5205 5206 5201
f 5206 5207 5201
f 5207 5208 5201
f 5208 5209 5201
f 5209 5210 5201
f 5210 5202 5201
f 5210 5209 5208 5207 5206 5205 5204 5203 5202
f 5212 5213 5211
f 5213 5214 5211
f 5214 5215 5211
f 5215 5216 5211
f 5216 5217 5211
f 5217 5218 5211
f 5218 5219 5211
f 5219 5220 5211
f 5220 5212 5211
f 5220 5219 5218 5217 5216 5215 5214 5213 5212
f 5222 5223 5221
f 5223 5224 5221
f 5224 5225 5221
f 5225 5226 5221
f 5226 5227 5221
f 5227 5228 5221
f 5228 5229 5221
f 5229 5230 5221
f 5230 5222 5221
f 5230 5229 5228 5227 5226 5225 5224 5223 5222
f 5232 5233 5231
f 5233 5234 5231
f 5234 5235 5231
f 5235 5236 5231
f 5236 5237 5231
f 5237 5238 5231
f 5238 5239 5231
f 5239 5240 5231
f 5240 5232 5231
f 5240 5239 5238 5237 5236 5235 5234 5233 5232
f 5242 5243 5241
f 5243 5244 5241
f 5244 5245 5241
f 5245 5246 5241
f 5246 5247 5241
f 5247 5248 5241
f 5248 5249 5241
f 5249 5250 5241
f 5250 5242 5241
f 5250 5249 5248 5247 5246 5245 5244 5243 5242
f 5251 5252 5257 5256
f 5252 5253 5258 5257
f 5253 5254 5259 5258
f 5254 5255 5260 5259
f 5255 5251 5256 5260
f 5255 5254 5253 5252 5251
f 5256 5257 5258 5259 5260
f 5262 5263 5261
f 5263 5264 5261
f 5264 5265 5261
f 5265 5266 5261
f 5266 5267 5261
f 5267 5268 5261
f 5268 5269 5261
f 5269 5270 5261
f 5270 5262 5261
f 5270 5269 5268 5267 5266 5265 5264 5263 5262
f 5272 5273 5271
f 5273 5274 5271
f 5274 5275 5271
f 5275 5276 5271
f 5276 5277 5271
f 5277 5278 5271
f 5278 5279 5271
f 5279 5280 5271
f 5280 5272 5271
f 5280 5279 5278 5277 5276 5275 5274 5273 5272
f 5282 5283 5281
f 5283 5284 5281
f 5284 5285 5281
f 5285 5286 5281
f 5286 5287 5281
f 5287 5288 5281
f 5288 5289 5281
f 5289 5290 5281
f 5290 5282 5281
f 5290 5289 5288 5287 5286 5285 5284 5283 5282
f 5292 5293 5291
f 5293 5294 5291
f 5294 5295 5291
f 5295 5296 5291
f 5296 5297 5291
f 5297 5298 5291
f 5298 5299 5291
f 5299 5300 5291
f 5300 5292 5291
f 5300 5299 5298 5297 5296 5295 5294 5293 5292
f 5302 5303 5301
f 5303 5304 5301
f 5304 5305 5301
f 5305 5306 5301
f 5306 5307 5301
f 5307 5308 5301
f 5308 5309 5301
f 5309 5310 5301
f 5310 5302 5301
f 5310 5309 5308 5307 5306 5305 5304 5303 5302
f 5312 5313 5311
f 5313 5314 5311
f 5314 5315 5311
f 5315 5316 5311
f 5316 5317 5311
f 5317 5318 5311
f 5318 5319 5311
f 5319 5320 5311
f 5320 5312 5311
f 5320 5319 5318 5317 5316 5315 5314 5313 5312
f 5321 5322 5327 5326
f 5322 5323 5328 5327
f 5323 5324 5329 5328
f 5324 5325 5330 5329
f 5325 5321 5326 5330
f 5325 5324 5323 5322 5321
f 5326 5327 5328 5329 5330
f 5332 5333 5331
f 5333 5334 5331
f 5334 5335 5331
f 5335 5336 5331
f 5336 5337 5331
f 5337 5338 5331
f 5338 5339 5331
f 5339 5340 5331
f 5340 5332 5331
f 5340 5339 5338 5337 5336 5335 5334 5333 5332
f 5342 5343 5341
f 5343 5344 5341
f 5344 5345 5341
f 5345 5346 5341
f 5346 5347 5341
f 5347 5348 5341
f 5348 5349 5341
f 5349 5350 5341
f 5350 5342 5341
f 5350 5349 5348 5347 5346 5345 5344 5343 5342
f 5352 5353 5351
f 5353 5354 5351
f 5354 5355 5351
f 5355 5356 5351
f 5356 5357 5351
f 5357 5358 5351
f 5358 5359 5351
f 5359 5360 5351
f 5360 5352 5351
f 5360 5359 5358 5357 5356 5355 5354 5353 5352
f 5362 5363 5361
f 5363 5364 5361
f 5364 5365 5361
f 5365 5366 5361
f 5366 5367 5361
f 5367 5368 5361
f 5368 5369 5361
f 5369 5370 5361
f 5370 5362 5361
f 5370 5369 5368 5367 5366 5365 5364 5363 5362
f 5372 5373 5371
f 5373 5374 5371
f 5374 5375 5371
f 5375 5376 5371
f 5376 5377 5371
f 5377 5378 5371
f 5378 5379 5371
f 5379 5380 5371
f 5380 5372 5371
f 5380 5379 5378 5377 5376 5375 5374 5373 5372
f 5382 5383 5381
f 5383 5384 5381
f 5384 5385 5381
f 5385 5386 5381
f 5386 5387 5381
f 5387 5388 5381
f 5388 5389 5381
f 5389 5390 5381
f 5390 5382 5381
f 5390 5389 5388 5387 5386 5385 5384 5383 5382
f 5391 5392 5397 5396
f 5392 5393 5398 5397
f 5393 5394 5399 5398
f 5394 5395 5400 5399
f 5395 5391 5396 5400
f 5395 5394 5393 5392 5391
f 5396 5397 5398 5399 5400
f 5402 5403 5401
f 5403 5404 5401
f 5404 5405 5401
f 5405 5406 5401
f 5406 5407 5401
f 5407 5408 5401
f 5408 5409 5401
f 5409 5410 5401
f 5410 5402 5401
f 5410 5409 5408 5407 5406 5405 5404 5403 5402
f 5412 5413 5411
f 5413 5414 5411
f 5414 5415 5411
f 5415 5416 5411
f 5416 5417 5411
f 5417 5418 5411
f 5418 5419 5411
f 5419 5420 5411
f 5420 5412 5411
f 5420 5419 5418 5417 5416 5415 5414 5413 5412
f 5422 5423 5421
f 5423 5424 5421
f 5424 5425 5421
f 5425 5426 5421
f 5426 5427 5421
f 5427 5428 5421
f 5428 5429 5421
f 5429 5430 5421
f 5430 5422 5421
f 5430 5429 5428 5427 5426 5425 5424 5423 5422
f 5432 5433 5431
f 5433 5434 5431
f 5434 5435 5431
f 5435 5436 5431
f 5436 5437 5431
f 5437 5438 5431
f 5438 5439 5431
f 5439 5440 5431
f 5440 5432 5431
f 5440 5439 5438 5437 5436 5435 5434 5433 5432
f 5442 5443 5441
f 5443 5444 5441
f 5444 5445 5441
f 5445 5446 5441
f 5446 5447 5441
f 5447 5448 5441
f 5448 5449 5441
f 5449 5450 5441
f 5450 5442 5441
f 5450 5449 5448 5447 5446 5445 5444 5443 5442
f 5452 5453 5451
f 5453 5454 5451
f 5454 5455 5451
f 5455 5456 5451
f 5456 5457 5451
f 5457 5458 5451
f 5458 5459 5451
f 5459 5460 5451
f 5460 5452 5451
f 5460 5459 5458 5457 5456 5455 5454 5453 5452
f 5461 5462 5467 5466
f 5462 5463 5468 5467
f 5463 5464 5469 5468
f 5464 5465 5470 5469
f 5465 5461 5466 5470
f 5465 5464 5463 5462 5461
f 5466 5467 5468 5469 5470
f 5472 5473 5471
f 5473 5474 5471
f 5474 5475 5471
f 5475 5476 5471
f 5476 5477 5471
f 5477 5478 5471
f 5478 5479 5471
f 5479 5480 5471
f 5480 5472 5471
f 5480 5479 5478 5477 5476 5475 5474 5473 5472
f 5482 5483 5481
f 5483 5484 5481
f 5484 5485 5481
f 5485 5486 5481
f 5486 5487 5481
f 5487 5488 5481
f 5488 5489 5481
f 5489 5490 5481
f 5490 5482 5481
f 5490 5489 5488 5487 5486 5485 5484 5483 5482
f 5492 5493 5491
f 5493 5494 5491
f 5494 5495 5491
f 5495 5496 5491
f 5496 5497 5491
f 5497 5498 5491
f 5498 5499 5491
f 5499 5500 5491
f 5500 5492 5491
f 5500 5499 5498 5497 5496 5495 5494 5493 5492
f 5502 5503 5501
f 5503 5504 5501
f 5504 5505 5501
f 5505 5506 5501
f 5506 5507 5501
f 5507 5508 5501
f 5508 5509 5501
f 5509 5510 5501
f 5510 5502 5501
f 5510 5509 5508 5507 5506 5505 5504 5503 5502
f 5512 5513 5511
f 5513 5514 5511
f 5514 5515 5511
f 5515 5516 5511
f 5516 5517 5511
f 5517 5518 5511
f 5518 5519 5511
f 5519 5520 5511
f 5520 5512 5511
f 5520 5519 5518 5517 5516 5515 5514 5513 5512
f 5522 5523 5521
f 5523 5524 5521
f 5524 5525 5521
f 5525 5526 5521
f 5526 5527 5521
f 5527 5528 5521
f 5528 5529 5521
f 5529 5530 5521
f 5530 5522 5521
f 5530 5529 5528 5527 5526 5525 5524 5523 5522
f 5531 5532 5537 5536
f 5532 5533 5538 5537
f 5533 5534 5539 5538
f 5534 5535 5540 5539
f 5535 5531 5536 5540
f 5535 5534 5533 5532 5531
f 5536 5537 5538 5539 5540
f 5542 5543 5541
f 5543 5544 5541
f 5544 5545 5541
f 5545 5546 5541
f 5546 5547 5541
f 5547 5548 5541
f 5548 5549 5541
f 5549 5550 5541
f 5550 5542 5541
f 5550 5549 5548 5547 5546 5545 5544 5543 5542
f 5552 5553 5551
f 5553 5554 5551
f 5554 5555 5551
f 5555 5556 5551
f 5556 5557 5551
f 5557 5558 5551
f 5558 5559 5551
f 5559 5560 5551
f 5560 5552 5551
f 5560 5559 5558 5557 5556 5555 5554 5553 5552
f 5562 5563 5561
f 5563 5564 5561
f 5564 5565 5561
f 5565 5566 5561
f 5566 5567 5561
f 5567 5568 5561
f 5568 5569 5561
f 5569 5570 5561
f 5570 5562 5561
f 5570 5569 5568 5567 5566 5565 5564 5563 5562
f 5572 5573 5571
f 5573 5574 5571
f 5574 5575 5571
f 5575 5576 5571
f 5576 5577 5571
f 5577 5578 5571
f 5578 5579 5571
f 5579 5580 5571
f 5580 5572 5571
f 5580 5579 5578 5577 5576 5575 5574 5573 5572
f 5582 5583 5581
f 5583 5584 5581
f 5584 5585 5581
f 5585 5586 5581
f 5586 5587 5581
f 5587 5588 5581
f 5588 5589 5581
f 5589 5590 5581
f 5590 5582 5581
f 5590 5589 5588 5587 5586 5585 5584 5583 5582
f 5592 5593 5591
f 5593 5594 5591
f 5594 5595 5591
f 5595 5596 5591
f 5596 5597 5591
f 5597 5598 5591
f 5598 5599 5591
f 5599 5600 5591
f 5600 5592 5591
f 5600 5599 5598 5597 5596 5595 5594 5593 5592
f 5601 5602 5607 5606
f 5602 5603 5608 5607
f 5603 5604 5609 5608
f 5604 5605 5610 5609
f 5605 5601 5606 5610
f 5605 5604 5603 5602 5601
f 5606 5607 5608 5609 5610
f 5612 5613 5611
f 5613 5614 5611
f 5614 5615 5611
f 5615 5616 5611
f 5616 5617 5611
f 5617 5618 5611
f 5618 5619 5611
f 5619 5620 5611
f 5620 5612 5611
f 5620 5619 5618 5617 5616 5615 5614 5613 5612
f 5622 5623 5621
f 5623 5624 5621
f 5624 5625 5621
f 5625 5626 5621
f 5626 5627 5621
f 5627 5628 5621
f 5628 5629 5621
f 5629 5630 5621
f 5630 5622 5621
f 5630 5629 5628 5627 5626 5625 5624 5623 5622
f 5632 5633 5631
f 5633 5634 5631
f 5634 5635 5631
f 5635 5636 5631
f 5636 5637 5631
f 5637 5638 5631
f 5638 5639 5631
f 5639 5640 5631
f 5640 5632 5631
f 5640 5639 5638 5637 5636 5635 5634 5633 5632
f 5642 5643 5641
f 5643 5644 5641
f 5644 5645 5641
f 5645 5646 5641
f 5646 5647 5641
f 5647 5648 5641
f 5648 5649 5641
f 5649 5650 5641
f 5650 5642 5641
f 5650 5649 5648 5647 5646 5645 5644 5643 5642
f 5652 5653 5651
f 5653 5654 5651
f 5654 5655 5651
f 5655 5656 5651
f 5656 5657 5651
f 5657 5658 5651
f 5658 5659 5651
f 5659 5660 5651
f 5660 5652 5651
f 5660 5659 5658 5657 5656 5655 5654 5653 5652
f 5662 5663 5661
f 5663 5664 5661
f 5664 5665 5661
f 5665 5666 5661
f 5666 5667 5661
f 5667 5668 5661
f 5668 5669 5661
f 5669 5670 5661
f 5670 5662 5661
f 5670 5669 5668 5667 5666 5665 5664 5663 5662
f 5671 5672 5677 5676
f 5672 5673 5678 5677
f 5673 5674 5679 5678
f 5674 5675 5680 5679
f 5675 5671 5676 5680
f 5675 5674 5673 5672 5671
f 5676 5677 5678 5679 5680
f 5682 5683 5681
f 5683 5684 5681
f 5684 5685 5681
f 5685 5686 5681
f 5686 5687 5681
f 5687 5688 5681
f 5688 5689 5681
f 5689 5690 5681
f 5690 5682 5681
f 5690 5689 5688 5687 5686 5685 5684 5683 5682
f 5692 5693 5691
f 5693 5694 5691
f 5694 5695 5691
f 5695 5696 5691
f 5696 5697 5691
f 5697 5698 5691
f 5698 5699 5691
f 5699 5700 5691
f 5700 5692 5691
f 5700 5699 5698 5697 5696 5695 5694 5693 5692
f 5702 5703 5701
f 5703 5704 5701
f 5704 5705 5701
f 5705 5706 5701
f 5706 5707 5701
f 5707 5708 5701
f 5708 5709 5701
f 5709 5710 5701
f 5710 5702 5701
f 5710 5709 5708 5707 5706 5705 5704 5703 5702
f 5712 5713 5711
f 5713 5714 5711
f 5714 5715 5711
f 5715 5716 5711
f 5716 5717 5711
f 5717 5718 5711
f 5718 5719 5711
f 5719 5720 5711
f 5720 5712 5711
f 5720 5719 5718 5717 5716 5715 5714 5713 5712
f 5722 5723 5721
f 5723 5724 5721
f 5724 5725 5721
f 5725 5726 5721
f 5726 5727 5721
f 5727 5728 5721
f 5728 5729 5721
f 5729 5730 5721
f 5730 5722 5721
f 5730 5729 5728 5727 5726 5725 5724 5723 5722
f 5732 5733 5731
f 5733 5734 5731
f 5734 5735 5731
f 5735 5736 5731
f 5736 5737 5731
f 5737 5738 5731
f 5738 5739 5731
f 5739 5740 5731
f 5740 5732 5731
f 5740 5739 5738 5737 5736 5735 5734 5733 5732
f 5741 5742 5747 5746
f 5742 5743 5748 5747
f 5743 5744 5749 5748
f 5744 5745 5750 5749
f 5745 5741 5746 5750
f 5745 5744 5743 5742 5741
f 5746 5747 5748 5749 5750
f 5752 5753 5751
f 5753 5754 5751
f 5754 5755 5751
f 5755 5756 5751
f 5756 5757 5751
f 5757 5758 5751
f 5758 5759 5751
f 5759 5760 5751
f 5760 5752 5751
f 5760 5759 5758 5757 5756 5755 5754 5753 5752
f 5762 5763 5761
f 5763 5764 5761
f 5764 5765 5761
f 5765 5766 5761
f 5766 5767 5761
f 5767 5768 5761
f 5768 5769 5761
f 5769 5770 5761
f 5770 5762 5761
f 5770 5769 5768 5767 5766 5765 5764 5763 5762
f 5772 5773 5771
f 5773 5774 5771
f 5774 5775 5771
f 5775 5776 5771
f 5776 5777 5771
f 5777 5778 5771
f 5778 5779 5771
f 5779 5780 5771
f 5780 5772 5771
f 5780 5779 5778 5777 5776 5775 5774 5773 5772
f 5782 5783 5781
f 5783 5784 5781
f 5784 5785 5781
f 5785 5786 5781
f 5786 5787 5781
f 5787 5788 5781
f 5788 5789 5781
f 5789 5790 5781
f 5790 5782 5781
f 5790 5789 5788 5787 5786 5785 5784 5783 5782
f 5792 5793 5791
f 5793 5794 5791
f 5794 5795 5791
f 5795 5796 5791
f 5796 5797 5791
f 5797 5798 5791
f 5798 5799 5791
f 5799 5800 5791
f 5800 5792 5791
f 5800 5799 5798 5797 5796 5795 5794 5793 5792
f 5802 5803 5801
f 5803 5804 5801
f 5804 5805 5801
f 5805 5806 5801
f 5806 5807 5801
f 5807 5808 5801
f 5808 5809 5801
f 5809 5810 5801
f 5810 5802 5801
f 5810 5809 5808 5807 5806 5805 5804 5803 5802
f 5811 5812 5817 5816
f 5812 5813 5818 5817
f 5813 5814 5819 5818
f 5814 5815 5820 5819
f 5815 5811 5816 5820
f 5815 5814 5813 5812 5811
f 5816 5817 5818 5819 5820
f 5822 5823 5821
f 5823 5824 5821
f 5824 5825 5821
f 5825 5826 5821
f 5826 5827 5821
f 5827 5828 5821
f 5828 5829 5821
f 5829 5830 5821
f 5830 5822 5821
f 5830 5829 5828 5827 5826 5825 5824 5823 5822
f 5832 5833 5831
f 5833 5834 5831
f 5834 5835 5831
f 5835 5836 5831
f 5836 5837 5831
f 5837 5838 5831
f 5838 5839 5831
f 5839 5840 5831
f 5840 5832 5831
f 5840 5839 5838 5837 5836 5835 5834 5833 5832
f 5842 5843 5841
f 5843 5844 5841
f 5844 5845 5841
f 5845 5846 5841
f 5846 5847 5841
f 5847 5848 5841
f 5848 5849 5841
f 5849 5850 5841
f 5850 5842 5841
f 5850 5849 5848 5847 5846 5845 5844 5843 5842
f 5852 5853 5851
f 5853 5854 5851
f 5854 5855 5851
f 5855 5856 5851
f 5856 5857 5851
f 5857 5858 5851
f 5858 5859 5851
f 5859 5860 5851
f 5860 5852 5851
f 5860 5859 5858 5857 5856 5855 5854 5853 5852
f 5862 5863 5861
f 5863 5864 5861
f 5864 5865 5861
f 5865 5866 5861
f 5866 5867 5861
f 5867 5868 5861
f 5868 5869 5861
f 5869 5870 5861
f 5870 5862 5861
f 5870 5869 5868 5867 5866 5865 5864 5863 5862
f 5872 5873 5871
f 5873 5874 5871
f 5874 5875 5871
f 5875 5876 5871
f 5876 5877 5871
f 5877 5878 5871
f 5878 5879 5871
f 5879 5880 5871
f 5880 5872 5871
f 5880 5879 5878 5877 5876 5875 5874 5873 5872
f 5881 5882 5887 5886
f 5882 5883 5888 5887
f 5883 5884 5889 5888
f 5884 5885 5890 5889
f 5885 5881 5886 5890
f 5885 5884 5883 5882 5881
f 5886 5887 5888 5889 5890
f 5892 5893 5891
f 5893 5894 5891
f 5894 5895 5891
f 5895 5896 5891
f 5896 5897 5891
f 5897 5898 5891
f 5898 5899 5891
f 5899 5900 5891
f 5900 5892 5891
f 5900 5899 5898 5897 5896 5895 5894 5893 5892
f 5902 5903 5901
f 5903 5904 5901
f 5904 5905 5901
f 5905 5906 5901
f 5906 5907 5901
f 5907 5908 5901
f 5908 5909 5901
f 5909 5910 5901
f 5910 5902 5901
f 5910 5909 5908 5907 5906 5905 5904 5903 5902
f 5912 5913 5911
f 5913 5914 5911
f 5914 5915 5911
f 5915 5916 5911
f 5916 5917 5911
f 5917 5918 5911
f 5918 5919 5911
f 5919 5920 5911
f 5920 5912 5911
f 5920 5919 5918 5917 5916 5915 5914 5913 5912
f 5922 5923 5921
f 5923 5924 5921
f 5924 5925 5921
f 5925 5926 5921
f 5926 5927 5921
f 5927 5928 5921
f 5928 5929 5921
f 5929 5930 5921
f 5930 5922 5921
f 5930 5929 5928 5927 5926 5925 5924 5923 5922
f 5932 5933 5931
f 5933 5934 5931
f 5934 5935 5931
f 5935 5936 5931
f 5936 5937 5931
f 5937 5938 5931
f 5938 5939 5931
f 5939 5940 5931
f 5940 5932 5931
f 5940 5939 5938 5937 5936 5935 5934 5933 5932
f 5942 5943 5941
f 5943 5944 5941
f 5944 5945 5941
f 5945 5946 5941
f 5946 5947 5941
f 5947 5948 5941
f 5948 5949 5941
f 5949 5950 5941
f 5950 5942 5941
f 5950 5949 5948 5947 5946 5945 5944 5943 5942
f 5951 5952 5957 5956
f 5952 5953 5958 5957
f 5953 5954 5959 5958
f 5954 5955 5960 5959
f 5955 5951 5956 5960
f 5955 5954 5953 5952 5951
f 5956 5957 5958 5959 5960
f 5962 5963 5961
f 5963 5964 5961
f 5964 5965 5961
f 5965 5966 5961
f 5966 5967 5961
f 5967 5968 5961
f 5968 5969 5961
f 5969 5970 5961
f 5970 5962 5961
f 5970 5969 5968 5967 5966 5965 5964 5963 5962
f 5972 5973 5971
f 5973 5974 5971
f 5974 5975 5971
f 5975 5976 5971
f 5976 5977 5971
f 5977 5978 5971
f 5978 5979 5971
f 5979 5980 5971
f 5980 5972 5971
f 5980 5979 5978 5977 5976 5975 5974 5973 5972
f 5982 5983 5981
f 5983 5984 5981
f 5984 5985 5981
f 5985 5986 5981
f 5986 5987 5981
f 5987 5988 5981
f 5988 5989 5981
f 5989 5990 5981
f 5990 5982 5981
f 5990 5989 5988 5987 5986 5985 5984 5983 5982
f 5992 5993 5991
f 5993 5994 5991
f 5994 5995 5991
f 5995 5996 5991
f 5996 5997 5991
f 5997 5998 5991
f 5998 5999 5991
f 5999 6000 5991
f 6000 5992 5991
f 6000 5999 5998 5997 5996 5995 5994 5993 5992
f 6002 6003 6001
f 6003 6004 6001
f 6004 6005 6001
f 6005 6006 6001
f 6006 6007 6001
f 6007 6008 6001
f 6008 6009 6001
f 6009 6010 6001
f 6010 6002 6001
f 6010 6009 6008 6007 6006 6005 6004 6003 6002
f 6012 6013 6011
f 6013 6014 6011
f 6014 6015 6011
f 6015 6016 6011
f 6016 6017 6011
f 6017 6018 6011
f 6018 6019 6011
f 6019 6020 6011
f 6020 6012 6011
f 6020 6019 6018 6017 6016 6015 6014 6013 6012
f 6021 6022 6027 6026
f 6022 6023 6028 6027
f 6023 6024 6029 6028
f 6024 6025 6030 6029
f 6025 6021 6026 6030
f 6025 6024 6023 6022 6021
f 6026 6027 6028 6029 6030
f 6032 6033 6031
f 6033 6034 6031
f 6034 6035 6031
f 6035 6036 6031
f 6036 6037 6031
f 6037 6038 6031
f 6038 6039 6031
f 6039 6040 6031
f 6040 6032 6031
f 6040 6039 6038 6037 6036 6035 6034 6033 6032
f 6042 6043 6041
f 6043 6044 6041
f 6044 6045 6041
f 6045 6046 6041
f 6046 6047 6041
f 6047 6048 6041
f 6048 6049 6041
f 6049 6050 6041
f 6050 6042 6041
f 6050 6049 6048 6047 6046 6045 6044 6043 6042
f 6052 6053 6051
f 6053 6054 6051
f 6054 6055 6051
f 6055 6056 6051
f 6056 6057 6051
f 6057 6058 6051
f 6058 6059 6051
f 6059 6060 6051
f 6060 6052 6051
f 6060 6059 6058 6057 6056 6055 6054 6053 6052
f 6062 6063 6061
f 6063 6064 6061
f 6064 6065 6061
f 6065 6066 6061
f 6066 6067 6061
f 6067 6068 6061
f 6068 6069 6061
f 6069 6070 6061
f 6070 6062 6061
f 6070 6069 6068 6067 6066 6065 6064 6063 6062
f 6072 6073 6071
f 6073 6074 6071
f 6074 6075 6071
f 6075 6076 6071
f 6076 6077 6071
f 6077 6078 6071
f 6078 6079 6071
f 6079 6080 6071
f 6080 6072 6071
f 6080 6079 6078 6077 6076 6075 6074 6073 6072
f 6082 6083 6081
f 6083 6084 6081
f 6084 6085 6081
f 6085 6086 6081
f 6086 6087 6081
f 6087 6088 6081
f 6088 6089 6081
f 6089 6090 6081
f 6090 6082 6081
f 6090 6089 6088 6087 6086 6085 6084 6083 6082
f 6091 6092 6097 6096
f 6092 6093 6098 6097
f 6093 6094 6099 6098
f 6094 6095 6100 6099
f 6095 6091 6096 6100
f 6095 6094 6093 6092 6091
f 6096 6097 6098 6099 6100
f 6102 6103 6101
f 6103 6104 6101
f 6104 6105 6101
f 6105 6106 6101
f 6106 6107 6101
f 6107 6108 6101
f 6108 6109 6101
f 6109 6110 6101
f 6110 6102 6101
f 6110 6109 6108 6107 6106 6105 6104 6103 6102
f 6112 6113 6111
f 6113 6114 6111
f 6114 6115 6111
f 6115 6116 6111
f 6116 6117 6111
f 6117 6118 6111
f 6118 6119 6111
f 6119 6120 6111
f 6120 6112 6111
f 6120 6119 6118 6117 6116 6115 6114 6113 6112
f 6122 6123 6121
f 6123 6124 6121
f 6124 6125 6121
f 6125 6126 6121
f 6126 6127 6121
f 6127 6128 6121
f 6128 6129 6121
f 6129 6130 6121
f 6130 6122 6121
f 6130 6129 6128 6127 6126 6125 6124 6123 6122
f 6132 6133 6131
f 6133 6134 6131
f 6134 6135 6131
f 6135 6136 6131
f 6136 6137 6131
f 6137 6138 6131
f 6138 6139 6131
f 6139 6140 6131
f 6140 6132 6131
f 6140 6139 6138 6137 6136 6135 6134 6133 6132
f 6142 6143 6141
f 6143 6144 6141
f 6144 6145 6141
f 6145 6146 6141
f 6146 6147 6141
f 6147 6148 6141
f 6148 6149 6141
f 6149 6150 6141
f 6150 6142 6141
f 6150 6149 6148 6147 6146 6145 6144 6143 6142
f 6152 6153 6151
f 6153 6154 6151
f 6154 6155 6151
f 6155 6156 6151
f 6156 6157 6151
f 6157 6158 6151
f 6158 6159 6151
f 6159 6160 6151
f 6160 6152 6151
f 6160 6159 6158 6157 6156 6155 6154 6153 6152
f 6161 6162 6167 6166
f 6162 6163 6168 6167
f 6163 6164 6169 6168
f 6164 6165 6170 6169
f 6165 6161 6166 6170
f 6165 6164 6163 6162 6161
f 6166 6167 6168 6169 6170
f 6172 6173 6171
f 6173 6174 6171
f 6174 6175 6171
f 6175 6176 6171
f 6176 6177 6171
f 6177 6178 6171
f 6178 6179 6171
f 6179 6180 6171
f 6180 6172 6171
f 6180 6179 6178 6177 6176 6175 6174 6173 6172
f 6182 6183 6181
f 6183 6184 6181
f 6184 6185 6181
f 6185 6186 6181
f 6186 6187 6181
f 6187 6188 6181
f 6188 6189 6181
f 6189 6190 6181
f 6190 6182 6181
f 6190 6189 6188 6187 6186 6185 6184 6183 6182
f 6192 6193 6191
f 6193 6194 6191
f 6194 6195 6191
f 6195 6196 6191
f 6196 6197 6191
f 6197 6198 6191
f 6198 6199 6191
f 6199 6200 6191
f 6200 6192 6191
f 6200 6199 6198 6197 6196 6195 6194 6193 6192
f 6202 6203 6201
f 6203 6204 6201
f 6204 6205 6201
f 6205 6206 6201
f 6206 6207 6201
f 6207 6208 6201
f 6208 6209 6201
f 6209 6210 6201
f 6210 6202 6201
f 6210 6209 6208 6207 6206 6205 6204 6203 6202
f 6212 6213 6211
f 6213 6214 6211
f 6214 6215 6211
f 6215 6216 6211
f 6216 6217 6211
f 6217 6218 6211
f 6218 6219 6211
f 6219 6220 6211
f 6220 6212 6211
f 6220 6219 6218 6217 6216 6215 6214 6213 6212
f 6222 6223 6221
f 6223 6224 6221
f 6224 6225 6221
f 6225 6226 6221
f 6226 6227 6221
f 6227 6228 6221
f 6228 6229 6221
f 6229 6230 6221
f 6230 6222 6221
f 6230 6229 6228 6227 6226 6225 6224 6223 6222
f 6231 6232 6237 6236
f 6232 6233 6238 6237
f 6233 6234 6239 6238
f 6234 6235 6240 6239
f 6235 6231 6236 6240
f 6235 6234 6233 6232 6231
f 6236 6237 6238 6239 6240
f 6242 6243 6241
f 6243 6244 6241
f 6244 6245 6241
f 6245 6246 6241
f 6246 6247 6241
f 6247 6248 6241
f 6248 6249 6241
f 6249 6250 6241
f 6250 6242 6241
f 6250 6249 6248 6247 6246 6245 6244 6243 6242
f 6252 6253 6251
f 6253 6254 6251
f 6254 6255 6251
f 6255 6256 6251
f 6256 6257 6251
f 6257 6258 6251
f 6258 6259 6251
f 6259 6260 6251
f 6260 6252 6251
f 6260 6259 6258 6257 6256 6255 6254 6253 6252
f 6262 6263 6261
f 6263 6264 6261
f 6264 6265 6261
f 6265 6266 6261
f 6266 6267 6261
f 6267 6268 6261
f 6268 6269 6261
f 6269 6270 6261
f 6270 6262 6261
f 6270 6269 6268 6267 6266 6265 6264 6263 6262
f 6272 6273 6271
f 6273 6274 6271
f 6274 6275 6271
f 6275 6276 6271
f 6276 6277 6271
f 6277 6278 6271
f 6278 6279 6271
f 6279 6280 6271
f 6280 6272 6271
f 6280 6279 6278 6277 6276 6275 6274 6273 6272
f 6282 6283 6281
f 6283 6284 6281
f 6284 6285 6281
f 6285 6286 6281
f 6286 6287 6281
f 6287 6288 6281
f 6288 6289 6281
f 6289 6290 6281
f 6290 6282 6281
f 6290 6289 6288 6287 6286 6285 6284 6283 6282
f 6292 6293 6291
f 6293 6294 6291
f 6294 6295 6291
f 6295 6296 6291
f 6296 6297 6291
f 6297 6298 6291
f 6298 6299 6291
f 6299 6300 6291
f 6300 6292 6291
f 6300 6299 6298 6297 6296 6295 6294 6293 6292
f 6301 6302 6307 6306
f 6302 6303 6308 6307
f 6303 6304 6309 6308
f 6304 6305 6310 6309
f 6305 6301 6306 6310
f 6305 6304 6303 6302 6301
f 6306 6307 6308 6309 6310
f 6312 6313 6311
f 6313 6314 6311
f 6314 6315 6311
f 6315 6316 6311
f 6316 6317 6311
f 6317 6318 6311
f 6318 6319 6311
f 6319 6320 6311
f 6320 6312 6311
f 6320 6319 6318 6317 6316 6315 6314 6313 6312
f 6322 6323 6321
f 6323 6324 6321
f 6324 6325 6321
f 6325 6326 6321
f 6326 6327 6321
f 6327 6328 6321
f 6328 6329 6321
f 6329 6330 6321
f 6330 6322 6321
f 6330 6329 6328 6327 6326 6325 6324 6323 6322
f 6332 6333 6331
f 6333 6334 6331
f 6334 6335 6331
f 6335 6336 6331
f 6336 6337 6331
f 6337 6338 6331
f 6338 6339 6331
f 6339 6340 6331
f 6340 6332 6331
f 6340 6339 6338 6337 6336 6335 6334 6333 6332
f 6342 6343 6341
f 6343 6344 6341
f 6344 6345 6341
f 6345 6346 6341
f 6346 6347 6341
f 6347 6348 6341
f 6348 6349 6341
f 6349 6350 6341
f 6350 6342 6341
f 6350 6349 6348 6347 6346 6345 6344 6343 6342
f 6352 6353 6351
f 6353 6354 6351
f 6354 6355 6351
f 6355 6356 6351
f 6356 6357 6351
f 6357 6358 6351
f 6358 6359 6351
f 6359 6360 6351
f 6360 6352 6351
f 6360 6359 6358 6357 6356 6355 6354 6353 6352
f 6362 6363 6361
f 6363 6364 6361
f 6364 6365 6361
f 6365 6366 6361
f 6366 6367 6361
f 6367 6368 6361
f 6368 6369 6361
f 6369 6370 6361
f 6370 6362 6361
f 6370 6369 6368 6367 6366 6365 6364 6363 6362
f 6371 6372 6377 6376
f 6372 6373 6378 6377
f 6373 6374 6379 6378
f 6374 6375 6380 6379
f 6375 6371 6376 6380
f 6375 6374 6373 6372 6371
f 6376 6377 6378 6379 6380
f 6382 6383 6381
f 6383 6384 6381
f 6384 6385 6381
f 6385 6386 6381
f 6386 6387 6381
f 6387 6388 6381
f 6388 6389 6381
f 6389 6390 6381
f 6390 6382 6381
f 6390 6389 6388 6387 6386 6385 6384 6383 6382
f 6392 6393 6391
f 6393 6394 6391
f 6394 6395 6391
f 6395 6396 6391
f 6396 6397 6391
f 6397 6398 6391
f 6398 6399 6391
f 6399 6400 6391
f 6400 6392 6391
f 6400 6399 6398 6397 6396 6395 6394 6393 6392
f 6402 6403 6401
f 6403 6404 6401
f 6404 6405 6401
f 6405 6406 6401
f 6406 6407 6401
f 6407 6408 6401
f 6408 6409 6401
f 6409 6410 6401
f 6410 6402 6401
f 6410 6409 6408 6407 6406 6405 6404 6403 6402
f 6412 6413 6411
f 6413 6414 6411
f 6414 6415 6411
f 6415 6416 6411
f 6416 6417 6411
f 6417 6418 6411
f 6418 6419 6411
f 6419 6420 6411
f 6420 6412 6411
f 6420 6419 6418 6417 6416 6415 6414 6413 6412
f 6422 6423 6421
f 6423 6424 6421
f 6424 6425 6421
f 6425 6426 6421
f 6426 6427 6421
f 6427 6428 6421
f 6428 6429 6421
f 6429 6430 6421
f 6430 6422 6421
f 6430 6429 6428 6427 6426 6425 6424 6423 6422
f 6432 6433 6431
f 6433 6434 6431
f 6434 6435 6431
f 6435 6436 6431
f 6436 6437 6431
f 6437 6438 6431
f 6438 6439 6431
f 6439 6440 6431
f 6440 6432 6431
f 6440 6439 6438 6437 6436 6435 6434 6433 6432
f 6441 6442 6447 6446
f 6442 6443 6448 6447
f 6443 6444 6449 6448
f 6444 6445 6450 6449
f 6445 6441 6446 6450
f 6445 6444 6443 6442 6441
f 6446 6447 6448 6449 6450
f 6452 6453 6451
f 6453 6454 6451
f 6454 6455 6451
f 6455 6456 6451
f 6456 6457 6451
f 6457 6458 6451
f 6458 6459 6451
f 6459 6460 6451
f 6460 6452 6451
f 6460 6459 6458 6457 6456 6455 6454 6453 6452
f 6462 6463 6461
f 6463 6464 6461
f 6464 6465 6461
f 6465 6466 6461
f 6466 6467 6461
f 6467 6468 6461
f 6468 6469 6461
f 6469 6470 6461
f 6470 6462 6461
f 6470 6469 6468 6467 6466 6465 6464 6463 6462
f 6472 6473 6471
f 6473 6474 6471
f 6474 6475 6471
f 6475 6476 6471
f 6476 6477 6471
f 6477 6478 6471
f 6478 6479 6471
f 6479 6480 6471
f 6480 6472 6471
f 6480 6479 6478 6477 6476 6475 6474 6473 6472
f 6482 6483 6481
f 6483 6484 6481
f 6484 6485 6481
f 6485 6486 6481
f 6486 6487 6481
f 6487 6488 6481
f 6488 6489 6481
f 6489 6490 6481
f 6490 6482 6481
f 6490 6489 6488 6487 6486 6485 6484 6483 6482
f 6492 6493 6491
f 6493 6494 6491
f 6494 6495 6491
f 6495 6496 6491
f 6496 6497 6491
f 6497 6498 6491
f 6498 6499 6491
f 6499 6500 6491
f 6500 6492 6491
f 6500 6499 6498 6497 6496 6495 6494 6493 6492
f 6502 6503 6501
f 6503 6504 6501
f 6504 6505 6501
f 6505 6506 6501
f 6506 6507 6501
f 6507 6508 6501
f 6508 6509 6501
f 6509 6510 6501
f 6510 6502 6501
f 6510 6509 6508 6507 6506 6505 6504 6503 6502
f 6511 6512 6517 6516
f 6512 6513 6518 6517
f 6513 6514 6519 6518
f 6514 6515 6520 6519
f 6515 6511 6516 6520
f 6515 6514 6513 6512 6511
f 6516 6517 6518 6519 6520
f 6522 6523 6521
f 6523 6524 6521
f 6524 6525 6521
f 6525 6526 6521
f 6526 6527 6521
f 6527 6528 6521
f 6528 6529 6521
f 6529 6530 6521
f 6530 6522 6521
f 6530 6529 6528 6527 6526 6525 6524 6523 6522
f 6532 6533 6531
f 6533 6534 6531
f 6534 6535 6531
f 6535 6536 6531
f 6536 6537 6531
f 6537 6538 6531
f 6538 6539 6531
f 6539 6540 6531
f 6540 6532 6531
f 6540 6539 6538 6537 6536 6535 6534 6533 6532
f 6542 6543 6541
f 6543 6544 6541
f 6544 6545 6541
f 6545 6546 6541
f 6546 6547 6541
f 6547 6548 6541
f 6548 6549 6541
f 6549 6550 6541
f 6550 6542 6541
f 6550 6549 6548 6547 6546 6545 6544 6543 6542
f 6552 6553 6551
f 6553 6554 6551
f 6554 6555 6551
f 6555 6556 6551
f 6556 6557 6551
f 6557 6558 6551
f 6558 6559 6551
f 6559 6560 6551
f 6560 6552 6551
f 6560 6559 6558 6557 6556 6555 6554 6553 6552
f 6562 6563 6561
f 6563 6564 6561
f 6564 6565 6561
f 6565 6566 6561
f 6566 6567 6561
f 6567 6568 6561
f 6568 6569 6561
f 6569 6570 6561
f 6570 6562 6561
f 6570 6569 6568 6567 6566 6565 6564 6563 6562
f 6572 6573 6571
f 6573 6574 6571
f 6574 6575 6571
f 6575 6576 6571
f 6576 6577 6571
f 6577 6578 6571
f 6578 6579 6571
f 6579 6580 6571
f 6580 6572 6571
f 6580 6579 6578 6577 6576 6575 6574 6573 6572
f 6581 6582 6587 6586
f 6582 6583 6588 6587
f 6583 6584 6589 6588
f 6584 6585 6590 6589
f 6585 6581 6586 6590
f 6585 6584 6583 6582 6581
f 6586 6587 6588 6589 6590
f 6592 6593 6591
f 6593 6594 6591
f 6594 6595 6591
f 6595 6596 6591
f 6596 6597 6591
f 6597 6598 6591
f 6598 6599 6591
f 6599 6600 6591
f 6600 6592 6591
f 6600 6599 6598 6597 6596 6595 6594 6593 6592
f 6602 6603 6601
f 6603 6604 6601
f 6604 6605 6601
f 6605 6606 6601
f 6606 6607 6601
f 6607 6608 6601
f 6608 6609 6601
f 6609 6610 6601
f 6610 6602 6601
f 6610 6609 6608 6607 6606 6605 6604 6603 6602
f 6612 6613 6611
f 6613 6614 6611
f 6614 6615 6611
f 6615 6616 6611
f 6616 6617 6611
f 6617 6618 6611
f 6618 6619 6611
f 6619 6620 6611
f 6620 6612 6611
f 6620 6619 6618 6617 6616 6615 6614 6613 6612
f 6622 6623 6621
f 6623 6624 6621
f 6624 6625 6621
f 6625 6626 6621
f 6626 6627 6621
f 6627 6628 6621
f 6628 6629 6621
f 6629 6630 6621
f 6630 6622 6621
f 6630 6629 6628 6627 6626 6625 6624 6623 6622
f 6632 6633 6631
f 6633 6634 6631
f 6634 6635 6631
f 6635 6636 6631
f 6636 6637 6631
f 6637 6638 6631
f 6638 6639 6631
f 6639 6640 6631
f 6640 6632 6631
f 6640 6639 6638 6637 6636 6635 6634 6633 6632
f 6642 6643 6641
f 6643 6644 6641
f 6644 6645 6641
f 6645 6646 6641
f 6646 6647 6641
f 6647 6648 6641
f 6648 6649 6641
f 6649 6650 6641
f 6650 6642 6641
f 6650 6649 6648 6647 6646 6645 6644 6643 6642
f 6651 6652 6657 6656
f 6652 6653 6658 6657
f 6653 6654 6659 6658
f 6654 6655 6660 6659
f 6655 6651 6656 6660
f 6655 6654 6653 6652 6651
f 6656 6657 6658 6659 6660
f 6662 6663 6661
f 6663 6664 6661
f 6664 6665 6661
f 6665 6666 6661
f 6666 6667 6661
f 6667 6668 6661
f 6668 6669 6661
f 6669 6670 6661
f 6670 6662 6661
f 6670 6669 6668 6667 6666 6665 6664 6663 6662
f 6672 6673 6671
f 6673 6674 6671
f 6674 6675 6671
f 6675 6676 6671
f 6676 6677 6671
f 6677 6678 6671
f 6678 6679 6671
f 6679 6680 6671
f 6680 6672 6671
f 6680 6679 6678 6677 6676 6675 6674 6673 6672
f 6682 6683 6681
f 6683 6684 6681
f 6684 6685 6681
f 6685 6686 6681
f 6686 6687 6681
f 6687 6688 6681
f 6688 6689 6681
f 6689 6690 6681
f 6690 6682 6681
f 6690 6689 6688 6687 6686 6685 6684 6683 6682
f 6692 6693 6691
f 6693 6694 6691
f 6694 6695 6691
f 6695 6696 6691
f 6696 6697 6691
f 6697 6698 6691
f 6698 6699 6691
f 6699 6700 6691
f 6700 6692 6691
f 6700 6699 6698 6697 6696 6695 6694 6693 6692
f 6702 6703 6701
f 6703 6704 6701
f 6704 6705 6701
f 6705 6706 6701
f 6706 6707 6701
f 6707 6708 6701
f 6708 6709 6701
f 6709 6710 6701
f 6710 6702 6701
f 6710 6709 6708 6707 6706 6705 6704 6703 6702
f 6712 6713 6711
f 6713 6714 6711
f 6714 6715 6711
f 6715 6716 6711
f 6716 6717 6711
f 6717 6718 6711
f 6718 6719 6711
f 6719 6720 6711
f 6720 6712 6711
f 6720 6719 6718 6717 6716 6715 6714 6713 6712
f 6721 6722 6727 6726
f 6722 6723 6728 6727
f 6723 6724 6729 6728
f 6724 6725 6730 6729
f 6725 6721 6726 6730
f 6725 6724 6723 6722 6721
f 6726 6727 6728 6729 6730
f 6732 6733 6731
f 6733 6734 6731
f 6734 6735 6731
f 6735 6736 6731
f 6736 6737 6731
f 6737 6738 6731
f 6738 6739 6731
f 6739 6740 6731
f 6740 6732 6731
f 6740 6739 6738 6737 6736 6735 6734 6733 6732
f 6742 6743 6741
f 6743 6744 6741
f 6744 6745 6741
f 6745 6746 6741
f 6746 6747 6741
f 6747 6748 6741
f 6748 6749 6741
f 6749 6750 6741
f 6750 6742 6741
f 6750 6749 6748 6747 6746 6745 6744 6743 6742
f 6752 6753 6751
f 6753 6754 6751
f 6754 6755 6751
f 6755 6756 6751
f 6756 6757 6751
f 6757 6758 6751
f 6758 6759 6751
f 6759 6760 6751
f 6760 6752 6751
f 6760 6759 6758 6757 6756 6755 6754 6753 6752
f 6762 6763 6761
f 6763 6764 6761
f 6764 6765 6761
f 6765 6766 6761
f 6766 6767 6761
f 6767 6768 6761
f 6768 6769 6761
f 6769 6770 6761
f 6770 6762 6761
f 6770 6769 6768 6767 6766 6765 6764 6763 6762
f 6772 6773 6771
f 6773 6774 6771
f 6774 6775 6771
f 6775 6776 6771
f 6776 6777 6771
f 6777 6778 6771
f 6778 6779 6771
f 6779 6780 6771
f 6780 6772 6771
f 6780 6779 6778 6777 6776 6775 6774 6773 6772
f 6782 6783 6781
f 6783 6784 6781
f 6784 6785 6781
f 6785 6786 6781
f 6786 6787 6781
f 6787 6788 6781
f 6788 6789 6781
f 6789 6790 6781
f 6790 6782 6781
f 6790 6789 6788 6787 6786 6785 6784 6783 6782
f 6791 6792 6797 6796
f 6792 6793 6798 6797
f 6793 6794 6799 6798
f 6794 6795 6800 6799
f 6795 6791 6796 6800
f 6795 6794 6793 6792 6791
f 6796 6797 6798 6799 6800
f 6802 6803 6801
f 6803 6804 6801
f 6804 6805 6801
f 6805 6806 6801
f 6806 6807 6801
f 6807 6808 6801
f 6808 6809 6801
f 6809 6810 6801
f 6810 6802 6801
f 6810 6809 6808 6807 6806 6805 6804 6803 6802
f 6812 6813 6811
f 6813 6814 6811
f 6814 6815 6811
f 6815 6816 6811
f 6816 6817 6811
f 6817 6818 6811
f 6818 6819 6811
f 6819 6820 6811
f 6820 6812 6811
f 6820 6819 6818 6817 6816 6815 6814 6813 6812
f 6822 6823 6821
f 6823 6824 6821
f 6824 6825 6821
f 6825 6826 6821
f 6826 6827 6821
f 6827 6828 6821
f 6828 6829 6821
f 6829 6830 6821
f 6830 6822 6821
f 6830 6829 6828 6827 6826 6825 6824 6823 6822
f 6832 6833 6831
f 6833 6834 6831
f 6834 6835 6831
f 6835 6836 6831
f 6836 6837 6831
f 6837 6838 6831
f 6838 6839 6831
f 6839 6840 6831
f 6840 6832 6831
f 6840 6839 6838 6837 6836 6835 6834 6833 6832
f 6842 6843 6841
f 6843 6844 6841
f 6844 6845 6841
f 6845 6846 6841
f 6846 6847 6841
f 6847 6848 6841
f 6848 6849 6841
f 6849 6850 6841
f 6850 6842 6841
f 6850 6849 6848 6847 6846 6845 6844 6843 6842
f 6852 6853 6851
f 6853 6854 6851
f 6854 6855 6851
f 6855 6856 6851
f 6856 6857 6851
f 6857 6858 6851
f 6858 6859 6851
f 6859 6860 6851
f 6860 6852 6851
f 6860 6859 6858 6857 6856 6855 6854 6853 6852
f 6861 6862 6867 6866
f 6862 6863 6868 6867
f 6863 6864 6869 6868
f 6864 6865 6870 6869
f 6865 6861 6866 6870
f 6865 6864 6863 6862 6861
f 6866 6867 6868 6869 6870
f 6872 6873 6871
f 6873 6874 6871
f 6874 6875 6871
f 6875 6876 6871
f 6876 6877 6871
f 6877 6878 6871
f 6878 6879 6871
f 6879 6880 6871
f 6880 6872 6871
f 6880 6879 6878 6877 6876 6875 6874 6873 6872
f 6882 6883 6881
f 6883 6884 6881
f 6884 6885 6881
f 6885 6886 6881
f 6886 6887 6881
f 6887 6888 6881
f 6888 6889 6881
f 6889 6890 6881
f 6890 6882 6881
f 6890 6889 6888 6887 6886 6885 6884 6883 6882
f 6892 6893 6891
f 6893 6894 6891
f 6894 6895 6891
f 6895 6896 6891
f 6896 6897 6891
f 6897 6898 6891
f 6898 6899 6891
f 6899 6900 6891
f 6900 6892 6891
f 6900 6899 6898 6897 6896 6895 6894 6893 6892
f 6902 6903 6901
f 6903 6904 6901
f 6904 6905 6901
f 6905 6906 6901
f 6906 6907 6901
f 6907 6908 6901
f 6908 6909 6901
f 6909 6910 6901
f 6910 6902 6901
f 6910 6909 6908 6907 6906 6905 6904 6903 6902
f 6912 6913 6911
f 6913 6914 6911
f 6914 6915 6911
f 6915 6916 6911
f 6916 6917 6911
f 6917 6918 6911
f 6918 6919 6911
f 6919 6920 6911
f 6920 6912 6911
f 6920 6919 6918 6917 6916 6915 6914 6913 6912
f 6922 6923 6921
f 6923 6924 6921
f 6924 6925 6921
f 6925 6926 6921
f 6926 6927 6921
f 6927 6928 6921
f 6928 6929 6921
f 6929 6930 6921
f 6930 6922 6921
f 6930 6929 6928 6927 6926 6925 6924 6923 6922
f 6931 6932 6937 6936
f 6932 6933 6938 6937
f 6933 6934 6939 6938
f 6934 6935 6940 6939
f 6935 6931 6936 6940
f 6935 6934 6933 6932 6931
f 6936 6937 6938 6939 6940
f 6942 6943 6941
f 6943 6944 6941
f 6944 6945 6941
f 6945 6946 6941
f 6946 6947 6941
f 6947 6948 6941
f 6948 6949 6941
f 6949 6950 6941
f 6950 6942 6941
f 6950 6949 6948 6947 6946 6945 6944 6943 6942
f 6952 6953 6951
f 6953 6954 6951
f 6954 6955 6951
f 6955 6956 6951
f 6956 6957 6951
f 6957 6958 6951
f 6958 6959 6951
f 6959 6960 6951
f 6960 6952 6951
f 6960 6959 6958 6957 6956 6955 6954 6953 6952
f 6962 6963 6961
f 6963 6964 6961
f 6964 6965 6961
f 6965 6966 6961
f 6966 6967 6961
f 6967 6968 6961
f 6968 6969 6961
f 6969 6970 6961
f 6970 6962 6961
f 6970 6969 6968 6967 6966 6965 6964 6963 6962
f 6972 6973 6971
f 6973 6974 6971
f 6974 6975 6971
f 6975 6976 6971
f 6976 6977 6971
f 6977 6978 6971
f 6978 6979 6971
f 6979 6980 6971
f 6980 6972 6971
f 6980 6979 6978 6977 6976 6975 6974 6973 6972
f 6982 6983 6981
f 6983 6984 6981
f 6984 6985 6981
f 6985 6986 6981
f 6986 6987 6981
f 6987 6988 6981
f 6988 6989 6981
f 6989 6990 6981
f 6990 6982 6981
f 6990 6989 6988 6987 6986 6985 6984 6983 6982
f 6992 6993 6991
f 6993 6994 6991
f 6994 6995 6991
f 6995 6996 6991
f 6996 6997 6991
f 6997 6998 6991
f 6998 6999 6991
f 6999 7000 6991
f 7000 6992 6991
f 7000 6999 6998 6997 6996 6995 6994 6993 6992
f 7001 7002 7007 7006
f 7002 7003 7008 7007
f 7003 7004 7009 7008
f 7004 7005 7010 7009
f 7005 7001 7006 7010
f 7005 7004 7003 7002 7001
f 7006 7007 7008 7009 7010
f 7012 7013 7011
f 7013 7014 7011
f 7014 7015 7011
f 7015 7016 7011
f 7016 7017 7011
f 7017 7018 7011
f 7018 7019 7011
f 7019 7020 7011
f 7020 7012 7011
f 7020 7019 7018 7017 7016 7015 7014 7013 7012
f 7022 7023 7021
f 7023 7024 7021
f 7024 7025 7021
f 7025 7026 7021
f 7026 7027 7021
f 7027 7028 7021
f 7028 7029 7021
f 7029 7030 7021
f 7030 7022 7021
f 7030 7029 7028 7027 7026 7025 7024 7023 7022
f 7032 7033 7031
f 7033 7034 7031
f 7034 7035 7031
f 7035 7036 7031
f 7036 7037 7031
f 7037 7038 7031
f 7038 7039 7031
f 7039 7040 7031
f 7040 7032 7031
f 7040 7039 7038 7037 7036 7035 7034 7033 7032
f 7042 7043 7041
f 7043 7044 7041
f 7044 7045 7041
f 7045 7046 7041
f 7046 7047 7041
f 7047 7048 7041
f 7048 7049 7041
f 7049 7050 7041
f 7050 7042 7041
f 7050 7049 7048 7047 7046 7045 7044 7043 7042
f 7052 7053 7051
f 7053 7054 7051
f 7054 7055 7051
f 7055 7056 7051
f 7056 7057 7051
f 7057 7058 7051
f 7058 7059 7051
f 7059 7060 7051
f 7060 7052 7051
f 7060 7059 7058 7057 7056 7055 7054 7053 7052
f 7062 7063 7061
f 7063 7064 7061
f 7064 7065 7061
f 7065 7066 7061
f 7066 7067 7061
f 7067 7068 7061
f 7068 7069 7061
f 7069 7070 7061
f 7070 7062 7061
f 7070 7069 7068 7067 7066 7065 7064 7063 7062
f 7071 7072 7077 7076
f 7072 7073 7078 7077
f 7073 7074 7079 7078
f 7074 7075 7080 7079
f 7075 7071 7076 7080
f 7075 7074 7073 7072 7071
f 7076 7077 7078 7079 7080
f 7082 7083 7081
f 7083 7084 7081
f 7084 7085 7081
f 7085 7086 7081
f 7086 7087 7081
f 7087 7088 7081
f 7088 7089 7081
f 7089 7090 7081
f 7090 7082 7081
f 7090 7089 7088 7087 7086 7085 7084 7083 7082
f 7092 7093 7091
f 7093 7094 7091
f 7094 7095 7091
f 7095 7096 7091
f 7096 7097 7091
f 7097 7098 7091
f 7098 7099 7091
f 7099 7100 7091
f 7100 7092 7091
f 7100 7099 7098 7097 7096 7095 7094 7093 7092
f 7102 7103 7101
f 7103 7104 7101
f 7104 7105 7101
f 7105 7106 7101
f 7106 7107 7101
f 7107 7108 7101
f 7108 7109 7101
f 7109 7110 7101
f 7110 7102 7101
f 7110 7109 7108 7107 7106 7105 7104 7103 7102
f 7112 7113 7111
f 7113 7114 7111
f 7114 7115 7111
f 7115 7116 7111
f 7116 7117 7111
f 7117 7118 7111
f 7118 7119 7111
f 7119 7120 7111
f 7120 7112 7111
f 7120 7119 7118 7117 7116 7115 7114 7113 7112
f 7122 7123 7121
f 7123 7124 7121
f 7124 7125 7121
f 7125 7126 7121
f 7126 7127 7121
f 7127 7128 7121
f 7128 7129 7121
f 7129 7130 7121
f 7130 7122 7121
f 7130 7129 7128 7127 7126 7125 7124 7123 7122
f 7132 7133 7131
f 7133 7134 7131
f 7134 7135 7131
f 7135 7136 7131
f 7136 7137 7131
f 7137 7138 7131
f 7138 7139 7131
f 7139 7140 7131
f 7140 7132 7131
f 7140 7139 7138 7137 7136 7135 7134 7133 7132
f 7141 7142 7147 7146
f 7142 7143 7148 7147
f 7143 7144 7149 7148
f 7144 7145 7150 7149
f 7145 7141 7146 7150
f 7145 7144 7143 7142 7141
f 7146 7147 7148 7149 7150
f 7152 7153 7151
f 7153 7154 7151
f 7154 7155 7151
f 7155 7156 7151
f 7156 7157 7151
f 7157 7158 7151
f 7158 7159 7151
f 7159 7160 7151
f 7160 7152 7151
f 7160 7159 7158 7157 7156 7155 7154 7153 7152
f 7162 7163 7161
f 7163 7164 7161
f 7164 7165 7161
f 7165 7166 7161
f 7166 7167 7161
f 7167 7168 7161
f 7168 7169 7161
f 7169 7170 7161
f 7170 7162 7161
f 7170 7169 7168 7167 7166 7165 7164 7163 7162
f 7172 7173 7171
f 7173 7174 7171
f 7174 7175 7171
f 7175 7176 7171
f 7176 7177 7171
f 7177 7178 7171
f 7178 7179 7171
f 7179 7180 7171
f 7180 7172 7171
f 7180 7179 7178 7177 7176 7175 7174 7173 7172
f 7182 7183 7181
f 7183 7184 7181
f 7184 7185 7181
f 7185 7186 7181
f 7186 7187 7181
f 7187 7188 7181
f 7188 7189 7181
f 7189 7190 7181
f 7190 7182 7181
f 7190 7189 7188 7187 7186 7185 7184 7183 7182
f 7192 7193 7191
f 7193 7194 7191
f 7194 7195 7191
f 7195 7196 7191
f 7196 7197 7191
f 7197 7198 7191
f 7198 7199 7191
f 7199 7200 7191
f 7200 7192 7191
f 7200 7199 7198 7197 7196 7195 7194 7193 7192
f 7202 7203 7201
f 7203 7204 7201
f 7204 7205 7201
f 7205 7206 7201
f 7206 7207 7201
f 7207 7208 7201
f 7208 7209 7201
f 7209 7210 7201
f 7210 7202 7201
f 7210 7209 7208 7207 7206 7205 7204 7203 7202
f 7211 7212 7217 7216
f 7212 7213 7218 7217
f 7213 7214 7219 7218
f 7214 7215 7220 7219
f 7215 7211 7216 7220
f 7215 7214 7213 7212 7211
f 7216 7217 7218 7219 7220
f 7222 7223 7221
f 7223 7224 7221
f 7224 7225 7221
f 7225 7226 7221
f 7226 7227 7221
f 7227 7228 7221
f 7228 7229 7221
f 7229 7230 7221
f 7230 7222 7221
f 7230 7229 7228 7227 7226 7225 7224 7223 7222
f 7232 7233 7231
f 7233 7234 7231
f 7234 7235 7231
f 7235 7236 7231
f 7236 7237 7231
f 7237 7238 7231
f 7238 7239 7231
f 7239 7240 7231
f 7240 7232 7231
f 7240 7239 7238 7237 7236 7235 7234 7233 7232
f 7242 7243 7241
f 7243 7244 7241
f 7244 7245 7241
f 7245 7246 7241
f 7246 7247 7241
f 7247 7248 7241
f 7248 7249 7241
f 7249 7250 7241
f 7250 7242 7241
f 7250 7249 7248 7247 7246 7245 7244 7243 7242
f 7252 7253 7251
f 7253 7254 7251
f 7254 7255 7251
f 7255 7256 7251
f 7256 7257 7251
f 7257 7258 7251
f 7258 7259 7251
f 7259 7260 7251
f 7260 7252 7251
f 7260 7259 7258 7257 7256 7255 7254 7253 7252
f 7262 7263 7261
f 7263 7264 7261
f 7264 7265 7261
f 7265 7266 7261
f 7266 7267 7261
f 7267 7268 7261
f 7268 7269 7261
f 7269 7270 7261
f 7270 7262 7261
f 7270 7269 7268 7267 7266 7265 7264 7263 7262
f 7272 7273 7271
f 7273 7274 7271
f 7274 7275 7271
f 7275 7276 7271
f 7276 7277 7271
f 7277 7278 7271
f 7278 7279 7271
f 7279 7280 7271
f 7280 7272 7271
f 7280 7279 7278 7277 7276 7275 7274 7273 7272
f 7281 7282 7287 7286
f 7282 7283 7288 7287
f 7283 7284 7289 7288
f 7284 7285 7290 7289
f 7285 7281 7286 7290
f 7285 7284 7283 7282 7281
f 7286 7287 7288 7289 7290
f 7292 7293 7291
f 7293 7294 7291
f 7294 7295 7291
f 7295 7296 7291
f 7296 7297 7291
f 7297 7298 7291
f 7298 7299 7291
f 7299 7300 7291
f 7300 7292 7291
f 7300 7299 7298 7297 7296 7295 7294 7293 7292
f 7302 7303 7301
f 7303 7304 7301
f 7304 7305 7301
f 7305 7306 7301
f 7306 7307 7301
f 7307 7308 7301
f 7308 7309 7301
f 7309 7310 7301
f 7310 7302 7301
f 7310 7309 7308 7307 7306 7305 7304 7303 7302
f 7312 7313 7311
f 7313 7314 7311
f 7314 7315 7311
f 7315 7316 7311
f 7316 7317 7311
f 7317 7318 7311
f 7318 7319 7311
f 7319 7320 7311
f 7320 7312 7311
f 7320 7319 7318 7317 7316 7315 7314 7313 7312
f 7322 7323 7321
f 7323 7324 7321
f 7324 7325 7321
f 7325 7326 7321
f 7326 7327 7321
f 7327 7328 7321
f 7328 7329 7321
f 7329 7330 7321
f 7330 7322 7321
f 7330 7329 7328 7327 7326 7325 7324 7323 7322
f 7332 7333 7331
f 7333 7334 7331
f 7334 7335 7331
f 7335 7336 7331
f 7336 7337 7331
f 7337 7338 7331
f 7338 7339 7331
f 7339 7340 7331
f 7340 7332 7331
f 7340 7339 7338 7337 7336 7335 7334 7333 7332
f 7342 7343 7341
f 7343 7344 7341
f 7344 7345 7341
f 7345 7346 7341
f 7346 7347 7341
f 7347 7348 7341
f 7348 7349 7341
f 7349 7350 7341
f 7350 7342 7341
f 7350 7349 7348 7347 7346 7345 7344 7343 7342
f 7351 7352 7357 7356
f 7352 7353 7358 7357
f 7353 7354 7359 7358
f 7354 7355 7360 7359
f 7355 7351 7356 7360
f 7355 7354 7353 7352 7351
f 7356 7357 7358 7359 7360
f 7362 7363 7361
f 7363 7364 7361
f 7364 7365 7361
f 7365 7366 7361
f 7366 7367 7361
f 7367 7368 7361
f 7368 7369 7361
f 7369 7370 7361
f 7370 7362 7361
f 7370 7369 7368 7367 7366 7365 7364 7363 7362
f 7372 7373 7371
f 7373 7374 7371
f 7374 7375 7371
f 7375 7376 7371
f 7376 7377 7371
f 7377 7378 7371
f 7378 7379 7371
f 7379 7380 7371
f 7380 7372 7371
f 7380 7379 7378 7377 7376 7375 7374 7373 7372
f 7382 7383 7381
f 7383 7384 7381
f 7384 7385 7381
f 7385 7386 7381
f 7386 7387 7381
f 7387 7388 7381
f 7388 7389 7381
f 7389 7390 7381
f 7390 7382 7381
f 7390 7389 7388 7387 7386 7385 7384 7383 7382
f 7392 7393 7391
f 7393 7394 7391
f 7394 7395 7391
f 7395 7396 7391
f 7396 7397 7391
f 7397 7398 7391
f 7398 7399 7391
f 7399 7400 7391
f 7400 7392 7391
f 7400 7399 7398 7397 7396 7395 7394 7393 7392
f 7402 7403 7401
f 7403 7404 7401
f 7404 7405 7401
f 7405 7406 7401
f 7406 7407 7401
f 7407 7408 7401
f 7408 7409 7401
f 7409 7410 7401
f 7410 7402 7401
f 7410 7409 7408 7407 7406 7405 7404 7403 7402
f 7412 7413 7411
f 7413 7414 7411
f 7414 7415 7411
f 7415 7416 7411
f 7416 7417 7411
f 7417 7418 7411
f 7418 7419 7411
f 7419 7420 7411
f 7420 7412 7411
f 7420 7419 7418 7417 7416 7415 7414 7413 7412
f 7421 7422 7427 7426
f 7422 7423 7428 7427
f 7423 7424 7429 7428
f 7424 7425 7430 7429
f 7425 7421 7426 7430
f 7425 7424 7423 7422 7421
f 7426 7427 7428 7429 7430
f 7432 7433 7431
f 7433 7434 7431
f 7434 7435 7431
f 7435 7436 7431
f 7436 7437 7431
f 7437 7438 7431
f 7438 7439 7431
f 7439 7440 7431
f 7440 7432 7431
f 7440 7439 7438 7437 7436 7435 7434 7433 7432
f 7442 7443 7441
f 7443 7444 7441
f 7444 7445 7441
f 7445 7446 7441
f 7446 7447 7441
f 7447 7448 7441
f 7448 7449 7441
f 7449 7450 7441
f 7450 7442 7441
f 7450 7449 7448 7447 7446 7445 7444 7443 7442
f 7452 7453 7451
f 7453 7454 7451
f 7454 7455 7451
f 7455 7456 7451
f 7456 7457 7451
f 7457 7458 7451
f 7458 7459 7451
f 7459 7460 7451
f 7460 7452 7451
f 7460 7459 7458 7457 7456 7455 7454 7453 7452
f 7462 7463 7461
f 7463 7464 7461
f 7464 7465 7461
f 7465 7466 7461
f 7466 7467 7461
f 7467 7468 7461
f 7468 7469 7461
f 7469 7470 7461
f 7470 7462 7461
f 7470 7469 7468 7467 7466 7465 7464 7463 7462
f 7472 7473 7471
f 7473 7474 7471
f 7474 7475 7471
f 7475 7476 7471
f 7476 7477 7471
f 7477 7478 7471
f 7478 7479 7471
f 7479 7480 7471
f 7480 7472 7471
f 7480 7479 7478 7477 7476 7475 7474 7473 7472
f 7482 7483 7481
f 7483 7484 7481
f 7484 7485 7481
f 7485 7486 7481
f 7486 7487 7481
f 7487 7488 7481
f 7488 7489 7481
f 7489 7490 7481
f 7490 7482 7481
f 7490 7489 7488 7487 7486 7485 7484 7483 7482
f 7491 7492 7497 7496
f 7492 7493 7498 7497
f 7493 7494 7499 7498
f 7494 7495 7500 7499
f 7495 7491 7496 7500
f 7495 7494 7493 7492 7491
f 7496 7497 7498 7499 7500
f 7502 7503 7501
f 7503 7504 7501
f 7504 7505 7501
f 7505 7506 7501
f 7506 7507 7501
f 7507 7508 7501
f 7508 7509 7501
f 7509 7510 7501
f 7510 7502 7501
f 7510 7509 7508 7507 7506 7505 7504 7503 7502
f 7512 7513 7511
f 7513 7514 7511
f 7514 7515 7511
f 7515 7516 7511
f 7516 7517 7511
f 7517 7518 7511
f 7518 7519 7511
f 7519 7520 7511
f 7520 7512 7511
f 7520 7519 7518 7517 7516 7515 7514 7513 7512
f 7522 7523 7521
f 7523 7524 7521
f 7524 7525 7521
f 7525 7526 7521
f 7526 7527 7521
f 7527 7528 7521
f 7528 7529 7521
f 7529 7530 7521
f 7530 7522 7521
f 7530 7529 7528 7527 7526 7525 7524 7523 7522
f 7532 7533 7531
f 7533 7534 7531
f 7534 7535 7531
f 7535 7536 7531
f 7536 7537 7531
f 7537 7538 7531
f 7538 7539 7531
f 7539 7540 7531
f 7540 7532 7531
f 7540 7539 7538 7537 7536 7535 7534 7533 7532
f 7542 7543 7541
f 7543 7544 7541
f 7544 7545 7541
f 7545 7546 7541
f 7546 7547 7541
f 7547 7548 7541
f 7548 7549 7541
f 7549 7550 7541
f 7550 7542 7541
f 7550 7549 7548 7547 7546 7545 7544 7543 7542
f 7552 7553 7551
f 7553 7554 7551
f 7554 7555 7551
f 7555 7556 7551
f 7556 7557 7551
f 7557 7558 7551
f 7558 7559 7551
f 7559 7560 7551
f 7560 7552 7551
f 7560 7559 7558 7557 7556 7555 7554 7553 7552
f 7561 7562 7567 7566
f 7562 7563 7568 7567
f 7563 7564 7569 7568
f 7564 7565 7570 7569
f 7565 7561 7566 7570
f 7565 7564 7563 7562 7561
f 7566 7567 7568 7569 7570
f 7572 7573 7571
f 7573 7574 7571
f 7574 7575 7571
f 7575 7576 7571
f 7576 7577 7571
f 7577 7578 7571
f 7578 7579 7571
f 7579 7580 7571
f 7580 7572 7571
f 7580 7579 7578 7577 7576 7575 7574 7573 7572
f 7582 7583 7581
f 7583 7584 7581
f 7584 7585 7581
f 7585 7586 7581
f 7586 7587 7581
f 7587 7588 7581
f 7588 7589 7581
f 7589 7590 7581
f 7590 7582 7581
f 7590 7589 7588 7587 7586 7585 7584 7583 7582
f 7592 7593 7591
f 7593 7594 7591
f 7594 7595 7591
f 7595 7596 7591
f 7596 7597 7591
f 7597 7598 7591
f 7598 7599 7591
f 7599 7600 7591
f 7600 7592 7591
f 7600 7599 7598 7597 7596 7595 7594 7593 7592
f 7602 7603 7601
f 7603 7604 7601
f 7604 7605 7601
f 7605 7606 7601
f 7606 7607 7601
f 7607 7608 7601
f 7608 7609 7601
f 7609 7610 7601
f 7610 7602 7601
f 7610 7609 7608 7607 7606 7605 7604 7603 7602
f 7612 7613 7611
f 7613 7614 7611
f 7614 7615 7611
f 7615 7616 7611
f 7616 7617 7611
f 7617 7618 7611
f 7618 7619 7611
f 7619 7620 7611
f 7620 7612 7611
f 7620 7619 7618 7617 7616 7615 7614 7613 7612
f 7622 7623 7621
f 7623 7624 7621
f 7624 7625 7621
f 7625 7626 7621
f 7626 7627 7621
f 7627 7628 7621
f 7628 7629 7621
f 7629 7630 7621
f 7630 7622 7621
f 7630 7629 7628 7627 7626 7625 7624 7623 7622
f 7631 7632 7637 7636
f 7632 7633 7638 7637
f 7633 7634 7639 7638
f 7634 7635 7640 7639
f 7635 7631 7636 7640
f 7635 7634 7633 7632 7631
f 7636 7637 7638 7639 7640
f 7642 7643 7641
f 7643 7644 7641
f 7644 7645 7641
f 7645 7646 7641
f 7646 7647 7641
f 7647 7648 7641
f 7648 7649 7641
f 7649 7650 7641
f 7650 7642 7641
f 7650 7649 7648 7647 7646 7645 7644 7643 7642
f 7652 7653 7651
f 7653 7654 7651
f 7654 7655 7651
f 7655 7656 7651
f 7656 7657 7651
f 7657 7658 7651
f 7658 7659 7651
f 7659 7660 7651
f 7660 7652 7651
f 7660 7659 7658 7657 7656 7655 7654 7653 7652
f 7662 7663 7661
f 7663 7664 7661
f 7664 7665 7661
f 7665 7666 7661
f 7666 7667 7661
f 7667 7668 7661
f 7668 7669 7661
f 7669 7670 7661
f 7670 7662 7661
f 7670 7669 7668 7667 7666 7665 7664 7663 7662
f 7672 7673 7671
f 7673 7674 7671
f 7674 7675 7671
f 7675 7676 7671
f 7676 7677 7671
f 7677 7678 7671
f 7678 7679 7671
f 7679 7680 7671
f 7680 7672 7671
f 7680 7679 7678 7677 7676 7675 7674 7673 7672
f 7682 7683 7681
f 7683 7684 7681
f 7684 7685 7681
f 7685 7686 7681
f 7686 7687 7681
f 7687 7688 7681
f 7688 7689 7681
f 7689 7690 7681
f 7690 7682 7681
f 7690 7689 7688 7687 7686 7685 7684 7683 7682
f 7692 7693 7691
f 7693 7694 7691
f 7694 7695 7691
f 7695 7696 7691
f 7696 7697 7691
f 7697 7698 7691
f 7698 7699 7691
f 7699 7700 7691
f 7700 7692 7691
f 7700 7699 7698 7697 7696 7695 7694 7693 7692
f 7701 7702 7707 7706
f 7702 7703 7708 7707
f 7703 7704 7709 7708
f 7704 7705 7710 7709
f 7705 7701 7706 7710
f 7705 7704 7703 7702 7701
f 7706 7707 7708 7709 7710
f 7712 7713 7711
f 7713 7714 7711
f 7714 7715 7711
f 7715 7716 7711
f 7716 7717 7711
f 7717 7718 7711
f 7718 7719 7711
f 7719 7720 7711
f 7720 7712 7711
f 7720 7719 7718 7717 7716 7715 7714 7713 7712
f 7722 7723 7721
f 7723 7724 7721
f 7724 7725 7721
f 7725 7726 7721
f 7726 7727 7721
f 7727 7728 7721
f 7728 7729 7721
f 7729 7730 7721
f 7730 7722 7721
f 7730 7729 7728 7727 7726 7725 7724 7723 7722
f 7732 7733 7731
f 7733 7734 7731
f 7734 7735 7731
f 7735 7736 7731
f 7736 7737 7731
f 7737 7738 7731
f 7738 7739 7731
f 7739 7740 7731
f 7740 7732 7731
f 7740 7739 7738 7737 7736 7735 7734 7733 7732
f 7742 7743 7741
f 7743 7744 7741
f 7744 7745 7741
f 7745 7746 7741
f 7746 7747 7741
f 7747 7748 7741
f 7748 7749 7741
f 7749 7750 7741
f 7750 7742 7741
f 7750 7749 7748 7747 7746 7745 7744 7743 7742
f 7752 7753 7751
f 7753 7754 7751
f 7754 7755 7751
f 7755 7756 7751
f 7756 7757 7751
f 7757 7758 7751
f 7758 7759 7751
f 7759 7760 7751
f 7760 7752 7751
f 7760 7759 7758 7757 7756 7755 7754 7753 7752
f 7762 7763 7761
f 7763 7764 7761
f 7764 7765 7761
f 7765 7766 7761
f 7766 7767 7761
f 7767 7768 7761
f 7768 7769 7761
f 7769 7770 7761
f 7770 7762 7761
f 7770 7769 7768 7767 7766 7765 7764 7763 7762
f 7771 7772 7777 7776
f 7772 7773 7778 7777
f 7773 7774 7779 7778
f 7774 7775 7780 7779
f 7775 7771 7776 7780
f 7775 7774 7773 7772 7771
f 7776 7777 7778 7779 7780
f 7782 7783 7781
f 7783 7784 7781
f 7784 7785 7781
f 7785 7786 7781
f 7786 7787 7781
f 7787 7788 7781
f 7788 7789 7781
f 7789 7790 7781
f 7790 7782 7781
f 7790 7789 7788 7787 7786 7785 7784 7783 7782
f 7792 7793 7791
f 7793 7794 7791
f 7794 7795 7791
f 7795 7796 7791
f 7796 7797 7791
f 7797 7798 7791
f 7798 7799 7791
f 7799 7800 7791
f 7800 7792 7791
f 7800 7799 7798 7797 7796 7795 7794 7793 7792
f 7802 7803 7801
f 7803 7804 7801
f 7804 7805 7801
f 7805 7806 7801
f 7806 7807 7801
f 7807 7808 7801
f 7808 7809 7801
f 7809 7810 7801
f 7810 7802 7801
f 7810 7809 7808 7807 7806 7805 7804 7803 7802
f 7812 7813 7811
f 7813 7814 7811
f 7814 7815 7811
f 7815 7816 7811
f 7816 7817 7811
f 7817 7818 7811
f 7818 7819 7811
f 7819 7820 7811
f 7820 7812 7811
f 7820 7819 7818 7817 7816 7815 7814 7813 7812
f 7822 7823 7821
f 7823 7824 7821
f 7824 7825 7821
f 7825 7826 7821
f 7826 7827 7821
f 7827 7828 7821
f 7828 7829 7821
f 7829 7830 7821
f 7830 7822 7821
f 7830 7829 7828 7827 7826 7825 7824 7823 7822
f 7832 7833 7831
f 7833 7834 7831
f 7834 7835 7831
f 7835 7836 7831
f 7836 7837 7831
f 7837 7838 7831
f 7838 7839 7831
f 7839 7840 7831
f 7840 7832 7831
f 7840 7839 7838 7837 7836 7835 7834 7833 7832
f 7841 7842 7847 7846
f 7842 7843 7848 7847
f 7843 7844 7849 7848
f 7844 7845 7850 7849
f 7845 7841 7846 7850
f 7845 7844 7843 7842 7841
f 7846 7847 7848 7849 7850
f 7852 7853 7851
f 7853 7854 7851
f 7854 7855 7851
f 7855 7856 7851
f 7856 7857 7851
f 7857 7858 7851
f 7858 7859 7851
f 7859 7860 7851
f 7860 7852 7851
f 7860 7859 7858 7857 7856 7855 7854 7853 7852
f 7862 7863 7861
f 7863 7864 7861
f 7864 7865 7861
f 7865 7866 7861
f 7866 7867 7861
f 7867 7868 7861
f 7868 7869 7861
f 7869 7870 7861
f 7870 7862 7861
f 7870 7869 7868 7867 7866 7865 7864 7863 7862
f 7872 7873 7871
f 7873 7874 7871
f 7874 7875 7871
f 7875 7876 7871
f 7876 7877 7871
f 7877 7878 7871
f 7878 7879 7871
f 7879 7880 7871
f 7880 7872 7871
f 7880 7879 7878 7877 7876 7875 7874 7873 7872
f 7882 7883 7881
f 7883 7884 7881
f 7884 7885 7881
f 7885 7886 7881
f 7886 7887 7881
f 7887 7888 7881
f 7888 7889 7881
f 7889 7890 7881
f 7890 7882 7881
f 7890 7889 7888 7887 7886 7885 7884 7883 7882
f 7892 7893 7891
f 7893 7894 7891
f 7894 7895 7891
f 7895 7896 7891
f 7896 7897 7891
f 7897 7898 7891
f 7898 7899 7891
f 7899 7900 7891
f 7900 7892 7891
f 7900 7899 7898 7897 7896 7895 7894 7893 7892
f 7902 7903 7901
f 7903 7904 7901
f 7904 7905 7901
f 7905 7906 7901
f 7906 7907 7901
f 7907 7908 7901
f 7908 7909 7901
f 7909 7910 7901
f 7910 7902 7901
f 7910 7909 7908 7907 7906 7905 7904 7903 7902
f 7911 7912 7917 7916
f 7912 7913 7918 7917
f 7913 7914 7919 7918
f 7914 7915 7920 7919
f 7915 7911 7916 7920
f 7915 7914 7913 7912 7911
f 7916 7917 7918 7919 7920
f 7922 7923 7921
f 7923 7924 7921
f 7924 7925 7921
f 7925 7926 7921
f 7926 7927 7921
f 7927 7928 7921
f 7928 7929 7921
f 7929 7930 7921
f 7930 7922 7921
f 7930 7929 7928 7927 7926 7925 7924 7923 7922
f 7932 7933 7931
f 7933 7934 7931
f 7934 7935 7931
f 7935 7936 7931
f 7936 7937 7931
f 7937 7938 7931
f 7938 7939 7931
f 7939 7940 7931
f 7940 7932 7931
f 7940 7939 7938 7937 7936 7935 7934 7933 7932
f 7942 7943 7941
f 7943 7944 7941
f 7944 7945 7941
f 7945 7946 7941
f 7946 7947 7941
f 7947 7948 7941
f 7948 7949 7941
f 7949 7950 7941
f 7950 7942 7941
f 7950 7949 7948 7947 7946 7945 7944 7943 7942
f 7952 7953 7951
f 7953 7954 7951
f 7954 7955 7951
f 7955 7956 7951
f 7956 7957 7951
f 7957 7958 7951
f 7958 7959 7951
f 7959 7960 7951
f 7960 7952 7951
f 7960 7959 7958 7957 7956 7955 7954 7953 7952
f 7962 7963 7961
f 7963 7964 7961
f 7964 7965 7961
f 7965 7966 7961
f 7966 7967 7961
f 7967 7968 7961
f 7968 7969 7961
f 7969 7970 7961
f 7970 7962 7961
f 7970 7969 7968 7967 7966 7965 7964 7963 7962
f 7972 7973 7971
f 7973 7974 7971
f 7974 7975 7971
f 7975 7976 7971
f 7976 7977 7971
f 7977 7978 7971
f 7978 7979 7971
f 7979 7980 7971
f 7980 7972 7971
f 7980 7979 7978 7977 7976 7975 7974 7973 7972
f 7981 7982 7987 7986
f 7982 7983 7988 7987
f 7983 7984 7989 7988
f 7984 7985 7990 7989
f 7985 7981 7986 7990
f 7985 7984 7983 7982 7981
f 7986 7987 7988 7989 7990
f 7992 7993 7991
f 7993 7994 7991
f 7994 7995 7991
f 7995 7996 7991
f 7996 7997 7991
f 7997 7998 7991
f 7998 7999 7991
f 7999 8000 7991
f 8000 7992 7991
f 8000 7999 7998 7997 7996 7995 7994 7993 7992
f 8002 8003 8001
f 8003 8004 8001
f 8004 8005 8001
f 8005 8006 8001
f 8006 8007 8001
f 8007 8008 8001
f 8008 8009 8001
f 8009 8010 8001
f 8010 8002 8001
f 8010 8009 8008 8007 8006 8005 8004 8003 8002
f 8012 8013 8011
f 8013 8014 8011
f 8014 8015 8011
f 8015 8016 8011
f 8016 8017 8011
f 8017 8018 8011
f 8018 8019 8011
f 8019 8020 8011
f 8020 8012 8011
f 8020 8019 8018 8017 8016 8015 8014 8013 8012
f 8022 8023 8021
f 8023 8024 8021
f 8024 8025 8021
f 8025 8026 8021
f 8026 8027 8021
f 8027 8028 8021
f 8028 8029 8021
f 8029 8030 8021
f 8030 8022 8021
f 8030 8029 8028 8027 8026 8025 8024 8023 8022
f 8032 8033 8031
f 8033 8034 8031
f 8034 8035 8031
f 8035 8036 8031
f 8036 8037 8031
f 8037 8038 8031
f 8038 8039 8031
f 8039 8040 8031
f 8040 8032 8031
f 8040 8039 8038 8037 8036 8035 8034 8033 8032
f 8042 8043 8041
f 8043 8044 8041
f 8044 8045 8041
f 8045 8046 8041
f 8046 8047 8041
f 8047 8048 8041
f 8048 8049 8041
f 8049 8050 8041
f 8050 8042 8041
f 8050 8049 8048 8047 8046 8045 8044 8043 8042
f 8051 8052 8057 8056
f 8052 8053 8058 8057
f 8053 8054 8059 8058
f 8054 8055 8060 8059
f 8055 8051 8056 8060
f 8055 8054 8053 8052 8051
f 8056 8057 8058 8059 8060
f 8062 8063 8061
f 8063 8064 8061
f 8064 8065 8061
f 8065 8066 8061
f 8066 8067 8061
f 8067 8068 8061
f 8068 8069 8061
f 8069 8070 8061
f 8070 8062 8061
f 8070 8069 8068 8067 8066 8065 8064 8063 8062
f 8072 8073 8071
f 8073 8074 8071
f 8074 8075 8071
f 8075 8076 8071
f 8076 8077 8071
f 8077 8078 8071
f 8078 8079 8071
f 8079 8080 8071
f 8080 8072 8071
f 8080 8079 8078 8077 8076 8075 8074 8073 8072
f 8082 8083 8081
f 8083 8084 8081
f 8084 8085 8081
f 8085 8086 8081
f 8086 8087 8081
f 8087 8088 8081
f 8088 8089 8081
f 8089 8090 8081
f 8090 8082 8081
f 8090 8089 8088 8087 8086 8085 8084 8083 8082
f 8092 8093 8091
f 8093 8094 8091
f 8094 8095 8091
f 8095 8096 8091
f 8096 8097 8091
f 8097 8098 8091
f 8098 8099 8091
f 8099 8100 8091
f 8100 8092 8091
f 8100 8099 8098 8097 8096 8095 8094 8093 8092
f 8102 8103 8101
f 8103 8104 8101
f 8104 8105 8101
f 8105 8106 8101
f 8106 8107 8101
f 8107 8108 8101
f 8108 8109 8101
f 8109 8110 8101
f 8110 8102 8101
f 8110 8109 8108 8107 8106 8105 8104 8103 8102
f 8112 8113 8111
f 8113 8114 8111
f 8114 8115 8111
f 8115 8116 8111
f 8116 8117 8111
f 8117 8118 8111
f 8118 8119 8111
f 8119 8120 8111
f 8120 8112 8111
f 8120 8119 8118 8117 8116 8115 8114 8113 8112
f 8121 8122 8127 8126
f 8122 8123 8128 8127
f 8123 8124 8129 8128
f 8124 8125 8130 8129
f 8125 8121 8126 8130
f 8125 8124 8123 8122 8121
f 8126 8127 8128 8129 8130
f 8132 8133 8131
f 8133 8134 8131
f 8134 8135 8131
f 8135 8136 8131
f 8136 8137 8131
f 8137 8138 8131
f 8138 8139 8131
f 8139 8140 8131
f 8140 8132 8131
f 8140 8139 8138 8137 8136 8135 8134 8133 8132
f 8142 8143 8141
f 8143 8144 8141
f 8144 8145 8141
f 8145 8146 8141
f 8146 8147 8141
f 8147 8148 8141
f 8148 8149 8141
f 8149 8150 8141
f 8150 8142 8141
f 8150 8149 8148 8147 8146 8145 8144 8143 8142
f 8152 8153 8151
f 8153 8154 8151
f 8154 8155 8151
f 8155 8156 8151
f 8156 8157 8151
f 8157 8158 8151
f 8158 8159 8151
f 8159 8160 8151
f 8160 8152 8151
f 8160 8159 8158 8157 8156 8155 8154 8153 8152
f 8162 8163 8161
f 8163 8164 8161
f 8164 8165 8161
f 8165 8166 8161
f 8166 8167 8161
f 8167 8168 8161
f 8168 8169 8161
f 8169 8170 8161
f 8170 8162 8161
f 8170 8169 8168 8167 8166 8165 8164 8163 8162
f 8172 8173 8171
f 8173 8174 8171
f 8174 8175 8171
f 8175 8176 8171
f 8176 8177 8171
f 8177 8178 8171
f 8178 8179 8171
f 8179 8180 8171
f 8180 8172 8171
f 8180 8179 8178 8177 8176 8175 8174 8173 8172
f 8182 8183 8181
f 8183 8184 8181
f 8184 8185 8181
f 8185 8186 8181
f 8186 8187 8181
f 8187 8188 8181
f 8188 8189 8181
f 8189 8190 8181
f 8190 8182 8181
f 8190 8189 8188 8187 8186 8185 8184 8183 8182
f 8191 8192 8197 8196
f 8192 8193 8198 8197
f 8193 8194 8199 8198
f 8194 8195 8200 8199
f 8195 8191 8196 8200
f 8195 8194 8193 8192 8191
f 8196 8197 8198 8199 8200
f 8202 8203 8201
f 8203 8204 8201
f 8204 8205 8201
f 8205 8206 8201
f 8206 8207 8201
f 8207 8208 8201
f 8208 8209 8201
f 8209 8210 8201
f 8210 8202 8201
f 8210 8209 8208 8207 8206 8205 8204 8203 8202
f 8212 8213 8211
f 8213 8214 8211
f 8214 8215 8211
f 8215 8216 8211
f 8216 8217 8211
f 8217 8218 8211
f 8218 8219 8211
f 8219 8220 8211
f 8220 8212 8211
f 8220 8219 8218 8217 8216 8215 8214 8213 8212
f 8222 8223 8221
f 8223 8224 8221
f 8224 8225 8221
f 8225 8226 8221
f 8226 8227 8221
f 8227 8228 8221
f 8228 8229 8221
f 8229 8230 8221
f 8230 8222 8221
f 8230 8229 8228 8227 8226 8225 8224 8223 8222
f 8232 8233 8231
f 8233 8234 8231
f 8234 8235 8231
f 8235 8236 8231
f 8236 8237 8231
f 8237 8238 8231
f 8238 8239 8231
f 8239 8240 8231
f 8240 8232 8231
f 8240 8239 8238 8237 8236 8235 8234 8233 8232
f 8242 8243 8241
f 8243 8244 8241
f 8244 8245 8241
f 8245 8246 8241
f 8246 8247 8241
f 8247 8248 8241
f 8248 8249 8241
f 8249 8250 8241
f 8250 8242 8241
f 8250 8249 8248 8247 8246 8245 8244 8243 8242
f 8252 8253 8251
f 8253 8254 8251
f 8254 8255 8251
f 8255 8256 8251
f 8256 8257 8251
f 8257 8258 8251
f 8258 8259 8251
f 8259 8260 8251
f 8260 8252 8251
f 8260 8259 8258 8257 8256 8255 8254 8253 8252
f 8261 8262 8267 8266
f 8262 8263 8268 8267
f 8263 8264 8269 8268
f 8264 8265 8270 8269
f 8265 8261 8266 8270
f 8265 8264 8263 8262 8261
f 8266 8267 8268 8269 8270
f 8272 8273 8271
f 8273 8274 8271
f 8274 8275 8271
f 8275 8276 8271
f 8276 8277 8271
f 8277 8278 8271
f 8278 8279 8271
f 8279 8280 8271
f 8280 8272 8271
f 8280 8279 8278 8277 8276 8275 8274 8273 8272
f 8282 8283 8281
f 8283 8284 8281
f 8284 8285 8281
f 8285 8286 8281
f 8286 8287 8281
f 8287 8288 8281
f 8288 8289 8281
f 8289 8290 8281
f 8290 8282 8281
f 8290 8289 8288 8287 8286 8285 8284 8283 8282
f 8292 8293 8291
f 8293 8294 8291
f 8294 8295 8291
f 8295 8296 8291
f 8296 8297 8291
f 8297 8298 8291
f 8298 8299 8291
f 8299 8300 8291
f 8300 8292 8291
f 8300 8299 8298 8297 8296 8295 8294 8293 8292
f 8302 8303 8301
f 8303 8304 8301
f 8304 8305 8301
f 8305 8306 8301
f 8306 8307 8301
f 8307 8308 8301
f 8308 8309 8301
f 8309 8310 8301
f 8310 8302 8301
f 8310 8309 8308 8307 8306 8305 8304 8303 8302
f 8312 8313 8311
f 8313 8314 8311
f 8314 8315 8311
f 8315 8316 8311
f 8316 8317 8311
f 8317 8318 8311
f 8318 8319 8311
f 8319 8320 8311
f 8320 8312 8311
f 8320 8319 8318 8317 8316 8315 8314 8313 8312
f 8322 8323 8321
f 8323 8324 8321
f 8324 8325 8321
f 8325 8326 8321
f 8326 8327 8321
f 8327 8328 8321
f 8328 8329 8321
f 8329 8330 8321
f 8330 8322 8321
f 8330 8329 8328 8327 8326 8325 8324 8323 8322
f 8331 8332 8337 8336
f 8332 8333 8338 8337
f 8333 8334 8339 8338
f 8334 8335 8340 8339
f 8335 8331 8336 8340
f 8335 8334 8333 8332 8331
f 8336 8337 8338 8339 8340
f 8342 8343 8341
f 8343 8344 8341
f 8344 8345 8341
f 8345 8346 8341
f 8346 8347 8341
f 8347 8348 8341
f 8348 8349 8341
f 8349 8350 8341
f 8350 8342 8341
f 8350 8349 8348 8347 8346 8345 8344 8343 8342
f 8352 8353 8351
f 8353 8354 8351
f 8354 8355 8351
f 8355 8356 8351
f 8356 8357 8351
f 8357 8358 8351
f 8358 8359 8351
f 8359 8360 8351
f 8360 8352 8351
f 8360 8359 8358 8357 8356 8355 8354 8353 8352
f 8362 8363 8361
f 8363 8364 8361
f 8364 8365 8361
f 8365 8366 8361
f 8366 8367 8361
f 8367 8368 8361
f 8368 8369 8361
f 8369 8370 8361
f 8370 8362 8361
f 8370 8369 8368 8367 8366 8365 8364 8363 8362
f 8372 8373 8371
f 8373 8374 8371
f 8374 8375 8371
f 8375 8376 8371
f 8376 8377 8371
f 8377 8378 8371
f 8378 8379 8371
f 8379 8380 8371
f 8380 8372 8371
f 8380 8379 8378 8377 8376 8375 8374 8373 8372
f 8382 8383 8381
f 8383 8384 8381
f 8384 8385 8381
f 8385 8386 8381
f 8386 8387 8381
f 8387 8388 8381
f 8388 8389 8381
f 8389 8390 8381
f 8390 8382 8381
f 8390 8389 8388 8387 8386 8385 8384 8383 8382
f 8392 8393 8391
f 8393 8394 8391
f 8394 8395 8391
f 8395 8396 8391
f 8396 8397 8391
f 8397 8398 8391
f 8398 8399 8391
f 8399 8400 8391
f 8400 8392 8391
f 8400 8399 8398 8397 8396 8395 8394 8393 8392
f 8401 8402 8407 8406
f 8402 8403 8408 8407
f 8403 8404 8409 8408
f 8404 8405 8410 8409
f 8405 8401 8406 8410
f 8405 8404 8403 8402 8401
f 8406 8407 8408 8409 8410
f 8412 8413 8411
f 8413 8414 8411
f 8414 8415 8411
f 8415 8416 8411
f 8416 8417 8411
f 8417 8418 8411
f 8418 8419 8411
f 8419 8420 8411
f 8420 8412 8411
f 8420 8419 8418 8417 8416 8415 8414 8413 8412
f 8422 8423 8421
f 8423 8424 8421
f 8424 8425 8421
f 8425 8426 8421
f 8426 8427 8421
f 8427 8428 8421
f 8428 8429 8421
f 8429 8430 8421
f 8430 8422 8421
f 8430 8429 8428 8427 8426 8425 8424 8423 8422
f 8432 8433 8431
f 8433 8434 8431
f 8434 8435 8431
f 8435 8436 8431
f 8436 8437 8431
f 8437 8438 8431
f 8438 8439 8431
f 8439 8440 8431
f 8440 8432 8431
f 8440 8439 8438 8437 8436 8435 8434 8433 8432
f 8442 8443 8441
f 8443 8444 8441
f 8444 8445 8441
f 8445 8446 8441
f 8446 8447 8441
f 8447 8448 8441
f 8448 8449 8441
f 8449 8450 8441
f 8450 8442 8441
f 8450 8449 8448 8447 8446 8445 8444 8443 8442
f 8452 8453 8451
f 8453 8454 8451
f 8454 8455 8451
f 8455 8456 8451
f 8456 8457 8451
f 8457 8458 8451
f 8458 8459 8451
f 8459 8460 8451
f 8460 8452 8451
f 8460 8459 8458 8457 8456 8455 8454 8453 8452
f 8462 8463 8461
f 8463 8464 8461
f 8464 8465 8461
f 8465 8466 8461
f 8466 8467 8461
f 8467 8468 8461
f 8468 8469 8461
f 8469 8470 8461
f 8470 8462 8461
f 8470 8469 8468 8467 8466 8465 8464 8463 8462
f 8471 8472 8477 8476
f 8472 8473 8478 8477
f 8473 8474 8479 8478
f 8474 8475 8480 8479
f 8475 8471 8476 8480
f 8475 8474 8473 8472 8471
f 8476 8477 8478 8479 8480
f 8482 8483 8481
f 8483 8484 8481
f 8484 8485 8481
f 8485 8486 8481
f 8486 8487 8481
f 8487 8488 8481
f 8488 8489 8481
f 8489 8490 8481
f 8490 8482 8481
f 8490 8489 8488 8487 8486 8485 8484 8483 8482
f 8492 8493 8491
f 8493 8494 8491
f 8494 8495 8491
f 8495 8496 8491
f 8496 8497 8491
f 8497 8498 8491
f 8498 8499 8491
f 8499 8500 8491
f 8500 8492 8491
f 8500 8499 8498 8497 8496 8495 8494 8493 8492
f 8502 8503 8501
f 8503 8504 8501
f 8504 8505 8501
f 8505 8506 8501
f 8506 8507 8501
f 8507 8508 8501
f 8508 8509 8501
f 8509 8510 8501
f 8510 8502 8501
f 8510 8509 8508 8507 8506 8505 8504 8503 8502
f 8512 8513 8511
f 8513 8514 8511
f 8514 8515 8511
f 8515 8516 8511
f 8516 8517 8511
f 8517 8518 8511
f 8518 8519 8511
f 8519 8520 8511
f 8520 8512 8511
f 8520 8519 8518 8517 8516 8515 8514 8513 8512
f 8522 8523 8521
f 8523 8524 8521
f 8524 8525 8521
f 8525 8526 8521
f 8526 8527 8521
f 8527 8528 8521
f 8528 8529 8521
f 8529 8530 8521
f 8530 8522 8521
f 8530 8529 8528 8527 8526 8525 8524 8523 8522
f 8532 8533 8531
f 8533 8534 8531
f 8534 8535 8531
f 8535 8536 8531
f 8536 8537 8531
f 8537 8538 8531
f 8538 8539 8531
f 8539 8540 8531
f 8540 8532 8531
f 8540 8539 8538 8537 8536 8535 8534 8533 8532
f 8541 8542 8547 8546
f 8542 8543 8548 8547
f 8543 8544 8549 8548
f 8544 8545 8550 8549
f 8545 8541 8546 8550
f 8545 8544 8543 8542 8541
f 8546 8547 8548 8549 8550
f 8552 8553 8551
f 8553 8554 8551
f 8554 8555 8551
f 8555 8556 8551
f 8556 8557 8551
f 8557 8558 8551
f 8558 8559 8551
f 8559 8560 8551
f 8560 8552 8551
f 8560 8559 8558 8557 8556 8555 8554 8553 8552
f 8562 8563 8561
f 8563 8564 8561
f 8564 8565 8561
f 8565 8566 8561
f 8566 8567 8561
f 8567 8568 8561
f 8568 8569 8561
f 8569 8570 8561
f 8570 8562 8561
f 8570 8569 8568 8567 8566 8565 8564 8563 8562
f 8572 8573 8571
f 8573 8574 8571
f 8574 8575 8571
f 8575 8576 8571
f 8576 8577 8571
f 8577 8578 8571
f 8578 8579 8571
f 8579 8580 8571
f 8580 8572 8571
f 8580 8579 8578 8577 8576 8575 8574 8573 8572
f 8582 8583 8581
f 8583 8584 8581
f 8584 8585 8581
f 8585 8586 8581
f 8586 8587 8581
f 8587 8588 8581
f 8588 8589 8581
f 8589 8590 8581
f 8590 8582 8581
f 8590 8589 8588 8587 8586 8585 8584 8583 8582
f 8592 8593 8591
f 8593 8594 8591
f 8594 8595 8591
f 8595 8596 8591
f 8596 8597 8591
f 8597 8598 8591
f 8598 8599 8591
f 8599 8600 8591
f 8600 8592 8591
f 8600 8599 8598 8597 8596 8595 8594 8593 8592
f 8602 8603 8601
f 8603 8604 8601
f 8604 8605 8601
f 8605 8606 8601
f 8606 8607 8601
f 8607 8608 8601
f 8608 8609 8601
f 8609 8610 8601
f 8610 8602 8601
f 8610 8609 8608 8607 8606 8605 8604 8603 8602
f 8611 8612 8617 8616
f 8612 8613 8618 8617
f 8613 8614 8619 8618
f 8614 8615 8620 8619
f 8615 8611 8616 8620
f 8615 8614 8613 8612 8611
f 8616 8617 8618 8619 8620
f 8622 8623 8621
f 8623 8624 8621
f 8624 8625 8621
f 8625 8626 8621
f 8626 8627 8621
f 8627 8628 8621
f 8628 8629 8621
f 8629 8630 8621
f 8630 8622 8621
f 8630 8629 8628 8627 8626 8625 8624 8623 8622
f 8632 8633 8631
f 8633 8634 8631
f 8634 8635 8631
f 8635 8636 8631
f 8636 8637 8631
f 8637 8638 8631
f 8638 8639 8631
f 8639 8640 8631
f 8640 8632 8631
f 8640 8639 8638 8637 8636 8635 8634 8633 8632
f 8642 8643 8641
f 8643 8644 8641
f 8644 8645 8641
f 8645 8646 8641
f 8646 8647 8641
f 8647 8648 8641
f 8648 8649 8641
f 8649 8650 8641
f 8650 8642 8641
f 8650 8649 8648 8647 8646 8645 8644 8643 8642
f 8652 8653 8651
f 8653 8654 8651
f 8654 8655 8651
f 8655 8656 8651
f 8656 8657 8651
f 8657 8658 8651
f 8658 8659 8651
f 8659 8660 8651
f 8660 8652 8651
f 8660 8659 8658 8657 8656 8655 8654 8653 8652
f 8662 8663 8661
f 8663 8664 8661
f 8664 8665 8661
f 8665 8666 8661
f 8666 8667 8661
f 8667 8668 8661
f 8668 8669 8661
f 8669 8670 8661
f 8670 8662 8661
f 8670 8669 8668 8667 8666 8665 8664 8663 8662
f 8672 8673 8671
f 8673 8674 8671
f 8674 8675 8671
f 8675 8676 8671
f 8676 8677 8671
f 8677 8678 8671
f 8678 8679 8671
f 8679 8680 8671
f 8680 8672 8671
f 8680 8679 8678 8677 8676 8675 8674 8673 8672
f 8681 8682 8687 8686
f 8682 8683 8688 8687
f 8683 8684 8689 8688
f 8684 8685 8690 8689
f 8685 8681 8686 8690
f 8685 8684 8683 8682 8681
f 8686 8687 8688 8689 8690
f 8692 8693 8691
f 8693 8694 8691
f 8694 8695 8691
f 8695 8696 8691
f 8696 8697 8691
f 8697 8698 8691
f 8698 8699 8691
f 8699 8700 8691
f 8700 8692 8691
f 8700 8699 8698 8697 8696 8695 8694 8693 8692
f 8702 8703 8701
f 8703 8704 8701
f 8704 8705 8701
f 8705 8706 8701
f 8706 8707 8701
f 8707 8708 8701
f 8708 8709 8701
f 8709 8710 8701
f 8710 8702 8701
f 8710 8709 8708 8707 8706 8705 8704 8703 8702
f 8712 8713 8711
f 8713 8714 8711
f 8714 8715 8711
f 8715 8716 8711
f 8716 8717 8711
f 8717 8718 8711
f 8718 8719 8711
f 8719 8720 8711
f 8720 8712 8711
f 8720 8719 8718 8717 8716 8715 8714 8713 8712
f 8722 8723 8721
f 8723 8724 8721
f 8724 8725 8721
f 8725 8726 8721
f 8726 8727 8721
f 8727 8728 8721
f 8728 8729 8721
f 8729 8730 8721
f 8730 8722 8721
f 8730 8729 8728 8727 8726 8725 8724 8723 8722
f 8732 8733 8731
f 8733 8734 8731
f 8734 8735 8731
f 8735 8736 8731
f 8736 8737 8731
f 8737 8738 8731
f 8738 8739 8731
f 8739 8740 8731
f 8740 8732 8731
f 8740 8739 8738 8737 8736 8735 8734 8733 8732
f 8742 8743 8741
f 8743 8744 8741
f 8744 8745 8741
f 8745 8746 8741
f 8746 8747 8741
f 8747 8748 8741
f 8748 8749 8741
f 8749 8750 8741
f 8750 8742 8741
f 8750 8749 8748 8747 8746 8745 8744 8743 8742
f 8751 8752 8757 8756
f 8752 8753 8758 8757
f 8753 8754 8759 8758
f 8754 8755 8760 8759
f 8755 8751 8756 8760
f 8755 8754 8753 8752 8751
f 8756 8757 8758 8759 8760
f 8762 8763 8761
f 8763 8764 8761
f 8764 8765 8761
f 8765 8766 8761
f 8766 8767 8761
f 8767 8768 8761
f 8768 8769 8761
f 8769 8770 8761
f 8770 8762 8761
f 8770 8769 8768 8767 8766 8765 8764 8763 8762
f 8772 8773 8771
f 8773 8774 8771
f 8774 8775 8771
f 8775 8776 8771
f 8776 8777 8771
f 8777 8778 8771
f 8778 8779 8771
f 8779 8780 8771
f 8780 8772 8771
f 8780 8779 8778 8777 8776 8775 8774 8773 8772
f 8782 8783 8781
f 8783 8784 8781
f 8784 8785 8781
f 8785 8786 8781
f 8786 8787 8781
f 8787 8788 8781
f 8788 8789 8781
f 8789 8790 8781
f 8790 8782 8781
f 8790 8789 8788 8787 8786 8785 8784 8783 8782
f 8792 8793 8791
f 8793 8794 8791
f 8794 8795 8791
f 8795 8796 8791
f 8796 8797 8791
f 8797 8798 8791
f 8798 8799 8791
f 8799 8800 8791
f 8800 8792 8791
f 8800 8799 8798 8797 8796 8795 8794 8793 8792
f 8802 8803 8801
f 8803 8804 8801
f 8804 8805 8801
f 8805 8806 8801
f 8806 8807 8801
f 8807 8808 8801
f 8808 8809 8801
f 8809 8810 8801
f 8810 8802 8801
f 8810 8809 8808 8807 8806 8805 8804 8803 8802
f 8812 8813 8811
f 8813 8814 8811
f 8814 8815 8811
f 8815 8816 8811
f 8816 8817 8811
f 8817 8818 8811
f 8818 8819 8811
f 8819 8820 8811
f 8820 8812 8811
f 8820 8819 8818 8817 8816 8815 8814 8813 8812
f 8821 8822 8827 8826
f 8822 8823 8828 8827
f 8823 8824 8829 8828
f 8824 8825 8830 8829
f 8825 8821 8826 8830
f 8825 8824 8823 8822 8821
f 8826 8827 8828 8829 8830
f 8832 8833 8831
f 8833 8834 8831
f 8834 8835 8831
f 8835 8836 8831
f 8836 8837 8831
f 8837 8838 8831
f 8838 8839 8831
f 8839 8840 8831
f 8840 8832 8831
f 8840 8839 8838 8837 8836 8835 8834 8833 8832
f 8842 8843 8841
f 8843 8844 8841
f 8844 8845 8841
f 8845 8846 8841
f 8846 8847 8841
f 8847 8848 8841
f 8848 8849 8841
f 8849 8850 8841
f 8850 8842 8841
f 8850 8849 8848 8847 8846 8845 8844 8843 8842
f 8852 8853 8851
f 8853 8854 8851
f 8854 8855 8851
f 8855 8856 8851
f 8856 8857 8851
f 8857 8858 8851
f 8858 8859 8851
f 8859 8860 8851
f 8860 8852 8851
f 8860 8859 8858 8857 8856 8855 8854 8853 8852
f 8862 8863 8861
f 8863 8864 8861
f 8864 8865 8861
f 8865 8866 8861
f 8866 8867 8861
f 8867 8868 8861
f 8868 8869 8861
f 8869 8870 8861
f 8870 8862 8861
f 8870 8869 8868 8867 8866 8865 8864 8863 8862
f 8872 8873 8871
f 8873 8874 8871
f 8874 8875 8871
f 8875 8876 8871
f 8876 8877 8871
f 8877 8878 8871
f 8878 8879 8871
f 8879 8880 8871
f 8880 8872 8871
f 8880 8879 8878 8877 8876 8875 8874 8873 8872
f 8882 8883 8881
f 8883 8884 8881
f 8884 8885 8881
f 8885 8886 8881
f 8886 8887 8881
f 8887 8888 8881
f 8888 8889 8881
f 8889 8890 8881
f 8890 8882 8881
f 8890 8889 8888 8887 8886 8885 8884 8883 8882
f 8891 8892 8897 8896
f 8892 8893 8898 8897
f 8893 8894 8899 8898
f 8894 8895 8900 8899
f 8895 8891 8896 8900
f 8895 8894 8893 8892 8891
f 8896 8897 8898 8899 8900
f 8902 8903 8901
f 8903 8904 8901
f 8904 8905 8901
f 8905 8906 8901
f 8906 8907 8901
f 8907 8908 8901
f 8908 8909 8901
f 8909 8910 8901
f 8910 8902 8901
f 8910 8909 8908 8907 8906 8905 8904 8903 8902
f 8912 8913 8911
f 8913 8914 8911
f 8914 8915 8911
f 8915 8916 8911
f 8916 8917 8911
f 8917 8918 8911
f 8918 8919 8911
f 8919 8920 8911
f 8920 8912 8911
f 8920 8919 8918 8917 8916 8915 8914 8913 8912
f 8922 8923 8921
f 8923 8924 8921
f 8924 8925 8921
f 8925 8926 8921
f 8926 8927 8921
f 8927 8928 8921
f 8928 8929 8921
f 8929 8930 8921
f 8930 8922 8921
f 8930 8929 8928 8927 8926 8925 8924 8923 8922
f 8932 8933 8931
f 8933 8934 8931
f 8934 8935 8931
f 8935 8936 8931
f 8936 8937 8931
f 8937 8938 8931
f 8938 8939 8931
f 8939 8940 8931
f 8940 8932 8931
f 8940 8939 8938 8937 8936 8935 8934 8933 8932
f 8942 8943 8941
f 8943 8944 8941
f 8944 8945 8941
f 8945 8946 8941
f 8946 8947 8941
f 8947 8948 8941
f 8948 8949 8941
f 8949 8950 8941
f 8950 8942 8941
f 8950 8949 8948 8947 8946 8945 8944 8943 8942
f 8952 8953 8951
f 8953 8954 8951
f 8954 8955 8951
f 8955 8956 8951
f 8956 8957 8951
f 8957 8958 8951
f 8958 8959 8951
f 8959 8960 8951
f 8960 8952 8951
f 8960 8959 8958 8957 8956 8955 8954 8953 8952
f 8961 8962 8967 8966
f 8962 8963 8968 8967
f 8963 8964 8969 8968
f 8964 8965 8970 8969
f 8965 8961 8966 8970
f 8965 8964 8963 8962 8961
f 8966 8967 8968 8969 8970
f 8972 8973 8971
f 8973 8974 8971
f 8974 8975 8971
f 8975 8976 8971
f 8976 8977 8971
f 8977 8978 8971
f 8978 8979 8971
f 8979 8980 8971
f 8980 8972 8971
f 8980 8979 8978 8977 8976 8975 8974 8973 8972
f 8982 8983 8981
f 8983 8984 8981
f 8984 8985 8981
f 8985 8986 8981
f 8986 8987 8981
f 8987 8988 8981
f 8988 8989 8981
f 8989 8990 8981
f 8990 8982 8981
f 8990 8989 8988 8987 8986 8985 8984 8983 8982
f 8992 8993 8991
f 8993 8994 8991
f 8994 8995 8991
f 8995 8996 8991
f 8996 8997 8991
f 8997 8998 8991
f 8998 8999 8991
f 8999 9000 8991
f 9000 8992 8991
f 9000 8999 8998 8997 8996 8995 8994 8993 8992
f 9002 9003 9001
f 9003 9004 9001
f 9004 9005 9001
f 9005 9006 9001
f 9006 9007 9001
f 9007 9008 9001
f 9008 9009 9001
f 9009 9010 9001
f 9010 9002 9001
f 9010 9009 9008 9007 9006 9005 9004 9003 9002
f 9012 9013 9011
f 9013 9014 9011
f 9014 9015 9011
f 9015 9016 9011
f 9016 9017 9011
f 9017 9018 9011
f 9018 9019 9011
f 9019 9020 9011
f 9020 9012 9011
f 9020 9019 9018 9017 9016 9015 9014 9013 9012
f 9022 9023 9021
f 9023 9024 9021
f 9024 9025 9021
f 9025 9026 9021
f 9026 9027 9021
f 9027 9028 9021
f 9028 9029 9021
f 9029 9030 9021
f 9030 9022 9021
f 9030 9029 9028 9027 9026 9025 9024 9023 9022
f 9031 9032 9037 9036
f 9032 9033 9038 9037
f 9033 9034 9039 9038
f 9034 9035 9040 9039
f 9035 9031 9036 9040
f 9035 9034 9033 9032 9031
f 9036 9037 9038 9039 9040
f 9042 9043 9041
f 9043 9044 9041
f 9044 9045 9041
f 9045 9046 9041
f 9046 9047 9041
f 9047 9048 9041
f 9048 9049 9041
f 9049 9050 9041
f 9050 9042 9041
f 9050 9049 9048 9047 9046 9045 9044 9043 9042
f 9052 9053 9051
f 9053 9054 9051
f 9054 9055 9051
f 9055 9056 9051
f 9056 9057 9051
f 9057 9058 9051
f 9058 9059 9051
f 9059 9060 9051
f 9060 9052 9051
f 9060 9059 9058 9057 9056 9055 9054 9053 9052
f 9062 9063 9061
f 9063 9064 9061
f 9064 9065 9061
f 9065 9066 9061
f 9066 9067 9061
f 9067 9068 9061
f 9068 9069 9061
f 9069 9070 9061
f 9070 9062 9061
f 9070 9069 9068 9067 9066 9065 9064 9063 9062
f 9072 9073 9071
f 9073 9074 9071
f 9074 9075 9071
f 9075 9076 9071
f 9076 9077 9071
f 9077 9078 9071
f 9078 9079 9071
f 9079 9080 9071
f 9080 9072 9071
f 9080 9079 9078 9077 9076 9075 9074 9073 9072
f 9082 9083 9081
f 9083 9084 9081
f 9084 9085 9081
f 9085 9086 9081
f 9086 9087 9081
f 9087 9088 9081
f 9088 9089 9081
f 9089 9090 9081
f 9090 9082 9081
f 9090 9089 9088 9087 9086 9085 9084 9083 9082
f 9092 9093 9091
f 9093 9094 9091
f 9094 9095 9091
f 9095 9096 9091
f 9096 9097 9091
f 9097 9098 9091
f 9098 9099 9091
f 9099 9100 9091
f 9100 9092 9091
f 9100 9099 9098 9097 9096 9095 9094 9093 9092
f 9101 9102 9107 9106
f 9102 9103 9108 9107
f 9103 9104 9109 9108
f 9104 9105 9110 9109
f 9105 9101 9106 9110
f 9105 9104 9103 9102 9101
f 9106 9107 9108 9109 9110
f 9112 9113 9111
f 9113 9114 9111
f 9114 9115 9111
f 9115 9116 9111
f 9116 9117 9111
f 9117 9118 9111
f 9118 9119 9111
f 9119 9120 9111
f 9120 9112 9111
f 9120 9119 9118 9117 9116 9115 9114 9113 9112
f 9122 9123 9121
f 9123 9124 9121
f 9124 9125 9121
f 9125 9126 9121
f 9126 9127 9121
f 9127 9128 9121
f 9128 9129 9121
f 9129 9130 9121
f 9130 9122 9121
f 9130 9129 9128 9127 9126 9125 9124 9123 9122
f 9132 9133 9131
f 9133 9134 9131
f 9134 9135 9131
f 9135 9136 9131
f 9136 9137 9131
f 9137 9138 9131
f 9138 9139 9131
f 9139 9140 9131
f 9140 9132 9131
f 9140 9139 9138 9137 9136 9135 9134 9133 9132
f 9142 9143 9141
f 9143 9144 9141
f 9144 9145 9141
f 9145 9146 9141
f 9146 9147 9141
f 9147 9148 9141
f 9148 9149 9141
f 9149 9150 9141
f 9150 9142 9141
f 9150 9149 9148 9147 9146 9145 9144 9143 9142
f 9152 9153 9151
f 9153 9154 9151
f 9154 9155 9151
f 9155 9156 9151
f 9156 9157 9151
f 9157 9158 9151
f 9158 9159 9151
f 9159 9160 9151
f 9160 9152 9151
f 9160 9159 9158 9157 9156 9155 9154 9153 9152
f 9162 9163 9161
f 9163 9164 9161
f 9164 9165 9161
f 9165 9166 9161
f 9166 9167 9161
f 9167 9168 9161
f 9168 9169 9161
f 9169 9170 9161
f 9170 9162 9161
f 9170 9169 9168 9167 9166 9165 9164 9163 9162
f 9171 9172 9177 9176
f 9172 9173 9178 9177
f 9173 9174 9179 9178
f 9174 9175 9180 9179
f 9175 9171 9176 9180
f 9175 9174 9173 9172 9171
f 9176 9177 9178 9179 9180
f 9182 9183 9181
f 9183 9184 9181
f 9184 9185 9181
f 9185 9186 9181
f 9186 9187 9181
f 9187 9188 9181
f 9188 9189 9181
f 9189 9190 9181
f 9190 9182 9181
f 9190 9189 9188 9187 9186 9185 9184 9183 9182
f 9192 9193 9191
f 9193 9194 9191
f 9194 9195 9191
f 9195 9196 9191
f 9196 9197 9191
f 9197 9198 9191
f 9198 9199 9191
f 9199 9200 9191
f 9200 9192 9191
f 9200 9199 9198 9197 9196 9195 9194 9193 9192
f 9202 9203 9201
f 9203 9204 9201
f 9204 9205 9201
f 9205 9206 9201
f 9206 9207 9201
f 9207 9208 9201
f 9208 9209 9201
f 9209 9210 9201
f 9210 9202 9201
f 9210 9209 9208 9207 9206 9205 9204 9203 9202
f 9212 9213 9211
f 9213 9214 9211
f 9214 9215 9211
f 9215 9216 9211
f 9216 9217 9211
f 9217 9218 9211
f 9218 9219 9211
f 9219 9220 9211
f 9220 9212 9211
f 9220 9219 9218 9217 9216 9215 9214 9213 9212
f 9222 9223 9221
f 9223 9224 9221
f 9224 9225 9221
f 9225 9226 9221
f 9226 9227 9221
f 9227 9228 9221
f 9228 9229 9221
f 9229 9230 9221
f 9230 9222 9221
f 9230 9229 9228 9227 9226 9225 9224 9223 9222
f 9232 9233 9231
f 9233 9234 9231
f 9234 9235 9231
f 9235 9236 9231
f 9236 9237 9231
f 9237 9238 9231
f 9238 9239 9231
f 9239 9240 9231
f 9240 9232 9231
f 9240 9239 9238 9237 9236 9235 9234 9233 9232
f 9241 9242 9247 9246
f 9242 9243 9248 9247
f 9243 9244 9249 9248
f 9244 9245 9250 9249
f 9245 9241 9246 9250
f 9245 9244 9243 9242 9241
f 9246 9247 9248 9249 9250
f 9252 9253 9251
f 9253 9254 9251
f 9254 9255 9251
f 9255 9256 9251
f 9256 9257 9251
f 9257 9258 9251
f 9258 9259 9251
f 9259 9260 9251
f 9260 9252 9251
f 9260 9259 9258 9257 9256 9255 9254 9253 9252
f 9262 9263 9261
f 9263 9264 9261
f 9264 9265 9261
f 9265 9266 9261
f 9266 9267 9261
f 9267 9268 9261
f 9268 9269 9261
f 9269 9270 9261
f 9270 9262 9261
f 9270 9269 9268 9267 9266 9265 9264 9263 9262
f 9272 9273 9271
f 9273 9274 9271
f 9274 9275 9271
f 9275 9276 9271
f 9276 9277 9271
f 9277 9278 9271
f 9278 9279 9271
f 9279 9280 9271
f 9280 9272 9271
f 9280 9279 9278 9277 9276 9275 9274 9273 9272
f 9282 9283 9281
f 9283 9284 9281
f 9284 9285 9281
f 9285 9286 9281
f 9286 9287 9281
f 9287 9288 9281
f 9288 9289 9281
f 9289 9290 9281
f 9290 9282 9281
f 9290 9289 9288 9287 9286 9285 9284 9283 9282
f 9292 9293 9291
f 9293 9294 9291
f 9294 9295 9291
f 9295 9296 9291
f 9296 9297 9291
f 9297 9298 9291
f 9298 9299 9291
f 9299 9300 9291
f 9300 9292 9291
f 9300 9299 9298 9297 9296 9295 9294 9293 9292
f 9302 9303 9301
f 9303 9304 9301
f 9304 9305 9301
f 9305 9306 9301
f 9306 9307 9301
f 9307 9308 9301
f 9308 9309 9301
f 9309 9310 9301
f 9310 9302 9301
f 9310 9309 9308 9307 9306 9305 9304 9303 9302
f 9311 9312 9317 9316
f 9312 9313 9318 9317
f 9313 9314 9319 9318
f 9314 9315 9320 9319
f 9315 9311 9316 9320
f 9315 9314 9313 9312 9311
f 9316 9317 9318 9319 9320
f 9322 9323 9321
f 9323 9324 9321
f 9324 9325 9321
f 9325 9326 9321
f 9326 9327 9321
f 9327 9328 9321
f 9328 9329 9321
f 9329 9330 9321
f 9330 9322 9321
f 9330 9329 9328 9327 9326 9325 9324 9323 9322
f 9332 9333 9331
f 9333 9334 9331
f 9334 9335 9331
f 9335 9336 9331
f 9336 9337 9331
f 9337 9338 9331
f 9338 9339 9331
f 9339 9340 9331
f 9340 9332 9331
f 9340 9339 9338 9337 9336 9335 9334 9333 9332
f 9342 9343 9341
f 9343 9344 9341
f 9344 9345 9341
f 9345 9346 9341
f 9346 9347 9341
f 9347 9348 9341
f 9348 9349 9341
f 9349 9350 9341
f 9350 9342 9341
f 9350 9349 9348 9347 9346 9345 9344 9343 9342
f 9352 9353 9351
f 9353 9354 9351
f 9354 9355 9351
f 9355 9356 9351
f 9356 9357 9351
f 9357 9358 9351
f 9358 9359 9351
f 9359 9360 9351
f 9360 9352 9351
f 9360 9359 9358 9357 9356 9355 9354 9353 9352
f 9362 9363 9361
f 9363 9364 9361
f 9364 9365 9361
f 9365 9366 9361
f 9366 9367 9361
f 9367 9368 9361
f 9368 9369 9361
f 9369 9370 9361
f 9370 9362 9361
f 9370 9369 9368 9367 9366 9365 9364 9363 9362
f 9372 9373 9371
f 9373 9374 9371
f 9374 9375 9371
f 9375 9376 9371
f 9376 9377 9371
f 9377 9378 9371
f 9378 9379 9371
f 9379 9380 9371
f 9380 9372 9371
f 9380 9379 9378 9377 9376 9375 9374 9373 9372
f 9381 9382 9387 9386
f 9382 9383 9388 9387
f 9383 9384 9389 9388
f 9384 9385 9390 9389
f 9385 9381 9386 9390
f 9385 9384 9383 9382 9381
f 9386 9387 9388 9389 9390
f 9392 9393 9391
f 9393 9394 9391
f 9394 9395 9391
f 9395 9396 9391
f 9396 9397 9391
f 9397 9398 9391
f 9398 9399 9391
f 9399 9400 9391
f 9400 9392 9391
f 9400 9399 9398 9397 9396 9395 9394 9393 9392
f 9402 9403 9401
f 9403 9404 9401
f 9404 9405 9401
f 9405 9406 9401
f 9406 9407 9401
f 9407 9408 9401
f 9408 9409 9401
f 9409 9410 9401
f 9410 9402 9401
f 9410 9409 9408 9407 9406 9405 9404 9403 9402
f 9412 9413 9411
f 9413 9414 9411
f 9414 9415 9411
f 9415 9416 9411
f 9416 9417 9411
f 9417 9418 9411
f 9418 9419 9411
f 9419 9420 9411
f 9420 9412 9411
f 9420 9419 9418 9417 9416 9415 9414 9413 9412
f 9422 9423 9421
f 9423 9424 9421
f 9424 9425 9421
f 9425 9426 9421
f 9426 9427 9421
f 9427 9428 9421
f 9428 9429 9421
f 9429 9430 9421
f 9430 9422 9421
f 9430 9429 9428 9427 9426 9425 9424 9423 9422
f 9432 9433 9431
f 9433 9434 9431
f 9434 9435 9431
f 9435 9436 9431
f 9436 9437 9431
f 9437 9438 9431
f 9438 9439 9431
f 9439 9440 9431
f 9440 9432 9431
f 9440 9439 9438 9437 9436 9435 9434 9433 9432
f 9442 9443 9441
f 9443 9444 9441
f 9444 9445 9441
f 9445 9446 9441
f 9446 9447 9441
f 9447 9448 9441
f 9448 9449 9441
f 9449 9450 9441
f 9450 9442 9441
f 9450 9449 9448 9447 9446 9445 9444 9443 9442
f 9451 9452 9457 9456
f 9452 9453 9458 9457
f 9453 9454 9459 9458
f 9454 9455 9460 9459
f 9455 9451 9456 9460
f 9455 9454 9453 9452 9451
f 9456 9457 9458 9459 9460
f 9462 9463 9461
f 9463 9464 9461
f 9464 9465 9461
f 9465 9466 9461
f 9466 9467 9461
f 9467 9468 9461
f 9468 9469 9461
f 9469 9470 9461
f 9470 9462 9461
f 9470 9469 9468 9467 9466 9465 9464 9463 9462
f 9472 9473 9471
f 9473 9474 9471
f 9474 9475 9471
f 9475 9476 9471
f 9476 9477 9471
f 9477 9478 9471
f 9478 9479 9471
f 9479 9480 9471
f 9480 9472 9471
f 9480 9479 9478 9477 9476 9475 9474 9473 9472
f 9482 9483 9481
f 9483 9484 9481
f 9484 9485 9481
f 9485 9486 9481
f 9486 9487 9481
f 9487 9488 9481
f 9488 9489 9481
f 9489 9490 9481
f 9490 9482 9481
f 9490 9489 9488 9487 9486 9485 9484 9483 9482
f 9492 9493 9491
f 9493 9494 9491
f 9494 9495 9491
f 9495 9496 9491
f 9496 9497 9491
f 9497 9498 9491
f 9498 9499 9491
f 9499 9500 9491
f 9500 9492 9491
f 9500 9499 9498 9497 9496 9495 9494 9493 9492
f 9502 9503 9501
f 9503 9504 9501
f 9504 9505 9501
f 9505 9506 9501
f 9506 9507 9501
f 9507 9508 9501
f 9508 9509 9501
f 9509 9510 9501
f 9510 9502 9501
f 9510 9509 9508 9507 9506 9505 9504 9503 9502
f 9512 9513 9511
f 9513 9514 9511
f 9514 9515 9511
f 9515 9516 9511
f 9516 9517 9511
f 9517 9518 9511
f 9518 9519 9511
f 9519 9520 9511
f 9520 9512 9511
f 9520 9519 9518 9517 9516 9515 9514 9513 9512
f 9521 9522 9527 9526
f 9522 9523 9528 9527
f 9523 9524 9529 9528
f 9524 9525 9530 9529
f 9525 9521 9526 9530
f 9525 9524 9523 9522 9521
f 9526 9527 9528 9529 9530
f 9532 9533 9531
f 9533 9534 9531
f 9534 9535 9531
f 9535 9536 9531
f 9536 9537 9531
f 9537 9538 9531
f 9538 9539 9531
f 9539 9540 9531
f 9540 9532 9531
f 9540 9539 9538 9537 9536 9535 9534 9533 9532
f 9542 9543 9541
f 9543 9544 9541
f 9544 9545 9541
f 9545 9546 9541
f 9546 9547 9541
f 9547 9548 9541
f 9548 9549 9541
f 9549 9550 9541
f 9550 9542 9541
f 9550 9549 9548 9547 9546 9545 9544 9543 9542
f 9552 9553 9551
f 9553 9554 9551
f 9554 9555 9551
f 9555 9556 9551
f 9556 9557 9551
f 9557 9558 9551
f 9558 9559 9551
f 9559 9560 9551
f 9560 9552 9551
f 9560 9559 9558 9557 9556 9555 9554 9553 9552
f 9562 9563 9561
f 9563 9564 9561
f 9564 9565 9561
f 9565 9566 9561
f 9566 9567 9561
f 9567 9568 9561
f 9568 9569 9561
f 9569 9570 9561
f 9570 9562 9561
f 9570 9569 9568 9567 9566 9565 9564 9563 9562
f 9572 9573 9571
f 9573 9574 9571
f 9574 9575 9571
f 9575 9576 9571
f 9576 9577 9571
f 9577 9578 9571
f 9578 9579 9571
f 9579 9580 9571
f 9580 9572 9571
f 9580 9579 9578 9577 9576 9575 9574 9573 9572
f 9582 9583 9581
f 9583 9584 9581
f 9584 9585 9581
f 9585 9586 9581
f 9586 9587 9581
f 9587 9588 9581
f 9588 9589 9581
f 9589 9590 9581
f 9590 9582 9581
f 9590 9589 9588 9587 9586 9585 9584 9583 9582
f 9591 9592 9597 9596
f 9592 9593 9598 9597
f 9593 9594 9599 9598
f 9594 9595 9600 9599
f 9595 9591 9596 9600
f 9595 9594 9593 9592 9591
f 9596 9597 9598 9599 9600
f 9602 9603 9601
f 9603 9604 9601
f 9604 9605 9601
f 9605 9606 9601
f 9606 9607 9601
f 9607 9608 9601
f 9608 9609 9601
f 9609 9610 9601
f 9610 9602 9601
f 9610 9609 9608 9607 9606 9605 9604 9603 9602
f 9612 9613 9611
f 9613 9614 9611
f 9614 9615 9611
f 9615 9616 9611
f 9616 9617 9611
f 9617 9618 9611
f 9618 9619 9611
f 9619 9620 9611
f 9620 9612 9611
f 9620 9619 9618 9617 9616 9615 9614 9613 9612
f 9622 9623 9621
f 9623 9624 9621
f 9624 9625 9621
f 9625 9626 9621
f 9626 9627 9621
f 9627 9628 9621
f 9628 9629 9621
f 9629 9630 9621
f 9630 9622 9621
f 9630 9629 9628 9627 9626 9625 9624 9623 9622
f 9632 9633 9631
f 9633 9634 9631
f 9634 9635 9631
f 9635 9636 9631
f 9636 9637 9631
f 9637 9638 9631
f 9638 9639 9631
f 9639 9640 9631
f 9640 9632 9631
f 9640 9639 9638 9637 9636 9635 9634 9633 9632
f 9642 9643 9641
f 9643 9644 9641
f 9644 9645 9641
f 9645 9646 9641
f 9646 9647 9641
f 9647 9648 9641
f 9648 9649 9641
f 9649 9650 9641
f 9650 9642 9641
f 9650 9649 9648 9647 9646 9645 9644 9643 9642
f 9652 9653 9651
f 9653 9654 9651
f 9654 9655 9651
f 9655 9656 9651
f 9656 9657 9651
f 9657 9658 9651
f 9658 9659 9651
f 9659 9660 9651
f 9660 9652 9651
f 9660 9659 9658 9657 9656 9655 9654 9653 9652
f 9661 9662 9667 9666
f 9662 9663 9668 9667
f 9663 9664 9669 9668
f 9664 9665 9670 9669
f 9665 9661 9666 9670
f 9665 9664 9663 9662 9661
f 9666 9667 9668 9669 9670
f 9672 9673 9671
f 9673 9674 9671
f 9674 9675 9671
f 9675 9676 9671
f 9676 9677 9671
f 9677 9678 9671
f 9678 9679 9671
f 9679 9680 9671
f 9680 9672 9671
f 9680 9679 9678 9677 9676 9675 9674 9673 9672
f 9682 9683 9681
f 9683 9684 9681
f 9684 9685 9681
f 9685 9686 9681
f 9686 9687 9681
f 9687 9688 9681
f 9688 9689 9681
f 9689 9690 9681
f 9690 9682 9681
f 9690 9689 9688 9687 9686 9685 9684 9683 9682
f 9692 9693 9691
f 9693 9694 9691
f 9694 9695 9691
f 9695 9696 9691
f 9696 9697 9691
f 9697 9698 9691
f 9698 9699 9691
f 9699 9700 9691
f 9700 9692 9691
f 9700 9699 9698 9697 9696 9695 9694 9693 9692
f 9702 9703 9701
f 9703 9704 9701
f 9704 9705 9701
f 9705 9706 9701
f 9706 9707 9701
f 9707 9708 9701
f 9708 9709 9701
f 9709 9710 9701
f 9710 9702 9701
f 9710 9709 9708 9707 9706 9705 9704 9703 9702
f 9712 9713 9711
f 9713 9714 9711
f 9714 9715 9711
f 9715 9716 9711
f 9716 9717 9711
f 9717 9718 9711
f 9718 9719 9711
f 9719 9720 9711
f 9720 9712 9711
f 9720 9719 9718 9717 9716 9715 9714 9713 9712
f 9722 9723 9721
f 9723 9724 9721
f 9724 9725 9721
f 9725 9726 9721
f 9726 9727 9721
f 9727 9728 9721
f 9728 9729 9721
f 9729 9730 9721
f 9730 9722 9721
f 9730 9729 9728 9727 9726 9725 9724 9723 9722
f 9731 9732 9737 9736
f 9732 9733 9738 9737
f 9733 9734 9739 9738
f 9734 9735 9740 9739
f 9735 9731 9736 9740
f 9735 9734 9733 9732 9731
f 9736 9737 9738 9739 9740
f 9742 9743 9741
f 9743 9744 9741
f 9744 9745 9741
f 9745 9746 9741
f 9746 9747 9741
f 9747 9748 9741
f 9748 9749 9741
f 9749 9750 9741
f 9750 9742 9741
f 9750 9749 9748 9747 9746 9745 9744 9743 9742
f 9752 9753 9751
f 9753 9754 9751
f 9754 9755 9751
f 9755 9756 9751
f 9756 9757 9751
f 9757 9758 9751
f 9758 9759 9751
f 9759 9760 9751
f 9760 9752 9751
f 9760 9759 9758 9757 9756 9755 9754 9753 9752
f 9762 9763 9761
f 9763 9764 9761
f 9764 9765 9761
f 9765 9766 9761
f 9766 9767 9761
f 9767 9768 9761
f 9768 9769 9761
f 9769 9770 9761
f 9770 9762 9761
f 9770 9769 9768 9767 9766 9765 9764 9763 9762
f 9772 9773 9771
f 9773 9774 9771
f 9774 9775 9771
f 9775 9776 9771
f 9776 9777 9771
f 9777 9778 9771
f 9778 9779 9771
f 9779 9780 9771
f 9780 9772 9771
f 9780 9779 9778 9777 9776 9775 9774 9773 9772
f 9782 9783 9781
f 9783 9784 9781
f 9784 9785 9781
f 9785 9786 9781
f 9786 9787 9781
f 9787 9788 9781
f 9788 9789 9781
f 9789 9790 9781
f 9790 9782 9781
f 9790 9789 9788 9787 9786 9785 9784 9783 9782
f 9792 9793 9791
f 9793 9794 9791
f 9794 9795 9791
f 9795 9796 9791
f 9796 9797 9791
f 9797 9798 9791
f 9798 9799 9791
f 9799 9800 9791
f 9800 9792 9791
f 9800 9799 9798 9797 9796 9795 9794 9793 9792
f 9801 9802 9807 9806
f 9802 9803 9808 9807
f 9803 9804 9809 9808
f 9804 9805 9810 9809
f 9805 9801 9806 9810
f 9805 9804 9803 9802 9801
f 9806 9807 9808 9809 9810
f 9812 9813 9811
f 9813 9814 9811
f 9814 9815 9811
f 9815 9816 9811
f 9816 9817 9811
f 9817 9818 9811
f 9818 9819 9811
f 9819 9820 9811
f 9820 9812 9811
f 9820 9819 9818 9817 9816 9815 9814 9813 9812
f 9822 9823 9821
f 9823 9824 9821
f 9824 9825 9821
f 9825 9826 9821
f 9826 9827 9821
f 9827 9828 9821
f 9828 9829 9821
f 9829 9830 9821
f 9830 9822 9821
f 9830 9829 9828 9827 9826 9825 9824 9823 9822
f 9832 9833 9831
f 9833 9834 9831
f 9834 9835 9831
f 9835 9836 9831
f 9836 9837 9831
f 9837 9838 9831
f 9838 9839 9831
f 9839 9840 9831
f 9840 9832 9831
f 9840 9839 9838 9837 9836 9835 9834 9833 9832
f 9842 9843 9841
f 9843 9844 9841
f 9844 9845 9841
f 9845 9846 9841
f 9846 9847 9841
f 9847 9848 9841
f 9848 9849 9841
f 9849 9850 9841
f 9850 9842 9841
f 9850 9849 9848 9847 9846 9845 9844 9843 9842
f 9852 9853 9851
f 9853 9854 9851
f 9854 9855 9851
f 9855 9856 9851
f 9856 9857 9851
f 9857 9858 9851
f 9858 9859 9851
f 9859 9860 9851
f 9860 9852 9851
f 9860 9859 9858 9857 9856 9855 9854 9853 9852
f 9862 9863 9861
f 9863 9864 9861
f 9864 9865 9861
f 9865 9866 9861
f 9866 9867 9861
f 9867 9868 9861
f 9868 9869 9861
f 9869 9870 9861
f 9870 9862 9861
f 9870 9869 9868 9867 9866 9865 9864 9863 9862
f 9871 9872 9877 9876
f 9872 9873 9878 9877
f 9873 9874 9879 9878
f 9874 9875 9880 9879
f 9875 9871 9876 9880
f 9875 9874 9873 9872 9871
f 9876 9877 9878 9879 9880
f 9882 9883 9881
f 9883 9884 9881
f 9884 9885 9881
f 9885 9886 9881
f 9886 9887 9881
f 9887 9888 9881
f 9888 9889 9881
f 9889 9890 9881
f 9890 9882 9881
f 9890 9889 9888 9887 9886 9885 9884 9883 9882
f 9892 9893 9891
f 9893 9894 9891
f 9894 9895 9891
f 9895 9896 9891
f 9896 9897 9891
f 9897 9898 9891
f 9898 9899 9891
f 9899 9900 9891
f 9900 9892 9891
f 9900 9899 9898 9897 9896 9895 9894 9893 9892
f 9902 9903 9901
f 9903 9904 9901
f 9904 9905 9901
f 9905 9906 9901
f 9906 9907 9901
f 9907 9908 9901
f 9908 9909 9901
f 9909 9910 9901
f 9910 9902 9901
f 9910 9909 9908 9907 9906 9905 9904 9903 9902
f 9912 9913 9911
f 9913 9914 9911
f 9914 9915 9911
f 9915 9916 9911
f 9916 9917 9911
f 9917 9918 9911
f 9918 9919 9911
f 9919 9920 9911
f 9920 9912 9911
f 9920 9919 9918 9917 9916 9915 9914 9913 9912
f 9922 9923 9921
f 9923 9924 9921
f 9924 9925 9921
f 9925 9926 9921
f 9926 9927 9921
f 9927 9928 9921
f 9928 9929 9921
f 9929 9930 9921
f 9930 9922 9921
f 9930 9929 9928 9927 9926 9925 9924 9923 9922
f 9932 9933 9931
f 9933 9934 9931
f 9934 9935 9931
f 9935 9936 9931
f 9936 9937 9931
f 9937 9938 9931
f 9938 9939 9931
f 9939 9940 9931
f 9940 9932 9931
f 9940 9939 9938 9937 9936 9935 9934 9933 9932
f 9941 9942 9947 9946
f 9942 9943 9948 9947
f 9943 9944 9949 9948
f 9944 9945 9950 9949
f 9945 9941 9946 9950
f 9945 9944 9943 9942 9941
f 9946 9947 9948 9949 9950
f 9952 9953 9951
f 9953 9954 9951
f 9954 9955 9951
f 9955 9956 9951
f 9956 9957 9951
f 9957 9958 9951
f 9958 9959 9951
f 9959 9960 9951
f 9960 9952 9951
f 9960 9959 9958 9957 9956 9955 9954 9953 9952
f 9962 9963 9961
f 9963 9964 9961
f 9964 9965 9961
f 9965 9966 9961
f 9966 9967 9961
f 9967 9968 9961
f 9968 9969 9961
f 9969 9970 9961
f 9970 9962 9961
f 9970 9969 9968 9967 9966 9965 9964 9963 9962
f 9972 9973 9971
f 9973 9974 9971
f 9974 9975 9971
f 9975 9976 9971
f 9976 9977 9971
f 9977 9978 9971
f 9978 9979 9971
f 9979 9980 9971
f 9980 9972 9971
f 9980 9979 9978 9977 9976 9975 9974 9973 9972
f 9982 9983 9981
f 9983 9984 9981
f 9984 9985 9981
f 9985 9986 9981
f 9986 9987 9981
f 9987 9988 9981
f 9988 9989 9981
f 9989 9990 9981
f 9990 9982 9981
f 9990 9989 9988 9987 9986 9985 9984 9983 9982
f 9992 9993 9991
f 9993 9994 9991
f 9994 9995 9991
f 9995 9996 9991
f 9996 9997 9991
f 9997 9998 9991
f 9998 9999 9991
f 9999 10000 9991
f 10000 9992 9991
f 10000 9999 9998 9997 9996 9995 9994 9993 9992
f 10002 10003 10001
f 10003 10004 10001
f 10004 10005 10001
f 10005 10006 10001
f 10006 10007 10001
f 10007 10008 10001
f 10008 10009 10001
f 10009 10010 10001
f 10010 10002 10001
f 10010 10009 10008 10007 10006 10005 10004 10003 10002
f 10011 10012 10017 10016
f 10012 10013 10018 10017
f 10013 10014 10019 10018
f 10014 10015 10020 10019
f 10015 10011 10016 10020
f 10015 10014 10013 10012 10011
f 10016 10017 10018 10019 10020
f 10022 10023 10021
f 10023 10024 10021
f 10024 10025 10021
f 10025 10026 10021
f 10026 10027 10021
f 10027 10028 10021
f 10028 10029 10021
f 10029 10030 10021
f 10030 10022 10021
f 10030 10029 10028 10027 10026 10025 10024 10023 10022
f 10032 10033 10031
f 10033 10034 10031
f 10034 10035 10031
f 10035 10036 10031
f 10036 10037 10031
f 10037 10038 10031
f 10038 10039 10031
f 10039 10040 10031
f 10040 10032 10031
f 10040 10039 10038 10037 10036 10035 10034 10033 10032
f 10042 10043 10041
f 10043 10044 10041
f 10044 10045 10041
f 10045 10046 10041
f 10046 10047 10041
f 10047 10048 10041
f 10048 10049 10041
f 10049 10050 10041
f 10050 10042 10041
f 10050 10049 10048 10047 10046 10045 10044 10043 10042
f 10052 10053 10051
f 10053 10054 10051
f 10054 10055 10051
f 10055 10056 10051
f 10056 10057 10051
f 10057 10058 10051
f 10058 10059 10051
f 10059 10060 10051
f 10060 10052 10051
f 10060 10059 10058 10057 10056 10055 10054 10053 10052
f 10062 10063 10061
f 10063 10064 10061
f 10064 10065 10061
f 10065 10066 10061
f 10066 10067 10061
f 10067 10068 10061
f 10068 10069 10061
f 10069 10070 10061
f 10070 10062 10061
f 10070 10069 10068 10067 10066 10065 10064 10063 10062
f 10072 10073 10071
f 10073 10074 10071
f 10074 10075 10071
f 10075 10076 10071
f 10076 10077 10071
f 10077 10078 10071
f 10078 10079 10071
f 10079 10080 10071
f 10080 10072 10071
f 10080 10079 10078 10077 10076 10075 10074 10073 10072
f 10081 10082 10087 10086
f 10082 10083 10088 10087
f 10083 10084 10089 10088
f 10084 10085 10090 10089
f 10085 10081 10086 10090
f 10085 10084 10083 10082 10081
f 10086 10087 10088 10089 10090
f 10092 10093 10091
f 10093 10094 10091
f 10094 10095 10091
f 10095 10096 10091
f 10096 10097 10091
f 10097 10098 10091
f 10098 10099 10091
f 10099 10100 10091
f 10100 10092 10091
f 10100 10099 10098 10097 10096 10095 10094 10093 10092
f 10102 10103 10101
f 10103 10104 10101
f 10104 10105 10101
f 10105 10106 10101
f 10106 10107 10101
f 10107 10108 10101
f 10108 10109 10101
f 10109 10110 10101
f 10110 10102 10101
f 10110 10109 10108 10107 10106 10105 10104 10103 10102
f 10112 10113 10111
f 10113 10114 10111
f 10114 10115 10111
f 10115 10116 10111
f 10116 10117 10111
f 10117 10118 10111
f 10118 10119 10111
f 10119 10120 10111
f 10120 10112 10111
f 10120 10119 10118 10117 10116 10115 10114 10113 10112
f 10122 10123 10121
f 10123 10124 10121
f 10124 10125 10121
f 10125 10126 10121
f 10126 10127 10121
f 10127 10128 10121
f 10128 10129 10121
f 10129 10130 10121
f 10130 10122 10121
f 10130 10129 10128 10127 10126 10125 10124 10123 10122
f 10132 10133 10131
f 10133 10134 10131
f 10134 10135 10131
f 10135 10136 10131
f 10136 10137 10131
f 10137 10138 10131
f 10138 10139 10131
f 10139 10140 10131
f 10140 10132 10131
f 10140 10139 10138 10137 10136 10135 10134 10133 10132
f 10142 10143 10141
f 10143 10144 10141
f 10144 10145 10141
f 10145 10146 10141
f 10146 10147 10141
f 10147 10148 10141
f 10148 10149 10141
f 10149 10150 10141
f 10150 10142 10141
f 10150 10149 10148 10147 10146 10145 10144 10143 10142
f 10151 10152 10157 10156
f 10152 10153 10158 10157
f 10153 10154 10159 10158
f 10154 10155 10160 10159
f 10155 10151 10156 10160
f 10155 10154 10153 10152 10151
f 10156 10157 10158 10159 10160
f 10162 10163 10161
f 10163 10164 10161
f 10164 10165 10161
f 10165 10166 10161
f 10166 10167 10161
f 10167 10168 10161
f 10168 10169 10161
f 10169 10170 10161
f 10170 10162 10161
f 10170 10169 10168 10167 10166 10165 10164 10163 10162
f 10172 10173 10171
f 10173 10174 10171
f 10174 10175 10171
f 10175 10176 10171
f 10176 10177 10171
f 10177 10178 10171
f 10178 10179 10171
f 10179 10180 10171
f 10180 10172 10171
f 10180 10179 10178 10177 10176 10175 10174 10173 10172
f 10182 10183 10181
f 10183 10184 10181
f 10184 10185 10181
f 10185 10186 10181
f 10186 10187 10181
f 10187 10188 10181
f 10188 10189 10181
f 10189 10190 10181
f 10190 10182 10181
f 10190 10189 10188 10187 10186 10185 10184 10183 10182
f 10192 10193 10191
f 10193 10194 10191
f 10194 10195 10191
f 10195 10196 10191
f 10196 10197 10191
f 10197 10198 10191
f 10198 10199 10191
f 10199 10200 10191
f 10200 10192 10191
f 10200 10199 10198 10197 10196 10195 10194 10193 10192
f 10202 10203 10201
f 10203 10204 10201
f 10204 10205 10201
f 10205 10206 10201
f 10206 10207 10201
f 10207 10208 10201
f 10208 10209 10201
f 10209 10210 10201
f 10210 10202 10201
f 10210 10209 10208 10207 10206 10205 10204 10203 10202
f 10212 10213 10211
f 10213 10214 10211
f 10214 10215 10211
f 10215 10216 10211
f 10216 10217 10211
f 10217 10218 10211
f 10218 10219 10211
f 10219 10220 10211
f 10220 10212 10211
f 10220 10219 10218 10217 10216 10215 10214 10213 10212
f 10221 10222 10227 10226
f 10222 10223 10228 10227
f 10223 10224 10229 10228
f 10224 10225 10230 10229
f 10225 10221 10226 10230
f 10225 10224 10223 10222 10221
f 10226 10227 10228 10229 10230
f 10232 10233 10231
f 10233 10234 10231
f 10234 10235 10231
f 10235 10236 10231
f 10236 10237 10231
f 10237 10238 10231
f 10238 10239 10231
f 10239 10240 10231
f 10240 10232 10231
f 10240 10239 10238 10237 10236 10235 10234 10233 10232
f 10242 10243 10241
f 10243 10244 10241
f 10244 10245 10241
f 10245 10246 10241
f 10246 10247 10241
f 10247 10248 10241
f 10248 10249 10241
f 10249 10250 10241
f 10250 10242 10241
f 10250 10249 10248 10247 10246 10245 10244 10243 10242
f 10252 10253 10251
f 10253 10254 10251
f 10254 10255 10251
f 10255 10256 10251
f 10256 10257 10251
f 10257 10258 10251
f 10258 10259 10251
f 10259 10260 10251
f 10260 10252 10251
f 10260 10259 10258 10257 10256 10255 10254 10253 10252
f 10262 10263 10261
f 10263 10264 10261
f 10264 10265 10261
f 10265 10266 10261
f 10266 10267 10261
f 10267 10268 10261
f 10268 10269 10261
f 10269 10270 10261
f 10270 10262 10261
f 10270 10269 10268 10267 10266 10265 10264 10263 10262
f 10272 10273 10271
f 10273 10274 10271
f 10274 10275 10271
f 10275 10276 10271
f 10276 10277 10271
f 10277 10278 10271
f 10278 10279 10271
f 10279 10280 10271
f 10280 10272 10271
f 10280 10279 10278 10277 10276 10275 10274 10273 10272
f 10282 10283 10281
f 10283 10284 10281
f 10284 10285 10281
f 10285 10286 10281
f 10286 10287 10281
f 10287 10288 10281
f 10288 10289 10281
f 10289 10290 10281
f 10290 10282 10281
f 10290 10289 10288 10287 10286 10285 10284 10283 10282
f 10291 10292 10297 10296
f 10292 10293 10298 10297
f 10293 10294 10299 10298
f 10294 10295 10300 10299
f 10295 10291 10296 10300
f 10295 10294 10293 10292 10291
f 10296 10297 10298 10299 10300
f 10302 10303 10301
f 10303 10304 10301
f 10304 10305 10301
f 10305 10306 10301
f 10306 10307 10301
f 10307 10308 10301
f 10308 10309 10301
f 10309 10310 10301
f 10310 10302 10301
f 10310 10309 10308 10307 10306 10305 10304 10303 10302
f 10312 10313 10311
f 10313 10314 10311
f 10314 10315 10311
f 10315 10316 10311
f 10316 10317 10311
f 10317 10318 10311
f 10318 10319 10311
f 10319 10320 10311
f 10320 10312 10311
f 10320 10319 10318 10317 10316 10315 10314 10313 10312
f 10322 10323 10321
f 10323 10324 10321
f 10324 10325 10321
f 10325 10326 10321
f 10326 10327 10321
f 10327 10328 10321
f 10328 10329 10321
f 10329 10330 10321
f 10330 10322 10321
f 10330 10329 10328 10327 10326 10325 10324 10323 10322
f 10332 10333 10331
f 10333 10334 10331
f 10334 10335 10331
f 10335 10336 10331
f 10336 10337 10331
f 10337 10338 10331
f 10338 10339 10331
f 10339 10340 10331
f 10340 10332 10331
f 10340 10339 10338 10337 10336 10335 10334 10333 10332
f 10342 10343 10341
f 10343 10344 10341
f 10344 10345 10341
f 10345 10346 10341
f 10346 10347 10341
f 10347 10348 10341
f 10348 10349 10341
f 10349 10350 10341
f 10350 10342 10341
f 10350 10349 10348 10347 10346 10345 10344 10343 10342
f 10352 10353 10351
f 10353 10354 10351
f 10354 10355 10351
f 10355 10356 10351
f 10356 10357 10351
f 10357 10358 10351
f 10358 10359 10351
f 10359 10360 10351
f 10360 10352 10351
f 10360 10359 10358 10357 10356 10355 10354 10353 10352
