# Original Basketbroom procedural mesh; units cm, Z up
o SM_BB_Terrain
s 1
v 9000.00000 0.00000 -580.00000
v 8996.45964 252.41631 -580.00000
v 8985.84134 504.63403 -580.00000
v 8968.15345 756.45472 -580.00000
v 8943.40989 1007.68028 -580.00000
v 8911.63013 1258.11306 -580.00000
v 8872.83917 1507.55601 -580.00000
v 8827.06752 1755.81290 -580.00000
v 8774.35121 2002.68841 -580.00000
v 8714.73170 2247.98830 -580.00000
v 8648.25590 2491.51960 -580.00000
v 8574.97610 2733.09071 -580.00000
v 8494.94997 2972.51156 -580.00000
v 8408.24046 3209.59379 -580.00000
v 8314.91579 3444.15089 -580.00000
v 8215.04939 3675.99831 -580.00000
v 8108.71981 3904.95365 -580.00000
v 7996.01072 4130.83678 -580.00000
v 7877.01080 4353.46998 -580.00000
v 7751.81365 4572.67811 -580.00000
v 7620.51779 4788.28869 -580.00000
v 7483.22651 5000.13210 -580.00000
v 7340.04782 5208.04167 -580.00000
v 7191.09437 5411.85382 -580.00000
v 7036.48334 5611.40822 -580.00000
v 6876.33638 5806.54785 -580.00000
v 6710.77948 5997.11920 -580.00000
v 6539.94290 6182.97233 -580.00000
v 6363.96103 6363.96103 -580.00000
v 6182.97233 6539.94290 -580.00000
v 5997.11920 6710.77948 -580.00000
v 5806.54785 6876.33638 -580.00000
v 5611.40822 7036.48334 -580.00000
v 5411.85382 7191.09437 -580.00000
v 5208.04167 7340.04782 -580.00000
v 5000.13210 7483.22651 -580.00000
v 4788.28869 7620.51779 -580.00000
v 4572.67811 7751.81365 -580.00000
v 4353.46998 7877.01080 -580.00000
v 4130.83678 7996.01072 -580.00000
v 3904.95365 8108.71981 -580.00000
v 3675.99831 8215.04939 -580.00000
v 3444.15089 8314.91579 -580.00000
v 3209.59379 8408.24046 -580.00000
v 2972.51156 8494.94997 -580.00000
v 2733.09071 8574.97610 -580.00000
v 2491.51960 8648.25590 -580.00000
v 2247.98830 8714.73170 -580.00000
v 2002.68841 8774.35121 -580.00000
v 1755.81290 8827.06752 -580.00000
v 1507.55601 8872.83917 -580.00000
v 1258.11306 8911.63013 -580.00000
v 1007.68028 8943.40989 -580.00000
v 756.45472 8968.15345 -580.00000
v 504.63403 8985.84134 -580.00000
v 252.41631 8996.45964 -580.00000
v 0.00000 9000.00000 -580.00000
v -252.41631 8996.45964 -580.00000
v -504.63403 8985.84134 -580.00000
v -756.45472 8968.15345 -580.00000
v -1007.68028 8943.40989 -580.00000
v -1258.11306 8911.63013 -580.00000
v -1507.55601 8872.83917 -580.00000
v -1755.81290 8827.06752 -580.00000
v -2002.68841 8774.35121 -580.00000
v -2247.98830 8714.73170 -580.00000
v -2491.51960 8648.25590 -580.00000
v -2733.09071 8574.97610 -580.00000
v -2972.51156 8494.94997 -580.00000
v -3209.59379 8408.24046 -580.00000
v -3444.15089 8314.91579 -580.00000
v -3675.99831 8215.04939 -580.00000
v -3904.95365 8108.71981 -580.00000
v -4130.83678 7996.01072 -580.00000
v -4353.46998 7877.01080 -580.00000
v -4572.67811 7751.81365 -580.00000
v -4788.28869 7620.51779 -580.00000
v -5000.13210 7483.22651 -580.00000
v -5208.04167 7340.04782 -580.00000
v -5411.85382 7191.09437 -580.00000
v -5611.40822 7036.48334 -580.00000
v -5806.54785 6876.33638 -580.00000
v -5997.11920 6710.77948 -580.00000
v -6182.97233 6539.94290 -580.00000
v -6363.96103 6363.96103 -580.00000
v -6539.94290 6182.97233 -580.00000
v -6710.77948 5997.11920 -580.00000
v -6876.33638 5806.54785 -580.00000
v -7036.48334 5611.40822 -580.00000
v -7191.09437 5411.85382 -580.00000
v -7340.04782 5208.04167 -580.00000
v -7483.22651 5000.13210 -580.00000
v -7620.51779 4788.28869 -580.00000
v -7751.81365 4572.67811 -580.00000
v -7877.01080 4353.46998 -580.00000
v -7996.01072 4130.83678 -580.00000
v -8108.71981 3904.95365 -580.00000
v -8215.04939 3675.99831 -580.00000
v -8314.91579 3444.15089 -580.00000
v -8408.24046 3209.59379 -580.00000
v -8494.94997 2972.51156 -580.00000
v -8574.97610 2733.09071 -580.00000
v -8648.25590 2491.51960 -580.00000
v -8714.73170 2247.98830 -580.00000
v -8774.35121 2002.68841 -580.00000
v -8827.06752 1755.81290 -580.00000
v -8872.83917 1507.55601 -580.00000
v -8911.63013 1258.11306 -580.00000
v -8943.40989 1007.68028 -580.00000
v -8968.15345 756.45472 -580.00000
v -8985.84134 504.63403 -580.00000
v -8996.45964 252.41631 -580.00000
v -9000.00000 0.00000 -580.00000
v -8996.45964 -252.41631 -580.00000
v -8985.84134 -504.63403 -580.00000
v -8968.15345 -756.45472 -580.00000
v -8943.40989 -1007.68028 -580.00000
v -8911.63013 -1258.11306 -580.00000
v -8872.83917 -1507.55601 -580.00000
v -8827.06752 -1755.81290 -580.00000
v -8774.35121 -2002.68841 -580.00000
v -8714.73170 -2247.98830 -580.00000
v -8648.25590 -2491.51960 -580.00000
v -8574.97610 -2733.09071 -580.00000
v -8494.94997 -2972.51156 -580.00000
v -8408.24046 -3209.59379 -580.00000
v -8314.91579 -3444.15089 -580.00000
v -8215.04939 -3675.99831 -580.00000
v -8108.71981 -3904.95365 -580.00000
v -7996.01072 -4130.83678 -580.00000
v -7877.01080 -4353.46998 -580.00000
v -7751.81365 -4572.67811 -580.00000
v -7620.51779 -4788.28869 -580.00000
v -7483.22651 -5000.13210 -580.00000
v -7340.04782 -5208.04167 -580.00000
v -7191.09437 -5411.85382 -580.00000
v -7036.48334 -5611.40822 -580.00000
v -6876.33638 -5806.54785 -580.00000
v -6710.77948 -5997.11920 -580.00000
v -6539.94290 -6182.97233 -580.00000
v -6363.96103 -6363.96103 -580.00000
v -6182.97233 -6539.94290 -580.00000
v -5997.11920 -6710.77948 -580.00000
v -5806.54785 -6876.33638 -580.00000
v -5611.40822 -7036.48334 -580.00000
v -5411.85382 -7191.09437 -580.00000
v -5208.04167 -7340.04782 -580.00000
v -5000.13210 -7483.22651 -580.00000
v -4788.28869 -7620.51779 -580.00000
v -4572.67811 -7751.81365 -580.00000
v -4353.46998 -7877.01080 -580.00000
v -4130.83678 -7996.01072 -580.00000
v -3904.95365 -8108.71981 -580.00000
v -3675.99831 -8215.04939 -580.00000
v -3444.15089 -8314.91579 -580.00000
v -3209.59379 -8408.24046 -580.00000
v -2972.51156 -8494.94997 -580.00000
v -2733.09071 -8574.97610 -580.00000
v -2491.51960 -8648.25590 -580.00000
v -2247.98830 -8714.73170 -580.00000
v -2002.68841 -8774.35121 -580.00000
v -1755.81290 -8827.06752 -580.00000
v -1507.55601 -8872.83917 -580.00000
v -1258.11306 -8911.63013 -580.00000
v -1007.68028 -8943.40989 -580.00000
v -756.45472 -8968.15345 -580.00000
v -504.63403 -8985.84134 -580.00000
v -252.41631 -8996.45964 -580.00000
v -0.00000 -9000.00000 -580.00000
v 252.41631 -8996.45964 -580.00000
v 504.63403 -8985.84134 -580.00000
v 756.45472 -8968.15345 -580.00000
v 1007.68028 -8943.40989 -580.00000
v 1258.11306 -8911.63013 -580.00000
v 1507.55601 -8872.83917 -580.00000
v 1755.81290 -8827.06752 -580.00000
v 2002.68841 -8774.35121 -580.00000
v 2247.98830 -8714.73170 -580.00000
v 2491.51960 -8648.25590 -580.00000
v 2733.09071 -8574.97610 -580.00000
v 2972.51156 -8494.94997 -580.00000
v 3209.59379 -8408.24046 -580.00000
v 3444.15089 -8314.91579 -580.00000
v 3675.99831 -8215.04939 -580.00000
v 3904.95365 -8108.71981 -580.00000
v 4130.83678 -7996.01072 -580.00000
v 4353.46998 -7877.01080 -580.00000
v 4572.67811 -7751.81365 -580.00000
v 4788.28869 -7620.51779 -580.00000
v 5000.13210 -7483.22651 -580.00000
v 5208.04167 -7340.04782 -580.00000
v 5411.85382 -7191.09437 -580.00000
v 5611.40822 -7036.48334 -580.00000
v 5806.54785 -6876.33638 -580.00000
v 5997.11920 -6710.77948 -580.00000
v 6182.97233 -6539.94290 -580.00000
v 6363.96103 -6363.96103 -580.00000
v 6539.94290 -6182.97233 -580.00000
v 6710.77948 -5997.11920 -580.00000
v 6876.33638 -5806.54785 -580.00000
v 7036.48334 -5611.40822 -580.00000
v 7191.09437 -5411.85382 -580.00000
v 7340.04782 -5208.04167 -580.00000
v 7483.22651 -5000.13210 -580.00000
v 7620.51779 -4788.28869 -580.00000
v 7751.81365 -4572.67811 -580.00000
v 7877.01080 -4353.46998 -580.00000
v 7996.01072 -4130.83678 -580.00000
v 8108.71981 -3904.95365 -580.00000
v 8215.04939 -3675.99831 -580.00000
v 8314.91579 -3444.15089 -580.00000
v 8408.24046 -3209.59379 -580.00000
v 8494.94997 -2972.51156 -580.00000
v 8574.97610 -2733.09071 -580.00000
v 8648.25590 -2491.51960 -580.00000
v 8714.73170 -2247.98830 -580.00000
v 8774.35121 -2002.68841 -580.00000
v 8827.06752 -1755.81290 -580.00000
v 8872.83917 -1507.55601 -580.00000
v 8911.63013 -1258.11306 -580.00000
v 8943.40989 -1007.68028 -580.00000
v 8968.15345 -756.45472 -580.00000
v 8985.84134 -504.63403 -580.00000
v 8996.45964 -252.41631 -580.00000
v 9867.64706 0.00000 -580.00000
v 9863.76539 276.75056 -580.00000
v 9852.12342 553.28338 -580.00000
v 9832.73033 829.38092 -580.00000
v 9805.60137 1104.82593 -580.00000
v 9770.75787 1379.40173 -580.00000
v 9728.22726 1652.89229 -580.00000
v 9678.04299 1925.08244 -580.00000
v 9620.24455 2195.75804 -580.00000
v 9554.87740 2464.70613 -580.00000
v 9481.99299 2731.71512 -580.00000
v 9401.64864 2996.57494 -580.00000
v 9313.90757 3259.07721 -580.00000
v 9218.83881 3519.01542 -580.00000
v 9116.51715 3776.18505 -580.00000
v 9007.02310 4030.38377 -580.00000
v 8890.44280 4281.41160 -580.00000
v 8766.86797 4529.07104 -580.00000
v 8636.39583 4773.16725 -580.00000
v 8499.12902 5013.50819 -580.00000
v 8355.17555 5249.90476 -580.00000
v 8204.64867 5482.17098 -580.00000
v 8047.66681 5710.12411 -580.00000
v 7884.35347 5933.58483 -580.00000
v 7714.83713 6152.37731 -580.00000
v 7539.25116 6366.32943 -580.00000
v 7357.73372 6575.27285 -580.00000
v 7170.42759 6779.04320 -580.00000
v 6977.48015 6977.48015 -580.00000
v 6779.04320 7170.42759 -580.00000
v 6575.27285 7357.73372 -580.00000
v 6366.32943 7539.25116 -580.00000
v 6152.37731 7714.83713 -580.00000
v 5933.58483 7884.35347 -580.00000
v 5710.12411 8047.66681 -580.00000
v 5482.17098 8204.64867 -580.00000
v 5249.90476 8355.17555 -580.00000
v 5013.50819 8499.12902 -580.00000
v 4773.16725 8636.39583 -580.00000
v 4529.07104 8766.86797 -580.00000
v 4281.41160 8890.44280 -580.00000
v 4030.38377 9007.02310 -580.00000
v 3776.18505 9116.51715 -580.00000
v 3519.01542 9218.83881 -580.00000
v 3259.07721 9313.90757 -580.00000
v 2996.57494 9401.64864 -580.00000
v 2731.71512 9481.99299 -580.00000
v 2464.70613 9554.87740 -580.00000
v 2195.75804 9620.24455 -580.00000
v 1925.08244 9678.04299 -580.00000
v 1652.89229 9728.22726 -580.00000
v 1379.40173 9770.75787 -580.00000
v 1104.82593 9805.60137 -580.00000
v 829.38092 9832.73033 -580.00000
v 553.28338 9852.12342 -580.00000
v 276.75056 9863.76539 -580.00000
v 0.00000 9867.64706 -580.00000
v -276.75056 9863.76539 -580.00000
v -553.28338 9852.12342 -580.00000
v -829.38092 9832.73033 -580.00000
v -1104.82593 9805.60137 -580.00000
v -1379.40173 9770.75787 -580.00000
v -1652.89229 9728.22726 -580.00000
v -1925.08244 9678.04299 -580.00000
v -2195.75804 9620.24455 -580.00000
v -2464.70613 9554.87740 -580.00000
v -2731.71512 9481.99299 -580.00000
v -2996.57494 9401.64864 -580.00000
v -3259.07721 9313.90757 -580.00000
v -3519.01542 9218.83881 -580.00000
v -3776.18505 9116.51715 -580.00000
v -4030.38377 9007.02310 -580.00000
v -4281.41160 8890.44280 -580.00000
v -4529.07104 8766.86797 -580.00000
v -4773.16725 8636.39583 -580.00000
v -5013.50819 8499.12902 -580.00000
v -5249.90476 8355.17555 -580.00000
v -5482.17098 8204.64867 -580.00000
v -5710.12411 8047.66681 -580.00000
v -5933.58483 7884.35347 -580.00000
v -6152.37731 7714.83713 -580.00000
v -6366.32943 7539.25116 -580.00000
v -6575.27285 7357.73372 -580.00000
v -6779.04320 7170.42759 -580.00000
v -6977.48015 6977.48015 -580.00000
v -7170.42759 6779.04320 -580.00000
v -7357.73372 6575.27285 -580.00000
v -7539.25116 6366.32943 -580.00000
v -7714.83713 6152.37731 -580.00000
v -7884.35347 5933.58483 -580.00000
v -8047.66681 5710.12411 -580.00000
v -8204.64867 5482.17098 -580.00000
v -8355.17555 5249.90476 -580.00000
v -8499.12902 5013.50819 -580.00000
v -8636.39583 4773.16725 -580.00000
v -8766.86797 4529.07104 -580.00000
v -8890.44280 4281.41160 -580.00000
v -9007.02310 4030.38377 -580.00000
v -9116.51715 3776.18505 -580.00000
v -9218.83881 3519.01542 -580.00000
v -9313.90757 3259.07721 -580.00000
v -9401.64864 2996.57494 -580.00000
v -9481.99299 2731.71512 -580.00000
v -9554.87740 2464.70613 -580.00000
v -9620.24455 2195.75804 -580.00000
v -9678.04299 1925.08244 -580.00000
v -9728.22726 1652.89229 -580.00000
v -9770.75787 1379.40173 -580.00000
v -9805.60137 1104.82593 -580.00000
v -9832.73033 829.38092 -580.00000
v -9852.12342 553.28338 -580.00000
v -9863.76539 276.75056 -580.00000
v -9867.64706 0.00000 -580.00000
v -9863.76539 -276.75056 -580.00000
v -9852.12342 -553.28338 -580.00000
v -9832.73033 -829.38092 -580.00000
v -9805.60137 -1104.82593 -580.00000
v -9770.75787 -1379.40173 -580.00000
v -9728.22726 -1652.89229 -580.00000
v -9678.04299 -1925.08244 -580.00000
v -9620.24455 -2195.75804 -580.00000
v -9554.87740 -2464.70613 -580.00000
v -9481.99299 -2731.71512 -580.00000
v -9401.64864 -2996.57494 -580.00000
v -9313.90757 -3259.07721 -580.00000
v -9218.83881 -3519.01542 -580.00000
v -9116.51715 -3776.18505 -580.00000
v -9007.02310 -4030.38377 -580.00000
v -8890.44280 -4281.41160 -580.00000
v -8766.86797 -4529.07104 -580.00000
v -8636.39583 -4773.16725 -580.00000
v -8499.12902 -5013.50819 -580.00000
v -8355.17555 -5249.90476 -580.00000
v -8204.64867 -5482.17098 -580.00000
v -8047.66681 -5710.12411 -580.00000
v -7884.35347 -5933.58483 -580.00000
v -7714.83713 -6152.37731 -580.00000
v -7539.25116 -6366.32943 -580.00000
v -7357.73372 -6575.27285 -580.00000
v -7170.42759 -6779.04320 -580.00000
v -6977.48015 -6977.48015 -580.00000
v -6779.04320 -7170.42759 -580.00000
v -6575.27285 -7357.73372 -580.00000
v -6366.32943 -7539.25116 -580.00000
v -6152.37731 -7714.83713 -580.00000
v -5933.58483 -7884.35347 -580.00000
v -5710.12411 -8047.66681 -580.00000
v -5482.17098 -8204.64867 -580.00000
v -5249.90476 -8355.17555 -580.00000
v -5013.50819 -8499.12902 -580.00000
v -4773.16725 -8636.39583 -580.00000
v -4529.07104 -8766.86797 -580.00000
v -4281.41160 -8890.44280 -580.00000
v -4030.38377 -9007.02310 -580.00000
v -3776.18505 -9116.51715 -580.00000
v -3519.01542 -9218.83881 -580.00000
v -3259.07721 -9313.90757 -580.00000
v -2996.57494 -9401.64864 -580.00000
v -2731.71512 -9481.99299 -580.00000
v -2464.70613 -9554.87740 -580.00000
v -2195.75804 -9620.24455 -580.00000
v -1925.08244 -9678.04299 -580.00000
v -1652.89229 -9728.22726 -580.00000
v -1379.40173 -9770.75787 -580.00000
v -1104.82593 -9805.60137 -580.00000
v -829.38092 -9832.73033 -580.00000
v -553.28338 -9852.12342 -580.00000
v -276.75056 -9863.76539 -580.00000
v -0.00000 -9867.64706 -580.00000
v 276.75056 -9863.76539 -580.00000
v 553.28338 -9852.12342 -580.00000
v 829.38092 -9832.73033 -580.00000
v 1104.82593 -9805.60137 -580.00000
v 1379.40173 -9770.75787 -580.00000
v 1652.89229 -9728.22726 -580.00000
v 1925.08244 -9678.04299 -580.00000
v 2195.75804 -9620.24455 -580.00000
v 2464.70613 -9554.87740 -580.00000
v 2731.71512 -9481.99299 -580.00000
v 2996.57494 -9401.64864 -580.00000
v 3259.07721 -9313.90757 -580.00000
v 3519.01542 -9218.83881 -580.00000
v 3776.18505 -9116.51715 -580.00000
v 4030.38377 -9007.02310 -580.00000
v 4281.41160 -8890.44280 -580.00000
v 4529.07104 -8766.86797 -580.00000
v 4773.16725 -8636.39583 -580.00000
v 5013.50819 -8499.12902 -580.00000
v 5249.90476 -8355.17555 -580.00000
v 5482.17098 -8204.64867 -580.00000
v 5710.12411 -8047.66681 -580.00000
v 5933.58483 -7884.35347 -580.00000
v 6152.37731 -7714.83713 -580.00000
v 6366.32943 -7539.25116 -580.00000
v 6575.27285 -7357.73372 -580.00000
v 6779.04320 -7170.42759 -580.00000
v 6977.48015 -6977.48015 -580.00000
v 7170.42759 -6779.04320 -580.00000
v 7357.73372 -6575.27285 -580.00000
v 7539.25116 -6366.32943 -580.00000
v 7714.83713 -6152.37731 -580.00000
v 7884.35347 -5933.58483 -580.00000
v 8047.66681 -5710.12411 -580.00000
v 8204.64867 -5482.17098 -580.00000
v 8355.17555 -5249.90476 -580.00000
v 8499.12902 -5013.50819 -580.00000
v 8636.39583 -4773.16725 -580.00000
v 8766.86797 -4529.07104 -580.00000
v 8890.44280 -4281.41160 -580.00000
v 9007.02310 -4030.38377 -580.00000
v 9116.51715 -3776.18505 -580.00000
v 9218.83881 -3519.01542 -580.00000
v 9313.90757 -3259.07721 -580.00000
v 9401.64864 -2996.57494 -580.00000
v 9481.99299 -2731.71512 -580.00000
v 9554.87740 -2464.70613 -580.00000
v 9620.24455 -2195.75804 -580.00000
v 9678.04299 -1925.08244 -580.00000
v 9728.22726 -1652.89229 -580.00000
v 9770.75787 -1379.40173 -580.00000
v 9805.60137 -1104.82593 -580.00000
v 9832.73033 -829.38092 -580.00000
v 9852.12342 -553.28338 -580.00000
v 9863.76539 -276.75056 -580.00000
v 10735.29412 0.00000 -582.20976
v 10731.07114 301.08481 -583.72736
v 10718.40551 601.93274 -585.00867
v 10697.30722 902.30711 -585.97247
v 10667.79284 1201.97158 -586.55765
v 10629.88561 1500.69041 -586.72713
v 10583.61535 1798.22857 -586.47016
v 10529.01845 2094.35199 -585.80302
v 10466.13788 2388.82767 -584.76801
v 10395.02311 2681.42396 -583.43074
v 10315.73007 2971.91064 -581.87599
v 10228.32117 3260.05918 -580.20231
v 10132.86516 3545.64287 -578.51581
v 10029.43715 3828.43704 -576.92340
v 9918.11851 4108.21920 -575.52602
v 9798.99682 4384.76923 -574.41226
v 9672.16579 4657.86955 -573.65272
v 9537.72521 4927.30531 -573.29556
v 9395.78085 5192.86452 -573.36341
v 9246.44439 5454.33827 -573.85197
v 9089.83332 5711.52082 -574.73027
v 8926.07084 5964.20985 -575.94264
v 8755.28580 6212.20656 -577.41222
v 8577.61256 6455.31583 -579.04584
v 8393.19091 6693.34640 -580.73995
v 8202.16595 6926.11100 -582.38716
v 8004.68795 7153.42650 -583.88303
v 7800.91228 7375.11406 -585.13275
v 7590.99927 7590.99927 -586.05708
v 7375.11406 7800.91228 -586.59744
v 7153.42650 8004.68795 -586.71957
v 6926.11100 8202.16595 -586.41573
v 6693.34640 8393.19091 -585.70517
v 6455.31583 8577.61256 -584.63295
v 6212.20656 8755.28580 -583.26703
v 5964.20985 8926.07084 -581.69400
v 5711.52082 9089.83332 -580.01359
v 5454.33827 9246.44439 -578.33231
v 5192.86452 9395.78085 -576.75675
v 4927.30531 9537.72521 -575.38680
v 4657.86955 9672.16579 -574.30928
v 4384.76923 9798.99682 -573.59252
v 4108.21920 9918.11851 -573.28195
v 3828.43704 10029.43715 -573.39725
v 3545.64287 10132.86516 -573.93113
v 3260.05918 10228.32117 -574.84972
v 2971.91064 10315.73007 -576.09481
v 2681.42396 10395.02311 -577.58746
v 2388.82767 10466.13788 -579.23305
v 2094.35199 10529.01845 -580.92725
v 1798.22857 10583.61535 -582.56268
v 1500.69041 10629.88561 -584.03565
v 1201.97158 10667.79284 -585.25278
v 902.30711 10697.30722 -586.13693
v 601.93274 10718.40551 -586.63204
v 301.08481 10731.07114 -586.70673
v 0.00000 10735.29412 -586.35625
v -301.08481 10731.07114 -585.60284
v -601.93274 10718.40551 -584.49424
v -902.30711 10697.30722 -583.10074
v -1201.97158 10667.79284 -581.51068
v -1500.69041 10629.88561 -579.82485
v -1798.22857 10583.61535 -578.15012
v -2094.35199 10529.01845 -576.59266
v -2388.82767 10466.13788 -575.25120
v -2681.42396 10395.02311 -574.21079
v -2971.91064 10315.73007 -573.53737
v -3260.05918 10228.32117 -573.27363
v -3545.64287 10132.86516 -573.43630
v -3828.43704 10029.43715 -574.01506
v -4108.21920 9918.11851 -574.97322
v -4384.76923 9798.99682 -576.25005
v -4657.86955 9672.16579 -577.76460
v -4927.30531 9537.72521 -579.42085
v -5192.86452 9395.78085 -581.11382
v -5454.33827 9246.44439 -582.73618
v -5711.52082 9089.83332 -584.18509
v -5964.20985 8926.07084 -585.36869
v -6212.20656 8755.28580 -586.21195
v -6455.31583 8577.61256 -586.66142
v -6693.34640 8393.19091 -586.68861
v -6926.11100 8202.16595 -586.29178
v -7153.42650 8004.68795 -585.49610
v -7375.11406 7800.91228 -584.35200
v -7590.99927 7590.99927 -582.93202
v -7800.91228 7375.11406 -581.32617
v -8004.68795 7153.42650 -579.63624
v -8202.16595 6926.11100 -577.96938
v -8393.19091 6693.34640 -576.43125
v -8577.61256 6455.31583 -575.11935
v -8755.28580 6212.20656 -574.11684
v -8926.07084 5964.20985 -573.48729
v -9089.83332 5711.52082 -573.27060
v -9246.44439 5454.33827 -573.48051
v -9395.78085 5192.86452 -574.10370
v -9537.72521 4927.30531 -575.10068
v -9672.16579 4657.86955 -576.40824
v -9798.99682 4384.76923 -577.94349
v -9918.11851 4108.21920 -579.60912
v -10029.43715 3828.43704 -581.29952
v -10132.86516 3545.64287 -582.90754
v -10228.32117 3260.05918 -584.33124
v -10315.73007 2971.91064 -585.48037
v -10395.02311 2681.42396 -586.28209
v -10466.13788 2388.82767 -586.68556
v -10529.01845 2094.35199 -586.66522
v -10583.61535 1798.22857 -586.22235
v -10629.88561 1500.69041 -585.38503
v -10667.79284 1201.97158 -584.20633
v -10697.30722 902.30711 -582.76098
v -10718.40551 601.93274 -581.14061
v -10731.07114 301.08481 -579.44793
v -10735.29412 0.00000 -577.79024
v -10731.07114 -301.08481 -576.27264
v -10718.40551 -601.93274 -574.99133
v -10697.30722 -902.30711 -574.02753
v -10667.79284 -1201.97158 -573.44235
v -10629.88561 -1500.69041 -573.27287
v -10583.61535 -1798.22857 -573.52984
v -10529.01845 -2094.35199 -574.19698
v -10466.13788 -2388.82767 -575.23199
v -10395.02311 -2681.42396 -576.56926
v -10315.73007 -2971.91064 -578.12401
v -10228.32117 -3260.05918 -579.79769
v -10132.86516 -3545.64287 -581.48419
v -10029.43715 -3828.43704 -583.07660
v -9918.11851 -4108.21920 -584.47398
v -9798.99682 -4384.76923 -585.58774
v -9672.16579 -4657.86955 -586.34728
v -9537.72521 -4927.30531 -586.70444
v -9395.78085 -5192.86452 -586.63659
v -9246.44439 -5454.33827 -586.14803
v -9089.83332 -5711.52082 -585.26973
v -8926.07084 -5964.20985 -584.05736
v -8755.28580 -6212.20656 -582.58778
v -8577.61256 -6455.31583 -580.95416
v -8393.19091 -6693.34640 -579.26005
v -8202.16595 -6926.11100 -577.61284
v -8004.68795 -7153.42650 -576.11697
v -7800.91228 -7375.11406 -574.86725
v -7590.99927 -7590.99927 -573.94292
v -7375.11406 -7800.91228 -573.40256
v -7153.42650 -8004.68795 -573.28043
v -6926.11100 -8202.16595 -573.58427
v -6693.34640 -8393.19091 -574.29483
v -6455.31583 -8577.61256 -575.36705
v -6212.20656 -8755.28580 -576.73297
v -5964.20985 -8926.07084 -578.30600
v -5711.52082 -9089.83332 -579.98641
v -5454.33827 -9246.44439 -581.66769
v -5192.86452 -9395.78085 -583.24325
v -4927.30531 -9537.72521 -584.61320
v -4657.86955 -9672.16579 -585.69072
v -4384.76923 -9798.99682 -586.40748
v -4108.21920 -9918.11851 -586.71805
v -3828.43704 -10029.43715 -586.60275
v -3545.64287 -10132.86516 -586.06887
v -3260.05918 -10228.32117 -585.15028
v -2971.91064 -10315.73007 -583.90519
v -2681.42396 -10395.02311 -582.41254
v -2388.82767 -10466.13788 -580.76695
v -2094.35199 -10529.01845 -579.07275
v -1798.22857 -10583.61535 -577.43732
v -1500.69041 -10629.88561 -575.96435
v -1201.97158 -10667.79284 -574.74722
v -902.30711 -10697.30722 -573.86307
v -601.93274 -10718.40551 -573.36796
v -301.08481 -10731.07114 -573.29327
v -0.00000 -10735.29412 -573.64375
v 301.08481 -10731.07114 -574.39716
v 601.93274 -10718.40551 -575.50576
v 902.30711 -10697.30722 -576.89926
v 1201.97158 -10667.79284 -578.48932
v 1500.69041 -10629.88561 -580.17515
v 1798.22857 -10583.61535 -581.84988
v 2094.35199 -10529.01845 -583.40734
v 2388.82767 -10466.13788 -584.74880
v 2681.42396 -10395.02311 -585.78921
v 2971.91064 -10315.73007 -586.46263
v 3260.05918 -10228.32117 -586.72637
v 3545.64287 -10132.86516 -586.56370
v 3828.43704 -10029.43715 -585.98494
v 4108.21920 -9918.11851 -585.02678
v 4384.76923 -9798.99682 -583.74995
v 4657.86955 -9672.16579 -582.23540
v 4927.30531 -9537.72521 -580.57915
v 5192.86452 -9395.78085 -578.88618
v 5454.33827 -9246.44439 -577.26382
v 5711.52082 -9089.83332 -575.81491
v 5964.20985 -8926.07084 -574.63131
v 6212.20656 -8755.28580 -573.78805
v 6455.31583 -8577.61256 -573.33858
v 6693.34640 -8393.19091 -573.31139
v 6926.11100 -8202.16595 -573.70822
v 7153.42650 -8004.68795 -574.50390
v 7375.11406 -7800.91228 -575.64800
v 7590.99927 -7590.99927 -577.06798
v 7800.91228 -7375.11406 -578.67383
v 8004.68795 -7153.42650 -580.36376
v 8202.16595 -6926.11100 -582.03062
v 8393.19091 -6693.34640 -583.56875
v 8577.61256 -6455.31583 -584.88065
v 8755.28580 -6212.20656 -585.88316
v 8926.07084 -5964.20985 -586.51271
v 9089.83332 -5711.52082 -586.72940
v 9246.44439 -5454.33827 -586.51949
v 9395.78085 -5192.86452 -585.89630
v 9537.72521 -4927.30531 -584.89932
v 9672.16579 -4657.86955 -583.59176
v 9798.99682 -4384.76923 -582.05651
v 9918.11851 -4108.21920 -580.39088
v 10029.43715 -3828.43704 -578.70048
v 10132.86516 -3545.64287 -577.09246
v 10228.32117 -3260.05918 -575.66876
v 10315.73007 -2971.91064 -574.51963
v 10395.02311 -2681.42396 -573.71791
v 10466.13788 -2388.82767 -573.31444
v 10529.01845 -2094.35199 -573.33478
v 10583.61535 -1798.22857 -573.77765
v 10629.88561 -1500.69041 -574.61497
v 10667.79284 -1201.97158 -575.79367
v 10697.30722 -902.30711 -577.23902
v 10718.40551 -601.93274 -578.85939
v 10731.07114 -301.08481 -580.55207
v 11602.94118 0.00000 -594.88315
v 11598.37689 325.41906 -596.18641
v 11584.68760 650.58210 -596.44095
v 11561.88410 975.23330 -595.64112
v 11529.98432 1299.11723 -593.83480
v 11489.01335 1621.97909 -591.12088
v 11439.00344 1943.56486 -587.64852
v 11379.99392 2263.62153 -583.61618
v 11312.03122 2581.89731 -579.26708
v 11235.16881 2898.14178 -574.87817
v 11149.46716 3212.10615 -570.74168
v 11054.99370 3523.54341 -567.14079
v 10951.82276 3832.20853 -564.32324
v 10840.03550 4137.85867 -562.47817
v 10719.71987 4440.25335 -561.72048
v 10590.97053 4739.15469 -562.08516
v 10453.88878 5034.32750 -563.53143
v 10308.58245 5325.53957 -565.95360
v 10155.16588 5612.56179 -569.19472
v 9993.75976 5895.16834 -573.05924
v 9824.49108 6173.13689 -577.32274
v 9647.49300 6446.24873 -581.73905
v 9462.90479 6714.28901 -586.04719
v 9270.87166 6977.04684 -589.98114
v 9071.54470 7234.31550 -593.28438
v 8865.08073 7485.89257 -595.72936
v 8651.64218 7731.58015 -597.13933
v 8431.39697 7971.18492 -597.40818
v 8204.51839 8204.51839 -596.51361
v 7971.18492 8431.39697 -594.52024
v 7731.58015 8651.64218 -591.57192
v 7485.89257 8865.08073 -587.87509
v 7234.31550 9071.54470 -583.67741
v 6977.04684 9270.87166 -579.24635
v 6714.28901 9462.90479 -574.85139
v 6446.24873 9647.49300 -570.75137
v 6173.13689 9824.49108 -567.18590
v 5895.16834 9993.75976 -564.36828
v 5612.56179 10155.16588 -562.47708
v 5325.53957 10308.58245 -561.64478
v 5034.32750 10453.88878 -561.94416
v 4739.15469 10590.97053 -563.37547
v 4440.25335 10719.71987 -565.85824
v 4137.85867 10840.03550 -569.23178
v 3832.20853 10951.82276 -573.26595
v 3523.54341 11054.99370 -577.68146
v 3212.10615 11149.46716 -582.17606
v 2898.14178 11235.16881 -586.45160
v 2581.89731 11312.03122 -590.23719
v 2263.62153 11379.99392 -593.30522
v 1943.56486 11439.00344 -595.47994
v 1621.97909 11489.01335 -596.64021
v 1299.11723 11529.98432 -596.71999
v 975.23330 11561.88410 -595.70916
v 650.58210 11584.68760 -593.65622
v 325.41906 11598.37689 -590.67175
v 0.00000 11602.94118 -586.92985
v -325.41906 11598.37689 -582.66394
v -650.58210 11584.68760 -578.15451
v -975.23330 11561.88410 -573.70838
v -1299.11723 11529.98432 -569.63207
v -1621.97909 11489.01335 -566.20356
v -1943.56486 11439.00344 -563.64797
v -2263.62153 11379.99392 -562.12113
v -2581.89731 11312.03122 -561.70299
v -2898.14178 11235.16881 -562.40000
v -3212.10615 11149.46716 -564.15320
v -3523.54341 11054.99370 -566.84815
v -3832.20853 10951.82276 -570.32369
v -4137.85867 10840.03550 -574.37820
v -4440.25335 10719.71987 -578.77489
v -4739.15469 10590.97053 -583.24851
v -5034.32750 10453.88878 -587.51678
v -5325.53957 10308.58245 -591.29767
v -5612.56179 10155.16588 -594.33202
v -5895.16834 9993.75976 -596.40792
v -6173.13689 9824.49108 -597.38228
v -6446.24873 9647.49300 -597.19475
v -6714.28901 9462.90479 -595.87135
v -6977.04684 9270.87166 -593.51738
v -7234.31550 9071.54470 -590.30238
v -7485.89257 8865.08073 -586.44125
v -7731.58015 8651.64218 -582.17611
v -7971.18492 8431.39697 -577.76172
v -8204.51839 8204.51839 -573.45506
v -8431.39697 7971.18492 -569.50753
v -8651.64218 7731.58015 -566.15672
v -8865.08073 7485.89257 -563.61534
v -9071.54470 7234.31550 -562.05633
v -9270.87166 6977.04684 -561.59592
v -9462.90479 6714.28901 -562.27788
v -9647.49300 6446.24873 -564.06375
v -9824.49108 6173.13689 -566.83225
v -9993.75976 5895.16834 -570.38938
v -10155.16588 5612.56179 -574.48752
v -10308.58245 5325.53957 -578.84972
v -10453.88878 5034.32750 -583.19405
v -10590.97053 4739.15469 -587.25392
v -10719.71987 4440.25335 -590.79183
v -10840.03550 4137.85867 -593.60712
v -10951.82276 3832.20853 -595.53999
v -11054.99370 3523.54341 -596.47496
v -11149.46716 3212.10615 -596.34624
v -11235.16881 2898.14178 -595.14535
v -11312.03122 2581.89731 -592.92914
v -11379.99392 2263.62153 -589.82451
v -11439.00344 1943.56486 -586.02637
v -11489.01335 1621.97909 -581.78642
v -11529.98432 1299.11723 -577.39306
v -11561.88410 975.23330 -573.14539
v -11584.68760 650.58210 -569.32612
v -11598.37689 325.41906 -566.17838
v -11602.94118 0.00000 -563.89004
v -11598.37689 -325.41906 -562.58678
v -11584.68760 -650.58210 -562.33224
v -11561.88410 -975.23330 -563.13208
v -11529.98432 -1299.11723 -564.93839
v -11489.01335 -1621.97909 -567.65231
v -11439.00344 -1943.56486 -571.12467
v -11379.99392 -2263.62153 -575.15701
v -11312.03122 -2581.89731 -579.50611
v -11235.16881 -2898.14178 -583.89503
v -11149.46716 -3212.10615 -588.03151
v -11054.99370 -3523.54341 -591.63241
v -10951.82276 -3832.20853 -594.44995
v -10840.03550 -4137.85867 -596.29502
v -10719.71987 -4440.25335 -597.05271
v -10590.97053 -4739.15469 -596.68803
v -10453.88878 -5034.32750 -595.24176
v -10308.58245 -5325.53957 -592.81959
v -10155.16588 -5612.56179 -589.57847
v -9993.75976 -5895.16834 -585.71395
v -9824.49108 -6173.13689 -581.45045
v -9647.49300 -6446.24873 -577.03415
v -9462.90479 -6714.28901 -572.72600
v -9270.87166 -6977.04684 -568.79205
v -9071.54470 -7234.31550 -565.48881
v -8865.08073 -7485.89257 -563.04383
v -8651.64218 -7731.58015 -561.63386
v -8431.39697 -7971.18492 -561.36501
v -8204.51839 -8204.51839 -562.25959
v -7971.18492 -8431.39697 -564.25296
v -7731.58015 -8651.64218 -567.20127
v -7485.89257 -8865.08073 -570.89810
v -7234.31550 -9071.54470 -575.09578
v -6977.04684 -9270.87166 -579.52684
v -6714.28901 -9462.90479 -583.92180
v -6446.24873 -9647.49300 -588.02182
v -6173.13689 -9824.49108 -591.58729
v -5895.16834 -9993.75976 -594.40491
v -5612.56179 -10155.16588 -596.29611
v -5325.53957 -10308.58245 -597.12841
v -5034.32750 -10453.88878 -596.82903
v -4739.15469 -10590.97053 -595.39772
v -4440.25335 -10719.71987 -592.91495
v -4137.85867 -10840.03550 -589.54141
v -3832.20853 -10951.82276 -585.50724
v -3523.54341 -11054.99370 -581.09173
v -3212.10615 -11149.46716 -576.59713
v -2898.14178 -11235.16881 -572.32159
v -2581.89731 -11312.03122 -568.53600
v -2263.62153 -11379.99392 -565.46797
v -1943.56486 -11439.00344 -563.29326
v -1621.97909 -11489.01335 -562.13298
v -1299.11723 -11529.98432 -562.05320
v -975.23330 -11561.88410 -563.06403
v -650.58210 -11584.68760 -565.11697
v -325.41906 -11598.37689 -568.10144
v -0.00000 -11602.94118 -571.84334
v 325.41906 -11598.37689 -576.10925
v 650.58210 -11584.68760 -580.61868
v 975.23330 -11561.88410 -585.06481
v 1299.11723 -11529.98432 -589.14112
v 1621.97909 -11489.01335 -592.56963
v 1943.56486 -11439.00344 -595.12522
v 2263.62153 -11379.99392 -596.65206
v 2581.89731 -11312.03122 -597.07020
v 2898.14178 -11235.16881 -596.37319
v 3212.10615 -11149.46716 -594.61999
v 3523.54341 -11054.99370 -591.92504
v 3832.20853 -10951.82276 -588.44950
v 4137.85867 -10840.03550 -584.39499
v 4440.25335 -10719.71987 -579.99830
v 4739.15469 -10590.97053 -575.52468
v 5034.32750 -10453.88878 -571.25641
v 5325.53957 -10308.58245 -567.47552
v 5612.56179 -10155.16588 -564.44117
v 5895.16834 -9993.75976 -562.36527
v 6173.13689 -9824.49108 -561.39092
v 6446.24873 -9647.49300 -561.57845
v 6714.28901 -9462.90479 -562.90184
v 6977.04684 -9270.87166 -565.25581
v 7234.31550 -9071.54470 -568.47081
v 7485.89257 -8865.08073 -572.33194
v 7731.58015 -8651.64218 -576.59708
v 7971.18492 -8431.39697 -581.01148
v 8204.51839 -8204.51839 -585.31813
v 8431.39697 -7971.18492 -589.26566
v 8651.64218 -7731.58015 -592.61647
v 8865.08073 -7485.89257 -595.15786
v 9071.54470 -7234.31550 -596.71686
v 9270.87166 -6977.04684 -597.17727
v 9462.90479 -6714.28901 -596.49531
v 9647.49300 -6446.24873 -594.70944
v 9824.49108 -6173.13689 -591.94094
v 9993.75976 -5895.16834 -588.38381
v 10155.16588 -5612.56179 -584.28567
v 10308.58245 -5325.53957 -579.92347
v 10453.88878 -5034.32750 -575.57914
v 10590.97053 -4739.15469 -571.51927
v 10719.71987 -4440.25335 -567.98137
v 10840.03550 -4137.85867 -565.16607
v 10951.82276 -3832.20853 -563.23320
v 11054.99370 -3523.54341 -562.29823
v 11149.46716 -3212.10615 -562.42696
v 11235.16881 -2898.14178 -563.62784
v 11312.03122 -2581.89731 -565.84405
v 11379.99392 -2263.62153 -568.94868
v 11439.00344 -1943.56486 -572.74682
v 11489.01335 -1621.97909 -576.98677
v 11529.98432 -1299.11723 -581.38013
v 11561.88410 -975.23330 -585.62780
v 11584.68760 -650.58210 -589.44707
v 11598.37689 -325.41906 -592.59481
v 12470.58824 0.00000 -586.20785
v 12465.68263 349.75331 -580.96056
v 12450.96969 699.23146 -575.19261
v 12426.46099 1048.15949 -569.48266
v 12392.17579 1396.26288 -564.13556
v 12348.14109 1743.26776 -559.17249
v 12294.39153 2088.90114 -554.44282
v 12230.96938 2432.89107 -549.80596
v 12157.92455 2774.96694 -545.30349
v 12075.31451 3114.85961 -541.24642
v 11983.20425 3452.30167 -538.17682
v 11881.66624 3787.02764 -536.71490
v 11770.78035 4118.77418 -537.34963
v 11650.63384 4447.28029 -540.25480
v 11521.32123 4772.28751 -545.20388
v 11382.94425 5093.54015 -551.61838
v 11235.61176 5410.78545 -558.73233
v 11079.43970 5723.77384 -565.80994
v 10914.55091 6032.25906 -572.33343
v 10741.07513 6335.99842 -578.09097
v 10559.14884 6634.75295 -583.13542
v 10368.91517 6928.28761 -587.63721
v 10170.52378 7216.37146 -591.69732
v 9964.13076 7498.77784 -595.20200
v 9749.89849 7775.28459 -597.78400
v 9527.99551 8045.67415 -598.91083
v 9298.59641 8309.73380 -598.06877
v 9061.88166 8567.25578 -594.97092
v 8818.03751 8818.03751 -589.70660
v 8567.25578 9061.88166 -582.77073
v 8309.73380 9298.59641 -574.95838
v 8045.67415 9527.99551 -567.16201
v 7775.28459 9749.89849 -560.14643
v 7498.77784 9964.13076 -554.38410
v 7216.37146 10170.52378 -550.00836
v 6928.28761 10368.91517 -546.89446
v 6634.75295 10559.14884 -544.82695
v 6335.99842 10741.07513 -543.67829
v 6032.25906 10914.55091 -543.52027
v 5723.77384 11079.43970 -544.61876
v 5410.78545 11235.61176 -547.31155
v 5093.54015 11382.94425 -551.81846
v 4772.28751 11521.32123 -558.06285
v 4447.28029 11650.63384 -565.58154
v 4118.77418 11770.78035 -573.56699
v 3787.02764 11881.66624 -581.03412
v 3452.30167 11983.20425 -587.05522
v 3114.85961 12075.31451 -590.97989
v 2774.96694 12157.92455 -592.56210
v 2432.89107 12230.96938 -591.95343
v 2088.90114 12294.39153 -589.57305
v 1743.26776 12348.14109 -585.91239
v 1396.26288 12392.17579 -581.35597
v 1048.15949 12426.46099 -576.08978
v 699.23146 12450.96969 -570.13084
v 349.75331 12465.68263 -563.45930
v 0.00000 12470.58824 -556.19092
v -349.75331 12465.68263 -548.70955
v -699.23146 12450.96969 -541.69389
v -1048.15949 12426.46099 -536.01510
v -1396.26288 12392.17579 -532.53427
v -1743.26776 12348.14109 -531.87035
v -2088.90114 12294.39153 -534.22343
v -2432.89107 12230.96938 -539.31857
v -2774.96694 12157.92455 -546.49065
v -3114.85961 12075.31451 -554.87707
v -3452.30167 11983.20425 -563.64564
v -3787.02764 11881.66624 -572.17373
v -4118.77418 11770.78035 -580.11710
v -4447.28029 11650.63384 -587.35303
v -4772.28751 11521.32123 -593.83379
v -5093.54015 11382.94425 -599.42292
v -5410.78545 11235.61176 -603.79238
v -5723.77384 11079.43970 -606.43271
v -6032.25906 10914.55091 -606.78032
v -6335.99842 10741.07513 -604.41573
v -6634.75295 10559.14884 -599.25475
v -6928.28761 10368.91517 -591.65383
v -7216.37146 10170.52378 -582.38200
v -7498.77784 9964.13076 -572.46240
v -7775.28459 9749.89849 -562.93658
v -8045.67415 9527.99551 -554.63418
v -8309.73380 9298.59641 -548.02767
v -8567.25578 9061.88166 -543.21809
v -8818.03751 8818.03751 -540.04579
v -9061.88166 8567.25578 -538.27224
v -9298.59641 8309.73380 -537.75261
v -9527.99551 8045.67415 -538.52553
v -9749.89849 7775.28459 -540.78317
v -9964.13076 7498.77784 -544.73557
v -10170.52378 7216.37146 -550.42919
v -10368.91517 6928.28761 -557.59986
v -10559.14884 6634.75295 -565.62907
v -10741.07513 6335.99842 -573.63162
v -10914.55091 6032.25906 -580.65056
v -11079.43970 5723.77384 -585.89180
v -11235.61176 5410.78545 -588.91370
v -11382.94425 5093.54015 -589.70343
v -11521.32123 4772.28751 -588.61515
v -11650.63384 4447.28029 -586.19821
v -11770.78035 4118.77418 -582.98516
v -11881.66624 3787.02764 -579.32304
v -11983.20425 3452.30167 -575.31150
v -12075.31451 3114.85961 -570.86680
v -12157.92455 2774.96694 -565.87827
v -12230.96938 2432.89107 -560.38598
v -12294.39153 2088.90114 -554.69948
v -12348.14109 1743.26776 -549.40132
v -12392.17579 1396.26288 -545.22618
v -12426.46099 1048.15949 -542.85758
v -12450.96969 699.23146 -542.71888
v -12465.68263 349.75331 -544.83932
v -12470.58824 0.00000 -548.84738
v -12465.68263 -349.75331 -554.09466
v -12450.96969 -699.23146 -559.86262
v -12426.46099 -1048.15949 -565.57256
v -12392.17579 -1396.26288 -570.91967
v -12348.14109 -1743.26776 -575.88274
v -12294.39153 -2088.90114 -580.61240
v -12230.96938 -2432.89107 -585.24927
v -12157.92455 -2774.96694 -589.75173
v -12075.31451 -3114.85961 -593.80880
v -11983.20425 -3452.30167 -596.87841
v -11881.66624 -3787.02764 -598.34032
v -11770.78035 -4118.77418 -597.70559
v -11650.63384 -4447.28029 -594.80042
v -11521.32123 -4772.28751 -589.85135
v -11382.94425 -5093.54015 -583.43684
v -11235.61176 -5410.78545 -576.32289
v -11079.43970 -5723.77384 -569.24529
v -10914.55091 -6032.25906 -562.72179
v -10741.07513 -6335.99842 -556.96426
v -10559.14884 -6634.75295 -551.91981
v -10368.91517 -6928.28761 -547.41801
v -10170.52378 -7216.37146 -543.35790
v -9964.13076 -7498.77784 -539.85322
v -9749.89849 -7775.28459 -537.27123
v -9527.99551 -8045.67415 -536.14439
v -9298.59641 -8309.73380 -536.98646
v -9061.88166 -8567.25578 -540.08431
v -8818.03751 -8818.03751 -545.34862
v -8567.25578 -9061.88166 -552.28449
v -8309.73380 -9298.59641 -560.09684
v -8045.67415 -9527.99551 -567.89321
v -7775.28459 -9749.89849 -574.90879
v -7498.77784 -9964.13076 -580.67112
v -7216.37146 -10170.52378 -585.04686
v -6928.28761 -10368.91517 -588.16076
v -6634.75295 -10559.14884 -590.22827
v -6335.99842 -10741.07513 -591.37693
v -6032.25906 -10914.55091 -591.53496
v -5723.77384 -11079.43970 -590.43647
v -5410.78545 -11235.61176 -587.74368
v -5093.54015 -11382.94425 -583.23676
v -4772.28751 -11521.32123 -576.99238
v -4447.28029 -11650.63384 -569.47369
v -4118.77418 -11770.78035 -561.48823
v -3787.02764 -11881.66624 -554.02111
v -3452.30167 -11983.20425 -548.00000
v -3114.85961 -12075.31451 -544.07533
v -2774.96694 -12157.92455 -542.49312
v -2432.89107 -12230.96938 -543.10179
v -2088.90114 -12294.39153 -545.48218
v -1743.26776 -12348.14109 -549.14283
v -1396.26288 -12392.17579 -553.69926
v -1048.15949 -12426.46099 -558.96545
v -699.23146 -12450.96969 -564.92438
v -349.75331 -12465.68263 -571.59593
v -0.00000 -12470.58824 -578.86431
v 349.75331 -12465.68263 -586.34567
v 699.23146 -12450.96969 -593.36133
v 1048.15949 -12426.46099 -599.04012
v 1396.26288 -12392.17579 -602.52096
v 1743.26776 -12348.14109 -603.18487
v 2088.90114 -12294.39153 -600.83180
v 2432.89107 -12230.96938 -595.73665
v 2774.96694 -12157.92455 -588.56457
v 3114.85961 -12075.31451 -580.17816
v 3452.30167 -11983.20425 -571.40959
v 3787.02764 -11881.66624 -562.88150
v 4118.77418 -11770.78035 -554.93812
v 4447.28029 -11650.63384 -547.70220
v 4772.28751 -11521.32123 -541.22143
v 5093.54015 -11382.94425 -535.63230
v 5410.78545 -11235.61176 -531.26284
v 5723.77384 -11079.43970 -528.62252
v 6032.25906 -10914.55091 -528.27491
v 6335.99842 -10741.07513 -530.63950
v 6634.75295 -10559.14884 -535.80048
v 6928.28761 -10368.91517 -543.40140
v 7216.37146 -10170.52378 -552.67322
v 7498.77784 -9964.13076 -562.59282
v 7775.28459 -9749.89849 -572.11864
v 8045.67415 -9527.99551 -580.42105
v 8309.73380 -9298.59641 -587.02755
v 8567.25578 -9061.88166 -591.83714
v 8818.03751 -8818.03751 -595.00944
v 9061.88166 -8567.25578 -596.78298
v 9298.59641 -8309.73380 -597.30262
v 9527.99551 -8045.67415 -596.52969
v 9749.89849 -7775.28459 -594.27206
v 9964.13076 -7498.77784 -590.31965
v 10170.52378 -7216.37146 -584.62603
v 10368.91517 -6928.28761 -577.45536
v 10559.14884 -6634.75295 -569.42615
v 10741.07513 -6335.99842 -561.42360
v 10914.55091 -6032.25906 -554.40466
v 11079.43970 -5723.77384 -549.16343
v 11235.61176 -5410.78545 -546.14153
v 11382.94425 -5093.54015 -545.35179
v 11521.32123 -4772.28751 -546.44007
v 11650.63384 -4447.28029 -548.85701
v 11770.78035 -4118.77418 -552.07006
v 11881.66624 -3787.02764 -555.73219
v 11983.20425 -3452.30167 -559.74372
v 12075.31451 -3114.85961 -564.18842
v 12157.92455 -2774.96694 -569.17695
v 12230.96938 -2432.89107 -574.66924
v 12294.39153 -2088.90114 -580.35575
v 12348.14109 -1743.26776 -585.65390
v 12392.17579 -1396.26288 -589.82904
v 12426.46099 -1048.15949 -592.19764
v 12450.96969 -699.23146 -592.33634
v 12465.68263 -349.75331 -590.21590
v 13338.23529 0.00000 -531.38024
v 13332.98838 374.08757 -515.58177
v 13317.25178 747.88082 -502.41256
v 13291.03787 1121.08568 -493.38130
v 13254.36727 1493.40853 -488.87979
v 13207.26883 1864.55644 -488.18814
v 13149.77961 2234.23742 -489.87848
v 13081.94484 2602.16062 -492.45041
v 13003.81789 2968.03657 -494.94265
v 12915.46021 3331.57744 -497.27810
v 12816.94134 3692.49719 -500.20987
v 12708.33877 4050.51188 -504.89853
v 12589.73795 4405.33984 -512.30039
v 12461.23219 4756.70191 -522.62329
v 12322.92259 5104.32166 -535.07881
v 12174.91796 5447.92560 -548.03990
v 12017.33475 5787.24340 -559.54819
v 11850.29694 6122.00810 -567.97315
v 11673.93594 6451.95633 -572.56214
v 11488.39050 6776.82850 -573.66230
v 11293.80660 7096.36902 -572.52567
v 11090.33733 7410.32649 -570.77504
v 10878.14277 7718.45391 -569.74350
v 10657.38986 8020.50885 -569.95085
v 10428.25227 8316.25368 -570.92499
v 10190.91029 8605.45572 -571.43755
v 9945.55064 8887.88744 -570.05688
v 9692.36635 9163.32665 -565.79414
v 9431.55663 9431.55663 -558.58089
v 9163.32665 9692.36635 -549.38429
v 8887.88744 9945.55064 -539.91154
v 8605.45572 10190.91029 -532.01968
v 8316.25368 10428.25227 -527.06488
v 8020.50885 10657.38986 -525.44894
v 7718.45391 10878.14277 -526.54058
v 7410.32649 11090.33733 -528.99848
v 7096.36902 11293.80660 -531.36087
v 6776.82850 11488.39050 -532.65994
v 6451.95633 11673.93594 -532.81006
v 6122.00810 11850.29694 -532.61108
v 5787.24340 12017.33475 -533.36445
v 5447.92560 12174.91796 -536.25775
v 5104.32166 12322.92259 -541.76888
v 4756.70191 12461.23219 -549.33551
v 4405.33984 12589.73795 -557.43122
v 4050.51188 12708.33877 -564.02796
v 3692.49719 12816.94134 -567.27039
v 3331.57744 12915.46021 -566.10288
v 2968.03657 13003.81789 -560.60825
v 2602.16062 13081.94484 -551.93159
v 2234.23742 13149.77961 -541.82679
v 1864.55644 13207.26883 -532.01173
v 1493.40853 13254.36727 -523.59080
v 1121.08568 13291.03787 -516.77253
v 747.88082 13317.25178 -510.98693
v 374.08757 13332.98838 -505.34299
v 0.00000 13338.23529 -499.22687
v -374.08757 13332.98838 -492.78297
v -747.88082 13317.25178 -487.06647
v -1121.08568 13291.03787 -483.78864
v -1493.40853 13254.36727 -484.74238
v -1864.55644 13207.26883 -491.12719
v -2234.23742 13149.77961 -503.03808
v -2602.16062 13081.94484 -519.32218
v -2968.03657 13003.81789 -537.86489
v -3331.57744 12915.46021 -556.20033
v -3692.49719 12816.94134 -572.21540
v -4050.51188 12708.33877 -584.68369
v -4405.33984 12589.73795 -593.43602
v -4756.70191 12461.23219 -599.12218
v -5104.32166 12322.92259 -602.68184
v -5447.92560 12174.91796 -604.75724
v -5787.24340 12017.33475 -605.29990
v -6122.00810 11850.29694 -603.54008
v -6451.95633 11673.93594 -598.33599
v -6776.82850 11488.39050 -588.76029
v -7096.36902 11293.80660 -574.67952
v -7410.32649 11090.33733 -557.07894
v -7718.45391 10878.14277 -537.98274
v -8020.50885 10657.38986 -519.97870
v -8316.25368 10428.25227 -505.51372
v -8605.45572 10190.91029 -496.21892
v -8887.88744 9945.55064 -492.51326
v -9163.32665 9692.36635 -493.62640
v -9431.55663 9431.55663 -498.01831
v -9692.36635 9163.32665 -504.01990
v -9945.55064 8887.88744 -510.43686
v -10190.91029 8605.45572 -516.88046
v -10428.25227 8316.25368 -523.70504
v -10657.38986 8020.50885 -531.59521
v -10878.14277 7718.45391 -540.99024
v -11090.33733 7410.32649 -551.60072
v -11293.80660 7096.36902 -562.23542
v -11488.39050 6776.82850 -571.03010
v -11673.93594 6451.95633 -576.00486
v -11850.29694 6122.00810 -575.73991
v -12017.33475 5787.24340 -569.90606
v -12174.91796 5447.92560 -559.43854
v -12322.92259 5104.32166 -546.27957
v -12461.23219 4756.70191 -532.78287
v -12589.73795 4405.33984 -521.00402
v -12708.33877 4050.51188 -512.14313
v -12816.94134 3692.49719 -506.34284
v -12915.46021 3331.57744 -502.90149
v -13003.81789 2968.03657 -500.79582
v -13081.94484 2602.16062 -499.28573
v -13149.77961 2234.23742 -498.34477
v -13207.26883 1864.55644 -498.73509
v -13254.36727 1493.40853 -501.69347
v -13291.03787 1121.08568 -508.35731
v -13317.25178 747.88082 -519.16845
v -13332.98838 374.08757 -533.50619
v -13338.23529 0.00000 -549.71160
v -13332.98838 -374.08757 -565.51007
v -13317.25178 -747.88082 -578.67928
v -13291.03787 -1121.08568 -587.71054
v -13254.36727 -1493.40853 -592.21206
v -13207.26883 -1864.55644 -592.90370
v -13149.77961 -2234.23742 -591.21336
v -13081.94484 -2602.16062 -588.64143
v -13003.81789 -2968.03657 -586.14919
v -12915.46021 -3331.57744 -583.81374
v -12816.94134 -3692.49719 -580.88197
v -12708.33877 -4050.51188 -576.19331
v -12589.73795 -4405.33984 -568.79145
v -12461.23219 -4756.70191 -558.46855
v -12322.92259 -5104.32166 -546.01303
v -12174.91796 -5447.92560 -533.05194
v -12017.33475 -5787.24340 -521.54366
v -11850.29694 -6122.00810 -513.11869
v -11673.93594 -6451.95633 -508.52970
v -11488.39050 -6776.82850 -507.42954
v -11293.80660 -7096.36902 -508.56617
v -11090.33733 -7410.32649 -510.31680
v -10878.14277 -7718.45391 -511.34834
v -10657.38986 -8020.50885 -511.14099
v -10428.25227 -8316.25368 -510.16685
v -10190.91029 -8605.45572 -509.65429
v -9945.55064 -8887.88744 -511.03496
v -9692.36635 -9163.32665 -515.29770
v -9431.55663 -9431.55663 -522.51095
v -9163.32665 -9692.36635 -531.70755
v -8887.88744 -9945.55064 -541.18030
v -8605.45572 -10190.91029 -549.07217
v -8316.25368 -10428.25227 -554.02696
v -8020.50885 -10657.38986 -555.64291
v -7718.45391 -10878.14277 -554.55126
v -7410.32649 -11090.33733 -552.09336
v -7096.36902 -11293.80660 -549.73097
v -6776.82850 -11488.39050 -548.43191
v -6451.95633 -11673.93594 -548.28179
v -6122.00810 -11850.29694 -548.48076
v -5787.24340 -12017.33475 -547.72739
v -5447.92560 -12174.91796 -544.83409
v -5104.32166 -12322.92259 -539.32297
v -4756.70191 -12461.23219 -531.75634
v -4405.33984 -12589.73795 -523.66062
v -4050.51188 -12708.33877 -517.06388
v -3692.49719 -12816.94134 -513.82145
v -3331.57744 -12915.46021 -514.98896
v -2968.03657 -13003.81789 -520.48359
v -2602.16062 -13081.94484 -529.16026
v -2234.23742 -13149.77961 -539.26505
v -1864.55644 -13207.26883 -549.08012
v -1493.40853 -13254.36727 -557.50105
v -1121.08568 -13291.03787 -564.31932
v -747.88082 -13317.25178 -570.10491
v -374.08757 -13332.98838 -575.74885
v -0.00000 -13338.23529 -581.86498
v 374.08757 -13332.98838 -588.30887
v 747.88082 -13317.25178 -594.02538
v 1121.08568 -13291.03787 -597.30320
v 1493.40853 -13254.36727 -596.34946
v 1864.55644 -13207.26883 -589.96465
v 2234.23742 -13149.77961 -578.05376
v 2602.16062 -13081.94484 -561.76967
v 2968.03657 -13003.81789 -543.22695
v 3331.57744 -12915.46021 -524.89152
v 3692.49719 -12816.94134 -508.87644
v 4050.51188 -12708.33877 -496.40815
v 4405.33984 -12589.73795 -487.65582
v 4756.70191 -12461.23219 -481.96966
v 5104.32166 -12322.92259 -478.41000
v 5447.92560 -12174.91796 -476.33460
v 5787.24340 -12017.33475 -475.79194
v 6122.00810 -11850.29694 -477.55177
v 6451.95633 -11673.93594 -482.75586
v 6776.82850 -11488.39050 -492.33155
v 7096.36902 -11293.80660 -506.41232
v 7410.32649 -11090.33733 -524.01290
v 7718.45391 -10878.14277 -543.10910
v 8020.50885 -10657.38986 -561.11314
v 8316.25368 -10428.25227 -575.57813
v 8605.45572 -10190.91029 -584.87293
v 8887.88744 -9945.55064 -588.57859
v 9163.32665 -9692.36635 -587.46545
v 9431.55663 -9431.55663 -583.07354
v 9692.36635 -9163.32665 -577.07194
v 9945.55064 -8887.88744 -570.65498
v 10190.91029 -8605.45572 -564.21138
v 10428.25227 -8316.25368 -557.38680
v 10657.38986 -8020.50885 -549.49663
v 10878.14277 -7718.45391 -540.10160
v 11090.33733 -7410.32649 -529.49112
v 11293.80660 -7096.36902 -518.85642
v 11488.39050 -6776.82850 -510.06175
v 11673.93594 -6451.95633 -505.08699
v 11850.29694 -6122.00810 -505.35194
v 12017.33475 -5787.24340 -511.18578
v 12174.91796 -5447.92560 -521.65330
v 12322.92259 -5104.32166 -534.81227
v 12461.23219 -4756.70191 -548.30898
v 12589.73795 -4405.33984 -560.08783
v 12708.33877 -4050.51188 -568.94871
v 12816.94134 -3692.49719 -574.74900
v 12915.46021 -3331.57744 -578.19035
v 13003.81789 -2968.03657 -580.29602
v 13081.94484 -2602.16062 -581.80612
v 13149.77961 -2234.23742 -582.74707
v 13207.26883 -1864.55644 -582.35675
v 13254.36727 -1493.40853 -579.39837
v 13291.03787 -1121.08568 -572.73453
v 13317.25178 -747.88082 -561.92339
v 13332.98838 -374.08757 -547.58565
v 14205.88235 0.00000 -421.56081
v 14200.29413 398.42182 -396.57018
v 14183.53387 796.53018 -380.06859
v 14155.61475 1194.01187 -374.55656
v 14116.55875 1590.55418 -379.99341
v 14066.39657 1985.84512 -393.86485
v 14005.16770 2379.57370 -412.11498
v 13932.92031 2771.43016 -430.57978
v 13849.71122 3161.10621 -446.36584
v 13755.60592 3548.29526 -458.64700
v 13650.67843 3932.69271 -468.58978
v 13535.01130 4313.99611 -478.46991
v 13408.69555 4691.90550 -490.36665
v 13271.83053 5066.12354 -504.98718
v 13124.52395 5436.35582 -521.11542
v 12966.89168 5802.31106 -535.92139
v 12799.05774 6163.70135 -546.01303
v 12621.15418 6520.24237 -548.80598
v 12433.32096 6871.65360 -543.65145
v 12235.70587 7217.65858 -532.25333
v 12028.46436 7557.98509 -518.18707
v 11811.75949 7892.36537 -505.69141
v 11585.76176 8220.53635 -498.19623
v 11350.64895 8542.23986 -497.15747
v 11106.60606 8857.22277 -501.65038
v 10853.82507 9165.23730 -508.87216
v 10592.50487 9466.04109 -515.34512
v 10322.85105 9759.39751 -518.33575
v 10045.07574 10045.07574 -516.92348
v 9759.39751 10322.85105 -512.29839
v 9466.04109 10592.50487 -507.18008
v 9165.23730 10853.82507 -504.60507
v 8857.22277 11106.60606 -506.58393
v 8542.23986 11350.64895 -513.18044
v 8220.53635 11585.76176 -522.39285
v 7892.36537 11811.75949 -530.89147
v 7557.98509 12028.46436 -535.31881
v 7217.65858 12235.70587 -533.62854
v 6871.65360 12433.32096 -525.92078
v 6520.24237 12621.15418 -514.43104
v 6163.70135 12799.05774 -502.66944
v 5802.31106 12966.89168 -494.04789
v 5436.35582 13124.52395 -490.54029
v 5066.12354 13271.83053 -491.90935
v 4691.90550 13408.69555 -495.80904
v 4313.99611 13535.01130 -498.72255
v 3932.69271 13650.67843 -497.36330
v 3548.29526 13755.60592 -489.98271
v 3161.10621 13849.71122 -477.06762
v 2771.43016 13932.92031 -461.15647
v 2379.57370 14005.16770 -445.85631
v 1985.84512 14066.39657 -434.46222
v 1590.55418 14116.55875 -428.73726
v 1194.01187 14155.61475 -428.34224
v 796.53018 14183.53387 -431.13905
v 398.42182 14200.29413 -434.23565
v 0.00000 14205.88235 -435.33862
v -398.42182 14200.29413 -433.85289
v -796.53018 14183.53387 -431.26840
v -1194.01187 14155.61475 -430.66038
v -1590.55418 14116.55875 -435.48858
v -1985.84512 14066.39657 -448.16640
v -2379.57370 14005.16770 -468.96879
v -2771.43016 13932.92031 -495.71843
v -3161.10621 13849.71122 -524.38363
v -3548.29526 13755.60592 -550.36199
v -3932.69271 13650.67843 -569.95465
v -4313.99611 13535.01130 -581.46376
v -4691.90550 13408.69555 -585.50055
v -5066.12354 13271.83053 -584.40914
v -5436.35582 13124.52395 -581.06484
v -5802.31106 12966.89168 -577.55293
v -6163.70135 12799.05774 -574.27533
v -6520.24237 12621.15418 -569.85271
v -6871.65360 12433.32096 -561.86026
v -7217.65858 12235.70587 -548.09108
v -7557.98509 12028.46436 -527.81975
v -7892.36537 11811.75949 -502.53130
v -8220.53635 11585.76176 -475.78957
v -8542.23986 11350.64895 -452.26232
v -8857.22277 11106.60606 -436.25890
v -9165.23730 10853.82507 -430.33520
v -9466.04109 10592.50487 -434.49923
v -9759.39751 10322.85105 -446.31733
v -10045.07574 10045.07574 -461.86870
v -10322.85105 9759.39751 -477.16591
v -10592.50487 9466.04109 -489.48265
v -10853.82507 9165.23730 -498.07708
v -11106.60606 8857.22277 -504.05083
v -11350.64895 8542.23986 -509.43660
v -11585.76176 8220.53635 -515.92067
v -11811.75949 7892.36537 -523.75278
v -12028.46436 7557.98509 -531.31712
v -12235.70587 7217.65858 -535.56555
v -12433.32096 6871.65360 -533.15877
v -12621.15418 6520.24237 -521.86560
v -12799.05774 6163.70135 -501.65517
v -12966.89168 5802.31106 -475.02903
v -13124.52395 5436.35582 -446.43488
v -13271.83053 5066.12354 -420.96509
v -13408.69555 4691.90550 -402.82426
v -13535.01130 4313.99611 -394.14103
v -13650.67843 3932.69271 -394.56131
v -13755.60592 3548.29526 -401.75043
v -13849.71122 3161.10621 -412.57321
v -13932.92031 2771.43016 -424.45804
v -14005.16770 2379.57370 -436.38785
v -14066.39657 1985.84512 -449.12256
v -14116.55875 1590.55418 -464.57774
v -14155.61475 1194.01187 -484.63331
v -14183.53387 796.53018 -509.88334
v -14200.29413 398.42182 -538.86667
v -14205.88235 0.00000 -568.12717
v -14200.29413 -398.42182 -593.11780
v -14183.53387 -796.53018 -609.61939
v -14155.61475 -1194.01187 -615.13142
v -14116.55875 -1590.55418 -609.69457
v -14066.39657 -1985.84512 -595.82313
v -14005.16770 -2379.57370 -577.57300
v -13932.92031 -2771.43016 -559.10819
v -13849.71122 -3161.10621 -543.32214
v -13755.60592 -3548.29526 -531.04097
v -13650.67843 -3932.69271 -521.09820
v -13535.01130 -4313.99611 -511.21807
v -13408.69555 -4691.90550 -499.32133
v -13271.83053 -5066.12354 -484.70080
v -13124.52395 -5436.35582 -468.57256
v -12966.89168 -5802.31106 -453.76659
v -12799.05774 -6163.70135 -443.67495
v -12621.15418 -6520.24237 -440.88200
v -12433.32096 -6871.65360 -446.03653
v -12235.70587 -7217.65858 -457.43465
v -12028.46436 -7557.98509 -471.50091
v -11811.75949 -7892.36537 -483.99657
v -11585.76176 -8220.53635 -491.49175
v -11350.64895 -8542.23986 -492.53051
v -11106.60606 -8857.22277 -488.03760
v -10853.82507 -9165.23730 -480.81582
v -10592.50487 -9466.04109 -474.34286
v -10322.85105 -9759.39751 -471.35223
v -10045.07574 -10045.07574 -472.76449
v -9759.39751 -10322.85105 -477.38958
v -9466.04109 -10592.50487 -482.50790
v -9165.23730 -10853.82507 -485.08291
v -8857.22277 -11106.60606 -483.10405
v -8542.23986 -11350.64895 -476.50754
v -8220.53635 -11585.76176 -467.29513
v -7892.36537 -11811.75949 -458.79651
v -7557.98509 -12028.46436 -454.36917
v -7217.65858 -12235.70587 -456.05944
v -6871.65360 -12433.32096 -463.76720
v -6520.24237 -12621.15418 -475.25693
v -6163.70135 -12799.05774 -487.01853
v -5802.31106 -12966.89168 -495.64008
v -5436.35582 -13124.52395 -499.14769
v -5066.12354 -13271.83053 -497.77863
v -4691.90550 -13408.69555 -493.87894
v -4313.99611 -13535.01130 -490.96543
v -3932.69271 -13650.67843 -492.32467
v -3548.29526 -13755.60592 -499.70527
v -3161.10621 -13849.71122 -512.62036
v -2771.43016 -13932.92031 -528.53150
v -2379.57370 -14005.16770 -543.83167
v -1985.84512 -14066.39657 -555.22576
v -1590.55418 -14116.55875 -560.95072
v -1194.01187 -14155.61475 -561.34574
v -796.53018 -14183.53387 -558.54893
v -398.42182 -14200.29413 -555.45233
v -0.00000 -14205.88235 -554.34936
v 398.42182 -14200.29413 -555.83509
v 796.53018 -14183.53387 -558.41958
v 1194.01187 -14155.61475 -559.02760
v 1590.55418 -14116.55875 -554.19940
v 1985.84512 -14066.39657 -541.52158
v 2379.57370 -14005.16770 -520.71919
v 2771.43016 -13932.92031 -493.96954
v 3161.10621 -13849.71122 -465.30435
v 3548.29526 -13755.60592 -439.32599
v 3932.69271 -13650.67843 -419.73333
v 4313.99611 -13535.01130 -408.22422
v 4691.90550 -13408.69555 -404.18743
v 5066.12354 -13271.83053 -405.27884
v 5436.35582 -13124.52395 -408.62313
v 5802.31106 -12966.89168 -412.13505
v 6163.70135 -12799.05774 -415.41265
v 6520.24237 -12621.15418 -419.83527
v 6871.65360 -12433.32096 -427.82771
v 7217.65858 -12235.70587 -441.59690
v 7557.98509 -12028.46436 -461.86823
v 7892.36537 -11811.75949 -487.15668
v 8220.53635 -11585.76176 -513.89841
v 8542.23986 -11350.64895 -537.42566
v 8857.22277 -11106.60606 -553.42908
v 9165.23730 -10853.82507 -559.35278
v 9466.04109 -10592.50487 -555.18875
v 9759.39751 -10322.85105 -543.37064
v 10045.07574 -10045.07574 -527.81928
v 10322.85105 -9759.39751 -512.52206
v 10592.50487 -9466.04109 -500.20533
v 10853.82507 -9165.23730 -491.61090
v 11106.60606 -8857.22277 -485.63715
v 11350.64895 -8542.23986 -480.25137
v 11585.76176 -8220.53635 -473.76731
v 11811.75949 -7892.36537 -465.93519
v 12028.46436 -7557.98509 -458.37085
v 12235.70587 -7217.65858 -454.12242
v 12433.32096 -6871.65360 -456.52920
v 12621.15418 -6520.24237 -467.82238
v 12799.05774 -6163.70135 -488.03280
v 12966.89168 -5802.31106 -514.65895
v 13124.52395 -5436.35582 -543.25309
v 13271.83053 -5066.12354 -568.72289
v 13408.69555 -4691.90550 -586.86372
v 13535.01130 -4313.99611 -595.54695
v 13650.67843 -3932.69271 -595.12667
v 13755.60592 -3548.29526 -587.93755
v 13849.71122 -3161.10621 -577.11477
v 13932.92031 -2771.43016 -565.22994
v 14005.16770 -2379.57370 -553.30013
v 14066.39657 -1985.84512 -540.56541
v 14116.55875 -1590.55418 -525.11024
v 14155.61475 -1194.01187 -505.05467
v 14183.53387 -796.53018 -479.80464
v 14200.29413 -398.42182 -450.82131
v 15073.52941 0.00000 -271.87469
v 15067.59988 422.75607 -242.69136
v 15049.81596 845.17954 -229.27916
v 15020.19164 1266.93806 -235.08845
v 14978.75022 1687.69982 -259.05359
v 14925.52432 2107.13379 -295.77665
v 14860.55579 2524.90998 -337.25089
v 14783.89577 2940.69971 -375.47131
v 14695.60456 3354.17584 -404.93499
v 14595.75162 3765.01309 -424.08624
v 14484.41551 4172.88822 -435.18818
v 14361.68384 4577.48035 -442.73222
v 14227.65314 4978.47115 -451.07693
v 14082.42888 5375.54516 -462.30580
v 13926.12531 5768.38997 -475.18991
v 13758.86539 6156.69652 -485.68109
v 13580.78073 6540.15930 -488.72818
v 13392.01142 6918.47663 -480.66158
v 13192.70599 7291.35087 -461.14933
v 12983.02123 7658.48866 -433.89027
v 12763.12212 8019.60115 -405.71260
v 12533.18166 8374.40425 -384.38615
v 12293.38075 8722.61880 -375.97838
v 12043.90805 9063.97086 -382.77568
v 11784.95985 9398.19187 -402.57625
v 11516.73986 9725.01887 -429.62342
v 11239.45910 10044.19474 -456.80392
v 10953.33574 10355.46837 -478.24151
v 10658.59486 10658.59486 -491.27042
v 10355.46837 10953.33574 -497.03218
v 10044.19474 11239.45910 -499.49924
v 9725.01887 11516.73986 -503.36360
v 9398.19187 11784.95985 -511.68280
v 9063.97086 12043.90805 -524.26774
v 8722.61880 12293.38075 -537.48963
v 8374.40425 12533.18166 -545.60179
v 8019.60115 12763.12212 -543.05084
v 7658.48866 12983.02123 -526.84203
v 7291.35087 13192.70599 -497.99027
v 6918.47663 13392.01142 -461.44754
v 6540.15930 13580.78073 -424.50334
v 6156.69652 13758.86539 -394.26629
v 5768.38997 13926.12531 -375.20489
v 5375.54516 14082.42888 -367.70582
v 4978.47115 14227.65314 -368.20555
v 4577.48035 14361.68384 -370.82731
v 4172.88822 14484.41551 -369.85962
v 3765.01309 14595.75162 -362.08378
v 3354.17584 14695.60456 -348.02666
v 2940.69971 14783.89577 -331.65374
v 2524.90998 14860.55579 -318.64811
v 2107.13379 14925.52432 -313.99099
v 1687.69982 14978.75022 -319.83817
v 1266.93806 15020.19164 -334.56379
v 845.17954 15049.81596 -353.36727
v 422.75607 15067.59988 -370.20341
v 0.00000 15073.52941 -380.25586
v -422.75607 15067.59988 -381.94856
v -845.17954 15049.81596 -377.66939
v -1266.93806 15020.19164 -372.89439
v -1687.69982 14978.75022 -374.04241
v -2107.13379 14925.52432 -385.90228
v -2524.90998 14860.55579 -409.65050
v -2940.69971 14783.89577 -442.24667
v -3354.17584 14695.60456 -477.44837
v -3765.01309 14595.75162 -508.04491
v -4172.88822 14484.41551 -528.42824
v -4577.48035 14361.68384 -536.49133
v -4978.47115 14227.65314 -534.12007
v -5375.54516 14082.42888 -526.11288
v -5768.38997 13926.12531 -517.99393
v -6156.69652 13758.86539 -513.62674
v -6540.15930 13580.78073 -513.60871
v -6918.47663 13392.01142 -515.10368
v -7291.35087 13192.70599 -513.18081
v -7658.48866 12983.02123 -503.11089
v -8019.60115 12763.12212 -482.67502
v -8374.40425 12533.18166 -453.52615
v -8722.61880 12293.38075 -421.01738
v -9063.97086 12043.90805 -392.52354
v -9398.19187 11784.95985 -374.88853
v -9725.01887 11516.73986 -371.98583
v -10044.19474 11239.45910 -383.34246
v -10355.46837 10953.33574 -404.35971
v -10658.59486 10658.59486 -428.03526
v -10953.33574 10355.46837 -447.50230
v -11239.45910 10044.19474 -458.38646
v -11516.73986 9725.01887 -460.06744
v -11784.95985 9398.19187 -455.38207
v -12043.90805 9063.97086 -448.93824
v -12293.38075 8722.61880 -444.76939
v -12533.18166 8374.40425 -444.32111
v -12763.12212 8019.60115 -445.62080
v -12983.02123 7658.48866 -443.99412
v -13192.70599 7291.35087 -434.05594
v -13392.01142 6918.47663 -412.17477
v -13580.78073 6540.15930 -378.40276
v -13758.86539 6156.69652 -337.06239
v -13926.12531 5768.38997 -295.70812
v -14082.42888 5375.54516 -262.82466
v -14227.65314 4978.47115 -245.12678
v -14361.68384 4577.48035 -245.48593
v -14484.41551 4172.88822 -262.26228
v -14595.75162 3765.01309 -290.26620
v -14695.60456 3354.17584 -322.93239
v -14783.89577 2940.69971 -354.81926
v -14860.55579 2524.90998 -383.43406
v -14925.52432 2107.13379 -409.67334
v -14978.75022 1687.69982 -436.74138
v -15020.19164 1266.93806 -468.03457
v -15049.81596 845.17954 -504.90402
v -15067.59988 422.75607 -545.26189
v -15073.52941 0.00000 -583.65582
v -15067.59988 -422.75607 -612.83915
v -15049.81596 -845.17954 -626.25135
v -15020.19164 -1266.93806 -620.44206
v -14978.75022 -1687.69982 -596.47692
v -14925.52432 -2107.13379 -559.75386
v -14860.55579 -2524.90998 -518.27962
v -14783.89577 -2940.69971 -480.05920
v -14695.60456 -3354.17584 -450.59552
v -14595.75162 -3765.01309 -431.44427
v -14484.41551 -4172.88822 -420.34233
v -14361.68384 -4577.48035 -412.79829
v -14227.65314 -4978.47115 -404.45357
v -14082.42888 -5375.54516 -393.22471
v -13926.12531 -5768.38997 -380.34060
v -13758.86539 -6156.69652 -369.84942
v -13580.78073 -6540.15930 -366.80233
v -13392.01142 -6918.47663 -374.86893
v -13192.70599 -7291.35087 -394.38118
v -12983.02123 -7658.48866 -421.64024
v -12763.12212 -8019.60115 -449.81790
v -12533.18166 -8374.40425 -471.14436
v -12293.38075 -8722.61880 -479.55213
v -12043.90805 -9063.97086 -472.75483
v -11784.95985 -9398.19187 -452.95426
v -11516.73986 -9725.01887 -425.90709
v -11239.45910 -10044.19474 -398.72659
v -10953.33574 -10355.46837 -377.28900
v -10658.59486 -10658.59486 -364.26008
v -10355.46837 -10953.33574 -358.49833
v -10044.19474 -11239.45910 -356.03126
v -9725.01887 -11516.73986 -352.16690
v -9398.19187 -11784.95985 -343.84771
v -9063.97086 -12043.90805 -331.26277
v -8722.61880 -12293.38075 -318.04087
v -8374.40425 -12533.18166 -309.92872
v -8019.60115 -12763.12212 -312.47967
v -7658.48866 -12983.02123 -328.68848
v -7291.35087 -13192.70599 -357.54024
v -6918.47663 -13392.01142 -394.08297
v -6540.15930 -13580.78073 -431.02717
v -6156.69652 -13758.86539 -461.26422
v -5768.38997 -13926.12531 -480.32562
v -5375.54516 -14082.42888 -487.82468
v -4978.47115 -14227.65314 -487.32495
v -4577.48035 -14361.68384 -484.70319
v -4172.88822 -14484.41551 -485.67089
v -3765.01309 -14595.75162 -493.44673
v -3354.17584 -14695.60456 -507.50385
v -2940.69971 -14783.89577 -523.87677
v -2524.90998 -14860.55579 -536.88240
v -2107.13379 -14925.52432 -541.53952
v -1687.69982 -14978.75022 -535.69234
v -1266.93806 -15020.19164 -520.96672
v -845.17954 -15049.81596 -502.16324
v -422.75607 -15067.59988 -485.32710
v -0.00000 -15073.52941 -475.27465
v 422.75607 -15067.59988 -473.58195
v 845.17954 -15049.81596 -477.86111
v 1266.93806 -15020.19164 -482.63612
v 1687.69982 -14978.75022 -481.48810
v 2107.13379 -14925.52432 -469.62823
v 2524.90998 -14860.55579 -445.88001
v 2940.69971 -14783.89577 -413.28384
v 3354.17584 -14695.60456 -378.08214
v 3765.01309 -14595.75162 -347.48560
v 4172.88822 -14484.41551 -327.10227
v 4577.48035 -14361.68384 -319.03918
v 4978.47115 -14227.65314 -321.41044
v 5375.54516 -14082.42888 -329.41762
v 5768.38997 -13926.12531 -337.53658
v 6156.69652 -13758.86539 -341.90377
v 6540.15930 -13580.78073 -341.92180
v 6918.47663 -13392.01142 -340.42683
v 7291.35087 -13192.70599 -342.34970
v 7658.48866 -12983.02123 -352.41962
v 8019.60115 -12763.12212 -372.85549
v 8374.40425 -12533.18166 -402.00435
v 8722.61880 -12293.38075 -434.51313
v 9063.97086 -12043.90805 -463.00697
v 9398.19187 -11784.95985 -480.64198
v 9725.01887 -11516.73986 -483.54468
v 10044.19474 -11239.45910 -472.18804
v 10355.46837 -10953.33574 -451.17080
v 10658.59486 -10658.59486 -427.49525
v 10953.33574 -10355.46837 -408.02821
v 11239.45910 -10044.19474 -397.14405
v 11516.73986 -9725.01887 -395.46306
v 11784.95985 -9398.19187 -400.14844
v 12043.90805 -9063.97086 -406.59227
v 12293.38075 -8722.61880 -410.76112
v 12533.18166 -8374.40425 -411.20940
v 12763.12212 -8019.60115 -409.90970
v 12983.02123 -7658.48866 -411.53639
v 13192.70599 -7291.35087 -421.47457
v 13392.01142 -6918.47663 -443.35574
v 13580.78073 -6540.15930 -477.12775
v 13758.86539 -6156.69652 -518.46812
v 13926.12531 -5768.38997 -559.82239
v 14082.42888 -5375.54516 -592.70585
v 14227.65314 -4978.47115 -610.40373
v 14361.68384 -4577.48035 -610.04458
v 14484.41551 -4172.88822 -593.26823
v 14595.75162 -3765.01309 -565.26431
v 14695.60456 -3354.17584 -532.59812
v 14783.89577 -2940.69971 -500.71125
v 14860.55579 -2524.90998 -472.09644
v 14925.52432 -2107.13379 -445.85717
v 14978.75022 -1687.69982 -418.78912
v 15020.19164 -1266.93806 -387.49594
v 15049.81596 -845.17954 -350.62648
v 15067.59988 -422.75607 -310.26862
v 15941.17647 0.00000 -110.04915
v 15934.90563 447.09032 -79.41350
v 15916.09805 893.82889 -71.57226
v 15884.76852 1339.86425 -91.16429
v 15840.94170 1784.84547 -135.83673
v 15784.65206 2228.42247 -196.57918
v 15715.94388 2670.24627 -260.49520
v 15634.87123 3109.96925 -314.96969
v 15541.49789 3547.24548 -351.64312
v 15435.89732 3981.73092 -368.68781
v 15318.15260 4413.08374 -370.56212
v 15188.35637 4840.96458 -365.42275
v 15046.61074 5265.03681 -361.30019
v 14893.02722 5684.96679 -362.61722
v 14727.72667 6100.42413 -368.46671
v 14550.83911 6511.08198 -373.33044
v 14362.50372 6916.61725 -369.91338
v 14162.86867 7316.71090 -352.89449
v 13952.09102 7711.04814 -322.00925
v 13730.33660 8099.31874 -283.13722
v 13497.77988 8481.21722 -246.86676
v 13254.60382 8856.44313 -225.02851
v 13000.99973 9224.70125 -226.51831
v 12737.16715 9585.70187 -254.03474
v 12463.31363 9939.16096 -303.01254
v 12179.65464 10284.80044 -363.17642
v 11886.41333 10622.34839 -422.11273
v 11583.82043 10951.53923 -469.46964
v 11272.11398 11272.11398 -500.16347
v 10951.53923 11583.82043 -515.38244
v 10622.34839 11886.41333 -521.07143
v 10284.80044 12179.65464 -524.59290
v 9939.16096 12463.31363 -530.98425
v 9585.70187 12737.16715 -540.37917
v 9224.70125 13000.99973 -547.67254
v 8856.44313 13254.60382 -544.58314
v 8481.21722 13497.77988 -523.27991
v 8099.31874 13730.33660 -480.08529
v 7711.04814 13952.09102 -417.71745
v 7316.71090 14162.86867 -345.10472
v 6916.61725 14362.50372 -274.77176
v 6511.08198 14550.83911 -218.77002
v 6100.42413 14727.72667 -184.71428
v 5684.96679 14893.02722 -173.45453
v 5265.03681 15046.61074 -179.27090
v 4840.96458 15188.35637 -192.48389
v 4413.08374 15318.15260 -203.42269
v 3981.73092 15435.89732 -206.16902
v 3547.24548 15541.49789 -200.60284
v 3109.96925 15634.87123 -191.97420
v 2670.24627 15715.94388 -188.22949
v 2228.42247 15784.65206 -196.22747
v 1784.84547 15840.94170 -218.42487
v 1339.86425 15884.76852 -251.41510
v 893.82889 15916.09805 -286.94686
v 447.09032 15934.90563 -315.03692
v 0.00000 15941.17647 -327.93264
v -447.09032 15934.90563 -323.32105
v -893.82889 15916.09805 -305.46916
v -1339.86425 15884.76852 -283.79941
v -1784.84547 15840.94170 -269.42808
v -2228.42247 15784.65206 -271.01036
v -2670.24627 15715.94388 -291.51761
v -3109.96925 15634.87123 -327.20483
v -3547.24548 15541.49789 -369.15755
v -3981.73092 15435.89732 -406.78487
v -4413.08374 15318.15260 -431.85794
v -4840.96458 15188.35637 -441.48928
v -5265.03681 15046.61074 -438.88663
v -5684.96679 14893.02722 -431.61902
v -6100.42413 14727.72667 -428.13815
v -6511.08198 14550.83911 -433.99916
v -6916.61725 14362.50372 -449.34109
v -7316.71090 14162.86867 -468.67177
v -7711.04814 13952.09102 -483.06229
v -8099.31874 13730.33660 -483.87296
v -8481.21722 13497.77988 -466.50101
v -8856.44313 13254.60382 -432.61710
v -9224.70125 13000.99973 -389.95282
v -9585.70187 12737.16715 -349.67761
v -9939.16096 12463.31363 -322.36910
v -10284.80044 12179.65464 -314.14783
v -10622.34839 11886.41333 -324.48845
v -10951.53923 11583.82043 -346.55682
v -11272.11398 11272.11398 -369.92215
v -11583.82043 10951.53923 -384.55571
v -11886.41333 10622.34839 -384.52759
v -12179.65464 10284.80044 -369.95057
v -12463.31363 9939.16096 -346.43730
v -12737.16715 9585.70187 -322.34526
v -13000.99973 9224.70125 -304.97597
v -13254.60382 8856.44313 -297.31226
v -13497.77988 8481.21722 -296.65247
v -13730.33660 8099.31874 -295.72383
v -13952.09102 7711.04814 -285.84285
v -14162.86867 7316.71090 -260.84769
v -14362.50372 6916.61725 -220.19636
v -14550.83911 6511.08198 -169.94097
v -14727.72667 6100.42413 -121.12644
v -14893.02722 5684.96679 -86.18680
v -15046.61074 5265.03681 -74.71251
v -15188.35637 4840.96458 -90.21782
v -15318.15260 4413.08374 -129.14394
v -15435.89732 3981.73092 -182.45066
v -15541.49789 3547.24548 -239.12851
v -15634.87123 3109.96925 -290.21512
v -15715.94388 2670.24627 -331.72115
v -15784.65206 2228.42247 -365.33306
v -15840.94170 1784.84547 -396.67391
v -15884.76852 1339.86425 -431.90041
v -15916.09805 893.82889 -474.09167
v -15934.90563 447.09032 -520.97034
v -15941.17647 0.00000 -564.95483
v -15934.90563 -447.09032 -595.59048
v -15916.09805 -893.82889 -603.43172
v -15884.76852 -1339.86425 -583.83969
v -15840.94170 -1784.84547 -539.16725
v -15784.65206 -2228.42247 -478.42480
v -15715.94388 -2670.24627 -414.50878
v -15634.87123 -3109.96925 -360.03429
v -15541.49789 -3547.24548 -323.36086
v -15435.89732 -3981.73092 -306.31617
v -15318.15260 -4413.08374 -304.44186
v -15188.35637 -4840.96458 -309.58123
v -15046.61074 -5265.03681 -313.70379
v -14893.02722 -5684.96679 -312.38676
v -14727.72667 -6100.42413 -306.53727
v -14550.83911 -6511.08198 -301.67354
v -14362.50372 -6916.61725 -305.09060
v -14162.86867 -7316.71090 -322.10949
v -13952.09102 -7711.04814 -352.99473
v -13730.33660 -8099.31874 -391.86676
v -13497.77988 -8481.21722 -428.13722
v -13254.60382 -8856.44313 -449.97547
v -13000.99973 -9224.70125 -448.48567
v -12737.16715 -9585.70187 -420.96924
v -12463.31363 -9939.16096 -371.99144
v -12179.65464 -10284.80044 -311.82756
v -11886.41333 -10622.34839 -252.89125
v -11583.82043 -10951.53923 -205.53434
v -11272.11398 -11272.11398 -174.84051
v -10951.53923 -11583.82043 -159.62154
v -10622.34839 -11886.41333 -153.93255
v -10284.80044 -12179.65464 -150.41108
v -9939.16096 -12463.31363 -144.01973
v -9585.70187 -12737.16715 -134.62481
v -9224.70125 -13000.99973 -127.33144
v -8856.44313 -13254.60382 -130.42084
v -8481.21722 -13497.77988 -151.72407
v -8099.31874 -13730.33660 -194.91869
v -7711.04814 -13952.09102 -257.28653
v -7316.71090 -14162.86867 -329.89926
v -6916.61725 -14362.50372 -400.23222
v -6511.08198 -14550.83911 -456.23396
v -6100.42413 -14727.72667 -490.28970
v -5684.96679 -14893.02722 -501.54945
v -5265.03681 -15046.61074 -495.73308
v -4840.96458 -15188.35637 -482.52009
v -4413.08374 -15318.15260 -471.58129
v -3981.73092 -15435.89732 -468.83496
v -3547.24548 -15541.49789 -474.40114
v -3109.96925 -15634.87123 -483.02978
v -2670.24627 -15715.94388 -486.77449
v -2228.42247 -15784.65206 -478.77651
v -1784.84547 -15840.94170 -456.57911
v -1339.86425 -15884.76852 -423.58888
v -893.82889 -15916.09805 -388.05712
v -447.09032 -15934.90563 -359.96706
v -0.00000 -15941.17647 -347.07134
v 447.09032 -15934.90563 -351.68293
v 893.82889 -15916.09805 -369.53482
v 1339.86425 -15884.76852 -391.20457
v 1784.84547 -15840.94170 -405.57590
v 2228.42247 -15784.65206 -403.99362
v 2670.24627 -15715.94388 -383.48637
v 3109.96925 -15634.87123 -347.79915
v 3547.24548 -15541.49789 -305.84643
v 3981.73092 -15435.89732 -268.21911
v 4413.08374 -15318.15260 -243.14604
v 4840.96458 -15188.35637 -233.51470
v 5265.03681 -15046.61074 -236.11735
v 5684.96679 -14893.02722 -243.38496
v 6100.42413 -14727.72667 -246.86583
v 6511.08198 -14550.83911 -241.00482
v 6916.61725 -14362.50372 -225.66289
v 7316.71090 -14162.86867 -206.33221
v 7711.04814 -13952.09102 -191.94169
v 8099.31874 -13730.33660 -191.13102
v 8481.21722 -13497.77988 -208.50297
v 8856.44313 -13254.60382 -242.38688
v 9224.70125 -13000.99973 -285.05116
v 9585.70187 -12737.16715 -325.32637
v 9939.16096 -12463.31363 -352.63488
v 10284.80044 -12179.65464 -360.85615
v 10622.34839 -11886.41333 -350.51553
v 10951.53923 -11583.82043 -328.44716
v 11272.11398 -11272.11398 -305.08183
v 11583.82043 -10951.53923 -290.44827
v 11886.41333 -10622.34839 -290.47639
v 12179.65464 -10284.80044 -305.05340
v 12463.31363 -9939.16096 -328.56668
v 12737.16715 -9585.70187 -352.65872
v 13000.99973 -9224.70125 -370.02801
v 13254.60382 -8856.44313 -377.69172
v 13497.77988 -8481.21722 -378.35151
v 13730.33660 -8099.31874 -379.28015
v 13952.09102 -7711.04814 -389.16113
v 14162.86867 -7316.71090 -414.15629
v 14362.50372 -6916.61725 -454.80762
v 14550.83911 -6511.08198 -505.06301
v 14727.72667 -6100.42413 -553.87754
v 14893.02722 -5684.96679 -588.81718
v 15046.61074 -5265.03681 -600.29147
v 15188.35637 -4840.96458 -584.78616
v 15318.15260 -4413.08374 -545.86004
v 15435.89732 -3981.73092 -492.55332
v 15541.49789 -3547.24548 -435.87547
v 15634.87123 -3109.96925 -384.78886
v 15715.94388 -2670.24627 -343.28283
v 15784.65206 -2228.42247 -309.67092
v 15840.94170 -1784.84547 -278.33007
v 15884.76852 -1339.86425 -243.10357
v 15916.09805 -893.82889 -200.91231
v 15934.90563 -447.09032 -154.03364
v 16808.82353 0.00000 46.53199
v 16802.21138 471.42457 84.02305
v 16782.38014 942.47825 92.57748
v 16749.34541 1412.79044 65.55670
v 16703.13318 1881.99112 6.30869
v 16643.77980 2349.71115 -72.31646
v 16571.33197 2815.58255 -152.01986
v 16485.84670 3279.23880 -215.14450
v 16387.39123 3740.31511 -250.46720
v 16276.04303 4198.44874 -256.48052
v 16151.88969 4653.27926 -240.95598
v 16015.02890 5104.44882 -217.05854
v 15865.56833 5551.60247 -197.64376
v 15703.62557 5994.38841 -190.06765
v 15529.32802 6432.45828 -193.59816
v 15342.81282 6865.46744 -200.43498
v 15144.22671 7293.07520 -199.86089
v 14933.72591 7714.94516 -183.76133
v 14711.47605 8130.74541 -151.17957
v 14477.65197 8540.14882 -109.95337
v 14232.43764 8942.83329 -74.65419
v 13976.02598 9338.48201 -61.54906
v 13708.61872 9726.78370 -82.52490
v 13430.42625 10107.43287 -140.36311
v 13141.66742 10480.13005 -227.24500
v 12842.56942 10844.58202 -327.10862
v 12533.36757 11200.50204 -420.96536
v 12214.30512 11547.61009 -493.12769
v 11885.63310 11885.63310 -535.95708
v 11547.61009 12214.30512 -551.35145
v 11200.50204 12533.36757 -548.50526
v 10844.58202 12842.56942 -538.96667
v 10480.13005 13141.66742 -531.08354
v 10107.43287 13430.42625 -526.14877
v 9726.78370 13708.61872 -517.83752
v 9338.48201 13976.02598 -495.16799
v 8942.83329 14232.43764 -447.76238
v 8540.14882 14477.65197 -371.22506
v 8130.74541 14711.47605 -270.37842
v 7714.94516 14933.72591 -158.93767
v 7293.07520 15144.22671 -55.62713
v 6865.46744 15342.81282 21.82804
v 6432.45828 15529.32802 62.53494
v 5994.38841 15703.62557 65.83960
v 5551.60247 15865.56833 41.00233
v 5104.44882 16015.02890 3.30225
v 4653.27926 16151.88969 -31.86906
v 4198.44874 16276.04303 -54.59144
v 3740.31511 16387.39123 -63.50406
v 3279.23880 16485.84670 -65.25015
v 2815.58255 16571.33197 -70.61025
v 2349.71115 16643.77980 -88.99066
v 1881.99112 16703.13318 -123.58852
v 1412.79044 16749.34541 -169.26762
v 942.47825 16782.38014 -214.06531
v 471.42457 16802.21138 -243.76276
v 0.00000 16808.82353 -247.68718
v -471.42457 16802.21138 -223.38863
v -942.47825 16782.38014 -178.25779
v -1412.79044 16749.34541 -127.35891
v -1881.99112 16703.13318 -88.25878
v -2349.71115 16643.77980 -74.83480
v -2815.58255 16571.33197 -92.45917
v -3279.23880 16485.84670 -136.41579
v -3740.31511 16387.39123 -194.12679
v -4198.44874 16276.04303 -250.25939
v -4653.27926 16151.88969 -292.65400
v -5104.44882 16015.02890 -316.71255
v -5551.60247 15865.56833 -326.53003
v -5994.38841 15703.62557 -332.38223
v -6432.45828 15529.32802 -345.66016
v -6865.46744 15342.81282 -373.37393
v -7293.07520 15144.22671 -414.51826
v -7714.94516 14933.72591 -459.83243
v -8130.74541 14711.47605 -495.10501
v -8540.14882 14477.65197 -506.72587
v -8942.83329 14232.43764 -487.25911
v -9338.48201 13976.02598 -438.77690
v -9726.78370 13708.61872 -372.57120
v -10107.43287 13430.42625 -305.29847
v -10480.13005 13141.66742 -253.03460
v -10844.58202 12842.56942 -225.55352
v -11200.50204 12533.36757 -223.05697
v -11547.61009 12214.30512 -236.60881
v -11885.63310 11885.63310 -252.05596
v -12214.30512 11547.61009 -255.83796
v -12533.36757 11200.50204 -240.35222
v -12842.56942 10844.58202 -206.74379
v -13141.66742 10480.13005 -164.04436
v -13430.42625 10107.43287 -125.06825
v -13708.61872 9726.78370 -100.78545
v -13976.02598 9338.48201 -95.50507
v -14232.43764 8942.83329 -104.87017
v -14477.65197 8540.14882 -117.52062
v -14711.47605 8130.74541 -119.78651
v -14933.72591 7714.94516 -101.53255
v -15144.22671 7293.07520 -60.78586
v -15342.81282 6865.46744 -5.24454
v -15529.32802 6432.45828 50.00259
v -15703.62557 5994.38841 87.70633
v -15865.56833 5551.60247 94.62039
v -16015.02890 5104.44882 66.20446
v -16151.88969 4653.27926 8.05134
v -16276.04303 4198.44874 -66.47821
v -16387.39123 3740.31511 -141.42861
v -16485.84670 3279.23880 -204.14524
v -16571.33197 2815.58255 -249.54721
v -16643.77980 2349.71115 -281.11152
v -16703.13318 1881.99112 -308.25016
v -16749.34541 1412.79044 -341.22923
v -16782.38014 942.47825 -385.77719
v -16802.21138 471.42457 -439.65478
v -16808.82353 0.00000 -492.66132
v -16802.21138 -471.42457 -530.15237
v -16782.38014 -942.47825 -538.70681
v -16749.34541 -1412.79044 -511.68602
v -16703.13318 -1881.99112 -452.43801
v -16643.77980 -2349.71115 -373.81287
v -16571.33197 -2815.58255 -294.10946
v -16485.84670 -3279.23880 -230.98482
v -16387.39123 -3740.31511 -195.66212
v -16276.04303 -4198.44874 -189.64880
v -16151.88969 -4653.27926 -205.17335
v -16015.02890 -5104.44882 -229.07078
v -15865.56833 -5551.60247 -248.48557
v -15703.62557 -5994.38841 -256.06168
v -15529.32802 -6432.45828 -252.53117
v -15342.81282 -6865.46744 -245.69435
v -15144.22671 -7293.07520 -246.26844
v -14933.72591 -7714.94516 -262.36800
v -14711.47605 -8130.74541 -294.94976
v -14477.65197 -8540.14882 -336.17596
v -14232.43764 -8942.83329 -371.47513
v -13976.02598 -9338.48201 -384.58027
v -13708.61872 -9726.78370 -363.60442
v -13430.42625 -10107.43287 -305.76622
v -13141.66742 -10480.13005 -218.88432
v -12842.56942 -10844.58202 -119.02071
v -12533.36757 -11200.50204 -25.16396
v -12214.30512 -11547.61009 46.99836
v -11885.63310 -11885.63310 89.82776
v -11547.61009 -12214.30512 105.22212
v -11200.50204 -12533.36757 102.37594
v -10844.58202 -12842.56942 92.83734
v -10480.13005 -13141.66742 84.95422
v -10107.43287 -13430.42625 80.01944
v -9726.78370 -13708.61872 71.70820
v -9338.48201 -13976.02598 49.03866
v -8942.83329 -14232.43764 1.63305
v -8540.14882 -14477.65197 -74.90426
v -8130.74541 -14711.47605 -175.75091
v -7714.94516 -14933.72591 -287.19166
v -7293.07520 -15144.22671 -390.50219
v -6865.46744 -15342.81282 -467.95736
v -6432.45828 -15529.32802 -508.66427
v -5994.38841 -15703.62557 -511.96893
v -5551.60247 -15865.56833 -487.13165
v -5104.44882 -16015.02890 -449.43157
v -4653.27926 -16151.88969 -414.26027
v -4198.44874 -16276.04303 -391.53788
v -3740.31511 -16387.39123 -382.62526
v -3279.23880 -16485.84670 -380.87918
v -2815.58255 -16571.33197 -375.51907
v -2349.71115 -16643.77980 -357.13867
v -1881.99112 -16703.13318 -322.54080
v -1412.79044 -16749.34541 -276.86171
v -942.47825 -16782.38014 -232.06401
v -471.42457 -16802.21138 -202.36657
v -0.00000 -16808.82353 -198.44214
v 471.42457 -16802.21138 -222.74069
v 942.47825 -16782.38014 -267.87153
v 1412.79044 -16749.34541 -318.77042
v 1881.99112 -16703.13318 -357.87054
v 2349.71115 -16643.77980 -371.29452
v 2815.58255 -16571.33197 -353.67016
v 3279.23880 -16485.84670 -309.71354
v 3740.31511 -16387.39123 -252.00253
v 4198.44874 -16276.04303 -195.86994
v 4653.27926 -16151.88969 -153.47532
v 5104.44882 -16015.02890 -129.41678
v 5551.60247 -15865.56833 -119.59929
v 5994.38841 -15703.62557 -113.74709
v 6432.45828 -15529.32802 -100.46917
v 6865.46744 -15342.81282 -72.75539
v 7293.07520 -15144.22671 -31.61106
v 7714.94516 -14933.72591 13.70310
v 8130.74541 -14711.47605 48.97568
v 8540.14882 -14477.65197 60.59654
v 8942.83329 -14232.43764 41.12978
v 9338.48201 -13976.02598 -7.35243
v 9726.78370 -13708.61872 -73.55813
v 10107.43287 -13430.42625 -140.83086
v 10480.13005 -13141.66742 -193.09473
v 10844.58202 -12842.56942 -220.57581
v 11200.50204 -12533.36757 -223.07236
v 11547.61009 -12214.30512 -209.52051
v 11885.63310 -11885.63310 -194.07337
v 12214.30512 -11547.61009 -190.29137
v 12533.36757 -11200.50204 -205.77711
v 12842.56942 -10844.58202 -239.38554
v 13141.66742 -10480.13005 -282.08497
v 13430.42625 -10107.43287 -321.06108
v 13708.61872 -9726.78370 -345.34388
v 13976.02598 -9338.48201 -350.62426
v 14232.43764 -8942.83329 -341.25916
v 14477.65197 -8540.14882 -328.60871
v 14711.47605 -8130.74541 -326.34282
v 14933.72591 -7714.94516 -344.59678
v 15144.22671 -7293.07520 -385.34346
v 15342.81282 -6865.46744 -440.88478
v 15529.32802 -6432.45828 -496.13192
v 15703.62557 -5994.38841 -533.83566
v 15865.56833 -5551.60247 -540.74972
v 16015.02890 -5104.44882 -512.33378
v 16151.88969 -4653.27926 -454.18067
v 16276.04303 -4198.44874 -379.65111
v 16387.39123 -3740.31511 -304.70072
v 16485.84670 -3279.23880 -241.98408
v 16571.33197 -2815.58255 -196.58211
v 16643.77980 -2349.71115 -165.01780
v 16703.13318 -1881.99112 -137.87916
v 16749.34541 -1412.79044 -104.90009
v 16782.38014 -942.47825 -60.35214
v 16802.21138 -471.42457 -6.47454
v 17676.47059 0.00000 209.10179
v 17669.51713 495.75882 268.01284
v 17648.66223 991.12761 291.44002
v 17613.92229 1485.71663 269.43132
v 17565.32465 1979.13677 205.65283
v 17502.90754 2470.99983 116.77810
v 17426.72006 2960.91883 26.93313
v 17336.82216 3448.50834 -40.68094
v 17233.28457 3933.38474 -71.74824
v 17116.18873 4415.16657 -65.31566
v 16985.62678 4893.47478 -33.11386
v 16841.70143 5367.93305 5.89844
v 16684.52593 5838.16812 33.49774
v 16514.22392 6303.81003 39.42736
v 16330.92938 6764.49244 24.99515
v 16134.78654 7219.85289 1.63864
v 15925.94969 7669.53315 -14.87888
v 15704.58315 8113.17943 -12.18986
v 15470.86108 8550.44268 12.28145
v 15224.96734 8980.97890 48.96687
v 14967.09540 9404.44935 78.93293
v 14697.44815 9820.52088 80.79540
v 14416.23771 10228.86615 39.08086
v 14123.68534 10629.16388 -49.27597
v 13820.02120 11021.09914 -172.90722
v 13505.48420 11404.36359 -309.31722
v 13180.32180 11778.65569 -432.27858
v 12844.78981 12143.68096 -520.47222
v 12499.15222 12499.15222 -564.05195
v 12143.68096 12844.78981 -566.66185
v 11778.65569 13180.32180 -542.26161
v 11404.36359 13505.48420 -508.18607
v 11021.09914 13820.02120 -477.34951
v 10629.16388 14123.68534 -452.80832
v 10228.86615 14416.23771 -426.89953
v 9820.52088 14697.44815 -385.28175
v 9404.44935 14967.09540 -314.18415
v 8980.97890 15224.96734 -207.83521
v 8550.44268 15470.86108 -72.93566
v 8113.17943 15704.58315 71.79330
v 7669.53315 15925.94969 200.98322
v 7219.85289 16134.78654 290.92260
v 6764.49244 16330.92938 327.60072
v 6303.81003 16514.22392 311.36815
v 5838.16812 16684.52593 256.40604
v 5367.93305 16841.70143 185.23225
v 4893.47478 16985.62678 120.41607
v 4415.16657 17116.18873 76.74737
v 3933.38474 17233.28457 56.88389
v 3448.50834 17336.82216 52.07370
v 2960.91883 17426.72006 47.49542
v 2470.99983 17502.90754 29.90346
v 1979.13677 17565.32465 -5.64561
v 1485.71663 17613.92229 -52.81091
v 991.12761 17648.66223 -96.00993
v 495.75882 17669.51713 -116.70043
v 0.00000 17676.47059 -101.36259
v -495.75882 17669.51713 -47.91160
v -991.12761 17648.66223 32.13888
v -1485.71663 17613.92229 116.76572
v -1979.13677 17565.32465 180.68783
v -2470.99983 17502.90754 204.02189
v -2960.91883 17426.72006 179.00941
v -3448.50834 17336.82216 112.23423
v -3933.38474 17233.28457 21.52812
v -4415.16657 17116.18873 -71.14493
v -4893.47478 16985.62678 -147.96436
v -5367.93305 16841.70143 -201.40687
v -5838.16812 16684.52593 -235.89015
v -6303.81003 16514.22392 -264.36405
v -6764.49244 16330.92938 -301.35919
v -7219.85289 16134.78654 -355.43536
v -7669.53315 15925.94969 -424.20833
v -8113.17943 15704.58315 -494.07912
v -8550.44268 15470.86108 -544.87049
v -8980.97890 15224.96734 -557.56569
v -9404.44935 14967.09540 -522.05576
v -9820.52088 14697.44815 -441.75577
v -10228.86615 14416.23771 -333.17048
v -10629.16388 14123.68534 -220.48779
v -11021.09914 13820.02120 -127.25506
v -11404.36359 13505.48420 -68.35564
v -11778.65569 13180.32180 -45.38399
v -12143.68096 12844.78981 -47.16559
v -12499.15222 12499.15222 -55.12415
v -12844.78981 12143.68096 -51.28173
v -13180.32180 11778.65569 -25.65604
v -13505.48420 11404.36359 19.90154
v -13820.02120 11021.09914 72.91833
v -14123.68534 10629.16388 115.99566
v -14416.23771 10228.86615 134.59866
v -14697.44815 9820.52088 123.70125
v -14967.09540 9404.44935 90.51030
v -15224.96734 8980.97890 52.08285
v -15470.86108 8550.44268 28.72660
v -15704.58315 8113.17943 35.79906
v -15925.94969 7669.53315 77.19906
v -16134.78654 7219.85289 143.19811
v -16330.92938 6764.49244 213.54627
v -16514.22392 6303.81003 264.69155
v -16684.52593 5838.16812 278.31415
v -16841.70143 5367.93305 247.85344
v -16985.62678 4893.47478 180.50613
v -17116.18873 4415.16657 93.97765
v -17233.28457 3933.38474 9.35140
v -17336.82216 3448.50834 -57.03147
v -17426.72006 2960.91883 -99.42790
v -17502.90754 2470.99983 -123.97664
v -17565.32465 1979.13677 -144.97233
v -17613.92229 1485.71663 -177.73144
v -17648.66223 991.12761 -231.03683
v -17669.51713 495.75882 -302.32148
v -17676.47059 0.00000 -377.64276
v -17669.51713 -495.75882 -436.55381
v -17648.66223 -991.12761 -459.98099
v -17613.92229 -1485.71663 -437.97229
v -17565.32465 -1979.13677 -374.19380
v -17502.90754 -2470.99983 -285.31907
v -17426.72006 -2960.91883 -195.47410
v -17336.82216 -3448.50834 -127.86003
v -17233.28457 -3933.38474 -96.79273
v -17116.18873 -4415.16657 -103.22531
v -16985.62678 -4893.47478 -135.42711
v -16841.70143 -5367.93305 -174.43941
v -16684.52593 -5838.16812 -202.03871
v -16514.22392 -6303.81003 -207.96833
v -16330.92938 -6764.49244 -193.53612
v -16134.78654 -7219.85289 -170.17961
v -15925.94969 -7669.53315 -153.66209
v -15704.58315 -8113.17943 -156.35111
v -15470.86108 -8550.44268 -180.82242
v -15224.96734 -8980.97890 -217.50784
v -14967.09540 -9404.44935 -247.47390
v -14697.44815 -9820.52088 -249.33637
v -14416.23771 -10228.86615 -207.62183
v -14123.68534 -10629.16388 -119.26500
v -13820.02120 -11021.09914 4.36625
v -13505.48420 -11404.36359 140.77625
v -13180.32180 -11778.65569 263.73761
v -12844.78981 -12143.68096 351.93125
v -12499.15222 -12499.15222 395.51098
v -12143.68096 -12844.78981 398.12088
v -11778.65569 -13180.32180 373.72064
v -11404.36359 -13505.48420 339.64510
v -11021.09914 -13820.02120 308.80854
v -10629.16388 -14123.68534 284.26735
v -10228.86615 -14416.23771 258.35856
v -9820.52088 -14697.44815 216.74078
v -9404.44935 -14967.09540 145.64318
v -8980.97890 -15224.96734 39.29424
v -8550.44268 -15470.86108 -95.60531
v -8113.17943 -15704.58315 -240.33427
v -7669.53315 -15925.94969 -369.52419
v -7219.85289 -16134.78654 -459.46357
v -6764.49244 -16330.92938 -496.14169
v -6303.81003 -16514.22392 -479.90912
v -5838.16812 -16684.52593 -424.94701
v -5367.93305 -16841.70143 -353.77322
v -4893.47478 -16985.62678 -288.95704
v -4415.16657 -17116.18873 -245.28834
v -3933.38474 -17233.28457 -225.42486
v -3448.50834 -17336.82216 -220.61467
v -2960.91883 -17426.72006 -216.03639
v -2470.99983 -17502.90754 -198.44443
v -1979.13677 -17565.32465 -162.89536
v -1485.71663 -17613.92229 -115.73006
v -991.12761 -17648.66223 -72.53104
v -495.75882 -17669.51713 -51.84054
v -0.00000 -17676.47059 -67.17838
v 495.75882 -17669.51713 -120.62937
v 991.12761 -17648.66223 -200.67985
v 1485.71663 -17613.92229 -285.30669
v 1979.13677 -17565.32465 -349.22880
v 2470.99983 -17502.90754 -372.56286
v 2960.91883 -17426.72006 -347.55038
v 3448.50834 -17336.82216 -280.77520
v 3933.38474 -17233.28457 -190.06909
v 4415.16657 -17116.18873 -97.39604
v 4893.47478 -16985.62678 -20.57661
v 5367.93305 -16841.70143 32.86590
v 5838.16812 -16684.52593 67.34918
v 6303.81003 -16514.22392 95.82308
v 6764.49244 -16330.92938 132.81822
v 7219.85289 -16134.78654 186.89439
v 7669.53315 -15925.94969 255.66736
v 8113.17943 -15704.58315 325.53815
v 8550.44268 -15470.86108 376.32952
v 8980.97890 -15224.96734 389.02472
v 9404.44935 -14967.09540 353.51479
v 9820.52088 -14697.44815 273.21480
v 10228.86615 -14416.23771 164.62951
v 10629.16388 -14123.68534 51.94682
v 11021.09914 -13820.02120 -41.28591
v 11404.36359 -13505.48420 -100.18533
v 11778.65569 -13180.32180 -123.15698
v 12143.68096 -12844.78981 -121.37538
v 12499.15222 -12499.15222 -113.41682
v 12844.78981 -12143.68096 -117.25924
v 13180.32180 -11778.65569 -142.88493
v 13505.48420 -11404.36359 -188.44251
v 13820.02120 -11021.09914 -241.45930
v 14123.68534 -10629.16388 -284.53663
v 14416.23771 -10228.86615 -303.13963
v 14697.44815 -9820.52088 -292.24222
v 14967.09540 -9404.44935 -259.05127
v 15224.96734 -8980.97890 -220.62382
v 15470.86108 -8550.44268 -197.26757
v 15704.58315 -8113.17943 -204.34003
v 15925.94969 -7669.53315 -245.74003
v 16134.78654 -7219.85289 -311.73908
v 16330.92938 -6764.49244 -382.08724
v 16514.22392 -6303.81003 -433.23252
v 16684.52593 -5838.16812 -446.85512
v 16841.70143 -5367.93305 -416.39441
v 16985.62678 -4893.47478 -349.04710
v 17116.18873 -4415.16657 -262.51861
v 17233.28457 -3933.38474 -177.89237
v 17336.82216 -3448.50834 -111.50950
v 17426.72006 -2960.91883 -69.11307
v 17502.90754 -2470.99983 -44.56433
v 17565.32465 -1979.13677 -23.56864
v 17613.92229 -1485.71663 9.19047
v 17648.66223 -991.12761 62.49586
v 17669.51713 -495.75882 133.78051
v 18544.11765 0.00000 416.21252
v 18536.82288 520.09308 514.53805
v 18514.94432 1039.77697 567.74330
v 18478.49918 1558.64282 561.21253
v 18427.51613 2076.28242 498.37517
v 18362.03528 2592.28850 399.98628
v 18282.10815 3106.25511 296.83796
v 18187.79763 3617.77788 218.71427
v 18079.17790 4126.45438 183.88573
v 17956.33443 4631.88440 193.21067
v 17819.36387 5133.67029 231.06262
v 17668.37397 5631.41729 272.57799
v 17503.48352 6124.73378 294.21049
v 17324.82226 6613.23166 283.29246
v 17132.53074 7096.52659 242.75184
v 16926.76025 7574.23835 189.13131
v 16707.67268 8045.99110 144.79555
v 16475.44040 8511.41369 127.58724
v 16230.24610 8970.13995 142.24389
v 15972.28271 9421.80898 177.19099
v 15701.75317 9866.06542 208.16004
v 15418.87031 10302.55976 207.31480
v 15123.85670 10730.94860 154.31890
v 14816.94444 11150.89488 44.95019
v 14498.37499 11562.06824 -106.20071
v 14168.39898 11964.14517 -270.08757
v 13827.27603 12356.80934 -412.97720
v 13475.27450 12739.75182 -507.85300
v 13112.67134 13112.67134 -543.04998
v 12739.75182 13475.27450 -524.84423
v 12356.80934 13827.27603 -473.14620
v 11964.14517 14168.39898 -412.19767
v 11562.06824 14498.37499 -360.14244
v 11150.89488 14816.94444 -321.74320
v 10730.94860 15123.85670 -287.19293
v 10302.55976 15418.87031 -237.45740
v 9866.06542 15701.75317 -153.90035
v 9421.80898 15972.28271 -28.17001
v 8970.13995 16230.24610 131.81767
v 8511.41369 16475.44040 302.41681
v 8045.99110 16707.67268 451.30954
v 7574.23835 16926.76025 548.44620
v 7096.52659 17132.53074 576.63548
v 6613.23166 17324.82226 537.64334
v 6124.73378 17503.48352 451.40595
v 5631.41729 17668.37397 348.66439
v 5133.67029 17819.36387 259.90959
v 4631.88440 17956.33443 204.95095
v 4126.45438 18079.17790 187.12567
v 3617.77788 18187.79763 194.27025
v 3106.25511 18282.10815 205.84600
v 2592.28850 18362.03528 203.14525
v 2076.28242 18427.51613 178.29412
v 1558.64282 18478.49918 138.29546
v 1039.77697 18514.94432 102.40618
v 520.09308 18536.82288 93.88671
v 0.00000 18544.11765 129.48805
v -520.09308 18536.82288 211.01275
v -1039.77697 18514.94432 322.50348
v -1558.64282 18478.49918 434.38707
v -2076.28242 18427.51613 513.12457
v -2592.28850 18362.03528 532.70291
v -3106.25511 18282.10815 483.54289
v -3617.77788 18187.79763 375.39790
v -4126.45438 18079.17790 233.18089
v -4631.88440 17956.33443 87.43734
v -5133.67029 17819.36387 -36.73126
v -5631.41729 17668.37397 -127.92998
v -6124.73378 17503.48352 -190.74226
v -6613.23166 17324.82226 -241.28469
v -7096.52659 17132.53074 -298.04489
v -7574.23835 16926.76025 -371.90513
v -8045.99110 16707.67268 -459.56926
v -8511.41369 16475.44040 -543.21142
v -8970.13995 16230.24610 -596.61809
v -9421.80898 15972.28271 -595.42738
v -9866.06542 15701.75317 -527.36002
v -10302.55976 15418.87031 -398.27663
v -10730.94860 15123.85670 -231.51693
v -11150.89488 14816.94444 -60.63023
v -11562.06824 14498.37499 81.76793
v -11964.14517 14168.39898 174.73548
v -12356.80934 13827.27603 215.21971
v -12739.75182 13475.27450 217.42620
v -13112.67134 13112.67134 205.73205
v -13475.27450 12739.75182 204.08102
v -13827.27603 12356.80934 226.15641
v -14168.39898 11964.14517 270.25753
v -14498.37499 11562.06824 320.86149
v -14816.94444 11150.89488 356.11999
v -15123.85670 10730.94860 358.12363
v -15418.87031 10302.55976 321.63734
v -15701.75317 9866.06542 257.62658
v -15972.28271 9421.80898 190.00479
v -16230.24610 8970.13995 146.78998
v -16475.44040 8511.41369 149.14841
v -16707.67268 8045.99110 202.70302
v -16926.76025 7574.23835 294.62562
v -17132.53074 7096.52659 397.75531
v -17324.82226 6613.23166 480.20212
v -17503.48352 6124.73378 516.71847
v -17668.37397 5631.41729 497.42452
v -17819.36387 5133.67029 430.53559
v -17956.33443 4631.88440 338.13331
v -18079.17790 4126.45438 246.78764
v -18187.79763 3617.77788 176.86454
v -18282.10815 3106.25511 134.83473
v -18362.03528 2592.28850 111.64230
v -18427.51613 2076.28242 87.70957
v -18478.49918 1558.64282 42.44809
v -18514.94432 1039.77697 -35.69300
v -18536.82288 520.09308 -142.83855
v -18544.11765 0.00000 -259.68286
v -18536.82288 -520.09308 -358.00839
v -18514.94432 -1039.77697 -411.21364
v -18478.49918 -1558.64282 -404.68288
v -18427.51613 -2076.28242 -341.84552
v -18362.03528 -2592.28850 -243.45662
v -18282.10815 -3106.25511 -140.30830
v -18187.79763 -3617.77788 -62.18461
v -18079.17790 -4126.45438 -27.35607
v -17956.33443 -4631.88440 -36.68102
v -17819.36387 -5133.67029 -74.53297
v -17668.37397 -5631.41729 -116.04833
v -17503.48352 -6124.73378 -137.68083
v -17324.82226 -6613.23166 -126.76281
v -17132.53074 -7096.52659 -86.22219
v -16926.76025 -7574.23835 -32.60165
v -16707.67268 -8045.99110 11.73411
v -16475.44040 -8511.41369 28.94242
v -16230.24610 -8970.13995 14.28577
v -15972.28271 -9421.80898 -20.66134
v -15701.75317 -9866.06542 -51.63039
v -15418.87031 -10302.55976 -50.78514
v -15123.85670 -10730.94860 2.21076
v -14816.94444 -11150.89488 111.57946
v -14498.37499 -11562.06824 262.73036
v -14168.39898 -11964.14517 426.61723
v -13827.27603 -12356.80934 569.50685
v -13475.27450 -12739.75182 664.38265
v -13112.67134 -13112.67134 699.57964
v -12739.75182 -13475.27450 681.37388
v -12356.80934 -13827.27603 629.67586
v -11964.14517 -14168.39898 568.72733
v -11562.06824 -14498.37499 516.67210
v -11150.89488 -14816.94444 478.27286
v -10730.94860 -15123.85670 443.72259
v -10302.55976 -15418.87031 393.98706
v -9866.06542 -15701.75317 310.43000
v -9421.80898 -15972.28271 184.69967
v -8970.13995 -16230.24610 24.71199
v -8511.41369 -16475.44040 -145.88716
v -8045.99110 -16707.67268 -294.77988
v -7574.23835 -16926.76025 -391.91654
v -7096.52659 -17132.53074 -420.10582
v -6613.23166 -17324.82226 -381.11369
v -6124.73378 -17503.48352 -294.87629
v -5631.41729 -17668.37397 -192.13473
v -5133.67029 -17819.36387 -103.37993
v -4631.88440 -17956.33443 -48.42129
v -4126.45438 -18079.17790 -30.59601
v -3617.77788 -18187.79763 -37.74060
v -3106.25511 -18282.10815 -49.31634
v -2592.28850 -18362.03528 -46.61559
v -2076.28242 -18427.51613 -21.76447
v -1558.64282 -18478.49918 18.23420
v -1039.77697 -18514.94432 54.12347
v -520.09308 -18536.82288 62.64295
v -0.00000 -18544.11765 27.04161
v 520.09308 -18536.82288 -54.48309
v 1039.77697 -18514.94432 -165.97382
v 1558.64282 -18478.49918 -277.85741
v 2076.28242 -18427.51613 -356.59491
v 2592.28850 -18362.03528 -376.17326
v 3106.25511 -18282.10815 -327.01323
v 3617.77788 -18187.79763 -218.86825
v 4126.45438 -18079.17790 -76.65123
v 4631.88440 -17956.33443 69.09232
v 5133.67029 -17819.36387 193.26091
v 5631.41729 -17668.37397 284.45964
v 6124.73378 -17503.48352 347.27192
v 6613.23166 -17324.82226 397.81434
v 7096.52659 -17132.53074 454.57455
v 7574.23835 -16926.76025 528.43479
v 8045.99110 -16707.67268 616.09892
v 8511.41369 -16475.44040 699.74108
v 8970.13995 -16230.24610 753.14774
v 9421.80898 -15972.28271 751.95704
v 9866.06542 -15701.75317 683.88967
v 10302.55976 -15418.87031 554.80629
v 10730.94860 -15123.85670 388.04658
v 11150.89488 -14816.94444 217.15989
v 11562.06824 -14498.37499 74.76172
v 11964.14517 -14168.39898 -18.20582
v 12356.80934 -13827.27603 -58.69005
v 12739.75182 -13475.27450 -60.89654
v 13112.67134 -13112.67134 -49.20239
v 13475.27450 -12739.75182 -47.55136
v 13827.27603 -12356.80934 -69.62675
v 14168.39898 -11964.14517 -113.72788
v 14498.37499 -11562.06824 -164.33183
v 14816.94444 -11150.89488 -199.59034
v 15123.85670 -10730.94860 -201.59397
v 15418.87031 -10302.55976 -165.10769
v 15701.75317 -9866.06542 -101.09692
v 15972.28271 -9421.80898 -33.47513
v 16230.24610 -8970.13995 9.73967
v 16475.44040 -8511.41369 7.38125
v 16707.67268 -8045.99110 -46.17336
v 16926.76025 -7574.23835 -138.09596
v 17132.53074 -7096.52659 -241.22565
v 17324.82226 -6613.23166 -323.67246
v 17503.48352 -6124.73378 -360.18881
v 17668.37397 -5631.41729 -340.89487
v 17819.36387 -5133.67029 -274.00593
v 17956.33443 -4631.88440 -181.60366
v 18079.17790 -4126.45438 -90.25799
v 18187.79763 -3617.77788 -20.33489
v 18282.10815 -3106.25511 21.69493
v 18362.03528 -2592.28850 44.88736
v 18427.51613 -2076.28242 68.82008
v 18478.49918 -1558.64282 114.08157
v 18514.94432 -1039.77697 192.22266
v 18536.82288 -520.09308 299.36821
v 19411.76471 0.00000 710.61591
v 19404.12863 544.42733 860.20565
v 19381.22641 1088.42633 949.57730
v 19343.07606 1631.56901 958.66482
v 19289.70760 2173.42807 890.75443
v 19221.16302 2713.57718 771.63311
v 19137.49624 3251.59139 640.30356
v 19038.77309 3787.04743 534.86476
v 18925.07124 4319.52401 479.05920
v 18796.48014 4848.60222 474.69598
v 18653.10096 5373.86581 502.79367
v 18495.04650 5894.90152 532.79798
v 18322.44112 6411.29944 536.01846
v 18135.42061 6922.65328 497.78209
v 17934.13210 7428.56075 423.37649
v 17718.73397 7928.62381 335.41541
v 17489.39567 8422.44905 263.76697
v 17246.29764 8909.64796 232.22707
v 16989.63113 9389.83722 247.46590
v 16719.59808 9862.63905 294.88228
v 16436.41093 10327.68149 343.22358
v 16140.29247 10784.59864 356.28582
v 15831.47569 11233.03104 307.12447
v 15510.20354 11672.62589 189.14494
v 15176.72878 12103.03733 19.63431
v 14831.31377 12523.92674 -165.73073
v 14474.23026 12934.96298 -325.29923
v 14105.75919 13335.82268 -425.95365
v 13726.19046 13726.19046 -454.07573
v 13335.82268 14105.75919 -418.77931
v 12934.96298 14474.23026 -346.32605
v 12523.92674 14831.31377 -268.16136
v 12103.03733 15176.72878 -207.53099
v 11672.62589 15510.20354 -170.15207
v 11233.03104 15831.47569 -142.71490
v 10784.59864 16140.29247 -99.77344
v 10327.68149 16436.41093 -16.14119
v 9862.63905 16719.59808 120.36207
v 9389.83722 16989.63113 301.15278
v 8909.64796 17246.29764 497.47376
v 8422.44905 17489.39567 669.33734
v 7928.62381 17718.73397 779.44911
v 7428.56075 17934.13210 806.69641
v 6922.65328 18135.42061 753.90282
v 6411.29944 18322.44112 646.78425
v 5894.90152 18495.04650 524.50384
v 5373.86581 18653.10096 425.52535
v 4848.60222 18796.48014 374.28958
v 4319.52401 18925.07124 373.85652
v 3787.04743 19038.77309 407.22661
v 3251.59139 19137.49624 446.55754
v 2713.57718 19221.16302 466.33418
v 2173.42807 19289.70760 454.99827
v 1631.56901 19343.07606 420.22019
v 1088.42633 19381.22641 385.62211
v 544.42733 19404.12863 380.27635
v 0.00000 19411.76471 425.28556
v -544.42733 19404.12863 522.99603
v -1088.42633 19381.22641 653.39416
v -1631.56901 19343.07606 779.38752
v -2173.42807 19289.70760 859.11521
v -2713.57718 19221.16302 860.59743
v -3251.59139 19137.49624 773.06038
v -3787.04743 19038.77309 610.55430
v -4319.52401 18925.07124 406.50966
v -4848.60222 18796.48014 201.43810
v -5373.86581 18653.10096 28.65706
v -5894.90152 18495.04650 -96.36729
v -6411.29944 18322.44112 -178.98502
v -6922.65328 18135.42061 -239.70188
v -7428.56075 17934.13210 -302.45264
v -7928.62381 17718.73397 -381.80666
v -8422.44905 17489.39567 -474.50879
v -8909.64796 17246.29764 -558.96818
v -9389.83722 16989.63113 -603.04654
v -9862.63905 16719.59808 -577.08214
v -10327.68149 16436.41093 -466.89630
v -10784.59864 16140.29247 -281.45379
v -11233.03104 15831.47569 -51.92386
v -11672.62589 15510.20354 177.71159
v -12103.03733 15176.72878 364.99513
v -12523.92674 14831.31377 482.79290
v -12934.96298 14474.23026 527.27599
v -13335.82268 14105.75919 517.10689
v -13726.19046 13726.19046 484.33287
v -14105.75919 13335.82268 460.75044
v -14474.23026 12934.96298 465.24676
v -14831.31377 12523.92674 497.15094
v -15176.72878 12103.03733 538.13881
v -15510.20354 11672.62589 561.73652
v -15831.47569 11233.03104 546.37173
v -16140.29247 10784.59864 486.47581
v -16436.41093 10327.68149 396.92827
v -16719.59808 9862.63905 308.83792
v -16989.63113 9389.83722 258.18524
v -17246.29764 8909.64796 271.78319
v -17489.39567 8422.44905 356.16343
v -17718.73397 7928.62381 493.89427
v -17934.13210 7428.56075 648.91934
v -18135.42061 6922.65328 778.93863
v -18322.44112 6411.29944 850.06588
v -18495.04650 5894.90152 848.10253
v -18653.10096 5373.86581 782.12901
v -18796.48014 4848.60222 679.17973
v -18925.07124 4319.52401 572.31030
v -19038.77309 3787.04743 486.96428
v -19137.49624 3251.59139 431.16248
v -19221.16302 2713.57718 393.43039
v -19289.70760 2173.42807 349.20072
v -19343.07606 1631.56901 272.96326
v -19381.22641 1088.42633 151.08096
v -19404.12863 544.42733 -10.10106
v -19411.76471 0.00000 -184.33716
v -19404.12863 -544.42733 -333.92691
v -19381.22641 -1088.42633 -423.29856
v -19343.07606 -1631.56901 -432.38607
v -19289.70760 -2173.42807 -364.47569
v -19221.16302 -2713.57718 -245.35437
v -19137.49624 -3251.59139 -114.02482
v -19038.77309 -3787.04743 -8.58602
v -18925.07124 -4319.52401 47.21954
v -18796.48014 -4848.60222 51.58276
v -18653.10096 -5373.86581 23.48507
v -18495.04650 -5894.90152 -6.51924
v -18322.44112 -6411.29944 -9.73972
v -18135.42061 -6922.65328 28.49666
v -17934.13210 -7428.56075 102.90225
v -17718.73397 -7928.62381 190.86333
v -17489.39567 -8422.44905 262.51177
v -17246.29764 -8909.64796 294.05167
v -16989.63113 -9389.83722 278.81284
v -16719.59808 -9862.63905 231.39646
v -16436.41093 -10327.68149 183.05516
v -16140.29247 -10784.59864 169.99292
v -15831.47569 -11233.03104 219.15427
v -15510.20354 -11672.62589 337.13380
v -15176.72878 -12103.03733 506.64443
v -14831.31377 -12523.92674 692.00947
v -14474.23026 -12934.96298 851.57797
v -14105.75919 -13335.82268 952.23239
v -13726.19046 -13726.19046 980.35447
v -13335.82268 -14105.75919 945.05805
v -12934.96298 -14474.23026 872.60479
v -12523.92674 -14831.31377 794.44010
v -12103.03733 -15176.72878 733.80974
v -11672.62589 -15510.20354 696.43081
v -11233.03104 -15831.47569 668.99365
v -10784.59864 -16140.29247 626.05218
v -10327.68149 -16436.41093 542.41993
v -9862.63905 -16719.59808 405.91668
v -9389.83722 -16989.63113 225.12596
v -8909.64796 -17246.29764 28.80498
v -8422.44905 -17489.39567 -143.05860
v -7928.62381 -17718.73397 -253.17037
v -7428.56075 -17934.13210 -280.41767
v -6922.65328 -18135.42061 -227.62408
v -6411.29944 -18322.44112 -120.50551
v -5894.90152 -18495.04650 1.77490
v -5373.86581 -18653.10096 100.75340
v -4848.60222 -18796.48014 151.98916
v -4319.52401 -18925.07124 152.42222
v -3787.04743 -19038.77309 119.05213
v -3251.59139 -19137.49624 79.72120
v -2713.57718 -19221.16302 59.94456
v -2173.42807 -19289.70760 71.28047
v -1631.56901 -19343.07606 106.05855
v -1088.42633 -19381.22641 140.65663
v -544.42733 -19404.12863 146.00240
v -0.00000 -19411.76471 100.99318
v 544.42733 -19404.12863 3.28271
v 1088.42633 -19381.22641 -127.11542
v 1631.56901 -19343.07606 -253.10878
v 2173.42807 -19289.70760 -332.83647
v 2713.57718 -19221.16302 -334.31869
v 3251.59139 -19137.49624 -246.78164
v 3787.04743 -19038.77309 -84.27556
v 4319.52401 -18925.07124 119.76908
v 4848.60222 -18796.48014 324.84064
v 5373.86581 -18653.10096 497.62168
v 5894.90152 -18495.04650 622.64603
v 6411.29944 -18322.44112 705.26376
v 6922.65328 -18135.42061 765.98062
v 7428.56075 -17934.13210 828.73138
v 7928.62381 -17718.73397 908.08540
v 8422.44905 -17489.39567 1000.78753
v 8909.64796 -17246.29764 1085.24692
v 9389.83722 -16989.63113 1129.32528
v 9862.63905 -16719.59808 1103.36088
v 10327.68149 -16436.41093 993.17504
v 10784.59864 -16140.29247 807.73253
v 11233.03104 -15831.47569 578.20260
v 11672.62589 -15510.20354 348.56715
v 12103.03733 -15176.72878 161.28361
v 12523.92674 -14831.31377 43.48584
v 12934.96298 -14474.23026 -0.99724
v 13335.82268 -14105.75919 9.17185
v 13726.19046 -13726.19046 41.94587
v 14105.75919 -13335.82268 65.52830
v 14474.23026 -12934.96298 61.03198
v 14831.31377 -12523.92674 29.12780
v 15176.72878 -12103.03733 -11.86006
v 15510.20354 -11672.62589 -35.45778
v 15831.47569 -11233.03104 -20.09299
v 16140.29247 -10784.59864 39.80293
v 16436.41093 -10327.68149 129.35047
v 16719.59808 -9862.63905 217.44083
v 16989.63113 -9389.83722 268.09350
v 17246.29764 -8909.64796 254.49555
v 17489.39567 -8422.44905 170.11532
v 17718.73397 -7928.62381 32.38447
v 17934.13210 -7428.56075 -122.64060
v 18135.42061 -6922.65328 -252.65989
v 18322.44112 -6411.29944 -323.78714
v 18495.04650 -5894.90152 -321.82378
v 18653.10096 -5373.86581 -255.85027
v 18796.48014 -4848.60222 -152.90099
v 18925.07124 -4319.52401 -46.03156
v 19038.77309 -3787.04743 39.31446
v 19137.49624 -3251.59139 95.11626
v 19221.16302 -2713.57718 132.84835
v 19289.70760 -2173.42807 177.07802
v 19343.07606 -1631.56901 253.31548
v 19381.22641 -1088.42633 375.19778
v 19404.12863 -544.42733 536.37981
v 20279.41176 0.00000 1107.85695
v 20271.43438 568.76158 1307.21620
v 20247.50850 1137.07569 1425.57867
v 20207.65295 1704.49520 1437.53841
v 20151.89908 2270.57371 1347.13885
v 20080.29076 2834.86586 1186.81689
v 19992.88433 3396.92768 1005.83577
v 19889.74855 3956.31697 852.68279
v 19770.96457 4512.59365 758.27365
v 19636.62584 5065.32005 726.44430
v 19486.83804 5614.06133 735.27101
v 19321.71903 6158.38576 748.42373
v 19141.39871 6697.86509 731.76554
v 18946.01895 7232.07491 668.36484
v 18735.73346 7760.59490 565.80095
v 18510.70768 8283.00927 452.82505
v 18271.11866 8798.90700 366.79869
v 18017.15488 9307.88222 337.11163
v 17749.01616 9809.53449 371.45251
v 17466.91345 10303.46913 450.69325
v 17171.06869 10789.29755 534.69435
v 16861.71464 11266.63752 576.93196
v 16539.09468 11735.11349 542.26068
v 16203.46264 12194.35690 420.80570
v 15855.08256 12644.00642 232.45965
v 15494.22855 13083.70831 20.15628
v 15121.18449 13513.11663 -165.47426
v 14736.24388 13931.89354 -284.06835
v 14339.70958 14339.70958 -319.11035
v 13931.89354 14736.24388 -281.92543
v 13513.11663 15121.18449 -204.73746
v 13083.70831 15494.22855 -125.82230
v 12644.00642 15855.08256 -72.92146
v 12194.35690 16203.46264 -51.71769
v 11735.11349 16539.09468 -44.06283
v 11266.63752 16861.71464 -16.64548
v 10789.29755 17171.06869 63.49217
v 10303.46913 17466.91345 213.00337
v 9809.53449 17749.01616 422.49692
v 9307.88222 18017.15488 657.18972
v 8798.90700 18271.11866 867.96351
v 8283.00927 18510.70768 1008.63707
v 7760.59490 18735.73346 1052.72346
v 7232.07491 18946.01895 1003.08549
v 6697.86509 19141.39871 890.67909
v 6158.38576 19321.71903 762.87538
v 5614.06133 19486.83804 665.95721
v 5065.32005 19636.62584 628.65271
v 4512.59365 19770.96457 653.09298
v 3956.31697 19889.74855 716.56083
v 3396.92768 19992.88433 783.04934
v 2834.86586 20080.29076 819.72305
v 2270.57371 20151.89908 811.44655
v 1704.49520 20207.65295 767.38687
v 1137.07569 20247.50850 716.96318
v 568.76158 20271.43438 696.78781
v 0.00000 20279.41176 733.95314
v -568.76158 20271.43438 832.56717
v -1137.07569 20247.50850 969.19824
v -1704.49520 20207.65295 1099.34850
v -2270.57371 20151.89908 1172.65563
v -2834.86586 20080.29076 1150.99872
v -3396.92768 19992.88433 1022.47357
v -3956.31697 19889.74855 805.79618
v -4512.59365 19770.96457 543.45583
v -5065.32005 19636.62584 286.36615
v -5614.06133 19486.83804 76.08321
v -6158.38576 19321.71903 -68.45193
v -6697.86509 19141.39871 -154.58104
v -7232.07491 18946.01895 -208.84784
v -7760.59490 18735.73346 -262.35282
v -8283.00927 18510.70768 -334.76203
v -8798.90700 18271.11866 -423.69232
v -9307.88222 18017.15488 -503.97037
v -9809.53449 17749.01616 -537.20924
v -10303.46913 17466.91345 -487.90034
v -10789.29755 17171.06869 -339.49645
v -11266.63752 16861.71464 -103.86653
v -11735.11349 16539.09468 179.91738
v -12194.35690 16203.46264 457.27658
v -12644.00642 15855.08256 675.94317
v -13083.70831 15494.22855 803.08235
v -13513.11663 15121.18449 835.15790
v -13931.89354 14736.24388 796.84328
v -14339.70958 14339.70958 729.60686
v -14736.24388 13931.89354 674.65724
v -15121.18449 13513.11663 657.09973
v -15494.22855 13083.70831 677.56764
v -15855.08256 12644.00642 714.49733
v -16203.46264 12194.35690 735.86586
v -16539.09468 11735.11349 715.35975
v -16861.71464 11266.63752 646.14516
v -17171.06869 10789.29755 546.38755
v -17466.91345 10303.46913 454.02786
v -17749.01616 9809.53449 412.70941
v -18017.15488 9307.88222 454.39323
v -18271.11866 8798.90700 585.62862
v -18510.70768 8283.00927 783.07523
v -18735.73346 7760.59490 1000.24580
v -18946.01895 7232.07491 1183.00367
v -19141.39871 6697.86509 1287.88286
v -19321.71903 6158.38576 1296.18875
v -19486.83804 5614.06133 1218.52881
v -19636.62584 5065.32005 1088.23576
v -19770.96457 4512.59365 946.55038
v -19889.74855 3956.31697 825.66341
v -19992.88433 3396.92768 736.48359
v -20080.29076 2834.86586 666.00153
v -20151.89908 2270.57371 585.16973
v -20207.65295 1704.49520 463.91255
v -20247.50850 1137.07569 286.95507
v -20271.43438 568.76158 63.79787
v -20279.41176 0.00000 -171.48676
v -20271.43438 -568.76158 -370.84601
v -20247.50850 -1137.07569 -489.20848
v -20207.65295 -1704.49520 -501.16822
v -20151.89908 -2270.57371 -410.76866
v -20080.29076 -2834.86586 -250.44670
v -19992.88433 -3396.92768 -69.46559
v -19889.74855 -3956.31697 83.68740
v -19770.96457 -4512.59365 178.09653
v -19636.62584 -5065.32005 209.92589
v -19486.83804 -5614.06133 201.09918
v -19321.71903 -6158.38576 187.94646
v -19141.39871 -6697.86509 204.60465
v -18946.01895 -7232.07491 268.00535
v -18735.73346 -7760.59490 370.56924
v -18510.70768 -8283.00927 483.54514
v -18271.11866 -8798.90700 569.57150
v -18017.15488 -9307.88222 599.25856
v -17749.01616 -9809.53449 564.91768
v -17466.91345 -10303.46913 485.67694
v -17171.06869 -10789.29755 401.67584
v -16861.71464 -11266.63752 359.43823
v -16539.09468 -11735.11349 394.10950
v -16203.46264 -12194.35690 515.56448
v -15855.08256 -12644.00642 703.91053
v -15494.22855 -13083.70831 916.21391
v -15121.18449 -13513.11663 1101.84445
v -14736.24388 -13931.89354 1220.43853
v -14339.70958 -14339.70958 1255.48054
v -13931.89354 -14736.24388 1218.29562
v -13513.11663 -15121.18449 1141.10765
v -13083.70831 -15494.22855 1062.19248
v -12644.00642 -15855.08256 1009.29164
v -12194.35690 -16203.46264 988.08787
v -11735.11349 -16539.09468 980.43302
v -11266.63752 -16861.71464 953.01567
v -10789.29755 -17171.06869 872.87802
v -10303.46913 -17466.91345 723.36682
v -9809.53449 -17749.01616 513.87326
v -9307.88222 -18017.15488 279.18046
v -8798.90700 -18271.11866 68.40667
v -8283.00927 -18510.70768 -72.26688
v -7760.59490 -18735.73346 -116.35327
v -7232.07491 -18946.01895 -66.71530
v -6697.86509 -19141.39871 45.69110
v -6158.38576 -19321.71903 173.49481
v -5614.06133 -19486.83804 270.41297
v -5065.32005 -19636.62584 307.71748
v -4512.59365 -19770.96457 283.27720
v -3956.31697 -19889.74855 219.80936
v -3396.92768 -19992.88433 153.32085
v -2834.86586 -20080.29076 116.64713
v -2270.57371 -20151.89908 124.92364
v -1704.49520 -20207.65295 168.98331
v -1137.07569 -20247.50850 219.40701
v -568.76158 -20271.43438 239.58238
v -0.00000 -20279.41176 202.41704
v 568.76158 -20271.43438 103.80302
v 1137.07569 -20247.50850 -32.82806
v 1704.49520 -20207.65295 -162.97831
v 2270.57371 -20151.89908 -236.28544
v 2834.86586 -20080.29076 -214.62853
v 3396.92768 -19992.88433 -86.10339
v 3956.31697 -19889.74855 130.57400
v 4512.59365 -19770.96457 392.91435
v 5065.32005 -19636.62584 650.00403
v 5614.06133 -19486.83804 860.28698
v 6158.38576 -19321.71903 1004.82211
v 6697.86509 -19141.39871 1090.95123
v 7232.07491 -18946.01895 1145.21803
v 7760.59490 -18735.73346 1198.72300
v 8283.00927 -18510.70768 1271.13222
v 8798.90700 -18271.11866 1360.06251
v 9307.88222 -18017.15488 1440.34056
v 9809.53449 -17749.01616 1473.57942
v 10303.46913 -17466.91345 1424.27052
v 10789.29755 -17171.06869 1275.86663
v 11266.63752 -16861.71464 1040.23672
v 11735.11349 -16539.09468 756.45280
v 12194.35690 -16203.46264 479.09360
v 12644.00642 -15855.08256 260.42701
v 13083.70831 -15494.22855 133.28784
v 13513.11663 -15121.18449 101.21228
v 13931.89354 -14736.24388 139.52691
v 14339.70958 -14339.70958 206.76333
v 14736.24388 -13931.89354 261.71295
v 15121.18449 -13513.11663 279.27045
v 15494.22855 -13083.70831 258.80255
v 15855.08256 -12644.00642 221.87285
v 16203.46264 -12194.35690 200.50432
v 16539.09468 -11735.11349 221.01044
v 16861.71464 -11266.63752 290.22503
v 17171.06869 -10789.29755 389.98264
v 17466.91345 -10303.46913 482.34232
v 17749.01616 -9809.53449 523.66077
v 18017.15488 -9307.88222 481.97696
v 18271.11866 -8798.90700 350.74157
v 18510.70768 -8283.00927 153.29495
v 18735.73346 -7760.59490 -63.87561
v 18946.01895 -7232.07491 -246.63349
v 19141.39871 -6697.86509 -351.51268
v 19321.71903 -6158.38576 -359.81856
v 19486.83804 -5614.06133 -282.15863
v 19636.62584 -5065.32005 -151.86558
v 19770.96457 -4512.59365 -10.18019
v 19889.74855 -3956.31697 110.70677
v 19992.88433 -3396.92768 199.88659
v 20080.29076 -2834.86586 270.36866
v 20151.89908 -2270.57371 351.20045
v 20207.65295 -1704.49520 472.45763
v 20247.50850 -1137.07569 649.41511
v 20271.43438 -568.76158 872.57231
v 21147.05882 0.00000 1577.99705
v 21138.74013 593.09583 1812.94309
v 21113.79059 1185.72505 1943.02797
v 21072.22983 1777.42139 1938.30560
v 21014.09056 2367.71936 1804.89535
v 20939.41850 2956.15453 1583.62485
v 20848.27242 3542.26396 1335.91390
v 20740.72402 4125.58652 1122.33044
v 20616.85791 4705.66328 982.11890
v 20476.77154 5282.03788 921.56298
v 20320.57513 5854.25684 915.48221
v 20148.39157 6421.86999 920.90491
v 19960.35631 6984.43075 897.12084
v 19756.61730 7541.49653 823.83507
v 19537.33482 8092.62906 710.00867
v 19302.68140 8637.39473 589.82569
v 19052.84165 9175.36495 507.50971
v 18788.01213 9706.11649 497.29197
v 18508.40119 10229.23176 566.85847
v 18214.22881 10744.29921 691.25284
v 17905.72645 11250.91362 820.02530
v 17583.13680 11748.67640 895.07583
v 17246.71367 12237.19594 872.29275
v 16896.72173 12716.08790 738.48706
v 16533.43635 13184.97552 516.92045
v 16157.14333 13643.48989 259.20620
v 15768.13872 14091.27028 26.73703
v 15366.72857 14527.96441 -131.08921
v 14953.22870 14953.22870 -193.36152
v 14527.96441 15366.72857 -172.55199
v 14091.27028 15768.13872 -106.18089
v 13643.48989 16157.14333 -38.91858
v 13184.97552 16533.43635 -2.59063
v 12716.08790 16896.72173 -2.32318
v 12237.19594 17246.71367 -14.50669
v 11748.67640 17583.13680 2.59591
v 11250.91362 17905.72645 89.95503
v 10744.29921 18214.22881 268.37564
v 10229.23176 18508.40119 526.65229
v 9706.11649 18788.01213 822.34880
v 9175.36495 19052.84165 1095.21758
v 8637.39473 19302.68140 1288.18020
v 8092.62906 19537.33482 1367.70867
v 7541.49653 19756.61730 1335.61896
v 6984.43075 19960.35631 1227.65268
v 6421.86999 20148.39157 1099.43524
v 5854.25684 20320.57513 1005.37362
v 5282.03788 20476.77154 978.80480
v 4705.66328 20616.85791 1021.12976
v 4125.58652 20740.72402 1104.00798
v 3542.26396 20848.27242 1183.41860
v 2956.15453 20939.41850 1219.63679
v 2367.71936 21014.09056 1194.83896
v 1777.42139 21072.22983 1121.07249
v 1185.72505 21113.79059 1035.28693
v 593.09583 21138.74013 983.42357
v 0.00000 21147.05882 1000.05841
v -593.09583 21138.74013 1091.97191
v -1185.72505 21113.79059 1232.51339
v -1777.42139 21072.22983 1369.33645
v -2367.71936 21014.09056 1442.72418
v -2956.15453 20939.41850 1407.45103
v -3542.26396 20848.27242 1249.66000
v -4125.58652 20740.72402 992.16380
v -4705.66328 20616.85791 686.13775
v -5282.03788 20476.77154 392.53605
v -5854.25684 20320.57513 160.58647
v -6421.86999 20148.39157 11.79359
v -6984.43075 19960.35631 -64.41492
v -7541.49653 19756.61730 -101.99942
v -8092.62906 19537.33482 -140.44374
v -8637.39473 19302.68140 -205.25910
v -9175.36495 19052.84165 -295.01185
v -9706.11649 18788.01213 -380.33312
v -10229.23176 18508.40119 -415.45404
v -10744.29921 18214.22881 -357.66251
v -11250.91362 17905.72645 -186.77653
v -11748.67640 17583.13680 83.38774
v -12237.19594 17246.71367 406.45021
v -12716.08790 16896.72173 717.58198
v -13184.97552 16533.43635 955.01771
v -13643.48989 16157.14333 1080.70875
v -14091.27028 15768.13872 1092.17011
v -14527.96441 15366.72857 1021.04635
v -14953.22870 14953.22870 919.16569
v -15366.72857 14527.96441 837.76901
v -15768.13872 14091.27028 808.22398
v -16157.14333 13643.48989 831.82209
v -16533.43635 13184.97552 882.50301
v -16896.72173 12716.08790 921.07673
v -17246.71367 12237.19594 914.84549
v -17583.13680 11748.67640 854.34543
v -17905.72645 11250.91362 760.11171
v -18214.22881 10744.29921 676.44084
v -18508.40119 10229.23176 654.43996
v -18788.01213 9706.11649 731.06868
v -19052.84165 9175.36495 912.61053
v -19302.68140 8637.39473 1169.35027
v -19537.33482 8092.62906 1443.83695
v -19756.61730 7541.49653 1669.73840
v -19960.35631 6984.43075 1794.09202
v -20148.39157 6421.86999 1794.41377
v -20320.57513 5854.25684 1684.17872
v -20476.77154 5282.03788 1504.81009
v -20616.85791 4705.66328 1307.65475
v -20740.72402 4125.58652 1133.34231
v -20848.27242 3542.26396 996.85659
v -20939.41850 2956.15453 884.22883
v -21014.09056 2367.71936 761.97489
v -21072.22983 1777.42139 595.17936
v -21113.79059 1185.72505 366.58410
v -21138.74013 593.09583 88.59895
v -21147.05882 0.00000 -197.00201
v -21138.74013 -593.09583 -431.94805
v -21113.79059 -1185.72505 -562.03293
v -21072.22983 -1777.42139 -557.31056
v -21014.09056 -2367.71936 -423.90031
v -20939.41850 -2956.15453 -202.62982
v -20848.27242 -3542.26396 45.08114
v -20740.72402 -4125.58652 258.66460
v -20616.85791 -4705.66328 398.87614
v -20476.77154 -5282.03788 459.43206
v -20320.57513 -5854.25684 465.51283
v -20148.39157 -6421.86999 460.09013
v -19960.35631 -6984.43075 483.87420
v -19756.61730 -7541.49653 557.15997
v -19537.33482 -8092.62906 670.98637
v -19302.68140 -8637.39473 791.16935
v -19052.84165 -9175.36495 873.48533
v -18788.01213 -9706.11649 883.70307
v -18508.40119 -10229.23176 814.13657
v -18214.22881 -10744.29921 689.74220
v -17905.72645 -11250.91362 560.96974
v -17583.13680 -11748.67640 485.91921
v -17246.71367 -12237.19594 508.70229
v -16896.72173 -12716.08790 642.50798
v -16533.43635 -13184.97552 864.07459
v -16157.14333 -13643.48989 1121.78884
v -15768.13872 -14091.27028 1354.25801
v -15366.72857 -14527.96441 1512.08425
v -14953.22870 -14953.22870 1574.35656
v -14527.96441 -15366.72857 1553.54703
v -14091.27028 -15768.13872 1487.17592
v -13643.48989 -16157.14333 1419.91362
v -13184.97552 -16533.43635 1383.58567
v -12716.08790 -16896.72173 1383.31822
v -12237.19594 -17246.71367 1395.50173
v -11748.67640 -17583.13680 1378.39913
v -11250.91362 -17905.72645 1291.04000
v -10744.29921 -18214.22881 1112.61940
v -10229.23176 -18508.40119 854.34275
v -9706.11649 -18788.01213 558.64624
v -9175.36495 -19052.84165 285.77746
v -8637.39473 -19302.68140 92.81484
v -8092.62906 -19537.33482 13.28637
v -7541.49653 -19756.61730 45.37608
v -6984.43075 -19960.35631 153.34236
v -6421.86999 -20148.39157 281.55980
v -5854.25684 -20320.57513 375.62142
v -5282.03788 -20476.77154 402.19024
v -4705.66328 -20616.85791 359.86528
v -4125.58652 -20740.72402 276.98706
v -3542.26396 -20848.27242 197.57644
v -2956.15453 -20939.41850 161.35825
v -2367.71936 -21014.09056 186.15608
v -1777.42139 -21072.22983 259.92255
v -1185.72505 -21113.79059 345.70811
v -593.09583 -21138.74013 397.57147
v -0.00000 -21147.05882 380.93663
v 593.09583 -21138.74013 289.02313
v 1185.72505 -21113.79059 148.48165
v 1777.42139 -21072.22983 11.65859
v 2367.71936 -21014.09056 -61.72914
v 2956.15453 -20939.41850 -26.45599
v 3542.26396 -20848.27242 131.33504
v 4125.58652 -20740.72402 388.83124
v 4705.66328 -20616.85791 694.85729
v 5282.03788 -20476.77154 988.45899
v 5854.25684 -20320.57513 1220.40857
v 6421.86999 -20148.39157 1369.20145
v 6984.43075 -19960.35631 1445.40996
v 7541.49653 -19756.61730 1482.99446
v 8092.62906 -19537.33482 1521.43878
v 8637.39473 -19302.68140 1586.25414
v 9175.36495 -19052.84165 1676.00689
v 9706.11649 -18788.01213 1761.32816
v 10229.23176 -18508.40119 1796.44908
v 10744.29921 -18214.22881 1738.65755
v 11250.91362 -17905.72645 1567.77157
v 11748.67640 -17583.13680 1297.60730
v 12237.19594 -17246.71367 974.54483
v 12716.08790 -16896.72173 663.41306
v 13184.97552 -16533.43635 425.97733
v 13643.48989 -16157.14333 300.28629
v 14091.27028 -15768.13872 288.82492
v 14527.96441 -15366.72857 359.94869
v 14953.22870 -14953.22870 461.82935
v 15366.72857 -14527.96441 543.22603
v 15768.13872 -14091.27028 572.77106
v 16157.14333 -13643.48989 549.17295
v 16533.43635 -13184.97552 498.49203
v 16896.72173 -12716.08790 459.91831
v 17246.71367 -12237.19594 466.14955
v 17583.13680 -11748.67640 526.64961
v 17905.72645 -11250.91362 620.88333
v 18214.22881 -10744.29921 704.55420
v 18508.40119 -10229.23176 726.55508
v 18788.01213 -9706.11649 649.92636
v 19052.84165 -9175.36495 468.38451
v 19302.68140 -8637.39473 211.64477
v 19537.33482 -8092.62906 -62.84191
v 19756.61730 -7541.49653 -288.74336
v 19960.35631 -6984.43075 -413.09698
v 20148.39157 -6421.86999 -413.41873
v 20320.57513 -5854.25684 -303.18368
v 20476.77154 -5282.03788 -123.81505
v 20616.85791 -4705.66328 73.34029
v 20740.72402 -4125.58652 247.65273
v 20848.27242 -3542.26396 384.13845
v 20939.41850 -2956.15453 496.76621
v 21014.09056 -2367.71936 619.02015
v 21072.22983 -1777.42139 785.81568
v 21113.79059 -1185.72505 1014.41094
v 21138.74013 -593.09583 1292.39609
v 22014.70588 0.00000 2055.43768
v 22006.04588 617.43008 2308.35272
v 21980.07268 1234.37440 2433.70005
v 21936.80672 1850.34759 2397.80346
v 21876.28203 2464.86501 2209.83954
v 21798.54624 3077.44321 1920.10664
v 21703.66051 3687.60024 1603.16716
v 21591.69948 4294.85606 1332.31074
v 21462.75124 4898.73291 1155.18681
v 21316.91724 5498.75570 1079.93526
v 21154.31222 6094.45236 1076.91729
v 20975.06410 6685.35423 1094.91400
v 20779.31390 7270.99641 1084.92049
v 20567.21564 7850.91815 1021.71806
v 20338.93618 8424.66321 914.43006
v 20094.65511 8991.78019 801.83506
v 19834.56464 9551.82290 734.47449
v 19558.86937 10104.35075 751.02032
v 19267.78621 10648.92903 858.76918
v 18961.54418 11185.12929 1026.52800
v 18640.38421 11712.52968 1193.19227
v 18304.55896 12230.71528 1288.98479
v 17954.33266 12739.27839 1261.16948
v 17589.98083 13237.81891 1094.15840
v 17211.79014 13725.94461 816.06332
v 16820.05811 14203.27146 489.05870
v 16415.09295 14669.42393 187.29825
v 15997.21327 15124.03527 -28.98979
v 15566.74782 15566.74782 -133.16270
v 15124.03527 15997.21327 -138.08612
v 14669.42393 16415.09295 -86.37292
v 14203.27146 16820.05811 -29.27973
v 13725.94461 17211.79014 -3.10667
v 13237.81891 17589.98083 -12.86051
v 12739.27839 17954.33266 -29.90810
v 12230.71528 18304.55896 -4.59536
v 11712.52968 18640.38421 111.33874
v 11185.12929 18961.54418 341.78059
v 10648.92903 19267.78621 672.24649
v 10104.35075 19558.86937 1050.88306
v 9551.82290 19834.56464 1404.47632
v 8991.78019 20094.65511 1663.44178
v 8424.66321 20338.93618 1786.11197
v 7850.91815 20567.21564 1772.84166
v 7270.99641 20779.31390 1664.44017
v 6685.35423 20975.06410 1525.62093
v 6094.45236 21154.31222 1420.05874
v 5498.75570 21316.91724 1386.90402
v 4898.73291 21462.75124 1427.92261
v 4294.85606 21591.69948 1510.09130
v 3687.60024 21703.66051 1582.23372
v 3077.44321 21798.54624 1598.64245
v 2464.86501 21876.28203 1539.86562
v 1850.34759 21936.80672 1422.05030
v 1234.37440 21980.07268 1290.93278
v 617.43008 22006.04588 1202.85099
v 0.00000 22014.70588 1200.48833
v -617.43008 22006.04588 1293.28480
v -1234.37440 21980.07268 1450.66596
v -1850.34759 21936.80672 1611.15001
v -2464.86501 21876.28203 1704.03948
v -3077.44321 21798.54624 1675.33658
v -3687.60024 21703.66051 1507.77871
v -4294.85606 21591.69948 1227.17701
v -4898.73291 21462.75124 892.64481
v -5498.75570 21316.91724 574.66157
v -6094.45236 21154.31222 329.68712
v -6685.35423 20975.06410 181.31484
v -7270.99641 20779.31390 115.23011
v -7850.91815 20567.21564 89.62580
v -8424.66321 20338.93618 56.48247
v -8991.78019 20094.65511 -15.23821
v -9551.82290 19834.56464 -124.16170
v -10104.35075 19558.86937 -235.30574
v -10648.92903 19267.78621 -293.76812
v -11185.12929 18961.54418 -247.83735
v -11712.52968 18640.38421 -72.15054
v -12230.71528 18304.55896 218.61772
v -12739.27839 17954.33266 571.34772
v -13237.81891 17589.98083 911.09259
v -13725.94461 17211.79014 1166.46440
v -14203.27146 16820.05811 1294.00611
v -14669.42393 16415.09295 1292.13379
v -15124.03527 15997.21327 1199.34977
v -15566.74782 15566.74782 1077.64438
v -15997.21327 15124.03527 987.83297
v -16415.09295 14669.42393 966.68442
v -16820.05811 14203.27146 1014.84993
v -17211.79014 13725.94461 1100.14923
v -17589.98083 13237.81891 1174.51549
v -17954.33266 12739.27839 1197.36291
v -18304.55896 12230.71528 1155.55312
v -18640.38421 11712.52968 1071.53821
v -18961.54418 11185.12929 996.08488
v -19267.78621 10648.92903 988.28662
v -19558.86937 10104.35075 1090.80843
v -19834.56464 9551.82290 1310.36175
v -20094.65511 8991.78019 1611.44000
v -20338.93618 8424.66321 1926.13368
v -20567.21564 7850.91815 2176.47334
v -20779.31390 7270.99641 2300.76993
v -20975.06410 6685.35423 2273.83109
v -21154.31222 6094.45236 2113.36661
v -21316.91724 5498.75570 1870.37980
v -21462.75124 4898.73291 1607.67552
v -21591.69948 4294.85606 1375.26375
v -21703.66051 3687.60024 1192.54204
v -21798.54624 3077.44321 1044.27110
v -21876.28203 2464.86501 891.68094
v -21936.80672 1850.34759 693.85469
v -21980.07268 1234.37440 430.33195
v -22006.04588 617.43008 115.35010
v -22014.70588 0.00000 -202.48555
v -22006.04588 -617.43008 -455.40060
v -21980.07268 -1234.37440 -580.74792
v -21936.80672 -1850.34759 -544.85134
v -21876.28203 -2464.86501 -356.88742
v -21798.54624 -3077.44321 -67.15452
v -21703.66051 -3687.60024 249.78496
v -21591.69948 -4294.85606 520.64138
v -21462.75124 -4898.73291 697.76531
v -21316.91724 -5498.75570 773.01686
v -21154.31222 -6094.45236 776.03483
v -20975.06410 -6685.35423 758.03813
v -20779.31390 -7270.99641 768.03164
v -20567.21564 -7850.91815 831.23406
v -20338.93618 -8424.66321 938.52207
v -20094.65511 -8991.78019 1051.11707
v -19834.56464 -9551.82290 1118.47763
v -19558.86937 -10104.35075 1101.93180
v -19267.78621 -10648.92903 994.18295
v -18961.54418 -11185.12929 826.42412
v -18640.38421 -11712.52968 659.75986
v -18304.55896 -12230.71528 563.96734
v -17954.33266 -12739.27839 591.78265
v -17589.98083 -13237.81891 758.79372
v -17211.79014 -13725.94461 1036.88880
v -16820.05811 -14203.27146 1363.89342
v -16415.09295 -14669.42393 1665.65388
v -15997.21327 -15124.03527 1881.94191
v -15566.74782 -15566.74782 1986.11482
v -15124.03527 -15997.21327 1991.03825
v -14669.42393 -16415.09295 1939.32505
v -14203.27146 -16820.05811 1882.23186
v -13725.94461 -17211.79014 1856.05880
v -13237.81891 -17589.98083 1865.81263
v -12739.27839 -17954.33266 1882.86022
v -12230.71528 -18304.55896 1857.54749
v -11712.52968 -18640.38421 1741.61338
v -11185.12929 -18961.54418 1511.17153
v -10648.92903 -19267.78621 1180.70563
v -10104.35075 -19558.86937 802.06907
v -9551.82290 -19834.56464 448.47581
v -8991.78019 -20094.65511 189.51034
v -8424.66321 -20338.93618 66.84015
v -7850.91815 -20567.21564 80.11046
v -7270.99641 -20779.31390 188.51195
v -6685.35423 -20975.06410 327.33119
v -6094.45236 -21154.31222 432.89338
v -5498.75570 -21316.91724 466.04811
v -4898.73291 -21462.75124 425.02951
v -4294.85606 -21591.69948 342.86083
v -3687.60024 -21703.66051 270.71840
v -3077.44321 -21798.54624 254.30968
v -2464.86501 -21876.28203 313.08651
v -1850.34759 -21936.80672 430.90182
v -1234.37440 -21980.07268 562.01935
v -617.43008 -22006.04588 650.10114
v -0.00000 -22014.70588 652.46380
v 617.43008 -22006.04588 559.66733
v 1234.37440 -21980.07268 402.28617
v 1850.34759 -21936.80672 241.80211
v 2464.86501 -21876.28203 148.91264
v 3077.44321 -21798.54624 177.61554
v 3687.60024 -21703.66051 345.17341
v 4294.85606 -21591.69948 625.77511
v 4898.73291 -21462.75124 960.30731
v 5498.75570 -21316.91724 1278.29055
v 6094.45236 -21154.31222 1523.26500
v 6685.35423 -20975.06410 1671.63729
v 7270.99641 -20779.31390 1737.72201
v 7850.91815 -20567.21564 1763.32632
v 8424.66321 -20338.93618 1796.46966
v 8991.78019 -20094.65511 1868.19033
v 9551.82290 -19834.56464 1977.11382
v 10104.35075 -19558.86937 2088.25787
v 10648.92903 -19267.78621 2146.72024
v 11185.12929 -18961.54418 2100.78948
v 11712.52968 -18640.38421 1925.10266
v 12230.71528 -18304.55896 1634.33441
v 12739.27839 -17954.33266 1281.60440
v 13237.81891 -17589.98083 941.85954
v 13725.94461 -17211.79014 686.48772
v 14203.27146 -16820.05811 558.94601
v 14669.42393 -16415.09295 560.81833
v 15124.03527 -15997.21327 653.60236
v 15566.74782 -15566.74782 775.30774
v 15997.21327 -15124.03527 865.11915
v 16415.09295 -14669.42393 886.26770
v 16820.05811 -14203.27146 838.10220
v 17211.79014 -13725.94461 752.80289
v 17589.98083 -13237.81891 678.43664
v 17954.33266 -12739.27839 655.58921
v 18304.55896 -12230.71528 697.39901
v 18640.38421 -11712.52968 781.41391
v 18961.54418 -11185.12929 856.86724
v 19267.78621 -10648.92903 864.66550
v 19558.86937 -10104.35075 762.14370
v 19834.56464 -9551.82290 542.59037
v 20094.65511 -8991.78019 241.51212
v 20338.93618 -8424.66321 -73.18156
v 20567.21564 -7850.91815 -323.52122
v 20779.31390 -7270.99641 -447.81781
v 20975.06410 -6685.35423 -420.87896
v 21154.31222 -6094.45236 -260.41449
v 21316.91724 -5498.75570 -17.42767
v 21462.75124 -4898.73291 245.27661
v 21591.69948 -4294.85606 477.68838
v 21703.66051 -3687.60024 660.41008
v 21798.54624 -3077.44321 808.68102
v 21876.28203 -2464.86501 961.27119
v 21936.80672 -1850.34759 1159.09744
v 21980.07268 -1234.37440 1422.62017
v 22006.04588 -617.43008 1737.60202
v 22882.35294 0.00000 2474.08222
v 22873.35163 641.76433 2736.61935
v 22846.35477 1283.02376 2853.48586
v 22801.38360 1923.27378 2787.35187
v 22738.47351 2562.01066 2550.43492
v 22657.67399 3198.73189 2202.38907
v 22559.04860 3832.93652 1830.62735
v 22442.67495 4464.12560 1520.58048
v 22308.64458 5091.80255 1327.34722
v 22157.06295 5715.47353 1259.58556
v 21988.04931 6334.64788 1281.57676
v 21801.73663 6948.83846 1332.14198
v 21598.27150 7557.56206 1352.41487
v 21377.81399 8160.33978 1311.04679
v 21140.53754 8756.69736 1216.61046
v 20886.62883 9346.16564 1112.27873
v 20616.28762 9928.28085 1055.13947
v 20329.72661 10502.58502 1088.82064
v 20027.17124 11068.62630 1220.89203
v 19708.85955 11625.95937 1414.65016
v 19375.04197 12174.14575 1599.12099
v 19025.98113 12712.75416 1693.75312
v 18661.95165 13241.36084 1638.28274
v 18283.23993 13759.54991 1416.04860
v 17890.14392 14266.91370 1061.51786
v 17482.97289 14763.05304 648.96673
v 17062.04718 15247.57758 266.67450
v 16627.69796 15720.10613 -13.33059
v 16180.26693 16180.26693 -158.26013
v 15720.10613 16627.69796 -181.56756
v 15247.57758 17062.04718 -131.69264
v 14763.05304 17482.97289 -67.59098
v 14266.91370 17890.14392 -31.33057
v 13759.54991 18283.23993 -29.10293
v 13241.36084 18661.95165 -28.47097
v 12712.75416 19025.98113 27.01106
v 12174.14575 19375.04197 191.81461
v 11625.95937 19708.85955 491.81626
v 11068.62630 20027.17124 908.14304
v 10502.58502 20329.72661 1378.46440
v 9928.28085 20616.28762 1815.73792
v 9346.16564 20886.62883 2137.39069
v 8756.69736 21140.53754 2293.66801
v 8160.33978 21377.81399 2284.11875
v 7557.56206 21598.27150 2155.82699
v 6948.83846 21801.73663 1984.18924
v 6334.64788 21988.04931 1843.89960
v 5715.47353 22157.06295 1781.59736
v 5091.80255 22308.64458 1800.84139
v 4464.12560 22442.67495 1865.03303
v 3832.93652 22559.04860 1916.64764
v 3198.73189 22657.67399 1904.57849
v 2562.01066 22738.47351 1808.17984
v 1923.27378 22801.38360 1648.00707
v 1283.02376 22846.35477 1478.71525
v 641.76433 22873.35163 1366.88558
v 0.00000 22882.35294 1362.75027
v -641.76433 22873.35163 1477.37505
v -1283.02376 22846.35477 1674.77952
v -1923.27378 22801.38360 1882.55471
v -2562.01066 22738.47351 2017.14613
v -3198.73189 22657.67399 2014.07556
v -3832.93652 22559.04860 1851.34707
v -4464.12560 22442.67495 1556.93992
v -5091.80255 22308.64458 1197.57431
v -5715.47353 22157.06295 853.33026
v -6334.64788 21988.04931 588.24580
v -6948.83846 21801.73663 428.50269
v -7557.56206 21598.27150 356.64320
v -8160.33978 21377.81399 323.73362
v -8756.69736 21140.53754 274.13101
v -9346.16564 20886.62883 172.44220
v -9928.28085 20616.28762 21.42475
v -10502.58502 20329.72661 -136.69692
v -11068.62630 20027.17124 -236.24691
v -11625.95937 19708.85955 -215.08919
v -12174.14575 19375.04197 -41.68459
v -12712.75416 19025.98113 268.86074
v -13241.36084 18661.95165 656.52301
v -13759.54991 18283.23993 1035.57476
v -14266.91370 17890.14392 1324.01583
v -14763.05304 17482.97289 1471.85093
v -15247.57758 17062.04718 1477.26870
v -15720.10613 16627.69796 1384.56189
v -16180.26693 16180.26693 1264.85580
v -16627.69796 15720.10613 1187.48882
v -17062.04718 15247.57758 1193.50302
v -17482.97289 14763.05304 1281.71537
v -17890.14392 14266.91370 1412.66225
v -18283.23993 13759.54991 1528.43402
v -18661.95165 13241.36084 1579.97675
v -19025.98113 12712.75416 1550.42871
v -19375.04197 12174.14575 1464.69032
v -19708.85955 11625.95937 1381.03963
v -20027.17124 11068.62630 1367.93674
v -20329.72661 10502.58502 1475.25236
v -20616.28762 9928.28085 1711.54601
v -20886.62883 9346.16564 2036.73319
v -21140.53754 8756.69736 2373.42295
v -21377.81399 8160.33978 2632.80020
v -21598.27150 7557.56206 2745.13916
v -21801.73663 6948.83846 2683.18534
v -21988.04931 6334.64788 2469.47489
v -22157.06295 5715.47353 2165.03774
v -22308.64458 5091.80255 1844.29576
v -22442.67495 4464.12560 1566.37174
v -22559.04860 3832.93652 1354.30818
v -22657.67399 3198.73189 1190.35656
v -22738.47351 2562.01066 1028.89432
v -22801.38360 1923.27378 821.32612
v -22846.35477 1283.02376 542.43336
v -22873.35163 641.76433 207.02572
v -22882.35294 0.00000 -130.33168
v -22873.35163 -641.76433 -392.86881
v -22846.35477 -1283.02376 -509.73532
v -22801.38360 -1923.27378 -443.60132
v -22738.47351 -2562.01066 -206.68438
v -22657.67399 -3198.73189 141.36147
v -22559.04860 -3832.93652 513.12319
v -22442.67495 -4464.12560 823.17006
v -22308.64458 -5091.80255 1016.40333
v -22157.06295 -5715.47353 1084.16499
v -21988.04931 -6334.64788 1062.17379
v -21801.73663 -6948.83846 1011.60856
v -21598.27150 -7557.56206 991.33568
v -21377.81399 -8160.33978 1032.70375
v -21140.53754 -8756.69736 1127.14008
v -20886.62883 -9346.16564 1231.47182
v -20616.28762 -9928.28085 1288.61107
v -20329.72661 -10502.58502 1254.92991
v -20027.17124 -11068.62630 1122.85851
v -19708.85955 -11625.95937 929.10038
v -19375.04197 -12174.14575 744.62956
v -19025.98113 -12712.75416 649.99742
v -18661.95165 -13241.36084 705.46780
v -18283.23993 -13759.54991 927.70195
v -17890.14392 -14266.91370 1282.23268
v -17482.97289 -14763.05304 1694.78382
v -17062.04718 -15247.57758 2077.07605
v -16627.69796 -15720.10613 2357.08114
v -16180.26693 -16180.26693 2502.01067
v -15720.10613 -16627.69796 2525.31810
v -15247.57758 -17062.04718 2475.44319
v -14763.05304 -17482.97289 2411.34153
v -14266.91370 -17890.14392 2375.08111
v -13759.54991 -18283.23993 2372.85347
v -13241.36084 -18661.95165 2372.22151
v -12712.75416 -19025.98113 2316.73948
v -12174.14575 -19375.04197 2151.93593
v -11625.95937 -19708.85955 1851.93428
v -11068.62630 -20027.17124 1435.60751
v -10502.58502 -20329.72661 965.28614
v -9928.28085 -20616.28762 528.01262
v -9346.16564 -20886.62883 206.35986
v -8756.69736 -21140.53754 50.08254
v -8160.33978 -21377.81399 59.63179
v -7557.56206 -21598.27150 187.92355
v -6948.83846 -21801.73663 359.56131
v -6334.64788 -21988.04931 499.85094
v -5715.47353 -22157.06295 562.15318
v -5091.80255 -22308.64458 542.90915
v -4464.12560 -22442.67495 478.71751
v -3832.93652 -22559.04860 427.10291
v -3198.73189 -22657.67399 439.17205
v -2562.01066 -22738.47351 535.57070
v -1923.27378 -22801.38360 695.74347
v -1283.02376 -22846.35477 865.03529
v -641.76433 -22873.35163 976.86497
v -0.00000 -22882.35294 981.00028
v 641.76433 -22873.35163 866.37549
v 1283.02376 -22846.35477 668.97103
v 1923.27378 -22801.38360 461.19583
v 2562.01066 -22738.47351 326.60441
v 3198.73189 -22657.67399 329.67498
v 3832.93652 -22559.04860 492.40348
v 4464.12560 -22442.67495 786.81063
v 5091.80255 -22308.64458 1146.17624
v 5715.47353 -22157.06295 1490.42029
v 6334.64788 -21988.04931 1755.50474
v 6948.83846 -21801.73663 1915.24785
v 7557.56206 -21598.27150 1987.10734
v 8160.33978 -21377.81399 2020.01693
v 8756.69736 -21140.53754 2069.61953
v 9346.16564 -20886.62883 2171.30835
v 9928.28085 -20616.28762 2322.32579
v 10502.58502 -20329.72661 2480.44746
v 11068.62630 -20027.17124 2579.99746
v 11625.95937 -19708.85955 2558.83973
v 12174.14575 -19375.04197 2385.43513
v 12712.75416 -19025.98113 2074.88980
v 13241.36084 -18661.95165 1687.22753
v 13759.54991 -18283.23993 1308.17578
v 14266.91370 -17890.14392 1019.73471
v 14763.05304 -17482.97289 871.89961
v 15247.57758 -17062.04718 866.48184
v 15720.10613 -16627.69796 959.18865
v 16180.26693 -16180.26693 1078.89475
v 16627.69796 -15720.10613 1156.26172
v 17062.04718 -15247.57758 1150.24752
v 17482.97289 -14763.05304 1062.03517
v 17890.14392 -14266.91370 931.08829
v 18283.23993 -13759.54991 815.31652
v 18661.95165 -13241.36084 763.77379
v 19025.98113 -12712.75416 793.32183
v 19375.04197 -12174.14575 879.06023
v 19708.85955 -11625.95937 962.71092
v 20027.17124 -11068.62630 975.81380
v 20329.72661 -10502.58502 868.49818
v 20616.28762 -9928.28085 632.20454
v 20886.62883 -9346.16564 307.01735
v 21140.53754 -8756.69736 -29.67241
v 21377.81399 -8160.33978 -289.04965
v 21598.27150 -7557.56206 -401.38862
v 21801.73663 -6948.83846 -339.43479
v 21988.04931 -6334.64788 -125.72434
v 22157.06295 -5715.47353 178.71280
v 22308.64458 -5091.80255 499.45478
v 22442.67495 -4464.12560 777.37880
v 22559.04860 -3832.93652 989.44236
v 22657.67399 -3198.73189 1153.39398
v 22738.47351 -2562.01066 1314.85622
v 22801.38360 -1923.27378 1522.42442
v 22846.35477 -1283.02376 1801.31718
v 22873.35163 -641.76433 2136.72482
v 23750.00000 0.00000 2807.20105
v 23740.65738 666.09859 3088.22678
v 23712.63686 1331.67312 3210.50794
v 23665.96049 1996.19997 3132.10164
v 23600.66498 2659.15631 2867.14859
v 23516.80173 3320.02056 2483.44953
v 23414.43669 3978.27280 2080.00299
v 23293.65041 4633.39515 1753.07619
v 23154.53791 5284.87218 1563.89579
v 22997.20865 5932.19136 1520.35034
v 22821.78640 6574.84340 1579.47594
v 22628.40916 7212.32270 1669.20843
v 22417.22909 7844.12772 1720.25575
v 22188.41233 8469.76140 1695.02836
v 21942.13890 9088.73152 1601.92484
v 21678.60255 9700.55110 1489.34003
v 21398.01061 10304.73880 1422.08759
v 21100.58385 10900.81928 1450.14538
v 20786.55627 11488.32357 1582.82457
v 20456.17492 12066.78945 1779.34031
v 20109.69973 12635.76182 1960.16855
v 19747.40329 13194.79303 2035.16293
v 19369.57064 13743.44328 1937.56096
v 18976.49903 14281.28092 1650.49290
v 18568.49771 14807.88279 1215.44400
v 18145.88768 15322.83461 719.18680
v 17709.00142 15825.73123 264.17238
v 17258.18265 16316.17699 -66.14082
v 16793.78605 16793.78605 -233.62930
v 16316.17699 17258.18265 -253.54727
v 15825.73123 17709.00142 -181.67253
v 15322.83461 18145.88768 -86.31708
v 14807.88279 18568.49771 -16.95337
v 14281.28092 18976.49903 17.57304
v 13743.44328 19369.57064 52.30062
v 13194.79303 19747.40329 149.57420
v 12635.76182 20109.69973 369.49090
v 12066.78945 20456.17492 739.61691
v 11488.32357 20786.55627 1236.65457
v 10900.81928 21100.58385 1788.02844
v 10304.73880 21398.01061 2293.39163
v 9700.55110 21678.60255 2658.02735
v 9088.73152 21942.13890 2825.26584
v 8469.76140 22188.41233 2795.31043
v 7844.12772 22417.22909 2623.17130
v 7212.32270 22628.40916 2396.62306
v 6574.84340 22821.78640 2202.94692
v 5932.19136 22997.20865 2097.55280
v 5284.87218 23154.53791 2086.67555
v 4633.39515 23293.65041 2130.57746
v 3978.27280 23414.43669 2165.39207
v 3320.02056 23516.80173 2134.25166
v 2659.15631 23600.66498 2014.66417
v 1996.19997 23665.96049 1830.71618
v 1331.67312 23712.63686 1644.92025
v 666.09859 23740.65738 1532.87349
v 0.00000 23750.00000 1550.97835
v -666.09859 23740.65738 1710.43237
v -1331.67312 23712.63686 1968.31579
v -1996.19997 23665.96049 2239.83877
v -2659.15631 23600.66498 2427.36200
v -3320.02056 23516.80173 2455.06830
v -3978.27280 23414.43669 2295.84413
v -4633.39515 23293.65041 1979.96714
v -5284.87218 23154.53791 1582.37627
v -5932.19136 22997.20865 1193.75125
v -6574.84340 22821.78640 886.96768
v -7212.32270 22628.40916 692.18885
v -7844.12772 22417.22909 590.24181
v -8469.76140 22188.41233 526.46729
v -9088.73152 21942.13890 438.94108
v -9700.55110 21678.60255 289.17479
v -10304.73880 21398.01061 82.44737
v -10900.81928 21100.58385 -130.82588
v -11488.32357 20786.55627 -273.53131
v -12066.78945 20456.17492 -272.83088
v -12635.76182 20109.69973 -91.19658
v -13194.79303 19747.40329 255.15675
v -13743.44328 19369.57064 698.17921
v -14281.28092 18976.49903 1139.90748
v -14807.88279 18568.49771 1486.09574
v -15322.83461 18145.88768 1678.56290
v -15825.73123 17709.00142 1713.74711
v -16316.17699 17258.18265 1640.42369
v -16793.78605 16793.78605 1537.80007
v -17258.18265 16316.17699 1482.94341
v -17709.00142 15825.73123 1520.62559
v -18145.88768 15322.83461 1647.54165
v -18568.49771 14807.88279 1816.94096
v -18976.49903 14281.28092 1961.39716
v -19369.57064 13743.44328 2024.08524
v -19747.40329 13194.79303 1985.49705
v -20109.69973 12635.76182 1874.39207
v -20456.17492 12066.78945 1758.19705
v -20786.55627 11488.32357 1716.44769
v -21100.58385 10900.81928 1807.82866
v -21398.01061 10304.73880 2044.10185
v -21678.60255 9700.55110 2381.60159
v -21942.13890 9088.73152 2734.05443
v -22188.41233 8469.76140 3002.01788
v -22417.22909 7844.12772 3107.61842
v -22628.40916 7212.32270 3021.15571
v -22821.78640 6574.84340 2769.37509
v -22997.20865 5932.19136 2422.49554
v -23154.53791 5284.87218 2065.49545
v -23293.65041 4633.39515 1765.33144
v -23414.43669 3978.27280 1547.22987
v -23516.80173 3320.02056 1389.37394
v -23600.66498 2659.15631 1237.76123
v -23665.96049 1996.19997 1034.77684
v -23712.63686 1331.67312 749.43524
v -23740.65738 666.09859 396.54535
v -23750.00000 0.00000 36.53280
v -23740.65738 -666.09859 -244.49293
v -23712.63686 -1331.67312 -366.77409
v -23665.96049 -1996.19997 -288.36779
v -23600.66498 -2659.15631 -23.41474
v -23516.80173 -3320.02056 360.28432
v -23414.43669 -3978.27280 763.73086
v -23293.65041 -4633.39515 1090.65766
v -23154.53791 -5284.87218 1279.83806
v -22997.20865 -5932.19136 1323.38350
v -22821.78640 -6574.84340 1264.25791
v -22628.40916 -7212.32270 1174.52542
v -22417.22909 -7844.12772 1123.47810
v -22188.41233 -8469.76140 1148.70549
v -21942.13890 -9088.73152 1241.80901
v -21678.60255 -9700.55110 1354.39382
v -21398.01061 -10304.73880 1421.64625
v -21100.58385 -10900.81928 1393.58847
v -20786.55627 -11488.32357 1260.90928
v -20456.17492 -12066.78945 1064.39354
v -20109.69973 -12635.76182 883.56530
v -19747.40329 -13194.79303 808.57091
v -19369.57064 -13743.44328 906.17289
v -18976.49903 -14281.28092 1193.24095
v -18568.49771 -14807.88279 1628.28985
v -18145.88768 -15322.83461 2124.54705
v -17709.00142 -15825.73123 2579.56147
v -17258.18265 -16316.17699 2909.87467
v -16793.78605 -16793.78605 3077.36315
v -16316.17699 -17258.18265 3097.28112
v -15825.73123 -17709.00142 3025.40638
v -15322.83461 -18145.88768 2930.05092
v -14807.88279 -18568.49771 2860.68721
v -14281.28092 -18976.49903 2826.16081
v -13743.44328 -19369.57064 2791.43323
v -13194.79303 -19747.40329 2694.15965
v -12635.76182 -20109.69973 2474.24295
v -12066.78945 -20456.17492 2104.11693
v -11488.32357 -20786.55627 1607.07928
v -10900.81928 -21100.58385 1055.70541
v -10304.73880 -21398.01061 550.34222
v -9700.55110 -21678.60255 185.70650
v -9088.73152 -21942.13890 18.46801
v -8469.76140 -22188.41233 48.42341
v -7844.12772 -22417.22909 220.56255
v -7212.32270 -22628.40916 447.11078
v -6574.84340 -22821.78640 640.78692
v -5932.19136 -22997.20865 746.18105
v -5284.87218 -23154.53791 757.05830
v -4633.39515 -23293.65041 713.15639
v -3978.27280 -23414.43669 678.34178
v -3320.02056 -23516.80173 709.48219
v -2659.15631 -23600.66498 829.06967
v -1996.19997 -23665.96049 1013.01767
v -1331.67312 -23712.63686 1198.81359
v -666.09859 -23740.65738 1310.86036
v -0.00000 -23750.00000 1292.75549
v 666.09859 -23740.65738 1133.30148
v 1331.67312 -23712.63686 875.41806
v 1996.19997 -23665.96049 603.89508
v 2659.15631 -23600.66498 416.37185
v 3320.02056 -23516.80173 388.66555
v 3978.27280 -23414.43669 547.88972
v 4633.39515 -23293.65041 863.76671
v 5284.87218 -23154.53791 1261.35758
v 5932.19136 -22997.20865 1649.98259
v 6574.84340 -22821.78640 1956.76617
v 7212.32270 -22628.40916 2151.54499
v 7844.12772 -22417.22909 2253.49204
v 8469.76140 -22188.41233 2317.26656
v 9088.73152 -21942.13890 2404.79277
v 9700.55110 -21678.60255 2554.55906
v 10304.73880 -21398.01061 2761.28648
v 10900.81928 -21100.58385 2974.55973
v 11488.32357 -20786.55627 3117.26516
v 12066.78945 -20456.17492 3116.56473
v 12635.76182 -20109.69973 2934.93043
v 13194.79303 -19747.40329 2588.57710
v 13743.44328 -19369.57064 2145.55464
v 14281.28092 -18976.49903 1703.82637
v 14807.88279 -18568.49771 1357.63811
v 15322.83461 -18145.88768 1165.17095
v 15825.73123 -17709.00142 1129.98674
v 16316.17699 -17258.18265 1203.31016
v 16793.78605 -16793.78605 1305.93378
v 17258.18265 -16316.17699 1360.79044
v 17709.00142 -15825.73123 1323.10826
v 18145.88768 -15322.83461 1196.19220
v 18568.49771 -14807.88279 1026.79289
v 18976.49903 -14281.28092 882.33669
v 19369.57064 -13743.44328 819.64860
v 19747.40329 -13194.79303 858.23679
v 20109.69973 -12635.76182 969.34178
v 20456.17492 -12066.78945 1085.53680
v 20786.55627 -11488.32357 1127.28616
v 21100.58385 -10900.81928 1035.90519
v 21398.01061 -10304.73880 799.63200
v 21678.60255 -9700.55110 462.13226
v 21942.13890 -9088.73152 109.67942
v 22188.41233 -8469.76140 -158.28403
v 22417.22909 -7844.12772 -263.88457
v 22628.40916 -7212.32270 -177.42187
v 22821.78640 -6574.84340 74.35876
v 22997.20865 -5932.19136 421.23831
v 23154.53791 -5284.87218 778.23840
v 23293.65041 -4633.39515 1078.40241
v 23414.43669 -3978.27280 1296.50397
v 23516.80173 -3320.02056 1454.35991
v 23600.66498 -2659.15631 1605.97262
v 23665.96049 -1996.19997 1808.95701
v 23712.63686 -1331.67312 2094.29861
v 23740.65738 -666.09859 2447.18850
v 24617.64706 0.00000 3085.63098
v 24607.96313 690.43284 3408.35430
v 24578.91895 1380.32248 3561.22722
v 24530.53737 2069.12616 3496.11051
v 24462.85646 2756.30196 3227.44417
v 24375.92947 3441.30924 2829.61475
v 24269.82478 4123.60909 2411.81405
v 24144.62587 4802.66469 2080.02079
v 24000.43125 5477.94182 1900.81287
v 23837.35435 6148.90918 1880.93568
v 23655.52348 6815.03891 1970.23190
v 23455.08170 7475.80693 2086.21901
v 23236.18669 8130.69338 2150.02149
v 22999.01068 8779.18302 2118.96398
v 22743.74026 9420.76567 2002.66123
v 22470.57626 10054.93656 1856.26936
v 22179.73360 10681.19675 1753.92628
v 21871.44110 11299.05355 1753.52608
v 21545.94130 11908.02084 1867.56477
v 21203.49029 12507.61953 2052.40837
v 20844.35749 13097.37788 2220.92258
v 20468.82546 13676.83191 2273.94510
v 20077.18963 14245.52573 2138.38583
v 19669.75812 14803.01192 1796.91053
v 19246.85149 15348.85189 1297.35288
v 18808.80246 15882.61618 737.94480
v 18355.95565 16403.88487 233.97964
v 17888.66734 16912.24786 -121.18125
v 17407.30517 17407.30517 -285.69969
v 16912.24786 17888.66734 -278.23937
v 16403.88487 18355.95565 -163.41561
v 15882.61618 18808.80246 -20.20105
v 15348.85189 19246.85149 93.49089
v 14803.01192 19669.75812 165.45070
v 14245.52573 20077.18963 232.97888
v 13676.83191 20468.82546 364.37737
v 13097.37788 20844.35749 625.83026
v 12507.61953 21203.49029 1047.43857
v 11908.02084 21545.94130 1602.66166
v 11299.05355 21871.44110 2210.12249
v 10681.19675 22179.73360 2757.77667
v 10054.93656 22470.57626 3140.42237
v 9420.76567 22743.74026 3296.07037
v 8779.18302 22999.01068 3227.00406
v 8130.69338 23236.18669 2997.32568
v 7475.80693 23455.08170 2708.02725
v 6815.03891 23655.52348 2459.44690
v 6148.90918 23837.35435 2315.84532
v 5477.94182 24000.43125 2285.82387
v 4802.66469 24144.62587 2325.82499
v 4123.60909 24269.82478 2364.62421
v 3441.30924 24375.92947 2338.29562
v 2756.30196 24462.85646 2220.99590
v 2069.12616 24530.53737 2038.72166
v 1380.32248 24578.91895 1860.21073
v 690.43284 24607.96313 1768.54425
v 0.00000 24617.64706 1824.97084
v -690.43284 24607.96313 2039.79576
v -1380.32248 24578.91895 2362.50389
v -2069.12616 24530.53737 2695.67449
v -2756.30196 24462.85646 2927.74659
v -3441.30924 24375.92947 2972.11926
v -4123.60909 24269.82478 2797.46530
v -4802.66469 24144.62587 2437.55356
v -5477.94182 24000.43125 1976.95168
v -6148.90918 23837.35435 1518.48594
v -6815.03891 23655.52348 1145.46548
v -7475.80693 23455.08170 893.58671
v -8130.69338 23236.18669 743.37185
v -8779.18302 22999.01068 635.61143
v -9420.76567 22743.74026 502.95627
v -10054.93656 22470.57626 304.29595
v -10681.19675 22179.73360 47.48415
v -11299.05355 21871.44110 -209.24346
v -11908.02084 21545.94130 -378.10071
v -12507.61953 21203.49029 -376.64927
v -13097.37788 20844.35749 -162.73070
v -13676.83191 20468.82546 244.80831
v -14245.52573 20077.18963 768.30016
v -14803.01192 19669.75812 1295.97999
v -15348.85189 19246.85149 1719.90550
v -15882.61618 18808.80246 1972.45609
v -16403.88487 18355.95565 2047.33668
v -16912.24786 17888.66734 1997.15668
v -17407.30517 17407.30517 1908.93950
v -17888.66734 16912.24786 1867.62442
v -18355.95565 16403.88487 1922.26630
v -18808.80246 15882.61618 2068.37095
v -19246.85149 15348.85189 2253.15233
v -19669.75812 14803.01192 2401.15095
v -20077.18963 14245.52573 2449.38234
v -20468.82546 13676.83191 2377.32068
v -20844.35749 13097.37788 2219.12360
v -21203.49029 12507.61953 2052.72133
v -21545.94130 11908.02084 1969.81794
v -21871.44110 11299.05355 2038.68408
v -22179.73360 10681.19675 2274.69462
v -22470.57626 10054.93656 2630.62874
v -22743.74026 9420.76567 3010.96660
v -22999.01068 8779.18302 3304.89861
v -23236.18669 8130.69338 3425.32424
v -23455.08170 7475.80693 3338.73896
v -23655.52348 6815.03891 3074.54340
v -23837.35435 6148.90918 2710.49903
v -24000.43125 5477.94182 2340.51488
v -24144.62587 4802.66469 2037.88944
v -24269.82478 4123.60909 1828.77684
v -24375.92947 3441.30924 1686.35263
v -24462.85646 2756.30196 1547.66656
v -24530.53737 2069.12616 1345.91420
v -24578.91895 1380.32248 1044.57186
v -24607.96313 690.43284 659.05445
v -24617.64706 0.00000 256.59407
v -24607.96313 -690.43284 -66.12926
v -24578.91895 -1380.32248 -219.00218
v -24530.53737 -2069.12616 -153.88546
v -24462.85646 -2756.30196 114.78088
v -24375.92947 -3441.30924 512.61029
v -24269.82478 -4123.60909 930.41100
v -24144.62587 -4802.66469 1262.20426
v -24000.43125 -5477.94182 1441.41217
v -23837.35435 -6148.90918 1461.28937
v -23655.52348 -6815.03891 1371.99315
v -23455.08170 -7475.80693 1256.00604
v -23236.18669 -8130.69338 1192.20356
v -22999.01068 -8779.18302 1223.26106
v -22743.74026 -9420.76567 1339.56381
v -22470.57626 -10054.93656 1485.95569
v -22179.73360 -10681.19675 1588.29877
v -21871.44110 -11299.05355 1588.69896
v -21545.94130 -11908.02084 1474.66028
v -21203.49029 -12507.61953 1289.81668
v -20844.35749 -13097.37788 1121.30246
v -20468.82546 -13676.83191 1068.27994
v -20077.18963 -14245.52573 1203.83921
v -19669.75812 -14803.01192 1545.31452
v -19246.85149 -15348.85189 2044.87216
v -18808.80246 -15882.61618 2604.28024
v -18355.95565 -16403.88487 3108.24540
v -17888.66734 -16912.24786 3463.40630
v -17407.30517 -17407.30517 3627.92473
v -16912.24786 -17888.66734 3620.46441
v -16403.88487 -18355.95565 3505.64065
v -15882.61618 -18808.80246 3362.42609
v -15348.85189 -19246.85149 3248.73415
v -14803.01192 -19669.75812 3176.77434
v -14245.52573 -20077.18963 3109.24616
v -13676.83191 -20468.82546 2977.84767
v -13097.37788 -20844.35749 2716.39479
v -12507.61953 -21203.49029 2294.78647
v -11908.02084 -21545.94130 1739.56338
v -11299.05355 -21871.44110 1132.10256
v -10681.19675 -22179.73360 584.44837
v -10054.93656 -22470.57626 201.80268
v -9420.76567 -22743.74026 46.15468
v -8779.18302 -22999.01068 115.22098
v -8130.69338 -23236.18669 344.89937
v -7475.80693 -23455.08170 634.19779
v -6815.03891 -23655.52348 882.77814
v -6148.90918 -23837.35435 1026.37973
v -5477.94182 -24000.43125 1056.40118
v -4802.66469 -24144.62587 1016.40006
v -4123.60909 -24269.82478 977.60083
v -3441.30924 -24375.92947 1003.92942
v -2756.30196 -24462.85646 1121.22914
v -2069.12616 -24530.53737 1303.50338
v -1380.32248 -24578.91895 1482.01432
v -690.43284 -24607.96313 1573.68080
v -0.00000 -24617.64706 1517.25421
v 690.43284 -24607.96313 1302.42929
v 1380.32248 -24578.91895 979.72116
v 2069.12616 -24530.53737 646.55056
v 2756.30196 -24462.85646 414.47846
v 3441.30924 -24375.92947 370.10579
v 4123.60909 -24269.82478 544.75974
v 4802.66469 -24144.62587 904.67148
v 5477.94182 -24000.43125 1365.27337
v 6148.90918 -23837.35435 1823.73911
v 6815.03891 -23655.52348 2196.75956
v 7475.80693 -23455.08170 2448.63834
v 8130.69338 -23236.18669 2598.85319
v 8779.18302 -22999.01068 2706.61362
v 9420.76567 -22743.74026 2839.26878
v 10054.93656 -22470.57626 3037.92910
v 10681.19675 -22179.73360 3294.74090
v 11299.05355 -21871.44110 3551.46851
v 11908.02084 -21545.94130 3720.32576
v 12507.61953 -21203.49029 3718.87431
v 13097.37788 -20844.35749 3504.95574
v 13676.83191 -20468.82546 3097.41674
v 14245.52573 -20077.18963 2573.92488
v 14803.01192 -19669.75812 2046.24506
v 15348.85189 -19246.85149 1622.31955
v 15882.61618 -18808.80246 1369.76896
v 16403.88487 -18355.95565 1294.88836
v 16912.24786 -17888.66734 1345.06836
v 17407.30517 -17407.30517 1433.28554
v 17888.66734 -16912.24786 1474.60062
v 18355.95565 -16403.88487 1419.95875
v 18808.80246 -15882.61618 1273.85409
v 19246.85149 -15348.85189 1089.07272
v 19669.75812 -14803.01192 941.07410
v 20077.18963 -14245.52573 892.84271
v 20468.82546 -13676.83191 964.90437
v 20844.35749 -13097.37788 1123.10144
v 21203.49029 -12507.61953 1289.50372
v 21545.94130 -11908.02084 1372.40711
v 21871.44110 -11299.05355 1303.54097
v 22179.73360 -10681.19675 1067.53043
v 22470.57626 -10054.93656 711.59630
v 22743.74026 -9420.76567 331.25845
v 22999.01068 -8779.18302 37.32644
v 23236.18669 -8130.69338 -83.09919
v 23455.08170 -7475.80693 3.48609
v 23655.52348 -6815.03891 267.68164
v 23837.35435 -6148.90918 631.72601
v 24000.43125 -5477.94182 1001.71017
v 24144.62587 -4802.66469 1304.33560
v 24269.82478 -4123.60909 1513.44821
v 24375.92947 -3441.30924 1655.87241
v 24462.85646 -2756.30196 1794.55848
v 24530.53737 -2069.12616 1996.31085
v 24578.91895 -1380.32248 2297.65319
v 24607.96313 -690.43284 2683.17059
v 25485.29412 0.00000 3379.48319
v 25475.26888 714.76709 3768.23210
v 25445.20104 1428.97184 3973.26480
v 25395.11425 2142.05235 3938.98970
v 25325.04794 2853.44760 3679.00361
v 25235.05721 3562.59792 3273.32728
v 25125.21287 4268.94537 2840.70449
v 24995.60134 4971.93424 2496.62519
v 24846.32459 5671.01145 2313.35709
v 24677.50006 6365.62701 2297.40531
v 24489.26057 7055.23443 2392.81948
v 24281.75423 7739.29117 2508.44569
v 24055.14429 8417.25903 2557.71915
v 23809.60902 9088.60465 2494.72006
v 23545.34162 9752.79983 2331.91248
v 23262.54998 10409.32202 2132.55299
v 22961.45659 11057.65470 1981.13076
v 22642.29834 11697.28781 1944.19419
v 22305.32633 12327.71811 2037.90010
v 21950.80566 12948.44961 2215.97805
v 21579.01525 13558.99395 2383.59060
v 21190.24762 14158.87079 2432.09201
v 20784.80862 14747.60818 2281.16009
v 20363.01722 15324.74293 1911.63936
v 19925.20528 15889.82098 1375.96504
v 19471.71724 16442.39776 781.83598
v 19002.90988 16982.03852 255.35462
v 18519.15203 17508.31872 -102.06824
v 18020.82429 18020.82429 -246.36740
v 17508.31872 18519.15203 -200.62538
v 16982.03852 19002.90988 -38.80060
v 16442.39776 19471.71724 149.42416
v 15889.82098 19925.20528 298.01642
v 15324.74293 20363.01722 392.01484
v 14747.60818 20784.80862 471.83678
v 14158.87079 21190.24762 612.83127
v 13558.99395 21579.01525 888.60876
v 12948.44961 21950.80566 1333.39511
v 12327.71811 22305.32633 1919.20044
v 11697.28781 22642.29834 2557.72953
v 11057.65470 22961.45659 3127.03930
v 10409.32202 23262.54998 3512.95489
v 9752.79983 23545.34162 3649.21121
v 9088.60465 23809.60902 3540.63111
v 8417.25903 24055.14429 3260.26162
v 7739.29117 24281.75423 2921.62804
v 7055.23443 24489.26057 2637.03772
v 6365.62701 24677.50006 2478.26407
v 5671.01145 24846.32459 2454.81612
v 4971.93424 24995.60134 2517.81766
v 4268.94537 25125.21287 2587.17960
v 3562.59792 25235.05721 2590.41077
v 2853.44760 25325.04794 2496.82736
v 2142.05235 25395.11425 2332.92390
v 1428.97184 25445.20104 2172.43955
v 714.76709 25475.26888 2105.05096
v 0.00000 25485.29412 2196.44543
v -714.76709 25475.26888 2456.20840
v -1428.97184 25445.20104 2826.99750
v -2142.05235 25395.11425 3200.04519
v -2853.44760 25325.04794 3451.51056
v -3562.59792 25235.05721 3485.81164
v -4268.94537 25125.21287 3269.18505
v -4971.93424 24995.60134 2840.50777
v -5671.01145 24846.32459 2295.36526
v -6365.62701 24677.50006 1749.88220
v -7055.23443 24489.26057 1298.73320
v -7739.29117 24281.75423 983.86674
v -8417.25903 24055.14429 785.97606
v -9088.60465 23809.60902 641.46273
v -9752.79983 23545.34162 477.30874
v -10409.32202 23262.54998 249.06085
v -11057.65470 22961.45659 -34.06272
v -11697.28781 22642.29834 -307.63435
v -12327.71811 22305.32633 -475.08911
v -12948.44961 21950.80566 -446.34267
v -13558.99395 21579.01525 -176.41110
v -14158.87079 21190.24762 311.73811
v -14747.60818 20784.80862 929.73827
v -15324.74293 20363.01722 1551.36029
v -15889.82098 19925.20528 2054.67439
v -16442.39776 19471.71724 2362.63365
v -16982.03852 19002.90988 2466.47802
v -17508.31872 18519.15203 2423.16540
v -18020.82429 18020.82429 2328.32442
v -18519.15203 17508.31872 2275.87010
v -19002.90988 16982.03852 2320.57050
v -19471.71724 16442.39776 2458.45058
v -19925.20528 15889.82098 2632.55256
v -20363.01722 15324.74293 2761.22038
v -20784.80862 14747.60818 2776.91518
v -21190.24762 14158.87079 2659.29014
v -21579.01525 13558.99395 2448.58187
v -21950.80566 12948.44961 2233.37113
v -22305.32633 12327.71811 2117.20692
v -22642.29834 11697.28781 2177.26321
v -22961.45659 11057.65470 2431.60192
v -23262.54998 10409.32202 2828.36188
v -23545.34162 9752.79983 3261.56847
v -23809.60902 9088.60465 3607.71202
v -24055.14429 8417.25903 3768.99948
v -24281.75423 7739.29117 3706.54641
v -24489.26057 7055.23443 3450.80198
v -24677.50006 6365.62701 3085.57086
v -24846.32459 5671.01145 2712.47489
v -24995.60134 4971.93424 2410.38444
v -25125.21287 4268.94537 2206.17124
v -25235.05721 3562.59792 2068.37846
v -25325.04794 2853.44760 1926.00088
v -25395.11425 2142.05235 1704.31670
v -25445.20104 1428.97184 1362.74843
v -25475.26888 714.76709 918.86332
v -25485.29412 0.00000 448.20786
v -25475.26888 -714.76709 59.45894
v -25445.20104 -1428.97184 -145.57375
v -25395.11425 -2142.05235 -111.29866
v -25325.04794 -2853.44760 148.68744
v -25235.05721 -3562.59792 554.36376
v -25125.21287 -4268.94537 986.98655
v -24995.60134 -4971.93424 1331.06585
v -24846.32459 -5671.01145 1514.33396
v -24677.50006 -6365.62701 1530.28573
v -24489.26057 -7055.23443 1434.87156
v -24281.75423 -7739.29117 1319.24535
v -24055.14429 -8417.25903 1269.97189
v -23809.60902 -9088.60465 1332.97099
v -23545.34162 -9752.79983 1495.77857
v -23262.54998 -10409.32202 1695.13806
v -22961.45659 -11057.65470 1846.56029
v -22642.29834 -11697.28781 1883.49686
v -22305.32633 -12327.71811 1789.79094
v -21950.80566 -12948.44961 1611.71300
v -21579.01525 -13558.99395 1444.10045
v -21190.24762 -14158.87079 1395.59903
v -20784.80862 -14747.60818 1546.53095
v -20363.01722 -15324.74293 1916.05169
v -19925.20528 -15889.82098 2451.72601
v -19471.71724 -16442.39776 3045.85506
v -19002.90988 -16982.03852 3572.33642
v -18519.15203 -17508.31872 3929.75929
v -18020.82429 -18020.82429 4074.05845
v -17508.31872 -18519.15203 4028.31642
v -16982.03852 -19002.90988 3866.49164
v -16442.39776 -19471.71724 3678.26689
v -15889.82098 -19925.20528 3529.67463
v -15324.74293 -20363.01722 3435.67620
v -14747.60818 -20784.80862 3355.85427
v -14158.87079 -21190.24762 3214.85978
v -13558.99395 -21579.01525 2939.08229
v -12948.44961 -21950.80566 2494.29593
v -12327.71811 -22305.32633 1908.49060
v -11697.28781 -22642.29834 1269.96151
v -11057.65470 -22961.45659 700.65174
v -10409.32202 -23262.54998 314.73615
v -9752.79983 -23545.34162 178.47983
v -9088.60465 -23809.60902 287.05993
v -8417.25903 -24055.14429 567.42942
v -7739.29117 -24281.75423 906.06301
v -7055.23443 -24489.26057 1190.65333
v -6365.62701 -24677.50006 1349.42698
v -5671.01145 -24846.32459 1372.87493
v -4971.93424 -24995.60134 1309.87338
v -4268.94537 -25125.21287 1240.51144
v -3562.59792 -25235.05721 1237.28028
v -2853.44760 -25325.04794 1330.86369
v -2142.05235 -25395.11425 1494.76715
v -1428.97184 -25445.20104 1655.25150
v -714.76709 -25475.26888 1722.64008
v -0.00000 -25485.29412 1631.24561
v 714.76709 -25475.26888 1371.48264
v 1428.97184 -25445.20104 1000.69354
v 2142.05235 -25395.11425 627.64586
v 2853.44760 -25325.04794 376.18048
v 3562.59792 -25235.05721 341.87940
v 4268.94537 -25125.21287 558.50600
v 4971.93424 -24995.60134 987.18328
v 5671.01145 -24846.32459 1532.32578
v 6365.62701 -24677.50006 2077.80885
v 7055.23443 -24489.26057 2528.95785
v 7739.29117 -24281.75423 2843.82430
v 8417.25903 -24055.14429 3041.71499
v 9088.60465 -23809.60902 3186.22832
v 9752.79983 -23545.34162 3350.38230
v 10409.32202 -23262.54998 3578.63019
v 11057.65470 -22961.45659 3861.75377
v 11697.28781 -22642.29834 4135.32539
v 12327.71811 -22305.32633 4302.78016
v 12948.44961 -21950.80566 4274.03371
v 13558.99395 -21579.01525 4004.10214
v 14158.87079 -21190.24762 3515.95293
v 14747.60818 -20784.80862 2897.95278
v 15324.74293 -20363.01722 2276.33076
v 15889.82098 -19925.20528 1773.01666
v 16442.39776 -19471.71724 1465.05739
v 16982.03852 -19002.90988 1361.21303
v 17508.31872 -18519.15203 1404.52565
v 18020.82429 -18020.82429 1499.36662
v 18519.15203 -17508.31872 1551.82095
v 19002.90988 -16982.03852 1507.12055
v 19471.71724 -16442.39776 1369.24046
v 19925.20528 -15889.82098 1195.13849
v 20363.01722 -15324.74293 1066.47066
v 20784.80862 -14747.60818 1050.77587
v 21190.24762 -14158.87079 1168.40091
v 21579.01525 -13558.99395 1379.10917
v 21950.80566 -12948.44961 1594.31992
v 22305.32633 -12327.71811 1710.48412
v 22642.29834 -11697.28781 1650.42784
v 22961.45659 -11057.65470 1396.08913
v 23262.54998 -10409.32202 999.32916
v 23545.34162 -9752.79983 566.12258
v 23809.60902 -9088.60465 219.97902
v 24055.14429 -8417.25903 58.69156
v 24281.75423 -7739.29117 121.14463
v 24489.26057 -7055.23443 376.88906
v 24677.50006 -6365.62701 742.12019
v 24846.32459 -5671.01145 1115.21616
v 24995.60134 -4971.93424 1417.30660
v 25125.21287 -4268.94537 1621.51980
v 25235.05721 -3562.59792 1759.31258
v 25325.04794 -2853.44760 1901.69016
v 25395.11425 -2142.05235 2123.37434
v 25445.20104 -1428.97184 2464.94262
v 25475.26888 -714.76709 2908.82773
v 26352.94118 0.00000 3751.28106
v 26342.57462 739.10134 4215.32880
v 26311.48313 1477.62120 4475.80038
v 26259.69114 2214.97854 4469.65948
v 26187.23941 2950.59325 4209.77352
v 26094.18495 3683.88659 3782.01996
v 25980.60096 4414.28165 3315.12605
v 25846.57680 5141.20378 2934.88035
v 25692.21792 5864.08108 2720.49901
v 25517.64576 6582.34484 2679.98774
v 25322.99766 7295.42995 2753.69698
v 25108.42676 8002.77540 2843.99577
v 24874.10188 8703.82469 2858.61358
v 24620.20737 9398.02627 2749.87856
v 24346.94297 10084.83398 2533.93570
v 24054.52369 10763.70748 2282.29458
v 23743.17958 11434.11265 2089.38864
v 23413.15558 12095.52208 2029.65098
v 23064.71135 12747.41538 2121.95865
v 22698.12103 13389.27969 2316.40842
v 22313.67301 14020.61002 2509.41565
v 21911.66978 14640.90967 2581.68005
v 21492.42761 15249.69063 2444.24506
v 21056.27632 15846.47394 2074.44919
v 20603.55907 16430.79007 1527.42197
v 20134.63202 17002.17933 918.38632
v 19649.86411 17560.19217 382.55023
v 19149.63672 18104.38958 28.19543
v 18634.34341 18634.34341 -98.83203
v 18104.38958 19149.63672 -25.68357
v 17560.19217 19649.86411 165.38812
v 17002.17933 20134.63202 375.51746
v 16430.79007 20603.55907 532.29130
v 15846.47394 21056.27632 619.71832
v 15249.69063 21492.42761 682.91174
v 14640.90967 21911.66978 805.69443
v 14020.61002 22313.67301 1070.44838
v 13389.27969 22698.12103 1516.86961
v 12747.41538 23064.71135 2116.88363
v 12095.52208 23413.15558 2776.57383
v 11434.11265 23743.17958 3365.13858
v 10763.70748 24054.52369 3759.97722
v 10084.83398 24346.94297 3890.40188
v 9398.02627 24620.20737 3762.84717
v 8703.82469 24874.10188 3457.66814
v 8002.77540 25108.42676 3098.79825
v 7295.42995 25322.99766 2808.20990
v 6582.34484 25517.64576 2663.01481
v 5864.08108 25692.21792 2671.80992
v 5141.20378 25846.57680 2779.02789
v 4414.28165 25980.60096 2894.75499
v 3683.88659 26094.18495 2937.27753
v 2950.59325 26187.23941 2870.60850
v 2214.97854 26259.69114 2721.43356
v 1477.62120 26311.48313 2568.40365
v 739.10134 26342.57462 2508.05892
v 0.00000 26352.94118 2611.30716
v -739.10134 26342.57462 2888.40146
v -1477.62120 26311.48313 3277.12907
v -2214.97854 26259.69114 3659.71778
v -2950.59325 26187.23941 3902.47674
v -3683.88659 26094.18495 3903.02711
v -4414.28165 25980.60096 3626.83024
v -5141.20378 25846.57680 3118.85961
v -5864.08108 25692.21792 2486.03983
v -6582.34484 25517.64576 1857.58014
v -7295.42995 25322.99766 1338.96048
v -8002.77540 25108.42676 977.63823
v -8703.82469 24874.10188 753.62827
v -9398.02627 24620.20737 597.96193
v -10084.83398 24346.94297 430.74522
v -10763.70748 24054.52369 202.65695
v -11434.11265 23743.17958 -77.57931
v -12095.52208 23413.15558 -341.43011
v -12747.41538 23064.71135 -485.63661
v -13389.27969 22698.12103 -414.25533
v -14020.61002 22313.67301 -80.68613
v -14640.90967 21911.66978 487.52903
v -15249.69063 21492.42761 1191.64932
v -15846.47394 21056.27632 1891.95359
v -16430.79007 20603.55907 2453.90943
v -17002.17933 20134.63202 2792.58715
v -17560.19217 19649.86411 2898.27245
v -18104.38958 19149.63672 2833.66972
v -18634.34341 18634.34341 2704.32789
v -19149.63672 18104.38958 2614.46020
v -19649.86411 17560.19217 2625.95332
v -20134.63202 17002.17933 2736.83199
v -20603.55907 16430.79007 2887.40093
v -21056.27632 15846.47394 2990.97961
v -21492.42761 15249.69063 2976.14021
v -21911.66978 14640.90967 2822.68590
v -22313.67301 14020.61002 2576.14934
v -22698.12103 13389.27969 2334.32371
v -23064.71135 12747.41538 2210.74120
v -23413.15558 12095.52208 2289.48768
v -23743.17958 11434.11265 2589.45819
v -24054.52369 10763.70748 3052.60115
v -24346.94297 10084.83398 3561.27589
v -24620.20737 9398.02627 3978.32593
v -24874.10188 8703.82469 4194.46426
v -25108.42676 8002.77540 4164.68471
v -25322.99766 7295.42995 3919.80953
v -25517.64576 6582.34484 3549.19136
v -25692.21792 5864.08108 3162.03416
v -25846.57680 5141.20378 2843.19494
v -25980.60096 4414.28165 2621.31965
v -26094.18495 3683.88659 2461.97391
v -26187.23941 2950.59325 2288.16086
v -26259.69114 2214.97854 2019.42380
v -26311.48313 1477.62120 1613.12703
v -26342.57462 739.10134 1090.56416
v -26352.94118 0.00000 536.64372
v -26342.57462 -739.10134 72.59599
v -26311.48313 -1477.62120 -187.87559
v -26259.69114 -2214.97854 -181.73469
v -26187.23941 -2950.59325 78.15127
v -26094.18495 -3683.88659 505.90483
v -25980.60096 -4414.28165 972.79874
v -25846.57680 -5141.20378 1353.04444
v -25692.21792 -5864.08108 1567.42577
v -25517.64576 -6582.34484 1607.93705
v -25322.99766 -7295.42995 1534.22780
v -25108.42676 -8002.77540 1443.92902
v -24874.10188 -8703.82469 1429.31121
v -24620.20737 -9398.02627 1538.04623
v -24346.94297 -10084.83398 1753.98908
v -24054.52369 -10763.70748 2005.63021
v -23743.17958 -11434.11265 2198.53615
v -23413.15558 -12095.52208 2258.27381
v -23064.71135 -12747.41538 2165.96613
v -22698.12103 -13389.27969 1971.51637
v -22313.67301 -14020.61002 1778.50914
v -21911.66978 -14640.90967 1706.24474
v -21492.42761 -15249.69063 1843.67972
v -21056.27632 -15846.47394 2213.47560
v -20603.55907 -16430.79007 2760.50282
v -20134.63202 -17002.17933 3369.53847
v -19649.86411 -17560.19217 3905.37456
v -19149.63672 -18104.38958 4259.72935
v -18634.34341 -18634.34341 4386.75681
v -18104.38958 -19149.63672 4313.60836
v -17560.19217 -19649.86411 4122.53666
v -17002.17933 -20134.63202 3912.40733
v -16430.79007 -20603.55907 3755.63349
v -15846.47394 -21056.27632 3668.20647
v -15249.69063 -21492.42761 3605.01304
v -14640.90967 -21911.66978 3482.23036
v -14020.61002 -22313.67301 3217.47641
v -13389.27969 -22698.12103 2771.05518
v -12747.41538 -23064.71135 2171.04116
v -12095.52208 -23413.15558 1511.35096
v -11434.11265 -23743.17958 922.78621
v -10763.70748 -24054.52369 527.94757
v -10084.83398 -24346.94297 397.52290
v -9398.02627 -24620.20737 525.07762
v -8703.82469 -24874.10188 830.25665
v -8002.77540 -25108.42676 1189.12654
v -7295.42995 -25322.99766 1479.71489
v -6582.34484 -25517.64576 1624.90998
v -5864.08108 -25692.21792 1616.11487
v -5141.20378 -25846.57680 1508.89690
v -4414.28165 -25980.60096 1393.16979
v -3683.88659 -26094.18495 1350.64725
v -2950.59325 -26187.23941 1417.31629
v -2214.97854 -26259.69114 1566.49122
v -1477.62120 -26311.48313 1719.52114
v -739.10134 -26342.57462 1779.86587
v -0.00000 -26352.94118 1676.61763
v 739.10134 -26342.57462 1399.52332
v 1477.62120 -26311.48313 1010.79572
v 2214.97854 -26259.69114 628.20701
v 2950.59325 -26187.23941 385.44805
v 3683.88659 -26094.18495 384.89768
v 4414.28165 -25980.60096 661.09455
v 5141.20378 -25846.57680 1169.06517
v 5864.08108 -25692.21792 1801.88495
v 6582.34484 -25517.64576 2430.34464
v 7295.42995 -25322.99766 2948.96431
v 8002.77540 -25108.42676 3310.28656
v 8703.82469 -24874.10188 3534.29651
v 9398.02627 -24620.20737 3689.96286
v 10084.83398 -24346.94297 3857.17957
v 10763.70748 -24054.52369 4085.26783
v 11434.11265 -23743.17958 4365.50409
v 12095.52208 -23413.15558 4629.35490
v 12747.41538 -23064.71135 4773.56140
v 13389.27969 -22698.12103 4702.18012
v 14020.61002 -22313.67301 4368.61091
v 14640.90967 -21911.66978 3800.39575
v 15249.69063 -21492.42761 3096.27547
v 15846.47394 -21056.27632 2395.97119
v 16430.79007 -20603.55907 1834.01536
v 17002.17933 -20134.63202 1495.33763
v 17560.19217 -19649.86411 1389.65233
v 18104.38958 -19149.63672 1454.25507
v 18634.34341 -18634.34341 1583.59690
v 19149.63672 -18104.38958 1673.46459
v 19649.86411 -17560.19217 1661.97147
v 20134.63202 -17002.17933 1551.09280
v 20603.55907 -16430.79007 1400.52386
v 21056.27632 -15846.47394 1296.94517
v 21492.42761 -15249.69063 1311.78457
v 21911.66978 -14640.90967 1465.23889
v 22313.67301 -14020.61002 1711.77544
v 22698.12103 -13389.27969 1953.60108
v 23064.71135 -12747.41538 2077.18359
v 23413.15558 -12095.52208 1998.43711
v 23743.17958 -11434.11265 1698.46660
v 24054.52369 -10763.70748 1235.32363
v 24346.94297 -10084.83398 726.64889
v 24620.20737 -9398.02627 309.59885
v 24874.10188 -8703.82469 93.46053
v 25108.42676 -8002.77540 123.24008
v 25322.99766 -7295.42995 368.11526
v 25517.64576 -6582.34484 738.73343
v 25692.21792 -5864.08108 1125.89062
v 25846.57680 -5141.20378 1444.72985
v 25980.60096 -4414.28165 1666.60514
v 26094.18495 -3683.88659 1825.95088
v 26187.23941 -2950.59325 1999.76392
v 26259.69114 -2214.97854 2268.50099
v 26311.48313 -1477.62120 2674.79776
v 26342.57462 -739.10134 3197.36063
v 27220.58824 0.00000 4208.26608
v 27209.88037 763.43559 4732.89708
v 27177.76521 1526.27056 5028.92573
v 27124.26802 2287.90473 5027.45512
v 27049.43089 3047.73890 4742.02392
v 26953.31269 3805.17527 4265.50897
v 26835.98905 4559.61793 3737.60542
v 26697.55227 5310.47332 3295.42605
v 26538.11126 6057.15072 3026.38532
v 26357.79146 6799.06266 2941.52106
v 26156.73475 7535.62547 2979.17232
v 25935.09930 8266.25964 3036.78791
v 25693.05948 8990.39035 3017.46021
v 25430.80571 9707.44790 2872.04565
v 25148.54433 10416.86814 2619.73162
v 24846.49741 11118.09294 2338.81556
v 24524.90257 11810.57060 2131.67053
v 24184.01283 12493.75634 2078.45430
v 23824.09638 13167.11265 2198.80028
v 23445.43639 13830.10977 2437.61296
v 23048.33078 14482.22608 2681.42118
v 22633.09195 15122.94855 2799.40466
v 22200.04659 15751.77308 2693.16785
v 21749.53542 16368.20494 2335.63943
v 21281.91285 16971.75917 1783.62765
v 20797.54680 17561.96090 1158.91516
v 20296.81834 18138.34582 605.19209
v 19780.12141 18700.46044 237.63477
v 19247.86253 19247.86253 104.73879
v 18700.46044 19780.12141 176.99574
v 18138.34582 20296.81834 366.19280
v 17561.96090 20797.54680 566.85819
v 16971.75917 21281.91285 702.59793
v 16368.20494 21749.53542 758.28489
v 15751.77308 22200.04659 784.97115
v 15122.94855 22633.09195 875.60228
v 14482.22608 23048.33078 1121.58802
v 13830.10977 23445.43639 1568.19240
v 13167.11265 23824.09638 2187.34680
v 12493.75634 24184.01283 2879.58947
v 11810.57060 24524.90257 3505.15739
v 11118.09294 24846.49741 3932.49259
v 10416.86814 25148.54433 4085.30779
v 9707.44790 25430.80571 3969.75790
v 8990.39035 25693.05948 3671.03920
v 8266.25964 25935.09930 3320.78312
v 7535.62547 26156.73475 3048.10763
v 6799.06266 26357.79146 2933.53854
v 6057.15072 26538.11126 2983.68423
v 5310.47332 26697.55227 3136.09172
v 4559.61793 26835.98905 3291.53944
v 3805.17527 26953.31269 3360.03002
v 3047.73890 27049.43089 3301.34954
v 2287.90473 27124.26802 3143.41829
v 1526.27056 27177.76521 2970.80615
v 763.43559 27209.88037 2888.02634
v 0.00000 27220.58824 2972.60904
v -763.43559 27209.88037 3237.29280
v -1526.27056 27177.76521 3617.19061
v -2287.90473 27124.26802 3987.87070
v -3047.73890 27049.43089 4207.91365
v -3805.17527 26953.31269 4169.63729
v -4559.61793 26835.98905 3838.28962
v -5310.47332 26697.55227 3264.46933
v -6057.15072 26538.11126 2565.06786
v -6799.06266 26357.79146 1880.42166
v -7535.62547 26156.73475 1324.66087
v -8266.25964 25935.09930 948.72762
v -8990.39035 25693.05948 730.23819
v -9707.44790 25430.80571 593.42675
v -10416.86814 25148.54433 450.24577
v -11118.09294 24846.49741 245.20528
v -11810.57060 24524.90257 -14.87681
v -12493.75634 24184.01283 -258.80919
v -13167.11265 23824.09638 -377.88776
v -13830.10977 23445.43639 -271.03319
v -14482.22608 23048.33078 110.06909
v -15122.94855 22633.09195 734.36804
v -15751.77308 22200.04659 1494.70550
v -16368.20494 21749.53542 2240.42569
v -16971.75917 21281.91285 2827.12971
v -17561.96090 20797.54680 3164.49689
v -18138.34582 20296.81834 3243.80727
v -18700.46044 19780.12141 3134.81738
v -19247.86253 19247.86253 2953.75456
v -19780.12141 18700.46044 2815.55371
v -20296.81834 18138.34582 2789.52125
v -20797.54680 17561.96090 2875.96414
v -21281.91285 16971.75917 3012.65351
v -21749.53542 16368.20494 3107.80922
v -22200.04659 15751.77308 3085.50939
v -22633.09195 15122.94855 2924.39156
v -23048.33078 14482.22608 2673.24977
v -23445.43639 13830.10977 2436.53844
v -23824.09638 13167.11265 2335.07810
v -24184.01283 12493.75634 2457.46317
v -24524.90257 11810.57060 2821.67402
v -24846.49741 11118.09294 3362.56070
v -25148.54433 10416.86814 3950.71067
v -25430.80571 9707.44790 4435.79675
v -25693.05948 8990.39035 4697.79657
v -25935.09930 8266.25964 4686.36995
v -26156.73475 7535.62547 4433.41868
v -26357.79146 6799.06266 4034.53053
v -26538.11126 6057.15072 3607.34571
v -26697.55227 5310.47332 3243.93415
v -26835.98905 4559.61793 2976.42116
v -26953.31269 3805.17527 2769.50584
v -27049.43089 3047.73890 2542.45512
v -27124.26802 2287.90473 2211.09609
v -27177.76521 1526.27056 1732.13719
v -27209.88037 763.43559 1131.13231
v -27220.58824 0.00000 501.97676
v -27209.88037 -763.43559 -22.65424
v -27177.76521 -1526.27056 -318.68289
v -27124.26802 -2287.90473 -317.21228
v -27049.43089 -3047.73890 -31.78108
v -26953.31269 -3805.17527 444.73387
v -26835.98905 -4559.61793 972.63742
v -26697.55227 -5310.47332 1414.81679
v -26538.11126 -6057.15072 1683.85752
v -26357.79146 -6799.06266 1768.72178
v -26156.73475 -7535.62547 1731.07052
v -25935.09930 -8266.25964 1673.45493
v -25693.05948 -8990.39035 1692.78263
v -25430.80571 -9707.44790 1838.19719
v -25148.54433 -10416.86814 2090.51122
v -24846.49741 -11118.09294 2371.42728
v -24524.90257 -11810.57060 2578.57231
v -24184.01283 -12493.75634 2631.78854
v -23824.09638 -13167.11265 2511.44256
v -23445.43639 -13830.10977 2272.62989
v -23048.33078 -14482.22608 2028.82166
v -22633.09195 -15122.94855 1910.83818
v -22200.04659 -15751.77308 2017.07499
v -21749.53542 -16368.20494 2374.60341
v -21281.91285 -16971.75917 2926.61519
v -20797.54680 -17561.96090 3551.32768
v -20296.81834 -18138.34582 4105.05075
v -19780.12141 -18700.46044 4472.60807
v -19247.86253 -19247.86253 4605.50406
v -18700.46044 -19780.12141 4533.24710
v -18138.34582 -20296.81834 4344.05004
v -17561.96090 -20797.54680 4143.38465
v -16971.75917 -21281.91285 4007.64491
v -16368.20494 -21749.53542 3951.95795
v -15751.77308 -22200.04659 3925.27169
v -15122.94855 -22633.09195 3834.64056
v -14482.22608 -23048.33078 3588.65482
v -13830.10977 -23445.43639 3142.05044
v -13167.11265 -23824.09638 2522.89604
v -12493.75634 -24184.01283 1830.65337
v -11810.57060 -24524.90257 1205.08545
v -11118.09294 -24846.49741 777.75025
v -10416.86814 -25148.54433 624.93505
v -9707.44790 -25430.80571 740.48494
v -8990.39035 -25693.05948 1039.20364
v -8266.25964 -25935.09930 1389.45972
v -7535.62547 -26156.73475 1662.13522
v -6799.06266 -26357.79146 1776.70430
v -6057.15072 -26538.11126 1726.55861
v -5310.47332 -26697.55227 1574.15112
v -4559.61793 -26835.98905 1418.70340
v -3805.17527 -26953.31269 1350.21282
v -3047.73890 -27049.43089 1408.89330
v -2287.90473 -27124.26802 1566.82455
v -1526.27056 -27177.76521 1739.43669
v -763.43559 -27209.88037 1822.21650
v -0.00000 -27220.58824 1737.63380
v 763.43559 -27209.88037 1472.95004
v 1526.27056 -27177.76521 1093.05223
v 2287.90473 -27124.26802 722.37214
v 3047.73890 -27049.43089 502.32920
v 3805.17527 -26953.31269 540.60555
v 4559.61793 -26835.98905 871.95322
v 5310.47332 -26697.55227 1445.77351
v 6057.15072 -26538.11126 2145.17498
v 6799.06266 -26357.79146 2829.82118
v 7535.62547 -26156.73475 3385.58197
v 8266.25964 -25935.09930 3761.51523
v 8990.39035 -25693.05948 3980.00465
v 9707.44790 -25430.80571 4116.81609
v 10416.86814 -25148.54433 4259.99707
v 11118.09294 -24846.49741 4465.03756
v 11810.57060 -24524.90257 4725.11965
v 12493.75634 -24184.01283 4969.05203
v 13167.11265 -23824.09638 5088.13060
v 13830.10977 -23445.43639 4981.27603
v 14482.22608 -23048.33078 4600.17375
v 15122.94855 -22633.09195 3975.87480
v 15751.77308 -22200.04659 3215.53734
v 16368.20494 -21749.53542 2469.81715
v 16971.75917 -21281.91285 1883.11313
v 17561.96090 -20797.54680 1545.74595
v 18138.34582 -20296.81834 1466.43557
v 18700.46044 -19780.12141 1575.42546
v 19247.86253 -19247.86253 1756.48828
v 19780.12141 -18700.46044 1894.68913
v 20296.81834 -18138.34582 1920.72159
v 20797.54680 -17561.96090 1834.27870
v 21281.91285 -16971.75917 1697.58933
v 21749.53542 -16368.20494 1602.43362
v 22200.04659 -15751.77308 1624.73345
v 22633.09195 -15122.94855 1785.85128
v 23048.33078 -14482.22608 2036.99307
v 23445.43639 -13830.10977 2273.70440
v 23824.09638 -13167.11265 2375.16474
v 24184.01283 -12493.75634 2252.77967
v 24524.90257 -11810.57060 1888.56882
v 24846.49741 -11118.09294 1347.68214
v 25148.54433 -10416.86814 759.53217
v 25430.80571 -9707.44790 274.44609
v 25693.05948 -8990.39035 12.44627
v 25935.09930 -8266.25964 23.87289
v 26156.73475 -7535.62547 276.82416
v 26357.79146 -6799.06266 675.71231
v 26538.11126 -6057.15072 1102.89713
v 26697.55227 -5310.47332 1466.30869
v 26835.98905 -4559.61793 1733.82168
v 26953.31269 -3805.17527 1940.73700
v 27049.43089 -3047.73890 2167.78772
v 27124.26802 -2287.90473 2499.14675
v 27177.76521 -1526.27056 2978.10565
v 27209.88037 -763.43559 3579.11053
v 28088.23529 0.00000 4504.54731
v 28077.18612 787.76985 5037.53203
v 28044.04730 1574.91992 5325.48028
v 27988.84491 2360.83092 5298.67415
v 27911.62237 3144.88455 4972.61596
v 27812.44043 3926.46395 4444.74693
v 27691.37714 4704.95421 3860.92958
v 27548.52773 5479.74287 3364.57781
v 27384.00459 6250.22035 3048.11957
v 27197.93717 7015.78049 2925.43857
v 26990.47184 7775.82098 2935.48820
v 26761.77183 8529.74387 2974.80308
v 26512.01707 9276.95600 2945.15554
v 26241.40406 10016.86952 2796.71661
v 25950.14569 10748.90229 2549.13056
v 25638.47112 11472.47839 2282.05207
v 25306.62555 12187.02855 2099.22607
v 24954.87007 12891.99060 2081.05127
v 24583.48141 13586.80992 2245.37215
v 24192.75176 14270.93984 2533.04309
v 23782.98854 14943.84215 2824.88048
v 23354.51411 15604.98743 2983.95109
v 22907.66558 16253.85553 2906.83680
v 22442.79452 16889.93595 2563.72100
v 21960.26664 17512.72826 2011.40636
v 21460.46159 18121.74248 1374.00296
v 20943.77257 18716.49947 798.77370
v 20410.60610 19296.53130 404.38790
v 19861.38165 19861.38165 241.71194
v 19296.53130 20410.60610 282.11643
v 18716.49947 20943.77257 437.18348
v 18121.74248 21460.46159 601.11882
v 17512.72826 21960.26664 698.16347
v 16889.93595 22442.79452 715.46982
v 16253.85553 22907.66558 707.97468
v 15604.98743 23354.51411 773.30741
v 14943.84215 23782.98854 1007.06540
v 14270.93984 24192.75176 1456.90637
v 13586.80992 24583.48141 2094.56300
v 12891.99060 24954.87007 2817.79926
v 12187.02855 25306.62555 3482.33738
v 11472.47839 25638.47112 3951.70474
v 10748.90229 25950.14569 4145.64111
v 10016.86952 26241.40406 4068.11594
v 9276.95600 26512.01707 3803.98606
v 8529.74387 26761.77183 3485.68738
v 7775.82098 26990.47184 3243.15546
v 7015.78049 27197.93717 3156.68715
v 6250.22035 27384.00459 3231.09201
v 5479.74287 27548.52773 3400.80277
v 4704.95421 27691.37714 3563.11905
v 3926.46395 27812.44043 3625.47661
v 3144.88455 27911.62237 3547.09626
v 2360.83092 27988.84491 3357.79076
v 1574.91992 28044.04730 3146.10182
v 787.76985 28077.18612 3021.50843
v 0.00000 28088.23529 3066.11386
v -787.76985 28077.18612 3295.67234
v -1574.91992 28044.04730 3646.24407
v -2360.83092 27988.84491 3992.58752
v -3144.88455 27911.62237 4191.68984
v -3926.46395 27812.44043 4134.70348
v -4704.95421 27691.37714 3787.07372
v -5479.74287 27548.52773 3201.21849
v -6250.22035 27384.00459 2496.93350
v -7015.78049 27197.93717 1817.41798
v -7775.82098 26990.47184 1278.35785
v -8529.74387 26761.77183 930.05440
v -9276.95600 26512.01707 747.14325
v -10016.86952 26241.40406 649.21974
v -10748.90229 25950.14569 543.19877
v -11472.47839 25638.47112 369.51751
v -12187.02855 25306.62555 132.84153
v -12891.99060 24954.87007 -95.66674
v -13586.80992 24583.48141 -205.80119
v -14270.93984 24192.75176 -94.56198
v -14943.84215 23782.98854 287.55263
v -15604.98743 23354.51411 909.24411
v -16253.85553 22907.66558 1661.72223
v -16889.93595 22442.79452 2392.10454
v -17512.72826 21960.26664 2954.38134
v -18121.74248 21460.46159 3258.36751
v -18716.49947 20943.77257 3297.79610
v -19296.53130 20410.60610 3146.94078
v -19861.38165 19861.38165 2927.59027
v -20410.60610 19296.53130 2759.85814
v -20943.77257 18716.49947 2716.53313
v -21460.46159 18121.74248 2798.98269
v -21960.26664 17512.72826 2943.72183
v -22442.79452 16889.93595 3056.24961
v -22907.66558 16253.85553 3057.68412
v -23354.51411 15604.98743 2924.55258
v -23782.98854 14943.84215 2704.90095
v -24192.75176 14270.93984 2503.54200
v -24583.48141 13586.80992 2441.86940
v -24954.87007 12891.99060 2608.14047
v -25306.62555 12187.02855 3018.23806
v -25638.47112 11472.47839 3602.98464
v -25950.14569 10748.90229 4227.65741
v -26241.40406 10016.86952 4736.60745
v -26512.01707 9276.95600 5005.92533
v -26761.77183 8529.74387 4983.90989
v -26990.47184 7775.82098 4703.96332
v -27197.93717 7015.78049 4265.50047
v -27384.00459 6250.22035 3791.12651
v -27548.52773 5479.74287 3377.63127
v -27691.37714 4704.95421 3060.55670
v -27812.44043 3926.46395 2806.35388
v -27911.62237 3144.88455 2534.79143
v -27988.84491 2360.83092 2161.89674
v -28044.04730 1574.91992 1645.30128
v -28077.18612 787.76985 1012.81695
v -28088.23529 0.00000 361.81854
v -28077.18612 -787.76985 -171.16617
v -28044.04730 -1574.91992 -459.11443
v -27988.84491 -2360.83092 -432.30829
v -27911.62237 -3144.88455 -106.25010
v -27812.44043 -3926.46395 421.61893
v -27691.37714 -4704.95421 1005.43627
v -27548.52773 -5479.74287 1501.78804
v -27384.00459 -6250.22035 1818.24629
v -27197.93717 -7015.78049 1940.92729
v -26990.47184 -7775.82098 1930.87765
v -26761.77183 -8529.74387 1891.56277
v -26512.01707 -9276.95600 1921.21031
v -26241.40406 -10016.86952 2069.64925
v -25950.14569 -10748.90229 2317.23529
v -25638.47112 -11472.47839 2584.31378
v -25306.62555 -12187.02855 2767.13979
v -24954.87007 -12891.99060 2785.31459
v -24583.48141 -13586.80992 2620.99371
v -24192.75176 -14270.93984 2333.32276
v -23782.98854 -14943.84215 2041.48538
v -23354.51411 -15604.98743 1882.41476
v -22907.66558 -16253.85553 1959.52906
v -22442.79452 -16889.93595 2302.64485
v -21960.26664 -17512.72826 2854.95949
v -21460.46159 -18121.74248 3492.36289
v -20943.77257 -18716.49947 4067.59215
v -20410.60610 -19296.53130 4461.97796
v -19861.38165 -19861.38165 4624.65391
v -19296.53130 -20410.60610 4584.24943
v -18716.49947 -20943.77257 4429.18237
v -18121.74248 -21460.46159 4265.24703
v -17512.72826 -21960.26664 4168.20238
v -16889.93595 -22442.79452 4150.89603
v -16253.85553 -22907.66558 4158.39117
v -15604.98743 -23354.51411 4093.05845
v -14943.84215 -23782.98854 3859.30046
v -14270.93984 -24192.75176 3409.45948
v -13586.80992 -24583.48141 2771.80285
v -12891.99060 -24954.87007 2048.56659
v -12187.02855 -25306.62555 1384.02848
v -11472.47839 -25638.47112 914.66111
v -10748.90229 -25950.14569 720.72475
v -10016.86952 -26241.40406 798.24991
v -9276.95600 -26512.01707 1062.37980
v -8529.74387 -26761.77183 1380.67848
v -7775.82098 -26990.47184 1623.21039
v -7015.78049 -27197.93717 1709.67871
v -6250.22035 -27384.00459 1635.27385
v -5479.74287 -27548.52773 1465.56309
v -4704.95421 -27691.37714 1303.24680
v -3926.46395 -27812.44043 1240.88925
v -3144.88455 -27911.62237 1319.26959
v -2360.83092 -27988.84491 1508.57509
v -1574.91992 -28044.04730 1720.26403
v -787.76985 -28077.18612 1844.85742
v -0.00000 -28088.23529 1800.25199
v 787.76985 -28077.18612 1570.69352
v 1574.91992 -28044.04730 1220.12178
v 2360.83092 -27988.84491 873.77834
v 3144.88455 -27911.62237 674.67601
v 3926.46395 -27812.44043 731.66237
v 4704.95421 -27691.37714 1079.29213
v 5479.74287 -27548.52773 1665.14737
v 6250.22035 -27384.00459 2369.43235
v 7015.78049 -27197.93717 3048.94788
v 7775.82098 -26990.47184 3588.00801
v 8529.74387 -26761.77183 3936.31146
v 9276.95600 -26512.01707 4119.22260
v 10016.86952 -26241.40406 4217.14612
v 10748.90229 -25950.14569 4323.16709
v 11472.47839 -25638.47112 4496.84835
v 12187.02855 -25306.62555 4733.52433
v 12891.99060 -24954.87007 4962.03259
v 13586.80992 -24583.48141 5072.16705
v 14270.93984 -24192.75176 4960.92784
v 14943.84215 -23782.98854 4578.81323
v 15604.98743 -23354.51411 3957.12175
v 16253.85553 -22907.66558 3204.64363
v 16889.93595 -22442.79452 2474.26132
v 17512.72826 -21960.26664 1911.98452
v 18121.74248 -21460.46159 1607.99834
v 18716.49947 -20943.77257 1568.56975
v 19296.53130 -20410.60610 1719.42507
v 19861.38165 -19861.38165 1938.77558
v 20410.60610 -19296.53130 2106.50771
v 20943.77257 -18716.49947 2149.83273
v 21460.46159 -18121.74248 2067.38317
v 21960.26664 -17512.72826 1922.64403
v 22442.79452 -16889.93595 1810.11624
v 22907.66558 -16253.85553 1808.68173
v 23354.51411 -15604.98743 1941.81328
v 23782.98854 -14943.84215 2161.46491
v 24192.75176 -14270.93984 2362.82386
v 24583.48141 -13586.80992 2424.49646
v 24954.87007 -12891.99060 2258.22538
v 25306.62555 -12187.02855 1848.12780
v 25638.47112 -11472.47839 1263.38121
v 25950.14569 -10748.90229 638.70844
v 26241.40406 -10016.86952 129.75840
v 26512.01707 -9276.95600 -139.55948
v 26761.77183 -8529.74387 -117.54403
v 26990.47184 -7775.82098 162.40254
v 27197.93717 -7015.78049 600.86538
v 27384.00459 -6250.22035 1075.23935
v 27548.52773 -5479.74287 1488.73459
v 27691.37714 -4704.95421 1805.80915
v 27812.44043 -3926.46395 2060.01197
v 27911.62237 -3144.88455 2331.57443
v 27988.84491 -2360.83092 2704.46911
v 28044.04730 -1574.91992 3221.06458
v 28077.18612 -787.76985 3853.54891
v 28955.88235 0.00000 4486.32183
v 28944.49187 812.10410 4972.12862
v 28910.32939 1623.56927 5214.01287
v 28853.42179 2433.75711 5146.58169
v 28773.81384 3242.03020 4787.53594
v 28671.56817 4047.75263 4234.31228
v 28546.76523 4850.29050 3631.31223
v 28399.50319 5649.01241 3120.26104
v 28229.89793 6443.28998 2792.85434
v 28038.08287 7232.49832 2663.83852
v 27824.20893 8016.01650 2674.44734
v 27588.44436 8793.22810 2723.98702
v 27330.97467 9563.52166 2716.19512
v 27052.00240 10326.29114 2601.26876
v 26751.74705 11080.93645 2396.44835
v 26430.44484 11826.86385 2176.93154
v 26088.34854 12563.48650 2041.07830
v 25725.72731 13290.22487 2064.43123
v 25342.86644 14006.50719 2261.74657
v 24940.06713 14711.76992 2573.11730
v 24517.64630 15405.45822 2880.61311
v 24075.93627 16087.02631 3049.54117
v 23615.28457 16755.93797 2978.40634
v 23136.05361 17411.66695 2637.96035
v 22638.62043 18053.69735 2083.87977
v 22123.37637 18681.52405 1437.95441
v 21590.72680 19294.65312 845.07041
v 21041.09080 19892.60217 422.77224
v 20474.90077 20474.90077 222.98965
v 19892.60217 21041.09080 220.50860
v 19294.65312 21590.72680 331.97359
v 18681.52405 22123.37637 456.97408
v 18053.69735 22638.62043 524.00369
v 17411.66695 23136.05361 522.30034
v 16755.93797 23615.28457 506.47628
v 16087.02631 24075.93627 572.03670
v 15405.45822 24517.64630 811.84185
v 14711.76992 24940.06713 1271.46061
v 14006.50719 25342.86644 1921.99897
v 13290.22487 25725.72731 2662.09172
v 12563.48650 26088.34854 3349.07946
v 11826.86385 26430.44484 3847.64194
v 11080.93645 26751.74705 4077.04686
v 10326.29114 27052.00240 4038.57125
v 9563.52166 27330.97467 3812.41417
v 8793.22810 27588.44436 3525.44613
v 8016.01650 27824.20893 3302.62033
v 7232.49832 28038.08287 3221.21211
v 6443.28998 28229.89793 3285.72862
v 5649.01241 28399.50319 3432.89055
v 4850.29050 28546.76523 3563.93683
v 4047.75263 28671.56817 3590.53147
v 3242.03020 28773.81384 3475.16773
v 2433.75711 28853.42179 3249.32461
v 1623.56927 28910.32939 3001.77062
v 812.10410 28944.49187 2841.63607
v 0.00000 28955.88235 2851.25161
v -812.10410 28944.49187 3048.08233
v -1623.56927 28910.32939 3371.61133
v -2433.75711 28853.42179 3701.12363
v -3242.03020 28773.81384 3897.97801
v -4047.75263 28671.56817 3856.09626
v -4850.29050 28546.76523 3541.00801
v -5649.01241 28399.50319 3002.23897
v -6443.28998 28229.89793 2354.34352
v -7232.49832 28038.08287 1734.25584
v -8016.01650 27824.20893 1251.91244
v -8793.22810 27588.44436 953.57888
v -9563.52166 27330.97467 812.01820
v -10326.29114 27052.00240 746.71585
v -11080.93645 26751.74705 665.22932
v -11826.86385 26430.44484 508.24992
v -12563.48650 26088.34854 279.55763
v -13290.22487 25725.72731 48.27574
v -14006.50719 25342.86644 -77.82686
v -14711.76992 24940.06713 2.64083
v -15405.45822 24517.64630 339.58740
v -16087.02631 24075.93627 904.77082
v -16755.93797 23615.28457 1594.87700
v -17411.66695 23136.05361 2263.84871
v -18053.69735 22638.62043 2772.29113
v -18681.52405 22123.37637 3034.92074
v -19294.65312 21590.72680 3047.73733
v -19892.60217 21041.09080 2884.60578
v -20474.90077 20474.90077 2665.02948
v -21041.09080 19892.60217 2506.23697
v -21590.72680 19294.65312 2478.75354
v -22123.37637 18681.52405 2582.98006
v -22638.62043 18053.69735 2755.64136
v -23136.05361 17411.66695 2902.79571
v -23615.28457 16755.93797 2945.32472
v -24075.93627 16087.02631 2857.78880
v -24517.64630 15405.45822 2684.26228
v -24940.06713 14711.76992 2524.15282
v -25342.86644 14006.50719 2493.27375
v -25725.72731 13290.22487 2675.62776
v -26088.34854 12563.48650 3085.35681
v -26430.44484 11826.86385 3654.48552
v -26751.74705 11080.93645 4251.94692
v -27052.00240 10326.29114 4726.98508
v -27330.97467 9563.52166 4960.34211
v -27588.44436 8793.22810 4903.54181
v -27824.20893 8016.01650 4591.31777
v -28038.08287 7232.49832 4122.90159
v -28229.89793 6443.28998 3620.20910
v -28399.50319 5649.01241 3180.00404
v -28546.76523 4850.29050 2839.26692
v -28671.56817 4047.75263 2567.41336
v -28773.81384 3242.03020 2287.96104
v -28853.42179 2433.75711 1920.19976
v -28910.32939 1623.56927 1423.23747
v -28944.49187 812.10410 823.77623
v -28955.88235 0.00000 215.53376
v -28944.49187 -812.10410 -270.27303
v -28910.32939 -1623.56927 -512.15729
v -28853.42179 -2433.75711 -444.72610
v -28773.81384 -3242.03020 -85.68035
v -28671.56817 -4047.75263 467.54330
v -28546.76523 -4850.29050 1070.54336
v -28399.50319 -5649.01241 1581.59455
v -28229.89793 -6443.28998 1909.00125
v -28038.08287 -7232.49832 2038.01707
v -27824.20893 -8016.01650 2027.40824
v -27588.44436 -8793.22810 1977.86857
v -27330.97467 -9563.52166 1985.66046
v -27052.00240 -10326.29114 2100.58683
v -26751.74705 -11080.93645 2305.40724
v -26430.44484 -11826.86385 2524.92404
v -26088.34854 -12563.48650 2660.77729
v -25725.72731 -13290.22487 2637.42435
v -25342.86644 -14006.50719 2440.10902
v -24940.06713 -14711.76992 2128.73828
v -24517.64630 -15405.45822 1821.24248
v -24075.93627 -16087.02631 1652.31442
v -23615.28457 -16755.93797 1723.44925
v -23136.05361 -17411.66695 2063.89524
v -22638.62043 -18053.69735 2617.97582
v -22123.37637 -18681.52405 3263.90117
v -21590.72680 -19294.65312 3856.78517
v -21041.09080 -19892.60217 4279.08335
v -20474.90077 -20474.90077 4478.86594
v -19892.60217 -21041.09080 4481.34699
v -19294.65312 -21590.72680 4369.88200
v -18681.52405 -22123.37637 4244.88151
v -18053.69735 -22638.62043 4177.85190
v -17411.66695 -23136.05361 4179.55524
v -16755.93797 -23615.28457 4195.37931
v -16087.02631 -24075.93627 4129.81888
v -15405.45822 -24517.64630 3890.01373
v -14711.76992 -24940.06713 3430.39498
v -14006.50719 -25342.86644 2779.85661
v -13290.22487 -25725.72731 2039.76387
v -12563.48650 -26088.34854 1352.77612
v -11826.86385 -26430.44484 854.21365
v -11080.93645 -26751.74705 624.80873
v -10326.29114 -27052.00240 663.28434
v -9563.52166 -27330.97467 889.44141
v -8793.22810 -27588.44436 1176.40945
v -8016.01650 -27824.20893 1399.23525
v -7232.49832 -28038.08287 1480.64347
v -6443.28998 -28229.89793 1416.12696
v -5649.01241 -28399.50319 1268.96504
v -4850.29050 -28546.76523 1137.91876
v -4047.75263 -28671.56817 1111.32411
v -3242.03020 -28773.81384 1226.68786
v -2433.75711 -28853.42179 1452.53098
v -1623.56927 -28910.32939 1700.08497
v -812.10410 -28944.49187 1860.21952
v -0.00000 -28955.88235 1850.60397
v 812.10410 -28944.49187 1653.77326
v 1623.56927 -28910.32939 1330.24426
v 2433.75711 -28853.42179 1000.73196
v 3242.03020 -28773.81384 803.87757
v 4047.75263 -28671.56817 845.75933
v 4850.29050 -28546.76523 1160.84757
v 5649.01241 -28399.50319 1699.61662
v 6443.28998 -28229.89793 2347.51207
v 7232.49832 -28038.08287 2967.59975
v 8016.01650 -27824.20893 3449.94315
v 8793.22810 -27588.44436 3748.27671
v 9563.52166 -27330.97467 3889.83739
v 10326.29114 -27052.00240 3955.13974
v 11080.93645 -26751.74705 4036.62627
v 11826.86385 -26430.44484 4193.60566
v 12563.48650 -26088.34854 4422.29795
v 13290.22487 -25725.72731 4653.57985
v 14006.50719 -25342.86644 4779.68245
v 14711.76992 -24940.06713 4699.21476
v 15405.45822 -24517.64630 4362.26819
v 16087.02631 -24075.93627 3797.08477
v 16755.93797 -23615.28457 3106.97859
v 17411.66695 -23136.05361 2438.00688
v 18053.69735 -22638.62043 1929.56446
v 18681.52405 -22123.37637 1666.93485
v 19294.65312 -21590.72680 1654.11826
v 19892.60217 -21041.09080 1817.24981
v 20474.90077 -20474.90077 2036.82611
v 21041.09080 -19892.60217 2195.61861
v 21590.72680 -19294.65312 2223.10204
v 22123.37637 -18681.52405 2118.87553
v 22638.62043 -18053.69735 1946.21423
v 23136.05361 -17411.66695 1799.05988
v 23615.28457 -16755.93797 1756.53087
v 24075.93627 -16087.02631 1844.06679
v 24517.64630 -15405.45822 2017.59331
v 24940.06713 -14711.76992 2177.70277
v 25342.86644 -14006.50719 2208.58183
v 25725.72731 -13290.22487 2026.22783
v 26088.34854 -12563.48650 1616.49878
v 26430.44484 -11826.86385 1047.37007
v 26751.74705 -11080.93645 449.90866
v 27052.00240 -10326.29114 -25.12949
v 27330.97467 -9563.52166 -258.48652
v 27588.44436 -8793.22810 -201.68622
v 27824.20893 -8016.01650 110.53782
v 28038.08287 -7232.49832 578.95400
v 28229.89793 -6443.28998 1081.64649
v 28399.50319 -5649.01241 1521.85155
v 28546.76523 -4850.29050 1862.58867
v 28671.56817 -4047.75263 2134.44222
v 28773.81384 -3242.03020 2413.89455
v 28853.42179 -2433.75711 2781.65583
v 28910.32939 -1623.56927 3278.61812
v 28944.49187 -812.10410 3878.07936
v 29823.52941 0.00000 4303.99157
v 29811.79762 836.43835 4730.19032
v 29776.61148 1672.21863 4923.80600
v 29717.99868 2506.68330 4824.35783
v 29636.00532 3339.17585 4451.07957
v 29530.69591 4169.04130 3899.54702
v 29402.15332 4995.62678 3310.00913
v 29250.47866 5818.28196 2819.50819
v 29075.79126 6636.35962 2516.24294
v 28878.22857 7449.21614 2413.65174
v 28657.94601 8256.21202 2453.77024
v 28415.11690 9056.71234 2537.73482
v 28149.93226 9850.08732 2570.54640
v 27862.60075 10635.71277 2501.68911
v 27553.34841 11412.97060 2345.11461
v 27222.41855 12181.24931 2170.66011
v 26870.07153 12939.94445 2070.70443
v 26496.58456 13688.45913 2116.03802
v 26102.25147 14426.20446 2319.42292
v 25687.38250 15152.60000 2622.32116
v 25252.30406 15867.07428 2910.97270
v 24797.35844 16569.06518 3056.14184
v 24322.90356 17258.02042 2961.19874
v 23829.31271 17933.39796 2599.65351
v 23316.97421 18594.66644 2027.25870
v 22786.29115 19241.30563 1363.75844
v 22237.68104 19872.80677 751.30713
v 21671.57549 20488.67303 305.73106
v 21088.41989 21088.41989 79.50475
v 20488.67303 21671.57549 50.49204
v 19872.80677 22237.68104 140.10944
v 19241.30563 22786.29115 252.78520
v 18594.66644 23316.97421 320.14688
v 17933.39796 23829.31271 331.65232
v 17258.02042 24322.90356 339.05970
v 16569.06518 24797.35844 432.90484
v 15867.07428 25252.30406 700.66523
v 15152.60000 25687.38250 1183.88899
v 14426.20446 26102.25147 1852.17677
v 13688.45913 26496.58456 2605.26285
v 12939.94445 26870.07153 3303.20675
v 12181.24931 27222.41855 3813.38925
v 11412.97060 27553.34841 4056.15918
v 10635.71277 27862.60075 4031.36099
v 9850.08732 28149.93226 3815.44946
v 9056.71234 28415.11690 3530.48175
v 8256.21202 28657.94601 3297.33398
v 7449.21614 28878.22857 3191.59920
v 6636.35962 29075.79126 3219.35089
v 5818.28196 29250.47866 3321.83044
v 4995.62678 29402.15332 3406.41841
v 4169.04130 29530.69591 3390.68507
v 3339.17585 29636.00532 3241.13239
v 2506.68330 29717.99868 2990.51255
v 1672.21863 29776.61148 2726.40994
v 836.43835 29811.79762 2555.54667
v 0.00000 29823.52941 2558.26280
v -836.43835 29811.79762 2751.79201
v -1672.21863 29776.61148 3077.60421
v -2506.68330 29717.99868 3418.54736
v -3339.17585 29636.00532 3639.61261
v -4169.04130 29530.69591 3636.65018
v -4995.62678 29402.15332 3374.09619
v -5818.28196 29250.47866 2897.05260
v -6636.35962 29075.79126 2313.18594
v -7449.21614 28878.22857 1751.82443
v -8256.21202 28657.94601 1316.56846
v -9056.71234 28415.11690 1050.11809
v -9850.08732 28149.93226 924.92276
v -10635.71277 27862.60075 862.74164
v -11412.97060 27553.34841 774.50801
v -12181.24931 27222.41855 603.72651
v -12939.94445 26870.07153 355.28042
v -13688.45913 26496.58456 97.52406
v -14426.20446 26102.25147 -63.54042
v -15152.60000 25687.38250 -27.76150
v -15867.07428 25252.30406 255.56698
v -16569.06518 24797.35844 761.85660
v -17258.02042 24322.90356 1394.02379
v -17933.39796 23829.31271 2013.46977
v -18594.66644 23316.97421 2487.52793
v -19241.30563 22786.29115 2735.05744
v -19872.80677 22237.68104 2752.54731
v -20488.67303 21671.57549 2610.80304
v -21088.41989 21088.41989 2423.93309
v -21671.57549 20488.67303 2303.27014
v -22237.68104 19872.80677 2314.68525
v -22786.29115 19241.30563 2456.16305
v -23316.97421 18594.66644 2664.16367
v -23829.31271 17933.39796 2845.57607
v -24322.90356 17258.02042 2921.69244
v -24797.35844 16569.06518 2865.78551
v -25252.30406 15867.07428 2718.49909
v -25687.38250 15152.60000 2574.30624
v -26102.25147 14426.20446 2544.10163
v -26496.58456 13688.45913 2708.80942
v -26870.07153 12939.94445 3082.73925
v -27222.41855 12181.24931 3601.73923
v -27553.34841 11412.97060 4141.43488
v -27862.60075 10635.71277 4558.90891
v -28149.93226 9850.08732 4741.85102
v -28415.11690 9056.71234 4646.22726
v -28657.94601 8256.21202 4308.08041
v -28878.22857 7449.21614 3825.34608
v -29075.79126 6636.35962 3317.43546
v -29250.47866 5818.28196 2879.04186
v -29402.15332 4995.62678 2546.69516
v -29530.69591 4169.04130 2291.21001
v -29636.00532 3339.17585 2038.53401
v -29717.99868 2506.68330 1709.90139
v -29776.61148 1672.21863 1264.31528
v -29811.79762 836.43835 725.39853
v -29823.52941 0.00000 180.96921
v -29811.79762 -836.43835 -245.22953
v -29776.61148 -1672.21863 -438.84521
v -29717.99868 -2506.68330 -339.39704
v -29636.00532 -3339.17585 33.88122
v -29530.69591 -4169.04130 585.41377
v -29402.15332 -4995.62678 1174.95166
v -29250.47866 -5818.28196 1665.45260
v -29075.79126 -6636.35962 1968.71785
v -28878.22857 -7449.21614 2071.30905
v -28657.94601 -8256.21202 2031.19055
v -28415.11690 -9056.71234 1947.22597
v -28149.93226 -9850.08732 1914.41439
v -27862.60075 -10635.71277 1983.27168
v -27553.34841 -11412.97060 2139.84618
v -27222.41855 -12181.24931 2314.30068
v -26870.07153 -12939.94445 2414.25636
v -26496.58456 -13688.45913 2368.92277
v -26102.25147 -14426.20446 2165.53787
v -25687.38250 -15152.60000 1862.63962
v -25252.30406 -15867.07428 1573.98808
v -24797.35844 -16569.06518 1428.81895
v -24322.90356 -17258.02042 1523.76205
v -23829.31271 -17933.39796 1885.30728
v -23316.97421 -18594.66644 2457.70209
v -22786.29115 -19241.30563 3121.20235
v -22237.68104 -19872.80677 3733.65366
v -21671.57549 -20488.67303 4179.22973
v -21088.41989 -21088.41989 4405.45604
v -20488.67303 -21671.57549 4434.46875
v -19872.80677 -22237.68104 4344.85135
v -19241.30563 -22786.29115 4232.17559
v -18594.66644 -23316.97421 4164.81391
v -17933.39796 -23829.31271 4153.30847
v -17258.02042 -24322.90356 4145.90109
v -16569.06518 -24797.35844 4052.05595
v -15867.07428 -25252.30406 3784.29556
v -15152.60000 -25687.38250 3301.07180
v -14426.20446 -26102.25147 2632.78402
v -13688.45913 -26496.58456 1879.69794
v -12939.94445 -26870.07153 1181.75404
v -12181.24931 -27222.41855 671.57154
v -11412.97060 -27553.34841 428.80160
v -10635.71277 -27862.60075 453.59980
v -9850.08732 -28149.93226 669.51133
v -9056.71234 -28415.11690 954.47903
v -8256.21202 -28657.94601 1187.62681
v -7449.21614 -28878.22857 1293.36159
v -6636.35962 -29075.79126 1265.60990
v -5818.28196 -29250.47866 1163.13035
v -4995.62678 -29402.15332 1078.54238
v -4169.04130 -29530.69591 1094.27572
v -3339.17585 -29636.00532 1243.82840
v -2506.68330 -29717.99868 1494.44824
v -1672.21863 -29776.61148 1758.55085
v -836.43835 -29811.79762 1929.41412
v -0.00000 -29823.52941 1926.69799
v 836.43835 -29811.79762 1733.16878
v 1672.21863 -29776.61148 1407.35658
v 2506.68330 -29717.99868 1066.41342
v 3339.17585 -29636.00532 845.34818
v 4169.04130 -29530.69591 848.31061
v 4995.62678 -29402.15332 1110.86460
v 5818.28196 -29250.47866 1587.90819
v 6636.35962 -29075.79126 2171.77485
v 7449.21614 -28878.22857 2733.13636
v 8256.21202 -28657.94601 3168.39233
v 9056.71234 -28415.11690 3434.84270
v 9850.08732 -28149.93226 3560.03803
v 10635.71277 -27862.60075 3622.21915
v 11412.97060 -27553.34841 3710.45278
v 12181.24931 -27222.41855 3881.23428
v 12939.94445 -26870.07153 4129.68037
v 13688.45913 -26496.58456 4387.43673
v 14426.20446 -26102.25147 4548.50121
v 15152.60000 -25687.38250 4512.72228
v 15867.07428 -25252.30406 4229.39381
v 16569.06518 -24797.35844 3723.10419
v 17258.02042 -24322.90356 3090.93700
v 17933.39796 -23829.31271 2471.49102
v 18594.66644 -23316.97421 1997.43286
v 19241.30563 -22786.29115 1749.90335
v 19872.80677 -22237.68104 1732.41348
v 20488.67303 -21671.57549 1874.15775
v 21088.41989 -21088.41989 2061.02770
v 21671.57549 -20488.67303 2181.69065
v 22237.68104 -19872.80677 2170.27554
v 22786.29115 -19241.30563 2028.79774
v 23316.97421 -18594.66644 1820.79712
v 23829.31271 -17933.39796 1639.38472
v 24322.90356 -17258.02042 1563.26835
v 24797.35844 -16569.06518 1619.17528
v 25252.30406 -15867.07428 1766.46170
v 25687.38250 -15152.60000 1910.65455
v 26102.25147 -14426.20446 1940.85916
v 26496.58456 -13688.45913 1776.15137
v 26870.07153 -12939.94445 1402.22154
v 27222.41855 -12181.24931 883.22156
v 27553.34841 -11412.97060 343.52591
v 27862.60075 -10635.71277 -73.94812
v 28149.93226 -9850.08732 -256.89023
v 28415.11690 -9056.71234 -161.26647
v 28657.94601 -8256.21202 176.88037
v 28878.22857 -7449.21614 659.61471
v 29075.79126 -6636.35962 1167.52533
v 29250.47866 -5818.28196 1605.91893
v 29402.15332 -4995.62678 1938.26563
v 29530.69591 -4169.04130 2193.75078
v 29636.00532 -3339.17585 2446.42678
v 29717.99868 -2506.68330 2775.05940
v 29776.61148 -1672.21863 3220.64551
v 29811.79762 -836.43835 3759.56226
v 30691.17647 0.00000 3960.59963
v 30679.10337 860.77260 4339.80686
v 30642.89357 1720.86799 4506.25107
v 30582.57556 2579.60949 4403.45700
v 30498.19679 3436.32149 4050.25817
v 30389.82366 4290.32998 3537.55178
v 30257.54141 5140.96306 2998.13922
v 30101.45412 5987.55150 2561.16489
v 29921.68460 6829.42925 2308.72992
v 29718.37427 7665.93397 2251.32442
v 29491.68310 8496.40753 2331.17273
v 29241.78943 9320.19657 2451.45432
v 28968.88986 10136.65298 2519.11485
v 28673.19909 10945.13439 2483.72317
v 28354.94977 11745.00476 2356.65544
v 28014.39227 12535.63477 2203.04098
v 27651.79452 13316.40240 2110.08626
v 27267.44180 14086.69340 2145.08544
v 26861.63649 14845.90173 2320.71519
v 26434.69787 15593.43008 2582.35870
v 25986.96182 16328.69035 2823.34942
v 25518.78060 17051.10406 2922.72691
v 25030.52255 17760.10287 2790.90468
v 24522.57181 18455.12896 2405.27031
v 23995.32800 19135.63554 1821.54847
v 23449.20593 19801.08720 1156.24882
v 22884.63527 20450.96041 546.89949
v 22302.06018 21084.74389 105.48342
v 21701.93900 21701.93900 -116.93602
v 21084.74389 22302.06018 -141.00877
v 20450.96041 22884.63527 -41.82274
v 19801.08720 23449.20593 88.70091
v 19135.63554 23995.32800 183.95808
v 18455.12896 24522.57181 231.93526
v 17760.10287 25030.52255 279.59284
v 17051.10406 25518.78060 410.60509
v 16328.69035 25986.96182 705.66875
v 15593.43008 26434.69787 1201.82954
v 14845.90173 26861.63649 1867.85694
v 14086.69340 27267.44180 2606.37066
v 13316.40240 27651.79452 3282.72054
v 12535.63477 28014.39227 3769.84160
v 11745.00476 28354.94977 3991.78515
v 10945.13439 28673.19909 3948.99438
v 10136.65298 28968.88986 3715.51831
v 9320.19657 29241.78943 3409.39523
v 8496.40753 29491.68310 3147.97329
v 7665.93397 29718.37427 3005.75790
v 6829.42925 29921.68460 2991.16493
v 5987.55150 30101.45412 3050.81957
v 5140.96306 30257.54141 3098.89591
v 4290.32998 30389.82366 3058.92865
v 3436.32149 30498.19679 2900.58969
v 2579.60949 30582.57556 2656.08608
v 1720.86799 30642.89357 2409.21897
v 860.77260 30679.10337 2261.35648
v 0.00000 30691.17647 2288.08873
v -860.77260 30679.10337 2504.30260
v -1720.86799 30642.89357 2852.22087
v -2579.60949 30582.57556 3217.86022
v -3436.32149 30498.19679 3470.01652
v -4290.32998 30389.82366 3506.83783
v -5140.96306 30257.54141 3291.93142
v -5987.55150 30101.45412 2866.03098
v -6829.42925 29921.68460 2329.89414
v -7665.93397 29718.37427 1805.45139
v -8496.40753 29491.68310 1390.74165
v -9320.19657 29241.78943 1126.44698
v -10136.65298 28968.88986 986.98491
v -10945.13439 28673.19909 899.10029
v -11745.00476 28354.94977 779.76064
v -12535.63477 28014.39227 577.38299
v -13316.40240 27651.79452 299.13504
v -14086.69340 27267.44180 12.76904
v -14845.90173 26861.63649 -178.14556
v -15593.43008 26434.69787 -175.82448
v -16328.69035 25986.96182 70.05057
v -17051.10406 25518.78060 537.57937
v -17760.10287 25030.52255 1135.21329
v -18455.12896 24522.57181 1731.20873
v -19135.63554 23995.32800 2198.80895
v -19801.08720 23449.20593 2459.70202
v -20450.96041 22884.63527 2508.95295
v -21084.74389 22302.06018 2411.94800
v -21701.93900 21701.93900 2274.98093
v -22302.06018 21084.74389 2201.50932
v -22884.63527 20450.96041 2251.65532
v -23449.20593 19801.08720 2421.00943
v -23995.32800 19135.63554 2646.84910
v -24522.57181 18455.12896 2838.71759
v -25030.52255 17760.10287 2920.42716
v -25518.78060 17051.10406 2865.93324
v -25986.96182 16328.69035 2714.03305
v -26434.69787 15593.43008 2555.46014
v -26861.63649 14845.90173 2497.20179
v -27267.44180 14086.69340 2618.21876
v -27651.79452 13316.40240 2934.41816
v -28014.39227 12535.63477 3387.22340
v -28354.94977 11745.00476 3860.78836
v -28673.19909 10945.13439 4221.53615
v -28968.88986 10136.65298 4364.81809
v -29241.78943 9320.19657 4250.65057
v -29491.68310 8496.40753 3914.83204
v -29718.37427 7665.93397 3451.52755
v -29921.68460 6829.42925 2974.71066
v -30101.45412 5987.55150 2574.14381
v -30257.54141 5140.96306 2283.54507
v -30389.82366 4290.32998 2073.46253
v -30498.19679 3436.32149 1871.23969
v -30582.57556 2579.60949 1599.40129
v -30642.89357 1720.86799 1216.27832
v -30679.10337 860.77260 741.75291
v -30691.17647 0.00000 257.02012
v -30679.10337 -860.77260 -122.18712
v -30642.89357 -1720.86799 -288.63133
v -30582.57556 -2579.60949 -185.83725
v -30498.19679 -3436.32149 167.36157
v -30389.82366 -4290.32998 680.06796
v -30257.54141 -5140.96306 1219.48053
v -30101.45412 -5987.55150 1656.45486
v -29921.68460 -6829.42925 1908.88982
v -29718.37427 -7665.93397 1966.29533
v -29491.68310 -8496.40753 1886.44702
v -29241.78943 -9320.19657 1766.16542
v -28968.88986 -10136.65298 1698.50489
v -28673.19909 -10945.13439 1733.89657
v -28354.94977 -11745.00476 1860.96431
v -28014.39227 -12535.63477 2014.57877
v -27651.79452 -13316.40240 2107.53348
v -27267.44180 -14086.69340 2072.53430
v -26861.63649 -14845.90173 1896.90456
v -26434.69787 -15593.43008 1635.26104
v -25986.96182 -16328.69035 1394.27032
v -25518.78060 -17051.10406 1294.89284
v -25030.52255 -17760.10287 1426.71506
v -24522.57181 -18455.12896 1812.34944
v -23995.32800 -19135.63554 2396.07128
v -23449.20593 -19801.08720 3061.37093
v -22884.63527 -20450.96041 3670.72026
v -22302.06018 -21084.74389 4112.13632
v -21701.93900 -21701.93900 4334.55576
v -21084.74389 -22302.06018 4358.62852
v -20450.96041 -22884.63527 4259.44249
v -19801.08720 -23449.20593 4128.91884
v -19135.63554 -23995.32800 4033.66167
v -18455.12896 -24522.57181 3985.68448
v -17760.10287 -25030.52255 3938.02691
v -17051.10406 -25518.78060 3807.01466
v -16328.69035 -25986.96182 3511.95100
v -15593.43008 -26434.69787 3015.79020
v -14845.90173 -26861.63649 2349.76281
v -14086.69340 -27267.44180 1611.24908
v -13316.40240 -27651.79452 934.89921
v -12535.63477 -28014.39227 447.77814
v -11745.00476 -28354.94977 225.83459
v -10945.13439 -28673.19909 268.62536
v -10136.65298 -28968.88986 502.10144
v -9320.19657 -29241.78943 808.22452
v -8496.40753 -29491.68310 1069.64645
v -7665.93397 -29718.37427 1211.86184
v -6829.42925 -29921.68460 1226.45481
v -5987.55150 -30101.45412 1166.80017
v -5140.96306 -30257.54141 1118.72383
v -4290.32998 -30389.82366 1158.69109
v -3436.32149 -30498.19679 1317.03006
v -2579.60949 -30582.57556 1561.53367
v -1720.86799 -30642.89357 1808.40077
v -860.77260 -30679.10337 1956.26326
v -0.00000 -30691.17647 1929.53102
v 860.77260 -30679.10337 1713.31715
v 1720.86799 -30642.89357 1365.39887
v 2579.60949 -30582.57556 999.75953
v 3436.32149 -30498.19679 747.60322
v 4290.32998 -30389.82366 710.78192
v 5140.96306 -30257.54141 925.68832
v 5987.55150 -30101.45412 1351.58876
v 6829.42925 -29921.68460 1887.72560
v 7665.93397 -29718.37427 2412.16835
v 8496.40753 -29491.68310 2826.87809
v 9320.19657 -29241.78943 3091.17276
v 10136.65298 -28968.88986 3230.63484
v 10945.13439 -28673.19909 3318.51945
v 11745.00476 -28354.94977 3437.85910
v 12535.63477 -28014.39227 3640.23675
v 13316.40240 -27651.79452 3918.48470
v 14086.69340 -27267.44180 4204.85070
v 14845.90173 -26861.63649 4395.76530
v 15593.43008 -26434.69787 4393.44423
v 16328.69035 -25986.96182 4147.56917
v 17051.10406 -25518.78060 3680.04037
v 17760.10287 -25030.52255 3082.40646
v 18455.12896 -24522.57181 2486.41101
v 19135.63554 -23995.32800 2018.81080
v 19801.08720 -23449.20593 1757.91772
v 20450.96041 -22884.63527 1708.66679
v 21084.74389 -22302.06018 1805.67174
v 21701.93900 -21701.93900 1942.63881
v 22302.06018 -21084.74389 2016.11042
v 22884.63527 -20450.96041 1965.96443
v 23449.20593 -19801.08720 1796.61031
v 23995.32800 -19135.63554 1570.77065
v 24522.57181 -18455.12896 1378.90215
v 25030.52255 -17760.10287 1297.19258
v 25518.78060 -17051.10406 1351.68650
v 25986.96182 -16328.69035 1503.58669
v 26434.69787 -15593.43008 1662.15960
v 26861.63649 -14845.90173 1720.41795
v 27267.44180 -14086.69340 1599.40099
v 27651.79452 -13316.40240 1283.20158
v 28014.39227 -12535.63477 830.39635
v 28354.94977 -11745.00476 356.83138
v 28673.19909 -10945.13439 -3.91641
v 28968.88986 -10136.65298 -147.19834
v 29241.78943 -9320.19657 -33.03082
v 29491.68310 -8496.40753 302.78770
v 29718.37427 -7665.93397 766.09219
v 29921.68460 -6829.42925 1242.90908
v 30101.45412 -5987.55150 1643.47593
v 30257.54141 -5140.96306 1934.07468
v 30389.82366 -4290.32998 2144.15721
v 30498.19679 -3436.32149 2346.38005
v 30582.57556 -2579.60949 2618.21845
v 30642.89357 -1720.86799 3001.34142
v 30679.10337 -860.77260 3475.86684
v 31558.82353 0.00000 3529.96985
v 31546.40912 885.10685 3890.03586
v 31509.17566 1769.51735 4060.03787
v 31447.15245 2652.53568 3985.96852
v 31360.38827 3533.46714 3684.11800
v 31248.95140 4411.61866 3238.11043
v 31112.92950 5286.29934 2770.63641
v 30952.42958 6156.82104 2400.71113
v 30767.57793 7022.49889 2202.99471
v 30558.51998 7882.65180 2184.83181
v 30325.42019 8736.60305 2289.56104
v 30068.46196 9583.68081 2424.16627
v 29787.84745 10423.21863 2499.69557
v 29483.79744 11254.55602 2467.92521
v 29156.55113 12077.03891 2339.46614
v 28806.36598 12890.02023 2176.18850
v 28433.51751 13692.86036 2061.36779
v 28038.29904 14484.92766 2060.08311
v 27621.02152 15265.59900 2186.43765
v 27182.01324 16034.26016 2391.48862
v 26721.61958 16790.30641 2577.44024
v 26240.20276 17533.14294 2633.01948
v 25738.14154 18262.18532 2476.30117
v 25215.83091 18976.85997 2088.06743
v 24673.68178 19676.60463 1522.37326
v 24112.12071 20360.86877 889.92245
v 23531.58950 21029.11406 320.56830
v 22932.54487 21680.81475 -80.54391
v 22315.45812 22315.45812 -266.25949
v 21680.81475 22932.54487 -257.51706
v 21029.11406 23531.58950 -126.99136
v 20360.86877 24112.12071 36.43214
v 19676.60463 24673.68178 167.48479
v 18976.85997 25215.83091 252.23432
v 18262.18532 25738.14154 332.37738
v 17533.14294 26240.20276 484.44422
v 16790.30641 26721.61958 782.57687
v 16034.26016 27182.01324 1260.35672
v 15265.59900 27621.02152 1887.70541
v 14484.92766 28038.29904 2572.92969
v 13692.86036 28433.51751 3189.90902
v 12890.02023 28806.36598 3620.27981
v 12077.03891 29156.55113 3794.33421
v 11254.55602 29483.79744 3714.70008
v 10423.21863 29787.84745 3453.57813
v 9583.68081 30068.46196 3124.70434
v 8736.60305 30325.42019 2841.12477
v 7882.65180 30558.51998 2675.35166
v 7022.49889 30767.57793 2637.32946
v 6156.82104 30952.42958 2678.35330
v 5286.29934 31112.92950 2718.59024
v 4411.61866 31248.95140 2686.37789
v 3533.46714 31360.38827 2552.82388
v 2652.53568 31447.15245 2347.26385
v 1769.51735 31509.17566 2147.02431
v 885.10685 31546.40912 2045.49011
v 0.00000 31558.82353 2111.43086
v -885.10685 31546.40912 2356.27540
v -1769.51735 31509.17566 2723.01629
v -2652.53568 31447.15245 3101.86855
v -3533.46714 31360.38827 3367.12616
v -4411.61866 31248.95140 3421.14273
v -5286.29934 31112.92950 3228.43303
v -6156.82104 30952.42958 2826.73362
v -7022.49889 30767.57793 2310.94200
v -7882.65180 30558.51998 1796.54103
v -8736.60305 30325.42019 1377.13295
v -9583.68081 30068.46196 1092.85354
v -10423.21863 29787.84745 921.87028
v -11254.55602 29483.79744 797.74121
v -12077.03891 29156.55113 644.92809
v -12890.02023 28806.36598 417.43899
v -13692.86036 28433.51751 124.36557
v -14484.92766 28038.29904 -168.53925
v -15265.59900 27621.02152 -362.30117
v -16034.26016 27182.01324 -363.98064
v -16790.30641 26721.61958 -125.96555
v -17533.14294 26240.20276 330.71240
v -18262.18532 25738.14154 918.82352
v -18976.85997 25215.83091 1512.73268
v -19676.60463 24673.68178 1991.03377
v -20360.86877 24112.12071 2277.59097
v -21029.11406 23531.58950 2365.16180
v -21680.81475 22932.54487 2312.68528
v -22315.45812 22315.45812 2217.75890
v -22932.54487 21680.81475 2175.61660
v -23531.58950 21029.11406 2241.14145
v -24112.12071 20360.86877 2409.02125
v -24673.68178 19676.60463 2619.67590
v -25215.83091 18976.85997 2788.07695
v -25738.14154 18262.18532 2843.27935
v -26240.20276 17533.14294 2762.14264
v -26721.61958 16790.30641 2583.08013
v -27182.01324 16034.26016 2393.79052
v -27621.02152 15265.59900 2297.52307
v -28038.29904 14484.92766 2371.23357
v -28433.51751 13692.86036 2632.44516
v -28806.36598 12890.02023 3028.32695
v -29156.55113 12077.03891 3451.75226
v -29483.79744 11254.55602 3778.39627
v -29787.84745 10423.21863 3910.56864
v -30068.46196 9583.68081 3810.80234
v -30325.42019 8736.60305 3512.30780
v -30558.51998 7882.65180 3102.60975
v -30767.57793 7022.49889 2687.32149
v -30952.42958 6156.82104 2348.81320
v -31112.92950 5286.29934 2116.38063
v -31248.95140 4411.61866 1959.69234
v -31360.38827 3533.46714 1807.74942
v -31447.15245 2652.53568 1585.18501
v -31509.17566 1769.51735 1250.66107
v -31546.40912 885.10685 821.23725
v -31558.82353 0.00000 372.25169
v -31546.40912 -885.10685 12.18568
v -31509.17566 -1769.51735 -157.81632
v -31447.15245 -2652.53568 -83.74698
v -31360.38827 -3533.46714 218.10355
v -31248.95140 -4411.61866 664.11111
v -31112.92950 -5286.29934 1131.58514
v -30952.42958 -6156.82104 1501.51042
v -30767.57793 -7022.49889 1699.22683
v -30558.51998 -7882.65180 1717.38974
v -30325.42019 -8736.60305 1612.66050
v -30068.46196 -9583.68081 1478.05527
v -29787.84745 -10423.21863 1402.52597
v -29483.79744 -11254.55602 1434.29633
v -29156.55113 -12077.03891 1562.75540
v -28806.36598 -12890.02023 1726.03305
v -28433.51751 -13692.86036 1840.85376
v -28038.29904 -14484.92766 1842.13843
v -27621.02152 -15265.59900 1715.78389
v -27182.01324 -16034.26016 1510.73292
v -26721.61958 -16790.30641 1324.78131
v -26240.20276 -17533.14294 1269.20206
v -25738.14154 -18262.18532 1425.92038
v -25215.83091 -18976.85997 1814.15412
v -24673.68178 -19676.60463 2379.84829
v -24112.12071 -20360.86877 3012.29909
v -23531.58950 -21029.11406 3581.65324
v -22932.54487 -21680.81475 3982.76545
v -22315.45812 -22315.45812 4168.48103
v -21680.81475 -22932.54487 4159.73861
v -21029.11406 -23531.58950 4029.21291
v -20360.86877 -24112.12071 3865.78941
v -19676.60463 -24673.68178 3734.73676
v -18976.85997 -25215.83091 3649.98723
v -18262.18532 -25738.14154 3569.84417
v -17533.14294 -26240.20276 3417.77733
v -16790.30641 -26721.61958 3119.64468
v -16034.26016 -27182.01324 2641.86482
v -15265.59900 -27621.02152 2014.51614
v -14484.92766 -28038.29904 1329.29186
v -13692.86036 -28433.51751 712.31253
v -12890.02023 -28806.36598 281.94174
v -12077.03891 -29156.55113 107.88734
v -11254.55602 -29483.79744 187.52147
v -10423.21863 -29787.84745 448.64341
v -9583.68081 -30068.46196 777.51720
v -8736.60305 -30325.42019 1061.09678
v -7882.65180 -30558.51998 1226.86988
v -7022.49889 -30767.57793 1264.89208
v -6156.82104 -30952.42958 1223.86824
v -5286.29934 -31112.92950 1183.63131
v -4411.61866 -31248.95140 1215.84366
v -3533.46714 -31360.38827 1349.39766
v -2652.53568 -31447.15245 1554.95770
v -1769.51735 -31509.17566 1755.19724
v -885.10685 -31546.40912 1856.73144
v -0.00000 -31558.82353 1790.79069
v 885.10685 -31546.40912 1545.94615
v 1769.51735 -31509.17566 1179.20525
v 2652.53568 -31447.15245 800.35300
v 3533.46714 -31360.38827 535.09539
v 4411.61866 -31248.95140 481.07882
v 5286.29934 -31112.92950 673.78852
v 6156.82104 -30952.42958 1075.48793
v 7022.49889 -30767.57793 1591.27955
v 7882.65180 -30558.51998 2105.68051
v 8736.60305 -30325.42019 2525.08860
v 9583.68081 -30068.46196 2809.36800
v 10423.21863 -29787.84745 2980.35126
v 11254.55602 -29483.79744 3104.48034
v 12077.03891 -29156.55113 3257.29346
v 12890.02023 -28806.36598 3484.78255
v 13692.86036 -28433.51751 3777.85597
v 14484.92766 -28038.29904 4070.76080
v 15265.59900 -27621.02152 4264.52271
v 16034.26016 -27182.01324 4266.20218
v 16790.30641 -26721.61958 4028.18710
v 17533.14294 -26240.20276 3571.50915
v 18262.18532 -25738.14154 2983.39803
v 18976.85997 -25215.83091 2389.48886
v 19676.60463 -24673.68178 1911.18778
v 20360.86877 -24112.12071 1624.63057
v 21029.11406 -23531.58950 1537.05975
v 21680.81475 -22932.54487 1589.53627
v 22315.45812 -22315.45812 1684.46265
v 22932.54487 -21680.81475 1726.60495
v 23531.58950 -21029.11406 1661.08009
v 24112.12071 -20360.86877 1493.20030
v 24673.68178 -19676.60463 1282.54564
v 25215.83091 -18976.85997 1114.14460
v 25738.14154 -18262.18532 1058.94219
v 26240.20276 -17533.14294 1140.07891
v 26721.61958 -16790.30641 1319.14141
v 27182.01324 -16034.26016 1508.43102
v 27621.02152 -15265.59900 1604.69848
v 28038.29904 -14484.92766 1530.98798
v 28433.51751 -13692.86036 1269.77639
v 28806.36598 -12890.02023 873.89459
v 29156.55113 -12077.03891 450.46928
v 29483.79744 -11254.55602 123.82527
v 29787.84745 -10423.21863 -8.34709
v 30068.46196 -9583.68081 91.41920
v 30325.42019 -8736.60305 389.91375
v 30558.51998 -7882.65180 799.61179
v 30767.57793 -7022.49889 1214.90005
v 30952.42958 -6156.82104 1553.40834
v 31112.92950 -5286.29934 1785.84092
v 31248.95140 -4411.61866 1942.52920
v 31360.38827 -3533.46714 2094.47213
v 31447.15245 -2652.53568 2317.03654
v 31509.17566 -1769.51735 2651.56048
v 31546.40912 -885.10685 3080.98429
v 32426.47059 0.00000 3114.26181
v 32413.71487 909.44110 3479.57311
v 32375.45775 1818.16671 3674.19374
v 32311.72933 2725.46187 3645.63547
v 32222.57975 3630.61279 3406.47740
v 32108.07914 4532.90733 3031.77514
v 31968.31759 5431.63562 2632.97270
v 31803.40505 6326.09059 2318.36442
v 31613.47127 7215.56852 2155.45553
v 31398.66568 8099.36962 2149.75380
v 31159.15728 8976.79857 2247.92652
v 30895.13449 9847.16504 2363.52677
v 30606.80505 10709.78429 2414.53652
v 30294.39578 11563.97764 2357.38079
v 29958.15249 12409.07306 2203.66733
v 29598.33970 13244.40568 2013.03970
v 29215.24050 14069.31831 1865.31197
v 28809.15628 14883.16193 1823.53157
v 28380.40655 15685.29627 1903.36993
v 27929.32861 16475.09024 2061.74911
v 27456.27734 17251.92248 2209.87303
v 26961.62493 18015.18182 2245.95406
v 26445.76053 18764.26777 2094.88847
v 25909.09000 19498.59098 1739.17692
v 25352.03557 20217.57372 1228.71513
v 24775.03550 20920.65035 665.37369
v 24178.54373 21607.26771 168.23025
v 23563.02956 22276.88562 -167.06690
v 22928.97724 22928.97724 -299.08313
v 22276.88562 23563.02956 -249.83082
v 21607.26771 24178.54373 -89.41482
v 20920.65035 24775.03550 97.12737
v 20217.57372 25352.03557 246.97327
v 19498.59098 25909.09000 345.39996
v 18764.26777 26445.76053 429.88379
v 18015.18182 26961.62493 570.86581
v 17251.92248 27456.27734 837.22208
v 16475.09024 27929.32861 1260.80960
v 15685.29627 28380.40655 1814.97047
v 14883.16193 28809.15628 2416.35015
v 14069.31831 29215.24050 2950.03359
v 13244.40568 29598.33970 3308.58352
v 12409.07306 29958.15249 3429.86743
v 11563.97764 30294.39578 3318.88519
v 10709.78429 30606.80505 3045.04078
v 9847.16504 30895.13449 2715.95331
v 8976.79857 31159.15728 2438.11413
v 8099.36962 31398.66568 2279.78646
v 7215.56852 31613.47127 2250.48295
v 6326.09059 31803.40505 2304.58753
v 5431.63562 31968.31759 2366.94012
v 4532.90733 32108.07914 2369.39993
v 3630.61279 32222.57975 2283.08041
v 2725.46187 32311.72933 2132.83612
v 1818.16671 32375.45775 1987.90648
v 909.44110 32413.71487 1932.42159
v 0.00000 32426.47059 2027.79119
v -909.44110 32413.71487 2282.46656
v -1818.16671 32375.45775 2641.77252
v -2725.46187 32311.72933 3002.56035
v -3630.61279 32222.57975 3247.51361
v -4532.90733 32108.07914 3286.03154
v -5431.63562 31968.31759 3085.89545
v -6326.09059 31803.40505 2683.49461
v -7215.56852 31613.47127 2168.82455
v -8099.36962 31398.66568 1651.39935
v -8976.79857 31159.15728 1220.66776
v -9847.16504 30895.13449 916.51823
v -10709.78429 30606.80505 721.21707
v -11563.97764 30294.39578 575.36947
v -12409.07306 29958.15249 410.75599
v -13244.40568 29598.33970 186.09940
v -14069.31831 29215.24050 -89.30854
v -14883.16193 28809.15628 -354.19549
v -15685.29627 28380.40655 -517.09148
v -16475.09024 27929.32861 -492.75969
v -17251.92248 27456.27734 -238.62126
v -18015.18182 26961.62493 223.69339
v -18764.26777 26445.76053 810.74913
v -19498.59098 25909.09000 1403.27207
v -20217.57372 25352.03557 1885.91085
v -20920.65035 24775.03550 2185.51858
v -21607.26771 24178.54373 2293.24727
v -22276.88562 23563.02956 2262.16373
v -22928.97724 22928.97724 2181.79336
v -23563.02956 22276.88562 2140.09151
v -24178.54373 21607.26771 2188.19374
v -24775.03550 20920.65035 2321.97483
v -25352.03557 20217.57372 2487.50267
v -25909.09000 19498.59098 2607.71567
v -26445.76053 18764.26777 2619.01724
v -26961.62493 18015.18182 2502.44913
v -27456.27734 17251.92248 2296.30062
v -27929.32861 16475.09024 2084.54840
v -28380.40655 15685.29627 1965.36500
v -28809.15628 14883.16193 2012.11129
v -29215.24050 14069.31831 2242.43851
v -29598.33970 13244.40568 2608.05765
v -29958.15249 12409.07306 3009.60441
v -30294.39578 11563.97764 3331.08563
v -30606.80505 10709.78429 3480.62263
v -30895.13449 9847.16504 3421.71987
v -31159.15728 8976.79857 3183.08191
v -31398.66568 8099.36962 2843.55175
v -31613.47127 7215.56852 2498.62080
v -31803.40505 6326.09059 2222.20648
v -31968.31759 5431.63562 2039.10992
v -32108.07914 4532.90733 1919.08268
v -32222.57975 3630.61279 1794.56744
v -32311.72933 2725.46187 1594.51401
v -32375.45775 1818.16671 1280.10742
v -32413.71487 909.44110 867.42743
v -32426.47059 0.00000 427.32294
v -32413.71487 -909.44110 62.01165
v -32375.45775 -1818.16671 -132.60898
v -32311.72933 -2725.46187 -104.05072
v -32222.57975 -3630.61279 135.10736
v -32108.07914 -4532.90733 509.80961
v -31968.31759 -5431.63562 908.61206
v -31803.40505 -6326.09059 1223.22033
v -31613.47127 -7215.56852 1386.12922
v -31398.66568 -8099.36962 1391.83096
v -31159.15728 -8976.79857 1293.65823
v -30895.13449 -9847.16504 1178.05798
v -30606.80505 -10709.78429 1127.04824
v -30294.39578 -11563.97764 1184.20397
v -29958.15249 -12409.07306 1337.91743
v -29598.33970 -13244.40568 1528.54506
v -29215.24050 -14069.31831 1676.27279
v -28809.15628 -14883.16193 1718.05318
v -28380.40655 -15685.29627 1638.21483
v -27929.32861 -16475.09024 1479.83564
v -27456.27734 -17251.92248 1331.71173
v -26961.62493 -18015.18182 1295.63070
v -26445.76053 -18764.26777 1446.69628
v -25909.09000 -19498.59098 1802.40784
v -25352.03557 -20217.57372 2312.86963
v -24775.03550 -20920.65035 2876.21107
v -24178.54373 -21607.26771 3373.35451
v -23563.02956 -22276.88562 3708.65166
v -22928.97724 -22928.97724 3840.66789
v -22276.88562 -23563.02956 3791.41558
v -21607.26771 -24178.54373 3630.99958
v -20920.65035 -24775.03550 3444.45738
v -20217.57372 -25352.03557 3294.61148
v -19498.59098 -25909.09000 3196.18480
v -18764.26777 -26445.76053 3111.70097
v -18015.18182 -26961.62493 2970.71894
v -17251.92248 -27456.27734 2704.36267
v -16475.09024 -27929.32861 2280.77516
v -15685.29627 -28380.40655 1726.61429
v -14883.16193 -28809.15628 1125.23461
v -14069.31831 -29215.24050 591.55117
v -13244.40568 -29598.33970 233.00124
v -12409.07306 -29958.15249 111.71733
v -11563.97764 -30294.39578 222.69957
v -10709.78429 -30606.80505 496.54397
v -9847.16504 -30895.13449 825.63145
v -8976.79857 -31159.15728 1103.47063
v -8099.36962 -31398.66568 1261.79830
v -7215.56852 -31613.47127 1291.10180
v -6326.09059 -31803.40505 1236.99722
v -5431.63562 -31968.31759 1174.64464
v -4532.90733 -32108.07914 1172.18483
v -3630.61279 -32222.57975 1258.50434
v -2725.46187 -32311.72933 1408.74864
v -1818.16671 -32375.45775 1553.67828
v -909.44110 -32413.71487 1609.16317
v -0.00000 -32426.47059 1513.79356
v 909.44110 -32413.71487 1259.11820
v 1818.16671 -32375.45775 899.81223
v 2725.46187 -32311.72933 539.02440
v 3630.61279 -32222.57975 294.07114
v 4532.90733 -32108.07914 255.55322
v 5431.63562 -31968.31759 455.68931
v 6326.09059 -31803.40505 858.09015
v 7215.56852 -31613.47127 1372.76021
v 8099.36962 -31398.66568 1890.18541
v 8976.79857 -31159.15728 2320.91699
v 9847.16504 -30895.13449 2625.06652
v 10709.78429 -30606.80505 2820.36769
v 11563.97764 -30294.39578 2966.21529
v 12409.07306 -29958.15249 3130.82877
v 13244.40568 -29598.33970 3355.48536
v 14069.31831 -29215.24050 3630.89330
v 14883.16193 -28809.15628 3895.78025
v 15685.29627 -28380.40655 4058.67624
v 16475.09024 -27929.32861 4034.34444
v 17251.92248 -27456.27734 3780.20602
v 18015.18182 -26961.62493 3317.89137
v 18764.26777 -26445.76053 2730.83563
v 19498.59098 -25909.09000 2138.31269
v 20217.57372 -25352.03557 1655.67391
v 20920.65035 -24775.03550 1356.06618
v 21607.26771 -24178.54373 1248.33749
v 22276.88562 -23563.02956 1279.42102
v 22928.97724 -22928.97724 1359.79139
v 23563.02956 -22276.88562 1401.49324
v 24178.54373 -21607.26771 1353.39102
v 24775.03550 -20920.65035 1219.60993
v 25352.03557 -20217.57372 1054.08208
v 25909.09000 -19498.59098 933.86908
v 26445.76053 -18764.26777 922.56752
v 26961.62493 -18015.18182 1039.13562
v 27456.27734 -17251.92248 1245.28413
v 27929.32861 -16475.09024 1457.03636
v 28380.40655 -15685.29627 1576.21976
v 28809.15628 -14883.16193 1529.47346
v 29215.24050 -14069.31831 1299.14625
v 29598.33970 -13244.40568 933.52710
v 29958.15249 -12409.07306 531.98035
v 30294.39578 -11563.97764 210.49913
v 30606.80505 -10709.78429 60.96213
v 30895.13449 -9847.16504 119.86489
v 31159.15728 -8976.79857 358.50284
v 31398.66568 -8099.36962 698.03301
v 31613.47127 -7215.56852 1042.96396
v 31803.40505 -6326.09059 1319.37828
v 31968.31759 -5431.63562 1502.47484
v 32108.07914 -4532.90733 1622.50207
v 32222.57975 -3630.61279 1747.01732
v 32311.72933 -2725.46187 1947.07074
v 32375.45775 -1818.16671 2261.47734
v 32413.71487 -909.44110 2674.15733
v 33294.11765 0.00000 2784.99883
v 33281.02062 933.77536 3159.95817
v 33241.73984 1866.81607 3377.06665
v 33176.30622 2798.38807 3385.84905
v 33084.77122 3727.75844 3195.59507
v 32967.20688 4654.19601 2873.13067
v 32823.70568 5576.97191 2519.07835
v 32654.38051 6495.36013 2231.78623
v 32459.36461 7408.63815 2072.95464
v 32238.81138 8316.08745 2048.24562
v 31992.89437 9216.99409 2110.12988
v 31721.80703 10110.64928 2181.33140
v 31425.76264 10996.34995 2189.04329
v 31104.99413 11873.39926 2095.89027
v 30759.75385 12741.10722 1915.07825
v 30390.31341 13598.79114 1703.69519
v 29996.96348 14445.77626 1537.07042
v 29580.01353 15281.39619 1474.85183
v 29139.79158 16104.99354 1532.89117
v 28676.64398 16915.92032 1672.74827
v 28190.93510 17713.53855 1813.54599
v 27683.04709 18497.22070 1861.87425
v 27153.37952 19266.35021 1748.08908
v 26602.34910 20020.32198 1454.64663
v 26030.38936 20758.54281 1025.15323
v 25437.95028 21480.43192 550.39360
v 24825.49796 22185.42136 136.69034
v 24193.51425 22872.95648 -131.09026
v 23542.49636 23542.49636 -217.52182
v 22872.95648 24193.51425 -144.90455
v 22185.42136 24825.49796 20.91204
v 21480.43192 25437.95028 200.95995
v 20758.54281 26030.38936 337.19586
v 20020.32198 26602.34910 416.20700
v 19266.35021 27153.37952 472.95664
v 18497.22070 27683.04709 573.15259
v 17713.53855 28190.93510 781.59238
v 16915.92032 28676.64398 1129.63013
v 16104.99354 29139.79158 1595.38063
v 15281.39619 29580.01353 2105.22396
v 14445.77626 29996.96348 2556.62443
v 13598.79114 30390.31341 2853.66465
v 12741.10722 30759.75385 2941.48593
v 11873.39926 31104.99413 2826.12278
v 10996.34995 31425.76264 2571.91555
v 10110.64928 31721.80703 2277.50849
v 9216.99409 31992.89437 2039.86101
v 8316.08745 32238.81138 1920.35067
v 7408.63815 32459.36461 1926.07428
v 6495.36013 32654.38051 2013.26102
v 5576.97191 32823.70568 2110.79676
v 4654.19601 32967.20688 2153.80752
v 3727.75844 33084.77122 2113.29666
v 2798.38807 33176.30622 2009.55483
v 1866.81607 33241.73984 1903.75942
v 933.77536 33281.02062 1871.14148
v 0.00000 33294.11765 1966.70314
v -933.77536 33281.02062 2197.64192
v -1866.81607 33241.73984 2514.08723
v -2798.38807 33176.30622 2822.49055
v -3727.75844 33084.77122 3016.94469
v -4654.19601 32967.20688 3016.47954
v -5576.97191 32823.70568 2793.89780
v -6495.36013 32654.38051 2384.98176
v -7408.63815 32459.36461 1874.61725
v -8316.08745 32238.81138 1365.46059
v -9216.99409 31992.89437 941.58499
v -10110.64928 31721.80703 641.36660
v -10996.34995 31425.76264 449.99254
v -11873.39926 31104.99413 313.96605
v -12741.10722 30759.75385 171.07935
v -13598.79114 30390.31341 -16.89335
v -14445.77626 29996.96348 -242.56187
v -15281.39619 29580.01353 -451.55927
v -16104.99354 29139.79158 -562.35414
v -16915.92032 28676.64398 -499.42796
v -17713.53855 28190.93510 -226.42715
v -18497.22070 27683.04709 234.29489
v -19266.35021 27153.37952 804.03958
v -20020.32198 26602.34910 1371.65808
v -20758.54281 26030.38936 1830.03984
v -21480.43192 25437.95028 2111.21985
v -22185.42136 24825.49796 2206.64946
v -22872.95648 24193.51425 2165.04555
v -23542.49636 23542.49636 2069.10206
v -24193.51425 22872.95648 2000.66526
v -24825.49796 22185.42136 2008.41256
v -25437.95028 21480.43192 2090.86910
v -26030.38936 20758.54281 2201.24894
v -26602.34910 20020.32198 2271.68749
v -27153.37952 19266.35021 2246.53741
v -27683.04709 18497.22070 2110.71350
v -28190.93510 17713.53855 1901.07940
v -28676.64398 16915.92032 1695.76003
v -29139.79158 16104.99354 1585.26209
v -29580.01353 15281.39619 1636.76014
v -29996.96348 14445.77626 1865.83871
v -30390.31341 13598.79114 2227.17304
v -30759.75385 12741.10722 2628.19522
v -31104.99413 11873.39926 2960.69920
v -31425.76264 10996.34995 3138.23082
v -31721.80703 10110.64928 3124.83360
v -31992.89437 9216.99409 2944.18883
v -32238.81138 8316.08745 2666.00647
v -32459.36461 7408.63815 2375.55421
v -32654.38051 6495.36013 2138.83812
v -32823.70568 5576.97191 1977.51942
v -32967.20688 4654.19601 1863.55367
v -33084.77122 3727.75844 1735.43668
v -33176.30622 2798.38807 1529.10747
v -33241.73984 1866.81607 1210.55919
v -33281.02062 933.77536 796.46401
v -33294.11765 0.00000 353.93338
v -33281.02062 -933.77536 -21.02596
v -33241.73984 -1866.81607 -238.13444
v -33176.30622 -2798.38807 -246.91684
v -33084.77122 -3727.75844 -56.66287
v -32967.20688 -4654.19601 265.80153
v -32823.70568 -5576.97191 619.85385
v -32654.38051 -6495.36013 907.14597
v -32459.36461 -7408.63815 1065.97757
v -32238.81138 -8316.08745 1090.68659
v -31992.89437 -9216.99409 1028.80233
v -31721.80703 -10110.64928 957.60081
v -31425.76264 -10996.34995 949.88892
v -31104.99413 -11873.39926 1043.04194
v -30759.75385 -12741.10722 1223.85395
v -30390.31341 -13598.79114 1435.23702
v -29996.96348 -14445.77626 1601.86179
v -29580.01353 -15281.39619 1664.08038
v -29139.79158 -16104.99354 1606.04103
v -28676.64398 -16915.92032 1466.18394
v -28190.93510 -17713.53855 1325.38622
v -27683.04709 -18497.22070 1277.05795
v -27153.37952 -19266.35021 1390.84313
v -26602.34910 -20020.32198 1684.28558
v -26030.38936 -20758.54281 2113.77898
v -25437.95028 -21480.43192 2588.53860
v -24825.49796 -22185.42136 3002.24187
v -24193.51425 -22872.95648 3270.02247
v -23542.49636 -23542.49636 3356.45403
v -22872.95648 -24193.51425 3283.83676
v -22185.42136 -24825.49796 3118.02017
v -21480.43192 -25437.95028 2937.97226
v -20758.54281 -26030.38936 2801.73635
v -20020.32198 -26602.34910 2722.72521
v -19266.35021 -27153.37952 2665.97557
v -18497.22070 -27683.04709 2565.77962
v -17713.53855 -28190.93510 2357.33983
v -16915.92032 -28676.64398 2009.30208
v -16104.99354 -29139.79158 1543.55158
v -15281.39619 -29580.01353 1033.70825
v -14445.77626 -29996.96348 582.30778
v -13598.79114 -30390.31341 285.26756
v -12741.10722 -30759.75385 197.44628
v -11873.39926 -31104.99413 312.80943
v -10996.34995 -31425.76264 567.01666
v -10110.64928 -31721.80703 861.42372
v -9216.99409 -31992.89437 1099.07120
v -8316.08745 -32238.81138 1218.58154
v -7408.63815 -32459.36461 1212.85793
v -6495.36013 -32654.38051 1125.67118
v -5576.97191 -32823.70568 1028.13545
v -4654.19601 -32967.20688 985.12469
v -3727.75844 -33084.77122 1025.63555
v -2798.38807 -33176.30622 1129.37738
v -1866.81607 -33241.73984 1235.17278
v -933.77536 -33281.02062 1267.79072
v -0.00000 -33294.11765 1172.22907
v 933.77536 -33281.02062 941.29029
v 1866.81607 -33241.73984 624.84498
v 2798.38807 -33176.30622 316.44166
v 3727.75844 -33084.77122 121.98751
v 4654.19601 -32967.20688 122.45267
v 5576.97191 -32823.70568 345.03441
v 6495.36013 -32654.38051 753.95045
v 7408.63815 -32459.36461 1264.31496
v 8316.08745 -32238.81138 1773.47161
v 9216.99409 -31992.89437 2197.34722
v 10110.64928 -31721.80703 2497.56561
v 10996.34995 -31425.76264 2688.93966
v 11873.39926 -31104.99413 2824.96616
v 12741.10722 -30759.75385 2967.85286
v 13598.79114 -30390.31341 3155.82556
v 14445.77626 -29996.96348 3381.49408
v 15281.39619 -29580.01353 3590.49147
v 16104.99354 -29139.79158 3701.28634
v 16915.92032 -28676.64398 3638.36017
v 17713.53855 -28190.93510 3365.35935
v 18497.22070 -27683.04709 2904.63731
v 19266.35021 -27153.37952 2334.89263
v 20020.32198 -26602.34910 1767.27413
v 20758.54281 -26030.38936 1308.89237
v 21480.43192 -25437.95028 1027.71236
v 22185.42136 -24825.49796 932.28275
v 22872.95648 -24193.51425 973.88666
v 23542.49636 -23542.49636 1069.83014
v 24193.51425 -22872.95648 1138.26695
v 24825.49796 -22185.42136 1130.51965
v 25437.95028 -21480.43192 1048.06311
v 26030.38936 -20758.54281 937.68327
v 26602.34910 -20020.32198 867.24471
v 27153.37952 -19266.35021 892.39479
v 27683.04709 -18497.22070 1028.21871
v 28190.93510 -17713.53855 1237.85281
v 28676.64398 -16915.92032 1443.17217
v 29139.79158 -16104.99354 1553.67012
v 29580.01353 -15281.39619 1502.17207
v 29996.96348 -14445.77626 1273.09350
v 30390.31341 -13598.79114 911.75917
v 30759.75385 -12741.10722 510.73699
v 31104.99413 -11873.39926 178.23301
v 31425.76264 -10996.34995 0.70139
v 31721.80703 -10110.64928 14.09861
v 31992.89437 -9216.99409 194.74338
v 32238.81138 -8316.08745 472.92573
v 32459.36461 -7408.63815 763.37800
v 32654.38051 -6495.36013 1000.09409
v 32823.70568 -5576.97191 1161.41279
v 32967.20688 -4654.19601 1275.37853
v 33084.77122 -3727.75844 1403.49552
v 33176.30622 -2798.38807 1609.82473
v 33241.73984 -1866.81607 1928.37302
v 33281.02062 -933.77536 2342.46820
v 34161.76471 0.00000 2542.38372
v 34148.32637 958.10961 2906.84270
v 34108.02193 1915.46543 3121.36694
v 34040.88310 2871.31426 3139.41169
v 33946.96270 3824.90409 2968.66925
v 33826.33462 4775.48469 2669.10977
v 33679.09376 5722.30819 2331.67723
v 33505.35598 6664.62968 2045.87846
v 33305.25794 7601.70779 1868.85726
v 33078.95709 8532.80528 1807.88090
v 32826.63145 9457.18960 1822.75638
v 32548.47956 10374.13351 1846.71373
v 32244.72024 11282.91560 1816.94787
v 31915.59248 12182.82089 1702.24390
v 31561.35521 13073.14137 1516.42486
v 31182.28713 13953.17660 1312.21491
v 30778.68647 14822.23421 1158.13473
v 30350.87077 15679.63046 1108.00087
v 29899.17660 16524.69081 1175.67728
v 29423.95934 17356.75040 1325.67931
v 28925.59286 18175.15461 1483.87506
v 28404.46926 18979.25958 1564.41964
v 27860.99851 19768.43266 1502.45790
v 27295.60820 20542.05299 1279.70085
v 26708.74314 21299.51191 932.70842
v 26100.86506 22040.21350 540.51434
v 25472.45219 22763.57501 196.38630
v 24823.99894 23469.02734 -25.23645
v 24156.01548 24156.01548 -93.74670
v 23469.02734 24823.99894 -29.73058
v 22763.57501 25472.45219 107.79148
v 22040.21350 26100.86506 248.66879
v 21299.51191 26708.74314 342.12536
v 20542.05299 27295.60820 377.95037
v 19768.43266 27860.99851 389.74367
v 18979.25958 28404.46926 438.95226
v 18175.15461 28925.59286 586.30601
v 17356.75040 29423.95934 862.45882
v 16524.69081 29899.17660 1250.06421
v 15679.63046 30350.87077 1684.98022
v 14822.23421 30778.68647 2076.62511
v 13953.17660 31182.28713 2339.77471
v 13073.14137 31561.35521 2425.41529
v 12182.82089 31915.59248 2338.52925
v 11282.91560 32244.72024 2135.80070
v 10374.13351 32548.47956 1904.14303
v 9457.18960 32826.63145 1728.50460
v 8532.80528 33078.95709 1661.58039
v 7601.70779 33305.25794 1707.18279
v 6664.62968 33505.35598 1823.46661
v 5722.30819 33679.09376 1944.20239
v 4775.48469 33826.33462 2009.06712
v 3824.90409 33946.96270 1990.37408
v 2871.31426 34040.88310 1905.21248
v 1915.46543 34108.02193 1807.97982
v 958.10961 34148.32637 1766.33374
v 0.00000 34161.76471 1830.41761
v -958.10961 34148.32637 2008.06443
v -1915.46543 34108.02193 2256.39661
v -2871.31426 34040.88310 2493.72339
v -3824.90409 33946.96270 2627.50351
v -4775.48469 33826.33462 2587.65593
v -5722.30819 33679.09376 2352.27341
v -6664.62968 33505.35598 1955.72614
v -7601.70779 33305.25794 1476.06620
v -8532.80528 33078.95709 1006.79043
v -9457.18960 32826.63145 624.12955
v -10374.13351 32548.47956 362.66655
v -11282.91560 32244.72024 208.60418
v -12182.82089 31915.59248 112.81385
v -13073.14137 31561.35521 17.80436
v -13953.17660 31182.28713 -112.83387
v -14822.23421 30778.68647 -274.88088
v -15679.63046 30350.87077 -422.11316
v -16524.69081 29899.17660 -483.92055
v -17356.75040 29423.95934 -394.91757
v -18175.15461 28925.59286 -124.54286
v -18979.25958 28404.46926 305.53448
v -19768.43266 27860.99851 823.63640
v -20542.05299 27295.60820 1329.58603
v -21299.51191 26708.74314 1727.47988
v -22040.21350 26100.86506 1957.17926
v -22763.57501 25472.45219 2012.44732
v -23469.02734 24823.99894 1938.92785
v -24156.01548 24156.01548 1813.12423
v -24823.99894 23469.02734 1711.00225
v -25472.45219 22763.57501 1678.82555
v -26100.86506 22040.21350 1717.75111
v -26708.74314 21299.51191 1788.01646
v -27295.60820 20542.05299 1830.54497
v -27860.99851 19768.43266 1796.70987
v -28404.46926 18979.25958 1673.68785
v -28925.59286 18175.15461 1494.63221
v -29423.95934 17356.75040 1329.07728
v -29899.17660 16524.69081 1257.05842
v -30350.87077 15679.63046 1337.13748
v -30778.68647 14822.23421 1581.15322
v -31182.28713 13953.17660 1945.99435
v -31561.35521 13073.14137 2346.01794
v -31915.59248 12182.82089 2681.57488
v -32244.72024 11282.91560 2872.72504
v -32548.47956 10374.13351 2885.18303
v -32826.63145 9457.18960 2738.64858
v -33078.95709 8532.80528 2494.69197
v -33305.25794 7601.70779 2229.47209
v -33505.35598 6664.62968 2002.51239
v -33679.09376 5722.30819 1834.17278
v -33826.33462 4775.48469 1700.78049
v -33946.96270 3824.90409 1549.11441
v -34040.88310 2871.31426 1324.01233
v -34108.02193 1915.46543 997.48857
v -34148.32637 958.10961 587.08218
v -34161.76471 0.00000 155.47849
v -34148.32637 -958.10961 -208.98049
v -34108.02193 -1915.46543 -423.50473
v -34040.88310 -2871.31426 -441.54948
v -33946.96270 -3824.90409 -270.80704
v -33826.33462 -4775.48469 28.75244
v -33679.09376 -5722.30819 366.18498
v -33505.35598 -6664.62968 651.98375
v -33305.25794 -7601.70779 829.00495
v -33078.95709 -8532.80528 889.98131
v -32826.63145 -9457.18960 875.10583
v -32548.47956 -10374.13351 851.14848
v -32244.72024 -11282.91560 880.91434
v -31915.59248 -12182.82089 995.61831
v -31561.35521 -13073.14137 1181.43735
v -31182.28713 -13953.17660 1385.64730
v -30778.68647 -14822.23421 1539.72748
v -30350.87077 -15679.63046 1589.86134
v -29899.17660 -16524.69081 1522.18493
v -29423.95934 -17356.75040 1372.18290
v -28925.59286 -18175.15461 1213.98715
v -28404.46926 -18979.25958 1133.44257
v -27860.99851 -19768.43266 1195.40431
v -27295.60820 -20542.05299 1418.16136
v -26708.74314 -21299.51191 1765.15379
v -26100.86506 -22040.21350 2157.34787
v -25472.45219 -22763.57501 2501.47591
v -24823.99894 -23469.02734 2723.09866
v -24156.01548 -24156.01548 2791.60891
v -23469.02734 -24823.99894 2727.59279
v -22763.57501 -25472.45219 2590.07073
v -22040.21350 -26100.86506 2449.19342
v -21299.51191 -26708.74314 2355.73685
v -20542.05299 -27295.60820 2319.91183
v -19768.43266 -27860.99851 2308.11854
v -18979.25958 -28404.46926 2258.90995
v -18175.15461 -28925.59286 2111.55620
v -17356.75040 -29423.95934 1835.40339
v -16524.69081 -29899.17660 1447.79800
v -15679.63046 -30350.87077 1012.88199
v -14822.23421 -30778.68647 621.23710
v -13953.17660 -31182.28713 358.08749
v -13073.14137 -31561.35521 272.44692
v -12182.82089 -31915.59248 359.33296
v -11282.91560 -32244.72024 562.06151
v -10374.13351 -32548.47956 793.71918
v -9457.18960 -32826.63145 969.35761
v -8532.80528 -33078.95709 1036.28182
v -7601.70779 -33305.25794 990.67942
v -6664.62968 -33505.35598 874.39560
v -5722.30819 -33679.09376 753.65982
v -4775.48469 -33826.33462 688.79509
v -3824.90409 -33946.96270 707.48813
v -2871.31426 -34040.88310 792.64973
v -1915.46543 -34108.02193 889.88239
v -958.10961 -34148.32637 931.52847
v -0.00000 -34161.76471 867.44460
v 958.10961 -34148.32637 689.79778
v 1915.46543 -34108.02193 441.46560
v 2871.31426 -34040.88310 204.13882
v 3824.90409 -33946.96270 70.35870
v 4775.48469 -33826.33462 110.20627
v 5722.30819 -33679.09376 345.58880
v 6664.62968 -33505.35598 742.13607
v 7601.70779 -33305.25794 1221.79601
v 8532.80528 -33078.95709 1691.07178
v 9457.18960 -32826.63145 2073.73266
v 10374.13351 -32548.47956 2335.19566
v 11282.91560 -32244.72024 2489.25803
v 12182.82089 -31915.59248 2585.04836
v 13073.14137 -31561.35521 2680.05785
v 13953.17660 -31182.28713 2810.69607
v 14822.23421 -30778.68647 2972.74309
v 15679.63046 -30350.87077 3119.97537
v 16524.69081 -29899.17660 3181.78276
v 17356.75040 -29423.95934 3092.77978
v 18175.15461 -28925.59286 2822.40507
v 18979.25958 -28404.46926 2392.32773
v 19768.43266 -27860.99851 1874.22581
v 20542.05299 -27295.60820 1368.27618
v 21299.51191 -26708.74314 970.38233
v 22040.21350 -26100.86506 740.68295
v 22763.57501 -25472.45219 685.41489
v 23469.02734 -24823.99894 758.93436
v 24156.01548 -24156.01548 884.73798
v 24823.99894 -23469.02734 986.85996
v 25472.45219 -22763.57501 1019.03666
v 26100.86506 -22040.21350 980.11110
v 26708.74314 -21299.51191 909.84575
v 27295.60820 -20542.05299 867.31724
v 27860.99851 -19768.43266 901.15233
v 28404.46926 -18979.25958 1024.17436
v 28925.59286 -18175.15461 1203.23000
v 29423.95934 -17356.75040 1368.78493
v 29899.17660 -16524.69081 1440.80379
v 30350.87077 -15679.63046 1360.72473
v 30778.68647 -14822.23421 1116.70899
v 31182.28713 -13953.17660 751.86786
v 31561.35521 -13073.14137 351.84427
v 31915.59248 -12182.82089 16.28733
v 32244.72024 -11282.91560 -174.86283
v 32548.47956 -10374.13351 -187.32082
v 32826.63145 -9457.18960 -40.78637
v 33078.95709 -8532.80528 203.17024
v 33305.25794 -7601.70779 468.39012
v 33505.35598 -6664.62968 695.34982
v 33679.09376 -5722.30819 863.68943
v 33826.33462 -4775.48469 997.08172
v 33946.96270 -3824.90409 1148.74780
v 34040.88310 -2871.31426 1373.84988
v 34108.02193 -1915.46543 1700.37364
v 34148.32637 -958.10961 2110.78003
v 35029.41176 0.00000 2316.91492
v 35015.63212 982.44386 2636.27406
v 34974.30402 1964.11478 2814.08553
v 34905.45999 2944.24045 2810.19301
v 34809.15418 3922.04974 2632.59023
v 34685.46236 4896.77336 2335.62416
v 34534.48185 5867.64447 2001.20484
v 34356.33144 6833.89922 1710.25165
v 34151.15128 7794.77742 1515.42450
v 33919.10279 8749.52310 1425.60693
v 33660.36854 9697.38512 1407.86521
v 33375.15209 10637.61775 1405.61132
v 33063.67784 11569.48126 1365.25638
v 32726.19082 12492.24251 1260.33710
v 32362.95657 13405.17553 1103.24864
v 31974.26084 14307.56206 939.84676
v 31560.40946 15198.69216 829.21463
v 31121.72801 16077.86472 816.98471
v 30658.56163 16944.38807 913.30091
v 30171.27471 17797.58048 1084.70827
v 29660.25063 18636.77068 1263.68376
v 29125.89142 19461.29846 1372.41085
v 28568.61750 20270.51511 1351.61290
v 27988.86730 21063.78399 1183.13003
v 27387.09693 21840.48100 897.31562
v 26763.77984 22599.99507 562.29441
v 26119.40642 23341.72866 259.27764
v 25454.48363 24065.09820 53.61159
v 24769.53460 24769.53460 -27.14909
v 24065.09820 25454.48363 0.25900
v 23341.72866 26119.40642 85.91114
v 22599.99507 26763.77984 170.51743
v 21840.48100 27387.09693 212.02720
v 21063.78399 27988.86730 204.05106
v 20270.51511 28568.61750 178.54386
v 19461.29846 29125.89142 191.65067
v 18636.77068 29660.25063 298.51944
v 17797.58048 30171.27471 527.44050
v 16944.38807 30658.56163 864.04183
v 16077.86472 31121.72801 1252.29251
v 15198.69216 31560.40946 1612.33621
v 14307.56206 31974.26084 1868.39695
v 13405.17553 32362.95657 1975.89582
v 12492.24251 32726.19082 1937.14619
v 11569.48126 33063.67784 1799.47235
v 10637.61775 33375.15209 1636.53432
v 9697.38512 33660.36854 1520.26304
v 8749.52310 33919.10279 1494.46699
v 7794.77742 34151.15128 1560.40434
v 6833.89922 34356.33144 1679.74257
v 5867.64447 34534.48185 1793.31381
v 4896.77336 34685.46236 1847.74160
v 3922.04974 34809.15418 1818.90681
v 2944.24045 34905.45999 1722.58113
v 1964.11478 34974.30402 1607.82985
v 982.44386 35015.63212 1535.84101
v 0.00000 35029.41176 1552.82596
v -982.44386 35015.63212 1668.13712
v -1964.11478 34974.30402 1846.74572
v -2944.24045 34905.45999 2019.51023
v -3922.04974 34809.15418 2107.53489
v -4896.77336 34685.46236 2051.23252
v -5867.64447 34534.48185 1832.75079
v -6833.89922 34356.33144 1482.99114
v -7794.77742 34151.15128 1070.51715
v -8749.52310 33919.10279 676.78966
v -9697.38512 33660.36854 367.52050
v -10637.61775 33375.15209 171.36741
v -11569.48126 33063.67784 74.13684
v -12492.24251 32726.19082 30.35724
v -13405.17553 32362.95657 -12.92441
v -14307.56206 31974.26084 -90.16637
v -15198.69216 31560.40946 -200.03295
v -16077.86472 31121.72801 -304.04008
v -16944.38807 30658.56163 -341.87113
v -17797.58048 30171.27471 -257.23741
v -18636.77068 29660.25063 -23.76328
v -19461.29846 29125.89142 339.77970
v -20270.51511 28568.61750 771.40608
v -21063.78399 27988.86730 1184.72082
v -21840.48100 27387.09693 1497.56093
v -22599.99507 26763.77984 1659.48340
v -23341.72866 26119.40642 1667.52180
v -24065.09820 25454.48363 1564.25573
v -24769.53460 24769.53460 1419.21848
v -25454.48363 24065.09820 1301.21411
v -26119.40642 23341.72866 1252.60835
v -26763.77984 22599.99507 1275.70847
v -27387.09693 21840.48100 1336.35244
v -27988.86730 21063.78399 1382.80669
v -28568.61750 20270.51511 1371.85728
v -29125.89142 19461.29846 1291.07521
v -29660.25063 18636.77068 1167.81069
v -30171.27471 17797.58048 1060.88921
v -30658.56163 16944.38807 1038.05716
v -31121.72801 16077.86472 1148.10236
v -31560.40946 15198.69216 1398.87883
v -31974.26084 14307.56206 1750.25410
v -32362.95657 13405.17553 2125.14483
v -32726.19082 12492.24251 2434.65270
v -33063.67784 11569.48126 2607.72073
v -33375.15209 10637.61775 2613.94238
v -33660.36854 9697.38512 2470.88703
v -33919.10279 8749.52310 2233.45991
v -34151.15128 7794.77742 1969.92447
v -34356.33144 6833.89922 1734.43261
v -34534.48185 5867.64447 1547.14894
v -34685.46236 4896.77336 1389.83512
v -34809.15418 3922.04974 1218.38923
v -34905.45999 2944.24045 986.88781
v -34974.30402 1964.11478 672.95952
v -35015.63212 982.44386 293.73453
v -35029.41176 0.00000 -94.59854
v -35015.63212 -982.44386 -413.95767
v -34974.30402 -1964.11478 -591.76915
v -34905.45999 -2944.24045 -587.87662
v -34809.15418 -3922.04974 -410.27385
v -34685.46236 -4896.77336 -113.30778
v -34534.48185 -5867.64447 221.11155
v -34356.33144 -6833.89922 512.06474
v -34151.15128 -7794.77742 706.89188
v -33919.10279 -8749.52310 796.70946
v -33660.36854 -9697.38512 814.45118
v -33375.15209 -10637.61775 816.70507
v -33063.67784 -11569.48126 857.06000
v -32726.19082 -12492.24251 961.97929
v -32362.95657 -13405.17553 1119.06774
v -31974.26084 -14307.56206 1282.46962
v -31560.40946 -15198.69216 1393.10176
v -31121.72801 -16077.86472 1405.33168
v -30658.56163 -16944.38807 1309.01547
v -30171.27471 -17797.58048 1137.60812
v -29660.25063 -18636.77068 958.63263
v -29125.89142 -19461.29846 849.90554
v -28568.61750 -20270.51511 870.70348
v -27988.86730 -21063.78399 1039.18636
v -27387.09693 -21840.48100 1325.00076
v -26763.77984 -22599.99507 1660.02198
v -26119.40642 -23341.72866 1963.03875
v -25454.48363 -24065.09820 2168.70480
v -24769.53460 -24769.53460 2249.46548
v -24065.09820 -25454.48363 2222.05739
v -23341.72866 -26119.40642 2136.40525
v -22599.99507 -26763.77984 2051.79896
v -21840.48100 -27387.09693 2010.28919
v -21063.78399 -27988.86730 2018.26532
v -20270.51511 -28568.61750 2043.77253
v -19461.29846 -29125.89142 2030.66572
v -18636.77068 -29660.25063 1923.79694
v -17797.58048 -30171.27471 1694.87589
v -16944.38807 -30658.56163 1358.27455
v -16077.86472 -31121.72801 970.02388
v -15198.69216 -31560.40946 609.98018
v -14307.56206 -31974.26084 353.91944
v -13405.17553 -32362.95657 246.42057
v -12492.24251 -32726.19082 285.17020
v -11569.48126 -33063.67784 422.84404
v -10637.61775 -33375.15209 585.78207
v -9697.38512 -33660.36854 702.05334
v -8749.52310 -33919.10279 727.84940
v -7794.77742 -34151.15128 661.91205
v -6833.89922 -34356.33144 542.57381
v -5867.64447 -34534.48185 429.00257
v -4896.77336 -34685.46236 374.57479
v -3922.04974 -34809.15418 403.40957
v -2944.24045 -34905.45999 499.73526
v -1964.11478 -34974.30402 614.48654
v -982.44386 -35015.63212 686.47537
v -0.00000 -35029.41176 669.49042
v 982.44386 -35015.63212 554.17927
v 1964.11478 -34974.30402 375.57066
v 2944.24045 -34905.45999 202.80616
v 3922.04974 -34809.15418 114.78149
v 4896.77336 -34685.46236 171.08387
v 5867.64447 -34534.48185 389.56560
v 6833.89922 -34356.33144 739.32525
v 7794.77742 -34151.15128 1151.79924
v 8749.52310 -33919.10279 1545.52673
v 9697.38512 -33660.36854 1854.79589
v 10637.61775 -33375.15209 2050.94897
v 11569.48126 -33063.67784 2148.17955
v 12492.24251 -32726.19082 2191.95915
v 13405.17553 -32362.95657 2235.24080
v 14307.56206 -31974.26084 2312.48275
v 15198.69216 -31560.40946 2422.34934
v 16077.86472 -31121.72801 2526.35647
v 16944.38807 -30658.56163 2564.18751
v 17797.58048 -30171.27471 2479.55380
v 18636.77068 -29660.25063 2246.07967
v 19461.29846 -29125.89142 1882.53669
v 20270.51511 -28568.61750 1450.91031
v 21063.78399 -27988.86730 1037.59556
v 21840.48100 -27387.09693 724.75545
v 22599.99507 -26763.77984 562.83299
v 23341.72866 -26119.40642 554.79459
v 24065.09820 -25454.48363 658.06066
v 24769.53460 -24769.53460 803.09791
v 25454.48363 -24065.09820 921.10228
v 26119.40642 -23341.72866 969.70804
v 26763.77984 -22599.99507 946.60792
v 27387.09693 -21840.48100 885.96394
v 27988.86730 -21063.78399 839.50970
v 28568.61750 -20270.51511 850.45911
v 29125.89142 -19461.29846 931.24117
v 29660.25063 -18636.77068 1054.50570
v 30171.27471 -17797.58048 1161.42718
v 30658.56163 -16944.38807 1184.25922
v 31121.72801 -16077.86472 1074.21403
v 31560.40946 -15198.69216 823.43756
v 31974.26084 -14307.56206 472.06229
v 32362.95657 -13405.17553 97.17156
v 32726.19082 -12492.24251 -212.33631
v 33063.67784 -11569.48126 -385.40434
v 33375.15209 -10637.61775 -391.62599
v 33660.36854 -9697.38512 -248.57064
v 33919.10279 -8749.52310 -11.14352
v 34151.15128 -7794.77742 252.39192
v 34356.33144 -6833.89922 487.88378
v 34534.48185 -5867.64447 675.16745
v 34685.46236 -4896.77336 832.48127
v 34809.15418 -3922.04974 1003.92715
v 34905.45999 -2944.24045 1235.42858
v 34974.30402 -1964.11478 1549.35687
v 35015.63212 -982.44386 1928.58186
v 35897.05882 0.00000 2012.33305
v 35882.93787 1006.77811 2256.36070
v 35840.58611 2012.76414 2373.60234
v 35770.03687 3017.16664 2332.06054
v 35671.34565 4019.19538 2140.95728
v 35544.59010 5018.06204 1849.05222
v 35389.86994 6012.98075 1528.50128
v 35207.30690 7003.16877 1250.41456
v 34997.04461 7987.84706 1061.51994
v 34759.24849 8966.24093 970.84334
v 34494.10563 9937.58064 951.28160
v 34201.82463 10901.10198 954.99214
v 33882.63543 11856.04692 936.04267
v 33536.78917 12801.66414 870.95268
v 33164.55792 13737.20968 768.73350
v 32766.23456 14661.94752 666.39466
v 32342.13245 15575.15011 611.86237
v 31892.58526 16476.09899 641.43787
v 31417.94666 17364.08534 761.21397
v 30918.59008 18238.41056 940.33815
v 30394.90839 19098.38675 1119.27037
v 29847.31358 19943.33734 1230.13647
v 29276.23649 20772.59756 1221.35744
v 28682.12639 21585.51500 1076.92414
v 28065.45072 22381.45009 822.72366
v 27426.69462 23159.77664 517.39899
v 26766.36065 23919.88231 231.31077
v 26084.96832 24661.16907 21.83305
v 25383.05372 25383.05372 -85.40865
v 24661.16907 26084.96832 -102.20396
v 23919.88231 26766.36065 -68.46979
v 23159.77664 27426.69462 -32.15086
v 22381.45009 28065.45072 -26.75077
v 21585.51500 28682.12639 -55.80787
v 20772.59756 29276.23649 -90.73365
v 19943.33734 29847.31358 -82.93980
v 19098.38675 30394.90839 14.68771
v 18238.41056 30918.59008 225.78159
v 17364.08534 31417.94666 537.07904
v 16476.09899 31892.58526 899.34095
v 15575.15011 32342.13245 1242.61937
v 14661.94752 32766.23456 1500.11922
v 13737.20968 33164.55792 1631.40913
v 12801.66414 33536.78917 1635.92932
v 11856.04692 33882.63543 1551.55181
v 10901.10198 34201.82463 1438.84838
v 9937.58064 34494.10563 1357.35388
v 8966.24093 34759.24849 1343.22350
v 7987.84706 34997.04461 1397.03227
v 7003.16877 35207.30690 1486.32354
v 6012.98075 35389.86994 1561.55054
v 5018.06204 35544.59010 1578.67259
v 4019.19538 35671.34565 1519.02618
v 3017.16664 35770.03687 1398.25117
v 2012.76414 35840.58611 1260.53892
v 1006.77811 35882.93787 1160.47113
v 0.00000 35897.05882 1139.81137
v -1006.77811 35882.93787 1208.73896
v -2012.76414 35840.58611 1339.31046
v -3017.16664 35770.03687 1474.07544
v -4019.19538 35671.34565 1546.70698
v -5018.06204 35544.59010 1506.66958
v -6012.98075 35389.86994 1338.28310
v -7003.16877 35207.30690 1066.72354
v -7987.84706 34997.04461 748.66007
v -8966.24093 34759.24849 451.29739
v -9937.58064 34494.10563 228.14462
v -10901.10198 34201.82463 101.04672
v -11856.04692 33882.63543 55.41434
v -12801.66414 33536.78917 50.22624
v -13737.20968 33164.55792 38.41623
v -14661.94752 32766.23456 -10.90603
v -15575.15011 32342.13245 -97.64230
v -16476.09899 31892.58526 -189.48802
v -17364.08534 31417.94666 -234.93098
v -18238.41056 30918.59008 -185.25841
v -19098.38675 30394.90839 -16.62472
v -19943.33734 29847.31358 256.90274
v -20772.59756 29276.23649 584.86765
v -21585.51500 28682.12639 896.27383
v -22381.45009 28065.45072 1123.78675
v -23159.77664 27426.69462 1226.94997
v -23919.88231 26766.36065 1205.43063
v -24661.16907 26084.96832 1097.23878
v -25383.05372 25383.05372 962.80126
v -26084.96832 24661.16907 861.33651
v -26766.36065 23919.88231 828.94523
v -27426.69462 23159.77664 867.02255
v -28065.45072 22381.45009 945.34643
v -28682.12639 21585.51500 1018.22354
v -29276.23649 20772.59756 1046.78657
v -29847.31358 19943.33734 1018.06403
v -30394.90839 19098.38675 952.78190
v -30918.59008 18238.41056 898.46207
v -31417.94666 17364.08534 910.39949
v -31892.58526 16476.09899 1028.09882
v -32342.13245 15575.15011 1256.71128
v -32766.23456 14661.94752 1561.13338
v -33164.55792 13737.20968 1875.45406
v -33536.78917 12801.66414 2124.35430
v -33882.63543 11856.04692 2248.31071
v -34201.82463 10901.10198 2222.93632
v -34494.10563 9937.58064 2065.11726
v -34759.24849 8966.24093 1823.84057
v -34997.04461 7987.84706 1559.65668
v -35207.30690 7003.16877 1321.15919
v -35389.86994 6012.98075 1127.92027
v -35544.59010 5018.06204 966.58171
v -35671.34565 4019.19538 801.38271
v -35770.03687 3017.16664 594.49613
v -35840.58611 2012.76414 327.53000
v -35882.93787 1006.77811 15.05175
v -35897.05882 0.00000 -295.78859
v -35882.93787 -1006.77811 -539.81624
v -35840.58611 -2012.76414 -657.05788
v -35770.03687 -3017.16664 -615.51607
v -35671.34565 -4019.19538 -424.41282
v -35544.59010 -5018.06204 -132.50776
v -35389.86994 -6012.98075 188.04318
v -35207.30690 -7003.16877 466.12990
v -34997.04461 -7987.84706 655.02452
v -34759.24849 -8966.24093 745.70112
v -34494.10563 -9937.58064 765.26286
v -34201.82463 -10901.10198 761.55233
v -33882.63543 -11856.04692 780.50179
v -33536.78917 -12801.66414 845.59178
v -33164.55792 -13737.20968 947.81096
v -32766.23456 -14661.94752 1050.14980
v -32342.13245 -15575.15011 1104.68209
v -31892.58526 -16476.09899 1075.10659
v -31417.94666 -17364.08534 955.33049
v -30918.59008 -18238.41056 776.20631
v -30394.90839 -19098.38675 597.27409
v -29847.31358 -19943.33734 486.40799
v -29276.23649 -20772.59756 495.18702
v -28682.12639 -21585.51500 639.62032
v -28065.45072 -22381.45009 893.82080
v -27426.69462 -23159.77664 1199.14548
v -26766.36065 -23919.88231 1485.23370
v -26084.96832 -24661.16907 1694.71141
v -25383.05372 -25383.05372 1801.95311
v -24661.16907 -26084.96832 1818.74842
v -23919.88231 -26766.36065 1785.01425
v -23159.77664 -27426.69462 1748.69533
v -22381.45009 -28065.45072 1743.29524
v -21585.51500 -28682.12639 1772.35233
v -20772.59756 -29276.23649 1807.27812
v -19943.33734 -29847.31358 1799.48426
v -19098.38675 -30394.90839 1701.85675
v -18238.41056 -30918.59008 1490.76287
v -17364.08534 -31417.94666 1179.46543
v -16476.09899 -31892.58526 817.20352
v -15575.15011 -32342.13245 473.92510
v -14661.94752 -32766.23456 216.42524
v -13737.20968 -33164.55792 85.13533
v -12801.66414 -33536.78917 80.61514
v -11856.04692 -33882.63543 164.99265
v -10901.10198 -34201.82463 277.69608
v -9937.58064 -34494.10563 359.19058
v -8966.24093 -34759.24849 373.32097
v -7987.84706 -34997.04461 319.51219
v -7003.16877 -35207.30690 230.22092
v -6012.98075 -35389.86994 154.99392
v -5018.06204 -35544.59010 137.87187
v -4019.19538 -35671.34565 197.51828
v -3017.16664 -35770.03687 318.29330
v -2012.76414 -35840.58611 456.00555
v -1006.77811 -35882.93787 556.07334
v -0.00000 -35897.05882 576.73309
v 1006.77811 -35882.93787 507.80550
v 2012.76414 -35840.58611 377.23400
v 3017.16664 -35770.03687 242.46902
v 4019.19538 -35671.34565 169.83748
v 5018.06204 -35544.59010 209.87488
v 6012.98075 -35389.86994 378.26136
v 7003.16877 -35207.30690 649.82092
v 7987.84706 -34997.04461 967.88439
v 8966.24093 -34759.24849 1265.24707
v 9937.58064 -34494.10563 1488.39984
v 10901.10198 -34201.82463 1615.49774
v 11856.04692 -33882.63543 1661.13012
v 12801.66414 -33536.78917 1666.31822
v 13737.20968 -33164.55792 1678.12823
v 14661.94752 -32766.23456 1727.45049
v 15575.15011 -32342.13245 1814.18677
v 16476.09899 -31892.58526 1906.03248
v 17364.08534 -31417.94666 1951.47544
v 18238.41056 -30918.59008 1901.80287
v 19098.38675 -30394.90839 1733.16919
v 19943.33734 -29847.31358 1459.64172
v 20772.59756 -29276.23649 1131.67681
v 21585.51500 -28682.12639 820.27063
v 22381.45009 -28065.45072 592.75771
v 23159.77664 -27426.69462 489.59450
v 23919.88231 -26766.36065 511.11384
v 24661.16907 -26084.96832 619.30568
v 25383.05372 -25383.05372 753.74320
v 26084.96832 -24661.16907 855.20796
v 26766.36065 -23919.88231 887.59924
v 27426.69462 -23159.77664 849.52191
v 28065.45072 -22381.45009 771.19804
v 28682.12639 -21585.51500 698.32092
v 29276.23649 -20772.59756 669.75789
v 29847.31358 -19943.33734 698.48043
v 30394.90839 -19098.38675 763.76256
v 30918.59008 -18238.41056 818.08239
v 31417.94666 -17364.08534 806.14497
v 31892.58526 -16476.09899 688.44564
v 32342.13245 -15575.15011 459.83318
v 32766.23456 -14661.94752 155.41108
v 33164.55792 -13737.20968 -158.90960
v 33536.78917 -12801.66414 -407.80984
v 33882.63543 -11856.04692 -531.76625
v 34201.82463 -10901.10198 -506.39185
v 34494.10563 -9937.58064 -348.57280
v 34759.24849 -8966.24093 -107.29611
v 34997.04461 -7987.84706 156.88778
v 35207.30690 -7003.16877 395.38528
v 35389.86994 -6012.98075 588.62419
v 35544.59010 -5018.06204 749.96275
v 35671.34565 -4019.19538 915.16175
v 35770.03687 -3017.16664 1122.04834
v 35840.58611 -2012.76414 1389.01446
v 35882.93787 -1006.77811 1701.49272
v 36764.70588 0.00000 1954.08208
v 36750.24362 1031.11236 2151.16332
v 36706.86820 2061.41350 2226.98818
v 36634.61375 3090.09283 2152.71256
v 36533.53713 4116.34103 1939.49198
v 36403.71784 5139.35072 1636.70085
v 36245.25803 6158.31703 1316.03248
v 36058.28237 7172.43831 1047.51318
v 35842.93795 8180.91669 876.63914
v 35599.39420 9182.95876 811.35723
v 35327.84272 10177.77616 823.66030
v 35028.49716 11164.58622 864.74028
v 34701.59303 12142.61257 887.27777
v 34347.38751 13111.08576 865.69255
v 33966.15928 14069.24384 806.13311
v 33558.20827 15016.33298 742.24872
v 33123.85544 15951.60806 718.63751
v 32663.44250 16874.33325 768.93489
v 32177.33169 17783.78261 897.74886
v 31665.90545 18679.24063 1074.15369
v 31129.56615 19560.00281 1239.81699
v 30568.73575 20425.37621 1328.92036
v 29983.85548 21274.68001 1292.22157
v 29375.38549 22107.24600 1115.83732
v 28743.80450 22922.41919 827.32069
v 28089.60941 23719.55822 486.57633
v 27413.31489 24498.03595 165.11439
v 26715.45302 25257.23993 -78.29168
v 25996.57284 25996.57284 -216.13080
v 25257.23993 26715.45302 -257.85358
v 24498.03595 27413.31489 -240.91620
v 23719.55822 28089.60941 -211.21441
v 22922.41919 28743.80450 -201.16198
v 22107.24600 29375.38549 -214.52349
v 21274.68001 29983.85548 -224.28012
v 20425.37621 30568.73575 -184.43543
v 19560.00281 31129.56615 -50.93008
v 18679.24063 31665.90545 196.95351
v 17783.78261 32177.33169 543.61778
v 16874.33325 32663.44250 938.21554
v 15951.60806 33123.85544 1309.75841
v 15016.33298 33558.20827 1590.62711
v 14069.24384 33966.15928 1739.42681
v 13111.08576 34347.38751 1754.32094
v 12142.61257 34701.59303 1671.70404
v 11164.58622 35028.49716 1550.84979
v 10177.77616 35327.84272 1450.68414
v 9182.95876 35599.39420 1407.88008
v 8180.91669 35842.93795 1424.83726
v 7172.43831 36058.28237 1472.05919
v 6158.31703 36245.25803 1503.60892
v 5139.35072 36403.71784 1479.05837
v 4116.34103 36533.53713 1382.76345
v 3090.09283 36634.61375 1232.43247
v 2061.41350 36706.86820 1073.34549
v 1031.11236 36750.24362 960.45407
v 0.00000 36764.70588 935.57371
v -1031.11236 36750.24362 1008.96070
v -2061.41350 36706.86820 1152.89541
v -3090.09283 36634.61375 1310.13677
v -4116.34103 36533.53713 1414.17452
v -5139.35072 36403.71784 1413.46907
v -6158.31703 36245.25803 1290.23834
v -7172.43831 36058.28237 1066.48420
v -8180.91669 35842.93795 794.99760
v -9182.95876 35599.39420 539.01991
v -10177.77616 35327.84272 348.69207
v -11164.58622 35028.49716 243.61277
v -12142.61257 34701.59303 208.28341
v -13111.08576 34347.38751 201.97309
v -14069.24384 33966.15928 178.70509
v -15016.33298 33558.20827 108.99518
v -15951.60806 33123.85544 -5.70090
v -16874.33325 32663.44250 -131.88207
v -17783.78261 32177.33169 -216.84114
v -18679.24063 31665.90545 -210.34503
v -19560.00281 31129.56615 -86.39105
v -20425.37621 30568.73575 143.85841
v -21274.68001 29983.85548 433.40205
v -22107.24600 29375.38549 714.75801
v -22922.41919 28743.80450 923.51931
v -23719.55822 28089.60941 1020.97754
v -24498.03595 27413.31489 1007.02817
v -25257.23993 26715.45302 918.41400
v -25996.57284 25996.57284 813.16987
v -26715.45302 25257.23993 747.57433
v -27413.31489 24498.03595 754.81680
v -28089.60941 23719.55822 833.79405
v -28743.80450 22922.41919 952.28873
v -29375.38549 22107.24600 1062.93604
v -29983.85548 21274.68001 1125.21009
v -30568.73575 20425.37621 1124.24217
v -31129.56615 19560.00281 1078.59262
v -31665.90545 18679.24063 1033.60665
v -32177.33169 17783.78261 1042.87347
v -32663.44250 16874.33325 1145.20202
v -33123.85544 15951.60806 1346.44692
v -33558.20827 15016.33298 1613.68244
v -33966.15928 14069.24384 1884.35636
v -34347.38751 13111.08576 2087.10672
v -34701.59303 12142.61257 2166.27555
v -35028.49716 11164.58622 2100.67025
v -35327.84272 10177.77616 1909.39906
v -35599.39420 9182.95876 1642.73209
v -35842.93795 8180.91669 1361.85702
v -36058.28237 7172.43831 1115.74134
v -36245.25803 6158.31703 924.34447
v -36403.71784 5139.35072 774.74162
v -36533.53713 4116.34103 631.41613
v -36634.61375 3090.09283 456.19193
v -36706.86820 2061.41350 229.34686
v -36750.24362 1031.11236 -37.04446
v -36764.70588 0.00000 -299.34099
v -36750.24362 -1031.11236 -496.42222
v -36706.86820 -2061.41350 -572.24708
v -36634.61375 -3090.09283 -497.97146
v -36533.53713 -4116.34103 -284.75089
v -36403.71784 -5139.35072 18.04024
v -36245.25803 -6158.31703 338.70862
v -36058.28237 -7172.43831 607.22792
v -35842.93795 -8180.91669 778.10196
v -35599.39420 -9182.95876 843.38387
v -35327.84272 -10177.77616 831.08080
v -35028.49716 -11164.58622 790.00082
v -34701.59303 -12142.61257 767.46333
v -34347.38751 -13111.08576 789.04855
v -33966.15928 -14069.24384 848.60798
v -33558.20827 -15016.33298 912.49238
v -33123.85544 -15951.60806 936.10359
v -32663.44250 -16874.33325 885.80621
v -32177.33169 -17783.78261 756.99224
v -31665.90545 -18679.24063 580.58741
v -31129.56615 -19560.00281 414.92411
v -30568.73575 -20425.37621 325.82074
v -29983.85548 -21274.68001 362.51953
v -29375.38549 -22107.24600 538.90378
v -28743.80450 -22922.41919 827.42041
v -28089.60941 -23719.55822 1168.16477
v -27413.31489 -24498.03595 1489.62671
v -26715.45302 -25257.23993 1733.03278
v -25996.57284 -25996.57284 1870.87190
v -25257.23993 -26715.45302 1912.59468
v -24498.03595 -27413.31489 1895.65729
v -23719.55822 -28089.60941 1865.95551
v -22922.41919 -28743.80450 1855.90308
v -22107.24600 -29375.38549 1869.26459
v -21274.68001 -29983.85548 1879.02122
v -20425.37621 -30568.73575 1839.17653
v -19560.00281 -31129.56615 1705.67118
v -18679.24063 -31665.90545 1457.78758
v -17783.78261 -32177.33169 1111.12332
v -16874.33325 -32663.44250 716.52556
v -15951.60806 -33123.85544 344.98269
v -15016.33298 -33558.20827 64.11399
v -14069.24384 -33966.15928 -84.68571
v -13111.08576 -34347.38751 -99.57984
v -12142.61257 -34701.59303 -16.96294
v -11164.58622 -35028.49716 103.89131
v -10177.77616 -35327.84272 204.05696
v -9182.95876 -35599.39420 246.86101
v -8180.91669 -35842.93795 229.90383
v -7172.43831 -36058.28237 182.68191
v -6158.31703 -36245.25803 151.13217
v -5139.35072 -36403.71784 175.68273
v -4116.34103 -36533.53713 271.97765
v -3090.09283 -36634.61375 422.30863
v -2061.41350 -36706.86820 581.39561
v -1031.11236 -36750.24362 694.28703
v -0.00000 -36764.70588 719.16739
v 1031.11236 -36750.24362 645.78040
v 2061.41350 -36706.86820 501.84569
v 3090.09283 -36634.61375 344.60433
v 4116.34103 -36533.53713 240.56658
v 5139.35072 -36403.71784 241.27202
v 6158.31703 -36245.25803 364.50276
v 7172.43831 -36058.28237 588.25690
v 8180.91669 -35842.93795 859.74350
v 9182.95876 -35599.39420 1115.72119
v 10177.77616 -35327.84272 1306.04903
v 11164.58622 -35028.49716 1411.12833
v 12142.61257 -34701.59303 1446.45769
v 13111.08576 -34347.38751 1452.76800
v 14069.24384 -33966.15928 1476.03600
v 15016.33298 -33558.20827 1545.74592
v 15951.60806 -33123.85544 1660.44200
v 16874.33325 -32663.44250 1786.62317
v 17783.78261 -32177.33169 1871.58224
v 18679.24063 -31665.90545 1865.08613
v 19560.00281 -31129.56615 1741.13215
v 20425.37621 -30568.73575 1510.88269
v 21274.68001 -29983.85548 1221.33905
v 22107.24600 -29375.38549 939.98309
v 22922.41919 -28743.80450 731.22179
v 23719.55822 -28089.60941 633.76356
v 24498.03595 -27413.31489 647.71293
v 25257.23993 -26715.45302 736.32709
v 25996.57284 -25996.57284 841.57123
v 26715.45302 -25257.23993 907.16677
v 27413.31489 -24498.03595 899.92430
v 28089.60941 -23719.55822 820.94705
v 28743.80450 -22922.41919 702.45237
v 29375.38549 -22107.24600 591.80506
v 29983.85548 -21274.68001 529.53101
v 30568.73575 -20425.37621 530.49893
v 31129.56615 -19560.00281 576.14848
v 31665.90545 -18679.24063 621.13445
v 32177.33169 -17783.78261 611.86763
v 32663.44250 -16874.33325 509.53908
v 33123.85544 -15951.60806 308.29418
v 33558.20827 -15016.33298 41.05866
v 33966.15928 -14069.24384 -229.61527
v 34347.38751 -13111.08576 -432.36562
v 34701.59303 -12142.61257 -511.53446
v 35028.49716 -11164.58622 -445.92915
v 35327.84272 -10177.77616 -254.65796
v 35599.39420 -9182.95876 12.00900
v 35842.93795 -8180.91669 292.88408
v 36058.28237 -7172.43831 538.99976
v 36245.25803 -6158.31703 730.39663
v 36403.71784 -5139.35072 879.99948
v 36533.53713 -4116.34103 1023.32497
v 36634.61375 -3090.09283 1198.54917
v 36706.86820 -2061.41350 1425.39424
v 36750.24362 -1031.11236 1691.78556
v 37632.35294 0.00000 1829.30919
v 37617.54937 1055.44661 2001.84998
v 37573.15029 2110.06286 2062.59982
v 37499.19064 3163.01902 1983.67024
v 37395.72860 4213.48668 1776.51180
v 37262.84558 5260.63940 1490.11460
v 37100.64612 6303.65332 1195.13268
v 36909.25783 7341.70785 959.96405
v 36688.83128 8373.98632 827.99067
v 36439.53990 9399.67658 804.69339
v 36161.57981 10417.97167 859.40352
v 35855.16969 11428.07045 940.62470
v 35520.55062 12429.17823 998.49286
v 35157.98586 13420.50738 1005.18805
v 34767.76064 14401.27799 965.06599
v 34350.18199 15370.71843 910.54375
v 33905.57843 16328.06601 885.62597
v 33434.29974 17272.56752 924.03089
v 32936.71672 18203.47988 1031.12041
v 32413.22082 19120.07071 1177.34597
v 31864.22391 20021.61888 1306.28834
v 31290.15791 20907.41509 1354.45696
v 30691.47447 21776.76245 1275.20458
v 30068.64459 22628.97701 1057.34550
v 29422.15829 23463.38828 731.06200
v 28752.52419 24279.33979 358.65291
v 28060.26912 25076.18960 13.63567
v 27345.93771 25853.31079 -243.72301
v 26610.09196 26610.09196 -385.02756
v 25853.31079 27345.93771 -419.50891
v 25076.18960 28060.26912 -385.08228
v 24279.33979 28752.52419 -328.75214
v 23463.38828 29422.15829 -284.62029
v 22628.97701 30068.64459 -258.61171
v 21776.76245 30691.47447 -226.20337
v 20907.41509 31290.15791 -144.07178
v 20021.61888 31864.22391 29.16168
v 19120.07071 32413.22082 311.69615
v 18203.47988 32936.71672 685.73741
v 17272.56752 33434.29974 1098.70277
v 16328.06601 33905.57843 1478.43950
v 15370.71843 34350.18199 1756.80885
v 14401.27799 34767.76064 1892.57446
v 13420.50738 35157.98586 1884.72601
v 12429.17823 35520.55062 1771.09977
v 11428.07045 35855.16969 1612.93519
v 10417.97167 36161.57981 1471.52344
v 9399.67658 36439.53990 1386.15221
v 8373.98632 36688.83128 1361.91961
v 7341.70785 36909.25783 1371.94030
v 6303.65332 37100.64612 1372.63562
v 5260.63940 37262.84558 1325.53345
v 4213.48668 37395.72860 1216.41930
v 3163.01902 37499.19064 1063.81414
v 2110.06286 37573.15029 913.14220
v 1055.44661 37617.54937 818.82158
v 0.00000 37632.35294 821.49051
v -1055.44661 37617.54937 929.65887
v -2110.06286 37573.15029 1113.40213
v -3163.01902 37499.19064 1312.95563
v -4213.48668 37395.72860 1459.12683
v -5260.63940 37262.84558 1497.70517
v -6303.65332 37100.64612 1408.41825
v -7341.70785 36909.25783 1211.11614
v -8373.98632 36688.83128 956.91294
v -9399.67658 36439.53990 707.95434
v -10417.97167 36161.57981 513.93636
v -11428.07045 35855.16969 394.69158
v -12429.17823 35520.55062 335.61940
v -13420.50738 35157.98586 297.49408
v -14401.27799 34767.76064 236.35570
v -15370.71843 34350.18199 125.12078
v -16328.06601 33905.57843 -32.12257
v -17272.56752 33434.29974 -199.17605
v -18203.47988 32936.71672 -320.74148
v -19120.07071 32413.22082 -344.26517
v -20021.61888 31864.22391 -241.84140
v -20907.41509 31290.15791 -23.26769
v -21776.76245 30691.47447 265.19482
v -22628.97701 30068.64459 556.13280
v -23463.38828 29422.15829 784.53183
v -24279.33979 28752.52419 910.43864
v -25076.18960 28060.26912 931.94522
v -25853.31079 27345.93771 883.54674
v -26610.09196 26610.09196 820.72863
v -27345.93771 25853.31079 797.07994
v -28060.26912 25076.18960 843.13096
v -28752.52419 24279.33979 955.31826
v -29422.15829 23463.38828 1099.31921
v -30068.64459 22628.97701 1226.15209
v -30691.47447 21776.76245 1294.26497
v -31290.15791 20907.41509 1288.41898
v -31864.22391 20021.61888 1227.48372
v -32413.22082 19120.07071 1157.77338
v -32936.71672 18203.47988 1134.44455
v -33434.29974 17272.56752 1198.37248
v -33905.57843 16328.06601 1357.84613
v -34350.18199 15370.71843 1582.58776
v -34767.76064 14401.27799 1812.73899
v -35157.98586 13420.50738 1979.50668
v -35520.55062 12429.17823 2029.51394
v -35855.16969 11428.07045 1943.41678
v -36161.57981 10417.97167 1741.62250
v -36439.53990 9399.67658 1475.06829
v -36688.83128 8373.98632 1204.93469
v -36909.25783 7341.70785 979.50823
v -37100.64612 6303.65332 817.43682
v -37262.84558 5260.63940 703.93662
v -37395.72860 4213.48668 601.20231
v -37499.19064 3163.01902 468.48464
v -37573.15029 2110.06286 283.36682
v -37617.54937 1055.44661 55.27828
v -37632.35294 0.00000 -174.56809
v -37617.54937 -1055.44661 -347.10888
v -37573.15029 -2110.06286 -407.85873
v -37499.19064 -3163.01902 -328.92914
v -37395.72860 -4213.48668 -121.77070
v -37262.84558 -5260.63940 164.62650
v -37100.64612 -6303.65332 459.60842
v -36909.25783 -7341.70785 694.77705
v -36688.83128 -8373.98632 826.75043
v -36439.53990 -9399.67658 850.04771
v -36161.57981 -10417.97167 795.33758
v -35855.16969 -11428.07045 714.11640
v -35520.55062 -12429.17823 656.24824
v -35157.98586 -13420.50738 649.55305
v -34767.76064 -14401.27799 689.67511
v -34350.18199 -15370.71843 744.19735
v -33905.57843 -16328.06601 769.11513
v -33434.29974 -17272.56752 730.71020
v -32936.71672 -18203.47988 623.62069
v -32413.22082 -19120.07071 477.39513
v -31864.22391 -20021.61888 348.45276
v -31290.15791 -20907.41509 300.28414
v -30691.47447 -21776.76245 379.53652
v -30068.64459 -22628.97701 597.39560
v -29422.15829 -23463.38828 923.67909
v -28752.52419 -24279.33979 1296.08819
v -28060.26912 -25076.18960 1641.10543
v -27345.93771 -25853.31079 1898.46411
v -26610.09196 -26610.09196 2039.76866
v -25853.31079 -27345.93771 2074.25001
v -25076.18960 -28060.26912 2039.82338
v -24279.33979 -28752.52419 1983.49324
v -23463.38828 -29422.15829 1939.36138
v -22628.97701 -30068.64459 1913.35281
v -21776.76245 -30691.47447 1880.94447
v -20907.41509 -31290.15791 1798.81288
v -20021.61888 -31864.22391 1625.57941
v -19120.07071 -32413.22082 1343.04495
v -18203.47988 -32936.71672 969.00369
v -17272.56752 -33434.29974 556.03833
v -16328.06601 -33905.57843 176.30160
v -15370.71843 -34350.18199 -102.06776
v -14401.27799 -34767.76064 -237.83336
v -13420.50738 -35157.98586 -229.98491
v -12429.17823 -35520.55062 -116.35867
v -11428.07045 -35855.16969 41.80590
v -10417.97167 -36161.57981 183.21766
v -9399.67658 -36439.53990 268.58889
v -8373.98632 -36688.83128 292.82149
v -7341.70785 -36909.25783 282.80080
v -6303.65332 -37100.64612 282.10548
v -5260.63940 -37262.84558 329.20765
v -4213.48668 -37395.72860 438.32180
v -3163.01902 -37499.19064 590.92696
v -2110.06286 -37573.15029 741.59890
v -1055.44661 -37617.54937 835.91952
v -0.00000 -37632.35294 833.25059
v 1055.44661 -37617.54937 725.08222
v 2110.06286 -37573.15029 541.33897
v 3163.01902 -37499.19064 341.78546
v 4213.48668 -37395.72860 195.61427
v 5260.63940 -37262.84558 157.03592
v 6303.65332 -37100.64612 246.32285
v 7341.70785 -36909.25783 443.62495
v 8373.98632 -36688.83128 697.82816
v 9399.67658 -36439.53990 946.78675
v 10417.97167 -36161.57981 1140.80474
v 11428.07045 -35855.16969 1260.04952
v 12429.17823 -35520.55062 1319.12170
v 13420.50738 -35157.98586 1357.24702
v 14401.27799 -34767.76064 1418.38540
v 15370.71843 -34350.18199 1529.62032
v 16328.06601 -33905.57843 1686.86367
v 17272.56752 -33434.29974 1853.91715
v 18203.47988 -32936.71672 1975.48258
v 19120.07071 -32413.22082 1999.00627
v 20021.61888 -31864.22391 1896.58249
v 20907.41509 -31290.15791 1678.00879
v 21776.76245 -30691.47447 1389.54628
v 22628.97701 -30068.64459 1098.60830
v 23463.38828 -29422.15829 870.20926
v 24279.33979 -28752.52419 744.30246
v 25076.18960 -28060.26912 722.79588
v 25853.31079 -27345.93771 771.19436
v 26610.09196 -26610.09196 834.01246
v 27345.93771 -25853.31079 857.66115
v 28060.26912 -25076.18960 811.61014
v 28752.52419 -24279.33979 699.42284
v 29422.15829 -23463.38828 555.42189
v 30068.64459 -22628.97701 428.58901
v 30691.47447 -21776.76245 360.47613
v 31290.15791 -20907.41509 366.32211
v 31864.22391 -20021.61888 427.25738
v 32413.22082 -19120.07071 496.96771
v 32936.71672 -18203.47988 520.29655
v 33434.29974 -17272.56752 456.36862
v 33905.57843 -16328.06601 296.89497
v 34350.18199 -15370.71843 72.15334
v 34767.76064 -14401.27799 -157.99789
v 35157.98586 -13420.50738 -324.76558
v 35520.55062 -12429.17823 -374.77284
v 35855.16969 -11428.07045 -288.67568
v 36161.57981 -10417.97167 -86.88140
v 36439.53990 -9399.67658 179.67281
v 36688.83128 -8373.98632 449.80641
v 36909.25783 -7341.70785 675.23287
v 37100.64612 -6303.65332 837.30428
v 37262.84558 -5260.63940 950.80448
v 37395.72860 -4213.48668 1053.53879
v 37499.19064 -3163.01902 1186.25646
v 37573.15029 -2110.06286 1371.37427
v 37617.54937 -1055.44661 1599.46282
v 38500.00000 0.00000 1660.43887
v 38484.85512 1079.78087 1840.36250
v 38439.43238 2158.71222 1918.73234
v 38363.76752 3235.94521 1866.54294
v 38257.92008 4310.63233 1693.54973
v 38121.97333 5381.92807 1446.57697
v 37956.03421 6448.98960 1193.77948
v 37760.23330 7510.97740 1000.88105
v 37534.72462 8567.05596 908.58402
v 37279.68560 9616.39441 919.85405
v 36995.31689 10658.16719 1001.83111
v 36681.84222 11691.55469 1101.29031
v 36339.50822 12715.74389 1167.21142
v 35968.58420 13729.92901 1171.26400
v 35569.36200 14733.31215 1117.97128
v 35142.15570 15725.10389 1040.58526
v 34687.30141 16704.52396 984.55999
v 34205.15699 17670.80178 985.58570
v 33696.10174 18623.17715 1051.39386
v 33160.53619 19560.90079 1155.05288
v 32598.88167 20483.23495 1242.84192
v 32011.58007 21389.45397 1253.87928
v 31399.09345 22278.84490 1143.87154
v 30761.90369 23150.70801 903.58270
v 30100.51208 24004.35737 564.61692
v 29415.43897 24839.12137 190.07699
v 28707.22335 25654.34325 -146.38456
v 27976.42240 26449.38165 -385.04340
v 27223.61108 27223.61108 -498.68939
v 26449.38165 27976.42240 -498.30682
v 25654.34325 28707.22335 -424.02104
v 24839.12137 29415.43897 -325.36330
v 24004.35737 30100.51208 -239.11868
v 23150.70801 30761.90369 -173.88182
v 22278.84490 31399.09345 -107.61647
v 21389.45397 32011.58007 0.85455
v 20483.23495 32598.88167 191.24014
v 19560.90079 33160.53619 480.65210
v 18623.17715 33696.10174 850.86023
v 17670.80178 34205.15699 1249.52485
v 16704.52396 34687.30141 1605.39976
v 15725.10389 35142.15570 1851.85893
v 14733.31215 35569.36200 1949.68883
v 13729.92901 35968.58420 1900.28404
v 12715.74389 36339.50822 1744.11518
v 11691.55469 36681.84222 1545.11862
v 10658.16719 36995.31689 1367.17398
v 9616.39441 37279.68560 1251.88488
v 8567.05596 37534.72462 1206.24601
v 7510.97740 37760.23330 1204.72904
v 6448.98960 37956.03421 1204.48672
v 5381.92807 38121.97333 1167.10636
v 4310.63233 38257.92008 1077.75719
v 3235.94521 38363.76752 953.70721
v 2158.71222 38439.43238 838.57045
v 1079.78087 38484.85512 784.51233
v 0.00000 38500.00000 829.61873
v -1079.78087 38484.85512 979.70929
v -2158.71222 38439.43238 1202.20190
v -3235.94521 38363.76752 1434.87548
v -4310.63233 38257.92008 1606.43789
v -5381.92807 38121.97333 1661.06896
v -6448.98960 37956.03421 1577.47865
v -7510.97740 37760.23330 1375.15593
v -8567.05596 37534.72462 1105.53313
v -9616.39441 37279.68560 831.73348
v -10658.16719 36995.31689 605.02770
v -11691.55469 36681.84222 447.32059
v -12715.74389 36339.50822 346.44977
v -13729.92901 35968.58420 265.83923
v -14733.31215 35569.36200 164.22234
v -15725.10389 35142.15570 17.08164
v -16704.52396 34687.30141 -169.21856
v -17670.80178 34205.15699 -356.63798
v -18623.17715 33696.10174 -488.58735
v -19560.90079 33160.53619 -511.85476
v -20483.23495 32598.88167 -398.55069
v -21389.45397 32011.58007 -159.16243
v -22278.84490 31399.09345 158.72940
v -23150.70801 30761.90369 485.84587
v -24004.35737 30100.51208 754.87908
v -24839.12137 29415.43897 923.29984
v -25654.34325 28707.22335 986.50507
v -26449.38165 27976.42240 976.34652
v -27223.61108 27223.61108 945.88550
v -27976.42240 26449.38165 946.65983
v -28707.22335 25654.34325 1007.65155
v -29415.43897 24839.12137 1124.35011
v -30100.51208 24004.35737 1262.14689
v -30761.90369 23150.70801 1372.45348
v -31399.09345 22278.84490 1414.76558
v -32011.58007 21389.45397 1375.47994
v -32598.88167 20483.23495 1275.58596
v -33160.53619 19560.90079 1163.86757
v -33696.10174 18623.17715 1098.14435
v -34205.15699 17670.80178 1121.97907
v -34687.30141 16704.52396 1246.20231
v -35142.15570 15725.10389 1442.77097
v -35569.36200 14733.31215 1653.61262
v -35968.58420 13729.92901 1811.15823
v -36339.50822 12715.74389 1862.61552
v -36681.84222 11691.55469 1788.54856
v -36995.31689 10658.16719 1608.60205
v -37279.68560 9616.39441 1372.32816
v -37534.72462 8567.05596 1138.98787
v -37760.23330 7510.97740 954.53531
v -37956.03421 6448.98960 835.02088
v -38121.97333 5381.92807 762.96297
v -38257.92008 4310.63233 697.92909
v -38363.76752 3235.94521 596.78006
v -38439.43238 2158.71222 435.09785
v -38484.85512 1079.78087 220.82623
v -38500.00000 0.00000 -5.69777
v -38484.85512 -1079.78087 -185.62140
v -38439.43238 -2158.71222 -263.99124
v -38363.76752 -3235.94521 -211.80185
v -38257.92008 -4310.63233 -38.80864
v -38121.97333 -5381.92807 208.16412
v -37956.03421 -6448.98960 460.96162
v -37760.23330 -7510.97740 653.86005
v -37534.72462 -8567.05596 746.15708
v -37279.68560 -9616.39441 734.88705
v -36995.31689 -10658.16719 652.90999
v -36681.84222 -11691.55469 553.45079
v -36339.50822 -12715.74389 487.52967
v -35968.58420 -13729.92901 483.47710
v -35569.36200 -14733.31215 536.76982
v -35142.15570 -15725.10389 614.15584
v -34687.30141 -16704.52396 670.18110
v -34205.15699 -17670.80178 669.15540
v -33696.10174 -18623.17715 603.34724
v -33160.53619 -19560.90079 499.68822
v -32598.88167 -20483.23495 411.89917
v -32011.58007 -21389.45397 400.86182
v -31399.09345 -22278.84490 510.86955
v -30761.90369 -23150.70801 751.15840
v -30100.51208 -24004.35737 1090.12418
v -29415.43897 -24839.12137 1464.66411
v -28707.22335 -25654.34325 1801.12566
v -27976.42240 -26449.38165 2039.78450
v -27223.61108 -27223.61108 2153.43049
v -26449.38165 -27976.42240 2153.04792
v -25654.34325 -28707.22335 2078.76213
v -24839.12137 -29415.43897 1980.10440
v -24004.35737 -30100.51208 1893.85978
v -23150.70801 -30761.90369 1828.62292
v -22278.84490 -31399.09345 1762.35757
v -21389.45397 -32011.58007 1653.88655
v -20483.23495 -32598.88167 1463.50096
v -19560.90079 -33160.53619 1174.08900
v -18623.17715 -33696.10174 803.88087
v -17670.80178 -34205.15699 405.21625
v -16704.52396 -34687.30141 49.34134
v -15725.10389 -35142.15570 -197.11783
v -14733.31215 -35569.36200 -294.94774
v -13729.92901 -35968.58420 -245.54294
v -12715.74389 -36339.50822 -89.37408
v -11691.55469 -36681.84222 109.62247
v -10658.16719 -36995.31689 287.56712
v -9616.39441 -37279.68560 402.85622
v -8567.05596 -37534.72462 448.49509
v -7510.97740 -37760.23330 450.01206
v -6448.98960 -37956.03421 450.25437
v -5381.92807 -38121.97333 487.63473
v -4310.63233 -38257.92008 576.98391
v -3235.94521 -38363.76752 701.03389
v -2158.71222 -38439.43238 816.17065
v -1079.78087 -38484.85512 870.22877
v -0.00000 -38500.00000 825.12237
v 1079.78087 -38484.85512 675.03181
v 2158.71222 -38439.43238 452.53920
v 3235.94521 -38363.76752 219.86562
v 4310.63233 -38257.92008 48.30321
v 5381.92807 -38121.97333 -6.32786
v 6448.98960 -37956.03421 77.26244
v 7510.97740 -37760.23330 279.58517
v 8567.05596 -37534.72462 549.20797
v 9616.39441 -37279.68560 823.00762
v 10658.16719 -36995.31689 1049.71340
v 11691.55469 -36681.84222 1207.42051
v 12715.74389 -36339.50822 1308.29133
v 13729.92901 -35968.58420 1388.90187
v 14733.31215 -35569.36200 1490.51876
v 15725.10389 -35142.15570 1637.65946
v 16704.52396 -34687.30141 1823.95966
v 17670.80178 -34205.15699 2011.37907
v 18623.17715 -33696.10174 2143.32845
v 19560.90079 -33160.53619 2166.59586
v 20483.23495 -32598.88167 2053.29179
v 21389.45397 -32011.58007 1813.90353
v 22278.84490 -31399.09345 1496.01170
v 23150.70801 -30761.90369 1168.89523
v 24004.35737 -30100.51208 899.86202
v 24839.12137 -29415.43897 731.44126
v 25654.34325 -28707.22335 668.23603
v 26449.38165 -27976.42240 678.39458
v 27223.61108 -27223.61108 708.85560
v 27976.42240 -26449.38165 708.08127
v 28707.22335 -25654.34325 647.08955
v 29415.43897 -24839.12137 530.39099
v 30100.51208 -24004.35737 392.59421
v 30761.90369 -23150.70801 282.28762
v 31399.09345 -22278.84490 239.97551
v 32011.58007 -21389.45397 279.26116
v 32598.88167 -20483.23495 379.15514
v 33160.53619 -19560.90079 490.87353
v 33696.10174 -18623.17715 556.59675
v 34205.15699 -17670.80178 532.76203
v 34687.30141 -16704.52396 408.53879
v 35142.15570 -15725.10389 211.97013
v 35569.36200 -14733.31215 1.12847
v 35968.58420 -13729.92901 -156.41713
v 36339.50822 -12715.74389 -207.87442
v 36681.84222 -11691.55469 -133.80746
v 36995.31689 -10658.16719 46.13905
v 37279.68560 -9616.39441 282.41294
v 37534.72462 -8567.05596 515.75322
v 37760.23330 -7510.97740 700.20579
v 37956.03421 -6448.98960 819.72022
v 38121.97333 -5381.92807 891.77813
v 38257.92008 -4310.63233 956.81201
v 38363.76752 -3235.94521 1057.96104
v 38439.43238 -2158.71222 1219.64325
v 38484.85512 -1079.78087 1433.91486
f 1 225 226
f 1 226 2
f 2 226 227
f 2 227 3
f 3 227 228
f 3 228 4
f 4 228 229
f 4 229 5
f 5 229 230
f 5 230 6
f 6 230 231
f 6 231 7
f 7 231 232
f 7 232 8
f 8 232 233
f 8 233 9
f 9 233 234
f 9 234 10
f 10 234 235
f 10 235 11
f 11 235 236
f 11 236 12
f 12 236 237
f 12 237 13
f 13 237 238
f 13 238 14
f 14 238 239
f 14 239 15
f 15 239 240
f 15 240 16
f 16 240 241
f 16 241 17
f 17 241 242
f 17 242 18
f 18 242 243
f 18 243 19
f 19 243 244
f 19 244 20
f 20 244 245
f 20 245 21
f 21 245 246
f 21 246 22
f 22 246 247
f 22 247 23
f 23 247 248
f 23 248 24
f 24 248 249
f 24 249 25
f 25 249 250
f 25 250 26
f 26 250 251
f 26 251 27
f 27 251 252
f 27 252 28
f 28 252 253
f 28 253 29
f 29 253 254
f 29 254 30
f 30 254 255
f 30 255 31
f 31 255 256
f 31 256 32
f 32 256 257
f 32 257 33
f 33 257 258
f 33 258 34
f 34 258 259
f 34 259 35
f 35 259 260
f 35 260 36
f 36 260 261
f 36 261 37
f 37 261 262
f 37 262 38
f 38 262 263
f 38 263 39
f 39 263 264
f 39 264 40
f 40 264 265
f 40 265 41
f 41 265 266
f 41 266 42
f 42 266 267
f 42 267 43
f 43 267 268
f 43 268 44
f 44 268 269
f 44 269 45
f 45 269 270
f 45 270 46
f 46 270 271
f 46 271 47
f 47 271 272
f 47 272 48
f 48 272 273
f 48 273 49
f 49 273 274
f 49 274 50
f 50 274 275
f 50 275 51
f 51 275 276
f 51 276 52
f 52 276 277
f 52 277 53
f 53 277 278
f 53 278 54
f 54 278 279
f 54 279 55
f 55 279 280
f 55 280 56
f 56 280 281
f 56 281 57
f 57 281 282
f 57 282 58
f 58 282 283
f 58 283 59
f 59 283 284
f 59 284 60
f 60 284 285
f 60 285 61
f 61 285 286
f 61 286 62
f 62 286 287
f 62 287 63
f 63 287 288
f 63 288 64
f 64 288 289
f 64 289 65
f 65 289 290
f 65 290 66
f 66 290 291
f 66 291 67
f 67 291 292
f 67 292 68
f 68 292 293
f 68 293 69
f 69 293 294
f 69 294 70
f 70 294 295
f 70 295 71
f 71 295 296
f 71 296 72
f 72 296 297
f 72 297 73
f 73 297 298
f 73 298 74
f 74 298 299
f 74 299 75
f 75 299 300
f 75 300 76
f 76 300 301
f 76 301 77
f 77 301 302
f 77 302 78
f 78 302 303
f 78 303 79
f 79 303 304
f 79 304 80
f 80 304 305
f 80 305 81
f 81 305 306
f 81 306 82
f 82 306 307
f 82 307 83
f 83 307 308
f 83 308 84
f 84 308 309
f 84 309 85
f 85 309 310
f 85 310 86
f 86 310 311
f 86 311 87
f 87 311 312
f 87 312 88
f 88 312 313
f 88 313 89
f 89 313 314
f 89 314 90
f 90 314 315
f 90 315 91
f 91 315 316
f 91 316 92
f 92 316 317
f 92 317 93
f 93 317 318
f 93 318 94
f 94 318 319
f 94 319 95
f 95 319 320
f 95 320 96
f 96 320 321
f 96 321 97
f 97 321 322
f 97 322 98
f 98 322 323
f 98 323 99
f 99 323 324
f 99 324 100
f 100 324 325
f 100 325 101
f 101 325 326
f 101 326 102
f 102 326 327
f 102 327 103
f 103 327 328
f 103 328 104
f 104 328 329
f 104 329 105
f 105 329 330
f 105 330 106
f 106 330 331
f 106 331 107
f 107 331 332
f 107 332 108
f 108 332 333
f 108 333 109
f 109 333 334
f 109 334 110
f 110 334 335
f 110 335 111
f 111 335 336
f 111 336 112
f 112 336 337
f 112 337 113
f 113 337 338
f 113 338 114
f 114 338 339
f 114 339 115
f 115 339 340
f 115 340 116
f 116 340 341
f 116 341 117
f 117 341 342
f 117 342 118
f 118 342 343
f 118 343 119
f 119 343 344
f 119 344 120
f 120 344 345
f 120 345 121
f 121 345 346
f 121 346 122
f 122 346 347
f 122 347 123
f 123 347 348
f 123 348 124
f 124 348 349
f 124 349 125
f 125 349 350
f 125 350 126
f 126 350 351
f 126 351 127
f 127 351 352
f 127 352 128
f 128 352 353
f 128 353 129
f 129 353 354
f 129 354 130
f 130 354 355
f 130 355 131
f 131 355 356
f 131 356 132
f 132 356 357
f 132 357 133
f 133 357 358
f 133 358 134
f 134 358 359
f 134 359 135
f 135 359 360
f 135 360 136
f 136 360 361
f 136 361 137
f 137 361 362
f 137 362 138
f 138 362 363
f 138 363 139
f 139 363 364
f 139 364 140
f 140 364 365
f 140 365 141
f 141 365 366
f 141 366 142
f 142 366 367
f 142 367 143
f 143 367 368
f 143 368 144
f 144 368 369
f 144 369 145
f 145 369 370
f 145 370 146
f 146 370 371
f 146 371 147
f 147 371 372
f 147 372 148
f 148 372 373
f 148 373 149
f 149 373 374
f 149 374 150
f 150 374 375
f 150 375 151
f 151 375 376
f 151 376 152
f 152 376 377
f 152 377 153
f 153 377 378
f 153 378 154
f 154 378 379
f 154 379 155
f 155 379 380
f 155 380 156
f 156 380 381
f 156 381 157
f 157 381 382
f 157 382 158
f 158 382 383
f 158 383 159
f 159 383 384
f 159 384 160
f 160 384 385
f 160 385 161
f 161 385 386
f 161 386 162
f 162 386 387
f 162 387 163
f 163 387 388
f 163 388 164
f 164 388 389
f 164 389 165
f 165 389 390
f 165 390 166
f 166 390 391
f 166 391 167
f 167 391 392
f 167 392 168
f 168 392 393
f 168 393 169
f 169 393 394
f 169 394 170
f 170 394 395
f 170 395 171
f 171 395 396
f 171 396 172
f 172 396 397
f 172 397 173
f 173 397 398
f 173 398 174
f 174 398 399
f 174 399 175
f 175 399 400
f 175 400 176
f 176 400 401
f 176 401 177
f 177 401 402
f 177 402 178
f 178 402 403
f 178 403 179
f 179 403 404
f 179 404 180
f 180 404 405
f 180 405 181
f 181 405 406
f 181 406 182
f 182 406 407
f 182 407 183
f 183 407 408
f 183 408 184
f 184 408 409
f 184 409 185
f 185 409 410
f 185 410 186
f 186 410 411
f 186 411 187
f 187 411 412
f 187 412 188
f 188 412 413
f 188 413 189
f 189 413 414
f 189 414 190
f 190 414 415
f 190 415 191
f 191 415 416
f 191 416 192
f 192 416 417
f 192 417 193
f 193 417 418
f 193 418 194
f 194 418 419
f 194 419 195
f 195 419 420
f 195 420 196
f 196 420 421
f 196 421 197
f 197 421 422
f 197 422 198
f 198 422 423
f 198 423 199
f 199 423 424
f 199 424 200
f 200 424 425
f 200 425 201
f 201 425 426
f 201 426 202
f 202 426 427
f 202 427 203
f 203 427 428
f 203 428 204
f 204 428 429
f 204 429 205
f 205 429 430
f 205 430 206
f 206 430 431
f 206 431 207
f 207 431 432
f 207 432 208
f 208 432 433
f 208 433 209
f 209 433 434
f 209 434 210
f 210 434 435
f 210 435 211
f 211 435 436
f 211 436 212
f 212 436 437
f 212 437 213
f 213 437 438
f 213 438 214
f 214 438 439
f 214 439 215
f 215 439 440
f 215 440 216
f 216 440 441
f 216 441 217
f 217 441 442
f 217 442 218
f 218 442 443
f 218 443 219
f 219 443 444
f 219 444 220
f 220 444 445
f 220 445 221
f 221 445 446
f 221 446 222
f 222 446 447
f 222 447 223
f 223 447 448
f 223 448 224
f 224 448 225
f 224 225 1
f 225 449 450
f 225 450 226
f 226 450 451
f 226 451 227
f 227 451 452
f 227 452 228
f 228 452 453
f 228 453 229
f 229 453 454
f 229 454 230
f 230 454 455
f 230 455 231
f 231 455 456
f 231 456 232
f 232 456 457
f 232 457 233
f 233 457 458
f 233 458 234
f 234 458 459
f 234 459 235
f 235 459 460
f 235 460 236
f 236 460 461
f 236 461 237
f 237 461 462
f 237 462 238
f 238 462 463
f 238 463 239
f 239 463 464
f 239 464 240
f 240 464 465
f 240 465 241
f 241 465 466
f 241 466 242
f 242 466 467
f 242 467 243
f 243 467 468
f 243 468 244
f 244 468 469
f 244 469 245
f 245 469 470
f 245 470 246
f 246 470 471
f 246 471 247
f 247 471 472
f 247 472 248
f 248 472 473
f 248 473 249
f 249 473 474
f 249 474 250
f 250 474 475
f 250 475 251
f 251 475 476
f 251 476 252
f 252 476 477
f 252 477 253
f 253 477 478
f 253 478 254
f 254 478 479
f 254 479 255
f 255 479 480
f 255 480 256
f 256 480 481
f 256 481 257
f 257 481 482
f 257 482 258
f 258 482 483
f 258 483 259
f 259 483 484
f 259 484 260
f 260 484 485
f 260 485 261
f 261 485 486
f 261 486 262
f 262 486 487
f 262 487 263
f 263 487 488
f 263 488 264
f 264 488 489
f 264 489 265
f 265 489 490
f 265 490 266
f 266 490 491
f 266 491 267
f 267 491 492
f 267 492 268
f 268 492 493
f 268 493 269
f 269 493 494
f 269 494 270
f 270 494 495
f 270 495 271
f 271 495 496
f 271 496 272
f 272 496 497
f 272 497 273
f 273 497 498
f 273 498 274
f 274 498 499
f 274 499 275
f 275 499 500
f 275 500 276
f 276 500 501
f 276 501 277
f 277 501 502
f 277 502 278
f 278 502 503
f 278 503 279
f 279 503 504
f 279 504 280
f 280 504 505
f 280 505 281
f 281 505 506
f 281 506 282
f 282 506 507
f 282 507 283
f 283 507 508
f 283 508 284
f 284 508 509
f 284 509 285
f 285 509 510
f 285 510 286
f 286 510 511
f 286 511 287
f 287 511 512
f 287 512 288
f 288 512 513
f 288 513 289
f 289 513 514
f 289 514 290
f 290 514 515
f 290 515 291
f 291 515 516
f 291 516 292
f 292 516 517
f 292 517 293
f 293 517 518
f 293 518 294
f 294 518 519
f 294 519 295
f 295 519 520
f 295 520 296
f 296 520 521
f 296 521 297
f 297 521 522
f 297 522 298
f 298 522 523
f 298 523 299
f 299 523 524
f 299 524 300
f 300 524 525
f 300 525 301
f 301 525 526
f 301 526 302
f 302 526 527
f 302 527 303
f 303 527 528
f 303 528 304
f 304 528 529
f 304 529 305
f 305 529 530
f 305 530 306
f 306 530 531
f 306 531 307
f 307 531 532
f 307 532 308
f 308 532 533
f 308 533 309
f 309 533 534
f 309 534 310
f 310 534 535
f 310 535 311
f 311 535 536
f 311 536 312
f 312 536 537
f 312 537 313
f 313 537 538
f 313 538 314
f 314 538 539
f 314 539 315
f 315 539 540
f 315 540 316
f 316 540 541
f 316 541 317
f 317 541 542
f 317 542 318
f 318 542 543
f 318 543 319
f 319 543 544
f 319 544 320
f 320 544 545
f 320 545 321
f 321 545 546
f 321 546 322
f 322 546 547
f 322 547 323
f 323 547 548
f 323 548 324
f 324 548 549
f 324 549 325
f 325 549 550
f 325 550 326
f 326 550 551
f 326 551 327
f 327 551 552
f 327 552 328
f 328 552 553
f 328 553 329
f 329 553 554
f 329 554 330
f 330 554 555
f 330 555 331
f 331 555 556
f 331 556 332
f 332 556 557
f 332 557 333
f 333 557 558
f 333 558 334
f 334 558 559
f 334 559 335
f 335 559 560
f 335 560 336
f 336 560 561
f 336 561 337
f 337 561 562
f 337 562 338
f 338 562 563
f 338 563 339
f 339 563 564
f 339 564 340
f 340 564 565
f 340 565 341
f 341 565 566
f 341 566 342
f 342 566 567
f 342 567 343
f 343 567 568
f 343 568 344
f 344 568 569
f 344 569 345
f 345 569 570
f 345 570 346
f 346 570 571
f 346 571 347
f 347 571 572
f 347 572 348
f 348 572 573
f 348 573 349
f 349 573 574
f 349 574 350
f 350 574 575
f 350 575 351
f 351 575 576
f 351 576 352
f 352 576 577
f 352 577 353
f 353 577 578
f 353 578 354
f 354 578 579
f 354 579 355
f 355 579 580
f 355 580 356
f 356 580 581
f 356 581 357
f 357 581 582
f 357 582 358
f 358 582 583
f 358 583 359
f 359 583 584
f 359 584 360
f 360 584 585
f 360 585 361
f 361 585 586
f 361 586 362
f 362 586 587
f 362 587 363
f 363 587 588
f 363 588 364
f 364 588 589
f 364 589 365
f 365 589 590
f 365 590 366
f 366 590 591
f 366 591 367
f 367 591 592
f 367 592 368
f 368 592 593
f 368 593 369
f 369 593 594
f 369 594 370
f 370 594 595
f 370 595 371
f 371 595 596
f 371 596 372
f 372 596 597
f 372 597 373
f 373 597 598
f 373 598 374
f 374 598 599
f 374 599 375
f 375 599 600
f 375 600 376
f 376 600 601
f 376 601 377
f 377 601 602
f 377 602 378
f 378 602 603
f 378 603 379
f 379 603 604
f 379 604 380
f 380 604 605
f 380 605 381
f 381 605 606
f 381 606 382
f 382 606 607
f 382 607 383
f 383 607 608
f 383 608 384
f 384 608 609
f 384 609 385
f 385 609 610
f 385 610 386
f 386 610 611
f 386 611 387
f 387 611 612
f 387 612 388
f 388 612 613
f 388 613 389
f 389 613 614
f 389 614 390
f 390 614 615
f 390 615 391
f 391 615 616
f 391 616 392
f 392 616 617
f 392 617 393
f 393 617 618
f 393 618 394
f 394 618 619
f 394 619 395
f 395 619 620
f 395 620 396
f 396 620 621
f 396 621 397
f 397 621 622
f 397 622 398
f 398 622 623
f 398 623 399
f 399 623 624
f 399 624 400
f 400 624 625
f 400 625 401
f 401 625 626
f 401 626 402
f 402 626 627
f 402 627 403
f 403 627 628
f 403 628 404
f 404 628 629
f 404 629 405
f 405 629 630
f 405 630 406
f 406 630 631
f 406 631 407
f 407 631 632
f 407 632 408
f 408 632 633
f 408 633 409
f 409 633 634
f 409 634 410
f 410 634 635
f 410 635 411
f 411 635 636
f 411 636 412
f 412 636 637
f 412 637 413
f 413 637 638
f 413 638 414
f 414 638 639
f 414 639 415
f 415 639 640
f 415 640 416
f 416 640 641
f 416 641 417
f 417 641 642
f 417 642 418
f 418 642 643
f 418 643 419
f 419 643 644
f 419 644 420
f 420 644 645
f 420 645 421
f 421 645 646
f 421 646 422
f 422 646 647
f 422 647 423
f 423 647 648
f 423 648 424
f 424 648 649
f 424 649 425
f 425 649 650
f 425 650 426
f 426 650 651
f 426 651 427
f 427 651 652
f 427 652 428
f 428 652 653
f 428 653 429
f 429 653 654
f 429 654 430
f 430 654 655
f 430 655 431
f 431 655 656
f 431 656 432
f 432 656 657
f 432 657 433
f 433 657 658
f 433 658 434
f 434 658 659
f 434 659 435
f 435 659 660
f 435 660 436
f 436 660 661
f 436 661 437
f 437 661 662
f 437 662 438
f 438 662 663
f 438 663 439
f 439 663 664
f 439 664 440
f 440 664 665
f 440 665 441
f 441 665 666
f 441 666 442
f 442 666 667
f 442 667 443
f 443 667 668
f 443 668 444
f 444 668 669
f 444 669 445
f 445 669 670
f 445 670 446
f 446 670 671
f 446 671 447
f 447 671 672
f 447 672 448
f 448 672 449
f 448 449 225
f 449 673 674
f 449 674 450
f 450 674 675
f 450 675 451
f 451 675 676
f 451 676 452
f 452 676 677
f 452 677 453
f 453 677 678
f 453 678 454
f 454 678 679
f 454 679 455
f 455 679 680
f 455 680 456
f 456 680 681
f 456 681 457
f 457 681 682
f 457 682 458
f 458 682 683
f 458 683 459
f 459 683 684
f 459 684 460
f 460 684 685
f 460 685 461
f 461 685 686
f 461 686 462
f 462 686 687
f 462 687 463
f 463 687 688
f 463 688 464
f 464 688 689
f 464 689 465
f 465 689 690
f 465 690 466
f 466 690 691
f 466 691 467
f 467 691 692
f 467 692 468
f 468 692 693
f 468 693 469
f 469 693 694
f 469 694 470
f 470 694 695
f 470 695 471
f 471 695 696
f 471 696 472
f 472 696 697
f 472 697 473
f 473 697 698
f 473 698 474
f 474 698 699
f 474 699 475
f 475 699 700
f 475 700 476
f 476 700 701
f 476 701 477
f 477 701 702
f 477 702 478
f 478 702 703
f 478 703 479
f 479 703 704
f 479 704 480
f 480 704 705
f 480 705 481
f 481 705 706
f 481 706 482
f 482 706 707
f 482 707 483
f 483 707 708
f 483 708 484
f 484 708 709
f 484 709 485
f 485 709 710
f 485 710 486
f 486 710 711
f 486 711 487
f 487 711 712
f 487 712 488
f 488 712 713
f 488 713 489
f 489 713 714
f 489 714 490
f 490 714 715
f 490 715 491
f 491 715 716
f 491 716 492
f 492 716 717
f 492 717 493
f 493 717 718
f 493 718 494
f 494 718 719
f 494 719 495
f 495 719 720
f 495 720 496
f 496 720 721
f 496 721 497
f 497 721 722
f 497 722 498
f 498 722 723
f 498 723 499
f 499 723 724
f 499 724 500
f 500 724 725
f 500 725 501
f 501 725 726
f 501 726 502
f 502 726 727
f 502 727 503
f 503 727 728
f 503 728 504
f 504 728 729
f 504 729 505
f 505 729 730
f 505 730 506
f 506 730 731
f 506 731 507
f 507 731 732
f 507 732 508
f 508 732 733
f 508 733 509
f 509 733 734
f 509 734 510
f 510 734 735
f 510 735 511
f 511 735 736
f 511 736 512
f 512 736 737
f 512 737 513
f 513 737 738
f 513 738 514
f 514 738 739
f 514 739 515
f 515 739 740
f 515 740 516
f 516 740 741
f 516 741 517
f 517 741 742
f 517 742 518
f 518 742 743
f 518 743 519
f 519 743 744
f 519 744 520
f 520 744 745
f 520 745 521
f 521 745 746
f 521 746 522
f 522 746 747
f 522 747 523
f 523 747 748
f 523 748 524
f 524 748 749
f 524 749 525
f 525 749 750
f 525 750 526
f 526 750 751
f 526 751 527
f 527 751 752
f 527 752 528
f 528 752 753
f 528 753 529
f 529 753 754
f 529 754 530
f 530 754 755
f 530 755 531
f 531 755 756
f 531 756 532
f 532 756 757
f 532 757 533
f 533 757 758
f 533 758 534
f 534 758 759
f 534 759 535
f 535 759 760
f 535 760 536
f 536 760 761
f 536 761 537
f 537 761 762
f 537 762 538
f 538 762 763
f 538 763 539
f 539 763 764
f 539 764 540
f 540 764 765
f 540 765 541
f 541 765 766
f 541 766 542
f 542 766 767
f 542 767 543
f 543 767 768
f 543 768 544
f 544 768 769
f 544 769 545
f 545 769 770
f 545 770 546
f 546 770 771
f 546 771 547
f 547 771 772
f 547 772 548
f 548 772 773
f 548 773 549
f 549 773 774
f 549 774 550
f 550 774 775
f 550 775 551
f 551 775 776
f 551 776 552
f 552 776 777
f 552 777 553
f 553 777 778
f 553 778 554
f 554 778 779
f 554 779 555
f 555 779 780
f 555 780 556
f 556 780 781
f 556 781 557
f 557 781 782
f 557 782 558
f 558 782 783
f 558 783 559
f 559 783 784
f 559 784 560
f 560 784 785
f 560 785 561
f 561 785 786
f 561 786 562
f 562 786 787
f 562 787 563
f 563 787 788
f 563 788 564
f 564 788 789
f 564 789 565
f 565 789 790
f 565 790 566
f 566 790 791
f 566 791 567
f 567 791 792
f 567 792 568
f 568 792 793
f 568 793 569
f 569 793 794
f 569 794 570
f 570 794 795
f 570 795 571
f 571 795 796
f 571 796 572
f 572 796 797
f 572 797 573
f 573 797 798
f 573 798 574
f 574 798 799
f 574 799 575
f 575 799 800
f 575 800 576
f 576 800 801
f 576 801 577
f 577 801 802
f 577 802 578
f 578 802 803
f 578 803 579
f 579 803 804
f 579 804 580
f 580 804 805
f 580 805 581
f 581 805 806
f 581 806 582
f 582 806 807
f 582 807 583
f 583 807 808
f 583 808 584
f 584 808 809
f 584 809 585
f 585 809 810
f 585 810 586
f 586 810 811
f 586 811 587
f 587 811 812
f 587 812 588
f 588 812 813
f 588 813 589
f 589 813 814
f 589 814 590
f 590 814 815
f 590 815 591
f 591 815 816
f 591 816 592
f 592 816 817
f 592 817 593
f 593 817 818
f 593 818 594
f 594 818 819
f 594 819 595
f 595 819 820
f 595 820 596
f 596 820 821
f 596 821 597
f 597 821 822
f 597 822 598
f 598 822 823
f 598 823 599
f 599 823 824
f 599 824 600
f 600 824 825
f 600 825 601
f 601 825 826
f 601 826 602
f 602 826 827
f 602 827 603
f 603 827 828
f 603 828 604
f 604 828 829
f 604 829 605
f 605 829 830
f 605 830 606
f 606 830 831
f 606 831 607
f 607 831 832
f 607 832 608
f 608 832 833
f 608 833 609
f 609 833 834
f 609 834 610
f 610 834 835
f 610 835 611
f 611 835 836
f 611 836 612
f 612 836 837
f 612 837 613
f 613 837 838
f 613 838 614
f 614 838 839
f 614 839 615
f 615 839 840
f 615 840 616
f 616 840 841
f 616 841 617
f 617 841 842
f 617 842 618
f 618 842 843
f 618 843 619
f 619 843 844
f 619 844 620
f 620 844 845
f 620 845 621
f 621 845 846
f 621 846 622
f 622 846 847
f 622 847 623
f 623 847 848
f 623 848 624
f 624 848 849
f 624 849 625
f 625 849 850
f 625 850 626
f 626 850 851
f 626 851 627
f 627 851 852
f 627 852 628
f 628 852 853
f 628 853 629
f 629 853 854
f 629 854 630
f 630 854 855
f 630 855 631
f 631 855 856
f 631 856 632
f 632 856 857
f 632 857 633
f 633 857 858
f 633 858 634
f 634 858 859
f 634 859 635
f 635 859 860
f 635 860 636
f 636 860 861
f 636 861 637
f 637 861 862
f 637 862 638
f 638 862 863
f 638 863 639
f 639 863 864
f 639 864 640
f 640 864 865
f 640 865 641
f 641 865 866
f 641 866 642
f 642 866 867
f 642 867 643
f 643 867 868
f 643 868 644
f 644 868 869
f 644 869 645
f 645 869 870
f 645 870 646
f 646 870 871
f 646 871 647
f 647 871 872
f 647 872 648
f 648 872 873
f 648 873 649
f 649 873 874
f 649 874 650
f 650 874 875
f 650 875 651
f 651 875 876
f 651 876 652
f 652 876 877
f 652 877 653
f 653 877 878
f 653 878 654
f 654 878 879
f 654 879 655
f 655 879 880
f 655 880 656
f 656 880 881
f 656 881 657
f 657 881 882
f 657 882 658
f 658 882 883
f 658 883 659
f 659 883 884
f 659 884 660
f 660 884 885
f 660 885 661
f 661 885 886
f 661 886 662
f 662 886 887
f 662 887 663
f 663 887 888
f 663 888 664
f 664 888 889
f 664 889 665
f 665 889 890
f 665 890 666
f 666 890 891
f 666 891 667
f 667 891 892
f 667 892 668
f 668 892 893
f 668 893 669
f 669 893 894
f 669 894 670
f 670 894 895
f 670 895 671
f 671 895 896
f 671 896 672
f 672 896 673
f 672 673 449
f 673 897 898
f 673 898 674
f 674 898 899
f 674 899 675
f 675 899 900
f 675 900 676
f 676 900 901
f 676 901 677
f 677 901 902
f 677 902 678
f 678 902 903
f 678 903 679
f 679 903 904
f 679 904 680
f 680 904 905
f 680 905 681
f 681 905 906
f 681 906 682
f 682 906 907
f 682 907 683
f 683 907 908
f 683 908 684
f 684 908 909
f 684 909 685
f 685 909 910
f 685 910 686
f 686 910 911
f 686 911 687
f 687 911 912
f 687 912 688
f 688 912 913
f 688 913 689
f 689 913 914
f 689 914 690
f 690 914 915
f 690 915 691
f 691 915 916
f 691 916 692
f 692 916 917
f 692 917 693
f 693 917 918
f 693 918 694
f 694 918 919
f 694 919 695
f 695 919 920
f 695 920 696
f 696 920 921
f 696 921 697
f 697 921 922
f 697 922 698
f 698 922 923
f 698 923 699
f 699 923 924
f 699 924 700
f 700 924 925
f 700 925 701
f 701 925 926
f 701 926 702
f 702 926 927
f 702 927 703
f 703 927 928
f 703 928 704
f 704 928 929
f 704 929 705
f 705 929 930
f 705 930 706
f 706 930 931
f 706 931 707
f 707 931 932
f 707 932 708
f 708 932 933
f 708 933 709
f 709 933 934
f 709 934 710
f 710 934 935
f 710 935 711
f 711 935 936
f 711 936 712
f 712 936 937
f 712 937 713
f 713 937 938
f 713 938 714
f 714 938 939
f 714 939 715
f 715 939 940
f 715 940 716
f 716 940 941
f 716 941 717
f 717 941 942
f 717 942 718
f 718 942 943
f 718 943 719
f 719 943 944
f 719 944 720
f 720 944 945
f 720 945 721
f 721 945 946
f 721 946 722
f 722 946 947
f 722 947 723
f 723 947 948
f 723 948 724
f 724 948 949
f 724 949 725
f 725 949 950
f 725 950 726
f 726 950 951
f 726 951 727
f 727 951 952
f 727 952 728
f 728 952 953
f 728 953 729
f 729 953 954
f 729 954 730
f 730 954 955
f 730 955 731
f 731 955 956
f 731 956 732
f 732 956 957
f 732 957 733
f 733 957 958
f 733 958 734
f 734 958 959
f 734 959 735
f 735 959 960
f 735 960 736
f 736 960 961
f 736 961 737
f 737 961 962
f 737 962 738
f 738 962 963
f 738 963 739
f 739 963 964
f 739 964 740
f 740 964 965
f 740 965 741
f 741 965 966
f 741 966 742
f 742 966 967
f 742 967 743
f 743 967 968
f 743 968 744
f 744 968 969
f 744 969 745
f 745 969 970
f 745 970 746
f 746 970 971
f 746 971 747
f 747 971 972
f 747 972 748
f 748 972 973
f 748 973 749
f 749 973 974
f 749 974 750
f 750 974 975
f 750 975 751
f 751 975 976
f 751 976 752
f 752 976 977
f 752 977 753
f 753 977 978
f 753 978 754
f 754 978 979
f 754 979 755
f 755 979 980
f 755 980 756
f 756 980 981
f 756 981 757
f 757 981 982
f 757 982 758
f 758 982 983
f 758 983 759
f 759 983 984
f 759 984 760
f 760 984 985
f 760 985 761
f 761 985 986
f 761 986 762
f 762 986 987
f 762 987 763
f 763 987 988
f 763 988 764
f 764 988 989
f 764 989 765
f 765 989 990
f 765 990 766
f 766 990 991
f 766 991 767
f 767 991 992
f 767 992 768
f 768 992 993
f 768 993 769
f 769 993 994
f 769 994 770
f 770 994 995
f 770 995 771
f 771 995 996
f 771 996 772
f 772 996 997
f 772 997 773
f 773 997 998
f 773 998 774
f 774 998 999
f 774 999 775
f 775 999 1000
f 775 1000 776
f 776 1000 1001
f 776 1001 777
f 777 1001 1002
f 777 1002 778
f 778 1002 1003
f 778 1003 779
f 779 1003 1004
f 779 1004 780
f 780 1004 1005
f 780 1005 781
f 781 1005 1006
f 781 1006 782
f 782 1006 1007
f 782 1007 783
f 783 1007 1008
f 783 1008 784
f 784 1008 1009
f 784 1009 785
f 785 1009 1010
f 785 1010 786
f 786 1010 1011
f 786 1011 787
f 787 1011 1012
f 787 1012 788
f 788 1012 1013
f 788 1013 789
f 789 1013 1014
f 789 1014 790
f 790 1014 1015
f 790 1015 791
f 791 1015 1016
f 791 1016 792
f 792 1016 1017
f 792 1017 793
f 793 1017 1018
f 793 1018 794
f 794 1018 1019
f 794 1019 795
f 795 1019 1020
f 795 1020 796
f 796 1020 1021
f 796 1021 797
f 797 1021 1022
f 797 1022 798
f 798 1022 1023
f 798 1023 799
f 799 1023 1024
f 799 1024 800
f 800 1024 1025
f 800 1025 801
f 801 1025 1026
f 801 1026 802
f 802 1026 1027
f 802 1027 803
f 803 1027 1028
f 803 1028 804
f 804 1028 1029
f 804 1029 805
f 805 1029 1030
f 805 1030 806
f 806 1030 1031
f 806 1031 807
f 807 1031 1032
f 807 1032 808
f 808 1032 1033
f 808 1033 809
f 809 1033 1034
f 809 1034 810
f 810 1034 1035
f 810 1035 811
f 811 1035 1036
f 811 1036 812
f 812 1036 1037
f 812 1037 813
f 813 1037 1038
f 813 1038 814
f 814 1038 1039
f 814 1039 815
f 815 1039 1040
f 815 1040 816
f 816 1040 1041
f 816 1041 817
f 817 1041 1042
f 817 1042 818
f 818 1042 1043
f 818 1043 819
f 819 1043 1044
f 819 1044 820
f 820 1044 1045
f 820 1045 821
f 821 1045 1046
f 821 1046 822
f 822 1046 1047
f 822 1047 823
f 823 1047 1048
f 823 1048 824
f 824 1048 1049
f 824 1049 825
f 825 1049 1050
f 825 1050 826
f 826 1050 1051
f 826 1051 827
f 827 1051 1052
f 827 1052 828
f 828 1052 1053
f 828 1053 829
f 829 1053 1054
f 829 1054 830
f 830 1054 1055
f 830 1055 831
f 831 1055 1056
f 831 1056 832
f 832 1056 1057
f 832 1057 833
f 833 1057 1058
f 833 1058 834
f 834 1058 1059
f 834 1059 835
f 835 1059 1060
f 835 1060 836
f 836 1060 1061
f 836 1061 837
f 837 1061 1062
f 837 1062 838
f 838 1062 1063
f 838 1063 839
f 839 1063 1064
f 839 1064 840
f 840 1064 1065
f 840 1065 841
f 841 1065 1066
f 841 1066 842
f 842 1066 1067
f 842 1067 843
f 843 1067 1068
f 843 1068 844
f 844 1068 1069
f 844 1069 845
f 845 1069 1070
f 845 1070 846
f 846 1070 1071
f 846 1071 847
f 847 1071 1072
f 847 1072 848
f 848 1072 1073
f 848 1073 849
f 849 1073 1074
f 849 1074 850
f 850 1074 1075
f 850 1075 851
f 851 1075 1076
f 851 1076 852
f 852 1076 1077
f 852 1077 853
f 853 1077 1078
f 853 1078 854
f 854 1078 1079
f 854 1079 855
f 855 1079 1080
f 855 1080 856
f 856 1080 1081
f 856 1081 857
f 857 1081 1082
f 857 1082 858
f 858 1082 1083
f 858 1083 859
f 859 1083 1084
f 859 1084 860
f 860 1084 1085
f 860 1085 861
f 861 1085 1086
f 861 1086 862
f 862 1086 1087
f 862 1087 863
f 863 1087 1088
f 863 1088 864
f 864 1088 1089
f 864 1089 865
f 865 1089 1090
f 865 1090 866
f 866 1090 1091
f 866 1091 867
f 867 1091 1092
f 867 1092 868
f 868 1092 1093
f 868 1093 869
f 869 1093 1094
f 869 1094 870
f 870 1094 1095
f 870 1095 871
f 871 1095 1096
f 871 1096 872
f 872 1096 1097
f 872 1097 873
f 873 1097 1098
f 873 1098 874
f 874 1098 1099
f 874 1099 875
f 875 1099 1100
f 875 1100 876
f 876 1100 1101
f 876 1101 877
f 877 1101 1102
f 877 1102 878
f 878 1102 1103
f 878 1103 879
f 879 1103 1104
f 879 1104 880
f 880 1104 1105
f 880 1105 881
f 881 1105 1106
f 881 1106 882
f 882 1106 1107
f 882 1107 883
f 883 1107 1108
f 883 1108 884
f 884 1108 1109
f 884 1109 885
f 885 1109 1110
f 885 1110 886
f 886 1110 1111
f 886 1111 887
f 887 1111 1112
f 887 1112 888
f 888 1112 1113
f 888 1113 889
f 889 1113 1114
f 889 1114 890
f 890 1114 1115
f 890 1115 891
f 891 1115 1116
f 891 1116 892
f 892 1116 1117
f 892 1117 893
f 893 1117 1118
f 893 1118 894
f 894 1118 1119
f 894 1119 895
f 895 1119 1120
f 895 1120 896
f 896 1120 897
f 896 897 673
f 897 1121 1122
f 897 1122 898
f 898 1122 1123
f 898 1123 899
f 899 1123 1124
f 899 1124 900
f 900 1124 1125
f 900 1125 901
f 901 1125 1126
f 901 1126 902
f 902 1126 1127
f 902 1127 903
f 903 1127 1128
f 903 1128 904
f 904 1128 1129
f 904 1129 905
f 905 1129 1130
f 905 1130 906
f 906 1130 1131
f 906 1131 907
f 907 1131 1132
f 907 1132 908
f 908 1132 1133
f 908 1133 909
f 909 1133 1134
f 909 1134 910
f 910 1134 1135
f 910 1135 911
f 911 1135 1136
f 911 1136 912
f 912 1136 1137
f 912 1137 913
f 913 1137 1138
f 913 1138 914
f 914 1138 1139
f 914 1139 915
f 915 1139 1140
f 915 1140 916
f 916 1140 1141
f 916 1141 917
f 917 1141 1142
f 917 1142 918
f 918 1142 1143
f 918 1143 919
f 919 1143 1144
f 919 1144 920
f 920 1144 1145
f 920 1145 921
f 921 1145 1146
f 921 1146 922
f 922 1146 1147
f 922 1147 923
f 923 1147 1148
f 923 1148 924
f 924 1148 1149
f 924 1149 925
f 925 1149 1150
f 925 1150 926
f 926 1150 1151
f 926 1151 927
f 927 1151 1152
f 927 1152 928
f 928 1152 1153
f 928 1153 929
f 929 1153 1154
f 929 1154 930
f 930 1154 1155
f 930 1155 931
f 931 1155 1156
f 931 1156 932
f 932 1156 1157
f 932 1157 933
f 933 1157 1158
f 933 1158 934
f 934 1158 1159
f 934 1159 935
f 935 1159 1160
f 935 1160 936
f 936 1160 1161
f 936 1161 937
f 937 1161 1162
f 937 1162 938
f 938 1162 1163
f 938 1163 939
f 939 1163 1164
f 939 1164 940
f 940 1164 1165
f 940 1165 941
f 941 1165 1166
f 941 1166 942
f 942 1166 1167
f 942 1167 943
f 943 1167 1168
f 943 1168 944
f 944 1168 1169
f 944 1169 945
f 945 1169 1170
f 945 1170 946
f 946 1170 1171
f 946 1171 947
f 947 1171 1172
f 947 1172 948
f 948 1172 1173
f 948 1173 949
f 949 1173 1174
f 949 1174 950
f 950 1174 1175
f 950 1175 951
f 951 1175 1176
f 951 1176 952
f 952 1176 1177
f 952 1177 953
f 953 1177 1178
f 953 1178 954
f 954 1178 1179
f 954 1179 955
f 955 1179 1180
f 955 1180 956
f 956 1180 1181
f 956 1181 957
f 957 1181 1182
f 957 1182 958
f 958 1182 1183
f 958 1183 959
f 959 1183 1184
f 959 1184 960
f 960 1184 1185
f 960 1185 961
f 961 1185 1186
f 961 1186 962
f 962 1186 1187
f 962 1187 963
f 963 1187 1188
f 963 1188 964
f 964 1188 1189
f 964 1189 965
f 965 1189 1190
f 965 1190 966
f 966 1190 1191
f 966 1191 967
f 967 1191 1192
f 967 1192 968
f 968 1192 1193
f 968 1193 969
f 969 1193 1194
f 969 1194 970
f 970 1194 1195
f 970 1195 971
f 971 1195 1196
f 971 1196 972
f 972 1196 1197
f 972 1197 973
f 973 1197 1198
f 973 1198 974
f 974 1198 1199
f 974 1199 975
f 975 1199 1200
f 975 1200 976
f 976 1200 1201
f 976 1201 977
f 977 1201 1202
f 977 1202 978
f 978 1202 1203
f 978 1203 979
f 979 1203 1204
f 979 1204 980
f 980 1204 1205
f 980 1205 981
f 981 1205 1206
f 981 1206 982
f 982 1206 1207
f 982 1207 983
f 983 1207 1208
f 983 1208 984
f 984 1208 1209
f 984 1209 985
f 985 1209 1210
f 985 1210 986
f 986 1210 1211
f 986 1211 987
f 987 1211 1212
f 987 1212 988
f 988 1212 1213
f 988 1213 989
f 989 1213 1214
f 989 1214 990
f 990 1214 1215
f 990 1215 991
f 991 1215 1216
f 991 1216 992
f 992 1216 1217
f 992 1217 993
f 993 1217 1218
f 993 1218 994
f 994 1218 1219
f 994 1219 995
f 995 1219 1220
f 995 1220 996
f 996 1220 1221
f 996 1221 997
f 997 1221 1222
f 997 1222 998
f 998 1222 1223
f 998 1223 999
f 999 1223 1224
f 999 1224 1000
f 1000 1224 1225
f 1000 1225 1001
f 1001 1225 1226
f 1001 1226 1002
f 1002 1226 1227
f 1002 1227 1003
f 1003 1227 1228
f 1003 1228 1004
f 1004 1228 1229
f 1004 1229 1005
f 1005 1229 1230
f 1005 1230 1006
f 1006 1230 1231
f 1006 1231 1007
f 1007 1231 1232
f 1007 1232 1008
f 1008 1232 1233
f 1008 1233 1009
f 1009 1233 1234
f 1009 1234 1010
f 1010 1234 1235
f 1010 1235 1011
f 1011 1235 1236
f 1011 1236 1012
f 1012 1236 1237
f 1012 1237 1013
f 1013 1237 1238
f 1013 1238 1014
f 1014 1238 1239
f 1014 1239 1015
f 1015 1239 1240
f 1015 1240 1016
f 1016 1240 1241
f 1016 1241 1017
f 1017 1241 1242
f 1017 1242 1018
f 1018 1242 1243
f 1018 1243 1019
f 1019 1243 1244
f 1019 1244 1020
f 1020 1244 1245
f 1020 1245 1021
f 1021 1245 1246
f 1021 1246 1022
f 1022 1246 1247
f 1022 1247 1023
f 1023 1247 1248
f 1023 1248 1024
f 1024 1248 1249
f 1024 1249 1025
f 1025 1249 1250
f 1025 1250 1026
f 1026 1250 1251
f 1026 1251 1027
f 1027 1251 1252
f 1027 1252 1028
f 1028 1252 1253
f 1028 1253 1029
f 1029 1253 1254
f 1029 1254 1030
f 1030 1254 1255
f 1030 1255 1031
f 1031 1255 1256
f 1031 1256 1032
f 1032 1256 1257
f 1032 1257 1033
f 1033 1257 1258
f 1033 1258 1034
f 1034 1258 1259
f 1034 1259 1035
f 1035 1259 1260
f 1035 1260 1036
f 1036 1260 1261
f 1036 1261 1037
f 1037 1261 1262
f 1037 1262 1038
f 1038 1262 1263
f 1038 1263 1039
f 1039 1263 1264
f 1039 1264 1040
f 1040 1264 1265
f 1040 1265 1041
f 1041 1265 1266
f 1041 1266 1042
f 1042 1266 1267
f 1042 1267 1043
f 1043 1267 1268
f 1043 1268 1044
f 1044 1268 1269
f 1044 1269 1045
f 1045 1269 1270
f 1045 1270 1046
f 1046 1270 1271
f 1046 1271 1047
f 1047 1271 1272
f 1047 1272 1048
f 1048 1272 1273
f 1048 1273 1049
f 1049 1273 1274
f 1049 1274 1050
f 1050 1274 1275
f 1050 1275 1051
f 1051 1275 1276
f 1051 1276 1052
f 1052 1276 1277
f 1052 1277 1053
f 1053 1277 1278
f 1053 1278 1054
f 1054 1278 1279
f 1054 1279 1055
f 1055 1279 1280
f 1055 1280 1056
f 1056 1280 1281
f 1056 1281 1057
f 1057 1281 1282
f 1057 1282 1058
f 1058 1282 1283
f 1058 1283 1059
f 1059 1283 1284
f 1059 1284 1060
f 1060 1284 1285
f 1060 1285 1061
f 1061 1285 1286
f 1061 1286 1062
f 1062 1286 1287
f 1062 1287 1063
f 1063 1287 1288
f 1063 1288 1064
f 1064 1288 1289
f 1064 1289 1065
f 1065 1289 1290
f 1065 1290 1066
f 1066 1290 1291
f 1066 1291 1067
f 1067 1291 1292
f 1067 1292 1068
f 1068 1292 1293
f 1068 1293 1069
f 1069 1293 1294
f 1069 1294 1070
f 1070 1294 1295
f 1070 1295 1071
f 1071 1295 1296
f 1071 1296 1072
f 1072 1296 1297
f 1072 1297 1073
f 1073 1297 1298
f 1073 1298 1074
f 1074 1298 1299
f 1074 1299 1075
f 1075 1299 1300
f 1075 1300 1076
f 1076 1300 1301
f 1076 1301 1077
f 1077 1301 1302
f 1077 1302 1078
f 1078 1302 1303
f 1078 1303 1079
f 1079 1303 1304
f 1079 1304 1080
f 1080 1304 1305
f 1080 1305 1081
f 1081 1305 1306
f 1081 1306 1082
f 1082 1306 1307
f 1082 1307 1083
f 1083 1307 1308
f 1083 1308 1084
f 1084 1308 1309
f 1084 1309 1085
f 1085 1309 1310
f 1085 1310 1086
f 1086 1310 1311
f 1086 1311 1087
f 1087 1311 1312
f 1087 1312 1088
f 1088 1312 1313
f 1088 1313 1089
f 1089 1313 1314
f 1089 1314 1090
f 1090 1314 1315
f 1090 1315 1091
f 1091 1315 1316
f 1091 1316 1092
f 1092 1316 1317
f 1092 1317 1093
f 1093 1317 1318
f 1093 1318 1094
f 1094 1318 1319
f 1094 1319 1095
f 1095 1319 1320
f 1095 1320 1096
f 1096 1320 1321
f 1096 1321 1097
f 1097 1321 1322
f 1097 1322 1098
f 1098 1322 1323
f 1098 1323 1099
f 1099 1323 1324
f 1099 1324 1100
f 1100 1324 1325
f 1100 1325 1101
f 1101 1325 1326
f 1101 1326 1102
f 1102 1326 1327
f 1102 1327 1103
f 1103 1327 1328
f 1103 1328 1104
f 1104 1328 1329
f 1104 1329 1105
f 1105 1329 1330
f 1105 1330 1106
f 1106 1330 1331
f 1106 1331 1107
f 1107 1331 1332
f 1107 1332 1108
f 1108 1332 1333
f 1108 1333 1109
f 1109 1333 1334
f 1109 1334 1110
f 1110 1334 1335
f 1110 1335 1111
f 1111 1335 1336
f 1111 1336 1112
f 1112 1336 1337
f 1112 1337 1113
f 1113 1337 1338
f 1113 1338 1114
f 1114 1338 1339
f 1114 1339 1115
f 1115 1339 1340
f 1115 1340 1116
f 1116 1340 1341
f 1116 1341 1117
f 1117 1341 1342
f 1117 1342 1118
f 1118 1342 1343
f 1118 1343 1119
f 1119 1343 1344
f 1119 1344 1120
f 1120 1344 1121
f 1120 1121 897
f 1121 1345 1346
f 1121 1346 1122
f 1122 1346 1347
f 1122 1347 1123
f 1123 1347 1348
f 1123 1348 1124
f 1124 1348 1349
f 1124 1349 1125
f 1125 1349 1350
f 1125 1350 1126
f 1126 1350 1351
f 1126 1351 1127
f 1127 1351 1352
f 1127 1352 1128
f 1128 1352 1353
f 1128 1353 1129
f 1129 1353 1354
f 1129 1354 1130
f 1130 1354 1355
f 1130 1355 1131
f 1131 1355 1356
f 1131 1356 1132
f 1132 1356 1357
f 1132 1357 1133
f 1133 1357 1358
f 1133 1358 1134
f 1134 1358 1359
f 1134 1359 1135
f 1135 1359 1360
f 1135 1360 1136
f 1136 1360 1361
f 1136 1361 1137
f 1137 1361 1362
f 1137 1362 1138
f 1138 1362 1363
f 1138 1363 1139
f 1139 1363 1364
f 1139 1364 1140
f 1140 1364 1365
f 1140 1365 1141
f 1141 1365 1366
f 1141 1366 1142
f 1142 1366 1367
f 1142 1367 1143
f 1143 1367 1368
f 1143 1368 1144
f 1144 1368 1369
f 1144 1369 1145
f 1145 1369 1370
f 1145 1370 1146
f 1146 1370 1371
f 1146 1371 1147
f 1147 1371 1372
f 1147 1372 1148
f 1148 1372 1373
f 1148 1373 1149
f 1149 1373 1374
f 1149 1374 1150
f 1150 1374 1375
f 1150 1375 1151
f 1151 1375 1376
f 1151 1376 1152
f 1152 1376 1377
f 1152 1377 1153
f 1153 1377 1378
f 1153 1378 1154
f 1154 1378 1379
f 1154 1379 1155
f 1155 1379 1380
f 1155 1380 1156
f 1156 1380 1381
f 1156 1381 1157
f 1157 1381 1382
f 1157 1382 1158
f 1158 1382 1383
f 1158 1383 1159
f 1159 1383 1384
f 1159 1384 1160
f 1160 1384 1385
f 1160 1385 1161
f 1161 1385 1386
f 1161 1386 1162
f 1162 1386 1387
f 1162 1387 1163
f 1163 1387 1388
f 1163 1388 1164
f 1164 1388 1389
f 1164 1389 1165
f 1165 1389 1390
f 1165 1390 1166
f 1166 1390 1391
f 1166 1391 1167
f 1167 1391 1392
f 1167 1392 1168
f 1168 1392 1393
f 1168 1393 1169
f 1169 1393 1394
f 1169 1394 1170
f 1170 1394 1395
f 1170 1395 1171
f 1171 1395 1396
f 1171 1396 1172
f 1172 1396 1397
f 1172 1397 1173
f 1173 1397 1398
f 1173 1398 1174
f 1174 1398 1399
f 1174 1399 1175
f 1175 1399 1400
f 1175 1400 1176
f 1176 1400 1401
f 1176 1401 1177
f 1177 1401 1402
f 1177 1402 1178
f 1178 1402 1403
f 1178 1403 1179
f 1179 1403 1404
f 1179 1404 1180
f 1180 1404 1405
f 1180 1405 1181
f 1181 1405 1406
f 1181 1406 1182
f 1182 1406 1407
f 1182 1407 1183
f 1183 1407 1408
f 1183 1408 1184
f 1184 1408 1409
f 1184 1409 1185
f 1185 1409 1410
f 1185 1410 1186
f 1186 1410 1411
f 1186 1411 1187
f 1187 1411 1412
f 1187 1412 1188
f 1188 1412 1413
f 1188 1413 1189
f 1189 1413 1414
f 1189 1414 1190
f 1190 1414 1415
f 1190 1415 1191
f 1191 1415 1416
f 1191 1416 1192
f 1192 1416 1417
f 1192 1417 1193
f 1193 1417 1418
f 1193 1418 1194
f 1194 1418 1419
f 1194 1419 1195
f 1195 1419 1420
f 1195 1420 1196
f 1196 1420 1421
f 1196 1421 1197
f 1197 1421 1422
f 1197 1422 1198
f 1198 1422 1423
f 1198 1423 1199
f 1199 1423 1424
f 1199 1424 1200
f 1200 1424 1425
f 1200 1425 1201
f 1201 1425 1426
f 1201 1426 1202
f 1202 1426 1427
f 1202 1427 1203
f 1203 1427 1428
f 1203 1428 1204
f 1204 1428 1429
f 1204 1429 1205
f 1205 1429 1430
f 1205 1430 1206
f 1206 1430 1431
f 1206 1431 1207
f 1207 1431 1432
f 1207 1432 1208
f 1208 1432 1433
f 1208 1433 1209
f 1209 1433 1434
f 1209 1434 1210
f 1210 1434 1435
f 1210 1435 1211
f 1211 1435 1436
f 1211 1436 1212
f 1212 1436 1437
f 1212 1437 1213
f 1213 1437 1438
f 1213 1438 1214
f 1214 1438 1439
f 1214 1439 1215
f 1215 1439 1440
f 1215 1440 1216
f 1216 1440 1441
f 1216 1441 1217
f 1217 1441 1442
f 1217 1442 1218
f 1218 1442 1443
f 1218 1443 1219
f 1219 1443 1444
f 1219 1444 1220
f 1220 1444 1445
f 1220 1445 1221
f 1221 1445 1446
f 1221 1446 1222
f 1222 1446 1447
f 1222 1447 1223
f 1223 1447 1448
f 1223 1448 1224
f 1224 1448 1449
f 1224 1449 1225
f 1225 1449 1450
f 1225 1450 1226
f 1226 1450 1451
f 1226 1451 1227
f 1227 1451 1452
f 1227 1452 1228
f 1228 1452 1453
f 1228 1453 1229
f 1229 1453 1454
f 1229 1454 1230
f 1230 1454 1455
f 1230 1455 1231
f 1231 1455 1456
f 1231 1456 1232
f 1232 1456 1457
f 1232 1457 1233
f 1233 1457 1458
f 1233 1458 1234
f 1234 1458 1459
f 1234 1459 1235
f 1235 1459 1460
f 1235 1460 1236
f 1236 1460 1461
f 1236 1461 1237
f 1237 1461 1462
f 1237 1462 1238
f 1238 1462 1463
f 1238 1463 1239
f 1239 1463 1464
f 1239 1464 1240
f 1240 1464 1465
f 1240 1465 1241
f 1241 1465 1466
f 1241 1466 1242
f 1242 1466 1467
f 1242 1467 1243
f 1243 1467 1468
f 1243 1468 1244
f 1244 1468 1469
f 1244 1469 1245
f 1245 1469 1470
f 1245 1470 1246
f 1246 1470 1471
f 1246 1471 1247
f 1247 1471 1472
f 1247 1472 1248
f 1248 1472 1473
f 1248 1473 1249
f 1249 1473 1474
f 1249 1474 1250
f 1250 1474 1475
f 1250 1475 1251
f 1251 1475 1476
f 1251 1476 1252
f 1252 1476 1477
f 1252 1477 1253
f 1253 1477 1478
f 1253 1478 1254
f 1254 1478 1479
f 1254 1479 1255
f 1255 1479 1480
f 1255 1480 1256
f 1256 1480 1481
f 1256 1481 1257
f 1257 1481 1482
f 1257 1482 1258
f 1258 1482 1483
f 1258 1483 1259
f 1259 1483 1484
f 1259 1484 1260
f 1260 1484 1485
f 1260 1485 1261
f 1261 1485 1486
f 1261 1486 1262
f 1262 1486 1487
f 1262 1487 1263
f 1263 1487 1488
f 1263 1488 1264
f 1264 1488 1489
f 1264 1489 1265
f 1265 1489 1490
f 1265 1490 1266
f 1266 1490 1491
f 1266 1491 1267
f 1267 1491 1492
f 1267 1492 1268
f 1268 1492 1493
f 1268 1493 1269
f 1269 1493 1494
f 1269 1494 1270
f 1270 1494 1495
f 1270 1495 1271
f 1271 1495 1496
f 1271 1496 1272
f 1272 1496 1497
f 1272 1497 1273
f 1273 1497 1498
f 1273 1498 1274
f 1274 1498 1499
f 1274 1499 1275
f 1275 1499 1500
f 1275 1500 1276
f 1276 1500 1501
f 1276 1501 1277
f 1277 1501 1502
f 1277 1502 1278
f 1278 1502 1503
f 1278 1503 1279
f 1279 1503 1504
f 1279 1504 1280
f 1280 1504 1505
f 1280 1505 1281
f 1281 1505 1506
f 1281 1506 1282
f 1282 1506 1507
f 1282 1507 1283
f 1283 1507 1508
f 1283 1508 1284
f 1284 1508 1509
f 1284 1509 1285
f 1285 1509 1510
f 1285 1510 1286
f 1286 1510 1511
f 1286 1511 1287
f 1287 1511 1512
f 1287 1512 1288
f 1288 1512 1513
f 1288 1513 1289
f 1289 1513 1514
f 1289 1514 1290
f 1290 1514 1515
f 1290 1515 1291
f 1291 1515 1516
f 1291 1516 1292
f 1292 1516 1517
f 1292 1517 1293
f 1293 1517 1518
f 1293 1518 1294
f 1294 1518 1519
f 1294 1519 1295
f 1295 1519 1520
f 1295 1520 1296
f 1296 1520 1521
f 1296 1521 1297
f 1297 1521 1522
f 1297 1522 1298
f 1298 1522 1523
f 1298 1523 1299
f 1299 1523 1524
f 1299 1524 1300
f 1300 1524 1525
f 1300 1525 1301
f 1301 1525 1526
f 1301 1526 1302
f 1302 1526 1527
f 1302 1527 1303
f 1303 1527 1528
f 1303 1528 1304
f 1304 1528 1529
f 1304 1529 1305
f 1305 1529 1530
f 1305 1530 1306
f 1306 1530 1531
f 1306 1531 1307
f 1307 1531 1532
f 1307 1532 1308
f 1308 1532 1533
f 1308 1533 1309
f 1309 1533 1534
f 1309 1534 1310
f 1310 1534 1535
f 1310 1535 1311
f 1311 1535 1536
f 1311 1536 1312
f 1312 1536 1537
f 1312 1537 1313
f 1313 1537 1538
f 1313 1538 1314
f 1314 1538 1539
f 1314 1539 1315
f 1315 1539 1540
f 1315 1540 1316
f 1316 1540 1541
f 1316 1541 1317
f 1317 1541 1542
f 1317 1542 1318
f 1318 1542 1543
f 1318 1543 1319
f 1319 1543 1544
f 1319 1544 1320
f 1320 1544 1545
f 1320 1545 1321
f 1321 1545 1546
f 1321 1546 1322
f 1322 1546 1547
f 1322 1547 1323
f 1323 1547 1548
f 1323 1548 1324
f 1324 1548 1549
f 1324 1549 1325
f 1325 1549 1550
f 1325 1550 1326
f 1326 1550 1551
f 1326 1551 1327
f 1327 1551 1552
f 1327 1552 1328
f 1328 1552 1553
f 1328 1553 1329
f 1329 1553 1554
f 1329 1554 1330
f 1330 1554 1555
f 1330 1555 1331
f 1331 1555 1556
f 1331 1556 1332
f 1332 1556 1557
f 1332 1557 1333
f 1333 1557 1558
f 1333 1558 1334
f 1334 1558 1559
f 1334 1559 1335
f 1335 1559 1560
f 1335 1560 1336
f 1336 1560 1561
f 1336 1561 1337
f 1337 1561 1562
f 1337 1562 1338
f 1338 1562 1563
f 1338 1563 1339
f 1339 1563 1564
f 1339 1564 1340
f 1340 1564 1565
f 1340 1565 1341
f 1341 1565 1566
f 1341 1566 1342
f 1342 1566 1567
f 1342 1567 1343
f 1343 1567 1568
f 1343 1568 1344
f 1344 1568 1345
f 1344 1345 1121
f 1345 1569 1570
f 1345 1570 1346
f 1346 1570 1571
f 1346 1571 1347
f 1347 1571 1572
f 1347 1572 1348
f 1348 1572 1573
f 1348 1573 1349
f 1349 1573 1574
f 1349 1574 1350
f 1350 1574 1575
f 1350 1575 1351
f 1351 1575 1576
f 1351 1576 1352
f 1352 1576 1577
f 1352 1577 1353
f 1353 1577 1578
f 1353 1578 1354
f 1354 1578 1579
f 1354 1579 1355
f 1355 1579 1580
f 1355 1580 1356
f 1356 1580 1581
f 1356 1581 1357
f 1357 1581 1582
f 1357 1582 1358
f 1358 1582 1583
f 1358 1583 1359
f 1359 1583 1584
f 1359 1584 1360
f 1360 1584 1585
f 1360 1585 1361
f 1361 1585 1586
f 1361 1586 1362
f 1362 1586 1587
f 1362 1587 1363
f 1363 1587 1588
f 1363 1588 1364
f 1364 1588 1589
f 1364 1589 1365
f 1365 1589 1590
f 1365 1590 1366
f 1366 1590 1591
f 1366 1591 1367
f 1367 1591 1592
f 1367 1592 1368
f 1368 1592 1593
f 1368 1593 1369
f 1369 1593 1594
f 1369 1594 1370
f 1370 1594 1595
f 1370 1595 1371
f 1371 1595 1596
f 1371 1596 1372
f 1372 1596 1597
f 1372 1597 1373
f 1373 1597 1598
f 1373 1598 1374
f 1374 1598 1599
f 1374 1599 1375
f 1375 1599 1600
f 1375 1600 1376
f 1376 1600 1601
f 1376 1601 1377
f 1377 1601 1602
f 1377 1602 1378
f 1378 1602 1603
f 1378 1603 1379
f 1379 1603 1604
f 1379 1604 1380
f 1380 1604 1605
f 1380 1605 1381
f 1381 1605 1606
f 1381 1606 1382
f 1382 1606 1607
f 1382 1607 1383
f 1383 1607 1608
f 1383 1608 1384
f 1384 1608 1609
f 1384 1609 1385
f 1385 1609 1610
f 1385 1610 1386
f 1386 1610 1611
f 1386 1611 1387
f 1387 1611 1612
f 1387 1612 1388
f 1388 1612 1613
f 1388 1613 1389
f 1389 1613 1614
f 1389 1614 1390
f 1390 1614 1615
f 1390 1615 1391
f 1391 1615 1616
f 1391 1616 1392
f 1392 1616 1617
f 1392 1617 1393
f 1393 1617 1618
f 1393 1618 1394
f 1394 1618 1619
f 1394 1619 1395
f 1395 1619 1620
f 1395 1620 1396
f 1396 1620 1621
f 1396 1621 1397
f 1397 1621 1622
f 1397 1622 1398
f 1398 1622 1623
f 1398 1623 1399
f 1399 1623 1624
f 1399 1624 1400
f 1400 1624 1625
f 1400 1625 1401
f 1401 1625 1626
f 1401 1626 1402
f 1402 1626 1627
f 1402 1627 1403
f 1403 1627 1628
f 1403 1628 1404
f 1404 1628 1629
f 1404 1629 1405
f 1405 1629 1630
f 1405 1630 1406
f 1406 1630 1631
f 1406 1631 1407
f 1407 1631 1632
f 1407 1632 1408
f 1408 1632 1633
f 1408 1633 1409
f 1409 1633 1634
f 1409 1634 1410
f 1410 1634 1635
f 1410 1635 1411
f 1411 1635 1636
f 1411 1636 1412
f 1412 1636 1637
f 1412 1637 1413
f 1413 1637 1638
f 1413 1638 1414
f 1414 1638 1639
f 1414 1639 1415
f 1415 1639 1640
f 1415 1640 1416
f 1416 1640 1641
f 1416 1641 1417
f 1417 1641 1642
f 1417 1642 1418
f 1418 1642 1643
f 1418 1643 1419
f 1419 1643 1644
f 1419 1644 1420
f 1420 1644 1645
f 1420 1645 1421
f 1421 1645 1646
f 1421 1646 1422
f 1422 1646 1647
f 1422 1647 1423
f 1423 1647 1648
f 1423 1648 1424
f 1424 1648 1649
f 1424 1649 1425
f 1425 1649 1650
f 1425 1650 1426
f 1426 1650 1651
f 1426 1651 1427
f 1427 1651 1652
f 1427 1652 1428
f 1428 1652 1653
f 1428 1653 1429
f 1429 1653 1654
f 1429 1654 1430
f 1430 1654 1655
f 1430 1655 1431
f 1431 1655 1656
f 1431 1656 1432
f 1432 1656 1657
f 1432 1657 1433
f 1433 1657 1658
f 1433 1658 1434
f 1434 1658 1659
f 1434 1659 1435
f 1435 1659 1660
f 1435 1660 1436
f 1436 1660 1661
f 1436 1661 1437
f 1437 1661 1662
f 1437 1662 1438
f 1438 1662 1663
f 1438 1663 1439
f 1439 1663 1664
f 1439 1664 1440
f 1440 1664 1665
f 1440 1665 1441
f 1441 1665 1666
f 1441 1666 1442
f 1442 1666 1667
f 1442 1667 1443
f 1443 1667 1668
f 1443 1668 1444
f 1444 1668 1669
f 1444 1669 1445
f 1445 1669 1670
f 1445 1670 1446
f 1446 1670 1671
f 1446 1671 1447
f 1447 1671 1672
f 1447 1672 1448
f 1448 1672 1673
f 1448 1673 1449
f 1449 1673 1674
f 1449 1674 1450
f 1450 1674 1675
f 1450 1675 1451
f 1451 1675 1676
f 1451 1676 1452
f 1452 1676 1677
f 1452 1677 1453
f 1453 1677 1678
f 1453 1678 1454
f 1454 1678 1679
f 1454 1679 1455
f 1455 1679 1680
f 1455 1680 1456
f 1456 1680 1681
f 1456 1681 1457
f 1457 1681 1682
f 1457 1682 1458
f 1458 1682 1683
f 1458 1683 1459
f 1459 1683 1684
f 1459 1684 1460
f 1460 1684 1685
f 1460 1685 1461
f 1461 1685 1686
f 1461 1686 1462
f 1462 1686 1687
f 1462 1687 1463
f 1463 1687 1688
f 1463 1688 1464
f 1464 1688 1689
f 1464 1689 1465
f 1465 1689 1690
f 1465 1690 1466
f 1466 1690 1691
f 1466 1691 1467
f 1467 1691 1692
f 1467 1692 1468
f 1468 1692 1693
f 1468 1693 1469
f 1469 1693 1694
f 1469 1694 1470
f 1470 1694 1695
f 1470 1695 1471
f 1471 1695 1696
f 1471 1696 1472
f 1472 1696 1697
f 1472 1697 1473
f 1473 1697 1698
f 1473 1698 1474
f 1474 1698 1699
f 1474 1699 1475
f 1475 1699 1700
f 1475 1700 1476
f 1476 1700 1701
f 1476 1701 1477
f 1477 1701 1702
f 1477 1702 1478
f 1478 1702 1703
f 1478 1703 1479
f 1479 1703 1704
f 1479 1704 1480
f 1480 1704 1705
f 1480 1705 1481
f 1481 1705 1706
f 1481 1706 1482
f 1482 1706 1707
f 1482 1707 1483
f 1483 1707 1708
f 1483 1708 1484
f 1484 1708 1709
f 1484 1709 1485
f 1485 1709 1710
f 1485 1710 1486
f 1486 1710 1711
f 1486 1711 1487
f 1487 1711 1712
f 1487 1712 1488
f 1488 1712 1713
f 1488 1713 1489
f 1489 1713 1714
f 1489 1714 1490
f 1490 1714 1715
f 1490 1715 1491
f 1491 1715 1716
f 1491 1716 1492
f 1492 1716 1717
f 1492 1717 1493
f 1493 1717 1718
f 1493 1718 1494
f 1494 1718 1719
f 1494 1719 1495
f 1495 1719 1720
f 1495 1720 1496
f 1496 1720 1721
f 1496 1721 1497
f 1497 1721 1722
f 1497 1722 1498
f 1498 1722 1723
f 1498 1723 1499
f 1499 1723 1724
f 1499 1724 1500
f 1500 1724 1725
f 1500 1725 1501
f 1501 1725 1726
f 1501 1726 1502
f 1502 1726 1727
f 1502 1727 1503
f 1503 1727 1728
f 1503 1728 1504
f 1504 1728 1729
f 1504 1729 1505
f 1505 1729 1730
f 1505 1730 1506
f 1506 1730 1731
f 1506 1731 1507
f 1507 1731 1732
f 1507 1732 1508
f 1508 1732 1733
f 1508 1733 1509
f 1509 1733 1734
f 1509 1734 1510
f 1510 1734 1735
f 1510 1735 1511
f 1511 1735 1736
f 1511 1736 1512
f 1512 1736 1737
f 1512 1737 1513
f 1513 1737 1738
f 1513 1738 1514
f 1514 1738 1739
f 1514 1739 1515
f 1515 1739 1740
f 1515 1740 1516
f 1516 1740 1741
f 1516 1741 1517
f 1517 1741 1742
f 1517 1742 1518
f 1518 1742 1743
f 1518 1743 1519
f 1519 1743 1744
f 1519 1744 1520
f 1520 1744 1745
f 1520 1745 1521
f 1521 1745 1746
f 1521 1746 1522
f 1522 1746 1747
f 1522 1747 1523
f 1523 1747 1748
f 1523 1748 1524
f 1524 1748 1749
f 1524 1749 1525
f 1525 1749 1750
f 1525 1750 1526
f 1526 1750 1751
f 1526 1751 1527
f 1527 1751 1752
f 1527 1752 1528
f 1528 1752 1753
f 1528 1753 1529
f 1529 1753 1754
f 1529 1754 1530
f 1530 1754 1755
f 1530 1755 1531
f 1531 1755 1756
f 1531 1756 1532
f 1532 1756 1757
f 1532 1757 1533
f 1533 1757 1758
f 1533 1758 1534
f 1534 1758 1759
f 1534 1759 1535
f 1535 1759 1760
f 1535 1760 1536
f 1536 1760 1761
f 1536 1761 1537
f 1537 1761 1762
f 1537 1762 1538
f 1538 1762 1763
f 1538 1763 1539
f 1539 1763 1764
f 1539 1764 1540
f 1540 1764 1765
f 1540 1765 1541
f 1541 1765 1766
f 1541 1766 1542
f 1542 1766 1767
f 1542 1767 1543
f 1543 1767 1768
f 1543 1768 1544
f 1544 1768 1769
f 1544 1769 1545
f 1545 1769 1770
f 1545 1770 1546
f 1546 1770 1771
f 1546 1771 1547
f 1547 1771 1772
f 1547 1772 1548
f 1548 1772 1773
f 1548 1773 1549
f 1549 1773 1774
f 1549 1774 1550
f 1550 1774 1775
f 1550 1775 1551
f 1551 1775 1776
f 1551 1776 1552
f 1552 1776 1777
f 1552 1777 1553
f 1553 1777 1778
f 1553 1778 1554
f 1554 1778 1779
f 1554 1779 1555
f 1555 1779 1780
f 1555 1780 1556
f 1556 1780 1781
f 1556 1781 1557
f 1557 1781 1782
f 1557 1782 1558
f 1558 1782 1783
f 1558 1783 1559
f 1559 1783 1784
f 1559 1784 1560
f 1560 1784 1785
f 1560 1785 1561
f 1561 1785 1786
f 1561 1786 1562
f 1562 1786 1787
f 1562 1787 1563
f 1563 1787 1788
f 1563 1788 1564
f 1564 1788 1789
f 1564 1789 1565
f 1565 1789 1790
f 1565 1790 1566
f 1566 1790 1791
f 1566 1791 1567
f 1567 1791 1792
f 1567 1792 1568
f 1568 1792 1569
f 1568 1569 1345
f 1569 1793 1794
f 1569 1794 1570
f 1570 1794 1795
f 1570 1795 1571
f 1571 1795 1796
f 1571 1796 1572
f 1572 1796 1797
f 1572 1797 1573
f 1573 1797 1798
f 1573 1798 1574
f 1574 1798 1799
f 1574 1799 1575
f 1575 1799 1800
f 1575 1800 1576
f 1576 1800 1801
f 1576 1801 1577
f 1577 1801 1802
f 1577 1802 1578
f 1578 1802 1803
f 1578 1803 1579
f 1579 1803 1804
f 1579 1804 1580
f 1580 1804 1805
f 1580 1805 1581
f 1581 1805 1806
f 1581 1806 1582
f 1582 1806 1807
f 1582 1807 1583
f 1583 1807 1808
f 1583 1808 1584
f 1584 1808 1809
f 1584 1809 1585
f 1585 1809 1810
f 1585 1810 1586
f 1586 1810 1811
f 1586 1811 1587
f 1587 1811 1812
f 1587 1812 1588
f 1588 1812 1813
f 1588 1813 1589
f 1589 1813 1814
f 1589 1814 1590
f 1590 1814 1815
f 1590 1815 1591
f 1591 1815 1816
f 1591 1816 1592
f 1592 1816 1817
f 1592 1817 1593
f 1593 1817 1818
f 1593 1818 1594
f 1594 1818 1819
f 1594 1819 1595
f 1595 1819 1820
f 1595 1820 1596
f 1596 1820 1821
f 1596 1821 1597
f 1597 1821 1822
f 1597 1822 1598
f 1598 1822 1823
f 1598 1823 1599
f 1599 1823 1824
f 1599 1824 1600
f 1600 1824 1825
f 1600 1825 1601
f 1601 1825 1826
f 1601 1826 1602
f 1602 1826 1827
f 1602 1827 1603
f 1603 1827 1828
f 1603 1828 1604
f 1604 1828 1829
f 1604 1829 1605
f 1605 1829 1830
f 1605 1830 1606
f 1606 1830 1831
f 1606 1831 1607
f 1607 1831 1832
f 1607 1832 1608
f 1608 1832 1833
f 1608 1833 1609
f 1609 1833 1834
f 1609 1834 1610
f 1610 1834 1835
f 1610 1835 1611
f 1611 1835 1836
f 1611 1836 1612
f 1612 1836 1837
f 1612 1837 1613
f 1613 1837 1838
f 1613 1838 1614
f 1614 1838 1839
f 1614 1839 1615
f 1615 1839 1840
f 1615 1840 1616
f 1616 1840 1841
f 1616 1841 1617
f 1617 1841 1842
f 1617 1842 1618
f 1618 1842 1843
f 1618 1843 1619
f 1619 1843 1844
f 1619 1844 1620
f 1620 1844 1845
f 1620 1845 1621
f 1621 1845 1846
f 1621 1846 1622
f 1622 1846 1847
f 1622 1847 1623
f 1623 1847 1848
f 1623 1848 1624
f 1624 1848 1849
f 1624 1849 1625
f 1625 1849 1850
f 1625 1850 1626
f 1626 1850 1851
f 1626 1851 1627
f 1627 1851 1852
f 1627 1852 1628
f 1628 1852 1853
f 1628 1853 1629
f 1629 1853 1854
f 1629 1854 1630
f 1630 1854 1855
f 1630 1855 1631
f 1631 1855 1856
f 1631 1856 1632
f 1632 1856 1857
f 1632 1857 1633
f 1633 1857 1858
f 1633 1858 1634
f 1634 1858 1859
f 1634 1859 1635
f 1635 1859 1860
f 1635 1860 1636
f 1636 1860 1861
f 1636 1861 1637
f 1637 1861 1862
f 1637 1862 1638
f 1638 1862 1863
f 1638 1863 1639
f 1639 1863 1864
f 1639 1864 1640
f 1640 1864 1865
f 1640 1865 1641
f 1641 1865 1866
f 1641 1866 1642
f 1642 1866 1867
f 1642 1867 1643
f 1643 1867 1868
f 1643 1868 1644
f 1644 1868 1869
f 1644 1869 1645
f 1645 1869 1870
f 1645 1870 1646
f 1646 1870 1871
f 1646 1871 1647
f 1647 1871 1872
f 1647 1872 1648
f 1648 1872 1873
f 1648 1873 1649
f 1649 1873 1874
f 1649 1874 1650
f 1650 1874 1875
f 1650 1875 1651
f 1651 1875 1876
f 1651 1876 1652
f 1652 1876 1877
f 1652 1877 1653
f 1653 1877 1878
f 1653 1878 1654
f 1654 1878 1879
f 1654 1879 1655
f 1655 1879 1880
f 1655 1880 1656
f 1656 1880 1881
f 1656 1881 1657
f 1657 1881 1882
f 1657 1882 1658
f 1658 1882 1883
f 1658 1883 1659
f 1659 1883 1884
f 1659 1884 1660
f 1660 1884 1885
f 1660 1885 1661
f 1661 1885 1886
f 1661 1886 1662
f 1662 1886 1887
f 1662 1887 1663
f 1663 1887 1888
f 1663 1888 1664
f 1664 1888 1889
f 1664 1889 1665
f 1665 1889 1890
f 1665 1890 1666
f 1666 1890 1891
f 1666 1891 1667
f 1667 1891 1892
f 1667 1892 1668
f 1668 1892 1893
f 1668 1893 1669
f 1669 1893 1894
f 1669 1894 1670
f 1670 1894 1895
f 1670 1895 1671
f 1671 1895 1896
f 1671 1896 1672
f 1672 1896 1897
f 1672 1897 1673
f 1673 1897 1898
f 1673 1898 1674
f 1674 1898 1899
f 1674 1899 1675
f 1675 1899 1900
f 1675 1900 1676
f 1676 1900 1901
f 1676 1901 1677
f 1677 1901 1902
f 1677 1902 1678
f 1678 1902 1903
f 1678 1903 1679
f 1679 1903 1904
f 1679 1904 1680
f 1680 1904 1905
f 1680 1905 1681
f 1681 1905 1906
f 1681 1906 1682
f 1682 1906 1907
f 1682 1907 1683
f 1683 1907 1908
f 1683 1908 1684
f 1684 1908 1909
f 1684 1909 1685
f 1685 1909 1910
f 1685 1910 1686
f 1686 1910 1911
f 1686 1911 1687
f 1687 1911 1912
f 1687 1912 1688
f 1688 1912 1913
f 1688 1913 1689
f 1689 1913 1914
f 1689 1914 1690
f 1690 1914 1915
f 1690 1915 1691
f 1691 1915 1916
f 1691 1916 1692
f 1692 1916 1917
f 1692 1917 1693
f 1693 1917 1918
f 1693 1918 1694
f 1694 1918 1919
f 1694 1919 1695
f 1695 1919 1920
f 1695 1920 1696
f 1696 1920 1921
f 1696 1921 1697
f 1697 1921 1922
f 1697 1922 1698
f 1698 1922 1923
f 1698 1923 1699
f 1699 1923 1924
f 1699 1924 1700
f 1700 1924 1925
f 1700 1925 1701
f 1701 1925 1926
f 1701 1926 1702
f 1702 1926 1927
f 1702 1927 1703
f 1703 1927 1928
f 1703 1928 1704
f 1704 1928 1929
f 1704 1929 1705
f 1705 1929 1930
f 1705 1930 1706
f 1706 1930 1931
f 1706 1931 1707
f 1707 1931 1932
f 1707 1932 1708
f 1708 1932 1933
f 1708 1933 1709
f 1709 1933 1934
f 1709 1934 1710
f 1710 1934 1935
f 1710 1935 1711
f 1711 1935 1936
f 1711 1936 1712
f 1712 1936 1937
f 1712 1937 1713
f 1713 1937 1938
f 1713 1938 1714
f 1714 1938 1939
f 1714 1939 1715
f 1715 1939 1940
f 1715 1940 1716
f 1716 1940 1941
f 1716 1941 1717
f 1717 1941 1942
f 1717 1942 1718
f 1718 1942 1943
f 1718 1943 1719
f 1719 1943 1944
f 1719 1944 1720
f 1720 1944 1945
f 1720 1945 1721
f 1721 1945 1946
f 1721 1946 1722
f 1722 1946 1947
f 1722 1947 1723
f 1723 1947 1948
f 1723 1948 1724
f 1724 1948 1949
f 1724 1949 1725
f 1725 1949 1950
f 1725 1950 1726
f 1726 1950 1951
f 1726 1951 1727
f 1727 1951 1952
f 1727 1952 1728
f 1728 1952 1953
f 1728 1953 1729
f 1729 1953 1954
f 1729 1954 1730
f 1730 1954 1955
f 1730 1955 1731
f 1731 1955 1956
f 1731 1956 1732
f 1732 1956 1957
f 1732 1957 1733
f 1733 1957 1958
f 1733 1958 1734
f 1734 1958 1959
f 1734 1959 1735
f 1735 1959 1960
f 1735 1960 1736
f 1736 1960 1961
f 1736 1961 1737
f 1737 1961 1962
f 1737 1962 1738
f 1738 1962 1963
f 1738 1963 1739
f 1739 1963 1964
f 1739 1964 1740
f 1740 1964 1965
f 1740 1965 1741
f 1741 1965 1966
f 1741 1966 1742
f 1742 1966 1967
f 1742 1967 1743
f 1743 1967 1968
f 1743 1968 1744
f 1744 1968 1969
f 1744 1969 1745
f 1745 1969 1970
f 1745 1970 1746
f 1746 1970 1971
f 1746 1971 1747
f 1747 1971 1972
f 1747 1972 1748
f 1748 1972 1973
f 1748 1973 1749
f 1749 1973 1974
f 1749 1974 1750
f 1750 1974 1975
f 1750 1975 1751
f 1751 1975 1976
f 1751 1976 1752
f 1752 1976 1977
f 1752 1977 1753
f 1753 1977 1978
f 1753 1978 1754
f 1754 1978 1979
f 1754 1979 1755
f 1755 1979 1980
f 1755 1980 1756
f 1756 1980 1981
f 1756 1981 1757
f 1757 1981 1982
f 1757 1982 1758
f 1758 1982 1983
f 1758 1983 1759
f 1759 1983 1984
f 1759 1984 1760
f 1760 1984 1985
f 1760 1985 1761
f 1761 1985 1986
f 1761 1986 1762
f 1762 1986 1987
f 1762 1987 1763
f 1763 1987 1988
f 1763 1988 1764
f 1764 1988 1989
f 1764 1989 1765
f 1765 1989 1990
f 1765 1990 1766
f 1766 1990 1991
f 1766 1991 1767
f 1767 1991 1992
f 1767 1992 1768
f 1768 1992 1993
f 1768 1993 1769
f 1769 1993 1994
f 1769 1994 1770
f 1770 1994 1995
f 1770 1995 1771
f 1771 1995 1996
f 1771 1996 1772
f 1772 1996 1997
f 1772 1997 1773
f 1773 1997 1998
f 1773 1998 1774
f 1774 1998 1999
f 1774 1999 1775
f 1775 1999 2000
f 1775 2000 1776
f 1776 2000 2001
f 1776 2001 1777
f 1777 2001 2002
f 1777 2002 1778
f 1778 2002 2003
f 1778 2003 1779
f 1779 2003 2004
f 1779 2004 1780
f 1780 2004 2005
f 1780 2005 1781
f 1781 2005 2006
f 1781 2006 1782
f 1782 2006 2007
f 1782 2007 1783
f 1783 2007 2008
f 1783 2008 1784
f 1784 2008 2009
f 1784 2009 1785
f 1785 2009 2010
f 1785 2010 1786
f 1786 2010 2011
f 1786 2011 1787
f 1787 2011 2012
f 1787 2012 1788
f 1788 2012 2013
f 1788 2013 1789
f 1789 2013 2014
f 1789 2014 1790
f 1790 2014 2015
f 1790 2015 1791
f 1791 2015 2016
f 1791 2016 1792
f 1792 2016 1793
f 1792 1793 1569
f 1793 2017 2018
f 1793 2018 1794
f 1794 2018 2019
f 1794 2019 1795
f 1795 2019 2020
f 1795 2020 1796
f 1796 2020 2021
f 1796 2021 1797
f 1797 2021 2022
f 1797 2022 1798
f 1798 2022 2023
f 1798 2023 1799
f 1799 2023 2024
f 1799 2024 1800
f 1800 2024 2025
f 1800 2025 1801
f 1801 2025 2026
f 1801 2026 1802
f 1802 2026 2027
f 1802 2027 1803
f 1803 2027 2028
f 1803 2028 1804
f 1804 2028 2029
f 1804 2029 1805
f 1805 2029 2030
f 1805 2030 1806
f 1806 2030 2031
f 1806 2031 1807
f 1807 2031 2032
f 1807 2032 1808
f 1808 2032 2033
f 1808 2033 1809
f 1809 2033 2034
f 1809 2034 1810
f 1810 2034 2035
f 1810 2035 1811
f 1811 2035 2036
f 1811 2036 1812
f 1812 2036 2037
f 1812 2037 1813
f 1813 2037 2038
f 1813 2038 1814
f 1814 2038 2039
f 1814 2039 1815
f 1815 2039 2040
f 1815 2040 1816
f 1816 2040 2041
f 1816 2041 1817
f 1817 2041 2042
f 1817 2042 1818
f 1818 2042 2043
f 1818 2043 1819
f 1819 2043 2044
f 1819 2044 1820
f 1820 2044 2045
f 1820 2045 1821
f 1821 2045 2046
f 1821 2046 1822
f 1822 2046 2047
f 1822 2047 1823
f 1823 2047 2048
f 1823 2048 1824
f 1824 2048 2049
f 1824 2049 1825
f 1825 2049 2050
f 1825 2050 1826
f 1826 2050 2051
f 1826 2051 1827
f 1827 2051 2052
f 1827 2052 1828
f 1828 2052 2053
f 1828 2053 1829
f 1829 2053 2054
f 1829 2054 1830
f 1830 2054 2055
f 1830 2055 1831
f 1831 2055 2056
f 1831 2056 1832
f 1832 2056 2057
f 1832 2057 1833
f 1833 2057 2058
f 1833 2058 1834
f 1834 2058 2059
f 1834 2059 1835
f 1835 2059 2060
f 1835 2060 1836
f 1836 2060 2061
f 1836 2061 1837
f 1837 2061 2062
f 1837 2062 1838
f 1838 2062 2063
f 1838 2063 1839
f 1839 2063 2064
f 1839 2064 1840
f 1840 2064 2065
f 1840 2065 1841
f 1841 2065 2066
f 1841 2066 1842
f 1842 2066 2067
f 1842 2067 1843
f 1843 2067 2068
f 1843 2068 1844
f 1844 2068 2069
f 1844 2069 1845
f 1845 2069 2070
f 1845 2070 1846
f 1846 2070 2071
f 1846 2071 1847
f 1847 2071 2072
f 1847 2072 1848
f 1848 2072 2073
f 1848 2073 1849
f 1849 2073 2074
f 1849 2074 1850
f 1850 2074 2075
f 1850 2075 1851
f 1851 2075 2076
f 1851 2076 1852
f 1852 2076 2077
f 1852 2077 1853
f 1853 2077 2078
f 1853 2078 1854
f 1854 2078 2079
f 1854 2079 1855
f 1855 2079 2080
f 1855 2080 1856
f 1856 2080 2081
f 1856 2081 1857
f 1857 2081 2082
f 1857 2082 1858
f 1858 2082 2083
f 1858 2083 1859
f 1859 2083 2084
f 1859 2084 1860
f 1860 2084 2085
f 1860 2085 1861
f 1861 2085 2086
f 1861 2086 1862
f 1862 2086 2087
f 1862 2087 1863
f 1863 2087 2088
f 1863 2088 1864
f 1864 2088 2089
f 1864 2089 1865
f 1865 2089 2090
f 1865 2090 1866
f 1866 2090 2091
f 1866 2091 1867
f 1867 2091 2092
f 1867 2092 1868
f 1868 2092 2093
f 1868 2093 1869
f 1869 2093 2094
f 1869 2094 1870
f 1870 2094 2095
f 1870 2095 1871
f 1871 2095 2096
f 1871 2096 1872
f 1872 2096 2097
f 1872 2097 1873
f 1873 2097 2098
f 1873 2098 1874
f 1874 2098 2099
f 1874 2099 1875
f 1875 2099 2100
f 1875 2100 1876
f 1876 2100 2101
f 1876 2101 1877
f 1877 2101 2102
f 1877 2102 1878
f 1878 2102 2103
f 1878 2103 1879
f 1879 2103 2104
f 1879 2104 1880
f 1880 2104 2105
f 1880 2105 1881
f 1881 2105 2106
f 1881 2106 1882
f 1882 2106 2107
f 1882 2107 1883
f 1883 2107 2108
f 1883 2108 1884
f 1884 2108 2109
f 1884 2109 1885
f 1885 2109 2110
f 1885 2110 1886
f 1886 2110 2111
f 1886 2111 1887
f 1887 2111 2112
f 1887 2112 1888
f 1888 2112 2113
f 1888 2113 1889
f 1889 2113 2114
f 1889 2114 1890
f 1890 2114 2115
f 1890 2115 1891
f 1891 2115 2116
f 1891 2116 1892
f 1892 2116 2117
f 1892 2117 1893
f 1893 2117 2118
f 1893 2118 1894
f 1894 2118 2119
f 1894 2119 1895
f 1895 2119 2120
f 1895 2120 1896
f 1896 2120 2121
f 1896 2121 1897
f 1897 2121 2122
f 1897 2122 1898
f 1898 2122 2123
f 1898 2123 1899
f 1899 2123 2124
f 1899 2124 1900
f 1900 2124 2125
f 1900 2125 1901
f 1901 2125 2126
f 1901 2126 1902
f 1902 2126 2127
f 1902 2127 1903
f 1903 2127 2128
f 1903 2128 1904
f 1904 2128 2129
f 1904 2129 1905
f 1905 2129 2130
f 1905 2130 1906
f 1906 2130 2131
f 1906 2131 1907
f 1907 2131 2132
f 1907 2132 1908
f 1908 2132 2133
f 1908 2133 1909
f 1909 2133 2134
f 1909 2134 1910
f 1910 2134 2135
f 1910 2135 1911
f 1911 2135 2136
f 1911 2136 1912
f 1912 2136 2137
f 1912 2137 1913
f 1913 2137 2138
f 1913 2138 1914
f 1914 2138 2139
f 1914 2139 1915
f 1915 2139 2140
f 1915 2140 1916
f 1916 2140 2141
f 1916 2141 1917
f 1917 2141 2142
f 1917 2142 1918
f 1918 2142 2143
f 1918 2143 1919
f 1919 2143 2144
f 1919 2144 1920
f 1920 2144 2145
f 1920 2145 1921
f 1921 2145 2146
f 1921 2146 1922
f 1922 2146 2147
f 1922 2147 1923
f 1923 2147 2148
f 1923 2148 1924
f 1924 2148 2149
f 1924 2149 1925
f 1925 2149 2150
f 1925 2150 1926
f 1926 2150 2151
f 1926 2151 1927
f 1927 2151 2152
f 1927 2152 1928
f 1928 2152 2153
f 1928 2153 1929
f 1929 2153 2154
f 1929 2154 1930
f 1930 2154 2155
f 1930 2155 1931
f 1931 2155 2156
f 1931 2156 1932
f 1932 2156 2157
f 1932 2157 1933
f 1933 2157 2158
f 1933 2158 1934
f 1934 2158 2159
f 1934 2159 1935
f 1935 2159 2160
f 1935 2160 1936
f 1936 2160 2161
f 1936 2161 1937
f 1937 2161 2162
f 1937 2162 1938
f 1938 2162 2163
f 1938 2163 1939
f 1939 2163 2164
f 1939 2164 1940
f 1940 2164 2165
f 1940 2165 1941
f 1941 2165 2166
f 1941 2166 1942
f 1942 2166 2167
f 1942 2167 1943
f 1943 2167 2168
f 1943 2168 1944
f 1944 2168 2169
f 1944 2169 1945
f 1945 2169 2170
f 1945 2170 1946
f 1946 2170 2171
f 1946 2171 1947
f 1947 2171 2172
f 1947 2172 1948
f 1948 2172 2173
f 1948 2173 1949
f 1949 2173 2174
f 1949 2174 1950
f 1950 2174 2175
f 1950 2175 1951
f 1951 2175 2176
f 1951 2176 1952
f 1952 2176 2177
f 1952 2177 1953
f 1953 2177 2178
f 1953 2178 1954
f 1954 2178 2179
f 1954 2179 1955
f 1955 2179 2180
f 1955 2180 1956
f 1956 2180 2181
f 1956 2181 1957
f 1957 2181 2182
f 1957 2182 1958
f 1958 2182 2183
f 1958 2183 1959
f 1959 2183 2184
f 1959 2184 1960
f 1960 2184 2185
f 1960 2185 1961
f 1961 2185 2186
f 1961 2186 1962
f 1962 2186 2187
f 1962 2187 1963
f 1963 2187 2188
f 1963 2188 1964
f 1964 2188 2189
f 1964 2189 1965
f 1965 2189 2190
f 1965 2190 1966
f 1966 2190 2191
f 1966 2191 1967
f 1967 2191 2192
f 1967 2192 1968
f 1968 2192 2193
f 1968 2193 1969
f 1969 2193 2194
f 1969 2194 1970
f 1970 2194 2195
f 1970 2195 1971
f 1971 2195 2196
f 1971 2196 1972
f 1972 2196 2197
f 1972 2197 1973
f 1973 2197 2198
f 1973 2198 1974
f 1974 2198 2199
f 1974 2199 1975
f 1975 2199 2200
f 1975 2200 1976
f 1976 2200 2201
f 1976 2201 1977
f 1977 2201 2202
f 1977 2202 1978
f 1978 2202 2203
f 1978 2203 1979
f 1979 2203 2204
f 1979 2204 1980
f 1980 2204 2205
f 1980 2205 1981
f 1981 2205 2206
f 1981 2206 1982
f 1982 2206 2207
f 1982 2207 1983
f 1983 2207 2208
f 1983 2208 1984
f 1984 2208 2209
f 1984 2209 1985
f 1985 2209 2210
f 1985 2210 1986
f 1986 2210 2211
f 1986 2211 1987
f 1987 2211 2212
f 1987 2212 1988
f 1988 2212 2213
f 1988 2213 1989
f 1989 2213 2214
f 1989 2214 1990
f 1990 2214 2215
f 1990 2215 1991
f 1991 2215 2216
f 1991 2216 1992
f 1992 2216 2217
f 1992 2217 1993
f 1993 2217 2218
f 1993 2218 1994
f 1994 2218 2219
f 1994 2219 1995
f 1995 2219 2220
f 1995 2220 1996
f 1996 2220 2221
f 1996 2221 1997
f 1997 2221 2222
f 1997 2222 1998
f 1998 2222 2223
f 1998 2223 1999
f 1999 2223 2224
f 1999 2224 2000
f 2000 2224 2225
f 2000 2225 2001
f 2001 2225 2226
f 2001 2226 2002
f 2002 2226 2227
f 2002 2227 2003
f 2003 2227 2228
f 2003 2228 2004
f 2004 2228 2229
f 2004 2229 2005
f 2005 2229 2230
f 2005 2230 2006
f 2006 2230 2231
f 2006 2231 2007
f 2007 2231 2232
f 2007 2232 2008
f 2008 2232 2233
f 2008 2233 2009
f 2009 2233 2234
f 2009 2234 2010
f 2010 2234 2235
f 2010 2235 2011
f 2011 2235 2236
f 2011 2236 2012
f 2012 2236 2237
f 2012 2237 2013
f 2013 2237 2238
f 2013 2238 2014
f 2014 2238 2239
f 2014 2239 2015
f 2015 2239 2240
f 2015 2240 2016
f 2016 2240 2017
f 2016 2017 1793
f 2017 2241 2242
f 2017 2242 2018
f 2018 2242 2243
f 2018 2243 2019
f 2019 2243 2244
f 2019 2244 2020
f 2020 2244 2245
f 2020 2245 2021
f 2021 2245 2246
f 2021 2246 2022
f 2022 2246 2247
f 2022 2247 2023
f 2023 2247 2248
f 2023 2248 2024
f 2024 2248 2249
f 2024 2249 2025
f 2025 2249 2250
f 2025 2250 2026
f 2026 2250 2251
f 2026 2251 2027
f 2027 2251 2252
f 2027 2252 2028
f 2028 2252 2253
f 2028 2253 2029
f 2029 2253 2254
f 2029 2254 2030
f 2030 2254 2255
f 2030 2255 2031
f 2031 2255 2256
f 2031 2256 2032
f 2032 2256 2257
f 2032 2257 2033
f 2033 2257 2258
f 2033 2258 2034
f 2034 2258 2259
f 2034 2259 2035
f 2035 2259 2260
f 2035 2260 2036
f 2036 2260 2261
f 2036 2261 2037
f 2037 2261 2262
f 2037 2262 2038
f 2038 2262 2263
f 2038 2263 2039
f 2039 2263 2264
f 2039 2264 2040
f 2040 2264 2265
f 2040 2265 2041
f 2041 2265 2266
f 2041 2266 2042
f 2042 2266 2267
f 2042 2267 2043
f 2043 2267 2268
f 2043 2268 2044
f 2044 2268 2269
f 2044 2269 2045
f 2045 2269 2270
f 2045 2270 2046
f 2046 2270 2271
f 2046 2271 2047
f 2047 2271 2272
f 2047 2272 2048
f 2048 2272 2273
f 2048 2273 2049
f 2049 2273 2274
f 2049 2274 2050
f 2050 2274 2275
f 2050 2275 2051
f 2051 2275 2276
f 2051 2276 2052
f 2052 2276 2277
f 2052 2277 2053
f 2053 2277 2278
f 2053 2278 2054
f 2054 2278 2279
f 2054 2279 2055
f 2055 2279 2280
f 2055 2280 2056
f 2056 2280 2281
f 2056 2281 2057
f 2057 2281 2282
f 2057 2282 2058
f 2058 2282 2283
f 2058 2283 2059
f 2059 2283 2284
f 2059 2284 2060
f 2060 2284 2285
f 2060 2285 2061
f 2061 2285 2286
f 2061 2286 2062
f 2062 2286 2287
f 2062 2287 2063
f 2063 2287 2288
f 2063 2288 2064
f 2064 2288 2289
f 2064 2289 2065
f 2065 2289 2290
f 2065 2290 2066
f 2066 2290 2291
f 2066 2291 2067
f 2067 2291 2292
f 2067 2292 2068
f 2068 2292 2293
f 2068 2293 2069
f 2069 2293 2294
f 2069 2294 2070
f 2070 2294 2295
f 2070 2295 2071
f 2071 2295 2296
f 2071 2296 2072
f 2072 2296 2297
f 2072 2297 2073
f 2073 2297 2298
f 2073 2298 2074
f 2074 2298 2299
f 2074 2299 2075
f 2075 2299 2300
f 2075 2300 2076
f 2076 2300 2301
f 2076 2301 2077
f 2077 2301 2302
f 2077 2302 2078
f 2078 2302 2303
f 2078 2303 2079
f 2079 2303 2304
f 2079 2304 2080
f 2080 2304 2305
f 2080 2305 2081
f 2081 2305 2306
f 2081 2306 2082
f 2082 2306 2307
f 2082 2307 2083
f 2083 2307 2308
f 2083 2308 2084
f 2084 2308 2309
f 2084 2309 2085
f 2085 2309 2310
f 2085 2310 2086
f 2086 2310 2311
f 2086 2311 2087
f 2087 2311 2312
f 2087 2312 2088
f 2088 2312 2313
f 2088 2313 2089
f 2089 2313 2314
f 2089 2314 2090
f 2090 2314 2315
f 2090 2315 2091
f 2091 2315 2316
f 2091 2316 2092
f 2092 2316 2317
f 2092 2317 2093
f 2093 2317 2318
f 2093 2318 2094
f 2094 2318 2319
f 2094 2319 2095
f 2095 2319 2320
f 2095 2320 2096
f 2096 2320 2321
f 2096 2321 2097
f 2097 2321 2322
f 2097 2322 2098
f 2098 2322 2323
f 2098 2323 2099
f 2099 2323 2324
f 2099 2324 2100
f 2100 2324 2325
f 2100 2325 2101
f 2101 2325 2326
f 2101 2326 2102
f 2102 2326 2327
f 2102 2327 2103
f 2103 2327 2328
f 2103 2328 2104
f 2104 2328 2329
f 2104 2329 2105
f 2105 2329 2330
f 2105 2330 2106
f 2106 2330 2331
f 2106 2331 2107
f 2107 2331 2332
f 2107 2332 2108
f 2108 2332 2333
f 2108 2333 2109
f 2109 2333 2334
f 2109 2334 2110
f 2110 2334 2335
f 2110 2335 2111
f 2111 2335 2336
f 2111 2336 2112
f 2112 2336 2337
f 2112 2337 2113
f 2113 2337 2338
f 2113 2338 2114
f 2114 2338 2339
f 2114 2339 2115
f 2115 2339 2340
f 2115 2340 2116
f 2116 2340 2341
f 2116 2341 2117
f 2117 2341 2342
f 2117 2342 2118
f 2118 2342 2343
f 2118 2343 2119
f 2119 2343 2344
f 2119 2344 2120
f 2120 2344 2345
f 2120 2345 2121
f 2121 2345 2346
f 2121 2346 2122
f 2122 2346 2347
f 2122 2347 2123
f 2123 2347 2348
f 2123 2348 2124
f 2124 2348 2349
f 2124 2349 2125
f 2125 2349 2350
f 2125 2350 2126
f 2126 2350 2351
f 2126 2351 2127
f 2127 2351 2352
f 2127 2352 2128
f 2128 2352 2353
f 2128 2353 2129
f 2129 2353 2354
f 2129 2354 2130
f 2130 2354 2355
f 2130 2355 2131
f 2131 2355 2356
f 2131 2356 2132
f 2132 2356 2357
f 2132 2357 2133
f 2133 2357 2358
f 2133 2358 2134
f 2134 2358 2359
f 2134 2359 2135
f 2135 2359 2360
f 2135 2360 2136
f 2136 2360 2361
f 2136 2361 2137
f 2137 2361 2362
f 2137 2362 2138
f 2138 2362 2363
f 2138 2363 2139
f 2139 2363 2364
f 2139 2364 2140
f 2140 2364 2365
f 2140 2365 2141
f 2141 2365 2366
f 2141 2366 2142
f 2142 2366 2367
f 2142 2367 2143
f 2143 2367 2368
f 2143 2368 2144
f 2144 2368 2369
f 2144 2369 2145
f 2145 2369 2370
f 2145 2370 2146
f 2146 2370 2371
f 2146 2371 2147
f 2147 2371 2372
f 2147 2372 2148
f 2148 2372 2373
f 2148 2373 2149
f 2149 2373 2374
f 2149 2374 2150
f 2150 2374 2375
f 2150 2375 2151
f 2151 2375 2376
f 2151 2376 2152
f 2152 2376 2377
f 2152 2377 2153
f 2153 2377 2378
f 2153 2378 2154
f 2154 2378 2379
f 2154 2379 2155
f 2155 2379 2380
f 2155 2380 2156
f 2156 2380 2381
f 2156 2381 2157
f 2157 2381 2382
f 2157 2382 2158
f 2158 2382 2383
f 2158 2383 2159
f 2159 2383 2384
f 2159 2384 2160
f 2160 2384 2385
f 2160 2385 2161
f 2161 2385 2386
f 2161 2386 2162
f 2162 2386 2387
f 2162 2387 2163
f 2163 2387 2388
f 2163 2388 2164
f 2164 2388 2389
f 2164 2389 2165
f 2165 2389 2390
f 2165 2390 2166
f 2166 2390 2391
f 2166 2391 2167
f 2167 2391 2392
f 2167 2392 2168
f 2168 2392 2393
f 2168 2393 2169
f 2169 2393 2394
f 2169 2394 2170
f 2170 2394 2395
f 2170 2395 2171
f 2171 2395 2396
f 2171 2396 2172
f 2172 2396 2397
f 2172 2397 2173
f 2173 2397 2398
f 2173 2398 2174
f 2174 2398 2399
f 2174 2399 2175
f 2175 2399 2400
f 2175 2400 2176
f 2176 2400 2401
f 2176 2401 2177
f 2177 2401 2402
f 2177 2402 2178
f 2178 2402 2403
f 2178 2403 2179
f 2179 2403 2404
f 2179 2404 2180
f 2180 2404 2405
f 2180 2405 2181
f 2181 2405 2406
f 2181 2406 2182
f 2182 2406 2407
f 2182 2407 2183
f 2183 2407 2408
f 2183 2408 2184
f 2184 2408 2409
f 2184 2409 2185
f 2185 2409 2410
f 2185 2410 2186
f 2186 2410 2411
f 2186 2411 2187
f 2187 2411 2412
f 2187 2412 2188
f 2188 2412 2413
f 2188 2413 2189
f 2189 2413 2414
f 2189 2414 2190
f 2190 2414 2415
f 2190 2415 2191
f 2191 2415 2416
f 2191 2416 2192
f 2192 2416 2417
f 2192 2417 2193
f 2193 2417 2418
f 2193 2418 2194
f 2194 2418 2419
f 2194 2419 2195
f 2195 2419 2420
f 2195 2420 2196
f 2196 2420 2421
f 2196 2421 2197
f 2197 2421 2422
f 2197 2422 2198
f 2198 2422 2423
f 2198 2423 2199
f 2199 2423 2424
f 2199 2424 2200
f 2200 2424 2425
f 2200 2425 2201
f 2201 2425 2426
f 2201 2426 2202
f 2202 2426 2427
f 2202 2427 2203
f 2203 2427 2428
f 2203 2428 2204
f 2204 2428 2429
f 2204 2429 2205
f 2205 2429 2430
f 2205 2430 2206
f 2206 2430 2431
f 2206 2431 2207
f 2207 2431 2432
f 2207 2432 2208
f 2208 2432 2433
f 2208 2433 2209
f 2209 2433 2434
f 2209 2434 2210
f 2210 2434 2435
f 2210 2435 2211
f 2211 2435 2436
f 2211 2436 2212
f 2212 2436 2437
f 2212 2437 2213
f 2213 2437 2438
f 2213 2438 2214
f 2214 2438 2439
f 2214 2439 2215
f 2215 2439 2440
f 2215 2440 2216
f 2216 2440 2441
f 2216 2441 2217
f 2217 2441 2442
f 2217 2442 2218
f 2218 2442 2443
f 2218 2443 2219
f 2219 2443 2444
f 2219 2444 2220
f 2220 2444 2445
f 2220 2445 2221
f 2221 2445 2446
f 2221 2446 2222
f 2222 2446 2447
f 2222 2447 2223
f 2223 2447 2448
f 2223 2448 2224
f 2224 2448 2449
f 2224 2449 2225
f 2225 2449 2450
f 2225 2450 2226
f 2226 2450 2451
f 2226 2451 2227
f 2227 2451 2452
f 2227 2452 2228
f 2228 2452 2453
f 2228 2453 2229
f 2229 2453 2454
f 2229 2454 2230
f 2230 2454 2455
f 2230 2455 2231
f 2231 2455 2456
f 2231 2456 2232
f 2232 2456 2457
f 2232 2457 2233
f 2233 2457 2458
f 2233 2458 2234
f 2234 2458 2459
f 2234 2459 2235
f 2235 2459 2460
f 2235 2460 2236
f 2236 2460 2461
f 2236 2461 2237
f 2237 2461 2462
f 2237 2462 2238
f 2238 2462 2463
f 2238 2463 2239
f 2239 2463 2464
f 2239 2464 2240
f 2240 2464 2241
f 2240 2241 2017
f 2241 2465 2466
f 2241 2466 2242
f 2242 2466 2467
f 2242 2467 2243
f 2243 2467 2468
f 2243 2468 2244
f 2244 2468 2469
f 2244 2469 2245
f 2245 2469 2470
f 2245 2470 2246
f 2246 2470 2471
f 2246 2471 2247
f 2247 2471 2472
f 2247 2472 2248
f 2248 2472 2473
f 2248 2473 2249
f 2249 2473 2474
f 2249 2474 2250
f 2250 2474 2475
f 2250 2475 2251
f 2251 2475 2476
f 2251 2476 2252
f 2252 2476 2477
f 2252 2477 2253
f 2253 2477 2478
f 2253 2478 2254
f 2254 2478 2479
f 2254 2479 2255
f 2255 2479 2480
f 2255 2480 2256
f 2256 2480 2481
f 2256 2481 2257
f 2257 2481 2482
f 2257 2482 2258
f 2258 2482 2483
f 2258 2483 2259
f 2259 2483 2484
f 2259 2484 2260
f 2260 2484 2485
f 2260 2485 2261
f 2261 2485 2486
f 2261 2486 2262
f 2262 2486 2487
f 2262 2487 2263
f 2263 2487 2488
f 2263 2488 2264
f 2264 2488 2489
f 2264 2489 2265
f 2265 2489 2490
f 2265 2490 2266
f 2266 2490 2491
f 2266 2491 2267
f 2267 2491 2492
f 2267 2492 2268
f 2268 2492 2493
f 2268 2493 2269
f 2269 2493 2494
f 2269 2494 2270
f 2270 2494 2495
f 2270 2495 2271
f 2271 2495 2496
f 2271 2496 2272
f 2272 2496 2497
f 2272 2497 2273
f 2273 2497 2498
f 2273 2498 2274
f 2274 2498 2499
f 2274 2499 2275
f 2275 2499 2500
f 2275 2500 2276
f 2276 2500 2501
f 2276 2501 2277
f 2277 2501 2502
f 2277 2502 2278
f 2278 2502 2503
f 2278 2503 2279
f 2279 2503 2504
f 2279 2504 2280
f 2280 2504 2505
f 2280 2505 2281
f 2281 2505 2506
f 2281 2506 2282
f 2282 2506 2507
f 2282 2507 2283
f 2283 2507 2508
f 2283 2508 2284
f 2284 2508 2509
f 2284 2509 2285
f 2285 2509 2510
f 2285 2510 2286
f 2286 2510 2511
f 2286 2511 2287
f 2287 2511 2512
f 2287 2512 2288
f 2288 2512 2513
f 2288 2513 2289
f 2289 2513 2514
f 2289 2514 2290
f 2290 2514 2515
f 2290 2515 2291
f 2291 2515 2516
f 2291 2516 2292
f 2292 2516 2517
f 2292 2517 2293
f 2293 2517 2518
f 2293 2518 2294
f 2294 2518 2519
f 2294 2519 2295
f 2295 2519 2520
f 2295 2520 2296
f 2296 2520 2521
f 2296 2521 2297
f 2297 2521 2522
f 2297 2522 2298
f 2298 2522 2523
f 2298 2523 2299
f 2299 2523 2524
f 2299 2524 2300
f 2300 2524 2525
f 2300 2525 2301
f 2301 2525 2526
f 2301 2526 2302
f 2302 2526 2527
f 2302 2527 2303
f 2303 2527 2528
f 2303 2528 2304
f 2304 2528 2529
f 2304 2529 2305
f 2305 2529 2530
f 2305 2530 2306
f 2306 2530 2531
f 2306 2531 2307
f 2307 2531 2532
f 2307 2532 2308
f 2308 2532 2533
f 2308 2533 2309
f 2309 2533 2534
f 2309 2534 2310
f 2310 2534 2535
f 2310 2535 2311
f 2311 2535 2536
f 2311 2536 2312
f 2312 2536 2537
f 2312 2537 2313
f 2313 2537 2538
f 2313 2538 2314
f 2314 2538 2539
f 2314 2539 2315
f 2315 2539 2540
f 2315 2540 2316
f 2316 2540 2541
f 2316 2541 2317
f 2317 2541 2542
f 2317 2542 2318
f 2318 2542 2543
f 2318 2543 2319
f 2319 2543 2544
f 2319 2544 2320
f 2320 2544 2545
f 2320 2545 2321
f 2321 2545 2546
f 2321 2546 2322
f 2322 2546 2547
f 2322 2547 2323
f 2323 2547 2548
f 2323 2548 2324
f 2324 2548 2549
f 2324 2549 2325
f 2325 2549 2550
f 2325 2550 2326
f 2326 2550 2551
f 2326 2551 2327
f 2327 2551 2552
f 2327 2552 2328
f 2328 2552 2553
f 2328 2553 2329
f 2329 2553 2554
f 2329 2554 2330
f 2330 2554 2555
f 2330 2555 2331
f 2331 2555 2556
f 2331 2556 2332
f 2332 2556 2557
f 2332 2557 2333
f 2333 2557 2558
f 2333 2558 2334
f 2334 2558 2559
f 2334 2559 2335
f 2335 2559 2560
f 2335 2560 2336
f 2336 2560 2561
f 2336 2561 2337
f 2337 2561 2562
f 2337 2562 2338
f 2338 2562 2563
f 2338 2563 2339
f 2339 2563 2564
f 2339 2564 2340
f 2340 2564 2565
f 2340 2565 2341
f 2341 2565 2566
f 2341 2566 2342
f 2342 2566 2567
f 2342 2567 2343
f 2343 2567 2568
f 2343 2568 2344
f 2344 2568 2569
f 2344 2569 2345
f 2345 2569 2570
f 2345 2570 2346
f 2346 2570 2571
f 2346 2571 2347
f 2347 2571 2572
f 2347 2572 2348
f 2348 2572 2573
f 2348 2573 2349
f 2349 2573 2574
f 2349 2574 2350
f 2350 2574 2575
f 2350 2575 2351
f 2351 2575 2576
f 2351 2576 2352
f 2352 2576 2577
f 2352 2577 2353
f 2353 2577 2578
f 2353 2578 2354
f 2354 2578 2579
f 2354 2579 2355
f 2355 2579 2580
f 2355 2580 2356
f 2356 2580 2581
f 2356 2581 2357
f 2357 2581 2582
f 2357 2582 2358
f 2358 2582 2583
f 2358 2583 2359
f 2359 2583 2584
f 2359 2584 2360
f 2360 2584 2585
f 2360 2585 2361
f 2361 2585 2586
f 2361 2586 2362
f 2362 2586 2587
f 2362 2587 2363
f 2363 2587 2588
f 2363 2588 2364
f 2364 2588 2589
f 2364 2589 2365
f 2365 2589 2590
f 2365 2590 2366
f 2366 2590 2591
f 2366 2591 2367
f 2367 2591 2592
f 2367 2592 2368
f 2368 2592 2593
f 2368 2593 2369
f 2369 2593 2594
f 2369 2594 2370
f 2370 2594 2595
f 2370 2595 2371
f 2371 2595 2596
f 2371 2596 2372
f 2372 2596 2597
f 2372 2597 2373
f 2373 2597 2598
f 2373 2598 2374
f 2374 2598 2599
f 2374 2599 2375
f 2375 2599 2600
f 2375 2600 2376
f 2376 2600 2601
f 2376 2601 2377
f 2377 2601 2602
f 2377 2602 2378
f 2378 2602 2603
f 2378 2603 2379
f 2379 2603 2604
f 2379 2604 2380
f 2380 2604 2605
f 2380 2605 2381
f 2381 2605 2606
f 2381 2606 2382
f 2382 2606 2607
f 2382 2607 2383
f 2383 2607 2608
f 2383 2608 2384
f 2384 2608 2609
f 2384 2609 2385
f 2385 2609 2610
f 2385 2610 2386
f 2386 2610 2611
f 2386 2611 2387
f 2387 2611 2612
f 2387 2612 2388
f 2388 2612 2613
f 2388 2613 2389
f 2389 2613 2614
f 2389 2614 2390
f 2390 2614 2615
f 2390 2615 2391
f 2391 2615 2616
f 2391 2616 2392
f 2392 2616 2617
f 2392 2617 2393
f 2393 2617 2618
f 2393 2618 2394
f 2394 2618 2619
f 2394 2619 2395
f 2395 2619 2620
f 2395 2620 2396
f 2396 2620 2621
f 2396 2621 2397
f 2397 2621 2622
f 2397 2622 2398
f 2398 2622 2623
f 2398 2623 2399
f 2399 2623 2624
f 2399 2624 2400
f 2400 2624 2625
f 2400 2625 2401
f 2401 2625 2626
f 2401 2626 2402
f 2402 2626 2627
f 2402 2627 2403
f 2403 2627 2628
f 2403 2628 2404
f 2404 2628 2629
f 2404 2629 2405
f 2405 2629 2630
f 2405 2630 2406
f 2406 2630 2631
f 2406 2631 2407
f 2407 2631 2632
f 2407 2632 2408
f 2408 2632 2633
f 2408 2633 2409
f 2409 2633 2634
f 2409 2634 2410
f 2410 2634 2635
f 2410 2635 2411
f 2411 2635 2636
f 2411 2636 2412
f 2412 2636 2637
f 2412 2637 2413
f 2413 2637 2638
f 2413 2638 2414
f 2414 2638 2639
f 2414 2639 2415
f 2415 2639 2640
f 2415 2640 2416
f 2416 2640 2641
f 2416 2641 2417
f 2417 2641 2642
f 2417 2642 2418
f 2418 2642 2643
f 2418 2643 2419
f 2419 2643 2644
f 2419 2644 2420
f 2420 2644 2645
f 2420 2645 2421
f 2421 2645 2646
f 2421 2646 2422
f 2422 2646 2647
f 2422 2647 2423
f 2423 2647 2648
f 2423 2648 2424
f 2424 2648 2649
f 2424 2649 2425
f 2425 2649 2650
f 2425 2650 2426
f 2426 2650 2651
f 2426 2651 2427
f 2427 2651 2652
f 2427 2652 2428
f 2428 2652 2653
f 2428 2653 2429
f 2429 2653 2654
f 2429 2654 2430
f 2430 2654 2655
f 2430 2655 2431
f 2431 2655 2656
f 2431 2656 2432
f 2432 2656 2657
f 2432 2657 2433
f 2433 2657 2658
f 2433 2658 2434
f 2434 2658 2659
f 2434 2659 2435
f 2435 2659 2660
f 2435 2660 2436
f 2436 2660 2661
f 2436 2661 2437
f 2437 2661 2662
f 2437 2662 2438
f 2438 2662 2663
f 2438 2663 2439
f 2439 2663 2664
f 2439 2664 2440
f 2440 2664 2665
f 2440 2665 2441
f 2441 2665 2666
f 2441 2666 2442
f 2442 2666 2667
f 2442 2667 2443
f 2443 2667 2668
f 2443 2668 2444
f 2444 2668 2669
f 2444 2669 2445
f 2445 2669 2670
f 2445 2670 2446
f 2446 2670 2671
f 2446 2671 2447
f 2447 2671 2672
f 2447 2672 2448
f 2448 2672 2673
f 2448 2673 2449
f 2449 2673 2674
f 2449 2674 2450
f 2450 2674 2675
f 2450 2675 2451
f 2451 2675 2676
f 2451 2676 2452
f 2452 2676 2677
f 2452 2677 2453
f 2453 2677 2678
f 2453 2678 2454
f 2454 2678 2679
f 2454 2679 2455
f 2455 2679 2680
f 2455 2680 2456
f 2456 2680 2681
f 2456 2681 2457
f 2457 2681 2682
f 2457 2682 2458
f 2458 2682 2683
f 2458 2683 2459
f 2459 2683 2684
f 2459 2684 2460
f 2460 2684 2685
f 2460 2685 2461
f 2461 2685 2686
f 2461 2686 2462
f 2462 2686 2687
f 2462 2687 2463
f 2463 2687 2688
f 2463 2688 2464
f 2464 2688 2465
f 2464 2465 2241
f 2465 2689 2690
f 2465 2690 2466
f 2466 2690 2691
f 2466 2691 2467
f 2467 2691 2692
f 2467 2692 2468
f 2468 2692 2693
f 2468 2693 2469
f 2469 2693 2694
f 2469 2694 2470
f 2470 2694 2695
f 2470 2695 2471
f 2471 2695 2696
f 2471 2696 2472
f 2472 2696 2697
f 2472 2697 2473
f 2473 2697 2698
f 2473 2698 2474
f 2474 2698 2699
f 2474 2699 2475
f 2475 2699 2700
f 2475 2700 2476
f 2476 2700 2701
f 2476 2701 2477
f 2477 2701 2702
f 2477 2702 2478
f 2478 2702 2703
f 2478 2703 2479
f 2479 2703 2704
f 2479 2704 2480
f 2480 2704 2705
f 2480 2705 2481
f 2481 2705 2706
f 2481 2706 2482
f 2482 2706 2707
f 2482 2707 2483
f 2483 2707 2708
f 2483 2708 2484
f 2484 2708 2709
f 2484 2709 2485
f 2485 2709 2710
f 2485 2710 2486
f 2486 2710 2711
f 2486 2711 2487
f 2487 2711 2712
f 2487 2712 2488
f 2488 2712 2713
f 2488 2713 2489
f 2489 2713 2714
f 2489 2714 2490
f 2490 2714 2715
f 2490 2715 2491
f 2491 2715 2716
f 2491 2716 2492
f 2492 2716 2717
f 2492 2717 2493
f 2493 2717 2718
f 2493 2718 2494
f 2494 2718 2719
f 2494 2719 2495
f 2495 2719 2720
f 2495 2720 2496
f 2496 2720 2721
f 2496 2721 2497
f 2497 2721 2722
f 2497 2722 2498
f 2498 2722 2723
f 2498 2723 2499
f 2499 2723 2724
f 2499 2724 2500
f 2500 2724 2725
f 2500 2725 2501
f 2501 2725 2726
f 2501 2726 2502
f 2502 2726 2727
f 2502 2727 2503
f 2503 2727 2728
f 2503 2728 2504
f 2504 2728 2729
f 2504 2729 2505
f 2505 2729 2730
f 2505 2730 2506
f 2506 2730 2731
f 2506 2731 2507
f 2507 2731 2732
f 2507 2732 2508
f 2508 2732 2733
f 2508 2733 2509
f 2509 2733 2734
f 2509 2734 2510
f 2510 2734 2735
f 2510 2735 2511
f 2511 2735 2736
f 2511 2736 2512
f 2512 2736 2737
f 2512 2737 2513
f 2513 2737 2738
f 2513 2738 2514
f 2514 2738 2739
f 2514 2739 2515
f 2515 2739 2740
f 2515 2740 2516
f 2516 2740 2741
f 2516 2741 2517
f 2517 2741 2742
f 2517 2742 2518
f 2518 2742 2743
f 2518 2743 2519
f 2519 2743 2744
f 2519 2744 2520
f 2520 2744 2745
f 2520 2745 2521
f 2521 2745 2746
f 2521 2746 2522
f 2522 2746 2747
f 2522 2747 2523
f 2523 2747 2748
f 2523 2748 2524
f 2524 2748 2749
f 2524 2749 2525
f 2525 2749 2750
f 2525 2750 2526
f 2526 2750 2751
f 2526 2751 2527
f 2527 2751 2752
f 2527 2752 2528
f 2528 2752 2753
f 2528 2753 2529
f 2529 2753 2754
f 2529 2754 2530
f 2530 2754 2755
f 2530 2755 2531
f 2531 2755 2756
f 2531 2756 2532
f 2532 2756 2757
f 2532 2757 2533
f 2533 2757 2758
f 2533 2758 2534
f 2534 2758 2759
f 2534 2759 2535
f 2535 2759 2760
f 2535 2760 2536
f 2536 2760 2761
f 2536 2761 2537
f 2537 2761 2762
f 2537 2762 2538
f 2538 2762 2763
f 2538 2763 2539
f 2539 2763 2764
f 2539 2764 2540
f 2540 2764 2765
f 2540 2765 2541
f 2541 2765 2766
f 2541 2766 2542
f 2542 2766 2767
f 2542 2767 2543
f 2543 2767 2768
f 2543 2768 2544
f 2544 2768 2769
f 2544 2769 2545
f 2545 2769 2770
f 2545 2770 2546
f 2546 2770 2771
f 2546 2771 2547
f 2547 2771 2772
f 2547 2772 2548
f 2548 2772 2773
f 2548 2773 2549
f 2549 2773 2774
f 2549 2774 2550
f 2550 2774 2775
f 2550 2775 2551
f 2551 2775 2776
f 2551 2776 2552
f 2552 2776 2777
f 2552 2777 2553
f 2553 2777 2778
f 2553 2778 2554
f 2554 2778 2779
f 2554 2779 2555
f 2555 2779 2780
f 2555 2780 2556
f 2556 2780 2781
f 2556 2781 2557
f 2557 2781 2782
f 2557 2782 2558
f 2558 2782 2783
f 2558 2783 2559
f 2559 2783 2784
f 2559 2784 2560
f 2560 2784 2785
f 2560 2785 2561
f 2561 2785 2786
f 2561 2786 2562
f 2562 2786 2787
f 2562 2787 2563
f 2563 2787 2788
f 2563 2788 2564
f 2564 2788 2789
f 2564 2789 2565
f 2565 2789 2790
f 2565 2790 2566
f 2566 2790 2791
f 2566 2791 2567
f 2567 2791 2792
f 2567 2792 2568
f 2568 2792 2793
f 2568 2793 2569
f 2569 2793 2794
f 2569 2794 2570
f 2570 2794 2795
f 2570 2795 2571
f 2571 2795 2796
f 2571 2796 2572
f 2572 2796 2797
f 2572 2797 2573
f 2573 2797 2798
f 2573 2798 2574
f 2574 2798 2799
f 2574 2799 2575
f 2575 2799 2800
f 2575 2800 2576
f 2576 2800 2801
f 2576 2801 2577
f 2577 2801 2802
f 2577 2802 2578
f 2578 2802 2803
f 2578 2803 2579
f 2579 2803 2804
f 2579 2804 2580
f 2580 2804 2805
f 2580 2805 2581
f 2581 2805 2806
f 2581 2806 2582
f 2582 2806 2807
f 2582 2807 2583
f 2583 2807 2808
f 2583 2808 2584
f 2584 2808 2809
f 2584 2809 2585
f 2585 2809 2810
f 2585 2810 2586
f 2586 2810 2811
f 2586 2811 2587
f 2587 2811 2812
f 2587 2812 2588
f 2588 2812 2813
f 2588 2813 2589
f 2589 2813 2814
f 2589 2814 2590
f 2590 2814 2815
f 2590 2815 2591
f 2591 2815 2816
f 2591 2816 2592
f 2592 2816 2817
f 2592 2817 2593
f 2593 2817 2818
f 2593 2818 2594
f 2594 2818 2819
f 2594 2819 2595
f 2595 2819 2820
f 2595 2820 2596
f 2596 2820 2821
f 2596 2821 2597
f 2597 2821 2822
f 2597 2822 2598
f 2598 2822 2823
f 2598 2823 2599
f 2599 2823 2824
f 2599 2824 2600
f 2600 2824 2825
f 2600 2825 2601
f 2601 2825 2826
f 2601 2826 2602
f 2602 2826 2827
f 2602 2827 2603
f 2603 2827 2828
f 2603 2828 2604
f 2604 2828 2829
f 2604 2829 2605
f 2605 2829 2830
f 2605 2830 2606
f 2606 2830 2831
f 2606 2831 2607
f 2607 2831 2832
f 2607 2832 2608
f 2608 2832 2833
f 2608 2833 2609
f 2609 2833 2834
f 2609 2834 2610
f 2610 2834 2835
f 2610 2835 2611
f 2611 2835 2836
f 2611 2836 2612
f 2612 2836 2837
f 2612 2837 2613
f 2613 2837 2838
f 2613 2838 2614
f 2614 2838 2839
f 2614 2839 2615
f 2615 2839 2840
f 2615 2840 2616
f 2616 2840 2841
f 2616 2841 2617
f 2617 2841 2842
f 2617 2842 2618
f 2618 2842 2843
f 2618 2843 2619
f 2619 2843 2844
f 2619 2844 2620
f 2620 2844 2845
f 2620 2845 2621
f 2621 2845 2846
f 2621 2846 2622
f 2622 2846 2847
f 2622 2847 2623
f 2623 2847 2848
f 2623 2848 2624
f 2624 2848 2849
f 2624 2849 2625
f 2625 2849 2850
f 2625 2850 2626
f 2626 2850 2851
f 2626 2851 2627
f 2627 2851 2852
f 2627 2852 2628
f 2628 2852 2853
f 2628 2853 2629
f 2629 2853 2854
f 2629 2854 2630
f 2630 2854 2855
f 2630 2855 2631
f 2631 2855 2856
f 2631 2856 2632
f 2632 2856 2857
f 2632 2857 2633
f 2633 2857 2858
f 2633 2858 2634
f 2634 2858 2859
f 2634 2859 2635
f 2635 2859 2860
f 2635 2860 2636
f 2636 2860 2861
f 2636 2861 2637
f 2637 2861 2862
f 2637 2862 2638
f 2638 2862 2863
f 2638 2863 2639
f 2639 2863 2864
f 2639 2864 2640
f 2640 2864 2865
f 2640 2865 2641
f 2641 2865 2866
f 2641 2866 2642
f 2642 2866 2867
f 2642 2867 2643
f 2643 2867 2868
f 2643 2868 2644
f 2644 2868 2869
f 2644 2869 2645
f 2645 2869 2870
f 2645 2870 2646
f 2646 2870 2871
f 2646 2871 2647
f 2647 2871 2872
f 2647 2872 2648
f 2648 2872 2873
f 2648 2873 2649
f 2649 2873 2874
f 2649 2874 2650
f 2650 2874 2875
f 2650 2875 2651
f 2651 2875 2876
f 2651 2876 2652
f 2652 2876 2877
f 2652 2877 2653
f 2653 2877 2878
f 2653 2878 2654
f 2654 2878 2879
f 2654 2879 2655
f 2655 2879 2880
f 2655 2880 2656
f 2656 2880 2881
f 2656 2881 2657
f 2657 2881 2882
f 2657 2882 2658
f 2658 2882 2883
f 2658 2883 2659
f 2659 2883 2884
f 2659 2884 2660
f 2660 2884 2885
f 2660 2885 2661
f 2661 2885 2886
f 2661 2886 2662
f 2662 2886 2887
f 2662 2887 2663
f 2663 2887 2888
f 2663 2888 2664
f 2664 2888 2889
f 2664 2889 2665
f 2665 2889 2890
f 2665 2890 2666
f 2666 2890 2891
f 2666 2891 2667
f 2667 2891 2892
f 2667 2892 2668
f 2668 2892 2893
f 2668 2893 2669
f 2669 2893 2894
f 2669 2894 2670
f 2670 2894 2895
f 2670 2895 2671
f 2671 2895 2896
f 2671 2896 2672
f 2672 2896 2897
f 2672 2897 2673
f 2673 2897 2898
f 2673 2898 2674
f 2674 2898 2899
f 2674 2899 2675
f 2675 2899 2900
f 2675 2900 2676
f 2676 2900 2901
f 2676 2901 2677
f 2677 2901 2902
f 2677 2902 2678
f 2678 2902 2903
f 2678 2903 2679
f 2679 2903 2904
f 2679 2904 2680
f 2680 2904 2905
f 2680 2905 2681
f 2681 2905 2906
f 2681 2906 2682
f 2682 2906 2907
f 2682 2907 2683
f 2683 2907 2908
f 2683 2908 2684
f 2684 2908 2909
f 2684 2909 2685
f 2685 2909 2910
f 2685 2910 2686
f 2686 2910 2911
f 2686 2911 2687
f 2687 2911 2912
f 2687 2912 2688
f 2688 2912 2689
f 2688 2689 2465
f 2689 2913 2914
f 2689 2914 2690
f 2690 2914 2915
f 2690 2915 2691
f 2691 2915 2916
f 2691 2916 2692
f 2692 2916 2917
f 2692 2917 2693
f 2693 2917 2918
f 2693 2918 2694
f 2694 2918 2919
f 2694 2919 2695
f 2695 2919 2920
f 2695 2920 2696
f 2696 2920 2921
f 2696 2921 2697
f 2697 2921 2922
f 2697 2922 2698
f 2698 2922 2923
f 2698 2923 2699
f 2699 2923 2924
f 2699 2924 2700
f 2700 2924 2925
f 2700 2925 2701
f 2701 2925 2926
f 2701 2926 2702
f 2702 2926 2927
f 2702 2927 2703
f 2703 2927 2928
f 2703 2928 2704
f 2704 2928 2929
f 2704 2929 2705
f 2705 2929 2930
f 2705 2930 2706
f 2706 2930 2931
f 2706 2931 2707
f 2707 2931 2932
f 2707 2932 2708
f 2708 2932 2933
f 2708 2933 2709
f 2709 2933 2934
f 2709 2934 2710
f 2710 2934 2935
f 2710 2935 2711
f 2711 2935 2936
f 2711 2936 2712
f 2712 2936 2937
f 2712 2937 2713
f 2713 2937 2938
f 2713 2938 2714
f 2714 2938 2939
f 2714 2939 2715
f 2715 2939 2940
f 2715 2940 2716
f 2716 2940 2941
f 2716 2941 2717
f 2717 2941 2942
f 2717 2942 2718
f 2718 2942 2943
f 2718 2943 2719
f 2719 2943 2944
f 2719 2944 2720
f 2720 2944 2945
f 2720 2945 2721
f 2721 2945 2946
f 2721 2946 2722
f 2722 2946 2947
f 2722 2947 2723
f 2723 2947 2948
f 2723 2948 2724
f 2724 2948 2949
f 2724 2949 2725
f 2725 2949 2950
f 2725 2950 2726
f 2726 2950 2951
f 2726 2951 2727
f 2727 2951 2952
f 2727 2952 2728
f 2728 2952 2953
f 2728 2953 2729
f 2729 2953 2954
f 2729 2954 2730
f 2730 2954 2955
f 2730 2955 2731
f 2731 2955 2956
f 2731 2956 2732
f 2732 2956 2957
f 2732 2957 2733
f 2733 2957 2958
f 2733 2958 2734
f 2734 2958 2959
f 2734 2959 2735
f 2735 2959 2960
f 2735 2960 2736
f 2736 2960 2961
f 2736 2961 2737
f 2737 2961 2962
f 2737 2962 2738
f 2738 2962 2963
f 2738 2963 2739
f 2739 2963 2964
f 2739 2964 2740
f 2740 2964 2965
f 2740 2965 2741
f 2741 2965 2966
f 2741 2966 2742
f 2742 2966 2967
f 2742 2967 2743
f 2743 2967 2968
f 2743 2968 2744
f 2744 2968 2969
f 2744 2969 2745
f 2745 2969 2970
f 2745 2970 2746
f 2746 2970 2971
f 2746 2971 2747
f 2747 2971 2972
f 2747 2972 2748
f 2748 2972 2973
f 2748 2973 2749
f 2749 2973 2974
f 2749 2974 2750
f 2750 2974 2975
f 2750 2975 2751
f 2751 2975 2976
f 2751 2976 2752
f 2752 2976 2977
f 2752 2977 2753
f 2753 2977 2978
f 2753 2978 2754
f 2754 2978 2979
f 2754 2979 2755
f 2755 2979 2980
f 2755 2980 2756
f 2756 2980 2981
f 2756 2981 2757
f 2757 2981 2982
f 2757 2982 2758
f 2758 2982 2983
f 2758 2983 2759
f 2759 2983 2984
f 2759 2984 2760
f 2760 2984 2985
f 2760 2985 2761
f 2761 2985 2986
f 2761 2986 2762
f 2762 2986 2987
f 2762 2987 2763
f 2763 2987 2988
f 2763 2988 2764
f 2764 2988 2989
f 2764 2989 2765
f 2765 2989 2990
f 2765 2990 2766
f 2766 2990 2991
f 2766 2991 2767
f 2767 2991 2992
f 2767 2992 2768
f 2768 2992 2993
f 2768 2993 2769
f 2769 2993 2994
f 2769 2994 2770
f 2770 2994 2995
f 2770 2995 2771
f 2771 2995 2996
f 2771 2996 2772
f 2772 2996 2997
f 2772 2997 2773
f 2773 2997 2998
f 2773 2998 2774
f 2774 2998 2999
f 2774 2999 2775
f 2775 2999 3000
f 2775 3000 2776
f 2776 3000 3001
f 2776 3001 2777
f 2777 3001 3002
f 2777 3002 2778
f 2778 3002 3003
f 2778 3003 2779
f 2779 3003 3004
f 2779 3004 2780
f 2780 3004 3005
f 2780 3005 2781
f 2781 3005 3006
f 2781 3006 2782
f 2782 3006 3007
f 2782 3007 2783
f 2783 3007 3008
f 2783 3008 2784
f 2784 3008 3009
f 2784 3009 2785
f 2785 3009 3010
f 2785 3010 2786
f 2786 3010 3011
f 2786 3011 2787
f 2787 3011 3012
f 2787 3012 2788
f 2788 3012 3013
f 2788 3013 2789
f 2789 3013 3014
f 2789 3014 2790
f 2790 3014 3015
f 2790 3015 2791
f 2791 3015 3016
f 2791 3016 2792
f 2792 3016 3017
f 2792 3017 2793
f 2793 3017 3018
f 2793 3018 2794
f 2794 3018 3019
f 2794 3019 2795
f 2795 3019 3020
f 2795 3020 2796
f 2796 3020 3021
f 2796 3021 2797
f 2797 3021 3022
f 2797 3022 2798
f 2798 3022 3023
f 2798 3023 2799
f 2799 3023 3024
f 2799 3024 2800
f 2800 3024 3025
f 2800 3025 2801
f 2801 3025 3026
f 2801 3026 2802
f 2802 3026 3027
f 2802 3027 2803
f 2803 3027 3028
f 2803 3028 2804
f 2804 3028 3029
f 2804 3029 2805
f 2805 3029 3030
f 2805 3030 2806
f 2806 3030 3031
f 2806 3031 2807
f 2807 3031 3032
f 2807 3032 2808
f 2808 3032 3033
f 2808 3033 2809
f 2809 3033 3034
f 2809 3034 2810
f 2810 3034 3035
f 2810 3035 2811
f 2811 3035 3036
f 2811 3036 2812
f 2812 3036 3037
f 2812 3037 2813
f 2813 3037 3038
f 2813 3038 2814
f 2814 3038 3039
f 2814 3039 2815
f 2815 3039 3040
f 2815 3040 2816
f 2816 3040 3041
f 2816 3041 2817
f 2817 3041 3042
f 2817 3042 2818
f 2818 3042 3043
f 2818 3043 2819
f 2819 3043 3044
f 2819 3044 2820
f 2820 3044 3045
f 2820 3045 2821
f 2821 3045 3046
f 2821 3046 2822
f 2822 3046 3047
f 2822 3047 2823
f 2823 3047 3048
f 2823 3048 2824
f 2824 3048 3049
f 2824 3049 2825
f 2825 3049 3050
f 2825 3050 2826
f 2826 3050 3051
f 2826 3051 2827
f 2827 3051 3052
f 2827 3052 2828
f 2828 3052 3053
f 2828 3053 2829
f 2829 3053 3054
f 2829 3054 2830
f 2830 3054 3055
f 2830 3055 2831
f 2831 3055 3056
f 2831 3056 2832
f 2832 3056 3057
f 2832 3057 2833
f 2833 3057 3058
f 2833 3058 2834
f 2834 3058 3059
f 2834 3059 2835
f 2835 3059 3060
f 2835 3060 2836
f 2836 3060 3061
f 2836 3061 2837
f 2837 3061 3062
f 2837 3062 2838
f 2838 3062 3063
f 2838 3063 2839
f 2839 3063 3064
f 2839 3064 2840
f 2840 3064 3065
f 2840 3065 2841
f 2841 3065 3066
f 2841 3066 2842
f 2842 3066 3067
f 2842 3067 2843
f 2843 3067 3068
f 2843 3068 2844
f 2844 3068 3069
f 2844 3069 2845
f 2845 3069 3070
f 2845 3070 2846
f 2846 3070 3071
f 2846 3071 2847
f 2847 3071 3072
f 2847 3072 2848
f 2848 3072 3073
f 2848 3073 2849
f 2849 3073 3074
f 2849 3074 2850
f 2850 3074 3075
f 2850 3075 2851
f 2851 3075 3076
f 2851 3076 2852
f 2852 3076 3077
f 2852 3077 2853
f 2853 3077 3078
f 2853 3078 2854
f 2854 3078 3079
f 2854 3079 2855
f 2855 3079 3080
f 2855 3080 2856
f 2856 3080 3081
f 2856 3081 2857
f 2857 3081 3082
f 2857 3082 2858
f 2858 3082 3083
f 2858 3083 2859
f 2859 3083 3084
f 2859 3084 2860
f 2860 3084 3085
f 2860 3085 2861
f 2861 3085 3086
f 2861 3086 2862
f 2862 3086 3087
f 2862 3087 2863
f 2863 3087 3088
f 2863 3088 2864
f 2864 3088 3089
f 2864 3089 2865
f 2865 3089 3090
f 2865 3090 2866
f 2866 3090 3091
f 2866 3091 2867
f 2867 3091 3092
f 2867 3092 2868
f 2868 3092 3093
f 2868 3093 2869
f 2869 3093 3094
f 2869 3094 2870
f 2870 3094 3095
f 2870 3095 2871
f 2871 3095 3096
f 2871 3096 2872
f 2872 3096 3097
f 2872 3097 2873
f 2873 3097 3098
f 2873 3098 2874
f 2874 3098 3099
f 2874 3099 2875
f 2875 3099 3100
f 2875 3100 2876
f 2876 3100 3101
f 2876 3101 2877
f 2877 3101 3102
f 2877 3102 2878
f 2878 3102 3103
f 2878 3103 2879
f 2879 3103 3104
f 2879 3104 2880
f 2880 3104 3105
f 2880 3105 2881
f 2881 3105 3106
f 2881 3106 2882
f 2882 3106 3107
f 2882 3107 2883
f 2883 3107 3108
f 2883 3108 2884
f 2884 3108 3109
f 2884 3109 2885
f 2885 3109 3110
f 2885 3110 2886
f 2886 3110 3111
f 2886 3111 2887
f 2887 3111 3112
f 2887 3112 2888
f 2888 3112 3113
f 2888 3113 2889
f 2889 3113 3114
f 2889 3114 2890
f 2890 3114 3115
f 2890 3115 2891
f 2891 3115 3116
f 2891 3116 2892
f 2892 3116 3117
f 2892 3117 2893
f 2893 3117 3118
f 2893 3118 2894
f 2894 3118 3119
f 2894 3119 2895
f 2895 3119 3120
f 2895 3120 2896
f 2896 3120 3121
f 2896 3121 2897
f 2897 3121 3122
f 2897 3122 2898
f 2898 3122 3123
f 2898 3123 2899
f 2899 3123 3124
f 2899 3124 2900
f 2900 3124 3125
f 2900 3125 2901
f 2901 3125 3126
f 2901 3126 2902
f 2902 3126 3127
f 2902 3127 2903
f 2903 3127 3128
f 2903 3128 2904
f 2904 3128 3129
f 2904 3129 2905
f 2905 3129 3130
f 2905 3130 2906
f 2906 3130 3131
f 2906 3131 2907
f 2907 3131 3132
f 2907 3132 2908
f 2908 3132 3133
f 2908 3133 2909
f 2909 3133 3134
f 2909 3134 2910
f 2910 3134 3135
f 2910 3135 2911
f 2911 3135 3136
f 2911 3136 2912
f 2912 3136 2913
f 2912 2913 2689
f 2913 3137 3138
f 2913 3138 2914
f 2914 3138 3139
f 2914 3139 2915
f 2915 3139 3140
f 2915 3140 2916
f 2916 3140 3141
f 2916 3141 2917
f 2917 3141 3142
f 2917 3142 2918
f 2918 3142 3143
f 2918 3143 2919
f 2919 3143 3144
f 2919 3144 2920
f 2920 3144 3145
f 2920 3145 2921
f 2921 3145 3146
f 2921 3146 2922
f 2922 3146 3147
f 2922 3147 2923
f 2923 3147 3148
f 2923 3148 2924
f 2924 3148 3149
f 2924 3149 2925
f 2925 3149 3150
f 2925 3150 2926
f 2926 3150 3151
f 2926 3151 2927
f 2927 3151 3152
f 2927 3152 2928
f 2928 3152 3153
f 2928 3153 2929
f 2929 3153 3154
f 2929 3154 2930
f 2930 3154 3155
f 2930 3155 2931
f 2931 3155 3156
f 2931 3156 2932
f 2932 3156 3157
f 2932 3157 2933
f 2933 3157 3158
f 2933 3158 2934
f 2934 3158 3159
f 2934 3159 2935
f 2935 3159 3160
f 2935 3160 2936
f 2936 3160 3161
f 2936 3161 2937
f 2937 3161 3162
f 2937 3162 2938
f 2938 3162 3163
f 2938 3163 2939
f 2939 3163 3164
f 2939 3164 2940
f 2940 3164 3165
f 2940 3165 2941
f 2941 3165 3166
f 2941 3166 2942
f 2942 3166 3167
f 2942 3167 2943
f 2943 3167 3168
f 2943 3168 2944
f 2944 3168 3169
f 2944 3169 2945
f 2945 3169 3170
f 2945 3170 2946
f 2946 3170 3171
f 2946 3171 2947
f 2947 3171 3172
f 2947 3172 2948
f 2948 3172 3173
f 2948 3173 2949
f 2949 3173 3174
f 2949 3174 2950
f 2950 3174 3175
f 2950 3175 2951
f 2951 3175 3176
f 2951 3176 2952
f 2952 3176 3177
f 2952 3177 2953
f 2953 3177 3178
f 2953 3178 2954
f 2954 3178 3179
f 2954 3179 2955
f 2955 3179 3180
f 2955 3180 2956
f 2956 3180 3181
f 2956 3181 2957
f 2957 3181 3182
f 2957 3182 2958
f 2958 3182 3183
f 2958 3183 2959
f 2959 3183 3184
f 2959 3184 2960
f 2960 3184 3185
f 2960 3185 2961
f 2961 3185 3186
f 2961 3186 2962
f 2962 3186 3187
f 2962 3187 2963
f 2963 3187 3188
f 2963 3188 2964
f 2964 3188 3189
f 2964 3189 2965
f 2965 3189 3190
f 2965 3190 2966
f 2966 3190 3191
f 2966 3191 2967
f 2967 3191 3192
f 2967 3192 2968
f 2968 3192 3193
f 2968 3193 2969
f 2969 3193 3194
f 2969 3194 2970
f 2970 3194 3195
f 2970 3195 2971
f 2971 3195 3196
f 2971 3196 2972
f 2972 3196 3197
f 2972 3197 2973
f 2973 3197 3198
f 2973 3198 2974
f 2974 3198 3199
f 2974 3199 2975
f 2975 3199 3200
f 2975 3200 2976
f 2976 3200 3201
f 2976 3201 2977
f 2977 3201 3202
f 2977 3202 2978
f 2978 3202 3203
f 2978 3203 2979
f 2979 3203 3204
f 2979 3204 2980
f 2980 3204 3205
f 2980 3205 2981
f 2981 3205 3206
f 2981 3206 2982
f 2982 3206 3207
f 2982 3207 2983
f 2983 3207 3208
f 2983 3208 2984
f 2984 3208 3209
f 2984 3209 2985
f 2985 3209 3210
f 2985 3210 2986
f 2986 3210 3211
f 2986 3211 2987
f 2987 3211 3212
f 2987 3212 2988
f 2988 3212 3213
f 2988 3213 2989
f 2989 3213 3214
f 2989 3214 2990
f 2990 3214 3215
f 2990 3215 2991
f 2991 3215 3216
f 2991 3216 2992
f 2992 3216 3217
f 2992 3217 2993
f 2993 3217 3218
f 2993 3218 2994
f 2994 3218 3219
f 2994 3219 2995
f 2995 3219 3220
f 2995 3220 2996
f 2996 3220 3221
f 2996 3221 2997
f 2997 3221 3222
f 2997 3222 2998
f 2998 3222 3223
f 2998 3223 2999
f 2999 3223 3224
f 2999 3224 3000
f 3000 3224 3225
f 3000 3225 3001
f 3001 3225 3226
f 3001 3226 3002
f 3002 3226 3227
f 3002 3227 3003
f 3003 3227 3228
f 3003 3228 3004
f 3004 3228 3229
f 3004 3229 3005
f 3005 3229 3230
f 3005 3230 3006
f 3006 3230 3231
f 3006 3231 3007
f 3007 3231 3232
f 3007 3232 3008
f 3008 3232 3233
f 3008 3233 3009
f 3009 3233 3234
f 3009 3234 3010
f 3010 3234 3235
f 3010 3235 3011
f 3011 3235 3236
f 3011 3236 3012
f 3012 3236 3237
f 3012 3237 3013
f 3013 3237 3238
f 3013 3238 3014
f 3014 3238 3239
f 3014 3239 3015
f 3015 3239 3240
f 3015 3240 3016
f 3016 3240 3241
f 3016 3241 3017
f 3017 3241 3242
f 3017 3242 3018
f 3018 3242 3243
f 3018 3243 3019
f 3019 3243 3244
f 3019 3244 3020
f 3020 3244 3245
f 3020 3245 3021
f 3021 3245 3246
f 3021 3246 3022
f 3022 3246 3247
f 3022 3247 3023
f 3023 3247 3248
f 3023 3248 3024
f 3024 3248 3249
f 3024 3249 3025
f 3025 3249 3250
f 3025 3250 3026
f 3026 3250 3251
f 3026 3251 3027
f 3027 3251 3252
f 3027 3252 3028
f 3028 3252 3253
f 3028 3253 3029
f 3029 3253 3254
f 3029 3254 3030
f 3030 3254 3255
f 3030 3255 3031
f 3031 3255 3256
f 3031 3256 3032
f 3032 3256 3257
f 3032 3257 3033
f 3033 3257 3258
f 3033 3258 3034
f 3034 3258 3259
f 3034 3259 3035
f 3035 3259 3260
f 3035 3260 3036
f 3036 3260 3261
f 3036 3261 3037
f 3037 3261 3262
f 3037 3262 3038
f 3038 3262 3263
f 3038 3263 3039
f 3039 3263 3264
f 3039 3264 3040
f 3040 3264 3265
f 3040 3265 3041
f 3041 3265 3266
f 3041 3266 3042
f 3042 3266 3267
f 3042 3267 3043
f 3043 3267 3268
f 3043 3268 3044
f 3044 3268 3269
f 3044 3269 3045
f 3045 3269 3270
f 3045 3270 3046
f 3046 3270 3271
f 3046 3271 3047
f 3047 3271 3272
f 3047 3272 3048
f 3048 3272 3273
f 3048 3273 3049
f 3049 3273 3274
f 3049 3274 3050
f 3050 3274 3275
f 3050 3275 3051
f 3051 3275 3276
f 3051 3276 3052
f 3052 3276 3277
f 3052 3277 3053
f 3053 3277 3278
f 3053 3278 3054
f 3054 3278 3279
f 3054 3279 3055
f 3055 3279 3280
f 3055 3280 3056
f 3056 3280 3281
f 3056 3281 3057
f 3057 3281 3282
f 3057 3282 3058
f 3058 3282 3283
f 3058 3283 3059
f 3059 3283 3284
f 3059 3284 3060
f 3060 3284 3285
f 3060 3285 3061
f 3061 3285 3286
f 3061 3286 3062
f 3062 3286 3287
f 3062 3287 3063
f 3063 3287 3288
f 3063 3288 3064
f 3064 3288 3289
f 3064 3289 3065
f 3065 3289 3290
f 3065 3290 3066
f 3066 3290 3291
f 3066 3291 3067
f 3067 3291 3292
f 3067 3292 3068
f 3068 3292 3293
f 3068 3293 3069
f 3069 3293 3294
f 3069 3294 3070
f 3070 3294 3295
f 3070 3295 3071
f 3071 3295 3296
f 3071 3296 3072
f 3072 3296 3297
f 3072 3297 3073
f 3073 3297 3298
f 3073 3298 3074
f 3074 3298 3299
f 3074 3299 3075
f 3075 3299 3300
f 3075 3300 3076
f 3076 3300 3301
f 3076 3301 3077
f 3077 3301 3302
f 3077 3302 3078
f 3078 3302 3303
f 3078 3303 3079
f 3079 3303 3304
f 3079 3304 3080
f 3080 3304 3305
f 3080 3305 3081
f 3081 3305 3306
f 3081 3306 3082
f 3082 3306 3307
f 3082 3307 3083
f 3083 3307 3308
f 3083 3308 3084
f 3084 3308 3309
f 3084 3309 3085
f 3085 3309 3310
f 3085 3310 3086
f 3086 3310 3311
f 3086 3311 3087
f 3087 3311 3312
f 3087 3312 3088
f 3088 3312 3313
f 3088 3313 3089
f 3089 3313 3314
f 3089 3314 3090
f 3090 3314 3315
f 3090 3315 3091
f 3091 3315 3316
f 3091 3316 3092
f 3092 3316 3317
f 3092 3317 3093
f 3093 3317 3318
f 3093 3318 3094
f 3094 3318 3319
f 3094 3319 3095
f 3095 3319 3320
f 3095 3320 3096
f 3096 3320 3321
f 3096 3321 3097
f 3097 3321 3322
f 3097 3322 3098
f 3098 3322 3323
f 3098 3323 3099
f 3099 3323 3324
f 3099 3324 3100
f 3100 3324 3325
f 3100 3325 3101
f 3101 3325 3326
f 3101 3326 3102
f 3102 3326 3327
f 3102 3327 3103
f 3103 3327 3328
f 3103 3328 3104
f 3104 3328 3329
f 3104 3329 3105
f 3105 3329 3330
f 3105 3330 3106
f 3106 3330 3331
f 3106 3331 3107
f 3107 3331 3332
f 3107 3332 3108
f 3108 3332 3333
f 3108 3333 3109
f 3109 3333 3334
f 3109 3334 3110
f 3110 3334 3335
f 3110 3335 3111
f 3111 3335 3336
f 3111 3336 3112
f 3112 3336 3337
f 3112 3337 3113
f 3113 3337 3338
f 3113 3338 3114
f 3114 3338 3339
f 3114 3339 3115
f 3115 3339 3340
f 3115 3340 3116
f 3116 3340 3341
f 3116 3341 3117
f 3117 3341 3342
f 3117 3342 3118
f 3118 3342 3343
f 3118 3343 3119
f 3119 3343 3344
f 3119 3344 3120
f 3120 3344 3345
f 3120 3345 3121
f 3121 3345 3346
f 3121 3346 3122
f 3122 3346 3347
f 3122 3347 3123
f 3123 3347 3348
f 3123 3348 3124
f 3124 3348 3349
f 3124 3349 3125
f 3125 3349 3350
f 3125 3350 3126
f 3126 3350 3351
f 3126 3351 3127
f 3127 3351 3352
f 3127 3352 3128
f 3128 3352 3353
f 3128 3353 3129
f 3129 3353 3354
f 3129 3354 3130
f 3130 3354 3355
f 3130 3355 3131
f 3131 3355 3356
f 3131 3356 3132
f 3132 3356 3357
f 3132 3357 3133
f 3133 3357 3358
f 3133 3358 3134
f 3134 3358 3359
f 3134 3359 3135
f 3135 3359 3360
f 3135 3360 3136
f 3136 3360 3137
f 3136 3137 2913
f 3137 3361 3362
f 3137 3362 3138
f 3138 3362 3363
f 3138 3363 3139
f 3139 3363 3364
f 3139 3364 3140
f 3140 3364 3365
f 3140 3365 3141
f 3141 3365 3366
f 3141 3366 3142
f 3142 3366 3367
f 3142 3367 3143
f 3143 3367 3368
f 3143 3368 3144
f 3144 3368 3369
f 3144 3369 3145
f 3145 3369 3370
f 3145 3370 3146
f 3146 3370 3371
f 3146 3371 3147
f 3147 3371 3372
f 3147 3372 3148
f 3148 3372 3373
f 3148 3373 3149
f 3149 3373 3374
f 3149 3374 3150
f 3150 3374 3375
f 3150 3375 3151
f 3151 3375 3376
f 3151 3376 3152
f 3152 3376 3377
f 3152 3377 3153
f 3153 3377 3378
f 3153 3378 3154
f 3154 3378 3379
f 3154 3379 3155
f 3155 3379 3380
f 3155 3380 3156
f 3156 3380 3381
f 3156 3381 3157
f 3157 3381 3382
f 3157 3382 3158
f 3158 3382 3383
f 3158 3383 3159
f 3159 3383 3384
f 3159 3384 3160
f 3160 3384 3385
f 3160 3385 3161
f 3161 3385 3386
f 3161 3386 3162
f 3162 3386 3387
f 3162 3387 3163
f 3163 3387 3388
f 3163 3388 3164
f 3164 3388 3389
f 3164 3389 3165
f 3165 3389 3390
f 3165 3390 3166
f 3166 3390 3391
f 3166 3391 3167
f 3167 3391 3392
f 3167 3392 3168
f 3168 3392 3393
f 3168 3393 3169
f 3169 3393 3394
f 3169 3394 3170
f 3170 3394 3395
f 3170 3395 3171
f 3171 3395 3396
f 3171 3396 3172
f 3172 3396 3397
f 3172 3397 3173
f 3173 3397 3398
f 3173 3398 3174
f 3174 3398 3399
f 3174 3399 3175
f 3175 3399 3400
f 3175 3400 3176
f 3176 3400 3401
f 3176 3401 3177
f 3177 3401 3402
f 3177 3402 3178
f 3178 3402 3403
f 3178 3403 3179
f 3179 3403 3404
f 3179 3404 3180
f 3180 3404 3405
f 3180 3405 3181
f 3181 3405 3406
f 3181 3406 3182
f 3182 3406 3407
f 3182 3407 3183
f 3183 3407 3408
f 3183 3408 3184
f 3184 3408 3409
f 3184 3409 3185
f 3185 3409 3410
f 3185 3410 3186
f 3186 3410 3411
f 3186 3411 3187
f 3187 3411 3412
f 3187 3412 3188
f 3188 3412 3413
f 3188 3413 3189
f 3189 3413 3414
f 3189 3414 3190
f 3190 3414 3415
f 3190 3415 3191
f 3191 3415 3416
f 3191 3416 3192
f 3192 3416 3417
f 3192 3417 3193
f 3193 3417 3418
f 3193 3418 3194
f 3194 3418 3419
f 3194 3419 3195
f 3195 3419 3420
f 3195 3420 3196
f 3196 3420 3421
f 3196 3421 3197
f 3197 3421 3422
f 3197 3422 3198
f 3198 3422 3423
f 3198 3423 3199
f 3199 3423 3424
f 3199 3424 3200
f 3200 3424 3425
f 3200 3425 3201
f 3201 3425 3426
f 3201 3426 3202
f 3202 3426 3427
f 3202 3427 3203
f 3203 3427 3428
f 3203 3428 3204
f 3204 3428 3429
f 3204 3429 3205
f 3205 3429 3430
f 3205 3430 3206
f 3206 3430 3431
f 3206 3431 3207
f 3207 3431 3432
f 3207 3432 3208
f 3208 3432 3433
f 3208 3433 3209
f 3209 3433 3434
f 3209 3434 3210
f 3210 3434 3435
f 3210 3435 3211
f 3211 3435 3436
f 3211 3436 3212
f 3212 3436 3437
f 3212 3437 3213
f 3213 3437 3438
f 3213 3438 3214
f 3214 3438 3439
f 3214 3439 3215
f 3215 3439 3440
f 3215 3440 3216
f 3216 3440 3441
f 3216 3441 3217
f 3217 3441 3442
f 3217 3442 3218
f 3218 3442 3443
f 3218 3443 3219
f 3219 3443 3444
f 3219 3444 3220
f 3220 3444 3445
f 3220 3445 3221
f 3221 3445 3446
f 3221 3446 3222
f 3222 3446 3447
f 3222 3447 3223
f 3223 3447 3448
f 3223 3448 3224
f 3224 3448 3449
f 3224 3449 3225
f 3225 3449 3450
f 3225 3450 3226
f 3226 3450 3451
f 3226 3451 3227
f 3227 3451 3452
f 3227 3452 3228
f 3228 3452 3453
f 3228 3453 3229
f 3229 3453 3454
f 3229 3454 3230
f 3230 3454 3455
f 3230 3455 3231
f 3231 3455 3456
f 3231 3456 3232
f 3232 3456 3457
f 3232 3457 3233
f 3233 3457 3458
f 3233 3458 3234
f 3234 3458 3459
f 3234 3459 3235
f 3235 3459 3460
f 3235 3460 3236
f 3236 3460 3461
f 3236 3461 3237
f 3237 3461 3462
f 3237 3462 3238
f 3238 3462 3463
f 3238 3463 3239
f 3239 3463 3464
f 3239 3464 3240
f 3240 3464 3465
f 3240 3465 3241
f 3241 3465 3466
f 3241 3466 3242
f 3242 3466 3467
f 3242 3467 3243
f 3243 3467 3468
f 3243 3468 3244
f 3244 3468 3469
f 3244 3469 3245
f 3245 3469 3470
f 3245 3470 3246
f 3246 3470 3471
f 3246 3471 3247
f 3247 3471 3472
f 3247 3472 3248
f 3248 3472 3473
f 3248 3473 3249
f 3249 3473 3474
f 3249 3474 3250
f 3250 3474 3475
f 3250 3475 3251
f 3251 3475 3476
f 3251 3476 3252
f 3252 3476 3477
f 3252 3477 3253
f 3253 3477 3478
f 3253 3478 3254
f 3254 3478 3479
f 3254 3479 3255
f 3255 3479 3480
f 3255 3480 3256
f 3256 3480 3481
f 3256 3481 3257
f 3257 3481 3482
f 3257 3482 3258
f 3258 3482 3483
f 3258 3483 3259
f 3259 3483 3484
f 3259 3484 3260
f 3260 3484 3485
f 3260 3485 3261
f 3261 3485 3486
f 3261 3486 3262
f 3262 3486 3487
f 3262 3487 3263
f 3263 3487 3488
f 3263 3488 3264
f 3264 3488 3489
f 3264 3489 3265
f 3265 3489 3490
f 3265 3490 3266
f 3266 3490 3491
f 3266 3491 3267
f 3267 3491 3492
f 3267 3492 3268
f 3268 3492 3493
f 3268 3493 3269
f 3269 3493 3494
f 3269 3494 3270
f 3270 3494 3495
f 3270 3495 3271
f 3271 3495 3496
f 3271 3496 3272
f 3272 3496 3497
f 3272 3497 3273
f 3273 3497 3498
f 3273 3498 3274
f 3274 3498 3499
f 3274 3499 3275
f 3275 3499 3500
f 3275 3500 3276
f 3276 3500 3501
f 3276 3501 3277
f 3277 3501 3502
f 3277 3502 3278
f 3278 3502 3503
f 3278 3503 3279
f 3279 3503 3504
f 3279 3504 3280
f 3280 3504 3505
f 3280 3505 3281
f 3281 3505 3506
f 3281 3506 3282
f 3282 3506 3507
f 3282 3507 3283
f 3283 3507 3508
f 3283 3508 3284
f 3284 3508 3509
f 3284 3509 3285
f 3285 3509 3510
f 3285 3510 3286
f 3286 3510 3511
f 3286 3511 3287
f 3287 3511 3512
f 3287 3512 3288
f 3288 3512 3513
f 3288 3513 3289
f 3289 3513 3514
f 3289 3514 3290
f 3290 3514 3515
f 3290 3515 3291
f 3291 3515 3516
f 3291 3516 3292
f 3292 3516 3517
f 3292 3517 3293
f 3293 3517 3518
f 3293 3518 3294
f 3294 3518 3519
f 3294 3519 3295
f 3295 3519 3520
f 3295 3520 3296
f 3296 3520 3521
f 3296 3521 3297
f 3297 3521 3522
f 3297 3522 3298
f 3298 3522 3523
f 3298 3523 3299
f 3299 3523 3524
f 3299 3524 3300
f 3300 3524 3525
f 3300 3525 3301
f 3301 3525 3526
f 3301 3526 3302
f 3302 3526 3527
f 3302 3527 3303
f 3303 3527 3528
f 3303 3528 3304
f 3304 3528 3529
f 3304 3529 3305
f 3305 3529 3530
f 3305 3530 3306
f 3306 3530 3531
f 3306 3531 3307
f 3307 3531 3532
f 3307 3532 3308
f 3308 3532 3533
f 3308 3533 3309
f 3309 3533 3534
f 3309 3534 3310
f 3310 3534 3535
f 3310 3535 3311
f 3311 3535 3536
f 3311 3536 3312
f 3312 3536 3537
f 3312 3537 3313
f 3313 3537 3538
f 3313 3538 3314
f 3314 3538 3539
f 3314 3539 3315
f 3315 3539 3540
f 3315 3540 3316
f 3316 3540 3541
f 3316 3541 3317
f 3317 3541 3542
f 3317 3542 3318
f 3318 3542 3543
f 3318 3543 3319
f 3319 3543 3544
f 3319 3544 3320
f 3320 3544 3545
f 3320 3545 3321
f 3321 3545 3546
f 3321 3546 3322
f 3322 3546 3547
f 3322 3547 3323
f 3323 3547 3548
f 3323 3548 3324
f 3324 3548 3549
f 3324 3549 3325
f 3325 3549 3550
f 3325 3550 3326
f 3326 3550 3551
f 3326 3551 3327
f 3327 3551 3552
f 3327 3552 3328
f 3328 3552 3553
f 3328 3553 3329
f 3329 3553 3554
f 3329 3554 3330
f 3330 3554 3555
f 3330 3555 3331
f 3331 3555 3556
f 3331 3556 3332
f 3332 3556 3557
f 3332 3557 3333
f 3333 3557 3558
f 3333 3558 3334
f 3334 3558 3559
f 3334 3559 3335
f 3335 3559 3560
f 3335 3560 3336
f 3336 3560 3561
f 3336 3561 3337
f 3337 3561 3562
f 3337 3562 3338
f 3338 3562 3563
f 3338 3563 3339
f 3339 3563 3564
f 3339 3564 3340
f 3340 3564 3565
f 3340 3565 3341
f 3341 3565 3566
f 3341 3566 3342
f 3342 3566 3567
f 3342 3567 3343
f 3343 3567 3568
f 3343 3568 3344
f 3344 3568 3569
f 3344 3569 3345
f 3345 3569 3570
f 3345 3570 3346
f 3346 3570 3571
f 3346 3571 3347
f 3347 3571 3572
f 3347 3572 3348
f 3348 3572 3573
f 3348 3573 3349
f 3349 3573 3574
f 3349 3574 3350
f 3350 3574 3575
f 3350 3575 3351
f 3351 3575 3576
f 3351 3576 3352
f 3352 3576 3577
f 3352 3577 3353
f 3353 3577 3578
f 3353 3578 3354
f 3354 3578 3579
f 3354 3579 3355
f 3355 3579 3580
f 3355 3580 3356
f 3356 3580 3581
f 3356 3581 3357
f 3357 3581 3582
f 3357 3582 3358
f 3358 3582 3583
f 3358 3583 3359
f 3359 3583 3584
f 3359 3584 3360
f 3360 3584 3361
f 3360 3361 3137
f 3361 3585 3586
f 3361 3586 3362
f 3362 3586 3587
f 3362 3587 3363
f 3363 3587 3588
f 3363 3588 3364
f 3364 3588 3589
f 3364 3589 3365
f 3365 3589 3590
f 3365 3590 3366
f 3366 3590 3591
f 3366 3591 3367
f 3367 3591 3592
f 3367 3592 3368
f 3368 3592 3593
f 3368 3593 3369
f 3369 3593 3594
f 3369 3594 3370
f 3370 3594 3595
f 3370 3595 3371
f 3371 3595 3596
f 3371 3596 3372
f 3372 3596 3597
f 3372 3597 3373
f 3373 3597 3598
f 3373 3598 3374
f 3374 3598 3599
f 3374 3599 3375
f 3375 3599 3600
f 3375 3600 3376
f 3376 3600 3601
f 3376 3601 3377
f 3377 3601 3602
f 3377 3602 3378
f 3378 3602 3603
f 3378 3603 3379
f 3379 3603 3604
f 3379 3604 3380
f 3380 3604 3605
f 3380 3605 3381
f 3381 3605 3606
f 3381 3606 3382
f 3382 3606 3607
f 3382 3607 3383
f 3383 3607 3608
f 3383 3608 3384
f 3384 3608 3609
f 3384 3609 3385
f 3385 3609 3610
f 3385 3610 3386
f 3386 3610 3611
f 3386 3611 3387
f 3387 3611 3612
f 3387 3612 3388
f 3388 3612 3613
f 3388 3613 3389
f 3389 3613 3614
f 3389 3614 3390
f 3390 3614 3615
f 3390 3615 3391
f 3391 3615 3616
f 3391 3616 3392
f 3392 3616 3617
f 3392 3617 3393
f 3393 3617 3618
f 3393 3618 3394
f 3394 3618 3619
f 3394 3619 3395
f 3395 3619 3620
f 3395 3620 3396
f 3396 3620 3621
f 3396 3621 3397
f 3397 3621 3622
f 3397 3622 3398
f 3398 3622 3623
f 3398 3623 3399
f 3399 3623 3624
f 3399 3624 3400
f 3400 3624 3625
f 3400 3625 3401
f 3401 3625 3626
f 3401 3626 3402
f 3402 3626 3627
f 3402 3627 3403
f 3403 3627 3628
f 3403 3628 3404
f 3404 3628 3629
f 3404 3629 3405
f 3405 3629 3630
f 3405 3630 3406
f 3406 3630 3631
f 3406 3631 3407
f 3407 3631 3632
f 3407 3632 3408
f 3408 3632 3633
f 3408 3633 3409
f 3409 3633 3634
f 3409 3634 3410
f 3410 3634 3635
f 3410 3635 3411
f 3411 3635 3636
f 3411 3636 3412
f 3412 3636 3637
f 3412 3637 3413
f 3413 3637 3638
f 3413 3638 3414
f 3414 3638 3639
f 3414 3639 3415
f 3415 3639 3640
f 3415 3640 3416
f 3416 3640 3641
f 3416 3641 3417
f 3417 3641 3642
f 3417 3642 3418
f 3418 3642 3643
f 3418 3643 3419
f 3419 3643 3644
f 3419 3644 3420
f 3420 3644 3645
f 3420 3645 3421
f 3421 3645 3646
f 3421 3646 3422
f 3422 3646 3647
f 3422 3647 3423
f 3423 3647 3648
f 3423 3648 3424
f 3424 3648 3649
f 3424 3649 3425
f 3425 3649 3650
f 3425 3650 3426
f 3426 3650 3651
f 3426 3651 3427
f 3427 3651 3652
f 3427 3652 3428
f 3428 3652 3653
f 3428 3653 3429
f 3429 3653 3654
f 3429 3654 3430
f 3430 3654 3655
f 3430 3655 3431
f 3431 3655 3656
f 3431 3656 3432
f 3432 3656 3657
f 3432 3657 3433
f 3433 3657 3658
f 3433 3658 3434
f 3434 3658 3659
f 3434 3659 3435
f 3435 3659 3660
f 3435 3660 3436
f 3436 3660 3661
f 3436 3661 3437
f 3437 3661 3662
f 3437 3662 3438
f 3438 3662 3663
f 3438 3663 3439
f 3439 3663 3664
f 3439 3664 3440
f 3440 3664 3665
f 3440 3665 3441
f 3441 3665 3666
f 3441 3666 3442
f 3442 3666 3667
f 3442 3667 3443
f 3443 3667 3668
f 3443 3668 3444
f 3444 3668 3669
f 3444 3669 3445
f 3445 3669 3670
f 3445 3670 3446
f 3446 3670 3671
f 3446 3671 3447
f 3447 3671 3672
f 3447 3672 3448
f 3448 3672 3673
f 3448 3673 3449
f 3449 3673 3674
f 3449 3674 3450
f 3450 3674 3675
f 3450 3675 3451
f 3451 3675 3676
f 3451 3676 3452
f 3452 3676 3677
f 3452 3677 3453
f 3453 3677 3678
f 3453 3678 3454
f 3454 3678 3679
f 3454 3679 3455
f 3455 3679 3680
f 3455 3680 3456
f 3456 3680 3681
f 3456 3681 3457
f 3457 3681 3682
f 3457 3682 3458
f 3458 3682 3683
f 3458 3683 3459
f 3459 3683 3684
f 3459 3684 3460
f 3460 3684 3685
f 3460 3685 3461
f 3461 3685 3686
f 3461 3686 3462
f 3462 3686 3687
f 3462 3687 3463
f 3463 3687 3688
f 3463 3688 3464
f 3464 3688 3689
f 3464 3689 3465
f 3465 3689 3690
f 3465 3690 3466
f 3466 3690 3691
f 3466 3691 3467
f 3467 3691 3692
f 3467 3692 3468
f 3468 3692 3693
f 3468 3693 3469
f 3469 3693 3694
f 3469 3694 3470
f 3470 3694 3695
f 3470 3695 3471
f 3471 3695 3696
f 3471 3696 3472
f 3472 3696 3697
f 3472 3697 3473
f 3473 3697 3698
f 3473 3698 3474
f 3474 3698 3699
f 3474 3699 3475
f 3475 3699 3700
f 3475 3700 3476
f 3476 3700 3701
f 3476 3701 3477
f 3477 3701 3702
f 3477 3702 3478
f 3478 3702 3703
f 3478 3703 3479
f 3479 3703 3704
f 3479 3704 3480
f 3480 3704 3705
f 3480 3705 3481
f 3481 3705 3706
f 3481 3706 3482
f 3482 3706 3707
f 3482 3707 3483
f 3483 3707 3708
f 3483 3708 3484
f 3484 3708 3709
f 3484 3709 3485
f 3485 3709 3710
f 3485 3710 3486
f 3486 3710 3711
f 3486 3711 3487
f 3487 3711 3712
f 3487 3712 3488
f 3488 3712 3713
f 3488 3713 3489
f 3489 3713 3714
f 3489 3714 3490
f 3490 3714 3715
f 3490 3715 3491
f 3491 3715 3716
f 3491 3716 3492
f 3492 3716 3717
f 3492 3717 3493
f 3493 3717 3718
f 3493 3718 3494
f 3494 3718 3719
f 3494 3719 3495
f 3495 3719 3720
f 3495 3720 3496
f 3496 3720 3721
f 3496 3721 3497
f 3497 3721 3722
f 3497 3722 3498
f 3498 3722 3723
f 3498 3723 3499
f 3499 3723 3724
f 3499 3724 3500
f 3500 3724 3725
f 3500 3725 3501
f 3501 3725 3726
f 3501 3726 3502
f 3502 3726 3727
f 3502 3727 3503
f 3503 3727 3728
f 3503 3728 3504
f 3504 3728 3729
f 3504 3729 3505
f 3505 3729 3730
f 3505 3730 3506
f 3506 3730 3731
f 3506 3731 3507
f 3507 3731 3732
f 3507 3732 3508
f 3508 3732 3733
f 3508 3733 3509
f 3509 3733 3734
f 3509 3734 3510
f 3510 3734 3735
f 3510 3735 3511
f 3511 3735 3736
f 3511 3736 3512
f 3512 3736 3737
f 3512 3737 3513
f 3513 3737 3738
f 3513 3738 3514
f 3514 3738 3739
f 3514 3739 3515
f 3515 3739 3740
f 3515 3740 3516
f 3516 3740 3741
f 3516 3741 3517
f 3517 3741 3742
f 3517 3742 3518
f 3518 3742 3743
f 3518 3743 3519
f 3519 3743 3744
f 3519 3744 3520
f 3520 3744 3745
f 3520 3745 3521
f 3521 3745 3746
f 3521 3746 3522
f 3522 3746 3747
f 3522 3747 3523
f 3523 3747 3748
f 3523 3748 3524
f 3524 3748 3749
f 3524 3749 3525
f 3525 3749 3750
f 3525 3750 3526
f 3526 3750 3751
f 3526 3751 3527
f 3527 3751 3752
f 3527 3752 3528
f 3528 3752 3753
f 3528 3753 3529
f 3529 3753 3754
f 3529 3754 3530
f 3530 3754 3755
f 3530 3755 3531
f 3531 3755 3756
f 3531 3756 3532
f 3532 3756 3757
f 3532 3757 3533
f 3533 3757 3758
f 3533 3758 3534
f 3534 3758 3759
f 3534 3759 3535
f 3535 3759 3760
f 3535 3760 3536
f 3536 3760 3761
f 3536 3761 3537
f 3537 3761 3762
f 3537 3762 3538
f 3538 3762 3763
f 3538 3763 3539
f 3539 3763 3764
f 3539 3764 3540
f 3540 3764 3765
f 3540 3765 3541
f 3541 3765 3766
f 3541 3766 3542
f 3542 3766 3767
f 3542 3767 3543
f 3543 3767 3768
f 3543 3768 3544
f 3544 3768 3769
f 3544 3769 3545
f 3545 3769 3770
f 3545 3770 3546
f 3546 3770 3771
f 3546 3771 3547
f 3547 3771 3772
f 3547 3772 3548
f 3548 3772 3773
f 3548 3773 3549
f 3549 3773 3774
f 3549 3774 3550
f 3550 3774 3775
f 3550 3775 3551
f 3551 3775 3776
f 3551 3776 3552
f 3552 3776 3777
f 3552 3777 3553
f 3553 3777 3778
f 3553 3778 3554
f 3554 3778 3779
f 3554 3779 3555
f 3555 3779 3780
f 3555 3780 3556
f 3556 3780 3781
f 3556 3781 3557
f 3557 3781 3782
f 3557 3782 3558
f 3558 3782 3783
f 3558 3783 3559
f 3559 3783 3784
f 3559 3784 3560
f 3560 3784 3785
f 3560 3785 3561
f 3561 3785 3786
f 3561 3786 3562
f 3562 3786 3787
f 3562 3787 3563
f 3563 3787 3788
f 3563 3788 3564
f 3564 3788 3789
f 3564 3789 3565
f 3565 3789 3790
f 3565 3790 3566
f 3566 3790 3791
f 3566 3791 3567
f 3567 3791 3792
f 3567 3792 3568
f 3568 3792 3793
f 3568 3793 3569
f 3569 3793 3794
f 3569 3794 3570
f 3570 3794 3795
f 3570 3795 3571
f 3571 3795 3796
f 3571 3796 3572
f 3572 3796 3797
f 3572 3797 3573
f 3573 3797 3798
f 3573 3798 3574
f 3574 3798 3799
f 3574 3799 3575
f 3575 3799 3800
f 3575 3800 3576
f 3576 3800 3801
f 3576 3801 3577
f 3577 3801 3802
f 3577 3802 3578
f 3578 3802 3803
f 3578 3803 3579
f 3579 3803 3804
f 3579 3804 3580
f 3580 3804 3805
f 3580 3805 3581
f 3581 3805 3806
f 3581 3806 3582
f 3582 3806 3807
f 3582 3807 3583
f 3583 3807 3808
f 3583 3808 3584
f 3584 3808 3585
f 3584 3585 3361
f 3585 3809 3810
f 3585 3810 3586
f 3586 3810 3811
f 3586 3811 3587
f 3587 3811 3812
f 3587 3812 3588
f 3588 3812 3813
f 3588 3813 3589
f 3589 3813 3814
f 3589 3814 3590
f 3590 3814 3815
f 3590 3815 3591
f 3591 3815 3816
f 3591 3816 3592
f 3592 3816 3817
f 3592 3817 3593
f 3593 3817 3818
f 3593 3818 3594
f 3594 3818 3819
f 3594 3819 3595
f 3595 3819 3820
f 3595 3820 3596
f 3596 3820 3821
f 3596 3821 3597
f 3597 3821 3822
f 3597 3822 3598
f 3598 3822 3823
f 3598 3823 3599
f 3599 3823 3824
f 3599 3824 3600
f 3600 3824 3825
f 3600 3825 3601
f 3601 3825 3826
f 3601 3826 3602
f 3602 3826 3827
f 3602 3827 3603
f 3603 3827 3828
f 3603 3828 3604
f 3604 3828 3829
f 3604 3829 3605
f 3605 3829 3830
f 3605 3830 3606
f 3606 3830 3831
f 3606 3831 3607
f 3607 3831 3832
f 3607 3832 3608
f 3608 3832 3833
f 3608 3833 3609
f 3609 3833 3834
f 3609 3834 3610
f 3610 3834 3835
f 3610 3835 3611
f 3611 3835 3836
f 3611 3836 3612
f 3612 3836 3837
f 3612 3837 3613
f 3613 3837 3838
f 3613 3838 3614
f 3614 3838 3839
f 3614 3839 3615
f 3615 3839 3840
f 3615 3840 3616
f 3616 3840 3841
f 3616 3841 3617
f 3617 3841 3842
f 3617 3842 3618
f 3618 3842 3843
f 3618 3843 3619
f 3619 3843 3844
f 3619 3844 3620
f 3620 3844 3845
f 3620 3845 3621
f 3621 3845 3846
f 3621 3846 3622
f 3622 3846 3847
f 3622 3847 3623
f 3623 3847 3848
f 3623 3848 3624
f 3624 3848 3849
f 3624 3849 3625
f 3625 3849 3850
f 3625 3850 3626
f 3626 3850 3851
f 3626 3851 3627
f 3627 3851 3852
f 3627 3852 3628
f 3628 3852 3853
f 3628 3853 3629
f 3629 3853 3854
f 3629 3854 3630
f 3630 3854 3855
f 3630 3855 3631
f 3631 3855 3856
f 3631 3856 3632
f 3632 3856 3857
f 3632 3857 3633
f 3633 3857 3858
f 3633 3858 3634
f 3634 3858 3859
f 3634 3859 3635
f 3635 3859 3860
f 3635 3860 3636
f 3636 3860 3861
f 3636 3861 3637
f 3637 3861 3862
f 3637 3862 3638
f 3638 3862 3863
f 3638 3863 3639
f 3639 3863 3864
f 3639 3864 3640
f 3640 3864 3865
f 3640 3865 3641
f 3641 3865 3866
f 3641 3866 3642
f 3642 3866 3867
f 3642 3867 3643
f 3643 3867 3868
f 3643 3868 3644
f 3644 3868 3869
f 3644 3869 3645
f 3645 3869 3870
f 3645 3870 3646
f 3646 3870 3871
f 3646 3871 3647
f 3647 3871 3872
f 3647 3872 3648
f 3648 3872 3873
f 3648 3873 3649
f 3649 3873 3874
f 3649 3874 3650
f 3650 3874 3875
f 3650 3875 3651
f 3651 3875 3876
f 3651 3876 3652
f 3652 3876 3877
f 3652 3877 3653
f 3653 3877 3878
f 3653 3878 3654
f 3654 3878 3879
f 3654 3879 3655
f 3655 3879 3880
f 3655 3880 3656
f 3656 3880 3881
f 3656 3881 3657
f 3657 3881 3882
f 3657 3882 3658
f 3658 3882 3883
f 3658 3883 3659
f 3659 3883 3884
f 3659 3884 3660
f 3660 3884 3885
f 3660 3885 3661
f 3661 3885 3886
f 3661 3886 3662
f 3662 3886 3887
f 3662 3887 3663
f 3663 3887 3888
f 3663 3888 3664
f 3664 3888 3889
f 3664 3889 3665
f 3665 3889 3890
f 3665 3890 3666
f 3666 3890 3891
f 3666 3891 3667
f 3667 3891 3892
f 3667 3892 3668
f 3668 3892 3893
f 3668 3893 3669
f 3669 3893 3894
f 3669 3894 3670
f 3670 3894 3895
f 3670 3895 3671
f 3671 3895 3896
f 3671 3896 3672
f 3672 3896 3897
f 3672 3897 3673
f 3673 3897 3898
f 3673 3898 3674
f 3674 3898 3899
f 3674 3899 3675
f 3675 3899 3900
f 3675 3900 3676
f 3676 3900 3901
f 3676 3901 3677
f 3677 3901 3902
f 3677 3902 3678
f 3678 3902 3903
f 3678 3903 3679
f 3679 3903 3904
f 3679 3904 3680
f 3680 3904 3905
f 3680 3905 3681
f 3681 3905 3906
f 3681 3906 3682
f 3682 3906 3907
f 3682 3907 3683
f 3683 3907 3908
f 3683 3908 3684
f 3684 3908 3909
f 3684 3909 3685
f 3685 3909 3910
f 3685 3910 3686
f 3686 3910 3911
f 3686 3911 3687
f 3687 3911 3912
f 3687 3912 3688
f 3688 3912 3913
f 3688 3913 3689
f 3689 3913 3914
f 3689 3914 3690
f 3690 3914 3915
f 3690 3915 3691
f 3691 3915 3916
f 3691 3916 3692
f 3692 3916 3917
f 3692 3917 3693
f 3693 3917 3918
f 3693 3918 3694
f 3694 3918 3919
f 3694 3919 3695
f 3695 3919 3920
f 3695 3920 3696
f 3696 3920 3921
f 3696 3921 3697
f 3697 3921 3922
f 3697 3922 3698
f 3698 3922 3923
f 3698 3923 3699
f 3699 3923 3924
f 3699 3924 3700
f 3700 3924 3925
f 3700 3925 3701
f 3701 3925 3926
f 3701 3926 3702
f 3702 3926 3927
f 3702 3927 3703
f 3703 3927 3928
f 3703 3928 3704
f 3704 3928 3929
f 3704 3929 3705
f 3705 3929 3930
f 3705 3930 3706
f 3706 3930 3931
f 3706 3931 3707
f 3707 3931 3932
f 3707 3932 3708
f 3708 3932 3933
f 3708 3933 3709
f 3709 3933 3934
f 3709 3934 3710
f 3710 3934 3935
f 3710 3935 3711
f 3711 3935 3936
f 3711 3936 3712
f 3712 3936 3937
f 3712 3937 3713
f 3713 3937 3938
f 3713 3938 3714
f 3714 3938 3939
f 3714 3939 3715
f 3715 3939 3940
f 3715 3940 3716
f 3716 3940 3941
f 3716 3941 3717
f 3717 3941 3942
f 3717 3942 3718
f 3718 3942 3943
f 3718 3943 3719
f 3719 3943 3944
f 3719 3944 3720
f 3720 3944 3945
f 3720 3945 3721
f 3721 3945 3946
f 3721 3946 3722
f 3722 3946 3947
f 3722 3947 3723
f 3723 3947 3948
f 3723 3948 3724
f 3724 3948 3949
f 3724 3949 3725
f 3725 3949 3950
f 3725 3950 3726
f 3726 3950 3951
f 3726 3951 3727
f 3727 3951 3952
f 3727 3952 3728
f 3728 3952 3953
f 3728 3953 3729
f 3729 3953 3954
f 3729 3954 3730
f 3730 3954 3955
f 3730 3955 3731
f 3731 3955 3956
f 3731 3956 3732
f 3732 3956 3957
f 3732 3957 3733
f 3733 3957 3958
f 3733 3958 3734
f 3734 3958 3959
f 3734 3959 3735
f 3735 3959 3960
f 3735 3960 3736
f 3736 3960 3961
f 3736 3961 3737
f 3737 3961 3962
f 3737 3962 3738
f 3738 3962 3963
f 3738 3963 3739
f 3739 3963 3964
f 3739 3964 3740
f 3740 3964 3965
f 3740 3965 3741
f 3741 3965 3966
f 3741 3966 3742
f 3742 3966 3967
f 3742 3967 3743
f 3743 3967 3968
f 3743 3968 3744
f 3744 3968 3969
f 3744 3969 3745
f 3745 3969 3970
f 3745 3970 3746
f 3746 3970 3971
f 3746 3971 3747
f 3747 3971 3972
f 3747 3972 3748
f 3748 3972 3973
f 3748 3973 3749
f 3749 3973 3974
f 3749 3974 3750
f 3750 3974 3975
f 3750 3975 3751
f 3751 3975 3976
f 3751 3976 3752
f 3752 3976 3977
f 3752 3977 3753
f 3753 3977 3978
f 3753 3978 3754
f 3754 3978 3979
f 3754 3979 3755
f 3755 3979 3980
f 3755 3980 3756
f 3756 3980 3981
f 3756 3981 3757
f 3757 3981 3982
f 3757 3982 3758
f 3758 3982 3983
f 3758 3983 3759
f 3759 3983 3984
f 3759 3984 3760
f 3760 3984 3985
f 3760 3985 3761
f 3761 3985 3986
f 3761 3986 3762
f 3762 3986 3987
f 3762 3987 3763
f 3763 3987 3988
f 3763 3988 3764
f 3764 3988 3989
f 3764 3989 3765
f 3765 3989 3990
f 3765 3990 3766
f 3766 3990 3991
f 3766 3991 3767
f 3767 3991 3992
f 3767 3992 3768
f 3768 3992 3993
f 3768 3993 3769
f 3769 3993 3994
f 3769 3994 3770
f 3770 3994 3995
f 3770 3995 3771
f 3771 3995 3996
f 3771 3996 3772
f 3772 3996 3997
f 3772 3997 3773
f 3773 3997 3998
f 3773 3998 3774
f 3774 3998 3999
f 3774 3999 3775
f 3775 3999 4000
f 3775 4000 3776
f 3776 4000 4001
f 3776 4001 3777
f 3777 4001 4002
f 3777 4002 3778
f 3778 4002 4003
f 3778 4003 3779
f 3779 4003 4004
f 3779 4004 3780
f 3780 4004 4005
f 3780 4005 3781
f 3781 4005 4006
f 3781 4006 3782
f 3782 4006 4007
f 3782 4007 3783
f 3783 4007 4008
f 3783 4008 3784
f 3784 4008 4009
f 3784 4009 3785
f 3785 4009 4010
f 3785 4010 3786
f 3786 4010 4011
f 3786 4011 3787
f 3787 4011 4012
f 3787 4012 3788
f 3788 4012 4013
f 3788 4013 3789
f 3789 4013 4014
f 3789 4014 3790
f 3790 4014 4015
f 3790 4015 3791
f 3791 4015 4016
f 3791 4016 3792
f 3792 4016 4017
f 3792 4017 3793
f 3793 4017 4018
f 3793 4018 3794
f 3794 4018 4019
f 3794 4019 3795
f 3795 4019 4020
f 3795 4020 3796
f 3796 4020 4021
f 3796 4021 3797
f 3797 4021 4022
f 3797 4022 3798
f 3798 4022 4023
f 3798 4023 3799
f 3799 4023 4024
f 3799 4024 3800
f 3800 4024 4025
f 3800 4025 3801
f 3801 4025 4026
f 3801 4026 3802
f 3802 4026 4027
f 3802 4027 3803
f 3803 4027 4028
f 3803 4028 3804
f 3804 4028 4029
f 3804 4029 3805
f 3805 4029 4030
f 3805 4030 3806
f 3806 4030 4031
f 3806 4031 3807
f 3807 4031 4032
f 3807 4032 3808
f 3808 4032 3809
f 3808 3809 3585
f 3809 4033 4034
f 3809 4034 3810
f 3810 4034 4035
f 3810 4035 3811
f 3811 4035 4036
f 3811 4036 3812
f 3812 4036 4037
f 3812 4037 3813
f 3813 4037 4038
f 3813 4038 3814
f 3814 4038 4039
f 3814 4039 3815
f 3815 4039 4040
f 3815 4040 3816
f 3816 4040 4041
f 3816 4041 3817
f 3817 4041 4042
f 3817 4042 3818
f 3818 4042 4043
f 3818 4043 3819
f 3819 4043 4044
f 3819 4044 3820
f 3820 4044 4045
f 3820 4045 3821
f 3821 4045 4046
f 3821 4046 3822
f 3822 4046 4047
f 3822 4047 3823
f 3823 4047 4048
f 3823 4048 3824
f 3824 4048 4049
f 3824 4049 3825
f 3825 4049 4050
f 3825 4050 3826
f 3826 4050 4051
f 3826 4051 3827
f 3827 4051 4052
f 3827 4052 3828
f 3828 4052 4053
f 3828 4053 3829
f 3829 4053 4054
f 3829 4054 3830
f 3830 4054 4055
f 3830 4055 3831
f 3831 4055 4056
f 3831 4056 3832
f 3832 4056 4057
f 3832 4057 3833
f 3833 4057 4058
f 3833 4058 3834
f 3834 4058 4059
f 3834 4059 3835
f 3835 4059 4060
f 3835 4060 3836
f 3836 4060 4061
f 3836 4061 3837
f 3837 4061 4062
f 3837 4062 3838
f 3838 4062 4063
f 3838 4063 3839
f 3839 4063 4064
f 3839 4064 3840
f 3840 4064 4065
f 3840 4065 3841
f 3841 4065 4066
f 3841 4066 3842
f 3842 4066 4067
f 3842 4067 3843
f 3843 4067 4068
f 3843 4068 3844
f 3844 4068 4069
f 3844 4069 3845
f 3845 4069 4070
f 3845 4070 3846
f 3846 4070 4071
f 3846 4071 3847
f 3847 4071 4072
f 3847 4072 3848
f 3848 4072 4073
f 3848 4073 3849
f 3849 4073 4074
f 3849 4074 3850
f 3850 4074 4075
f 3850 4075 3851
f 3851 4075 4076
f 3851 4076 3852
f 3852 4076 4077
f 3852 4077 3853
f 3853 4077 4078
f 3853 4078 3854
f 3854 4078 4079
f 3854 4079 3855
f 3855 4079 4080
f 3855 4080 3856
f 3856 4080 4081
f 3856 4081 3857
f 3857 4081 4082
f 3857 4082 3858
f 3858 4082 4083
f 3858 4083 3859
f 3859 4083 4084
f 3859 4084 3860
f 3860 4084 4085
f 3860 4085 3861
f 3861 4085 4086
f 3861 4086 3862
f 3862 4086 4087
f 3862 4087 3863
f 3863 4087 4088
f 3863 4088 3864
f 3864 4088 4089
f 3864 4089 3865
f 3865 4089 4090
f 3865 4090 3866
f 3866 4090 4091
f 3866 4091 3867
f 3867 4091 4092
f 3867 4092 3868
f 3868 4092 4093
f 3868 4093 3869
f 3869 4093 4094
f 3869 4094 3870
f 3870 4094 4095
f 3870 4095 3871
f 3871 4095 4096
f 3871 4096 3872
f 3872 4096 4097
f 3872 4097 3873
f 3873 4097 4098
f 3873 4098 3874
f 3874 4098 4099
f 3874 4099 3875
f 3875 4099 4100
f 3875 4100 3876
f 3876 4100 4101
f 3876 4101 3877
f 3877 4101 4102
f 3877 4102 3878
f 3878 4102 4103
f 3878 4103 3879
f 3879 4103 4104
f 3879 4104 3880
f 3880 4104 4105
f 3880 4105 3881
f 3881 4105 4106
f 3881 4106 3882
f 3882 4106 4107
f 3882 4107 3883
f 3883 4107 4108
f 3883 4108 3884
f 3884 4108 4109
f 3884 4109 3885
f 3885 4109 4110
f 3885 4110 3886
f 3886 4110 4111
f 3886 4111 3887
f 3887 4111 4112
f 3887 4112 3888
f 3888 4112 4113
f 3888 4113 3889
f 3889 4113 4114
f 3889 4114 3890
f 3890 4114 4115
f 3890 4115 3891
f 3891 4115 4116
f 3891 4116 3892
f 3892 4116 4117
f 3892 4117 3893
f 3893 4117 4118
f 3893 4118 3894
f 3894 4118 4119
f 3894 4119 3895
f 3895 4119 4120
f 3895 4120 3896
f 3896 4120 4121
f 3896 4121 3897
f 3897 4121 4122
f 3897 4122 3898
f 3898 4122 4123
f 3898 4123 3899
f 3899 4123 4124
f 3899 4124 3900
f 3900 4124 4125
f 3900 4125 3901
f 3901 4125 4126
f 3901 4126 3902
f 3902 4126 4127
f 3902 4127 3903
f 3903 4127 4128
f 3903 4128 3904
f 3904 4128 4129
f 3904 4129 3905
f 3905 4129 4130
f 3905 4130 3906
f 3906 4130 4131
f 3906 4131 3907
f 3907 4131 4132
f 3907 4132 3908
f 3908 4132 4133
f 3908 4133 3909
f 3909 4133 4134
f 3909 4134 3910
f 3910 4134 4135
f 3910 4135 3911
f 3911 4135 4136
f 3911 4136 3912
f 3912 4136 4137
f 3912 4137 3913
f 3913 4137 4138
f 3913 4138 3914
f 3914 4138 4139
f 3914 4139 3915
f 3915 4139 4140
f 3915 4140 3916
f 3916 4140 4141
f 3916 4141 3917
f 3917 4141 4142
f 3917 4142 3918
f 3918 4142 4143
f 3918 4143 3919
f 3919 4143 4144
f 3919 4144 3920
f 3920 4144 4145
f 3920 4145 3921
f 3921 4145 4146
f 3921 4146 3922
f 3922 4146 4147
f 3922 4147 3923
f 3923 4147 4148
f 3923 4148 3924
f 3924 4148 4149
f 3924 4149 3925
f 3925 4149 4150
f 3925 4150 3926
f 3926 4150 4151
f 3926 4151 3927
f 3927 4151 4152
f 3927 4152 3928
f 3928 4152 4153
f 3928 4153 3929
f 3929 4153 4154
f 3929 4154 3930
f 3930 4154 4155
f 3930 4155 3931
f 3931 4155 4156
f 3931 4156 3932
f 3932 4156 4157
f 3932 4157 3933
f 3933 4157 4158
f 3933 4158 3934
f 3934 4158 4159
f 3934 4159 3935
f 3935 4159 4160
f 3935 4160 3936
f 3936 4160 4161
f 3936 4161 3937
f 3937 4161 4162
f 3937 4162 3938
f 3938 4162 4163
f 3938 4163 3939
f 3939 4163 4164
f 3939 4164 3940
f 3940 4164 4165
f 3940 4165 3941
f 3941 4165 4166
f 3941 4166 3942
f 3942 4166 4167
f 3942 4167 3943
f 3943 4167 4168
f 3943 4168 3944
f 3944 4168 4169
f 3944 4169 3945
f 3945 4169 4170
f 3945 4170 3946
f 3946 4170 4171
f 3946 4171 3947
f 3947 4171 4172
f 3947 4172 3948
f 3948 4172 4173
f 3948 4173 3949
f 3949 4173 4174
f 3949 4174 3950
f 3950 4174 4175
f 3950 4175 3951
f 3951 4175 4176
f 3951 4176 3952
f 3952 4176 4177
f 3952 4177 3953
f 3953 4177 4178
f 3953 4178 3954
f 3954 4178 4179
f 3954 4179 3955
f 3955 4179 4180
f 3955 4180 3956
f 3956 4180 4181
f 3956 4181 3957
f 3957 4181 4182
f 3957 4182 3958
f 3958 4182 4183
f 3958 4183 3959
f 3959 4183 4184
f 3959 4184 3960
f 3960 4184 4185
f 3960 4185 3961
f 3961 4185 4186
f 3961 4186 3962
f 3962 4186 4187
f 3962 4187 3963
f 3963 4187 4188
f 3963 4188 3964
f 3964 4188 4189
f 3964 4189 3965
f 3965 4189 4190
f 3965 4190 3966
f 3966 4190 4191
f 3966 4191 3967
f 3967 4191 4192
f 3967 4192 3968
f 3968 4192 4193
f 3968 4193 3969
f 3969 4193 4194
f 3969 4194 3970
f 3970 4194 4195
f 3970 4195 3971
f 3971 4195 4196
f 3971 4196 3972
f 3972 4196 4197
f 3972 4197 3973
f 3973 4197 4198
f 3973 4198 3974
f 3974 4198 4199
f 3974 4199 3975
f 3975 4199 4200
f 3975 4200 3976
f 3976 4200 4201
f 3976 4201 3977
f 3977 4201 4202
f 3977 4202 3978
f 3978 4202 4203
f 3978 4203 3979
f 3979 4203 4204
f 3979 4204 3980
f 3980 4204 4205
f 3980 4205 3981
f 3981 4205 4206
f 3981 4206 3982
f 3982 4206 4207
f 3982 4207 3983
f 3983 4207 4208
f 3983 4208 3984
f 3984 4208 4209
f 3984 4209 3985
f 3985 4209 4210
f 3985 4210 3986
f 3986 4210 4211
f 3986 4211 3987
f 3987 4211 4212
f 3987 4212 3988
f 3988 4212 4213
f 3988 4213 3989
f 3989 4213 4214
f 3989 4214 3990
f 3990 4214 4215
f 3990 4215 3991
f 3991 4215 4216
f 3991 4216 3992
f 3992 4216 4217
f 3992 4217 3993
f 3993 4217 4218
f 3993 4218 3994
f 3994 4218 4219
f 3994 4219 3995
f 3995 4219 4220
f 3995 4220 3996
f 3996 4220 4221
f 3996 4221 3997
f 3997 4221 4222
f 3997 4222 3998
f 3998 4222 4223
f 3998 4223 3999
f 3999 4223 4224
f 3999 4224 4000
f 4000 4224 4225
f 4000 4225 4001
f 4001 4225 4226
f 4001 4226 4002
f 4002 4226 4227
f 4002 4227 4003
f 4003 4227 4228
f 4003 4228 4004
f 4004 4228 4229
f 4004 4229 4005
f 4005 4229 4230
f 4005 4230 4006
f 4006 4230 4231
f 4006 4231 4007
f 4007 4231 4232
f 4007 4232 4008
f 4008 4232 4233
f 4008 4233 4009
f 4009 4233 4234
f 4009 4234 4010
f 4010 4234 4235
f 4010 4235 4011
f 4011 4235 4236
f 4011 4236 4012
f 4012 4236 4237
f 4012 4237 4013
f 4013 4237 4238
f 4013 4238 4014
f 4014 4238 4239
f 4014 4239 4015
f 4015 4239 4240
f 4015 4240 4016
f 4016 4240 4241
f 4016 4241 4017
f 4017 4241 4242
f 4017 4242 4018
f 4018 4242 4243
f 4018 4243 4019
f 4019 4243 4244
f 4019 4244 4020
f 4020 4244 4245
f 4020 4245 4021
f 4021 4245 4246
f 4021 4246 4022
f 4022 4246 4247
f 4022 4247 4023
f 4023 4247 4248
f 4023 4248 4024
f 4024 4248 4249
f 4024 4249 4025
f 4025 4249 4250
f 4025 4250 4026
f 4026 4250 4251
f 4026 4251 4027
f 4027 4251 4252
f 4027 4252 4028
f 4028 4252 4253
f 4028 4253 4029
f 4029 4253 4254
f 4029 4254 4030
f 4030 4254 4255
f 4030 4255 4031
f 4031 4255 4256
f 4031 4256 4032
f 4032 4256 4033
f 4032 4033 3809
f 4033 4257 4258
f 4033 4258 4034
f 4034 4258 4259
f 4034 4259 4035
f 4035 4259 4260
f 4035 4260 4036
f 4036 4260 4261
f 4036 4261 4037
f 4037 4261 4262
f 4037 4262 4038
f 4038 4262 4263
f 4038 4263 4039
f 4039 4263 4264
f 4039 4264 4040
f 4040 4264 4265
f 4040 4265 4041
f 4041 4265 4266
f 4041 4266 4042
f 4042 4266 4267
f 4042 4267 4043
f 4043 4267 4268
f 4043 4268 4044
f 4044 4268 4269
f 4044 4269 4045
f 4045 4269 4270
f 4045 4270 4046
f 4046 4270 4271
f 4046 4271 4047
f 4047 4271 4272
f 4047 4272 4048
f 4048 4272 4273
f 4048 4273 4049
f 4049 4273 4274
f 4049 4274 4050
f 4050 4274 4275
f 4050 4275 4051
f 4051 4275 4276
f 4051 4276 4052
f 4052 4276 4277
f 4052 4277 4053
f 4053 4277 4278
f 4053 4278 4054
f 4054 4278 4279
f 4054 4279 4055
f 4055 4279 4280
f 4055 4280 4056
f 4056 4280 4281
f 4056 4281 4057
f 4057 4281 4282
f 4057 4282 4058
f 4058 4282 4283
f 4058 4283 4059
f 4059 4283 4284
f 4059 4284 4060
f 4060 4284 4285
f 4060 4285 4061
f 4061 4285 4286
f 4061 4286 4062
f 4062 4286 4287
f 4062 4287 4063
f 4063 4287 4288
f 4063 4288 4064
f 4064 4288 4289
f 4064 4289 4065
f 4065 4289 4290
f 4065 4290 4066
f 4066 4290 4291
f 4066 4291 4067
f 4067 4291 4292
f 4067 4292 4068
f 4068 4292 4293
f 4068 4293 4069
f 4069 4293 4294
f 4069 4294 4070
f 4070 4294 4295
f 4070 4295 4071
f 4071 4295 4296
f 4071 4296 4072
f 4072 4296 4297
f 4072 4297 4073
f 4073 4297 4298
f 4073 4298 4074
f 4074 4298 4299
f 4074 4299 4075
f 4075 4299 4300
f 4075 4300 4076
f 4076 4300 4301
f 4076 4301 4077
f 4077 4301 4302
f 4077 4302 4078
f 4078 4302 4303
f 4078 4303 4079
f 4079 4303 4304
f 4079 4304 4080
f 4080 4304 4305
f 4080 4305 4081
f 4081 4305 4306
f 4081 4306 4082
f 4082 4306 4307
f 4082 4307 4083
f 4083 4307 4308
f 4083 4308 4084
f 4084 4308 4309
f 4084 4309 4085
f 4085 4309 4310
f 4085 4310 4086
f 4086 4310 4311
f 4086 4311 4087
f 4087 4311 4312
f 4087 4312 4088
f 4088 4312 4313
f 4088 4313 4089
f 4089 4313 4314
f 4089 4314 4090
f 4090 4314 4315
f 4090 4315 4091
f 4091 4315 4316
f 4091 4316 4092
f 4092 4316 4317
f 4092 4317 4093
f 4093 4317 4318
f 4093 4318 4094
f 4094 4318 4319
f 4094 4319 4095
f 4095 4319 4320
f 4095 4320 4096
f 4096 4320 4321
f 4096 4321 4097
f 4097 4321 4322
f 4097 4322 4098
f 4098 4322 4323
f 4098 4323 4099
f 4099 4323 4324
f 4099 4324 4100
f 4100 4324 4325
f 4100 4325 4101
f 4101 4325 4326
f 4101 4326 4102
f 4102 4326 4327
f 4102 4327 4103
f 4103 4327 4328
f 4103 4328 4104
f 4104 4328 4329
f 4104 4329 4105
f 4105 4329 4330
f 4105 4330 4106
f 4106 4330 4331
f 4106 4331 4107
f 4107 4331 4332
f 4107 4332 4108
f 4108 4332 4333
f 4108 4333 4109
f 4109 4333 4334
f 4109 4334 4110
f 4110 4334 4335
f 4110 4335 4111
f 4111 4335 4336
f 4111 4336 4112
f 4112 4336 4337
f 4112 4337 4113
f 4113 4337 4338
f 4113 4338 4114
f 4114 4338 4339
f 4114 4339 4115
f 4115 4339 4340
f 4115 4340 4116
f 4116 4340 4341
f 4116 4341 4117
f 4117 4341 4342
f 4117 4342 4118
f 4118 4342 4343
f 4118 4343 4119
f 4119 4343 4344
f 4119 4344 4120
f 4120 4344 4345
f 4120 4345 4121
f 4121 4345 4346
f 4121 4346 4122
f 4122 4346 4347
f 4122 4347 4123
f 4123 4347 4348
f 4123 4348 4124
f 4124 4348 4349
f 4124 4349 4125
f 4125 4349 4350
f 4125 4350 4126
f 4126 4350 4351
f 4126 4351 4127
f 4127 4351 4352
f 4127 4352 4128
f 4128 4352 4353
f 4128 4353 4129
f 4129 4353 4354
f 4129 4354 4130
f 4130 4354 4355
f 4130 4355 4131
f 4131 4355 4356
f 4131 4356 4132
f 4132 4356 4357
f 4132 4357 4133
f 4133 4357 4358
f 4133 4358 4134
f 4134 4358 4359
f 4134 4359 4135
f 4135 4359 4360
f 4135 4360 4136
f 4136 4360 4361
f 4136 4361 4137
f 4137 4361 4362
f 4137 4362 4138
f 4138 4362 4363
f 4138 4363 4139
f 4139 4363 4364
f 4139 4364 4140
f 4140 4364 4365
f 4140 4365 4141
f 4141 4365 4366
f 4141 4366 4142
f 4142 4366 4367
f 4142 4367 4143
f 4143 4367 4368
f 4143 4368 4144
f 4144 4368 4369
f 4144 4369 4145
f 4145 4369 4370
f 4145 4370 4146
f 4146 4370 4371
f 4146 4371 4147
f 4147 4371 4372
f 4147 4372 4148
f 4148 4372 4373
f 4148 4373 4149
f 4149 4373 4374
f 4149 4374 4150
f 4150 4374 4375
f 4150 4375 4151
f 4151 4375 4376
f 4151 4376 4152
f 4152 4376 4377
f 4152 4377 4153
f 4153 4377 4378
f 4153 4378 4154
f 4154 4378 4379
f 4154 4379 4155
f 4155 4379 4380
f 4155 4380 4156
f 4156 4380 4381
f 4156 4381 4157
f 4157 4381 4382
f 4157 4382 4158
f 4158 4382 4383
f 4158 4383 4159
f 4159 4383 4384
f 4159 4384 4160
f 4160 4384 4385
f 4160 4385 4161
f 4161 4385 4386
f 4161 4386 4162
f 4162 4386 4387
f 4162 4387 4163
f 4163 4387 4388
f 4163 4388 4164
f 4164 4388 4389
f 4164 4389 4165
f 4165 4389 4390
f 4165 4390 4166
f 4166 4390 4391
f 4166 4391 4167
f 4167 4391 4392
f 4167 4392 4168
f 4168 4392 4393
f 4168 4393 4169
f 4169 4393 4394
f 4169 4394 4170
f 4170 4394 4395
f 4170 4395 4171
f 4171 4395 4396
f 4171 4396 4172
f 4172 4396 4397
f 4172 4397 4173
f 4173 4397 4398
f 4173 4398 4174
f 4174 4398 4399
f 4174 4399 4175
f 4175 4399 4400
f 4175 4400 4176
f 4176 4400 4401
f 4176 4401 4177
f 4177 4401 4402
f 4177 4402 4178
f 4178 4402 4403
f 4178 4403 4179
f 4179 4403 4404
f 4179 4404 4180
f 4180 4404 4405
f 4180 4405 4181
f 4181 4405 4406
f 4181 4406 4182
f 4182 4406 4407
f 4182 4407 4183
f 4183 4407 4408
f 4183 4408 4184
f 4184 4408 4409
f 4184 4409 4185
f 4185 4409 4410
f 4185 4410 4186
f 4186 4410 4411
f 4186 4411 4187
f 4187 4411 4412
f 4187 4412 4188
f 4188 4412 4413
f 4188 4413 4189
f 4189 4413 4414
f 4189 4414 4190
f 4190 4414 4415
f 4190 4415 4191
f 4191 4415 4416
f 4191 4416 4192
f 4192 4416 4417
f 4192 4417 4193
f 4193 4417 4418
f 4193 4418 4194
f 4194 4418 4419
f 4194 4419 4195
f 4195 4419 4420
f 4195 4420 4196
f 4196 4420 4421
f 4196 4421 4197
f 4197 4421 4422
f 4197 4422 4198
f 4198 4422 4423
f 4198 4423 4199
f 4199 4423 4424
f 4199 4424 4200
f 4200 4424 4425
f 4200 4425 4201
f 4201 4425 4426
f 4201 4426 4202
f 4202 4426 4427
f 4202 4427 4203
f 4203 4427 4428
f 4203 4428 4204
f 4204 4428 4429
f 4204 4429 4205
f 4205 4429 4430
f 4205 4430 4206
f 4206 4430 4431
f 4206 4431 4207
f 4207 4431 4432
f 4207 4432 4208
f 4208 4432 4433
f 4208 4433 4209
f 4209 4433 4434
f 4209 4434 4210
f 4210 4434 4435
f 4210 4435 4211
f 4211 4435 4436
f 4211 4436 4212
f 4212 4436 4437
f 4212 4437 4213
f 4213 4437 4438
f 4213 4438 4214
f 4214 4438 4439
f 4214 4439 4215
f 4215 4439 4440
f 4215 4440 4216
f 4216 4440 4441
f 4216 4441 4217
f 4217 4441 4442
f 4217 4442 4218
f 4218 4442 4443
f 4218 4443 4219
f 4219 4443 4444
f 4219 4444 4220
f 4220 4444 4445
f 4220 4445 4221
f 4221 4445 4446
f 4221 4446 4222
f 4222 4446 4447
f 4222 4447 4223
f 4223 4447 4448
f 4223 4448 4224
f 4224 4448 4449
f 4224 4449 4225
f 4225 4449 4450
f 4225 4450 4226
f 4226 4450 4451
f 4226 4451 4227
f 4227 4451 4452
f 4227 4452 4228
f 4228 4452 4453
f 4228 4453 4229
f 4229 4453 4454
f 4229 4454 4230
f 4230 4454 4455
f 4230 4455 4231
f 4231 4455 4456
f 4231 4456 4232
f 4232 4456 4457
f 4232 4457 4233
f 4233 4457 4458
f 4233 4458 4234
f 4234 4458 4459
f 4234 4459 4235
f 4235 4459 4460
f 4235 4460 4236
f 4236 4460 4461
f 4236 4461 4237
f 4237 4461 4462
f 4237 4462 4238
f 4238 4462 4463
f 4238 4463 4239
f 4239 4463 4464
f 4239 4464 4240
f 4240 4464 4465
f 4240 4465 4241
f 4241 4465 4466
f 4241 4466 4242
f 4242 4466 4467
f 4242 4467 4243
f 4243 4467 4468
f 4243 4468 4244
f 4244 4468 4469
f 4244 4469 4245
f 4245 4469 4470
f 4245 4470 4246
f 4246 4470 4471
f 4246 4471 4247
f 4247 4471 4472
f 4247 4472 4248
f 4248 4472 4473
f 4248 4473 4249
f 4249 4473 4474
f 4249 4474 4250
f 4250 4474 4475
f 4250 4475 4251
f 4251 4475 4476
f 4251 4476 4252
f 4252 4476 4477
f 4252 4477 4253
f 4253 4477 4478
f 4253 4478 4254
f 4254 4478 4479
f 4254 4479 4255
f 4255 4479 4480
f 4255 4480 4256
f 4256 4480 4257
f 4256 4257 4033
f 4257 4481 4482
f 4257 4482 4258
f 4258 4482 4483
f 4258 4483 4259
f 4259 4483 4484
f 4259 4484 4260
f 4260 4484 4485
f 4260 4485 4261
f 4261 4485 4486
f 4261 4486 4262
f 4262 4486 4487
f 4262 4487 4263
f 4263 4487 4488
f 4263 4488 4264
f 4264 4488 4489
f 4264 4489 4265
f 4265 4489 4490
f 4265 4490 4266
f 4266 4490 4491
f 4266 4491 4267
f 4267 4491 4492
f 4267 4492 4268
f 4268 4492 4493
f 4268 4493 4269
f 4269 4493 4494
f 4269 4494 4270
f 4270 4494 4495
f 4270 4495 4271
f 4271 4495 4496
f 4271 4496 4272
f 4272 4496 4497
f 4272 4497 4273
f 4273 4497 4498
f 4273 4498 4274
f 4274 4498 4499
f 4274 4499 4275
f 4275 4499 4500
f 4275 4500 4276
f 4276 4500 4501
f 4276 4501 4277
f 4277 4501 4502
f 4277 4502 4278
f 4278 4502 4503
f 4278 4503 4279
f 4279 4503 4504
f 4279 4504 4280
f 4280 4504 4505
f 4280 4505 4281
f 4281 4505 4506
f 4281 4506 4282
f 4282 4506 4507
f 4282 4507 4283
f 4283 4507 4508
f 4283 4508 4284
f 4284 4508 4509
f 4284 4509 4285
f 4285 4509 4510
f 4285 4510 4286
f 4286 4510 4511
f 4286 4511 4287
f 4287 4511 4512
f 4287 4512 4288
f 4288 4512 4513
f 4288 4513 4289
f 4289 4513 4514
f 4289 4514 4290
f 4290 4514 4515
f 4290 4515 4291
f 4291 4515 4516
f 4291 4516 4292
f 4292 4516 4517
f 4292 4517 4293
f 4293 4517 4518
f 4293 4518 4294
f 4294 4518 4519
f 4294 4519 4295
f 4295 4519 4520
f 4295 4520 4296
f 4296 4520 4521
f 4296 4521 4297
f 4297 4521 4522
f 4297 4522 4298
f 4298 4522 4523
f 4298 4523 4299
f 4299 4523 4524
f 4299 4524 4300
f 4300 4524 4525
f 4300 4525 4301
f 4301 4525 4526
f 4301 4526 4302
f 4302 4526 4527
f 4302 4527 4303
f 4303 4527 4528
f 4303 4528 4304
f 4304 4528 4529
f 4304 4529 4305
f 4305 4529 4530
f 4305 4530 4306
f 4306 4530 4531
f 4306 4531 4307
f 4307 4531 4532
f 4307 4532 4308
f 4308 4532 4533
f 4308 4533 4309
f 4309 4533 4534
f 4309 4534 4310
f 4310 4534 4535
f 4310 4535 4311
f 4311 4535 4536
f 4311 4536 4312
f 4312 4536 4537
f 4312 4537 4313
f 4313 4537 4538
f 4313 4538 4314
f 4314 4538 4539
f 4314 4539 4315
f 4315 4539 4540
f 4315 4540 4316
f 4316 4540 4541
f 4316 4541 4317
f 4317 4541 4542
f 4317 4542 4318
f 4318 4542 4543
f 4318 4543 4319
f 4319 4543 4544
f 4319 4544 4320
f 4320 4544 4545
f 4320 4545 4321
f 4321 4545 4546
f 4321 4546 4322
f 4322 4546 4547
f 4322 4547 4323
f 4323 4547 4548
f 4323 4548 4324
f 4324 4548 4549
f 4324 4549 4325
f 4325 4549 4550
f 4325 4550 4326
f 4326 4550 4551
f 4326 4551 4327
f 4327 4551 4552
f 4327 4552 4328
f 4328 4552 4553
f 4328 4553 4329
f 4329 4553 4554
f 4329 4554 4330
f 4330 4554 4555
f 4330 4555 4331
f 4331 4555 4556
f 4331 4556 4332
f 4332 4556 4557
f 4332 4557 4333
f 4333 4557 4558
f 4333 4558 4334
f 4334 4558 4559
f 4334 4559 4335
f 4335 4559 4560
f 4335 4560 4336
f 4336 4560 4561
f 4336 4561 4337
f 4337 4561 4562
f 4337 4562 4338
f 4338 4562 4563
f 4338 4563 4339
f 4339 4563 4564
f 4339 4564 4340
f 4340 4564 4565
f 4340 4565 4341
f 4341 4565 4566
f 4341 4566 4342
f 4342 4566 4567
f 4342 4567 4343
f 4343 4567 4568
f 4343 4568 4344
f 4344 4568 4569
f 4344 4569 4345
f 4345 4569 4570
f 4345 4570 4346
f 4346 4570 4571
f 4346 4571 4347
f 4347 4571 4572
f 4347 4572 4348
f 4348 4572 4573
f 4348 4573 4349
f 4349 4573 4574
f 4349 4574 4350
f 4350 4574 4575
f 4350 4575 4351
f 4351 4575 4576
f 4351 4576 4352
f 4352 4576 4577
f 4352 4577 4353
f 4353 4577 4578
f 4353 4578 4354
f 4354 4578 4579
f 4354 4579 4355
f 4355 4579 4580
f 4355 4580 4356
f 4356 4580 4581
f 4356 4581 4357
f 4357 4581 4582
f 4357 4582 4358
f 4358 4582 4583
f 4358 4583 4359
f 4359 4583 4584
f 4359 4584 4360
f 4360 4584 4585
f 4360 4585 4361
f 4361 4585 4586
f 4361 4586 4362
f 4362 4586 4587
f 4362 4587 4363
f 4363 4587 4588
f 4363 4588 4364
f 4364 4588 4589
f 4364 4589 4365
f 4365 4589 4590
f 4365 4590 4366
f 4366 4590 4591
f 4366 4591 4367
f 4367 4591 4592
f 4367 4592 4368
f 4368 4592 4593
f 4368 4593 4369
f 4369 4593 4594
f 4369 4594 4370
f 4370 4594 4595
f 4370 4595 4371
f 4371 4595 4596
f 4371 4596 4372
f 4372 4596 4597
f 4372 4597 4373
f 4373 4597 4598
f 4373 4598 4374
f 4374 4598 4599
f 4374 4599 4375
f 4375 4599 4600
f 4375 4600 4376
f 4376 4600 4601
f 4376 4601 4377
f 4377 4601 4602
f 4377 4602 4378
f 4378 4602 4603
f 4378 4603 4379
f 4379 4603 4604
f 4379 4604 4380
f 4380 4604 4605
f 4380 4605 4381
f 4381 4605 4606
f 4381 4606 4382
f 4382 4606 4607
f 4382 4607 4383
f 4383 4607 4608
f 4383 4608 4384
f 4384 4608 4609
f 4384 4609 4385
f 4385 4609 4610
f 4385 4610 4386
f 4386 4610 4611
f 4386 4611 4387
f 4387 4611 4612
f 4387 4612 4388
f 4388 4612 4613
f 4388 4613 4389
f 4389 4613 4614
f 4389 4614 4390
f 4390 4614 4615
f 4390 4615 4391
f 4391 4615 4616
f 4391 4616 4392
f 4392 4616 4617
f 4392 4617 4393
f 4393 4617 4618
f 4393 4618 4394
f 4394 4618 4619
f 4394 4619 4395
f 4395 4619 4620
f 4395 4620 4396
f 4396 4620 4621
f 4396 4621 4397
f 4397 4621 4622
f 4397 4622 4398
f 4398 4622 4623
f 4398 4623 4399
f 4399 4623 4624
f 4399 4624 4400
f 4400 4624 4625
f 4400 4625 4401
f 4401 4625 4626
f 4401 4626 4402
f 4402 4626 4627
f 4402 4627 4403
f 4403 4627 4628
f 4403 4628 4404
f 4404 4628 4629
f 4404 4629 4405
f 4405 4629 4630
f 4405 4630 4406
f 4406 4630 4631
f 4406 4631 4407
f 4407 4631 4632
f 4407 4632 4408
f 4408 4632 4633
f 4408 4633 4409
f 4409 4633 4634
f 4409 4634 4410
f 4410 4634 4635
f 4410 4635 4411
f 4411 4635 4636
f 4411 4636 4412
f 4412 4636 4637
f 4412 4637 4413
f 4413 4637 4638
f 4413 4638 4414
f 4414 4638 4639
f 4414 4639 4415
f 4415 4639 4640
f 4415 4640 4416
f 4416 4640 4641
f 4416 4641 4417
f 4417 4641 4642
f 4417 4642 4418
f 4418 4642 4643
f 4418 4643 4419
f 4419 4643 4644
f 4419 4644 4420
f 4420 4644 4645
f 4420 4645 4421
f 4421 4645 4646
f 4421 4646 4422
f 4422 4646 4647
f 4422 4647 4423
f 4423 4647 4648
f 4423 4648 4424
f 4424 4648 4649
f 4424 4649 4425
f 4425 4649 4650
f 4425 4650 4426
f 4426 4650 4651
f 4426 4651 4427
f 4427 4651 4652
f 4427 4652 4428
f 4428 4652 4653
f 4428 4653 4429
f 4429 4653 4654
f 4429 4654 4430
f 4430 4654 4655
f 4430 4655 4431
f 4431 4655 4656
f 4431 4656 4432
f 4432 4656 4657
f 4432 4657 4433
f 4433 4657 4658
f 4433 4658 4434
f 4434 4658 4659
f 4434 4659 4435
f 4435 4659 4660
f 4435 4660 4436
f 4436 4660 4661
f 4436 4661 4437
f 4437 4661 4662
f 4437 4662 4438
f 4438 4662 4663
f 4438 4663 4439
f 4439 4663 4664
f 4439 4664 4440
f 4440 4664 4665
f 4440 4665 4441
f 4441 4665 4666
f 4441 4666 4442
f 4442 4666 4667
f 4442 4667 4443
f 4443 4667 4668
f 4443 4668 4444
f 4444 4668 4669
f 4444 4669 4445
f 4445 4669 4670
f 4445 4670 4446
f 4446 4670 4671
f 4446 4671 4447
f 4447 4671 4672
f 4447 4672 4448
f 4448 4672 4673
f 4448 4673 4449
f 4449 4673 4674
f 4449 4674 4450
f 4450 4674 4675
f 4450 4675 4451
f 4451 4675 4676
f 4451 4676 4452
f 4452 4676 4677
f 4452 4677 4453
f 4453 4677 4678
f 4453 4678 4454
f 4454 4678 4679
f 4454 4679 4455
f 4455 4679 4680
f 4455 4680 4456
f 4456 4680 4681
f 4456 4681 4457
f 4457 4681 4682
f 4457 4682 4458
f 4458 4682 4683
f 4458 4683 4459
f 4459 4683 4684
f 4459 4684 4460
f 4460 4684 4685
f 4460 4685 4461
f 4461 4685 4686
f 4461 4686 4462
f 4462 4686 4687
f 4462 4687 4463
f 4463 4687 4688
f 4463 4688 4464
f 4464 4688 4689
f 4464 4689 4465
f 4465 4689 4690
f 4465 4690 4466
f 4466 4690 4691
f 4466 4691 4467
f 4467 4691 4692
f 4467 4692 4468
f 4468 4692 4693
f 4468 4693 4469
f 4469 4693 4694
f 4469 4694 4470
f 4470 4694 4695
f 4470 4695 4471
f 4471 4695 4696
f 4471 4696 4472
f 4472 4696 4697
f 4472 4697 4473
f 4473 4697 4698
f 4473 4698 4474
f 4474 4698 4699
f 4474 4699 4475
f 4475 4699 4700
f 4475 4700 4476
f 4476 4700 4701
f 4476 4701 4477
f 4477 4701 4702
f 4477 4702 4478
f 4478 4702 4703
f 4478 4703 4479
f 4479 4703 4704
f 4479 4704 4480
f 4480 4704 4481
f 4480 4481 4257
f 4481 4705 4706
f 4481 4706 4482
f 4482 4706 4707
f 4482 4707 4483
f 4483 4707 4708
f 4483 4708 4484
f 4484 4708 4709
f 4484 4709 4485
f 4485 4709 4710
f 4485 4710 4486
f 4486 4710 4711
f 4486 4711 4487
f 4487 4711 4712
f 4487 4712 4488
f 4488 4712 4713
f 4488 4713 4489
f 4489 4713 4714
f 4489 4714 4490
f 4490 4714 4715
f 4490 4715 4491
f 4491 4715 4716
f 4491 4716 4492
f 4492 4716 4717
f 4492 4717 4493
f 4493 4717 4718
f 4493 4718 4494
f 4494 4718 4719
f 4494 4719 4495
f 4495 4719 4720
f 4495 4720 4496
f 4496 4720 4721
f 4496 4721 4497
f 4497 4721 4722
f 4497 4722 4498
f 4498 4722 4723
f 4498 4723 4499
f 4499 4723 4724
f 4499 4724 4500
f 4500 4724 4725
f 4500 4725 4501
f 4501 4725 4726
f 4501 4726 4502
f 4502 4726 4727
f 4502 4727 4503
f 4503 4727 4728
f 4503 4728 4504
f 4504 4728 4729
f 4504 4729 4505
f 4505 4729 4730
f 4505 4730 4506
f 4506 4730 4731
f 4506 4731 4507
f 4507 4731 4732
f 4507 4732 4508
f 4508 4732 4733
f 4508 4733 4509
f 4509 4733 4734
f 4509 4734 4510
f 4510 4734 4735
f 4510 4735 4511
f 4511 4735 4736
f 4511 4736 4512
f 4512 4736 4737
f 4512 4737 4513
f 4513 4737 4738
f 4513 4738 4514
f 4514 4738 4739
f 4514 4739 4515
f 4515 4739 4740
f 4515 4740 4516
f 4516 4740 4741
f 4516 4741 4517
f 4517 4741 4742
f 4517 4742 4518
f 4518 4742 4743
f 4518 4743 4519
f 4519 4743 4744
f 4519 4744 4520
f 4520 4744 4745
f 4520 4745 4521
f 4521 4745 4746
f 4521 4746 4522
f 4522 4746 4747
f 4522 4747 4523
f 4523 4747 4748
f 4523 4748 4524
f 4524 4748 4749
f 4524 4749 4525
f 4525 4749 4750
f 4525 4750 4526
f 4526 4750 4751
f 4526 4751 4527
f 4527 4751 4752
f 4527 4752 4528
f 4528 4752 4753
f 4528 4753 4529
f 4529 4753 4754
f 4529 4754 4530
f 4530 4754 4755
f 4530 4755 4531
f 4531 4755 4756
f 4531 4756 4532
f 4532 4756 4757
f 4532 4757 4533
f 4533 4757 4758
f 4533 4758 4534
f 4534 4758 4759
f 4534 4759 4535
f 4535 4759 4760
f 4535 4760 4536
f 4536 4760 4761
f 4536 4761 4537
f 4537 4761 4762
f 4537 4762 4538
f 4538 4762 4763
f 4538 4763 4539
f 4539 4763 4764
f 4539 4764 4540
f 4540 4764 4765
f 4540 4765 4541
f 4541 4765 4766
f 4541 4766 4542
f 4542 4766 4767
f 4542 4767 4543
f 4543 4767 4768
f 4543 4768 4544
f 4544 4768 4769
f 4544 4769 4545
f 4545 4769 4770
f 4545 4770 4546
f 4546 4770 4771
f 4546 4771 4547
f 4547 4771 4772
f 4547 4772 4548
f 4548 4772 4773
f 4548 4773 4549
f 4549 4773 4774
f 4549 4774 4550
f 4550 4774 4775
f 4550 4775 4551
f 4551 4775 4776
f 4551 4776 4552
f 4552 4776 4777
f 4552 4777 4553
f 4553 4777 4778
f 4553 4778 4554
f 4554 4778 4779
f 4554 4779 4555
f 4555 4779 4780
f 4555 4780 4556
f 4556 4780 4781
f 4556 4781 4557
f 4557 4781 4782
f 4557 4782 4558
f 4558 4782 4783
f 4558 4783 4559
f 4559 4783 4784
f 4559 4784 4560
f 4560 4784 4785
f 4560 4785 4561
f 4561 4785 4786
f 4561 4786 4562
f 4562 4786 4787
f 4562 4787 4563
f 4563 4787 4788
f 4563 4788 4564
f 4564 4788 4789
f 4564 4789 4565
f 4565 4789 4790
f 4565 4790 4566
f 4566 4790 4791
f 4566 4791 4567
f 4567 4791 4792
f 4567 4792 4568
f 4568 4792 4793
f 4568 4793 4569
f 4569 4793 4794
f 4569 4794 4570
f 4570 4794 4795
f 4570 4795 4571
f 4571 4795 4796
f 4571 4796 4572
f 4572 4796 4797
f 4572 4797 4573
f 4573 4797 4798
f 4573 4798 4574
f 4574 4798 4799
f 4574 4799 4575
f 4575 4799 4800
f 4575 4800 4576
f 4576 4800 4801
f 4576 4801 4577
f 4577 4801 4802
f 4577 4802 4578
f 4578 4802 4803
f 4578 4803 4579
f 4579 4803 4804
f 4579 4804 4580
f 4580 4804 4805
f 4580 4805 4581
f 4581 4805 4806
f 4581 4806 4582
f 4582 4806 4807
f 4582 4807 4583
f 4583 4807 4808
f 4583 4808 4584
f 4584 4808 4809
f 4584 4809 4585
f 4585 4809 4810
f 4585 4810 4586
f 4586 4810 4811
f 4586 4811 4587
f 4587 4811 4812
f 4587 4812 4588
f 4588 4812 4813
f 4588 4813 4589
f 4589 4813 4814
f 4589 4814 4590
f 4590 4814 4815
f 4590 4815 4591
f 4591 4815 4816
f 4591 4816 4592
f 4592 4816 4817
f 4592 4817 4593
f 4593 4817 4818
f 4593 4818 4594
f 4594 4818 4819
f 4594 4819 4595
f 4595 4819 4820
f 4595 4820 4596
f 4596 4820 4821
f 4596 4821 4597
f 4597 4821 4822
f 4597 4822 4598
f 4598 4822 4823
f 4598 4823 4599
f 4599 4823 4824
f 4599 4824 4600
f 4600 4824 4825
f 4600 4825 4601
f 4601 4825 4826
f 4601 4826 4602
f 4602 4826 4827
f 4602 4827 4603
f 4603 4827 4828
f 4603 4828 4604
f 4604 4828 4829
f 4604 4829 4605
f 4605 4829 4830
f 4605 4830 4606
f 4606 4830 4831
f 4606 4831 4607
f 4607 4831 4832
f 4607 4832 4608
f 4608 4832 4833
f 4608 4833 4609
f 4609 4833 4834
f 4609 4834 4610
f 4610 4834 4835
f 4610 4835 4611
f 4611 4835 4836
f 4611 4836 4612
f 4612 4836 4837
f 4612 4837 4613
f 4613 4837 4838
f 4613 4838 4614
f 4614 4838 4839
f 4614 4839 4615
f 4615 4839 4840
f 4615 4840 4616
f 4616 4840 4841
f 4616 4841 4617
f 4617 4841 4842
f 4617 4842 4618
f 4618 4842 4843
f 4618 4843 4619
f 4619 4843 4844
f 4619 4844 4620
f 4620 4844 4845
f 4620 4845 4621
f 4621 4845 4846
f 4621 4846 4622
f 4622 4846 4847
f 4622 4847 4623
f 4623 4847 4848
f 4623 4848 4624
f 4624 4848 4849
f 4624 4849 4625
f 4625 4849 4850
f 4625 4850 4626
f 4626 4850 4851
f 4626 4851 4627
f 4627 4851 4852
f 4627 4852 4628
f 4628 4852 4853
f 4628 4853 4629
f 4629 4853 4854
f 4629 4854 4630
f 4630 4854 4855
f 4630 4855 4631
f 4631 4855 4856
f 4631 4856 4632
f 4632 4856 4857
f 4632 4857 4633
f 4633 4857 4858
f 4633 4858 4634
f 4634 4858 4859
f 4634 4859 4635
f 4635 4859 4860
f 4635 4860 4636
f 4636 4860 4861
f 4636 4861 4637
f 4637 4861 4862
f 4637 4862 4638
f 4638 4862 4863
f 4638 4863 4639
f 4639 4863 4864
f 4639 4864 4640
f 4640 4864 4865
f 4640 4865 4641
f 4641 4865 4866
f 4641 4866 4642
f 4642 4866 4867
f 4642 4867 4643
f 4643 4867 4868
f 4643 4868 4644
f 4644 4868 4869
f 4644 4869 4645
f 4645 4869 4870
f 4645 4870 4646
f 4646 4870 4871
f 4646 4871 4647
f 4647 4871 4872
f 4647 4872 4648
f 4648 4872 4873
f 4648 4873 4649
f 4649 4873 4874
f 4649 4874 4650
f 4650 4874 4875
f 4650 4875 4651
f 4651 4875 4876
f 4651 4876 4652
f 4652 4876 4877
f 4652 4877 4653
f 4653 4877 4878
f 4653 4878 4654
f 4654 4878 4879
f 4654 4879 4655
f 4655 4879 4880
f 4655 4880 4656
f 4656 4880 4881
f 4656 4881 4657
f 4657 4881 4882
f 4657 4882 4658
f 4658 4882 4883
f 4658 4883 4659
f 4659 4883 4884
f 4659 4884 4660
f 4660 4884 4885
f 4660 4885 4661
f 4661 4885 4886
f 4661 4886 4662
f 4662 4886 4887
f 4662 4887 4663
f 4663 4887 4888
f 4663 4888 4664
f 4664 4888 4889
f 4664 4889 4665
f 4665 4889 4890
f 4665 4890 4666
f 4666 4890 4891
f 4666 4891 4667
f 4667 4891 4892
f 4667 4892 4668
f 4668 4892 4893
f 4668 4893 4669
f 4669 4893 4894
f 4669 4894 4670
f 4670 4894 4895
f 4670 4895 4671
f 4671 4895 4896
f 4671 4896 4672
f 4672 4896 4897
f 4672 4897 4673
f 4673 4897 4898
f 4673 4898 4674
f 4674 4898 4899
f 4674 4899 4675
f 4675 4899 4900
f 4675 4900 4676
f 4676 4900 4901
f 4676 4901 4677
f 4677 4901 4902
f 4677 4902 4678
f 4678 4902 4903
f 4678 4903 4679
f 4679 4903 4904
f 4679 4904 4680
f 4680 4904 4905
f 4680 4905 4681
f 4681 4905 4906
f 4681 4906 4682
f 4682 4906 4907
f 4682 4907 4683
f 4683 4907 4908
f 4683 4908 4684
f 4684 4908 4909
f 4684 4909 4685
f 4685 4909 4910
f 4685 4910 4686
f 4686 4910 4911
f 4686 4911 4687
f 4687 4911 4912
f 4687 4912 4688
f 4688 4912 4913
f 4688 4913 4689
f 4689 4913 4914
f 4689 4914 4690
f 4690 4914 4915
f 4690 4915 4691
f 4691 4915 4916
f 4691 4916 4692
f 4692 4916 4917
f 4692 4917 4693
f 4693 4917 4918
f 4693 4918 4694
f 4694 4918 4919
f 4694 4919 4695
f 4695 4919 4920
f 4695 4920 4696
f 4696 4920 4921
f 4696 4921 4697
f 4697 4921 4922
f 4697 4922 4698
f 4698 4922 4923
f 4698 4923 4699
f 4699 4923 4924
f 4699 4924 4700
f 4700 4924 4925
f 4700 4925 4701
f 4701 4925 4926
f 4701 4926 4702
f 4702 4926 4927
f 4702 4927 4703
f 4703 4927 4928
f 4703 4928 4704
f 4704 4928 4705
f 4704 4705 4481
f 4705 4929 4930
f 4705 4930 4706
f 4706 4930 4931
f 4706 4931 4707
f 4707 4931 4932
f 4707 4932 4708
f 4708 4932 4933
f 4708 4933 4709
f 4709 4933 4934
f 4709 4934 4710
f 4710 4934 4935
f 4710 4935 4711
f 4711 4935 4936
f 4711 4936 4712
f 4712 4936 4937
f 4712 4937 4713
f 4713 4937 4938
f 4713 4938 4714
f 4714 4938 4939
f 4714 4939 4715
f 4715 4939 4940
f 4715 4940 4716
f 4716 4940 4941
f 4716 4941 4717
f 4717 4941 4942
f 4717 4942 4718
f 4718 4942 4943
f 4718 4943 4719
f 4719 4943 4944
f 4719 4944 4720
f 4720 4944 4945
f 4720 4945 4721
f 4721 4945 4946
f 4721 4946 4722
f 4722 4946 4947
f 4722 4947 4723
f 4723 4947 4948
f 4723 4948 4724
f 4724 4948 4949
f 4724 4949 4725
f 4725 4949 4950
f 4725 4950 4726
f 4726 4950 4951
f 4726 4951 4727
f 4727 4951 4952
f 4727 4952 4728
f 4728 4952 4953
f 4728 4953 4729
f 4729 4953 4954
f 4729 4954 4730
f 4730 4954 4955
f 4730 4955 4731
f 4731 4955 4956
f 4731 4956 4732
f 4732 4956 4957
f 4732 4957 4733
f 4733 4957 4958
f 4733 4958 4734
f 4734 4958 4959
f 4734 4959 4735
f 4735 4959 4960
f 4735 4960 4736
f 4736 4960 4961
f 4736 4961 4737
f 4737 4961 4962
f 4737 4962 4738
f 4738 4962 4963
f 4738 4963 4739
f 4739 4963 4964
f 4739 4964 4740
f 4740 4964 4965
f 4740 4965 4741
f 4741 4965 4966
f 4741 4966 4742
f 4742 4966 4967
f 4742 4967 4743
f 4743 4967 4968
f 4743 4968 4744
f 4744 4968 4969
f 4744 4969 4745
f 4745 4969 4970
f 4745 4970 4746
f 4746 4970 4971
f 4746 4971 4747
f 4747 4971 4972
f 4747 4972 4748
f 4748 4972 4973
f 4748 4973 4749
f 4749 4973 4974
f 4749 4974 4750
f 4750 4974 4975
f 4750 4975 4751
f 4751 4975 4976
f 4751 4976 4752
f 4752 4976 4977
f 4752 4977 4753
f 4753 4977 4978
f 4753 4978 4754
f 4754 4978 4979
f 4754 4979 4755
f 4755 4979 4980
f 4755 4980 4756
f 4756 4980 4981
f 4756 4981 4757
f 4757 4981 4982
f 4757 4982 4758
f 4758 4982 4983
f 4758 4983 4759
f 4759 4983 4984
f 4759 4984 4760
f 4760 4984 4985
f 4760 4985 4761
f 4761 4985 4986
f 4761 4986 4762
f 4762 4986 4987
f 4762 4987 4763
f 4763 4987 4988
f 4763 4988 4764
f 4764 4988 4989
f 4764 4989 4765
f 4765 4989 4990
f 4765 4990 4766
f 4766 4990 4991
f 4766 4991 4767
f 4767 4991 4992
f 4767 4992 4768
f 4768 4992 4993
f 4768 4993 4769
f 4769 4993 4994
f 4769 4994 4770
f 4770 4994 4995
f 4770 4995 4771
f 4771 4995 4996
f 4771 4996 4772
f 4772 4996 4997
f 4772 4997 4773
f 4773 4997 4998
f 4773 4998 4774
f 4774 4998 4999
f 4774 4999 4775
f 4775 4999 5000
f 4775 5000 4776
f 4776 5000 5001
f 4776 5001 4777
f 4777 5001 5002
f 4777 5002 4778
f 4778 5002 5003
f 4778 5003 4779
f 4779 5003 5004
f 4779 5004 4780
f 4780 5004 5005
f 4780 5005 4781
f 4781 5005 5006
f 4781 5006 4782
f 4782 5006 5007
f 4782 5007 4783
f 4783 5007 5008
f 4783 5008 4784
f 4784 5008 5009
f 4784 5009 4785
f 4785 5009 5010
f 4785 5010 4786
f 4786 5010 5011
f 4786 5011 4787
f 4787 5011 5012
f 4787 5012 4788
f 4788 5012 5013
f 4788 5013 4789
f 4789 5013 5014
f 4789 5014 4790
f 4790 5014 5015
f 4790 5015 4791
f 4791 5015 5016
f 4791 5016 4792
f 4792 5016 5017
f 4792 5017 4793
f 4793 5017 5018
f 4793 5018 4794
f 4794 5018 5019
f 4794 5019 4795
f 4795 5019 5020
f 4795 5020 4796
f 4796 5020 5021
f 4796 5021 4797
f 4797 5021 5022
f 4797 5022 4798
f 4798 5022 5023
f 4798 5023 4799
f 4799 5023 5024
f 4799 5024 4800
f 4800 5024 5025
f 4800 5025 4801
f 4801 5025 5026
f 4801 5026 4802
f 4802 5026 5027
f 4802 5027 4803
f 4803 5027 5028
f 4803 5028 4804
f 4804 5028 5029
f 4804 5029 4805
f 4805 5029 5030
f 4805 5030 4806
f 4806 5030 5031
f 4806 5031 4807
f 4807 5031 5032
f 4807 5032 4808
f 4808 5032 5033
f 4808 5033 4809
f 4809 5033 5034
f 4809 5034 4810
f 4810 5034 5035
f 4810 5035 4811
f 4811 5035 5036
f 4811 5036 4812
f 4812 5036 5037
f 4812 5037 4813
f 4813 5037 5038
f 4813 5038 4814
f 4814 5038 5039
f 4814 5039 4815
f 4815 5039 5040
f 4815 5040 4816
f 4816 5040 5041
f 4816 5041 4817
f 4817 5041 5042
f 4817 5042 4818
f 4818 5042 5043
f 4818 5043 4819
f 4819 5043 5044
f 4819 5044 4820
f 4820 5044 5045
f 4820 5045 4821
f 4821 5045 5046
f 4821 5046 4822
f 4822 5046 5047
f 4822 5047 4823
f 4823 5047 5048
f 4823 5048 4824
f 4824 5048 5049
f 4824 5049 4825
f 4825 5049 5050
f 4825 5050 4826
f 4826 5050 5051
f 4826 5051 4827
f 4827 5051 5052
f 4827 5052 4828
f 4828 5052 5053
f 4828 5053 4829
f 4829 5053 5054
f 4829 5054 4830
f 4830 5054 5055
f 4830 5055 4831
f 4831 5055 5056
f 4831 5056 4832
f 4832 5056 5057
f 4832 5057 4833
f 4833 5057 5058
f 4833 5058 4834
f 4834 5058 5059
f 4834 5059 4835
f 4835 5059 5060
f 4835 5060 4836
f 4836 5060 5061
f 4836 5061 4837
f 4837 5061 5062
f 4837 5062 4838
f 4838 5062 5063
f 4838 5063 4839
f 4839 5063 5064
f 4839 5064 4840
f 4840 5064 5065
f 4840 5065 4841
f 4841 5065 5066
f 4841 5066 4842
f 4842 5066 5067
f 4842 5067 4843
f 4843 5067 5068
f 4843 5068 4844
f 4844 5068 5069
f 4844 5069 4845
f 4845 5069 5070
f 4845 5070 4846
f 4846 5070 5071
f 4846 5071 4847
f 4847 5071 5072
f 4847 5072 4848
f 4848 5072 5073
f 4848 5073 4849
f 4849 5073 5074
f 4849 5074 4850
f 4850 5074 5075
f 4850 5075 4851
f 4851 5075 5076
f 4851 5076 4852
f 4852 5076 5077
f 4852 5077 4853
f 4853 5077 5078
f 4853 5078 4854
f 4854 5078 5079
f 4854 5079 4855
f 4855 5079 5080
f 4855 5080 4856
f 4856 5080 5081
f 4856 5081 4857
f 4857 5081 5082
f 4857 5082 4858
f 4858 5082 5083
f 4858 5083 4859
f 4859 5083 5084
f 4859 5084 4860
f 4860 5084 5085
f 4860 5085 4861
f 4861 5085 5086
f 4861 5086 4862
f 4862 5086 5087
f 4862 5087 4863
f 4863 5087 5088
f 4863 5088 4864
f 4864 5088 5089
f 4864 5089 4865
f 4865 5089 5090
f 4865 5090 4866
f 4866 5090 5091
f 4866 5091 4867
f 4867 5091 5092
f 4867 5092 4868
f 4868 5092 5093
f 4868 5093 4869
f 4869 5093 5094
f 4869 5094 4870
f 4870 5094 5095
f 4870 5095 4871
f 4871 5095 5096
f 4871 5096 4872
f 4872 5096 5097
f 4872 5097 4873
f 4873 5097 5098
f 4873 5098 4874
f 4874 5098 5099
f 4874 5099 4875
f 4875 5099 5100
f 4875 5100 4876
f 4876 5100 5101
f 4876 5101 4877
f 4877 5101 5102
f 4877 5102 4878
f 4878 5102 5103
f 4878 5103 4879
f 4879 5103 5104
f 4879 5104 4880
f 4880 5104 5105
f 4880 5105 4881
f 4881 5105 5106
f 4881 5106 4882
f 4882 5106 5107
f 4882 5107 4883
f 4883 5107 5108
f 4883 5108 4884
f 4884 5108 5109
f 4884 5109 4885
f 4885 5109 5110
f 4885 5110 4886
f 4886 5110 5111
f 4886 5111 4887
f 4887 5111 5112
f 4887 5112 4888
f 4888 5112 5113
f 4888 5113 4889
f 4889 5113 5114
f 4889 5114 4890
f 4890 5114 5115
f 4890 5115 4891
f 4891 5115 5116
f 4891 5116 4892
f 4892 5116 5117
f 4892 5117 4893
f 4893 5117 5118
f 4893 5118 4894
f 4894 5118 5119
f 4894 5119 4895
f 4895 5119 5120
f 4895 5120 4896
f 4896 5120 5121
f 4896 5121 4897
f 4897 5121 5122
f 4897 5122 4898
f 4898 5122 5123
f 4898 5123 4899
f 4899 5123 5124
f 4899 5124 4900
f 4900 5124 5125
f 4900 5125 4901
f 4901 5125 5126
f 4901 5126 4902
f 4902 5126 5127
f 4902 5127 4903
f 4903 5127 5128
f 4903 5128 4904
f 4904 5128 5129
f 4904 5129 4905
f 4905 5129 5130
f 4905 5130 4906
f 4906 5130 5131
f 4906 5131 4907
f 4907 5131 5132
f 4907 5132 4908
f 4908 5132 5133
f 4908 5133 4909
f 4909 5133 5134
f 4909 5134 4910
f 4910 5134 5135
f 4910 5135 4911
f 4911 5135 5136
f 4911 5136 4912
f 4912 5136 5137
f 4912 5137 4913
f 4913 5137 5138
f 4913 5138 4914
f 4914 5138 5139
f 4914 5139 4915
f 4915 5139 5140
f 4915 5140 4916
f 4916 5140 5141
f 4916 5141 4917
f 4917 5141 5142
f 4917 5142 4918
f 4918 5142 5143
f 4918 5143 4919
f 4919 5143 5144
f 4919 5144 4920
f 4920 5144 5145
f 4920 5145 4921
f 4921 5145 5146
f 4921 5146 4922
f 4922 5146 5147
f 4922 5147 4923
f 4923 5147 5148
f 4923 5148 4924
f 4924 5148 5149
f 4924 5149 4925
f 4925 5149 5150
f 4925 5150 4926
f 4926 5150 5151
f 4926 5151 4927
f 4927 5151 5152
f 4927 5152 4928
f 4928 5152 4929
f 4928 4929 4705
f 4929 5153 5154
f 4929 5154 4930
f 4930 5154 5155
f 4930 5155 4931
f 4931 5155 5156
f 4931 5156 4932
f 4932 5156 5157
f 4932 5157 4933
f 4933 5157 5158
f 4933 5158 4934
f 4934 5158 5159
f 4934 5159 4935
f 4935 5159 5160
f 4935 5160 4936
f 4936 5160 5161
f 4936 5161 4937
f 4937 5161 5162
f 4937 5162 4938
f 4938 5162 5163
f 4938 5163 4939
f 4939 5163 5164
f 4939 5164 4940
f 4940 5164 5165
f 4940 5165 4941
f 4941 5165 5166
f 4941 5166 4942
f 4942 5166 5167
f 4942 5167 4943
f 4943 5167 5168
f 4943 5168 4944
f 4944 5168 5169
f 4944 5169 4945
f 4945 5169 5170
f 4945 5170 4946
f 4946 5170 5171
f 4946 5171 4947
f 4947 5171 5172
f 4947 5172 4948
f 4948 5172 5173
f 4948 5173 4949
f 4949 5173 5174
f 4949 5174 4950
f 4950 5174 5175
f 4950 5175 4951
f 4951 5175 5176
f 4951 5176 4952
f 4952 5176 5177
f 4952 5177 4953
f 4953 5177 5178
f 4953 5178 4954
f 4954 5178 5179
f 4954 5179 4955
f 4955 5179 5180
f 4955 5180 4956
f 4956 5180 5181
f 4956 5181 4957
f 4957 5181 5182
f 4957 5182 4958
f 4958 5182 5183
f 4958 5183 4959
f 4959 5183 5184
f 4959 5184 4960
f 4960 5184 5185
f 4960 5185 4961
f 4961 5185 5186
f 4961 5186 4962
f 4962 5186 5187
f 4962 5187 4963
f 4963 5187 5188
f 4963 5188 4964
f 4964 5188 5189
f 4964 5189 4965
f 4965 5189 5190
f 4965 5190 4966
f 4966 5190 5191
f 4966 5191 4967
f 4967 5191 5192
f 4967 5192 4968
f 4968 5192 5193
f 4968 5193 4969
f 4969 5193 5194
f 4969 5194 4970
f 4970 5194 5195
f 4970 5195 4971
f 4971 5195 5196
f 4971 5196 4972
f 4972 5196 5197
f 4972 5197 4973
f 4973 5197 5198
f 4973 5198 4974
f 4974 5198 5199
f 4974 5199 4975
f 4975 5199 5200
f 4975 5200 4976
f 4976 5200 5201
f 4976 5201 4977
f 4977 5201 5202
f 4977 5202 4978
f 4978 5202 5203
f 4978 5203 4979
f 4979 5203 5204
f 4979 5204 4980
f 4980 5204 5205
f 4980 5205 4981
f 4981 5205 5206
f 4981 5206 4982
f 4982 5206 5207
f 4982 5207 4983
f 4983 5207 5208
f 4983 5208 4984
f 4984 5208 5209
f 4984 5209 4985
f 4985 5209 5210
f 4985 5210 4986
f 4986 5210 5211
f 4986 5211 4987
f 4987 5211 5212
f 4987 5212 4988
f 4988 5212 5213
f 4988 5213 4989
f 4989 5213 5214
f 4989 5214 4990
f 4990 5214 5215
f 4990 5215 4991
f 4991 5215 5216
f 4991 5216 4992
f 4992 5216 5217
f 4992 5217 4993
f 4993 5217 5218
f 4993 5218 4994
f 4994 5218 5219
f 4994 5219 4995
f 4995 5219 5220
f 4995 5220 4996
f 4996 5220 5221
f 4996 5221 4997
f 4997 5221 5222
f 4997 5222 4998
f 4998 5222 5223
f 4998 5223 4999
f 4999 5223 5224
f 4999 5224 5000
f 5000 5224 5225
f 5000 5225 5001
f 5001 5225 5226
f 5001 5226 5002
f 5002 5226 5227
f 5002 5227 5003
f 5003 5227 5228
f 5003 5228 5004
f 5004 5228 5229
f 5004 5229 5005
f 5005 5229 5230
f 5005 5230 5006
f 5006 5230 5231
f 5006 5231 5007
f 5007 5231 5232
f 5007 5232 5008
f 5008 5232 5233
f 5008 5233 5009
f 5009 5233 5234
f 5009 5234 5010
f 5010 5234 5235
f 5010 5235 5011
f 5011 5235 5236
f 5011 5236 5012
f 5012 5236 5237
f 5012 5237 5013
f 5013 5237 5238
f 5013 5238 5014
f 5014 5238 5239
f 5014 5239 5015
f 5015 5239 5240
f 5015 5240 5016
f 5016 5240 5241
f 5016 5241 5017
f 5017 5241 5242
f 5017 5242 5018
f 5018 5242 5243
f 5018 5243 5019
f 5019 5243 5244
f 5019 5244 5020
f 5020 5244 5245
f 5020 5245 5021
f 5021 5245 5246
f 5021 5246 5022
f 5022 5246 5247
f 5022 5247 5023
f 5023 5247 5248
f 5023 5248 5024
f 5024 5248 5249
f 5024 5249 5025
f 5025 5249 5250
f 5025 5250 5026
f 5026 5250 5251
f 5026 5251 5027
f 5027 5251 5252
f 5027 5252 5028
f 5028 5252 5253
f 5028 5253 5029
f 5029 5253 5254
f 5029 5254 5030
f 5030 5254 5255
f 5030 5255 5031
f 5031 5255 5256
f 5031 5256 5032
f 5032 5256 5257
f 5032 5257 5033
f 5033 5257 5258
f 5033 5258 5034
f 5034 5258 5259
f 5034 5259 5035
f 5035 5259 5260
f 5035 5260 5036
f 5036 5260 5261
f 5036 5261 5037
f 5037 5261 5262
f 5037 5262 5038
f 5038 5262 5263
f 5038 5263 5039
f 5039 5263 5264
f 5039 5264 5040
f 5040 5264 5265
f 5040 5265 5041
f 5041 5265 5266
f 5041 5266 5042
f 5042 5266 5267
f 5042 5267 5043
f 5043 5267 5268
f 5043 5268 5044
f 5044 5268 5269
f 5044 5269 5045
f 5045 5269 5270
f 5045 5270 5046
f 5046 5270 5271
f 5046 5271 5047
f 5047 5271 5272
f 5047 5272 5048
f 5048 5272 5273
f 5048 5273 5049
f 5049 5273 5274
f 5049 5274 5050
f 5050 5274 5275
f 5050 5275 5051
f 5051 5275 5276
f 5051 5276 5052
f 5052 5276 5277
f 5052 5277 5053
f 5053 5277 5278
f 5053 5278 5054
f 5054 5278 5279
f 5054 5279 5055
f 5055 5279 5280
f 5055 5280 5056
f 5056 5280 5281
f 5056 5281 5057
f 5057 5281 5282
f 5057 5282 5058
f 5058 5282 5283
f 5058 5283 5059
f 5059 5283 5284
f 5059 5284 5060
f 5060 5284 5285
f 5060 5285 5061
f 5061 5285 5286
f 5061 5286 5062
f 5062 5286 5287
f 5062 5287 5063
f 5063 5287 5288
f 5063 5288 5064
f 5064 5288 5289
f 5064 5289 5065
f 5065 5289 5290
f 5065 5290 5066
f 5066 5290 5291
f 5066 5291 5067
f 5067 5291 5292
f 5067 5292 5068
f 5068 5292 5293
f 5068 5293 5069
f 5069 5293 5294
f 5069 5294 5070
f 5070 5294 5295
f 5070 5295 5071
f 5071 5295 5296
f 5071 5296 5072
f 5072 5296 5297
f 5072 5297 5073
f 5073 5297 5298
f 5073 5298 5074
f 5074 5298 5299
f 5074 5299 5075
f 5075 5299 5300
f 5075 5300 5076
f 5076 5300 5301
f 5076 5301 5077
f 5077 5301 5302
f 5077 5302 5078
f 5078 5302 5303
f 5078 5303 5079
f 5079 5303 5304
f 5079 5304 5080
f 5080 5304 5305
f 5080 5305 5081
f 5081 5305 5306
f 5081 5306 5082
f 5082 5306 5307
f 5082 5307 5083
f 5083 5307 5308
f 5083 5308 5084
f 5084 5308 5309
f 5084 5309 5085
f 5085 5309 5310
f 5085 5310 5086
f 5086 5310 5311
f 5086 5311 5087
f 5087 5311 5312
f 5087 5312 5088
f 5088 5312 5313
f 5088 5313 5089
f 5089 5313 5314
f 5089 5314 5090
f 5090 5314 5315
f 5090 5315 5091
f 5091 5315 5316
f 5091 5316 5092
f 5092 5316 5317
f 5092 5317 5093
f 5093 5317 5318
f 5093 5318 5094
f 5094 5318 5319
f 5094 5319 5095
f 5095 5319 5320
f 5095 5320 5096
f 5096 5320 5321
f 5096 5321 5097
f 5097 5321 5322
f 5097 5322 5098
f 5098 5322 5323
f 5098 5323 5099
f 5099 5323 5324
f 5099 5324 5100
f 5100 5324 5325
f 5100 5325 5101
f 5101 5325 5326
f 5101 5326 5102
f 5102 5326 5327
f 5102 5327 5103
f 5103 5327 5328
f 5103 5328 5104
f 5104 5328 5329
f 5104 5329 5105
f 5105 5329 5330
f 5105 5330 5106
f 5106 5330 5331
f 5106 5331 5107
f 5107 5331 5332
f 5107 5332 5108
f 5108 5332 5333
f 5108 5333 5109
f 5109 5333 5334
f 5109 5334 5110
f 5110 5334 5335
f 5110 5335 5111
f 5111 5335 5336
f 5111 5336 5112
f 5112 5336 5337
f 5112 5337 5113
f 5113 5337 5338
f 5113 5338 5114
f 5114 5338 5339
f 5114 5339 5115
f 5115 5339 5340
f 5115 5340 5116
f 5116 5340 5341
f 5116 5341 5117
f 5117 5341 5342
f 5117 5342 5118
f 5118 5342 5343
f 5118 5343 5119
f 5119 5343 5344
f 5119 5344 5120
f 5120 5344 5345
f 5120 5345 5121
f 5121 5345 5346
f 5121 5346 5122
f 5122 5346 5347
f 5122 5347 5123
f 5123 5347 5348
f 5123 5348 5124
f 5124 5348 5349
f 5124 5349 5125
f 5125 5349 5350
f 5125 5350 5126
f 5126 5350 5351
f 5126 5351 5127
f 5127 5351 5352
f 5127 5352 5128
f 5128 5352 5353
f 5128 5353 5129
f 5129 5353 5354
f 5129 5354 5130
f 5130 5354 5355
f 5130 5355 5131
f 5131 5355 5356
f 5131 5356 5132
f 5132 5356 5357
f 5132 5357 5133
f 5133 5357 5358
f 5133 5358 5134
f 5134 5358 5359
f 5134 5359 5135
f 5135 5359 5360
f 5135 5360 5136
f 5136 5360 5361
f 5136 5361 5137
f 5137 5361 5362
f 5137 5362 5138
f 5138 5362 5363
f 5138 5363 5139
f 5139 5363 5364
f 5139 5364 5140
f 5140 5364 5365
f 5140 5365 5141
f 5141 5365 5366
f 5141 5366 5142
f 5142 5366 5367
f 5142 5367 5143
f 5143 5367 5368
f 5143 5368 5144
f 5144 5368 5369
f 5144 5369 5145
f 5145 5369 5370
f 5145 5370 5146
f 5146 5370 5371
f 5146 5371 5147
f 5147 5371 5372
f 5147 5372 5148
f 5148 5372 5373
f 5148 5373 5149
f 5149 5373 5374
f 5149 5374 5150
f 5150 5374 5375
f 5150 5375 5151
f 5151 5375 5376
f 5151 5376 5152
f 5152 5376 5153
f 5152 5153 4929
f 5153 5377 5378
f 5153 5378 5154
f 5154 5378 5379
f 5154 5379 5155
f 5155 5379 5380
f 5155 5380 5156
f 5156 5380 5381
f 5156 5381 5157
f 5157 5381 5382
f 5157 5382 5158
f 5158 5382 5383
f 5158 5383 5159
f 5159 5383 5384
f 5159 5384 5160
f 5160 5384 5385
f 5160 5385 5161
f 5161 5385 5386
f 5161 5386 5162
f 5162 5386 5387
f 5162 5387 5163
f 5163 5387 5388
f 5163 5388 5164
f 5164 5388 5389
f 5164 5389 5165
f 5165 5389 5390
f 5165 5390 5166
f 5166 5390 5391
f 5166 5391 5167
f 5167 5391 5392
f 5167 5392 5168
f 5168 5392 5393
f 5168 5393 5169
f 5169 5393 5394
f 5169 5394 5170
f 5170 5394 5395
f 5170 5395 5171
f 5171 5395 5396
f 5171 5396 5172
f 5172 5396 5397
f 5172 5397 5173
f 5173 5397 5398
f 5173 5398 5174
f 5174 5398 5399
f 5174 5399 5175
f 5175 5399 5400
f 5175 5400 5176
f 5176 5400 5401
f 5176 5401 5177
f 5177 5401 5402
f 5177 5402 5178
f 5178 5402 5403
f 5178 5403 5179
f 5179 5403 5404
f 5179 5404 5180
f 5180 5404 5405
f 5180 5405 5181
f 5181 5405 5406
f 5181 5406 5182
f 5182 5406 5407
f 5182 5407 5183
f 5183 5407 5408
f 5183 5408 5184
f 5184 5408 5409
f 5184 5409 5185
f 5185 5409 5410
f 5185 5410 5186
f 5186 5410 5411
f 5186 5411 5187
f 5187 5411 5412
f 5187 5412 5188
f 5188 5412 5413
f 5188 5413 5189
f 5189 5413 5414
f 5189 5414 5190
f 5190 5414 5415
f 5190 5415 5191
f 5191 5415 5416
f 5191 5416 5192
f 5192 5416 5417
f 5192 5417 5193
f 5193 5417 5418
f 5193 5418 5194
f 5194 5418 5419
f 5194 5419 5195
f 5195 5419 5420
f 5195 5420 5196
f 5196 5420 5421
f 5196 5421 5197
f 5197 5421 5422
f 5197 5422 5198
f 5198 5422 5423
f 5198 5423 5199
f 5199 5423 5424
f 5199 5424 5200
f 5200 5424 5425
f 5200 5425 5201
f 5201 5425 5426
f 5201 5426 5202
f 5202 5426 5427
f 5202 5427 5203
f 5203 5427 5428
f 5203 5428 5204
f 5204 5428 5429
f 5204 5429 5205
f 5205 5429 5430
f 5205 5430 5206
f 5206 5430 5431
f 5206 5431 5207
f 5207 5431 5432
f 5207 5432 5208
f 5208 5432 5433
f 5208 5433 5209
f 5209 5433 5434
f 5209 5434 5210
f 5210 5434 5435
f 5210 5435 5211
f 5211 5435 5436
f 5211 5436 5212
f 5212 5436 5437
f 5212 5437 5213
f 5213 5437 5438
f 5213 5438 5214
f 5214 5438 5439
f 5214 5439 5215
f 5215 5439 5440
f 5215 5440 5216
f 5216 5440 5441
f 5216 5441 5217
f 5217 5441 5442
f 5217 5442 5218
f 5218 5442 5443
f 5218 5443 5219
f 5219 5443 5444
f 5219 5444 5220
f 5220 5444 5445
f 5220 5445 5221
f 5221 5445 5446
f 5221 5446 5222
f 5222 5446 5447
f 5222 5447 5223
f 5223 5447 5448
f 5223 5448 5224
f 5224 5448 5449
f 5224 5449 5225
f 5225 5449 5450
f 5225 5450 5226
f 5226 5450 5451
f 5226 5451 5227
f 5227 5451 5452
f 5227 5452 5228
f 5228 5452 5453
f 5228 5453 5229
f 5229 5453 5454
f 5229 5454 5230
f 5230 5454 5455
f 5230 5455 5231
f 5231 5455 5456
f 5231 5456 5232
f 5232 5456 5457
f 5232 5457 5233
f 5233 5457 5458
f 5233 5458 5234
f 5234 5458 5459
f 5234 5459 5235
f 5235 5459 5460
f 5235 5460 5236
f 5236 5460 5461
f 5236 5461 5237
f 5237 5461 5462
f 5237 5462 5238
f 5238 5462 5463
f 5238 5463 5239
f 5239 5463 5464
f 5239 5464 5240
f 5240 5464 5465
f 5240 5465 5241
f 5241 5465 5466
f 5241 5466 5242
f 5242 5466 5467
f 5242 5467 5243
f 5243 5467 5468
f 5243 5468 5244
f 5244 5468 5469
f 5244 5469 5245
f 5245 5469 5470
f 5245 5470 5246
f 5246 5470 5471
f 5246 5471 5247
f 5247 5471 5472
f 5247 5472 5248
f 5248 5472 5473
f 5248 5473 5249
f 5249 5473 5474
f 5249 5474 5250
f 5250 5474 5475
f 5250 5475 5251
f 5251 5475 5476
f 5251 5476 5252
f 5252 5476 5477
f 5252 5477 5253
f 5253 5477 5478
f 5253 5478 5254
f 5254 5478 5479
f 5254 5479 5255
f 5255 5479 5480
f 5255 5480 5256
f 5256 5480 5481
f 5256 5481 5257
f 5257 5481 5482
f 5257 5482 5258
f 5258 5482 5483
f 5258 5483 5259
f 5259 5483 5484
f 5259 5484 5260
f 5260 5484 5485
f 5260 5485 5261
f 5261 5485 5486
f 5261 5486 5262
f 5262 5486 5487
f 5262 5487 5263
f 5263 5487 5488
f 5263 5488 5264
f 5264 5488 5489
f 5264 5489 5265
f 5265 5489 5490
f 5265 5490 5266
f 5266 5490 5491
f 5266 5491 5267
f 5267 5491 5492
f 5267 5492 5268
f 5268 5492 5493
f 5268 5493 5269
f 5269 5493 5494
f 5269 5494 5270
f 5270 5494 5495
f 5270 5495 5271
f 5271 5495 5496
f 5271 5496 5272
f 5272 5496 5497
f 5272 5497 5273
f 5273 5497 5498
f 5273 5498 5274
f 5274 5498 5499
f 5274 5499 5275
f 5275 5499 5500
f 5275 5500 5276
f 5276 5500 5501
f 5276 5501 5277
f 5277 5501 5502
f 5277 5502 5278
f 5278 5502 5503
f 5278 5503 5279
f 5279 5503 5504
f 5279 5504 5280
f 5280 5504 5505
f 5280 5505 5281
f 5281 5505 5506
f 5281 5506 5282
f 5282 5506 5507
f 5282 5507 5283
f 5283 5507 5508
f 5283 5508 5284
f 5284 5508 5509
f 5284 5509 5285
f 5285 5509 5510
f 5285 5510 5286
f 5286 5510 5511
f 5286 5511 5287
f 5287 5511 5512
f 5287 5512 5288
f 5288 5512 5513
f 5288 5513 5289
f 5289 5513 5514
f 5289 5514 5290
f 5290 5514 5515
f 5290 5515 5291
f 5291 5515 5516
f 5291 5516 5292
f 5292 5516 5517
f 5292 5517 5293
f 5293 5517 5518
f 5293 5518 5294
f 5294 5518 5519
f 5294 5519 5295
f 5295 5519 5520
f 5295 5520 5296
f 5296 5520 5521
f 5296 5521 5297
f 5297 5521 5522
f 5297 5522 5298
f 5298 5522 5523
f 5298 5523 5299
f 5299 5523 5524
f 5299 5524 5300
f 5300 5524 5525
f 5300 5525 5301
f 5301 5525 5526
f 5301 5526 5302
f 5302 5526 5527
f 5302 5527 5303
f 5303 5527 5528
f 5303 5528 5304
f 5304 5528 5529
f 5304 5529 5305
f 5305 5529 5530
f 5305 5530 5306
f 5306 5530 5531
f 5306 5531 5307
f 5307 5531 5532
f 5307 5532 5308
f 5308 5532 5533
f 5308 5533 5309
f 5309 5533 5534
f 5309 5534 5310
f 5310 5534 5535
f 5310 5535 5311
f 5311 5535 5536
f 5311 5536 5312
f 5312 5536 5537
f 5312 5537 5313
f 5313 5537 5538
f 5313 5538 5314
f 5314 5538 5539
f 5314 5539 5315
f 5315 5539 5540
f 5315 5540 5316
f 5316 5540 5541
f 5316 5541 5317
f 5317 5541 5542
f 5317 5542 5318
f 5318 5542 5543
f 5318 5543 5319
f 5319 5543 5544
f 5319 5544 5320
f 5320 5544 5545
f 5320 5545 5321
f 5321 5545 5546
f 5321 5546 5322
f 5322 5546 5547
f 5322 5547 5323
f 5323 5547 5548
f 5323 5548 5324
f 5324 5548 5549
f 5324 5549 5325
f 5325 5549 5550
f 5325 5550 5326
f 5326 5550 5551
f 5326 5551 5327
f 5327 5551 5552
f 5327 5552 5328
f 5328 5552 5553
f 5328 5553 5329
f 5329 5553 5554
f 5329 5554 5330
f 5330 5554 5555
f 5330 5555 5331
f 5331 5555 5556
f 5331 5556 5332
f 5332 5556 5557
f 5332 5557 5333
f 5333 5557 5558
f 5333 5558 5334
f 5334 5558 5559
f 5334 5559 5335
f 5335 5559 5560
f 5335 5560 5336
f 5336 5560 5561
f 5336 5561 5337
f 5337 5561 5562
f 5337 5562 5338
f 5338 5562 5563
f 5338 5563 5339
f 5339 5563 5564
f 5339 5564 5340
f 5340 5564 5565
f 5340 5565 5341
f 5341 5565 5566
f 5341 5566 5342
f 5342 5566 5567
f 5342 5567 5343
f 5343 5567 5568
f 5343 5568 5344
f 5344 5568 5569
f 5344 5569 5345
f 5345 5569 5570
f 5345 5570 5346
f 5346 5570 5571
f 5346 5571 5347
f 5347 5571 5572
f 5347 5572 5348
f 5348 5572 5573
f 5348 5573 5349
f 5349 5573 5574
f 5349 5574 5350
f 5350 5574 5575
f 5350 5575 5351
f 5351 5575 5576
f 5351 5576 5352
f 5352 5576 5577
f 5352 5577 5353
f 5353 5577 5578
f 5353 5578 5354
f 5354 5578 5579
f 5354 5579 5355
f 5355 5579 5580
f 5355 5580 5356
f 5356 5580 5581
f 5356 5581 5357
f 5357 5581 5582
f 5357 5582 5358
f 5358 5582 5583
f 5358 5583 5359
f 5359 5583 5584
f 5359 5584 5360
f 5360 5584 5585
f 5360 5585 5361
f 5361 5585 5586
f 5361 5586 5362
f 5362 5586 5587
f 5362 5587 5363
f 5363 5587 5588
f 5363 5588 5364
f 5364 5588 5589
f 5364 5589 5365
f 5365 5589 5590
f 5365 5590 5366
f 5366 5590 5591
f 5366 5591 5367
f 5367 5591 5592
f 5367 5592 5368
f 5368 5592 5593
f 5368 5593 5369
f 5369 5593 5594
f 5369 5594 5370
f 5370 5594 5595
f 5370 5595 5371
f 5371 5595 5596
f 5371 5596 5372
f 5372 5596 5597
f 5372 5597 5373
f 5373 5597 5598
f 5373 5598 5374
f 5374 5598 5599
f 5374 5599 5375
f 5375 5599 5600
f 5375 5600 5376
f 5376 5600 5377
f 5376 5377 5153
f 5377 5601 5602
f 5377 5602 5378
f 5378 5602 5603
f 5378 5603 5379
f 5379 5603 5604
f 5379 5604 5380
f 5380 5604 5605
f 5380 5605 5381
f 5381 5605 5606
f 5381 5606 5382
f 5382 5606 5607
f 5382 5607 5383
f 5383 5607 5608
f 5383 5608 5384
f 5384 5608 5609
f 5384 5609 5385
f 5385 5609 5610
f 5385 5610 5386
f 5386 5610 5611
f 5386 5611 5387
f 5387 5611 5612
f 5387 5612 5388
f 5388 5612 5613
f 5388 5613 5389
f 5389 5613 5614
f 5389 5614 5390
f 5390 5614 5615
f 5390 5615 5391
f 5391 5615 5616
f 5391 5616 5392
f 5392 5616 5617
f 5392 5617 5393
f 5393 5617 5618
f 5393 5618 5394
f 5394 5618 5619
f 5394 5619 5395
f 5395 5619 5620
f 5395 5620 5396
f 5396 5620 5621
f 5396 5621 5397
f 5397 5621 5622
f 5397 5622 5398
f 5398 5622 5623
f 5398 5623 5399
f 5399 5623 5624
f 5399 5624 5400
f 5400 5624 5625
f 5400 5625 5401
f 5401 5625 5626
f 5401 5626 5402
f 5402 5626 5627
f 5402 5627 5403
f 5403 5627 5628
f 5403 5628 5404
f 5404 5628 5629
f 5404 5629 5405
f 5405 5629 5630
f 5405 5630 5406
f 5406 5630 5631
f 5406 5631 5407
f 5407 5631 5632
f 5407 5632 5408
f 5408 5632 5633
f 5408 5633 5409
f 5409 5633 5634
f 5409 5634 5410
f 5410 5634 5635
f 5410 5635 5411
f 5411 5635 5636
f 5411 5636 5412
f 5412 5636 5637
f 5412 5637 5413
f 5413 5637 5638
f 5413 5638 5414
f 5414 5638 5639
f 5414 5639 5415
f 5415 5639 5640
f 5415 5640 5416
f 5416 5640 5641
f 5416 5641 5417
f 5417 5641 5642
f 5417 5642 5418
f 5418 5642 5643
f 5418 5643 5419
f 5419 5643 5644
f 5419 5644 5420
f 5420 5644 5645
f 5420 5645 5421
f 5421 5645 5646
f 5421 5646 5422
f 5422 5646 5647
f 5422 5647 5423
f 5423 5647 5648
f 5423 5648 5424
f 5424 5648 5649
f 5424 5649 5425
f 5425 5649 5650
f 5425 5650 5426
f 5426 5650 5651
f 5426 5651 5427
f 5427 5651 5652
f 5427 5652 5428
f 5428 5652 5653
f 5428 5653 5429
f 5429 5653 5654
f 5429 5654 5430
f 5430 5654 5655
f 5430 5655 5431
f 5431 5655 5656
f 5431 5656 5432
f 5432 5656 5657
f 5432 5657 5433
f 5433 5657 5658
f 5433 5658 5434
f 5434 5658 5659
f 5434 5659 5435
f 5435 5659 5660
f 5435 5660 5436
f 5436 5660 5661
f 5436 5661 5437
f 5437 5661 5662
f 5437 5662 5438
f 5438 5662 5663
f 5438 5663 5439
f 5439 5663 5664
f 5439 5664 5440
f 5440 5664 5665
f 5440 5665 5441
f 5441 5665 5666
f 5441 5666 5442
f 5442 5666 5667
f 5442 5667 5443
f 5443 5667 5668
f 5443 5668 5444
f 5444 5668 5669
f 5444 5669 5445
f 5445 5669 5670
f 5445 5670 5446
f 5446 5670 5671
f 5446 5671 5447
f 5447 5671 5672
f 5447 5672 5448
f 5448 5672 5673
f 5448 5673 5449
f 5449 5673 5674
f 5449 5674 5450
f 5450 5674 5675
f 5450 5675 5451
f 5451 5675 5676
f 5451 5676 5452
f 5452 5676 5677
f 5452 5677 5453
f 5453 5677 5678
f 5453 5678 5454
f 5454 5678 5679
f 5454 5679 5455
f 5455 5679 5680
f 5455 5680 5456
f 5456 5680 5681
f 5456 5681 5457
f 5457 5681 5682
f 5457 5682 5458
f 5458 5682 5683
f 5458 5683 5459
f 5459 5683 5684
f 5459 5684 5460
f 5460 5684 5685
f 5460 5685 5461
f 5461 5685 5686
f 5461 5686 5462
f 5462 5686 5687
f 5462 5687 5463
f 5463 5687 5688
f 5463 5688 5464
f 5464 5688 5689
f 5464 5689 5465
f 5465 5689 5690
f 5465 5690 5466
f 5466 5690 5691
f 5466 5691 5467
f 5467 5691 5692
f 5467 5692 5468
f 5468 5692 5693
f 5468 5693 5469
f 5469 5693 5694
f 5469 5694 5470
f 5470 5694 5695
f 5470 5695 5471
f 5471 5695 5696
f 5471 5696 5472
f 5472 5696 5697
f 5472 5697 5473
f 5473 5697 5698
f 5473 5698 5474
f 5474 5698 5699
f 5474 5699 5475
f 5475 5699 5700
f 5475 5700 5476
f 5476 5700 5701
f 5476 5701 5477
f 5477 5701 5702
f 5477 5702 5478
f 5478 5702 5703
f 5478 5703 5479
f 5479 5703 5704
f 5479 5704 5480
f 5480 5704 5705
f 5480 5705 5481
f 5481 5705 5706
f 5481 5706 5482
f 5482 5706 5707
f 5482 5707 5483
f 5483 5707 5708
f 5483 5708 5484
f 5484 5708 5709
f 5484 5709 5485
f 5485 5709 5710
f 5485 5710 5486
f 5486 5710 5711
f 5486 5711 5487
f 5487 5711 5712
f 5487 5712 5488
f 5488 5712 5713
f 5488 5713 5489
f 5489 5713 5714
f 5489 5714 5490
f 5490 5714 5715
f 5490 5715 5491
f 5491 5715 5716
f 5491 5716 5492
f 5492 5716 5717
f 5492 5717 5493
f 5493 5717 5718
f 5493 5718 5494
f 5494 5718 5719
f 5494 5719 5495
f 5495 5719 5720
f 5495 5720 5496
f 5496 5720 5721
f 5496 5721 5497
f 5497 5721 5722
f 5497 5722 5498
f 5498 5722 5723
f 5498 5723 5499
f 5499 5723 5724
f 5499 5724 5500
f 5500 5724 5725
f 5500 5725 5501
f 5501 5725 5726
f 5501 5726 5502
f 5502 5726 5727
f 5502 5727 5503
f 5503 5727 5728
f 5503 5728 5504
f 5504 5728 5729
f 5504 5729 5505
f 5505 5729 5730
f 5505 5730 5506
f 5506 5730 5731
f 5506 5731 5507
f 5507 5731 5732
f 5507 5732 5508
f 5508 5732 5733
f 5508 5733 5509
f 5509 5733 5734
f 5509 5734 5510
f 5510 5734 5735
f 5510 5735 5511
f 5511 5735 5736
f 5511 5736 5512
f 5512 5736 5737
f 5512 5737 5513
f 5513 5737 5738
f 5513 5738 5514
f 5514 5738 5739
f 5514 5739 5515
f 5515 5739 5740
f 5515 5740 5516
f 5516 5740 5741
f 5516 5741 5517
f 5517 5741 5742
f 5517 5742 5518
f 5518 5742 5743
f 5518 5743 5519
f 5519 5743 5744
f 5519 5744 5520
f 5520 5744 5745
f 5520 5745 5521
f 5521 5745 5746
f 5521 5746 5522
f 5522 5746 5747
f 5522 5747 5523
f 5523 5747 5748
f 5523 5748 5524
f 5524 5748 5749
f 5524 5749 5525
f 5525 5749 5750
f 5525 5750 5526
f 5526 5750 5751
f 5526 5751 5527
f 5527 5751 5752
f 5527 5752 5528
f 5528 5752 5753
f 5528 5753 5529
f 5529 5753 5754
f 5529 5754 5530
f 5530 5754 5755
f 5530 5755 5531
f 5531 5755 5756
f 5531 5756 5532
f 5532 5756 5757
f 5532 5757 5533
f 5533 5757 5758
f 5533 5758 5534
f 5534 5758 5759
f 5534 5759 5535
f 5535 5759 5760
f 5535 5760 5536
f 5536 5760 5761
f 5536 5761 5537
f 5537 5761 5762
f 5537 5762 5538
f 5538 5762 5763
f 5538 5763 5539
f 5539 5763 5764
f 5539 5764 5540
f 5540 5764 5765
f 5540 5765 5541
f 5541 5765 5766
f 5541 5766 5542
f 5542 5766 5767
f 5542 5767 5543
f 5543 5767 5768
f 5543 5768 5544
f 5544 5768 5769
f 5544 5769 5545
f 5545 5769 5770
f 5545 5770 5546
f 5546 5770 5771
f 5546 5771 5547
f 5547 5771 5772
f 5547 5772 5548
f 5548 5772 5773
f 5548 5773 5549
f 5549 5773 5774
f 5549 5774 5550
f 5550 5774 5775
f 5550 5775 5551
f 5551 5775 5776
f 5551 5776 5552
f 5552 5776 5777
f 5552 5777 5553
f 5553 5777 5778
f 5553 5778 5554
f 5554 5778 5779
f 5554 5779 5555
f 5555 5779 5780
f 5555 5780 5556
f 5556 5780 5781
f 5556 5781 5557
f 5557 5781 5782
f 5557 5782 5558
f 5558 5782 5783
f 5558 5783 5559
f 5559 5783 5784
f 5559 5784 5560
f 5560 5784 5785
f 5560 5785 5561
f 5561 5785 5786
f 5561 5786 5562
f 5562 5786 5787
f 5562 5787 5563
f 5563 5787 5788
f 5563 5788 5564
f 5564 5788 5789
f 5564 5789 5565
f 5565 5789 5790
f 5565 5790 5566
f 5566 5790 5791
f 5566 5791 5567
f 5567 5791 5792
f 5567 5792 5568
f 5568 5792 5793
f 5568 5793 5569
f 5569 5793 5794
f 5569 5794 5570
f 5570 5794 5795
f 5570 5795 5571
f 5571 5795 5796
f 5571 5796 5572
f 5572 5796 5797
f 5572 5797 5573
f 5573 5797 5798
f 5573 5798 5574
f 5574 5798 5799
f 5574 5799 5575
f 5575 5799 5800
f 5575 5800 5576
f 5576 5800 5801
f 5576 5801 5577
f 5577 5801 5802
f 5577 5802 5578
f 5578 5802 5803
f 5578 5803 5579
f 5579 5803 5804
f 5579 5804 5580
f 5580 5804 5805
f 5580 5805 5581
f 5581 5805 5806
f 5581 5806 5582
f 5582 5806 5807
f 5582 5807 5583
f 5583 5807 5808
f 5583 5808 5584
f 5584 5808 5809
f 5584 5809 5585
f 5585 5809 5810
f 5585 5810 5586
f 5586 5810 5811
f 5586 5811 5587
f 5587 5811 5812
f 5587 5812 5588
f 5588 5812 5813
f 5588 5813 5589
f 5589 5813 5814
f 5589 5814 5590
f 5590 5814 5815
f 5590 5815 5591
f 5591 5815 5816
f 5591 5816 5592
f 5592 5816 5817
f 5592 5817 5593
f 5593 5817 5818
f 5593 5818 5594
f 5594 5818 5819
f 5594 5819 5595
f 5595 5819 5820
f 5595 5820 5596
f 5596 5820 5821
f 5596 5821 5597
f 5597 5821 5822
f 5597 5822 5598
f 5598 5822 5823
f 5598 5823 5599
f 5599 5823 5824
f 5599 5824 5600
f 5600 5824 5601
f 5600 5601 5377
f 5601 5825 5826
f 5601 5826 5602
f 5602 5826 5827
f 5602 5827 5603
f 5603 5827 5828
f 5603 5828 5604
f 5604 5828 5829
f 5604 5829 5605
f 5605 5829 5830
f 5605 5830 5606
f 5606 5830 5831
f 5606 5831 5607
f 5607 5831 5832
f 5607 5832 5608
f 5608 5832 5833
f 5608 5833 5609
f 5609 5833 5834
f 5609 5834 5610
f 5610 5834 5835
f 5610 5835 5611
f 5611 5835 5836
f 5611 5836 5612
f 5612 5836 5837
f 5612 5837 5613
f 5613 5837 5838
f 5613 5838 5614
f 5614 5838 5839
f 5614 5839 5615
f 5615 5839 5840
f 5615 5840 5616
f 5616 5840 5841
f 5616 5841 5617
f 5617 5841 5842
f 5617 5842 5618
f 5618 5842 5843
f 5618 5843 5619
f 5619 5843 5844
f 5619 5844 5620
f 5620 5844 5845
f 5620 5845 5621
f 5621 5845 5846
f 5621 5846 5622
f 5622 5846 5847
f 5622 5847 5623
f 5623 5847 5848
f 5623 5848 5624
f 5624 5848 5849
f 5624 5849 5625
f 5625 5849 5850
f 5625 5850 5626
f 5626 5850 5851
f 5626 5851 5627
f 5627 5851 5852
f 5627 5852 5628
f 5628 5852 5853
f 5628 5853 5629
f 5629 5853 5854
f 5629 5854 5630
f 5630 5854 5855
f 5630 5855 5631
f 5631 5855 5856
f 5631 5856 5632
f 5632 5856 5857
f 5632 5857 5633
f 5633 5857 5858
f 5633 5858 5634
f 5634 5858 5859
f 5634 5859 5635
f 5635 5859 5860
f 5635 5860 5636
f 5636 5860 5861
f 5636 5861 5637
f 5637 5861 5862
f 5637 5862 5638
f 5638 5862 5863
f 5638 5863 5639
f 5639 5863 5864
f 5639 5864 5640
f 5640 5864 5865
f 5640 5865 5641
f 5641 5865 5866
f 5641 5866 5642
f 5642 5866 5867
f 5642 5867 5643
f 5643 5867 5868
f 5643 5868 5644
f 5644 5868 5869
f 5644 5869 5645
f 5645 5869 5870
f 5645 5870 5646
f 5646 5870 5871
f 5646 5871 5647
f 5647 5871 5872
f 5647 5872 5648
f 5648 5872 5873
f 5648 5873 5649
f 5649 5873 5874
f 5649 5874 5650
f 5650 5874 5875
f 5650 5875 5651
f 5651 5875 5876
f 5651 5876 5652
f 5652 5876 5877
f 5652 5877 5653
f 5653 5877 5878
f 5653 5878 5654
f 5654 5878 5879
f 5654 5879 5655
f 5655 5879 5880
f 5655 5880 5656
f 5656 5880 5881
f 5656 5881 5657
f 5657 5881 5882
f 5657 5882 5658
f 5658 5882 5883
f 5658 5883 5659
f 5659 5883 5884
f 5659 5884 5660
f 5660 5884 5885
f 5660 5885 5661
f 5661 5885 5886
f 5661 5886 5662
f 5662 5886 5887
f 5662 5887 5663
f 5663 5887 5888
f 5663 5888 5664
f 5664 5888 5889
f 5664 5889 5665
f 5665 5889 5890
f 5665 5890 5666
f 5666 5890 5891
f 5666 5891 5667
f 5667 5891 5892
f 5667 5892 5668
f 5668 5892 5893
f 5668 5893 5669
f 5669 5893 5894
f 5669 5894 5670
f 5670 5894 5895
f 5670 5895 5671
f 5671 5895 5896
f 5671 5896 5672
f 5672 5896 5897
f 5672 5897 5673
f 5673 5897 5898
f 5673 5898 5674
f 5674 5898 5899
f 5674 5899 5675
f 5675 5899 5900
f 5675 5900 5676
f 5676 5900 5901
f 5676 5901 5677
f 5677 5901 5902
f 5677 5902 5678
f 5678 5902 5903
f 5678 5903 5679
f 5679 5903 5904
f 5679 5904 5680
f 5680 5904 5905
f 5680 5905 5681
f 5681 5905 5906
f 5681 5906 5682
f 5682 5906 5907
f 5682 5907 5683
f 5683 5907 5908
f 5683 5908 5684
f 5684 5908 5909
f 5684 5909 5685
f 5685 5909 5910
f 5685 5910 5686
f 5686 5910 5911
f 5686 5911 5687
f 5687 5911 5912
f 5687 5912 5688
f 5688 5912 5913
f 5688 5913 5689
f 5689 5913 5914
f 5689 5914 5690
f 5690 5914 5915
f 5690 5915 5691
f 5691 5915 5916
f 5691 5916 5692
f 5692 5916 5917
f 5692 5917 5693
f 5693 5917 5918
f 5693 5918 5694
f 5694 5918 5919
f 5694 5919 5695
f 5695 5919 5920
f 5695 5920 5696
f 5696 5920 5921
f 5696 5921 5697
f 5697 5921 5922
f 5697 5922 5698
f 5698 5922 5923
f 5698 5923 5699
f 5699 5923 5924
f 5699 5924 5700
f 5700 5924 5925
f 5700 5925 5701
f 5701 5925 5926
f 5701 5926 5702
f 5702 5926 5927
f 5702 5927 5703
f 5703 5927 5928
f 5703 5928 5704
f 5704 5928 5929
f 5704 5929 5705
f 5705 5929 5930
f 5705 5930 5706
f 5706 5930 5931
f 5706 5931 5707
f 5707 5931 5932
f 5707 5932 5708
f 5708 5932 5933
f 5708 5933 5709
f 5709 5933 5934
f 5709 5934 5710
f 5710 5934 5935
f 5710 5935 5711
f 5711 5935 5936
f 5711 5936 5712
f 5712 5936 5937
f 5712 5937 5713
f 5713 5937 5938
f 5713 5938 5714
f 5714 5938 5939
f 5714 5939 5715
f 5715 5939 5940
f 5715 5940 5716
f 5716 5940 5941
f 5716 5941 5717
f 5717 5941 5942
f 5717 5942 5718
f 5718 5942 5943
f 5718 5943 5719
f 5719 5943 5944
f 5719 5944 5720
f 5720 5944 5945
f 5720 5945 5721
f 5721 5945 5946
f 5721 5946 5722
f 5722 5946 5947
f 5722 5947 5723
f 5723 5947 5948
f 5723 5948 5724
f 5724 5948 5949
f 5724 5949 5725
f 5725 5949 5950
f 5725 5950 5726
f 5726 5950 5951
f 5726 5951 5727
f 5727 5951 5952
f 5727 5952 5728
f 5728 5952 5953
f 5728 5953 5729
f 5729 5953 5954
f 5729 5954 5730
f 5730 5954 5955
f 5730 5955 5731
f 5731 5955 5956
f 5731 5956 5732
f 5732 5956 5957
f 5732 5957 5733
f 5733 5957 5958
f 5733 5958 5734
f 5734 5958 5959
f 5734 5959 5735
f 5735 5959 5960
f 5735 5960 5736
f 5736 5960 5961
f 5736 5961 5737
f 5737 5961 5962
f 5737 5962 5738
f 5738 5962 5963
f 5738 5963 5739
f 5739 5963 5964
f 5739 5964 5740
f 5740 5964 5965
f 5740 5965 5741
f 5741 5965 5966
f 5741 5966 5742
f 5742 5966 5967
f 5742 5967 5743
f 5743 5967 5968
f 5743 5968 5744
f 5744 5968 5969
f 5744 5969 5745
f 5745 5969 5970
f 5745 5970 5746
f 5746 5970 5971
f 5746 5971 5747
f 5747 5971 5972
f 5747 5972 5748
f 5748 5972 5973
f 5748 5973 5749
f 5749 5973 5974
f 5749 5974 5750
f 5750 5974 5975
f 5750 5975 5751
f 5751 5975 5976
f 5751 5976 5752
f 5752 5976 5977
f 5752 5977 5753
f 5753 5977 5978
f 5753 5978 5754
f 5754 5978 5979
f 5754 5979 5755
f 5755 5979 5980
f 5755 5980 5756
f 5756 5980 5981
f 5756 5981 5757
f 5757 5981 5982
f 5757 5982 5758
f 5758 5982 5983
f 5758 5983 5759
f 5759 5983 5984
f 5759 5984 5760
f 5760 5984 5985
f 5760 5985 5761
f 5761 5985 5986
f 5761 5986 5762
f 5762 5986 5987
f 5762 5987 5763
f 5763 5987 5988
f 5763 5988 5764
f 5764 5988 5989
f 5764 5989 5765
f 5765 5989 5990
f 5765 5990 5766
f 5766 5990 5991
f 5766 5991 5767
f 5767 5991 5992
f 5767 5992 5768
f 5768 5992 5993
f 5768 5993 5769
f 5769 5993 5994
f 5769 5994 5770
f 5770 5994 5995
f 5770 5995 5771
f 5771 5995 5996
f 5771 5996 5772
f 5772 5996 5997
f 5772 5997 5773
f 5773 5997 5998
f 5773 5998 5774
f 5774 5998 5999
f 5774 5999 5775
f 5775 5999 6000
f 5775 6000 5776
f 5776 6000 6001
f 5776 6001 5777
f 5777 6001 6002
f 5777 6002 5778
f 5778 6002 6003
f 5778 6003 5779
f 5779 6003 6004
f 5779 6004 5780
f 5780 6004 6005
f 5780 6005 5781
f 5781 6005 6006
f 5781 6006 5782
f 5782 6006 6007
f 5782 6007 5783
f 5783 6007 6008
f 5783 6008 5784
f 5784 6008 6009
f 5784 6009 5785
f 5785 6009 6010
f 5785 6010 5786
f 5786 6010 6011
f 5786 6011 5787
f 5787 6011 6012
f 5787 6012 5788
f 5788 6012 6013
f 5788 6013 5789
f 5789 6013 6014
f 5789 6014 5790
f 5790 6014 6015
f 5790 6015 5791
f 5791 6015 6016
f 5791 6016 5792
f 5792 6016 6017
f 5792 6017 5793
f 5793 6017 6018
f 5793 6018 5794
f 5794 6018 6019
f 5794 6019 5795
f 5795 6019 6020
f 5795 6020 5796
f 5796 6020 6021
f 5796 6021 5797
f 5797 6021 6022
f 5797 6022 5798
f 5798 6022 6023
f 5798 6023 5799
f 5799 6023 6024
f 5799 6024 5800
f 5800 6024 6025
f 5800 6025 5801
f 5801 6025 6026
f 5801 6026 5802
f 5802 6026 6027
f 5802 6027 5803
f 5803 6027 6028
f 5803 6028 5804
f 5804 6028 6029
f 5804 6029 5805
f 5805 6029 6030
f 5805 6030 5806
f 5806 6030 6031
f 5806 6031 5807
f 5807 6031 6032
f 5807 6032 5808
f 5808 6032 6033
f 5808 6033 5809
f 5809 6033 6034
f 5809 6034 5810
f 5810 6034 6035
f 5810 6035 5811
f 5811 6035 6036
f 5811 6036 5812
f 5812 6036 6037
f 5812 6037 5813
f 5813 6037 6038
f 5813 6038 5814
f 5814 6038 6039
f 5814 6039 5815
f 5815 6039 6040
f 5815 6040 5816
f 5816 6040 6041
f 5816 6041 5817
f 5817 6041 6042
f 5817 6042 5818
f 5818 6042 6043
f 5818 6043 5819
f 5819 6043 6044
f 5819 6044 5820
f 5820 6044 6045
f 5820 6045 5821
f 5821 6045 6046
f 5821 6046 5822
f 5822 6046 6047
f 5822 6047 5823
f 5823 6047 6048
f 5823 6048 5824
f 5824 6048 5825
f 5824 5825 5601
f 5825 6049 6050
f 5825 6050 5826
f 5826 6050 6051
f 5826 6051 5827
f 5827 6051 6052
f 5827 6052 5828
f 5828 6052 6053
f 5828 6053 5829
f 5829 6053 6054
f 5829 6054 5830
f 5830 6054 6055
f 5830 6055 5831
f 5831 6055 6056
f 5831 6056 5832
f 5832 6056 6057
f 5832 6057 5833
f 5833 6057 6058
f 5833 6058 5834
f 5834 6058 6059
f 5834 6059 5835
f 5835 6059 6060
f 5835 6060 5836
f 5836 6060 6061
f 5836 6061 5837
f 5837 6061 6062
f 5837 6062 5838
f 5838 6062 6063
f 5838 6063 5839
f 5839 6063 6064
f 5839 6064 5840
f 5840 6064 6065
f 5840 6065 5841
f 5841 6065 6066
f 5841 6066 5842
f 5842 6066 6067
f 5842 6067 5843
f 5843 6067 6068
f 5843 6068 5844
f 5844 6068 6069
f 5844 6069 5845
f 5845 6069 6070
f 5845 6070 5846
f 5846 6070 6071
f 5846 6071 5847
f 5847 6071 6072
f 5847 6072 5848
f 5848 6072 6073
f 5848 6073 5849
f 5849 6073 6074
f 5849 6074 5850
f 5850 6074 6075
f 5850 6075 5851
f 5851 6075 6076
f 5851 6076 5852
f 5852 6076 6077
f 5852 6077 5853
f 5853 6077 6078
f 5853 6078 5854
f 5854 6078 6079
f 5854 6079 5855
f 5855 6079 6080
f 5855 6080 5856
f 5856 6080 6081
f 5856 6081 5857
f 5857 6081 6082
f 5857 6082 5858
f 5858 6082 6083
f 5858 6083 5859
f 5859 6083 6084
f 5859 6084 5860
f 5860 6084 6085
f 5860 6085 5861
f 5861 6085 6086
f 5861 6086 5862
f 5862 6086 6087
f 5862 6087 5863
f 5863 6087 6088
f 5863 6088 5864
f 5864 6088 6089
f 5864 6089 5865
f 5865 6089 6090
f 5865 6090 5866
f 5866 6090 6091
f 5866 6091 5867
f 5867 6091 6092
f 5867 6092 5868
f 5868 6092 6093
f 5868 6093 5869
f 5869 6093 6094
f 5869 6094 5870
f 5870 6094 6095
f 5870 6095 5871
f 5871 6095 6096
f 5871 6096 5872
f 5872 6096 6097
f 5872 6097 5873
f 5873 6097 6098
f 5873 6098 5874
f 5874 6098 6099
f 5874 6099 5875
f 5875 6099 6100
f 5875 6100 5876
f 5876 6100 6101
f 5876 6101 5877
f 5877 6101 6102
f 5877 6102 5878
f 5878 6102 6103
f 5878 6103 5879
f 5879 6103 6104
f 5879 6104 5880
f 5880 6104 6105
f 5880 6105 5881
f 5881 6105 6106
f 5881 6106 5882
f 5882 6106 6107
f 5882 6107 5883
f 5883 6107 6108
f 5883 6108 5884
f 5884 6108 6109
f 5884 6109 5885
f 5885 6109 6110
f 5885 6110 5886
f 5886 6110 6111
f 5886 6111 5887
f 5887 6111 6112
f 5887 6112 5888
f 5888 6112 6113
f 5888 6113 5889
f 5889 6113 6114
f 5889 6114 5890
f 5890 6114 6115
f 5890 6115 5891
f 5891 6115 6116
f 5891 6116 5892
f 5892 6116 6117
f 5892 6117 5893
f 5893 6117 6118
f 5893 6118 5894
f 5894 6118 6119
f 5894 6119 5895
f 5895 6119 6120
f 5895 6120 5896
f 5896 6120 6121
f 5896 6121 5897
f 5897 6121 6122
f 5897 6122 5898
f 5898 6122 6123
f 5898 6123 5899
f 5899 6123 6124
f 5899 6124 5900
f 5900 6124 6125
f 5900 6125 5901
f 5901 6125 6126
f 5901 6126 5902
f 5902 6126 6127
f 5902 6127 5903
f 5903 6127 6128
f 5903 6128 5904
f 5904 6128 6129
f 5904 6129 5905
f 5905 6129 6130
f 5905 6130 5906
f 5906 6130 6131
f 5906 6131 5907
f 5907 6131 6132
f 5907 6132 5908
f 5908 6132 6133
f 5908 6133 5909
f 5909 6133 6134
f 5909 6134 5910
f 5910 6134 6135
f 5910 6135 5911
f 5911 6135 6136
f 5911 6136 5912
f 5912 6136 6137
f 5912 6137 5913
f 5913 6137 6138
f 5913 6138 5914
f 5914 6138 6139
f 5914 6139 5915
f 5915 6139 6140
f 5915 6140 5916
f 5916 6140 6141
f 5916 6141 5917
f 5917 6141 6142
f 5917 6142 5918
f 5918 6142 6143
f 5918 6143 5919
f 5919 6143 6144
f 5919 6144 5920
f 5920 6144 6145
f 5920 6145 5921
f 5921 6145 6146
f 5921 6146 5922
f 5922 6146 6147
f 5922 6147 5923
f 5923 6147 6148
f 5923 6148 5924
f 5924 6148 6149
f 5924 6149 5925
f 5925 6149 6150
f 5925 6150 5926
f 5926 6150 6151
f 5926 6151 5927
f 5927 6151 6152
f 5927 6152 5928
f 5928 6152 6153
f 5928 6153 5929
f 5929 6153 6154
f 5929 6154 5930
f 5930 6154 6155
f 5930 6155 5931
f 5931 6155 6156
f 5931 6156 5932
f 5932 6156 6157
f 5932 6157 5933
f 5933 6157 6158
f 5933 6158 5934
f 5934 6158 6159
f 5934 6159 5935
f 5935 6159 6160
f 5935 6160 5936
f 5936 6160 6161
f 5936 6161 5937
f 5937 6161 6162
f 5937 6162 5938
f 5938 6162 6163
f 5938 6163 5939
f 5939 6163 6164
f 5939 6164 5940
f 5940 6164 6165
f 5940 6165 5941
f 5941 6165 6166
f 5941 6166 5942
f 5942 6166 6167
f 5942 6167 5943
f 5943 6167 6168
f 5943 6168 5944
f 5944 6168 6169
f 5944 6169 5945
f 5945 6169 6170
f 5945 6170 5946
f 5946 6170 6171
f 5946 6171 5947
f 5947 6171 6172
f 5947 6172 5948
f 5948 6172 6173
f 5948 6173 5949
f 5949 6173 6174
f 5949 6174 5950
f 5950 6174 6175
f 5950 6175 5951
f 5951 6175 6176
f 5951 6176 5952
f 5952 6176 6177
f 5952 6177 5953
f 5953 6177 6178
f 5953 6178 5954
f 5954 6178 6179
f 5954 6179 5955
f 5955 6179 6180
f 5955 6180 5956
f 5956 6180 6181
f 5956 6181 5957
f 5957 6181 6182
f 5957 6182 5958
f 5958 6182 6183
f 5958 6183 5959
f 5959 6183 6184
f 5959 6184 5960
f 5960 6184 6185
f 5960 6185 5961
f 5961 6185 6186
f 5961 6186 5962
f 5962 6186 6187
f 5962 6187 5963
f 5963 6187 6188
f 5963 6188 5964
f 5964 6188 6189
f 5964 6189 5965
f 5965 6189 6190
f 5965 6190 5966
f 5966 6190 6191
f 5966 6191 5967
f 5967 6191 6192
f 5967 6192 5968
f 5968 6192 6193
f 5968 6193 5969
f 5969 6193 6194
f 5969 6194 5970
f 5970 6194 6195
f 5970 6195 5971
f 5971 6195 6196
f 5971 6196 5972
f 5972 6196 6197
f 5972 6197 5973
f 5973 6197 6198
f 5973 6198 5974
f 5974 6198 6199
f 5974 6199 5975
f 5975 6199 6200
f 5975 6200 5976
f 5976 6200 6201
f 5976 6201 5977
f 5977 6201 6202
f 5977 6202 5978
f 5978 6202 6203
f 5978 6203 5979
f 5979 6203 6204
f 5979 6204 5980
f 5980 6204 6205
f 5980 6205 5981
f 5981 6205 6206
f 5981 6206 5982
f 5982 6206 6207
f 5982 6207 5983
f 5983 6207 6208
f 5983 6208 5984
f 5984 6208 6209
f 5984 6209 5985
f 5985 6209 6210
f 5985 6210 5986
f 5986 6210 6211
f 5986 6211 5987
f 5987 6211 6212
f 5987 6212 5988
f 5988 6212 6213
f 5988 6213 5989
f 5989 6213 6214
f 5989 6214 5990
f 5990 6214 6215
f 5990 6215 5991
f 5991 6215 6216
f 5991 6216 5992
f 5992 6216 6217
f 5992 6217 5993
f 5993 6217 6218
f 5993 6218 5994
f 5994 6218 6219
f 5994 6219 5995
f 5995 6219 6220
f 5995 6220 5996
f 5996 6220 6221
f 5996 6221 5997
f 5997 6221 6222
f 5997 6222 5998
f 5998 6222 6223
f 5998 6223 5999
f 5999 6223 6224
f 5999 6224 6000
f 6000 6224 6225
f 6000 6225 6001
f 6001 6225 6226
f 6001 6226 6002
f 6002 6226 6227
f 6002 6227 6003
f 6003 6227 6228
f 6003 6228 6004
f 6004 6228 6229
f 6004 6229 6005
f 6005 6229 6230
f 6005 6230 6006
f 6006 6230 6231
f 6006 6231 6007
f 6007 6231 6232
f 6007 6232 6008
f 6008 6232 6233
f 6008 6233 6009
f 6009 6233 6234
f 6009 6234 6010
f 6010 6234 6235
f 6010 6235 6011
f 6011 6235 6236
f 6011 6236 6012
f 6012 6236 6237
f 6012 6237 6013
f 6013 6237 6238
f 6013 6238 6014
f 6014 6238 6239
f 6014 6239 6015
f 6015 6239 6240
f 6015 6240 6016
f 6016 6240 6241
f 6016 6241 6017
f 6017 6241 6242
f 6017 6242 6018
f 6018 6242 6243
f 6018 6243 6019
f 6019 6243 6244
f 6019 6244 6020
f 6020 6244 6245
f 6020 6245 6021
f 6021 6245 6246
f 6021 6246 6022
f 6022 6246 6247
f 6022 6247 6023
f 6023 6247 6248
f 6023 6248 6024
f 6024 6248 6249
f 6024 6249 6025
f 6025 6249 6250
f 6025 6250 6026
f 6026 6250 6251
f 6026 6251 6027
f 6027 6251 6252
f 6027 6252 6028
f 6028 6252 6253
f 6028 6253 6029
f 6029 6253 6254
f 6029 6254 6030
f 6030 6254 6255
f 6030 6255 6031
f 6031 6255 6256
f 6031 6256 6032
f 6032 6256 6257
f 6032 6257 6033
f 6033 6257 6258
f 6033 6258 6034
f 6034 6258 6259
f 6034 6259 6035
f 6035 6259 6260
f 6035 6260 6036
f 6036 6260 6261
f 6036 6261 6037
f 6037 6261 6262
f 6037 6262 6038
f 6038 6262 6263
f 6038 6263 6039
f 6039 6263 6264
f 6039 6264 6040
f 6040 6264 6265
f 6040 6265 6041
f 6041 6265 6266
f 6041 6266 6042
f 6042 6266 6267
f 6042 6267 6043
f 6043 6267 6268
f 6043 6268 6044
f 6044 6268 6269
f 6044 6269 6045
f 6045 6269 6270
f 6045 6270 6046
f 6046 6270 6271
f 6046 6271 6047
f 6047 6271 6272
f 6047 6272 6048
f 6048 6272 6049
f 6048 6049 5825
f 6049 6273 6274
f 6049 6274 6050
f 6050 6274 6275
f 6050 6275 6051
f 6051 6275 6276
f 6051 6276 6052
f 6052 6276 6277
f 6052 6277 6053
f 6053 6277 6278
f 6053 6278 6054
f 6054 6278 6279
f 6054 6279 6055
f 6055 6279 6280
f 6055 6280 6056
f 6056 6280 6281
f 6056 6281 6057
f 6057 6281 6282
f 6057 6282 6058
f 6058 6282 6283
f 6058 6283 6059
f 6059 6283 6284
f 6059 6284 6060
f 6060 6284 6285
f 6060 6285 6061
f 6061 6285 6286
f 6061 6286 6062
f 6062 6286 6287
f 6062 6287 6063
f 6063 6287 6288
f 6063 6288 6064
f 6064 6288 6289
f 6064 6289 6065
f 6065 6289 6290
f 6065 6290 6066
f 6066 6290 6291
f 6066 6291 6067
f 6067 6291 6292
f 6067 6292 6068
f 6068 6292 6293
f 6068 6293 6069
f 6069 6293 6294
f 6069 6294 6070
f 6070 6294 6295
f 6070 6295 6071
f 6071 6295 6296
f 6071 6296 6072
f 6072 6296 6297
f 6072 6297 6073
f 6073 6297 6298
f 6073 6298 6074
f 6074 6298 6299
f 6074 6299 6075
f 6075 6299 6300
f 6075 6300 6076
f 6076 6300 6301
f 6076 6301 6077
f 6077 6301 6302
f 6077 6302 6078
f 6078 6302 6303
f 6078 6303 6079
f 6079 6303 6304
f 6079 6304 6080
f 6080 6304 6305
f 6080 6305 6081
f 6081 6305 6306
f 6081 6306 6082
f 6082 6306 6307
f 6082 6307 6083
f 6083 6307 6308
f 6083 6308 6084
f 6084 6308 6309
f 6084 6309 6085
f 6085 6309 6310
f 6085 6310 6086
f 6086 6310 6311
f 6086 6311 6087
f 6087 6311 6312
f 6087 6312 6088
f 6088 6312 6313
f 6088 6313 6089
f 6089 6313 6314
f 6089 6314 6090
f 6090 6314 6315
f 6090 6315 6091
f 6091 6315 6316
f 6091 6316 6092
f 6092 6316 6317
f 6092 6317 6093
f 6093 6317 6318
f 6093 6318 6094
f 6094 6318 6319
f 6094 6319 6095
f 6095 6319 6320
f 6095 6320 6096
f 6096 6320 6321
f 6096 6321 6097
f 6097 6321 6322
f 6097 6322 6098
f 6098 6322 6323
f 6098 6323 6099
f 6099 6323 6324
f 6099 6324 6100
f 6100 6324 6325
f 6100 6325 6101
f 6101 6325 6326
f 6101 6326 6102
f 6102 6326 6327
f 6102 6327 6103
f 6103 6327 6328
f 6103 6328 6104
f 6104 6328 6329
f 6104 6329 6105
f 6105 6329 6330
f 6105 6330 6106
f 6106 6330 6331
f 6106 6331 6107
f 6107 6331 6332
f 6107 6332 6108
f 6108 6332 6333
f 6108 6333 6109
f 6109 6333 6334
f 6109 6334 6110
f 6110 6334 6335
f 6110 6335 6111
f 6111 6335 6336
f 6111 6336 6112
f 6112 6336 6337
f 6112 6337 6113
f 6113 6337 6338
f 6113 6338 6114
f 6114 6338 6339
f 6114 6339 6115
f 6115 6339 6340
f 6115 6340 6116
f 6116 6340 6341
f 6116 6341 6117
f 6117 6341 6342
f 6117 6342 6118
f 6118 6342 6343
f 6118 6343 6119
f 6119 6343 6344
f 6119 6344 6120
f 6120 6344 6345
f 6120 6345 6121
f 6121 6345 6346
f 6121 6346 6122
f 6122 6346 6347
f 6122 6347 6123
f 6123 6347 6348
f 6123 6348 6124
f 6124 6348 6349
f 6124 6349 6125
f 6125 6349 6350
f 6125 6350 6126
f 6126 6350 6351
f 6126 6351 6127
f 6127 6351 6352
f 6127 6352 6128
f 6128 6352 6353
f 6128 6353 6129
f 6129 6353 6354
f 6129 6354 6130
f 6130 6354 6355
f 6130 6355 6131
f 6131 6355 6356
f 6131 6356 6132
f 6132 6356 6357
f 6132 6357 6133
f 6133 6357 6358
f 6133 6358 6134
f 6134 6358 6359
f 6134 6359 6135
f 6135 6359 6360
f 6135 6360 6136
f 6136 6360 6361
f 6136 6361 6137
f 6137 6361 6362
f 6137 6362 6138
f 6138 6362 6363
f 6138 6363 6139
f 6139 6363 6364
f 6139 6364 6140
f 6140 6364 6365
f 6140 6365 6141
f 6141 6365 6366
f 6141 6366 6142
f 6142 6366 6367
f 6142 6367 6143
f 6143 6367 6368
f 6143 6368 6144
f 6144 6368 6369
f 6144 6369 6145
f 6145 6369 6370
f 6145 6370 6146
f 6146 6370 6371
f 6146 6371 6147
f 6147 6371 6372
f 6147 6372 6148
f 6148 6372 6373
f 6148 6373 6149
f 6149 6373 6374
f 6149 6374 6150
f 6150 6374 6375
f 6150 6375 6151
f 6151 6375 6376
f 6151 6376 6152
f 6152 6376 6377
f 6152 6377 6153
f 6153 6377 6378
f 6153 6378 6154
f 6154 6378 6379
f 6154 6379 6155
f 6155 6379 6380
f 6155 6380 6156
f 6156 6380 6381
f 6156 6381 6157
f 6157 6381 6382
f 6157 6382 6158
f 6158 6382 6383
f 6158 6383 6159
f 6159 6383 6384
f 6159 6384 6160
f 6160 6384 6385
f 6160 6385 6161
f 6161 6385 6386
f 6161 6386 6162
f 6162 6386 6387
f 6162 6387 6163
f 6163 6387 6388
f 6163 6388 6164
f 6164 6388 6389
f 6164 6389 6165
f 6165 6389 6390
f 6165 6390 6166
f 6166 6390 6391
f 6166 6391 6167
f 6167 6391 6392
f 6167 6392 6168
f 6168 6392 6393
f 6168 6393 6169
f 6169 6393 6394
f 6169 6394 6170
f 6170 6394 6395
f 6170 6395 6171
f 6171 6395 6396
f 6171 6396 6172
f 6172 6396 6397
f 6172 6397 6173
f 6173 6397 6398
f 6173 6398 6174
f 6174 6398 6399
f 6174 6399 6175
f 6175 6399 6400
f 6175 6400 6176
f 6176 6400 6401
f 6176 6401 6177
f 6177 6401 6402
f 6177 6402 6178
f 6178 6402 6403
f 6178 6403 6179
f 6179 6403 6404
f 6179 6404 6180
f 6180 6404 6405
f 6180 6405 6181
f 6181 6405 6406
f 6181 6406 6182
f 6182 6406 6407
f 6182 6407 6183
f 6183 6407 6408
f 6183 6408 6184
f 6184 6408 6409
f 6184 6409 6185
f 6185 6409 6410
f 6185 6410 6186
f 6186 6410 6411
f 6186 6411 6187
f 6187 6411 6412
f 6187 6412 6188
f 6188 6412 6413
f 6188 6413 6189
f 6189 6413 6414
f 6189 6414 6190
f 6190 6414 6415
f 6190 6415 6191
f 6191 6415 6416
f 6191 6416 6192
f 6192 6416 6417
f 6192 6417 6193
f 6193 6417 6418
f 6193 6418 6194
f 6194 6418 6419
f 6194 6419 6195
f 6195 6419 6420
f 6195 6420 6196
f 6196 6420 6421
f 6196 6421 6197
f 6197 6421 6422
f 6197 6422 6198
f 6198 6422 6423
f 6198 6423 6199
f 6199 6423 6424
f 6199 6424 6200
f 6200 6424 6425
f 6200 6425 6201
f 6201 6425 6426
f 6201 6426 6202
f 6202 6426 6427
f 6202 6427 6203
f 6203 6427 6428
f 6203 6428 6204
f 6204 6428 6429
f 6204 6429 6205
f 6205 6429 6430
f 6205 6430 6206
f 6206 6430 6431
f 6206 6431 6207
f 6207 6431 6432
f 6207 6432 6208
f 6208 6432 6433
f 6208 6433 6209
f 6209 6433 6434
f 6209 6434 6210
f 6210 6434 6435
f 6210 6435 6211
f 6211 6435 6436
f 6211 6436 6212
f 6212 6436 6437
f 6212 6437 6213
f 6213 6437 6438
f 6213 6438 6214
f 6214 6438 6439
f 6214 6439 6215
f 6215 6439 6440
f 6215 6440 6216
f 6216 6440 6441
f 6216 6441 6217
f 6217 6441 6442
f 6217 6442 6218
f 6218 6442 6443
f 6218 6443 6219
f 6219 6443 6444
f 6219 6444 6220
f 6220 6444 6445
f 6220 6445 6221
f 6221 6445 6446
f 6221 6446 6222
f 6222 6446 6447
f 6222 6447 6223
f 6223 6447 6448
f 6223 6448 6224
f 6224 6448 6449
f 6224 6449 6225
f 6225 6449 6450
f 6225 6450 6226
f 6226 6450 6451
f 6226 6451 6227
f 6227 6451 6452
f 6227 6452 6228
f 6228 6452 6453
f 6228 6453 6229
f 6229 6453 6454
f 6229 6454 6230
f 6230 6454 6455
f 6230 6455 6231
f 6231 6455 6456
f 6231 6456 6232
f 6232 6456 6457
f 6232 6457 6233
f 6233 6457 6458
f 6233 6458 6234
f 6234 6458 6459
f 6234 6459 6235
f 6235 6459 6460
f 6235 6460 6236
f 6236 6460 6461
f 6236 6461 6237
f 6237 6461 6462
f 6237 6462 6238
f 6238 6462 6463
f 6238 6463 6239
f 6239 6463 6464
f 6239 6464 6240
f 6240 6464 6465
f 6240 6465 6241
f 6241 6465 6466
f 6241 6466 6242
f 6242 6466 6467
f 6242 6467 6243
f 6243 6467 6468
f 6243 6468 6244
f 6244 6468 6469
f 6244 6469 6245
f 6245 6469 6470
f 6245 6470 6246
f 6246 6470 6471
f 6246 6471 6247
f 6247 6471 6472
f 6247 6472 6248
f 6248 6472 6473
f 6248 6473 6249
f 6249 6473 6474
f 6249 6474 6250
f 6250 6474 6475
f 6250 6475 6251
f 6251 6475 6476
f 6251 6476 6252
f 6252 6476 6477
f 6252 6477 6253
f 6253 6477 6478
f 6253 6478 6254
f 6254 6478 6479
f 6254 6479 6255
f 6255 6479 6480
f 6255 6480 6256
f 6256 6480 6481
f 6256 6481 6257
f 6257 6481 6482
f 6257 6482 6258
f 6258 6482 6483
f 6258 6483 6259
f 6259 6483 6484
f 6259 6484 6260
f 6260 6484 6485
f 6260 6485 6261
f 6261 6485 6486
f 6261 6486 6262
f 6262 6486 6487
f 6262 6487 6263
f 6263 6487 6488
f 6263 6488 6264
f 6264 6488 6489
f 6264 6489 6265
f 6265 6489 6490
f 6265 6490 6266
f 6266 6490 6491
f 6266 6491 6267
f 6267 6491 6492
f 6267 6492 6268
f 6268 6492 6493
f 6268 6493 6269
f 6269 6493 6494
f 6269 6494 6270
f 6270 6494 6495
f 6270 6495 6271
f 6271 6495 6496
f 6271 6496 6272
f 6272 6496 6273
f 6272 6273 6049
f 6273 6497 6498
f 6273 6498 6274
f 6274 6498 6499
f 6274 6499 6275
f 6275 6499 6500
f 6275 6500 6276
f 6276 6500 6501
f 6276 6501 6277
f 6277 6501 6502
f 6277 6502 6278
f 6278 6502 6503
f 6278 6503 6279
f 6279 6503 6504
f 6279 6504 6280
f 6280 6504 6505
f 6280 6505 6281
f 6281 6505 6506
f 6281 6506 6282
f 6282 6506 6507
f 6282 6507 6283
f 6283 6507 6508
f 6283 6508 6284
f 6284 6508 6509
f 6284 6509 6285
f 6285 6509 6510
f 6285 6510 6286
f 6286 6510 6511
f 6286 6511 6287
f 6287 6511 6512
f 6287 6512 6288
f 6288 6512 6513
f 6288 6513 6289
f 6289 6513 6514
f 6289 6514 6290
f 6290 6514 6515
f 6290 6515 6291
f 6291 6515 6516
f 6291 6516 6292
f 6292 6516 6517
f 6292 6517 6293
f 6293 6517 6518
f 6293 6518 6294
f 6294 6518 6519
f 6294 6519 6295
f 6295 6519 6520
f 6295 6520 6296
f 6296 6520 6521
f 6296 6521 6297
f 6297 6521 6522
f 6297 6522 6298
f 6298 6522 6523
f 6298 6523 6299
f 6299 6523 6524
f 6299 6524 6300
f 6300 6524 6525
f 6300 6525 6301
f 6301 6525 6526
f 6301 6526 6302
f 6302 6526 6527
f 6302 6527 6303
f 6303 6527 6528
f 6303 6528 6304
f 6304 6528 6529
f 6304 6529 6305
f 6305 6529 6530
f 6305 6530 6306
f 6306 6530 6531
f 6306 6531 6307
f 6307 6531 6532
f 6307 6532 6308
f 6308 6532 6533
f 6308 6533 6309
f 6309 6533 6534
f 6309 6534 6310
f 6310 6534 6535
f 6310 6535 6311
f 6311 6535 6536
f 6311 6536 6312
f 6312 6536 6537
f 6312 6537 6313
f 6313 6537 6538
f 6313 6538 6314
f 6314 6538 6539
f 6314 6539 6315
f 6315 6539 6540
f 6315 6540 6316
f 6316 6540 6541
f 6316 6541 6317
f 6317 6541 6542
f 6317 6542 6318
f 6318 6542 6543
f 6318 6543 6319
f 6319 6543 6544
f 6319 6544 6320
f 6320 6544 6545
f 6320 6545 6321
f 6321 6545 6546
f 6321 6546 6322
f 6322 6546 6547
f 6322 6547 6323
f 6323 6547 6548
f 6323 6548 6324
f 6324 6548 6549
f 6324 6549 6325
f 6325 6549 6550
f 6325 6550 6326
f 6326 6550 6551
f 6326 6551 6327
f 6327 6551 6552
f 6327 6552 6328
f 6328 6552 6553
f 6328 6553 6329
f 6329 6553 6554
f 6329 6554 6330
f 6330 6554 6555
f 6330 6555 6331
f 6331 6555 6556
f 6331 6556 6332
f 6332 6556 6557
f 6332 6557 6333
f 6333 6557 6558
f 6333 6558 6334
f 6334 6558 6559
f 6334 6559 6335
f 6335 6559 6560
f 6335 6560 6336
f 6336 6560 6561
f 6336 6561 6337
f 6337 6561 6562
f 6337 6562 6338
f 6338 6562 6563
f 6338 6563 6339
f 6339 6563 6564
f 6339 6564 6340
f 6340 6564 6565
f 6340 6565 6341
f 6341 6565 6566
f 6341 6566 6342
f 6342 6566 6567
f 6342 6567 6343
f 6343 6567 6568
f 6343 6568 6344
f 6344 6568 6569
f 6344 6569 6345
f 6345 6569 6570
f 6345 6570 6346
f 6346 6570 6571
f 6346 6571 6347
f 6347 6571 6572
f 6347 6572 6348
f 6348 6572 6573
f 6348 6573 6349
f 6349 6573 6574
f 6349 6574 6350
f 6350 6574 6575
f 6350 6575 6351
f 6351 6575 6576
f 6351 6576 6352
f 6352 6576 6577
f 6352 6577 6353
f 6353 6577 6578
f 6353 6578 6354
f 6354 6578 6579
f 6354 6579 6355
f 6355 6579 6580
f 6355 6580 6356
f 6356 6580 6581
f 6356 6581 6357
f 6357 6581 6582
f 6357 6582 6358
f 6358 6582 6583
f 6358 6583 6359
f 6359 6583 6584
f 6359 6584 6360
f 6360 6584 6585
f 6360 6585 6361
f 6361 6585 6586
f 6361 6586 6362
f 6362 6586 6587
f 6362 6587 6363
f 6363 6587 6588
f 6363 6588 6364
f 6364 6588 6589
f 6364 6589 6365
f 6365 6589 6590
f 6365 6590 6366
f 6366 6590 6591
f 6366 6591 6367
f 6367 6591 6592
f 6367 6592 6368
f 6368 6592 6593
f 6368 6593 6369
f 6369 6593 6594
f 6369 6594 6370
f 6370 6594 6595
f 6370 6595 6371
f 6371 6595 6596
f 6371 6596 6372
f 6372 6596 6597
f 6372 6597 6373
f 6373 6597 6598
f 6373 6598 6374
f 6374 6598 6599
f 6374 6599 6375
f 6375 6599 6600
f 6375 6600 6376
f 6376 6600 6601
f 6376 6601 6377
f 6377 6601 6602
f 6377 6602 6378
f 6378 6602 6603
f 6378 6603 6379
f 6379 6603 6604
f 6379 6604 6380
f 6380 6604 6605
f 6380 6605 6381
f 6381 6605 6606
f 6381 6606 6382
f 6382 6606 6607
f 6382 6607 6383
f 6383 6607 6608
f 6383 6608 6384
f 6384 6608 6609
f 6384 6609 6385
f 6385 6609 6610
f 6385 6610 6386
f 6386 6610 6611
f 6386 6611 6387
f 6387 6611 6612
f 6387 6612 6388
f 6388 6612 6613
f 6388 6613 6389
f 6389 6613 6614
f 6389 6614 6390
f 6390 6614 6615
f 6390 6615 6391
f 6391 6615 6616
f 6391 6616 6392
f 6392 6616 6617
f 6392 6617 6393
f 6393 6617 6618
f 6393 6618 6394
f 6394 6618 6619
f 6394 6619 6395
f 6395 6619 6620
f 6395 6620 6396
f 6396 6620 6621
f 6396 6621 6397
f 6397 6621 6622
f 6397 6622 6398
f 6398 6622 6623
f 6398 6623 6399
f 6399 6623 6624
f 6399 6624 6400
f 6400 6624 6625
f 6400 6625 6401
f 6401 6625 6626
f 6401 6626 6402
f 6402 6626 6627
f 6402 6627 6403
f 6403 6627 6628
f 6403 6628 6404
f 6404 6628 6629
f 6404 6629 6405
f 6405 6629 6630
f 6405 6630 6406
f 6406 6630 6631
f 6406 6631 6407
f 6407 6631 6632
f 6407 6632 6408
f 6408 6632 6633
f 6408 6633 6409
f 6409 6633 6634
f 6409 6634 6410
f 6410 6634 6635
f 6410 6635 6411
f 6411 6635 6636
f 6411 6636 6412
f 6412 6636 6637
f 6412 6637 6413
f 6413 6637 6638
f 6413 6638 6414
f 6414 6638 6639
f 6414 6639 6415
f 6415 6639 6640
f 6415 6640 6416
f 6416 6640 6641
f 6416 6641 6417
f 6417 6641 6642
f 6417 6642 6418
f 6418 6642 6643
f 6418 6643 6419
f 6419 6643 6644
f 6419 6644 6420
f 6420 6644 6645
f 6420 6645 6421
f 6421 6645 6646
f 6421 6646 6422
f 6422 6646 6647
f 6422 6647 6423
f 6423 6647 6648
f 6423 6648 6424
f 6424 6648 6649
f 6424 6649 6425
f 6425 6649 6650
f 6425 6650 6426
f 6426 6650 6651
f 6426 6651 6427
f 6427 6651 6652
f 6427 6652 6428
f 6428 6652 6653
f 6428 6653 6429
f 6429 6653 6654
f 6429 6654 6430
f 6430 6654 6655
f 6430 6655 6431
f 6431 6655 6656
f 6431 6656 6432
f 6432 6656 6657
f 6432 6657 6433
f 6433 6657 6658
f 6433 6658 6434
f 6434 6658 6659
f 6434 6659 6435
f 6435 6659 6660
f 6435 6660 6436
f 6436 6660 6661
f 6436 6661 6437
f 6437 6661 6662
f 6437 6662 6438
f 6438 6662 6663
f 6438 6663 6439
f 6439 6663 6664
f 6439 6664 6440
f 6440 6664 6665
f 6440 6665 6441
f 6441 6665 6666
f 6441 6666 6442
f 6442 6666 6667
f 6442 6667 6443
f 6443 6667 6668
f 6443 6668 6444
f 6444 6668 6669
f 6444 6669 6445
f 6445 6669 6670
f 6445 6670 6446
f 6446 6670 6671
f 6446 6671 6447
f 6447 6671 6672
f 6447 6672 6448
f 6448 6672 6673
f 6448 6673 6449
f 6449 6673 6674
f 6449 6674 6450
f 6450 6674 6675
f 6450 6675 6451
f 6451 6675 6676
f 6451 6676 6452
f 6452 6676 6677
f 6452 6677 6453
f 6453 6677 6678
f 6453 6678 6454
f 6454 6678 6679
f 6454 6679 6455
f 6455 6679 6680
f 6455 6680 6456
f 6456 6680 6681
f 6456 6681 6457
f 6457 6681 6682
f 6457 6682 6458
f 6458 6682 6683
f 6458 6683 6459
f 6459 6683 6684
f 6459 6684 6460
f 6460 6684 6685
f 6460 6685 6461
f 6461 6685 6686
f 6461 6686 6462
f 6462 6686 6687
f 6462 6687 6463
f 6463 6687 6688
f 6463 6688 6464
f 6464 6688 6689
f 6464 6689 6465
f 6465 6689 6690
f 6465 6690 6466
f 6466 6690 6691
f 6466 6691 6467
f 6467 6691 6692
f 6467 6692 6468
f 6468 6692 6693
f 6468 6693 6469
f 6469 6693 6694
f 6469 6694 6470
f 6470 6694 6695
f 6470 6695 6471
f 6471 6695 6696
f 6471 6696 6472
f 6472 6696 6697
f 6472 6697 6473
f 6473 6697 6698
f 6473 6698 6474
f 6474 6698 6699
f 6474 6699 6475
f 6475 6699 6700
f 6475 6700 6476
f 6476 6700 6701
f 6476 6701 6477
f 6477 6701 6702
f 6477 6702 6478
f 6478 6702 6703
f 6478 6703 6479
f 6479 6703 6704
f 6479 6704 6480
f 6480 6704 6705
f 6480 6705 6481
f 6481 6705 6706
f 6481 6706 6482
f 6482 6706 6707
f 6482 6707 6483
f 6483 6707 6708
f 6483 6708 6484
f 6484 6708 6709
f 6484 6709 6485
f 6485 6709 6710
f 6485 6710 6486
f 6486 6710 6711
f 6486 6711 6487
f 6487 6711 6712
f 6487 6712 6488
f 6488 6712 6713
f 6488 6713 6489
f 6489 6713 6714
f 6489 6714 6490
f 6490 6714 6715
f 6490 6715 6491
f 6491 6715 6716
f 6491 6716 6492
f 6492 6716 6717
f 6492 6717 6493
f 6493 6717 6718
f 6493 6718 6494
f 6494 6718 6719
f 6494 6719 6495
f 6495 6719 6720
f 6495 6720 6496
f 6496 6720 6497
f 6496 6497 6273
f 6497 6721 6722
f 6497 6722 6498
f 6498 6722 6723
f 6498 6723 6499
f 6499 6723 6724
f 6499 6724 6500
f 6500 6724 6725
f 6500 6725 6501
f 6501 6725 6726
f 6501 6726 6502
f 6502 6726 6727
f 6502 6727 6503
f 6503 6727 6728
f 6503 6728 6504
f 6504 6728 6729
f 6504 6729 6505
f 6505 6729 6730
f 6505 6730 6506
f 6506 6730 6731
f 6506 6731 6507
f 6507 6731 6732
f 6507 6732 6508
f 6508 6732 6733
f 6508 6733 6509
f 6509 6733 6734
f 6509 6734 6510
f 6510 6734 6735
f 6510 6735 6511
f 6511 6735 6736
f 6511 6736 6512
f 6512 6736 6737
f 6512 6737 6513
f 6513 6737 6738
f 6513 6738 6514
f 6514 6738 6739
f 6514 6739 6515
f 6515 6739 6740
f 6515 6740 6516
f 6516 6740 6741
f 6516 6741 6517
f 6517 6741 6742
f 6517 6742 6518
f 6518 6742 6743
f 6518 6743 6519
f 6519 6743 6744
f 6519 6744 6520
f 6520 6744 6745
f 6520 6745 6521
f 6521 6745 6746
f 6521 6746 6522
f 6522 6746 6747
f 6522 6747 6523
f 6523 6747 6748
f 6523 6748 6524
f 6524 6748 6749
f 6524 6749 6525
f 6525 6749 6750
f 6525 6750 6526
f 6526 6750 6751
f 6526 6751 6527
f 6527 6751 6752
f 6527 6752 6528
f 6528 6752 6753
f 6528 6753 6529
f 6529 6753 6754
f 6529 6754 6530
f 6530 6754 6755
f 6530 6755 6531
f 6531 6755 6756
f 6531 6756 6532
f 6532 6756 6757
f 6532 6757 6533
f 6533 6757 6758
f 6533 6758 6534
f 6534 6758 6759
f 6534 6759 6535
f 6535 6759 6760
f 6535 6760 6536
f 6536 6760 6761
f 6536 6761 6537
f 6537 6761 6762
f 6537 6762 6538
f 6538 6762 6763
f 6538 6763 6539
f 6539 6763 6764
f 6539 6764 6540
f 6540 6764 6765
f 6540 6765 6541
f 6541 6765 6766
f 6541 6766 6542
f 6542 6766 6767
f 6542 6767 6543
f 6543 6767 6768
f 6543 6768 6544
f 6544 6768 6769
f 6544 6769 6545
f 6545 6769 6770
f 6545 6770 6546
f 6546 6770 6771
f 6546 6771 6547
f 6547 6771 6772
f 6547 6772 6548
f 6548 6772 6773
f 6548 6773 6549
f 6549 6773 6774
f 6549 6774 6550
f 6550 6774 6775
f 6550 6775 6551
f 6551 6775 6776
f 6551 6776 6552
f 6552 6776 6777
f 6552 6777 6553
f 6553 6777 6778
f 6553 6778 6554
f 6554 6778 6779
f 6554 6779 6555
f 6555 6779 6780
f 6555 6780 6556
f 6556 6780 6781
f 6556 6781 6557
f 6557 6781 6782
f 6557 6782 6558
f 6558 6782 6783
f 6558 6783 6559
f 6559 6783 6784
f 6559 6784 6560
f 6560 6784 6785
f 6560 6785 6561
f 6561 6785 6786
f 6561 6786 6562
f 6562 6786 6787
f 6562 6787 6563
f 6563 6787 6788
f 6563 6788 6564
f 6564 6788 6789
f 6564 6789 6565
f 6565 6789 6790
f 6565 6790 6566
f 6566 6790 6791
f 6566 6791 6567
f 6567 6791 6792
f 6567 6792 6568
f 6568 6792 6793
f 6568 6793 6569
f 6569 6793 6794
f 6569 6794 6570
f 6570 6794 6795
f 6570 6795 6571
f 6571 6795 6796
f 6571 6796 6572
f 6572 6796 6797
f 6572 6797 6573
f 6573 6797 6798
f 6573 6798 6574
f 6574 6798 6799
f 6574 6799 6575
f 6575 6799 6800
f 6575 6800 6576
f 6576 6800 6801
f 6576 6801 6577
f 6577 6801 6802
f 6577 6802 6578
f 6578 6802 6803
f 6578 6803 6579
f 6579 6803 6804
f 6579 6804 6580
f 6580 6804 6805
f 6580 6805 6581
f 6581 6805 6806
f 6581 6806 6582
f 6582 6806 6807
f 6582 6807 6583
f 6583 6807 6808
f 6583 6808 6584
f 6584 6808 6809
f 6584 6809 6585
f 6585 6809 6810
f 6585 6810 6586
f 6586 6810 6811
f 6586 6811 6587
f 6587 6811 6812
f 6587 6812 6588
f 6588 6812 6813
f 6588 6813 6589
f 6589 6813 6814
f 6589 6814 6590
f 6590 6814 6815
f 6590 6815 6591
f 6591 6815 6816
f 6591 6816 6592
f 6592 6816 6817
f 6592 6817 6593
f 6593 6817 6818
f 6593 6818 6594
f 6594 6818 6819
f 6594 6819 6595
f 6595 6819 6820
f 6595 6820 6596
f 6596 6820 6821
f 6596 6821 6597
f 6597 6821 6822
f 6597 6822 6598
f 6598 6822 6823
f 6598 6823 6599
f 6599 6823 6824
f 6599 6824 6600
f 6600 6824 6825
f 6600 6825 6601
f 6601 6825 6826
f 6601 6826 6602
f 6602 6826 6827
f 6602 6827 6603
f 6603 6827 6828
f 6603 6828 6604
f 6604 6828 6829
f 6604 6829 6605
f 6605 6829 6830
f 6605 6830 6606
f 6606 6830 6831
f 6606 6831 6607
f 6607 6831 6832
f 6607 6832 6608
f 6608 6832 6833
f 6608 6833 6609
f 6609 6833 6834
f 6609 6834 6610
f 6610 6834 6835
f 6610 6835 6611
f 6611 6835 6836
f 6611 6836 6612
f 6612 6836 6837
f 6612 6837 6613
f 6613 6837 6838
f 6613 6838 6614
f 6614 6838 6839
f 6614 6839 6615
f 6615 6839 6840
f 6615 6840 6616
f 6616 6840 6841
f 6616 6841 6617
f 6617 6841 6842
f 6617 6842 6618
f 6618 6842 6843
f 6618 6843 6619
f 6619 6843 6844
f 6619 6844 6620
f 6620 6844 6845
f 6620 6845 6621
f 6621 6845 6846
f 6621 6846 6622
f 6622 6846 6847
f 6622 6847 6623
f 6623 6847 6848
f 6623 6848 6624
f 6624 6848 6849
f 6624 6849 6625
f 6625 6849 6850
f 6625 6850 6626
f 6626 6850 6851
f 6626 6851 6627
f 6627 6851 6852
f 6627 6852 6628
f 6628 6852 6853
f 6628 6853 6629
f 6629 6853 6854
f 6629 6854 6630
f 6630 6854 6855
f 6630 6855 6631
f 6631 6855 6856
f 6631 6856 6632
f 6632 6856 6857
f 6632 6857 6633
f 6633 6857 6858
f 6633 6858 6634
f 6634 6858 6859
f 6634 6859 6635
f 6635 6859 6860
f 6635 6860 6636
f 6636 6860 6861
f 6636 6861 6637
f 6637 6861 6862
f 6637 6862 6638
f 6638 6862 6863
f 6638 6863 6639
f 6639 6863 6864
f 6639 6864 6640
f 6640 6864 6865
f 6640 6865 6641
f 6641 6865 6866
f 6641 6866 6642
f 6642 6866 6867
f 6642 6867 6643
f 6643 6867 6868
f 6643 6868 6644
f 6644 6868 6869
f 6644 6869 6645
f 6645 6869 6870
f 6645 6870 6646
f 6646 6870 6871
f 6646 6871 6647
f 6647 6871 6872
f 6647 6872 6648
f 6648 6872 6873
f 6648 6873 6649
f 6649 6873 6874
f 6649 6874 6650
f 6650 6874 6875
f 6650 6875 6651
f 6651 6875 6876
f 6651 6876 6652
f 6652 6876 6877
f 6652 6877 6653
f 6653 6877 6878
f 6653 6878 6654
f 6654 6878 6879
f 6654 6879 6655
f 6655 6879 6880
f 6655 6880 6656
f 6656 6880 6881
f 6656 6881 6657
f 6657 6881 6882
f 6657 6882 6658
f 6658 6882 6883
f 6658 6883 6659
f 6659 6883 6884
f 6659 6884 6660
f 6660 6884 6885
f 6660 6885 6661
f 6661 6885 6886
f 6661 6886 6662
f 6662 6886 6887
f 6662 6887 6663
f 6663 6887 6888
f 6663 6888 6664
f 6664 6888 6889
f 6664 6889 6665
f 6665 6889 6890
f 6665 6890 6666
f 6666 6890 6891
f 6666 6891 6667
f 6667 6891 6892
f 6667 6892 6668
f 6668 6892 6893
f 6668 6893 6669
f 6669 6893 6894
f 6669 6894 6670
f 6670 6894 6895
f 6670 6895 6671
f 6671 6895 6896
f 6671 6896 6672
f 6672 6896 6897
f 6672 6897 6673
f 6673 6897 6898
f 6673 6898 6674
f 6674 6898 6899
f 6674 6899 6675
f 6675 6899 6900
f 6675 6900 6676
f 6676 6900 6901
f 6676 6901 6677
f 6677 6901 6902
f 6677 6902 6678
f 6678 6902 6903
f 6678 6903 6679
f 6679 6903 6904
f 6679 6904 6680
f 6680 6904 6905
f 6680 6905 6681
f 6681 6905 6906
f 6681 6906 6682
f 6682 6906 6907
f 6682 6907 6683
f 6683 6907 6908
f 6683 6908 6684
f 6684 6908 6909
f 6684 6909 6685
f 6685 6909 6910
f 6685 6910 6686
f 6686 6910 6911
f 6686 6911 6687
f 6687 6911 6912
f 6687 6912 6688
f 6688 6912 6913
f 6688 6913 6689
f 6689 6913 6914
f 6689 6914 6690
f 6690 6914 6915
f 6690 6915 6691
f 6691 6915 6916
f 6691 6916 6692
f 6692 6916 6917
f 6692 6917 6693
f 6693 6917 6918
f 6693 6918 6694
f 6694 6918 6919
f 6694 6919 6695
f 6695 6919 6920
f 6695 6920 6696
f 6696 6920 6921
f 6696 6921 6697
f 6697 6921 6922
f 6697 6922 6698
f 6698 6922 6923
f 6698 6923 6699
f 6699 6923 6924
f 6699 6924 6700
f 6700 6924 6925
f 6700 6925 6701
f 6701 6925 6926
f 6701 6926 6702
f 6702 6926 6927
f 6702 6927 6703
f 6703 6927 6928
f 6703 6928 6704
f 6704 6928 6929
f 6704 6929 6705
f 6705 6929 6930
f 6705 6930 6706
f 6706 6930 6931
f 6706 6931 6707
f 6707 6931 6932
f 6707 6932 6708
f 6708 6932 6933
f 6708 6933 6709
f 6709 6933 6934
f 6709 6934 6710
f 6710 6934 6935
f 6710 6935 6711
f 6711 6935 6936
f 6711 6936 6712
f 6712 6936 6937
f 6712 6937 6713
f 6713 6937 6938
f 6713 6938 6714
f 6714 6938 6939
f 6714 6939 6715
f 6715 6939 6940
f 6715 6940 6716
f 6716 6940 6941
f 6716 6941 6717
f 6717 6941 6942
f 6717 6942 6718
f 6718 6942 6943
f 6718 6943 6719
f 6719 6943 6944
f 6719 6944 6720
f 6720 6944 6721
f 6720 6721 6497
f 6721 6945 6946
f 6721 6946 6722
f 6722 6946 6947
f 6722 6947 6723
f 6723 6947 6948
f 6723 6948 6724
f 6724 6948 6949
f 6724 6949 6725
f 6725 6949 6950
f 6725 6950 6726
f 6726 6950 6951
f 6726 6951 6727
f 6727 6951 6952
f 6727 6952 6728
f 6728 6952 6953
f 6728 6953 6729
f 6729 6953 6954
f 6729 6954 6730
f 6730 6954 6955
f 6730 6955 6731
f 6731 6955 6956
f 6731 6956 6732
f 6732 6956 6957
f 6732 6957 6733
f 6733 6957 6958
f 6733 6958 6734
f 6734 6958 6959
f 6734 6959 6735
f 6735 6959 6960
f 6735 6960 6736
f 6736 6960 6961
f 6736 6961 6737
f 6737 6961 6962
f 6737 6962 6738
f 6738 6962 6963
f 6738 6963 6739
f 6739 6963 6964
f 6739 6964 6740
f 6740 6964 6965
f 6740 6965 6741
f 6741 6965 6966
f 6741 6966 6742
f 6742 6966 6967
f 6742 6967 6743
f 6743 6967 6968
f 6743 6968 6744
f 6744 6968 6969
f 6744 6969 6745
f 6745 6969 6970
f 6745 6970 6746
f 6746 6970 6971
f 6746 6971 6747
f 6747 6971 6972
f 6747 6972 6748
f 6748 6972 6973
f 6748 6973 6749
f 6749 6973 6974
f 6749 6974 6750
f 6750 6974 6975
f 6750 6975 6751
f 6751 6975 6976
f 6751 6976 6752
f 6752 6976 6977
f 6752 6977 6753
f 6753 6977 6978
f 6753 6978 6754
f 6754 6978 6979
f 6754 6979 6755
f 6755 6979 6980
f 6755 6980 6756
f 6756 6980 6981
f 6756 6981 6757
f 6757 6981 6982
f 6757 6982 6758
f 6758 6982 6983
f 6758 6983 6759
f 6759 6983 6984
f 6759 6984 6760
f 6760 6984 6985
f 6760 6985 6761
f 6761 6985 6986
f 6761 6986 6762
f 6762 6986 6987
f 6762 6987 6763
f 6763 6987 6988
f 6763 6988 6764
f 6764 6988 6989
f 6764 6989 6765
f 6765 6989 6990
f 6765 6990 6766
f 6766 6990 6991
f 6766 6991 6767
f 6767 6991 6992
f 6767 6992 6768
f 6768 6992 6993
f 6768 6993 6769
f 6769 6993 6994
f 6769 6994 6770
f 6770 6994 6995
f 6770 6995 6771
f 6771 6995 6996
f 6771 6996 6772
f 6772 6996 6997
f 6772 6997 6773
f 6773 6997 6998
f 6773 6998 6774
f 6774 6998 6999
f 6774 6999 6775
f 6775 6999 7000
f 6775 7000 6776
f 6776 7000 7001
f 6776 7001 6777
f 6777 7001 7002
f 6777 7002 6778
f 6778 7002 7003
f 6778 7003 6779
f 6779 7003 7004
f 6779 7004 6780
f 6780 7004 7005
f 6780 7005 6781
f 6781 7005 7006
f 6781 7006 6782
f 6782 7006 7007
f 6782 7007 6783
f 6783 7007 7008
f 6783 7008 6784
f 6784 7008 7009
f 6784 7009 6785
f 6785 7009 7010
f 6785 7010 6786
f 6786 7010 7011
f 6786 7011 6787
f 6787 7011 7012
f 6787 7012 6788
f 6788 7012 7013
f 6788 7013 6789
f 6789 7013 7014
f 6789 7014 6790
f 6790 7014 7015
f 6790 7015 6791
f 6791 7015 7016
f 6791 7016 6792
f 6792 7016 7017
f 6792 7017 6793
f 6793 7017 7018
f 6793 7018 6794
f 6794 7018 7019
f 6794 7019 6795
f 6795 7019 7020
f 6795 7020 6796
f 6796 7020 7021
f 6796 7021 6797
f 6797 7021 7022
f 6797 7022 6798
f 6798 7022 7023
f 6798 7023 6799
f 6799 7023 7024
f 6799 7024 6800
f 6800 7024 7025
f 6800 7025 6801
f 6801 7025 7026
f 6801 7026 6802
f 6802 7026 7027
f 6802 7027 6803
f 6803 7027 7028
f 6803 7028 6804
f 6804 7028 7029
f 6804 7029 6805
f 6805 7029 7030
f 6805 7030 6806
f 6806 7030 7031
f 6806 7031 6807
f 6807 7031 7032
f 6807 7032 6808
f 6808 7032 7033
f 6808 7033 6809
f 6809 7033 7034
f 6809 7034 6810
f 6810 7034 7035
f 6810 7035 6811
f 6811 7035 7036
f 6811 7036 6812
f 6812 7036 7037
f 6812 7037 6813
f 6813 7037 7038
f 6813 7038 6814
f 6814 7038 7039
f 6814 7039 6815
f 6815 7039 7040
f 6815 7040 6816
f 6816 7040 7041
f 6816 7041 6817
f 6817 7041 7042
f 6817 7042 6818
f 6818 7042 7043
f 6818 7043 6819
f 6819 7043 7044
f 6819 7044 6820
f 6820 7044 7045
f 6820 7045 6821
f 6821 7045 7046
f 6821 7046 6822
f 6822 7046 7047
f 6822 7047 6823
f 6823 7047 7048
f 6823 7048 6824
f 6824 7048 7049
f 6824 7049 6825
f 6825 7049 7050
f 6825 7050 6826
f 6826 7050 7051
f 6826 7051 6827
f 6827 7051 7052
f 6827 7052 6828
f 6828 7052 7053
f 6828 7053 6829
f 6829 7053 7054
f 6829 7054 6830
f 6830 7054 7055
f 6830 7055 6831
f 6831 7055 7056
f 6831 7056 6832
f 6832 7056 7057
f 6832 7057 6833
f 6833 7057 7058
f 6833 7058 6834
f 6834 7058 7059
f 6834 7059 6835
f 6835 7059 7060
f 6835 7060 6836
f 6836 7060 7061
f 6836 7061 6837
f 6837 7061 7062
f 6837 7062 6838
f 6838 7062 7063
f 6838 7063 6839
f 6839 7063 7064
f 6839 7064 6840
f 6840 7064 7065
f 6840 7065 6841
f 6841 7065 7066
f 6841 7066 6842
f 6842 7066 7067
f 6842 7067 6843
f 6843 7067 7068
f 6843 7068 6844
f 6844 7068 7069
f 6844 7069 6845
f 6845 7069 7070
f 6845 7070 6846
f 6846 7070 7071
f 6846 7071 6847
f 6847 7071 7072
f 6847 7072 6848
f 6848 7072 7073
f 6848 7073 6849
f 6849 7073 7074
f 6849 7074 6850
f 6850 7074 7075
f 6850 7075 6851
f 6851 7075 7076
f 6851 7076 6852
f 6852 7076 7077
f 6852 7077 6853
f 6853 7077 7078
f 6853 7078 6854
f 6854 7078 7079
f 6854 7079 6855
f 6855 7079 7080
f 6855 7080 6856
f 6856 7080 7081
f 6856 7081 6857
f 6857 7081 7082
f 6857 7082 6858
f 6858 7082 7083
f 6858 7083 6859
f 6859 7083 7084
f 6859 7084 6860
f 6860 7084 7085
f 6860 7085 6861
f 6861 7085 7086
f 6861 7086 6862
f 6862 7086 7087
f 6862 7087 6863
f 6863 7087 7088
f 6863 7088 6864
f 6864 7088 7089
f 6864 7089 6865
f 6865 7089 7090
f 6865 7090 6866
f 6866 7090 7091
f 6866 7091 6867
f 6867 7091 7092
f 6867 7092 6868
f 6868 7092 7093
f 6868 7093 6869
f 6869 7093 7094
f 6869 7094 6870
f 6870 7094 7095
f 6870 7095 6871
f 6871 7095 7096
f 6871 7096 6872
f 6872 7096 7097
f 6872 7097 6873
f 6873 7097 7098
f 6873 7098 6874
f 6874 7098 7099
f 6874 7099 6875
f 6875 7099 7100
f 6875 7100 6876
f 6876 7100 7101
f 6876 7101 6877
f 6877 7101 7102
f 6877 7102 6878
f 6878 7102 7103
f 6878 7103 6879
f 6879 7103 7104
f 6879 7104 6880
f 6880 7104 7105
f 6880 7105 6881
f 6881 7105 7106
f 6881 7106 6882
f 6882 7106 7107
f 6882 7107 6883
f 6883 7107 7108
f 6883 7108 6884
f 6884 7108 7109
f 6884 7109 6885
f 6885 7109 7110
f 6885 7110 6886
f 6886 7110 7111
f 6886 7111 6887
f 6887 7111 7112
f 6887 7112 6888
f 6888 7112 7113
f 6888 7113 6889
f 6889 7113 7114
f 6889 7114 6890
f 6890 7114 7115
f 6890 7115 6891
f 6891 7115 7116
f 6891 7116 6892
f 6892 7116 7117
f 6892 7117 6893
f 6893 7117 7118
f 6893 7118 6894
f 6894 7118 7119
f 6894 7119 6895
f 6895 7119 7120
f 6895 7120 6896
f 6896 7120 7121
f 6896 7121 6897
f 6897 7121 7122
f 6897 7122 6898
f 6898 7122 7123
f 6898 7123 6899
f 6899 7123 7124
f 6899 7124 6900
f 6900 7124 7125
f 6900 7125 6901
f 6901 7125 7126
f 6901 7126 6902
f 6902 7126 7127
f 6902 7127 6903
f 6903 7127 7128
f 6903 7128 6904
f 6904 7128 7129
f 6904 7129 6905
f 6905 7129 7130
f 6905 7130 6906
f 6906 7130 7131
f 6906 7131 6907
f 6907 7131 7132
f 6907 7132 6908
f 6908 7132 7133
f 6908 7133 6909
f 6909 7133 7134
f 6909 7134 6910
f 6910 7134 7135
f 6910 7135 6911
f 6911 7135 7136
f 6911 7136 6912
f 6912 7136 7137
f 6912 7137 6913
f 6913 7137 7138
f 6913 7138 6914
f 6914 7138 7139
f 6914 7139 6915
f 6915 7139 7140
f 6915 7140 6916
f 6916 7140 7141
f 6916 7141 6917
f 6917 7141 7142
f 6917 7142 6918
f 6918 7142 7143
f 6918 7143 6919
f 6919 7143 7144
f 6919 7144 6920
f 6920 7144 7145
f 6920 7145 6921
f 6921 7145 7146
f 6921 7146 6922
f 6922 7146 7147
f 6922 7147 6923
f 6923 7147 7148
f 6923 7148 6924
f 6924 7148 7149
f 6924 7149 6925
f 6925 7149 7150
f 6925 7150 6926
f 6926 7150 7151
f 6926 7151 6927
f 6927 7151 7152
f 6927 7152 6928
f 6928 7152 7153
f 6928 7153 6929
f 6929 7153 7154
f 6929 7154 6930
f 6930 7154 7155
f 6930 7155 6931
f 6931 7155 7156
f 6931 7156 6932
f 6932 7156 7157
f 6932 7157 6933
f 6933 7157 7158
f 6933 7158 6934
f 6934 7158 7159
f 6934 7159 6935
f 6935 7159 7160
f 6935 7160 6936
f 6936 7160 7161
f 6936 7161 6937
f 6937 7161 7162
f 6937 7162 6938
f 6938 7162 7163
f 6938 7163 6939
f 6939 7163 7164
f 6939 7164 6940
f 6940 7164 7165
f 6940 7165 6941
f 6941 7165 7166
f 6941 7166 6942
f 6942 7166 7167
f 6942 7167 6943
f 6943 7167 7168
f 6943 7168 6944
f 6944 7168 6945
f 6944 6945 6721
f 6945 7169 7170
f 6945 7170 6946
f 6946 7170 7171
f 6946 7171 6947
f 6947 7171 7172
f 6947 7172 6948
f 6948 7172 7173
f 6948 7173 6949
f 6949 7173 7174
f 6949 7174 6950
f 6950 7174 7175
f 6950 7175 6951
f 6951 7175 7176
f 6951 7176 6952
f 6952 7176 7177
f 6952 7177 6953
f 6953 7177 7178
f 6953 7178 6954
f 6954 7178 7179
f 6954 7179 6955
f 6955 7179 7180
f 6955 7180 6956
f 6956 7180 7181
f 6956 7181 6957
f 6957 7181 7182
f 6957 7182 6958
f 6958 7182 7183
f 6958 7183 6959
f 6959 7183 7184
f 6959 7184 6960
f 6960 7184 7185
f 6960 7185 6961
f 6961 7185 7186
f 6961 7186 6962
f 6962 7186 7187
f 6962 7187 6963
f 6963 7187 7188
f 6963 7188 6964
f 6964 7188 7189
f 6964 7189 6965
f 6965 7189 7190
f 6965 7190 6966
f 6966 7190 7191
f 6966 7191 6967
f 6967 7191 7192
f 6967 7192 6968
f 6968 7192 7193
f 6968 7193 6969
f 6969 7193 7194
f 6969 7194 6970
f 6970 7194 7195
f 6970 7195 6971
f 6971 7195 7196
f 6971 7196 6972
f 6972 7196 7197
f 6972 7197 6973
f 6973 7197 7198
f 6973 7198 6974
f 6974 7198 7199
f 6974 7199 6975
f 6975 7199 7200
f 6975 7200 6976
f 6976 7200 7201
f 6976 7201 6977
f 6977 7201 7202
f 6977 7202 6978
f 6978 7202 7203
f 6978 7203 6979
f 6979 7203 7204
f 6979 7204 6980
f 6980 7204 7205
f 6980 7205 6981
f 6981 7205 7206
f 6981 7206 6982
f 6982 7206 7207
f 6982 7207 6983
f 6983 7207 7208
f 6983 7208 6984
f 6984 7208 7209
f 6984 7209 6985
f 6985 7209 7210
f 6985 7210 6986
f 6986 7210 7211
f 6986 7211 6987
f 6987 7211 7212
f 6987 7212 6988
f 6988 7212 7213
f 6988 7213 6989
f 6989 7213 7214
f 6989 7214 6990
f 6990 7214 7215
f 6990 7215 6991
f 6991 7215 7216
f 6991 7216 6992
f 6992 7216 7217
f 6992 7217 6993
f 6993 7217 7218
f 6993 7218 6994
f 6994 7218 7219
f 6994 7219 6995
f 6995 7219 7220
f 6995 7220 6996
f 6996 7220 7221
f 6996 7221 6997
f 6997 7221 7222
f 6997 7222 6998
f 6998 7222 7223
f 6998 7223 6999
f 6999 7223 7224
f 6999 7224 7000
f 7000 7224 7225
f 7000 7225 7001
f 7001 7225 7226
f 7001 7226 7002
f 7002 7226 7227
f 7002 7227 7003
f 7003 7227 7228
f 7003 7228 7004
f 7004 7228 7229
f 7004 7229 7005
f 7005 7229 7230
f 7005 7230 7006
f 7006 7230 7231
f 7006 7231 7007
f 7007 7231 7232
f 7007 7232 7008
f 7008 7232 7233
f 7008 7233 7009
f 7009 7233 7234
f 7009 7234 7010
f 7010 7234 7235
f 7010 7235 7011
f 7011 7235 7236
f 7011 7236 7012
f 7012 7236 7237
f 7012 7237 7013
f 7013 7237 7238
f 7013 7238 7014
f 7014 7238 7239
f 7014 7239 7015
f 7015 7239 7240
f 7015 7240 7016
f 7016 7240 7241
f 7016 7241 7017
f 7017 7241 7242
f 7017 7242 7018
f 7018 7242 7243
f 7018 7243 7019
f 7019 7243 7244
f 7019 7244 7020
f 7020 7244 7245
f 7020 7245 7021
f 7021 7245 7246
f 7021 7246 7022
f 7022 7246 7247
f 7022 7247 7023
f 7023 7247 7248
f 7023 7248 7024
f 7024 7248 7249
f 7024 7249 7025
f 7025 7249 7250
f 7025 7250 7026
f 7026 7250 7251
f 7026 7251 7027
f 7027 7251 7252
f 7027 7252 7028
f 7028 7252 7253
f 7028 7253 7029
f 7029 7253 7254
f 7029 7254 7030
f 7030 7254 7255
f 7030 7255 7031
f 7031 7255 7256
f 7031 7256 7032
f 7032 7256 7257
f 7032 7257 7033
f 7033 7257 7258
f 7033 7258 7034
f 7034 7258 7259
f 7034 7259 7035
f 7035 7259 7260
f 7035 7260 7036
f 7036 7260 7261
f 7036 7261 7037
f 7037 7261 7262
f 7037 7262 7038
f 7038 7262 7263
f 7038 7263 7039
f 7039 7263 7264
f 7039 7264 7040
f 7040 7264 7265
f 7040 7265 7041
f 7041 7265 7266
f 7041 7266 7042
f 7042 7266 7267
f 7042 7267 7043
f 7043 7267 7268
f 7043 7268 7044
f 7044 7268 7269
f 7044 7269 7045
f 7045 7269 7270
f 7045 7270 7046
f 7046 7270 7271
f 7046 7271 7047
f 7047 7271 7272
f 7047 7272 7048
f 7048 7272 7273
f 7048 7273 7049
f 7049 7273 7274
f 7049 7274 7050
f 7050 7274 7275
f 7050 7275 7051
f 7051 7275 7276
f 7051 7276 7052
f 7052 7276 7277
f 7052 7277 7053
f 7053 7277 7278
f 7053 7278 7054
f 7054 7278 7279
f 7054 7279 7055
f 7055 7279 7280
f 7055 7280 7056
f 7056 7280 7281
f 7056 7281 7057
f 7057 7281 7282
f 7057 7282 7058
f 7058 7282 7283
f 7058 7283 7059
f 7059 7283 7284
f 7059 7284 7060
f 7060 7284 7285
f 7060 7285 7061
f 7061 7285 7286
f 7061 7286 7062
f 7062 7286 7287
f 7062 7287 7063
f 7063 7287 7288
f 7063 7288 7064
f 7064 7288 7289
f 7064 7289 7065
f 7065 7289 7290
f 7065 7290 7066
f 7066 7290 7291
f 7066 7291 7067
f 7067 7291 7292
f 7067 7292 7068
f 7068 7292 7293
f 7068 7293 7069
f 7069 7293 7294
f 7069 7294 7070
f 7070 7294 7295
f 7070 7295 7071
f 7071 7295 7296
f 7071 7296 7072
f 7072 7296 7297
f 7072 7297 7073
f 7073 7297 7298
f 7073 7298 7074
f 7074 7298 7299
f 7074 7299 7075
f 7075 7299 7300
f 7075 7300 7076
f 7076 7300 7301
f 7076 7301 7077
f 7077 7301 7302
f 7077 7302 7078
f 7078 7302 7303
f 7078 7303 7079
f 7079 7303 7304
f 7079 7304 7080
f 7080 7304 7305
f 7080 7305 7081
f 7081 7305 7306
f 7081 7306 7082
f 7082 7306 7307
f 7082 7307 7083
f 7083 7307 7308
f 7083 7308 7084
f 7084 7308 7309
f 7084 7309 7085
f 7085 7309 7310
f 7085 7310 7086
f 7086 7310 7311
f 7086 7311 7087
f 7087 7311 7312
f 7087 7312 7088
f 7088 7312 7313
f 7088 7313 7089
f 7089 7313 7314
f 7089 7314 7090
f 7090 7314 7315
f 7090 7315 7091
f 7091 7315 7316
f 7091 7316 7092
f 7092 7316 7317
f 7092 7317 7093
f 7093 7317 7318
f 7093 7318 7094
f 7094 7318 7319
f 7094 7319 7095
f 7095 7319 7320
f 7095 7320 7096
f 7096 7320 7321
f 7096 7321 7097
f 7097 7321 7322
f 7097 7322 7098
f 7098 7322 7323
f 7098 7323 7099
f 7099 7323 7324
f 7099 7324 7100
f 7100 7324 7325
f 7100 7325 7101
f 7101 7325 7326
f 7101 7326 7102
f 7102 7326 7327
f 7102 7327 7103
f 7103 7327 7328
f 7103 7328 7104
f 7104 7328 7329
f 7104 7329 7105
f 7105 7329 7330
f 7105 7330 7106
f 7106 7330 7331
f 7106 7331 7107
f 7107 7331 7332
f 7107 7332 7108
f 7108 7332 7333
f 7108 7333 7109
f 7109 7333 7334
f 7109 7334 7110
f 7110 7334 7335
f 7110 7335 7111
f 7111 7335 7336
f 7111 7336 7112
f 7112 7336 7337
f 7112 7337 7113
f 7113 7337 7338
f 7113 7338 7114
f 7114 7338 7339
f 7114 7339 7115
f 7115 7339 7340
f 7115 7340 7116
f 7116 7340 7341
f 7116 7341 7117
f 7117 7341 7342
f 7117 7342 7118
f 7118 7342 7343
f 7118 7343 7119
f 7119 7343 7344
f 7119 7344 7120
f 7120 7344 7345
f 7120 7345 7121
f 7121 7345 7346
f 7121 7346 7122
f 7122 7346 7347
f 7122 7347 7123
f 7123 7347 7348
f 7123 7348 7124
f 7124 7348 7349
f 7124 7349 7125
f 7125 7349 7350
f 7125 7350 7126
f 7126 7350 7351
f 7126 7351 7127
f 7127 7351 7352
f 7127 7352 7128
f 7128 7352 7353
f 7128 7353 7129
f 7129 7353 7354
f 7129 7354 7130
f 7130 7354 7355
f 7130 7355 7131
f 7131 7355 7356
f 7131 7356 7132
f 7132 7356 7357
f 7132 7357 7133
f 7133 7357 7358
f 7133 7358 7134
f 7134 7358 7359
f 7134 7359 7135
f 7135 7359 7360
f 7135 7360 7136
f 7136 7360 7361
f 7136 7361 7137
f 7137 7361 7362
f 7137 7362 7138
f 7138 7362 7363
f 7138 7363 7139
f 7139 7363 7364
f 7139 7364 7140
f 7140 7364 7365
f 7140 7365 7141
f 7141 7365 7366
f 7141 7366 7142
f 7142 7366 7367
f 7142 7367 7143
f 7143 7367 7368
f 7143 7368 7144
f 7144 7368 7369
f 7144 7369 7145
f 7145 7369 7370
f 7145 7370 7146
f 7146 7370 7371
f 7146 7371 7147
f 7147 7371 7372
f 7147 7372 7148
f 7148 7372 7373
f 7148 7373 7149
f 7149 7373 7374
f 7149 7374 7150
f 7150 7374 7375
f 7150 7375 7151
f 7151 7375 7376
f 7151 7376 7152
f 7152 7376 7377
f 7152 7377 7153
f 7153 7377 7378
f 7153 7378 7154
f 7154 7378 7379
f 7154 7379 7155
f 7155 7379 7380
f 7155 7380 7156
f 7156 7380 7381
f 7156 7381 7157
f 7157 7381 7382
f 7157 7382 7158
f 7158 7382 7383
f 7158 7383 7159
f 7159 7383 7384
f 7159 7384 7160
f 7160 7384 7385
f 7160 7385 7161
f 7161 7385 7386
f 7161 7386 7162
f 7162 7386 7387
f 7162 7387 7163
f 7163 7387 7388
f 7163 7388 7164
f 7164 7388 7389
f 7164 7389 7165
f 7165 7389 7390
f 7165 7390 7166
f 7166 7390 7391
f 7166 7391 7167
f 7167 7391 7392
f 7167 7392 7168
f 7168 7392 7169
f 7168 7169 6945
f 7169 7393 7394
f 7169 7394 7170
f 7170 7394 7395
f 7170 7395 7171
f 7171 7395 7396
f 7171 7396 7172
f 7172 7396 7397
f 7172 7397 7173
f 7173 7397 7398
f 7173 7398 7174
f 7174 7398 7399
f 7174 7399 7175
f 7175 7399 7400
f 7175 7400 7176
f 7176 7400 7401
f 7176 7401 7177
f 7177 7401 7402
f 7177 7402 7178
f 7178 7402 7403
f 7178 7403 7179
f 7179 7403 7404
f 7179 7404 7180
f 7180 7404 7405
f 7180 7405 7181
f 7181 7405 7406
f 7181 7406 7182
f 7182 7406 7407
f 7182 7407 7183
f 7183 7407 7408
f 7183 7408 7184
f 7184 7408 7409
f 7184 7409 7185
f 7185 7409 7410
f 7185 7410 7186
f 7186 7410 7411
f 7186 7411 7187
f 7187 7411 7412
f 7187 7412 7188
f 7188 7412 7413
f 7188 7413 7189
f 7189 7413 7414
f 7189 7414 7190
f 7190 7414 7415
f 7190 7415 7191
f 7191 7415 7416
f 7191 7416 7192
f 7192 7416 7417
f 7192 7417 7193
f 7193 7417 7418
f 7193 7418 7194
f 7194 7418 7419
f 7194 7419 7195
f 7195 7419 7420
f 7195 7420 7196
f 7196 7420 7421
f 7196 7421 7197
f 7197 7421 7422
f 7197 7422 7198
f 7198 7422 7423
f 7198 7423 7199
f 7199 7423 7424
f 7199 7424 7200
f 7200 7424 7425
f 7200 7425 7201
f 7201 7425 7426
f 7201 7426 7202
f 7202 7426 7427
f 7202 7427 7203
f 7203 7427 7428
f 7203 7428 7204
f 7204 7428 7429
f 7204 7429 7205
f 7205 7429 7430
f 7205 7430 7206
f 7206 7430 7431
f 7206 7431 7207
f 7207 7431 7432
f 7207 7432 7208
f 7208 7432 7433
f 7208 7433 7209
f 7209 7433 7434
f 7209 7434 7210
f 7210 7434 7435
f 7210 7435 7211
f 7211 7435 7436
f 7211 7436 7212
f 7212 7436 7437
f 7212 7437 7213
f 7213 7437 7438
f 7213 7438 7214
f 7214 7438 7439
f 7214 7439 7215
f 7215 7439 7440
f 7215 7440 7216
f 7216 7440 7441
f 7216 7441 7217
f 7217 7441 7442
f 7217 7442 7218
f 7218 7442 7443
f 7218 7443 7219
f 7219 7443 7444
f 7219 7444 7220
f 7220 7444 7445
f 7220 7445 7221
f 7221 7445 7446
f 7221 7446 7222
f 7222 7446 7447
f 7222 7447 7223
f 7223 7447 7448
f 7223 7448 7224
f 7224 7448 7449
f 7224 7449 7225
f 7225 7449 7450
f 7225 7450 7226
f 7226 7450 7451
f 7226 7451 7227
f 7227 7451 7452
f 7227 7452 7228
f 7228 7452 7453
f 7228 7453 7229
f 7229 7453 7454
f 7229 7454 7230
f 7230 7454 7455
f 7230 7455 7231
f 7231 7455 7456
f 7231 7456 7232
f 7232 7456 7457
f 7232 7457 7233
f 7233 7457 7458
f 7233 7458 7234
f 7234 7458 7459
f 7234 7459 7235
f 7235 7459 7460
f 7235 7460 7236
f 7236 7460 7461
f 7236 7461 7237
f 7237 7461 7462
f 7237 7462 7238
f 7238 7462 7463
f 7238 7463 7239
f 7239 7463 7464
f 7239 7464 7240
f 7240 7464 7465
f 7240 7465 7241
f 7241 7465 7466
f 7241 7466 7242
f 7242 7466 7467
f 7242 7467 7243
f 7243 7467 7468
f 7243 7468 7244
f 7244 7468 7469
f 7244 7469 7245
f 7245 7469 7470
f 7245 7470 7246
f 7246 7470 7471
f 7246 7471 7247
f 7247 7471 7472
f 7247 7472 7248
f 7248 7472 7473
f 7248 7473 7249
f 7249 7473 7474
f 7249 7474 7250
f 7250 7474 7475
f 7250 7475 7251
f 7251 7475 7476
f 7251 7476 7252
f 7252 7476 7477
f 7252 7477 7253
f 7253 7477 7478
f 7253 7478 7254
f 7254 7478 7479
f 7254 7479 7255
f 7255 7479 7480
f 7255 7480 7256
f 7256 7480 7481
f 7256 7481 7257
f 7257 7481 7482
f 7257 7482 7258
f 7258 7482 7483
f 7258 7483 7259
f 7259 7483 7484
f 7259 7484 7260
f 7260 7484 7485
f 7260 7485 7261
f 7261 7485 7486
f 7261 7486 7262
f 7262 7486 7487
f 7262 7487 7263
f 7263 7487 7488
f 7263 7488 7264
f 7264 7488 7489
f 7264 7489 7265
f 7265 7489 7490
f 7265 7490 7266
f 7266 7490 7491
f 7266 7491 7267
f 7267 7491 7492
f 7267 7492 7268
f 7268 7492 7493
f 7268 7493 7269
f 7269 7493 7494
f 7269 7494 7270
f 7270 7494 7495
f 7270 7495 7271
f 7271 7495 7496
f 7271 7496 7272
f 7272 7496 7497
f 7272 7497 7273
f 7273 7497 7498
f 7273 7498 7274
f 7274 7498 7499
f 7274 7499 7275
f 7275 7499 7500
f 7275 7500 7276
f 7276 7500 7501
f 7276 7501 7277
f 7277 7501 7502
f 7277 7502 7278
f 7278 7502 7503
f 7278 7503 7279
f 7279 7503 7504
f 7279 7504 7280
f 7280 7504 7505
f 7280 7505 7281
f 7281 7505 7506
f 7281 7506 7282
f 7282 7506 7507
f 7282 7507 7283
f 7283 7507 7508
f 7283 7508 7284
f 7284 7508 7509
f 7284 7509 7285
f 7285 7509 7510
f 7285 7510 7286
f 7286 7510 7511
f 7286 7511 7287
f 7287 7511 7512
f 7287 7512 7288
f 7288 7512 7513
f 7288 7513 7289
f 7289 7513 7514
f 7289 7514 7290
f 7290 7514 7515
f 7290 7515 7291
f 7291 7515 7516
f 7291 7516 7292
f 7292 7516 7517
f 7292 7517 7293
f 7293 7517 7518
f 7293 7518 7294
f 7294 7518 7519
f 7294 7519 7295
f 7295 7519 7520
f 7295 7520 7296
f 7296 7520 7521
f 7296 7521 7297
f 7297 7521 7522
f 7297 7522 7298
f 7298 7522 7523
f 7298 7523 7299
f 7299 7523 7524
f 7299 7524 7300
f 7300 7524 7525
f 7300 7525 7301
f 7301 7525 7526
f 7301 7526 7302
f 7302 7526 7527
f 7302 7527 7303
f 7303 7527 7528
f 7303 7528 7304
f 7304 7528 7529
f 7304 7529 7305
f 7305 7529 7530
f 7305 7530 7306
f 7306 7530 7531
f 7306 7531 7307
f 7307 7531 7532
f 7307 7532 7308
f 7308 7532 7533
f 7308 7533 7309
f 7309 7533 7534
f 7309 7534 7310
f 7310 7534 7535
f 7310 7535 7311
f 7311 7535 7536
f 7311 7536 7312
f 7312 7536 7537
f 7312 7537 7313
f 7313 7537 7538
f 7313 7538 7314
f 7314 7538 7539
f 7314 7539 7315
f 7315 7539 7540
f 7315 7540 7316
f 7316 7540 7541
f 7316 7541 7317
f 7317 7541 7542
f 7317 7542 7318
f 7318 7542 7543
f 7318 7543 7319
f 7319 7543 7544
f 7319 7544 7320
f 7320 7544 7545
f 7320 7545 7321
f 7321 7545 7546
f 7321 7546 7322
f 7322 7546 7547
f 7322 7547 7323
f 7323 7547 7548
f 7323 7548 7324
f 7324 7548 7549
f 7324 7549 7325
f 7325 7549 7550
f 7325 7550 7326
f 7326 7550 7551
f 7326 7551 7327
f 7327 7551 7552
f 7327 7552 7328
f 7328 7552 7553
f 7328 7553 7329
f 7329 7553 7554
f 7329 7554 7330
f 7330 7554 7555
f 7330 7555 7331
f 7331 7555 7556
f 7331 7556 7332
f 7332 7556 7557
f 7332 7557 7333
f 7333 7557 7558
f 7333 7558 7334
f 7334 7558 7559
f 7334 7559 7335
f 7335 7559 7560
f 7335 7560 7336
f 7336 7560 7561
f 7336 7561 7337
f 7337 7561 7562
f 7337 7562 7338
f 7338 7562 7563
f 7338 7563 7339
f 7339 7563 7564
f 7339 7564 7340
f 7340 7564 7565
f 7340 7565 7341
f 7341 7565 7566
f 7341 7566 7342
f 7342 7566 7567
f 7342 7567 7343
f 7343 7567 7568
f 7343 7568 7344
f 7344 7568 7569
f 7344 7569 7345
f 7345 7569 7570
f 7345 7570 7346
f 7346 7570 7571
f 7346 7571 7347
f 7347 7571 7572
f 7347 7572 7348
f 7348 7572 7573
f 7348 7573 7349
f 7349 7573 7574
f 7349 7574 7350
f 7350 7574 7575
f 7350 7575 7351
f 7351 7575 7576
f 7351 7576 7352
f 7352 7576 7577
f 7352 7577 7353
f 7353 7577 7578
f 7353 7578 7354
f 7354 7578 7579
f 7354 7579 7355
f 7355 7579 7580
f 7355 7580 7356
f 7356 7580 7581
f 7356 7581 7357
f 7357 7581 7582
f 7357 7582 7358
f 7358 7582 7583
f 7358 7583 7359
f 7359 7583 7584
f 7359 7584 7360
f 7360 7584 7585
f 7360 7585 7361
f 7361 7585 7586
f 7361 7586 7362
f 7362 7586 7587
f 7362 7587 7363
f 7363 7587 7588
f 7363 7588 7364
f 7364 7588 7589
f 7364 7589 7365
f 7365 7589 7590
f 7365 7590 7366
f 7366 7590 7591
f 7366 7591 7367
f 7367 7591 7592
f 7367 7592 7368
f 7368 7592 7593
f 7368 7593 7369
f 7369 7593 7594
f 7369 7594 7370
f 7370 7594 7595
f 7370 7595 7371
f 7371 7595 7596
f 7371 7596 7372
f 7372 7596 7597
f 7372 7597 7373
f 7373 7597 7598
f 7373 7598 7374
f 7374 7598 7599
f 7374 7599 7375
f 7375 7599 7600
f 7375 7600 7376
f 7376 7600 7601
f 7376 7601 7377
f 7377 7601 7602
f 7377 7602 7378
f 7378 7602 7603
f 7378 7603 7379
f 7379 7603 7604
f 7379 7604 7380
f 7380 7604 7605
f 7380 7605 7381
f 7381 7605 7606
f 7381 7606 7382
f 7382 7606 7607
f 7382 7607 7383
f 7383 7607 7608
f 7383 7608 7384
f 7384 7608 7609
f 7384 7609 7385
f 7385 7609 7610
f 7385 7610 7386
f 7386 7610 7611
f 7386 7611 7387
f 7387 7611 7612
f 7387 7612 7388
f 7388 7612 7613
f 7388 7613 7389
f 7389 7613 7614
f 7389 7614 7390
f 7390 7614 7615
f 7390 7615 7391
f 7391 7615 7616
f 7391 7616 7392
f 7392 7616 7393
f 7392 7393 7169
f 7393 7617 7618
f 7393 7618 7394
f 7394 7618 7619
f 7394 7619 7395
f 7395 7619 7620
f 7395 7620 7396
f 7396 7620 7621
f 7396 7621 7397
f 7397 7621 7622
f 7397 7622 7398
f 7398 7622 7623
f 7398 7623 7399
f 7399 7623 7624
f 7399 7624 7400
f 7400 7624 7625
f 7400 7625 7401
f 7401 7625 7626
f 7401 7626 7402
f 7402 7626 7627
f 7402 7627 7403
f 7403 7627 7628
f 7403 7628 7404
f 7404 7628 7629
f 7404 7629 7405
f 7405 7629 7630
f 7405 7630 7406
f 7406 7630 7631
f 7406 7631 7407
f 7407 7631 7632
f 7407 7632 7408
f 7408 7632 7633
f 7408 7633 7409
f 7409 7633 7634
f 7409 7634 7410
f 7410 7634 7635
f 7410 7635 7411
f 7411 7635 7636
f 7411 7636 7412
f 7412 7636 7637
f 7412 7637 7413
f 7413 7637 7638
f 7413 7638 7414
f 7414 7638 7639
f 7414 7639 7415
f 7415 7639 7640
f 7415 7640 7416
f 7416 7640 7641
f 7416 7641 7417
f 7417 7641 7642
f 7417 7642 7418
f 7418 7642 7643
f 7418 7643 7419
f 7419 7643 7644
f 7419 7644 7420
f 7420 7644 7645
f 7420 7645 7421
f 7421 7645 7646
f 7421 7646 7422
f 7422 7646 7647
f 7422 7647 7423
f 7423 7647 7648
f 7423 7648 7424
f 7424 7648 7649
f 7424 7649 7425
f 7425 7649 7650
f 7425 7650 7426
f 7426 7650 7651
f 7426 7651 7427
f 7427 7651 7652
f 7427 7652 7428
f 7428 7652 7653
f 7428 7653 7429
f 7429 7653 7654
f 7429 7654 7430
f 7430 7654 7655
f 7430 7655 7431
f 7431 7655 7656
f 7431 7656 7432
f 7432 7656 7657
f 7432 7657 7433
f 7433 7657 7658
f 7433 7658 7434
f 7434 7658 7659
f 7434 7659 7435
f 7435 7659 7660
f 7435 7660 7436
f 7436 7660 7661
f 7436 7661 7437
f 7437 7661 7662
f 7437 7662 7438
f 7438 7662 7663
f 7438 7663 7439
f 7439 7663 7664
f 7439 7664 7440
f 7440 7664 7665
f 7440 7665 7441
f 7441 7665 7666
f 7441 7666 7442
f 7442 7666 7667
f 7442 7667 7443
f 7443 7667 7668
f 7443 7668 7444
f 7444 7668 7669
f 7444 7669 7445
f 7445 7669 7670
f 7445 7670 7446
f 7446 7670 7671
f 7446 7671 7447
f 7447 7671 7672
f 7447 7672 7448
f 7448 7672 7673
f 7448 7673 7449
f 7449 7673 7674
f 7449 7674 7450
f 7450 7674 7675
f 7450 7675 7451
f 7451 7675 7676
f 7451 7676 7452
f 7452 7676 7677
f 7452 7677 7453
f 7453 7677 7678
f 7453 7678 7454
f 7454 7678 7679
f 7454 7679 7455
f 7455 7679 7680
f 7455 7680 7456
f 7456 7680 7681
f 7456 7681 7457
f 7457 7681 7682
f 7457 7682 7458
f 7458 7682 7683
f 7458 7683 7459
f 7459 7683 7684
f 7459 7684 7460
f 7460 7684 7685
f 7460 7685 7461
f 7461 7685 7686
f 7461 7686 7462
f 7462 7686 7687
f 7462 7687 7463
f 7463 7687 7688
f 7463 7688 7464
f 7464 7688 7689
f 7464 7689 7465
f 7465 7689 7690
f 7465 7690 7466
f 7466 7690 7691
f 7466 7691 7467
f 7467 7691 7692
f 7467 7692 7468
f 7468 7692 7693
f 7468 7693 7469
f 7469 7693 7694
f 7469 7694 7470
f 7470 7694 7695
f 7470 7695 7471
f 7471 7695 7696
f 7471 7696 7472
f 7472 7696 7697
f 7472 7697 7473
f 7473 7697 7698
f 7473 7698 7474
f 7474 7698 7699
f 7474 7699 7475
f 7475 7699 7700
f 7475 7700 7476
f 7476 7700 7701
f 7476 7701 7477
f 7477 7701 7702
f 7477 7702 7478
f 7478 7702 7703
f 7478 7703 7479
f 7479 7703 7704
f 7479 7704 7480
f 7480 7704 7705
f 7480 7705 7481
f 7481 7705 7706
f 7481 7706 7482
f 7482 7706 7707
f 7482 7707 7483
f 7483 7707 7708
f 7483 7708 7484
f 7484 7708 7709
f 7484 7709 7485
f 7485 7709 7710
f 7485 7710 7486
f 7486 7710 7711
f 7486 7711 7487
f 7487 7711 7712
f 7487 7712 7488
f 7488 7712 7713
f 7488 7713 7489
f 7489 7713 7714
f 7489 7714 7490
f 7490 7714 7715
f 7490 7715 7491
f 7491 7715 7716
f 7491 7716 7492
f 7492 7716 7717
f 7492 7717 7493
f 7493 7717 7718
f 7493 7718 7494
f 7494 7718 7719
f 7494 7719 7495
f 7495 7719 7720
f 7495 7720 7496
f 7496 7720 7721
f 7496 7721 7497
f 7497 7721 7722
f 7497 7722 7498
f 7498 7722 7723
f 7498 7723 7499
f 7499 7723 7724
f 7499 7724 7500
f 7500 7724 7725
f 7500 7725 7501
f 7501 7725 7726
f 7501 7726 7502
f 7502 7726 7727
f 7502 7727 7503
f 7503 7727 7728
f 7503 7728 7504
f 7504 7728 7729
f 7504 7729 7505
f 7505 7729 7730
f 7505 7730 7506
f 7506 7730 7731
f 7506 7731 7507
f 7507 7731 7732
f 7507 7732 7508
f 7508 7732 7733
f 7508 7733 7509
f 7509 7733 7734
f 7509 7734 7510
f 7510 7734 7735
f 7510 7735 7511
f 7511 7735 7736
f 7511 7736 7512
f 7512 7736 7737
f 7512 7737 7513
f 7513 7737 7738
f 7513 7738 7514
f 7514 7738 7739
f 7514 7739 7515
f 7515 7739 7740
f 7515 7740 7516
f 7516 7740 7741
f 7516 7741 7517
f 7517 7741 7742
f 7517 7742 7518
f 7518 7742 7743
f 7518 7743 7519
f 7519 7743 7744
f 7519 7744 7520
f 7520 7744 7745
f 7520 7745 7521
f 7521 7745 7746
f 7521 7746 7522
f 7522 7746 7747
f 7522 7747 7523
f 7523 7747 7748
f 7523 7748 7524
f 7524 7748 7749
f 7524 7749 7525
f 7525 7749 7750
f 7525 7750 7526
f 7526 7750 7751
f 7526 7751 7527
f 7527 7751 7752
f 7527 7752 7528
f 7528 7752 7753
f 7528 7753 7529
f 7529 7753 7754
f 7529 7754 7530
f 7530 7754 7755
f 7530 7755 7531
f 7531 7755 7756
f 7531 7756 7532
f 7532 7756 7757
f 7532 7757 7533
f 7533 7757 7758
f 7533 7758 7534
f 7534 7758 7759
f 7534 7759 7535
f 7535 7759 7760
f 7535 7760 7536
f 7536 7760 7761
f 7536 7761 7537
f 7537 7761 7762
f 7537 7762 7538
f 7538 7762 7763
f 7538 7763 7539
f 7539 7763 7764
f 7539 7764 7540
f 7540 7764 7765
f 7540 7765 7541
f 7541 7765 7766
f 7541 7766 7542
f 7542 7766 7767
f 7542 7767 7543
f 7543 7767 7768
f 7543 7768 7544
f 7544 7768 7769
f 7544 7769 7545
f 7545 7769 7770
f 7545 7770 7546
f 7546 7770 7771
f 7546 7771 7547
f 7547 7771 7772
f 7547 7772 7548
f 7548 7772 7773
f 7548 7773 7549
f 7549 7773 7774
f 7549 7774 7550
f 7550 7774 7775
f 7550 7775 7551
f 7551 7775 7776
f 7551 7776 7552
f 7552 7776 7777
f 7552 7777 7553
f 7553 7777 7778
f 7553 7778 7554
f 7554 7778 7779
f 7554 7779 7555
f 7555 7779 7780
f 7555 7780 7556
f 7556 7780 7781
f 7556 7781 7557
f 7557 7781 7782
f 7557 7782 7558
f 7558 7782 7783
f 7558 7783 7559
f 7559 7783 7784
f 7559 7784 7560
f 7560 7784 7785
f 7560 7785 7561
f 7561 7785 7786
f 7561 7786 7562
f 7562 7786 7787
f 7562 7787 7563
f 7563 7787 7788
f 7563 7788 7564
f 7564 7788 7789
f 7564 7789 7565
f 7565 7789 7790
f 7565 7790 7566
f 7566 7790 7791
f 7566 7791 7567
f 7567 7791 7792
f 7567 7792 7568
f 7568 7792 7793
f 7568 7793 7569
f 7569 7793 7794
f 7569 7794 7570
f 7570 7794 7795
f 7570 7795 7571
f 7571 7795 7796
f 7571 7796 7572
f 7572 7796 7797
f 7572 7797 7573
f 7573 7797 7798
f 7573 7798 7574
f 7574 7798 7799
f 7574 7799 7575
f 7575 7799 7800
f 7575 7800 7576
f 7576 7800 7801
f 7576 7801 7577
f 7577 7801 7802
f 7577 7802 7578
f 7578 7802 7803
f 7578 7803 7579
f 7579 7803 7804
f 7579 7804 7580
f 7580 7804 7805
f 7580 7805 7581
f 7581 7805 7806
f 7581 7806 7582
f 7582 7806 7807
f 7582 7807 7583
f 7583 7807 7808
f 7583 7808 7584
f 7584 7808 7809
f 7584 7809 7585
f 7585 7809 7810
f 7585 7810 7586
f 7586 7810 7811
f 7586 7811 7587
f 7587 7811 7812
f 7587 7812 7588
f 7588 7812 7813
f 7588 7813 7589
f 7589 7813 7814
f 7589 7814 7590
f 7590 7814 7815
f 7590 7815 7591
f 7591 7815 7816
f 7591 7816 7592
f 7592 7816 7817
f 7592 7817 7593
f 7593 7817 7818
f 7593 7818 7594
f 7594 7818 7819
f 7594 7819 7595
f 7595 7819 7820
f 7595 7820 7596
f 7596 7820 7821
f 7596 7821 7597
f 7597 7821 7822
f 7597 7822 7598
f 7598 7822 7823
f 7598 7823 7599
f 7599 7823 7824
f 7599 7824 7600
f 7600 7824 7825
f 7600 7825 7601
f 7601 7825 7826
f 7601 7826 7602
f 7602 7826 7827
f 7602 7827 7603
f 7603 7827 7828
f 7603 7828 7604
f 7604 7828 7829
f 7604 7829 7605
f 7605 7829 7830
f 7605 7830 7606
f 7606 7830 7831
f 7606 7831 7607
f 7607 7831 7832
f 7607 7832 7608
f 7608 7832 7833
f 7608 7833 7609
f 7609 7833 7834
f 7609 7834 7610
f 7610 7834 7835
f 7610 7835 7611
f 7611 7835 7836
f 7611 7836 7612
f 7612 7836 7837
f 7612 7837 7613
f 7613 7837 7838
f 7613 7838 7614
f 7614 7838 7839
f 7614 7839 7615
f 7615 7839 7840
f 7615 7840 7616
f 7616 7840 7617
f 7616 7617 7393
