# Original Basketbroom procedural mesh; units cm, Z up
o SM_BB_ReboundNet
s 1
v -15510.17235 -4829.83542 70.00000
v -15509.17235 -4831.56747 70.00000
v -15507.17235 -4831.56747 70.00000
v -15506.17235 -4829.83542 70.00000
v -15507.17235 -4828.10337 70.00000
v -15509.17235 -4828.10337 70.00000
v -15510.17235 -4829.83542 4760.83777
v -15509.17235 -4831.56747 4760.83777
v -15507.17235 -4831.56747 4760.83777
v -15506.17235 -4829.83542 4760.83777
v -15507.17235 -4828.10337 4760.83777
v -15509.17235 -4828.10337 4760.83777
v -15260.04053 -4829.83542 70.00000
v -15259.04053 -4831.56747 70.00000
v -15257.04053 -4831.56747 70.00000
v -15256.04053 -4829.83542 70.00000
v -15257.04053 -4828.10337 70.00000
v -15259.04053 -4828.10337 70.00000
v -15260.04053 -4829.83542 4760.83777
v -15259.04053 -4831.56747 4760.83777
v -15257.04053 -4831.56747 4760.83777
v -15256.04053 -4829.83542 4760.83777
v -15257.04053 -4828.10337 4760.83777
v -15259.04053 -4828.10337 4760.83777
v -15009.90872 -4829.83542 70.00000
v -15008.90872 -4831.56747 70.00000
v -15006.90872 -4831.56747 70.00000
v -15005.90872 -4829.83542 70.00000
v -15006.90872 -4828.10337 70.00000
v -15008.90872 -4828.10337 70.00000
v -15009.90872 -4829.83542 4760.83777
v -15008.90872 -4831.56747 4760.83777
v -15006.90872 -4831.56747 4760.83777
v -15005.90872 -4829.83542 4760.83777
v -15006.90872 -4828.10337 4760.83777
v -15008.90872 -4828.10337 4760.83777
v -14759.77691 -4829.83542 70.00000
v -14758.77691 -4831.56747 70.00000
v -14756.77691 -4831.56747 70.00000
v -14755.77691 -4829.83542 70.00000
v -14756.77691 -4828.10337 70.00000
v -14758.77691 -4828.10337 70.00000
v -14759.77691 -4829.83542 4760.83777
v -14758.77691 -4831.56747 4760.83777
v -14756.77691 -4831.56747 4760.83777
v -14755.77691 -4829.83542 4760.83777
v -14756.77691 -4828.10337 4760.83777
v -14758.77691 -4828.10337 4760.83777
v -14509.64510 -4829.83542 70.00000
v -14508.64510 -4831.56747 70.00000
v -14506.64510 -4831.56747 70.00000
v -14505.64510 -4829.83542 70.00000
v -14506.64510 -4828.10337 70.00000
v -14508.64510 -4828.10337 70.00000
v -14509.64510 -4829.83542 4760.83777
v -14508.64510 -4831.56747 4760.83777
v -14506.64510 -4831.56747 4760.83777
v -14505.64510 -4829.83542 4760.83777
v -14506.64510 -4828.10337 4760.83777
v -14508.64510 -4828.10337 4760.83777
v -14259.51329 -4829.83542 70.00000
v -14258.51329 -4831.56747 70.00000
v -14256.51329 -4831.56747 70.00000
v -14255.51329 -4829.83542 70.00000
v -14256.51329 -4828.10337 70.00000
v -14258.51329 -4828.10337 70.00000
v -14259.51329 -4829.83542 4760.83777
v -14258.51329 -4831.56747 4760.83777
v -14256.51329 -4831.56747 4760.83777
v -14255.51329 -4829.83542 4760.83777
v -14256.51329 -4828.10337 4760.83777
v -14258.51329 -4828.10337 4760.83777
v -14009.38147 -4829.83542 70.00000
v -14008.38147 -4831.56747 70.00000
v -14006.38147 -4831.56747 70.00000
v -14005.38147 -4829.83542 70.00000
v -14006.38147 -4828.10337 70.00000
v -14008.38147 -4828.10337 70.00000
v -14009.38147 -4829.83542 4760.83777
v -14008.38147 -4831.56747 4760.83777
v -14006.38147 -4831.56747 4760.83777
v -14005.38147 -4829.83542 4760.83777
v -14006.38147 -4828.10337 4760.83777
v -14008.38147 -4828.10337 4760.83777
v -13759.24966 -4829.83542 70.00000
v -13758.24966 -4831.56747 70.00000
v -13756.24966 -4831.56747 70.00000
v -13755.24966 -4829.83542 70.00000
v -13756.24966 -4828.10337 70.00000
v -13758.24966 -4828.10337 70.00000
v -13759.24966 -4829.83542 4760.83777
v -13758.24966 -4831.56747 4760.83777
v -13756.24966 -4831.56747 4760.83777
v -13755.24966 -4829.83542 4760.83777
v -13756.24966 -4828.10337 4760.83777
v -13758.24966 -4828.10337 4760.83777
v -13509.11785 -4829.83542 70.00000
v -13508.11785 -4831.56747 70.00000
v -13506.11785 -4831.56747 70.00000
v -13505.11785 -4829.83542 70.00000
v -13506.11785 -4828.10337 70.00000
v -13508.11785 -4828.10337 70.00000
v -13509.11785 -4829.83542 4760.83777
v -13508.11785 -4831.56747 4760.83777
v -13506.11785 -4831.56747 4760.83777
v -13505.11785 -4829.83542 4760.83777
v -13506.11785 -4828.10337 4760.83777
v -13508.11785 -4828.10337 4760.83777
v -13258.98604 -4829.83542 70.00000
v -13257.98604 -4831.56747 70.00000
v -13255.98604 -4831.56747 70.00000
v -13254.98604 -4829.83542 70.00000
v -13255.98604 -4828.10337 70.00000
v -13257.98604 -4828.10337 70.00000
v -13258.98604 -4829.83542 4760.83777
v -13257.98604 -4831.56747 4760.83777
v -13255.98604 -4831.56747 4760.83777
v -13254.98604 -4829.83542 4760.83777
v -13255.98604 -4828.10337 4760.83777
v -13257.98604 -4828.10337 4760.83777
v -13008.85423 -4829.83542 70.00000
v -13007.85423 -4831.56747 70.00000
v -13005.85423 -4831.56747 70.00000
v -13004.85423 -4829.83542 70.00000
v -13005.85423 -4828.10337 70.00000
v -13007.85423 -4828.10337 70.00000
v -13008.85423 -4829.83542 4760.83777
v -13007.85423 -4831.56747 4760.83777
v -13005.85423 -4831.56747 4760.83777
v -13004.85423 -4829.83542 4760.83777
v -13005.85423 -4828.10337 4760.83777
v -13007.85423 -4828.10337 4760.83777
v -12758.72241 -4829.83542 70.00000
v -12757.72241 -4831.56747 70.00000
v -12755.72241 -4831.56747 70.00000
v -12754.72241 -4829.83542 70.00000
v -12755.72241 -4828.10337 70.00000
v -12757.72241 -4828.10337 70.00000
v -12758.72241 -4829.83542 4760.83777
v -12757.72241 -4831.56747 4760.83777
v -12755.72241 -4831.56747 4760.83777
v -12754.72241 -4829.83542 4760.83777
v -12755.72241 -4828.10337 4760.83777
v -12757.72241 -4828.10337 4760.83777
v -12508.59060 -4829.83542 70.00000
v -12507.59060 -4831.56747 70.00000
v -12505.59060 -4831.56747 70.00000
v -12504.59060 -4829.83542 70.00000
v -12505.59060 -4828.10337 70.00000
v -12507.59060 -4828.10337 70.00000
v -12508.59060 -4829.83542 4760.83777
v -12507.59060 -4831.56747 4760.83777
v -12505.59060 -4831.56747 4760.83777
v -12504.59060 -4829.83542 4760.83777
v -12505.59060 -4828.10337 4760.83777
v -12507.59060 -4828.10337 4760.83777
v -12258.45879 -4829.83542 70.00000
v -12257.45879 -4831.56747 70.00000
v -12255.45879 -4831.56747 70.00000
v -12254.45879 -4829.83542 70.00000
v -12255.45879 -4828.10337 70.00000
v -12257.45879 -4828.10337 70.00000
v -12258.45879 -4829.83542 4760.83777
v -12257.45879 -4831.56747 4760.83777
v -12255.45879 -4831.56747 4760.83777
v -12254.45879 -4829.83542 4760.83777
v -12255.45879 -4828.10337 4760.83777
v -12257.45879 -4828.10337 4760.83777
v -12008.32698 -4829.83542 70.00000
v -12007.32698 -4831.56747 70.00000
v -12005.32698 -4831.56747 70.00000
v -12004.32698 -4829.83542 70.00000
v -12005.32698 -4828.10337 70.00000
v -12007.32698 -4828.10337 70.00000
v -12008.32698 -4829.83542 4760.83777
v -12007.32698 -4831.56747 4760.83777
v -12005.32698 -4831.56747 4760.83777
v -12004.32698 -4829.83542 4760.83777
v -12005.32698 -4828.10337 4760.83777
v -12007.32698 -4828.10337 4760.83777
v -11758.19517 -4829.83542 70.00000
v -11757.19517 -4831.56747 70.00000
v -11755.19517 -4831.56747 70.00000
v -11754.19517 -4829.83542 70.00000
v -11755.19517 -4828.10337 70.00000
v -11757.19517 -4828.10337 70.00000
v -11758.19517 -4829.83542 4760.83777
v -11757.19517 -4831.56747 4760.83777
v -11755.19517 -4831.56747 4760.83777
v -11754.19517 -4829.83542 4760.83777
v -11755.19517 -4828.10337 4760.83777
v -11757.19517 -4828.10337 4760.83777
v -11508.06335 -4829.83542 70.00000
v -11507.06335 -4831.56747 70.00000
v -11505.06335 -4831.56747 70.00000
v -11504.06335 -4829.83542 70.00000
v -11505.06335 -4828.10337 70.00000
v -11507.06335 -4828.10337 70.00000
v -11508.06335 -4829.83542 4760.83777
v -11507.06335 -4831.56747 4760.83777
v -11505.06335 -4831.56747 4760.83777
v -11504.06335 -4829.83542 4760.83777
v -11505.06335 -4828.10337 4760.83777
v -11507.06335 -4828.10337 4760.83777
v -11257.93154 -4829.83542 70.00000
v -11256.93154 -4831.56747 70.00000
v -11254.93154 -4831.56747 70.00000
v -11253.93154 -4829.83542 70.00000
v -11254.93154 -4828.10337 70.00000
v -11256.93154 -4828.10337 70.00000
v -11257.93154 -4829.83542 4760.83777
v -11256.93154 -4831.56747 4760.83777
v -11254.93154 -4831.56747 4760.83777
v -11253.93154 -4829.83542 4760.83777
v -11254.93154 -4828.10337 4760.83777
v -11256.93154 -4828.10337 4760.83777
v -11007.79973 -4829.83542 70.00000
v -11006.79973 -4831.56747 70.00000
v -11004.79973 -4831.56747 70.00000
v -11003.79973 -4829.83542 70.00000
v -11004.79973 -4828.10337 70.00000
v -11006.79973 -4828.10337 70.00000
v -11007.79973 -4829.83542 4760.83777
v -11006.79973 -4831.56747 4760.83777
v -11004.79973 -4831.56747 4760.83777
v -11003.79973 -4829.83542 4760.83777
v -11004.79973 -4828.10337 4760.83777
v -11006.79973 -4828.10337 4760.83777
v -10757.66792 -4829.83542 70.00000
v -10756.66792 -4831.56747 70.00000
v -10754.66792 -4831.56747 70.00000
v -10753.66792 -4829.83542 70.00000
v -10754.66792 -4828.10337 70.00000
v -10756.66792 -4828.10337 70.00000
v -10757.66792 -4829.83542 4760.83777
v -10756.66792 -4831.56747 4760.83777
v -10754.66792 -4831.56747 4760.83777
v -10753.66792 -4829.83542 4760.83777
v -10754.66792 -4828.10337 4760.83777
v -10756.66792 -4828.10337 4760.83777
v -10507.53611 -4829.83542 70.00000
v -10506.53611 -4831.56747 70.00000
v -10504.53611 -4831.56747 70.00000
v -10503.53611 -4829.83542 70.00000
v -10504.53611 -4828.10337 70.00000
v -10506.53611 -4828.10337 70.00000
v -10507.53611 -4829.83542 4760.83777
v -10506.53611 -4831.56747 4760.83777
v -10504.53611 -4831.56747 4760.83777
v -10503.53611 -4829.83542 4760.83777
v -10504.53611 -4828.10337 4760.83777
v -10506.53611 -4828.10337 4760.83777
v -10257.40429 -4829.83542 70.00000
v -10256.40429 -4831.56747 70.00000
v -10254.40429 -4831.56747 70.00000
v -10253.40429 -4829.83542 70.00000
v -10254.40429 -4828.10337 70.00000
v -10256.40429 -4828.10337 70.00000
v -10257.40429 -4829.83542 4760.83777
v -10256.40429 -4831.56747 4760.83777
v -10254.40429 -4831.56747 4760.83777
v -10253.40429 -4829.83542 4760.83777
v -10254.40429 -4828.10337 4760.83777
v -10256.40429 -4828.10337 4760.83777
v -10007.27248 -4829.83542 70.00000
v -10006.27248 -4831.56747 70.00000
v -10004.27248 -4831.56747 70.00000
v -10003.27248 -4829.83542 70.00000
v -10004.27248 -4828.10337 70.00000
v -10006.27248 -4828.10337 70.00000
v -10007.27248 -4829.83542 4760.83777
v -10006.27248 -4831.56747 4760.83777
v -10004.27248 -4831.56747 4760.83777
v -10003.27248 -4829.83542 4760.83777
v -10004.27248 -4828.10337 4760.83777
v -10006.27248 -4828.10337 4760.83777
v -9757.14067 -4829.83542 70.00000
v -9756.14067 -4831.56747 70.00000
v -9754.14067 -4831.56747 70.00000
v -9753.14067 -4829.83542 70.00000
v -9754.14067 -4828.10337 70.00000
v -9756.14067 -4828.10337 70.00000
v -9757.14067 -4829.83542 4760.83777
v -9756.14067 -4831.56747 4760.83777
v -9754.14067 -4831.56747 4760.83777
v -9753.14067 -4829.83542 4760.83777
v -9754.14067 -4828.10337 4760.83777
v -9756.14067 -4828.10337 4760.83777
v -9507.00886 -4829.83542 70.00000
v -9506.00886 -4831.56747 70.00000
v -9504.00886 -4831.56747 70.00000
v -9503.00886 -4829.83542 70.00000
v -9504.00886 -4828.10337 70.00000
v -9506.00886 -4828.10337 70.00000
v -9507.00886 -4829.83542 4760.83777
v -9506.00886 -4831.56747 4760.83777
v -9504.00886 -4831.56747 4760.83777
v -9503.00886 -4829.83542 4760.83777
v -9504.00886 -4828.10337 4760.83777
v -9506.00886 -4828.10337 4760.83777
v -9256.87705 -4829.83542 70.00000
v -9255.87705 -4831.56747 70.00000
v -9253.87705 -4831.56747 70.00000
v -9252.87705 -4829.83542 70.00000
v -9253.87705 -4828.10337 70.00000
v -9255.87705 -4828.10337 70.00000
v -9256.87705 -4829.83542 4760.83777
v -9255.87705 -4831.56747 4760.83777
v -9253.87705 -4831.56747 4760.83777
v -9252.87705 -4829.83542 4760.83777
v -9253.87705 -4828.10337 4760.83777
v -9255.87705 -4828.10337 4760.83777
v -9006.74523 -4829.83542 70.00000
v -9005.74523 -4831.56747 70.00000
v -9003.74523 -4831.56747 70.00000
v -9002.74523 -4829.83542 70.00000
v -9003.74523 -4828.10337 70.00000
v -9005.74523 -4828.10337 70.00000
v -9006.74523 -4829.83542 4760.83777
v -9005.74523 -4831.56747 4760.83777
v -9003.74523 -4831.56747 4760.83777
v -9002.74523 -4829.83542 4760.83777
v -9003.74523 -4828.10337 4760.83777
v -9005.74523 -4828.10337 4760.83777
v -8756.61342 -4829.83542 70.00000
v -8755.61342 -4831.56747 70.00000
v -8753.61342 -4831.56747 70.00000
v -8752.61342 -4829.83542 70.00000
v -8753.61342 -4828.10337 70.00000
v -8755.61342 -4828.10337 70.00000
v -8756.61342 -4829.83542 4760.83777
v -8755.61342 -4831.56747 4760.83777
v -8753.61342 -4831.56747 4760.83777
v -8752.61342 -4829.83542 4760.83777
v -8753.61342 -4828.10337 4760.83777
v -8755.61342 -4828.10337 4760.83777
v -8506.48161 -4829.83542 70.00000
v -8505.48161 -4831.56747 70.00000
v -8503.48161 -4831.56747 70.00000
v -8502.48161 -4829.83542 70.00000
v -8503.48161 -4828.10337 70.00000
v -8505.48161 -4828.10337 70.00000
v -8506.48161 -4829.83542 4760.83777
v -8505.48161 -4831.56747 4760.83777
v -8503.48161 -4831.56747 4760.83777
v -8502.48161 -4829.83542 4760.83777
v -8503.48161 -4828.10337 4760.83777
v -8505.48161 -4828.10337 4760.83777
v -8256.34980 -4829.83542 70.00000
v -8255.34980 -4831.56747 70.00000
v -8253.34980 -4831.56747 70.00000
v -8252.34980 -4829.83542 70.00000
v -8253.34980 -4828.10337 70.00000
v -8255.34980 -4828.10337 70.00000
v -8256.34980 -4829.83542 4760.83777
v -8255.34980 -4831.56747 4760.83777
v -8253.34980 -4831.56747 4760.83777
v -8252.34980 -4829.83542 4760.83777
v -8253.34980 -4828.10337 4760.83777
v -8255.34980 -4828.10337 4760.83777
v -8006.21799 -4829.83542 70.00000
v -8005.21799 -4831.56747 70.00000
v -8003.21799 -4831.56747 70.00000
v -8002.21799 -4829.83542 70.00000
v -8003.21799 -4828.10337 70.00000
v -8005.21799 -4828.10337 70.00000
v -8006.21799 -4829.83542 4760.83777
v -8005.21799 -4831.56747 4760.83777
v -8003.21799 -4831.56747 4760.83777
v -8002.21799 -4829.83542 4760.83777
v -8003.21799 -4828.10337 4760.83777
v -8005.21799 -4828.10337 4760.83777
v -7756.08617 -4829.83542 70.00000
v -7755.08617 -4831.56747 70.00000
v -7753.08617 -4831.56747 70.00000
v -7752.08617 -4829.83542 70.00000
v -7753.08617 -4828.10337 70.00000
v -7755.08617 -4828.10337 70.00000
v -7756.08617 -4829.83542 4760.83777
v -7755.08617 -4831.56747 4760.83777
v -7753.08617 -4831.56747 4760.83777
v -7752.08617 -4829.83542 4760.83777
v -7753.08617 -4828.10337 4760.83777
v -7755.08617 -4828.10337 4760.83777
v -7505.95436 -4829.83542 70.00000
v -7504.95436 -4831.56747 70.00000
v -7502.95436 -4831.56747 70.00000
v -7501.95436 -4829.83542 70.00000
v -7502.95436 -4828.10337 70.00000
v -7504.95436 -4828.10337 70.00000
v -7505.95436 -4829.83542 4760.83777
v -7504.95436 -4831.56747 4760.83777
v -7502.95436 -4831.56747 4760.83777
v -7501.95436 -4829.83542 4760.83777
v -7502.95436 -4828.10337 4760.83777
v -7504.95436 -4828.10337 4760.83777
v -7255.82255 -4829.83542 70.00000
v -7254.82255 -4831.56747 70.00000
v -7252.82255 -4831.56747 70.00000
v -7251.82255 -4829.83542 70.00000
v -7252.82255 -4828.10337 70.00000
v -7254.82255 -4828.10337 70.00000
v -7255.82255 -4829.83542 4760.83777
v -7254.82255 -4831.56747 4760.83777
v -7252.82255 -4831.56747 4760.83777
v -7251.82255 -4829.83542 4760.83777
v -7252.82255 -4828.10337 4760.83777
v -7254.82255 -4828.10337 4760.83777
v -7005.69074 -4829.83542 70.00000
v -7004.69074 -4831.56747 70.00000
v -7002.69074 -4831.56747 70.00000
v -7001.69074 -4829.83542 70.00000
v -7002.69074 -4828.10337 70.00000
v -7004.69074 -4828.10337 70.00000
v -7005.69074 -4829.83542 4760.83777
v -7004.69074 -4831.56747 4760.83777
v -7002.69074 -4831.56747 4760.83777
v -7001.69074 -4829.83542 4760.83777
v -7002.69074 -4828.10337 4760.83777
v -7004.69074 -4828.10337 4760.83777
v -6755.55893 -4829.83542 70.00000
v -6754.55893 -4831.56747 70.00000
v -6752.55893 -4831.56747 70.00000
v -6751.55893 -4829.83542 70.00000
v -6752.55893 -4828.10337 70.00000
v -6754.55893 -4828.10337 70.00000
v -6755.55893 -4829.83542 4760.83777
v -6754.55893 -4831.56747 4760.83777
v -6752.55893 -4831.56747 4760.83777
v -6751.55893 -4829.83542 4760.83777
v -6752.55893 -4828.10337 4760.83777
v -6754.55893 -4828.10337 4760.83777
v -6505.42711 -4829.83542 70.00000
v -6504.42711 -4831.56747 70.00000
v -6502.42711 -4831.56747 70.00000
v -6501.42711 -4829.83542 70.00000
v -6502.42711 -4828.10337 70.00000
v -6504.42711 -4828.10337 70.00000
v -6505.42711 -4829.83542 4760.83777
v -6504.42711 -4831.56747 4760.83777
v -6502.42711 -4831.56747 4760.83777
v -6501.42711 -4829.83542 4760.83777
v -6502.42711 -4828.10337 4760.83777
v -6504.42711 -4828.10337 4760.83777
v -6255.29530 -4829.83542 70.00000
v -6254.29530 -4831.56747 70.00000
v -6252.29530 -4831.56747 70.00000
v -6251.29530 -4829.83542 70.00000
v -6252.29530 -4828.10337 70.00000
v -6254.29530 -4828.10337 70.00000
v -6255.29530 -4829.83542 4760.83777
v -6254.29530 -4831.56747 4760.83777
v -6252.29530 -4831.56747 4760.83777
v -6251.29530 -4829.83542 4760.83777
v -6252.29530 -4828.10337 4760.83777
v -6254.29530 -4828.10337 4760.83777
v -6005.16349 -4829.83542 70.00000
v -6004.16349 -4831.56747 70.00000
v -6002.16349 -4831.56747 70.00000
v -6001.16349 -4829.83542 70.00000
v -6002.16349 -4828.10337 70.00000
v -6004.16349 -4828.10337 70.00000
v -6005.16349 -4829.83542 4760.83777
v -6004.16349 -4831.56747 4760.83777
v -6002.16349 -4831.56747 4760.83777
v -6001.16349 -4829.83542 4760.83777
v -6002.16349 -4828.10337 4760.83777
v -6004.16349 -4828.10337 4760.83777
v -5755.03168 -4829.83542 70.00000
v -5754.03168 -4831.56747 70.00000
v -5752.03168 -4831.56747 70.00000
v -5751.03168 -4829.83542 70.00000
v -5752.03168 -4828.10337 70.00000
v -5754.03168 -4828.10337 70.00000
v -5755.03168 -4829.83542 4760.83777
v -5754.03168 -4831.56747 4760.83777
v -5752.03168 -4831.56747 4760.83777
v -5751.03168 -4829.83542 4760.83777
v -5752.03168 -4828.10337 4760.83777
v -5754.03168 -4828.10337 4760.83777
v -5504.89986 -4829.83542 70.00000
v -5503.89986 -4831.56747 70.00000
v -5501.89986 -4831.56747 70.00000
v -5500.89986 -4829.83542 70.00000
v -5501.89986 -4828.10337 70.00000
v -5503.89986 -4828.10337 70.00000
v -5504.89986 -4829.83542 4760.83777
v -5503.89986 -4831.56747 4760.83777
v -5501.89986 -4831.56747 4760.83777
v -5500.89986 -4829.83542 4760.83777
v -5501.89986 -4828.10337 4760.83777
v -5503.89986 -4828.10337 4760.83777
v -5254.76805 -4829.83542 70.00000
v -5253.76805 -4831.56747 70.00000
v -5251.76805 -4831.56747 70.00000
v -5250.76805 -4829.83542 70.00000
v -5251.76805 -4828.10337 70.00000
v -5253.76805 -4828.10337 70.00000
v -5254.76805 -4829.83542 4760.83777
v -5253.76805 -4831.56747 4760.83777
v -5251.76805 -4831.56747 4760.83777
v -5250.76805 -4829.83542 4760.83777
v -5251.76805 -4828.10337 4760.83777
v -5253.76805 -4828.10337 4760.83777
v -5004.63624 -4829.83542 70.00000
v -5003.63624 -4831.56747 70.00000
v -5001.63624 -4831.56747 70.00000
v -5000.63624 -4829.83542 70.00000
v -5001.63624 -4828.10337 70.00000
v -5003.63624 -4828.10337 70.00000
v -5004.63624 -4829.83542 4760.83777
v -5003.63624 -4831.56747 4760.83777
v -5001.63624 -4831.56747 4760.83777
v -5000.63624 -4829.83542 4760.83777
v -5001.63624 -4828.10337 4760.83777
v -5003.63624 -4828.10337 4760.83777
v -4754.50443 -4829.83542 70.00000
v -4753.50443 -4831.56747 70.00000
v -4751.50443 -4831.56747 70.00000
v -4750.50443 -4829.83542 70.00000
v -4751.50443 -4828.10337 70.00000
v -4753.50443 -4828.10337 70.00000
v -4754.50443 -4829.83542 4760.83777
v -4753.50443 -4831.56747 4760.83777
v -4751.50443 -4831.56747 4760.83777
v -4750.50443 -4829.83542 4760.83777
v -4751.50443 -4828.10337 4760.83777
v -4753.50443 -4828.10337 4760.83777
v -4504.37262 -4829.83542 70.00000
v -4503.37262 -4831.56747 70.00000
v -4501.37262 -4831.56747 70.00000
v -4500.37262 -4829.83542 70.00000
v -4501.37262 -4828.10337 70.00000
v -4503.37262 -4828.10337 70.00000
v -4504.37262 -4829.83542 4760.83777
v -4503.37262 -4831.56747 4760.83777
v -4501.37262 -4831.56747 4760.83777
v -4500.37262 -4829.83542 4760.83777
v -4501.37262 -4828.10337 4760.83777
v -4503.37262 -4828.10337 4760.83777
v -4254.24080 -4829.83542 70.00000
v -4253.24080 -4831.56747 70.00000
v -4251.24080 -4831.56747 70.00000
v -4250.24080 -4829.83542 70.00000
v -4251.24080 -4828.10337 70.00000
v -4253.24080 -4828.10337 70.00000
v -4254.24080 -4829.83542 4760.83777
v -4253.24080 -4831.56747 4760.83777
v -4251.24080 -4831.56747 4760.83777
v -4250.24080 -4829.83542 4760.83777
v -4251.24080 -4828.10337 4760.83777
v -4253.24080 -4828.10337 4760.83777
v -4004.10899 -4829.83542 70.00000
v -4003.10899 -4831.56747 70.00000
v -4001.10899 -4831.56747 70.00000
v -4000.10899 -4829.83542 70.00000
v -4001.10899 -4828.10337 70.00000
v -4003.10899 -4828.10337 70.00000
v -4004.10899 -4829.83542 4760.83777
v -4003.10899 -4831.56747 4760.83777
v -4001.10899 -4831.56747 4760.83777
v -4000.10899 -4829.83542 4760.83777
v -4001.10899 -4828.10337 4760.83777
v -4003.10899 -4828.10337 4760.83777
v -3753.97718 -4829.83542 70.00000
v -3752.97718 -4831.56747 70.00000
v -3750.97718 -4831.56747 70.00000
v -3749.97718 -4829.83542 70.00000
v -3750.97718 -4828.10337 70.00000
v -3752.97718 -4828.10337 70.00000
v -3753.97718 -4829.83542 4760.83777
v -3752.97718 -4831.56747 4760.83777
v -3750.97718 -4831.56747 4760.83777
v -3749.97718 -4829.83542 4760.83777
v -3750.97718 -4828.10337 4760.83777
v -3752.97718 -4828.10337 4760.83777
v -3503.84537 -4829.83542 70.00000
v -3502.84537 -4831.56747 70.00000
v -3500.84537 -4831.56747 70.00000
v -3499.84537 -4829.83542 70.00000
v -3500.84537 -4828.10337 70.00000
v -3502.84537 -4828.10337 70.00000
v -3503.84537 -4829.83542 4760.83777
v -3502.84537 -4831.56747 4760.83777
v -3500.84537 -4831.56747 4760.83777
v -3499.84537 -4829.83542 4760.83777
v -3500.84537 -4828.10337 4760.83777
v -3502.84537 -4828.10337 4760.83777
v -3253.71356 -4829.83542 70.00000
v -3252.71356 -4831.56747 70.00000
v -3250.71356 -4831.56747 70.00000
v -3249.71356 -4829.83542 70.00000
v -3250.71356 -4828.10337 70.00000
v -3252.71356 -4828.10337 70.00000
v -3253.71356 -4829.83542 4760.83777
v -3252.71356 -4831.56747 4760.83777
v -3250.71356 -4831.56747 4760.83777
v -3249.71356 -4829.83542 4760.83777
v -3250.71356 -4828.10337 4760.83777
v -3252.71356 -4828.10337 4760.83777
v -3003.58174 -4829.83542 70.00000
v -3002.58174 -4831.56747 70.00000
v -3000.58174 -4831.56747 70.00000
v -2999.58174 -4829.83542 70.00000
v -3000.58174 -4828.10337 70.00000
v -3002.58174 -4828.10337 70.00000
v -3003.58174 -4829.83542 4760.83777
v -3002.58174 -4831.56747 4760.83777
v -3000.58174 -4831.56747 4760.83777
v -2999.58174 -4829.83542 4760.83777
v -3000.58174 -4828.10337 4760.83777
v -3002.58174 -4828.10337 4760.83777
v -2753.44993 -4829.83542 70.00000
v -2752.44993 -4831.56747 70.00000
v -2750.44993 -4831.56747 70.00000
v -2749.44993 -4829.83542 70.00000
v -2750.44993 -4828.10337 70.00000
v -2752.44993 -4828.10337 70.00000
v -2753.44993 -4829.83542 4760.83777
v -2752.44993 -4831.56747 4760.83777
v -2750.44993 -4831.56747 4760.83777
v -2749.44993 -4829.83542 4760.83777
v -2750.44993 -4828.10337 4760.83777
v -2752.44993 -4828.10337 4760.83777
v -2503.31812 -4829.83542 70.00000
v -2502.31812 -4831.56747 70.00000
v -2500.31812 -4831.56747 70.00000
v -2499.31812 -4829.83542 70.00000
v -2500.31812 -4828.10337 70.00000
v -2502.31812 -4828.10337 70.00000
v -2503.31812 -4829.83542 4760.83777
v -2502.31812 -4831.56747 4760.83777
v -2500.31812 -4831.56747 4760.83777
v -2499.31812 -4829.83542 4760.83777
v -2500.31812 -4828.10337 4760.83777
v -2502.31812 -4828.10337 4760.83777
v -2253.18631 -4829.83542 70.00000
v -2252.18631 -4831.56747 70.00000
v -2250.18631 -4831.56747 70.00000
v -2249.18631 -4829.83542 70.00000
v -2250.18631 -4828.10337 70.00000
v -2252.18631 -4828.10337 70.00000
v -2253.18631 -4829.83542 4760.83777
v -2252.18631 -4831.56747 4760.83777
v -2250.18631 -4831.56747 4760.83777
v -2249.18631 -4829.83542 4760.83777
v -2250.18631 -4828.10337 4760.83777
v -2252.18631 -4828.10337 4760.83777
v -2003.05450 -4829.83542 70.00000
v -2002.05450 -4831.56747 70.00000
v -2000.05450 -4831.56747 70.00000
v -1999.05450 -4829.83542 70.00000
v -2000.05450 -4828.10337 70.00000
v -2002.05450 -4828.10337 70.00000
v -2003.05450 -4829.83542 4760.83777
v -2002.05450 -4831.56747 4760.83777
v -2000.05450 -4831.56747 4760.83777
v -1999.05450 -4829.83542 4760.83777
v -2000.05450 -4828.10337 4760.83777
v -2002.05450 -4828.10337 4760.83777
v -1752.92268 -4829.83542 70.00000
v -1751.92268 -4831.56747 70.00000
v -1749.92268 -4831.56747 70.00000
v -1748.92268 -4829.83542 70.00000
v -1749.92268 -4828.10337 70.00000
v -1751.92268 -4828.10337 70.00000
v -1752.92268 -4829.83542 4760.83777
v -1751.92268 -4831.56747 4760.83777
v -1749.92268 -4831.56747 4760.83777
v -1748.92268 -4829.83542 4760.83777
v -1749.92268 -4828.10337 4760.83777
v -1751.92268 -4828.10337 4760.83777
v -1502.79087 -4829.83542 70.00000
v -1501.79087 -4831.56747 70.00000
v -1499.79087 -4831.56747 70.00000
v -1498.79087 -4829.83542 70.00000
v -1499.79087 -4828.10337 70.00000
v -1501.79087 -4828.10337 70.00000
v -1502.79087 -4829.83542 4760.83777
v -1501.79087 -4831.56747 4760.83777
v -1499.79087 -4831.56747 4760.83777
v -1498.79087 -4829.83542 4760.83777
v -1499.79087 -4828.10337 4760.83777
v -1501.79087 -4828.10337 4760.83777
v -1252.65906 -4829.83542 70.00000
v -1251.65906 -4831.56747 70.00000
v -1249.65906 -4831.56747 70.00000
v -1248.65906 -4829.83542 70.00000
v -1249.65906 -4828.10337 70.00000
v -1251.65906 -4828.10337 70.00000
v -1252.65906 -4829.83542 4760.83777
v -1251.65906 -4831.56747 4760.83777
v -1249.65906 -4831.56747 4760.83777
v -1248.65906 -4829.83542 4760.83777
v -1249.65906 -4828.10337 4760.83777
v -1251.65906 -4828.10337 4760.83777
v -1002.52725 -4829.83542 70.00000
v -1001.52725 -4831.56747 70.00000
v -999.52725 -4831.56747 70.00000
v -998.52725 -4829.83542 70.00000
v -999.52725 -4828.10337 70.00000
v -1001.52725 -4828.10337 70.00000
v -1002.52725 -4829.83542 4760.83777
v -1001.52725 -4831.56747 4760.83777
v -999.52725 -4831.56747 4760.83777
v -998.52725 -4829.83542 4760.83777
v -999.52725 -4828.10337 4760.83777
v -1001.52725 -4828.10337 4760.83777
v -752.39544 -4829.83542 70.00000
v -751.39544 -4831.56747 70.00000
v -749.39544 -4831.56747 70.00000
v -748.39544 -4829.83542 70.00000
v -749.39544 -4828.10337 70.00000
v -751.39544 -4828.10337 70.00000
v -752.39544 -4829.83542 4760.83777
v -751.39544 -4831.56747 4760.83777
v -749.39544 -4831.56747 4760.83777
v -748.39544 -4829.83542 4760.83777
v -749.39544 -4828.10337 4760.83777
v -751.39544 -4828.10337 4760.83777
v -502.26362 -4829.83542 70.00000
v -501.26362 -4831.56747 70.00000
v -499.26362 -4831.56747 70.00000
v -498.26362 -4829.83542 70.00000
v -499.26362 -4828.10337 70.00000
v -501.26362 -4828.10337 70.00000
v -502.26362 -4829.83542 4760.83777
v -501.26362 -4831.56747 4760.83777
v -499.26362 -4831.56747 4760.83777
v -498.26362 -4829.83542 4760.83777
v -499.26362 -4828.10337 4760.83777
v -501.26362 -4828.10337 4760.83777
v -252.13181 -4829.83542 70.00000
v -251.13181 -4831.56747 70.00000
v -249.13181 -4831.56747 70.00000
v -248.13181 -4829.83542 70.00000
v -249.13181 -4828.10337 70.00000
v -251.13181 -4828.10337 70.00000
v -252.13181 -4829.83542 4760.83777
v -251.13181 -4831.56747 4760.83777
v -249.13181 -4831.56747 4760.83777
v -248.13181 -4829.83542 4760.83777
v -249.13181 -4828.10337 4760.83777
v -251.13181 -4828.10337 4760.83777
v -2.00000 -4829.83542 70.00000
v -1.00000 -4831.56747 70.00000
v 1.00000 -4831.56747 70.00000
v 2.00000 -4829.83542 70.00000
v 1.00000 -4828.10337 70.00000
v -1.00000 -4828.10337 70.00000
v -2.00000 -4829.83542 4760.83777
v -1.00000 -4831.56747 4760.83777
v 1.00000 -4831.56747 4760.83777
v 2.00000 -4829.83542 4760.83777
v 1.00000 -4828.10337 4760.83777
v -1.00000 -4828.10337 4760.83777
v 248.13181 -4829.83542 70.00000
v 249.13181 -4831.56747 70.00000
v 251.13181 -4831.56747 70.00000
v 252.13181 -4829.83542 70.00000
v 251.13181 -4828.10337 70.00000
v 249.13181 -4828.10337 70.00000
v 248.13181 -4829.83542 4760.83777
v 249.13181 -4831.56747 4760.83777
v 251.13181 -4831.56747 4760.83777
v 252.13181 -4829.83542 4760.83777
v 251.13181 -4828.10337 4760.83777
v 249.13181 -4828.10337 4760.83777
v 498.26362 -4829.83542 70.00000
v 499.26362 -4831.56747 70.00000
v 501.26362 -4831.56747 70.00000
v 502.26362 -4829.83542 70.00000
v 501.26362 -4828.10337 70.00000
v 499.26362 -4828.10337 70.00000
v 498.26362 -4829.83542 4760.83777
v 499.26362 -4831.56747 4760.83777
v 501.26362 -4831.56747 4760.83777
v 502.26362 -4829.83542 4760.83777
v 501.26362 -4828.10337 4760.83777
v 499.26362 -4828.10337 4760.83777
v 748.39544 -4829.83542 70.00000
v 749.39544 -4831.56747 70.00000
v 751.39544 -4831.56747 70.00000
v 752.39544 -4829.83542 70.00000
v 751.39544 -4828.10337 70.00000
v 749.39544 -4828.10337 70.00000
v 748.39544 -4829.83542 4760.83777
v 749.39544 -4831.56747 4760.83777
v 751.39544 -4831.56747 4760.83777
v 752.39544 -4829.83542 4760.83777
v 751.39544 -4828.10337 4760.83777
v 749.39544 -4828.10337 4760.83777
v 998.52725 -4829.83542 70.00000
v 999.52725 -4831.56747 70.00000
v 1001.52725 -4831.56747 70.00000
v 1002.52725 -4829.83542 70.00000
v 1001.52725 -4828.10337 70.00000
v 999.52725 -4828.10337 70.00000
v 998.52725 -4829.83542 4760.83777
v 999.52725 -4831.56747 4760.83777
v 1001.52725 -4831.56747 4760.83777
v 1002.52725 -4829.83542 4760.83777
v 1001.52725 -4828.10337 4760.83777
v 999.52725 -4828.10337 4760.83777
v 1248.65906 -4829.83542 70.00000
v 1249.65906 -4831.56747 70.00000
v 1251.65906 -4831.56747 70.00000
v 1252.65906 -4829.83542 70.00000
v 1251.65906 -4828.10337 70.00000
v 1249.65906 -4828.10337 70.00000
v 1248.65906 -4829.83542 4760.83777
v 1249.65906 -4831.56747 4760.83777
v 1251.65906 -4831.56747 4760.83777
v 1252.65906 -4829.83542 4760.83777
v 1251.65906 -4828.10337 4760.83777
v 1249.65906 -4828.10337 4760.83777
v 1498.79087 -4829.83542 70.00000
v 1499.79087 -4831.56747 70.00000
v 1501.79087 -4831.56747 70.00000
v 1502.79087 -4829.83542 70.00000
v 1501.79087 -4828.10337 70.00000
v 1499.79087 -4828.10337 70.00000
v 1498.79087 -4829.83542 4760.83777
v 1499.79087 -4831.56747 4760.83777
v 1501.79087 -4831.56747 4760.83777
v 1502.79087 -4829.83542 4760.83777
v 1501.79087 -4828.10337 4760.83777
v 1499.79087 -4828.10337 4760.83777
v 1748.92268 -4829.83542 70.00000
v 1749.92268 -4831.56747 70.00000
v 1751.92268 -4831.56747 70.00000
v 1752.92268 -4829.83542 70.00000
v 1751.92268 -4828.10337 70.00000
v 1749.92268 -4828.10337 70.00000
v 1748.92268 -4829.83542 4760.83777
v 1749.92268 -4831.56747 4760.83777
v 1751.92268 -4831.56747 4760.83777
v 1752.92268 -4829.83542 4760.83777
v 1751.92268 -4828.10337 4760.83777
v 1749.92268 -4828.10337 4760.83777
v 1999.05450 -4829.83542 70.00000
v 2000.05450 -4831.56747 70.00000
v 2002.05450 -4831.56747 70.00000
v 2003.05450 -4829.83542 70.00000
v 2002.05450 -4828.10337 70.00000
v 2000.05450 -4828.10337 70.00000
v 1999.05450 -4829.83542 4760.83777
v 2000.05450 -4831.56747 4760.83777
v 2002.05450 -4831.56747 4760.83777
v 2003.05450 -4829.83542 4760.83777
v 2002.05450 -4828.10337 4760.83777
v 2000.05450 -4828.10337 4760.83777
v 2249.18631 -4829.83542 70.00000
v 2250.18631 -4831.56747 70.00000
v 2252.18631 -4831.56747 70.00000
v 2253.18631 -4829.83542 70.00000
v 2252.18631 -4828.10337 70.00000
v 2250.18631 -4828.10337 70.00000
v 2249.18631 -4829.83542 4760.83777
v 2250.18631 -4831.56747 4760.83777
v 2252.18631 -4831.56747 4760.83777
v 2253.18631 -4829.83542 4760.83777
v 2252.18631 -4828.10337 4760.83777
v 2250.18631 -4828.10337 4760.83777
v 2499.31812 -4829.83542 70.00000
v 2500.31812 -4831.56747 70.00000
v 2502.31812 -4831.56747 70.00000
v 2503.31812 -4829.83542 70.00000
v 2502.31812 -4828.10337 70.00000
v 2500.31812 -4828.10337 70.00000
v 2499.31812 -4829.83542 4760.83777
v 2500.31812 -4831.56747 4760.83777
v 2502.31812 -4831.56747 4760.83777
v 2503.31812 -4829.83542 4760.83777
v 2502.31812 -4828.10337 4760.83777
v 2500.31812 -4828.10337 4760.83777
v 2749.44993 -4829.83542 70.00000
v 2750.44993 -4831.56747 70.00000
v 2752.44993 -4831.56747 70.00000
v 2753.44993 -4829.83542 70.00000
v 2752.44993 -4828.10337 70.00000
v 2750.44993 -4828.10337 70.00000
v 2749.44993 -4829.83542 4760.83777
v 2750.44993 -4831.56747 4760.83777
v 2752.44993 -4831.56747 4760.83777
v 2753.44993 -4829.83542 4760.83777
v 2752.44993 -4828.10337 4760.83777
v 2750.44993 -4828.10337 4760.83777
v 2999.58174 -4829.83542 70.00000
v 3000.58174 -4831.56747 70.00000
v 3002.58174 -4831.56747 70.00000
v 3003.58174 -4829.83542 70.00000
v 3002.58174 -4828.10337 70.00000
v 3000.58174 -4828.10337 70.00000
v 2999.58174 -4829.83542 4760.83777
v 3000.58174 -4831.56747 4760.83777
v 3002.58174 -4831.56747 4760.83777
v 3003.58174 -4829.83542 4760.83777
v 3002.58174 -4828.10337 4760.83777
v 3000.58174 -4828.10337 4760.83777
v 3249.71356 -4829.83542 70.00000
v 3250.71356 -4831.56747 70.00000
v 3252.71356 -4831.56747 70.00000
v 3253.71356 -4829.83542 70.00000
v 3252.71356 -4828.10337 70.00000
v 3250.71356 -4828.10337 70.00000
v 3249.71356 -4829.83542 4760.83777
v 3250.71356 -4831.56747 4760.83777
v 3252.71356 -4831.56747 4760.83777
v 3253.71356 -4829.83542 4760.83777
v 3252.71356 -4828.10337 4760.83777
v 3250.71356 -4828.10337 4760.83777
v 3499.84537 -4829.83542 70.00000
v 3500.84537 -4831.56747 70.00000
v 3502.84537 -4831.56747 70.00000
v 3503.84537 -4829.83542 70.00000
v 3502.84537 -4828.10337 70.00000
v 3500.84537 -4828.10337 70.00000
v 3499.84537 -4829.83542 4760.83777
v 3500.84537 -4831.56747 4760.83777
v 3502.84537 -4831.56747 4760.83777
v 3503.84537 -4829.83542 4760.83777
v 3502.84537 -4828.10337 4760.83777
v 3500.84537 -4828.10337 4760.83777
v 3749.97718 -4829.83542 70.00000
v 3750.97718 -4831.56747 70.00000
v 3752.97718 -4831.56747 70.00000
v 3753.97718 -4829.83542 70.00000
v 3752.97718 -4828.10337 70.00000
v 3750.97718 -4828.10337 70.00000
v 3749.97718 -4829.83542 4760.83777
v 3750.97718 -4831.56747 4760.83777
v 3752.97718 -4831.56747 4760.83777
v 3753.97718 -4829.83542 4760.83777
v 3752.97718 -4828.10337 4760.83777
v 3750.97718 -4828.10337 4760.83777
v 4000.10899 -4829.83542 70.00000
v 4001.10899 -4831.56747 70.00000
v 4003.10899 -4831.56747 70.00000
v 4004.10899 -4829.83542 70.00000
v 4003.10899 -4828.10337 70.00000
v 4001.10899 -4828.10337 70.00000
v 4000.10899 -4829.83542 4760.83777
v 4001.10899 -4831.56747 4760.83777
v 4003.10899 -4831.56747 4760.83777
v 4004.10899 -4829.83542 4760.83777
v 4003.10899 -4828.10337 4760.83777
v 4001.10899 -4828.10337 4760.83777
v 4250.24080 -4829.83542 70.00000
v 4251.24080 -4831.56747 70.00000
v 4253.24080 -4831.56747 70.00000
v 4254.24080 -4829.83542 70.00000
v 4253.24080 -4828.10337 70.00000
v 4251.24080 -4828.10337 70.00000
v 4250.24080 -4829.83542 4760.83777
v 4251.24080 -4831.56747 4760.83777
v 4253.24080 -4831.56747 4760.83777
v 4254.24080 -4829.83542 4760.83777
v 4253.24080 -4828.10337 4760.83777
v 4251.24080 -4828.10337 4760.83777
v 4500.37262 -4829.83542 70.00000
v 4501.37262 -4831.56747 70.00000
v 4503.37262 -4831.56747 70.00000
v 4504.37262 -4829.83542 70.00000
v 4503.37262 -4828.10337 70.00000
v 4501.37262 -4828.10337 70.00000
v 4500.37262 -4829.83542 4760.83777
v 4501.37262 -4831.56747 4760.83777
v 4503.37262 -4831.56747 4760.83777
v 4504.37262 -4829.83542 4760.83777
v 4503.37262 -4828.10337 4760.83777
v 4501.37262 -4828.10337 4760.83777
v 4750.50443 -4829.83542 70.00000
v 4751.50443 -4831.56747 70.00000
v 4753.50443 -4831.56747 70.00000
v 4754.50443 -4829.83542 70.00000
v 4753.50443 -4828.10337 70.00000
v 4751.50443 -4828.10337 70.00000
v 4750.50443 -4829.83542 4760.83777
v 4751.50443 -4831.56747 4760.83777
v 4753.50443 -4831.56747 4760.83777
v 4754.50443 -4829.83542 4760.83777
v 4753.50443 -4828.10337 4760.83777
v 4751.50443 -4828.10337 4760.83777
v 5000.63624 -4829.83542 70.00000
v 5001.63624 -4831.56747 70.00000
v 5003.63624 -4831.56747 70.00000
v 5004.63624 -4829.83542 70.00000
v 5003.63624 -4828.10337 70.00000
v 5001.63624 -4828.10337 70.00000
v 5000.63624 -4829.83542 4760.83777
v 5001.63624 -4831.56747 4760.83777
v 5003.63624 -4831.56747 4760.83777
v 5004.63624 -4829.83542 4760.83777
v 5003.63624 -4828.10337 4760.83777
v 5001.63624 -4828.10337 4760.83777
v 5250.76805 -4829.83542 70.00000
v 5251.76805 -4831.56747 70.00000
v 5253.76805 -4831.56747 70.00000
v 5254.76805 -4829.83542 70.00000
v 5253.76805 -4828.10337 70.00000
v 5251.76805 -4828.10337 70.00000
v 5250.76805 -4829.83542 4760.83777
v 5251.76805 -4831.56747 4760.83777
v 5253.76805 -4831.56747 4760.83777
v 5254.76805 -4829.83542 4760.83777
v 5253.76805 -4828.10337 4760.83777
v 5251.76805 -4828.10337 4760.83777
v 5500.89986 -4829.83542 70.00000
v 5501.89986 -4831.56747 70.00000
v 5503.89986 -4831.56747 70.00000
v 5504.89986 -4829.83542 70.00000
v 5503.89986 -4828.10337 70.00000
v 5501.89986 -4828.10337 70.00000
v 5500.89986 -4829.83542 4760.83777
v 5501.89986 -4831.56747 4760.83777
v 5503.89986 -4831.56747 4760.83777
v 5504.89986 -4829.83542 4760.83777
v 5503.89986 -4828.10337 4760.83777
v 5501.89986 -4828.10337 4760.83777
v 5751.03168 -4829.83542 70.00000
v 5752.03168 -4831.56747 70.00000
v 5754.03168 -4831.56747 70.00000
v 5755.03168 -4829.83542 70.00000
v 5754.03168 -4828.10337 70.00000
v 5752.03168 -4828.10337 70.00000
v 5751.03168 -4829.83542 4760.83777
v 5752.03168 -4831.56747 4760.83777
v 5754.03168 -4831.56747 4760.83777
v 5755.03168 -4829.83542 4760.83777
v 5754.03168 -4828.10337 4760.83777
v 5752.03168 -4828.10337 4760.83777
v 6001.16349 -4829.83542 70.00000
v 6002.16349 -4831.56747 70.00000
v 6004.16349 -4831.56747 70.00000
v 6005.16349 -4829.83542 70.00000
v 6004.16349 -4828.10337 70.00000
v 6002.16349 -4828.10337 70.00000
v 6001.16349 -4829.83542 4760.83777
v 6002.16349 -4831.56747 4760.83777
v 6004.16349 -4831.56747 4760.83777
v 6005.16349 -4829.83542 4760.83777
v 6004.16349 -4828.10337 4760.83777
v 6002.16349 -4828.10337 4760.83777
v 6251.29530 -4829.83542 70.00000
v 6252.29530 -4831.56747 70.00000
v 6254.29530 -4831.56747 70.00000
v 6255.29530 -4829.83542 70.00000
v 6254.29530 -4828.10337 70.00000
v 6252.29530 -4828.10337 70.00000
v 6251.29530 -4829.83542 4760.83777
v 6252.29530 -4831.56747 4760.83777
v 6254.29530 -4831.56747 4760.83777
v 6255.29530 -4829.83542 4760.83777
v 6254.29530 -4828.10337 4760.83777
v 6252.29530 -4828.10337 4760.83777
v 6501.42711 -4829.83542 70.00000
v 6502.42711 -4831.56747 70.00000
v 6504.42711 -4831.56747 70.00000
v 6505.42711 -4829.83542 70.00000
v 6504.42711 -4828.10337 70.00000
v 6502.42711 -4828.10337 70.00000
v 6501.42711 -4829.83542 4760.83777
v 6502.42711 -4831.56747 4760.83777
v 6504.42711 -4831.56747 4760.83777
v 6505.42711 -4829.83542 4760.83777
v 6504.42711 -4828.10337 4760.83777
v 6502.42711 -4828.10337 4760.83777
v 6751.55893 -4829.83542 70.00000
v 6752.55893 -4831.56747 70.00000
v 6754.55893 -4831.56747 70.00000
v 6755.55893 -4829.83542 70.00000
v 6754.55893 -4828.10337 70.00000
v 6752.55893 -4828.10337 70.00000
v 6751.55893 -4829.83542 4760.83777
v 6752.55893 -4831.56747 4760.83777
v 6754.55893 -4831.56747 4760.83777
v 6755.55893 -4829.83542 4760.83777
v 6754.55893 -4828.10337 4760.83777
v 6752.55893 -4828.10337 4760.83777
v 7001.69074 -4829.83542 70.00000
v 7002.69074 -4831.56747 70.00000
v 7004.69074 -4831.56747 70.00000
v 7005.69074 -4829.83542 70.00000
v 7004.69074 -4828.10337 70.00000
v 7002.69074 -4828.10337 70.00000
v 7001.69074 -4829.83542 4760.83777
v 7002.69074 -4831.56747 4760.83777
v 7004.69074 -4831.56747 4760.83777
v 7005.69074 -4829.83542 4760.83777
v 7004.69074 -4828.10337 4760.83777
v 7002.69074 -4828.10337 4760.83777
v 7251.82255 -4829.83542 70.00000
v 7252.82255 -4831.56747 70.00000
v 7254.82255 -4831.56747 70.00000
v 7255.82255 -4829.83542 70.00000
v 7254.82255 -4828.10337 70.00000
v 7252.82255 -4828.10337 70.00000
v 7251.82255 -4829.83542 4760.83777
v 7252.82255 -4831.56747 4760.83777
v 7254.82255 -4831.56747 4760.83777
v 7255.82255 -4829.83542 4760.83777
v 7254.82255 -4828.10337 4760.83777
v 7252.82255 -4828.10337 4760.83777
v 7501.95436 -4829.83542 70.00000
v 7502.95436 -4831.56747 70.00000
v 7504.95436 -4831.56747 70.00000
v 7505.95436 -4829.83542 70.00000
v 7504.95436 -4828.10337 70.00000
v 7502.95436 -4828.10337 70.00000
v 7501.95436 -4829.83542 4760.83777
v 7502.95436 -4831.56747 4760.83777
v 7504.95436 -4831.56747 4760.83777
v 7505.95436 -4829.83542 4760.83777
v 7504.95436 -4828.10337 4760.83777
v 7502.95436 -4828.10337 4760.83777
v 7752.08617 -4829.83542 70.00000
v 7753.08617 -4831.56747 70.00000
v 7755.08617 -4831.56747 70.00000
v 7756.08617 -4829.83542 70.00000
v 7755.08617 -4828.10337 70.00000
v 7753.08617 -4828.10337 70.00000
v 7752.08617 -4829.83542 4760.83777
v 7753.08617 -4831.56747 4760.83777
v 7755.08617 -4831.56747 4760.83777
v 7756.08617 -4829.83542 4760.83777
v 7755.08617 -4828.10337 4760.83777
v 7753.08617 -4828.10337 4760.83777
v 8002.21799 -4829.83542 70.00000
v 8003.21799 -4831.56747 70.00000
v 8005.21799 -4831.56747 70.00000
v 8006.21799 -4829.83542 70.00000
v 8005.21799 -4828.10337 70.00000
v 8003.21799 -4828.10337 70.00000
v 8002.21799 -4829.83542 4760.83777
v 8003.21799 -4831.56747 4760.83777
v 8005.21799 -4831.56747 4760.83777
v 8006.21799 -4829.83542 4760.83777
v 8005.21799 -4828.10337 4760.83777
v 8003.21799 -4828.10337 4760.83777
v 8252.34980 -4829.83542 70.00000
v 8253.34980 -4831.56747 70.00000
v 8255.34980 -4831.56747 70.00000
v 8256.34980 -4829.83542 70.00000
v 8255.34980 -4828.10337 70.00000
v 8253.34980 -4828.10337 70.00000
v 8252.34980 -4829.83542 4760.83777
v 8253.34980 -4831.56747 4760.83777
v 8255.34980 -4831.56747 4760.83777
v 8256.34980 -4829.83542 4760.83777
v 8255.34980 -4828.10337 4760.83777
v 8253.34980 -4828.10337 4760.83777
v 8502.48161 -4829.83542 70.00000
v 8503.48161 -4831.56747 70.00000
v 8505.48161 -4831.56747 70.00000
v 8506.48161 -4829.83542 70.00000
v 8505.48161 -4828.10337 70.00000
v 8503.48161 -4828.10337 70.00000
v 8502.48161 -4829.83542 4760.83777
v 8503.48161 -4831.56747 4760.83777
v 8505.48161 -4831.56747 4760.83777
v 8506.48161 -4829.83542 4760.83777
v 8505.48161 -4828.10337 4760.83777
v 8503.48161 -4828.10337 4760.83777
v 8752.61342 -4829.83542 70.00000
v 8753.61342 -4831.56747 70.00000
v 8755.61342 -4831.56747 70.00000
v 8756.61342 -4829.83542 70.00000
v 8755.61342 -4828.10337 70.00000
v 8753.61342 -4828.10337 70.00000
v 8752.61342 -4829.83542 4760.83777
v 8753.61342 -4831.56747 4760.83777
v 8755.61342 -4831.56747 4760.83777
v 8756.61342 -4829.83542 4760.83777
v 8755.61342 -4828.10337 4760.83777
v 8753.61342 -4828.10337 4760.83777
v 9002.74523 -4829.83542 70.00000
v 9003.74523 -4831.56747 70.00000
v 9005.74523 -4831.56747 70.00000
v 9006.74523 -4829.83542 70.00000
v 9005.74523 -4828.10337 70.00000
v 9003.74523 -4828.10337 70.00000
v 9002.74523 -4829.83542 4760.83777
v 9003.74523 -4831.56747 4760.83777
v 9005.74523 -4831.56747 4760.83777
v 9006.74523 -4829.83542 4760.83777
v 9005.74523 -4828.10337 4760.83777
v 9003.74523 -4828.10337 4760.83777
v 9252.87705 -4829.83542 70.00000
v 9253.87705 -4831.56747 70.00000
v 9255.87705 -4831.56747 70.00000
v 9256.87705 -4829.83542 70.00000
v 9255.87705 -4828.10337 70.00000
v 9253.87705 -4828.10337 70.00000
v 9252.87705 -4829.83542 4760.83777
v 9253.87705 -4831.56747 4760.83777
v 9255.87705 -4831.56747 4760.83777
v 9256.87705 -4829.83542 4760.83777
v 9255.87705 -4828.10337 4760.83777
v 9253.87705 -4828.10337 4760.83777
v 9503.00886 -4829.83542 70.00000
v 9504.00886 -4831.56747 70.00000
v 9506.00886 -4831.56747 70.00000
v 9507.00886 -4829.83542 70.00000
v 9506.00886 -4828.10337 70.00000
v 9504.00886 -4828.10337 70.00000
v 9503.00886 -4829.83542 4760.83777
v 9504.00886 -4831.56747 4760.83777
v 9506.00886 -4831.56747 4760.83777
v 9507.00886 -4829.83542 4760.83777
v 9506.00886 -4828.10337 4760.83777
v 9504.00886 -4828.10337 4760.83777
v 9753.14067 -4829.83542 70.00000
v 9754.14067 -4831.56747 70.00000
v 9756.14067 -4831.56747 70.00000
v 9757.14067 -4829.83542 70.00000
v 9756.14067 -4828.10337 70.00000
v 9754.14067 -4828.10337 70.00000
v 9753.14067 -4829.83542 4760.83777
v 9754.14067 -4831.56747 4760.83777
v 9756.14067 -4831.56747 4760.83777
v 9757.14067 -4829.83542 4760.83777
v 9756.14067 -4828.10337 4760.83777
v 9754.14067 -4828.10337 4760.83777
v 10003.27248 -4829.83542 70.00000
v 10004.27248 -4831.56747 70.00000
v 10006.27248 -4831.56747 70.00000
v 10007.27248 -4829.83542 70.00000
v 10006.27248 -4828.10337 70.00000
v 10004.27248 -4828.10337 70.00000
v 10003.27248 -4829.83542 4760.83777
v 10004.27248 -4831.56747 4760.83777
v 10006.27248 -4831.56747 4760.83777
v 10007.27248 -4829.83542 4760.83777
v 10006.27248 -4828.10337 4760.83777
v 10004.27248 -4828.10337 4760.83777
v 10253.40429 -4829.83542 70.00000
v 10254.40429 -4831.56747 70.00000
v 10256.40429 -4831.56747 70.00000
v 10257.40429 -4829.83542 70.00000
v 10256.40429 -4828.10337 70.00000
v 10254.40429 -4828.10337 70.00000
v 10253.40429 -4829.83542 4760.83777
v 10254.40429 -4831.56747 4760.83777
v 10256.40429 -4831.56747 4760.83777
v 10257.40429 -4829.83542 4760.83777
v 10256.40429 -4828.10337 4760.83777
v 10254.40429 -4828.10337 4760.83777
v 10503.53611 -4829.83542 70.00000
v 10504.53611 -4831.56747 70.00000
v 10506.53611 -4831.56747 70.00000
v 10507.53611 -4829.83542 70.00000
v 10506.53611 -4828.10337 70.00000
v 10504.53611 -4828.10337 70.00000
v 10503.53611 -4829.83542 4760.83777
v 10504.53611 -4831.56747 4760.83777
v 10506.53611 -4831.56747 4760.83777
v 10507.53611 -4829.83542 4760.83777
v 10506.53611 -4828.10337 4760.83777
v 10504.53611 -4828.10337 4760.83777
v 10753.66792 -4829.83542 70.00000
v 10754.66792 -4831.56747 70.00000
v 10756.66792 -4831.56747 70.00000
v 10757.66792 -4829.83542 70.00000
v 10756.66792 -4828.10337 70.00000
v 10754.66792 -4828.10337 70.00000
v 10753.66792 -4829.83542 4760.83777
v 10754.66792 -4831.56747 4760.83777
v 10756.66792 -4831.56747 4760.83777
v 10757.66792 -4829.83542 4760.83777
v 10756.66792 -4828.10337 4760.83777
v 10754.66792 -4828.10337 4760.83777
v 11003.79973 -4829.83542 70.00000
v 11004.79973 -4831.56747 70.00000
v 11006.79973 -4831.56747 70.00000
v 11007.79973 -4829.83542 70.00000
v 11006.79973 -4828.10337 70.00000
v 11004.79973 -4828.10337 70.00000
v 11003.79973 -4829.83542 4760.83777
v 11004.79973 -4831.56747 4760.83777
v 11006.79973 -4831.56747 4760.83777
v 11007.79973 -4829.83542 4760.83777
v 11006.79973 -4828.10337 4760.83777
v 11004.79973 -4828.10337 4760.83777
v 11253.93154 -4829.83542 70.00000
v 11254.93154 -4831.56747 70.00000
v 11256.93154 -4831.56747 70.00000
v 11257.93154 -4829.83542 70.00000
v 11256.93154 -4828.10337 70.00000
v 11254.93154 -4828.10337 70.00000
v 11253.93154 -4829.83542 4760.83777
v 11254.93154 -4831.56747 4760.83777
v 11256.93154 -4831.56747 4760.83777
v 11257.93154 -4829.83542 4760.83777
v 11256.93154 -4828.10337 4760.83777
v 11254.93154 -4828.10337 4760.83777
v 11504.06335 -4829.83542 70.00000
v 11505.06335 -4831.56747 70.00000
v 11507.06335 -4831.56747 70.00000
v 11508.06335 -4829.83542 70.00000
v 11507.06335 -4828.10337 70.00000
v 11505.06335 -4828.10337 70.00000
v 11504.06335 -4829.83542 4760.83777
v 11505.06335 -4831.56747 4760.83777
v 11507.06335 -4831.56747 4760.83777
v 11508.06335 -4829.83542 4760.83777
v 11507.06335 -4828.10337 4760.83777
v 11505.06335 -4828.10337 4760.83777
v 11754.19517 -4829.83542 70.00000
v 11755.19517 -4831.56747 70.00000
v 11757.19517 -4831.56747 70.00000
v 11758.19517 -4829.83542 70.00000
v 11757.19517 -4828.10337 70.00000
v 11755.19517 -4828.10337 70.00000
v 11754.19517 -4829.83542 4760.83777
v 11755.19517 -4831.56747 4760.83777
v 11757.19517 -4831.56747 4760.83777
v 11758.19517 -4829.83542 4760.83777
v 11757.19517 -4828.10337 4760.83777
v 11755.19517 -4828.10337 4760.83777
v 12004.32698 -4829.83542 70.00000
v 12005.32698 -4831.56747 70.00000
v 12007.32698 -4831.56747 70.00000
v 12008.32698 -4829.83542 70.00000
v 12007.32698 -4828.10337 70.00000
v 12005.32698 -4828.10337 70.00000
v 12004.32698 -4829.83542 4760.83777
v 12005.32698 -4831.56747 4760.83777
v 12007.32698 -4831.56747 4760.83777
v 12008.32698 -4829.83542 4760.83777
v 12007.32698 -4828.10337 4760.83777
v 12005.32698 -4828.10337 4760.83777
v 12254.45879 -4829.83542 70.00000
v 12255.45879 -4831.56747 70.00000
v 12257.45879 -4831.56747 70.00000
v 12258.45879 -4829.83542 70.00000
v 12257.45879 -4828.10337 70.00000
v 12255.45879 -4828.10337 70.00000
v 12254.45879 -4829.83542 4760.83777
v 12255.45879 -4831.56747 4760.83777
v 12257.45879 -4831.56747 4760.83777
v 12258.45879 -4829.83542 4760.83777
v 12257.45879 -4828.10337 4760.83777
v 12255.45879 -4828.10337 4760.83777
v 12504.59060 -4829.83542 70.00000
v 12505.59060 -4831.56747 70.00000
v 12507.59060 -4831.56747 70.00000
v 12508.59060 -4829.83542 70.00000
v 12507.59060 -4828.10337 70.00000
v 12505.59060 -4828.10337 70.00000
v 12504.59060 -4829.83542 4760.83777
v 12505.59060 -4831.56747 4760.83777
v 12507.59060 -4831.56747 4760.83777
v 12508.59060 -4829.83542 4760.83777
v 12507.59060 -4828.10337 4760.83777
v 12505.59060 -4828.10337 4760.83777
v 12754.72241 -4829.83542 70.00000
v 12755.72241 -4831.56747 70.00000
v 12757.72241 -4831.56747 70.00000
v 12758.72241 -4829.83542 70.00000
v 12757.72241 -4828.10337 70.00000
v 12755.72241 -4828.10337 70.00000
v 12754.72241 -4829.83542 4760.83777
v 12755.72241 -4831.56747 4760.83777
v 12757.72241 -4831.56747 4760.83777
v 12758.72241 -4829.83542 4760.83777
v 12757.72241 -4828.10337 4760.83777
v 12755.72241 -4828.10337 4760.83777
v 13004.85423 -4829.83542 70.00000
v 13005.85423 -4831.56747 70.00000
v 13007.85423 -4831.56747 70.00000
v 13008.85423 -4829.83542 70.00000
v 13007.85423 -4828.10337 70.00000
v 13005.85423 -4828.10337 70.00000
v 13004.85423 -4829.83542 4760.83777
v 13005.85423 -4831.56747 4760.83777
v 13007.85423 -4831.56747 4760.83777
v 13008.85423 -4829.83542 4760.83777
v 13007.85423 -4828.10337 4760.83777
v 13005.85423 -4828.10337 4760.83777
v 13254.98604 -4829.83542 70.00000
v 13255.98604 -4831.56747 70.00000
v 13257.98604 -4831.56747 70.00000
v 13258.98604 -4829.83542 70.00000
v 13257.98604 -4828.10337 70.00000
v 13255.98604 -4828.10337 70.00000
v 13254.98604 -4829.83542 4760.83777
v 13255.98604 -4831.56747 4760.83777
v 13257.98604 -4831.56747 4760.83777
v 13258.98604 -4829.83542 4760.83777
v 13257.98604 -4828.10337 4760.83777
v 13255.98604 -4828.10337 4760.83777
v 13505.11785 -4829.83542 70.00000
v 13506.11785 -4831.56747 70.00000
v 13508.11785 -4831.56747 70.00000
v 13509.11785 -4829.83542 70.00000
v 13508.11785 -4828.10337 70.00000
v 13506.11785 -4828.10337 70.00000
v 13505.11785 -4829.83542 4760.83777
v 13506.11785 -4831.56747 4760.83777
v 13508.11785 -4831.56747 4760.83777
v 13509.11785 -4829.83542 4760.83777
v 13508.11785 -4828.10337 4760.83777
v 13506.11785 -4828.10337 4760.83777
v 13755.24966 -4829.83542 70.00000
v 13756.24966 -4831.56747 70.00000
v 13758.24966 -4831.56747 70.00000
v 13759.24966 -4829.83542 70.00000
v 13758.24966 -4828.10337 70.00000
v 13756.24966 -4828.10337 70.00000
v 13755.24966 -4829.83542 4760.83777
v 13756.24966 -4831.56747 4760.83777
v 13758.24966 -4831.56747 4760.83777
v 13759.24966 -4829.83542 4760.83777
v 13758.24966 -4828.10337 4760.83777
v 13756.24966 -4828.10337 4760.83777
v 14005.38147 -4829.83542 70.00000
v 14006.38147 -4831.56747 70.00000
v 14008.38147 -4831.56747 70.00000
v 14009.38147 -4829.83542 70.00000
v 14008.38147 -4828.10337 70.00000
v 14006.38147 -4828.10337 70.00000
v 14005.38147 -4829.83542 4760.83777
v 14006.38147 -4831.56747 4760.83777
v 14008.38147 -4831.56747 4760.83777
v 14009.38147 -4829.83542 4760.83777
v 14008.38147 -4828.10337 4760.83777
v 14006.38147 -4828.10337 4760.83777
v 14255.51329 -4829.83542 70.00000
v 14256.51329 -4831.56747 70.00000
v 14258.51329 -4831.56747 70.00000
v 14259.51329 -4829.83542 70.00000
v 14258.51329 -4828.10337 70.00000
v 14256.51329 -4828.10337 70.00000
v 14255.51329 -4829.83542 4760.83777
v 14256.51329 -4831.56747 4760.83777
v 14258.51329 -4831.56747 4760.83777
v 14259.51329 -4829.83542 4760.83777
v 14258.51329 -4828.10337 4760.83777
v 14256.51329 -4828.10337 4760.83777
v 14505.64510 -4829.83542 70.00000
v 14506.64510 -4831.56747 70.00000
v 14508.64510 -4831.56747 70.00000
v 14509.64510 -4829.83542 70.00000
v 14508.64510 -4828.10337 70.00000
v 14506.64510 -4828.10337 70.00000
v 14505.64510 -4829.83542 4760.83777
v 14506.64510 -4831.56747 4760.83777
v 14508.64510 -4831.56747 4760.83777
v 14509.64510 -4829.83542 4760.83777
v 14508.64510 -4828.10337 4760.83777
v 14506.64510 -4828.10337 4760.83777
v 14755.77691 -4829.83542 70.00000
v 14756.77691 -4831.56747 70.00000
v 14758.77691 -4831.56747 70.00000
v 14759.77691 -4829.83542 70.00000
v 14758.77691 -4828.10337 70.00000
v 14756.77691 -4828.10337 70.00000
v 14755.77691 -4829.83542 4760.83777
v 14756.77691 -4831.56747 4760.83777
v 14758.77691 -4831.56747 4760.83777
v 14759.77691 -4829.83542 4760.83777
v 14758.77691 -4828.10337 4760.83777
v 14756.77691 -4828.10337 4760.83777
v 15005.90872 -4829.83542 70.00000
v 15006.90872 -4831.56747 70.00000
v 15008.90872 -4831.56747 70.00000
v 15009.90872 -4829.83542 70.00000
v 15008.90872 -4828.10337 70.00000
v 15006.90872 -4828.10337 70.00000
v 15005.90872 -4829.83542 4760.83777
v 15006.90872 -4831.56747 4760.83777
v 15008.90872 -4831.56747 4760.83777
v 15009.90872 -4829.83542 4760.83777
v 15008.90872 -4828.10337 4760.83777
v 15006.90872 -4828.10337 4760.83777
v 15256.04053 -4829.83542 70.00000
v 15257.04053 -4831.56747 70.00000
v 15259.04053 -4831.56747 70.00000
v 15260.04053 -4829.83542 70.00000
v 15259.04053 -4828.10337 70.00000
v 15257.04053 -4828.10337 70.00000
v 15256.04053 -4829.83542 4760.83777
v 15257.04053 -4831.56747 4760.83777
v 15259.04053 -4831.56747 4760.83777
v 15260.04053 -4829.83542 4760.83777
v 15259.04053 -4828.10337 4760.83777
v 15257.04053 -4828.10337 4760.83777
v 15506.17235 -4829.83542 70.00000
v 15507.17235 -4831.56747 70.00000
v 15509.17235 -4831.56747 70.00000
v 15510.17235 -4829.83542 70.00000
v 15509.17235 -4828.10337 70.00000
v 15507.17235 -4828.10337 70.00000
v 15506.17235 -4829.83542 4760.83777
v 15507.17235 -4831.56747 4760.83777
v 15509.17235 -4831.56747 4760.83777
v 15510.17235 -4829.83542 4760.83777
v 15509.17235 -4828.10337 4760.83777
v 15507.17235 -4828.10337 4760.83777
v -15508.17235 -4831.83542 70.00000
v -15508.17235 -4830.83542 68.26795
v -15508.17235 -4828.83542 68.26795
v -15508.17235 -4827.83542 70.00000
v -15508.17235 -4828.83542 71.73205
v -15508.17235 -4830.83542 71.73205
v 15508.17235 -4831.83542 70.00000
v 15508.17235 -4830.83542 68.26795
v 15508.17235 -4828.83542 68.26795
v 15508.17235 -4827.83542 70.00000
v 15508.17235 -4828.83542 71.73205
v 15508.17235 -4830.83542 71.73205
v -15508.17235 -4831.83542 316.88620
v -15508.17235 -4830.83542 315.15415
v -15508.17235 -4828.83542 315.15415
v -15508.17235 -4827.83542 316.88620
v -15508.17235 -4828.83542 318.61825
v -15508.17235 -4830.83542 318.61825
v 15508.17235 -4831.83542 316.88620
v 15508.17235 -4830.83542 315.15415
v 15508.17235 -4828.83542 315.15415
v 15508.17235 -4827.83542 316.88620
v 15508.17235 -4828.83542 318.61825
v 15508.17235 -4830.83542 318.61825
v -15508.17235 -4831.83542 563.77240
v -15508.17235 -4830.83542 562.04035
v -15508.17235 -4828.83542 562.04035
v -15508.17235 -4827.83542 563.77240
v -15508.17235 -4828.83542 565.50445
v -15508.17235 -4830.83542 565.50445
v 15508.17235 -4831.83542 563.77240
v 15508.17235 -4830.83542 562.04035
v 15508.17235 -4828.83542 562.04035
v 15508.17235 -4827.83542 563.77240
v 15508.17235 -4828.83542 565.50445
v 15508.17235 -4830.83542 565.50445
v -15508.17235 -4831.83542 810.65860
v -15508.17235 -4830.83542 808.92655
v -15508.17235 -4828.83542 808.92655
v -15508.17235 -4827.83542 810.65860
v -15508.17235 -4828.83542 812.39065
v -15508.17235 -4830.83542 812.39065
v 15508.17235 -4831.83542 810.65860
v 15508.17235 -4830.83542 808.92655
v 15508.17235 -4828.83542 808.92655
v 15508.17235 -4827.83542 810.65860
v 15508.17235 -4828.83542 812.39065
v 15508.17235 -4830.83542 812.39065
v -15508.17235 -4831.83542 1057.54479
v -15508.17235 -4830.83542 1055.81274
v -15508.17235 -4828.83542 1055.81274
v -15508.17235 -4827.83542 1057.54479
v -15508.17235 -4828.83542 1059.27685
v -15508.17235 -4830.83542 1059.27685
v 15508.17235 -4831.83542 1057.54479
v 15508.17235 -4830.83542 1055.81274
v 15508.17235 -4828.83542 1055.81274
v 15508.17235 -4827.83542 1057.54479
v 15508.17235 -4828.83542 1059.27685
v 15508.17235 -4830.83542 1059.27685
v -15508.17235 -4831.83542 1304.43099
v -15508.17235 -4830.83542 1302.69894
v -15508.17235 -4828.83542 1302.69894
v -15508.17235 -4827.83542 1304.43099
v -15508.17235 -4828.83542 1306.16304
v -15508.17235 -4830.83542 1306.16304
v 15508.17235 -4831.83542 1304.43099
v 15508.17235 -4830.83542 1302.69894
v 15508.17235 -4828.83542 1302.69894
v 15508.17235 -4827.83542 1304.43099
v 15508.17235 -4828.83542 1306.16304
v 15508.17235 -4830.83542 1306.16304
v -15508.17235 -4831.83542 1551.31719
v -15508.17235 -4830.83542 1549.58514
v -15508.17235 -4828.83542 1549.58514
v -15508.17235 -4827.83542 1551.31719
v -15508.17235 -4828.83542 1553.04924
v -15508.17235 -4830.83542 1553.04924
v 15508.17235 -4831.83542 1551.31719
v 15508.17235 -4830.83542 1549.58514
v 15508.17235 -4828.83542 1549.58514
v 15508.17235 -4827.83542 1551.31719
v 15508.17235 -4828.83542 1553.04924
v 15508.17235 -4830.83542 1553.04924
v -15508.17235 -4831.83542 1798.20339
v -15508.17235 -4830.83542 1796.47134
v -15508.17235 -4828.83542 1796.47134
v -15508.17235 -4827.83542 1798.20339
v -15508.17235 -4828.83542 1799.93544
v -15508.17235 -4830.83542 1799.93544
v 15508.17235 -4831.83542 1798.20339
v 15508.17235 -4830.83542 1796.47134
v 15508.17235 -4828.83542 1796.47134
v 15508.17235 -4827.83542 1798.20339
v 15508.17235 -4828.83542 1799.93544
v 15508.17235 -4830.83542 1799.93544
v -15508.17235 -4831.83542 2045.08959
v -15508.17235 -4830.83542 2043.35754
v -15508.17235 -4828.83542 2043.35754
v -15508.17235 -4827.83542 2045.08959
v -15508.17235 -4828.83542 2046.82164
v -15508.17235 -4830.83542 2046.82164
v 15508.17235 -4831.83542 2045.08959
v 15508.17235 -4830.83542 2043.35754
v 15508.17235 -4828.83542 2043.35754
v 15508.17235 -4827.83542 2045.08959
v 15508.17235 -4828.83542 2046.82164
v 15508.17235 -4830.83542 2046.82164
v -15508.17235 -4831.83542 2291.97579
v -15508.17235 -4830.83542 2290.24374
v -15508.17235 -4828.83542 2290.24374
v -15508.17235 -4827.83542 2291.97579
v -15508.17235 -4828.83542 2293.70784
v -15508.17235 -4830.83542 2293.70784
v 15508.17235 -4831.83542 2291.97579
v 15508.17235 -4830.83542 2290.24374
v 15508.17235 -4828.83542 2290.24374
v 15508.17235 -4827.83542 2291.97579
v 15508.17235 -4828.83542 2293.70784
v 15508.17235 -4830.83542 2293.70784
v -15508.17235 -4831.83542 2538.86199
v -15508.17235 -4830.83542 2537.12994
v -15508.17235 -4828.83542 2537.12994
v -15508.17235 -4827.83542 2538.86199
v -15508.17235 -4828.83542 2540.59404
v -15508.17235 -4830.83542 2540.59404
v 15508.17235 -4831.83542 2538.86199
v 15508.17235 -4830.83542 2537.12994
v 15508.17235 -4828.83542 2537.12994
v 15508.17235 -4827.83542 2538.86199
v 15508.17235 -4828.83542 2540.59404
v 15508.17235 -4830.83542 2540.59404
v -15508.17235 -4831.83542 2785.74819
v -15508.17235 -4830.83542 2784.01613
v -15508.17235 -4828.83542 2784.01613
v -15508.17235 -4827.83542 2785.74819
v -15508.17235 -4828.83542 2787.48024
v -15508.17235 -4830.83542 2787.48024
v 15508.17235 -4831.83542 2785.74819
v 15508.17235 -4830.83542 2784.01613
v 15508.17235 -4828.83542 2784.01613
v 15508.17235 -4827.83542 2785.74819
v 15508.17235 -4828.83542 2787.48024
v 15508.17235 -4830.83542 2787.48024
v -15508.17235 -4831.83542 3032.63438
v -15508.17235 -4830.83542 3030.90233
v -15508.17235 -4828.83542 3030.90233
v -15508.17235 -4827.83542 3032.63438
v -15508.17235 -4828.83542 3034.36643
v -15508.17235 -4830.83542 3034.36643
v 15508.17235 -4831.83542 3032.63438
v 15508.17235 -4830.83542 3030.90233
v 15508.17235 -4828.83542 3030.90233
v 15508.17235 -4827.83542 3032.63438
v 15508.17235 -4828.83542 3034.36643
v 15508.17235 -4830.83542 3034.36643
v -15508.17235 -4831.83542 3279.52058
v -15508.17235 -4830.83542 3277.78853
v -15508.17235 -4828.83542 3277.78853
v -15508.17235 -4827.83542 3279.52058
v -15508.17235 -4828.83542 3281.25263
v -15508.17235 -4830.83542 3281.25263
v 15508.17235 -4831.83542 3279.52058
v 15508.17235 -4830.83542 3277.78853
v 15508.17235 -4828.83542 3277.78853
v 15508.17235 -4827.83542 3279.52058
v 15508.17235 -4828.83542 3281.25263
v 15508.17235 -4830.83542 3281.25263
v -15508.17235 -4831.83542 3526.40678
v -15508.17235 -4830.83542 3524.67473
v -15508.17235 -4828.83542 3524.67473
v -15508.17235 -4827.83542 3526.40678
v -15508.17235 -4828.83542 3528.13883
v -15508.17235 -4830.83542 3528.13883
v 15508.17235 -4831.83542 3526.40678
v 15508.17235 -4830.83542 3524.67473
v 15508.17235 -4828.83542 3524.67473
v 15508.17235 -4827.83542 3526.40678
v 15508.17235 -4828.83542 3528.13883
v 15508.17235 -4830.83542 3528.13883
v -15508.17235 -4831.83542 3773.29298
v -15508.17235 -4830.83542 3771.56093
v -15508.17235 -4828.83542 3771.56093
v -15508.17235 -4827.83542 3773.29298
v -15508.17235 -4828.83542 3775.02503
v -15508.17235 -4830.83542 3775.02503
v 15508.17235 -4831.83542 3773.29298
v 15508.17235 -4830.83542 3771.56093
v 15508.17235 -4828.83542 3771.56093
v 15508.17235 -4827.83542 3773.29298
v 15508.17235 -4828.83542 3775.02503
v 15508.17235 -4830.83542 3775.02503
v -15508.17235 -4831.83542 4020.17918
v -15508.17235 -4830.83542 4018.44713
v -15508.17235 -4828.83542 4018.44713
v -15508.17235 -4827.83542 4020.17918
v -15508.17235 -4828.83542 4021.91123
v -15508.17235 -4830.83542 4021.91123
v 15508.17235 -4831.83542 4020.17918
v 15508.17235 -4830.83542 4018.44713
v 15508.17235 -4828.83542 4018.44713
v 15508.17235 -4827.83542 4020.17918
v 15508.17235 -4828.83542 4021.91123
v 15508.17235 -4830.83542 4021.91123
v -15508.17235 -4831.83542 4267.06538
v -15508.17235 -4830.83542 4265.33333
v -15508.17235 -4828.83542 4265.33333
v -15508.17235 -4827.83542 4267.06538
v -15508.17235 -4828.83542 4268.79743
v -15508.17235 -4830.83542 4268.79743
v 15508.17235 -4831.83542 4267.06538
v 15508.17235 -4830.83542 4265.33333
v 15508.17235 -4828.83542 4265.33333
v 15508.17235 -4827.83542 4267.06538
v 15508.17235 -4828.83542 4268.79743
v 15508.17235 -4830.83542 4268.79743
v -15508.17235 -4831.83542 4513.95158
v -15508.17235 -4830.83542 4512.21953
v -15508.17235 -4828.83542 4512.21953
v -15508.17235 -4827.83542 4513.95158
v -15508.17235 -4828.83542 4515.68363
v -15508.17235 -4830.83542 4515.68363
v 15508.17235 -4831.83542 4513.95158
v 15508.17235 -4830.83542 4512.21953
v 15508.17235 -4828.83542 4512.21953
v 15508.17235 -4827.83542 4513.95158
v 15508.17235 -4828.83542 4515.68363
v 15508.17235 -4830.83542 4515.68363
v -15508.17235 -4831.83542 4760.83777
v -15508.17235 -4830.83542 4759.10572
v -15508.17235 -4828.83542 4759.10572
v -15508.17235 -4827.83542 4760.83777
v -15508.17235 -4828.83542 4762.56983
v -15508.17235 -4830.83542 4762.56983
v 15508.17235 -4831.83542 4760.83777
v 15508.17235 -4830.83542 4759.10572
v 15508.17235 -4828.83542 4759.10572
v 15508.17235 -4827.83542 4760.83777
v 15508.17235 -4828.83542 4762.56983
v 15508.17235 -4830.83542 4762.56983
v -15510.17235 -4829.83542 70.00000
v -15509.17235 -4831.56747 70.00000
v -15507.17235 -4831.56747 70.00000
v -15506.17235 -4829.83542 70.00000
v -15507.17235 -4828.10337 70.00000
v -15509.17235 -4828.10337 70.00000
v -15510.17235 -4829.83542 4760.83777
v -15509.17235 -4831.56747 4760.83777
v -15507.17235 -4831.56747 4760.83777
v -15506.17235 -4829.83542 4760.83777
v -15507.17235 -4828.10337 4760.83777
v -15509.17235 -4828.10337 4760.83777
v -15510.17235 -4575.63356 70.00000
v -15509.17235 -4577.36561 70.00000
v -15507.17235 -4577.36561 70.00000
v -15506.17235 -4575.63356 70.00000
v -15507.17235 -4573.90151 70.00000
v -15509.17235 -4573.90151 70.00000
v -15510.17235 -4575.63356 4760.83777
v -15509.17235 -4577.36561 4760.83777
v -15507.17235 -4577.36561 4760.83777
v -15506.17235 -4575.63356 4760.83777
v -15507.17235 -4573.90151 4760.83777
v -15509.17235 -4573.90151 4760.83777
v -15510.17235 -4321.43169 70.00000
v -15509.17235 -4323.16375 70.00000
v -15507.17235 -4323.16375 70.00000
v -15506.17235 -4321.43169 70.00000
v -15507.17235 -4319.69964 70.00000
v -15509.17235 -4319.69964 70.00000
v -15510.17235 -4321.43169 4760.83777
v -15509.17235 -4323.16375 4760.83777
v -15507.17235 -4323.16375 4760.83777
v -15506.17235 -4321.43169 4760.83777
v -15507.17235 -4319.69964 4760.83777
v -15509.17235 -4319.69964 4760.83777
v -15510.17235 -4067.22983 70.00000
v -15509.17235 -4068.96188 70.00000
v -15507.17235 -4068.96188 70.00000
v -15506.17235 -4067.22983 70.00000
v -15507.17235 -4065.49778 70.00000
v -15509.17235 -4065.49778 70.00000
v -15510.17235 -4067.22983 4760.83777
v -15509.17235 -4068.96188 4760.83777
v -15507.17235 -4068.96188 4760.83777
v -15506.17235 -4067.22983 4760.83777
v -15507.17235 -4065.49778 4760.83777
v -15509.17235 -4065.49778 4760.83777
v -15510.17235 -3813.02797 70.00000
v -15509.17235 -3814.76002 70.00000
v -15507.17235 -3814.76002 70.00000
v -15506.17235 -3813.02797 70.00000
v -15507.17235 -3811.29592 70.00000
v -15509.17235 -3811.29592 70.00000
v -15510.17235 -3813.02797 4760.83777
v -15509.17235 -3814.76002 4760.83777
v -15507.17235 -3814.76002 4760.83777
v -15506.17235 -3813.02797 4760.83777
v -15507.17235 -3811.29592 4760.83777
v -15509.17235 -3811.29592 4760.83777
v -15510.17235 -3558.82610 70.00000
v -15509.17235 -3560.55815 70.00000
v -15507.17235 -3560.55815 70.00000
v -15506.17235 -3558.82610 70.00000
v -15507.17235 -3557.09405 70.00000
v -15509.17235 -3557.09405 70.00000
v -15510.17235 -3558.82610 4760.83777
v -15509.17235 -3560.55815 4760.83777
v -15507.17235 -3560.55815 4760.83777
v -15506.17235 -3558.82610 4760.83777
v -15507.17235 -3557.09405 4760.83777
v -15509.17235 -3557.09405 4760.83777
v -15510.17235 -3304.62424 70.00000
v -15509.17235 -3306.35629 70.00000
v -15507.17235 -3306.35629 70.00000
v -15506.17235 -3304.62424 70.00000
v -15507.17235 -3302.89219 70.00000
v -15509.17235 -3302.89219 70.00000
v -15510.17235 -3304.62424 4760.83777
v -15509.17235 -3306.35629 4760.83777
v -15507.17235 -3306.35629 4760.83777
v -15506.17235 -3304.62424 4760.83777
v -15507.17235 -3302.89219 4760.83777
v -15509.17235 -3302.89219 4760.83777
v -15510.17235 -3050.42237 70.00000
v -15509.17235 -3052.15442 70.00000
v -15507.17235 -3052.15442 70.00000
v -15506.17235 -3050.42237 70.00000
v -15507.17235 -3048.69032 70.00000
v -15509.17235 -3048.69032 70.00000
v -15510.17235 -3050.42237 4760.83777
v -15509.17235 -3052.15442 4760.83777
v -15507.17235 -3052.15442 4760.83777
v -15506.17235 -3050.42237 4760.83777
v -15507.17235 -3048.69032 4760.83777
v -15509.17235 -3048.69032 4760.83777
v -15510.17235 -2796.22051 70.00000
v -15509.17235 -2797.95256 70.00000
v -15507.17235 -2797.95256 70.00000
v -15506.17235 -2796.22051 70.00000
v -15507.17235 -2794.48846 70.00000
v -15509.17235 -2794.48846 70.00000
v -15510.17235 -2796.22051 4760.83777
v -15509.17235 -2797.95256 4760.83777
v -15507.17235 -2797.95256 4760.83777
v -15506.17235 -2796.22051 4760.83777
v -15507.17235 -2794.48846 4760.83777
v -15509.17235 -2794.48846 4760.83777
v -15510.17235 -2542.01864 70.00000
v -15509.17235 -2543.75069 70.00000
v -15507.17235 -2543.75069 70.00000
v -15506.17235 -2542.01864 70.00000
v -15507.17235 -2540.28659 70.00000
v -15509.17235 -2540.28659 70.00000
v -15510.17235 -2542.01864 4760.83777
v -15509.17235 -2543.75069 4760.83777
v -15507.17235 -2543.75069 4760.83777
v -15506.17235 -2542.01864 4760.83777
v -15507.17235 -2540.28659 4760.83777
v -15509.17235 -2540.28659 4760.83777
v -15510.17235 -2287.81678 70.00000
v -15509.17235 -2289.54883 70.00000
v -15507.17235 -2289.54883 70.00000
v -15506.17235 -2287.81678 70.00000
v -15507.17235 -2286.08473 70.00000
v -15509.17235 -2286.08473 70.00000
v -15510.17235 -2287.81678 4760.83777
v -15509.17235 -2289.54883 4760.83777
v -15507.17235 -2289.54883 4760.83777
v -15506.17235 -2287.81678 4760.83777
v -15507.17235 -2286.08473 4760.83777
v -15509.17235 -2286.08473 4760.83777
v -15510.17235 -2033.61492 70.00000
v -15509.17235 -2035.34697 70.00000
v -15507.17235 -2035.34697 70.00000
v -15506.17235 -2033.61492 70.00000
v -15507.17235 -2031.88286 70.00000
v -15509.17235 -2031.88286 70.00000
v -15510.17235 -2033.61492 4760.83777
v -15509.17235 -2035.34697 4760.83777
v -15507.17235 -2035.34697 4760.83777
v -15506.17235 -2033.61492 4760.83777
v -15507.17235 -2031.88286 4760.83777
v -15509.17235 -2031.88286 4760.83777
v -15510.17235 -1779.41305 70.00000
v -15509.17235 -1781.14510 70.00000
v -15507.17235 -1781.14510 70.00000
v -15506.17235 -1779.41305 70.00000
v -15507.17235 -1777.68100 70.00000
v -15509.17235 -1777.68100 70.00000
v -15510.17235 -1779.41305 4760.83777
v -15509.17235 -1781.14510 4760.83777
v -15507.17235 -1781.14510 4760.83777
v -15506.17235 -1779.41305 4760.83777
v -15507.17235 -1777.68100 4760.83777
v -15509.17235 -1777.68100 4760.83777
v -15510.17235 -1525.21119 70.00000
v -15509.17235 -1526.94324 70.00000
v -15507.17235 -1526.94324 70.00000
v -15506.17235 -1525.21119 70.00000
v -15507.17235 -1523.47914 70.00000
v -15509.17235 -1523.47914 70.00000
v -15510.17235 -1525.21119 4760.83777
v -15509.17235 -1526.94324 4760.83777
v -15507.17235 -1526.94324 4760.83777
v -15506.17235 -1525.21119 4760.83777
v -15507.17235 -1523.47914 4760.83777
v -15509.17235 -1523.47914 4760.83777
v -15510.17235 -1271.00932 70.00000
v -15509.17235 -1272.74137 70.00000
v -15507.17235 -1272.74137 70.00000
v -15506.17235 -1271.00932 70.00000
v -15507.17235 -1269.27727 70.00000
v -15509.17235 -1269.27727 70.00000
v -15510.17235 -1271.00932 4760.83777
v -15509.17235 -1272.74137 4760.83777
v -15507.17235 -1272.74137 4760.83777
v -15506.17235 -1271.00932 4760.83777
v -15507.17235 -1269.27727 4760.83777
v -15509.17235 -1269.27727 4760.83777
v -15510.17235 -1016.80746 70.00000
v -15509.17235 -1018.53951 70.00000
v -15507.17235 -1018.53951 70.00000
v -15506.17235 -1016.80746 70.00000
v -15507.17235 -1015.07541 70.00000
v -15509.17235 -1015.07541 70.00000
v -15510.17235 -1016.80746 4760.83777
v -15509.17235 -1018.53951 4760.83777
v -15507.17235 -1018.53951 4760.83777
v -15506.17235 -1016.80746 4760.83777
v -15507.17235 -1015.07541 4760.83777
v -15509.17235 -1015.07541 4760.83777
v -15510.17235 -762.60559 70.00000
v -15509.17235 -764.33764 70.00000
v -15507.17235 -764.33764 70.00000
v -15506.17235 -762.60559 70.00000
v -15507.17235 -760.87354 70.00000
v -15509.17235 -760.87354 70.00000
v -15510.17235 -762.60559 4760.83777
v -15509.17235 -764.33764 4760.83777
v -15507.17235 -764.33764 4760.83777
v -15506.17235 -762.60559 4760.83777
v -15507.17235 -760.87354 4760.83777
v -15509.17235 -760.87354 4760.83777
v -15510.17235 -508.40373 70.00000
v -15509.17235 -510.13578 70.00000
v -15507.17235 -510.13578 70.00000
v -15506.17235 -508.40373 70.00000
v -15507.17235 -506.67168 70.00000
v -15509.17235 -506.67168 70.00000
v -15510.17235 -508.40373 4760.83777
v -15509.17235 -510.13578 4760.83777
v -15507.17235 -510.13578 4760.83777
v -15506.17235 -508.40373 4760.83777
v -15507.17235 -506.67168 4760.83777
v -15509.17235 -506.67168 4760.83777
v -15510.17235 -254.20186 70.00000
v -15509.17235 -255.93392 70.00000
v -15507.17235 -255.93392 70.00000
v -15506.17235 -254.20186 70.00000
v -15507.17235 -252.46981 70.00000
v -15509.17235 -252.46981 70.00000
v -15510.17235 -254.20186 4760.83777
v -15509.17235 -255.93392 4760.83777
v -15507.17235 -255.93392 4760.83777
v -15506.17235 -254.20186 4760.83777
v -15507.17235 -252.46981 4760.83777
v -15509.17235 -252.46981 4760.83777
v -15510.17235 0.00000 70.00000
v -15509.17235 -1.73205 70.00000
v -15507.17235 -1.73205 70.00000
v -15506.17235 -0.00000 70.00000
v -15507.17235 1.73205 70.00000
v -15509.17235 1.73205 70.00000
v -15510.17235 0.00000 4760.83777
v -15509.17235 -1.73205 4760.83777
v -15507.17235 -1.73205 4760.83777
v -15506.17235 -0.00000 4760.83777
v -15507.17235 1.73205 4760.83777
v -15509.17235 1.73205 4760.83777
v -15510.17235 254.20186 70.00000
v -15509.17235 252.46981 70.00000
v -15507.17235 252.46981 70.00000
v -15506.17235 254.20186 70.00000
v -15507.17235 255.93392 70.00000
v -15509.17235 255.93392 70.00000
v -15510.17235 254.20186 4760.83777
v -15509.17235 252.46981 4760.83777
v -15507.17235 252.46981 4760.83777
v -15506.17235 254.20186 4760.83777
v -15507.17235 255.93392 4760.83777
v -15509.17235 255.93392 4760.83777
v -15510.17235 508.40373 70.00000
v -15509.17235 506.67168 70.00000
v -15507.17235 506.67168 70.00000
v -15506.17235 508.40373 70.00000
v -15507.17235 510.13578 70.00000
v -15509.17235 510.13578 70.00000
v -15510.17235 508.40373 4760.83777
v -15509.17235 506.67168 4760.83777
v -15507.17235 506.67168 4760.83777
v -15506.17235 508.40373 4760.83777
v -15507.17235 510.13578 4760.83777
v -15509.17235 510.13578 4760.83777
v -15510.17235 762.60559 70.00000
v -15509.17235 760.87354 70.00000
v -15507.17235 760.87354 70.00000
v -15506.17235 762.60559 70.00000
v -15507.17235 764.33764 70.00000
v -15509.17235 764.33764 70.00000
v -15510.17235 762.60559 4760.83777
v -15509.17235 760.87354 4760.83777
v -15507.17235 760.87354 4760.83777
v -15506.17235 762.60559 4760.83777
v -15507.17235 764.33764 4760.83777
v -15509.17235 764.33764 4760.83777
v -15510.17235 1016.80746 70.00000
v -15509.17235 1015.07541 70.00000
v -15507.17235 1015.07541 70.00000
v -15506.17235 1016.80746 70.00000
v -15507.17235 1018.53951 70.00000
v -15509.17235 1018.53951 70.00000
v -15510.17235 1016.80746 4760.83777
v -15509.17235 1015.07541 4760.83777
v -15507.17235 1015.07541 4760.83777
v -15506.17235 1016.80746 4760.83777
v -15507.17235 1018.53951 4760.83777
v -15509.17235 1018.53951 4760.83777
v -15510.17235 1271.00932 70.00000
v -15509.17235 1269.27727 70.00000
v -15507.17235 1269.27727 70.00000
v -15506.17235 1271.00932 70.00000
v -15507.17235 1272.74137 70.00000
v -15509.17235 1272.74137 70.00000
v -15510.17235 1271.00932 4760.83777
v -15509.17235 1269.27727 4760.83777
v -15507.17235 1269.27727 4760.83777
v -15506.17235 1271.00932 4760.83777
v -15507.17235 1272.74137 4760.83777
v -15509.17235 1272.74137 4760.83777
v -15510.17235 1525.21119 70.00000
v -15509.17235 1523.47914 70.00000
v -15507.17235 1523.47914 70.00000
v -15506.17235 1525.21119 70.00000
v -15507.17235 1526.94324 70.00000
v -15509.17235 1526.94324 70.00000
v -15510.17235 1525.21119 4760.83777
v -15509.17235 1523.47914 4760.83777
v -15507.17235 1523.47914 4760.83777
v -15506.17235 1525.21119 4760.83777
v -15507.17235 1526.94324 4760.83777
v -15509.17235 1526.94324 4760.83777
v -15510.17235 1779.41305 70.00000
v -15509.17235 1777.68100 70.00000
v -15507.17235 1777.68100 70.00000
v -15506.17235 1779.41305 70.00000
v -15507.17235 1781.14510 70.00000
v -15509.17235 1781.14510 70.00000
v -15510.17235 1779.41305 4760.83777
v -15509.17235 1777.68100 4760.83777
v -15507.17235 1777.68100 4760.83777
v -15506.17235 1779.41305 4760.83777
v -15507.17235 1781.14510 4760.83777
v -15509.17235 1781.14510 4760.83777
v -15510.17235 2033.61492 70.00000
v -15509.17235 2031.88286 70.00000
v -15507.17235 2031.88286 70.00000
v -15506.17235 2033.61492 70.00000
v -15507.17235 2035.34697 70.00000
v -15509.17235 2035.34697 70.00000
v -15510.17235 2033.61492 4760.83777
v -15509.17235 2031.88286 4760.83777
v -15507.17235 2031.88286 4760.83777
v -15506.17235 2033.61492 4760.83777
v -15507.17235 2035.34697 4760.83777
v -15509.17235 2035.34697 4760.83777
v -15510.17235 2287.81678 70.00000
v -15509.17235 2286.08473 70.00000
v -15507.17235 2286.08473 70.00000
v -15506.17235 2287.81678 70.00000
v -15507.17235 2289.54883 70.00000
v -15509.17235 2289.54883 70.00000
v -15510.17235 2287.81678 4760.83777
v -15509.17235 2286.08473 4760.83777
v -15507.17235 2286.08473 4760.83777
v -15506.17235 2287.81678 4760.83777
v -15507.17235 2289.54883 4760.83777
v -15509.17235 2289.54883 4760.83777
v -15510.17235 2542.01864 70.00000
v -15509.17235 2540.28659 70.00000
v -15507.17235 2540.28659 70.00000
v -15506.17235 2542.01864 70.00000
v -15507.17235 2543.75069 70.00000
v -15509.17235 2543.75069 70.00000
v -15510.17235 2542.01864 4760.83777
v -15509.17235 2540.28659 4760.83777
v -15507.17235 2540.28659 4760.83777
v -15506.17235 2542.01864 4760.83777
v -15507.17235 2543.75069 4760.83777
v -15509.17235 2543.75069 4760.83777
v -15510.17235 2796.22051 70.00000
v -15509.17235 2794.48846 70.00000
v -15507.17235 2794.48846 70.00000
v -15506.17235 2796.22051 70.00000
v -15507.17235 2797.95256 70.00000
v -15509.17235 2797.95256 70.00000
v -15510.17235 2796.22051 4760.83777
v -15509.17235 2794.48846 4760.83777
v -15507.17235 2794.48846 4760.83777
v -15506.17235 2796.22051 4760.83777
v -15507.17235 2797.95256 4760.83777
v -15509.17235 2797.95256 4760.83777
v -15510.17235 3050.42237 70.00000
v -15509.17235 3048.69032 70.00000
v -15507.17235 3048.69032 70.00000
v -15506.17235 3050.42237 70.00000
v -15507.17235 3052.15442 70.00000
v -15509.17235 3052.15442 70.00000
v -15510.17235 3050.42237 4760.83777
v -15509.17235 3048.69032 4760.83777
v -15507.17235 3048.69032 4760.83777
v -15506.17235 3050.42237 4760.83777
v -15507.17235 3052.15442 4760.83777
v -15509.17235 3052.15442 4760.83777
v -15510.17235 3304.62424 70.00000
v -15509.17235 3302.89219 70.00000
v -15507.17235 3302.89219 70.00000
v -15506.17235 3304.62424 70.00000
v -15507.17235 3306.35629 70.00000
v -15509.17235 3306.35629 70.00000
v -15510.17235 3304.62424 4760.83777
v -15509.17235 3302.89219 4760.83777
v -15507.17235 3302.89219 4760.83777
v -15506.17235 3304.62424 4760.83777
v -15507.17235 3306.35629 4760.83777
v -15509.17235 3306.35629 4760.83777
v -15510.17235 3558.82610 70.00000
v -15509.17235 3557.09405 70.00000
v -15507.17235 3557.09405 70.00000
v -15506.17235 3558.82610 70.00000
v -15507.17235 3560.55815 70.00000
v -15509.17235 3560.55815 70.00000
v -15510.17235 3558.82610 4760.83777
v -15509.17235 3557.09405 4760.83777
v -15507.17235 3557.09405 4760.83777
v -15506.17235 3558.82610 4760.83777
v -15507.17235 3560.55815 4760.83777
v -15509.17235 3560.55815 4760.83777
v -15510.17235 3813.02797 70.00000
v -15509.17235 3811.29592 70.00000
v -15507.17235 3811.29592 70.00000
v -15506.17235 3813.02797 70.00000
v -15507.17235 3814.76002 70.00000
v -15509.17235 3814.76002 70.00000
v -15510.17235 3813.02797 4760.83777
v -15509.17235 3811.29592 4760.83777
v -15507.17235 3811.29592 4760.83777
v -15506.17235 3813.02797 4760.83777
v -15507.17235 3814.76002 4760.83777
v -15509.17235 3814.76002 4760.83777
v -15510.17235 4067.22983 70.00000
v -15509.17235 4065.49778 70.00000
v -15507.17235 4065.49778 70.00000
v -15506.17235 4067.22983 70.00000
v -15507.17235 4068.96188 70.00000
v -15509.17235 4068.96188 70.00000
v -15510.17235 4067.22983 4760.83777
v -15509.17235 4065.49778 4760.83777
v -15507.17235 4065.49778 4760.83777
v -15506.17235 4067.22983 4760.83777
v -15507.17235 4068.96188 4760.83777
v -15509.17235 4068.96188 4760.83777
v -15510.17235 4321.43169 70.00000
v -15509.17235 4319.69964 70.00000
v -15507.17235 4319.69964 70.00000
v -15506.17235 4321.43169 70.00000
v -15507.17235 4323.16375 70.00000
v -15509.17235 4323.16375 70.00000
v -15510.17235 4321.43169 4760.83777
v -15509.17235 4319.69964 4760.83777
v -15507.17235 4319.69964 4760.83777
v -15506.17235 4321.43169 4760.83777
v -15507.17235 4323.16375 4760.83777
v -15509.17235 4323.16375 4760.83777
v -15510.17235 4575.63356 70.00000
v -15509.17235 4573.90151 70.00000
v -15507.17235 4573.90151 70.00000
v -15506.17235 4575.63356 70.00000
v -15507.17235 4577.36561 70.00000
v -15509.17235 4577.36561 70.00000
v -15510.17235 4575.63356 4760.83777
v -15509.17235 4573.90151 4760.83777
v -15507.17235 4573.90151 4760.83777
v -15506.17235 4575.63356 4760.83777
v -15507.17235 4577.36561 4760.83777
v -15509.17235 4577.36561 4760.83777
v -15510.17235 4829.83542 70.00000
v -15509.17235 4828.10337 70.00000
v -15507.17235 4828.10337 70.00000
v -15506.17235 4829.83542 70.00000
v -15507.17235 4831.56747 70.00000
v -15509.17235 4831.56747 70.00000
v -15510.17235 4829.83542 4760.83777
v -15509.17235 4828.10337 4760.83777
v -15507.17235 4828.10337 4760.83777
v -15506.17235 4829.83542 4760.83777
v -15507.17235 4831.56747 4760.83777
v -15509.17235 4831.56747 4760.83777
v -15506.17235 -4829.83542 70.00000
v -15507.17235 -4829.83542 68.26795
v -15509.17235 -4829.83542 68.26795
v -15510.17235 -4829.83542 70.00000
v -15509.17235 -4829.83542 71.73205
v -15507.17235 -4829.83542 71.73205
v -15506.17235 4829.83542 70.00000
v -15507.17235 4829.83542 68.26795
v -15509.17235 4829.83542 68.26795
v -15510.17235 4829.83542 70.00000
v -15509.17235 4829.83542 71.73205
v -15507.17235 4829.83542 71.73205
v -15506.17235 -4829.83542 316.88620
v -15507.17235 -4829.83542 315.15415
v -15509.17235 -4829.83542 315.15415
v -15510.17235 -4829.83542 316.88620
v -15509.17235 -4829.83542 318.61825
v -15507.17235 -4829.83542 318.61825
v -15506.17235 4829.83542 316.88620
v -15507.17235 4829.83542 315.15415
v -15509.17235 4829.83542 315.15415
v -15510.17235 4829.83542 316.88620
v -15509.17235 4829.83542 318.61825
v -15507.17235 4829.83542 318.61825
v -15506.17235 -4829.83542 563.77240
v -15507.17235 -4829.83542 562.04035
v -15509.17235 -4829.83542 562.04035
v -15510.17235 -4829.83542 563.77240
v -15509.17235 -4829.83542 565.50445
v -15507.17235 -4829.83542 565.50445
v -15506.17235 4829.83542 563.77240
v -15507.17235 4829.83542 562.04035
v -15509.17235 4829.83542 562.04035
v -15510.17235 4829.83542 563.77240
v -15509.17235 4829.83542 565.50445
v -15507.17235 4829.83542 565.50445
v -15506.17235 -4829.83542 810.65860
v -15507.17235 -4829.83542 808.92655
v -15509.17235 -4829.83542 808.92655
v -15510.17235 -4829.83542 810.65860
v -15509.17235 -4829.83542 812.39065
v -15507.17235 -4829.83542 812.39065
v -15506.17235 4829.83542 810.65860
v -15507.17235 4829.83542 808.92655
v -15509.17235 4829.83542 808.92655
v -15510.17235 4829.83542 810.65860
v -15509.17235 4829.83542 812.39065
v -15507.17235 4829.83542 812.39065
v -15506.17235 -4829.83542 1057.54479
v -15507.17235 -4829.83542 1055.81274
v -15509.17235 -4829.83542 1055.81274
v -15510.17235 -4829.83542 1057.54479
v -15509.17235 -4829.83542 1059.27685
v -15507.17235 -4829.83542 1059.27685
v -15506.17235 4829.83542 1057.54479
v -15507.17235 4829.83542 1055.81274
v -15509.17235 4829.83542 1055.81274
v -15510.17235 4829.83542 1057.54479
v -15509.17235 4829.83542 1059.27685
v -15507.17235 4829.83542 1059.27685
v -15506.17235 -4829.83542 1304.43099
v -15507.17235 -4829.83542 1302.69894
v -15509.17235 -4829.83542 1302.69894
v -15510.17235 -4829.83542 1304.43099
v -15509.17235 -4829.83542 1306.16304
v -15507.17235 -4829.83542 1306.16304
v -15506.17235 4829.83542 1304.43099
v -15507.17235 4829.83542 1302.69894
v -15509.17235 4829.83542 1302.69894
v -15510.17235 4829.83542 1304.43099
v -15509.17235 4829.83542 1306.16304
v -15507.17235 4829.83542 1306.16304
v -15506.17235 -4829.83542 1551.31719
v -15507.17235 -4829.83542 1549.58514
v -15509.17235 -4829.83542 1549.58514
v -15510.17235 -4829.83542 1551.31719
v -15509.17235 -4829.83542 1553.04924
v -15507.17235 -4829.83542 1553.04924
v -15506.17235 4829.83542 1551.31719
v -15507.17235 4829.83542 1549.58514
v -15509.17235 4829.83542 1549.58514
v -15510.17235 4829.83542 1551.31719
v -15509.17235 4829.83542 1553.04924
v -15507.17235 4829.83542 1553.04924
v -15506.17235 -4829.83542 1798.20339
v -15507.17235 -4829.83542 1796.47134
v -15509.17235 -4829.83542 1796.47134
v -15510.17235 -4829.83542 1798.20339
v -15509.17235 -4829.83542 1799.93544
v -15507.17235 -4829.83542 1799.93544
v -15506.17235 4829.83542 1798.20339
v -15507.17235 4829.83542 1796.47134
v -15509.17235 4829.83542 1796.47134
v -15510.17235 4829.83542 1798.20339
v -15509.17235 4829.83542 1799.93544
v -15507.17235 4829.83542 1799.93544
v -15506.17235 -4829.83542 2045.08959
v -15507.17235 -4829.83542 2043.35754
v -15509.17235 -4829.83542 2043.35754
v -15510.17235 -4829.83542 2045.08959
v -15509.17235 -4829.83542 2046.82164
v -15507.17235 -4829.83542 2046.82164
v -15506.17235 4829.83542 2045.08959
v -15507.17235 4829.83542 2043.35754
v -15509.17235 4829.83542 2043.35754
v -15510.17235 4829.83542 2045.08959
v -15509.17235 4829.83542 2046.82164
v -15507.17235 4829.83542 2046.82164
v -15506.17235 -4829.83542 2291.97579
v -15507.17235 -4829.83542 2290.24374
v -15509.17235 -4829.83542 2290.24374
v -15510.17235 -4829.83542 2291.97579
v -15509.17235 -4829.83542 2293.70784
v -15507.17235 -4829.83542 2293.70784
v -15506.17235 4829.83542 2291.97579
v -15507.17235 4829.83542 2290.24374
v -15509.17235 4829.83542 2290.24374
v -15510.17235 4829.83542 2291.97579
v -15509.17235 4829.83542 2293.70784
v -15507.17235 4829.83542 2293.70784
v -15506.17235 -4829.83542 2538.86199
v -15507.17235 -4829.83542 2537.12994
v -15509.17235 -4829.83542 2537.12994
v -15510.17235 -4829.83542 2538.86199
v -15509.17235 -4829.83542 2540.59404
v -15507.17235 -4829.83542 2540.59404
v -15506.17235 4829.83542 2538.86199
v -15507.17235 4829.83542 2537.12994
v -15509.17235 4829.83542 2537.12994
v -15510.17235 4829.83542 2538.86199
v -15509.17235 4829.83542 2540.59404
v -15507.17235 4829.83542 2540.59404
v -15506.17235 -4829.83542 2785.74819
v -15507.17235 -4829.83542 2784.01613
v -15509.17235 -4829.83542 2784.01613
v -15510.17235 -4829.83542 2785.74819
v -15509.17235 -4829.83542 2787.48024
v -15507.17235 -4829.83542 2787.48024
v -15506.17235 4829.83542 2785.74819
v -15507.17235 4829.83542 2784.01613
v -15509.17235 4829.83542 2784.01613
v -15510.17235 4829.83542 2785.74819
v -15509.17235 4829.83542 2787.48024
v -15507.17235 4829.83542 2787.48024
v -15506.17235 -4829.83542 3032.63438
v -15507.17235 -4829.83542 3030.90233
v -15509.17235 -4829.83542 3030.90233
v -15510.17235 -4829.83542 3032.63438
v -15509.17235 -4829.83542 3034.36643
v -15507.17235 -4829.83542 3034.36643
v -15506.17235 4829.83542 3032.63438
v -15507.17235 4829.83542 3030.90233
v -15509.17235 4829.83542 3030.90233
v -15510.17235 4829.83542 3032.63438
v -15509.17235 4829.83542 3034.36643
v -15507.17235 4829.83542 3034.36643
v -15506.17235 -4829.83542 3279.52058
v -15507.17235 -4829.83542 3277.78853
v -15509.17235 -4829.83542 3277.78853
v -15510.17235 -4829.83542 3279.52058
v -15509.17235 -4829.83542 3281.25263
v -15507.17235 -4829.83542 3281.25263
v -15506.17235 4829.83542 3279.52058
v -15507.17235 4829.83542 3277.78853
v -15509.17235 4829.83542 3277.78853
v -15510.17235 4829.83542 3279.52058
v -15509.17235 4829.83542 3281.25263
v -15507.17235 4829.83542 3281.25263
v -15506.17235 -4829.83542 3526.40678
v -15507.17235 -4829.83542 3524.67473
v -15509.17235 -4829.83542 3524.67473
v -15510.17235 -4829.83542 3526.40678
v -15509.17235 -4829.83542 3528.13883
v -15507.17235 -4829.83542 3528.13883
v -15506.17235 4829.83542 3526.40678
v -15507.17235 4829.83542 3524.67473
v -15509.17235 4829.83542 3524.67473
v -15510.17235 4829.83542 3526.40678
v -15509.17235 4829.83542 3528.13883
v -15507.17235 4829.83542 3528.13883
v -15506.17235 -4829.83542 3773.29298
v -15507.17235 -4829.83542 3771.56093
v -15509.17235 -4829.83542 3771.56093
v -15510.17235 -4829.83542 3773.29298
v -15509.17235 -4829.83542 3775.02503
v -15507.17235 -4829.83542 3775.02503
v -15506.17235 4829.83542 3773.29298
v -15507.17235 4829.83542 3771.56093
v -15509.17235 4829.83542 3771.56093
v -15510.17235 4829.83542 3773.29298
v -15509.17235 4829.83542 3775.02503
v -15507.17235 4829.83542 3775.02503
v -15506.17235 -4829.83542 4020.17918
v -15507.17235 -4829.83542 4018.44713
v -15509.17235 -4829.83542 4018.44713
v -15510.17235 -4829.83542 4020.17918
v -15509.17235 -4829.83542 4021.91123
v -15507.17235 -4829.83542 4021.91123
v -15506.17235 4829.83542 4020.17918
v -15507.17235 4829.83542 4018.44713
v -15509.17235 4829.83542 4018.44713
v -15510.17235 4829.83542 4020.17918
v -15509.17235 4829.83542 4021.91123
v -15507.17235 4829.83542 4021.91123
v -15506.17235 -4829.83542 4267.06538
v -15507.17235 -4829.83542 4265.33333
v -15509.17235 -4829.83542 4265.33333
v -15510.17235 -4829.83542 4267.06538
v -15509.17235 -4829.83542 4268.79743
v -15507.17235 -4829.83542 4268.79743
v -15506.17235 4829.83542 4267.06538
v -15507.17235 4829.83542 4265.33333
v -15509.17235 4829.83542 4265.33333
v -15510.17235 4829.83542 4267.06538
v -15509.17235 4829.83542 4268.79743
v -15507.17235 4829.83542 4268.79743
v -15506.17235 -4829.83542 4513.95158
v -15507.17235 -4829.83542 4512.21953
v -15509.17235 -4829.83542 4512.21953
v -15510.17235 -4829.83542 4513.95158
v -15509.17235 -4829.83542 4515.68363
v -15507.17235 -4829.83542 4515.68363
v -15506.17235 4829.83542 4513.95158
v -15507.17235 4829.83542 4512.21953
v -15509.17235 4829.83542 4512.21953
v -15510.17235 4829.83542 4513.95158
v -15509.17235 4829.83542 4515.68363
v -15507.17235 4829.83542 4515.68363
v -15506.17235 -4829.83542 4760.83777
v -15507.17235 -4829.83542 4759.10572
v -15509.17235 -4829.83542 4759.10572
v -15510.17235 -4829.83542 4760.83777
v -15509.17235 -4829.83542 4762.56983
v -15507.17235 -4829.83542 4762.56983
v -15506.17235 4829.83542 4760.83777
v -15507.17235 4829.83542 4759.10572
v -15509.17235 4829.83542 4759.10572
v -15510.17235 4829.83542 4760.83777
v -15509.17235 4829.83542 4762.56983
v -15507.17235 4829.83542 4762.56983
v -15510.17235 4829.83542 70.00000
v -15509.17235 4828.10337 70.00000
v -15507.17235 4828.10337 70.00000
v -15506.17235 4829.83542 70.00000
v -15507.17235 4831.56747 70.00000
v -15509.17235 4831.56747 70.00000
v -15510.17235 4829.83542 4760.83777
v -15509.17235 4828.10337 4760.83777
v -15507.17235 4828.10337 4760.83777
v -15506.17235 4829.83542 4760.83777
v -15507.17235 4831.56747 4760.83777
v -15509.17235 4831.56747 4760.83777
v -15260.04053 4829.83542 70.00000
v -15259.04053 4828.10337 70.00000
v -15257.04053 4828.10337 70.00000
v -15256.04053 4829.83542 70.00000
v -15257.04053 4831.56747 70.00000
v -15259.04053 4831.56747 70.00000
v -15260.04053 4829.83542 4760.83777
v -15259.04053 4828.10337 4760.83777
v -15257.04053 4828.10337 4760.83777
v -15256.04053 4829.83542 4760.83777
v -15257.04053 4831.56747 4760.83777
v -15259.04053 4831.56747 4760.83777
v -15009.90872 4829.83542 70.00000
v -15008.90872 4828.10337 70.00000
v -15006.90872 4828.10337 70.00000
v -15005.90872 4829.83542 70.00000
v -15006.90872 4831.56747 70.00000
v -15008.90872 4831.56747 70.00000
v -15009.90872 4829.83542 4760.83777
v -15008.90872 4828.10337 4760.83777
v -15006.90872 4828.10337 4760.83777
v -15005.90872 4829.83542 4760.83777
v -15006.90872 4831.56747 4760.83777
v -15008.90872 4831.56747 4760.83777
v -14759.77691 4829.83542 70.00000
v -14758.77691 4828.10337 70.00000
v -14756.77691 4828.10337 70.00000
v -14755.77691 4829.83542 70.00000
v -14756.77691 4831.56747 70.00000
v -14758.77691 4831.56747 70.00000
v -14759.77691 4829.83542 4760.83777
v -14758.77691 4828.10337 4760.83777
v -14756.77691 4828.10337 4760.83777
v -14755.77691 4829.83542 4760.83777
v -14756.77691 4831.56747 4760.83777
v -14758.77691 4831.56747 4760.83777
v -14509.64510 4829.83542 70.00000
v -14508.64510 4828.10337 70.00000
v -14506.64510 4828.10337 70.00000
v -14505.64510 4829.83542 70.00000
v -14506.64510 4831.56747 70.00000
v -14508.64510 4831.56747 70.00000
v -14509.64510 4829.83542 4760.83777
v -14508.64510 4828.10337 4760.83777
v -14506.64510 4828.10337 4760.83777
v -14505.64510 4829.83542 4760.83777
v -14506.64510 4831.56747 4760.83777
v -14508.64510 4831.56747 4760.83777
v -14259.51329 4829.83542 70.00000
v -14258.51329 4828.10337 70.00000
v -14256.51329 4828.10337 70.00000
v -14255.51329 4829.83542 70.00000
v -14256.51329 4831.56747 70.00000
v -14258.51329 4831.56747 70.00000
v -14259.51329 4829.83542 4760.83777
v -14258.51329 4828.10337 4760.83777
v -14256.51329 4828.10337 4760.83777
v -14255.51329 4829.83542 4760.83777
v -14256.51329 4831.56747 4760.83777
v -14258.51329 4831.56747 4760.83777
v -14009.38147 4829.83542 70.00000
v -14008.38147 4828.10337 70.00000
v -14006.38147 4828.10337 70.00000
v -14005.38147 4829.83542 70.00000
v -14006.38147 4831.56747 70.00000
v -14008.38147 4831.56747 70.00000
v -14009.38147 4829.83542 4760.83777
v -14008.38147 4828.10337 4760.83777
v -14006.38147 4828.10337 4760.83777
v -14005.38147 4829.83542 4760.83777
v -14006.38147 4831.56747 4760.83777
v -14008.38147 4831.56747 4760.83777
v -13759.24966 4829.83542 70.00000
v -13758.24966 4828.10337 70.00000
v -13756.24966 4828.10337 70.00000
v -13755.24966 4829.83542 70.00000
v -13756.24966 4831.56747 70.00000
v -13758.24966 4831.56747 70.00000
v -13759.24966 4829.83542 4760.83777
v -13758.24966 4828.10337 4760.83777
v -13756.24966 4828.10337 4760.83777
v -13755.24966 4829.83542 4760.83777
v -13756.24966 4831.56747 4760.83777
v -13758.24966 4831.56747 4760.83777
v -13509.11785 4829.83542 70.00000
v -13508.11785 4828.10337 70.00000
v -13506.11785 4828.10337 70.00000
v -13505.11785 4829.83542 70.00000
v -13506.11785 4831.56747 70.00000
v -13508.11785 4831.56747 70.00000
v -13509.11785 4829.83542 4760.83777
v -13508.11785 4828.10337 4760.83777
v -13506.11785 4828.10337 4760.83777
v -13505.11785 4829.83542 4760.83777
v -13506.11785 4831.56747 4760.83777
v -13508.11785 4831.56747 4760.83777
v -13258.98604 4829.83542 70.00000
v -13257.98604 4828.10337 70.00000
v -13255.98604 4828.10337 70.00000
v -13254.98604 4829.83542 70.00000
v -13255.98604 4831.56747 70.00000
v -13257.98604 4831.56747 70.00000
v -13258.98604 4829.83542 4760.83777
v -13257.98604 4828.10337 4760.83777
v -13255.98604 4828.10337 4760.83777
v -13254.98604 4829.83542 4760.83777
v -13255.98604 4831.56747 4760.83777
v -13257.98604 4831.56747 4760.83777
v -13008.85423 4829.83542 70.00000
v -13007.85423 4828.10337 70.00000
v -13005.85423 4828.10337 70.00000
v -13004.85423 4829.83542 70.00000
v -13005.85423 4831.56747 70.00000
v -13007.85423 4831.56747 70.00000
v -13008.85423 4829.83542 4760.83777
v -13007.85423 4828.10337 4760.83777
v -13005.85423 4828.10337 4760.83777
v -13004.85423 4829.83542 4760.83777
v -13005.85423 4831.56747 4760.83777
v -13007.85423 4831.56747 4760.83777
v -12758.72241 4829.83542 70.00000
v -12757.72241 4828.10337 70.00000
v -12755.72241 4828.10337 70.00000
v -12754.72241 4829.83542 70.00000
v -12755.72241 4831.56747 70.00000
v -12757.72241 4831.56747 70.00000
v -12758.72241 4829.83542 4760.83777
v -12757.72241 4828.10337 4760.83777
v -12755.72241 4828.10337 4760.83777
v -12754.72241 4829.83542 4760.83777
v -12755.72241 4831.56747 4760.83777
v -12757.72241 4831.56747 4760.83777
v -12508.59060 4829.83542 70.00000
v -12507.59060 4828.10337 70.00000
v -12505.59060 4828.10337 70.00000
v -12504.59060 4829.83542 70.00000
v -12505.59060 4831.56747 70.00000
v -12507.59060 4831.56747 70.00000
v -12508.59060 4829.83542 4760.83777
v -12507.59060 4828.10337 4760.83777
v -12505.59060 4828.10337 4760.83777
v -12504.59060 4829.83542 4760.83777
v -12505.59060 4831.56747 4760.83777
v -12507.59060 4831.56747 4760.83777
v -12258.45879 4829.83542 70.00000
v -12257.45879 4828.10337 70.00000
v -12255.45879 4828.10337 70.00000
v -12254.45879 4829.83542 70.00000
v -12255.45879 4831.56747 70.00000
v -12257.45879 4831.56747 70.00000
v -12258.45879 4829.83542 4760.83777
v -12257.45879 4828.10337 4760.83777
v -12255.45879 4828.10337 4760.83777
v -12254.45879 4829.83542 4760.83777
v -12255.45879 4831.56747 4760.83777
v -12257.45879 4831.56747 4760.83777
v -12008.32698 4829.83542 70.00000
v -12007.32698 4828.10337 70.00000
v -12005.32698 4828.10337 70.00000
v -12004.32698 4829.83542 70.00000
v -12005.32698 4831.56747 70.00000
v -12007.32698 4831.56747 70.00000
v -12008.32698 4829.83542 4760.83777
v -12007.32698 4828.10337 4760.83777
v -12005.32698 4828.10337 4760.83777
v -12004.32698 4829.83542 4760.83777
v -12005.32698 4831.56747 4760.83777
v -12007.32698 4831.56747 4760.83777
v -11758.19517 4829.83542 70.00000
v -11757.19517 4828.10337 70.00000
v -11755.19517 4828.10337 70.00000
v -11754.19517 4829.83542 70.00000
v -11755.19517 4831.56747 70.00000
v -11757.19517 4831.56747 70.00000
v -11758.19517 4829.83542 4760.83777
v -11757.19517 4828.10337 4760.83777
v -11755.19517 4828.10337 4760.83777
v -11754.19517 4829.83542 4760.83777
v -11755.19517 4831.56747 4760.83777
v -11757.19517 4831.56747 4760.83777
v -11508.06335 4829.83542 70.00000
v -11507.06335 4828.10337 70.00000
v -11505.06335 4828.10337 70.00000
v -11504.06335 4829.83542 70.00000
v -11505.06335 4831.56747 70.00000
v -11507.06335 4831.56747 70.00000
v -11508.06335 4829.83542 4760.83777
v -11507.06335 4828.10337 4760.83777
v -11505.06335 4828.10337 4760.83777
v -11504.06335 4829.83542 4760.83777
v -11505.06335 4831.56747 4760.83777
v -11507.06335 4831.56747 4760.83777
v -11257.93154 4829.83542 70.00000
v -11256.93154 4828.10337 70.00000
v -11254.93154 4828.10337 70.00000
v -11253.93154 4829.83542 70.00000
v -11254.93154 4831.56747 70.00000
v -11256.93154 4831.56747 70.00000
v -11257.93154 4829.83542 4760.83777
v -11256.93154 4828.10337 4760.83777
v -11254.93154 4828.10337 4760.83777
v -11253.93154 4829.83542 4760.83777
v -11254.93154 4831.56747 4760.83777
v -11256.93154 4831.56747 4760.83777
v -11007.79973 4829.83542 70.00000
v -11006.79973 4828.10337 70.00000
v -11004.79973 4828.10337 70.00000
v -11003.79973 4829.83542 70.00000
v -11004.79973 4831.56747 70.00000
v -11006.79973 4831.56747 70.00000
v -11007.79973 4829.83542 4760.83777
v -11006.79973 4828.10337 4760.83777
v -11004.79973 4828.10337 4760.83777
v -11003.79973 4829.83542 4760.83777
v -11004.79973 4831.56747 4760.83777
v -11006.79973 4831.56747 4760.83777
v -10757.66792 4829.83542 70.00000
v -10756.66792 4828.10337 70.00000
v -10754.66792 4828.10337 70.00000
v -10753.66792 4829.83542 70.00000
v -10754.66792 4831.56747 70.00000
v -10756.66792 4831.56747 70.00000
v -10757.66792 4829.83542 4760.83777
v -10756.66792 4828.10337 4760.83777
v -10754.66792 4828.10337 4760.83777
v -10753.66792 4829.83542 4760.83777
v -10754.66792 4831.56747 4760.83777
v -10756.66792 4831.56747 4760.83777
v -10507.53611 4829.83542 70.00000
v -10506.53611 4828.10337 70.00000
v -10504.53611 4828.10337 70.00000
v -10503.53611 4829.83542 70.00000
v -10504.53611 4831.56747 70.00000
v -10506.53611 4831.56747 70.00000
v -10507.53611 4829.83542 4760.83777
v -10506.53611 4828.10337 4760.83777
v -10504.53611 4828.10337 4760.83777
v -10503.53611 4829.83542 4760.83777
v -10504.53611 4831.56747 4760.83777
v -10506.53611 4831.56747 4760.83777
v -10257.40429 4829.83542 70.00000
v -10256.40429 4828.10337 70.00000
v -10254.40429 4828.10337 70.00000
v -10253.40429 4829.83542 70.00000
v -10254.40429 4831.56747 70.00000
v -10256.40429 4831.56747 70.00000
v -10257.40429 4829.83542 4760.83777
v -10256.40429 4828.10337 4760.83777
v -10254.40429 4828.10337 4760.83777
v -10253.40429 4829.83542 4760.83777
v -10254.40429 4831.56747 4760.83777
v -10256.40429 4831.56747 4760.83777
v -10007.27248 4829.83542 70.00000
v -10006.27248 4828.10337 70.00000
v -10004.27248 4828.10337 70.00000
v -10003.27248 4829.83542 70.00000
v -10004.27248 4831.56747 70.00000
v -10006.27248 4831.56747 70.00000
v -10007.27248 4829.83542 4760.83777
v -10006.27248 4828.10337 4760.83777
v -10004.27248 4828.10337 4760.83777
v -10003.27248 4829.83542 4760.83777
v -10004.27248 4831.56747 4760.83777
v -10006.27248 4831.56747 4760.83777
v -9757.14067 4829.83542 70.00000
v -9756.14067 4828.10337 70.00000
v -9754.14067 4828.10337 70.00000
v -9753.14067 4829.83542 70.00000
v -9754.14067 4831.56747 70.00000
v -9756.14067 4831.56747 70.00000
v -9757.14067 4829.83542 4760.83777
v -9756.14067 4828.10337 4760.83777
v -9754.14067 4828.10337 4760.83777
v -9753.14067 4829.83542 4760.83777
v -9754.14067 4831.56747 4760.83777
v -9756.14067 4831.56747 4760.83777
v -9507.00886 4829.83542 70.00000
v -9506.00886 4828.10337 70.00000
v -9504.00886 4828.10337 70.00000
v -9503.00886 4829.83542 70.00000
v -9504.00886 4831.56747 70.00000
v -9506.00886 4831.56747 70.00000
v -9507.00886 4829.83542 4760.83777
v -9506.00886 4828.10337 4760.83777
v -9504.00886 4828.10337 4760.83777
v -9503.00886 4829.83542 4760.83777
v -9504.00886 4831.56747 4760.83777
v -9506.00886 4831.56747 4760.83777
v -9256.87705 4829.83542 70.00000
v -9255.87705 4828.10337 70.00000
v -9253.87705 4828.10337 70.00000
v -9252.87705 4829.83542 70.00000
v -9253.87705 4831.56747 70.00000
v -9255.87705 4831.56747 70.00000
v -9256.87705 4829.83542 4760.83777
v -9255.87705 4828.10337 4760.83777
v -9253.87705 4828.10337 4760.83777
v -9252.87705 4829.83542 4760.83777
v -9253.87705 4831.56747 4760.83777
v -9255.87705 4831.56747 4760.83777
v -9006.74523 4829.83542 70.00000
v -9005.74523 4828.10337 70.00000
v -9003.74523 4828.10337 70.00000
v -9002.74523 4829.83542 70.00000
v -9003.74523 4831.56747 70.00000
v -9005.74523 4831.56747 70.00000
v -9006.74523 4829.83542 4760.83777
v -9005.74523 4828.10337 4760.83777
v -9003.74523 4828.10337 4760.83777
v -9002.74523 4829.83542 4760.83777
v -9003.74523 4831.56747 4760.83777
v -9005.74523 4831.56747 4760.83777
v -8756.61342 4829.83542 70.00000
v -8755.61342 4828.10337 70.00000
v -8753.61342 4828.10337 70.00000
v -8752.61342 4829.83542 70.00000
v -8753.61342 4831.56747 70.00000
v -8755.61342 4831.56747 70.00000
v -8756.61342 4829.83542 4760.83777
v -8755.61342 4828.10337 4760.83777
v -8753.61342 4828.10337 4760.83777
v -8752.61342 4829.83542 4760.83777
v -8753.61342 4831.56747 4760.83777
v -8755.61342 4831.56747 4760.83777
v -8506.48161 4829.83542 70.00000
v -8505.48161 4828.10337 70.00000
v -8503.48161 4828.10337 70.00000
v -8502.48161 4829.83542 70.00000
v -8503.48161 4831.56747 70.00000
v -8505.48161 4831.56747 70.00000
v -8506.48161 4829.83542 4760.83777
v -8505.48161 4828.10337 4760.83777
v -8503.48161 4828.10337 4760.83777
v -8502.48161 4829.83542 4760.83777
v -8503.48161 4831.56747 4760.83777
v -8505.48161 4831.56747 4760.83777
v -8256.34980 4829.83542 70.00000
v -8255.34980 4828.10337 70.00000
v -8253.34980 4828.10337 70.00000
v -8252.34980 4829.83542 70.00000
v -8253.34980 4831.56747 70.00000
v -8255.34980 4831.56747 70.00000
v -8256.34980 4829.83542 4760.83777
v -8255.34980 4828.10337 4760.83777
v -8253.34980 4828.10337 4760.83777
v -8252.34980 4829.83542 4760.83777
v -8253.34980 4831.56747 4760.83777
v -8255.34980 4831.56747 4760.83777
v -8006.21799 4829.83542 70.00000
v -8005.21799 4828.10337 70.00000
v -8003.21799 4828.10337 70.00000
v -8002.21799 4829.83542 70.00000
v -8003.21799 4831.56747 70.00000
v -8005.21799 4831.56747 70.00000
v -8006.21799 4829.83542 4760.83777
v -8005.21799 4828.10337 4760.83777
v -8003.21799 4828.10337 4760.83777
v -8002.21799 4829.83542 4760.83777
v -8003.21799 4831.56747 4760.83777
v -8005.21799 4831.56747 4760.83777
v -7756.08617 4829.83542 70.00000
v -7755.08617 4828.10337 70.00000
v -7753.08617 4828.10337 70.00000
v -7752.08617 4829.83542 70.00000
v -7753.08617 4831.56747 70.00000
v -7755.08617 4831.56747 70.00000
v -7756.08617 4829.83542 4760.83777
v -7755.08617 4828.10337 4760.83777
v -7753.08617 4828.10337 4760.83777
v -7752.08617 4829.83542 4760.83777
v -7753.08617 4831.56747 4760.83777
v -7755.08617 4831.56747 4760.83777
v -7505.95436 4829.83542 70.00000
v -7504.95436 4828.10337 70.00000
v -7502.95436 4828.10337 70.00000
v -7501.95436 4829.83542 70.00000
v -7502.95436 4831.56747 70.00000
v -7504.95436 4831.56747 70.00000
v -7505.95436 4829.83542 4760.83777
v -7504.95436 4828.10337 4760.83777
v -7502.95436 4828.10337 4760.83777
v -7501.95436 4829.83542 4760.83777
v -7502.95436 4831.56747 4760.83777
v -7504.95436 4831.56747 4760.83777
v -7255.82255 4829.83542 70.00000
v -7254.82255 4828.10337 70.00000
v -7252.82255 4828.10337 70.00000
v -7251.82255 4829.83542 70.00000
v -7252.82255 4831.56747 70.00000
v -7254.82255 4831.56747 70.00000
v -7255.82255 4829.83542 4760.83777
v -7254.82255 4828.10337 4760.83777
v -7252.82255 4828.10337 4760.83777
v -7251.82255 4829.83542 4760.83777
v -7252.82255 4831.56747 4760.83777
v -7254.82255 4831.56747 4760.83777
v -7005.69074 4829.83542 70.00000
v -7004.69074 4828.10337 70.00000
v -7002.69074 4828.10337 70.00000
v -7001.69074 4829.83542 70.00000
v -7002.69074 4831.56747 70.00000
v -7004.69074 4831.56747 70.00000
v -7005.69074 4829.83542 4760.83777
v -7004.69074 4828.10337 4760.83777
v -7002.69074 4828.10337 4760.83777
v -7001.69074 4829.83542 4760.83777
v -7002.69074 4831.56747 4760.83777
v -7004.69074 4831.56747 4760.83777
v -6755.55893 4829.83542 70.00000
v -6754.55893 4828.10337 70.00000
v -6752.55893 4828.10337 70.00000
v -6751.55893 4829.83542 70.00000
v -6752.55893 4831.56747 70.00000
v -6754.55893 4831.56747 70.00000
v -6755.55893 4829.83542 4760.83777
v -6754.55893 4828.10337 4760.83777
v -6752.55893 4828.10337 4760.83777
v -6751.55893 4829.83542 4760.83777
v -6752.55893 4831.56747 4760.83777
v -6754.55893 4831.56747 4760.83777
v -6505.42711 4829.83542 70.00000
v -6504.42711 4828.10337 70.00000
v -6502.42711 4828.10337 70.00000
v -6501.42711 4829.83542 70.00000
v -6502.42711 4831.56747 70.00000
v -6504.42711 4831.56747 70.00000
v -6505.42711 4829.83542 4760.83777
v -6504.42711 4828.10337 4760.83777
v -6502.42711 4828.10337 4760.83777
v -6501.42711 4829.83542 4760.83777
v -6502.42711 4831.56747 4760.83777
v -6504.42711 4831.56747 4760.83777
v -6255.29530 4829.83542 70.00000
v -6254.29530 4828.10337 70.00000
v -6252.29530 4828.10337 70.00000
v -6251.29530 4829.83542 70.00000
v -6252.29530 4831.56747 70.00000
v -6254.29530 4831.56747 70.00000
v -6255.29530 4829.83542 4760.83777
v -6254.29530 4828.10337 4760.83777
v -6252.29530 4828.10337 4760.83777
v -6251.29530 4829.83542 4760.83777
v -6252.29530 4831.56747 4760.83777
v -6254.29530 4831.56747 4760.83777
v -6005.16349 4829.83542 70.00000
v -6004.16349 4828.10337 70.00000
v -6002.16349 4828.10337 70.00000
v -6001.16349 4829.83542 70.00000
v -6002.16349 4831.56747 70.00000
v -6004.16349 4831.56747 70.00000
v -6005.16349 4829.83542 4760.83777
v -6004.16349 4828.10337 4760.83777
v -6002.16349 4828.10337 4760.83777
v -6001.16349 4829.83542 4760.83777
v -6002.16349 4831.56747 4760.83777
v -6004.16349 4831.56747 4760.83777
v -5755.03168 4829.83542 70.00000
v -5754.03168 4828.10337 70.00000
v -5752.03168 4828.10337 70.00000
v -5751.03168 4829.83542 70.00000
v -5752.03168 4831.56747 70.00000
v -5754.03168 4831.56747 70.00000
v -5755.03168 4829.83542 4760.83777
v -5754.03168 4828.10337 4760.83777
v -5752.03168 4828.10337 4760.83777
v -5751.03168 4829.83542 4760.83777
v -5752.03168 4831.56747 4760.83777
v -5754.03168 4831.56747 4760.83777
v -5504.89986 4829.83542 70.00000
v -5503.89986 4828.10337 70.00000
v -5501.89986 4828.10337 70.00000
v -5500.89986 4829.83542 70.00000
v -5501.89986 4831.56747 70.00000
v -5503.89986 4831.56747 70.00000
v -5504.89986 4829.83542 4760.83777
v -5503.89986 4828.10337 4760.83777
v -5501.89986 4828.10337 4760.83777
v -5500.89986 4829.83542 4760.83777
v -5501.89986 4831.56747 4760.83777
v -5503.89986 4831.56747 4760.83777
v -5254.76805 4829.83542 70.00000
v -5253.76805 4828.10337 70.00000
v -5251.76805 4828.10337 70.00000
v -5250.76805 4829.83542 70.00000
v -5251.76805 4831.56747 70.00000
v -5253.76805 4831.56747 70.00000
v -5254.76805 4829.83542 4760.83777
v -5253.76805 4828.10337 4760.83777
v -5251.76805 4828.10337 4760.83777
v -5250.76805 4829.83542 4760.83777
v -5251.76805 4831.56747 4760.83777
v -5253.76805 4831.56747 4760.83777
v -5004.63624 4829.83542 70.00000
v -5003.63624 4828.10337 70.00000
v -5001.63624 4828.10337 70.00000
v -5000.63624 4829.83542 70.00000
v -5001.63624 4831.56747 70.00000
v -5003.63624 4831.56747 70.00000
v -5004.63624 4829.83542 4760.83777
v -5003.63624 4828.10337 4760.83777
v -5001.63624 4828.10337 4760.83777
v -5000.63624 4829.83542 4760.83777
v -5001.63624 4831.56747 4760.83777
v -5003.63624 4831.56747 4760.83777
v -4754.50443 4829.83542 70.00000
v -4753.50443 4828.10337 70.00000
v -4751.50443 4828.10337 70.00000
v -4750.50443 4829.83542 70.00000
v -4751.50443 4831.56747 70.00000
v -4753.50443 4831.56747 70.00000
v -4754.50443 4829.83542 4760.83777
v -4753.50443 4828.10337 4760.83777
v -4751.50443 4828.10337 4760.83777
v -4750.50443 4829.83542 4760.83777
v -4751.50443 4831.56747 4760.83777
v -4753.50443 4831.56747 4760.83777
v -4504.37262 4829.83542 70.00000
v -4503.37262 4828.10337 70.00000
v -4501.37262 4828.10337 70.00000
v -4500.37262 4829.83542 70.00000
v -4501.37262 4831.56747 70.00000
v -4503.37262 4831.56747 70.00000
v -4504.37262 4829.83542 4760.83777
v -4503.37262 4828.10337 4760.83777
v -4501.37262 4828.10337 4760.83777
v -4500.37262 4829.83542 4760.83777
v -4501.37262 4831.56747 4760.83777
v -4503.37262 4831.56747 4760.83777
v -4254.24080 4829.83542 70.00000
v -4253.24080 4828.10337 70.00000
v -4251.24080 4828.10337 70.00000
v -4250.24080 4829.83542 70.00000
v -4251.24080 4831.56747 70.00000
v -4253.24080 4831.56747 70.00000
v -4254.24080 4829.83542 4760.83777
v -4253.24080 4828.10337 4760.83777
v -4251.24080 4828.10337 4760.83777
v -4250.24080 4829.83542 4760.83777
v -4251.24080 4831.56747 4760.83777
v -4253.24080 4831.56747 4760.83777
v -4004.10899 4829.83542 70.00000
v -4003.10899 4828.10337 70.00000
v -4001.10899 4828.10337 70.00000
v -4000.10899 4829.83542 70.00000
v -4001.10899 4831.56747 70.00000
v -4003.10899 4831.56747 70.00000
v -4004.10899 4829.83542 4760.83777
v -4003.10899 4828.10337 4760.83777
v -4001.10899 4828.10337 4760.83777
v -4000.10899 4829.83542 4760.83777
v -4001.10899 4831.56747 4760.83777
v -4003.10899 4831.56747 4760.83777
v -3753.97718 4829.83542 70.00000
v -3752.97718 4828.10337 70.00000
v -3750.97718 4828.10337 70.00000
v -3749.97718 4829.83542 70.00000
v -3750.97718 4831.56747 70.00000
v -3752.97718 4831.56747 70.00000
v -3753.97718 4829.83542 4760.83777
v -3752.97718 4828.10337 4760.83777
v -3750.97718 4828.10337 4760.83777
v -3749.97718 4829.83542 4760.83777
v -3750.97718 4831.56747 4760.83777
v -3752.97718 4831.56747 4760.83777
v -3503.84537 4829.83542 70.00000
v -3502.84537 4828.10337 70.00000
v -3500.84537 4828.10337 70.00000
v -3499.84537 4829.83542 70.00000
v -3500.84537 4831.56747 70.00000
v -3502.84537 4831.56747 70.00000
v -3503.84537 4829.83542 4760.83777
v -3502.84537 4828.10337 4760.83777
v -3500.84537 4828.10337 4760.83777
v -3499.84537 4829.83542 4760.83777
v -3500.84537 4831.56747 4760.83777
v -3502.84537 4831.56747 4760.83777
v -3253.71356 4829.83542 70.00000
v -3252.71356 4828.10337 70.00000
v -3250.71356 4828.10337 70.00000
v -3249.71356 4829.83542 70.00000
v -3250.71356 4831.56747 70.00000
v -3252.71356 4831.56747 70.00000
v -3253.71356 4829.83542 4760.83777
v -3252.71356 4828.10337 4760.83777
v -3250.71356 4828.10337 4760.83777
v -3249.71356 4829.83542 4760.83777
v -3250.71356 4831.56747 4760.83777
v -3252.71356 4831.56747 4760.83777
v -3003.58174 4829.83542 70.00000
v -3002.58174 4828.10337 70.00000
v -3000.58174 4828.10337 70.00000
v -2999.58174 4829.83542 70.00000
v -3000.58174 4831.56747 70.00000
v -3002.58174 4831.56747 70.00000
v -3003.58174 4829.83542 4760.83777
v -3002.58174 4828.10337 4760.83777
v -3000.58174 4828.10337 4760.83777
v -2999.58174 4829.83542 4760.83777
v -3000.58174 4831.56747 4760.83777
v -3002.58174 4831.56747 4760.83777
v -2753.44993 4829.83542 70.00000
v -2752.44993 4828.10337 70.00000
v -2750.44993 4828.10337 70.00000
v -2749.44993 4829.83542 70.00000
v -2750.44993 4831.56747 70.00000
v -2752.44993 4831.56747 70.00000
v -2753.44993 4829.83542 4760.83777
v -2752.44993 4828.10337 4760.83777
v -2750.44993 4828.10337 4760.83777
v -2749.44993 4829.83542 4760.83777
v -2750.44993 4831.56747 4760.83777
v -2752.44993 4831.56747 4760.83777
v -2503.31812 4829.83542 70.00000
v -2502.31812 4828.10337 70.00000
v -2500.31812 4828.10337 70.00000
v -2499.31812 4829.83542 70.00000
v -2500.31812 4831.56747 70.00000
v -2502.31812 4831.56747 70.00000
v -2503.31812 4829.83542 4760.83777
v -2502.31812 4828.10337 4760.83777
v -2500.31812 4828.10337 4760.83777
v -2499.31812 4829.83542 4760.83777
v -2500.31812 4831.56747 4760.83777
v -2502.31812 4831.56747 4760.83777
v -2253.18631 4829.83542 70.00000
v -2252.18631 4828.10337 70.00000
v -2250.18631 4828.10337 70.00000
v -2249.18631 4829.83542 70.00000
v -2250.18631 4831.56747 70.00000
v -2252.18631 4831.56747 70.00000
v -2253.18631 4829.83542 4760.83777
v -2252.18631 4828.10337 4760.83777
v -2250.18631 4828.10337 4760.83777
v -2249.18631 4829.83542 4760.83777
v -2250.18631 4831.56747 4760.83777
v -2252.18631 4831.56747 4760.83777
v -2003.05450 4829.83542 70.00000
v -2002.05450 4828.10337 70.00000
v -2000.05450 4828.10337 70.00000
v -1999.05450 4829.83542 70.00000
v -2000.05450 4831.56747 70.00000
v -2002.05450 4831.56747 70.00000
v -2003.05450 4829.83542 4760.83777
v -2002.05450 4828.10337 4760.83777
v -2000.05450 4828.10337 4760.83777
v -1999.05450 4829.83542 4760.83777
v -2000.05450 4831.56747 4760.83777
v -2002.05450 4831.56747 4760.83777
v -1752.92268 4829.83542 70.00000
v -1751.92268 4828.10337 70.00000
v -1749.92268 4828.10337 70.00000
v -1748.92268 4829.83542 70.00000
v -1749.92268 4831.56747 70.00000
v -1751.92268 4831.56747 70.00000
v -1752.92268 4829.83542 4760.83777
v -1751.92268 4828.10337 4760.83777
v -1749.92268 4828.10337 4760.83777
v -1748.92268 4829.83542 4760.83777
v -1749.92268 4831.56747 4760.83777
v -1751.92268 4831.56747 4760.83777
v -1502.79087 4829.83542 70.00000
v -1501.79087 4828.10337 70.00000
v -1499.79087 4828.10337 70.00000
v -1498.79087 4829.83542 70.00000
v -1499.79087 4831.56747 70.00000
v -1501.79087 4831.56747 70.00000
v -1502.79087 4829.83542 4760.83777
v -1501.79087 4828.10337 4760.83777
v -1499.79087 4828.10337 4760.83777
v -1498.79087 4829.83542 4760.83777
v -1499.79087 4831.56747 4760.83777
v -1501.79087 4831.56747 4760.83777
v -1252.65906 4829.83542 70.00000
v -1251.65906 4828.10337 70.00000
v -1249.65906 4828.10337 70.00000
v -1248.65906 4829.83542 70.00000
v -1249.65906 4831.56747 70.00000
v -1251.65906 4831.56747 70.00000
v -1252.65906 4829.83542 4760.83777
v -1251.65906 4828.10337 4760.83777
v -1249.65906 4828.10337 4760.83777
v -1248.65906 4829.83542 4760.83777
v -1249.65906 4831.56747 4760.83777
v -1251.65906 4831.56747 4760.83777
v -1002.52725 4829.83542 70.00000
v -1001.52725 4828.10337 70.00000
v -999.52725 4828.10337 70.00000
v -998.52725 4829.83542 70.00000
v -999.52725 4831.56747 70.00000
v -1001.52725 4831.56747 70.00000
v -1002.52725 4829.83542 4760.83777
v -1001.52725 4828.10337 4760.83777
v -999.52725 4828.10337 4760.83777
v -998.52725 4829.83542 4760.83777
v -999.52725 4831.56747 4760.83777
v -1001.52725 4831.56747 4760.83777
v -752.39544 4829.83542 70.00000
v -751.39544 4828.10337 70.00000
v -749.39544 4828.10337 70.00000
v -748.39544 4829.83542 70.00000
v -749.39544 4831.56747 70.00000
v -751.39544 4831.56747 70.00000
v -752.39544 4829.83542 4760.83777
v -751.39544 4828.10337 4760.83777
v -749.39544 4828.10337 4760.83777
v -748.39544 4829.83542 4760.83777
v -749.39544 4831.56747 4760.83777
v -751.39544 4831.56747 4760.83777
v -502.26362 4829.83542 70.00000
v -501.26362 4828.10337 70.00000
v -499.26362 4828.10337 70.00000
v -498.26362 4829.83542 70.00000
v -499.26362 4831.56747 70.00000
v -501.26362 4831.56747 70.00000
v -502.26362 4829.83542 4760.83777
v -501.26362 4828.10337 4760.83777
v -499.26362 4828.10337 4760.83777
v -498.26362 4829.83542 4760.83777
v -499.26362 4831.56747 4760.83777
v -501.26362 4831.56747 4760.83777
v -252.13181 4829.83542 70.00000
v -251.13181 4828.10337 70.00000
v -249.13181 4828.10337 70.00000
v -248.13181 4829.83542 70.00000
v -249.13181 4831.56747 70.00000
v -251.13181 4831.56747 70.00000
v -252.13181 4829.83542 4760.83777
v -251.13181 4828.10337 4760.83777
v -249.13181 4828.10337 4760.83777
v -248.13181 4829.83542 4760.83777
v -249.13181 4831.56747 4760.83777
v -251.13181 4831.56747 4760.83777
v -2.00000 4829.83542 70.00000
v -1.00000 4828.10337 70.00000
v 1.00000 4828.10337 70.00000
v 2.00000 4829.83542 70.00000
v 1.00000 4831.56747 70.00000
v -1.00000 4831.56747 70.00000
v -2.00000 4829.83542 4760.83777
v -1.00000 4828.10337 4760.83777
v 1.00000 4828.10337 4760.83777
v 2.00000 4829.83542 4760.83777
v 1.00000 4831.56747 4760.83777
v -1.00000 4831.56747 4760.83777
v 248.13181 4829.83542 70.00000
v 249.13181 4828.10337 70.00000
v 251.13181 4828.10337 70.00000
v 252.13181 4829.83542 70.00000
v 251.13181 4831.56747 70.00000
v 249.13181 4831.56747 70.00000
v 248.13181 4829.83542 4760.83777
v 249.13181 4828.10337 4760.83777
v 251.13181 4828.10337 4760.83777
v 252.13181 4829.83542 4760.83777
v 251.13181 4831.56747 4760.83777
v 249.13181 4831.56747 4760.83777
v 498.26362 4829.83542 70.00000
v 499.26362 4828.10337 70.00000
v 501.26362 4828.10337 70.00000
v 502.26362 4829.83542 70.00000
v 501.26362 4831.56747 70.00000
v 499.26362 4831.56747 70.00000
v 498.26362 4829.83542 4760.83777
v 499.26362 4828.10337 4760.83777
v 501.26362 4828.10337 4760.83777
v 502.26362 4829.83542 4760.83777
v 501.26362 4831.56747 4760.83777
v 499.26362 4831.56747 4760.83777
v 748.39544 4829.83542 70.00000
v 749.39544 4828.10337 70.00000
v 751.39544 4828.10337 70.00000
v 752.39544 4829.83542 70.00000
v 751.39544 4831.56747 70.00000
v 749.39544 4831.56747 70.00000
v 748.39544 4829.83542 4760.83777
v 749.39544 4828.10337 4760.83777
v 751.39544 4828.10337 4760.83777
v 752.39544 4829.83542 4760.83777
v 751.39544 4831.56747 4760.83777
v 749.39544 4831.56747 4760.83777
v 998.52725 4829.83542 70.00000
v 999.52725 4828.10337 70.00000
v 1001.52725 4828.10337 70.00000
v 1002.52725 4829.83542 70.00000
v 1001.52725 4831.56747 70.00000
v 999.52725 4831.56747 70.00000
v 998.52725 4829.83542 4760.83777
v 999.52725 4828.10337 4760.83777
v 1001.52725 4828.10337 4760.83777
v 1002.52725 4829.83542 4760.83777
v 1001.52725 4831.56747 4760.83777
v 999.52725 4831.56747 4760.83777
v 1248.65906 4829.83542 70.00000
v 1249.65906 4828.10337 70.00000
v 1251.65906 4828.10337 70.00000
v 1252.65906 4829.83542 70.00000
v 1251.65906 4831.56747 70.00000
v 1249.65906 4831.56747 70.00000
v 1248.65906 4829.83542 4760.83777
v 1249.65906 4828.10337 4760.83777
v 1251.65906 4828.10337 4760.83777
v 1252.65906 4829.83542 4760.83777
v 1251.65906 4831.56747 4760.83777
v 1249.65906 4831.56747 4760.83777
v 1498.79087 4829.83542 70.00000
v 1499.79087 4828.10337 70.00000
v 1501.79087 4828.10337 70.00000
v 1502.79087 4829.83542 70.00000
v 1501.79087 4831.56747 70.00000
v 1499.79087 4831.56747 70.00000
v 1498.79087 4829.83542 4760.83777
v 1499.79087 4828.10337 4760.83777
v 1501.79087 4828.10337 4760.83777
v 1502.79087 4829.83542 4760.83777
v 1501.79087 4831.56747 4760.83777
v 1499.79087 4831.56747 4760.83777
v 1748.92268 4829.83542 70.00000
v 1749.92268 4828.10337 70.00000
v 1751.92268 4828.10337 70.00000
v 1752.92268 4829.83542 70.00000
v 1751.92268 4831.56747 70.00000
v 1749.92268 4831.56747 70.00000
v 1748.92268 4829.83542 4760.83777
v 1749.92268 4828.10337 4760.83777
v 1751.92268 4828.10337 4760.83777
v 1752.92268 4829.83542 4760.83777
v 1751.92268 4831.56747 4760.83777
v 1749.92268 4831.56747 4760.83777
v 1999.05450 4829.83542 70.00000
v 2000.05450 4828.10337 70.00000
v 2002.05450 4828.10337 70.00000
v 2003.05450 4829.83542 70.00000
v 2002.05450 4831.56747 70.00000
v 2000.05450 4831.56747 70.00000
v 1999.05450 4829.83542 4760.83777
v 2000.05450 4828.10337 4760.83777
v 2002.05450 4828.10337 4760.83777
v 2003.05450 4829.83542 4760.83777
v 2002.05450 4831.56747 4760.83777
v 2000.05450 4831.56747 4760.83777
v 2249.18631 4829.83542 70.00000
v 2250.18631 4828.10337 70.00000
v 2252.18631 4828.10337 70.00000
v 2253.18631 4829.83542 70.00000
v 2252.18631 4831.56747 70.00000
v 2250.18631 4831.56747 70.00000
v 2249.18631 4829.83542 4760.83777
v 2250.18631 4828.10337 4760.83777
v 2252.18631 4828.10337 4760.83777
v 2253.18631 4829.83542 4760.83777
v 2252.18631 4831.56747 4760.83777
v 2250.18631 4831.56747 4760.83777
v 2499.31812 4829.83542 70.00000
v 2500.31812 4828.10337 70.00000
v 2502.31812 4828.10337 70.00000
v 2503.31812 4829.83542 70.00000
v 2502.31812 4831.56747 70.00000
v 2500.31812 4831.56747 70.00000
v 2499.31812 4829.83542 4760.83777
v 2500.31812 4828.10337 4760.83777
v 2502.31812 4828.10337 4760.83777
v 2503.31812 4829.83542 4760.83777
v 2502.31812 4831.56747 4760.83777
v 2500.31812 4831.56747 4760.83777
v 2749.44993 4829.83542 70.00000
v 2750.44993 4828.10337 70.00000
v 2752.44993 4828.10337 70.00000
v 2753.44993 4829.83542 70.00000
v 2752.44993 4831.56747 70.00000
v 2750.44993 4831.56747 70.00000
v 2749.44993 4829.83542 4760.83777
v 2750.44993 4828.10337 4760.83777
v 2752.44993 4828.10337 4760.83777
v 2753.44993 4829.83542 4760.83777
v 2752.44993 4831.56747 4760.83777
v 2750.44993 4831.56747 4760.83777
v 2999.58174 4829.83542 70.00000
v 3000.58174 4828.10337 70.00000
v 3002.58174 4828.10337 70.00000
v 3003.58174 4829.83542 70.00000
v 3002.58174 4831.56747 70.00000
v 3000.58174 4831.56747 70.00000
v 2999.58174 4829.83542 4760.83777
v 3000.58174 4828.10337 4760.83777
v 3002.58174 4828.10337 4760.83777
v 3003.58174 4829.83542 4760.83777
v 3002.58174 4831.56747 4760.83777
v 3000.58174 4831.56747 4760.83777
v 3249.71356 4829.83542 70.00000
v 3250.71356 4828.10337 70.00000
v 3252.71356 4828.10337 70.00000
v 3253.71356 4829.83542 70.00000
v 3252.71356 4831.56747 70.00000
v 3250.71356 4831.56747 70.00000
v 3249.71356 4829.83542 4760.83777
v 3250.71356 4828.10337 4760.83777
v 3252.71356 4828.10337 4760.83777
v 3253.71356 4829.83542 4760.83777
v 3252.71356 4831.56747 4760.83777
v 3250.71356 4831.56747 4760.83777
v 3499.84537 4829.83542 70.00000
v 3500.84537 4828.10337 70.00000
v 3502.84537 4828.10337 70.00000
v 3503.84537 4829.83542 70.00000
v 3502.84537 4831.56747 70.00000
v 3500.84537 4831.56747 70.00000
v 3499.84537 4829.83542 4760.83777
v 3500.84537 4828.10337 4760.83777
v 3502.84537 4828.10337 4760.83777
v 3503.84537 4829.83542 4760.83777
v 3502.84537 4831.56747 4760.83777
v 3500.84537 4831.56747 4760.83777
v 3749.97718 4829.83542 70.00000
v 3750.97718 4828.10337 70.00000
v 3752.97718 4828.10337 70.00000
v 3753.97718 4829.83542 70.00000
v 3752.97718 4831.56747 70.00000
v 3750.97718 4831.56747 70.00000
v 3749.97718 4829.83542 4760.83777
v 3750.97718 4828.10337 4760.83777
v 3752.97718 4828.10337 4760.83777
v 3753.97718 4829.83542 4760.83777
v 3752.97718 4831.56747 4760.83777
v 3750.97718 4831.56747 4760.83777
v 4000.10899 4829.83542 70.00000
v 4001.10899 4828.10337 70.00000
v 4003.10899 4828.10337 70.00000
v 4004.10899 4829.83542 70.00000
v 4003.10899 4831.56747 70.00000
v 4001.10899 4831.56747 70.00000
v 4000.10899 4829.83542 4760.83777
v 4001.10899 4828.10337 4760.83777
v 4003.10899 4828.10337 4760.83777
v 4004.10899 4829.83542 4760.83777
v 4003.10899 4831.56747 4760.83777
v 4001.10899 4831.56747 4760.83777
v 4250.24080 4829.83542 70.00000
v 4251.24080 4828.10337 70.00000
v 4253.24080 4828.10337 70.00000
v 4254.24080 4829.83542 70.00000
v 4253.24080 4831.56747 70.00000
v 4251.24080 4831.56747 70.00000
v 4250.24080 4829.83542 4760.83777
v 4251.24080 4828.10337 4760.83777
v 4253.24080 4828.10337 4760.83777
v 4254.24080 4829.83542 4760.83777
v 4253.24080 4831.56747 4760.83777
v 4251.24080 4831.56747 4760.83777
v 4500.37262 4829.83542 70.00000
v 4501.37262 4828.10337 70.00000
v 4503.37262 4828.10337 70.00000
v 4504.37262 4829.83542 70.00000
v 4503.37262 4831.56747 70.00000
v 4501.37262 4831.56747 70.00000
v 4500.37262 4829.83542 4760.83777
v 4501.37262 4828.10337 4760.83777
v 4503.37262 4828.10337 4760.83777
v 4504.37262 4829.83542 4760.83777
v 4503.37262 4831.56747 4760.83777
v 4501.37262 4831.56747 4760.83777
v 4750.50443 4829.83542 70.00000
v 4751.50443 4828.10337 70.00000
v 4753.50443 4828.10337 70.00000
v 4754.50443 4829.83542 70.00000
v 4753.50443 4831.56747 70.00000
v 4751.50443 4831.56747 70.00000
v 4750.50443 4829.83542 4760.83777
v 4751.50443 4828.10337 4760.83777
v 4753.50443 4828.10337 4760.83777
v 4754.50443 4829.83542 4760.83777
v 4753.50443 4831.56747 4760.83777
v 4751.50443 4831.56747 4760.83777
v 5000.63624 4829.83542 70.00000
v 5001.63624 4828.10337 70.00000
v 5003.63624 4828.10337 70.00000
v 5004.63624 4829.83542 70.00000
v 5003.63624 4831.56747 70.00000
v 5001.63624 4831.56747 70.00000
v 5000.63624 4829.83542 4760.83777
v 5001.63624 4828.10337 4760.83777
v 5003.63624 4828.10337 4760.83777
v 5004.63624 4829.83542 4760.83777
v 5003.63624 4831.56747 4760.83777
v 5001.63624 4831.56747 4760.83777
v 5250.76805 4829.83542 70.00000
v 5251.76805 4828.10337 70.00000
v 5253.76805 4828.10337 70.00000
v 5254.76805 4829.83542 70.00000
v 5253.76805 4831.56747 70.00000
v 5251.76805 4831.56747 70.00000
v 5250.76805 4829.83542 4760.83777
v 5251.76805 4828.10337 4760.83777
v 5253.76805 4828.10337 4760.83777
v 5254.76805 4829.83542 4760.83777
v 5253.76805 4831.56747 4760.83777
v 5251.76805 4831.56747 4760.83777
v 5500.89986 4829.83542 70.00000
v 5501.89986 4828.10337 70.00000
v 5503.89986 4828.10337 70.00000
v 5504.89986 4829.83542 70.00000
v 5503.89986 4831.56747 70.00000
v 5501.89986 4831.56747 70.00000
v 5500.89986 4829.83542 4760.83777
v 5501.89986 4828.10337 4760.83777
v 5503.89986 4828.10337 4760.83777
v 5504.89986 4829.83542 4760.83777
v 5503.89986 4831.56747 4760.83777
v 5501.89986 4831.56747 4760.83777
v 5751.03168 4829.83542 70.00000
v 5752.03168 4828.10337 70.00000
v 5754.03168 4828.10337 70.00000
v 5755.03168 4829.83542 70.00000
v 5754.03168 4831.56747 70.00000
v 5752.03168 4831.56747 70.00000
v 5751.03168 4829.83542 4760.83777
v 5752.03168 4828.10337 4760.83777
v 5754.03168 4828.10337 4760.83777
v 5755.03168 4829.83542 4760.83777
v 5754.03168 4831.56747 4760.83777
v 5752.03168 4831.56747 4760.83777
v 6001.16349 4829.83542 70.00000
v 6002.16349 4828.10337 70.00000
v 6004.16349 4828.10337 70.00000
v 6005.16349 4829.83542 70.00000
v 6004.16349 4831.56747 70.00000
v 6002.16349 4831.56747 70.00000
v 6001.16349 4829.83542 4760.83777
v 6002.16349 4828.10337 4760.83777
v 6004.16349 4828.10337 4760.83777
v 6005.16349 4829.83542 4760.83777
v 6004.16349 4831.56747 4760.83777
v 6002.16349 4831.56747 4760.83777
v 6251.29530 4829.83542 70.00000
v 6252.29530 4828.10337 70.00000
v 6254.29530 4828.10337 70.00000
v 6255.29530 4829.83542 70.00000
v 6254.29530 4831.56747 70.00000
v 6252.29530 4831.56747 70.00000
v 6251.29530 4829.83542 4760.83777
v 6252.29530 4828.10337 4760.83777
v 6254.29530 4828.10337 4760.83777
v 6255.29530 4829.83542 4760.83777
v 6254.29530 4831.56747 4760.83777
v 6252.29530 4831.56747 4760.83777
v 6501.42711 4829.83542 70.00000
v 6502.42711 4828.10337 70.00000
v 6504.42711 4828.10337 70.00000
v 6505.42711 4829.83542 70.00000
v 6504.42711 4831.56747 70.00000
v 6502.42711 4831.56747 70.00000
v 6501.42711 4829.83542 4760.83777
v 6502.42711 4828.10337 4760.83777
v 6504.42711 4828.10337 4760.83777
v 6505.42711 4829.83542 4760.83777
v 6504.42711 4831.56747 4760.83777
v 6502.42711 4831.56747 4760.83777
v 6751.55893 4829.83542 70.00000
v 6752.55893 4828.10337 70.00000
v 6754.55893 4828.10337 70.00000
v 6755.55893 4829.83542 70.00000
v 6754.55893 4831.56747 70.00000
v 6752.55893 4831.56747 70.00000
v 6751.55893 4829.83542 4760.83777
v 6752.55893 4828.10337 4760.83777
v 6754.55893 4828.10337 4760.83777
v 6755.55893 4829.83542 4760.83777
v 6754.55893 4831.56747 4760.83777
v 6752.55893 4831.56747 4760.83777
v 7001.69074 4829.83542 70.00000
v 7002.69074 4828.10337 70.00000
v 7004.69074 4828.10337 70.00000
v 7005.69074 4829.83542 70.00000
v 7004.69074 4831.56747 70.00000
v 7002.69074 4831.56747 70.00000
v 7001.69074 4829.83542 4760.83777
v 7002.69074 4828.10337 4760.83777
v 7004.69074 4828.10337 4760.83777
v 7005.69074 4829.83542 4760.83777
v 7004.69074 4831.56747 4760.83777
v 7002.69074 4831.56747 4760.83777
v 7251.82255 4829.83542 70.00000
v 7252.82255 4828.10337 70.00000
v 7254.82255 4828.10337 70.00000
v 7255.82255 4829.83542 70.00000
v 7254.82255 4831.56747 70.00000
v 7252.82255 4831.56747 70.00000
v 7251.82255 4829.83542 4760.83777
v 7252.82255 4828.10337 4760.83777
v 7254.82255 4828.10337 4760.83777
v 7255.82255 4829.83542 4760.83777
v 7254.82255 4831.56747 4760.83777
v 7252.82255 4831.56747 4760.83777
v 7501.95436 4829.83542 70.00000
v 7502.95436 4828.10337 70.00000
v 7504.95436 4828.10337 70.00000
v 7505.95436 4829.83542 70.00000
v 7504.95436 4831.56747 70.00000
v 7502.95436 4831.56747 70.00000
v 7501.95436 4829.83542 4760.83777
v 7502.95436 4828.10337 4760.83777
v 7504.95436 4828.10337 4760.83777
v 7505.95436 4829.83542 4760.83777
v 7504.95436 4831.56747 4760.83777
v 7502.95436 4831.56747 4760.83777
v 7752.08617 4829.83542 70.00000
v 7753.08617 4828.10337 70.00000
v 7755.08617 4828.10337 70.00000
v 7756.08617 4829.83542 70.00000
v 7755.08617 4831.56747 70.00000
v 7753.08617 4831.56747 70.00000
v 7752.08617 4829.83542 4760.83777
v 7753.08617 4828.10337 4760.83777
v 7755.08617 4828.10337 4760.83777
v 7756.08617 4829.83542 4760.83777
v 7755.08617 4831.56747 4760.83777
v 7753.08617 4831.56747 4760.83777
v 8002.21799 4829.83542 70.00000
v 8003.21799 4828.10337 70.00000
v 8005.21799 4828.10337 70.00000
v 8006.21799 4829.83542 70.00000
v 8005.21799 4831.56747 70.00000
v 8003.21799 4831.56747 70.00000
v 8002.21799 4829.83542 4760.83777
v 8003.21799 4828.10337 4760.83777
v 8005.21799 4828.10337 4760.83777
v 8006.21799 4829.83542 4760.83777
v 8005.21799 4831.56747 4760.83777
v 8003.21799 4831.56747 4760.83777
v 8252.34980 4829.83542 70.00000
v 8253.34980 4828.10337 70.00000
v 8255.34980 4828.10337 70.00000
v 8256.34980 4829.83542 70.00000
v 8255.34980 4831.56747 70.00000
v 8253.34980 4831.56747 70.00000
v 8252.34980 4829.83542 4760.83777
v 8253.34980 4828.10337 4760.83777
v 8255.34980 4828.10337 4760.83777
v 8256.34980 4829.83542 4760.83777
v 8255.34980 4831.56747 4760.83777
v 8253.34980 4831.56747 4760.83777
v 8502.48161 4829.83542 70.00000
v 8503.48161 4828.10337 70.00000
v 8505.48161 4828.10337 70.00000
v 8506.48161 4829.83542 70.00000
v 8505.48161 4831.56747 70.00000
v 8503.48161 4831.56747 70.00000
v 8502.48161 4829.83542 4760.83777
v 8503.48161 4828.10337 4760.83777
v 8505.48161 4828.10337 4760.83777
v 8506.48161 4829.83542 4760.83777
v 8505.48161 4831.56747 4760.83777
v 8503.48161 4831.56747 4760.83777
v 8752.61342 4829.83542 70.00000
v 8753.61342 4828.10337 70.00000
v 8755.61342 4828.10337 70.00000
v 8756.61342 4829.83542 70.00000
v 8755.61342 4831.56747 70.00000
v 8753.61342 4831.56747 70.00000
v 8752.61342 4829.83542 4760.83777
v 8753.61342 4828.10337 4760.83777
v 8755.61342 4828.10337 4760.83777
v 8756.61342 4829.83542 4760.83777
v 8755.61342 4831.56747 4760.83777
v 8753.61342 4831.56747 4760.83777
v 9002.74523 4829.83542 70.00000
v 9003.74523 4828.10337 70.00000
v 9005.74523 4828.10337 70.00000
v 9006.74523 4829.83542 70.00000
v 9005.74523 4831.56747 70.00000
v 9003.74523 4831.56747 70.00000
v 9002.74523 4829.83542 4760.83777
v 9003.74523 4828.10337 4760.83777
v 9005.74523 4828.10337 4760.83777
v 9006.74523 4829.83542 4760.83777
v 9005.74523 4831.56747 4760.83777
v 9003.74523 4831.56747 4760.83777
v 9252.87705 4829.83542 70.00000
v 9253.87705 4828.10337 70.00000
v 9255.87705 4828.10337 70.00000
v 9256.87705 4829.83542 70.00000
v 9255.87705 4831.56747 70.00000
v 9253.87705 4831.56747 70.00000
v 9252.87705 4829.83542 4760.83777
v 9253.87705 4828.10337 4760.83777
v 9255.87705 4828.10337 4760.83777
v 9256.87705 4829.83542 4760.83777
v 9255.87705 4831.56747 4760.83777
v 9253.87705 4831.56747 4760.83777
v 9503.00886 4829.83542 70.00000
v 9504.00886 4828.10337 70.00000
v 9506.00886 4828.10337 70.00000
v 9507.00886 4829.83542 70.00000
v 9506.00886 4831.56747 70.00000
v 9504.00886 4831.56747 70.00000
v 9503.00886 4829.83542 4760.83777
v 9504.00886 4828.10337 4760.83777
v 9506.00886 4828.10337 4760.83777
v 9507.00886 4829.83542 4760.83777
v 9506.00886 4831.56747 4760.83777
v 9504.00886 4831.56747 4760.83777
v 9753.14067 4829.83542 70.00000
v 9754.14067 4828.10337 70.00000
v 9756.14067 4828.10337 70.00000
v 9757.14067 4829.83542 70.00000
v 9756.14067 4831.56747 70.00000
v 9754.14067 4831.56747 70.00000
v 9753.14067 4829.83542 4760.83777
v 9754.14067 4828.10337 4760.83777
v 9756.14067 4828.10337 4760.83777
v 9757.14067 4829.83542 4760.83777
v 9756.14067 4831.56747 4760.83777
v 9754.14067 4831.56747 4760.83777
v 10003.27248 4829.83542 70.00000
v 10004.27248 4828.10337 70.00000
v 10006.27248 4828.10337 70.00000
v 10007.27248 4829.83542 70.00000
v 10006.27248 4831.56747 70.00000
v 10004.27248 4831.56747 70.00000
v 10003.27248 4829.83542 4760.83777
v 10004.27248 4828.10337 4760.83777
v 10006.27248 4828.10337 4760.83777
v 10007.27248 4829.83542 4760.83777
v 10006.27248 4831.56747 4760.83777
v 10004.27248 4831.56747 4760.83777
v 10253.40429 4829.83542 70.00000
v 10254.40429 4828.10337 70.00000
v 10256.40429 4828.10337 70.00000
v 10257.40429 4829.83542 70.00000
v 10256.40429 4831.56747 70.00000
v 10254.40429 4831.56747 70.00000
v 10253.40429 4829.83542 4760.83777
v 10254.40429 4828.10337 4760.83777
v 10256.40429 4828.10337 4760.83777
v 10257.40429 4829.83542 4760.83777
v 10256.40429 4831.56747 4760.83777
v 10254.40429 4831.56747 4760.83777
v 10503.53611 4829.83542 70.00000
v 10504.53611 4828.10337 70.00000
v 10506.53611 4828.10337 70.00000
v 10507.53611 4829.83542 70.00000
v 10506.53611 4831.56747 70.00000
v 10504.53611 4831.56747 70.00000
v 10503.53611 4829.83542 4760.83777
v 10504.53611 4828.10337 4760.83777
v 10506.53611 4828.10337 4760.83777
v 10507.53611 4829.83542 4760.83777
v 10506.53611 4831.56747 4760.83777
v 10504.53611 4831.56747 4760.83777
v 10753.66792 4829.83542 70.00000
v 10754.66792 4828.10337 70.00000
v 10756.66792 4828.10337 70.00000
v 10757.66792 4829.83542 70.00000
v 10756.66792 4831.56747 70.00000
v 10754.66792 4831.56747 70.00000
v 10753.66792 4829.83542 4760.83777
v 10754.66792 4828.10337 4760.83777
v 10756.66792 4828.10337 4760.83777
v 10757.66792 4829.83542 4760.83777
v 10756.66792 4831.56747 4760.83777
v 10754.66792 4831.56747 4760.83777
v 11003.79973 4829.83542 70.00000
v 11004.79973 4828.10337 70.00000
v 11006.79973 4828.10337 70.00000
v 11007.79973 4829.83542 70.00000
v 11006.79973 4831.56747 70.00000
v 11004.79973 4831.56747 70.00000
v 11003.79973 4829.83542 4760.83777
v 11004.79973 4828.10337 4760.83777
v 11006.79973 4828.10337 4760.83777
v 11007.79973 4829.83542 4760.83777
v 11006.79973 4831.56747 4760.83777
v 11004.79973 4831.56747 4760.83777
v 11253.93154 4829.83542 70.00000
v 11254.93154 4828.10337 70.00000
v 11256.93154 4828.10337 70.00000
v 11257.93154 4829.83542 70.00000
v 11256.93154 4831.56747 70.00000
v 11254.93154 4831.56747 70.00000
v 11253.93154 4829.83542 4760.83777
v 11254.93154 4828.10337 4760.83777
v 11256.93154 4828.10337 4760.83777
v 11257.93154 4829.83542 4760.83777
v 11256.93154 4831.56747 4760.83777
v 11254.93154 4831.56747 4760.83777
v 11504.06335 4829.83542 70.00000
v 11505.06335 4828.10337 70.00000
v 11507.06335 4828.10337 70.00000
v 11508.06335 4829.83542 70.00000
v 11507.06335 4831.56747 70.00000
v 11505.06335 4831.56747 70.00000
v 11504.06335 4829.83542 4760.83777
v 11505.06335 4828.10337 4760.83777
v 11507.06335 4828.10337 4760.83777
v 11508.06335 4829.83542 4760.83777
v 11507.06335 4831.56747 4760.83777
v 11505.06335 4831.56747 4760.83777
v 11754.19517 4829.83542 70.00000
v 11755.19517 4828.10337 70.00000
v 11757.19517 4828.10337 70.00000
v 11758.19517 4829.83542 70.00000
v 11757.19517 4831.56747 70.00000
v 11755.19517 4831.56747 70.00000
v 11754.19517 4829.83542 4760.83777
v 11755.19517 4828.10337 4760.83777
v 11757.19517 4828.10337 4760.83777
v 11758.19517 4829.83542 4760.83777
v 11757.19517 4831.56747 4760.83777
v 11755.19517 4831.56747 4760.83777
v 12004.32698 4829.83542 70.00000
v 12005.32698 4828.10337 70.00000
v 12007.32698 4828.10337 70.00000
v 12008.32698 4829.83542 70.00000
v 12007.32698 4831.56747 70.00000
v 12005.32698 4831.56747 70.00000
v 12004.32698 4829.83542 4760.83777
v 12005.32698 4828.10337 4760.83777
v 12007.32698 4828.10337 4760.83777
v 12008.32698 4829.83542 4760.83777
v 12007.32698 4831.56747 4760.83777
v 12005.32698 4831.56747 4760.83777
v 12254.45879 4829.83542 70.00000
v 12255.45879 4828.10337 70.00000
v 12257.45879 4828.10337 70.00000
v 12258.45879 4829.83542 70.00000
v 12257.45879 4831.56747 70.00000
v 12255.45879 4831.56747 70.00000
v 12254.45879 4829.83542 4760.83777
v 12255.45879 4828.10337 4760.83777
v 12257.45879 4828.10337 4760.83777
v 12258.45879 4829.83542 4760.83777
v 12257.45879 4831.56747 4760.83777
v 12255.45879 4831.56747 4760.83777
v 12504.59060 4829.83542 70.00000
v 12505.59060 4828.10337 70.00000
v 12507.59060 4828.10337 70.00000
v 12508.59060 4829.83542 70.00000
v 12507.59060 4831.56747 70.00000
v 12505.59060 4831.56747 70.00000
v 12504.59060 4829.83542 4760.83777
v 12505.59060 4828.10337 4760.83777
v 12507.59060 4828.10337 4760.83777
v 12508.59060 4829.83542 4760.83777
v 12507.59060 4831.56747 4760.83777
v 12505.59060 4831.56747 4760.83777
v 12754.72241 4829.83542 70.00000
v 12755.72241 4828.10337 70.00000
v 12757.72241 4828.10337 70.00000
v 12758.72241 4829.83542 70.00000
v 12757.72241 4831.56747 70.00000
v 12755.72241 4831.56747 70.00000
v 12754.72241 4829.83542 4760.83777
v 12755.72241 4828.10337 4760.83777
v 12757.72241 4828.10337 4760.83777
v 12758.72241 4829.83542 4760.83777
v 12757.72241 4831.56747 4760.83777
v 12755.72241 4831.56747 4760.83777
v 13004.85423 4829.83542 70.00000
v 13005.85423 4828.10337 70.00000
v 13007.85423 4828.10337 70.00000
v 13008.85423 4829.83542 70.00000
v 13007.85423 4831.56747 70.00000
v 13005.85423 4831.56747 70.00000
v 13004.85423 4829.83542 4760.83777
v 13005.85423 4828.10337 4760.83777
v 13007.85423 4828.10337 4760.83777
v 13008.85423 4829.83542 4760.83777
v 13007.85423 4831.56747 4760.83777
v 13005.85423 4831.56747 4760.83777
v 13254.98604 4829.83542 70.00000
v 13255.98604 4828.10337 70.00000
v 13257.98604 4828.10337 70.00000
v 13258.98604 4829.83542 70.00000
v 13257.98604 4831.56747 70.00000
v 13255.98604 4831.56747 70.00000
v 13254.98604 4829.83542 4760.83777
v 13255.98604 4828.10337 4760.83777
v 13257.98604 4828.10337 4760.83777
v 13258.98604 4829.83542 4760.83777
v 13257.98604 4831.56747 4760.83777
v 13255.98604 4831.56747 4760.83777
v 13505.11785 4829.83542 70.00000
v 13506.11785 4828.10337 70.00000
v 13508.11785 4828.10337 70.00000
v 13509.11785 4829.83542 70.00000
v 13508.11785 4831.56747 70.00000
v 13506.11785 4831.56747 70.00000
v 13505.11785 4829.83542 4760.83777
v 13506.11785 4828.10337 4760.83777
v 13508.11785 4828.10337 4760.83777
v 13509.11785 4829.83542 4760.83777
v 13508.11785 4831.56747 4760.83777
v 13506.11785 4831.56747 4760.83777
v 13755.24966 4829.83542 70.00000
v 13756.24966 4828.10337 70.00000
v 13758.24966 4828.10337 70.00000
v 13759.24966 4829.83542 70.00000
v 13758.24966 4831.56747 70.00000
v 13756.24966 4831.56747 70.00000
v 13755.24966 4829.83542 4760.83777
v 13756.24966 4828.10337 4760.83777
v 13758.24966 4828.10337 4760.83777
v 13759.24966 4829.83542 4760.83777
v 13758.24966 4831.56747 4760.83777
v 13756.24966 4831.56747 4760.83777
v 14005.38147 4829.83542 70.00000
v 14006.38147 4828.10337 70.00000
v 14008.38147 4828.10337 70.00000
v 14009.38147 4829.83542 70.00000
v 14008.38147 4831.56747 70.00000
v 14006.38147 4831.56747 70.00000
v 14005.38147 4829.83542 4760.83777
v 14006.38147 4828.10337 4760.83777
v 14008.38147 4828.10337 4760.83777
v 14009.38147 4829.83542 4760.83777
v 14008.38147 4831.56747 4760.83777
v 14006.38147 4831.56747 4760.83777
v 14255.51329 4829.83542 70.00000
v 14256.51329 4828.10337 70.00000
v 14258.51329 4828.10337 70.00000
v 14259.51329 4829.83542 70.00000
v 14258.51329 4831.56747 70.00000
v 14256.51329 4831.56747 70.00000
v 14255.51329 4829.83542 4760.83777
v 14256.51329 4828.10337 4760.83777
v 14258.51329 4828.10337 4760.83777
v 14259.51329 4829.83542 4760.83777
v 14258.51329 4831.56747 4760.83777
v 14256.51329 4831.56747 4760.83777
v 14505.64510 4829.83542 70.00000
v 14506.64510 4828.10337 70.00000
v 14508.64510 4828.10337 70.00000
v 14509.64510 4829.83542 70.00000
v 14508.64510 4831.56747 70.00000
v 14506.64510 4831.56747 70.00000
v 14505.64510 4829.83542 4760.83777
v 14506.64510 4828.10337 4760.83777
v 14508.64510 4828.10337 4760.83777
v 14509.64510 4829.83542 4760.83777
v 14508.64510 4831.56747 4760.83777
v 14506.64510 4831.56747 4760.83777
v 14755.77691 4829.83542 70.00000
v 14756.77691 4828.10337 70.00000
v 14758.77691 4828.10337 70.00000
v 14759.77691 4829.83542 70.00000
v 14758.77691 4831.56747 70.00000
v 14756.77691 4831.56747 70.00000
v 14755.77691 4829.83542 4760.83777
v 14756.77691 4828.10337 4760.83777
v 14758.77691 4828.10337 4760.83777
v 14759.77691 4829.83542 4760.83777
v 14758.77691 4831.56747 4760.83777
v 14756.77691 4831.56747 4760.83777
v 15005.90872 4829.83542 70.00000
v 15006.90872 4828.10337 70.00000
v 15008.90872 4828.10337 70.00000
v 15009.90872 4829.83542 70.00000
v 15008.90872 4831.56747 70.00000
v 15006.90872 4831.56747 70.00000
v 15005.90872 4829.83542 4760.83777
v 15006.90872 4828.10337 4760.83777
v 15008.90872 4828.10337 4760.83777
v 15009.90872 4829.83542 4760.83777
v 15008.90872 4831.56747 4760.83777
v 15006.90872 4831.56747 4760.83777
v 15256.04053 4829.83542 70.00000
v 15257.04053 4828.10337 70.00000
v 15259.04053 4828.10337 70.00000
v 15260.04053 4829.83542 70.00000
v 15259.04053 4831.56747 70.00000
v 15257.04053 4831.56747 70.00000
v 15256.04053 4829.83542 4760.83777
v 15257.04053 4828.10337 4760.83777
v 15259.04053 4828.10337 4760.83777
v 15260.04053 4829.83542 4760.83777
v 15259.04053 4831.56747 4760.83777
v 15257.04053 4831.56747 4760.83777
v 15506.17235 4829.83542 70.00000
v 15507.17235 4828.10337 70.00000
v 15509.17235 4828.10337 70.00000
v 15510.17235 4829.83542 70.00000
v 15509.17235 4831.56747 70.00000
v 15507.17235 4831.56747 70.00000
v 15506.17235 4829.83542 4760.83777
v 15507.17235 4828.10337 4760.83777
v 15509.17235 4828.10337 4760.83777
v 15510.17235 4829.83542 4760.83777
v 15509.17235 4831.56747 4760.83777
v 15507.17235 4831.56747 4760.83777
v -15508.17235 4827.83542 70.00000
v -15508.17235 4828.83542 68.26795
v -15508.17235 4830.83542 68.26795
v -15508.17235 4831.83542 70.00000
v -15508.17235 4830.83542 71.73205
v -15508.17235 4828.83542 71.73205
v 15508.17235 4827.83542 70.00000
v 15508.17235 4828.83542 68.26795
v 15508.17235 4830.83542 68.26795
v 15508.17235 4831.83542 70.00000
v 15508.17235 4830.83542 71.73205
v 15508.17235 4828.83542 71.73205
v -15508.17235 4827.83542 316.88620
v -15508.17235 4828.83542 315.15415
v -15508.17235 4830.83542 315.15415
v -15508.17235 4831.83542 316.88620
v -15508.17235 4830.83542 318.61825
v -15508.17235 4828.83542 318.61825
v 15508.17235 4827.83542 316.88620
v 15508.17235 4828.83542 315.15415
v 15508.17235 4830.83542 315.15415
v 15508.17235 4831.83542 316.88620
v 15508.17235 4830.83542 318.61825
v 15508.17235 4828.83542 318.61825
v -15508.17235 4827.83542 563.77240
v -15508.17235 4828.83542 562.04035
v -15508.17235 4830.83542 562.04035
v -15508.17235 4831.83542 563.77240
v -15508.17235 4830.83542 565.50445
v -15508.17235 4828.83542 565.50445
v 15508.17235 4827.83542 563.77240
v 15508.17235 4828.83542 562.04035
v 15508.17235 4830.83542 562.04035
v 15508.17235 4831.83542 563.77240
v 15508.17235 4830.83542 565.50445
v 15508.17235 4828.83542 565.50445
v -15508.17235 4827.83542 810.65860
v -15508.17235 4828.83542 808.92655
v -15508.17235 4830.83542 808.92655
v -15508.17235 4831.83542 810.65860
v -15508.17235 4830.83542 812.39065
v -15508.17235 4828.83542 812.39065
v 15508.17235 4827.83542 810.65860
v 15508.17235 4828.83542 808.92655
v 15508.17235 4830.83542 808.92655
v 15508.17235 4831.83542 810.65860
v 15508.17235 4830.83542 812.39065
v 15508.17235 4828.83542 812.39065
v -15508.17235 4827.83542 1057.54479
v -15508.17235 4828.83542 1055.81274
v -15508.17235 4830.83542 1055.81274
v -15508.17235 4831.83542 1057.54479
v -15508.17235 4830.83542 1059.27685
v -15508.17235 4828.83542 1059.27685
v 15508.17235 4827.83542 1057.54479
v 15508.17235 4828.83542 1055.81274
v 15508.17235 4830.83542 1055.81274
v 15508.17235 4831.83542 1057.54479
v 15508.17235 4830.83542 1059.27685
v 15508.17235 4828.83542 1059.27685
v -15508.17235 4827.83542 1304.43099
v -15508.17235 4828.83542 1302.69894
v -15508.17235 4830.83542 1302.69894
v -15508.17235 4831.83542 1304.43099
v -15508.17235 4830.83542 1306.16304
v -15508.17235 4828.83542 1306.16304
v 15508.17235 4827.83542 1304.43099
v 15508.17235 4828.83542 1302.69894
v 15508.17235 4830.83542 1302.69894
v 15508.17235 4831.83542 1304.43099
v 15508.17235 4830.83542 1306.16304
v 15508.17235 4828.83542 1306.16304
v -15508.17235 4827.83542 1551.31719
v -15508.17235 4828.83542 1549.58514
v -15508.17235 4830.83542 1549.58514
v -15508.17235 4831.83542 1551.31719
v -15508.17235 4830.83542 1553.04924
v -15508.17235 4828.83542 1553.04924
v 15508.17235 4827.83542 1551.31719
v 15508.17235 4828.83542 1549.58514
v 15508.17235 4830.83542 1549.58514
v 15508.17235 4831.83542 1551.31719
v 15508.17235 4830.83542 1553.04924
v 15508.17235 4828.83542 1553.04924
v -15508.17235 4827.83542 1798.20339
v -15508.17235 4828.83542 1796.47134
v -15508.17235 4830.83542 1796.47134
v -15508.17235 4831.83542 1798.20339
v -15508.17235 4830.83542 1799.93544
v -15508.17235 4828.83542 1799.93544
v 15508.17235 4827.83542 1798.20339
v 15508.17235 4828.83542 1796.47134
v 15508.17235 4830.83542 1796.47134
v 15508.17235 4831.83542 1798.20339
v 15508.17235 4830.83542 1799.93544
v 15508.17235 4828.83542 1799.93544
v -15508.17235 4827.83542 2045.08959
v -15508.17235 4828.83542 2043.35754
v -15508.17235 4830.83542 2043.35754
v -15508.17235 4831.83542 2045.08959
v -15508.17235 4830.83542 2046.82164
v -15508.17235 4828.83542 2046.82164
v 15508.17235 4827.83542 2045.08959
v 15508.17235 4828.83542 2043.35754
v 15508.17235 4830.83542 2043.35754
v 15508.17235 4831.83542 2045.08959
v 15508.17235 4830.83542 2046.82164
v 15508.17235 4828.83542 2046.82164
v -15508.17235 4827.83542 2291.97579
v -15508.17235 4828.83542 2290.24374
v -15508.17235 4830.83542 2290.24374
v -15508.17235 4831.83542 2291.97579
v -15508.17235 4830.83542 2293.70784
v -15508.17235 4828.83542 2293.70784
v 15508.17235 4827.83542 2291.97579
v 15508.17235 4828.83542 2290.24374
v 15508.17235 4830.83542 2290.24374
v 15508.17235 4831.83542 2291.97579
v 15508.17235 4830.83542 2293.70784
v 15508.17235 4828.83542 2293.70784
v -15508.17235 4827.83542 2538.86199
v -15508.17235 4828.83542 2537.12994
v -15508.17235 4830.83542 2537.12994
v -15508.17235 4831.83542 2538.86199
v -15508.17235 4830.83542 2540.59404
v -15508.17235 4828.83542 2540.59404
v 15508.17235 4827.83542 2538.86199
v 15508.17235 4828.83542 2537.12994
v 15508.17235 4830.83542 2537.12994
v 15508.17235 4831.83542 2538.86199
v 15508.17235 4830.83542 2540.59404
v 15508.17235 4828.83542 2540.59404
v -15508.17235 4827.83542 2785.74819
v -15508.17235 4828.83542 2784.01613
v -15508.17235 4830.83542 2784.01613
v -15508.17235 4831.83542 2785.74819
v -15508.17235 4830.83542 2787.48024
v -15508.17235 4828.83542 2787.48024
v 15508.17235 4827.83542 2785.74819
v 15508.17235 4828.83542 2784.01613
v 15508.17235 4830.83542 2784.01613
v 15508.17235 4831.83542 2785.74819
v 15508.17235 4830.83542 2787.48024
v 15508.17235 4828.83542 2787.48024
v -15508.17235 4827.83542 3032.63438
v -15508.17235 4828.83542 3030.90233
v -15508.17235 4830.83542 3030.90233
v -15508.17235 4831.83542 3032.63438
v -15508.17235 4830.83542 3034.36643
v -15508.17235 4828.83542 3034.36643
v 15508.17235 4827.83542 3032.63438
v 15508.17235 4828.83542 3030.90233
v 15508.17235 4830.83542 3030.90233
v 15508.17235 4831.83542 3032.63438
v 15508.17235 4830.83542 3034.36643
v 15508.17235 4828.83542 3034.36643
v -15508.17235 4827.83542 3279.52058
v -15508.17235 4828.83542 3277.78853
v -15508.17235 4830.83542 3277.78853
v -15508.17235 4831.83542 3279.52058
v -15508.17235 4830.83542 3281.25263
v -15508.17235 4828.83542 3281.25263
v 15508.17235 4827.83542 3279.52058
v 15508.17235 4828.83542 3277.78853
v 15508.17235 4830.83542 3277.78853
v 15508.17235 4831.83542 3279.52058
v 15508.17235 4830.83542 3281.25263
v 15508.17235 4828.83542 3281.25263
v -15508.17235 4827.83542 3526.40678
v -15508.17235 4828.83542 3524.67473
v -15508.17235 4830.83542 3524.67473
v -15508.17235 4831.83542 3526.40678
v -15508.17235 4830.83542 3528.13883
v -15508.17235 4828.83542 3528.13883
v 15508.17235 4827.83542 3526.40678
v 15508.17235 4828.83542 3524.67473
v 15508.17235 4830.83542 3524.67473
v 15508.17235 4831.83542 3526.40678
v 15508.17235 4830.83542 3528.13883
v 15508.17235 4828.83542 3528.13883
v -15508.17235 4827.83542 3773.29298
v -15508.17235 4828.83542 3771.56093
v -15508.17235 4830.83542 3771.56093
v -15508.17235 4831.83542 3773.29298
v -15508.17235 4830.83542 3775.02503
v -15508.17235 4828.83542 3775.02503
v 15508.17235 4827.83542 3773.29298
v 15508.17235 4828.83542 3771.56093
v 15508.17235 4830.83542 3771.56093
v 15508.17235 4831.83542 3773.29298
v 15508.17235 4830.83542 3775.02503
v 15508.17235 4828.83542 3775.02503
v -15508.17235 4827.83542 4020.17918
v -15508.17235 4828.83542 4018.44713
v -15508.17235 4830.83542 4018.44713
v -15508.17235 4831.83542 4020.17918
v -15508.17235 4830.83542 4021.91123
v -15508.17235 4828.83542 4021.91123
v 15508.17235 4827.83542 4020.17918
v 15508.17235 4828.83542 4018.44713
v 15508.17235 4830.83542 4018.44713
v 15508.17235 4831.83542 4020.17918
v 15508.17235 4830.83542 4021.91123
v 15508.17235 4828.83542 4021.91123
v -15508.17235 4827.83542 4267.06538
v -15508.17235 4828.83542 4265.33333
v -15508.17235 4830.83542 4265.33333
v -15508.17235 4831.83542 4267.06538
v -15508.17235 4830.83542 4268.79743
v -15508.17235 4828.83542 4268.79743
v 15508.17235 4827.83542 4267.06538
v 15508.17235 4828.83542 4265.33333
v 15508.17235 4830.83542 4265.33333
v 15508.17235 4831.83542 4267.06538
v 15508.17235 4830.83542 4268.79743
v 15508.17235 4828.83542 4268.79743
v -15508.17235 4827.83542 4513.95158
v -15508.17235 4828.83542 4512.21953
v -15508.17235 4830.83542 4512.21953
v -15508.17235 4831.83542 4513.95158
v -15508.17235 4830.83542 4515.68363
v -15508.17235 4828.83542 4515.68363
v 15508.17235 4827.83542 4513.95158
v 15508.17235 4828.83542 4512.21953
v 15508.17235 4830.83542 4512.21953
v 15508.17235 4831.83542 4513.95158
v 15508.17235 4830.83542 4515.68363
v 15508.17235 4828.83542 4515.68363
v -15508.17235 4827.83542 4760.83777
v -15508.17235 4828.83542 4759.10572
v -15508.17235 4830.83542 4759.10572
v -15508.17235 4831.83542 4760.83777
v -15508.17235 4830.83542 4762.56983
v -15508.17235 4828.83542 4762.56983
v 15508.17235 4827.83542 4760.83777
v 15508.17235 4828.83542 4759.10572
v 15508.17235 4830.83542 4759.10572
v 15508.17235 4831.83542 4760.83777
v 15508.17235 4830.83542 4762.56983
v 15508.17235 4828.83542 4762.56983
v 15506.17235 -4829.83542 70.00000
v 15507.17235 -4831.56747 70.00000
v 15509.17235 -4831.56747 70.00000
v 15510.17235 -4829.83542 70.00000
v 15509.17235 -4828.10337 70.00000
v 15507.17235 -4828.10337 70.00000
v 15506.17235 -4829.83542 4760.83777
v 15507.17235 -4831.56747 4760.83777
v 15509.17235 -4831.56747 4760.83777
v 15510.17235 -4829.83542 4760.83777
v 15509.17235 -4828.10337 4760.83777
v 15507.17235 -4828.10337 4760.83777
v 15506.17235 -4575.63356 70.00000
v 15507.17235 -4577.36561 70.00000
v 15509.17235 -4577.36561 70.00000
v 15510.17235 -4575.63356 70.00000
v 15509.17235 -4573.90151 70.00000
v 15507.17235 -4573.90151 70.00000
v 15506.17235 -4575.63356 4760.83777
v 15507.17235 -4577.36561 4760.83777
v 15509.17235 -4577.36561 4760.83777
v 15510.17235 -4575.63356 4760.83777
v 15509.17235 -4573.90151 4760.83777
v 15507.17235 -4573.90151 4760.83777
v 15506.17235 -4321.43169 70.00000
v 15507.17235 -4323.16375 70.00000
v 15509.17235 -4323.16375 70.00000
v 15510.17235 -4321.43169 70.00000
v 15509.17235 -4319.69964 70.00000
v 15507.17235 -4319.69964 70.00000
v 15506.17235 -4321.43169 4760.83777
v 15507.17235 -4323.16375 4760.83777
v 15509.17235 -4323.16375 4760.83777
v 15510.17235 -4321.43169 4760.83777
v 15509.17235 -4319.69964 4760.83777
v 15507.17235 -4319.69964 4760.83777
v 15506.17235 -4067.22983 70.00000
v 15507.17235 -4068.96188 70.00000
v 15509.17235 -4068.96188 70.00000
v 15510.17235 -4067.22983 70.00000
v 15509.17235 -4065.49778 70.00000
v 15507.17235 -4065.49778 70.00000
v 15506.17235 -4067.22983 4760.83777
v 15507.17235 -4068.96188 4760.83777
v 15509.17235 -4068.96188 4760.83777
v 15510.17235 -4067.22983 4760.83777
v 15509.17235 -4065.49778 4760.83777
v 15507.17235 -4065.49778 4760.83777
v 15506.17235 -3813.02797 70.00000
v 15507.17235 -3814.76002 70.00000
v 15509.17235 -3814.76002 70.00000
v 15510.17235 -3813.02797 70.00000
v 15509.17235 -3811.29592 70.00000
v 15507.17235 -3811.29592 70.00000
v 15506.17235 -3813.02797 4760.83777
v 15507.17235 -3814.76002 4760.83777
v 15509.17235 -3814.76002 4760.83777
v 15510.17235 -3813.02797 4760.83777
v 15509.17235 -3811.29592 4760.83777
v 15507.17235 -3811.29592 4760.83777
v 15506.17235 -3558.82610 70.00000
v 15507.17235 -3560.55815 70.00000
v 15509.17235 -3560.55815 70.00000
v 15510.17235 -3558.82610 70.00000
v 15509.17235 -3557.09405 70.00000
v 15507.17235 -3557.09405 70.00000
v 15506.17235 -3558.82610 4760.83777
v 15507.17235 -3560.55815 4760.83777
v 15509.17235 -3560.55815 4760.83777
v 15510.17235 -3558.82610 4760.83777
v 15509.17235 -3557.09405 4760.83777
v 15507.17235 -3557.09405 4760.83777
v 15506.17235 -3304.62424 70.00000
v 15507.17235 -3306.35629 70.00000
v 15509.17235 -3306.35629 70.00000
v 15510.17235 -3304.62424 70.00000
v 15509.17235 -3302.89219 70.00000
v 15507.17235 -3302.89219 70.00000
v 15506.17235 -3304.62424 4760.83777
v 15507.17235 -3306.35629 4760.83777
v 15509.17235 -3306.35629 4760.83777
v 15510.17235 -3304.62424 4760.83777
v 15509.17235 -3302.89219 4760.83777
v 15507.17235 -3302.89219 4760.83777
v 15506.17235 -3050.42237 70.00000
v 15507.17235 -3052.15442 70.00000
v 15509.17235 -3052.15442 70.00000
v 15510.17235 -3050.42237 70.00000
v 15509.17235 -3048.69032 70.00000
v 15507.17235 -3048.69032 70.00000
v 15506.17235 -3050.42237 4760.83777
v 15507.17235 -3052.15442 4760.83777
v 15509.17235 -3052.15442 4760.83777
v 15510.17235 -3050.42237 4760.83777
v 15509.17235 -3048.69032 4760.83777
v 15507.17235 -3048.69032 4760.83777
v 15506.17235 -2796.22051 70.00000
v 15507.17235 -2797.95256 70.00000
v 15509.17235 -2797.95256 70.00000
v 15510.17235 -2796.22051 70.00000
v 15509.17235 -2794.48846 70.00000
v 15507.17235 -2794.48846 70.00000
v 15506.17235 -2796.22051 4760.83777
v 15507.17235 -2797.95256 4760.83777
v 15509.17235 -2797.95256 4760.83777
v 15510.17235 -2796.22051 4760.83777
v 15509.17235 -2794.48846 4760.83777
v 15507.17235 -2794.48846 4760.83777
v 15506.17235 -2542.01864 70.00000
v 15507.17235 -2543.75069 70.00000
v 15509.17235 -2543.75069 70.00000
v 15510.17235 -2542.01864 70.00000
v 15509.17235 -2540.28659 70.00000
v 15507.17235 -2540.28659 70.00000
v 15506.17235 -2542.01864 4760.83777
v 15507.17235 -2543.75069 4760.83777
v 15509.17235 -2543.75069 4760.83777
v 15510.17235 -2542.01864 4760.83777
v 15509.17235 -2540.28659 4760.83777
v 15507.17235 -2540.28659 4760.83777
v 15506.17235 -2287.81678 70.00000
v 15507.17235 -2289.54883 70.00000
v 15509.17235 -2289.54883 70.00000
v 15510.17235 -2287.81678 70.00000
v 15509.17235 -2286.08473 70.00000
v 15507.17235 -2286.08473 70.00000
v 15506.17235 -2287.81678 4760.83777
v 15507.17235 -2289.54883 4760.83777
v 15509.17235 -2289.54883 4760.83777
v 15510.17235 -2287.81678 4760.83777
v 15509.17235 -2286.08473 4760.83777
v 15507.17235 -2286.08473 4760.83777
v 15506.17235 -2033.61492 70.00000
v 15507.17235 -2035.34697 70.00000
v 15509.17235 -2035.34697 70.00000
v 15510.17235 -2033.61492 70.00000
v 15509.17235 -2031.88286 70.00000
v 15507.17235 -2031.88286 70.00000
v 15506.17235 -2033.61492 4760.83777
v 15507.17235 -2035.34697 4760.83777
v 15509.17235 -2035.34697 4760.83777
v 15510.17235 -2033.61492 4760.83777
v 15509.17235 -2031.88286 4760.83777
v 15507.17235 -2031.88286 4760.83777
v 15506.17235 -1779.41305 70.00000
v 15507.17235 -1781.14510 70.00000
v 15509.17235 -1781.14510 70.00000
v 15510.17235 -1779.41305 70.00000
v 15509.17235 -1777.68100 70.00000
v 15507.17235 -1777.68100 70.00000
v 15506.17235 -1779.41305 4760.83777
v 15507.17235 -1781.14510 4760.83777
v 15509.17235 -1781.14510 4760.83777
v 15510.17235 -1779.41305 4760.83777
v 15509.17235 -1777.68100 4760.83777
v 15507.17235 -1777.68100 4760.83777
v 15506.17235 -1525.21119 70.00000
v 15507.17235 -1526.94324 70.00000
v 15509.17235 -1526.94324 70.00000
v 15510.17235 -1525.21119 70.00000
v 15509.17235 -1523.47914 70.00000
v 15507.17235 -1523.47914 70.00000
v 15506.17235 -1525.21119 4760.83777
v 15507.17235 -1526.94324 4760.83777
v 15509.17235 -1526.94324 4760.83777
v 15510.17235 -1525.21119 4760.83777
v 15509.17235 -1523.47914 4760.83777
v 15507.17235 -1523.47914 4760.83777
v 15506.17235 -1271.00932 70.00000
v 15507.17235 -1272.74137 70.00000
v 15509.17235 -1272.74137 70.00000
v 15510.17235 -1271.00932 70.00000
v 15509.17235 -1269.27727 70.00000
v 15507.17235 -1269.27727 70.00000
v 15506.17235 -1271.00932 4760.83777
v 15507.17235 -1272.74137 4760.83777
v 15509.17235 -1272.74137 4760.83777
v 15510.17235 -1271.00932 4760.83777
v 15509.17235 -1269.27727 4760.83777
v 15507.17235 -1269.27727 4760.83777
v 15506.17235 -1016.80746 70.00000
v 15507.17235 -1018.53951 70.00000
v 15509.17235 -1018.53951 70.00000
v 15510.17235 -1016.80746 70.00000
v 15509.17235 -1015.07541 70.00000
v 15507.17235 -1015.07541 70.00000
v 15506.17235 -1016.80746 4760.83777
v 15507.17235 -1018.53951 4760.83777
v 15509.17235 -1018.53951 4760.83777
v 15510.17235 -1016.80746 4760.83777
v 15509.17235 -1015.07541 4760.83777
v 15507.17235 -1015.07541 4760.83777
v 15506.17235 -762.60559 70.00000
v 15507.17235 -764.33764 70.00000
v 15509.17235 -764.33764 70.00000
v 15510.17235 -762.60559 70.00000
v 15509.17235 -760.87354 70.00000
v 15507.17235 -760.87354 70.00000
v 15506.17235 -762.60559 4760.83777
v 15507.17235 -764.33764 4760.83777
v 15509.17235 -764.33764 4760.83777
v 15510.17235 -762.60559 4760.83777
v 15509.17235 -760.87354 4760.83777
v 15507.17235 -760.87354 4760.83777
v 15506.17235 -508.40373 70.00000
v 15507.17235 -510.13578 70.00000
v 15509.17235 -510.13578 70.00000
v 15510.17235 -508.40373 70.00000
v 15509.17235 -506.67168 70.00000
v 15507.17235 -506.67168 70.00000
v 15506.17235 -508.40373 4760.83777
v 15507.17235 -510.13578 4760.83777
v 15509.17235 -510.13578 4760.83777
v 15510.17235 -508.40373 4760.83777
v 15509.17235 -506.67168 4760.83777
v 15507.17235 -506.67168 4760.83777
v 15506.17235 -254.20186 70.00000
v 15507.17235 -255.93392 70.00000
v 15509.17235 -255.93392 70.00000
v 15510.17235 -254.20186 70.00000
v 15509.17235 -252.46981 70.00000
v 15507.17235 -252.46981 70.00000
v 15506.17235 -254.20186 4760.83777
v 15507.17235 -255.93392 4760.83777
v 15509.17235 -255.93392 4760.83777
v 15510.17235 -254.20186 4760.83777
v 15509.17235 -252.46981 4760.83777
v 15507.17235 -252.46981 4760.83777
v 15506.17235 0.00000 70.00000
v 15507.17235 -1.73205 70.00000
v 15509.17235 -1.73205 70.00000
v 15510.17235 -0.00000 70.00000
v 15509.17235 1.73205 70.00000
v 15507.17235 1.73205 70.00000
v 15506.17235 0.00000 4760.83777
v 15507.17235 -1.73205 4760.83777
v 15509.17235 -1.73205 4760.83777
v 15510.17235 -0.00000 4760.83777
v 15509.17235 1.73205 4760.83777
v 15507.17235 1.73205 4760.83777
v 15506.17235 254.20186 70.00000
v 15507.17235 252.46981 70.00000
v 15509.17235 252.46981 70.00000
v 15510.17235 254.20186 70.00000
v 15509.17235 255.93392 70.00000
v 15507.17235 255.93392 70.00000
v 15506.17235 254.20186 4760.83777
v 15507.17235 252.46981 4760.83777
v 15509.17235 252.46981 4760.83777
v 15510.17235 254.20186 4760.83777
v 15509.17235 255.93392 4760.83777
v 15507.17235 255.93392 4760.83777
v 15506.17235 508.40373 70.00000
v 15507.17235 506.67168 70.00000
v 15509.17235 506.67168 70.00000
v 15510.17235 508.40373 70.00000
v 15509.17235 510.13578 70.00000
v 15507.17235 510.13578 70.00000
v 15506.17235 508.40373 4760.83777
v 15507.17235 506.67168 4760.83777
v 15509.17235 506.67168 4760.83777
v 15510.17235 508.40373 4760.83777
v 15509.17235 510.13578 4760.83777
v 15507.17235 510.13578 4760.83777
v 15506.17235 762.60559 70.00000
v 15507.17235 760.87354 70.00000
v 15509.17235 760.87354 70.00000
v 15510.17235 762.60559 70.00000
v 15509.17235 764.33764 70.00000
v 15507.17235 764.33764 70.00000
v 15506.17235 762.60559 4760.83777
v 15507.17235 760.87354 4760.83777
v 15509.17235 760.87354 4760.83777
v 15510.17235 762.60559 4760.83777
v 15509.17235 764.33764 4760.83777
v 15507.17235 764.33764 4760.83777
v 15506.17235 1016.80746 70.00000
v 15507.17235 1015.07541 70.00000
v 15509.17235 1015.07541 70.00000
v 15510.17235 1016.80746 70.00000
v 15509.17235 1018.53951 70.00000
v 15507.17235 1018.53951 70.00000
v 15506.17235 1016.80746 4760.83777
v 15507.17235 1015.07541 4760.83777
v 15509.17235 1015.07541 4760.83777
v 15510.17235 1016.80746 4760.83777
v 15509.17235 1018.53951 4760.83777
v 15507.17235 1018.53951 4760.83777
v 15506.17235 1271.00932 70.00000
v 15507.17235 1269.27727 70.00000
v 15509.17235 1269.27727 70.00000
v 15510.17235 1271.00932 70.00000
v 15509.17235 1272.74137 70.00000
v 15507.17235 1272.74137 70.00000
v 15506.17235 1271.00932 4760.83777
v 15507.17235 1269.27727 4760.83777
v 15509.17235 1269.27727 4760.83777
v 15510.17235 1271.00932 4760.83777
v 15509.17235 1272.74137 4760.83777
v 15507.17235 1272.74137 4760.83777
v 15506.17235 1525.21119 70.00000
v 15507.17235 1523.47914 70.00000
v 15509.17235 1523.47914 70.00000
v 15510.17235 1525.21119 70.00000
v 15509.17235 1526.94324 70.00000
v 15507.17235 1526.94324 70.00000
v 15506.17235 1525.21119 4760.83777
v 15507.17235 1523.47914 4760.83777
v 15509.17235 1523.47914 4760.83777
v 15510.17235 1525.21119 4760.83777
v 15509.17235 1526.94324 4760.83777
v 15507.17235 1526.94324 4760.83777
v 15506.17235 1779.41305 70.00000
v 15507.17235 1777.68100 70.00000
v 15509.17235 1777.68100 70.00000
v 15510.17235 1779.41305 70.00000
v 15509.17235 1781.14510 70.00000
v 15507.17235 1781.14510 70.00000
v 15506.17235 1779.41305 4760.83777
v 15507.17235 1777.68100 4760.83777
v 15509.17235 1777.68100 4760.83777
v 15510.17235 1779.41305 4760.83777
v 15509.17235 1781.14510 4760.83777
v 15507.17235 1781.14510 4760.83777
v 15506.17235 2033.61492 70.00000
v 15507.17235 2031.88286 70.00000
v 15509.17235 2031.88286 70.00000
v 15510.17235 2033.61492 70.00000
v 15509.17235 2035.34697 70.00000
v 15507.17235 2035.34697 70.00000
v 15506.17235 2033.61492 4760.83777
v 15507.17235 2031.88286 4760.83777
v 15509.17235 2031.88286 4760.83777
v 15510.17235 2033.61492 4760.83777
v 15509.17235 2035.34697 4760.83777
v 15507.17235 2035.34697 4760.83777
v 15506.17235 2287.81678 70.00000
v 15507.17235 2286.08473 70.00000
v 15509.17235 2286.08473 70.00000
v 15510.17235 2287.81678 70.00000
v 15509.17235 2289.54883 70.00000
v 15507.17235 2289.54883 70.00000
v 15506.17235 2287.81678 4760.83777
v 15507.17235 2286.08473 4760.83777
v 15509.17235 2286.08473 4760.83777
v 15510.17235 2287.81678 4760.83777
v 15509.17235 2289.54883 4760.83777
v 15507.17235 2289.54883 4760.83777
v 15506.17235 2542.01864 70.00000
v 15507.17235 2540.28659 70.00000
v 15509.17235 2540.28659 70.00000
v 15510.17235 2542.01864 70.00000
v 15509.17235 2543.75069 70.00000
v 15507.17235 2543.75069 70.00000
v 15506.17235 2542.01864 4760.83777
v 15507.17235 2540.28659 4760.83777
v 15509.17235 2540.28659 4760.83777
v 15510.17235 2542.01864 4760.83777
v 15509.17235 2543.75069 4760.83777
v 15507.17235 2543.75069 4760.83777
v 15506.17235 2796.22051 70.00000
v 15507.17235 2794.48846 70.00000
v 15509.17235 2794.48846 70.00000
v 15510.17235 2796.22051 70.00000
v 15509.17235 2797.95256 70.00000
v 15507.17235 2797.95256 70.00000
v 15506.17235 2796.22051 4760.83777
v 15507.17235 2794.48846 4760.83777
v 15509.17235 2794.48846 4760.83777
v 15510.17235 2796.22051 4760.83777
v 15509.17235 2797.95256 4760.83777
v 15507.17235 2797.95256 4760.83777
v 15506.17235 3050.42237 70.00000
v 15507.17235 3048.69032 70.00000
v 15509.17235 3048.69032 70.00000
v 15510.17235 3050.42237 70.00000
v 15509.17235 3052.15442 70.00000
v 15507.17235 3052.15442 70.00000
v 15506.17235 3050.42237 4760.83777
v 15507.17235 3048.69032 4760.83777
v 15509.17235 3048.69032 4760.83777
v 15510.17235 3050.42237 4760.83777
v 15509.17235 3052.15442 4760.83777
v 15507.17235 3052.15442 4760.83777
v 15506.17235 3304.62424 70.00000
v 15507.17235 3302.89219 70.00000
v 15509.17235 3302.89219 70.00000
v 15510.17235 3304.62424 70.00000
v 15509.17235 3306.35629 70.00000
v 15507.17235 3306.35629 70.00000
v 15506.17235 3304.62424 4760.83777
v 15507.17235 3302.89219 4760.83777
v 15509.17235 3302.89219 4760.83777
v 15510.17235 3304.62424 4760.83777
v 15509.17235 3306.35629 4760.83777
v 15507.17235 3306.35629 4760.83777
v 15506.17235 3558.82610 70.00000
v 15507.17235 3557.09405 70.00000
v 15509.17235 3557.09405 70.00000
v 15510.17235 3558.82610 70.00000
v 15509.17235 3560.55815 70.00000
v 15507.17235 3560.55815 70.00000
v 15506.17235 3558.82610 4760.83777
v 15507.17235 3557.09405 4760.83777
v 15509.17235 3557.09405 4760.83777
v 15510.17235 3558.82610 4760.83777
v 15509.17235 3560.55815 4760.83777
v 15507.17235 3560.55815 4760.83777
v 15506.17235 3813.02797 70.00000
v 15507.17235 3811.29592 70.00000
v 15509.17235 3811.29592 70.00000
v 15510.17235 3813.02797 70.00000
v 15509.17235 3814.76002 70.00000
v 15507.17235 3814.76002 70.00000
v 15506.17235 3813.02797 4760.83777
v 15507.17235 3811.29592 4760.83777
v 15509.17235 3811.29592 4760.83777
v 15510.17235 3813.02797 4760.83777
v 15509.17235 3814.76002 4760.83777
v 15507.17235 3814.76002 4760.83777
v 15506.17235 4067.22983 70.00000
v 15507.17235 4065.49778 70.00000
v 15509.17235 4065.49778 70.00000
v 15510.17235 4067.22983 70.00000
v 15509.17235 4068.96188 70.00000
v 15507.17235 4068.96188 70.00000
v 15506.17235 4067.22983 4760.83777
v 15507.17235 4065.49778 4760.83777
v 15509.17235 4065.49778 4760.83777
v 15510.17235 4067.22983 4760.83777
v 15509.17235 4068.96188 4760.83777
v 15507.17235 4068.96188 4760.83777
v 15506.17235 4321.43169 70.00000
v 15507.17235 4319.69964 70.00000
v 15509.17235 4319.69964 70.00000
v 15510.17235 4321.43169 70.00000
v 15509.17235 4323.16375 70.00000
v 15507.17235 4323.16375 70.00000
v 15506.17235 4321.43169 4760.83777
v 15507.17235 4319.69964 4760.83777
v 15509.17235 4319.69964 4760.83777
v 15510.17235 4321.43169 4760.83777
v 15509.17235 4323.16375 4760.83777
v 15507.17235 4323.16375 4760.83777
v 15506.17235 4575.63356 70.00000
v 15507.17235 4573.90151 70.00000
v 15509.17235 4573.90151 70.00000
v 15510.17235 4575.63356 70.00000
v 15509.17235 4577.36561 70.00000
v 15507.17235 4577.36561 70.00000
v 15506.17235 4575.63356 4760.83777
v 15507.17235 4573.90151 4760.83777
v 15509.17235 4573.90151 4760.83777
v 15510.17235 4575.63356 4760.83777
v 15509.17235 4577.36561 4760.83777
v 15507.17235 4577.36561 4760.83777
v 15506.17235 4829.83542 70.00000
v 15507.17235 4828.10337 70.00000
v 15509.17235 4828.10337 70.00000
v 15510.17235 4829.83542 70.00000
v 15509.17235 4831.56747 70.00000
v 15507.17235 4831.56747 70.00000
v 15506.17235 4829.83542 4760.83777
v 15507.17235 4828.10337 4760.83777
v 15509.17235 4828.10337 4760.83777
v 15510.17235 4829.83542 4760.83777
v 15509.17235 4831.56747 4760.83777
v 15507.17235 4831.56747 4760.83777
v 15510.17235 -4829.83542 70.00000
v 15509.17235 -4829.83542 68.26795
v 15507.17235 -4829.83542 68.26795
v 15506.17235 -4829.83542 70.00000
v 15507.17235 -4829.83542 71.73205
v 15509.17235 -4829.83542 71.73205
v 15510.17235 4829.83542 70.00000
v 15509.17235 4829.83542 68.26795
v 15507.17235 4829.83542 68.26795
v 15506.17235 4829.83542 70.00000
v 15507.17235 4829.83542 71.73205
v 15509.17235 4829.83542 71.73205
v 15510.17235 -4829.83542 316.88620
v 15509.17235 -4829.83542 315.15415
v 15507.17235 -4829.83542 315.15415
v 15506.17235 -4829.83542 316.88620
v 15507.17235 -4829.83542 318.61825
v 15509.17235 -4829.83542 318.61825
v 15510.17235 4829.83542 316.88620
v 15509.17235 4829.83542 315.15415
v 15507.17235 4829.83542 315.15415
v 15506.17235 4829.83542 316.88620
v 15507.17235 4829.83542 318.61825
v 15509.17235 4829.83542 318.61825
v 15510.17235 -4829.83542 563.77240
v 15509.17235 -4829.83542 562.04035
v 15507.17235 -4829.83542 562.04035
v 15506.17235 -4829.83542 563.77240
v 15507.17235 -4829.83542 565.50445
v 15509.17235 -4829.83542 565.50445
v 15510.17235 4829.83542 563.77240
v 15509.17235 4829.83542 562.04035
v 15507.17235 4829.83542 562.04035
v 15506.17235 4829.83542 563.77240
v 15507.17235 4829.83542 565.50445
v 15509.17235 4829.83542 565.50445
v 15510.17235 -4829.83542 810.65860
v 15509.17235 -4829.83542 808.92655
v 15507.17235 -4829.83542 808.92655
v 15506.17235 -4829.83542 810.65860
v 15507.17235 -4829.83542 812.39065
v 15509.17235 -4829.83542 812.39065
v 15510.17235 4829.83542 810.65860
v 15509.17235 4829.83542 808.92655
v 15507.17235 4829.83542 808.92655
v 15506.17235 4829.83542 810.65860
v 15507.17235 4829.83542 812.39065
v 15509.17235 4829.83542 812.39065
v 15510.17235 -4829.83542 1057.54479
v 15509.17235 -4829.83542 1055.81274
v 15507.17235 -4829.83542 1055.81274
v 15506.17235 -4829.83542 1057.54479
v 15507.17235 -4829.83542 1059.27685
v 15509.17235 -4829.83542 1059.27685
v 15510.17235 4829.83542 1057.54479
v 15509.17235 4829.83542 1055.81274
v 15507.17235 4829.83542 1055.81274
v 15506.17235 4829.83542 1057.54479
v 15507.17235 4829.83542 1059.27685
v 15509.17235 4829.83542 1059.27685
v 15510.17235 -4829.83542 1304.43099
v 15509.17235 -4829.83542 1302.69894
v 15507.17235 -4829.83542 1302.69894
v 15506.17235 -4829.83542 1304.43099
v 15507.17235 -4829.83542 1306.16304
v 15509.17235 -4829.83542 1306.16304
v 15510.17235 4829.83542 1304.43099
v 15509.17235 4829.83542 1302.69894
v 15507.17235 4829.83542 1302.69894
v 15506.17235 4829.83542 1304.43099
v 15507.17235 4829.83542 1306.16304
v 15509.17235 4829.83542 1306.16304
v 15510.17235 -4829.83542 1551.31719
v 15509.17235 -4829.83542 1549.58514
v 15507.17235 -4829.83542 1549.58514
v 15506.17235 -4829.83542 1551.31719
v 15507.17235 -4829.83542 1553.04924
v 15509.17235 -4829.83542 1553.04924
v 15510.17235 4829.83542 1551.31719
v 15509.17235 4829.83542 1549.58514
v 15507.17235 4829.83542 1549.58514
v 15506.17235 4829.83542 1551.31719
v 15507.17235 4829.83542 1553.04924
v 15509.17235 4829.83542 1553.04924
v 15510.17235 -4829.83542 1798.20339
v 15509.17235 -4829.83542 1796.47134
v 15507.17235 -4829.83542 1796.47134
v 15506.17235 -4829.83542 1798.20339
v 15507.17235 -4829.83542 1799.93544
v 15509.17235 -4829.83542 1799.93544
v 15510.17235 4829.83542 1798.20339
v 15509.17235 4829.83542 1796.47134
v 15507.17235 4829.83542 1796.47134
v 15506.17235 4829.83542 1798.20339
v 15507.17235 4829.83542 1799.93544
v 15509.17235 4829.83542 1799.93544
v 15510.17235 -4829.83542 2045.08959
v 15509.17235 -4829.83542 2043.35754
v 15507.17235 -4829.83542 2043.35754
v 15506.17235 -4829.83542 2045.08959
v 15507.17235 -4829.83542 2046.82164
v 15509.17235 -4829.83542 2046.82164
v 15510.17235 4829.83542 2045.08959
v 15509.17235 4829.83542 2043.35754
v 15507.17235 4829.83542 2043.35754
v 15506.17235 4829.83542 2045.08959
v 15507.17235 4829.83542 2046.82164
v 15509.17235 4829.83542 2046.82164
v 15510.17235 -4829.83542 2291.97579
v 15509.17235 -4829.83542 2290.24374
v 15507.17235 -4829.83542 2290.24374
v 15506.17235 -4829.83542 2291.97579
v 15507.17235 -4829.83542 2293.70784
v 15509.17235 -4829.83542 2293.70784
v 15510.17235 4829.83542 2291.97579
v 15509.17235 4829.83542 2290.24374
v 15507.17235 4829.83542 2290.24374
v 15506.17235 4829.83542 2291.97579
v 15507.17235 4829.83542 2293.70784
v 15509.17235 4829.83542 2293.70784
v 15510.17235 -4829.83542 2538.86199
v 15509.17235 -4829.83542 2537.12994
v 15507.17235 -4829.83542 2537.12994
v 15506.17235 -4829.83542 2538.86199
v 15507.17235 -4829.83542 2540.59404
v 15509.17235 -4829.83542 2540.59404
v 15510.17235 4829.83542 2538.86199
v 15509.17235 4829.83542 2537.12994
v 15507.17235 4829.83542 2537.12994
v 15506.17235 4829.83542 2538.86199
v 15507.17235 4829.83542 2540.59404
v 15509.17235 4829.83542 2540.59404
v 15510.17235 -4829.83542 2785.74819
v 15509.17235 -4829.83542 2784.01613
v 15507.17235 -4829.83542 2784.01613
v 15506.17235 -4829.83542 2785.74819
v 15507.17235 -4829.83542 2787.48024
v 15509.17235 -4829.83542 2787.48024
v 15510.17235 4829.83542 2785.74819
v 15509.17235 4829.83542 2784.01613
v 15507.17235 4829.83542 2784.01613
v 15506.17235 4829.83542 2785.74819
v 15507.17235 4829.83542 2787.48024
v 15509.17235 4829.83542 2787.48024
v 15510.17235 -4829.83542 3032.63438
v 15509.17235 -4829.83542 3030.90233
v 15507.17235 -4829.83542 3030.90233
v 15506.17235 -4829.83542 3032.63438
v 15507.17235 -4829.83542 3034.36643
v 15509.17235 -4829.83542 3034.36643
v 15510.17235 4829.83542 3032.63438
v 15509.17235 4829.83542 3030.90233
v 15507.17235 4829.83542 3030.90233
v 15506.17235 4829.83542 3032.63438
v 15507.17235 4829.83542 3034.36643
v 15509.17235 4829.83542 3034.36643
v 15510.17235 -4829.83542 3279.52058
v 15509.17235 -4829.83542 3277.78853
v 15507.17235 -4829.83542 3277.78853
v 15506.17235 -4829.83542 3279.52058
v 15507.17235 -4829.83542 3281.25263
v 15509.17235 -4829.83542 3281.25263
v 15510.17235 4829.83542 3279.52058
v 15509.17235 4829.83542 3277.78853
v 15507.17235 4829.83542 3277.78853
v 15506.17235 4829.83542 3279.52058
v 15507.17235 4829.83542 3281.25263
v 15509.17235 4829.83542 3281.25263
v 15510.17235 -4829.83542 3526.40678
v 15509.17235 -4829.83542 3524.67473
v 15507.17235 -4829.83542 3524.67473
v 15506.17235 -4829.83542 3526.40678
v 15507.17235 -4829.83542 3528.13883
v 15509.17235 -4829.83542 3528.13883
v 15510.17235 4829.83542 3526.40678
v 15509.17235 4829.83542 3524.67473
v 15507.17235 4829.83542 3524.67473
v 15506.17235 4829.83542 3526.40678
v 15507.17235 4829.83542 3528.13883
v 15509.17235 4829.83542 3528.13883
v 15510.17235 -4829.83542 3773.29298
v 15509.17235 -4829.83542 3771.56093
v 15507.17235 -4829.83542 3771.56093
v 15506.17235 -4829.83542 3773.29298
v 15507.17235 -4829.83542 3775.02503
v 15509.17235 -4829.83542 3775.02503
v 15510.17235 4829.83542 3773.29298
v 15509.17235 4829.83542 3771.56093
v 15507.17235 4829.83542 3771.56093
v 15506.17235 4829.83542 3773.29298
v 15507.17235 4829.83542 3775.02503
v 15509.17235 4829.83542 3775.02503
v 15510.17235 -4829.83542 4020.17918
v 15509.17235 -4829.83542 4018.44713
v 15507.17235 -4829.83542 4018.44713
v 15506.17235 -4829.83542 4020.17918
v 15507.17235 -4829.83542 4021.91123
v 15509.17235 -4829.83542 4021.91123
v 15510.17235 4829.83542 4020.17918
v 15509.17235 4829.83542 4018.44713
v 15507.17235 4829.83542 4018.44713
v 15506.17235 4829.83542 4020.17918
v 15507.17235 4829.83542 4021.91123
v 15509.17235 4829.83542 4021.91123
v 15510.17235 -4829.83542 4267.06538
v 15509.17235 -4829.83542 4265.33333
v 15507.17235 -4829.83542 4265.33333
v 15506.17235 -4829.83542 4267.06538
v 15507.17235 -4829.83542 4268.79743
v 15509.17235 -4829.83542 4268.79743
v 15510.17235 4829.83542 4267.06538
v 15509.17235 4829.83542 4265.33333
v 15507.17235 4829.83542 4265.33333
v 15506.17235 4829.83542 4267.06538
v 15507.17235 4829.83542 4268.79743
v 15509.17235 4829.83542 4268.79743
v 15510.17235 -4829.83542 4513.95158
v 15509.17235 -4829.83542 4512.21953
v 15507.17235 -4829.83542 4512.21953
v 15506.17235 -4829.83542 4513.95158
v 15507.17235 -4829.83542 4515.68363
v 15509.17235 -4829.83542 4515.68363
v 15510.17235 4829.83542 4513.95158
v 15509.17235 4829.83542 4512.21953
v 15507.17235 4829.83542 4512.21953
v 15506.17235 4829.83542 4513.95158
v 15507.17235 4829.83542 4515.68363
v 15509.17235 4829.83542 4515.68363
v 15510.17235 -4829.83542 4760.83777
v 15509.17235 -4829.83542 4759.10572
v 15507.17235 -4829.83542 4759.10572
v 15506.17235 -4829.83542 4760.83777
v 15507.17235 -4829.83542 4762.56983
v 15509.17235 -4829.83542 4762.56983
v 15510.17235 4829.83542 4760.83777
v 15509.17235 4829.83542 4759.10572
v 15507.17235 4829.83542 4759.10572
v 15506.17235 4829.83542 4760.83777
v 15507.17235 4829.83542 4762.56983
v 15509.17235 4829.83542 4762.56983
f 1 2 8 7
f 2 3 9 8
f 3 4 10 9
f 4 5 11 10
f 5 6 12 11
f 6 1 7 12
f 6 5 4 3 2 1
f 7 8 9 10 11 12
f 13 14 20 19
f 14 15 21 20
f 15 16 22 21
f 16 17 23 22
f 17 18 24 23
f 18 13 19 24
f 18 17 16 15 14 13
f 19 20 21 22 23 24
f 25 26 32 31
f 26 27 33 32
f 27 28 34 33
f 28 29 35 34
f 29 30 36 35
f 30 25 31 36
f 30 29 28 27 26 25
f 31 32 33 34 35 36
f 37 38 44 43
f 38 39 45 44
f 39 40 46 45
f 40 41 47 46
f 41 42 48 47
f 42 37 43 48
f 42 41 40 39 38 37
f 43 44 45 46 47 48
f 49 50 56 55
f 50 51 57 56
f 51 52 58 57
f 52 53 59 58
f 53 54 60 59
f 54 49 55 60
f 54 53 52 51 50 49
f 55 56 57 58 59 60
f 61 62 68 67
f 62 63 69 68
f 63 64 70 69
f 64 65 71 70
f 65 66 72 71
f 66 61 67 72
f 66 65 64 63 62 61
f 67 68 69 70 71 72
f 73 74 80 79
f 74 75 81 80
f 75 76 82 81
f 76 77 83 82
f 77 78 84 83
f 78 73 79 84
f 78 77 76 75 74 73
f 79 80 81 82 83 84
f 85 86 92 91
f 86 87 93 92
f 87 88 94 93
f 88 89 95 94
f 89 90 96 95
f 90 85 91 96
f 90 89 88 87 86 85
f 91 92 93 94 95 96
f 97 98 104 103
f 98 99 105 104
f 99 100 106 105
f 100 101 107 106
f 101 102 108 107
f 102 97 103 108
f 102 101 100 99 98 97
f 103 104 105 106 107 108
f 109 110 116 115
f 110 111 117 116
f 111 112 118 117
f 112 113 119 118
f 113 114 120 119
f 114 109 115 120
f 114 113 112 111 110 109
f 115 116 117 118 119 120
f 121 122 128 127
f 122 123 129 128
f 123 124 130 129
f 124 125 131 130
f 125 126 132 131
f 126 121 127 132
f 126 125 124 123 122 121
f 127 128 129 130 131 132
f 133 134 140 139
f 134 135 141 140
f 135 136 142 141
f 136 137 143 142
f 137 138 144 143
f 138 133 139 144
f 138 137 136 135 134 133
f 139 140 141 142 143 144
f 145 146 152 151
f 146 147 153 152
f 147 148 154 153
f 148 149 155 154
f 149 150 156 155
f 150 145 151 156
f 150 149 148 147 146 145
f 151 152 153 154 155 156
f 157 158 164 163
f 158 159 165 164
f 159 160 166 165
f 160 161 167 166
f 161 162 168 167
f 162 157 163 168
f 162 161 160 159 158 157
f 163 164 165 166 167 168
f 169 170 176 175
f 170 171 177 176
f 171 172 178 177
f 172 173 179 178
f 173 174 180 179
f 174 169 175 180
f 174 173 172 171 170 169
f 175 176 177 178 179 180
f 181 182 188 187
f 182 183 189 188
f 183 184 190 189
f 184 185 191 190
f 185 186 192 191
f 186 181 187 192
f 186 185 184 183 182 181
f 187 188 189 190 191 192
f 193 194 200 199
f 194 195 201 200
f 195 196 202 201
f 196 197 203 202
f 197 198 204 203
f 198 193 199 204
f 198 197 196 195 194 193
f 199 200 201 202 203 204
f 205 206 212 211
f 206 207 213 212
f 207 208 214 213
f 208 209 215 214
f 209 210 216 215
f 210 205 211 216
f 210 209 208 207 206 205
f 211 212 213 214 215 216
f 217 218 224 223
f 218 219 225 224
f 219 220 226 225
f 220 221 227 226
f 221 222 228 227
f 222 217 223 228
f 222 221 220 219 218 217
f 223 224 225 226 227 228
f 229 230 236 235
f 230 231 237 236
f 231 232 238 237
f 232 233 239 238
f 233 234 240 239
f 234 229 235 240
f 234 233 232 231 230 229
f 235 236 237 238 239 240
f 241 242 248 247
f 242 243 249 248
f 243 244 250 249
f 244 245 251 250
f 245 246 252 251
f 246 241 247 252
f 246 245 244 243 242 241
f 247 248 249 250 251 252
f 253 254 260 259
f 254 255 261 260
f 255 256 262 261
f 256 257 263 262
f 257 258 264 263
f 258 253 259 264
f 258 257 256 255 254 253
f 259 260 261 262 263 264
f 265 266 272 271
f 266 267 273 272
f 267 268 274 273
f 268 269 275 274
f 269 270 276 275
f 270 265 271 276
f 270 269 268 267 266 265
f 271 272 273 274 275 276
f 277 278 284 283
f 278 279 285 284
f 279 280 286 285
f 280 281 287 286
f 281 282 288 287
f 282 277 283 288
f 282 281 280 279 278 277
f 283 284 285 286 287 288
f 289 290 296 295
f 290 291 297 296
f 291 292 298 297
f 292 293 299 298
f 293 294 300 299
f 294 289 295 300
f 294 293 292 291 290 289
f 295 296 297 298 299 300
f 301 302 308 307
f 302 303 309 308
f 303 304 310 309
f 304 305 311 310
f 305 306 312 311
f 306 301 307 312
f 306 305 304 303 302 301
f 307 308 309 310 311 312
f 313 314 320 319
f 314 315 321 320
f 315 316 322 321
f 316 317 323 322
f 317 318 324 323
f 318 313 319 324
f 318 317 316 315 314 313
f 319 320 321 322 323 324
f 325 326 332 331
f 326 327 333 332
f 327 328 334 333
f 328 329 335 334
f 329 330 336 335
f 330 325 331 336
f 330 329 328 327 326 325
f 331 332 333 334 335 336
f 337 338 344 343
f 338 339 345 344
f 339 340 346 345
f 340 341 347 346
f 341 342 348 347
f 342 337 343 348
f 342 341 340 339 338 337
f 343 344 345 346 347 348
f 349 350 356 355
f 350 351 357 356
f 351 352 358 357
f 352 353 359 358
f 353 354 360 359
f 354 349 355 360
f 354 353 352 351 350 349
f 355 356 357 358 359 360
f 361 362 368 367
f 362 363 369 368
f 363 364 370 369
f 364 365 371 370
f 365 366 372 371
f 366 361 367 372
f 366 365 364 363 362 361
f 367 368 369 370 371 372
f 373 374 380 379
f 374 375 381 380
f 375 376 382 381
f 376 377 383 382
f 377 378 384 383
f 378 373 379 384
f 378 377 376 375 374 373
f 379 380 381 382 383 384
f 385 386 392 391
f 386 387 393 392
f 387 388 394 393
f 388 389 395 394
f 389 390 396 395
f 390 385 391 396
f 390 389 388 387 386 385
f 391 392 393 394 395 396
f 397 398 404 403
f 398 399 405 404
f 399 400 406 405
f 400 401 407 406
f 401 402 408 407
f 402 397 403 408
f 402 401 400 399 398 397
f 403 404 405 406 407 408
f 409 410 416 415
f 410 411 417 416
f 411 412 418 417
f 412 413 419 418
f 413 414 420 419
f 414 409 415 420
f 414 413 412 411 410 409
f 415 416 417 418 419 420
f 421 422 428 427
f 422 423 429 428
f 423 424 430 429
f 424 425 431 430
f 425 426 432 431
f 426 421 427 432
f 426 425 424 423 422 421
f 427 428 429 430 431 432
f 433 434 440 439
f 434 435 441 440
f 435 436 442 441
f 436 437 443 442
f 437 438 444 443
f 438 433 439 444
f 438 437 436 435 434 433
f 439 440 441 442 443 444
f 445 446 452 451
f 446 447 453 452
f 447 448 454 453
f 448 449 455 454
f 449 450 456 455
f 450 445 451 456
f 450 449 448 447 446 445
f 451 452 453 454 455 456
f 457 458 464 463
f 458 459 465 464
f 459 460 466 465
f 460 461 467 466
f 461 462 468 467
f 462 457 463 468
f 462 461 460 459 458 457
f 463 464 465 466 467 468
f 469 470 476 475
f 470 471 477 476
f 471 472 478 477
f 472 473 479 478
f 473 474 480 479
f 474 469 475 480
f 474 473 472 471 470 469
f 475 476 477 478 479 480
f 481 482 488 487
f 482 483 489 488
f 483 484 490 489
f 484 485 491 490
f 485 486 492 491
f 486 481 487 492
f 486 485 484 483 482 481
f 487 488 489 490 491 492
f 493 494 500 499
f 494 495 501 500
f 495 496 502 501
f 496 497 503 502
f 497 498 504 503
f 498 493 499 504
f 498 497 496 495 494 493
f 499 500 501 502 503 504
f 505 506 512 511
f 506 507 513 512
f 507 508 514 513
f 508 509 515 514
f 509 510 516 515
f 510 505 511 516
f 510 509 508 507 506 505
f 511 512 513 514 515 516
f 517 518 524 523
f 518 519 525 524
f 519 520 526 525
f 520 521 527 526
f 521 522 528 527
f 522 517 523 528
f 522 521 520 519 518 517
f 523 524 525 526 527 528
f 529 530 536 535
f 530 531 537 536
f 531 532 538 537
f 532 533 539 538
f 533 534 540 539
f 534 529 535 540
f 534 533 532 531 530 529
f 535 536 537 538 539 540
f 541 542 548 547
f 542 543 549 548
f 543 544 550 549
f 544 545 551 550
f 545 546 552 551
f 546 541 547 552
f 546 545 544 543 542 541
f 547 548 549 550 551 552
f 553 554 560 559
f 554 555 561 560
f 555 556 562 561
f 556 557 563 562
f 557 558 564 563
f 558 553 559 564
f 558 557 556 555 554 553
f 559 560 561 562 563 564
f 565 566 572 571
f 566 567 573 572
f 567 568 574 573
f 568 569 575 574
f 569 570 576 575
f 570 565 571 576
f 570 569 568 567 566 565
f 571 572 573 574 575 576
f 577 578 584 583
f 578 579 585 584
f 579 580 586 585
f 580 581 587 586
f 581 582 588 587
f 582 577 583 588
f 582 581 580 579 578 577
f 583 584 585 586 587 588
f 589 590 596 595
f 590 591 597 596
f 591 592 598 597
f 592 593 599 598
f 593 594 600 599
f 594 589 595 600
f 594 593 592 591 590 589
f 595 596 597 598 599 600
f 601 602 608 607
f 602 603 609 608
f 603 604 610 609
f 604 605 611 610
f 605 606 612 611
f 606 601 607 612
f 606 605 604 603 602 601
f 607 608 609 610 611 612
f 613 614 620 619
f 614 615 621 620
f 615 616 622 621
f 616 617 623 622
f 617 618 624 623
f 618 613 619 624
f 618 617 616 615 614 613
f 619 620 621 622 623 624
f 625 626 632 631
f 626 627 633 632
f 627 628 634 633
f 628 629 635 634
f 629 630 636 635
f 630 625 631 636
f 630 629 628 627 626 625
f 631 632 633 634 635 636
f 637 638 644 643
f 638 639 645 644
f 639 640 646 645
f 640 641 647 646
f 641 642 648 647
f 642 637 643 648
f 642 641 640 639 638 637
f 643 644 645 646 647 648
f 649 650 656 655
f 650 651 657 656
f 651 652 658 657
f 652 653 659 658
f 653 654 660 659
f 654 649 655 660
f 654 653 652 651 650 649
f 655 656 657 658 659 660
f 661 662 668 667
f 662 663 669 668
f 663 664 670 669
f 664 665 671 670
f 665 666 672 671
f 666 661 667 672
f 666 665 664 663 662 661
f 667 668 669 670 671 672
f 673 674 680 679
f 674 675 681 680
f 675 676 682 681
f 676 677 683 682
f 677 678 684 683
f 678 673 679 684
f 678 677 676 675 674 673
f 679 680 681 682 683 684
f 685 686 692 691
f 686 687 693 692
f 687 688 694 693
f 688 689 695 694
f 689 690 696 695
f 690 685 691 696
f 690 689 688 687 686 685
f 691 692 693 694 695 696
f 697 698 704 703
f 698 699 705 704
f 699 700 706 705
f 700 701 707 706
f 701 702 708 707
f 702 697 703 708
f 702 701 700 699 698 697
f 703 704 705 706 707 708
f 709 710 716 715
f 710 711 717 716
f 711 712 718 717
f 712 713 719 718
f 713 714 720 719
f 714 709 715 720
f 714 713 712 711 710 709
f 715 716 717 718 719 720
f 721 722 728 727
f 722 723 729 728
f 723 724 730 729
f 724 725 731 730
f 725 726 732 731
f 726 721 727 732
f 726 725 724 723 722 721
f 727 728 729 730 731 732
f 733 734 740 739
f 734 735 741 740
f 735 736 742 741
f 736 737 743 742
f 737 738 744 743
f 738 733 739 744
f 738 737 736 735 734 733
f 739 740 741 742 743 744
f 745 746 752 751
f 746 747 753 752
f 747 748 754 753
f 748 749 755 754
f 749 750 756 755
f 750 745 751 756
f 750 749 748 747 746 745
f 751 752 753 754 755 756
f 757 758 764 763
f 758 759 765 764
f 759 760 766 765
f 760 761 767 766
f 761 762 768 767
f 762 757 763 768
f 762 761 760 759 758 757
f 763 764 765 766 767 768
f 769 770 776 775
f 770 771 777 776
f 771 772 778 777
f 772 773 779 778
f 773 774 780 779
f 774 769 775 780
f 774 773 772 771 770 769
f 775 776 777 778 779 780
f 781 782 788 787
f 782 783 789 788
f 783 784 790 789
f 784 785 791 790
f 785 786 792 791
f 786 781 787 792
f 786 785 784 783 782 781
f 787 788 789 790 791 792
f 793 794 800 799
f 794 795 801 800
f 795 796 802 801
f 796 797 803 802
f 797 798 804 803
f 798 793 799 804
f 798 797 796 795 794 793
f 799 800 801 802 803 804
f 805 806 812 811
f 806 807 813 812
f 807 808 814 813
f 808 809 815 814
f 809 810 816 815
f 810 805 811 816
f 810 809 808 807 806 805
f 811 812 813 814 815 816
f 817 818 824 823
f 818 819 825 824
f 819 820 826 825
f 820 821 827 826
f 821 822 828 827
f 822 817 823 828
f 822 821 820 819 818 817
f 823 824 825 826 827 828
f 829 830 836 835
f 830 831 837 836
f 831 832 838 837
f 832 833 839 838
f 833 834 840 839
f 834 829 835 840
f 834 833 832 831 830 829
f 835 836 837 838 839 840
f 841 842 848 847
f 842 843 849 848
f 843 844 850 849
f 844 845 851 850
f 845 846 852 851
f 846 841 847 852
f 846 845 844 843 842 841
f 847 848 849 850 851 852
f 853 854 860 859
f 854 855 861 860
f 855 856 862 861
f 856 857 863 862
f 857 858 864 863
f 858 853 859 864
f 858 857 856 855 854 853
f 859 860 861 862 863 864
f 865 866 872 871
f 866 867 873 872
f 867 868 874 873
f 868 869 875 874
f 869 870 876 875
f 870 865 871 876
f 870 869 868 867 866 865
f 871 872 873 874 875 876
f 877 878 884 883
f 878 879 885 884
f 879 880 886 885
f 880 881 887 886
f 881 882 888 887
f 882 877 883 888
f 882 881 880 879 878 877
f 883 884 885 886 887 888
f 889 890 896 895
f 890 891 897 896
f 891 892 898 897
f 892 893 899 898
f 893 894 900 899
f 894 889 895 900
f 894 893 892 891 890 889
f 895 896 897 898 899 900
f 901 902 908 907
f 902 903 909 908
f 903 904 910 909
f 904 905 911 910
f 905 906 912 911
f 906 901 907 912
f 906 905 904 903 902 901
f 907 908 909 910 911 912
f 913 914 920 919
f 914 915 921 920
f 915 916 922 921
f 916 917 923 922
f 917 918 924 923
f 918 913 919 924
f 918 917 916 915 914 913
f 919 920 921 922 923 924
f 925 926 932 931
f 926 927 933 932
f 927 928 934 933
f 928 929 935 934
f 929 930 936 935
f 930 925 931 936
f 930 929 928 927 926 925
f 931 932 933 934 935 936
f 937 938 944 943
f 938 939 945 944
f 939 940 946 945
f 940 941 947 946
f 941 942 948 947
f 942 937 943 948
f 942 941 940 939 938 937
f 943 944 945 946 947 948
f 949 950 956 955
f 950 951 957 956
f 951 952 958 957
f 952 953 959 958
f 953 954 960 959
f 954 949 955 960
f 954 953 952 951 950 949
f 955 956 957 958 959 960
f 961 962 968 967
f 962 963 969 968
f 963 964 970 969
f 964 965 971 970
f 965 966 972 971
f 966 961 967 972
f 966 965 964 963 962 961
f 967 968 969 970 971 972
f 973 974 980 979
f 974 975 981 980
f 975 976 982 981
f 976 977 983 982
f 977 978 984 983
f 978 973 979 984
f 978 977 976 975 974 973
f 979 980 981 982 983 984
f 985 986 992 991
f 986 987 993 992
f 987 988 994 993
f 988 989 995 994
f 989 990 996 995
f 990 985 991 996
f 990 989 988 987 986 985
f 991 992 993 994 995 996
f 997 998 1004 1003
f 998 999 1005 1004
f 999 1000 1006 1005
f 1000 1001 1007 1006
f 1001 1002 1008 1007
f 1002 997 1003 1008
f 1002 1001 1000 999 998 997
f 1003 1004 1005 1006 1007 1008
f 1009 1010 1016 1015
f 1010 1011 1017 1016
f 1011 1012 1018 1017
f 1012 1013 1019 1018
f 1013 1014 1020 1019
f 1014 1009 1015 1020
f 1014 1013 1012 1011 1010 1009
f 1015 1016 1017 1018 1019 1020
f 1021 1022 1028 1027
f 1022 1023 1029 1028
f 1023 1024 1030 1029
f 1024 1025 1031 1030
f 1025 1026 1032 1031
f 1026 1021 1027 1032
f 1026 1025 1024 1023 1022 1021
f 1027 1028 1029 1030 1031 1032
f 1033 1034 1040 1039
f 1034 1035 1041 1040
f 1035 1036 1042 1041
f 1036 1037 1043 1042
f 1037 1038 1044 1043
f 1038 1033 1039 1044
f 1038 1037 1036 1035 1034 1033
f 1039 1040 1041 1042 1043 1044
f 1045 1046 1052 1051
f 1046 1047 1053 1052
f 1047 1048 1054 1053
f 1048 1049 1055 1054
f 1049 1050 1056 1055
f 1050 1045 1051 1056
f 1050 1049 1048 1047 1046 1045
f 1051 1052 1053 1054 1055 1056
f 1057 1058 1064 1063
f 1058 1059 1065 1064
f 1059 1060 1066 1065
f 1060 1061 1067 1066
f 1061 1062 1068 1067
f 1062 1057 1063 1068
f 1062 1061 1060 1059 1058 1057
f 1063 1064 1065 1066 1067 1068
f 1069 1070 1076 1075
f 1070 1071 1077 1076
f 1071 1072 1078 1077
f 1072 1073 1079 1078
f 1073 1074 1080 1079
f 1074 1069 1075 1080
f 1074 1073 1072 1071 1070 1069
f 1075 1076 1077 1078 1079 1080
f 1081 1082 1088 1087
f 1082 1083 1089 1088
f 1083 1084 1090 1089
f 1084 1085 1091 1090
f 1085 1086 1092 1091
f 1086 1081 1087 1092
f 1086 1085 1084 1083 1082 1081
f 1087 1088 1089 1090 1091 1092
f 1093 1094 1100 1099
f 1094 1095 1101 1100
f 1095 1096 1102 1101
f 1096 1097 1103 1102
f 1097 1098 1104 1103
f 1098 1093 1099 1104
f 1098 1097 1096 1095 1094 1093
f 1099 1100 1101 1102 1103 1104
f 1105 1106 1112 1111
f 1106 1107 1113 1112
f 1107 1108 1114 1113
f 1108 1109 1115 1114
f 1109 1110 1116 1115
f 1110 1105 1111 1116
f 1110 1109 1108 1107 1106 1105
f 1111 1112 1113 1114 1115 1116
f 1117 1118 1124 1123
f 1118 1119 1125 1124
f 1119 1120 1126 1125
f 1120 1121 1127 1126
f 1121 1122 1128 1127
f 1122 1117 1123 1128
f 1122 1121 1120 1119 1118 1117
f 1123 1124 1125 1126 1127 1128
f 1129 1130 1136 1135
f 1130 1131 1137 1136
f 1131 1132 1138 1137
f 1132 1133 1139 1138
f 1133 1134 1140 1139
f 1134 1129 1135 1140
f 1134 1133 1132 1131 1130 1129
f 1135 1136 1137 1138 1139 1140
f 1141 1142 1148 1147
f 1142 1143 1149 1148
f 1143 1144 1150 1149
f 1144 1145 1151 1150
f 1145 1146 1152 1151
f 1146 1141 1147 1152
f 1146 1145 1144 1143 1142 1141
f 1147 1148 1149 1150 1151 1152
f 1153 1154 1160 1159
f 1154 1155 1161 1160
f 1155 1156 1162 1161
f 1156 1157 1163 1162
f 1157 1158 1164 1163
f 1158 1153 1159 1164
f 1158 1157 1156 1155 1154 1153
f 1159 1160 1161 1162 1163 1164
f 1165 1166 1172 1171
f 1166 1167 1173 1172
f 1167 1168 1174 1173
f 1168 1169 1175 1174
f 1169 1170 1176 1175
f 1170 1165 1171 1176
f 1170 1169 1168 1167 1166 1165
f 1171 1172 1173 1174 1175 1176
f 1177 1178 1184 1183
f 1178 1179 1185 1184
f 1179 1180 1186 1185
f 1180 1181 1187 1186
f 1181 1182 1188 1187
f 1182 1177 1183 1188
f 1182 1181 1180 1179 1178 1177
f 1183 1184 1185 1186 1187 1188
f 1189 1190 1196 1195
f 1190 1191 1197 1196
f 1191 1192 1198 1197
f 1192 1193 1199 1198
f 1193 1194 1200 1199
f 1194 1189 1195 1200
f 1194 1193 1192 1191 1190 1189
f 1195 1196 1197 1198 1199 1200
f 1201 1202 1208 1207
f 1202 1203 1209 1208
f 1203 1204 1210 1209
f 1204 1205 1211 1210
f 1205 1206 1212 1211
f 1206 1201 1207 1212
f 1206 1205 1204 1203 1202 1201
f 1207 1208 1209 1210 1211 1212
f 1213 1214 1220 1219
f 1214 1215 1221 1220
f 1215 1216 1222 1221
f 1216 1217 1223 1222
f 1217 1218 1224 1223
f 1218 1213 1219 1224
f 1218 1217 1216 1215 1214 1213
f 1219 1220 1221 1222 1223 1224
f 1225 1226 1232 1231
f 1226 1227 1233 1232
f 1227 1228 1234 1233
f 1228 1229 1235 1234
f 1229 1230 1236 1235
f 1230 1225 1231 1236
f 1230 1229 1228 1227 1226 1225
f 1231 1232 1233 1234 1235 1236
f 1237 1238 1244 1243
f 1238 1239 1245 1244
f 1239 1240 1246 1245
f 1240 1241 1247 1246
f 1241 1242 1248 1247
f 1242 1237 1243 1248
f 1242 1241 1240 1239 1238 1237
f 1243 1244 1245 1246 1247 1248
f 1249 1250 1256 1255
f 1250 1251 1257 1256
f 1251 1252 1258 1257
f 1252 1253 1259 1258
f 1253 1254 1260 1259
f 1254 1249 1255 1260
f 1254 1253 1252 1251 1250 1249
f 1255 1256 1257 1258 1259 1260
f 1261 1262 1268 1267
f 1262 1263 1269 1268
f 1263 1264 1270 1269
f 1264 1265 1271 1270
f 1265 1266 1272 1271
f 1266 1261 1267 1272
f 1266 1265 1264 1263 1262 1261
f 1267 1268 1269 1270 1271 1272
f 1273 1274 1280 1279
f 1274 1275 1281 1280
f 1275 1276 1282 1281
f 1276 1277 1283 1282
f 1277 1278 1284 1283
f 1278 1273 1279 1284
f 1278 1277 1276 1275 1274 1273
f 1279 1280 1281 1282 1283 1284
f 1285 1286 1292 1291
f 1286 1287 1293 1292
f 1287 1288 1294 1293
f 1288 1289 1295 1294
f 1289 1290 1296 1295
f 1290 1285 1291 1296
f 1290 1289 1288 1287 1286 1285
f 1291 1292 1293 1294 1295 1296
f 1297 1298 1304 1303
f 1298 1299 1305 1304
f 1299 1300 1306 1305
f 1300 1301 1307 1306
f 1301 1302 1308 1307
f 1302 1297 1303 1308
f 1302 1301 1300 1299 1298 1297
f 1303 1304 1305 1306 1307 1308
f 1309 1310 1316 1315
f 1310 1311 1317 1316
f 1311 1312 1318 1317
f 1312 1313 1319 1318
f 1313 1314 1320 1319
f 1314 1309 1315 1320
f 1314 1313 1312 1311 1310 1309
f 1315 1316 1317 1318 1319 1320
f 1321 1322 1328 1327
f 1322 1323 1329 1328
f 1323 1324 1330 1329
f 1324 1325 1331 1330
f 1325 1326 1332 1331
f 1326 1321 1327 1332
f 1326 1325 1324 1323 1322 1321
f 1327 1328 1329 1330 1331 1332
f 1333 1334 1340 1339
f 1334 1335 1341 1340
f 1335 1336 1342 1341
f 1336 1337 1343 1342
f 1337 1338 1344 1343
f 1338 1333 1339 1344
f 1338 1337 1336 1335 1334 1333
f 1339 1340 1341 1342 1343 1344
f 1345 1346 1352 1351
f 1346 1347 1353 1352
f 1347 1348 1354 1353
f 1348 1349 1355 1354
f 1349 1350 1356 1355
f 1350 1345 1351 1356
f 1350 1349 1348 1347 1346 1345
f 1351 1352 1353 1354 1355 1356
f 1357 1358 1364 1363
f 1358 1359 1365 1364
f 1359 1360 1366 1365
f 1360 1361 1367 1366
f 1361 1362 1368 1367
f 1362 1357 1363 1368
f 1362 1361 1360 1359 1358 1357
f 1363 1364 1365 1366 1367 1368
f 1369 1370 1376 1375
f 1370 1371 1377 1376
f 1371 1372 1378 1377
f 1372 1373 1379 1378
f 1373 1374 1380 1379
f 1374 1369 1375 1380
f 1374 1373 1372 1371 1370 1369
f 1375 1376 1377 1378 1379 1380
f 1381 1382 1388 1387
f 1382 1383 1389 1388
f 1383 1384 1390 1389
f 1384 1385 1391 1390
f 1385 1386 1392 1391
f 1386 1381 1387 1392
f 1386 1385 1384 1383 1382 1381
f 1387 1388 1389 1390 1391 1392
f 1393 1394 1400 1399
f 1394 1395 1401 1400
f 1395 1396 1402 1401
f 1396 1397 1403 1402
f 1397 1398 1404 1403
f 1398 1393 1399 1404
f 1398 1397 1396 1395 1394 1393
f 1399 1400 1401 1402 1403 1404
f 1405 1406 1412 1411
f 1406 1407 1413 1412
f 1407 1408 1414 1413
f 1408 1409 1415 1414
f 1409 1410 1416 1415
f 1410 1405 1411 1416
f 1410 1409 1408 1407 1406 1405
f 1411 1412 1413 1414 1415 1416
f 1417 1418 1424 1423
f 1418 1419 1425 1424
f 1419 1420 1426 1425
f 1420 1421 1427 1426
f 1421 1422 1428 1427
f 1422 1417 1423 1428
f 1422 1421 1420 1419 1418 1417
f 1423 1424 1425 1426 1427 1428
f 1429 1430 1436 1435
f 1430 1431 1437 1436
f 1431 1432 1438 1437
f 1432 1433 1439 1438
f 1433 1434 1440 1439
f 1434 1429 1435 1440
f 1434 1433 1432 1431 1430 1429
f 1435 1436 1437 1438 1439 1440
f 1441 1442 1448 1447
f 1442 1443 1449 1448
f 1443 1444 1450 1449
f 1444 1445 1451 1450
f 1445 1446 1452 1451
f 1446 1441 1447 1452
f 1446 1445 1444 1443 1442 1441
f 1447 1448 1449 1450 1451 1452
f 1453 1454 1460 1459
f 1454 1455 1461 1460
f 1455 1456 1462 1461
f 1456 1457 1463 1462
f 1457 1458 1464 1463
f 1458 1453 1459 1464
f 1458 1457 1456 1455 1454 1453
f 1459 1460 1461 1462 1463 1464
f 1465 1466 1472 1471
f 1466 1467 1473 1472
f 1467 1468 1474 1473
f 1468 1469 1475 1474
f 1469 1470 1476 1475
f 1470 1465 1471 1476
f 1470 1469 1468 1467 1466 1465
f 1471 1472 1473 1474 1475 1476
f 1477 1478 1484 1483
f 1478 1479 1485 1484
f 1479 1480 1486 1485
f 1480 1481 1487 1486
f 1481 1482 1488 1487
f 1482 1477 1483 1488
f 1482 1481 1480 1479 1478 1477
f 1483 1484 1485 1486 1487 1488
f 1489 1490 1496 1495
f 1490 1491 1497 1496
f 1491 1492 1498 1497
f 1492 1493 1499 1498
f 1493 1494 1500 1499
f 1494 1489 1495 1500
f 1494 1493 1492 1491 1490 1489
f 1495 1496 1497 1498 1499 1500
f 1501 1502 1508 1507
f 1502 1503 1509 1508
f 1503 1504 1510 1509
f 1504 1505 1511 1510
f 1505 1506 1512 1511
f 1506 1501 1507 1512
f 1506 1505 1504 1503 1502 1501
f 1507 1508 1509 1510 1511 1512
f 1513 1514 1520 1519
f 1514 1515 1521 1520
f 1515 1516 1522 1521
f 1516 1517 1523 1522
f 1517 1518 1524 1523
f 1518 1513 1519 1524
f 1518 1517 1516 1515 1514 1513
f 1519 1520 1521 1522 1523 1524
f 1525 1526 1532 1531
f 1526 1527 1533 1532
f 1527 1528 1534 1533
f 1528 1529 1535 1534
f 1529 1530 1536 1535
f 1530 1525 1531 1536
f 1530 1529 1528 1527 1526 1525
f 1531 1532 1533 1534 1535 1536
f 1537 1538 1544 1543
f 1538 1539 1545 1544
f 1539 1540 1546 1545
f 1540 1541 1547 1546
f 1541 1542 1548 1547
f 1542 1537 1543 1548
f 1542 1541 1540 1539 1538 1537
f 1543 1544 1545 1546 1547 1548
f 1549 1550 1556 1555
f 1550 1551 1557 1556
f 1551 1552 1558 1557
f 1552 1553 1559 1558
f 1553 1554 1560 1559
f 1554 1549 1555 1560
f 1554 1553 1552 1551 1550 1549
f 1555 1556 1557 1558 1559 1560
f 1561 1562 1568 1567
f 1562 1563 1569 1568
f 1563 1564 1570 1569
f 1564 1565 1571 1570
f 1565 1566 1572 1571
f 1566 1561 1567 1572
f 1566 1565 1564 1563 1562 1561
f 1567 1568 1569 1570 1571 1572
f 1573 1574 1580 1579
f 1574 1575 1581 1580
f 1575 1576 1582 1581
f 1576 1577 1583 1582
f 1577 1578 1584 1583
f 1578 1573 1579 1584
f 1578 1577 1576 1575 1574 1573
f 1579 1580 1581 1582 1583 1584
f 1585 1586 1592 1591
f 1586 1587 1593 1592
f 1587 1588 1594 1593
f 1588 1589 1595 1594
f 1589 1590 1596 1595
f 1590 1585 1591 1596
f 1590 1589 1588 1587 1586 1585
f 1591 1592 1593 1594 1595 1596
f 1597 1598 1604 1603
f 1598 1599 1605 1604
f 1599 1600 1606 1605
f 1600 1601 1607 1606
f 1601 1602 1608 1607
f 1602 1597 1603 1608
f 1602 1601 1600 1599 1598 1597
f 1603 1604 1605 1606 1607 1608
f 1609 1610 1616 1615
f 1610 1611 1617 1616
f 1611 1612 1618 1617
f 1612 1613 1619 1618
f 1613 1614 1620 1619
f 1614 1609 1615 1620
f 1614 1613 1612 1611 1610 1609
f 1615 1616 1617 1618 1619 1620
f 1621 1622 1628 1627
f 1622 1623 1629 1628
f 1623 1624 1630 1629
f 1624 1625 1631 1630
f 1625 1626 1632 1631
f 1626 1621 1627 1632
f 1626 1625 1624 1623 1622 1621
f 1627 1628 1629 1630 1631 1632
f 1633 1634 1640 1639
f 1634 1635 1641 1640
f 1635 1636 1642 1641
f 1636 1637 1643 1642
f 1637 1638 1644 1643
f 1638 1633 1639 1644
f 1638 1637 1636 1635 1634 1633
f 1639 1640 1641 1642 1643 1644
f 1645 1646 1652 1651
f 1646 1647 1653 1652
f 1647 1648 1654 1653
f 1648 1649 1655 1654
f 1649 1650 1656 1655
f 1650 1645 1651 1656
f 1650 1649 1648 1647 1646 1645
f 1651 1652 1653 1654 1655 1656
f 1657 1658 1664 1663
f 1658 1659 1665 1664
f 1659 1660 1666 1665
f 1660 1661 1667 1666
f 1661 1662 1668 1667
f 1662 1657 1663 1668
f 1662 1661 1660 1659 1658 1657
f 1663 1664 1665 1666 1667 1668
f 1669 1670 1676 1675
f 1670 1671 1677 1676
f 1671 1672 1678 1677
f 1672 1673 1679 1678
f 1673 1674 1680 1679
f 1674 1669 1675 1680
f 1674 1673 1672 1671 1670 1669
f 1675 1676 1677 1678 1679 1680
f 1681 1682 1688 1687
f 1682 1683 1689 1688
f 1683 1684 1690 1689
f 1684 1685 1691 1690
f 1685 1686 1692 1691
f 1686 1681 1687 1692
f 1686 1685 1684 1683 1682 1681
f 1687 1688 1689 1690 1691 1692
f 1693 1694 1700 1699
f 1694 1695 1701 1700
f 1695 1696 1702 1701
f 1696 1697 1703 1702
f 1697 1698 1704 1703
f 1698 1693 1699 1704
f 1698 1697 1696 1695 1694 1693
f 1699 1700 1701 1702 1703 1704
f 1705 1706 1712 1711
f 1706 1707 1713 1712
f 1707 1708 1714 1713
f 1708 1709 1715 1714
f 1709 1710 1716 1715
f 1710 1705 1711 1716
f 1710 1709 1708 1707 1706 1705
f 1711 1712 1713 1714 1715 1716
f 1717 1718 1724 1723
f 1718 1719 1725 1724
f 1719 1720 1726 1725
f 1720 1721 1727 1726
f 1721 1722 1728 1727
f 1722 1717 1723 1728
f 1722 1721 1720 1719 1718 1717
f 1723 1724 1725 1726 1727 1728
f 1729 1730 1736 1735
f 1730 1731 1737 1736
f 1731 1732 1738 1737
f 1732 1733 1739 1738
f 1733 1734 1740 1739
f 1734 1729 1735 1740
f 1734 1733 1732 1731 1730 1729
f 1735 1736 1737 1738 1739 1740
f 1741 1742 1748 1747
f 1742 1743 1749 1748
f 1743 1744 1750 1749
f 1744 1745 1751 1750
f 1745 1746 1752 1751
f 1746 1741 1747 1752
f 1746 1745 1744 1743 1742 1741
f 1747 1748 1749 1750 1751 1752
f 1753 1754 1760 1759
f 1754 1755 1761 1760
f 1755 1756 1762 1761
f 1756 1757 1763 1762
f 1757 1758 1764 1763
f 1758 1753 1759 1764
f 1758 1757 1756 1755 1754 1753
f 1759 1760 1761 1762 1763 1764
f 1765 1766 1772 1771
f 1766 1767 1773 1772
f 1767 1768 1774 1773
f 1768 1769 1775 1774
f 1769 1770 1776 1775
f 1770 1765 1771 1776
f 1770 1769 1768 1767 1766 1765
f 1771 1772 1773 1774 1775 1776
f 1777 1778 1784 1783
f 1778 1779 1785 1784
f 1779 1780 1786 1785
f 1780 1781 1787 1786
f 1781 1782 1788 1787
f 1782 1777 1783 1788
f 1782 1781 1780 1779 1778 1777
f 1783 1784 1785 1786 1787 1788
f 1789 1790 1796 1795
f 1790 1791 1797 1796
f 1791 1792 1798 1797
f 1792 1793 1799 1798
f 1793 1794 1800 1799
f 1794 1789 1795 1800
f 1794 1793 1792 1791 1790 1789
f 1795 1796 1797 1798 1799 1800
f 1801 1802 1808 1807
f 1802 1803 1809 1808
f 1803 1804 1810 1809
f 1804 1805 1811 1810
f 1805 1806 1812 1811
f 1806 1801 1807 1812
f 1806 1805 1804 1803 1802 1801
f 1807 1808 1809 1810 1811 1812
f 1813 1814 1820 1819
f 1814 1815 1821 1820
f 1815 1816 1822 1821
f 1816 1817 1823 1822
f 1817 1818 1824 1823
f 1818 1813 1819 1824
f 1818 1817 1816 1815 1814 1813
f 1819 1820 1821 1822 1823 1824
f 1825 1826 1832 1831
f 1826 1827 1833 1832
f 1827 1828 1834 1833
f 1828 1829 1835 1834
f 1829 1830 1836 1835
f 1830 1825 1831 1836
f 1830 1829 1828 1827 1826 1825
f 1831 1832 1833 1834 1835 1836
f 1837 1838 1844 1843
f 1838 1839 1845 1844
f 1839 1840 1846 1845
f 1840 1841 1847 1846
f 1841 1842 1848 1847
f 1842 1837 1843 1848
f 1842 1841 1840 1839 1838 1837
f 1843 1844 1845 1846 1847 1848
f 1849 1850 1856 1855
f 1850 1851 1857 1856
f 1851 1852 1858 1857
f 1852 1853 1859 1858
f 1853 1854 1860 1859
f 1854 1849 1855 1860
f 1854 1853 1852 1851 1850 1849
f 1855 1856 1857 1858 1859 1860
f 1861 1862 1868 1867
f 1862 1863 1869 1868
f 1863 1864 1870 1869
f 1864 1865 1871 1870
f 1865 1866 1872 1871
f 1866 1861 1867 1872
f 1866 1865 1864 1863 1862 1861
f 1867 1868 1869 1870 1871 1872
f 1873 1874 1880 1879
f 1874 1875 1881 1880
f 1875 1876 1882 1881
f 1876 1877 1883 1882
f 1877 1878 1884 1883
f 1878 1873 1879 1884
f 1878 1877 1876 1875 1874 1873
f 1879 1880 1881 1882 1883 1884
f 1885 1886 1892 1891
f 1886 1887 1893 1892
f 1887 1888 1894 1893
f 1888 1889 1895 1894
f 1889 1890 1896 1895
f 1890 1885 1891 1896
f 1890 1889 1888 1887 1886 1885
f 1891 1892 1893 1894 1895 1896
f 1897 1898 1904 1903
f 1898 1899 1905 1904
f 1899 1900 1906 1905
f 1900 1901 1907 1906
f 1901 1902 1908 1907
f 1902 1897 1903 1908
f 1902 1901 1900 1899 1898 1897
f 1903 1904 1905 1906 1907 1908
f 1909 1910 1916 1915
f 1910 1911 1917 1916
f 1911 1912 1918 1917
f 1912 1913 1919 1918
f 1913 1914 1920 1919
f 1914 1909 1915 1920
f 1914 1913 1912 1911 1910 1909
f 1915 1916 1917 1918 1919 1920
f 1921 1922 1928 1927
f 1922 1923 1929 1928
f 1923 1924 1930 1929
f 1924 1925 1931 1930
f 1925 1926 1932 1931
f 1926 1921 1927 1932
f 1926 1925 1924 1923 1922 1921
f 1927 1928 1929 1930 1931 1932
f 1933 1934 1940 1939
f 1934 1935 1941 1940
f 1935 1936 1942 1941
f 1936 1937 1943 1942
f 1937 1938 1944 1943
f 1938 1933 1939 1944
f 1938 1937 1936 1935 1934 1933
f 1939 1940 1941 1942 1943 1944
f 1945 1946 1952 1951
f 1946 1947 1953 1952
f 1947 1948 1954 1953
f 1948 1949 1955 1954
f 1949 1950 1956 1955
f 1950 1945 1951 1956
f 1950 1949 1948 1947 1946 1945
f 1951 1952 1953 1954 1955 1956
f 1957 1958 1964 1963
f 1958 1959 1965 1964
f 1959 1960 1966 1965
f 1960 1961 1967 1966
f 1961 1962 1968 1967
f 1962 1957 1963 1968
f 1962 1961 1960 1959 1958 1957
f 1963 1964 1965 1966 1967 1968
f 1969 1970 1976 1975
f 1970 1971 1977 1976
f 1971 1972 1978 1977
f 1972 1973 1979 1978
f 1973 1974 1980 1979
f 1974 1969 1975 1980
f 1974 1973 1972 1971 1970 1969
f 1975 1976 1977 1978 1979 1980
f 1981 1982 1988 1987
f 1982 1983 1989 1988
f 1983 1984 1990 1989
f 1984 1985 1991 1990
f 1985 1986 1992 1991
f 1986 1981 1987 1992
f 1986 1985 1984 1983 1982 1981
f 1987 1988 1989 1990 1991 1992
f 1993 1994 2000 1999
f 1994 1995 2001 2000
f 1995 1996 2002 2001
f 1996 1997 2003 2002
f 1997 1998 2004 2003
f 1998 1993 1999 2004
f 1998 1997 1996 1995 1994 1993
f 1999 2000 2001 2002 2003 2004
f 2005 2006 2012 2011
f 2006 2007 2013 2012
f 2007 2008 2014 2013
f 2008 2009 2015 2014
f 2009 2010 2016 2015
f 2010 2005 2011 2016
f 2010 2009 2008 2007 2006 2005
f 2011 2012 2013 2014 2015 2016
f 2017 2018 2024 2023
f 2018 2019 2025 2024
f 2019 2020 2026 2025
f 2020 2021 2027 2026
f 2021 2022 2028 2027
f 2022 2017 2023 2028
f 2022 2021 2020 2019 2018 2017
f 2023 2024 2025 2026 2027 2028
f 2029 2030 2036 2035
f 2030 2031 2037 2036
f 2031 2032 2038 2037
f 2032 2033 2039 2038
f 2033 2034 2040 2039
f 2034 2029 2035 2040
f 2034 2033 2032 2031 2030 2029
f 2035 2036 2037 2038 2039 2040
f 2041 2042 2048 2047
f 2042 2043 2049 2048
f 2043 2044 2050 2049
f 2044 2045 2051 2050
f 2045 2046 2052 2051
f 2046 2041 2047 2052
f 2046 2045 2044 2043 2042 2041
f 2047 2048 2049 2050 2051 2052
f 2053 2054 2060 2059
f 2054 2055 2061 2060
f 2055 2056 2062 2061
f 2056 2057 2063 2062
f 2057 2058 2064 2063
f 2058 2053 2059 2064
f 2058 2057 2056 2055 2054 2053
f 2059 2060 2061 2062 2063 2064
f 2065 2066 2072 2071
f 2066 2067 2073 2072
f 2067 2068 2074 2073
f 2068 2069 2075 2074
f 2069 2070 2076 2075
f 2070 2065 2071 2076
f 2070 2069 2068 2067 2066 2065
f 2071 2072 2073 2074 2075 2076
f 2077 2078 2084 2083
f 2078 2079 2085 2084
f 2079 2080 2086 2085
f 2080 2081 2087 2086
f 2081 2082 2088 2087
f 2082 2077 2083 2088
f 2082 2081 2080 2079 2078 2077
f 2083 2084 2085 2086 2087 2088
f 2089 2090 2096 2095
f 2090 2091 2097 2096
f 2091 2092 2098 2097
f 2092 2093 2099 2098
f 2093 2094 2100 2099
f 2094 2089 2095 2100
f 2094 2093 2092 2091 2090 2089
f 2095 2096 2097 2098 2099 2100
f 2101 2102 2108 2107
f 2102 2103 2109 2108
f 2103 2104 2110 2109
f 2104 2105 2111 2110
f 2105 2106 2112 2111
f 2106 2101 2107 2112
f 2106 2105 2104 2103 2102 2101
f 2107 2108 2109 2110 2111 2112
f 2113 2114 2120 2119
f 2114 2115 2121 2120
f 2115 2116 2122 2121
f 2116 2117 2123 2122
f 2117 2118 2124 2123
f 2118 2113 2119 2124
f 2118 2117 2116 2115 2114 2113
f 2119 2120 2121 2122 2123 2124
f 2125 2126 2132 2131
f 2126 2127 2133 2132
f 2127 2128 2134 2133
f 2128 2129 2135 2134
f 2129 2130 2136 2135
f 2130 2125 2131 2136
f 2130 2129 2128 2127 2126 2125
f 2131 2132 2133 2134 2135 2136
f 2137 2138 2144 2143
f 2138 2139 2145 2144
f 2139 2140 2146 2145
f 2140 2141 2147 2146
f 2141 2142 2148 2147
f 2142 2137 2143 2148
f 2142 2141 2140 2139 2138 2137
f 2143 2144 2145 2146 2147 2148
f 2149 2150 2156 2155
f 2150 2151 2157 2156
f 2151 2152 2158 2157
f 2152 2153 2159 2158
f 2153 2154 2160 2159
f 2154 2149 2155 2160
f 2154 2153 2152 2151 2150 2149
f 2155 2156 2157 2158 2159 2160
f 2161 2162 2168 2167
f 2162 2163 2169 2168
f 2163 2164 2170 2169
f 2164 2165 2171 2170
f 2165 2166 2172 2171
f 2166 2161 2167 2172
f 2166 2165 2164 2163 2162 2161
f 2167 2168 2169 2170 2171 2172
f 2173 2174 2180 2179
f 2174 2175 2181 2180
f 2175 2176 2182 2181
f 2176 2177 2183 2182
f 2177 2178 2184 2183
f 2178 2173 2179 2184
f 2178 2177 2176 2175 2174 2173
f 2179 2180 2181 2182 2183 2184
f 2185 2186 2192 2191
f 2186 2187 2193 2192
f 2187 2188 2194 2193
f 2188 2189 2195 2194
f 2189 2190 2196 2195
f 2190 2185 2191 2196
f 2190 2189 2188 2187 2186 2185
f 2191 2192 2193 2194 2195 2196
f 2197 2198 2204 2203
f 2198 2199 2205 2204
f 2199 2200 2206 2205
f 2200 2201 2207 2206
f 2201 2202 2208 2207
f 2202 2197 2203 2208
f 2202 2201 2200 2199 2198 2197
f 2203 2204 2205 2206 2207 2208
f 2209 2210 2216 2215
f 2210 2211 2217 2216
f 2211 2212 2218 2217
f 2212 2213 2219 2218
f 2213 2214 2220 2219
f 2214 2209 2215 2220
f 2214 2213 2212 2211 2210 2209
f 2215 2216 2217 2218 2219 2220
f 2221 2222 2228 2227
f 2222 2223 2229 2228
f 2223 2224 2230 2229
f 2224 2225 2231 2230
f 2225 2226 2232 2231
f 2226 2221 2227 2232
f 2226 2225 2224 2223 2222 2221
f 2227 2228 2229 2230 2231 2232
f 2233 2234 2240 2239
f 2234 2235 2241 2240
f 2235 2236 2242 2241
f 2236 2237 2243 2242
f 2237 2238 2244 2243
f 2238 2233 2239 2244
f 2238 2237 2236 2235 2234 2233
f 2239 2240 2241 2242 2243 2244
f 2245 2246 2252 2251
f 2246 2247 2253 2252
f 2247 2248 2254 2253
f 2248 2249 2255 2254
f 2249 2250 2256 2255
f 2250 2245 2251 2256
f 2250 2249 2248 2247 2246 2245
f 2251 2252 2253 2254 2255 2256
f 2257 2258 2264 2263
f 2258 2259 2265 2264
f 2259 2260 2266 2265
f 2260 2261 2267 2266
f 2261 2262 2268 2267
f 2262 2257 2263 2268
f 2262 2261 2260 2259 2258 2257
f 2263 2264 2265 2266 2267 2268
f 2269 2270 2276 2275
f 2270 2271 2277 2276
f 2271 2272 2278 2277
f 2272 2273 2279 2278
f 2273 2274 2280 2279
f 2274 2269 2275 2280
f 2274 2273 2272 2271 2270 2269
f 2275 2276 2277 2278 2279 2280
f 2281 2282 2288 2287
f 2282 2283 2289 2288
f 2283 2284 2290 2289
f 2284 2285 2291 2290
f 2285 2286 2292 2291
f 2286 2281 2287 2292
f 2286 2285 2284 2283 2282 2281
f 2287 2288 2289 2290 2291 2292
f 2293 2294 2300 2299
f 2294 2295 2301 2300
f 2295 2296 2302 2301
f 2296 2297 2303 2302
f 2297 2298 2304 2303
f 2298 2293 2299 2304
f 2298 2297 2296 2295 2294 2293
f 2299 2300 2301 2302 2303 2304
f 2305 2306 2312 2311
f 2306 2307 2313 2312
f 2307 2308 2314 2313
f 2308 2309 2315 2314
f 2309 2310 2316 2315
f 2310 2305 2311 2316
f 2310 2309 2308 2307 2306 2305
f 2311 2312 2313 2314 2315 2316
f 2317 2318 2324 2323
f 2318 2319 2325 2324
f 2319 2320 2326 2325
f 2320 2321 2327 2326
f 2321 2322 2328 2327
f 2322 2317 2323 2328
f 2322 2321 2320 2319 2318 2317
f 2323 2324 2325 2326 2327 2328
f 2329 2330 2336 2335
f 2330 2331 2337 2336
f 2331 2332 2338 2337
f 2332 2333 2339 2338
f 2333 2334 2340 2339
f 2334 2329 2335 2340
f 2334 2333 2332 2331 2330 2329
f 2335 2336 2337 2338 2339 2340
f 2341 2342 2348 2347
f 2342 2343 2349 2348
f 2343 2344 2350 2349
f 2344 2345 2351 2350
f 2345 2346 2352 2351
f 2346 2341 2347 2352
f 2346 2345 2344 2343 2342 2341
f 2347 2348 2349 2350 2351 2352
f 2353 2354 2360 2359
f 2354 2355 2361 2360
f 2355 2356 2362 2361
f 2356 2357 2363 2362
f 2357 2358 2364 2363
f 2358 2353 2359 2364
f 2358 2357 2356 2355 2354 2353
f 2359 2360 2361 2362 2363 2364
f 2365 2366 2372 2371
f 2366 2367 2373 2372
f 2367 2368 2374 2373
f 2368 2369 2375 2374
f 2369 2370 2376 2375
f 2370 2365 2371 2376
f 2370 2369 2368 2367 2366 2365
f 2371 2372 2373 2374 2375 2376
f 2377 2378 2384 2383
f 2378 2379 2385 2384
f 2379 2380 2386 2385
f 2380 2381 2387 2386
f 2381 2382 2388 2387
f 2382 2377 2383 2388
f 2382 2381 2380 2379 2378 2377
f 2383 2384 2385 2386 2387 2388
f 2389 2390 2396 2395
f 2390 2391 2397 2396
f 2391 2392 2398 2397
f 2392 2393 2399 2398
f 2393 2394 2400 2399
f 2394 2389 2395 2400
f 2394 2393 2392 2391 2390 2389
f 2395 2396 2397 2398 2399 2400
f 2401 2402 2408 2407
f 2402 2403 2409 2408
f 2403 2404 2410 2409
f 2404 2405 2411 2410
f 2405 2406 2412 2411
f 2406 2401 2407 2412
f 2406 2405 2404 2403 2402 2401
f 2407 2408 2409 2410 2411 2412
f 2413 2414 2420 2419
f 2414 2415 2421 2420
f 2415 2416 2422 2421
f 2416 2417 2423 2422
f 2417 2418 2424 2423
f 2418 2413 2419 2424
f 2418 2417 2416 2415 2414 2413
f 2419 2420 2421 2422 2423 2424
f 2425 2426 2432 2431
f 2426 2427 2433 2432
f 2427 2428 2434 2433
f 2428 2429 2435 2434
f 2429 2430 2436 2435
f 2430 2425 2431 2436
f 2430 2429 2428 2427 2426 2425
f 2431 2432 2433 2434 2435 2436
f 2437 2438 2444 2443
f 2438 2439 2445 2444
f 2439 2440 2446 2445
f 2440 2441 2447 2446
f 2441 2442 2448 2447
f 2442 2437 2443 2448
f 2442 2441 2440 2439 2438 2437
f 2443 2444 2445 2446 2447 2448
f 2449 2450 2456 2455
f 2450 2451 2457 2456
f 2451 2452 2458 2457
f 2452 2453 2459 2458
f 2453 2454 2460 2459
f 2454 2449 2455 2460
f 2454 2453 2452 2451 2450 2449
f 2455 2456 2457 2458 2459 2460
f 2461 2462 2468 2467
f 2462 2463 2469 2468
f 2463 2464 2470 2469
f 2464 2465 2471 2470
f 2465 2466 2472 2471
f 2466 2461 2467 2472
f 2466 2465 2464 2463 2462 2461
f 2467 2468 2469 2470 2471 2472
f 2473 2474 2480 2479
f 2474 2475 2481 2480
f 2475 2476 2482 2481
f 2476 2477 2483 2482
f 2477 2478 2484 2483
f 2478 2473 2479 2484
f 2478 2477 2476 2475 2474 2473
f 2479 2480 2481 2482 2483 2484
f 2485 2486 2492 2491
f 2486 2487 2493 2492
f 2487 2488 2494 2493
f 2488 2489 2495 2494
f 2489 2490 2496 2495
f 2490 2485 2491 2496
f 2490 2489 2488 2487 2486 2485
f 2491 2492 2493 2494 2495 2496
f 2497 2498 2504 2503
f 2498 2499 2505 2504
f 2499 2500 2506 2505
f 2500 2501 2507 2506
f 2501 2502 2508 2507
f 2502 2497 2503 2508
f 2502 2501 2500 2499 2498 2497
f 2503 2504 2505 2506 2507 2508
f 2509 2510 2516 2515
f 2510 2511 2517 2516
f 2511 2512 2518 2517
f 2512 2513 2519 2518
f 2513 2514 2520 2519
f 2514 2509 2515 2520
f 2514 2513 2512 2511 2510 2509
f 2515 2516 2517 2518 2519 2520
f 2521 2522 2528 2527
f 2522 2523 2529 2528
f 2523 2524 2530 2529
f 2524 2525 2531 2530
f 2525 2526 2532 2531
f 2526 2521 2527 2532
f 2526 2525 2524 2523 2522 2521
f 2527 2528 2529 2530 2531 2532
f 2533 2534 2540 2539
f 2534 2535 2541 2540
f 2535 2536 2542 2541
f 2536 2537 2543 2542
f 2537 2538 2544 2543
f 2538 2533 2539 2544
f 2538 2537 2536 2535 2534 2533
f 2539 2540 2541 2542 2543 2544
f 2545 2546 2552 2551
f 2546 2547 2553 2552
f 2547 2548 2554 2553
f 2548 2549 2555 2554
f 2549 2550 2556 2555
f 2550 2545 2551 2556
f 2550 2549 2548 2547 2546 2545
f 2551 2552 2553 2554 2555 2556
f 2557 2558 2564 2563
f 2558 2559 2565 2564
f 2559 2560 2566 2565
f 2560 2561 2567 2566
f 2561 2562 2568 2567
f 2562 2557 2563 2568
f 2562 2561 2560 2559 2558 2557
f 2563 2564 2565 2566 2567 2568
f 2569 2570 2576 2575
f 2570 2571 2577 2576
f 2571 2572 2578 2577
f 2572 2573 2579 2578
f 2573 2574 2580 2579
f 2574 2569 2575 2580
f 2574 2573 2572 2571 2570 2569
f 2575 2576 2577 2578 2579 2580
f 2581 2582 2588 2587
f 2582 2583 2589 2588
f 2583 2584 2590 2589
f 2584 2585 2591 2590
f 2585 2586 2592 2591
f 2586 2581 2587 2592
f 2586 2585 2584 2583 2582 2581
f 2587 2588 2589 2590 2591 2592
f 2593 2594 2600 2599
f 2594 2595 2601 2600
f 2595 2596 2602 2601
f 2596 2597 2603 2602
f 2597 2598 2604 2603
f 2598 2593 2599 2604
f 2598 2597 2596 2595 2594 2593
f 2599 2600 2601 2602 2603 2604
f 2605 2606 2612 2611
f 2606 2607 2613 2612
f 2607 2608 2614 2613
f 2608 2609 2615 2614
f 2609 2610 2616 2615
f 2610 2605 2611 2616
f 2610 2609 2608 2607 2606 2605
f 2611 2612 2613 2614 2615 2616
f 2617 2618 2624 2623
f 2618 2619 2625 2624
f 2619 2620 2626 2625
f 2620 2621 2627 2626
f 2621 2622 2628 2627
f 2622 2617 2623 2628
f 2622 2621 2620 2619 2618 2617
f 2623 2624 2625 2626 2627 2628
f 2629 2630 2636 2635
f 2630 2631 2637 2636
f 2631 2632 2638 2637
f 2632 2633 2639 2638
f 2633 2634 2640 2639
f 2634 2629 2635 2640
f 2634 2633 2632 2631 2630 2629
f 2635 2636 2637 2638 2639 2640
f 2641 2642 2648 2647
f 2642 2643 2649 2648
f 2643 2644 2650 2649
f 2644 2645 2651 2650
f 2645 2646 2652 2651
f 2646 2641 2647 2652
f 2646 2645 2644 2643 2642 2641
f 2647 2648 2649 2650 2651 2652
f 2653 2654 2660 2659
f 2654 2655 2661 2660
f 2655 2656 2662 2661
f 2656 2657 2663 2662
f 2657 2658 2664 2663
f 2658 2653 2659 2664
f 2658 2657 2656 2655 2654 2653
f 2659 2660 2661 2662 2663 2664
f 2665 2666 2672 2671
f 2666 2667 2673 2672
f 2667 2668 2674 2673
f 2668 2669 2675 2674
f 2669 2670 2676 2675
f 2670 2665 2671 2676
f 2670 2669 2668 2667 2666 2665
f 2671 2672 2673 2674 2675 2676
f 2677 2678 2684 2683
f 2678 2679 2685 2684
f 2679 2680 2686 2685
f 2680 2681 2687 2686
f 2681 2682 2688 2687
f 2682 2677 2683 2688
f 2682 2681 2680 2679 2678 2677
f 2683 2684 2685 2686 2687 2688
f 2689 2690 2696 2695
f 2690 2691 2697 2696
f 2691 2692 2698 2697
f 2692 2693 2699 2698
f 2693 2694 2700 2699
f 2694 2689 2695 2700
f 2694 2693 2692 2691 2690 2689
f 2695 2696 2697 2698 2699 2700
f 2701 2702 2708 2707
f 2702 2703 2709 2708
f 2703 2704 2710 2709
f 2704 2705 2711 2710
f 2705 2706 2712 2711
f 2706 2701 2707 2712
f 2706 2705 2704 2703 2702 2701
f 2707 2708 2709 2710 2711 2712
f 2713 2714 2720 2719
f 2714 2715 2721 2720
f 2715 2716 2722 2721
f 2716 2717 2723 2722
f 2717 2718 2724 2723
f 2718 2713 2719 2724
f 2718 2717 2716 2715 2714 2713
f 2719 2720 2721 2722 2723 2724
f 2725 2726 2732 2731
f 2726 2727 2733 2732
f 2727 2728 2734 2733
f 2728 2729 2735 2734
f 2729 2730 2736 2735
f 2730 2725 2731 2736
f 2730 2729 2728 2727 2726 2725
f 2731 2732 2733 2734 2735 2736
f 2737 2738 2744 2743
f 2738 2739 2745 2744
f 2739 2740 2746 2745
f 2740 2741 2747 2746
f 2741 2742 2748 2747
f 2742 2737 2743 2748
f 2742 2741 2740 2739 2738 2737
f 2743 2744 2745 2746 2747 2748
f 2749 2750 2756 2755
f 2750 2751 2757 2756
f 2751 2752 2758 2757
f 2752 2753 2759 2758
f 2753 2754 2760 2759
f 2754 2749 2755 2760
f 2754 2753 2752 2751 2750 2749
f 2755 2756 2757 2758 2759 2760
f 2761 2762 2768 2767
f 2762 2763 2769 2768
f 2763 2764 2770 2769
f 2764 2765 2771 2770
f 2765 2766 2772 2771
f 2766 2761 2767 2772
f 2766 2765 2764 2763 2762 2761
f 2767 2768 2769 2770 2771 2772
f 2773 2774 2780 2779
f 2774 2775 2781 2780
f 2775 2776 2782 2781
f 2776 2777 2783 2782
f 2777 2778 2784 2783
f 2778 2773 2779 2784
f 2778 2777 2776 2775 2774 2773
f 2779 2780 2781 2782 2783 2784
f 2785 2786 2792 2791
f 2786 2787 2793 2792
f 2787 2788 2794 2793
f 2788 2789 2795 2794
f 2789 2790 2796 2795
f 2790 2785 2791 2796
f 2790 2789 2788 2787 2786 2785
f 2791 2792 2793 2794 2795 2796
f 2797 2798 2804 2803
f 2798 2799 2805 2804
f 2799 2800 2806 2805
f 2800 2801 2807 2806
f 2801 2802 2808 2807
f 2802 2797 2803 2808
f 2802 2801 2800 2799 2798 2797
f 2803 2804 2805 2806 2807 2808
f 2809 2810 2816 2815
f 2810 2811 2817 2816
f 2811 2812 2818 2817
f 2812 2813 2819 2818
f 2813 2814 2820 2819
f 2814 2809 2815 2820
f 2814 2813 2812 2811 2810 2809
f 2815 2816 2817 2818 2819 2820
f 2821 2822 2828 2827
f 2822 2823 2829 2828
f 2823 2824 2830 2829
f 2824 2825 2831 2830
f 2825 2826 2832 2831
f 2826 2821 2827 2832
f 2826 2825 2824 2823 2822 2821
f 2827 2828 2829 2830 2831 2832
f 2833 2834 2840 2839
f 2834 2835 2841 2840
f 2835 2836 2842 2841
f 2836 2837 2843 2842
f 2837 2838 2844 2843
f 2838 2833 2839 2844
f 2838 2837 2836 2835 2834 2833
f 2839 2840 2841 2842 2843 2844
f 2845 2846 2852 2851
f 2846 2847 2853 2852
f 2847 2848 2854 2853
f 2848 2849 2855 2854
f 2849 2850 2856 2855
f 2850 2845 2851 2856
f 2850 2849 2848 2847 2846 2845
f 2851 2852 2853 2854 2855 2856
f 2857 2858 2864 2863
f 2858 2859 2865 2864
f 2859 2860 2866 2865
f 2860 2861 2867 2866
f 2861 2862 2868 2867
f 2862 2857 2863 2868
f 2862 2861 2860 2859 2858 2857
f 2863 2864 2865 2866 2867 2868
f 2869 2870 2876 2875
f 2870 2871 2877 2876
f 2871 2872 2878 2877
f 2872 2873 2879 2878
f 2873 2874 2880 2879
f 2874 2869 2875 2880
f 2874 2873 2872 2871 2870 2869
f 2875 2876 2877 2878 2879 2880
f 2881 2882 2888 2887
f 2882 2883 2889 2888
f 2883 2884 2890 2889
f 2884 2885 2891 2890
f 2885 2886 2892 2891
f 2886 2881 2887 2892
f 2886 2885 2884 2883 2882 2881
f 2887 2888 2889 2890 2891 2892
f 2893 2894 2900 2899
f 2894 2895 2901 2900
f 2895 2896 2902 2901
f 2896 2897 2903 2902
f 2897 2898 2904 2903
f 2898 2893 2899 2904
f 2898 2897 2896 2895 2894 2893
f 2899 2900 2901 2902 2903 2904
f 2905 2906 2912 2911
f 2906 2907 2913 2912
f 2907 2908 2914 2913
f 2908 2909 2915 2914
f 2909 2910 2916 2915
f 2910 2905 2911 2916
f 2910 2909 2908 2907 2906 2905
f 2911 2912 2913 2914 2915 2916
f 2917 2918 2924 2923
f 2918 2919 2925 2924
f 2919 2920 2926 2925
f 2920 2921 2927 2926
f 2921 2922 2928 2927
f 2922 2917 2923 2928
f 2922 2921 2920 2919 2918 2917
f 2923 2924 2925 2926 2927 2928
f 2929 2930 2936 2935
f 2930 2931 2937 2936
f 2931 2932 2938 2937
f 2932 2933 2939 2938
f 2933 2934 2940 2939
f 2934 2929 2935 2940
f 2934 2933 2932 2931 2930 2929
f 2935 2936 2937 2938 2939 2940
f 2941 2942 2948 2947
f 2942 2943 2949 2948
f 2943 2944 2950 2949
f 2944 2945 2951 2950
f 2945 2946 2952 2951
f 2946 2941 2947 2952
f 2946 2945 2944 2943 2942 2941
f 2947 2948 2949 2950 2951 2952
f 2953 2954 2960 2959
f 2954 2955 2961 2960
f 2955 2956 2962 2961
f 2956 2957 2963 2962
f 2957 2958 2964 2963
f 2958 2953 2959 2964
f 2958 2957 2956 2955 2954 2953
f 2959 2960 2961 2962 2963 2964
f 2965 2966 2972 2971
f 2966 2967 2973 2972
f 2967 2968 2974 2973
f 2968 2969 2975 2974
f 2969 2970 2976 2975
f 2970 2965 2971 2976
f 2970 2969 2968 2967 2966 2965
f 2971 2972 2973 2974 2975 2976
f 2977 2978 2984 2983
f 2978 2979 2985 2984
f 2979 2980 2986 2985
f 2980 2981 2987 2986
f 2981 2982 2988 2987
f 2982 2977 2983 2988
f 2982 2981 2980 2979 2978 2977
f 2983 2984 2985 2986 2987 2988
f 2989 2990 2996 2995
f 2990 2991 2997 2996
f 2991 2992 2998 2997
f 2992 2993 2999 2998
f 2993 2994 3000 2999
f 2994 2989 2995 3000
f 2994 2993 2992 2991 2990 2989
f 2995 2996 2997 2998 2999 3000
f 3001 3002 3008 3007
f 3002 3003 3009 3008
f 3003 3004 3010 3009
f 3004 3005 3011 3010
f 3005 3006 3012 3011
f 3006 3001 3007 3012
f 3006 3005 3004 3003 3002 3001
f 3007 3008 3009 3010 3011 3012
f 3013 3014 3020 3019
f 3014 3015 3021 3020
f 3015 3016 3022 3021
f 3016 3017 3023 3022
f 3017 3018 3024 3023
f 3018 3013 3019 3024
f 3018 3017 3016 3015 3014 3013
f 3019 3020 3021 3022 3023 3024
f 3025 3026 3032 3031
f 3026 3027 3033 3032
f 3027 3028 3034 3033
f 3028 3029 3035 3034
f 3029 3030 3036 3035
f 3030 3025 3031 3036
f 3030 3029 3028 3027 3026 3025
f 3031 3032 3033 3034 3035 3036
f 3037 3038 3044 3043
f 3038 3039 3045 3044
f 3039 3040 3046 3045
f 3040 3041 3047 3046
f 3041 3042 3048 3047
f 3042 3037 3043 3048
f 3042 3041 3040 3039 3038 3037
f 3043 3044 3045 3046 3047 3048
f 3049 3050 3056 3055
f 3050 3051 3057 3056
f 3051 3052 3058 3057
f 3052 3053 3059 3058
f 3053 3054 3060 3059
f 3054 3049 3055 3060
f 3054 3053 3052 3051 3050 3049
f 3055 3056 3057 3058 3059 3060
f 3061 3062 3068 3067
f 3062 3063 3069 3068
f 3063 3064 3070 3069
f 3064 3065 3071 3070
f 3065 3066 3072 3071
f 3066 3061 3067 3072
f 3066 3065 3064 3063 3062 3061
f 3067 3068 3069 3070 3071 3072
f 3073 3074 3080 3079
f 3074 3075 3081 3080
f 3075 3076 3082 3081
f 3076 3077 3083 3082
f 3077 3078 3084 3083
f 3078 3073 3079 3084
f 3078 3077 3076 3075 3074 3073
f 3079 3080 3081 3082 3083 3084
f 3085 3086 3092 3091
f 3086 3087 3093 3092
f 3087 3088 3094 3093
f 3088 3089 3095 3094
f 3089 3090 3096 3095
f 3090 3085 3091 3096
f 3090 3089 3088 3087 3086 3085
f 3091 3092 3093 3094 3095 3096
f 3097 3098 3104 3103
f 3098 3099 3105 3104
f 3099 3100 3106 3105
f 3100 3101 3107 3106
f 3101 3102 3108 3107
f 3102 3097 3103 3108
f 3102 3101 3100 3099 3098 3097
f 3103 3104 3105 3106 3107 3108
f 3109 3110 3116 3115
f 3110 3111 3117 3116
f 3111 3112 3118 3117
f 3112 3113 3119 3118
f 3113 3114 3120 3119
f 3114 3109 3115 3120
f 3114 3113 3112 3111 3110 3109
f 3115 3116 3117 3118 3119 3120
f 3121 3122 3128 3127
f 3122 3123 3129 3128
f 3123 3124 3130 3129
f 3124 3125 3131 3130
f 3125 3126 3132 3131
f 3126 3121 3127 3132
f 3126 3125 3124 3123 3122 3121
f 3127 3128 3129 3130 3131 3132
f 3133 3134 3140 3139
f 3134 3135 3141 3140
f 3135 3136 3142 3141
f 3136 3137 3143 3142
f 3137 3138 3144 3143
f 3138 3133 3139 3144
f 3138 3137 3136 3135 3134 3133
f 3139 3140 3141 3142 3143 3144
f 3145 3146 3152 3151
f 3146 3147 3153 3152
f 3147 3148 3154 3153
f 3148 3149 3155 3154
f 3149 3150 3156 3155
f 3150 3145 3151 3156
f 3150 3149 3148 3147 3146 3145
f 3151 3152 3153 3154 3155 3156
f 3157 3158 3164 3163
f 3158 3159 3165 3164
f 3159 3160 3166 3165
f 3160 3161 3167 3166
f 3161 3162 3168 3167
f 3162 3157 3163 3168
f 3162 3161 3160 3159 3158 3157
f 3163 3164 3165 3166 3167 3168
f 3169 3170 3176 3175
f 3170 3171 3177 3176
f 3171 3172 3178 3177
f 3172 3173 3179 3178
f 3173 3174 3180 3179
f 3174 3169 3175 3180
f 3174 3173 3172 3171 3170 3169
f 3175 3176 3177 3178 3179 3180
f 3181 3182 3188 3187
f 3182 3183 3189 3188
f 3183 3184 3190 3189
f 3184 3185 3191 3190
f 3185 3186 3192 3191
f 3186 3181 3187 3192
f 3186 3185 3184 3183 3182 3181
f 3187 3188 3189 3190 3191 3192
f 3193 3194 3200 3199
f 3194 3195 3201 3200
f 3195 3196 3202 3201
f 3196 3197 3203 3202
f 3197 3198 3204 3203
f 3198 3193 3199 3204
f 3198 3197 3196 3195 3194 3193
f 3199 3200 3201 3202 3203 3204
f 3205 3206 3212 3211
f 3206 3207 3213 3212
f 3207 3208 3214 3213
f 3208 3209 3215 3214
f 3209 3210 3216 3215
f 3210 3205 3211 3216
f 3210 3209 3208 3207 3206 3205
f 3211 3212 3213 3214 3215 3216
f 3217 3218 3224 3223
f 3218 3219 3225 3224
f 3219 3220 3226 3225
f 3220 3221 3227 3226
f 3221 3222 3228 3227
f 3222 3217 3223 3228
f 3222 3221 3220 3219 3218 3217
f 3223 3224 3225 3226 3227 3228
f 3229 3230 3236 3235
f 3230 3231 3237 3236
f 3231 3232 3238 3237
f 3232 3233 3239 3238
f 3233 3234 3240 3239
f 3234 3229 3235 3240
f 3234 3233 3232 3231 3230 3229
f 3235 3236 3237 3238 3239 3240
f 3241 3242 3248 3247
f 3242 3243 3249 3248
f 3243 3244 3250 3249
f 3244 3245 3251 3250
f 3245 3246 3252 3251
f 3246 3241 3247 3252
f 3246 3245 3244 3243 3242 3241
f 3247 3248 3249 3250 3251 3252
f 3253 3254 3260 3259
f 3254 3255 3261 3260
f 3255 3256 3262 3261
f 3256 3257 3263 3262
f 3257 3258 3264 3263
f 3258 3253 3259 3264
f 3258 3257 3256 3255 3254 3253
f 3259 3260 3261 3262 3263 3264
f 3265 3266 3272 3271
f 3266 3267 3273 3272
f 3267 3268 3274 3273
f 3268 3269 3275 3274
f 3269 3270 3276 3275
f 3270 3265 3271 3276
f 3270 3269 3268 3267 3266 3265
f 3271 3272 3273 3274 3275 3276
f 3277 3278 3284 3283
f 3278 3279 3285 3284
f 3279 3280 3286 3285
f 3280 3281 3287 3286
f 3281 3282 3288 3287
f 3282 3277 3283 3288
f 3282 3281 3280 3279 3278 3277
f 3283 3284 3285 3286 3287 3288
f 3289 3290 3296 3295
f 3290 3291 3297 3296
f 3291 3292 3298 3297
f 3292 3293 3299 3298
f 3293 3294 3300 3299
f 3294 3289 3295 3300
f 3294 3293 3292 3291 3290 3289
f 3295 3296 3297 3298 3299 3300
f 3301 3302 3308 3307
f 3302 3303 3309 3308
f 3303 3304 3310 3309
f 3304 3305 3311 3310
f 3305 3306 3312 3311
f 3306 3301 3307 3312
f 3306 3305 3304 3303 3302 3301
f 3307 3308 3309 3310 3311 3312
f 3313 3314 3320 3319
f 3314 3315 3321 3320
f 3315 3316 3322 3321
f 3316 3317 3323 3322
f 3317 3318 3324 3323
f 3318 3313 3319 3324
f 3318 3317 3316 3315 3314 3313
f 3319 3320 3321 3322 3323 3324
f 3325 3326 3332 3331
f 3326 3327 3333 3332
f 3327 3328 3334 3333
f 3328 3329 3335 3334
f 3329 3330 3336 3335
f 3330 3325 3331 3336
f 3330 3329 3328 3327 3326 3325
f 3331 3332 3333 3334 3335 3336
f 3337 3338 3344 3343
f 3338 3339 3345 3344
f 3339 3340 3346 3345
f 3340 3341 3347 3346
f 3341 3342 3348 3347
f 3342 3337 3343 3348
f 3342 3341 3340 3339 3338 3337
f 3343 3344 3345 3346 3347 3348
f 3349 3350 3356 3355
f 3350 3351 3357 3356
f 3351 3352 3358 3357
f 3352 3353 3359 3358
f 3353 3354 3360 3359
f 3354 3349 3355 3360
f 3354 3353 3352 3351 3350 3349
f 3355 3356 3357 3358 3359 3360
f 3361 3362 3368 3367
f 3362 3363 3369 3368
f 3363 3364 3370 3369
f 3364 3365 3371 3370
f 3365 3366 3372 3371
f 3366 3361 3367 3372
f 3366 3365 3364 3363 3362 3361
f 3367 3368 3369 3370 3371 3372
f 3373 3374 3380 3379
f 3374 3375 3381 3380
f 3375 3376 3382 3381
f 3376 3377 3383 3382
f 3377 3378 3384 3383
f 3378 3373 3379 3384
f 3378 3377 3376 3375 3374 3373
f 3379 3380 3381 3382 3383 3384
f 3385 3386 3392 3391
f 3386 3387 3393 3392
f 3387 3388 3394 3393
f 3388 3389 3395 3394
f 3389 3390 3396 3395
f 3390 3385 3391 3396
f 3390 3389 3388 3387 3386 3385
f 3391 3392 3393 3394 3395 3396
f 3397 3398 3404 3403
f 3398 3399 3405 3404
f 3399 3400 3406 3405
f 3400 3401 3407 3406
f 3401 3402 3408 3407
f 3402 3397 3403 3408
f 3402 3401 3400 3399 3398 3397
f 3403 3404 3405 3406 3407 3408
f 3409 3410 3416 3415
f 3410 3411 3417 3416
f 3411 3412 3418 3417
f 3412 3413 3419 3418
f 3413 3414 3420 3419
f 3414 3409 3415 3420
f 3414 3413 3412 3411 3410 3409
f 3415 3416 3417 3418 3419 3420
f 3421 3422 3428 3427
f 3422 3423 3429 3428
f 3423 3424 3430 3429
f 3424 3425 3431 3430
f 3425 3426 3432 3431
f 3426 3421 3427 3432
f 3426 3425 3424 3423 3422 3421
f 3427 3428 3429 3430 3431 3432
f 3433 3434 3440 3439
f 3434 3435 3441 3440
f 3435 3436 3442 3441
f 3436 3437 3443 3442
f 3437 3438 3444 3443
f 3438 3433 3439 3444
f 3438 3437 3436 3435 3434 3433
f 3439 3440 3441 3442 3443 3444
f 3445 3446 3452 3451
f 3446 3447 3453 3452
f 3447 3448 3454 3453
f 3448 3449 3455 3454
f 3449 3450 3456 3455
f 3450 3445 3451 3456
f 3450 3449 3448 3447 3446 3445
f 3451 3452 3453 3454 3455 3456
f 3457 3458 3464 3463
f 3458 3459 3465 3464
f 3459 3460 3466 3465
f 3460 3461 3467 3466
f 3461 3462 3468 3467
f 3462 3457 3463 3468
f 3462 3461 3460 3459 3458 3457
f 3463 3464 3465 3466 3467 3468
f 3469 3470 3476 3475
f 3470 3471 3477 3476
f 3471 3472 3478 3477
f 3472 3473 3479 3478
f 3473 3474 3480 3479
f 3474 3469 3475 3480
f 3474 3473 3472 3471 3470 3469
f 3475 3476 3477 3478 3479 3480
f 3481 3482 3488 3487
f 3482 3483 3489 3488
f 3483 3484 3490 3489
f 3484 3485 3491 3490
f 3485 3486 3492 3491
f 3486 3481 3487 3492
f 3486 3485 3484 3483 3482 3481
f 3487 3488 3489 3490 3491 3492
f 3493 3494 3500 3499
f 3494 3495 3501 3500
f 3495 3496 3502 3501
f 3496 3497 3503 3502
f 3497 3498 3504 3503
f 3498 3493 3499 3504
f 3498 3497 3496 3495 3494 3493
f 3499 3500 3501 3502 3503 3504
f 3505 3506 3512 3511
f 3506 3507 3513 3512
f 3507 3508 3514 3513
f 3508 3509 3515 3514
f 3509 3510 3516 3515
f 3510 3505 3511 3516
f 3510 3509 3508 3507 3506 3505
f 3511 3512 3513 3514 3515 3516
f 3517 3518 3524 3523
f 3518 3519 3525 3524
f 3519 3520 3526 3525
f 3520 3521 3527 3526
f 3521 3522 3528 3527
f 3522 3517 3523 3528
f 3522 3521 3520 3519 3518 3517
f 3523 3524 3525 3526 3527 3528
f 3529 3530 3536 3535
f 3530 3531 3537 3536
f 3531 3532 3538 3537
f 3532 3533 3539 3538
f 3533 3534 3540 3539
f 3534 3529 3535 3540
f 3534 3533 3532 3531 3530 3529
f 3535 3536 3537 3538 3539 3540
f 3541 3542 3548 3547
f 3542 3543 3549 3548
f 3543 3544 3550 3549
f 3544 3545 3551 3550
f 3545 3546 3552 3551
f 3546 3541 3547 3552
f 3546 3545 3544 3543 3542 3541
f 3547 3548 3549 3550 3551 3552
f 3553 3554 3560 3559
f 3554 3555 3561 3560
f 3555 3556 3562 3561
f 3556 3557 3563 3562
f 3557 3558 3564 3563
f 3558 3553 3559 3564
f 3558 3557 3556 3555 3554 3553
f 3559 3560 3561 3562 3563 3564
f 3565 3566 3572 3571
f 3566 3567 3573 3572
f 3567 3568 3574 3573
f 3568 3569 3575 3574
f 3569 3570 3576 3575
f 3570 3565 3571 3576
f 3570 3569 3568 3567 3566 3565
f 3571 3572 3573 3574 3575 3576
f 3577 3578 3584 3583
f 3578 3579 3585 3584
f 3579 3580 3586 3585
f 3580 3581 3587 3586
f 3581 3582 3588 3587
f 3582 3577 3583 3588
f 3582 3581 3580 3579 3578 3577
f 3583 3584 3585 3586 3587 3588
f 3589 3590 3596 3595
f 3590 3591 3597 3596
f 3591 3592 3598 3597
f 3592 3593 3599 3598
f 3593 3594 3600 3599
f 3594 3589 3595 3600
f 3594 3593 3592 3591 3590 3589
f 3595 3596 3597 3598 3599 3600
f 3601 3602 3608 3607
f 3602 3603 3609 3608
f 3603 3604 3610 3609
f 3604 3605 3611 3610
f 3605 3606 3612 3611
f 3606 3601 3607 3612
f 3606 3605 3604 3603 3602 3601
f 3607 3608 3609 3610 3611 3612
f 3613 3614 3620 3619
f 3614 3615 3621 3620
f 3615 3616 3622 3621
f 3616 3617 3623 3622
f 3617 3618 3624 3623
f 3618 3613 3619 3624
f 3618 3617 3616 3615 3614 3613
f 3619 3620 3621 3622 3623 3624
f 3625 3626 3632 3631
f 3626 3627 3633 3632
f 3627 3628 3634 3633
f 3628 3629 3635 3634
f 3629 3630 3636 3635
f 3630 3625 3631 3636
f 3630 3629 3628 3627 3626 3625
f 3631 3632 3633 3634 3635 3636
f 3637 3638 3644 3643
f 3638 3639 3645 3644
f 3639 3640 3646 3645
f 3640 3641 3647 3646
f 3641 3642 3648 3647
f 3642 3637 3643 3648
f 3642 3641 3640 3639 3638 3637
f 3643 3644 3645 3646 3647 3648
f 3649 3650 3656 3655
f 3650 3651 3657 3656
f 3651 3652 3658 3657
f 3652 3653 3659 3658
f 3653 3654 3660 3659
f 3654 3649 3655 3660
f 3654 3653 3652 3651 3650 3649
f 3655 3656 3657 3658 3659 3660
f 3661 3662 3668 3667
f 3662 3663 3669 3668
f 3663 3664 3670 3669
f 3664 3665 3671 3670
f 3665 3666 3672 3671
f 3666 3661 3667 3672
f 3666 3665 3664 3663 3662 3661
f 3667 3668 3669 3670 3671 3672
f 3673 3674 3680 3679
f 3674 3675 3681 3680
f 3675 3676 3682 3681
f 3676 3677 3683 3682
f 3677 3678 3684 3683
f 3678 3673 3679 3684
f 3678 3677 3676 3675 3674 3673
f 3679 3680 3681 3682 3683 3684
f 3685 3686 3692 3691
f 3686 3687 3693 3692
f 3687 3688 3694 3693
f 3688 3689 3695 3694
f 3689 3690 3696 3695
f 3690 3685 3691 3696
f 3690 3689 3688 3687 3686 3685
f 3691 3692 3693 3694 3695 3696
f 3697 3698 3704 3703
f 3698 3699 3705 3704
f 3699 3700 3706 3705
f 3700 3701 3707 3706
f 3701 3702 3708 3707
f 3702 3697 3703 3708
f 3702 3701 3700 3699 3698 3697
f 3703 3704 3705 3706 3707 3708
f 3709 3710 3716 3715
f 3710 3711 3717 3716
f 3711 3712 3718 3717
f 3712 3713 3719 3718
f 3713 3714 3720 3719
f 3714 3709 3715 3720
f 3714 3713 3712 3711 3710 3709
f 3715 3716 3717 3718 3719 3720
f 3721 3722 3728 3727
f 3722 3723 3729 3728
f 3723 3724 3730 3729
f 3724 3725 3731 3730
f 3725 3726 3732 3731
f 3726 3721 3727 3732
f 3726 3725 3724 3723 3722 3721
f 3727 3728 3729 3730 3731 3732
f 3733 3734 3740 3739
f 3734 3735 3741 3740
f 3735 3736 3742 3741
f 3736 3737 3743 3742
f 3737 3738 3744 3743
f 3738 3733 3739 3744
f 3738 3737 3736 3735 3734 3733
f 3739 3740 3741 3742 3743 3744
f 3745 3746 3752 3751
f 3746 3747 3753 3752
f 3747 3748 3754 3753
f 3748 3749 3755 3754
f 3749 3750 3756 3755
f 3750 3745 3751 3756
f 3750 3749 3748 3747 3746 3745
f 3751 3752 3753 3754 3755 3756
f 3757 3758 3764 3763
f 3758 3759 3765 3764
f 3759 3760 3766 3765
f 3760 3761 3767 3766
f 3761 3762 3768 3767
f 3762 3757 3763 3768
f 3762 3761 3760 3759 3758 3757
f 3763 3764 3765 3766 3767 3768
f 3769 3770 3776 3775
f 3770 3771 3777 3776
f 3771 3772 3778 3777
f 3772 3773 3779 3778
f 3773 3774 3780 3779
f 3774 3769 3775 3780
f 3774 3773 3772 3771 3770 3769
f 3775 3776 3777 3778 3779 3780
f 3781 3782 3788 3787
f 3782 3783 3789 3788
f 3783 3784 3790 3789
f 3784 3785 3791 3790
f 3785 3786 3792 3791
f 3786 3781 3787 3792
f 3786 3785 3784 3783 3782 3781
f 3787 3788 3789 3790 3791 3792
f 3793 3794 3800 3799
f 3794 3795 3801 3800
f 3795 3796 3802 3801
f 3796 3797 3803 3802
f 3797 3798 3804 3803
f 3798 3793 3799 3804
f 3798 3797 3796 3795 3794 3793
f 3799 3800 3801 3802 3803 3804
f 3805 3806 3812 3811
f 3806 3807 3813 3812
f 3807 3808 3814 3813
f 3808 3809 3815 3814
f 3809 3810 3816 3815
f 3810 3805 3811 3816
f 3810 3809 3808 3807 3806 3805
f 3811 3812 3813 3814 3815 3816
f 3817 3818 3824 3823
f 3818 3819 3825 3824
f 3819 3820 3826 3825
f 3820 3821 3827 3826
f 3821 3822 3828 3827
f 3822 3817 3823 3828
f 3822 3821 3820 3819 3818 3817
f 3823 3824 3825 3826 3827 3828
f 3829 3830 3836 3835
f 3830 3831 3837 3836
f 3831 3832 3838 3837
f 3832 3833 3839 3838
f 3833 3834 3840 3839
f 3834 3829 3835 3840
f 3834 3833 3832 3831 3830 3829
f 3835 3836 3837 3838 3839 3840
f 3841 3842 3848 3847
f 3842 3843 3849 3848
f 3843 3844 3850 3849
f 3844 3845 3851 3850
f 3845 3846 3852 3851
f 3846 3841 3847 3852
f 3846 3845 3844 3843 3842 3841
f 3847 3848 3849 3850 3851 3852
f 3853 3854 3860 3859
f 3854 3855 3861 3860
f 3855 3856 3862 3861
f 3856 3857 3863 3862
f 3857 3858 3864 3863
f 3858 3853 3859 3864
f 3858 3857 3856 3855 3854 3853
f 3859 3860 3861 3862 3863 3864
f 3865 3866 3872 3871
f 3866 3867 3873 3872
f 3867 3868 3874 3873
f 3868 3869 3875 3874
f 3869 3870 3876 3875
f 3870 3865 3871 3876
f 3870 3869 3868 3867 3866 3865
f 3871 3872 3873 3874 3875 3876
f 3877 3878 3884 3883
f 3878 3879 3885 3884
f 3879 3880 3886 3885
f 3880 3881 3887 3886
f 3881 3882 3888 3887
f 3882 3877 3883 3888
f 3882 3881 3880 3879 3878 3877
f 3883 3884 3885 3886 3887 3888
f 3889 3890 3896 3895
f 3890 3891 3897 3896
f 3891 3892 3898 3897
f 3892 3893 3899 3898
f 3893 3894 3900 3899
f 3894 3889 3895 3900
f 3894 3893 3892 3891 3890 3889
f 3895 3896 3897 3898 3899 3900
f 3901 3902 3908 3907
f 3902 3903 3909 3908
f 3903 3904 3910 3909
f 3904 3905 3911 3910
f 3905 3906 3912 3911
f 3906 3901 3907 3912
f 3906 3905 3904 3903 3902 3901
f 3907 3908 3909 3910 3911 3912
f 3913 3914 3920 3919
f 3914 3915 3921 3920
f 3915 3916 3922 3921
f 3916 3917 3923 3922
f 3917 3918 3924 3923
f 3918 3913 3919 3924
f 3918 3917 3916 3915 3914 3913
f 3919 3920 3921 3922 3923 3924
f 3925 3926 3932 3931
f 3926 3927 3933 3932
f 3927 3928 3934 3933
f 3928 3929 3935 3934
f 3929 3930 3936 3935
f 3930 3925 3931 3936
f 3930 3929 3928 3927 3926 3925
f 3931 3932 3933 3934 3935 3936
f 3937 3938 3944 3943
f 3938 3939 3945 3944
f 3939 3940 3946 3945
f 3940 3941 3947 3946
f 3941 3942 3948 3947
f 3942 3937 3943 3948
f 3942 3941 3940 3939 3938 3937
f 3943 3944 3945 3946 3947 3948
f 3949 3950 3956 3955
f 3950 3951 3957 3956
f 3951 3952 3958 3957
f 3952 3953 3959 3958
f 3953 3954 3960 3959
f 3954 3949 3955 3960
f 3954 3953 3952 3951 3950 3949
f 3955 3956 3957 3958 3959 3960
f 3961 3962 3968 3967
f 3962 3963 3969 3968
f 3963 3964 3970 3969
f 3964 3965 3971 3970
f 3965 3966 3972 3971
f 3966 3961 3967 3972
f 3966 3965 3964 3963 3962 3961
f 3967 3968 3969 3970 3971 3972
f 3973 3974 3980 3979
f 3974 3975 3981 3980
f 3975 3976 3982 3981
f 3976 3977 3983 3982
f 3977 3978 3984 3983
f 3978 3973 3979 3984
f 3978 3977 3976 3975 3974 3973
f 3979 3980 3981 3982 3983 3984
f 3985 3986 3992 3991
f 3986 3987 3993 3992
f 3987 3988 3994 3993
f 3988 3989 3995 3994
f 3989 3990 3996 3995
f 3990 3985 3991 3996
f 3990 3989 3988 3987 3986 3985
f 3991 3992 3993 3994 3995 3996
f 3997 3998 4004 4003
f 3998 3999 4005 4004
f 3999 4000 4006 4005
f 4000 4001 4007 4006
f 4001 4002 4008 4007
f 4002 3997 4003 4008
f 4002 4001 4000 3999 3998 3997
f 4003 4004 4005 4006 4007 4008
f 4009 4010 4016 4015
f 4010 4011 4017 4016
f 4011 4012 4018 4017
f 4012 4013 4019 4018
f 4013 4014 4020 4019
f 4014 4009 4015 4020
f 4014 4013 4012 4011 4010 4009
f 4015 4016 4017 4018 4019 4020
f 4021 4022 4028 4027
f 4022 4023 4029 4028
f 4023 4024 4030 4029
f 4024 4025 4031 4030
f 4025 4026 4032 4031
f 4026 4021 4027 4032
f 4026 4025 4024 4023 4022 4021
f 4027 4028 4029 4030 4031 4032
f 4033 4034 4040 4039
f 4034 4035 4041 4040
f 4035 4036 4042 4041
f 4036 4037 4043 4042
f 4037 4038 4044 4043
f 4038 4033 4039 4044
f 4038 4037 4036 4035 4034 4033
f 4039 4040 4041 4042 4043 4044
f 4045 4046 4052 4051
f 4046 4047 4053 4052
f 4047 4048 4054 4053
f 4048 4049 4055 4054
f 4049 4050 4056 4055
f 4050 4045 4051 4056
f 4050 4049 4048 4047 4046 4045
f 4051 4052 4053 4054 4055 4056
f 4057 4058 4064 4063
f 4058 4059 4065 4064
f 4059 4060 4066 4065
f 4060 4061 4067 4066
f 4061 4062 4068 4067
f 4062 4057 4063 4068
f 4062 4061 4060 4059 4058 4057
f 4063 4064 4065 4066 4067 4068
f 4069 4070 4076 4075
f 4070 4071 4077 4076
f 4071 4072 4078 4077
f 4072 4073 4079 4078
f 4073 4074 4080 4079
f 4074 4069 4075 4080
f 4074 4073 4072 4071 4070 4069
f 4075 4076 4077 4078 4079 4080
f 4081 4082 4088 4087
f 4082 4083 4089 4088
f 4083 4084 4090 4089
f 4084 4085 4091 4090
f 4085 4086 4092 4091
f 4086 4081 4087 4092
f 4086 4085 4084 4083 4082 4081
f 4087 4088 4089 4090 4091 4092
f 4093 4094 4100 4099
f 4094 4095 4101 4100
f 4095 4096 4102 4101
f 4096 4097 4103 4102
f 4097 4098 4104 4103
f 4098 4093 4099 4104
f 4098 4097 4096 4095 4094 4093
f 4099 4100 4101 4102 4103 4104
f 4105 4106 4112 4111
f 4106 4107 4113 4112
f 4107 4108 4114 4113
f 4108 4109 4115 4114
f 4109 4110 4116 4115
f 4110 4105 4111 4116
f 4110 4109 4108 4107 4106 4105
f 4111 4112 4113 4114 4115 4116
f 4117 4118 4124 4123
f 4118 4119 4125 4124
f 4119 4120 4126 4125
f 4120 4121 4127 4126
f 4121 4122 4128 4127
f 4122 4117 4123 4128
f 4122 4121 4120 4119 4118 4117
f 4123 4124 4125 4126 4127 4128
f 4129 4130 4136 4135
f 4130 4131 4137 4136
f 4131 4132 4138 4137
f 4132 4133 4139 4138
f 4133 4134 4140 4139
f 4134 4129 4135 4140
f 4134 4133 4132 4131 4130 4129
f 4135 4136 4137 4138 4139 4140
f 4141 4142 4148 4147
f 4142 4143 4149 4148
f 4143 4144 4150 4149
f 4144 4145 4151 4150
f 4145 4146 4152 4151
f 4146 4141 4147 4152
f 4146 4145 4144 4143 4142 4141
f 4147 4148 4149 4150 4151 4152
f 4153 4154 4160 4159
f 4154 4155 4161 4160
f 4155 4156 4162 4161
f 4156 4157 4163 4162
f 4157 4158 4164 4163
f 4158 4153 4159 4164
f 4158 4157 4156 4155 4154 4153
f 4159 4160 4161 4162 4163 4164
f 4165 4166 4172 4171
f 4166 4167 4173 4172
f 4167 4168 4174 4173
f 4168 4169 4175 4174
f 4169 4170 4176 4175
f 4170 4165 4171 4176
f 4170 4169 4168 4167 4166 4165
f 4171 4172 4173 4174 4175 4176
f 4177 4178 4184 4183
f 4178 4179 4185 4184
f 4179 4180 4186 4185
f 4180 4181 4187 4186
f 4181 4182 4188 4187
f 4182 4177 4183 4188
f 4182 4181 4180 4179 4178 4177
f 4183 4184 4185 4186 4187 4188
f 4189 4190 4196 4195
f 4190 4191 4197 4196
f 4191 4192 4198 4197
f 4192 4193 4199 4198
f 4193 4194 4200 4199
f 4194 4189 4195 4200
f 4194 4193 4192 4191 4190 4189
f 4195 4196 4197 4198 4199 4200
f 4201 4202 4208 4207
f 4202 4203 4209 4208
f 4203 4204 4210 4209
f 4204 4205 4211 4210
f 4205 4206 4212 4211
f 4206 4201 4207 4212
f 4206 4205 4204 4203 4202 4201
f 4207 4208 4209 4210 4211 4212
f 4213 4214 4220 4219
f 4214 4215 4221 4220
f 4215 4216 4222 4221
f 4216 4217 4223 4222
f 4217 4218 4224 4223
f 4218 4213 4219 4224
f 4218 4217 4216 4215 4214 4213
f 4219 4220 4221 4222 4223 4224
f 4225 4226 4232 4231
f 4226 4227 4233 4232
f 4227 4228 4234 4233
f 4228 4229 4235 4234
f 4229 4230 4236 4235
f 4230 4225 4231 4236
f 4230 4229 4228 4227 4226 4225
f 4231 4232 4233 4234 4235 4236
f 4237 4238 4244 4243
f 4238 4239 4245 4244
f 4239 4240 4246 4245
f 4240 4241 4247 4246
f 4241 4242 4248 4247
f 4242 4237 4243 4248
f 4242 4241 4240 4239 4238 4237
f 4243 4244 4245 4246 4247 4248
f 4249 4250 4256 4255
f 4250 4251 4257 4256
f 4251 4252 4258 4257
f 4252 4253 4259 4258
f 4253 4254 4260 4259
f 4254 4249 4255 4260
f 4254 4253 4252 4251 4250 4249
f 4255 4256 4257 4258 4259 4260
f 4261 4262 4268 4267
f 4262 4263 4269 4268
f 4263 4264 4270 4269
f 4264 4265 4271 4270
f 4265 4266 4272 4271
f 4266 4261 4267 4272
f 4266 4265 4264 4263 4262 4261
f 4267 4268 4269 4270 4271 4272
f 4273 4274 4280 4279
f 4274 4275 4281 4280
f 4275 4276 4282 4281
f 4276 4277 4283 4282
f 4277 4278 4284 4283
f 4278 4273 4279 4284
f 4278 4277 4276 4275 4274 4273
f 4279 4280 4281 4282 4283 4284
f 4285 4286 4292 4291
f 4286 4287 4293 4292
f 4287 4288 4294 4293
f 4288 4289 4295 4294
f 4289 4290 4296 4295
f 4290 4285 4291 4296
f 4290 4289 4288 4287 4286 4285
f 4291 4292 4293 4294 4295 4296
f 4297 4298 4304 4303
f 4298 4299 4305 4304
f 4299 4300 4306 4305
f 4300 4301 4307 4306
f 4301 4302 4308 4307
f 4302 4297 4303 4308
f 4302 4301 4300 4299 4298 4297
f 4303 4304 4305 4306 4307 4308
f 4309 4310 4316 4315
f 4310 4311 4317 4316
f 4311 4312 4318 4317
f 4312 4313 4319 4318
f 4313 4314 4320 4319
f 4314 4309 4315 4320
f 4314 4313 4312 4311 4310 4309
f 4315 4316 4317 4318 4319 4320
f 4321 4322 4328 4327
f 4322 4323 4329 4328
f 4323 4324 4330 4329
f 4324 4325 4331 4330
f 4325 4326 4332 4331
f 4326 4321 4327 4332
f 4326 4325 4324 4323 4322 4321
f 4327 4328 4329 4330 4331 4332
f 4333 4334 4340 4339
f 4334 4335 4341 4340
f 4335 4336 4342 4341
f 4336 4337 4343 4342
f 4337 4338 4344 4343
f 4338 4333 4339 4344
f 4338 4337 4336 4335 4334 4333
f 4339 4340 4341 4342 4343 4344
f 4345 4346 4352 4351
f 4346 4347 4353 4352
f 4347 4348 4354 4353
f 4348 4349 4355 4354
f 4349 4350 4356 4355
f 4350 4345 4351 4356
f 4350 4349 4348 4347 4346 4345
f 4351 4352 4353 4354 4355 4356
f 4357 4358 4364 4363
f 4358 4359 4365 4364
f 4359 4360 4366 4365
f 4360 4361 4367 4366
f 4361 4362 4368 4367
f 4362 4357 4363 4368
f 4362 4361 4360 4359 4358 4357
f 4363 4364 4365 4366 4367 4368
f 4369 4370 4376 4375
f 4370 4371 4377 4376
f 4371 4372 4378 4377
f 4372 4373 4379 4378
f 4373 4374 4380 4379
f 4374 4369 4375 4380
f 4374 4373 4372 4371 4370 4369
f 4375 4376 4377 4378 4379 4380
f 4381 4382 4388 4387
f 4382 4383 4389 4388
f 4383 4384 4390 4389
f 4384 4385 4391 4390
f 4385 4386 4392 4391
f 4386 4381 4387 4392
f 4386 4385 4384 4383 4382 4381
f 4387 4388 4389 4390 4391 4392
f 4393 4394 4400 4399
f 4394 4395 4401 4400
f 4395 4396 4402 4401
f 4396 4397 4403 4402
f 4397 4398 4404 4403
f 4398 4393 4399 4404
f 4398 4397 4396 4395 4394 4393
f 4399 4400 4401 4402 4403 4404
f 4405 4406 4412 4411
f 4406 4407 4413 4412
f 4407 4408 4414 4413
f 4408 4409 4415 4414
f 4409 4410 4416 4415
f 4410 4405 4411 4416
f 4410 4409 4408 4407 4406 4405
f 4411 4412 4413 4414 4415 4416
f 4417 4418 4424 4423
f 4418 4419 4425 4424
f 4419 4420 4426 4425
f 4420 4421 4427 4426
f 4421 4422 4428 4427
f 4422 4417 4423 4428
f 4422 4421 4420 4419 4418 4417
f 4423 4424 4425 4426 4427 4428
f 4429 4430 4436 4435
f 4430 4431 4437 4436
f 4431 4432 4438 4437
f 4432 4433 4439 4438
f 4433 4434 4440 4439
f 4434 4429 4435 4440
f 4434 4433 4432 4431 4430 4429
f 4435 4436 4437 4438 4439 4440
f 4441 4442 4448 4447
f 4442 4443 4449 4448
f 4443 4444 4450 4449
f 4444 4445 4451 4450
f 4445 4446 4452 4451
f 4446 4441 4447 4452
f 4446 4445 4444 4443 4442 4441
f 4447 4448 4449 4450 4451 4452
f 4453 4454 4460 4459
f 4454 4455 4461 4460
f 4455 4456 4462 4461
f 4456 4457 4463 4462
f 4457 4458 4464 4463
f 4458 4453 4459 4464
f 4458 4457 4456 4455 4454 4453
f 4459 4460 4461 4462 4463 4464
f 4465 4466 4472 4471
f 4466 4467 4473 4472
f 4467 4468 4474 4473
f 4468 4469 4475 4474
f 4469 4470 4476 4475
f 4470 4465 4471 4476
f 4470 4469 4468 4467 4466 4465
f 4471 4472 4473 4474 4475 4476
f 4477 4478 4484 4483
f 4478 4479 4485 4484
f 4479 4480 4486 4485
f 4480 4481 4487 4486
f 4481 4482 4488 4487
f 4482 4477 4483 4488
f 4482 4481 4480 4479 4478 4477
f 4483 4484 4485 4486 4487 4488
f 4489 4490 4496 4495
f 4490 4491 4497 4496
f 4491 4492 4498 4497
f 4492 4493 4499 4498
f 4493 4494 4500 4499
f 4494 4489 4495 4500
f 4494 4493 4492 4491 4490 4489
f 4495 4496 4497 4498 4499 4500
f 4501 4502 4508 4507
f 4502 4503 4509 4508
f 4503 4504 4510 4509
f 4504 4505 4511 4510
f 4505 4506 4512 4511
f 4506 4501 4507 4512
f 4506 4505 4504 4503 4502 4501
f 4507 4508 4509 4510 4511 4512
f 4513 4514 4520 4519
f 4514 4515 4521 4520
f 4515 4516 4522 4521
f 4516 4517 4523 4522
f 4517 4518 4524 4523
f 4518 4513 4519 4524
f 4518 4517 4516 4515 4514 4513
f 4519 4520 4521 4522 4523 4524
f 4525 4526 4532 4531
f 4526 4527 4533 4532
f 4527 4528 4534 4533
f 4528 4529 4535 4534
f 4529 4530 4536 4535
f 4530 4525 4531 4536
f 4530 4529 4528 4527 4526 4525
f 4531 4532 4533 4534 4535 4536
f 4537 4538 4544 4543
f 4538 4539 4545 4544
f 4539 4540 4546 4545
f 4540 4541 4547 4546
f 4541 4542 4548 4547
f 4542 4537 4543 4548
f 4542 4541 4540 4539 4538 4537
f 4543 4544 4545 4546 4547 4548
f 4549 4550 4556 4555
f 4550 4551 4557 4556
f 4551 4552 4558 4557
f 4552 4553 4559 4558
f 4553 4554 4560 4559
f 4554 4549 4555 4560
f 4554 4553 4552 4551 4550 4549
f 4555 4556 4557 4558 4559 4560
f 4561 4562 4568 4567
f 4562 4563 4569 4568
f 4563 4564 4570 4569
f 4564 4565 4571 4570
f 4565 4566 4572 4571
f 4566 4561 4567 4572
f 4566 4565 4564 4563 4562 4561
f 4567 4568 4569 4570 4571 4572
f 4573 4574 4580 4579
f 4574 4575 4581 4580
f 4575 4576 4582 4581
f 4576 4577 4583 4582
f 4577 4578 4584 4583
f 4578 4573 4579 4584
f 4578 4577 4576 4575 4574 4573
f 4579 4580 4581 4582 4583 4584
f 4585 4586 4592 4591
f 4586 4587 4593 4592
f 4587 4588 4594 4593
f 4588 4589 4595 4594
f 4589 4590 4596 4595
f 4590 4585 4591 4596
f 4590 4589 4588 4587 4586 4585
f 4591 4592 4593 4594 4595 4596
f 4597 4598 4604 4603
f 4598 4599 4605 4604
f 4599 4600 4606 4605
f 4600 4601 4607 4606
f 4601 4602 4608 4607
f 4602 4597 4603 4608
f 4602 4601 4600 4599 4598 4597
f 4603 4604 4605 4606 4607 4608
f 4609 4610 4616 4615
f 4610 4611 4617 4616
f 4611 4612 4618 4617
f 4612 4613 4619 4618
f 4613 4614 4620 4619
f 4614 4609 4615 4620
f 4614 4613 4612 4611 4610 4609
f 4615 4616 4617 4618 4619 4620
f 4621 4622 4628 4627
f 4622 4623 4629 4628
f 4623 4624 4630 4629
f 4624 4625 4631 4630
f 4625 4626 4632 4631
f 4626 4621 4627 4632
f 4626 4625 4624 4623 4622 4621
f 4627 4628 4629 4630 4631 4632
f 4633 4634 4640 4639
f 4634 4635 4641 4640
f 4635 4636 4642 4641
f 4636 4637 4643 4642
f 4637 4638 4644 4643
f 4638 4633 4639 4644
f 4638 4637 4636 4635 4634 4633
f 4639 4640 4641 4642 4643 4644
f 4645 4646 4652 4651
f 4646 4647 4653 4652
f 4647 4648 4654 4653
f 4648 4649 4655 4654
f 4649 4650 4656 4655
f 4650 4645 4651 4656
f 4650 4649 4648 4647 4646 4645
f 4651 4652 4653 4654 4655 4656
f 4657 4658 4664 4663
f 4658 4659 4665 4664
f 4659 4660 4666 4665
f 4660 4661 4667 4666
f 4661 4662 4668 4667
f 4662 4657 4663 4668
f 4662 4661 4660 4659 4658 4657
f 4663 4664 4665 4666 4667 4668
f 4669 4670 4676 4675
f 4670 4671 4677 4676
f 4671 4672 4678 4677
f 4672 4673 4679 4678
f 4673 4674 4680 4679
f 4674 4669 4675 4680
f 4674 4673 4672 4671 4670 4669
f 4675 4676 4677 4678 4679 4680
f 4681 4682 4688 4687
f 4682 4683 4689 4688
f 4683 4684 4690 4689
f 4684 4685 4691 4690
f 4685 4686 4692 4691
f 4686 4681 4687 4692
f 4686 4685 4684 4683 4682 4681
f 4687 4688 4689 4690 4691 4692
f 4693 4694 4700 4699
f 4694 4695 4701 4700
f 4695 4696 4702 4701
f 4696 4697 4703 4702
f 4697 4698 4704 4703
f 4698 4693 4699 4704
f 4698 4697 4696 4695 4694 4693
f 4699 4700 4701 4702 4703 4704
f 4705 4706 4712 4711
f 4706 4707 4713 4712
f 4707 4708 4714 4713
f 4708 4709 4715 4714
f 4709 4710 4716 4715
f 4710 4705 4711 4716
f 4710 4709 4708 4707 4706 4705
f 4711 4712 4713 4714 4715 4716
f 4717 4718 4724 4723
f 4718 4719 4725 4724
f 4719 4720 4726 4725
f 4720 4721 4727 4726
f 4721 4722 4728 4727
f 4722 4717 4723 4728
f 4722 4721 4720 4719 4718 4717
f 4723 4724 4725 4726 4727 4728
f 4729 4730 4736 4735
f 4730 4731 4737 4736
f 4731 4732 4738 4737
f 4732 4733 4739 4738
f 4733 4734 4740 4739
f 4734 4729 4735 4740
f 4734 4733 4732 4731 4730 4729
f 4735 4736 4737 4738 4739 4740
f 4741 4742 4748 4747
f 4742 4743 4749 4748
f 4743 4744 4750 4749
f 4744 4745 4751 4750
f 4745 4746 4752 4751
f 4746 4741 4747 4752
f 4746 4745 4744 4743 4742 4741
f 4747 4748 4749 4750 4751 4752
f 4753 4754 4760 4759
f 4754 4755 4761 4760
f 4755 4756 4762 4761
f 4756 4757 4763 4762
f 4757 4758 4764 4763
f 4758 4753 4759 4764
f 4758 4757 4756 4755 4754 4753
f 4759 4760 4761 4762 4763 4764
f 4765 4766 4772 4771
f 4766 4767 4773 4772
f 4767 4768 4774 4773
f 4768 4769 4775 4774
f 4769 4770 4776 4775
f 4770 4765 4771 4776
f 4770 4769 4768 4767 4766 4765
f 4771 4772 4773 4774 4775 4776
f 4777 4778 4784 4783
f 4778 4779 4785 4784
f 4779 4780 4786 4785
f 4780 4781 4787 4786
f 4781 4782 4788 4787
f 4782 4777 4783 4788
f 4782 4781 4780 4779 4778 4777
f 4783 4784 4785 4786 4787 4788
f 4789 4790 4796 4795
f 4790 4791 4797 4796
f 4791 4792 4798 4797
f 4792 4793 4799 4798
f 4793 4794 4800 4799
f 4794 4789 4795 4800
f 4794 4793 4792 4791 4790 4789
f 4795 4796 4797 4798 4799 4800
f 4801 4802 4808 4807
f 4802 4803 4809 4808
f 4803 4804 4810 4809
f 4804 4805 4811 4810
f 4805 4806 4812 4811
f 4806 4801 4807 4812
f 4806 4805 4804 4803 4802 4801
f 4807 4808 4809 4810 4811 4812
f 4813 4814 4820 4819
f 4814 4815 4821 4820
f 4815 4816 4822 4821
f 4816 4817 4823 4822
f 4817 4818 4824 4823
f 4818 4813 4819 4824
f 4818 4817 4816 4815 4814 4813
f 4819 4820 4821 4822 4823 4824
f 4825 4826 4832 4831
f 4826 4827 4833 4832
f 4827 4828 4834 4833
f 4828 4829 4835 4834
f 4829 4830 4836 4835
f 4830 4825 4831 4836
f 4830 4829 4828 4827 4826 4825
f 4831 4832 4833 4834 4835 4836
f 4837 4838 4844 4843
f 4838 4839 4845 4844
f 4839 4840 4846 4845
f 4840 4841 4847 4846
f 4841 4842 4848 4847
f 4842 4837 4843 4848
f 4842 4841 4840 4839 4838 4837
f 4843 4844 4845 4846 4847 4848
f 4849 4850 4856 4855
f 4850 4851 4857 4856
f 4851 4852 4858 4857
f 4852 4853 4859 4858
f 4853 4854 4860 4859
f 4854 4849 4855 4860
f 4854 4853 4852 4851 4850 4849
f 4855 4856 4857 4858 4859 4860
f 4861 4862 4868 4867
f 4862 4863 4869 4868
f 4863 4864 4870 4869
f 4864 4865 4871 4870
f 4865 4866 4872 4871
f 4866 4861 4867 4872
f 4866 4865 4864 4863 4862 4861
f 4867 4868 4869 4870 4871 4872
f 4873 4874 4880 4879
f 4874 4875 4881 4880
f 4875 4876 4882 4881
f 4876 4877 4883 4882
f 4877 4878 4884 4883
f 4878 4873 4879 4884
f 4878 4877 4876 4875 4874 4873
f 4879 4880 4881 4882 4883 4884
f 4885 4886 4892 4891
f 4886 4887 4893 4892
f 4887 4888 4894 4893
f 4888 4889 4895 4894
f 4889 4890 4896 4895
f 4890 4885 4891 4896
f 4890 4889 4888 4887 4886 4885
f 4891 4892 4893 4894 4895 4896
