# Basketbroom original 3D environment. Centimetres, Z up.
o SM_BB_ENV_RR_Sage
s 1
v -22142.54402 4173.84829 160.12878
v -22142.76399 4174.45228 156.23151
v -22143.46548 4174.61882 109.80226
v -22143.98449 4175.15559 170.72244
v -22144.60919 4174.77573 136.23627
v -22145.22029 4174.45986 158.44279
v -22145.18294 4173.84829 129.86471
v -22145.04937 4173.32131 133.76198
v -22144.78494 4172.65993 180.19123
v -22143.98449 4172.89366 119.27104
v -22143.28973 4172.81684 153.75721
v -22142.93492 4173.32889 131.55070
v -22057.16388 4173.84829 97.01916
v -22051.53257 4219.60012 123.88630
v -22089.09178 4255.34283 127.97176
v -22143.98449 4264.45912 122.48234
v -22201.49198 4259.22477 135.02030
v -22214.88135 4208.93314 90.33939
v -22268.68563 4173.84829 148.07557
v -22234.71578 4128.94795 121.20843
v -22194.85265 4098.32866 117.12297
v -22143.98449 4083.15476 122.61239
v -22095.73111 4102.21060 110.07443
v -22031.69815 4118.28096 154.75534
v -21945.39001 4173.84829 69.65367
v -21999.04882 4245.57284 55.55192
v -22036.91601 4332.80375 76.67017
v -22143.98449 4306.14816 49.67983
v -22231.49365 4303.76571 59.01043
v -22324.98909 4263.42234 74.35390
v -22309.55970 4173.84829 54.74742
v -22314.42903 4089.50012 68.84916
v -22219.00086 4062.47786 47.73091
v -22143.98449 3994.00270 74.72126
v -22049.40881 4033.43982 65.39066
v -22009.60889 4107.34961 50.04718
v -21916.34449 4173.84829 -20.00000
v -21948.11552 4270.77829 -20.00000
v -22061.80812 4295.84856 -20.00000
v -22143.98449 4381.56829 -20.00000
v -22243.80086 4322.03717 -20.00000
v -22339.85345 4270.77829 -20.00000
v -22336.34449 4173.84829 -20.00000
v -22311.84619 4090.77829 -20.00000
v -22271.80812 3984.07941 -20.00000
v -22143.98449 4021.56829 -20.00000
v -22033.80086 4010.26802 -20.00000
v -21976.12278 4090.77829 -20.00000
v -21993.48193 4173.84829 -87.94301
v -21986.03274 4252.01414 -102.33693
v -22048.93899 4314.95425 -105.81484
v -22143.98449 4328.96456 -101.69680
v -22243.51663 4321.61521 -109.86576
v -22265.86730 4234.16464 -83.53495
v -22357.65162 4173.84829 -116.45808
v -22301.41294 4095.94141 -102.06415
v -22231.02384 4044.62836 -98.58624
v -22143.98449 4016.81911 -102.70429
v -22061.43179 4051.28932 -94.53533
v -21950.48709 4078.09191 -120.86613
v -22028.42382 4173.84829 -175.75579
v -22059.89253 4215.46302 -150.87540
v -22081.90676 4266.00981 -187.34008
v -22143.98449 4251.39936 -141.94633
v -22194.30696 4248.55779 -155.65199
v -22249.63150 4226.13000 -184.42231
v -22239.94557 4173.84829 -149.33894
v -22243.07573 4124.81084 -174.21933
v -22187.66763 4108.99564 -137.75465
v -22143.98449 4070.09500 -183.14840
v -22088.54609 4091.54362 -169.44274
v -22066.44829 4135.47783 -140.67242
v -22142.56444 4173.84829 -197.57541
v -22142.74386 4174.46224 -199.13938
v -22143.47059 4174.61124 -148.52557
v -22143.98449 4175.15082 -210.02585
v -22144.61429 4174.78331 -177.51296
v -22145.20980 4174.45467 -196.92810
v -22145.20336 4173.84829 -172.41808
v -22145.02923 4173.33128 -170.85410
v -22144.79005 4172.65235 -221.46791
v -22143.98449 4172.88889 -159.96763
v -22143.29483 4172.82442 -192.48053
v -22142.92443 4173.32370 -173.06538
v 30531.14895 -4479.19371 133.64656
v 30530.97735 -4478.67058 132.63813
v 30530.72688 -4477.99617 181.73653
v 30529.92025 -4478.25195 117.39306
v 30529.23218 -4478.17219 152.08409
v 30528.83536 -4478.65683 136.65190
v 30528.51002 -4479.19371 156.34693
v 30528.69198 -4479.80155 157.35536
v 30529.40742 -4479.95506 108.25696
v 30529.92025 -4480.51388 172.60043
v 30530.55164 -4480.13108 137.90939
v 30531.12073 -4479.78779 153.34158
v 30654.42504 -4479.19371 147.81092
v 30621.79113 -4433.72941 122.98201
v 30579.12243 -4406.14741 112.63206
v 30529.92025 -4386.20958 126.21428
v 30481.69066 -4407.59133 110.01030
v 30418.33287 -4423.97228 153.66753
v 30442.90329 -4479.19371 97.28381
v 30438.60792 -4524.38159 122.11272
v 30473.36156 -4563.16159 132.46267
v 30529.92025 -4567.51393 118.88045
v 30587.45153 -4564.60551 135.08443
v 30601.51607 -4514.62445 91.42720
v 30691.74672 -4479.19371 53.05508
v 30699.37353 -4395.33608 68.33244
v 30606.99657 -4364.76505 49.59080
v 30529.92025 -4301.58303 73.54417
v 30434.34075 -4337.29495 66.29699
v 30399.22853 -4414.51808 48.12685
v 30327.57703 -4479.19371 71.34600
v 30383.99332 -4551.40881 56.06865
v 30424.91172 -4635.09094 74.81028
v 30529.92025 -4613.72849 50.85691
v 30616.42560 -4607.62084 58.10410
v 30714.60874 -4570.59081 76.27423
v 30727.02060 -4479.19371 -20.00000
v 30696.65508 -4396.68137 -20.00000
v 30658.65643 -4288.07005 -20.00000
v 30529.92025 -4328.77004 -20.00000
v 30420.92945 -4317.38433 -20.00000
v 30356.33969 -4393.29361 -20.00000
v 30307.02060 -4479.19371 -20.00000
v 30332.92441 -4576.68137 -20.00000
v 30448.65643 -4599.83920 -20.00000
v 30529.92025 -4688.77004 -20.00000
v 30630.92945 -4629.15348 -20.00000
v 30720.07036 -4573.29361 -20.00000
v 30743.11386 -4479.19371 -116.24431
v 30689.42644 -4400.25862 -103.14723
v 30614.08224 -4354.24555 -95.98833
v 30529.92025 -4318.35391 -104.71127
v 30447.30391 -4356.54025 -94.59279
v 30337.75965 -4384.09887 -120.16929
v 30378.94416 -4479.19371 -88.15678
v 30374.04623 -4556.33134 -101.25385
v 30431.99740 -4624.57145 -108.41276
v 30529.92025 -4630.49936 -99.68981
v 30629.38875 -4626.86614 -109.80830
v 30653.13986 -4540.17160 -84.23180
v 30623.82243 -4479.19371 -146.56390
v 30628.31121 -4430.50281 -173.12944
v 30574.84061 -4412.50427 -141.08976
v 30529.92025 -4376.75691 -181.07826
v 30473.89641 -4396.01988 -171.02088
v 30454.49146 -4441.86614 -137.39259
v 30412.30069 -4479.19371 -178.53083
v 30445.12800 -4521.15499 -151.96528
v 30469.07974 -4569.51844 -184.00497
v 30529.92025 -4558.06127 -144.01647
v 30579.65729 -4553.03406 -154.07384
v 30637.67467 -4532.51832 -187.70214
v 30531.16837 -4479.19371 -176.07607
v 30530.95866 -4478.67983 -169.93952
v 30530.73108 -4477.98994 -222.78668
v 30529.92025 -4478.24475 -158.44301
v 30529.23888 -4478.18213 -190.40983
v 30528.82372 -4478.65107 -178.33160
v 30528.52945 -4479.19371 -193.91742
v 30528.67329 -4479.81080 -200.05396
v 30529.41162 -4479.94883 -147.20681
v 30529.92025 -4480.50669 -211.55047
v 30530.55834 -4480.14102 -179.58366
v 30531.10910 -4479.78203 -191.66189
v 29592.19968 4274.42892 152.33791
v 29592.05586 4275.03976 158.23184
v 29591.33111 4275.18546 107.44701
v 29590.82152 4275.75818 173.92592
v 29590.18287 4275.37706 139.72437
v 29589.65753 4275.00494 148.07335
v 29589.56076 4274.42892 137.65557
v 29589.77049 4273.90879 131.76164
v 29590.01165 4273.22657 182.54648
v 29590.82152 4273.49625 116.06756
v 29591.50233 4273.41817 150.26912
v 29591.94290 4273.87398 141.92013
v 29678.40999 4274.42892 98.05411
v 29680.99985 4319.05562 120.34784
v 29648.97257 4360.76084 136.75512
v 29590.82152 4360.50521 115.35195
v 29533.35954 4359.73784 134.89763
v 29518.12652 4310.40361 93.13788
v 29466.88824 4274.42892 147.04062
v 29497.81664 4228.40344 124.74689
v 29543.21170 4203.74666 108.33961
v 29590.82152 4179.20086 129.74278
v 29639.12041 4202.72366 110.19710
v 29701.30973 4219.75143 151.95684
v 29796.50802 4274.42892 72.85529
v 29737.97515 4347.25108 56.70810
v 29693.49057 4426.85293 72.69801
v 29590.82152 4411.62969 52.26104
v 29505.22918 4401.50059 57.27976
v 29402.98953 4367.38165 77.91288
v 29432.33832 4274.42892 51.54579
v 29422.59494 4191.17835 67.69298
v 29511.40572 4156.52704 51.70307
v 29590.82152 4099.48424 72.14004
v 29687.31403 4131.17470 67.12132
v 29718.36973 4211.30892 46.48821
v 29808.72262 4274.42892 -20.00000
v 29788.64140 4372.32437 -20.00000
v 29671.64787 4394.42493 -20.00000
v 29590.82152 4485.26960 -20.00000
v 29488.53961 4426.27817 -20.00000
v 29406.55608 4365.61666 -20.00000
v 29388.72262 4274.42892 -20.00000
v 29424.91073 4192.32437 -20.00000
v 29461.64787 4082.65579 -20.00000
v 29590.82152 4125.26960 -20.00000
v 29698.53961 4114.50902 -20.00000
v 29770.28675 4185.61666 -20.00000
v 29742.89378 4274.42892 -88.65163
v 29744.65415 4350.55633 -100.18972
v 29691.48402 4423.87398 -110.88634
v 29590.82152 4422.01936 -97.73308
v 29491.58531 4421.75648 -109.59856
v 29465.57518 4336.40978 -85.28829
v 29378.72408 4274.42892 -115.74945
v 29429.27394 4194.48360 -104.21136
v 29509.39918 4153.54809 -93.51475
v 29590.82152 4109.87391 -106.66800
v 29673.67015 4151.43059 -94.80252
v 29780.95539 4180.33705 -119.11280
v 29710.26262 4274.42892 -180.98595
v 29676.45014 4316.80410 -153.26697
v 29650.26549 4362.68033 -180.24039
v 29590.82152 4354.84884 -146.45750
v 29541.60701 4347.49352 -152.66530
v 29481.28319 4328.63633 -190.47850
v 29498.74088 4274.42892 -144.10877
v 29493.26694 4226.15192 -171.82776
v 29544.50462 4205.66616 -144.85434
v 29590.82152 4173.54448 -178.63723
v 29647.36788 4190.47934 -172.42943
v 29664.46640 4237.98415 -134.61622
v 29592.18164 4274.42892 -190.08088
v 29592.07273 4275.04811 -200.66717
v 29591.32790 4275.18070 -146.64440
v 29590.82152 4275.74870 -212.54362
v 29590.17472 4275.38916 -181.76271
v 29589.67007 4274.99874 -186.26227
v 29589.54272 4274.42892 -179.91260
v 29589.78736 4273.91714 -169.32632
v 29590.00844 4273.22181 -223.34908
v 29590.82152 4273.48677 -157.44986
v 29591.49418 4273.43027 -188.23078
v 29591.95544 4273.86777 -183.73122
v -31573.70604 -6068.72117 141.81153
v -31573.95323 -6068.20314 131.15006
v -31574.18992 -6067.51847 182.60487
v -31575.00003 -6067.79361 115.32109
v -31575.67316 -6067.72182 148.34862
v -31576.15832 -6068.14796 147.24994
v -31576.34496 -6068.72117 148.18196
v -31576.23861 -6069.33411 158.84343
v -31575.50938 -6069.47736 107.38862
v -31575.00003 -6070.05554 174.67240
v -31574.35370 -6069.68071 141.64487
v -31573.87294 -6069.27893 142.74354
v -31452.00199 -6068.72117 145.78009
v -31480.88944 -6022.14851 126.46775
v -31528.87707 -6000.24634 104.33153
v -31575.00003 -5971.34077 133.12726
v -31623.45991 -5996.77689 110.63109
v -31684.01085 -6014.77480 149.65753
v -31663.52373 -6068.72117 99.31464
v -31664.07264 -6112.80068 118.62698
v -31634.63794 -6157.26051 140.76320
v -31575.00003 -6152.64512 111.96747
v -31517.69904 -6153.79107 134.46363
v -31500.82764 -6105.42698 95.43720
v -31419.38771 -6068.72117 50.24976
v -31408.21104 -5986.18203 66.94360
v -31493.01204 -5947.00058 54.02545
v -31575.00003 -5896.82020 70.53697
v -31672.29646 -5924.27343 67.84717
v -31700.00802 -6006.85825 45.16405
v -31783.55741 -6068.72117 74.15133
v -31723.59125 -6142.25475 57.45749
v -31675.09689 -6217.32647 70.37563
v -31575.00003 -6208.96566 53.86411
v -31490.21161 -6194.59932 56.55391
v -31384.62782 -6162.93098 79.23704
v -31367.74445 -6068.72117 -20.00000
v -31409.59395 -5986.86639 -20.00000
v -31445.87275 -5877.01687 -20.00000
v -31575.00003 -5920.20893 -20.00000
v -31681.39101 -5910.77152 -20.00000
v -31760.39797 -5976.97298 -20.00000
v -31787.74445 -6068.72117 -20.00000
v -31773.32462 -6166.86639 -20.00000
v -31655.87275 -6188.78602 -20.00000
v -31575.00003 -6280.20893 -20.00000
v -31471.39101 -6222.54066 -20.00000
v -31396.66730 -6156.97298 -20.00000
v -31364.59947 -6068.72117 -114.98341
v -31411.48827 -5987.80383 -105.23525
v -31496.12479 -5951.62181 -91.21501
v -31575.00003 -5900.62072 -108.53531
v -31658.24495 -5945.13451 -95.16032
v -31762.45781 -5975.95362 -117.71781
v -31728.76916 -6068.72117 -89.41767
v -31726.86848 -6143.87656 -99.16584
v -31678.20964 -6221.94770 -113.18607
v -31575.00003 -6212.76617 -95.86577
v -31476.16010 -6215.46040 -109.24076
v -31447.07760 -6132.02635 -86.68328
v -31484.46712 -6068.72117 -142.02270
v -31478.40117 -6020.91713 -170.34033
v -31527.15522 -5997.69005 -148.97304
v -31575.00003 -5969.59389 -175.87415
v -31631.99554 -5984.10478 -173.64018
v -31647.22020 -6032.98145 -132.39890
v -31695.98887 -6068.72117 -183.07203
v -31661.58438 -6111.56931 -154.75440
v -31632.91609 -6154.70423 -176.12169
v -31575.00003 -6150.89825 -149.22057
v -31526.23467 -6141.11895 -151.45454
v -31464.03700 -6123.63362 -192.69582
v -31573.68973 -6068.72117 -183.85090
v -31573.96794 -6068.21042 -169.02675
v -31574.18777 -6067.51527 -223.14386
v -31575.00003 -6067.78205 -157.00806
v -31575.66372 -6067.73584 -185.98700
v -31576.17152 -6068.14143 -189.15616
v -31576.32865 -6068.72117 -186.14259
v -31576.25331 -6069.34138 -200.96674
v -31575.50723 -6069.47417 -146.84962
v -31575.00003 -6070.04398 -212.98542
v -31574.34426 -6069.69473 -184.00648
v -31573.88615 -6069.27239 -180.83732
v -30766.86492 6459.92954 143.96225
v -30766.93521 6460.54362 159.17788
v -30767.66397 6460.68986 108.08295
v -30768.17610 6461.26496 174.82492
v -30768.83038 6460.90088 143.63246
v -30769.26659 6460.46919 137.45883
v -30769.50384 6459.92954 146.03123
v -30769.22058 6459.41266 130.81561
v -30768.98343 6458.73097 181.91053
v -30768.17610 6459.00303 115.16857
v -30767.51092 6458.94199 146.36103
v -30766.98121 6459.33822 152.53465
v -30678.37217 6459.92954 101.04018
v -30680.15878 6503.48682 116.98459
v -30707.18657 6550.47552 144.40669
v -30768.17610 6541.83582 108.79475
v -30825.22761 6544.62906 133.79114
v -30844.17452 6497.53900 98.27912
v -30889.89391 6459.92954 144.05455
v -30863.34198 6412.83464 128.11014
v -30812.94744 6393.46134 100.68804
v -30768.17610 6360.53147 136.29998
v -30719.46674 6387.61489 111.30359
v -30660.99132 6406.88683 146.81561
v -30557.27768 6459.92954 75.20817
v -30617.96518 6534.26467 58.30181
v -30670.83265 6604.44709 67.88963
v -30768.17610 6603.53455 55.63403
v -30852.28577 6584.80001 55.94108
v -30960.43440 6555.07272 80.22021
v -30921.44738 6459.92954 49.19292
v -30933.34538 6378.19194 66.09928
v -30852.91749 6334.12120 56.51145
v -30768.17610 6291.38909 68.76705
v -30670.20092 6314.47411 68.46000
v -30645.05419 6398.99999 44.18087
v -30560.64329 6459.92954 -20.00000
v -30569.67623 6558.16150 -20.00000
v -30686.77411 6580.78016 -20.00000
v -30768.17610 6671.43415 -20.00000
v -30873.14007 6615.76061 -20.00000
v -30940.64683 6545.28041 -20.00000
v -30980.64329 6459.92954 -20.00000
v -30933.40690 6378.16150 -20.00000
v -30896.77411 6269.01102 -20.00000
v -30768.17610 6311.43415 -20.00000
v -30663.14007 6303.99147 -20.00000
v -30576.91616 6365.28041 -20.00000
v -30612.14336 6459.92954 -90.43956
v -30618.15531 6534.17058 -98.20269
v -30662.66292 6616.57600 -115.26593
v -30768.17610 6600.66984 -94.12525
v -30866.46367 6605.84873 -108.74205
v -30899.37042 6524.85389 -88.38884
v -30976.31305 6459.92954 -113.96152
v -30933.53552 6378.09785 -106.19839
v -30844.74776 6346.25011 -89.13515
v -30768.17610 6288.52439 -110.27584
v -30684.37882 6335.52284 -95.65904
v -30583.99021 6368.78116 -116.01224
v -30645.94432 6459.92954 -184.74731
v -30680.53581 6503.30024 -156.39780
v -30711.88873 6543.49462 -171.73129
v -30768.17610 6544.03341 -152.25038
v -30816.57468 6531.78278 -150.46581
v -30880.17612 6515.35517 -194.30972
v -30857.46606 6459.92954 -140.34742
v -30863.71901 6412.64806 -168.69692
v -30817.64960 6386.48044 -153.36344
v -30768.17610 6362.72906 -172.84435
v -30710.81381 6374.76861 -174.62892
v -30696.99291 6424.70299 -130.78501
v -30766.87916 6459.92954 -182.18136
v -30766.92296 6460.54969 -200.94666
v -30767.66503 6460.68829 -147.81836
v -30768.17610 6461.25154 -212.86703
v -30768.84093 6460.91654 -186.27008
v -30769.25299 6460.46246 -175.49563
v -30769.51808 6459.92954 -187.81213
v -30769.20833 6459.41872 -169.04682
v -30768.98449 6458.72940 -222.17513
v -30768.17610 6458.98961 -157.12646
v -30767.52147 6458.95765 -183.72341
v -30766.96762 6459.33149 -194.49786
v 31873.84966 1943.38266 150.23023
v 31873.53247 1943.89936 130.76500
v 31873.28994 1944.57272 180.47737
v 31872.48834 1944.31221 115.61306
v 31871.83121 1944.35824 144.34613
v 31871.25790 1943.99157 157.66849
v 31871.21074 1943.38266 139.76325
v 31871.24710 1942.76840 159.22849
v 31871.97048 1942.61383 109.51612
v 31872.48834 1942.05028 174.38042
v 31873.15068 1942.39935 145.64735
v 31873.54327 1942.86060 132.32500
v 31992.60654 1943.38266 141.89855
v 31968.63798 1990.96439 129.64119
v 31916.07037 2008.08518 97.48206
v 31872.48834 2044.62336 139.19744
v 31823.44602 2016.19162 112.20113
v 31767.44169 1995.36727 143.48795
v 31781.08479 1943.38266 103.19618
v 31785.45477 1900.31221 115.45354
v 31810.30949 1851.07101 147.61267
v 31872.48834 1863.31900 105.89728
v 31929.20690 1859.17745 132.89360
v 31950.62489 1904.71509 101.60677
v 32023.99528 1943.38266 48.39643
v 32035.88822 2024.24463 65.17693
v 31960.10926 2073.46598 59.11132
v 31872.48834 2108.31304 66.86570
v 31773.97317 2089.63976 68.94755
v 31750.56063 2003.72123 43.55836
v 31659.82559 1943.38266 76.00466
v 31720.50801 1868.17190 59.22416
v 31778.02441 1803.14009 65.28976
v 31872.48834 1796.16759 57.53538
v 31956.05802 1819.31387 55.45353
v 32065.94084 1847.64850 80.84273
v 32090.11776 1943.38266 -20.00000
v 32037.87680 2025.22872 -20.00000
v 32000.08476 2132.81420 -20.00000
v 31872.48834 2092.49176 -20.00000
v 31768.80798 2097.30808 -20.00000
v 31675.55442 2040.83967 -20.00000
v 31670.11776 1943.38266 -20.00000
v 31674.14613 1845.22872 -20.00000
v 31790.08476 1821.04506 -20.00000
v 31872.48834 1732.49176 -20.00000
v 31978.80798 1785.53893 -20.00000
v 32039.28509 1860.83967 -20.00000
v 32077.84024 1943.38266 -112.70424
v 32039.54192 2026.05274 -107.08152
v 31947.04606 2054.07215 -87.31680
v 31872.48834 2117.78563 -111.85473
v 31787.99369 2068.82468 -96.28868
v 31692.10465 2032.64943 -114.03023
v 31713.67055 1943.38266 -91.69684
v 31724.16171 1869.98001 -97.31956
v 31764.96121 1783.74626 -117.08429
v 31872.48834 1805.64018 -92.54635
v 31970.07854 1798.49879 -108.11241
v 32007.48486 1876.57671 -90.37085
v 31960.86502 1943.38266 -139.11648
v 31966.89622 1990.10244 -166.93043
v 31923.65873 2019.35097 -157.93765
v 31872.48834 2038.52529 -169.60844
v 31814.84896 2028.95495 -175.37584
v 31801.93366 1978.29817 -129.80683
v 31749.34328 1943.38266 -185.97825
v 31783.71301 1899.45026 -158.16429
v 31817.89785 1862.33680 -167.15708
v 31872.48834 1857.22093 -155.48629
v 31920.60983 1871.94077 -149.71889
v 31985.11687 1887.64599 -195.28789
v 31873.86155 1943.38266 -191.71701
v 31873.52292 1943.89464 -169.38614
v 31873.28988 1944.57263 -220.46227
v 31872.48834 1944.32722 -157.80268
v 31871.84265 1944.34126 -181.48530
v 31871.24418 1943.99836 -199.64939
v 31871.22262 1943.38266 -178.27648
v 31871.23755 1942.76367 -200.60735
v 31871.97042 1942.61374 -149.53122
v 31872.48834 1942.06529 -212.19081
v 31873.16211 1942.38237 -188.50819
v 31873.52955 1942.86739 -170.34409
v -32216.23259 8540.12162 135.66900
v -32216.23783 8540.73507 158.99425
v -32216.95103 8540.90317 111.65943
v -32217.47746 8541.44691 173.34782
v -32218.14779 8541.11681 147.64922
v -32218.49859 8540.62694 127.44478
v -32218.87151 8540.12162 154.32448
v -32218.52320 8539.60411 130.99924
v -32218.27049 8538.94428 178.33406
v -32217.47746 8539.18498 116.64567
v -32216.82833 8539.15792 142.34426
v -32216.21322 8539.49598 162.54870
v -32124.18693 8540.12162 105.73950
v -32131.33641 8582.75038 114.06447
v -32154.29540 8633.92264 150.31696
v -32217.47746 8618.55457 103.33307
v -32273.78623 8623.71846 131.78897
v -32298.02144 8579.98055 105.35355
v -32335.70867 8540.12162 139.35523
v -32314.51962 8492.09820 131.03026
v -32260.05628 8476.90847 94.77776
v -32217.47746 8437.25022 141.76166
v -32168.02536 8466.70429 113.30575
v -32114.83824 8489.32838 139.74118
v -32003.66239 8540.12162 76.52486
v -32063.61345 8616.26456 60.20608
v -32125.96153 8675.98753 62.62806
v -32217.47746 8691.12403 59.53011
v -32300.65671 8663.61078 55.10103
v -32411.40837 8636.09253 81.09212
v -32367.83208 8540.12162 47.87622
v -32378.99365 8460.19183 64.19500
v -32308.04638 8405.66164 61.77302
v -32217.47746 8378.97858 64.87098
v -32118.57186 8393.28488 69.30006
v -32096.02816 8480.01980 43.30897
v -32020.11640 8540.12162 -20.00000
v -32019.62269 8638.03433 -20.00000
v -32133.62002 8664.61763 -20.00000
v -32217.47746 8749.78052 -20.00000
v -32325.12635 8699.93878 -20.00000
v -32378.90183 8620.00596 -20.00000
v -32440.11640 8540.12162 -20.00000
v -32383.35336 8458.03433 -20.00000
v -32343.62002 8352.84849 -20.00000
v -32217.47746 8389.78052 -20.00000
v -32115.12635 8388.16963 -20.00000
v -32015.17116 8440.00596 -20.00000
v -32055.40893 8540.12162 -93.16436
v -32070.65757 8612.77862 -96.53413
v -32108.26632 8702.25811 -118.60474
v -32217.47746 8675.23315 -91.16068
v -32314.23923 8683.77560 -107.36444
v -32356.73039 8609.03395 -92.58963
v -32419.57862 8540.12162 -111.23673
v -32386.03778 8456.70589 -107.86696
v -32290.35117 8431.93222 -85.79634
v -32217.47746 8363.08770 -113.24040
v -32132.15439 8413.44971 -97.03664
v -32041.35019 8452.96122 -111.81145
v -32093.76706 8540.12162 -186.74023
v -32127.51073 8584.64360 -160.01851
v -32164.61808 8618.59744 -162.49060
v -32217.47746 8628.43107 -158.86352
v -32265.41712 8611.29355 -149.22873
v -32330.31344 8595.96094 -195.61077
v -32305.28880 8540.12162 -138.35450
v -32310.69394 8493.99142 -165.07622
v -32270.37895 8461.58327 -162.60412
v -32217.47746 8447.12672 -166.23121
v -32159.65624 8454.27937 -175.86599
v -32147.13023 8505.30877 -129.48396
v -32216.24189 8540.12162 -174.50611
v -32216.23117 8540.73837 -199.95559
v -32216.94985 8540.90491 -151.95392
v -32217.47746 8541.43062 -210.97030
v -32218.15990 8541.13477 -190.67601
v -32218.48502 8540.62023 -165.48584
v -32218.88081 8540.12162 -195.48738
v -32218.51655 8539.60740 -170.03789
v -32218.26931 8538.94602 -218.03956
v -32217.47746 8539.16869 -159.02319
v -32216.84044 8539.17588 -179.31747
v -32216.19965 8539.48926 -204.50765
v -26971.63046 1897.03721 158.23204
v -26972.00645 1897.55648 131.51364
v -26972.27397 1898.19786 175.52350
v -26973.05576 1897.98481 118.24572
v -26973.69709 1897.98934 140.39548
v -26974.35137 1897.67837 167.07761
v -26974.26938 1897.03721 131.76145
v -26974.29183 1896.42551 158.47985
v -26973.59343 1896.23897 114.46998
v -26973.05576 1895.72288 171.74776
v -26972.37763 1896.03045 149.59801
v -26972.06600 1896.54740 122.91587
v -26856.96111 1897.03721 136.47550
v -26875.23017 1945.44832 132.24954
v -26931.27396 1959.06709 92.62928
v -26973.05576 2001.29473 143.94130
v -27022.98626 1971.16477 114.59535
v -27073.06643 1946.52965 135.65026
v -27068.48286 1897.03721 108.61922
v -27058.41338 1854.79614 112.84518
v -27037.03483 1802.05292 152.46545
v -26973.05576 1819.99038 101.15343
v -26917.22539 1814.15059 130.49938
v -26889.88322 1855.87747 109.44447
v -26823.21837 1897.03721 47.64272
v -26813.49983 1975.99692 63.17316
v -26879.52936 2035.88790 64.44328
v -26973.05576 2054.29141 62.82281
v -27072.19440 2044.21992 69.51047
v -27094.75200 1957.26123 43.43770
v -27187.38807 1897.03721 76.75836
v -27128.88004 1819.92419 61.22792
v -27061.61421 1765.56201 59.95780
v -26973.05576 1742.14596 61.57828
v -26890.10955 1773.89403 54.89062
v -26779.37179 1801.18850 80.96339
v -26745.66026 1897.03721 -20.00000
v -26806.37238 1979.52409 -20.00000
v -26848.79023 2081.52368 -20.00000
v -26973.05576 2049.20392 -20.00000
v -27074.13063 2047.09447 -20.00000
v -27180.32531 1999.60903 -20.00000
v -27165.66026 1897.03721 -20.00000
v -27170.10305 1799.52409 -20.00000
v -27058.79023 1769.75453 -20.00000
v -26973.05576 1689.20392 -20.00000
v -26864.13063 1735.32532 -20.00000
v -26816.59464 1819.60903 -20.00000
v -26774.60596 1897.03721 -109.58835
v -26803.20626 1981.09091 -108.53898
v -26901.50241 2003.26638 -84.60421
v -26973.05576 2076.28252 -114.40511
v -27059.32173 2025.10895 -97.88797
v -27144.55760 1981.90861 -109.40031
v -27138.77566 1897.03721 -94.81273
v -27118.58647 1825.01819 -95.86210
v -27083.58726 1732.94049 -119.79687
v -26973.05576 1764.13707 -89.99598
v -26877.23688 1754.78306 -106.51312
v -26829.17739 1825.83588 -95.00077
v -26885.45050 1897.03721 -138.07675
v -26881.06321 1942.56172 -163.17138
v -26918.42358 1978.14496 -167.26946
v -26973.05576 1987.83748 -162.78025
v -27030.95992 1983.00259 -176.08958
v -27043.62074 1931.95781 -129.82285
v -27096.97224 1897.03721 -187.01798
v -27064.24641 1851.90954 -161.92335
v -27024.18445 1821.13079 -157.82526
v -26973.05576 1806.53313 -162.31448
v -26925.19905 1825.98841 -149.00515
v -26860.43753 1841.30564 -195.27187
v -26971.62394 1897.03721 -199.04778
v -26972.01009 1897.55468 -170.98905
v -26972.27624 1898.19449 -214.95551
v -26973.05576 1898.00207 -160.76356
v -26973.68457 1897.97074 -177.26331
v -26974.36451 1897.68487 -208.97540
v -26974.26286 1897.03721 -170.94570
v -26974.29546 1896.42372 -199.00443
v -26973.59570 1896.23560 -155.03798
v -26973.05576 1895.74013 -209.22993
v -26972.36511 1896.01185 -192.73017
v -26972.07914 1896.55390 -161.01809
v -28876.73773 -459.50307 128.11879
v -28876.69159 -458.89407 157.69559
v -28877.37087 -458.68453 117.89153
v -28877.92222 -458.20338 169.61229
v -28878.60777 -458.48529 151.45470
v -28878.88368 -459.02727 118.82891
v -28879.37665 -459.50307 161.87469
v -28878.97696 -460.02503 132.29790
v -28878.69033 -460.64342 172.10195
v -28877.92222 -460.46531 120.38120
v -28877.28831 -460.44418 138.53879
v -28876.59831 -460.15824 171.16458
v -28780.15172 -459.50307 111.77772
v -28793.22327 -417.58796 111.82009
v -28813.36827 -363.66531 154.01512
v -28877.92222 -383.57006 99.40199
v -28933.21516 -377.41435 129.05063
v -28963.89182 -416.95915 113.79763
v -28991.67347 -459.50307 133.31701
v -28976.40647 -508.24013 133.27464
v -28919.12914 -520.67948 91.07960
v -28877.92222 -564.87441 145.69274
v -28827.45429 -534.42852 116.04410
v -28780.70862 -507.61133 131.29709
v -28663.71812 -459.50307 76.70049
v -28720.10034 -381.40149 62.26924
v -28792.27154 -332.34479 57.33243
v -28877.92222 -300.69935 63.63891
v -28960.79743 -336.46529 54.82651
v -29070.63883 -364.13308 80.45912
v -29027.88781 -459.50307 47.70060
v -29035.48055 -537.47422 62.13185
v -28974.35639 -602.67068 67.06865
v -28877.92222 -612.84480 60.76218
v -28778.71259 -606.79118 69.57457
v -28755.25863 -520.20581 43.94196
v -28689.72611 -459.50307 -20.00000
v -28681.98628 -362.53992 -20.00000
v -28789.92513 -328.86127 -20.00000
v -28877.92222 -254.05248 -20.00000
v -28988.04504 -296.01309 -20.00000
v -29029.92856 -384.27944 -20.00000
v -29109.72611 -459.50307 -20.00000
v -29045.71695 -542.53992 -20.00000
v -28999.92513 -640.63041 -20.00000
v -28877.92222 -614.05248 -20.00000
v -28778.04504 -607.78224 -20.00000
v -28666.19789 -564.27944 -20.00000
v -28708.22342 -459.50307 -96.60898
v -28733.43733 -388.00159 -95.31694
v -28766.46044 -294.02524 -120.63681
v -28877.92222 -328.35054 -89.07555
v -28972.70261 -318.79069 -105.57548
v -29026.70247 -385.87594 -97.55602
v -29072.39311 -459.50307 -107.79211
v -29048.81754 -544.07432 -109.08414
v -28948.54529 -564.35113 -83.76428
v -28877.92222 -640.49599 -115.32554
v -28790.61776 -589.11658 -98.82561
v -28711.32226 -541.94867 -106.84506
v -28754.16305 -459.50307 -186.80596
v -28785.49963 -413.76575 -163.84067
v -28828.48916 -386.11401 -153.25444
v -28877.92222 -366.80141 -165.77010
v -28925.79654 -388.42813 -149.05261
v -28989.90185 -404.08752 -194.27800
v -28965.68480 -459.50307 -138.28877
v -28968.68283 -504.41792 -161.25406
v -28934.25003 -543.12818 -171.84029
v -28877.92222 -548.10576 -159.32462
v -28820.03567 -545.44231 -176.04212
v -28806.71865 -494.73970 -130.81673
v -28876.74135 -459.50307 -167.66653
v -28876.69106 -458.89380 -197.77291
v -28877.36755 -458.67960 -158.72166
v -28877.92222 -458.22125 -207.00453
v -28878.62047 -458.46644 -194.62955
v -28878.87123 -459.03343 -157.03027
v -28879.38027 -459.50307 -202.32696
v -28878.97643 -460.02477 -172.22058
v -28878.68701 -460.63849 -211.27183
v -28877.92222 -460.48318 -162.98895
v -28877.30101 -460.42533 -175.36394
v -28876.58585 -460.16440 -212.96321
v -32664.41931 -8527.46348 165.17953
v -32664.83824 -8526.93796 133.33633
v -32665.14791 -8526.34666 168.13789
v -32665.90017 -8526.48322 123.00936
v -32666.52717 -8526.53262 136.81136
v -32667.24876 -8526.79610 174.72779
v -32667.05823 -8527.46348 124.81396
v -32667.12361 -8528.06892 156.65716
v -32666.46737 -8528.30555 121.85559
v -32665.90017 -8528.74515 166.98413
v -32665.20771 -8528.49151 153.18213
v -32664.96339 -8527.92706 115.26570
v -32554.65225 -8527.46348 129.94295
v -32566.89522 -8478.46873 134.08503
v -32625.03448 -8466.79367 90.15975
v -32665.90017 -8421.27292 146.98092
v -32716.95383 -8451.66845 117.62301
v -32760.20419 -8480.79509 126.76880
v -32766.17400 -8527.46348 115.15177
v -32750.07843 -8569.12091 111.00970
v -32730.79536 -8623.80784 154.93497
v -32665.90017 -8602.57727 98.11381
v -32611.19296 -8608.68262 127.47172
v -32577.02099 -8571.44727 118.32593
v -32515.16352 -8527.46348 48.04869
v -32510.33681 -8450.47958 61.09191
v -32566.66615 -8380.13917 69.59658
v -32665.90017 -8377.97956 58.73034
v -32765.01734 -8380.31265 69.49108
v -32790.23218 -8465.93509 44.81167
v -32879.33321 -8527.46348 76.35240
v -32825.71702 -8606.55231 63.30917
v -32748.75100 -8650.46506 54.80450
v -32665.90017 -8690.12501 65.67074
v -32582.93249 -8650.63854 54.91000
v -32474.85198 -8622.00781 79.58941
v -32430.12430 -8527.46348 -20.00000
v -32496.71248 -8443.73728 -20.00000
v -32546.50020 -8350.20050 -20.00000
v -32665.90017 -8370.02197 -20.00000
v -32764.68221 -8380.81018 -20.00000
v -32881.48166 -8420.77831 -20.00000
v -32850.12430 -8527.46348 -20.00000
v -32860.44315 -8623.73728 -20.00000
v -32756.50020 -8661.96964 -20.00000
v -32665.90017 -8730.02197 -20.00000
v -32554.68221 -8692.57933 -20.00000
v -32517.75099 -8600.77831 -20.00000
v -32475.65609 -8527.46348 -105.88395
v -32494.22335 -8442.50548 -109.49152
v -32595.79869 -8423.38977 -83.29334
v -32665.90017 -8345.22173 -115.98327
v -32754.31794 -8396.19713 -99.83079
v -32827.41992 -8447.53193 -104.19686
v -32839.82579 -8527.46348 -98.51713
v -32809.60356 -8598.57821 -94.90956
v -32777.88354 -8693.71567 -121.10774
v -32665.90017 -8657.36718 -88.41781
v -32572.23310 -8666.52302 -104.57029
v -32512.03972 -8603.60465 -100.20423
v -32577.62005 -8527.46348 -138.98633
v -32576.35487 -8483.15005 -159.36262
v -32607.94573 -8441.42345 -176.22512
v -32665.90017 -8441.01735 -155.93350
v -32723.66892 -8441.69913 -175.72456
v -32738.15041 -8491.70888 -132.44569
v -32789.14179 -8527.46348 -186.10839
v -32759.53808 -8573.80222 -165.73210
v -32713.70660 -8598.43762 -148.86961
v -32665.90017 -8622.32170 -169.16122
v -32617.90804 -8598.71331 -149.37017
v -32554.96720 -8582.36106 -192.64904
v -32664.41867 -8527.46348 -205.25926
v -32664.83567 -8526.93668 -173.70782
v -32665.15221 -8526.35305 -207.06225
v -32665.90017 -8526.46509 -165.65484
v -32666.51456 -8526.55134 -173.65737
v -32667.26028 -8526.79040 -216.39128
v -32667.05759 -8527.46348 -164.73422
v -32667.12104 -8528.06765 -196.28567
v -32666.47167 -8528.31194 -162.93123
v -32665.90017 -8528.72702 -204.33865
v -32665.19510 -8528.51023 -196.33612
v -32664.97491 -8527.92136 -153.60221
v -26406.97944 -5704.86781 121.91307
v -26406.89967 -5704.26672 155.38534
v -26407.52939 -5703.99945 126.28282
v -26408.11430 -5703.60716 163.91590
v -26408.81301 -5703.83049 154.74573
v -26409.03053 -5704.41439 112.29755
v -26409.61836 -5704.86781 168.08041
v -26409.18504 -5705.39769 134.60814
v -26408.84885 -5705.95834 163.71066
v -26408.11430 -5705.86909 126.07759
v -26407.49355 -5705.78938 135.24775
v -26406.74515 -5705.54536 177.69594
v -26305.22732 -5704.86781 118.67385
v -26324.30837 -5663.39463 110.43024
v -26343.11835 -5608.37385 155.20658
v -26408.11430 -5630.26222 97.31466
v -26462.19922 -5624.57252 125.79424
v -26499.95736 -5659.41728 122.93871
v -26516.74907 -5704.86781 126.42088
v -26507.49157 -5754.04680 134.66449
v -26448.87923 -5765.38803 89.88814
v -26408.11430 -5811.56658 147.78007
v -26356.43835 -5781.58670 119.30049
v -26316.77415 -5750.06946 122.15601
v -26196.07975 -5704.86781 75.72106
v -26246.34505 -5624.81279 64.32692
v -26327.89937 -5585.77952 52.42460
v -26408.11430 -5538.48033 67.63313
v -26491.33606 -5581.31553 55.13941
v -26596.82641 -5611.47953 78.37167
v -26560.24945 -5704.86781 48.68003
v -26561.72525 -5780.88552 60.07417
v -26509.98421 -5856.10541 71.97649
v -26408.11430 -5850.62578 56.76796
v -26309.25122 -5851.64142 69.26167
v -26281.44621 -5767.55226 46.02942
v -26227.34625 -5704.86781 -20.00000
v -26215.21803 -5609.40891 -20.00000
v -26314.62311 -5566.06939 -20.00000
v -26408.11430 -5505.65292 -20.00000
v -26520.30295 -5538.31085 -20.00000
v -26553.08116 -5633.12782 -20.00000
v -26647.34625 -5704.86781 -20.00000
v -26578.94870 -5789.40891 -20.00000
v -26524.62311 -5877.83854 -20.00000
v -26408.11430 -5865.65292 -20.00000
v -26310.30295 -5850.08000 -20.00000
v -26189.35049 -5813.12782 -20.00000
v -26229.79856 -5704.86781 -100.49901
v -26264.91248 -5634.00128 -94.64811
v -26296.02847 -5538.46351 -121.20025
v -26408.11430 -5575.68916 -88.03594
v -26500.61553 -5567.53909 -103.51767
v -26567.13161 -5626.17465 -102.89239
v -26593.96825 -5704.86781 -103.90207
v -26580.29268 -5790.07401 -109.75298
v -26478.11332 -5808.78940 -83.20084
v -26408.11430 -5887.83461 -116.36514
v -26318.53068 -5837.86499 -100.88341
v -26251.75140 -5782.24737 -101.50870
v -26285.74010 -5704.86781 -184.93926
v -26313.30203 -5657.94790 -167.55980
v -26361.83294 -5636.15781 -144.75854
v -26408.11430 -5607.93720 -172.41997
v -26456.32207 -5633.29783 -149.95147
v -26517.61348 -5650.67976 -190.41759
v -26497.26184 -5704.86781 -140.15547
v -26496.48524 -5748.60008 -157.53493
v -26467.59381 -5793.17198 -180.33619
v -26408.11430 -5789.24156 -152.67476
v -26350.56120 -5790.31200 -175.14326
v -26334.43028 -5741.33194 -134.67714
v -26406.97708 -5704.86781 -162.20747
v -26406.90530 -5704.26951 -194.57248
v -26407.52420 -5703.99174 -167.58245
v -26408.11430 -5703.62519 -201.28564
v -26408.82528 -5703.81227 -197.81573
v -26409.02017 -5704.41952 -150.80250
v -26409.61600 -5704.86781 -207.78602
v -26409.19067 -5705.40047 -175.42100
v -26408.84366 -5705.95063 -202.41103
v -26408.11430 -5705.88712 -168.70785
v -26407.50582 -5705.77116 -172.17775
v -26406.73480 -5705.55048 -219.19098
v 26999.75155 -5813.20974 170.51927
v 26999.30898 -5812.67479 136.08788
v 26998.94335 -5812.14771 158.90887
v 26998.22799 -5812.18482 129.52449
v 26997.61271 -5812.29629 133.87928
v 26996.84282 -5812.52426 180.00961
v 26997.11263 -5813.20974 119.47421
v 26997.02360 -5813.80575 153.90560
v 26997.62389 -5814.10660 131.08461
v 26998.22799 -5814.44676 160.46900
v 26998.93217 -5814.25518 156.11421
v 26999.12819 -5813.65522 109.98388
v 27104.19209 -5813.20974 122.82128
v 27097.82176 -5763.92360 135.00143
v 27039.13465 -5752.47909 90.27021
v 26998.22799 -5706.32393 148.07418
v 26945.90564 -5735.53120 121.04295
v 26909.84668 -5769.47233 117.55106
v 26892.67034 -5813.20974 122.27345
v 26914.63855 -5854.57578 110.09330
v 26933.37378 -5909.49327 154.82452
v 26998.22799 -5887.62828 97.02055
v 27051.66651 -5892.54537 124.05178
v 27093.02989 -5860.12451 127.54367
v 27152.36108 -5813.20974 49.58198
v 27149.96819 -5738.11781 59.09898
v 27102.51709 -5658.38058 74.16072
v 26998.22799 -5670.97125 54.91431
v 26899.77552 -5667.04573 68.89093
v 26868.60291 -5749.06196 47.57083
v 26788.19139 -5813.20974 74.81911
v 26834.58798 -5894.19054 65.30210
v 26920.43224 -5928.70647 50.24036
v 26998.22799 -5983.11670 69.48677
v 27081.86037 -5937.37162 55.51015
v 27183.98312 -5905.13469 76.83025
v 27240.33094 -5813.20974 -20.00000
v 27170.92988 -5727.74446 -20.00000
v 27111.61530 -5644.87324 -20.00000
v 26998.22799 -5648.69643 -20.00000
v 26901.24345 -5669.22504 -20.00000
v 26777.02037 -5703.74036 -20.00000
v 26820.33094 -5813.20974 -20.00000
v 26807.19921 -5907.74446 -20.00000
v 26901.61530 -5956.64238 -20.00000
v 26998.22799 -6008.69643 -20.00000
v 27111.24345 -5980.99419 -20.00000
v 27140.75104 -5883.74036 -20.00000
v 27179.61638 -5813.20974 -101.88613
v 27170.61795 -5727.89883 -109.86327
v 27068.54574 -5708.81495 -83.48861
v 26998.22799 -5630.05616 -116.46351
v 26907.44933 -5678.43838 -101.96239
v 26846.99539 -5738.36901 -98.83438
v 26815.44669 -5813.20974 -102.51495
v 26855.23775 -5883.97155 -94.53781
v 26886.46089 -5979.14085 -120.91247
v 26998.22799 -5942.20162 -87.93757
v 27089.53418 -5948.76427 -102.43869
v 27162.37560 -5894.44173 -105.56670
v 27088.57547 -5813.20974 -141.77278
v 27085.48903 -5770.02672 -155.80756
v 27059.10049 -5722.83750 -184.09121
v 26998.22799 -5730.78270 -149.61361
v 26940.98405 -5728.22453 -174.30985
v 26922.75177 -5775.85869 -137.46641
v 26877.05373 -5813.20974 -183.32195
v 26902.30583 -5860.67889 -169.28717
v 26953.33962 -5879.85168 -141.00351
v 26998.22799 -5912.08706 -175.48111
v 27046.74493 -5885.23871 -150.78488
v 27105.93497 -5866.51087 -187.62832
v 26999.74625 -5813.20974 -209.85664
v 26999.31755 -5812.67054 -177.32585
v 26998.93736 -5812.15660 -197.41127
v 26998.22799 -5812.16726 -172.08688
v 26997.62441 -5812.31365 -170.95471
v 26996.83384 -5812.51981 -221.30629
v 26997.10733 -5813.20974 -160.13684
v 26997.03218 -5813.80151 -192.66764
v 26997.61790 -5814.11549 -172.58222
v 26998.22799 -5814.42919 -197.90661
v 26998.94387 -5814.27254 -199.03877
v 26999.11921 -5813.65078 -148.68720
v -22956.48267 4121.24487 117.54619
v -22956.38971 4121.83520 152.24755
v -22956.95820 4122.17188 136.16486
v -22957.58262 4122.45614 156.71242
v -22958.29138 4122.29711 157.26017
v -22958.47165 4121.68482 108.37099
v -22959.12160 4121.24487 172.44730
v -22958.67509 4120.70423 137.74594
v -22958.27766 4120.21299 153.82863
v -22957.58262 4120.19421 133.28107
v -22956.97192 4120.33822 132.73332
v -22956.18628 4120.55386 181.62250
v -22849.35023 4121.24487 125.87854
v -22874.04951 4162.58303 110.00563
v -22893.10979 4216.96218 153.79643
v -22957.58262 4195.80129 97.23735
v -23010.36357 4199.60427 122.27921
v -23055.27910 4169.59209 132.04862
v -23060.87197 4121.24487 119.21619
v -23057.23271 4071.93086 135.08909
v -22998.87067 4059.94801 91.29830
v -22957.58262 4014.49693 147.85738
v -22904.60270 4042.59009 122.81552
v -22872.09590 4078.93991 113.04611
v -22750.10341 4121.24487 73.66459
v -22792.19094 4203.09252 66.21521
v -22881.94092 4233.54367 48.29551
v -22957.58262 4294.39443 71.19459
v -23041.77393 4246.23655 56.01480
v -23139.81904 4211.42851 74.99602
v -23114.27311 4121.24487 50.73649
v -23107.57114 4047.01980 58.18587
v -23064.02576 3963.21777 76.10558
v -22957.58262 3982.24898 53.20649
v -22859.68908 3975.91066 68.38629
v -22824.43883 4055.35578 49.40506
v -22781.91402 4121.24487 -20.00000
v -22768.60474 4214.76466 -20.00000
v -22857.68055 4269.56097 -20.00000
v -22957.58262 4312.69341 -20.00000
v -23071.26446 4290.01864 -20.00000
v -23098.44930 4190.95580 -20.00000
v -23201.91402 4121.24487 -20.00000
v -23132.33541 4034.76466 -20.00000
v -23067.68055 3957.79182 -20.00000
v -22957.58262 3952.69341 -20.00000
v -22861.26446 3978.24950 -20.00000
v -22734.71863 4010.95580 -20.00000
v -22770.34969 4121.24487 -104.52459
v -22814.50974 4192.04758 -94.58089
v -22846.54905 4286.08697 -120.25018
v -22957.58262 4250.59200 -88.12468
v -23047.68848 4255.01739 -101.35494
v -23126.73127 4204.95174 -108.17364
v -23134.51939 4121.24487 -99.87649
v -23129.88994 4035.97485 -109.82019
v -23028.63389 4015.76107 -84.15090
v -22957.58262 3938.44655 -116.27640
v -22865.60364 3984.69150 -103.04614
v -22811.35106 4048.87902 -96.22744
v -22837.91679 4121.24487 -181.28884
v -22860.63724 4169.22039 -170.87964
v -22913.92728 4186.05624 -137.67969
v -22957.58262 4221.90428 -178.28339
v -23006.49606 4193.86249 -151.85372
v -23063.17485 4173.49947 -184.33705
v -23049.43853 4121.24487 -143.80589
v -23043.82044 4078.56821 -154.21509
v -23019.68815 4029.04206 -187.41504
v -22957.58262 4040.59993 -146.81134
v -22900.73518 4036.84832 -173.24101
v -22879.99164 4082.84729 -140.75767
v -22956.47454 4121.24487 -158.56379
v -22956.40106 4121.82959 -190.60926
v -22956.95154 4122.18177 -177.83046
v -22957.58262 4122.43939 -194.26918
v -22958.30226 4122.31326 -199.98077
v -22958.46422 4121.68115 -147.29863
v -22959.11346 4121.24487 -211.42970
v -22958.68643 4120.69862 -179.38423
v -22958.27100 4120.22288 -192.16303
v -22957.58262 4120.17746 -175.72430
v -22956.98280 4120.35437 -170.01272
v -22956.17885 4120.55018 -222.69486
v 28191.61659 3086.74125 173.82590
v 28191.17154 3087.28806 139.54911
v 28190.74061 3087.74191 148.57162
v 28190.06659 3087.81926 137.27214
v 28189.45949 3087.64255 131.83281
v 28188.66415 3087.43527 182.50232
v 28188.97767 3086.74125 116.16758
v 28188.88617 3086.15709 150.44437
v 28189.42115 3085.78302 141.42187
v 28190.06659 3085.55733 152.72135
v 28190.77895 3085.68366 158.16068
v 28190.94953 3086.30430 107.49117
v 28290.73067 3086.74125 115.67778
v 28289.61172 3136.00331 134.92574
v 28231.96805 3148.94878 92.95184
v 28190.06659 3193.02915 147.13399
v 28136.43110 3166.36930 124.58273
v 28107.35227 3127.67422 108.73133
v 28079.20893 3086.74125 129.41695
v 28106.42852 3045.35114 110.16899
v 28126.20717 2991.93461 152.14288
v 28190.06659 3011.72479 97.96074
v 28242.19197 3009.35512 120.51200
v 28290.53547 3037.02204 136.36340
v 28349.82274 3086.74125 52.12046
v 28338.45759 3160.17575 57.35312
v 28298.35554 3247.50865 77.77212
v 28190.06659 3222.83633 51.67870
v 28092.86910 3231.04208 67.75783
v 28052.91280 3154.61477 51.49539
v 27985.65305 3086.74125 72.28063
v 28023.07738 3004.10302 67.04797
v 28116.27069 2977.18276 46.62897
v 28190.06659 2910.69088 72.72239
v 28274.95395 2960.71619 56.64325
v 28368.29301 2998.54204 72.90570
v 28435.93931 3086.74125 -20.00000
v 28367.01263 3174.30683 -20.00000
v 28296.77311 3245.15935 -20.00000
v 28190.06659 3259.56000 -20.00000
v 28094.24105 3229.00527 -20.00000
v 27966.36682 3197.44392 -20.00000
v 28015.93931 3086.74125 -20.00000
v 28003.28196 2994.30683 -20.00000
v 28086.77311 2933.39021 -20.00000
v 28190.06659 2899.56000 -20.00000
v 28304.24105 2917.23613 -20.00000
v 28330.09749 3017.44392 -20.00000
v 28362.65478 3086.74125 -97.91336
v 28361.99871 3171.82558 -109.62461
v 28262.25152 3193.90808 -85.17446
v 28190.06659 3268.64940 -115.80757
v 28096.90603 3225.04880 -104.11296
v 28048.60674 3156.74572 -93.74005
v 27998.48508 3086.74125 -106.48772
v 28046.61851 3015.75286 -94.77647
v 28080.16667 2923.58219 -119.22663
v 28190.06659 2956.50394 -88.59351
v 28278.99088 2954.72291 -100.28812
v 28363.98694 3000.67299 -110.66103
v 28283.70925 3086.74125 -146.21411
v 28275.38835 3128.96457 -152.78938
v 28253.22051 3180.50051 -190.24114
v 28190.06659 3165.80439 -144.32402
v 28133.69506 3170.43126 -171.95814
v 28110.08064 3126.32403 -144.48506
v 28072.18750 3086.74125 -178.88061
v 28092.20514 3038.31239 -172.30534
v 28147.45964 3023.48633 -134.85359
v 28190.06659 2984.50004 -180.77071
v 28239.45593 3013.41709 -153.13658
v 28293.26384 3035.67185 -180.60967
v 28191.60578 3086.74125 -212.47370
v 28191.18544 3087.29493 -181.55494
v 28190.73341 3087.73123 -186.77135
v 28190.06659 3087.83486 -179.54732
v 28189.46934 3087.62793 -169.37063
v 28188.65843 3087.43810 -223.32890
v 28188.96686 3086.74125 -157.51979
v 28188.90006 3086.16397 -188.43855
v 28189.41395 3085.77234 -183.22213
v 28190.06659 3085.57293 -190.44617
v 28190.78880 3085.66904 -200.62285
v 28190.94380 3086.30714 -146.66459
v 25970.69317 -4943.45275 115.36599
v 25970.77783 -4942.87515 148.53216
v 25970.27740 -4942.46289 146.75043
v 25969.61066 -4942.29725 148.57567
v 25968.89575 -4942.39138 158.79771
v 25968.72861 -4943.01625 107.36202
v 25968.05424 -4943.45275 174.62749
v 25968.49246 -4944.00611 141.46133
v 25968.95794 -4944.42178 143.24306
v 25969.61066 -4944.55918 141.41781
v 25970.21521 -4944.35027 131.19578
v 25971.01398 -4944.14721 182.63147
v 26082.99158 -4943.45275 132.81787
v 26053.51288 -4901.93192 110.58009
v 26032.63692 -4849.88302 149.89699
v 25969.61066 -4867.66331 99.17622
v 25918.12574 -4867.01746 118.78553
v 25866.54706 -4892.44949 140.40166
v 25871.46983 -4943.45275 112.27686
v 25870.32967 -4992.58409 134.51463
v 25926.87604 -5006.89720 95.19774
v 25969.61066 -5048.96766 145.91850
v 26023.88661 -5024.03164 126.30920
v 26049.73026 -4983.10167 104.69307
v 26170.51162 -4943.45275 70.69491
v 26138.01126 -4860.11606 67.78370
v 26041.90594 -4836.12209 45.27409
v 25969.61066 -4764.90142 74.03959
v 25883.90405 -4816.21143 57.38294
v 25795.80527 -4857.44139 70.60110
v 25806.34193 -4943.45275 53.70618
v 25822.63106 -5016.18879 56.61738
v 25859.82109 -5106.44799 79.12700
v 25969.61066 -5077.04687 50.36149
v 26065.98889 -5086.53732 67.01815
v 26111.18548 -5013.51411 53.79998
v 26142.91461 -4943.45275 -20.00000
v 26154.10356 -4852.15244 -20.00000
v 26076.32970 -4785.01606 -20.00000
v 25969.61066 -4760.68253 -20.00000
v 25855.12721 -4773.48890 -20.00000
v 25829.57821 -4874.15466 -20.00000
v 25722.91461 -4943.45275 -20.00000
v 25790.37289 -5032.15244 -20.00000
v 25866.32970 -5096.78521 -20.00000
v 25969.61066 -5120.68253 -20.00000
v 26065.12721 -5085.25804 -20.00000
v 26193.30888 -5054.15466 -20.00000
v 26165.35067 -4943.45275 -108.36504
v 26113.71900 -4872.13761 -95.12065
v 26077.99949 -4782.53707 -117.86229
v 25969.61066 -4811.80818 -89.33469
v 25881.82555 -4813.12565 -99.25958
v 25791.24344 -4855.18387 -112.97909
v 25801.18098 -4943.45275 -96.03604
v 25798.33879 -5028.21034 -109.28043
v 25895.91464 -5052.86296 -86.53879
v 25969.61066 -5123.95363 -115.06639
v 26063.91039 -5083.45155 -105.14151
v 26106.62365 -5011.25659 -91.42200
v 26085.46045 -4943.45275 -176.14548
v 26068.26267 -4894.63266 -173.53574
v 26011.37484 -4881.44902 -132.58178
v 25969.61066 -4839.86170 -182.89329
v 25919.67554 -4869.31832 -154.60781
v 25869.04066 -4893.68351 -176.52076
v 25873.93870 -4943.45275 -148.94925
v 25885.07947 -4985.28484 -151.55899
v 25905.61397 -5038.46319 -192.51294
v 25969.61066 -5021.16605 -142.20144
v 26025.43641 -5026.33250 -170.48692
v 26052.22387 -4984.33568 -148.57396
v 25970.70644 -4943.45275 -157.02574
v 25970.76167 -4942.88314 -186.19895
v 25970.28499 -4942.45162 -188.64933
v 25969.61066 -4942.31138 -186.51409
v 25968.88713 -4942.37859 -200.95218
v 25968.73252 -4943.01818 -146.79776
v 25968.06752 -4943.45275 -212.96774
v 25968.47630 -4944.01411 -183.79454
v 25968.96553 -4944.41051 -181.34416
v 25969.61066 -4944.57331 -183.47940
v 25970.20659 -4944.33748 -169.04131
v 25971.01789 -4944.14915 -223.19572
v -29880.09989 2464.99964 174.83602
v -29880.52604 2465.55980 143.44430
v -29881.02642 2465.93725 137.94959
v -29881.65797 2466.13498 145.63512
v -29882.26107 2465.89501 130.83497
v -29883.05697 2465.69196 182.00736
v -29882.73881 2464.99964 115.15746
v -29882.81141 2464.42883 146.54919
v -29882.34588 2463.97836 152.04389
v -29881.65797 2463.87305 144.35837
v -29880.94161 2463.93612 159.15851
v -29880.77160 2464.56100 107.98613
v -29785.88789 2464.99964 109.08151
v -29782.79504 2513.92410 133.86400
v -29837.88713 2529.98248 97.99104
v -29881.65797 2569.44409 144.23524
v -29936.54646 2546.48790 127.96037
v -29959.41246 2503.47813 101.01217
v -29997.40963 2464.99964 136.01322
v -29965.97824 2423.27192 111.23073
v -29943.64800 2372.96830 147.10369
v -29881.65797 2388.13974 100.85948
v -29830.78558 2389.47373 117.13436
v -29776.22926 2412.82596 144.08256
v -29714.50006 2464.99964 55.46191
v -29735.87540 2537.14330 55.99340
v -29770.74301 2629.66565 80.14309
v -29881.65797 2596.54272 49.28125
v -29977.11016 2606.70939 66.18204
v -30027.97637 2537.40847 56.27271
v -30078.66976 2464.99964 68.93917
v -30051.25561 2381.07057 68.40769
v -29952.82786 2359.33976 44.25799
v -29881.65797 2284.39727 75.11984
v -29795.02531 2336.38350 58.21904
v -29712.59616 2381.33574 68.12837
v -29634.87307 2464.99964 -20.00000
v -29700.07590 2554.85946 -20.00000
v -29781.76817 2613.29753 -20.00000
v -29881.65797 2646.69590 -20.00000
v -29977.05534 2606.62800 -20.00000
v -30104.51737 2575.28644 -20.00000
v -30054.87307 2464.99964 -20.00000
v -30063.80657 2374.85946 -20.00000
v -29991.76817 2301.52838 -20.00000
v -29881.65797 2286.69590 -20.00000
v -29767.05534 2294.85885 -20.00000
v -29740.78670 2395.28644 -20.00000
v -29717.11348 2464.99964 -94.28211
v -29711.31819 2549.29596 -108.79455
v -29806.10367 2577.16868 -88.21660
v -29881.65797 2643.60433 -114.06770
v -29977.03169 2606.59289 -106.11119
v -30014.63796 2530.80766 -89.31968
v -30081.28318 2464.99964 -110.11898
v -30026.69840 2393.22324 -95.60653
v -29988.18852 2306.84278 -116.18449
v -29881.65797 2331.45888 -90.33338
v -29794.94684 2336.26700 -98.28989
v -29699.25775 2374.73494 -115.08141
v -29783.75479 2464.99964 -151.95655
v -29797.77604 2506.51043 -150.54852
v -29817.04100 2560.93095 -194.18499
v -29881.65797 2541.62207 -140.48609
v -29936.87900 2546.98160 -168.85678
v -29967.07814 2507.27166 -152.94255
v -29995.27654 2464.99964 -173.13818
v -29980.95924 2415.85825 -174.54621
v -29922.80188 2403.91678 -130.90974
v -29881.65797 2360.31772 -184.60864
v -29831.11812 2389.96742 -156.23794
v -29783.89494 2416.61948 -172.15218
v -29880.11535 2464.99964 -212.90195
v -29880.50793 2465.56876 -186.05820
v -29881.03425 2465.92562 -175.99007
v -29881.65797 2466.14736 -187.44185
v -29882.25386 2465.88431 -169.03132
v -29883.05899 2465.69296 -222.29799
v -29882.75428 2464.99964 -157.09154
v -29882.79330 2464.43779 -183.93528
v -29882.35371 2463.96673 -194.00341
v -29881.65797 2463.88543 -182.55163
v -29880.93440 2463.92542 -200.96216
v -29880.77361 2464.56199 -147.69549
v 31232.80608 3359.52063 115.54617
v 31232.86162 3360.08453 144.53514
v 31232.43064 3360.57250 157.19631
v 31231.72213 3360.61840 140.15384
v 31231.00547 3360.58460 159.23587
v 31230.82631 3359.96395 109.35101
v 31230.16716 3359.52063 174.44732
v 31230.57625 3358.95357 145.45834
v 31231.11118 3358.61361 132.79718
v 31231.72213 3358.35647 149.83965
v 31232.32493 3358.62571 130.75762
v 31233.11168 3358.83298 180.64248
v 31349.64457 3359.52063 138.93906
v 31316.60599 3401.52725 112.10786
v 31292.49361 3449.74289 143.81889
v 31231.72213 3437.72704 102.97683
v 31181.42208 3434.19684 115.59152
v 31124.20526 3412.72768 147.33244
v 31138.12283 3359.52063 106.15567
v 31133.42279 3310.87508 132.98687
v 31186.73274 3292.72871 101.27583
v 31231.72213 3256.42269 142.11790
v 31287.18296 3277.18266 129.50320
v 31307.38847 3322.07551 97.76229
v 31424.54597 3359.52063 67.04856
v 31402.27847 3443.92413 68.90744
v 31302.16437 3464.10024 43.60102
v 31231.72213 3541.68308 75.94150
v 31144.07517 3489.64262 59.13484
v 31067.63151 3440.72443 65.53700
v 31060.37628 3359.52063 57.35252
v 31086.89826 3287.85141 55.49364
v 31120.07953 3193.77435 80.80007
v 31231.72213 3229.53763 48.45958
v 31326.16002 3219.31673 65.26624
v 31383.01172 3284.65170 58.86409
v 31405.58463 3359.52063 -20.00000
v 31411.52075 3448.49788 -20.00000
v 31345.12121 3527.87461 -20.00000
v 31231.72213 3533.39184 -20.00000
v 31117.19252 3529.55301 -20.00000
v 31089.19154 3430.05498 -20.00000
v 30985.58463 3359.52063 -20.00000
v 31047.79008 3268.49788 -20.00000
v 31135.12121 3216.10546 -20.00000
v 31231.72213 3173.39184 -20.00000
v 31327.19252 3217.78386 -20.00000
v 31452.92221 3250.05498 -20.00000
v 31434.88147 3359.52063 -111.71443
v 31377.94784 3431.88359 -96.22439
v 31336.08441 3514.45844 -114.22680
v 31231.72213 3495.40856 -91.56959
v 31145.99830 3486.78752 -97.39848
v 31045.78348 3451.53640 -116.92592
v 31070.71177 3359.52063 -92.68666
v 31062.56763 3275.81087 -108.17669
v 31153.99956 3244.13255 -90.17429
v 31231.72213 3183.26311 -112.83149
v 31328.08315 3216.46163 -107.00260
v 31361.16369 3295.46368 -87.47517
v 31342.95221 3359.52063 -169.91891
v 31331.51835 3408.90696 -175.31651
v 31272.48067 3420.03137 -129.87092
v 31231.72213 3465.01262 -185.88244
v 31180.53071 3435.52018 -157.99436
v 31136.88959 3406.45057 -167.59136
v 31131.43046 3359.52063 -155.17582
v 31148.33515 3318.25478 -149.77822
v 31166.71980 3263.01720 -195.22381
v 31231.72213 3283.70826 -139.21229
v 31286.29158 3278.50601 -167.10037
v 31320.07279 3315.79840 -157.50337
v 31232.82343 3359.52063 -157.71585
v 31232.84194 3360.07479 -181.69287
v 31232.43856 3360.58426 -199.17723
v 31231.72213 3360.60801 -178.63812
v 31230.99980 3360.59301 -200.65259
v 31230.82639 3359.96391 -149.33981
v 31230.18451 3359.52063 -212.27763
v 31230.55656 3358.94383 -188.30062
v 31231.11910 3358.62537 -170.81625
v 31231.72213 3358.34608 -191.35537
v 31232.31926 3358.63412 -169.34089
v 31233.11176 3358.83295 -220.65368
v -30433.00558 8465.03348 173.46916
v -30433.39296 8465.60742 147.46315
v -30433.96141 8465.91137 127.88894
v -30434.55273 8466.22580 153.94725
v -30435.15636 8465.92964 130.96526
v -30435.92789 8465.71401 178.56415
v -30435.64450 8465.03348 116.52433
v -30435.67834 8464.47645 142.53034
v -30435.28087 8463.95248 162.10455
v -30434.55273 8463.96387 136.04624
v -30433.83690 8463.97075 159.02823
v -30433.64252 8464.58304 111.42933
v -30342.88079 8465.03348 103.55792
v -30336.95123 8513.33370 131.90079
v -30388.18685 8533.86897 104.98638
v -30434.55273 8566.53582 139.60885
v -30490.53425 8548.14449 130.90682
v -30508.44966 8501.60298 95.00849
v -30554.40254 8465.03348 141.53681
v -30520.13444 8422.68152 113.19394
v -30493.94772 8376.85479 140.10835
v -30434.55273 8385.23146 105.48588
v -30384.77338 8391.13031 114.18791
v -30325.26645 8410.95080 150.08624
v -30258.80400 8465.03348 59.34016
v -30290.43005 8536.35572 55.12813
v -30322.59480 8631.24791 81.08477
v -30434.55273 8593.97859 47.91294
v -30527.90835 8603.63064 64.28909
v -30590.94161 8542.42591 61.52224
v -30622.97369 8465.03348 65.06092
v -30605.81025 8380.28299 69.27295
v -30504.67965 8360.92202 43.31631
v -30434.55273 8281.83314 76.48814
v -30345.82351 8333.30475 60.11200
v -30275.56141 8386.35318 62.87884
v -30189.78592 8465.03348 -20.00000
v -30248.31207 8557.19871 -20.00000
v -30341.07258 8603.81551 -20.00000
v -30434.55273 8655.47213 -20.00000
v -30530.28688 8607.16183 -20.00000
v -30653.30621 8573.28838 -20.00000
v -30609.78592 8465.03348 -20.00000
v -30612.04274 8377.19871 -20.00000
v -30551.07258 8292.04637 -20.00000
v -30434.55273 8295.47213 -20.00000
v -30320.28688 8295.39268 -20.00000
v -30289.57554 8393.28838 -20.00000
v -30276.65470 8465.03348 -91.28163
v -30266.81297 8548.04314 -107.43922
v -30354.39530 8584.03641 -92.37268
v -30434.55273 8638.53984 -111.38250
v -30531.79459 8609.40021 -107.79790
v -30561.02125 8527.61917 -85.92539
v -30640.82439 8465.03348 -113.11946
v -30582.19318 8391.97041 -96.96187
v -30536.48014 8313.71052 -112.02840
v -30434.55273 8326.39438 -93.01858
v -30349.70974 8339.07431 -96.60318
v -30245.64105 8371.54644 -118.47570
v -30331.76311 8465.03348 -158.54264
v -30351.49648 8506.13567 -149.26348
v -30369.40765 8561.74885 -195.60861
v -30434.55273 8540.33281 -138.40554
v -30488.43680 8545.03058 -165.25282
v -30525.89875 8510.23804 -162.16515
v -30543.28485 8465.03348 -166.55209
v -30534.67969 8415.48349 -175.83124
v -30475.16852 8404.73467 -129.48612
v -30434.55273 8359.02846 -186.68918
v -30382.67593 8388.01641 -159.84191
v -30342.71554 8419.58586 -162.92958
v -30433.02447 8465.03348 -211.10729
v -30433.37209 8465.61775 -190.47691
v -30433.96925 8465.89972 -165.92626
v -30434.55273 8466.23399 -195.14161
v -30435.15235 8465.92369 -169.96381
v -30435.92603 8465.71309 -218.29569
v -30435.66339 8465.03348 -158.88619
v -30435.65746 8464.48678 -179.51658
v -30435.28871 8463.94083 -204.06723
v -30434.55273 8463.97206 -174.85187
v -30433.83289 8463.96480 -200.02968
v -30433.64066 8464.58212 -151.69779
v -25107.55357 5505.09673 118.07236
v -25107.54566 5505.64706 140.57490
v -25107.91133 5506.20483 166.67037
v -25108.65772 5506.13942 132.11778
v -25109.37160 5506.15657 158.53975
v -25109.58698 5505.55660 114.17951
v -25110.19250 5505.09673 171.92113
v -25109.83103 5504.51609 149.41859
v -25109.23079 5504.24594 123.32311
v -25108.65772 5503.87749 157.87571
v -25108.05214 5504.19768 131.45373
v -25107.30161 5504.42563 175.81397
v -24987.16254 5505.09673 143.75449
v -25022.25788 5547.85356 114.46723
v -25050.76961 5591.03829 136.04632
v -25108.65772 5586.71153 108.33641
v -25157.97845 5578.31902 112.95161
v -25219.35926 5559.87978 152.28885
v -25198.68429 5505.09673 101.34024
v -25205.44109 5457.20139 130.62749
v -25156.53049 5434.02411 109.04841
v -25108.65772 5405.40718 136.75832
v -25052.21758 5421.30484 132.14311
v -25036.17605 5469.22760 92.80588
v -24924.76646 5505.09673 63.01603
v -24936.97057 5590.05984 69.49691
v -25038.42752 5609.36155 43.40957
v -25108.65772 5688.79201 76.74882
v -25198.51551 5638.50095 61.13096
v -25262.52371 5581.24065 60.20711
v -25288.93616 5505.09673 61.38505
v -25252.35078 5433.98711 54.90417
v -25220.51236 5339.03566 80.99151
v -25108.65772 5376.64656 47.65227
v -25016.43067 5368.17506 63.27013
v -24947.14350 5425.16792 64.19397
v -24931.35799 5505.09673 -20.00000
v -24933.38876 5591.83238 -20.00000
v -24989.24767 5682.37468 -20.00000
v -25108.65772 5670.55715 -20.00000
v -25222.47437 5674.07063 -20.00000
v -25256.81984 5578.41796 -20.00000
v -25351.35799 5505.09673 -20.00000
v -25297.11943 5411.83238 -20.00000
v -25199.24767 5370.60554 -20.00000
v -25108.65772 5310.55715 -20.00000
v -25012.47437 5362.30148 -20.00000
v -24893.08917 5398.41796 -20.00000
v -24899.75784 5505.09673 -114.30594
v -24959.40140 5578.95946 -97.80419
v -25009.38304 5652.48141 -109.63330
v -25108.65772 5646.83593 -94.65135
v -25192.74395 5629.93240 -95.91992
v -25299.91754 5599.74579 -119.69973
v -25263.92754 5505.09673 -90.09514
v -25274.78160 5422.88673 -106.59689
v -25191.46789 5382.15552 -94.76779
v -25108.65772 5334.69048 -109.74974
v -25010.65910 5359.60651 -108.48117
v -24984.53734 5443.67307 -84.70135
v -25002.48303 5505.09673 -163.10512
v -25008.37087 5554.72585 -176.08010
v -25067.93920 5565.54805 -129.76304
v -25108.65772 5611.30752 -187.01273
v -25161.23999 5583.16115 -161.74360
v -25197.49465 5549.05961 -158.26015
v -25214.00478 5505.09673 -161.98961
v -25191.55408 5464.07367 -149.01463
v -25173.70008 5408.53388 -195.33168
v -25108.65772 5430.00316 -138.08200
v -25055.47912 5426.14698 -163.35112
v -25014.31144 5458.40743 -166.83457
v -25107.53353 5505.09673 -160.57914
v -25107.56730 5505.63635 -177.44997
v -25107.90372 5506.21614 -208.57553
v -25108.65772 5506.13360 -171.26868
v -25109.37387 5506.15993 -199.10587
v -25109.59074 5505.55846 -154.72226
v -25110.17245 5505.09673 -209.41435
v -25109.85268 5504.50538 -192.54351
v -25109.22318 5504.25725 -161.41796
v -25108.65772 5503.87167 -198.72481
v -25108.05441 5504.20104 -170.88761
v -25107.30537 5504.42749 -215.27123
v -26417.21821 6649.50583 169.83420
v -26417.55005 6650.09287 151.28553
v -26418.17975 6650.33209 119.19108
v -26418.73629 6650.75023 161.54639
v -26419.34491 6650.40939 132.21328
v -26420.06909 6650.16539 172.44699
v -26419.85713 6649.50583 120.15928
v -26419.83543 6648.96190 138.70796
v -26419.49921 6648.37320 170.80240
v -26418.73629 6648.48830 128.44710
v -26418.02545 6648.45050 157.78021
v -26417.78371 6649.03443 117.54650
v -26330.04018 6649.50583 99.54702
v -26322.87497 6696.94488 129.19248
v -26369.25642 6722.96439 113.38062
v -26418.73629 6747.20172 133.62335
v -26475.56382 6733.87283 133.18735
v -26490.18520 6684.86387 91.19854
v -26541.56193 6649.50583 145.54771
v -26506.05818 6606.29270 115.90225
v -26475.01730 6565.95021 131.71411
v -26418.73629 6565.89736 111.47137
v -26369.80295 6576.85865 111.90738
v -26307.00199 6594.21169 153.89618
v -26233.89201 6649.50583 63.44627
v -26275.19272 6720.54148 54.82625
v -26307.40151 6814.79512 80.52215
v -26418.73629 6778.01393 47.68278
v -26509.81108 6784.71682 62.22976
v -26585.29931 6731.93315 66.82581
v -26598.06170 6649.50583 60.95482
v -26590.57293 6564.46875 69.57483
v -26489.48635 6544.46923 43.87894
v -26418.73629 6465.86848 76.71831
v -26327.72623 6514.39092 62.17133
v -26269.91911 6575.86042 57.57528
v -26178.75708 6649.50583 -20.00000
v -26228.18558 6743.80398 -20.00000
v -26330.74813 6780.13438 -20.00000
v -26418.73629 6847.85533 -20.00000
v -26515.54532 6793.22997 -20.00000
v -26630.44536 6754.27465 -20.00000
v -26598.75708 6649.50583 -20.00000
v -26591.91625 6563.80398 -20.00000
v -26540.74813 6468.36523 -20.00000
v -26418.73629 6487.85533 -20.00000
v -26305.54532 6481.46082 -20.00000
v -26266.71469 6574.27465 -20.00000
v -26265.55800 6649.50583 -89.15094
v -26254.39710 6730.83264 -105.66657
v -26333.10863 6776.62994 -97.31166
v -26418.73629 6816.52509 -107.96587
v -26517.35245 6795.91285 -109.03873
v -26541.18044 6710.09997 -83.82757
v -26629.72770 6649.50583 -115.25014
v -26569.77731 6574.75991 -98.73451
v -26515.19348 6506.30405 -107.08943
v -26418.73629 6504.37964 -96.43521
v -26335.26760 6525.58696 -95.36236
v -26225.80024 6554.02724 -120.57352
v -26310.82353 6649.50583 -165.44774
v -26335.82581 6690.53588 -149.03663
v -26354.04009 6745.55478 -194.39858
v -26418.73629 6724.70504 -138.24812
v -26471.20346 6727.39938 -161.43334
v -26516.02771 6697.65259 -171.41819
v -26522.34527 6649.50583 -159.64698
v -26519.00901 6599.88370 -176.05810
v -26459.80096 6588.54061 -130.69614
v -26418.73629 6543.40069 -186.84660
v -26365.44259 6570.38520 -163.66139
v -26332.84451 6607.00042 -153.67653
v -26417.23902 6649.50583 -207.23268
v -26417.52808 6650.10374 -194.45907
v -26418.18698 6650.32135 -157.38159
v -26418.73629 6650.75357 -202.03324
v -26419.34443 6650.40868 -172.09381
v -26420.06350 6650.16263 -211.64082
v -26419.87794 6649.50583 -162.76080
v -26419.81345 6648.97278 -175.53442
v -26419.50644 6648.36246 -212.61190
v -26418.73629 6648.49164 -167.96025
v -26418.02497 6648.44979 -197.89967
v -26417.77813 6649.03166 -158.35267
v 30524.09221 46.30254 122.74333
v 30524.03778 46.84050 136.96689
v 30523.72808 47.45663 174.41793
v 30522.95071 47.29717 125.10766
v 30522.24392 47.35184 156.76480
v 30521.97100 46.78736 121.46290
v 30521.45329 46.30254 167.25015
v 30521.75241 45.70953 153.02660
v 30522.40862 45.49774 115.57556
v 30522.95071 45.03524 164.88583
v 30523.56338 45.39295 133.22868
v 30524.25638 45.65640 168.53058
v 30646.76524 46.30254 146.88058
v 30611.28010 90.01425 117.47026
v 30577.55654 127.37117 127.19843
v 30522.95071 132.04565 114.82803
v 30474.32574 118.49189 111.07610
v 30410.58679 101.90825 154.87607
v 30435.24350 46.30254 98.21415
v 30428.09689 -0.63793 127.62446
v 30471.79567 -29.64300 117.89630
v 30522.95071 -49.25871 130.26670
v 30580.08661 -38.52228 134.01863
v 30593.77000 11.25608 90.21866
v 30697.76549 46.30254 58.91854
v 30694.65368 131.27347 69.50516
v 30594.62677 152.71389 44.71501
v 30522.95071 229.33025 76.39722
v 30430.78772 183.12909 63.21228
v 30379.00473 117.53732 55.03602
v 30333.59579 46.30254 65.48255
v 30379.27347 -24.79925 54.89593
v 30412.54192 -117.61200 79.68608
v 30522.95071 -82.81520 48.00386
v 30612.87257 -87.19680 61.18881
v 30694.38493 -38.53540 69.36506
v 30706.29257 46.30254 -20.00000
v 30694.21549 131.05662 -20.00000
v 30647.22384 230.80028 -20.00000
v 30522.95071 204.51039 -20.00000
v 30410.54936 213.17527 -20.00000
v 30366.47229 123.73927 -20.00000
v 30286.29257 46.30254 -20.00000
v 30330.48482 -48.94338 -20.00000
v 30437.22384 -80.96886 -20.00000
v 30522.95071 -155.48961 -20.00000
v 30620.54936 -98.59388 -20.00000
v 30730.20296 -56.26073 -20.00000
v 30735.45506 46.30254 -115.93315
v 30675.90948 121.99750 -99.73420
v 30616.48201 185.16051 -104.44771
v 30522.95071 195.03482 -98.33447
v 30439.94796 169.52966 -94.94167
v 30329.04386 142.26154 -121.07957
v 30371.28537 46.30254 -88.46793
v 30360.52928 -34.07523 -104.66688
v 30434.39717 -85.16538 -99.95338
v 30522.95071 -117.11064 -106.06662
v 30622.03281 -100.79623 -109.45942
v 30644.42407 -13.81119 -83.32151
v 30624.03704 46.30254 -156.24690
v 30623.03553 95.83168 -175.76568
v 30564.59802 108.13276 -132.26675
v 30522.95071 151.99274 -186.19413
v 30468.95384 126.46709 -165.55687
v 30439.88997 87.40694 -149.27047
v 30412.51530 46.30254 -168.84783
v 30439.85233 5.17950 -149.32905
v 30458.83715 -48.88142 -192.82798
v 30522.95071 -29.31162 -138.90060
v 30574.71471 -30.54708 -159.53785
v 30623.07317 -3.24523 -175.82426
v 30524.11335 46.30254 -165.38752
v 30524.01591 46.82967 -173.80825
v 30523.73478 47.46659 -216.09555
v 30522.95071 47.29639 -164.99281
v 30522.24524 47.34988 -196.43523
v 30521.96371 46.79097 -162.51636
v 30521.47443 46.30254 -204.60597
v 30521.73053 45.69871 -196.18524
v 30522.41532 45.50770 -153.89793
v 30522.95071 45.03445 -205.00068
v 30523.56470 45.39099 -173.55826
v 30524.24908 45.66001 -207.47712
v 30801.04067 -725.56038 164.22070
v 30800.77672 -724.96196 154.60695
v 30800.09747 -724.77355 112.54889
v 30799.56748 -724.27292 167.82719
v 30798.94980 -724.64336 134.47962
v 30798.29219 -724.92928 164.14315
v 30798.40175 -725.56038 125.77278
v 30798.49135 -726.09292 135.38654
v 30798.77801 -726.73244 177.44459
v 30799.56748 -726.53485 122.16629
v 30800.26926 -726.60225 155.51386
v 30800.57756 -726.06024 125.85033
v 30886.64713 -725.56038 97.36831
v 30893.34849 -679.15081 125.95483
v 30852.43222 -647.07658 122.50507
v 30799.56748 -632.23203 126.75555
v 30742.20837 -640.40419 134.62031
v 30728.96204 -690.61975 89.88583
v 30675.12539 -725.56038 147.72642
v 30710.16529 -769.80299 119.13990
v 30746.67135 -804.09076 122.58966
v 30799.56748 -813.53638 118.33918
v 30847.96924 -797.41836 110.47442
v 30912.14524 -781.27192 155.20890
v 30993.28750 -725.56038 67.45314
v 30943.65884 -654.25365 55.11180
v 30908.66264 -563.59606 78.50003
v 30799.56748 -595.29350 48.60909
v 30710.77611 -593.73938 60.16810
v 30623.53713 -638.44795 71.76092
v 30629.11781 -725.56038 56.94795
v 30628.27863 -810.32637 69.28928
v 30726.57779 -833.92195 45.90105
v 30799.56748 -907.43896 75.79199
v 30892.86096 -864.06528 64.23298
v 30938.91734 -794.52068 52.64016
v 31032.37098 -725.56038 -20.00000
v 30993.73637 -629.47169 -20.00000
v 30883.41881 -601.07344 -20.00000
v 30799.56748 -520.76174 -20.00000
v 30701.03107 -579.27175 -20.00000
v 30597.28016 -625.45412 -20.00000
v 30612.37098 -725.56038 -20.00000
v 30630.00570 -809.47169 -20.00000
v 30673.41881 -912.84258 -20.00000
v 30799.56748 -880.76174 -20.00000
v 30911.03107 -891.04090 -20.00000
v 30961.01083 -805.45412 -20.00000
v 30950.32871 -725.56038 -88.05978
v 30959.97644 -646.17853 -103.61783
v 30891.09671 -589.67471 -102.64007
v 30799.56748 -565.90021 -104.08998
v 30700.18035 -578.00875 -109.73483
v 30678.34003 -665.56835 -83.19333
v 30586.15901 -725.56038 -116.34130
v 30644.59624 -802.25125 -100.78326
v 30709.01186 -860.00060 -101.76101
v 30799.56748 -878.04566 -100.31110
v 30882.26519 -848.33465 -94.66626
v 30993.72023 -821.64107 -121.20776
v 30912.43196 -725.56038 -172.12181
v 30883.02374 -684.26024 -149.88603
v 30862.87356 -631.57521 -190.65131
v 30799.56748 -649.23030 -140.02637
v 30748.48429 -649.72151 -157.70260
v 30696.78470 -674.69610 -179.96459
v 30700.91022 -725.56038 -152.97292
v 30699.84053 -774.91242 -175.20869
v 30757.11269 -788.58939 -134.44342
v 30799.56748 -830.53465 -185.06836
v 30854.24516 -806.73569 -167.39212
v 30879.96791 -765.34827 -145.13013
v 30801.01961 -725.56038 -201.58677
v 30800.79805 -724.95140 -197.68747
v 30800.09142 -724.78252 -151.03672
v 30799.56748 -724.27470 -207.56774
v 30798.94671 -724.63878 -175.25165
v 30798.30105 -724.93366 -202.86349
v 30798.38068 -725.56038 -168.40671
v 30798.51268 -726.08237 -172.30602
v 30798.77196 -726.74141 -218.95676
v 30799.56748 -726.53663 -162.42574
v 30800.26617 -726.59767 -194.74183
v 30800.58643 -726.06463 -167.13000
v -31595.07162 3069.47306 129.18700
v -31595.19813 3070.00085 133.99854
v -31595.46567 3070.65923 179.82181
v -31596.26465 3070.43050 119.68188
v -31596.96059 3070.50626 154.05242
v -31597.30778 3069.98927 130.62098
v -31597.71054 3069.47306 160.80649
v -31597.48350 3068.86988 155.99495
v -31596.78513 3068.70034 110.17167
v -31596.26465 3068.16857 170.31160
v -31595.64113 3068.54737 135.94107
v -31595.02241 3068.85830 159.37250
v -31471.56891 3069.47306 148.06829
v -31505.74584 3114.26825 120.87773
v -31545.07854 3145.46472 117.98004
v -31596.26465 3159.73553 121.93456
v -31644.53285 3141.13275 110.11437
v -31708.63623 3125.08257 154.88801
v -31683.09065 3069.47306 97.02643
v -31688.92905 3023.61607 124.21700
v -31650.83942 2988.45054 127.11469
v -31596.26465 2978.43117 123.16016
v -31538.77198 2984.11858 134.98035
v -31525.45303 3034.43039 90.20672
v -31429.94722 3069.47306 55.08249
v -31425.66212 3153.89942 68.93152
v -31521.60002 3180.32128 47.41333
v -31596.26465 3249.68599 74.91473
v -31690.64357 3209.58941 65.21300
v -31731.38548 3136.34052 50.43565
v -31794.11692 3069.47306 69.31860
v -31741.04232 2997.82669 55.46956
v -31703.68487 2909.99539 76.98775
v -31596.26465 2937.54054 49.48635
v -31508.55872 2939.26352 59.18808
v -31416.00527 2980.26780 73.96543
v -31404.75710 3069.47306 -20.00000
v -31428.15963 3152.66347 -20.00000
v -31468.66373 3258.91129 -20.00000
v -31596.26465 3222.16428 -20.00000
v -31706.66112 3233.36931 -20.00000
v -31763.08168 3152.02608 -20.00000
v -31824.75710 3069.47306 -20.00000
v -31791.89029 2972.66347 -20.00000
v -31678.66373 2947.14215 -20.00000
v -31596.26465 2862.16428 -20.00000
v -31496.66112 2921.60016 -20.00000
v -31399.35101 2972.02608 -20.00000
v -31382.57902 3069.47306 -116.46643
v -31439.22653 3147.18677 -101.86068
v -31508.67498 3199.50999 -99.08311
v -31596.26465 3225.78314 -102.32556
v -31678.82436 3192.04243 -94.54165
v -31789.93352 3165.31429 -120.95552
v -31746.74872 3069.47306 -87.93466
v -31754.60674 2991.11405 -102.54041
v -31690.75983 2929.18410 -105.31797
v -31596.26465 2913.63769 -102.07553
v -31496.73951 2921.71654 -109.85943
v -31474.55331 3009.24156 -83.44557
v -31499.89429 3069.47306 -149.89057
v -31497.05842 3118.56741 -174.39829
v -31552.79372 3134.01065 -137.18259
v -31596.26465 3173.44475 -183.49184
v -31651.58718 3151.60571 -169.13041
v -31674.22877 3108.05529 -141.33841
v -31711.41604 3069.47306 -175.20415
v -31680.24162 3027.91523 -150.69643
v -31658.55459 2976.99647 -187.91214
v -31596.26465 2992.14040 -141.60289
v -31545.82631 2994.59154 -155.96432
v -31491.04556 3017.40311 -183.75632
v -31595.05106 3069.47306 -171.75796
v -31595.21850 3069.99077 -171.05779
v -31595.46041 3070.66704 -221.13826
v -31596.26465 3070.43481 -160.31044
v -31596.95580 3070.49914 -192.85339
v -31597.31803 3069.99434 -172.10124
v -31597.68998 3069.47306 -198.23553
v -31597.50387 3068.85980 -198.93569
v -31596.77987 3068.70815 -148.85522
v -31596.26465 3068.17288 -209.68305
v -31595.63634 3068.54025 -177.14009
v -31595.03266 3068.86338 -197.89225
v -22508.11567 5329.16216 157.07584
v -22508.30479 5329.76934 157.16282
v -22509.01796 5329.92490 108.49148
v -22509.53173 5330.48020 172.28933
v -22510.16182 5330.09760 137.58376
v -22510.73894 5329.75957 154.31412
v -22510.75459 5329.16216 132.91765
v -22510.59016 5328.63837 132.83067
v -22510.33742 5327.96601 181.50201
v -22509.53173 5328.21827 117.70415
v -22508.84236 5328.13871 152.40973
v -22508.45357 5328.62861 135.67936
v -22422.58040 5329.16216 97.19536
v -22418.00542 5374.45593 122.44574
v -22453.28086 5412.67304 131.63289
v -22509.53173 5417.90978 119.55252
v -22567.06565 5414.57788 135.09155
v -22580.96545 5364.51268 91.17491
v -22634.10214 5329.16216 147.89937
v -22601.18863 5283.80376 122.64898
v -22559.04173 5255.65887 113.46183
v -22509.53173 5236.60543 125.54221
v -22461.30478 5257.56370 110.00318
v -22397.78224 5273.86050 153.91982
v -22307.86281 5329.16216 71.04159
v -22363.80931 5401.27605 55.96204
v -22404.11426 5485.66651 75.17951
v -22509.53173 5463.24348 50.61809
v -22596.21900 5457.85937 58.26835
v -22693.56842 5420.23670 75.93447
v -22672.03251 5329.16216 53.35949
v -22679.18951 5245.20333 68.43904
v -22586.19910 5215.34062 49.22157
v -22509.53173 5151.09803 73.78299
v -22414.13415 5187.53348 66.13273
v -22378.18822 5264.16398 48.46662
v -22285.72046 5329.16216 -20.00000
v -22312.72475 5426.55635 -20.00000
v -22428.13254 5450.00861 -20.00000
v -22509.53173 5538.43448 -20.00000
v -22610.31040 5478.77967 -20.00000
v -22700.77050 5423.80080 -20.00000
v -22705.72046 5329.16216 -20.00000
v -22676.45542 5246.55635 -20.00000
v -22638.13254 5138.23947 -20.00000
v -22509.53173 5178.43448 -20.00000
v -22400.31040 5167.01053 -20.00000
v -22337.03983 5243.80080 -20.00000
v -22358.69234 5329.16216 -88.09507
v -22353.26957 5406.49187 -101.45618
v -22412.13971 5473.75181 -107.93348
v -22509.53173 5481.17747 -100.06358
v -22609.02510 5476.87151 -109.83075
v -22632.44707 5389.98948 -84.07319
v -22722.86203 5329.16216 -116.30602
v -22668.64978 5250.41914 -102.94490
v -22594.22456 5203.42592 -96.46761
v -22509.53173 5169.03201 -104.33751
v -22426.94025 5206.54562 -94.57034
v -22317.06687 5233.91675 -120.32789
v -22392.28139 5329.16216 -178.03318
v -22424.88164 5371.05309 -151.74403
v -22448.44626 5419.85056 -184.66530
v -22509.53173 5407.76399 -143.59862
v -22559.37410 5403.15889 -154.35780
v -22616.91438 5382.30279 -187.12355
v -22603.80314 5329.16216 -147.06155
v -22608.06484 5280.40091 -173.35070
v -22554.20713 5262.83638 -140.42943
v -22509.53173 5226.45963 -181.49611
v -22453.61323 5246.14472 -170.73693
v -22433.73117 5291.65061 -137.97118
v -22508.13532 5329.16216 -194.61931
v -22508.28580 5329.77873 -199.90493
v -22509.02234 5329.91840 -147.39710
v -22509.53173 5330.47345 -211.30426
v -22510.16822 5330.10711 -179.18578
v -22510.72751 5329.75391 -192.66290
v -22510.77424 5329.16216 -175.37418
v -22510.57117 5328.64777 -170.08856
v -22510.34180 5327.95951 -222.59639
v -22509.53173 5328.21151 -158.68923
v -22508.84876 5328.14822 -190.80770
v -22508.44213 5328.62295 -177.33058
v -30067.58696 -3917.48513 136.89006
v -30067.78956 -3916.96451 131.90630
v -30068.03210 -3916.28334 182.45155
v -30068.84159 -3916.55105 116.27268
v -30069.52380 -3916.47231 150.61867
v -30069.95607 -3916.93360 140.92423
v -30070.22588 -3917.48513 153.10343
v -30070.07493 -3918.09547 158.08719
v -30069.35156 -3918.24223 107.54194
v -30068.84159 -3918.81298 173.72081
v -30068.20434 -3918.43120 139.37482
v -30067.67070 -3918.06457 149.06926
v -29944.77298 -3917.48513 147.22303
v -29976.04791 -3871.56416 124.41820
v -30020.94024 -3846.37006 109.12548
v -30068.84159 -3822.67225 129.08991
v -30117.12043 -3845.80963 110.14306
v -30179.56552 -3862.69099 152.32371
v -30156.29472 -3917.48513 97.87170
v -30159.23111 -3962.21634 120.67652
v -30126.70111 -4003.38424 135.96925
v -30068.84159 -4003.97660 116.00481
v -30011.35956 -4002.82381 134.95167
v -29996.38231 -3953.34317 92.77102
v -29909.76549 -3917.48513 51.81345
v -29900.36809 -3834.11236 67.82170
v -29989.88375 -3800.26313 51.28959
v -30068.84159 -3742.00997 72.41943
v -30165.17066 -3774.47355 66.97376
v -30196.93511 -3854.09527 46.77247
v -30273.93518 -3917.48513 72.58763
v -30215.74829 -3990.18509 56.57938
v -30171.96859 -4070.58902 73.11149
v -30068.84159 -4054.15542 51.98165
v -29983.08581 -4044.79944 57.42733
v -29881.55491 -4010.16800 77.62862
v -29867.69524 -3917.48513 -20.00000
v -29902.80018 -3835.31594 -20.00000
v -29939.71326 -3725.77927 -20.00000
v -30068.84159 -3768.13512 -20.00000
v -30176.80330 -3757.20356 -20.00000
v -30247.19597 -3829.22260 -20.00000
v -30287.69524 -3917.48513 -20.00000
v -30266.53085 -4015.31594 -20.00000
v -30149.71326 -4037.54841 -20.00000
v -30068.84159 -4128.13512 -20.00000
v -29966.80330 -4068.97270 -20.00000
v -29883.46530 -4009.22260 -20.00000
v -29856.49198 -3917.48513 -115.86329
v -29907.67219 -3837.72696 -104.01423
v -29986.91851 -3795.86090 -93.96685
v -30068.84159 -3753.61614 -106.30669
v -30151.63398 -3794.57030 -94.75174
v -30259.40643 -3823.17999 -119.33745
v -30220.66168 -3917.48513 -88.53779
v -30223.05239 -3993.79968 -100.38686
v -30169.00336 -4066.18679 -110.43424
v -30068.84159 -4065.76159 -98.09440
v -29969.54913 -4064.89619 -109.64935
v -29944.02622 -3979.25271 -85.06363
v -29976.43917 -3917.48513 -144.54248
v -29971.12052 -3869.12574 -172.08687
v -30022.79749 -3849.12736 -144.11897
v -30068.84159 -3816.29296 -179.12112
v -30125.29525 -3833.67318 -172.17954
v -30142.79464 -3880.88786 -135.09584
v -30187.96091 -3917.48513 -180.55225
v -30154.30373 -3959.77792 -153.00786
v -30128.55836 -4006.14154 -180.97576
v -30068.84159 -3997.59732 -145.97361
v -30019.53438 -3990.68735 -152.91519
v -29959.61143 -3971.54003 -189.99889
v -30067.56862 -3917.48513 -179.18299
v -30067.80679 -3916.97304 -169.41771
v -30068.02870 -3916.27829 -223.30196
v -30068.84159 -3916.54199 -157.59456
v -30069.51591 -3916.48402 -188.64571
v -30069.96846 -3916.92747 -182.71336
v -30070.20754 -3917.48513 -190.81049
v -30070.09217 -3918.10400 -200.57578
v -30069.34816 -3918.23719 -146.69153
v -30068.84159 -3918.80392 -212.39892
v -30068.19645 -3918.44291 -181.34778
v -30067.68309 -3918.05843 -187.28012
v 25883.89957 -3747.00996 148.96876
v 25883.78628 -3746.39734 158.74955
v 25883.05752 -3746.25404 107.34205
v 25882.54835 -3745.67623 174.57737
v 25881.90348 -3746.05259 141.27841
v 25881.41434 -3746.44877 143.74288
v 25881.26065 -3747.00996 141.02473
v 25881.50091 -3747.52831 131.24393
v 25881.73806 -3748.21293 182.65143
v 25882.54835 -3747.93817 115.41612
v 25883.22295 -3748.01148 148.71508
v 25883.69972 -3747.57974 146.25061
v 25970.86971 -3747.00996 99.04192
v 25971.82515 -3702.82940 118.94475
v 25941.91686 -3658.87058 140.03697
v 25882.54835 -3662.69135 112.58806
v 25825.21031 -3661.88505 134.56352
v 25808.68058 -3710.45490 94.96310
v 25759.34797 -3747.00996 146.05280
v 25788.64194 -3793.48158 126.14998
v 25836.15599 -3815.88475 105.05776
v 25882.54835 -3843.99570 132.50667
v 25930.97118 -3818.89922 110.53120
v 25991.86379 -3801.10707 150.13162
v 26090.60610 -3747.00996 73.92577
v 26030.85517 -3673.61712 57.30923
v 25983.14302 -3597.66561 70.82509
v 25882.54835 -3607.36236 53.54974
v 25797.61825 -3620.92146 56.68184
v 25692.60406 -3653.01191 79.01397
v 25726.43640 -3747.00996 50.47531
v 25715.47496 -3829.68984 67.09185
v 25801.05817 -3867.99150 53.57599
v 25882.54835 -3919.50781 70.85134
v 25979.70309 -3891.24735 67.71925
v 26007.98426 -3809.08464 45.38711
v 26096.26718 -3747.00996 -20.00000
v 26080.80317 -3648.89927 -20.00000
v 25963.37542 -3627.01287 -20.00000
v 25882.54835 -3535.59576 -20.00000
v 25779.19115 -3593.56432 -20.00000
v 25703.10481 -3658.20844 -20.00000
v 25676.26718 -3747.00996 -20.00000
v 25717.07250 -3828.89927 -20.00000
v 25753.37542 -3938.78202 -20.00000
v 25882.54835 -3895.59576 -20.00000
v 25989.19115 -3905.33346 -20.00000
v 26066.83548 -3838.20844 -20.00000
v 26035.95489 -3747.00996 -89.25398
v 26034.77744 -3671.67610 -99.35383
v 25985.29735 -3594.46725 -112.77020
v 25882.54835 -3602.31630 -96.20740
v 25783.62193 -3600.14232 -109.31885
v 25755.17497 -3683.97649 -86.39707
v 25671.78520 -3747.00996 -115.14710
v 25719.39723 -3827.74882 -105.04725
v 25803.21250 -3864.79314 -91.63089
v 25882.54835 -3914.46175 -108.19368
v 25965.70678 -3870.46821 -95.08223
v 26070.55518 -3840.04921 -118.00402
v 26003.26929 -3747.00996 -182.71095
v 25968.94522 -3704.25460 -154.46262
v 25940.75959 -3660.58867 -176.91738
v 25882.54835 -3665.17645 -148.68032
v 25833.70478 -3674.49607 -151.66537
v 25771.82373 -3692.21548 -192.32478
v 25791.74755 -3747.00996 -142.38377
v 25785.76202 -3794.90677 -170.63211
v 25834.99872 -3817.60285 -148.17735
v 25882.54835 -3846.48080 -176.41441
v 25939.46565 -3831.51024 -173.42936
v 25955.00693 -3782.86766 -132.76995
v 25883.88291 -3747.00996 -186.88532
v 25883.80141 -3746.38985 -200.93481
v 25883.05516 -3746.25754 -146.75264
v 25882.54835 -3745.68742 -212.94513
v 25881.89427 -3746.03891 -183.58281
v 25881.42744 -3746.45526 -181.85164
v 25881.24399 -3747.00996 -183.10817
v 25881.51604 -3747.52082 -169.05867
v 25881.73570 -3748.21643 -223.24085
v 25882.54835 -3747.94935 -157.04835
v 25883.21373 -3747.99780 -186.41068
v 25883.71281 -3747.58622 -188.14185
v 27702.19711 -4922.74373 145.23890
v 27701.92047 -4922.22671 130.85683
v 27701.68379 -4921.54405 182.09766
v 27700.87571 -4921.81734 115.15162
v 27700.20902 -4921.75395 146.73707
v 27699.68763 -4922.15578 151.55189
v 27699.55819 -4922.74373 144.75459
v 27699.63510 -4923.35767 159.13665
v 27700.36433 -4923.50294 107.89583
v 27700.87571 -4924.07927 174.84187
v 27701.52848 -4923.71284 143.25641
v 27701.97300 -4923.28675 138.44160
v 27822.85881 -4922.74373 144.41211
v 27795.84851 -4875.74438 127.80964
v 27745.88894 -4855.91642 101.34009
v 27700.87571 -4823.71189 135.72409
v 27652.21967 -4850.50824 111.15986
v 27593.32350 -4869.51919 147.38744
v 27611.33706 -4922.74373 100.68261
v 27612.66531 -4966.39656 117.28508
v 27640.12807 -5012.93059 143.75463
v 27700.87571 -5005.01624 109.37064
v 27757.98054 -5007.52242 133.93487
v 27776.50671 -4960.17137 97.70729
v 27854.54335 -4922.74373 49.37185
v 27866.36118 -4840.84966 66.26410
v 27785.08941 -4797.71880 56.03502
v 27700.87571 -4753.55194 69.11010
v 27603.01762 -4777.46215 68.35428
v 27577.45184 -4861.66475 44.33827
v 27490.37365 -4922.74373 75.02923
v 27550.98097 -4996.92239 58.13698
v 27603.00457 -5068.04469 68.36607
v 27700.87571 -5065.69739 55.29098
v 27785.10247 -5047.78804 56.04680
v 27892.83205 -5017.73748 80.06281
v 27912.36613 -4922.74373 -20.00000
v 27866.11403 -4840.97197 -20.00000
v 27829.60941 -4731.62375 -20.00000
v 27700.87571 -4774.29339 -20.00000
v 27595.58469 -4766.42711 -20.00000
v 27510.70430 -4828.63329 -20.00000
v 27492.36613 -4922.74373 -20.00000
v 27502.38336 -5020.97197 -20.00000
v 27619.60941 -5043.39290 -20.00000
v 27700.87571 -5134.29339 -20.00000
v 27805.58469 -5078.19625 -20.00000
v 27874.43497 -5008.63329 -20.00000
v 27909.47841 -4922.74373 -114.17179
v 27865.89923 -4841.07826 -106.02330
v 27777.85863 -4808.45373 -89.50647
v 27700.87571 -4751.93688 -109.96072
v 27617.19344 -4798.50778 -95.55519
v 27516.03368 -4831.27065 -116.35427
v 27545.30872 -4922.74373 -90.22930
v 27550.51903 -4997.15099 -98.37778
v 27595.77379 -5078.77962 -114.89461
v 27700.87571 -5064.08234 -94.44036
v 27799.27829 -5068.83367 -108.84589
v 27831.41389 -4987.34337 -88.04681
v 27790.37432 -4922.74373 -140.62864
v 27796.62334 -4875.36094 -169.01553
v 27750.03756 -4849.75731 -152.52335
v 27700.87571 -4825.17071 -173.43015
v 27643.57556 -4837.67507 -174.46138
v 27629.52865 -4887.43609 -131.04005
v 27578.85257 -4922.74373 -184.46608
v 27613.44013 -4966.01312 -156.07919
v 27644.27669 -5006.77148 -172.57138
v 27700.87571 -5006.47506 -151.66458
v 27749.33643 -4994.68925 -150.63335
v 27812.71185 -4978.08827 -194.05468
v 27702.21176 -4922.74373 -187.07115
v 27701.90774 -4922.23301 -169.01864
v 27701.68505 -4921.54217 -222.41429
v 27700.87571 -4921.80424 -157.06153
v 27700.21938 -4921.76933 -184.14735
v 27699.67408 -4922.14908 -193.50738
v 27699.57284 -4922.74373 -182.92234
v 27699.62237 -4923.36397 -200.97485
v 27700.36559 -4923.50106 -147.57920
v 27700.87571 -4924.06618 -212.93195
v 27701.53884 -4923.72822 -185.84614
v 27701.95946 -4923.28004 -176.48610
v 31187.73227 6758.08376 140.54527
v 31187.68974 6758.69806 159.24074
v 31186.96497 6758.85067 109.19218
v 31186.44841 6759.41702 174.50902
v 31185.78759 6759.06483 145.26925
v 31185.38692 6758.60906 133.27151
v 31185.09335 6758.08376 149.44822
v 31185.40437 6757.56710 130.75274
v 31185.64551 6756.89178 180.80131
v 31186.44841 6757.15509 115.48447
v 31187.10705 6757.10594 144.72423
v 31187.67230 6757.47810 156.72197
v 31277.52903 6758.08376 102.76092
v 31273.66009 6801.24236 115.73074
v 31248.41772 6850.08433 147.04783
v 31186.44841 6838.47790 106.41695
v 31129.66134 6842.39070 133.07830
v 31108.73473 6796.54206 100.94864
v 31066.00728 6758.08376 142.33380
v 31090.47689 6710.59018 129.36399
v 31142.65685 6693.07016 98.04689
v 31186.44841 6657.17354 138.67778
v 31235.42221 6685.37652 112.01643
v 31291.91793 6705.88988 144.14608
v 31398.82600 6758.08376 75.87593
v 31338.08709 6833.12545 59.04607
v 31281.45935 6899.13843 65.78364
v 31186.44841 6904.60606 57.17051
v 31102.78857 6882.28641 55.53494
v 30993.16587 6853.73381 80.75413
v 31034.65631 6758.08376 48.52516
v 31022.70689 6677.05273 65.35502
v 31099.37450 6628.81254 58.61744
v 31186.44841 6592.46061 67.23057
v 31284.87342 6611.96052 68.86615
v 31308.54607 6697.66109 43.64695
v 31389.77857 6758.08376 -20.00000
v 31384.84550 6856.26486 -20.00000
v 31268.62897 6880.09026 -20.00000
v 31186.44841 6969.13741 -20.00000
v 31080.38182 6915.55181 -20.00000
v 31018.60718 6841.14363 -20.00000
v 30969.77857 6758.08376 -20.00000
v 31021.11483 6676.26486 -20.00000
v 31058.62897 6568.32111 -20.00000
v 31186.44841 6609.13741 -20.00000
v 31290.38182 6603.78267 -20.00000
v 31382.33785 6661.14363 -20.00000
v 31344.70660 6758.08376 -91.44422
v 31335.07946 6831.63706 -97.47825
v 31293.62185 6917.19507 -116.76495
v 31186.44841 6896.36222 -92.82864
v 31088.71698 6903.17730 -108.23992
v 31052.20199 6824.51851 -89.97984
v 30980.53691 6758.08376 -112.95687
v 31019.69925 6675.56433 -106.92284
v 31111.53701 6646.86918 -87.63614
v 31186.44841 6584.21677 -111.57245
v 31270.80183 6632.85141 -96.16117
v 31367.58219 6668.44579 -114.42124
v 31309.44825 6758.08376 -185.78251
v 31275.00587 6801.90834 -157.82523
v 31241.36078 6839.60749 -168.02475
v 31186.44841 6843.85144 -154.86666
v 31138.28207 6829.59223 -149.83979
v 31073.90594 6813.77784 -195.15396
v 31097.92650 6758.08376 -139.31222
v 31091.82267 6711.25617 -167.26950
v 31135.59990 6682.59331 -157.06998
v 31186.44841 6662.54709 -170.22807
v 31244.04294 6672.57806 -175.25494
v 31257.08915 6723.12566 -129.94077
v 31187.71992 6758.08376 -179.00088
v 31187.69981 6758.70305 -200.69508
v 31186.96482 6758.85044 -149.15468
v 31186.44841 6759.40229 -212.35965
v 31185.77630 6759.08159 -188.09247
v 31185.40064 6758.60227 -171.29091
v 31185.08100 6758.08376 -190.99260
v 31185.41444 6757.57208 -169.29841
v 31185.64536 6756.89155 -220.83881
v 31186.44841 6757.14036 -157.63383
v 31187.09576 6757.12269 -181.90102
v 31187.68601 6757.47131 -198.70257
v 28196.98079 -6803.12451 153.56844
v 28196.63807 -6802.60723 130.93375
v 28196.38763 -6801.94447 178.78833
v 28195.59278 -6802.18951 116.40800
v 28194.94217 -6802.15860 142.71685
v 28194.33471 -6802.50193 161.65737
v 28194.34187 -6803.12451 136.42505
v 28194.35270 -6803.73819 159.05974
v 28195.06817 -6803.90337 111.20516
v 28195.59278 -6804.45144 173.58548
v 28196.26163 -6804.11749 147.27664
v 28196.62008 -6803.63289 128.33611
v 28314.19811 -6803.12451 139.85947
v 28292.47536 -6755.18007 130.78190
v 28238.34458 -6739.65455 95.24407
v 28195.59278 -6700.54123 141.30861
v 28146.22303 -6729.82943 113.08378
v 28092.48371 -6752.09875 140.47243
v 28102.67636 -6803.12451 105.23526
v 28109.29215 -6845.83225 114.31283
v 28132.58371 -6896.66872 149.85066
v 28195.59278 -6881.84558 103.78611
v 28251.98390 -6886.84361 132.01095
v 28275.66691 -6842.75093 104.62230
v 28346.11565 -6803.12451 47.95218
v 28357.46924 -6723.01644 64.38280
v 28285.60632 -6669.48906 61.27158
v 28195.59278 -6641.26114 65.25036
v 28096.74861 -6656.37897 69.24460
v 28074.10894 -6743.00560 43.32698
v 27981.94596 -6803.12451 76.44891
v 28042.08903 -6879.08917 60.01828
v 28103.52147 -6939.81495 63.12950
v 28195.59278 -6953.40660 59.15072
v 28278.83346 -6926.70486 55.15648
v 28389.48914 -6899.07833 81.07410
v 28417.30854 -6803.12451 -20.00000
v 28361.35251 -6721.09472 -20.00000
v 28322.04123 -6615.39725 -20.00000
v 28195.59278 -6653.06060 -20.00000
v 28092.99564 -6650.80725 -20.00000
v 27994.26599 -6703.49359 -20.00000
v 27997.30854 -6803.12451 -20.00000
v 27997.62184 -6901.09472 -20.00000
v 28112.04123 -6927.16640 -20.00000
v 28195.59278 -7013.06060 -20.00000
v 28302.99564 -6962.57640 -20.00000
v 28357.99666 -6883.49359 -20.00000
v 28398.33619 -6803.12451 -111.52666
v 28363.88625 -6719.84084 -107.72785
v 28268.75552 -6694.50601 -86.05730
v 28195.59278 -6626.55352 -112.99659
v 28110.43433 -6676.69699 -96.88801
v 28018.63647 -6715.55385 -112.24361
v 28034.16649 -6803.12451 -92.87442
v 28048.50604 -6875.91357 -96.67323
v 28086.67068 -6964.83190 -118.34378
v 28195.59278 -6938.69897 -91.40450
v 28292.51917 -6947.02289 -107.51307
v 28334.01667 -6871.62657 -92.15747
v 28283.48302 -6803.12451 -138.46084
v 28289.03590 -6756.88216 -165.42895
v 28248.16861 -6725.06966 -161.72623
v 28195.59278 -6709.72194 -166.87226
v 28137.79822 -6717.32184 -175.79415
v 28125.23904 -6768.30844 -129.49411
v 28071.96128 -6803.12451 -186.63389
v 28105.85270 -6847.53434 -159.66578
v 28142.40773 -6882.08383 -163.36849
v 28195.59278 -6891.02629 -158.22247
v 28243.55909 -6874.33601 -149.30057
v 28308.42224 -6858.96061 -195.60062
v 28196.99059 -6803.12451 -194.79405
v 28196.63086 -6802.61080 -169.89238
v 28196.38666 -6801.94591 -218.54595
v 28195.59278 -6802.17343 -158.75380
v 28194.95416 -6802.17641 -179.71665
v 28194.32110 -6802.49519 -203.62345
v 28194.35167 -6803.12451 -175.19943
v 28194.34549 -6803.74176 -200.10111
v 28195.06720 -6803.90480 -151.44753
v 28195.59278 -6804.43536 -211.23968
v 28196.27362 -6804.13530 -190.27684
v 28196.60647 -6803.62616 -166.37004
v -28626.69808 6718.77786 132.47638
v -28626.68054 6719.38995 158.59727
v -28627.38205 6719.57268 113.89447
v -28627.91742 6720.09453 172.08974
v -28628.59411 6719.78248 149.23839
v -28628.91285 6719.27047 123.73418
v -28629.33700 6718.77786 157.51710
v -28628.96591 6718.25899 131.39622
v -28628.70151 6717.61378 176.09901
v -28627.91742 6717.83260 117.90374
v -28627.27465 6717.82359 140.75509
v -28626.62748 6718.13950 166.25931
v -28532.90812 6718.77786 108.05610
v -28542.42194 6761.08715 113.05974
v -28564.07131 6813.56474 152.10700
v -28627.91742 6796.06466 101.53078
v -28683.84232 6801.80480 130.75418
v -28710.58252 6759.68647 108.65473
v -28744.42986 6718.77786 137.03863
v -28725.60515 6670.43497 132.03499
v -28669.83219 6656.55056 92.98772
v -28627.91742 6614.76031 143.56395
v -28578.08144 6644.79063 114.34054
v -28527.39931 6669.03430 136.44000
v -28413.63308 6718.77786 76.73671
v -28472.46481 6795.70695 61.03418
v -28538.80633 6851.07350 60.45677
v -28627.91742 6872.93563 61.19197
v -28710.89508 6841.96774 54.91902
v -28821.70293 6814.67682 81.01632
v -28777.80277 6718.77786 47.66438
v -28787.84502 6639.63422 63.36690
v -28720.89118 6580.74761 63.94432
v -28627.91742 6560.79018 63.20911
v -28528.81023 6571.64185 69.48207
v -28506.32272 6658.60409 43.38476
v -28434.44461 6718.77786 -20.00000
v -28430.69497 6816.37766 -20.00000
v -28542.56558 6845.49247 -20.00000
v -28627.91742 6926.99722 -20.00000
v -28736.60844 6880.14218 -20.00000
v -28785.27348 6796.64891 -20.00000
v -28854.44461 6718.77786 -20.00000
v -28794.42564 6636.37766 -20.00000
v -28752.56558 6533.72332 -20.00000
v -28627.91742 6566.99722 -20.00000
v -28526.60844 6568.37303 -20.00000
v -28421.54281 6616.64891 -20.00000
v -28462.90955 6718.77786 -94.49129
v -28482.16277 6790.90770 -95.97884
v -28517.60451 6882.55004 -119.59951
v -28627.91742 6852.05860 -90.19644
v -28723.92101 6861.30623 -106.67989
v -28770.90439 6789.53806 -94.53611
v -28827.07925 6718.77786 -109.90979
v -28797.54297 6634.83498 -108.42224
v -28699.68936 6612.22415 -84.80158
v -28627.91742 6539.91314 -114.20465
v -28541.83616 6590.98034 -97.72119
v -28455.52418 6633.46533 -109.86497
v -28504.01193 6718.77786 -187.00317
v -28536.95766 6763.79126 -161.56400
v -28576.46578 6795.16372 -158.69580
v -28627.91742 6808.86880 -161.66484
v -28675.78205 6789.83841 -149.02649
v -28740.60879 6774.54563 -195.38571
v -28715.53367 6718.77786 -138.09156
v -28720.14086 6673.13909 -163.53072
v -28682.22666 6638.14955 -166.39893
v -28627.91742 6627.56444 -163.42989
v -28570.02118 6632.82423 -176.06824
v -28557.42559 6683.89345 -129.70901
v -28626.70514 6718.77786 -171.59407
v -28626.67633 6719.39204 -199.20483
v -28627.37998 6719.57575 -154.41188
v -28627.91742 6720.07743 -209.59446
v -28628.60657 6719.80099 -192.35553
v -28628.89961 6719.26392 -161.82198
v -28629.34406 6718.77786 -198.39941
v -28628.96170 6718.26107 -170.78866
v -28628.69944 6717.61686 -215.58161
v -28627.91742 6717.81550 -160.39903
v -28627.28711 6717.84210 -177.63796
v -28626.61423 6718.13295 -208.17150
v -27388.59290 6525.19299 161.21517
v -27388.98847 6525.71438 132.13091
v -27389.27121 6526.33741 172.78718
v -27390.04206 6526.15222 119.94175
v -27390.67732 6526.13612 138.87823
v -27391.36092 6525.84566 170.43568
v -27391.23182 6525.19299 128.77832
v -27391.27384 6524.58342 157.86258
v -27390.59067 6524.37852 117.20630
v -27390.04206 6523.89029 170.05174
v -27389.35786 6524.17723 151.11525
v -27389.07555 6524.71469 119.55781
v -27275.83768 6525.19299 133.92775
v -27291.67118 6573.87395 133.09819
v -27348.74484 6586.50346 91.32301
v -27390.04206 6630.37730 145.39863
v -27440.40518 6599.96284 115.76157
v -27487.79052 6573.56594 132.12951
v -27487.35942 6525.19299 111.16698
v -27474.85439 6483.22177 111.99654
v -27454.50571 6429.48928 153.77172
v -27390.04206 6449.07295 99.69610
v -27334.64431 6442.94867 129.33316
v -27304.60732 6482.91376 112.96521
v -27240.14974 6525.19299 47.66752
v -27232.10809 6603.35004 62.32766
v -27294.14672 6667.56064 66.58215
v -27390.04206 6679.26666 61.14768
v -27489.25083 6672.47983 69.57379
v -27512.47005 6585.77914 43.81914
v -27604.31944 6525.19299 76.73357
v -27547.48830 6447.27731 62.07342
v -27476.23157 6397.23475 57.81894
v -27390.04206 6367.12121 63.25341
v -27307.16599 6402.15394 54.82729
v -27197.08984 6429.70641 80.58194
v -27159.03422 6525.19299 -20.00000
v -27222.47796 6608.11571 -20.00000
v -27267.58743 6706.99097 -20.00000
v -27390.04206 6679.25516 -20.00000
v -27490.13674 6673.79506 -20.00000
v -27600.97393 6629.57720 -20.00000
v -27579.03422 6525.19299 -20.00000
v -27586.20863 6428.11571 -20.00000
v -27477.58743 6395.22182 -20.00000
v -27390.04206 6319.25516 -20.00000
v -27280.13674 6362.02592 -20.00000
v -27237.24326 6449.57720 -20.00000
v -27194.80359 6525.19299 -108.13862
v -27219.32330 6609.67687 -108.99211
v -27319.27521 6630.25451 -83.89409
v -27390.04206 6705.89525 -115.17245
v -27477.14541 6654.50793 -98.64403
v -27557.57792 6608.10174 -107.33293
v -27558.97329 6525.19299 -96.26246
v -27534.70351 6453.60414 -95.40898
v -27501.36006 6359.92862 -120.50699
v -27390.04206 6393.74979 -89.22864
v -27295.06056 6384.18204 -105.75706
v -27242.19771 6452.02902 -97.06815
v -27302.33662 6525.19299 -138.21176
v -27299.05093 6570.22192 -161.61282
v -27334.02800 6608.35231 -170.99453
v -27390.04206 6614.20602 -159.96985
v -27447.93958 6611.14852 -176.07170
v -27461.09428 6560.35472 -130.58118
v -27513.85837 6525.19299 -186.88297
v -27482.23414 6479.56974 -163.48191
v -27439.78887 6451.33813 -154.10020
v -27390.04206 6432.90166 -165.12487
v -27342.17871 6454.13435 -149.02303
v -27277.91107 6469.70255 -194.51355
v -27388.58873 6525.19299 -201.73651
v -27388.98959 6525.71383 -171.96932
v -27389.27433 6526.33276 -212.00511
v -27390.04206 6526.17001 -162.53657
v -27390.66464 6526.11729 -175.70656
v -27391.37352 6525.85190 -212.25572
v -27391.22765 6525.19299 -168.25697
v -27391.27496 6524.58286 -198.02417
v -27390.59379 6524.37387 -157.98838
v -27390.04206 6523.90807 -207.45691
v -27389.34518 6524.15840 -194.28693
v -27389.08815 6524.72093 -157.73777
v 31391.48638 534.37437 125.40486
v 31391.54852 534.98055 156.87038
v 31390.88768 535.21181 121.07436
v 31390.32360 535.65967 167.51226
v 31389.63239 535.40055 152.86965
v 31389.38249 534.84010 115.89060
v 31388.84746 534.37437 164.58862
v 31389.26314 533.84958 133.12311
v 31389.56822 533.25292 168.91913
v 31390.32360 533.39774 122.48123
v 31390.95185 533.44166 137.12384
v 31391.66786 533.70913 174.10288
v 31490.11804 534.37437 114.50564
v 31474.58848 576.07467 111.14452
v 31455.17297 630.65072 154.81147
v 31390.32360 609.61852 98.31878
v 31335.50339 615.76127 127.77632
v 31301.99599 578.08520 117.46749
v 31278.59629 534.37437 130.58909
v 31291.40527 485.42249 133.95021
v 31349.41210 473.63654 90.28326
v 31390.32360 428.31417 146.77595
v 31441.26426 458.74710 117.31841
v 31485.17920 487.43302 127.62724
v 31603.94969 534.37437 76.43955
v 31549.76836 613.27906 63.11521
v 31473.68867 658.13940 55.26880
v 31390.32360 696.32016 65.29377
v 31307.38567 657.50526 54.88314
v 31198.91045 629.09931 79.77966
v 31239.77999 534.37437 47.96154
v 31234.38815 457.20634 61.28588
v 31291.60382 387.81351 69.13228
v 31390.32360 384.17470 59.10731
v 31489.47052 387.17936 69.51795
v 31514.29066 473.02658 44.62143
v 31575.25560 534.37437 -20.00000
v 31585.14806 630.78747 -20.00000
v 31480.41186 668.12075 -20.00000
v 31390.32360 737.51152 -20.00000
v 31279.30217 699.19844 -20.00000
v 31241.50030 608.02280 -20.00000
v 31155.25560 534.37437 -20.00000
v 31221.41739 450.78747 -20.00000
v 31270.41186 356.35161 -20.00000
v 31390.32360 377.51152 -20.00000
v 31489.30217 387.42930 -20.00000
v 31605.23097 428.02280 -20.00000
v 31563.44147 534.37437 -98.15248
v 31534.15262 605.55127 -94.97505
v 31502.24088 700.52844 -121.04807
v 31390.32360 664.47299 -88.52047
v 31296.44304 673.75085 -104.76304
v 31237.42483 610.03964 -99.70292
v 31199.27178 534.37437 -106.24860
v 31218.77241 449.47855 -109.42603
v 31320.15603 430.20255 -83.35301
v 31390.32360 352.32753 -115.88061
v 31478.52789 403.42496 -99.63804
v 31552.80503 453.96691 -104.69816
v 31513.68935 534.37437 -186.27569
v 31483.73598 580.60151 -165.38111
v 31438.42831 605.79135 -149.67366
v 31390.32360 628.83328 -168.53332
v 31342.36112 605.58019 -149.29026
v 31279.16411 589.38405 -193.00159
v 31302.16760 534.37437 -138.81903
v 31300.55278 489.94933 -159.71362
v 31332.66744 448.77717 -175.42106
v 31390.32360 447.52893 -156.56141
v 31448.12199 448.56601 -175.80447
v 31462.34731 498.73187 -132.09314
v 31391.48519 534.37437 -165.25492
v 31391.54652 534.97956 -196.58276
v 31390.89180 535.21793 -162.10545
v 31390.32360 535.64155 -204.86983
v 31389.61974 535.41932 -196.03239
v 31389.39420 534.83430 -154.19914
v 31388.84626 534.37437 -204.73857
v 31389.26115 533.84859 -173.41072
v 31389.57234 533.25904 -207.88803
v 31390.32360 533.37962 -165.12366
v 31390.93920 533.46043 -173.96110
v 31391.67957 533.70334 -215.79434
v 23383.82524 2387.53763 167.56995
v 23383.39424 2388.06663 134.35296
v 23383.06326 2388.63328 164.57227
v 23382.32526 2388.53476 125.47136
v 23381.70340 2388.46086 135.52702
v 23380.95964 2388.21344 177.18753
v 23381.18632 2387.53763 122.42354
v 23381.10886 2386.93567 155.64053
v 23381.74380 2386.67439 125.42122
v 23382.32526 2386.27283 164.52212
v 23383.02286 2386.50197 154.46647
v 23383.24501 2387.08247 112.80595
v 23491.45608 2387.53763 127.08947
v 23481.64440 2436.68785 134.57401
v 23423.09061 2448.05847 89.88927
v 23382.32526 2494.16534 147.66833
v 23330.76824 2464.07996 118.97991
v 23290.42786 2433.01505 123.02329
v 23279.93434 2387.53763 118.00526
v 23298.46119 2346.03568 110.52072
v 23317.32973 2291.04429 155.20546
v 23382.32526 2312.86098 97.42640
v 23436.52911 2307.06579 126.11482
v 23473.61106 2342.36287 122.07143
v 23534.15146 2387.53763 48.54055
v 23536.29731 2463.73403 60.26240
v 23483.71581 2538.06356 71.54368
v 23382.32526 2533.98084 57.12886
v 23283.40241 2534.39998 69.31564
v 23256.14417 2449.98108 45.77556
v 23169.98176 2387.53763 75.86053
v 23220.91711 2307.66131 64.13869
v 23301.63097 2267.73767 52.85741
v 23382.32526 2221.83539 67.27223
v 23465.48726 2264.07409 55.08545
v 23571.52437 2293.90835 78.62553
v 23620.95170 2387.53763 -20.00000
v 23552.83296 2471.91705 -20.00000
v 23499.39565 2561.34208 -20.00000
v 23382.32526 2547.66425 -20.00000
v 23284.34228 2533.00463 -20.00000
v 23164.10373 2495.52928 -20.00000
v 23200.95170 2387.53763 -20.00000
v 23189.10229 2291.91705 -20.00000
v 23289.39565 2249.57293 -20.00000
v 23382.32526 2187.66425 -20.00000
v 23494.34228 2221.23548 -20.00000
v 23527.83439 2315.52928 -20.00000
v 23569.01097 2387.53763 -104.27756
v 23554.43145 2472.70810 -109.71535
v 23452.31136 2491.44003 -83.18917
v 23382.32526 2570.40917 -116.31497
v 23292.96323 2520.20584 -100.68335
v 23224.99416 2465.39633 -102.01340
v 23204.84127 2387.53763 -100.12353
v 23239.05124 2316.63538 -94.68574
v 23270.22651 2221.11414 -121.21192
v 23382.32526 2258.26372 -88.08611
v 23475.04807 2249.87995 -103.71773
v 23540.37436 2309.32361 -102.38768
v 23471.28418 2387.53763 -139.90123
v 23470.91222 2431.37681 -157.87113
v 23441.52794 2475.43081 -179.58993
v 23382.32526 2472.29168 -153.27277
v 23324.72444 2473.05268 -175.27190
v 23308.93841 2423.85470 -134.21465
v 23259.76243 2387.53763 -185.19349
v 23287.72902 2340.72463 -167.22360
v 23335.76706 2318.41663 -145.50480
v 23382.32526 2290.98733 -171.82196
v 23430.48531 2316.03850 -149.82283
v 23492.12161 2333.20253 -190.88008
v 23383.82344 2387.53763 -207.34549
v 23383.39930 2388.06914 -175.08402
v 23383.05823 2388.62580 -203.31279
v 23382.32526 2388.55283 -168.10851
v 23381.71575 2388.44251 -172.43652
v 23380.94905 2388.21868 -218.71656
v 23381.18452 2387.53763 -162.64799
v 23381.11393 2386.93817 -194.90947
v 23381.73877 2386.66691 -166.68070
v 23382.32526 2386.29090 -201.88498
v 23383.03521 2386.48362 -197.55697
v 23383.23442 2387.08771 -151.27693
v 29043.76388 1328.70192 119.89402
v 29043.85157 1329.29894 154.19764
v 29043.24557 1329.59329 130.15989
v 29042.64517 1329.94355 161.14119
v 29041.94195 1329.74593 155.87375
v 29041.74232 1329.14871 110.36561
v 29041.12496 1328.70192 170.09947
v 29041.56620 1328.16797 135.79584
v 29041.92611 1327.63440 159.83360
v 29042.64517 1327.68161 128.85229
v 29043.26141 1327.78704 134.11974
v 29044.02769 1328.01775 179.62788
v 29147.70003 1328.70192 121.59578
v 29126.26309 1370.08206 110.13764
v 29107.54437 1425.05224 154.94580
v 29042.64517 1403.13081 97.03682
v 28989.08417 1408.21938 124.38192
v 28948.39505 1375.34363 126.68491
v 28936.17828 1328.70192 123.49895
v 28943.07989 1279.42988 134.95709
v 29001.78350 1268.03807 90.14893
v 29042.64517 1221.82646 148.05791
v 29094.84504 1251.20520 120.71281
v 29131.57825 1284.69145 118.40982
v 29253.10045 1328.70192 75.00812
v 29205.94231 1409.51304 65.12337
v 29120.87581 1444.84429 50.63301
v 29042.64517 1497.96788 69.14917
v 28959.10138 1452.73228 55.43016
v 28856.29074 1420.92344 77.14265
v 28888.93075 1328.70192 49.39297
v 28890.56210 1253.44032 59.27771
v 28938.79096 1174.51840 73.76807
v 29042.64517 1185.82243 55.25192
v 29141.18623 1182.40638 68.97092
v 29171.67095 1264.85072 47.25843
v 29221.03326 1328.70192 -20.00000
v 29234.03933 1423.41747 -20.00000
v 29138.65772 1471.24360 -20.00000
v 29042.64517 1524.91376 -20.00000
v 28929.77300 1496.27363 -20.00000
v 28899.72253 1399.43028 -20.00000
v 28801.03326 1328.70192 -20.00000
v 28870.30866 1243.41747 -20.00000
v 28928.65772 1159.47445 -20.00000
v 29042.64517 1164.91376 -20.00000
v 29139.77300 1184.50449 -20.00000
v 29263.45320 1219.43028 -20.00000
v 29224.58736 1328.70192 -102.13614
v 29185.65272 1399.47230 -94.54684
v 29154.50395 1494.76914 -120.99525
v 29042.64517 1457.68750 -87.93426
v 28951.11373 1464.59086 -102.64206
v 28879.45292 1409.46114 -105.06869
v 28860.41766 1328.70192 -102.26494
v 28870.27252 1243.39958 -109.85425
v 28972.41910 1224.44325 -83.40583
v 29042.64517 1145.54204 -116.46683
v 29133.19858 1194.26497 -101.75902
v 29194.83313 1253.38841 -99.33239
v 29164.06878 1328.70192 -183.65803
v 29138.36513 1376.07102 -168.97249
v 29087.78339 1395.71480 -141.67704
v 29042.64517 1427.22556 -174.92496
v 28994.19308 1400.63462 -150.61008
v 28934.57633 1382.18212 -188.19149
v 28952.54704 1328.70192 -141.43670
v 28955.18193 1285.41884 -156.12224
v 28982.02252 1238.70063 -183.41769
v 29042.64517 1245.92121 -150.16976
v 29099.95395 1243.62044 -174.48465
v 29117.75953 1291.52995 -136.90324
v 29043.76864 1328.70192 -160.48838
v 29043.84354 1329.29496 -193.03777
v 29043.25142 1329.60197 -171.62253
v 29042.64517 1329.92587 -198.56211
v 29041.93013 1329.76348 -198.83015
v 29041.75157 1329.14413 -149.02962
v 29041.12972 1328.70192 -209.50511
v 29041.55817 1328.16399 -176.95572
v 29041.93196 1327.64308 -198.37095
v 29042.64517 1327.66394 -171.43137
v 29043.24959 1327.80459 -171.16333
v 29044.03694 1328.01317 -220.96387
v -27276.73452 -8035.51734 172.12656
v -27277.18070 -8034.97782 137.42288
v -27277.57201 -8034.47972 154.79797
v -27278.27093 -8034.47165 132.55636
v -27278.88242 -8034.60953 132.93016
v -27279.66556 -8034.82718 181.37509
v -27279.37344 -8035.51734 117.86693
v -27279.46607 -8036.10878 152.57060
v -27278.89148 -8036.43861 135.19551
v -27278.27093 -8036.73358 157.43713
v -27277.56296 -8036.56842 157.06333
v -27277.38019 -8035.95815 108.61840
v -27174.48212 -8035.51734 119.88937
v -27178.61910 -7986.20248 135.09179
v -27237.07238 -7974.35335 91.05705
v -27278.27093 -7928.71884 147.93690
v -27331.12728 -7957.04602 122.48243
v -27364.29292 -7992.94750 113.87916
v -27386.00386 -8035.51734 125.20535
v -27361.80231 -8076.85465 110.00293
v -27342.83325 -8131.36753 154.03768
v -27278.27093 -8110.02319 97.15783
v -27225.36641 -8114.06019 122.61230
v -27181.10971 -8083.59968 131.21557
v -27122.10047 -8035.51734 50.50173
v -27127.96462 -7961.13501 58.35153
v -27172.20949 -7878.05694 75.76094
v -27278.27093 -7895.93751 53.51405
v -27376.28011 -7890.01145 68.49070
v -27410.71512 -7969.97447 49.04038
v -27486.27016 -8035.51734 73.89935
v -27443.34483 -8117.20774 66.04956
v -27354.29434 -8148.38283 48.64015
v -27278.27093 -8208.08296 70.88704
v -27194.19527 -8160.33734 55.91038
v -27095.33492 -8126.04719 75.36071
v -27034.30626 -8035.51734 -20.00000
v -27103.91490 -7949.23348 -20.00000
v -27167.54631 -7871.13391 -20.00000
v -27278.27093 -7867.74317 -20.00000
v -27374.70118 -7892.35556 -20.00000
v -27500.88602 -7925.35145 -20.00000
v -27454.30626 -8035.51734 -20.00000
v -27467.64557 -8129.23348 -20.00000
v -27377.54631 -8182.90306 -20.00000
v -27278.27093 -8227.74317 -20.00000
v -27164.70118 -8204.12471 -20.00000
v -27137.15535 -8105.35145 -20.00000
v -27100.50449 -8035.51734 -100.25104
v -27105.92569 -7950.22857 -109.83996
v -27207.38826 -7930.28386 -83.99867
v -27278.27093 -7852.61129 -116.33315
v -27370.02551 -7899.29712 -102.84353
v -27425.42588 -7962.69453 -96.70878
v -27464.67418 -8035.51734 -104.15004
v -27421.30590 -8106.30129 -94.56113
v -27389.47311 -8200.60975 -120.40241
v -27278.27093 -8164.75674 -88.06794
v -27187.94066 -8169.62302 -101.55755
v -27110.04567 -8118.76726 -107.69230
v -27186.72010 -8035.51734 -143.39469
v -27191.84879 -7992.74947 -154.50195
v -27216.38327 -7943.63799 -186.82773
v -27278.27093 -7954.55242 -147.31449
v -27335.19904 -7951.00103 -173.45847
v -27355.44260 -7997.32727 -140.10509
v -27398.24185 -8035.51734 -181.70004
v -27375.03199 -8083.40165 -170.59278
v -27322.14414 -8100.65217 -138.26700
v -27278.27093 -8135.85678 -177.78023
v -27229.43817 -8108.01520 -151.63625
v -27172.25940 -8087.97945 -184.98964
v -27276.74214 -8035.51734 -211.17418
v -27277.16986 -8034.97245 -178.98836
v -27277.57856 -8034.48943 -193.16143
v -27278.27093 -8034.45472 -175.02575
v -27278.87137 -8034.62593 -170.16702
v -27279.67329 -8034.82336 -222.49129
v -27279.38106 -8035.51734 -158.81930
v -27279.45523 -8036.10342 -191.00512
v -27278.89802 -8036.44832 -176.83206
v -27278.27093 -8036.71665 -194.96774
v -27277.55191 -8036.58482 -199.82646
v -27277.38792 -8035.95432 -147.50219
v -29960.25423 -8319.19484 116.38284
v -29960.16205 -8318.60949 150.79197
v -29960.70341 -8318.24252 140.42731
v -29961.34487 -8318.00569 153.48407
v -29962.05664 -8318.13813 158.01139
v -29962.22856 -8318.75752 107.59931
v -29962.89315 -8319.19484 173.61064
v -29962.44742 -8319.74046 139.20152
v -29962.02287 -8320.20141 149.56618
v -29961.34487 -8320.26763 136.50941
v -29960.73718 -8320.09702 131.98209
v -29959.94319 -8319.88849 182.39418
v -29850.97335 -8319.19484 128.76173
v -29877.73872 -8277.82052 110.11931
v -29897.35325 -8224.19191 152.49928
v -29961.34487 -8244.28886 97.78701
v -30013.59244 -8241.62731 120.84138
v -30061.30572 -8269.72704 135.57274
v -30062.49509 -8319.19484 116.33300
v -30060.92193 -8368.47270 134.97542
v -30003.11412 -8381.20609 92.59544
v -29961.34487 -8425.59322 147.30772
v -29907.83157 -8398.64148 124.25335
v -29878.12252 -8360.37922 109.52199
v -29756.32037 -8319.19484 72.55644
v -29794.64200 -8236.69831 66.89871
v -29887.22809 -8209.15995 46.91869
v -29961.34487 -8143.65967 72.45104
v -30046.09186 -8193.37819 56.51651
v -30140.35719 -8230.60671 73.31536
v -30120.49006 -8319.19484 51.84464
v -30110.02221 -8392.77104 57.50238
v -30069.31294 -8479.48584 77.48240
v -29961.34487 -8455.80512 51.95004
v -29864.00701 -8463.70408 67.88458
v -29824.97698 -8386.67944 51.08572
v -29786.98250 -8319.19484 -20.00000
v -29774.14007 -8226.55248 -20.00000
v -29858.69209 -8166.79498 -20.00000
v -29961.34487 -8131.19973 -20.00000
v -30075.44069 -8149.80647 -20.00000
v -30101.46901 -8249.85137 -20.00000
v -30206.98250 -8319.19484 -20.00000
v -30137.87074 -8406.55248 -20.00000
v -30068.69209 -8478.56412 -20.00000
v -29961.34487 -8491.19973 -20.00000
v -29865.44069 -8461.57562 -20.00000
v -29737.73834 -8429.85137 -20.00000
v -29770.56700 -8319.19484 -106.12493
v -29817.98918 -8248.25217 -94.72832
v -29851.20281 -8155.67628 -119.44526
v -29961.34487 -8189.16455 -88.48448
v -30050.48823 -8186.85127 -100.48591
v -30134.39229 -8233.55857 -110.20599
v -30134.73670 -8319.19484 -98.27616
v -30133.36938 -8404.32489 -109.67277
v -30033.28765 -8426.00217 -84.95583
v -29961.34487 -8501.31000 -115.91660
v -29868.40338 -8457.17716 -103.91517
v -29819.01208 -8389.63130 -94.19510
v -29843.11108 -8319.19484 -179.35871
v -29863.64619 -8270.84653 -172.05204
v -29918.55640 -8255.67042 -135.34293
v -29961.34487 -8217.23350 -180.33062
v -30010.63933 -8246.01154 -152.88082
v -30065.01049 -8267.89366 -181.33860
v -30054.63282 -8319.19484 -145.73602
v -30046.82939 -8361.49870 -153.04269
v -30024.31727 -8412.68460 -189.75180
v -29961.34487 -8398.53785 -144.76411
v -29904.87846 -8403.02572 -172.21391
v -29881.82729 -8358.54583 -143.75613
v -29960.24391 -8319.19484 -157.67417
v -29960.17548 -8318.61614 -188.85223
v -29960.69630 -8318.23196 -182.20500
v -29961.34487 -8318.02153 -191.17379
v -29962.06669 -8318.12321 -200.52596
v -29962.22251 -8318.76052 -146.72522
v -29962.88283 -8319.19484 -212.31932
v -29962.46086 -8319.74710 -181.14126
v -29962.01576 -8320.19085 -187.78849
v -29961.34487 -8320.28346 -178.81969
v -29960.74723 -8320.08210 -169.46753
v -29959.93714 -8319.89148 -223.26827
v 22250.22636 2126.71363 174.52202
v 22249.78646 2127.26575 141.09614
v 22249.32751 2127.68860 144.24292
v 22248.67079 2127.81468 140.63234
v 22248.06585 2127.61174 131.29451
v 22247.26724 2127.40821 182.66476
v 22247.58744 2126.71363 115.47146
v 22247.50109 2126.13478 148.89735
v 22248.00805 2125.72971 145.75057
v 22248.67079 2125.55275 149.36114
v 22249.38531 2125.65285 158.69897
v 22249.55261 2126.27725 107.32872
v 22347.27470 2126.71363 112.90101
v 22348.01324 2175.87540 134.61030
v 22291.23313 2189.90231 94.73333
v 22248.67079 2232.39673 146.18296
v 22194.51320 2207.11680 125.99012
v 22168.08056 2166.59545 105.42553
v 22135.75295 2126.71363 132.19372
v 22164.83004 2085.22322 110.48443
v 22185.47225 2032.88813 150.36140
v 22248.67079 2051.09238 98.91177
v 22300.27408 2050.10262 119.10460
v 22351.26376 2075.94328 139.66920
v 22411.24985 2126.71363 53.39483
v 22395.89955 2199.57297 56.74726
v 22358.20672 2289.33230 78.89799
v 22248.67079 2260.74390 50.59120
v 22152.13025 2270.03916 67.16469
v 22107.95243 2196.35116 53.35353
v 22047.08016 2126.71363 71.00625
v 22080.51935 2043.50025 67.65382
v 22176.12187 2019.00641 45.50310
v 22248.67079 1948.59845 73.80988
v 22334.21510 1999.71327 57.23639
v 22423.33264 2040.27843 71.04756
v 22495.26809 2126.71363 -20.00000
v 22427.47336 2215.19795 -20.00000
v 22352.59363 2280.99903 -20.00000
v 22248.67079 2303.10926 -20.00000
v 22153.11062 2268.58369 -20.00000
v 22024.90826 2237.44737 -20.00000
v 22075.26809 2126.71363 -20.00000
v 22063.74269 2035.19795 -20.00000
v 22142.59363 1969.22988 -20.00000
v 22248.67079 1943.10926 -20.00000
v 22363.11062 1956.81454 -20.00000
v 22388.63893 2057.44737 -20.00000
v 22417.86198 2126.71363 -96.37982
v 22420.08767 2211.54299 -109.35602
v 22322.05596 2235.66235 -86.25813
v 22248.67079 2307.51667 -115.22553
v 22154.58040 2266.40163 -104.95249
v 22110.85278 2194.91586 -91.84164
v 22053.69229 2126.71363 -108.02126
v 22104.70746 2055.47026 -95.04506
v 22139.97111 1965.33646 -118.14295
v 22248.67079 1995.37122 -89.17556
v 22336.66525 1996.07574 -99.44859
v 22426.23299 2038.84313 -112.55945
v 22343.94550 2126.71363 -148.41383
v 22333.33992 2168.61398 -151.77366
v 22312.52593 2221.51393 -192.13137
v 22248.67079 2204.66110 -142.56966
v 22192.73785 2209.75252 -170.77588
v 22166.56563 2167.34515 -147.78327
v 22132.42376 2126.71363 -176.68089
v 22150.15672 2077.96181 -173.32106
v 22206.76506 2064.49975 -132.96336
v 22248.67079 2023.35675 -182.52507
v 22298.49872 2052.73835 -154.31885
v 22349.74883 2076.69297 -177.31146
v 22250.21353 2126.71363 -212.91759
v 22249.80222 2127.27354 -183.37133
v 22249.31998 2127.67742 -182.35967
v 22248.67079 2127.82911 -182.73727
v 22248.07471 2127.59859 -169.07885
v 22247.26298 2127.41032 -223.27924
v 22247.57461 2126.71363 -157.07589
v 22247.51685 2126.14258 -186.62216
v 22248.00052 2125.71853 -187.63381
v 22248.67079 2125.56718 -187.25621
v 22249.39417 2125.63969 -200.91464
v 22249.54835 2126.27935 -146.71425
vt -22.142544 0.160129
vt -22.142764 0.156232
vt -22.143465 0.109802
vt -22.143984 0.170722
vt -22.144609 0.136236
vt -22.145220 0.158443
vt -22.145183 0.129865
vt -22.145049 0.133762
vt -22.144785 0.180191
vt -22.143984 0.119271
vt -22.143290 0.153757
vt -22.142935 0.131551
vt -22.057164 0.097019
vt -22.051533 0.123886
vt -22.089092 0.127972
vt -22.143984 0.122482
vt -22.201492 0.135020
vt -22.214881 0.090339
vt -22.268686 0.148076
vt -22.234716 0.121208
vt -22.194853 0.117123
vt -22.143984 0.122612
vt -22.095731 0.110074
vt -22.031698 0.154755
vt -21.945390 0.069654
vt -21.999049 0.055552
vt -22.036916 0.076670
vt -22.143984 0.049680
vt -22.231494 0.059010
vt -22.324989 0.074354
vt -22.309560 0.054747
vt -22.314429 0.068849
vt -22.219001 0.047731
vt -22.143984 0.074721
vt -22.049409 0.065391
vt -22.009609 0.050047
vt -21.916344 -0.020000
vt -21.948116 -0.020000
vt -22.061808 -0.020000
vt -22.143984 -0.020000
vt -22.243801 -0.020000
vt -22.339853 -0.020000
vt -22.336344 -0.020000
vt -22.311846 -0.020000
vt -22.271808 -0.020000
vt -22.143984 -0.020000
vt -22.033801 -0.020000
vt -21.976123 -0.020000
vt -21.993482 -0.087943
vt -21.986033 -0.102337
vt -22.048939 -0.105815
vt -22.143984 -0.101697
vt -22.243517 -0.109866
vt -22.265867 -0.083535
vt -22.357652 -0.116458
vt -22.301413 -0.102064
vt -22.231024 -0.098586
vt -22.143984 -0.102704
vt -22.061432 -0.094535
vt -21.950487 -0.120866
vt -22.028424 -0.175756
vt -22.059893 -0.150875
vt -22.081907 -0.187340
vt -22.143984 -0.141946
vt -22.194307 -0.155652
vt -22.249631 -0.184422
vt -22.239946 -0.149339
vt -22.243076 -0.174219
vt -22.187668 -0.137755
vt -22.143984 -0.183148
vt -22.088546 -0.169443
vt -22.066448 -0.140672
vt -22.142564 -0.197575
vt -22.142744 -0.199139
vt -22.143471 -0.148526
vt -22.143984 -0.210026
vt -22.144614 -0.177513
vt -22.145210 -0.196928
vt -22.145203 -0.172418
vt -22.145029 -0.170854
vt -22.144790 -0.221468
vt -22.143984 -0.159968
vt -22.143295 -0.192481
vt -22.142924 -0.173065
vt 30.531149 0.133647
vt 30.530977 0.132638
vt 30.530727 0.181737
vt 30.529920 0.117393
vt 30.529232 0.152084
vt 30.528835 0.136652
vt 30.528510 0.156347
vt 30.528692 0.157355
vt 30.529407 0.108257
vt 30.529920 0.172600
vt 30.530552 0.137909
vt 30.531121 0.153342
vt 30.654425 0.147811
vt 30.621791 0.122982
vt 30.579122 0.112632
vt 30.529920 0.126214
vt 30.481691 0.110010
vt 30.418333 0.153668
vt 30.442903 0.097284
vt 30.438608 0.122113
vt 30.473362 0.132463
vt 30.529920 0.118880
vt 30.587452 0.135084
vt 30.601516 0.091427
vt 30.691747 0.053055
vt 30.699374 0.068332
vt 30.606997 0.049591
vt 30.529920 0.073544
vt 30.434341 0.066297
vt 30.399229 0.048127
vt 30.327577 0.071346
vt 30.383993 0.056069
vt 30.424912 0.074810
vt 30.529920 0.050857
vt 30.616426 0.058104
vt 30.714609 0.076274
vt 30.727021 -0.020000
vt 30.696655 -0.020000
vt 30.658656 -0.020000
vt 30.529920 -0.020000
vt 30.420929 -0.020000
vt 30.356340 -0.020000
vt 30.307021 -0.020000
vt 30.332924 -0.020000
vt 30.448656 -0.020000
vt 30.529920 -0.020000
vt 30.630929 -0.020000
vt 30.720070 -0.020000
vt 30.743114 -0.116244
vt 30.689426 -0.103147
vt 30.614082 -0.095988
vt 30.529920 -0.104711
vt 30.447304 -0.094593
vt 30.337760 -0.120169
vt 30.378944 -0.088157
vt 30.374046 -0.101254
vt 30.431997 -0.108413
vt 30.529920 -0.099690
vt 30.629389 -0.109808
vt 30.653140 -0.084232
vt 30.623822 -0.146564
vt 30.628311 -0.173129
vt 30.574841 -0.141090
vt 30.529920 -0.181078
vt 30.473896 -0.171021
vt 30.454491 -0.137393
vt 30.412301 -0.178531
vt 30.445128 -0.151965
vt 30.469080 -0.184005
vt 30.529920 -0.144016
vt 30.579657 -0.154074
vt 30.637675 -0.187702
vt 30.531168 -0.176076
vt 30.530959 -0.169940
vt 30.530731 -0.222787
vt 30.529920 -0.158443
vt 30.529239 -0.190410
vt 30.528824 -0.178332
vt 30.528529 -0.193917
vt 30.528673 -0.200054
vt 30.529412 -0.147207
vt 30.529920 -0.211550
vt 30.530558 -0.179584
vt 30.531109 -0.191662
vt 29.592200 0.152338
vt 29.592056 0.158232
vt 29.591331 0.107447
vt 29.590822 0.173926
vt 29.590183 0.139724
vt 29.589658 0.148073
vt 29.589561 0.137656
vt 29.589770 0.131762
vt 29.590012 0.182546
vt 29.590822 0.116068
vt 29.591502 0.150269
vt 29.591943 0.141920
vt 29.678410 0.098054
vt 29.681000 0.120348
vt 29.648973 0.136755
vt 29.590822 0.115352
vt 29.533360 0.134898
vt 29.518127 0.093138
vt 29.466888 0.147041
vt 29.497817 0.124747
vt 29.543212 0.108340
vt 29.590822 0.129743
vt 29.639120 0.110197
vt 29.701310 0.151957
vt 29.796508 0.072855
vt 29.737975 0.056708
vt 29.693491 0.072698
vt 29.590822 0.052261
vt 29.505229 0.057280
vt 29.402990 0.077913
vt 29.432338 0.051546
vt 29.422595 0.067693
vt 29.511406 0.051703
vt 29.590822 0.072140
vt 29.687314 0.067121
vt 29.718370 0.046488
vt 29.808723 -0.020000
vt 29.788641 -0.020000
vt 29.671648 -0.020000
vt 29.590822 -0.020000
vt 29.488540 -0.020000
vt 29.406556 -0.020000
vt 29.388723 -0.020000
vt 29.424911 -0.020000
vt 29.461648 -0.020000
vt 29.590822 -0.020000
vt 29.698540 -0.020000
vt 29.770287 -0.020000
vt 29.742894 -0.088652
vt 29.744654 -0.100190
vt 29.691484 -0.110886
vt 29.590822 -0.097733
vt 29.491585 -0.109599
vt 29.465575 -0.085288
vt 29.378724 -0.115749
vt 29.429274 -0.104211
vt 29.509399 -0.093515
vt 29.590822 -0.106668
vt 29.673670 -0.094803
vt 29.780955 -0.119113
vt 29.710263 -0.180986
vt 29.676450 -0.153267
vt 29.650265 -0.180240
vt 29.590822 -0.146457
vt 29.541607 -0.152665
vt 29.481283 -0.190479
vt 29.498741 -0.144109
vt 29.493267 -0.171828
vt 29.544505 -0.144854
vt 29.590822 -0.178637
vt 29.647368 -0.172429
vt 29.664466 -0.134616
vt 29.592182 -0.190081
vt 29.592073 -0.200667
vt 29.591328 -0.146644
vt 29.590822 -0.212544
vt 29.590175 -0.181763
vt 29.589670 -0.186262
vt 29.589543 -0.179913
vt 29.589787 -0.169326
vt 29.590008 -0.223349
vt 29.590822 -0.157450
vt 29.591494 -0.188231
vt 29.591955 -0.183731
vt -31.573706 0.141812
vt -31.573953 0.131150
vt -31.574190 0.182605
vt -31.575000 0.115321
vt -31.575673 0.148349
vt -31.576158 0.147250
vt -31.576345 0.148182
vt -31.576239 0.158843
vt -31.575509 0.107389
vt -31.575000 0.174672
vt -31.574354 0.141645
vt -31.573873 0.142744
vt -31.452002 0.145780
vt -31.480889 0.126468
vt -31.528877 0.104332
vt -31.575000 0.133127
vt -31.623460 0.110631
vt -31.684011 0.149658
vt -31.663524 0.099315
vt -31.664073 0.118627
vt -31.634638 0.140763
vt -31.575000 0.111967
vt -31.517699 0.134464
vt -31.500828 0.095437
vt -31.419388 0.050250
vt -31.408211 0.066944
vt -31.493012 0.054025
vt -31.575000 0.070537
vt -31.672296 0.067847
vt -31.700008 0.045164
vt -31.783557 0.074151
vt -31.723591 0.057457
vt -31.675097 0.070376
vt -31.575000 0.053864
vt -31.490212 0.056554
vt -31.384628 0.079237
vt -31.367744 -0.020000
vt -31.409594 -0.020000
vt -31.445873 -0.020000
vt -31.575000 -0.020000
vt -31.681391 -0.020000
vt -31.760398 -0.020000
vt -31.787744 -0.020000
vt -31.773325 -0.020000
vt -31.655873 -0.020000
vt -31.575000 -0.020000
vt -31.471391 -0.020000
vt -31.396667 -0.020000
vt -31.364599 -0.114983
vt -31.411488 -0.105235
vt -31.496125 -0.091215
vt -31.575000 -0.108535
vt -31.658245 -0.095160
vt -31.762458 -0.117718
vt -31.728769 -0.089418
vt -31.726868 -0.099166
vt -31.678210 -0.113186
vt -31.575000 -0.095866
vt -31.476160 -0.109241
vt -31.447078 -0.086683
vt -31.484467 -0.142023
vt -31.478401 -0.170340
vt -31.527155 -0.148973
vt -31.575000 -0.175874
vt -31.631996 -0.173640
vt -31.647220 -0.132399
vt -31.695989 -0.183072
vt -31.661584 -0.154754
vt -31.632916 -0.176122
vt -31.575000 -0.149221
vt -31.526235 -0.151455
vt -31.464037 -0.192696
vt -31.573690 -0.183851
vt -31.573968 -0.169027
vt -31.574188 -0.223144
vt -31.575000 -0.157008
vt -31.575664 -0.185987
vt -31.576172 -0.189156
vt -31.576329 -0.186143
vt -31.576253 -0.200967
vt -31.575507 -0.146850
vt -31.575000 -0.212985
vt -31.574344 -0.184006
vt -31.573886 -0.180837
vt -30.766865 0.143962
vt -30.766935 0.159178
vt -30.767664 0.108083
vt -30.768176 0.174825
vt -30.768830 0.143632
vt -30.769267 0.137459
vt -30.769504 0.146031
vt -30.769221 0.130816
vt -30.768983 0.181911
vt -30.768176 0.115169
vt -30.767511 0.146361
vt -30.766981 0.152535
vt -30.678372 0.101040
vt -30.680159 0.116985
vt -30.707187 0.144407
vt -30.768176 0.108795
vt -30.825228 0.133791
vt -30.844175 0.098279
vt -30.889894 0.144055
vt -30.863342 0.128110
vt -30.812947 0.100688
vt -30.768176 0.136300
vt -30.719467 0.111304
vt -30.660991 0.146816
vt -30.557278 0.075208
vt -30.617965 0.058302
vt -30.670833 0.067890
vt -30.768176 0.055634
vt -30.852286 0.055941
vt -30.960434 0.080220
vt -30.921447 0.049193
vt -30.933345 0.066099
vt -30.852917 0.056511
vt -30.768176 0.068767
vt -30.670201 0.068460
vt -30.645054 0.044181
vt -30.560643 -0.020000
vt -30.569676 -0.020000
vt -30.686774 -0.020000
vt -30.768176 -0.020000
vt -30.873140 -0.020000
vt -30.940647 -0.020000
vt -30.980643 -0.020000
vt -30.933407 -0.020000
vt -30.896774 -0.020000
vt -30.768176 -0.020000
vt -30.663140 -0.020000
vt -30.576916 -0.020000
vt -30.612143 -0.090440
vt -30.618155 -0.098203
vt -30.662663 -0.115266
vt -30.768176 -0.094125
vt -30.866464 -0.108742
vt -30.899370 -0.088389
vt -30.976313 -0.113962
vt -30.933536 -0.106198
vt -30.844748 -0.089135
vt -30.768176 -0.110276
vt -30.684379 -0.095659
vt -30.583990 -0.116012
vt -30.645944 -0.184747
vt -30.680536 -0.156398
vt -30.711889 -0.171731
vt -30.768176 -0.152250
vt -30.816575 -0.150466
vt -30.880176 -0.194310
vt -30.857466 -0.140347
vt -30.863719 -0.168697
vt -30.817650 -0.153363
vt -30.768176 -0.172844
vt -30.710814 -0.174629
vt -30.696993 -0.130785
vt -30.766879 -0.182181
vt -30.766923 -0.200947
vt -30.767665 -0.147818
vt -30.768176 -0.212867
vt -30.768841 -0.186270
vt -30.769253 -0.175496
vt -30.769518 -0.187812
vt -30.769208 -0.169047
vt -30.768984 -0.222175
vt -30.768176 -0.157126
vt -30.767521 -0.183723
vt -30.766968 -0.194498
vt 31.873850 0.150230
vt 31.873532 0.130765
vt 31.873290 0.180477
vt 31.872488 0.115613
vt 31.871831 0.144346
vt 31.871258 0.157668
vt 31.871211 0.139763
vt 31.871247 0.159228
vt 31.871970 0.109516
vt 31.872488 0.174380
vt 31.873151 0.145647
vt 31.873543 0.132325
vt 31.992607 0.141899
vt 31.968638 0.129641
vt 31.916070 0.097482
vt 31.872488 0.139197
vt 31.823446 0.112201
vt 31.767442 0.143488
vt 31.781085 0.103196
vt 31.785455 0.115454
vt 31.810309 0.147613
vt 31.872488 0.105897
vt 31.929207 0.132894
vt 31.950625 0.101607
vt 32.023995 0.048396
vt 32.035888 0.065177
vt 31.960109 0.059111
vt 31.872488 0.066866
vt 31.773973 0.068948
vt 31.750561 0.043558
vt 31.659826 0.076005
vt 31.720508 0.059224
vt 31.778024 0.065290
vt 31.872488 0.057535
vt 31.956058 0.055454
vt 32.065941 0.080843
vt 32.090118 -0.020000
vt 32.037877 -0.020000
vt 32.000085 -0.020000
vt 31.872488 -0.020000
vt 31.768808 -0.020000
vt 31.675554 -0.020000
vt 31.670118 -0.020000
vt 31.674146 -0.020000
vt 31.790085 -0.020000
vt 31.872488 -0.020000
vt 31.978808 -0.020000
vt 32.039285 -0.020000
vt 32.077840 -0.112704
vt 32.039542 -0.107082
vt 31.947046 -0.087317
vt 31.872488 -0.111855
vt 31.787994 -0.096289
vt 31.692105 -0.114030
vt 31.713671 -0.091697
vt 31.724162 -0.097320
vt 31.764961 -0.117084
vt 31.872488 -0.092546
vt 31.970079 -0.108112
vt 32.007485 -0.090371
vt 31.960865 -0.139116
vt 31.966896 -0.166930
vt 31.923659 -0.157938
vt 31.872488 -0.169608
vt 31.814849 -0.175376
vt 31.801934 -0.129807
vt 31.749343 -0.185978
vt 31.783713 -0.158164
vt 31.817898 -0.167157
vt 31.872488 -0.155486
vt 31.920610 -0.149719
vt 31.985117 -0.195288
vt 31.873862 -0.191717
vt 31.873523 -0.169386
vt 31.873290 -0.220462
vt 31.872488 -0.157803
vt 31.871843 -0.181485
vt 31.871244 -0.199649
vt 31.871223 -0.178276
vt 31.871238 -0.200607
vt 31.871970 -0.149531
vt 31.872488 -0.212191
vt 31.873162 -0.188508
vt 31.873530 -0.170344
vt -32.216233 0.135669
vt -32.216238 0.158994
vt -32.216951 0.111659
vt -32.217477 0.173348
vt -32.218148 0.147649
vt -32.218499 0.127445
vt -32.218872 0.154324
vt -32.218523 0.130999
vt -32.218270 0.178334
vt -32.217477 0.116646
vt -32.216828 0.142344
vt -32.216213 0.162549
vt -32.124187 0.105739
vt -32.131336 0.114064
vt -32.154295 0.150317
vt -32.217477 0.103333
vt -32.273786 0.131789
vt -32.298021 0.105354
vt -32.335709 0.139355
vt -32.314520 0.131030
vt -32.260056 0.094778
vt -32.217477 0.141762
vt -32.168025 0.113306
vt -32.114838 0.139741
vt -32.003662 0.076525
vt -32.063613 0.060206
vt -32.125962 0.062628
vt -32.217477 0.059530
vt -32.300657 0.055101
vt -32.411408 0.081092
vt -32.367832 0.047876
vt -32.378994 0.064195
vt -32.308046 0.061773
vt -32.217477 0.064871
vt -32.118572 0.069300
vt -32.096028 0.043309
vt -32.020116 -0.020000
vt -32.019623 -0.020000
vt -32.133620 -0.020000
vt -32.217477 -0.020000
vt -32.325126 -0.020000
vt -32.378902 -0.020000
vt -32.440116 -0.020000
vt -32.383353 -0.020000
vt -32.343620 -0.020000
vt -32.217477 -0.020000
vt -32.115126 -0.020000
vt -32.015171 -0.020000
vt -32.055409 -0.093164
vt -32.070658 -0.096534
vt -32.108266 -0.118605
vt -32.217477 -0.091161
vt -32.314239 -0.107364
vt -32.356730 -0.092590
vt -32.419579 -0.111237
vt -32.386038 -0.107867
vt -32.290351 -0.085796
vt -32.217477 -0.113240
vt -32.132154 -0.097037
vt -32.041350 -0.111811
vt -32.093767 -0.186740
vt -32.127511 -0.160019
vt -32.164618 -0.162491
vt -32.217477 -0.158864
vt -32.265417 -0.149229
vt -32.330313 -0.195611
vt -32.305289 -0.138355
vt -32.310694 -0.165076
vt -32.270379 -0.162604
vt -32.217477 -0.166231
vt -32.159656 -0.175866
vt -32.147130 -0.129484
vt -32.216242 -0.174506
vt -32.216231 -0.199956
vt -32.216950 -0.151954
vt -32.217477 -0.210970
vt -32.218160 -0.190676
vt -32.218485 -0.165486
vt -32.218881 -0.195487
vt -32.218517 -0.170038
vt -32.218269 -0.218040
vt -32.217477 -0.159023
vt -32.216840 -0.179317
vt -32.216200 -0.204508
vt -26.971630 0.158232
vt -26.972006 0.131514
vt -26.972274 0.175524
vt -26.973056 0.118246
vt -26.973697 0.140395
vt -26.974351 0.167078
vt -26.974269 0.131761
vt -26.974292 0.158480
vt -26.973593 0.114470
vt -26.973056 0.171748
vt -26.972378 0.149598
vt -26.972066 0.122916
vt -26.856961 0.136476
vt -26.875230 0.132250
vt -26.931274 0.092629
vt -26.973056 0.143941
vt -27.022986 0.114595
vt -27.073066 0.135650
vt -27.068483 0.108619
vt -27.058413 0.112845
vt -27.037035 0.152465
vt -26.973056 0.101153
vt -26.917225 0.130499
vt -26.889883 0.109444
vt -26.823218 0.047643
vt -26.813500 0.063173
vt -26.879529 0.064443
vt -26.973056 0.062823
vt -27.072194 0.069510
vt -27.094752 0.043438
vt -27.187388 0.076758
vt -27.128880 0.061228
vt -27.061614 0.059958
vt -26.973056 0.061578
vt -26.890110 0.054891
vt -26.779372 0.080963
vt -26.745660 -0.020000
vt -26.806372 -0.020000
vt -26.848790 -0.020000
vt -26.973056 -0.020000
vt -27.074131 -0.020000
vt -27.180325 -0.020000
vt -27.165660 -0.020000
vt -27.170103 -0.020000
vt -27.058790 -0.020000
vt -26.973056 -0.020000
vt -26.864131 -0.020000
vt -26.816595 -0.020000
vt -26.774606 -0.109588
vt -26.803206 -0.108539
vt -26.901502 -0.084604
vt -26.973056 -0.114405
vt -27.059322 -0.097888
vt -27.144558 -0.109400
vt -27.138776 -0.094813
vt -27.118586 -0.095862
vt -27.083587 -0.119797
vt -26.973056 -0.089996
vt -26.877237 -0.106513
vt -26.829177 -0.095001
vt -26.885450 -0.138077
vt -26.881063 -0.163171
vt -26.918424 -0.167269
vt -26.973056 -0.162780
vt -27.030960 -0.176090
vt -27.043621 -0.129823
vt -27.096972 -0.187018
vt -27.064246 -0.161923
vt -27.024184 -0.157825
vt -26.973056 -0.162314
vt -26.925199 -0.149005
vt -26.860438 -0.195272
vt -26.971624 -0.199048
vt -26.972010 -0.170989
vt -26.972276 -0.214956
vt -26.973056 -0.160764
vt -26.973685 -0.177263
vt -26.974365 -0.208975
vt -26.974263 -0.170946
vt -26.974295 -0.199004
vt -26.973596 -0.155038
vt -26.973056 -0.209230
vt -26.972365 -0.192730
vt -26.972079 -0.161018
vt -28.876738 0.128119
vt -28.876692 0.157696
vt -28.877371 0.117892
vt -28.877922 0.169612
vt -28.878608 0.151455
vt -28.878884 0.118829
vt -28.879377 0.161875
vt -28.878977 0.132298
vt -28.878690 0.172102
vt -28.877922 0.120381
vt -28.877288 0.138539
vt -28.876598 0.171165
vt -28.780152 0.111778
vt -28.793223 0.111820
vt -28.813368 0.154015
vt -28.877922 0.099402
vt -28.933215 0.129051
vt -28.963892 0.113798
vt -28.991673 0.133317
vt -28.976406 0.133275
vt -28.919129 0.091080
vt -28.877922 0.145693
vt -28.827454 0.116044
vt -28.780709 0.131297
vt -28.663718 0.076700
vt -28.720100 0.062269
vt -28.792272 0.057332
vt -28.877922 0.063639
vt -28.960797 0.054827
vt -29.070639 0.080459
vt -29.027888 0.047701
vt -29.035481 0.062132
vt -28.974356 0.067069
vt -28.877922 0.060762
vt -28.778713 0.069575
vt -28.755259 0.043942
vt -28.689726 -0.020000
vt -28.681986 -0.020000
vt -28.789925 -0.020000
vt -28.877922 -0.020000
vt -28.988045 -0.020000
vt -29.029929 -0.020000
vt -29.109726 -0.020000
vt -29.045717 -0.020000
vt -28.999925 -0.020000
vt -28.877922 -0.020000
vt -28.778045 -0.020000
vt -28.666198 -0.020000
vt -28.708223 -0.096609
vt -28.733437 -0.095317
vt -28.766460 -0.120637
vt -28.877922 -0.089076
vt -28.972703 -0.105575
vt -29.026702 -0.097556
vt -29.072393 -0.107792
vt -29.048818 -0.109084
vt -28.948545 -0.083764
vt -28.877922 -0.115326
vt -28.790618 -0.098826
vt -28.711322 -0.106845
vt -28.754163 -0.186806
vt -28.785500 -0.163841
vt -28.828489 -0.153254
vt -28.877922 -0.165770
vt -28.925797 -0.149053
vt -28.989902 -0.194278
vt -28.965685 -0.138289
vt -28.968683 -0.161254
vt -28.934250 -0.171840
vt -28.877922 -0.159325
vt -28.820036 -0.176042
vt -28.806719 -0.130817
vt -28.876741 -0.167667
vt -28.876691 -0.197773
vt -28.877368 -0.158722
vt -28.877922 -0.207005
vt -28.878620 -0.194630
vt -28.878871 -0.157030
vt -28.879380 -0.202327
vt -28.878976 -0.172221
vt -28.878687 -0.211272
vt -28.877922 -0.162989
vt -28.877301 -0.175364
vt -28.876586 -0.212963
vt -32.664419 0.165180
vt -32.664838 0.133336
vt -32.665148 0.168138
vt -32.665900 0.123009
vt -32.666527 0.136811
vt -32.667249 0.174728
vt -32.667058 0.124814
vt -32.667124 0.156657
vt -32.666467 0.121856
vt -32.665900 0.166984
vt -32.665208 0.153182
vt -32.664963 0.115266
vt -32.554652 0.129943
vt -32.566895 0.134085
vt -32.625034 0.090160
vt -32.665900 0.146981
vt -32.716954 0.117623
vt -32.760204 0.126769
vt -32.766174 0.115152
vt -32.750078 0.111010
vt -32.730795 0.154935
vt -32.665900 0.098114
vt -32.611193 0.127472
vt -32.577021 0.118326
vt -32.515164 0.048049
vt -32.510337 0.061092
vt -32.566666 0.069597
vt -32.665900 0.058730
vt -32.765017 0.069491
vt -32.790232 0.044812
vt -32.879333 0.076352
vt -32.825717 0.063309
vt -32.748751 0.054805
vt -32.665900 0.065671
vt -32.582932 0.054910
vt -32.474852 0.079589
vt -32.430124 -0.020000
vt -32.496712 -0.020000
vt -32.546500 -0.020000
vt -32.665900 -0.020000
vt -32.764682 -0.020000
vt -32.881482 -0.020000
vt -32.850124 -0.020000
vt -32.860443 -0.020000
vt -32.756500 -0.020000
vt -32.665900 -0.020000
vt -32.554682 -0.020000
vt -32.517751 -0.020000
vt -32.475656 -0.105884
vt -32.494223 -0.109492
vt -32.595799 -0.083293
vt -32.665900 -0.115983
vt -32.754318 -0.099831
vt -32.827420 -0.104197
vt -32.839826 -0.098517
vt -32.809604 -0.094910
vt -32.777884 -0.121108
vt -32.665900 -0.088418
vt -32.572233 -0.104570
vt -32.512040 -0.100204
vt -32.577620 -0.138986
vt -32.576355 -0.159363
vt -32.607946 -0.176225
vt -32.665900 -0.155934
vt -32.723669 -0.175725
vt -32.738150 -0.132446
vt -32.789142 -0.186108
vt -32.759538 -0.165732
vt -32.713707 -0.148870
vt -32.665900 -0.169161
vt -32.617908 -0.149370
vt -32.554967 -0.192649
vt -32.664419 -0.205259
vt -32.664836 -0.173708
vt -32.665152 -0.207062
vt -32.665900 -0.165655
vt -32.666515 -0.173657
vt -32.667260 -0.216391
vt -32.667058 -0.164734
vt -32.667121 -0.196286
vt -32.666472 -0.162931
vt -32.665900 -0.204339
vt -32.665195 -0.196336
vt -32.664975 -0.153602
vt -26.406979 0.121913
vt -26.406900 0.155385
vt -26.407529 0.126283
vt -26.408114 0.163916
vt -26.408813 0.154746
vt -26.409031 0.112298
vt -26.409618 0.168080
vt -26.409185 0.134608
vt -26.408849 0.163711
vt -26.408114 0.126078
vt -26.407494 0.135248
vt -26.406745 0.177696
vt -26.305227 0.118674
vt -26.324308 0.110430
vt -26.343118 0.155207
vt -26.408114 0.097315
vt -26.462199 0.125794
vt -26.499957 0.122939
vt -26.516749 0.126421
vt -26.507492 0.134664
vt -26.448879 0.089888
vt -26.408114 0.147780
vt -26.356438 0.119300
vt -26.316774 0.122156
vt -26.196080 0.075721
vt -26.246345 0.064327
vt -26.327899 0.052425
vt -26.408114 0.067633
vt -26.491336 0.055139
vt -26.596826 0.078372
vt -26.560249 0.048680
vt -26.561725 0.060074
vt -26.509984 0.071976
vt -26.408114 0.056768
vt -26.309251 0.069262
vt -26.281446 0.046029
vt -26.227346 -0.020000
vt -26.215218 -0.020000
vt -26.314623 -0.020000
vt -26.408114 -0.020000
vt -26.520303 -0.020000
vt -26.553081 -0.020000
vt -26.647346 -0.020000
vt -26.578949 -0.020000
vt -26.524623 -0.020000
vt -26.408114 -0.020000
vt -26.310303 -0.020000
vt -26.189350 -0.020000
vt -26.229799 -0.100499
vt -26.264912 -0.094648
vt -26.296028 -0.121200
vt -26.408114 -0.088036
vt -26.500616 -0.103518
vt -26.567132 -0.102892
vt -26.593968 -0.103902
vt -26.580293 -0.109753
vt -26.478113 -0.083201
vt -26.408114 -0.116365
vt -26.318531 -0.100883
vt -26.251751 -0.101509
vt -26.285740 -0.184939
vt -26.313302 -0.167560
vt -26.361833 -0.144759
vt -26.408114 -0.172420
vt -26.456322 -0.149951
vt -26.517613 -0.190418
vt -26.497262 -0.140155
vt -26.496485 -0.157535
vt -26.467594 -0.180336
vt -26.408114 -0.152675
vt -26.350561 -0.175143
vt -26.334430 -0.134677
vt -26.406977 -0.162207
vt -26.406905 -0.194572
vt -26.407524 -0.167582
vt -26.408114 -0.201286
vt -26.408825 -0.197816
vt -26.409020 -0.150803
vt -26.409616 -0.207786
vt -26.409191 -0.175421
vt -26.408844 -0.202411
vt -26.408114 -0.168708
vt -26.407506 -0.172178
vt -26.406735 -0.219191
vt 26.999752 0.170519
vt 26.999309 0.136088
vt 26.998943 0.158909
vt 26.998228 0.129524
vt 26.997613 0.133879
vt 26.996843 0.180010
vt 26.997113 0.119474
vt 26.997024 0.153906
vt 26.997624 0.131085
vt 26.998228 0.160469
vt 26.998932 0.156114
vt 26.999128 0.109984
vt 27.104192 0.122821
vt 27.097822 0.135001
vt 27.039135 0.090270
vt 26.998228 0.148074
vt 26.945906 0.121043
vt 26.909847 0.117551
vt 26.892670 0.122273
vt 26.914639 0.110093
vt 26.933374 0.154825
vt 26.998228 0.097021
vt 27.051667 0.124052
vt 27.093030 0.127544
vt 27.152361 0.049582
vt 27.149968 0.059099
vt 27.102517 0.074161
vt 26.998228 0.054914
vt 26.899776 0.068891
vt 26.868603 0.047571
vt 26.788191 0.074819
vt 26.834588 0.065302
vt 26.920432 0.050240
vt 26.998228 0.069487
vt 27.081860 0.055510
vt 27.183983 0.076830
vt 27.240331 -0.020000
vt 27.170930 -0.020000
vt 27.111615 -0.020000
vt 26.998228 -0.020000
vt 26.901243 -0.020000
vt 26.777020 -0.020000
vt 26.820331 -0.020000
vt 26.807199 -0.020000
vt 26.901615 -0.020000
vt 26.998228 -0.020000
vt 27.111243 -0.020000
vt 27.140751 -0.020000
vt 27.179616 -0.101886
vt 27.170618 -0.109863
vt 27.068546 -0.083489
vt 26.998228 -0.116464
vt 26.907449 -0.101962
vt 26.846995 -0.098834
vt 26.815447 -0.102515
vt 26.855238 -0.094538
vt 26.886461 -0.120912
vt 26.998228 -0.087938
vt 27.089534 -0.102439
vt 27.162376 -0.105567
vt 27.088575 -0.141773
vt 27.085489 -0.155808
vt 27.059100 -0.184091
vt 26.998228 -0.149614
vt 26.940984 -0.174310
vt 26.922752 -0.137466
vt 26.877054 -0.183322
vt 26.902306 -0.169287
vt 26.953340 -0.141004
vt 26.998228 -0.175481
vt 27.046745 -0.150785
vt 27.105935 -0.187628
vt 26.999746 -0.209857
vt 26.999318 -0.177326
vt 26.998937 -0.197411
vt 26.998228 -0.172087
vt 26.997624 -0.170955
vt 26.996834 -0.221306
vt 26.997107 -0.160137
vt 26.997032 -0.192668
vt 26.997618 -0.172582
vt 26.998228 -0.197907
vt 26.998944 -0.199039
vt 26.999119 -0.148687
vt -22.956483 0.117546
vt -22.956390 0.152248
vt -22.956958 0.136165
vt -22.957583 0.156712
vt -22.958291 0.157260
vt -22.958472 0.108371
vt -22.959122 0.172447
vt -22.958675 0.137746
vt -22.958278 0.153829
vt -22.957583 0.133281
vt -22.956972 0.132733
vt -22.956186 0.181622
vt -22.849350 0.125879
vt -22.874050 0.110006
vt -22.893110 0.153796
vt -22.957583 0.097237
vt -23.010364 0.122279
vt -23.055279 0.132049
vt -23.060872 0.119216
vt -23.057233 0.135089
vt -22.998871 0.091298
vt -22.957583 0.147857
vt -22.904603 0.122816
vt -22.872096 0.113046
vt -22.750103 0.073665
vt -22.792191 0.066215
vt -22.881941 0.048296
vt -22.957583 0.071195
vt -23.041774 0.056015
vt -23.139819 0.074996
vt -23.114273 0.050736
vt -23.107571 0.058186
vt -23.064026 0.076106
vt -22.957583 0.053206
vt -22.859689 0.068386
vt -22.824439 0.049405
vt -22.781914 -0.020000
vt -22.768605 -0.020000
vt -22.857681 -0.020000
vt -22.957583 -0.020000
vt -23.071264 -0.020000
vt -23.098449 -0.020000
vt -23.201914 -0.020000
vt -23.132335 -0.020000
vt -23.067681 -0.020000
vt -22.957583 -0.020000
vt -22.861264 -0.020000
vt -22.734719 -0.020000
vt -22.770350 -0.104525
vt -22.814510 -0.094581
vt -22.846549 -0.120250
vt -22.957583 -0.088125
vt -23.047688 -0.101355
vt -23.126731 -0.108174
vt -23.134519 -0.099876
vt -23.129890 -0.109820
vt -23.028634 -0.084151
vt -22.957583 -0.116276
vt -22.865604 -0.103046
vt -22.811351 -0.096227
vt -22.837917 -0.181289
vt -22.860637 -0.170880
vt -22.913927 -0.137680
vt -22.957583 -0.178283
vt -23.006496 -0.151854
vt -23.063175 -0.184337
vt -23.049439 -0.143806
vt -23.043820 -0.154215
vt -23.019688 -0.187415
vt -22.957583 -0.146811
vt -22.900735 -0.173241
vt -22.879992 -0.140758
vt -22.956475 -0.158564
vt -22.956401 -0.190609
vt -22.956952 -0.177830
vt -22.957583 -0.194269
vt -22.958302 -0.199981
vt -22.958464 -0.147299
vt -22.959113 -0.211430
vt -22.958686 -0.179384
vt -22.958271 -0.192163
vt -22.957583 -0.175724
vt -22.956983 -0.170013
vt -22.956179 -0.222695
vt 28.191617 0.173826
vt 28.191172 0.139549
vt 28.190741 0.148572
vt 28.190067 0.137272
vt 28.189459 0.131833
vt 28.188664 0.182502
vt 28.188978 0.116168
vt 28.188886 0.150444
vt 28.189421 0.141422
vt 28.190067 0.152721
vt 28.190779 0.158161
vt 28.190950 0.107491
vt 28.290731 0.115678
vt 28.289612 0.134926
vt 28.231968 0.092952
vt 28.190067 0.147134
vt 28.136431 0.124583
vt 28.107352 0.108731
vt 28.079209 0.129417
vt 28.106429 0.110169
vt 28.126207 0.152143
vt 28.190067 0.097961
vt 28.242192 0.120512
vt 28.290535 0.136363
vt 28.349823 0.052120
vt 28.338458 0.057353
vt 28.298356 0.077772
vt 28.190067 0.051679
vt 28.092869 0.067758
vt 28.052913 0.051495
vt 27.985653 0.072281
vt 28.023077 0.067048
vt 28.116271 0.046629
vt 28.190067 0.072722
vt 28.274954 0.056643
vt 28.368293 0.072906
vt 28.435939 -0.020000
vt 28.367013 -0.020000
vt 28.296773 -0.020000
vt 28.190067 -0.020000
vt 28.094241 -0.020000
vt 27.966367 -0.020000
vt 28.015939 -0.020000
vt 28.003282 -0.020000
vt 28.086773 -0.020000
vt 28.190067 -0.020000
vt 28.304241 -0.020000
vt 28.330097 -0.020000
vt 28.362655 -0.097913
vt 28.361999 -0.109625
vt 28.262252 -0.085174
vt 28.190067 -0.115808
vt 28.096906 -0.104113
vt 28.048607 -0.093740
vt 27.998485 -0.106488
vt 28.046619 -0.094776
vt 28.080167 -0.119227
vt 28.190067 -0.088594
vt 28.278991 -0.100288
vt 28.363987 -0.110661
vt 28.283709 -0.146214
vt 28.275388 -0.152789
vt 28.253221 -0.190241
vt 28.190067 -0.144324
vt 28.133695 -0.171958
vt 28.110081 -0.144485
vt 28.072188 -0.178881
vt 28.092205 -0.172305
vt 28.147460 -0.134854
vt 28.190067 -0.180771
vt 28.239456 -0.153137
vt 28.293264 -0.180610
vt 28.191606 -0.212474
vt 28.191185 -0.181555
vt 28.190733 -0.186771
vt 28.190067 -0.179547
vt 28.189469 -0.169371
vt 28.188658 -0.223329
vt 28.188967 -0.157520
vt 28.188900 -0.188439
vt 28.189414 -0.183222
vt 28.190067 -0.190446
vt 28.190789 -0.200623
vt 28.190944 -0.146665
vt 25.970693 0.115366
vt 25.970778 0.148532
vt 25.970277 0.146750
vt 25.969611 0.148576
vt 25.968896 0.158798
vt 25.968729 0.107362
vt 25.968054 0.174627
vt 25.968492 0.141461
vt 25.968958 0.143243
vt 25.969611 0.141418
vt 25.970215 0.131196
vt 25.971014 0.182631
vt 26.082992 0.132818
vt 26.053513 0.110580
vt 26.032637 0.149897
vt 25.969611 0.099176
vt 25.918126 0.118786
vt 25.866547 0.140402
vt 25.871470 0.112277
vt 25.870330 0.134515
vt 25.926876 0.095198
vt 25.969611 0.145919
vt 26.023887 0.126309
vt 26.049730 0.104693
vt 26.170512 0.070695
vt 26.138011 0.067784
vt 26.041906 0.045274
vt 25.969611 0.074040
vt 25.883904 0.057383
vt 25.795805 0.070601
vt 25.806342 0.053706
vt 25.822631 0.056617
vt 25.859821 0.079127
vt 25.969611 0.050361
vt 26.065989 0.067018
vt 26.111185 0.053800
vt 26.142915 -0.020000
vt 26.154104 -0.020000
vt 26.076330 -0.020000
vt 25.969611 -0.020000
vt 25.855127 -0.020000
vt 25.829578 -0.020000
vt 25.722915 -0.020000
vt 25.790373 -0.020000
vt 25.866330 -0.020000
vt 25.969611 -0.020000
vt 26.065127 -0.020000
vt 26.193309 -0.020000
vt 26.165351 -0.108365
vt 26.113719 -0.095121
vt 26.077999 -0.117862
vt 25.969611 -0.089335
vt 25.881826 -0.099260
vt 25.791243 -0.112979
vt 25.801181 -0.096036
vt 25.798339 -0.109280
vt 25.895915 -0.086539
vt 25.969611 -0.115066
vt 26.063910 -0.105142
vt 26.106624 -0.091422
vt 26.085460 -0.176145
vt 26.068263 -0.173536
vt 26.011375 -0.132582
vt 25.969611 -0.182893
vt 25.919676 -0.154608
vt 25.869041 -0.176521
vt 25.873939 -0.148949
vt 25.885079 -0.151559
vt 25.905614 -0.192513
vt 25.969611 -0.142201
vt 26.025436 -0.170487
vt 26.052224 -0.148574
vt 25.970706 -0.157026
vt 25.970762 -0.186199
vt 25.970285 -0.188649
vt 25.969611 -0.186514
vt 25.968887 -0.200952
vt 25.968733 -0.146798
vt 25.968068 -0.212968
vt 25.968476 -0.183795
vt 25.968966 -0.181344
vt 25.969611 -0.183479
vt 25.970207 -0.169041
vt 25.971018 -0.223196
vt -29.880100 0.174836
vt -29.880526 0.143444
vt -29.881026 0.137950
vt -29.881658 0.145635
vt -29.882261 0.130835
vt -29.883057 0.182007
vt -29.882739 0.115157
vt -29.882811 0.146549
vt -29.882346 0.152044
vt -29.881658 0.144358
vt -29.880942 0.159159
vt -29.880772 0.107986
vt -29.785888 0.109082
vt -29.782795 0.133864
vt -29.837887 0.097991
vt -29.881658 0.144235
vt -29.936546 0.127960
vt -29.959412 0.101012
vt -29.997410 0.136013
vt -29.965978 0.111231
vt -29.943648 0.147104
vt -29.881658 0.100859
vt -29.830786 0.117134
vt -29.776229 0.144083
vt -29.714500 0.055462
vt -29.735875 0.055993
vt -29.770743 0.080143
vt -29.881658 0.049281
vt -29.977110 0.066182
vt -30.027976 0.056273
vt -30.078670 0.068939
vt -30.051256 0.068408
vt -29.952828 0.044258
vt -29.881658 0.075120
vt -29.795025 0.058219
vt -29.712596 0.068128
vt -29.634873 -0.020000
vt -29.700076 -0.020000
vt -29.781768 -0.020000
vt -29.881658 -0.020000
vt -29.977055 -0.020000
vt -30.104517 -0.020000
vt -30.054873 -0.020000
vt -30.063807 -0.020000
vt -29.991768 -0.020000
vt -29.881658 -0.020000
vt -29.767055 -0.020000
vt -29.740787 -0.020000
vt -29.717113 -0.094282
vt -29.711318 -0.108795
vt -29.806104 -0.088217
vt -29.881658 -0.114068
vt -29.977032 -0.106111
vt -30.014638 -0.089320
vt -30.081283 -0.110119
vt -30.026698 -0.095607
vt -29.988189 -0.116184
vt -29.881658 -0.090333
vt -29.794947 -0.098290
vt -29.699258 -0.115081
vt -29.783755 -0.151957
vt -29.797776 -0.150549
vt -29.817041 -0.194185
vt -29.881658 -0.140486
vt -29.936879 -0.168857
vt -29.967078 -0.152943
vt -29.995277 -0.173138
vt -29.980959 -0.174546
vt -29.922802 -0.130910
vt -29.881658 -0.184609
vt -29.831118 -0.156238
vt -29.783895 -0.172152
vt -29.880115 -0.212902
vt -29.880508 -0.186058
vt -29.881034 -0.175990
vt -29.881658 -0.187442
vt -29.882254 -0.169031
vt -29.883059 -0.222298
vt -29.882754 -0.157092
vt -29.882793 -0.183935
vt -29.882354 -0.194003
vt -29.881658 -0.182552
vt -29.880934 -0.200962
vt -29.880774 -0.147695
vt 31.232806 0.115546
vt 31.232862 0.144535
vt 31.232431 0.157196
vt 31.231722 0.140154
vt 31.231005 0.159236
vt 31.230826 0.109351
vt 31.230167 0.174447
vt 31.230576 0.145458
vt 31.231111 0.132797
vt 31.231722 0.149840
vt 31.232325 0.130758
vt 31.233112 0.180642
vt 31.349645 0.138939
vt 31.316606 0.112108
vt 31.292494 0.143819
vt 31.231722 0.102977
vt 31.181422 0.115592
vt 31.124205 0.147332
vt 31.138123 0.106156
vt 31.133423 0.132987
vt 31.186733 0.101276
vt 31.231722 0.142118
vt 31.287183 0.129503
vt 31.307388 0.097762
vt 31.424546 0.067049
vt 31.402278 0.068907
vt 31.302164 0.043601
vt 31.231722 0.075942
vt 31.144075 0.059135
vt 31.067632 0.065537
vt 31.060376 0.057353
vt 31.086898 0.055494
vt 31.120080 0.080800
vt 31.231722 0.048460
vt 31.326160 0.065266
vt 31.383012 0.058864
vt 31.405585 -0.020000
vt 31.411521 -0.020000
vt 31.345121 -0.020000
vt 31.231722 -0.020000
vt 31.117193 -0.020000
vt 31.089192 -0.020000
vt 30.985585 -0.020000
vt 31.047790 -0.020000
vt 31.135121 -0.020000
vt 31.231722 -0.020000
vt 31.327193 -0.020000
vt 31.452922 -0.020000
vt 31.434881 -0.111714
vt 31.377948 -0.096224
vt 31.336084 -0.114227
vt 31.231722 -0.091570
vt 31.145998 -0.097398
vt 31.045783 -0.116926
vt 31.070712 -0.092687
vt 31.062568 -0.108177
vt 31.154000 -0.090174
vt 31.231722 -0.112831
vt 31.328083 -0.107003
vt 31.361164 -0.087475
vt 31.342952 -0.169919
vt 31.331518 -0.175317
vt 31.272481 -0.129871
vt 31.231722 -0.185882
vt 31.180531 -0.157994
vt 31.136890 -0.167591
vt 31.131430 -0.155176
vt 31.148335 -0.149778
vt 31.166720 -0.195224
vt 31.231722 -0.139212
vt 31.286292 -0.167100
vt 31.320073 -0.157503
vt 31.232823 -0.157716
vt 31.232842 -0.181693
vt 31.232439 -0.199177
vt 31.231722 -0.178638
vt 31.231000 -0.200653
vt 31.230826 -0.149340
vt 31.230185 -0.212278
vt 31.230557 -0.188301
vt 31.231119 -0.170816
vt 31.231722 -0.191355
vt 31.232319 -0.169341
vt 31.233112 -0.220654
vt -30.433006 0.173469
vt -30.433393 0.147463
vt -30.433961 0.127889
vt -30.434553 0.153947
vt -30.435156 0.130965
vt -30.435928 0.178564
vt -30.435645 0.116524
vt -30.435678 0.142530
vt -30.435281 0.162105
vt -30.434553 0.136046
vt -30.433837 0.159028
vt -30.433643 0.111429
vt -30.342881 0.103558
vt -30.336951 0.131901
vt -30.388187 0.104986
vt -30.434553 0.139609
vt -30.490534 0.130907
vt -30.508450 0.095008
vt -30.554403 0.141537
vt -30.520134 0.113194
vt -30.493948 0.140108
vt -30.434553 0.105486
vt -30.384773 0.114188
vt -30.325266 0.150086
vt -30.258804 0.059340
vt -30.290430 0.055128
vt -30.322595 0.081085
vt -30.434553 0.047913
vt -30.527908 0.064289
vt -30.590942 0.061522
vt -30.622974 0.065061
vt -30.605810 0.069273
vt -30.504680 0.043316
vt -30.434553 0.076488
vt -30.345824 0.060112
vt -30.275561 0.062879
vt -30.189786 -0.020000
vt -30.248312 -0.020000
vt -30.341073 -0.020000
vt -30.434553 -0.020000
vt -30.530287 -0.020000
vt -30.653306 -0.020000
vt -30.609786 -0.020000
vt -30.612043 -0.020000
vt -30.551073 -0.020000
vt -30.434553 -0.020000
vt -30.320287 -0.020000
vt -30.289576 -0.020000
vt -30.276655 -0.091282
vt -30.266813 -0.107439
vt -30.354395 -0.092373
vt -30.434553 -0.111383
vt -30.531795 -0.107798
vt -30.561021 -0.085925
vt -30.640824 -0.113119
vt -30.582193 -0.096962
vt -30.536480 -0.112028
vt -30.434553 -0.093019
vt -30.349710 -0.096603
vt -30.245641 -0.118476
vt -30.331763 -0.158543
vt -30.351496 -0.149263
vt -30.369408 -0.195609
vt -30.434553 -0.138406
vt -30.488437 -0.165253
vt -30.525899 -0.162165
vt -30.543285 -0.166552
vt -30.534680 -0.175831
vt -30.475169 -0.129486
vt -30.434553 -0.186689
vt -30.382676 -0.159842
vt -30.342716 -0.162930
vt -30.433024 -0.211107
vt -30.433372 -0.190477
vt -30.433969 -0.165926
vt -30.434553 -0.195142
vt -30.435152 -0.169964
vt -30.435926 -0.218296
vt -30.435663 -0.158886
vt -30.435657 -0.179517
vt -30.435289 -0.204067
vt -30.434553 -0.174852
vt -30.433833 -0.200030
vt -30.433641 -0.151698
vt -25.107554 0.118072
vt -25.107546 0.140575
vt -25.107911 0.166670
vt -25.108658 0.132118
vt -25.109372 0.158540
vt -25.109587 0.114180
vt -25.110192 0.171921
vt -25.109831 0.149419
vt -25.109231 0.123323
vt -25.108658 0.157876
vt -25.108052 0.131454
vt -25.107302 0.175814
vt -24.987163 0.143754
vt -25.022258 0.114467
vt -25.050770 0.136046
vt -25.108658 0.108336
vt -25.157978 0.112952
vt -25.219359 0.152289
vt -25.198684 0.101340
vt -25.205441 0.130627
vt -25.156530 0.109048
vt -25.108658 0.136758
vt -25.052218 0.132143
vt -25.036176 0.092806
vt -24.924766 0.063016
vt -24.936971 0.069497
vt -25.038428 0.043410
vt -25.108658 0.076749
vt -25.198516 0.061131
vt -25.262524 0.060207
vt -25.288936 0.061385
vt -25.252351 0.054904
vt -25.220512 0.080992
vt -25.108658 0.047652
vt -25.016431 0.063270
vt -24.947144 0.064194
vt -24.931358 -0.020000
vt -24.933389 -0.020000
vt -24.989248 -0.020000
vt -25.108658 -0.020000
vt -25.222474 -0.020000
vt -25.256820 -0.020000
vt -25.351358 -0.020000
vt -25.297119 -0.020000
vt -25.199248 -0.020000
vt -25.108658 -0.020000
vt -25.012474 -0.020000
vt -24.893089 -0.020000
vt -24.899758 -0.114306
vt -24.959401 -0.097804
vt -25.009383 -0.109633
vt -25.108658 -0.094651
vt -25.192744 -0.095920
vt -25.299918 -0.119700
vt -25.263928 -0.090095
vt -25.274782 -0.106597
vt -25.191468 -0.094768
vt -25.108658 -0.109750
vt -25.010659 -0.108481
vt -24.984537 -0.084701
vt -25.002483 -0.163105
vt -25.008371 -0.176080
vt -25.067939 -0.129763
vt -25.108658 -0.187013
vt -25.161240 -0.161744
vt -25.197495 -0.158260
vt -25.214005 -0.161990
vt -25.191554 -0.149015
vt -25.173700 -0.195332
vt -25.108658 -0.138082
vt -25.055479 -0.163351
vt -25.014311 -0.166835
vt -25.107534 -0.160579
vt -25.107567 -0.177450
vt -25.107904 -0.208576
vt -25.108658 -0.171269
vt -25.109374 -0.199106
vt -25.109591 -0.154722
vt -25.110172 -0.209414
vt -25.109853 -0.192544
vt -25.109223 -0.161418
vt -25.108658 -0.198725
vt -25.108054 -0.170888
vt -25.107305 -0.215271
vt -26.417218 0.169834
vt -26.417550 0.151286
vt -26.418180 0.119191
vt -26.418736 0.161546
vt -26.419345 0.132213
vt -26.420069 0.172447
vt -26.419857 0.120159
vt -26.419835 0.138708
vt -26.419499 0.170802
vt -26.418736 0.128447
vt -26.418025 0.157780
vt -26.417784 0.117546
vt -26.330040 0.099547
vt -26.322875 0.129192
vt -26.369256 0.113381
vt -26.418736 0.133623
vt -26.475564 0.133187
vt -26.490185 0.091199
vt -26.541562 0.145548
vt -26.506058 0.115902
vt -26.475017 0.131714
vt -26.418736 0.111471
vt -26.369803 0.111907
vt -26.307002 0.153896
vt -26.233892 0.063446
vt -26.275193 0.054826
vt -26.307402 0.080522
vt -26.418736 0.047683
vt -26.509811 0.062230
vt -26.585299 0.066826
vt -26.598062 0.060955
vt -26.590573 0.069575
vt -26.489486 0.043879
vt -26.418736 0.076718
vt -26.327726 0.062171
vt -26.269919 0.057575
vt -26.178757 -0.020000
vt -26.228186 -0.020000
vt -26.330748 -0.020000
vt -26.418736 -0.020000
vt -26.515545 -0.020000
vt -26.630445 -0.020000
vt -26.598757 -0.020000
vt -26.591916 -0.020000
vt -26.540748 -0.020000
vt -26.418736 -0.020000
vt -26.305545 -0.020000
vt -26.266715 -0.020000
vt -26.265558 -0.089151
vt -26.254397 -0.105667
vt -26.333109 -0.097312
vt -26.418736 -0.107966
vt -26.517352 -0.109039
vt -26.541180 -0.083828
vt -26.629728 -0.115250
vt -26.569777 -0.098735
vt -26.515193 -0.107089
vt -26.418736 -0.096435
vt -26.335268 -0.095362
vt -26.225800 -0.120574
vt -26.310824 -0.165448
vt -26.335826 -0.149037
vt -26.354040 -0.194399
vt -26.418736 -0.138248
vt -26.471203 -0.161433
vt -26.516028 -0.171418
vt -26.522345 -0.159647
vt -26.519009 -0.176058
vt -26.459801 -0.130696
vt -26.418736 -0.186847
vt -26.365443 -0.163661
vt -26.332845 -0.153677
vt -26.417239 -0.207233
vt -26.417528 -0.194459
vt -26.418187 -0.157382
vt -26.418736 -0.202033
vt -26.419344 -0.172094
vt -26.420064 -0.211641
vt -26.419878 -0.162761
vt -26.419813 -0.175534
vt -26.419506 -0.212612
vt -26.418736 -0.167960
vt -26.418025 -0.197900
vt -26.417778 -0.158353
vt 30.524092 0.122743
vt 30.524038 0.136967
vt 30.523728 0.174418
vt 30.522951 0.125108
vt 30.522244 0.156765
vt 30.521971 0.121463
vt 30.521453 0.167250
vt 30.521752 0.153027
vt 30.522409 0.115576
vt 30.522951 0.164886
vt 30.523563 0.133229
vt 30.524256 0.168531
vt 30.646765 0.146881
vt 30.611280 0.117470
vt 30.577557 0.127198
vt 30.522951 0.114828
vt 30.474326 0.111076
vt 30.410587 0.154876
vt 30.435243 0.098214
vt 30.428097 0.127624
vt 30.471796 0.117896
vt 30.522951 0.130267
vt 30.580087 0.134019
vt 30.593770 0.090219
vt 30.697765 0.058919
vt 30.694654 0.069505
vt 30.594627 0.044715
vt 30.522951 0.076397
vt 30.430788 0.063212
vt 30.379005 0.055036
vt 30.333596 0.065483
vt 30.379273 0.054896
vt 30.412542 0.079686
vt 30.522951 0.048004
vt 30.612873 0.061189
vt 30.694385 0.069365
vt 30.706293 -0.020000
vt 30.694215 -0.020000
vt 30.647224 -0.020000
vt 30.522951 -0.020000
vt 30.410549 -0.020000
vt 30.366472 -0.020000
vt 30.286293 -0.020000
vt 30.330485 -0.020000
vt 30.437224 -0.020000
vt 30.522951 -0.020000
vt 30.620549 -0.020000
vt 30.730203 -0.020000
vt 30.735455 -0.115933
vt 30.675909 -0.099734
vt 30.616482 -0.104448
vt 30.522951 -0.098334
vt 30.439948 -0.094942
vt 30.329044 -0.121080
vt 30.371285 -0.088468
vt 30.360529 -0.104667
vt 30.434397 -0.099953
vt 30.522951 -0.106067
vt 30.622033 -0.109459
vt 30.644424 -0.083322
vt 30.624037 -0.156247
vt 30.623036 -0.175766
vt 30.564598 -0.132267
vt 30.522951 -0.186194
vt 30.468954 -0.165557
vt 30.439890 -0.149270
vt 30.412515 -0.168848
vt 30.439852 -0.149329
vt 30.458837 -0.192828
vt 30.522951 -0.138901
vt 30.574715 -0.159538
vt 30.623073 -0.175824
vt 30.524113 -0.165388
vt 30.524016 -0.173808
vt 30.523735 -0.216096
vt 30.522951 -0.164993
vt 30.522245 -0.196435
vt 30.521964 -0.162516
vt 30.521474 -0.204606
vt 30.521731 -0.196185
vt 30.522415 -0.153898
vt 30.522951 -0.205001
vt 30.523565 -0.173558
vt 30.524249 -0.207477
vt 30.801041 0.164221
vt 30.800777 0.154607
vt 30.800097 0.112549
vt 30.799567 0.167827
vt 30.798950 0.134480
vt 30.798292 0.164143
vt 30.798402 0.125773
vt 30.798491 0.135387
vt 30.798778 0.177445
vt 30.799567 0.122166
vt 30.800269 0.155514
vt 30.800578 0.125850
vt 30.886647 0.097368
vt 30.893348 0.125955
vt 30.852432 0.122505
vt 30.799567 0.126756
vt 30.742208 0.134620
vt 30.728962 0.089886
vt 30.675125 0.147726
vt 30.710165 0.119140
vt 30.746671 0.122590
vt 30.799567 0.118339
vt 30.847969 0.110474
vt 30.912145 0.155209
vt 30.993288 0.067453
vt 30.943659 0.055112
vt 30.908663 0.078500
vt 30.799567 0.048609
vt 30.710776 0.060168
vt 30.623537 0.071761
vt 30.629118 0.056948
vt 30.628279 0.069289
vt 30.726578 0.045901
vt 30.799567 0.075792
vt 30.892861 0.064233
vt 30.938917 0.052640
vt 31.032371 -0.020000
vt 30.993736 -0.020000
vt 30.883419 -0.020000
vt 30.799567 -0.020000
vt 30.701031 -0.020000
vt 30.597280 -0.020000
vt 30.612371 -0.020000
vt 30.630006 -0.020000
vt 30.673419 -0.020000
vt 30.799567 -0.020000
vt 30.911031 -0.020000
vt 30.961011 -0.020000
vt 30.950329 -0.088060
vt 30.959976 -0.103618
vt 30.891097 -0.102640
vt 30.799567 -0.104090
vt 30.700180 -0.109735
vt 30.678340 -0.083193
vt 30.586159 -0.116341
vt 30.644596 -0.100783
vt 30.709012 -0.101761
vt 30.799567 -0.100311
vt 30.882265 -0.094666
vt 30.993720 -0.121208
vt 30.912432 -0.172122
vt 30.883024 -0.149886
vt 30.862874 -0.190651
vt 30.799567 -0.140026
vt 30.748484 -0.157703
vt 30.696785 -0.179965
vt 30.700910 -0.152973
vt 30.699841 -0.175209
vt 30.757113 -0.134443
vt 30.799567 -0.185068
vt 30.854245 -0.167392
vt 30.879968 -0.145130
vt 30.801020 -0.201587
vt 30.800798 -0.197687
vt 30.800091 -0.151037
vt 30.799567 -0.207568
vt 30.798947 -0.175252
vt 30.798301 -0.202863
vt 30.798381 -0.168407
vt 30.798513 -0.172306
vt 30.798772 -0.218957
vt 30.799567 -0.162426
vt 30.800266 -0.194742
vt 30.800586 -0.167130
vt -31.595072 0.129187
vt -31.595198 0.133999
vt -31.595466 0.179822
vt -31.596265 0.119682
vt -31.596961 0.154052
vt -31.597308 0.130621
vt -31.597711 0.160806
vt -31.597484 0.155995
vt -31.596785 0.110172
vt -31.596265 0.170312
vt -31.595641 0.135941
vt -31.595022 0.159373
vt -31.471569 0.148068
vt -31.505746 0.120878
vt -31.545079 0.117980
vt -31.596265 0.121935
vt -31.644533 0.110114
vt -31.708636 0.154888
vt -31.683091 0.097026
vt -31.688929 0.124217
vt -31.650839 0.127115
vt -31.596265 0.123160
vt -31.538772 0.134980
vt -31.525453 0.090207
vt -31.429947 0.055082
vt -31.425662 0.068932
vt -31.521600 0.047413
vt -31.596265 0.074915
vt -31.690644 0.065213
vt -31.731385 0.050436
vt -31.794117 0.069319
vt -31.741042 0.055470
vt -31.703685 0.076988
vt -31.596265 0.049486
vt -31.508559 0.059188
vt -31.416005 0.073965
vt -31.404757 -0.020000
vt -31.428160 -0.020000
vt -31.468664 -0.020000
vt -31.596265 -0.020000
vt -31.706661 -0.020000
vt -31.763082 -0.020000
vt -31.824757 -0.020000
vt -31.791890 -0.020000
vt -31.678664 -0.020000
vt -31.596265 -0.020000
vt -31.496661 -0.020000
vt -31.399351 -0.020000
vt -31.382579 -0.116466
vt -31.439227 -0.101861
vt -31.508675 -0.099083
vt -31.596265 -0.102326
vt -31.678824 -0.094542
vt -31.789934 -0.120956
vt -31.746749 -0.087935
vt -31.754607 -0.102540
vt -31.690760 -0.105318
vt -31.596265 -0.102076
vt -31.496740 -0.109859
vt -31.474553 -0.083446
vt -31.499894 -0.149891
vt -31.497058 -0.174398
vt -31.552794 -0.137183
vt -31.596265 -0.183492
vt -31.651587 -0.169130
vt -31.674229 -0.141338
vt -31.711416 -0.175204
vt -31.680242 -0.150696
vt -31.658555 -0.187912
vt -31.596265 -0.141603
vt -31.545826 -0.155964
vt -31.491046 -0.183756
vt -31.595051 -0.171758
vt -31.595218 -0.171058
vt -31.595460 -0.221138
vt -31.596265 -0.160310
vt -31.596956 -0.192853
vt -31.597318 -0.172101
vt -31.597690 -0.198236
vt -31.597504 -0.198936
vt -31.596780 -0.148855
vt -31.596265 -0.209683
vt -31.595636 -0.177140
vt -31.595033 -0.197892
vt -22.508116 0.157076
vt -22.508305 0.157163
vt -22.509018 0.108491
vt -22.509532 0.172289
vt -22.510162 0.137584
vt -22.510739 0.154314
vt -22.510755 0.132918
vt -22.510590 0.132831
vt -22.510337 0.181502
vt -22.509532 0.117704
vt -22.508842 0.152410
vt -22.508454 0.135679
vt -22.422580 0.097195
vt -22.418005 0.122446
vt -22.453281 0.131633
vt -22.509532 0.119553
vt -22.567066 0.135092
vt -22.580965 0.091175
vt -22.634102 0.147899
vt -22.601189 0.122649
vt -22.559042 0.113462
vt -22.509532 0.125542
vt -22.461305 0.110003
vt -22.397782 0.153920
vt -22.307863 0.071042
vt -22.363809 0.055962
vt -22.404114 0.075180
vt -22.509532 0.050618
vt -22.596219 0.058268
vt -22.693568 0.075934
vt -22.672033 0.053359
vt -22.679190 0.068439
vt -22.586199 0.049222
vt -22.509532 0.073783
vt -22.414134 0.066133
vt -22.378188 0.048467
vt -22.285720 -0.020000
vt -22.312725 -0.020000
vt -22.428133 -0.020000
vt -22.509532 -0.020000
vt -22.610310 -0.020000
vt -22.700770 -0.020000
vt -22.705720 -0.020000
vt -22.676455 -0.020000
vt -22.638133 -0.020000
vt -22.509532 -0.020000
vt -22.400310 -0.020000
vt -22.337040 -0.020000
vt -22.358692 -0.088095
vt -22.353270 -0.101456
vt -22.412140 -0.107933
vt -22.509532 -0.100064
vt -22.609025 -0.109831
vt -22.632447 -0.084073
vt -22.722862 -0.116306
vt -22.668650 -0.102945
vt -22.594225 -0.096468
vt -22.509532 -0.104338
vt -22.426940 -0.094570
vt -22.317067 -0.120328
vt -22.392281 -0.178033
vt -22.424882 -0.151744
vt -22.448446 -0.184665
vt -22.509532 -0.143599
vt -22.559374 -0.154358
vt -22.616914 -0.187124
vt -22.603803 -0.147062
vt -22.608065 -0.173351
vt -22.554207 -0.140429
vt -22.509532 -0.181496
vt -22.453613 -0.170737
vt -22.433731 -0.137971
vt -22.508135 -0.194619
vt -22.508286 -0.199905
vt -22.509022 -0.147397
vt -22.509532 -0.211304
vt -22.510168 -0.179186
vt -22.510728 -0.192663
vt -22.510774 -0.175374
vt -22.510571 -0.170089
vt -22.510342 -0.222596
vt -22.509532 -0.158689
vt -22.508849 -0.190808
vt -22.508442 -0.177331
vt -30.067587 0.136890
vt -30.067790 0.131906
vt -30.068032 0.182452
vt -30.068842 0.116273
vt -30.069524 0.150619
vt -30.069956 0.140924
vt -30.070226 0.153103
vt -30.070075 0.158087
vt -30.069352 0.107542
vt -30.068842 0.173721
vt -30.068204 0.139375
vt -30.067671 0.149069
vt -29.944773 0.147223
vt -29.976048 0.124418
vt -30.020940 0.109125
vt -30.068842 0.129090
vt -30.117120 0.110143
vt -30.179566 0.152324
vt -30.156295 0.097872
vt -30.159231 0.120677
vt -30.126701 0.135969
vt -30.068842 0.116005
vt -30.011360 0.134952
vt -29.996382 0.092771
vt -29.909765 0.051813
vt -29.900368 0.067822
vt -29.989884 0.051290
vt -30.068842 0.072419
vt -30.165171 0.066974
vt -30.196935 0.046772
vt -30.273935 0.072588
vt -30.215748 0.056579
vt -30.171969 0.073111
vt -30.068842 0.051982
vt -29.983086 0.057427
vt -29.881555 0.077629
vt -29.867695 -0.020000
vt -29.902800 -0.020000
vt -29.939713 -0.020000
vt -30.068842 -0.020000
vt -30.176803 -0.020000
vt -30.247196 -0.020000
vt -30.287695 -0.020000
vt -30.266531 -0.020000
vt -30.149713 -0.020000
vt -30.068842 -0.020000
vt -29.966803 -0.020000
vt -29.883465 -0.020000
vt -29.856492 -0.115863
vt -29.907672 -0.104014
vt -29.986919 -0.093967
vt -30.068842 -0.106307
vt -30.151634 -0.094752
vt -30.259406 -0.119337
vt -30.220662 -0.088538
vt -30.223052 -0.100387
vt -30.169003 -0.110434
vt -30.068842 -0.098094
vt -29.969549 -0.109649
vt -29.944026 -0.085064
vt -29.976439 -0.144542
vt -29.971121 -0.172087
vt -30.022797 -0.144119
vt -30.068842 -0.179121
vt -30.125295 -0.172180
vt -30.142795 -0.135096
vt -30.187961 -0.180552
vt -30.154304 -0.153008
vt -30.128558 -0.180976
vt -30.068842 -0.145974
vt -30.019534 -0.152915
vt -29.959611 -0.189999
vt -30.067569 -0.179183
vt -30.067807 -0.169418
vt -30.068029 -0.223302
vt -30.068842 -0.157595
vt -30.069516 -0.188646
vt -30.069968 -0.182713
vt -30.070208 -0.190810
vt -30.070092 -0.200576
vt -30.069348 -0.146692
vt -30.068842 -0.212399
vt -30.068196 -0.181348
vt -30.067683 -0.187280
vt 25.883900 0.148969
vt 25.883786 0.158750
vt 25.883058 0.107342
vt 25.882548 0.174577
vt 25.881903 0.141278
vt 25.881414 0.143743
vt 25.881261 0.141025
vt 25.881501 0.131244
vt 25.881738 0.182651
vt 25.882548 0.115416
vt 25.883223 0.148715
vt 25.883700 0.146251
vt 25.970870 0.099042
vt 25.971825 0.118945
vt 25.941917 0.140037
vt 25.882548 0.112588
vt 25.825210 0.134564
vt 25.808681 0.094963
vt 25.759348 0.146053
vt 25.788642 0.126150
vt 25.836156 0.105058
vt 25.882548 0.132507
vt 25.930971 0.110531
vt 25.991864 0.150132
vt 26.090606 0.073926
vt 26.030855 0.057309
vt 25.983143 0.070825
vt 25.882548 0.053550
vt 25.797618 0.056682
vt 25.692604 0.079014
vt 25.726436 0.050475
vt 25.715475 0.067092
vt 25.801058 0.053576
vt 25.882548 0.070851
vt 25.979703 0.067719
vt 26.007984 0.045387
vt 26.096267 -0.020000
vt 26.080803 -0.020000
vt 25.963375 -0.020000
vt 25.882548 -0.020000
vt 25.779191 -0.020000
vt 25.703105 -0.020000
vt 25.676267 -0.020000
vt 25.717073 -0.020000
vt 25.753375 -0.020000
vt 25.882548 -0.020000
vt 25.989191 -0.020000
vt 26.066835 -0.020000
vt 26.035955 -0.089254
vt 26.034777 -0.099354
vt 25.985297 -0.112770
vt 25.882548 -0.096207
vt 25.783622 -0.109319
vt 25.755175 -0.086397
vt 25.671785 -0.115147
vt 25.719397 -0.105047
vt 25.803213 -0.091631
vt 25.882548 -0.108194
vt 25.965707 -0.095082
vt 26.070555 -0.118004
vt 26.003269 -0.182711
vt 25.968945 -0.154463
vt 25.940760 -0.176917
vt 25.882548 -0.148680
vt 25.833705 -0.151665
vt 25.771824 -0.192325
vt 25.791748 -0.142384
vt 25.785762 -0.170632
vt 25.834999 -0.148177
vt 25.882548 -0.176414
vt 25.939466 -0.173429
vt 25.955007 -0.132770
vt 25.883883 -0.186885
vt 25.883801 -0.200935
vt 25.883055 -0.146753
vt 25.882548 -0.212945
vt 25.881894 -0.183583
vt 25.881427 -0.181852
vt 25.881244 -0.183108
vt 25.881516 -0.169059
vt 25.881736 -0.223241
vt 25.882548 -0.157048
vt 25.883214 -0.186411
vt 25.883713 -0.188142
vt 27.702197 0.145239
vt 27.701920 0.130857
vt 27.701684 0.182098
vt 27.700876 0.115152
vt 27.700209 0.146737
vt 27.699688 0.151552
vt 27.699558 0.144755
vt 27.699635 0.159137
vt 27.700364 0.107896
vt 27.700876 0.174842
vt 27.701528 0.143256
vt 27.701973 0.138442
vt 27.822859 0.144412
vt 27.795849 0.127810
vt 27.745889 0.101340
vt 27.700876 0.135724
vt 27.652220 0.111160
vt 27.593324 0.147387
vt 27.611337 0.100683
vt 27.612665 0.117285
vt 27.640128 0.143755
vt 27.700876 0.109371
vt 27.757981 0.133935
vt 27.776507 0.097707
vt 27.854543 0.049372
vt 27.866361 0.066264
vt 27.785089 0.056035
vt 27.700876 0.069110
vt 27.603018 0.068354
vt 27.577452 0.044338
vt 27.490374 0.075029
vt 27.550981 0.058137
vt 27.603005 0.068366
vt 27.700876 0.055291
vt 27.785102 0.056047
vt 27.892832 0.080063
vt 27.912366 -0.020000
vt 27.866114 -0.020000
vt 27.829609 -0.020000
vt 27.700876 -0.020000
vt 27.595585 -0.020000
vt 27.510704 -0.020000
vt 27.492366 -0.020000
vt 27.502383 -0.020000
vt 27.619609 -0.020000
vt 27.700876 -0.020000
vt 27.805585 -0.020000
vt 27.874435 -0.020000
vt 27.909478 -0.114172
vt 27.865899 -0.106023
vt 27.777859 -0.089506
vt 27.700876 -0.109961
vt 27.617193 -0.095555
vt 27.516034 -0.116354
vt 27.545309 -0.090229
vt 27.550519 -0.098378
vt 27.595774 -0.114895
vt 27.700876 -0.094440
vt 27.799278 -0.108846
vt 27.831414 -0.088047
vt 27.790374 -0.140629
vt 27.796623 -0.169016
vt 27.750038 -0.152523
vt 27.700876 -0.173430
vt 27.643576 -0.174461
vt 27.629529 -0.131040
vt 27.578853 -0.184466
vt 27.613440 -0.156079
vt 27.644277 -0.172571
vt 27.700876 -0.151665
vt 27.749336 -0.150633
vt 27.812712 -0.194055
vt 27.702212 -0.187071
vt 27.701908 -0.169019
vt 27.701685 -0.222414
vt 27.700876 -0.157062
vt 27.700219 -0.184147
vt 27.699674 -0.193507
vt 27.699573 -0.182922
vt 27.699622 -0.200975
vt 27.700366 -0.147579
vt 27.700876 -0.212932
vt 27.701539 -0.185846
vt 27.701959 -0.176486
vt 31.187732 0.140545
vt 31.187690 0.159241
vt 31.186965 0.109192
vt 31.186448 0.174509
vt 31.185788 0.145269
vt 31.185387 0.133272
vt 31.185093 0.149448
vt 31.185404 0.130753
vt 31.185646 0.180801
vt 31.186448 0.115484
vt 31.187107 0.144724
vt 31.187672 0.156722
vt 31.277529 0.102761
vt 31.273660 0.115731
vt 31.248418 0.147048
vt 31.186448 0.106417
vt 31.129661 0.133078
vt 31.108735 0.100949
vt 31.066007 0.142334
vt 31.090477 0.129364
vt 31.142657 0.098047
vt 31.186448 0.138678
vt 31.235422 0.112016
vt 31.291918 0.144146
vt 31.398826 0.075876
vt 31.338087 0.059046
vt 31.281459 0.065784
vt 31.186448 0.057171
vt 31.102789 0.055535
vt 30.993166 0.080754
vt 31.034656 0.048525
vt 31.022707 0.065355
vt 31.099374 0.058617
vt 31.186448 0.067231
vt 31.284873 0.068866
vt 31.308546 0.043647
vt 31.389779 -0.020000
vt 31.384845 -0.020000
vt 31.268629 -0.020000
vt 31.186448 -0.020000
vt 31.080382 -0.020000
vt 31.018607 -0.020000
vt 30.969779 -0.020000
vt 31.021115 -0.020000
vt 31.058629 -0.020000
vt 31.186448 -0.020000
vt 31.290382 -0.020000
vt 31.382338 -0.020000
vt 31.344707 -0.091444
vt 31.335079 -0.097478
vt 31.293622 -0.116765
vt 31.186448 -0.092829
vt 31.088717 -0.108240
vt 31.052202 -0.089980
vt 30.980537 -0.112957
vt 31.019699 -0.106923
vt 31.111537 -0.087636
vt 31.186448 -0.111572
vt 31.270802 -0.096161
vt 31.367582 -0.114421
vt 31.309448 -0.185783
vt 31.275006 -0.157825
vt 31.241361 -0.168025
vt 31.186448 -0.154867
vt 31.138282 -0.149840
vt 31.073906 -0.195154
vt 31.097927 -0.139312
vt 31.091823 -0.167269
vt 31.135600 -0.157070
vt 31.186448 -0.170228
vt 31.244043 -0.175255
vt 31.257089 -0.129941
vt 31.187720 -0.179001
vt 31.187700 -0.200695
vt 31.186965 -0.149155
vt 31.186448 -0.212360
vt 31.185776 -0.188092
vt 31.185401 -0.171291
vt 31.185081 -0.190993
vt 31.185414 -0.169298
vt 31.185645 -0.220839
vt 31.186448 -0.157634
vt 31.187096 -0.181901
vt 31.187686 -0.198703
vt 28.196981 0.153568
vt 28.196638 0.130934
vt 28.196388 0.178788
vt 28.195593 0.116408
vt 28.194942 0.142717
vt 28.194335 0.161657
vt 28.194342 0.136425
vt 28.194353 0.159060
vt 28.195068 0.111205
vt 28.195593 0.173585
vt 28.196262 0.147277
vt 28.196620 0.128336
vt 28.314198 0.139859
vt 28.292475 0.130782
vt 28.238345 0.095244
vt 28.195593 0.141309
vt 28.146223 0.113084
vt 28.092484 0.140472
vt 28.102676 0.105235
vt 28.109292 0.114313
vt 28.132584 0.149851
vt 28.195593 0.103786
vt 28.251984 0.132011
vt 28.275667 0.104622
vt 28.346116 0.047952
vt 28.357469 0.064383
vt 28.285606 0.061272
vt 28.195593 0.065250
vt 28.096749 0.069245
vt 28.074109 0.043327
vt 27.981946 0.076449
vt 28.042089 0.060018
vt 28.103521 0.063130
vt 28.195593 0.059151
vt 28.278833 0.055156
vt 28.389489 0.081074
vt 28.417309 -0.020000
vt 28.361353 -0.020000
vt 28.322041 -0.020000
vt 28.195593 -0.020000
vt 28.092996 -0.020000
vt 27.994266 -0.020000
vt 27.997309 -0.020000
vt 27.997622 -0.020000
vt 28.112041 -0.020000
vt 28.195593 -0.020000
vt 28.302996 -0.020000
vt 28.357997 -0.020000
vt 28.398336 -0.111527
vt 28.363886 -0.107728
vt 28.268756 -0.086057
vt 28.195593 -0.112997
vt 28.110434 -0.096888
vt 28.018636 -0.112244
vt 28.034166 -0.092874
vt 28.048506 -0.096673
vt 28.086671 -0.118344
vt 28.195593 -0.091404
vt 28.292519 -0.107513
vt 28.334017 -0.092157
vt 28.283483 -0.138461
vt 28.289036 -0.165429
vt 28.248169 -0.161726
vt 28.195593 -0.166872
vt 28.137798 -0.175794
vt 28.125239 -0.129494
vt 28.071961 -0.186634
vt 28.105853 -0.159666
vt 28.142408 -0.163368
vt 28.195593 -0.158222
vt 28.243559 -0.149301
vt 28.308422 -0.195601
vt 28.196991 -0.194794
vt 28.196631 -0.169892
vt 28.196387 -0.218546
vt 28.195593 -0.158754
vt 28.194954 -0.179717
vt 28.194321 -0.203623
vt 28.194352 -0.175199
vt 28.194345 -0.200101
vt 28.195067 -0.151448
vt 28.195593 -0.211240
vt 28.196274 -0.190277
vt 28.196606 -0.166370
vt -28.626698 0.132476
vt -28.626681 0.158597
vt -28.627382 0.113894
vt -28.627917 0.172090
vt -28.628594 0.149238
vt -28.628913 0.123734
vt -28.629337 0.157517
vt -28.628966 0.131396
vt -28.628702 0.176099
vt -28.627917 0.117904
vt -28.627275 0.140755
vt -28.626627 0.166259
vt -28.532908 0.108056
vt -28.542422 0.113060
vt -28.564071 0.152107
vt -28.627917 0.101531
vt -28.683842 0.130754
vt -28.710583 0.108655
vt -28.744430 0.137039
vt -28.725605 0.132035
vt -28.669832 0.092988
vt -28.627917 0.143564
vt -28.578081 0.114341
vt -28.527399 0.136440
vt -28.413633 0.076737
vt -28.472465 0.061034
vt -28.538806 0.060457
vt -28.627917 0.061192
vt -28.710895 0.054919
vt -28.821703 0.081016
vt -28.777803 0.047664
vt -28.787845 0.063367
vt -28.720891 0.063944
vt -28.627917 0.063209
vt -28.528810 0.069482
vt -28.506323 0.043385
vt -28.434445 -0.020000
vt -28.430695 -0.020000
vt -28.542566 -0.020000
vt -28.627917 -0.020000
vt -28.736608 -0.020000
vt -28.785273 -0.020000
vt -28.854445 -0.020000
vt -28.794426 -0.020000
vt -28.752566 -0.020000
vt -28.627917 -0.020000
vt -28.526608 -0.020000
vt -28.421543 -0.020000
vt -28.462910 -0.094491
vt -28.482163 -0.095979
vt -28.517605 -0.119600
vt -28.627917 -0.090196
vt -28.723921 -0.106680
vt -28.770904 -0.094536
vt -28.827079 -0.109910
vt -28.797543 -0.108422
vt -28.699689 -0.084802
vt -28.627917 -0.114205
vt -28.541836 -0.097721
vt -28.455524 -0.109865
vt -28.504012 -0.187003
vt -28.536958 -0.161564
vt -28.576466 -0.158696
vt -28.627917 -0.161665
vt -28.675782 -0.149026
vt -28.740609 -0.195386
vt -28.715534 -0.138092
vt -28.720141 -0.163531
vt -28.682227 -0.166399
vt -28.627917 -0.163430
vt -28.570021 -0.176068
vt -28.557426 -0.129709
vt -28.626705 -0.171594
vt -28.626676 -0.199205
vt -28.627380 -0.154412
vt -28.627917 -0.209594
vt -28.628607 -0.192356
vt -28.628900 -0.161822
vt -28.629344 -0.198399
vt -28.628962 -0.170789
vt -28.628699 -0.215582
vt -28.627917 -0.160399
vt -28.627287 -0.177638
vt -28.626614 -0.208172
vt -27.388593 0.161215
vt -27.388988 0.132131
vt -27.389271 0.172787
vt -27.390042 0.119942
vt -27.390677 0.138878
vt -27.391361 0.170436
vt -27.391232 0.128778
vt -27.391274 0.157863
vt -27.390591 0.117206
vt -27.390042 0.170052
vt -27.389358 0.151115
vt -27.389076 0.119558
vt -27.275838 0.133928
vt -27.291671 0.133098
vt -27.348745 0.091323
vt -27.390042 0.145399
vt -27.440405 0.115762
vt -27.487791 0.132130
vt -27.487359 0.111167
vt -27.474854 0.111997
vt -27.454506 0.153772
vt -27.390042 0.099696
vt -27.334644 0.129333
vt -27.304607 0.112965
vt -27.240150 0.047668
vt -27.232108 0.062328
vt -27.294147 0.066582
vt -27.390042 0.061148
vt -27.489251 0.069574
vt -27.512470 0.043819
vt -27.604319 0.076734
vt -27.547488 0.062073
vt -27.476232 0.057819
vt -27.390042 0.063253
vt -27.307166 0.054827
vt -27.197090 0.080582
vt -27.159034 -0.020000
vt -27.222478 -0.020000
vt -27.267587 -0.020000
vt -27.390042 -0.020000
vt -27.490137 -0.020000
vt -27.600974 -0.020000
vt -27.579034 -0.020000
vt -27.586209 -0.020000
vt -27.477587 -0.020000
vt -27.390042 -0.020000
vt -27.280137 -0.020000
vt -27.237243 -0.020000
vt -27.194804 -0.108139
vt -27.219323 -0.108992
vt -27.319275 -0.083894
vt -27.390042 -0.115172
vt -27.477145 -0.098644
vt -27.557578 -0.107333
vt -27.558973 -0.096262
vt -27.534704 -0.095409
vt -27.501360 -0.120507
vt -27.390042 -0.089229
vt -27.295061 -0.105757
vt -27.242198 -0.097068
vt -27.302337 -0.138212
vt -27.299051 -0.161613
vt -27.334028 -0.170995
vt -27.390042 -0.159970
vt -27.447940 -0.176072
vt -27.461094 -0.130581
vt -27.513858 -0.186883
vt -27.482234 -0.163482
vt -27.439789 -0.154100
vt -27.390042 -0.165125
vt -27.342179 -0.149023
vt -27.277911 -0.194514
vt -27.388589 -0.201737
vt -27.388990 -0.171969
vt -27.389274 -0.212005
vt -27.390042 -0.162537
vt -27.390665 -0.175707
vt -27.391374 -0.212256
vt -27.391228 -0.168257
vt -27.391275 -0.198024
vt -27.390594 -0.157988
vt -27.390042 -0.207457
vt -27.389345 -0.194287
vt -27.389088 -0.157738
vt 31.391486 0.125405
vt 31.391549 0.156870
vt 31.390888 0.121074
vt 31.390324 0.167512
vt 31.389632 0.152870
vt 31.389382 0.115891
vt 31.388847 0.164589
vt 31.389263 0.133123
vt 31.389568 0.168919
vt 31.390324 0.122481
vt 31.390952 0.137124
vt 31.391668 0.174103
vt 31.490118 0.114506
vt 31.474588 0.111145
vt 31.455173 0.154811
vt 31.390324 0.098319
vt 31.335503 0.127776
vt 31.301996 0.117467
vt 31.278596 0.130589
vt 31.291405 0.133950
vt 31.349412 0.090283
vt 31.390324 0.146776
vt 31.441264 0.117318
vt 31.485179 0.127627
vt 31.603950 0.076440
vt 31.549768 0.063115
vt 31.473689 0.055269
vt 31.390324 0.065294
vt 31.307386 0.054883
vt 31.198910 0.079780
vt 31.239780 0.047962
vt 31.234388 0.061286
vt 31.291604 0.069132
vt 31.390324 0.059107
vt 31.489471 0.069518
vt 31.514291 0.044621
vt 31.575256 -0.020000
vt 31.585148 -0.020000
vt 31.480412 -0.020000
vt 31.390324 -0.020000
vt 31.279302 -0.020000
vt 31.241500 -0.020000
vt 31.155256 -0.020000
vt 31.221417 -0.020000
vt 31.270412 -0.020000
vt 31.390324 -0.020000
vt 31.489302 -0.020000
vt 31.605231 -0.020000
vt 31.563441 -0.098152
vt 31.534153 -0.094975
vt 31.502241 -0.121048
vt 31.390324 -0.088520
vt 31.296443 -0.104763
vt 31.237425 -0.099703
vt 31.199272 -0.106249
vt 31.218772 -0.109426
vt 31.320156 -0.083353
vt 31.390324 -0.115881
vt 31.478528 -0.099638
vt 31.552805 -0.104698
vt 31.513689 -0.186276
vt 31.483736 -0.165381
vt 31.438428 -0.149674
vt 31.390324 -0.168533
vt 31.342361 -0.149290
vt 31.279164 -0.193002
vt 31.302168 -0.138819
vt 31.300553 -0.159714
vt 31.332667 -0.175421
vt 31.390324 -0.156561
vt 31.448122 -0.175804
vt 31.462347 -0.132093
vt 31.391485 -0.165255
vt 31.391547 -0.196583
vt 31.390892 -0.162105
vt 31.390324 -0.204870
vt 31.389620 -0.196032
vt 31.389394 -0.154199
vt 31.388846 -0.204739
vt 31.389261 -0.173411
vt 31.389572 -0.207888
vt 31.390324 -0.165124
vt 31.390939 -0.173961
vt 31.391680 -0.215794
vt 23.383825 0.167570
vt 23.383394 0.134353
vt 23.383063 0.164572
vt 23.382325 0.125471
vt 23.381703 0.135527
vt 23.380960 0.177188
vt 23.381186 0.122424
vt 23.381109 0.155641
vt 23.381744 0.125421
vt 23.382325 0.164522
vt 23.383023 0.154466
vt 23.383245 0.112806
vt 23.491456 0.127089
vt 23.481644 0.134574
vt 23.423091 0.089889
vt 23.382325 0.147668
vt 23.330768 0.118980
vt 23.290428 0.123023
vt 23.279934 0.118005
vt 23.298461 0.110521
vt 23.317330 0.155205
vt 23.382325 0.097426
vt 23.436529 0.126115
vt 23.473611 0.122071
vt 23.534151 0.048541
vt 23.536297 0.060262
vt 23.483716 0.071544
vt 23.382325 0.057129
vt 23.283402 0.069316
vt 23.256144 0.045776
vt 23.169982 0.075861
vt 23.220917 0.064139
vt 23.301631 0.052857
vt 23.382325 0.067272
vt 23.465487 0.055085
vt 23.571524 0.078626
vt 23.620952 -0.020000
vt 23.552833 -0.020000
vt 23.499396 -0.020000
vt 23.382325 -0.020000
vt 23.284342 -0.020000
vt 23.164104 -0.020000
vt 23.200952 -0.020000
vt 23.189102 -0.020000
vt 23.289396 -0.020000
vt 23.382325 -0.020000
vt 23.494342 -0.020000
vt 23.527834 -0.020000
vt 23.569011 -0.104278
vt 23.554431 -0.109715
vt 23.452311 -0.083189
vt 23.382325 -0.116315
vt 23.292963 -0.100683
vt 23.224994 -0.102013
vt 23.204841 -0.100124
vt 23.239051 -0.094686
vt 23.270227 -0.121212
vt 23.382325 -0.088086
vt 23.475048 -0.103718
vt 23.540374 -0.102388
vt 23.471284 -0.139901
vt 23.470912 -0.157871
vt 23.441528 -0.179590
vt 23.382325 -0.153273
vt 23.324724 -0.175272
vt 23.308938 -0.134215
vt 23.259762 -0.185193
vt 23.287729 -0.167224
vt 23.335767 -0.145505
vt 23.382325 -0.171822
vt 23.430485 -0.149823
vt 23.492122 -0.190880
vt 23.383823 -0.207345
vt 23.383399 -0.175084
vt 23.383058 -0.203313
vt 23.382325 -0.168109
vt 23.381716 -0.172437
vt 23.380949 -0.218717
vt 23.381185 -0.162648
vt 23.381114 -0.194909
vt 23.381739 -0.166681
vt 23.382325 -0.201885
vt 23.383035 -0.197557
vt 23.383234 -0.151277
vt 29.043764 0.119894
vt 29.043852 0.154198
vt 29.043246 0.130160
vt 29.042645 0.161141
vt 29.041942 0.155874
vt 29.041742 0.110366
vt 29.041125 0.170099
vt 29.041566 0.135796
vt 29.041926 0.159834
vt 29.042645 0.128852
vt 29.043261 0.134120
vt 29.044028 0.179628
vt 29.147700 0.121596
vt 29.126263 0.110138
vt 29.107544 0.154946
vt 29.042645 0.097037
vt 28.989084 0.124382
vt 28.948395 0.126685
vt 28.936178 0.123499
vt 28.943080 0.134957
vt 29.001783 0.090149
vt 29.042645 0.148058
vt 29.094845 0.120713
vt 29.131578 0.118410
vt 29.253100 0.075008
vt 29.205942 0.065123
vt 29.120876 0.050633
vt 29.042645 0.069149
vt 28.959101 0.055430
vt 28.856291 0.077143
vt 28.888931 0.049393
vt 28.890562 0.059278
vt 28.938791 0.073768
vt 29.042645 0.055252
vt 29.141186 0.068971
vt 29.171671 0.047258
vt 29.221033 -0.020000
vt 29.234039 -0.020000
vt 29.138658 -0.020000
vt 29.042645 -0.020000
vt 28.929773 -0.020000
vt 28.899723 -0.020000
vt 28.801033 -0.020000
vt 28.870309 -0.020000
vt 28.928658 -0.020000
vt 29.042645 -0.020000
vt 29.139773 -0.020000
vt 29.263453 -0.020000
vt 29.224587 -0.102136
vt 29.185653 -0.094547
vt 29.154504 -0.120995
vt 29.042645 -0.087934
vt 28.951114 -0.102642
vt 28.879453 -0.105069
vt 28.860418 -0.102265
vt 28.870273 -0.109854
vt 28.972419 -0.083406
vt 29.042645 -0.116467
vt 29.133199 -0.101759
vt 29.194833 -0.099332
vt 29.164069 -0.183658
vt 29.138365 -0.168972
vt 29.087783 -0.141677
vt 29.042645 -0.174925
vt 28.994193 -0.150610
vt 28.934576 -0.188191
vt 28.952547 -0.141437
vt 28.955182 -0.156122
vt 28.982023 -0.183418
vt 29.042645 -0.150170
vt 29.099954 -0.174485
vt 29.117760 -0.136903
vt 29.043769 -0.160488
vt 29.043844 -0.193038
vt 29.043251 -0.171623
vt 29.042645 -0.198562
vt 29.041930 -0.198830
vt 29.041752 -0.149030
vt 29.041130 -0.209505
vt 29.041558 -0.176956
vt 29.041932 -0.198371
vt 29.042645 -0.171431
vt 29.043250 -0.171163
vt 29.044037 -0.220964
vt -27.276735 0.172127
vt -27.277181 0.137423
vt -27.277572 0.154798
vt -27.278271 0.132556
vt -27.278882 0.132930
vt -27.279666 0.181375
vt -27.279373 0.117867
vt -27.279466 0.152571
vt -27.278891 0.135196
vt -27.278271 0.157437
vt -27.277563 0.157063
vt -27.277380 0.108618
vt -27.174482 0.119889
vt -27.178619 0.135092
vt -27.237072 0.091057
vt -27.278271 0.147937
vt -27.331127 0.122482
vt -27.364293 0.113879
vt -27.386004 0.125205
vt -27.361802 0.110003
vt -27.342833 0.154038
vt -27.278271 0.097158
vt -27.225366 0.122612
vt -27.181110 0.131216
vt -27.122100 0.050502
vt -27.127965 0.058352
vt -27.172209 0.075761
vt -27.278271 0.053514
vt -27.376280 0.068491
vt -27.410715 0.049040
vt -27.486270 0.073899
vt -27.443345 0.066050
vt -27.354294 0.048640
vt -27.278271 0.070887
vt -27.194195 0.055910
vt -27.095335 0.075361
vt -27.034306 -0.020000
vt -27.103915 -0.020000
vt -27.167546 -0.020000
vt -27.278271 -0.020000
vt -27.374701 -0.020000
vt -27.500886 -0.020000
vt -27.454306 -0.020000
vt -27.467646 -0.020000
vt -27.377546 -0.020000
vt -27.278271 -0.020000
vt -27.164701 -0.020000
vt -27.137155 -0.020000
vt -27.100504 -0.100251
vt -27.105926 -0.109840
vt -27.207388 -0.083999
vt -27.278271 -0.116333
vt -27.370026 -0.102844
vt -27.425426 -0.096709
vt -27.464674 -0.104150
vt -27.421306 -0.094561
vt -27.389473 -0.120402
vt -27.278271 -0.088068
vt -27.187941 -0.101558
vt -27.110046 -0.107692
vt -27.186720 -0.143395
vt -27.191849 -0.154502
vt -27.216383 -0.186828
vt -27.278271 -0.147314
vt -27.335199 -0.173458
vt -27.355443 -0.140105
vt -27.398242 -0.181700
vt -27.375032 -0.170593
vt -27.322144 -0.138267
vt -27.278271 -0.177780
vt -27.229438 -0.151636
vt -27.172259 -0.184990
vt -27.276742 -0.211174
vt -27.277170 -0.178988
vt -27.277579 -0.193161
vt -27.278271 -0.175026
vt -27.278871 -0.170167
vt -27.279673 -0.222491
vt -27.279381 -0.158819
vt -27.279455 -0.191005
vt -27.278898 -0.176832
vt -27.278271 -0.194968
vt -27.277552 -0.199826
vt -27.277388 -0.147502
vt -29.960254 0.116383
vt -29.960162 0.150792
vt -29.960703 0.140427
vt -29.961345 0.153484
vt -29.962057 0.158011
vt -29.962229 0.107599
vt -29.962893 0.173611
vt -29.962447 0.139202
vt -29.962023 0.149566
vt -29.961345 0.136509
vt -29.960737 0.131982
vt -29.959943 0.182394
vt -29.850973 0.128762
vt -29.877739 0.110119
vt -29.897353 0.152499
vt -29.961345 0.097787
vt -30.013592 0.120841
vt -30.061306 0.135573
vt -30.062495 0.116333
vt -30.060922 0.134975
vt -30.003114 0.092595
vt -29.961345 0.147308
vt -29.907832 0.124253
vt -29.878123 0.109522
vt -29.756320 0.072556
vt -29.794642 0.066899
vt -29.887228 0.046919
vt -29.961345 0.072451
vt -30.046092 0.056517
vt -30.140357 0.073315
vt -30.120490 0.051845
vt -30.110022 0.057502
vt -30.069313 0.077482
vt -29.961345 0.051950
vt -29.864007 0.067885
vt -29.824977 0.051086
vt -29.786982 -0.020000
vt -29.774140 -0.020000
vt -29.858692 -0.020000
vt -29.961345 -0.020000
vt -30.075441 -0.020000
vt -30.101469 -0.020000
vt -30.206982 -0.020000
vt -30.137871 -0.020000
vt -30.068692 -0.020000
vt -29.961345 -0.020000
vt -29.865441 -0.020000
vt -29.737738 -0.020000
vt -29.770567 -0.106125
vt -29.817989 -0.094728
vt -29.851203 -0.119445
vt -29.961345 -0.088484
vt -30.050488 -0.100486
vt -30.134392 -0.110206
vt -30.134737 -0.098276
vt -30.133369 -0.109673
vt -30.033288 -0.084956
vt -29.961345 -0.115917
vt -29.868403 -0.103915
vt -29.819012 -0.094195
vt -29.843111 -0.179359
vt -29.863646 -0.172052
vt -29.918556 -0.135343
vt -29.961345 -0.180331
vt -30.010639 -0.152881
vt -30.065010 -0.181339
vt -30.054633 -0.145736
vt -30.046829 -0.153043
vt -30.024317 -0.189752
vt -29.961345 -0.144764
vt -29.904878 -0.172214
vt -29.881827 -0.143756
vt -29.960244 -0.157674
vt -29.960175 -0.188852
vt -29.960696 -0.182205
vt -29.961345 -0.191174
vt -29.962067 -0.200526
vt -29.962223 -0.146725
vt -29.962883 -0.212319
vt -29.962461 -0.181141
vt -29.962016 -0.187788
vt -29.961345 -0.178820
vt -29.960747 -0.169468
vt -29.959937 -0.223268
vt 22.250226 0.174522
vt 22.249786 0.141096
vt 22.249328 0.144243
vt 22.248671 0.140632
vt 22.248066 0.131295
vt 22.247267 0.182665
vt 22.247587 0.115471
vt 22.247501 0.148897
vt 22.248008 0.145751
vt 22.248671 0.149361
vt 22.249385 0.158699
vt 22.249553 0.107329
vt 22.347275 0.112901
vt 22.348013 0.134610
vt 22.291233 0.094733
vt 22.248671 0.146183
vt 22.194513 0.125990
vt 22.168081 0.105426
vt 22.135753 0.132194
vt 22.164830 0.110484
vt 22.185472 0.150361
vt 22.248671 0.098912
vt 22.300274 0.119105
vt 22.351264 0.139669
vt 22.411250 0.053395
vt 22.395900 0.056747
vt 22.358207 0.078898
vt 22.248671 0.050591
vt 22.152130 0.067165
vt 22.107952 0.053354
vt 22.047080 0.071006
vt 22.080519 0.067654
vt 22.176122 0.045503
vt 22.248671 0.073810
vt 22.334215 0.057236
vt 22.423333 0.071048
vt 22.495268 -0.020000
vt 22.427473 -0.020000
vt 22.352594 -0.020000
vt 22.248671 -0.020000
vt 22.153111 -0.020000
vt 22.024908 -0.020000
vt 22.075268 -0.020000
vt 22.063743 -0.020000
vt 22.142594 -0.020000
vt 22.248671 -0.020000
vt 22.363111 -0.020000
vt 22.388639 -0.020000
vt 22.417862 -0.096380
vt 22.420088 -0.109356
vt 22.322056 -0.086258
vt 22.248671 -0.115226
vt 22.154580 -0.104952
vt 22.110853 -0.091842
vt 22.053692 -0.108021
vt 22.104707 -0.095045
vt 22.139971 -0.118143
vt 22.248671 -0.089176
vt 22.336665 -0.099449
vt 22.426233 -0.112559
vt 22.343946 -0.148414
vt 22.333340 -0.151774
vt 22.312526 -0.192131
vt 22.248671 -0.142570
vt 22.192738 -0.170776
vt 22.166566 -0.147783
vt 22.132424 -0.176681
vt 22.150157 -0.173321
vt 22.206765 -0.132963
vt 22.248671 -0.182525
vt 22.298499 -0.154319
vt 22.349749 -0.177311
vt 22.250214 -0.212918
vt 22.249802 -0.183371
vt 22.249320 -0.182360
vt 22.248671 -0.182737
vt 22.248075 -0.169079
vt 22.247263 -0.223279
vt 22.247575 -0.157076
vt 22.247517 -0.186622
vt 22.248001 -0.187634
vt 22.248671 -0.187256
vt 22.249394 -0.200915
vt 22.249548 -0.146714
f 1/1 13/13 14/14
f 1/1 14/14 2/2
f 2/2 14/14 15/15
f 2/2 15/15 3/3
f 3/3 15/15 16/16
f 3/3 16/16 4/4
f 4/4 16/16 17/17
f 4/4 17/17 5/5
f 5/5 17/17 18/18
f 5/5 18/18 6/6
f 6/6 18/18 19/19
f 6/6 19/19 7/7
f 7/7 19/19 20/20
f 7/7 20/20 8/8
f 8/8 20/20 21/21
f 8/8 21/21 9/9
f 9/9 21/21 22/22
f 9/9 22/22 10/10
f 10/10 22/22 23/23
f 10/10 23/23 11/11
f 11/11 23/23 24/24
f 11/11 24/24 12/12
f 12/12 24/24 13/13
f 12/12 13/13 1/1
f 13/13 25/25 26/26
f 13/13 26/26 14/14
f 14/14 26/26 27/27
f 14/14 27/27 15/15
f 15/15 27/27 28/28
f 15/15 28/28 16/16
f 16/16 28/28 29/29
f 16/16 29/29 17/17
f 17/17 29/29 30/30
f 17/17 30/30 18/18
f 18/18 30/30 31/31
f 18/18 31/31 19/19
f 19/19 31/31 32/32
f 19/19 32/32 20/20
f 20/20 32/32 33/33
f 20/20 33/33 21/21
f 21/21 33/33 34/34
f 21/21 34/34 22/22
f 22/22 34/34 35/35
f 22/22 35/35 23/23
f 23/23 35/35 36/36
f 23/23 36/36 24/24
f 24/24 36/36 25/25
f 24/24 25/25 13/13
f 25/25 37/37 38/38
f 25/25 38/38 26/26
f 26/26 38/38 39/39
f 26/26 39/39 27/27
f 27/27 39/39 40/40
f 27/27 40/40 28/28
f 28/28 40/40 41/41
f 28/28 41/41 29/29
f 29/29 41/41 42/42
f 29/29 42/42 30/30
f 30/30 42/42 43/43
f 30/30 43/43 31/31
f 31/31 43/43 44/44
f 31/31 44/44 32/32
f 32/32 44/44 45/45
f 32/32 45/45 33/33
f 33/33 45/45 46/46
f 33/33 46/46 34/34
f 34/34 46/46 47/47
f 34/34 47/47 35/35
f 35/35 47/47 48/48
f 35/35 48/48 36/36
f 36/36 48/48 37/37
f 36/36 37/37 25/25
f 37/37 49/49 50/50
f 37/37 50/50 38/38
f 38/38 50/50 51/51
f 38/38 51/51 39/39
f 39/39 51/51 52/52
f 39/39 52/52 40/40
f 40/40 52/52 53/53
f 40/40 53/53 41/41
f 41/41 53/53 54/54
f 41/41 54/54 42/42
f 42/42 54/54 55/55
f 42/42 55/55 43/43
f 43/43 55/55 56/56
f 43/43 56/56 44/44
f 44/44 56/56 57/57
f 44/44 57/57 45/45
f 45/45 57/57 58/58
f 45/45 58/58 46/46
f 46/46 58/58 59/59
f 46/46 59/59 47/47
f 47/47 59/59 60/60
f 47/47 60/60 48/48
f 48/48 60/60 49/49
f 48/48 49/49 37/37
f 49/49 61/61 62/62
f 49/49 62/62 50/50
f 50/50 62/62 63/63
f 50/50 63/63 51/51
f 51/51 63/63 64/64
f 51/51 64/64 52/52
f 52/52 64/64 65/65
f 52/52 65/65 53/53
f 53/53 65/65 66/66
f 53/53 66/66 54/54
f 54/54 66/66 67/67
f 54/54 67/67 55/55
f 55/55 67/67 68/68
f 55/55 68/68 56/56
f 56/56 68/68 69/69
f 56/56 69/69 57/57
f 57/57 69/69 70/70
f 57/57 70/70 58/58
f 58/58 70/70 71/71
f 58/58 71/71 59/59
f 59/59 71/71 72/72
f 59/59 72/72 60/60
f 60/60 72/72 61/61
f 60/60 61/61 49/49
f 61/61 73/73 74/74
f 61/61 74/74 62/62
f 62/62 74/74 75/75
f 62/62 75/75 63/63
f 63/63 75/75 76/76
f 63/63 76/76 64/64
f 64/64 76/76 77/77
f 64/64 77/77 65/65
f 65/65 77/77 78/78
f 65/65 78/78 66/66
f 66/66 78/78 79/79
f 66/66 79/79 67/67
f 67/67 79/79 80/80
f 67/67 80/80 68/68
f 68/68 80/80 81/81
f 68/68 81/81 69/69
f 69/69 81/81 82/82
f 69/69 82/82 70/70
f 70/70 82/82 83/83
f 70/70 83/83 71/71
f 71/71 83/83 84/84
f 71/71 84/84 72/72
f 72/72 84/84 73/73
f 72/72 73/73 61/61
f 1/1 2/2 3/3
f 1/1 3/3 4/4
f 1/1 4/4 5/5
f 1/1 5/5 6/6
f 1/1 6/6 7/7
f 1/1 7/7 8/8
f 1/1 8/8 9/9
f 1/1 9/9 10/10
f 1/1 10/10 11/11
f 1/1 11/11 12/12
f 84/84 83/83 82/82
f 84/84 82/82 81/81
f 84/84 81/81 80/80
f 84/84 80/80 79/79
f 84/84 79/79 78/78
f 84/84 78/78 77/77
f 84/84 77/77 76/76
f 84/84 76/76 75/75
f 84/84 75/75 74/74
f 84/84 74/74 73/73
f 85/85 97/97 98/98
f 85/85 98/98 86/86
f 86/86 98/98 99/99
f 86/86 99/99 87/87
f 87/87 99/99 100/100
f 87/87 100/100 88/88
f 88/88 100/100 101/101
f 88/88 101/101 89/89
f 89/89 101/101 102/102
f 89/89 102/102 90/90
f 90/90 102/102 103/103
f 90/90 103/103 91/91
f 91/91 103/103 104/104
f 91/91 104/104 92/92
f 92/92 104/104 105/105
f 92/92 105/105 93/93
f 93/93 105/105 106/106
f 93/93 106/106 94/94
f 94/94 106/106 107/107
f 94/94 107/107 95/95
f 95/95 107/107 108/108
f 95/95 108/108 96/96
f 96/96 108/108 97/97
f 96/96 97/97 85/85
f 97/97 109/109 110/110
f 97/97 110/110 98/98
f 98/98 110/110 111/111
f 98/98 111/111 99/99
f 99/99 111/111 112/112
f 99/99 112/112 100/100
f 100/100 112/112 113/113
f 100/100 113/113 101/101
f 101/101 113/113 114/114
f 101/101 114/114 102/102
f 102/102 114/114 115/115
f 102/102 115/115 103/103
f 103/103 115/115 116/116
f 103/103 116/116 104/104
f 104/104 116/116 117/117
f 104/104 117/117 105/105
f 105/105 117/117 118/118
f 105/105 118/118 106/106
f 106/106 118/118 119/119
f 106/106 119/119 107/107
f 107/107 119/119 120/120
f 107/107 120/120 108/108
f 108/108 120/120 109/109
f 108/108 109/109 97/97
f 109/109 121/121 122/122
f 109/109 122/122 110/110
f 110/110 122/122 123/123
f 110/110 123/123 111/111
f 111/111 123/123 124/124
f 111/111 124/124 112/112
f 112/112 124/124 125/125
f 112/112 125/125 113/113
f 113/113 125/125 126/126
f 113/113 126/126 114/114
f 114/114 126/126 127/127
f 114/114 127/127 115/115
f 115/115 127/127 128/128
f 115/115 128/128 116/116
f 116/116 128/128 129/129
f 116/116 129/129 117/117
f 117/117 129/129 130/130
f 117/117 130/130 118/118
f 118/118 130/130 131/131
f 118/118 131/131 119/119
f 119/119 131/131 132/132
f 119/119 132/132 120/120
f 120/120 132/132 121/121
f 120/120 121/121 109/109
f 121/121 133/133 134/134
f 121/121 134/134 122/122
f 122/122 134/134 135/135
f 122/122 135/135 123/123
f 123/123 135/135 136/136
f 123/123 136/136 124/124
f 124/124 136/136 137/137
f 124/124 137/137 125/125
f 125/125 137/137 138/138
f 125/125 138/138 126/126
f 126/126 138/138 139/139
f 126/126 139/139 127/127
f 127/127 139/139 140/140
f 127/127 140/140 128/128
f 128/128 140/140 141/141
f 128/128 141/141 129/129
f 129/129 141/141 142/142
f 129/129 142/142 130/130
f 130/130 142/142 143/143
f 130/130 143/143 131/131
f 131/131 143/143 144/144
f 131/131 144/144 132/132
f 132/132 144/144 133/133
f 132/132 133/133 121/121
f 133/133 145/145 146/146
f 133/133 146/146 134/134
f 134/134 146/146 147/147
f 134/134 147/147 135/135
f 135/135 147/147 148/148
f 135/135 148/148 136/136
f 136/136 148/148 149/149
f 136/136 149/149 137/137
f 137/137 149/149 150/150
f 137/137 150/150 138/138
f 138/138 150/150 151/151
f 138/138 151/151 139/139
f 139/139 151/151 152/152
f 139/139 152/152 140/140
f 140/140 152/152 153/153
f 140/140 153/153 141/141
f 141/141 153/153 154/154
f 141/141 154/154 142/142
f 142/142 154/154 155/155
f 142/142 155/155 143/143
f 143/143 155/155 156/156
f 143/143 156/156 144/144
f 144/144 156/156 145/145
f 144/144 145/145 133/133
f 145/145 157/157 158/158
f 145/145 158/158 146/146
f 146/146 158/158 159/159
f 146/146 159/159 147/147
f 147/147 159/159 160/160
f 147/147 160/160 148/148
f 148/148 160/160 161/161
f 148/148 161/161 149/149
f 149/149 161/161 162/162
f 149/149 162/162 150/150
f 150/150 162/162 163/163
f 150/150 163/163 151/151
f 151/151 163/163 164/164
f 151/151 164/164 152/152
f 152/152 164/164 165/165
f 152/152 165/165 153/153
f 153/153 165/165 166/166
f 153/153 166/166 154/154
f 154/154 166/166 167/167
f 154/154 167/167 155/155
f 155/155 167/167 168/168
f 155/155 168/168 156/156
f 156/156 168/168 157/157
f 156/156 157/157 145/145
f 85/85 86/86 87/87
f 85/85 87/87 88/88
f 85/85 88/88 89/89
f 85/85 89/89 90/90
f 85/85 90/90 91/91
f 85/85 91/91 92/92
f 85/85 92/92 93/93
f 85/85 93/93 94/94
f 85/85 94/94 95/95
f 85/85 95/95 96/96
f 168/168 167/167 166/166
f 168/168 166/166 165/165
f 168/168 165/165 164/164
f 168/168 164/164 163/163
f 168/168 163/163 162/162
f 168/168 162/162 161/161
f 168/168 161/161 160/160
f 168/168 160/160 159/159
f 168/168 159/159 158/158
f 168/168 158/158 157/157
f 169/169 181/181 182/182
f 169/169 182/182 170/170
f 170/170 182/182 183/183
f 170/170 183/183 171/171
f 171/171 183/183 184/184
f 171/171 184/184 172/172
f 172/172 184/184 185/185
f 172/172 185/185 173/173
f 173/173 185/185 186/186
f 173/173 186/186 174/174
f 174/174 186/186 187/187
f 174/174 187/187 175/175
f 175/175 187/187 188/188
f 175/175 188/188 176/176
f 176/176 188/188 189/189
f 176/176 189/189 177/177
f 177/177 189/189 190/190
f 177/177 190/190 178/178
f 178/178 190/190 191/191
f 178/178 191/191 179/179
f 179/179 191/191 192/192
f 179/179 192/192 180/180
f 180/180 192/192 181/181
f 180/180 181/181 169/169
f 181/181 193/193 194/194
f 181/181 194/194 182/182
f 182/182 194/194 195/195
f 182/182 195/195 183/183
f 183/183 195/195 196/196
f 183/183 196/196 184/184
f 184/184 196/196 197/197
f 184/184 197/197 185/185
f 185/185 197/197 198/198
f 185/185 198/198 186/186
f 186/186 198/198 199/199
f 186/186 199/199 187/187
f 187/187 199/199 200/200
f 187/187 200/200 188/188
f 188/188 200/200 201/201
f 188/188 201/201 189/189
f 189/189 201/201 202/202
f 189/189 202/202 190/190
f 190/190 202/202 203/203
f 190/190 203/203 191/191
f 191/191 203/203 204/204
f 191/191 204/204 192/192
f 192/192 204/204 193/193
f 192/192 193/193 181/181
f 193/193 205/205 206/206
f 193/193 206/206 194/194
f 194/194 206/206 207/207
f 194/194 207/207 195/195
f 195/195 207/207 208/208
f 195/195 208/208 196/196
f 196/196 208/208 209/209
f 196/196 209/209 197/197
f 197/197 209/209 210/210
f 197/197 210/210 198/198
f 198/198 210/210 211/211
f 198/198 211/211 199/199
f 199/199 211/211 212/212
f 199/199 212/212 200/200
f 200/200 212/212 213/213
f 200/200 213/213 201/201
f 201/201 213/213 214/214
f 201/201 214/214 202/202
f 202/202 214/214 215/215
f 202/202 215/215 203/203
f 203/203 215/215 216/216
f 203/203 216/216 204/204
f 204/204 216/216 205/205
f 204/204 205/205 193/193
f 205/205 217/217 218/218
f 205/205 218/218 206/206
f 206/206 218/218 219/219
f 206/206 219/219 207/207
f 207/207 219/219 220/220
f 207/207 220/220 208/208
f 208/208 220/220 221/221
f 208/208 221/221 209/209
f 209/209 221/221 222/222
f 209/209 222/222 210/210
f 210/210 222/222 223/223
f 210/210 223/223 211/211
f 211/211 223/223 224/224
f 211/211 224/224 212/212
f 212/212 224/224 225/225
f 212/212 225/225 213/213
f 213/213 225/225 226/226
f 213/213 226/226 214/214
f 214/214 226/226 227/227
f 214/214 227/227 215/215
f 215/215 227/227 228/228
f 215/215 228/228 216/216
f 216/216 228/228 217/217
f 216/216 217/217 205/205
f 217/217 229/229 230/230
f 217/217 230/230 218/218
f 218/218 230/230 231/231
f 218/218 231/231 219/219
f 219/219 231/231 232/232
f 219/219 232/232 220/220
f 220/220 232/232 233/233
f 220/220 233/233 221/221
f 221/221 233/233 234/234
f 221/221 234/234 222/222
f 222/222 234/234 235/235
f 222/222 235/235 223/223
f 223/223 235/235 236/236
f 223/223 236/236 224/224
f 224/224 236/236 237/237
f 224/224 237/237 225/225
f 225/225 237/237 238/238
f 225/225 238/238 226/226
f 226/226 238/238 239/239
f 226/226 239/239 227/227
f 227/227 239/239 240/240
f 227/227 240/240 228/228
f 228/228 240/240 229/229
f 228/228 229/229 217/217
f 229/229 241/241 242/242
f 229/229 242/242 230/230
f 230/230 242/242 243/243
f 230/230 243/243 231/231
f 231/231 243/243 244/244
f 231/231 244/244 232/232
f 232/232 244/244 245/245
f 232/232 245/245 233/233
f 233/233 245/245 246/246
f 233/233 246/246 234/234
f 234/234 246/246 247/247
f 234/234 247/247 235/235
f 235/235 247/247 248/248
f 235/235 248/248 236/236
f 236/236 248/248 249/249
f 236/236 249/249 237/237
f 237/237 249/249 250/250
f 237/237 250/250 238/238
f 238/238 250/250 251/251
f 238/238 251/251 239/239
f 239/239 251/251 252/252
f 239/239 252/252 240/240
f 240/240 252/252 241/241
f 240/240 241/241 229/229
f 169/169 170/170 171/171
f 169/169 171/171 172/172
f 169/169 172/172 173/173
f 169/169 173/173 174/174
f 169/169 174/174 175/175
f 169/169 175/175 176/176
f 169/169 176/176 177/177
f 169/169 177/177 178/178
f 169/169 178/178 179/179
f 169/169 179/179 180/180
f 252/252 251/251 250/250
f 252/252 250/250 249/249
f 252/252 249/249 248/248
f 252/252 248/248 247/247
f 252/252 247/247 246/246
f 252/252 246/246 245/245
f 252/252 245/245 244/244
f 252/252 244/244 243/243
f 252/252 243/243 242/242
f 252/252 242/242 241/241
f 253/253 265/265 266/266
f 253/253 266/266 254/254
f 254/254 266/266 267/267
f 254/254 267/267 255/255
f 255/255 267/267 268/268
f 255/255 268/268 256/256
f 256/256 268/268 269/269
f 256/256 269/269 257/257
f 257/257 269/269 270/270
f 257/257 270/270 258/258
f 258/258 270/270 271/271
f 258/258 271/271 259/259
f 259/259 271/271 272/272
f 259/259 272/272 260/260
f 260/260 272/272 273/273
f 260/260 273/273 261/261
f 261/261 273/273 274/274
f 261/261 274/274 262/262
f 262/262 274/274 275/275
f 262/262 275/275 263/263
f 263/263 275/275 276/276
f 263/263 276/276 264/264
f 264/264 276/276 265/265
f 264/264 265/265 253/253
f 265/265 277/277 278/278
f 265/265 278/278 266/266
f 266/266 278/278 279/279
f 266/266 279/279 267/267
f 267/267 279/279 280/280
f 267/267 280/280 268/268
f 268/268 280/280 281/281
f 268/268 281/281 269/269
f 269/269 281/281 282/282
f 269/269 282/282 270/270
f 270/270 282/282 283/283
f 270/270 283/283 271/271
f 271/271 283/283 284/284
f 271/271 284/284 272/272
f 272/272 284/284 285/285
f 272/272 285/285 273/273
f 273/273 285/285 286/286
f 273/273 286/286 274/274
f 274/274 286/286 287/287
f 274/274 287/287 275/275
f 275/275 287/287 288/288
f 275/275 288/288 276/276
f 276/276 288/288 277/277
f 276/276 277/277 265/265
f 277/277 289/289 290/290
f 277/277 290/290 278/278
f 278/278 290/290 291/291
f 278/278 291/291 279/279
f 279/279 291/291 292/292
f 279/279 292/292 280/280
f 280/280 292/292 293/293
f 280/280 293/293 281/281
f 281/281 293/293 294/294
f 281/281 294/294 282/282
f 282/282 294/294 295/295
f 282/282 295/295 283/283
f 283/283 295/295 296/296
f 283/283 296/296 284/284
f 284/284 296/296 297/297
f 284/284 297/297 285/285
f 285/285 297/297 298/298
f 285/285 298/298 286/286
f 286/286 298/298 299/299
f 286/286 299/299 287/287
f 287/287 299/299 300/300
f 287/287 300/300 288/288
f 288/288 300/300 289/289
f 288/288 289/289 277/277
f 289/289 301/301 302/302
f 289/289 302/302 290/290
f 290/290 302/302 303/303
f 290/290 303/303 291/291
f 291/291 303/303 304/304
f 291/291 304/304 292/292
f 292/292 304/304 305/305
f 292/292 305/305 293/293
f 293/293 305/305 306/306
f 293/293 306/306 294/294
f 294/294 306/306 307/307
f 294/294 307/307 295/295
f 295/295 307/307 308/308
f 295/295 308/308 296/296
f 296/296 308/308 309/309
f 296/296 309/309 297/297
f 297/297 309/309 310/310
f 297/297 310/310 298/298
f 298/298 310/310 311/311
f 298/298 311/311 299/299
f 299/299 311/311 312/312
f 299/299 312/312 300/300
f 300/300 312/312 301/301
f 300/300 301/301 289/289
f 301/301 313/313 314/314
f 301/301 314/314 302/302
f 302/302 314/314 315/315
f 302/302 315/315 303/303
f 303/303 315/315 316/316
f 303/303 316/316 304/304
f 304/304 316/316 317/317
f 304/304 317/317 305/305
f 305/305 317/317 318/318
f 305/305 318/318 306/306
f 306/306 318/318 319/319
f 306/306 319/319 307/307
f 307/307 319/319 320/320
f 307/307 320/320 308/308
f 308/308 320/320 321/321
f 308/308 321/321 309/309
f 309/309 321/321 322/322
f 309/309 322/322 310/310
f 310/310 322/322 323/323
f 310/310 323/323 311/311
f 311/311 323/323 324/324
f 311/311 324/324 312/312
f 312/312 324/324 313/313
f 312/312 313/313 301/301
f 313/313 325/325 326/326
f 313/313 326/326 314/314
f 314/314 326/326 327/327
f 314/314 327/327 315/315
f 315/315 327/327 328/328
f 315/315 328/328 316/316
f 316/316 328/328 329/329
f 316/316 329/329 317/317
f 317/317 329/329 330/330
f 317/317 330/330 318/318
f 318/318 330/330 331/331
f 318/318 331/331 319/319
f 319/319 331/331 332/332
f 319/319 332/332 320/320
f 320/320 332/332 333/333
f 320/320 333/333 321/321
f 321/321 333/333 334/334
f 321/321 334/334 322/322
f 322/322 334/334 335/335
f 322/322 335/335 323/323
f 323/323 335/335 336/336
f 323/323 336/336 324/324
f 324/324 336/336 325/325
f 324/324 325/325 313/313
f 253/253 254/254 255/255
f 253/253 255/255 256/256
f 253/253 256/256 257/257
f 253/253 257/257 258/258
f 253/253 258/258 259/259
f 253/253 259/259 260/260
f 253/253 260/260 261/261
f 253/253 261/261 262/262
f 253/253 262/262 263/263
f 253/253 263/263 264/264
f 336/336 335/335 334/334
f 336/336 334/334 333/333
f 336/336 333/333 332/332
f 336/336 332/332 331/331
f 336/336 331/331 330/330
f 336/336 330/330 329/329
f 336/336 329/329 328/328
f 336/336 328/328 327/327
f 336/336 327/327 326/326
f 336/336 326/326 325/325
f 337/337 349/349 350/350
f 337/337 350/350 338/338
f 338/338 350/350 351/351
f 338/338 351/351 339/339
f 339/339 351/351 352/352
f 339/339 352/352 340/340
f 340/340 352/352 353/353
f 340/340 353/353 341/341
f 341/341 353/353 354/354
f 341/341 354/354 342/342
f 342/342 354/354 355/355
f 342/342 355/355 343/343
f 343/343 355/355 356/356
f 343/343 356/356 344/344
f 344/344 356/356 357/357
f 344/344 357/357 345/345
f 345/345 357/357 358/358
f 345/345 358/358 346/346
f 346/346 358/358 359/359
f 346/346 359/359 347/347
f 347/347 359/359 360/360
f 347/347 360/360 348/348
f 348/348 360/360 349/349
f 348/348 349/349 337/337
f 349/349 361/361 362/362
f 349/349 362/362 350/350
f 350/350 362/362 363/363
f 350/350 363/363 351/351
f 351/351 363/363 364/364
f 351/351 364/364 352/352
f 352/352 364/364 365/365
f 352/352 365/365 353/353
f 353/353 365/365 366/366
f 353/353 366/366 354/354
f 354/354 366/366 367/367
f 354/354 367/367 355/355
f 355/355 367/367 368/368
f 355/355 368/368 356/356
f 356/356 368/368 369/369
f 356/356 369/369 357/357
f 357/357 369/369 370/370
f 357/357 370/370 358/358
f 358/358 370/370 371/371
f 358/358 371/371 359/359
f 359/359 371/371 372/372
f 359/359 372/372 360/360
f 360/360 372/372 361/361
f 360/360 361/361 349/349
f 361/361 373/373 374/374
f 361/361 374/374 362/362
f 362/362 374/374 375/375
f 362/362 375/375 363/363
f 363/363 375/375 376/376
f 363/363 376/376 364/364
f 364/364 376/376 377/377
f 364/364 377/377 365/365
f 365/365 377/377 378/378
f 365/365 378/378 366/366
f 366/366 378/378 379/379
f 366/366 379/379 367/367
f 367/367 379/379 380/380
f 367/367 380/380 368/368
f 368/368 380/380 381/381
f 368/368 381/381 369/369
f 369/369 381/381 382/382
f 369/369 382/382 370/370
f 370/370 382/382 383/383
f 370/370 383/383 371/371
f 371/371 383/383 384/384
f 371/371 384/384 372/372
f 372/372 384/384 373/373
f 372/372 373/373 361/361
f 373/373 385/385 386/386
f 373/373 386/386 374/374
f 374/374 386/386 387/387
f 374/374 387/387 375/375
f 375/375 387/387 388/388
f 375/375 388/388 376/376
f 376/376 388/388 389/389
f 376/376 389/389 377/377
f 377/377 389/389 390/390
f 377/377 390/390 378/378
f 378/378 390/390 391/391
f 378/378 391/391 379/379
f 379/379 391/391 392/392
f 379/379 392/392 380/380
f 380/380 392/392 393/393
f 380/380 393/393 381/381
f 381/381 393/393 394/394
f 381/381 394/394 382/382
f 382/382 394/394 395/395
f 382/382 395/395 383/383
f 383/383 395/395 396/396
f 383/383 396/396 384/384
f 384/384 396/396 385/385
f 384/384 385/385 373/373
f 385/385 397/397 398/398
f 385/385 398/398 386/386
f 386/386 398/398 399/399
f 386/386 399/399 387/387
f 387/387 399/399 400/400
f 387/387 400/400 388/388
f 388/388 400/400 401/401
f 388/388 401/401 389/389
f 389/389 401/401 402/402
f 389/389 402/402 390/390
f 390/390 402/402 403/403
f 390/390 403/403 391/391
f 391/391 403/403 404/404
f 391/391 404/404 392/392
f 392/392 404/404 405/405
f 392/392 405/405 393/393
f 393/393 405/405 406/406
f 393/393 406/406 394/394
f 394/394 406/406 407/407
f 394/394 407/407 395/395
f 395/395 407/407 408/408
f 395/395 408/408 396/396
f 396/396 408/408 397/397
f 396/396 397/397 385/385
f 397/397 409/409 410/410
f 397/397 410/410 398/398
f 398/398 410/410 411/411
f 398/398 411/411 399/399
f 399/399 411/411 412/412
f 399/399 412/412 400/400
f 400/400 412/412 413/413
f 400/400 413/413 401/401
f 401/401 413/413 414/414
f 401/401 414/414 402/402
f 402/402 414/414 415/415
f 402/402 415/415 403/403
f 403/403 415/415 416/416
f 403/403 416/416 404/404
f 404/404 416/416 417/417
f 404/404 417/417 405/405
f 405/405 417/417 418/418
f 405/405 418/418 406/406
f 406/406 418/418 419/419
f 406/406 419/419 407/407
f 407/407 419/419 420/420
f 407/407 420/420 408/408
f 408/408 420/420 409/409
f 408/408 409/409 397/397
f 337/337 338/338 339/339
f 337/337 339/339 340/340
f 337/337 340/340 341/341
f 337/337 341/341 342/342
f 337/337 342/342 343/343
f 337/337 343/343 344/344
f 337/337 344/344 345/345
f 337/337 345/345 346/346
f 337/337 346/346 347/347
f 337/337 347/347 348/348
f 420/420 419/419 418/418
f 420/420 418/418 417/417
f 420/420 417/417 416/416
f 420/420 416/416 415/415
f 420/420 415/415 414/414
f 420/420 414/414 413/413
f 420/420 413/413 412/412
f 420/420 412/412 411/411
f 420/420 411/411 410/410
f 420/420 410/410 409/409
f 421/421 433/433 434/434
f 421/421 434/434 422/422
f 422/422 434/434 435/435
f 422/422 435/435 423/423
f 423/423 435/435 436/436
f 423/423 436/436 424/424
f 424/424 436/436 437/437
f 424/424 437/437 425/425
f 425/425 437/437 438/438
f 425/425 438/438 426/426
f 426/426 438/438 439/439
f 426/426 439/439 427/427
f 427/427 439/439 440/440
f 427/427 440/440 428/428
f 428/428 440/440 441/441
f 428/428 441/441 429/429
f 429/429 441/441 442/442
f 429/429 442/442 430/430
f 430/430 442/442 443/443
f 430/430 443/443 431/431
f 431/431 443/443 444/444
f 431/431 444/444 432/432
f 432/432 444/444 433/433
f 432/432 433/433 421/421
f 433/433 445/445 446/446
f 433/433 446/446 434/434
f 434/434 446/446 447/447
f 434/434 447/447 435/435
f 435/435 447/447 448/448
f 435/435 448/448 436/436
f 436/436 448/448 449/449
f 436/436 449/449 437/437
f 437/437 449/449 450/450
f 437/437 450/450 438/438
f 438/438 450/450 451/451
f 438/438 451/451 439/439
f 439/439 451/451 452/452
f 439/439 452/452 440/440
f 440/440 452/452 453/453
f 440/440 453/453 441/441
f 441/441 453/453 454/454
f 441/441 454/454 442/442
f 442/442 454/454 455/455
f 442/442 455/455 443/443
f 443/443 455/455 456/456
f 443/443 456/456 444/444
f 444/444 456/456 445/445
f 444/444 445/445 433/433
f 445/445 457/457 458/458
f 445/445 458/458 446/446
f 446/446 458/458 459/459
f 446/446 459/459 447/447
f 447/447 459/459 460/460
f 447/447 460/460 448/448
f 448/448 460/460 461/461
f 448/448 461/461 449/449
f 449/449 461/461 462/462
f 449/449 462/462 450/450
f 450/450 462/462 463/463
f 450/450 463/463 451/451
f 451/451 463/463 464/464
f 451/451 464/464 452/452
f 452/452 464/464 465/465
f 452/452 465/465 453/453
f 453/453 465/465 466/466
f 453/453 466/466 454/454
f 454/454 466/466 467/467
f 454/454 467/467 455/455
f 455/455 467/467 468/468
f 455/455 468/468 456/456
f 456/456 468/468 457/457
f 456/456 457/457 445/445
f 457/457 469/469 470/470
f 457/457 470/470 458/458
f 458/458 470/470 471/471
f 458/458 471/471 459/459
f 459/459 471/471 472/472
f 459/459 472/472 460/460
f 460/460 472/472 473/473
f 460/460 473/473 461/461
f 461/461 473/473 474/474
f 461/461 474/474 462/462
f 462/462 474/474 475/475
f 462/462 475/475 463/463
f 463/463 475/475 476/476
f 463/463 476/476 464/464
f 464/464 476/476 477/477
f 464/464 477/477 465/465
f 465/465 477/477 478/478
f 465/465 478/478 466/466
f 466/466 478/478 479/479
f 466/466 479/479 467/467
f 467/467 479/479 480/480
f 467/467 480/480 468/468
f 468/468 480/480 469/469
f 468/468 469/469 457/457
f 469/469 481/481 482/482
f 469/469 482/482 470/470
f 470/470 482/482 483/483
f 470/470 483/483 471/471
f 471/471 483/483 484/484
f 471/471 484/484 472/472
f 472/472 484/484 485/485
f 472/472 485/485 473/473
f 473/473 485/485 486/486
f 473/473 486/486 474/474
f 474/474 486/486 487/487
f 474/474 487/487 475/475
f 475/475 487/487 488/488
f 475/475 488/488 476/476
f 476/476 488/488 489/489
f 476/476 489/489 477/477
f 477/477 489/489 490/490
f 477/477 490/490 478/478
f 478/478 490/490 491/491
f 478/478 491/491 479/479
f 479/479 491/491 492/492
f 479/479 492/492 480/480
f 480/480 492/492 481/481
f 480/480 481/481 469/469
f 481/481 493/493 494/494
f 481/481 494/494 482/482
f 482/482 494/494 495/495
f 482/482 495/495 483/483
f 483/483 495/495 496/496
f 483/483 496/496 484/484
f 484/484 496/496 497/497
f 484/484 497/497 485/485
f 485/485 497/497 498/498
f 485/485 498/498 486/486
f 486/486 498/498 499/499
f 486/486 499/499 487/487
f 487/487 499/499 500/500
f 487/487 500/500 488/488
f 488/488 500/500 501/501
f 488/488 501/501 489/489
f 489/489 501/501 502/502
f 489/489 502/502 490/490
f 490/490 502/502 503/503
f 490/490 503/503 491/491
f 491/491 503/503 504/504
f 491/491 504/504 492/492
f 492/492 504/504 493/493
f 492/492 493/493 481/481
f 421/421 422/422 423/423
f 421/421 423/423 424/424
f 421/421 424/424 425/425
f 421/421 425/425 426/426
f 421/421 426/426 427/427
f 421/421 427/427 428/428
f 421/421 428/428 429/429
f 421/421 429/429 430/430
f 421/421 430/430 431/431
f 421/421 431/431 432/432
f 504/504 503/503 502/502
f 504/504 502/502 501/501
f 504/504 501/501 500/500
f 504/504 500/500 499/499
f 504/504 499/499 498/498
f 504/504 498/498 497/497
f 504/504 497/497 496/496
f 504/504 496/496 495/495
f 504/504 495/495 494/494
f 504/504 494/494 493/493
f 505/505 517/517 518/518
f 505/505 518/518 506/506
f 506/506 518/518 519/519
f 506/506 519/519 507/507
f 507/507 519/519 520/520
f 507/507 520/520 508/508
f 508/508 520/520 521/521
f 508/508 521/521 509/509
f 509/509 521/521 522/522
f 509/509 522/522 510/510
f 510/510 522/522 523/523
f 510/510 523/523 511/511
f 511/511 523/523 524/524
f 511/511 524/524 512/512
f 512/512 524/524 525/525
f 512/512 525/525 513/513
f 513/513 525/525 526/526
f 513/513 526/526 514/514
f 514/514 526/526 527/527
f 514/514 527/527 515/515
f 515/515 527/527 528/528
f 515/515 528/528 516/516
f 516/516 528/528 517/517
f 516/516 517/517 505/505
f 517/517 529/529 530/530
f 517/517 530/530 518/518
f 518/518 530/530 531/531
f 518/518 531/531 519/519
f 519/519 531/531 532/532
f 519/519 532/532 520/520
f 520/520 532/532 533/533
f 520/520 533/533 521/521
f 521/521 533/533 534/534
f 521/521 534/534 522/522
f 522/522 534/534 535/535
f 522/522 535/535 523/523
f 523/523 535/535 536/536
f 523/523 536/536 524/524
f 524/524 536/536 537/537
f 524/524 537/537 525/525
f 525/525 537/537 538/538
f 525/525 538/538 526/526
f 526/526 538/538 539/539
f 526/526 539/539 527/527
f 527/527 539/539 540/540
f 527/527 540/540 528/528
f 528/528 540/540 529/529
f 528/528 529/529 517/517
f 529/529 541/541 542/542
f 529/529 542/542 530/530
f 530/530 542/542 543/543
f 530/530 543/543 531/531
f 531/531 543/543 544/544
f 531/531 544/544 532/532
f 532/532 544/544 545/545
f 532/532 545/545 533/533
f 533/533 545/545 546/546
f 533/533 546/546 534/534
f 534/534 546/546 547/547
f 534/534 547/547 535/535
f 535/535 547/547 548/548
f 535/535 548/548 536/536
f 536/536 548/548 549/549
f 536/536 549/549 537/537
f 537/537 549/549 550/550
f 537/537 550/550 538/538
f 538/538 550/550 551/551
f 538/538 551/551 539/539
f 539/539 551/551 552/552
f 539/539 552/552 540/540
f 540/540 552/552 541/541
f 540/540 541/541 529/529
f 541/541 553/553 554/554
f 541/541 554/554 542/542
f 542/542 554/554 555/555
f 542/542 555/555 543/543
f 543/543 555/555 556/556
f 543/543 556/556 544/544
f 544/544 556/556 557/557
f 544/544 557/557 545/545
f 545/545 557/557 558/558
f 545/545 558/558 546/546
f 546/546 558/558 559/559
f 546/546 559/559 547/547
f 547/547 559/559 560/560
f 547/547 560/560 548/548
f 548/548 560/560 561/561
f 548/548 561/561 549/549
f 549/549 561/561 562/562
f 549/549 562/562 550/550
f 550/550 562/562 563/563
f 550/550 563/563 551/551
f 551/551 563/563 564/564
f 551/551 564/564 552/552
f 552/552 564/564 553/553
f 552/552 553/553 541/541
f 553/553 565/565 566/566
f 553/553 566/566 554/554
f 554/554 566/566 567/567
f 554/554 567/567 555/555
f 555/555 567/567 568/568
f 555/555 568/568 556/556
f 556/556 568/568 569/569
f 556/556 569/569 557/557
f 557/557 569/569 570/570
f 557/557 570/570 558/558
f 558/558 570/570 571/571
f 558/558 571/571 559/559
f 559/559 571/571 572/572
f 559/559 572/572 560/560
f 560/560 572/572 573/573
f 560/560 573/573 561/561
f 561/561 573/573 574/574
f 561/561 574/574 562/562
f 562/562 574/574 575/575
f 562/562 575/575 563/563
f 563/563 575/575 576/576
f 563/563 576/576 564/564
f 564/564 576/576 565/565
f 564/564 565/565 553/553
f 565/565 577/577 578/578
f 565/565 578/578 566/566
f 566/566 578/578 579/579
f 566/566 579/579 567/567
f 567/567 579/579 580/580
f 567/567 580/580 568/568
f 568/568 580/580 581/581
f 568/568 581/581 569/569
f 569/569 581/581 582/582
f 569/569 582/582 570/570
f 570/570 582/582 583/583
f 570/570 583/583 571/571
f 571/571 583/583 584/584
f 571/571 584/584 572/572
f 572/572 584/584 585/585
f 572/572 585/585 573/573
f 573/573 585/585 586/586
f 573/573 586/586 574/574
f 574/574 586/586 587/587
f 574/574 587/587 575/575
f 575/575 587/587 588/588
f 575/575 588/588 576/576
f 576/576 588/588 577/577
f 576/576 577/577 565/565
f 505/505 506/506 507/507
f 505/505 507/507 508/508
f 505/505 508/508 509/509
f 505/505 509/509 510/510
f 505/505 510/510 511/511
f 505/505 511/511 512/512
f 505/505 512/512 513/513
f 505/505 513/513 514/514
f 505/505 514/514 515/515
f 505/505 515/515 516/516
f 588/588 587/587 586/586
f 588/588 586/586 585/585
f 588/588 585/585 584/584
f 588/588 584/584 583/583
f 588/588 583/583 582/582
f 588/588 582/582 581/581
f 588/588 581/581 580/580
f 588/588 580/580 579/579
f 588/588 579/579 578/578
f 588/588 578/578 577/577
f 589/589 601/601 602/602
f 589/589 602/602 590/590
f 590/590 602/602 603/603
f 590/590 603/603 591/591
f 591/591 603/603 604/604
f 591/591 604/604 592/592
f 592/592 604/604 605/605
f 592/592 605/605 593/593
f 593/593 605/605 606/606
f 593/593 606/606 594/594
f 594/594 606/606 607/607
f 594/594 607/607 595/595
f 595/595 607/607 608/608
f 595/595 608/608 596/596
f 596/596 608/608 609/609
f 596/596 609/609 597/597
f 597/597 609/609 610/610
f 597/597 610/610 598/598
f 598/598 610/610 611/611
f 598/598 611/611 599/599
f 599/599 611/611 612/612
f 599/599 612/612 600/600
f 600/600 612/612 601/601
f 600/600 601/601 589/589
f 601/601 613/613 614/614
f 601/601 614/614 602/602
f 602/602 614/614 615/615
f 602/602 615/615 603/603
f 603/603 615/615 616/616
f 603/603 616/616 604/604
f 604/604 616/616 617/617
f 604/604 617/617 605/605
f 605/605 617/617 618/618
f 605/605 618/618 606/606
f 606/606 618/618 619/619
f 606/606 619/619 607/607
f 607/607 619/619 620/620
f 607/607 620/620 608/608
f 608/608 620/620 621/621
f 608/608 621/621 609/609
f 609/609 621/621 622/622
f 609/609 622/622 610/610
f 610/610 622/622 623/623
f 610/610 623/623 611/611
f 611/611 623/623 624/624
f 611/611 624/624 612/612
f 612/612 624/624 613/613
f 612/612 613/613 601/601
f 613/613 625/625 626/626
f 613/613 626/626 614/614
f 614/614 626/626 627/627
f 614/614 627/627 615/615
f 615/615 627/627 628/628
f 615/615 628/628 616/616
f 616/616 628/628 629/629
f 616/616 629/629 617/617
f 617/617 629/629 630/630
f 617/617 630/630 618/618
f 618/618 630/630 631/631
f 618/618 631/631 619/619
f 619/619 631/631 632/632
f 619/619 632/632 620/620
f 620/620 632/632 633/633
f 620/620 633/633 621/621
f 621/621 633/633 634/634
f 621/621 634/634 622/622
f 622/622 634/634 635/635
f 622/622 635/635 623/623
f 623/623 635/635 636/636
f 623/623 636/636 624/624
f 624/624 636/636 625/625
f 624/624 625/625 613/613
f 625/625 637/637 638/638
f 625/625 638/638 626/626
f 626/626 638/638 639/639
f 626/626 639/639 627/627
f 627/627 639/639 640/640
f 627/627 640/640 628/628
f 628/628 640/640 641/641
f 628/628 641/641 629/629
f 629/629 641/641 642/642
f 629/629 642/642 630/630
f 630/630 642/642 643/643
f 630/630 643/643 631/631
f 631/631 643/643 644/644
f 631/631 644/644 632/632
f 632/632 644/644 645/645
f 632/632 645/645 633/633
f 633/633 645/645 646/646
f 633/633 646/646 634/634
f 634/634 646/646 647/647
f 634/634 647/647 635/635
f 635/635 647/647 648/648
f 635/635 648/648 636/636
f 636/636 648/648 637/637
f 636/636 637/637 625/625
f 637/637 649/649 650/650
f 637/637 650/650 638/638
f 638/638 650/650 651/651
f 638/638 651/651 639/639
f 639/639 651/651 652/652
f 639/639 652/652 640/640
f 640/640 652/652 653/653
f 640/640 653/653 641/641
f 641/641 653/653 654/654
f 641/641 654/654 642/642
f 642/642 654/654 655/655
f 642/642 655/655 643/643
f 643/643 655/655 656/656
f 643/643 656/656 644/644
f 644/644 656/656 657/657
f 644/644 657/657 645/645
f 645/645 657/657 658/658
f 645/645 658/658 646/646
f 646/646 658/658 659/659
f 646/646 659/659 647/647
f 647/647 659/659 660/660
f 647/647 660/660 648/648
f 648/648 660/660 649/649
f 648/648 649/649 637/637
f 649/649 661/661 662/662
f 649/649 662/662 650/650
f 650/650 662/662 663/663
f 650/650 663/663 651/651
f 651/651 663/663 664/664
f 651/651 664/664 652/652
f 652/652 664/664 665/665
f 652/652 665/665 653/653
f 653/653 665/665 666/666
f 653/653 666/666 654/654
f 654/654 666/666 667/667
f 654/654 667/667 655/655
f 655/655 667/667 668/668
f 655/655 668/668 656/656
f 656/656 668/668 669/669
f 656/656 669/669 657/657
f 657/657 669/669 670/670
f 657/657 670/670 658/658
f 658/658 670/670 671/671
f 658/658 671/671 659/659
f 659/659 671/671 672/672
f 659/659 672/672 660/660
f 660/660 672/672 661/661
f 660/660 661/661 649/649
f 589/589 590/590 591/591
f 589/589 591/591 592/592
f 589/589 592/592 593/593
f 589/589 593/593 594/594
f 589/589 594/594 595/595
f 589/589 595/595 596/596
f 589/589 596/596 597/597
f 589/589 597/597 598/598
f 589/589 598/598 599/599
f 589/589 599/599 600/600
f 672/672 671/671 670/670
f 672/672 670/670 669/669
f 672/672 669/669 668/668
f 672/672 668/668 667/667
f 672/672 667/667 666/666
f 672/672 666/666 665/665
f 672/672 665/665 664/664
f 672/672 664/664 663/663
f 672/672 663/663 662/662
f 672/672 662/662 661/661
f 673/673 685/685 686/686
f 673/673 686/686 674/674
f 674/674 686/686 687/687
f 674/674 687/687 675/675
f 675/675 687/687 688/688
f 675/675 688/688 676/676
f 676/676 688/688 689/689
f 676/676 689/689 677/677
f 677/677 689/689 690/690
f 677/677 690/690 678/678
f 678/678 690/690 691/691
f 678/678 691/691 679/679
f 679/679 691/691 692/692
f 679/679 692/692 680/680
f 680/680 692/692 693/693
f 680/680 693/693 681/681
f 681/681 693/693 694/694
f 681/681 694/694 682/682
f 682/682 694/694 695/695
f 682/682 695/695 683/683
f 683/683 695/695 696/696
f 683/683 696/696 684/684
f 684/684 696/696 685/685
f 684/684 685/685 673/673
f 685/685 697/697 698/698
f 685/685 698/698 686/686
f 686/686 698/698 699/699
f 686/686 699/699 687/687
f 687/687 699/699 700/700
f 687/687 700/700 688/688
f 688/688 700/700 701/701
f 688/688 701/701 689/689
f 689/689 701/701 702/702
f 689/689 702/702 690/690
f 690/690 702/702 703/703
f 690/690 703/703 691/691
f 691/691 703/703 704/704
f 691/691 704/704 692/692
f 692/692 704/704 705/705
f 692/692 705/705 693/693
f 693/693 705/705 706/706
f 693/693 706/706 694/694
f 694/694 706/706 707/707
f 694/694 707/707 695/695
f 695/695 707/707 708/708
f 695/695 708/708 696/696
f 696/696 708/708 697/697
f 696/696 697/697 685/685
f 697/697 709/709 710/710
f 697/697 710/710 698/698
f 698/698 710/710 711/711
f 698/698 711/711 699/699
f 699/699 711/711 712/712
f 699/699 712/712 700/700
f 700/700 712/712 713/713
f 700/700 713/713 701/701
f 701/701 713/713 714/714
f 701/701 714/714 702/702
f 702/702 714/714 715/715
f 702/702 715/715 703/703
f 703/703 715/715 716/716
f 703/703 716/716 704/704
f 704/704 716/716 717/717
f 704/704 717/717 705/705
f 705/705 717/717 718/718
f 705/705 718/718 706/706
f 706/706 718/718 719/719
f 706/706 719/719 707/707
f 707/707 719/719 720/720
f 707/707 720/720 708/708
f 708/708 720/720 709/709
f 708/708 709/709 697/697
f 709/709 721/721 722/722
f 709/709 722/722 710/710
f 710/710 722/722 723/723
f 710/710 723/723 711/711
f 711/711 723/723 724/724
f 711/711 724/724 712/712
f 712/712 724/724 725/725
f 712/712 725/725 713/713
f 713/713 725/725 726/726
f 713/713 726/726 714/714
f 714/714 726/726 727/727
f 714/714 727/727 715/715
f 715/715 727/727 728/728
f 715/715 728/728 716/716
f 716/716 728/728 729/729
f 716/716 729/729 717/717
f 717/717 729/729 730/730
f 717/717 730/730 718/718
f 718/718 730/730 731/731
f 718/718 731/731 719/719
f 719/719 731/731 732/732
f 719/719 732/732 720/720
f 720/720 732/732 721/721
f 720/720 721/721 709/709
f 721/721 733/733 734/734
f 721/721 734/734 722/722
f 722/722 734/734 735/735
f 722/722 735/735 723/723
f 723/723 735/735 736/736
f 723/723 736/736 724/724
f 724/724 736/736 737/737
f 724/724 737/737 725/725
f 725/725 737/737 738/738
f 725/725 738/738 726/726
f 726/726 738/738 739/739
f 726/726 739/739 727/727
f 727/727 739/739 740/740
f 727/727 740/740 728/728
f 728/728 740/740 741/741
f 728/728 741/741 729/729
f 729/729 741/741 742/742
f 729/729 742/742 730/730
f 730/730 742/742 743/743
f 730/730 743/743 731/731
f 731/731 743/743 744/744
f 731/731 744/744 732/732
f 732/732 744/744 733/733
f 732/732 733/733 721/721
f 733/733 745/745 746/746
f 733/733 746/746 734/734
f 734/734 746/746 747/747
f 734/734 747/747 735/735
f 735/735 747/747 748/748
f 735/735 748/748 736/736
f 736/736 748/748 749/749
f 736/736 749/749 737/737
f 737/737 749/749 750/750
f 737/737 750/750 738/738
f 738/738 750/750 751/751
f 738/738 751/751 739/739
f 739/739 751/751 752/752
f 739/739 752/752 740/740
f 740/740 752/752 753/753
f 740/740 753/753 741/741
f 741/741 753/753 754/754
f 741/741 754/754 742/742
f 742/742 754/754 755/755
f 742/742 755/755 743/743
f 743/743 755/755 756/756
f 743/743 756/756 744/744
f 744/744 756/756 745/745
f 744/744 745/745 733/733
f 673/673 674/674 675/675
f 673/673 675/675 676/676
f 673/673 676/676 677/677
f 673/673 677/677 678/678
f 673/673 678/678 679/679
f 673/673 679/679 680/680
f 673/673 680/680 681/681
f 673/673 681/681 682/682
f 673/673 682/682 683/683
f 673/673 683/683 684/684
f 756/756 755/755 754/754
f 756/756 754/754 753/753
f 756/756 753/753 752/752
f 756/756 752/752 751/751
f 756/756 751/751 750/750
f 756/756 750/750 749/749
f 756/756 749/749 748/748
f 756/756 748/748 747/747
f 756/756 747/747 746/746
f 756/756 746/746 745/745
f 757/757 769/769 770/770
f 757/757 770/770 758/758
f 758/758 770/770 771/771
f 758/758 771/771 759/759
f 759/759 771/771 772/772
f 759/759 772/772 760/760
f 760/760 772/772 773/773
f 760/760 773/773 761/761
f 761/761 773/773 774/774
f 761/761 774/774 762/762
f 762/762 774/774 775/775
f 762/762 775/775 763/763
f 763/763 775/775 776/776
f 763/763 776/776 764/764
f 764/764 776/776 777/777
f 764/764 777/777 765/765
f 765/765 777/777 778/778
f 765/765 778/778 766/766
f 766/766 778/778 779/779
f 766/766 779/779 767/767
f 767/767 779/779 780/780
f 767/767 780/780 768/768
f 768/768 780/780 769/769
f 768/768 769/769 757/757
f 769/769 781/781 782/782
f 769/769 782/782 770/770
f 770/770 782/782 783/783
f 770/770 783/783 771/771
f 771/771 783/783 784/784
f 771/771 784/784 772/772
f 772/772 784/784 785/785
f 772/772 785/785 773/773
f 773/773 785/785 786/786
f 773/773 786/786 774/774
f 774/774 786/786 787/787
f 774/774 787/787 775/775
f 775/775 787/787 788/788
f 775/775 788/788 776/776
f 776/776 788/788 789/789
f 776/776 789/789 777/777
f 777/777 789/789 790/790
f 777/777 790/790 778/778
f 778/778 790/790 791/791
f 778/778 791/791 779/779
f 779/779 791/791 792/792
f 779/779 792/792 780/780
f 780/780 792/792 781/781
f 780/780 781/781 769/769
f 781/781 793/793 794/794
f 781/781 794/794 782/782
f 782/782 794/794 795/795
f 782/782 795/795 783/783
f 783/783 795/795 796/796
f 783/783 796/796 784/784
f 784/784 796/796 797/797
f 784/784 797/797 785/785
f 785/785 797/797 798/798
f 785/785 798/798 786/786
f 786/786 798/798 799/799
f 786/786 799/799 787/787
f 787/787 799/799 800/800
f 787/787 800/800 788/788
f 788/788 800/800 801/801
f 788/788 801/801 789/789
f 789/789 801/801 802/802
f 789/789 802/802 790/790
f 790/790 802/802 803/803
f 790/790 803/803 791/791
f 791/791 803/803 804/804
f 791/791 804/804 792/792
f 792/792 804/804 793/793
f 792/792 793/793 781/781
f 793/793 805/805 806/806
f 793/793 806/806 794/794
f 794/794 806/806 807/807
f 794/794 807/807 795/795
f 795/795 807/807 808/808
f 795/795 808/808 796/796
f 796/796 808/808 809/809
f 796/796 809/809 797/797
f 797/797 809/809 810/810
f 797/797 810/810 798/798
f 798/798 810/810 811/811
f 798/798 811/811 799/799
f 799/799 811/811 812/812
f 799/799 812/812 800/800
f 800/800 812/812 813/813
f 800/800 813/813 801/801
f 801/801 813/813 814/814
f 801/801 814/814 802/802
f 802/802 814/814 815/815
f 802/802 815/815 803/803
f 803/803 815/815 816/816
f 803/803 816/816 804/804
f 804/804 816/816 805/805
f 804/804 805/805 793/793
f 805/805 817/817 818/818
f 805/805 818/818 806/806
f 806/806 818/818 819/819
f 806/806 819/819 807/807
f 807/807 819/819 820/820
f 807/807 820/820 808/808
f 808/808 820/820 821/821
f 808/808 821/821 809/809
f 809/809 821/821 822/822
f 809/809 822/822 810/810
f 810/810 822/822 823/823
f 810/810 823/823 811/811
f 811/811 823/823 824/824
f 811/811 824/824 812/812
f 812/812 824/824 825/825
f 812/812 825/825 813/813
f 813/813 825/825 826/826
f 813/813 826/826 814/814
f 814/814 826/826 827/827
f 814/814 827/827 815/815
f 815/815 827/827 828/828
f 815/815 828/828 816/816
f 816/816 828/828 817/817
f 816/816 817/817 805/805
f 817/817 829/829 830/830
f 817/817 830/830 818/818
f 818/818 830/830 831/831
f 818/818 831/831 819/819
f 819/819 831/831 832/832
f 819/819 832/832 820/820
f 820/820 832/832 833/833
f 820/820 833/833 821/821
f 821/821 833/833 834/834
f 821/821 834/834 822/822
f 822/822 834/834 835/835
f 822/822 835/835 823/823
f 823/823 835/835 836/836
f 823/823 836/836 824/824
f 824/824 836/836 837/837
f 824/824 837/837 825/825
f 825/825 837/837 838/838
f 825/825 838/838 826/826
f 826/826 838/838 839/839
f 826/826 839/839 827/827
f 827/827 839/839 840/840
f 827/827 840/840 828/828
f 828/828 840/840 829/829
f 828/828 829/829 817/817
f 757/757 758/758 759/759
f 757/757 759/759 760/760
f 757/757 760/760 761/761
f 757/757 761/761 762/762
f 757/757 762/762 763/763
f 757/757 763/763 764/764
f 757/757 764/764 765/765
f 757/757 765/765 766/766
f 757/757 766/766 767/767
f 757/757 767/767 768/768
f 840/840 839/839 838/838
f 840/840 838/838 837/837
f 840/840 837/837 836/836
f 840/840 836/836 835/835
f 840/840 835/835 834/834
f 840/840 834/834 833/833
f 840/840 833/833 832/832
f 840/840 832/832 831/831
f 840/840 831/831 830/830
f 840/840 830/830 829/829
f 841/841 853/853 854/854
f 841/841 854/854 842/842
f 842/842 854/854 855/855
f 842/842 855/855 843/843
f 843/843 855/855 856/856
f 843/843 856/856 844/844
f 844/844 856/856 857/857
f 844/844 857/857 845/845
f 845/845 857/857 858/858
f 845/845 858/858 846/846
f 846/846 858/858 859/859
f 846/846 859/859 847/847
f 847/847 859/859 860/860
f 847/847 860/860 848/848
f 848/848 860/860 861/861
f 848/848 861/861 849/849
f 849/849 861/861 862/862
f 849/849 862/862 850/850
f 850/850 862/862 863/863
f 850/850 863/863 851/851
f 851/851 863/863 864/864
f 851/851 864/864 852/852
f 852/852 864/864 853/853
f 852/852 853/853 841/841
f 853/853 865/865 866/866
f 853/853 866/866 854/854
f 854/854 866/866 867/867
f 854/854 867/867 855/855
f 855/855 867/867 868/868
f 855/855 868/868 856/856
f 856/856 868/868 869/869
f 856/856 869/869 857/857
f 857/857 869/869 870/870
f 857/857 870/870 858/858
f 858/858 870/870 871/871
f 858/858 871/871 859/859
f 859/859 871/871 872/872
f 859/859 872/872 860/860
f 860/860 872/872 873/873
f 860/860 873/873 861/861
f 861/861 873/873 874/874
f 861/861 874/874 862/862
f 862/862 874/874 875/875
f 862/862 875/875 863/863
f 863/863 875/875 876/876
f 863/863 876/876 864/864
f 864/864 876/876 865/865
f 864/864 865/865 853/853
f 865/865 877/877 878/878
f 865/865 878/878 866/866
f 866/866 878/878 879/879
f 866/866 879/879 867/867
f 867/867 879/879 880/880
f 867/867 880/880 868/868
f 868/868 880/880 881/881
f 868/868 881/881 869/869
f 869/869 881/881 882/882
f 869/869 882/882 870/870
f 870/870 882/882 883/883
f 870/870 883/883 871/871
f 871/871 883/883 884/884
f 871/871 884/884 872/872
f 872/872 884/884 885/885
f 872/872 885/885 873/873
f 873/873 885/885 886/886
f 873/873 886/886 874/874
f 874/874 886/886 887/887
f 874/874 887/887 875/875
f 875/875 887/887 888/888
f 875/875 888/888 876/876
f 876/876 888/888 877/877
f 876/876 877/877 865/865
f 877/877 889/889 890/890
f 877/877 890/890 878/878
f 878/878 890/890 891/891
f 878/878 891/891 879/879
f 879/879 891/891 892/892
f 879/879 892/892 880/880
f 880/880 892/892 893/893
f 880/880 893/893 881/881
f 881/881 893/893 894/894
f 881/881 894/894 882/882
f 882/882 894/894 895/895
f 882/882 895/895 883/883
f 883/883 895/895 896/896
f 883/883 896/896 884/884
f 884/884 896/896 897/897
f 884/884 897/897 885/885
f 885/885 897/897 898/898
f 885/885 898/898 886/886
f 886/886 898/898 899/899
f 886/886 899/899 887/887
f 887/887 899/899 900/900
f 887/887 900/900 888/888
f 888/888 900/900 889/889
f 888/888 889/889 877/877
f 889/889 901/901 902/902
f 889/889 902/902 890/890
f 890/890 902/902 903/903
f 890/890 903/903 891/891
f 891/891 903/903 904/904
f 891/891 904/904 892/892
f 892/892 904/904 905/905
f 892/892 905/905 893/893
f 893/893 905/905 906/906
f 893/893 906/906 894/894
f 894/894 906/906 907/907
f 894/894 907/907 895/895
f 895/895 907/907 908/908
f 895/895 908/908 896/896
f 896/896 908/908 909/909
f 896/896 909/909 897/897
f 897/897 909/909 910/910
f 897/897 910/910 898/898
f 898/898 910/910 911/911
f 898/898 911/911 899/899
f 899/899 911/911 912/912
f 899/899 912/912 900/900
f 900/900 912/912 901/901
f 900/900 901/901 889/889
f 901/901 913/913 914/914
f 901/901 914/914 902/902
f 902/902 914/914 915/915
f 902/902 915/915 903/903
f 903/903 915/915 916/916
f 903/903 916/916 904/904
f 904/904 916/916 917/917
f 904/904 917/917 905/905
f 905/905 917/917 918/918
f 905/905 918/918 906/906
f 906/906 918/918 919/919
f 906/906 919/919 907/907
f 907/907 919/919 920/920
f 907/907 920/920 908/908
f 908/908 920/920 921/921
f 908/908 921/921 909/909
f 909/909 921/921 922/922
f 909/909 922/922 910/910
f 910/910 922/922 923/923
f 910/910 923/923 911/911
f 911/911 923/923 924/924
f 911/911 924/924 912/912
f 912/912 924/924 913/913
f 912/912 913/913 901/901
f 841/841 842/842 843/843
f 841/841 843/843 844/844
f 841/841 844/844 845/845
f 841/841 845/845 846/846
f 841/841 846/846 847/847
f 841/841 847/847 848/848
f 841/841 848/848 849/849
f 841/841 849/849 850/850
f 841/841 850/850 851/851
f 841/841 851/851 852/852
f 924/924 923/923 922/922
f 924/924 922/922 921/921
f 924/924 921/921 920/920
f 924/924 920/920 919/919
f 924/924 919/919 918/918
f 924/924 918/918 917/917
f 924/924 917/917 916/916
f 924/924 916/916 915/915
f 924/924 915/915 914/914
f 924/924 914/914 913/913
f 925/925 937/937 938/938
f 925/925 938/938 926/926
f 926/926 938/938 939/939
f 926/926 939/939 927/927
f 927/927 939/939 940/940
f 927/927 940/940 928/928
f 928/928 940/940 941/941
f 928/928 941/941 929/929
f 929/929 941/941 942/942
f 929/929 942/942 930/930
f 930/930 942/942 943/943
f 930/930 943/943 931/931
f 931/931 943/943 944/944
f 931/931 944/944 932/932
f 932/932 944/944 945/945
f 932/932 945/945 933/933
f 933/933 945/945 946/946
f 933/933 946/946 934/934
f 934/934 946/946 947/947
f 934/934 947/947 935/935
f 935/935 947/947 948/948
f 935/935 948/948 936/936
f 936/936 948/948 937/937
f 936/936 937/937 925/925
f 937/937 949/949 950/950
f 937/937 950/950 938/938
f 938/938 950/950 951/951
f 938/938 951/951 939/939
f 939/939 951/951 952/952
f 939/939 952/952 940/940
f 940/940 952/952 953/953
f 940/940 953/953 941/941
f 941/941 953/953 954/954
f 941/941 954/954 942/942
f 942/942 954/954 955/955
f 942/942 955/955 943/943
f 943/943 955/955 956/956
f 943/943 956/956 944/944
f 944/944 956/956 957/957
f 944/944 957/957 945/945
f 945/945 957/957 958/958
f 945/945 958/958 946/946
f 946/946 958/958 959/959
f 946/946 959/959 947/947
f 947/947 959/959 960/960
f 947/947 960/960 948/948
f 948/948 960/960 949/949
f 948/948 949/949 937/937
f 949/949 961/961 962/962
f 949/949 962/962 950/950
f 950/950 962/962 963/963
f 950/950 963/963 951/951
f 951/951 963/963 964/964
f 951/951 964/964 952/952
f 952/952 964/964 965/965
f 952/952 965/965 953/953
f 953/953 965/965 966/966
f 953/953 966/966 954/954
f 954/954 966/966 967/967
f 954/954 967/967 955/955
f 955/955 967/967 968/968
f 955/955 968/968 956/956
f 956/956 968/968 969/969
f 956/956 969/969 957/957
f 957/957 969/969 970/970
f 957/957 970/970 958/958
f 958/958 970/970 971/971
f 958/958 971/971 959/959
f 959/959 971/971 972/972
f 959/959 972/972 960/960
f 960/960 972/972 961/961
f 960/960 961/961 949/949
f 961/961 973/973 974/974
f 961/961 974/974 962/962
f 962/962 974/974 975/975
f 962/962 975/975 963/963
f 963/963 975/975 976/976
f 963/963 976/976 964/964
f 964/964 976/976 977/977
f 964/964 977/977 965/965
f 965/965 977/977 978/978
f 965/965 978/978 966/966
f 966/966 978/978 979/979
f 966/966 979/979 967/967
f 967/967 979/979 980/980
f 967/967 980/980 968/968
f 968/968 980/980 981/981
f 968/968 981/981 969/969
f 969/969 981/981 982/982
f 969/969 982/982 970/970
f 970/970 982/982 983/983
f 970/970 983/983 971/971
f 971/971 983/983 984/984
f 971/971 984/984 972/972
f 972/972 984/984 973/973
f 972/972 973/973 961/961
f 973/973 985/985 986/986
f 973/973 986/986 974/974
f 974/974 986/986 987/987
f 974/974 987/987 975/975
f 975/975 987/987 988/988
f 975/975 988/988 976/976
f 976/976 988/988 989/989
f 976/976 989/989 977/977
f 977/977 989/989 990/990
f 977/977 990/990 978/978
f 978/978 990/990 991/991
f 978/978 991/991 979/979
f 979/979 991/991 992/992
f 979/979 992/992 980/980
f 980/980 992/992 993/993
f 980/980 993/993 981/981
f 981/981 993/993 994/994
f 981/981 994/994 982/982
f 982/982 994/994 995/995
f 982/982 995/995 983/983
f 983/983 995/995 996/996
f 983/983 996/996 984/984
f 984/984 996/996 985/985
f 984/984 985/985 973/973
f 985/985 997/997 998/998
f 985/985 998/998 986/986
f 986/986 998/998 999/999
f 986/986 999/999 987/987
f 987/987 999/999 1000/1000
f 987/987 1000/1000 988/988
f 988/988 1000/1000 1001/1001
f 988/988 1001/1001 989/989
f 989/989 1001/1001 1002/1002
f 989/989 1002/1002 990/990
f 990/990 1002/1002 1003/1003
f 990/990 1003/1003 991/991
f 991/991 1003/1003 1004/1004
f 991/991 1004/1004 992/992
f 992/992 1004/1004 1005/1005
f 992/992 1005/1005 993/993
f 993/993 1005/1005 1006/1006
f 993/993 1006/1006 994/994
f 994/994 1006/1006 1007/1007
f 994/994 1007/1007 995/995
f 995/995 1007/1007 1008/1008
f 995/995 1008/1008 996/996
f 996/996 1008/1008 997/997
f 996/996 997/997 985/985
f 925/925 926/926 927/927
f 925/925 927/927 928/928
f 925/925 928/928 929/929
f 925/925 929/929 930/930
f 925/925 930/930 931/931
f 925/925 931/931 932/932
f 925/925 932/932 933/933
f 925/925 933/933 934/934
f 925/925 934/934 935/935
f 925/925 935/935 936/936
f 1008/1008 1007/1007 1006/1006
f 1008/1008 1006/1006 1005/1005
f 1008/1008 1005/1005 1004/1004
f 1008/1008 1004/1004 1003/1003
f 1008/1008 1003/1003 1002/1002
f 1008/1008 1002/1002 1001/1001
f 1008/1008 1001/1001 1000/1000
f 1008/1008 1000/1000 999/999
f 1008/1008 999/999 998/998
f 1008/1008 998/998 997/997
f 1009/1009 1021/1021 1022/1022
f 1009/1009 1022/1022 1010/1010
f 1010/1010 1022/1022 1023/1023
f 1010/1010 1023/1023 1011/1011
f 1011/1011 1023/1023 1024/1024
f 1011/1011 1024/1024 1012/1012
f 1012/1012 1024/1024 1025/1025
f 1012/1012 1025/1025 1013/1013
f 1013/1013 1025/1025 1026/1026
f 1013/1013 1026/1026 1014/1014
f 1014/1014 1026/1026 1027/1027
f 1014/1014 1027/1027 1015/1015
f 1015/1015 1027/1027 1028/1028
f 1015/1015 1028/1028 1016/1016
f 1016/1016 1028/1028 1029/1029
f 1016/1016 1029/1029 1017/1017
f 1017/1017 1029/1029 1030/1030
f 1017/1017 1030/1030 1018/1018
f 1018/1018 1030/1030 1031/1031
f 1018/1018 1031/1031 1019/1019
f 1019/1019 1031/1031 1032/1032
f 1019/1019 1032/1032 1020/1020
f 1020/1020 1032/1032 1021/1021
f 1020/1020 1021/1021 1009/1009
f 1021/1021 1033/1033 1034/1034
f 1021/1021 1034/1034 1022/1022
f 1022/1022 1034/1034 1035/1035
f 1022/1022 1035/1035 1023/1023
f 1023/1023 1035/1035 1036/1036
f 1023/1023 1036/1036 1024/1024
f 1024/1024 1036/1036 1037/1037
f 1024/1024 1037/1037 1025/1025
f 1025/1025 1037/1037 1038/1038
f 1025/1025 1038/1038 1026/1026
f 1026/1026 1038/1038 1039/1039
f 1026/1026 1039/1039 1027/1027
f 1027/1027 1039/1039 1040/1040
f 1027/1027 1040/1040 1028/1028
f 1028/1028 1040/1040 1041/1041
f 1028/1028 1041/1041 1029/1029
f 1029/1029 1041/1041 1042/1042
f 1029/1029 1042/1042 1030/1030
f 1030/1030 1042/1042 1043/1043
f 1030/1030 1043/1043 1031/1031
f 1031/1031 1043/1043 1044/1044
f 1031/1031 1044/1044 1032/1032
f 1032/1032 1044/1044 1033/1033
f 1032/1032 1033/1033 1021/1021
f 1033/1033 1045/1045 1046/1046
f 1033/1033 1046/1046 1034/1034
f 1034/1034 1046/1046 1047/1047
f 1034/1034 1047/1047 1035/1035
f 1035/1035 1047/1047 1048/1048
f 1035/1035 1048/1048 1036/1036
f 1036/1036 1048/1048 1049/1049
f 1036/1036 1049/1049 1037/1037
f 1037/1037 1049/1049 1050/1050
f 1037/1037 1050/1050 1038/1038
f 1038/1038 1050/1050 1051/1051
f 1038/1038 1051/1051 1039/1039
f 1039/1039 1051/1051 1052/1052
f 1039/1039 1052/1052 1040/1040
f 1040/1040 1052/1052 1053/1053
f 1040/1040 1053/1053 1041/1041
f 1041/1041 1053/1053 1054/1054
f 1041/1041 1054/1054 1042/1042
f 1042/1042 1054/1054 1055/1055
f 1042/1042 1055/1055 1043/1043
f 1043/1043 1055/1055 1056/1056
f 1043/1043 1056/1056 1044/1044
f 1044/1044 1056/1056 1045/1045
f 1044/1044 1045/1045 1033/1033
f 1045/1045 1057/1057 1058/1058
f 1045/1045 1058/1058 1046/1046
f 1046/1046 1058/1058 1059/1059
f 1046/1046 1059/1059 1047/1047
f 1047/1047 1059/1059 1060/1060
f 1047/1047 1060/1060 1048/1048
f 1048/1048 1060/1060 1061/1061
f 1048/1048 1061/1061 1049/1049
f 1049/1049 1061/1061 1062/1062
f 1049/1049 1062/1062 1050/1050
f 1050/1050 1062/1062 1063/1063
f 1050/1050 1063/1063 1051/1051
f 1051/1051 1063/1063 1064/1064
f 1051/1051 1064/1064 1052/1052
f 1052/1052 1064/1064 1065/1065
f 1052/1052 1065/1065 1053/1053
f 1053/1053 1065/1065 1066/1066
f 1053/1053 1066/1066 1054/1054
f 1054/1054 1066/1066 1067/1067
f 1054/1054 1067/1067 1055/1055
f 1055/1055 1067/1067 1068/1068
f 1055/1055 1068/1068 1056/1056
f 1056/1056 1068/1068 1057/1057
f 1056/1056 1057/1057 1045/1045
f 1057/1057 1069/1069 1070/1070
f 1057/1057 1070/1070 1058/1058
f 1058/1058 1070/1070 1071/1071
f 1058/1058 1071/1071 1059/1059
f 1059/1059 1071/1071 1072/1072
f 1059/1059 1072/1072 1060/1060
f 1060/1060 1072/1072 1073/1073
f 1060/1060 1073/1073 1061/1061
f 1061/1061 1073/1073 1074/1074
f 1061/1061 1074/1074 1062/1062
f 1062/1062 1074/1074 1075/1075
f 1062/1062 1075/1075 1063/1063
f 1063/1063 1075/1075 1076/1076
f 1063/1063 1076/1076 1064/1064
f 1064/1064 1076/1076 1077/1077
f 1064/1064 1077/1077 1065/1065
f 1065/1065 1077/1077 1078/1078
f 1065/1065 1078/1078 1066/1066
f 1066/1066 1078/1078 1079/1079
f 1066/1066 1079/1079 1067/1067
f 1067/1067 1079/1079 1080/1080
f 1067/1067 1080/1080 1068/1068
f 1068/1068 1080/1080 1069/1069
f 1068/1068 1069/1069 1057/1057
f 1069/1069 1081/1081 1082/1082
f 1069/1069 1082/1082 1070/1070
f 1070/1070 1082/1082 1083/1083
f 1070/1070 1083/1083 1071/1071
f 1071/1071 1083/1083 1084/1084
f 1071/1071 1084/1084 1072/1072
f 1072/1072 1084/1084 1085/1085
f 1072/1072 1085/1085 1073/1073
f 1073/1073 1085/1085 1086/1086
f 1073/1073 1086/1086 1074/1074
f 1074/1074 1086/1086 1087/1087
f 1074/1074 1087/1087 1075/1075
f 1075/1075 1087/1087 1088/1088
f 1075/1075 1088/1088 1076/1076
f 1076/1076 1088/1088 1089/1089
f 1076/1076 1089/1089 1077/1077
f 1077/1077 1089/1089 1090/1090
f 1077/1077 1090/1090 1078/1078
f 1078/1078 1090/1090 1091/1091
f 1078/1078 1091/1091 1079/1079
f 1079/1079 1091/1091 1092/1092
f 1079/1079 1092/1092 1080/1080
f 1080/1080 1092/1092 1081/1081
f 1080/1080 1081/1081 1069/1069
f 1009/1009 1010/1010 1011/1011
f 1009/1009 1011/1011 1012/1012
f 1009/1009 1012/1012 1013/1013
f 1009/1009 1013/1013 1014/1014
f 1009/1009 1014/1014 1015/1015
f 1009/1009 1015/1015 1016/1016
f 1009/1009 1016/1016 1017/1017
f 1009/1009 1017/1017 1018/1018
f 1009/1009 1018/1018 1019/1019
f 1009/1009 1019/1019 1020/1020
f 1092/1092 1091/1091 1090/1090
f 1092/1092 1090/1090 1089/1089
f 1092/1092 1089/1089 1088/1088
f 1092/1092 1088/1088 1087/1087
f 1092/1092 1087/1087 1086/1086
f 1092/1092 1086/1086 1085/1085
f 1092/1092 1085/1085 1084/1084
f 1092/1092 1084/1084 1083/1083
f 1092/1092 1083/1083 1082/1082
f 1092/1092 1082/1082 1081/1081
f 1093/1093 1105/1105 1106/1106
f 1093/1093 1106/1106 1094/1094
f 1094/1094 1106/1106 1107/1107
f 1094/1094 1107/1107 1095/1095
f 1095/1095 1107/1107 1108/1108
f 1095/1095 1108/1108 1096/1096
f 1096/1096 1108/1108 1109/1109
f 1096/1096 1109/1109 1097/1097
f 1097/1097 1109/1109 1110/1110
f 1097/1097 1110/1110 1098/1098
f 1098/1098 1110/1110 1111/1111
f 1098/1098 1111/1111 1099/1099
f 1099/1099 1111/1111 1112/1112
f 1099/1099 1112/1112 1100/1100
f 1100/1100 1112/1112 1113/1113
f 1100/1100 1113/1113 1101/1101
f 1101/1101 1113/1113 1114/1114
f 1101/1101 1114/1114 1102/1102
f 1102/1102 1114/1114 1115/1115
f 1102/1102 1115/1115 1103/1103
f 1103/1103 1115/1115 1116/1116
f 1103/1103 1116/1116 1104/1104
f 1104/1104 1116/1116 1105/1105
f 1104/1104 1105/1105 1093/1093
f 1105/1105 1117/1117 1118/1118
f 1105/1105 1118/1118 1106/1106
f 1106/1106 1118/1118 1119/1119
f 1106/1106 1119/1119 1107/1107
f 1107/1107 1119/1119 1120/1120
f 1107/1107 1120/1120 1108/1108
f 1108/1108 1120/1120 1121/1121
f 1108/1108 1121/1121 1109/1109
f 1109/1109 1121/1121 1122/1122
f 1109/1109 1122/1122 1110/1110
f 1110/1110 1122/1122 1123/1123
f 1110/1110 1123/1123 1111/1111
f 1111/1111 1123/1123 1124/1124
f 1111/1111 1124/1124 1112/1112
f 1112/1112 1124/1124 1125/1125
f 1112/1112 1125/1125 1113/1113
f 1113/1113 1125/1125 1126/1126
f 1113/1113 1126/1126 1114/1114
f 1114/1114 1126/1126 1127/1127
f 1114/1114 1127/1127 1115/1115
f 1115/1115 1127/1127 1128/1128
f 1115/1115 1128/1128 1116/1116
f 1116/1116 1128/1128 1117/1117
f 1116/1116 1117/1117 1105/1105
f 1117/1117 1129/1129 1130/1130
f 1117/1117 1130/1130 1118/1118
f 1118/1118 1130/1130 1131/1131
f 1118/1118 1131/1131 1119/1119
f 1119/1119 1131/1131 1132/1132
f 1119/1119 1132/1132 1120/1120
f 1120/1120 1132/1132 1133/1133
f 1120/1120 1133/1133 1121/1121
f 1121/1121 1133/1133 1134/1134
f 1121/1121 1134/1134 1122/1122
f 1122/1122 1134/1134 1135/1135
f 1122/1122 1135/1135 1123/1123
f 1123/1123 1135/1135 1136/1136
f 1123/1123 1136/1136 1124/1124
f 1124/1124 1136/1136 1137/1137
f 1124/1124 1137/1137 1125/1125
f 1125/1125 1137/1137 1138/1138
f 1125/1125 1138/1138 1126/1126
f 1126/1126 1138/1138 1139/1139
f 1126/1126 1139/1139 1127/1127
f 1127/1127 1139/1139 1140/1140
f 1127/1127 1140/1140 1128/1128
f 1128/1128 1140/1140 1129/1129
f 1128/1128 1129/1129 1117/1117
f 1129/1129 1141/1141 1142/1142
f 1129/1129 1142/1142 1130/1130
f 1130/1130 1142/1142 1143/1143
f 1130/1130 1143/1143 1131/1131
f 1131/1131 1143/1143 1144/1144
f 1131/1131 1144/1144 1132/1132
f 1132/1132 1144/1144 1145/1145
f 1132/1132 1145/1145 1133/1133
f 1133/1133 1145/1145 1146/1146
f 1133/1133 1146/1146 1134/1134
f 1134/1134 1146/1146 1147/1147
f 1134/1134 1147/1147 1135/1135
f 1135/1135 1147/1147 1148/1148
f 1135/1135 1148/1148 1136/1136
f 1136/1136 1148/1148 1149/1149
f 1136/1136 1149/1149 1137/1137
f 1137/1137 1149/1149 1150/1150
f 1137/1137 1150/1150 1138/1138
f 1138/1138 1150/1150 1151/1151
f 1138/1138 1151/1151 1139/1139
f 1139/1139 1151/1151 1152/1152
f 1139/1139 1152/1152 1140/1140
f 1140/1140 1152/1152 1141/1141
f 1140/1140 1141/1141 1129/1129
f 1141/1141 1153/1153 1154/1154
f 1141/1141 1154/1154 1142/1142
f 1142/1142 1154/1154 1155/1155
f 1142/1142 1155/1155 1143/1143
f 1143/1143 1155/1155 1156/1156
f 1143/1143 1156/1156 1144/1144
f 1144/1144 1156/1156 1157/1157
f 1144/1144 1157/1157 1145/1145
f 1145/1145 1157/1157 1158/1158
f 1145/1145 1158/1158 1146/1146
f 1146/1146 1158/1158 1159/1159
f 1146/1146 1159/1159 1147/1147
f 1147/1147 1159/1159 1160/1160
f 1147/1147 1160/1160 1148/1148
f 1148/1148 1160/1160 1161/1161
f 1148/1148 1161/1161 1149/1149
f 1149/1149 1161/1161 1162/1162
f 1149/1149 1162/1162 1150/1150
f 1150/1150 1162/1162 1163/1163
f 1150/1150 1163/1163 1151/1151
f 1151/1151 1163/1163 1164/1164
f 1151/1151 1164/1164 1152/1152
f 1152/1152 1164/1164 1153/1153
f 1152/1152 1153/1153 1141/1141
f 1153/1153 1165/1165 1166/1166
f 1153/1153 1166/1166 1154/1154
f 1154/1154 1166/1166 1167/1167
f 1154/1154 1167/1167 1155/1155
f 1155/1155 1167/1167 1168/1168
f 1155/1155 1168/1168 1156/1156
f 1156/1156 1168/1168 1169/1169
f 1156/1156 1169/1169 1157/1157
f 1157/1157 1169/1169 1170/1170
f 1157/1157 1170/1170 1158/1158
f 1158/1158 1170/1170 1171/1171
f 1158/1158 1171/1171 1159/1159
f 1159/1159 1171/1171 1172/1172
f 1159/1159 1172/1172 1160/1160
f 1160/1160 1172/1172 1173/1173
f 1160/1160 1173/1173 1161/1161
f 1161/1161 1173/1173 1174/1174
f 1161/1161 1174/1174 1162/1162
f 1162/1162 1174/1174 1175/1175
f 1162/1162 1175/1175 1163/1163
f 1163/1163 1175/1175 1176/1176
f 1163/1163 1176/1176 1164/1164
f 1164/1164 1176/1176 1165/1165
f 1164/1164 1165/1165 1153/1153
f 1093/1093 1094/1094 1095/1095
f 1093/1093 1095/1095 1096/1096
f 1093/1093 1096/1096 1097/1097
f 1093/1093 1097/1097 1098/1098
f 1093/1093 1098/1098 1099/1099
f 1093/1093 1099/1099 1100/1100
f 1093/1093 1100/1100 1101/1101
f 1093/1093 1101/1101 1102/1102
f 1093/1093 1102/1102 1103/1103
f 1093/1093 1103/1103 1104/1104
f 1176/1176 1175/1175 1174/1174
f 1176/1176 1174/1174 1173/1173
f 1176/1176 1173/1173 1172/1172
f 1176/1176 1172/1172 1171/1171
f 1176/1176 1171/1171 1170/1170
f 1176/1176 1170/1170 1169/1169
f 1176/1176 1169/1169 1168/1168
f 1176/1176 1168/1168 1167/1167
f 1176/1176 1167/1167 1166/1166
f 1176/1176 1166/1166 1165/1165
f 1177/1177 1189/1189 1190/1190
f 1177/1177 1190/1190 1178/1178
f 1178/1178 1190/1190 1191/1191
f 1178/1178 1191/1191 1179/1179
f 1179/1179 1191/1191 1192/1192
f 1179/1179 1192/1192 1180/1180
f 1180/1180 1192/1192 1193/1193
f 1180/1180 1193/1193 1181/1181
f 1181/1181 1193/1193 1194/1194
f 1181/1181 1194/1194 1182/1182
f 1182/1182 1194/1194 1195/1195
f 1182/1182 1195/1195 1183/1183
f 1183/1183 1195/1195 1196/1196
f 1183/1183 1196/1196 1184/1184
f 1184/1184 1196/1196 1197/1197
f 1184/1184 1197/1197 1185/1185
f 1185/1185 1197/1197 1198/1198
f 1185/1185 1198/1198 1186/1186
f 1186/1186 1198/1198 1199/1199
f 1186/1186 1199/1199 1187/1187
f 1187/1187 1199/1199 1200/1200
f 1187/1187 1200/1200 1188/1188
f 1188/1188 1200/1200 1189/1189
f 1188/1188 1189/1189 1177/1177
f 1189/1189 1201/1201 1202/1202
f 1189/1189 1202/1202 1190/1190
f 1190/1190 1202/1202 1203/1203
f 1190/1190 1203/1203 1191/1191
f 1191/1191 1203/1203 1204/1204
f 1191/1191 1204/1204 1192/1192
f 1192/1192 1204/1204 1205/1205
f 1192/1192 1205/1205 1193/1193
f 1193/1193 1205/1205 1206/1206
f 1193/1193 1206/1206 1194/1194
f 1194/1194 1206/1206 1207/1207
f 1194/1194 1207/1207 1195/1195
f 1195/1195 1207/1207 1208/1208
f 1195/1195 1208/1208 1196/1196
f 1196/1196 1208/1208 1209/1209
f 1196/1196 1209/1209 1197/1197
f 1197/1197 1209/1209 1210/1210
f 1197/1197 1210/1210 1198/1198
f 1198/1198 1210/1210 1211/1211
f 1198/1198 1211/1211 1199/1199
f 1199/1199 1211/1211 1212/1212
f 1199/1199 1212/1212 1200/1200
f 1200/1200 1212/1212 1201/1201
f 1200/1200 1201/1201 1189/1189
f 1201/1201 1213/1213 1214/1214
f 1201/1201 1214/1214 1202/1202
f 1202/1202 1214/1214 1215/1215
f 1202/1202 1215/1215 1203/1203
f 1203/1203 1215/1215 1216/1216
f 1203/1203 1216/1216 1204/1204
f 1204/1204 1216/1216 1217/1217
f 1204/1204 1217/1217 1205/1205
f 1205/1205 1217/1217 1218/1218
f 1205/1205 1218/1218 1206/1206
f 1206/1206 1218/1218 1219/1219
f 1206/1206 1219/1219 1207/1207
f 1207/1207 1219/1219 1220/1220
f 1207/1207 1220/1220 1208/1208
f 1208/1208 1220/1220 1221/1221
f 1208/1208 1221/1221 1209/1209
f 1209/1209 1221/1221 1222/1222
f 1209/1209 1222/1222 1210/1210
f 1210/1210 1222/1222 1223/1223
f 1210/1210 1223/1223 1211/1211
f 1211/1211 1223/1223 1224/1224
f 1211/1211 1224/1224 1212/1212
f 1212/1212 1224/1224 1213/1213
f 1212/1212 1213/1213 1201/1201
f 1213/1213 1225/1225 1226/1226
f 1213/1213 1226/1226 1214/1214
f 1214/1214 1226/1226 1227/1227
f 1214/1214 1227/1227 1215/1215
f 1215/1215 1227/1227 1228/1228
f 1215/1215 1228/1228 1216/1216
f 1216/1216 1228/1228 1229/1229
f 1216/1216 1229/1229 1217/1217
f 1217/1217 1229/1229 1230/1230
f 1217/1217 1230/1230 1218/1218
f 1218/1218 1230/1230 1231/1231
f 1218/1218 1231/1231 1219/1219
f 1219/1219 1231/1231 1232/1232
f 1219/1219 1232/1232 1220/1220
f 1220/1220 1232/1232 1233/1233
f 1220/1220 1233/1233 1221/1221
f 1221/1221 1233/1233 1234/1234
f 1221/1221 1234/1234 1222/1222
f 1222/1222 1234/1234 1235/1235
f 1222/1222 1235/1235 1223/1223
f 1223/1223 1235/1235 1236/1236
f 1223/1223 1236/1236 1224/1224
f 1224/1224 1236/1236 1225/1225
f 1224/1224 1225/1225 1213/1213
f 1225/1225 1237/1237 1238/1238
f 1225/1225 1238/1238 1226/1226
f 1226/1226 1238/1238 1239/1239
f 1226/1226 1239/1239 1227/1227
f 1227/1227 1239/1239 1240/1240
f 1227/1227 1240/1240 1228/1228
f 1228/1228 1240/1240 1241/1241
f 1228/1228 1241/1241 1229/1229
f 1229/1229 1241/1241 1242/1242
f 1229/1229 1242/1242 1230/1230
f 1230/1230 1242/1242 1243/1243
f 1230/1230 1243/1243 1231/1231
f 1231/1231 1243/1243 1244/1244
f 1231/1231 1244/1244 1232/1232
f 1232/1232 1244/1244 1245/1245
f 1232/1232 1245/1245 1233/1233
f 1233/1233 1245/1245 1246/1246
f 1233/1233 1246/1246 1234/1234
f 1234/1234 1246/1246 1247/1247
f 1234/1234 1247/1247 1235/1235
f 1235/1235 1247/1247 1248/1248
f 1235/1235 1248/1248 1236/1236
f 1236/1236 1248/1248 1237/1237
f 1236/1236 1237/1237 1225/1225
f 1237/1237 1249/1249 1250/1250
f 1237/1237 1250/1250 1238/1238
f 1238/1238 1250/1250 1251/1251
f 1238/1238 1251/1251 1239/1239
f 1239/1239 1251/1251 1252/1252
f 1239/1239 1252/1252 1240/1240
f 1240/1240 1252/1252 1253/1253
f 1240/1240 1253/1253 1241/1241
f 1241/1241 1253/1253 1254/1254
f 1241/1241 1254/1254 1242/1242
f 1242/1242 1254/1254 1255/1255
f 1242/1242 1255/1255 1243/1243
f 1243/1243 1255/1255 1256/1256
f 1243/1243 1256/1256 1244/1244
f 1244/1244 1256/1256 1257/1257
f 1244/1244 1257/1257 1245/1245
f 1245/1245 1257/1257 1258/1258
f 1245/1245 1258/1258 1246/1246
f 1246/1246 1258/1258 1259/1259
f 1246/1246 1259/1259 1247/1247
f 1247/1247 1259/1259 1260/1260
f 1247/1247 1260/1260 1248/1248
f 1248/1248 1260/1260 1249/1249
f 1248/1248 1249/1249 1237/1237
f 1177/1177 1178/1178 1179/1179
f 1177/1177 1179/1179 1180/1180
f 1177/1177 1180/1180 1181/1181
f 1177/1177 1181/1181 1182/1182
f 1177/1177 1182/1182 1183/1183
f 1177/1177 1183/1183 1184/1184
f 1177/1177 1184/1184 1185/1185
f 1177/1177 1185/1185 1186/1186
f 1177/1177 1186/1186 1187/1187
f 1177/1177 1187/1187 1188/1188
f 1260/1260 1259/1259 1258/1258
f 1260/1260 1258/1258 1257/1257
f 1260/1260 1257/1257 1256/1256
f 1260/1260 1256/1256 1255/1255
f 1260/1260 1255/1255 1254/1254
f 1260/1260 1254/1254 1253/1253
f 1260/1260 1253/1253 1252/1252
f 1260/1260 1252/1252 1251/1251
f 1260/1260 1251/1251 1250/1250
f 1260/1260 1250/1250 1249/1249
f 1261/1261 1273/1273 1274/1274
f 1261/1261 1274/1274 1262/1262
f 1262/1262 1274/1274 1275/1275
f 1262/1262 1275/1275 1263/1263
f 1263/1263 1275/1275 1276/1276
f 1263/1263 1276/1276 1264/1264
f 1264/1264 1276/1276 1277/1277
f 1264/1264 1277/1277 1265/1265
f 1265/1265 1277/1277 1278/1278
f 1265/1265 1278/1278 1266/1266
f 1266/1266 1278/1278 1279/1279
f 1266/1266 1279/1279 1267/1267
f 1267/1267 1279/1279 1280/1280
f 1267/1267 1280/1280 1268/1268
f 1268/1268 1280/1280 1281/1281
f 1268/1268 1281/1281 1269/1269
f 1269/1269 1281/1281 1282/1282
f 1269/1269 1282/1282 1270/1270
f 1270/1270 1282/1282 1283/1283
f 1270/1270 1283/1283 1271/1271
f 1271/1271 1283/1283 1284/1284
f 1271/1271 1284/1284 1272/1272
f 1272/1272 1284/1284 1273/1273
f 1272/1272 1273/1273 1261/1261
f 1273/1273 1285/1285 1286/1286
f 1273/1273 1286/1286 1274/1274
f 1274/1274 1286/1286 1287/1287
f 1274/1274 1287/1287 1275/1275
f 1275/1275 1287/1287 1288/1288
f 1275/1275 1288/1288 1276/1276
f 1276/1276 1288/1288 1289/1289
f 1276/1276 1289/1289 1277/1277
f 1277/1277 1289/1289 1290/1290
f 1277/1277 1290/1290 1278/1278
f 1278/1278 1290/1290 1291/1291
f 1278/1278 1291/1291 1279/1279
f 1279/1279 1291/1291 1292/1292
f 1279/1279 1292/1292 1280/1280
f 1280/1280 1292/1292 1293/1293
f 1280/1280 1293/1293 1281/1281
f 1281/1281 1293/1293 1294/1294
f 1281/1281 1294/1294 1282/1282
f 1282/1282 1294/1294 1295/1295
f 1282/1282 1295/1295 1283/1283
f 1283/1283 1295/1295 1296/1296
f 1283/1283 1296/1296 1284/1284
f 1284/1284 1296/1296 1285/1285
f 1284/1284 1285/1285 1273/1273
f 1285/1285 1297/1297 1298/1298
f 1285/1285 1298/1298 1286/1286
f 1286/1286 1298/1298 1299/1299
f 1286/1286 1299/1299 1287/1287
f 1287/1287 1299/1299 1300/1300
f 1287/1287 1300/1300 1288/1288
f 1288/1288 1300/1300 1301/1301
f 1288/1288 1301/1301 1289/1289
f 1289/1289 1301/1301 1302/1302
f 1289/1289 1302/1302 1290/1290
f 1290/1290 1302/1302 1303/1303
f 1290/1290 1303/1303 1291/1291
f 1291/1291 1303/1303 1304/1304
f 1291/1291 1304/1304 1292/1292
f 1292/1292 1304/1304 1305/1305
f 1292/1292 1305/1305 1293/1293
f 1293/1293 1305/1305 1306/1306
f 1293/1293 1306/1306 1294/1294
f 1294/1294 1306/1306 1307/1307
f 1294/1294 1307/1307 1295/1295
f 1295/1295 1307/1307 1308/1308
f 1295/1295 1308/1308 1296/1296
f 1296/1296 1308/1308 1297/1297
f 1296/1296 1297/1297 1285/1285
f 1297/1297 1309/1309 1310/1310
f 1297/1297 1310/1310 1298/1298
f 1298/1298 1310/1310 1311/1311
f 1298/1298 1311/1311 1299/1299
f 1299/1299 1311/1311 1312/1312
f 1299/1299 1312/1312 1300/1300
f 1300/1300 1312/1312 1313/1313
f 1300/1300 1313/1313 1301/1301
f 1301/1301 1313/1313 1314/1314
f 1301/1301 1314/1314 1302/1302
f 1302/1302 1314/1314 1315/1315
f 1302/1302 1315/1315 1303/1303
f 1303/1303 1315/1315 1316/1316
f 1303/1303 1316/1316 1304/1304
f 1304/1304 1316/1316 1317/1317
f 1304/1304 1317/1317 1305/1305
f 1305/1305 1317/1317 1318/1318
f 1305/1305 1318/1318 1306/1306
f 1306/1306 1318/1318 1319/1319
f 1306/1306 1319/1319 1307/1307
f 1307/1307 1319/1319 1320/1320
f 1307/1307 1320/1320 1308/1308
f 1308/1308 1320/1320 1309/1309
f 1308/1308 1309/1309 1297/1297
f 1309/1309 1321/1321 1322/1322
f 1309/1309 1322/1322 1310/1310
f 1310/1310 1322/1322 1323/1323
f 1310/1310 1323/1323 1311/1311
f 1311/1311 1323/1323 1324/1324
f 1311/1311 1324/1324 1312/1312
f 1312/1312 1324/1324 1325/1325
f 1312/1312 1325/1325 1313/1313
f 1313/1313 1325/1325 1326/1326
f 1313/1313 1326/1326 1314/1314
f 1314/1314 1326/1326 1327/1327
f 1314/1314 1327/1327 1315/1315
f 1315/1315 1327/1327 1328/1328
f 1315/1315 1328/1328 1316/1316
f 1316/1316 1328/1328 1329/1329
f 1316/1316 1329/1329 1317/1317
f 1317/1317 1329/1329 1330/1330
f 1317/1317 1330/1330 1318/1318
f 1318/1318 1330/1330 1331/1331
f 1318/1318 1331/1331 1319/1319
f 1319/1319 1331/1331 1332/1332
f 1319/1319 1332/1332 1320/1320
f 1320/1320 1332/1332 1321/1321
f 1320/1320 1321/1321 1309/1309
f 1321/1321 1333/1333 1334/1334
f 1321/1321 1334/1334 1322/1322
f 1322/1322 1334/1334 1335/1335
f 1322/1322 1335/1335 1323/1323
f 1323/1323 1335/1335 1336/1336
f 1323/1323 1336/1336 1324/1324
f 1324/1324 1336/1336 1337/1337
f 1324/1324 1337/1337 1325/1325
f 1325/1325 1337/1337 1338/1338
f 1325/1325 1338/1338 1326/1326
f 1326/1326 1338/1338 1339/1339
f 1326/1326 1339/1339 1327/1327
f 1327/1327 1339/1339 1340/1340
f 1327/1327 1340/1340 1328/1328
f 1328/1328 1340/1340 1341/1341
f 1328/1328 1341/1341 1329/1329
f 1329/1329 1341/1341 1342/1342
f 1329/1329 1342/1342 1330/1330
f 1330/1330 1342/1342 1343/1343
f 1330/1330 1343/1343 1331/1331
f 1331/1331 1343/1343 1344/1344
f 1331/1331 1344/1344 1332/1332
f 1332/1332 1344/1344 1333/1333
f 1332/1332 1333/1333 1321/1321
f 1261/1261 1262/1262 1263/1263
f 1261/1261 1263/1263 1264/1264
f 1261/1261 1264/1264 1265/1265
f 1261/1261 1265/1265 1266/1266
f 1261/1261 1266/1266 1267/1267
f 1261/1261 1267/1267 1268/1268
f 1261/1261 1268/1268 1269/1269
f 1261/1261 1269/1269 1270/1270
f 1261/1261 1270/1270 1271/1271
f 1261/1261 1271/1271 1272/1272
f 1344/1344 1343/1343 1342/1342
f 1344/1344 1342/1342 1341/1341
f 1344/1344 1341/1341 1340/1340
f 1344/1344 1340/1340 1339/1339
f 1344/1344 1339/1339 1338/1338
f 1344/1344 1338/1338 1337/1337
f 1344/1344 1337/1337 1336/1336
f 1344/1344 1336/1336 1335/1335
f 1344/1344 1335/1335 1334/1334
f 1344/1344 1334/1334 1333/1333
f 1345/1345 1357/1357 1358/1358
f 1345/1345 1358/1358 1346/1346
f 1346/1346 1358/1358 1359/1359
f 1346/1346 1359/1359 1347/1347
f 1347/1347 1359/1359 1360/1360
f 1347/1347 1360/1360 1348/1348
f 1348/1348 1360/1360 1361/1361
f 1348/1348 1361/1361 1349/1349
f 1349/1349 1361/1361 1362/1362
f 1349/1349 1362/1362 1350/1350
f 1350/1350 1362/1362 1363/1363
f 1350/1350 1363/1363 1351/1351
f 1351/1351 1363/1363 1364/1364
f 1351/1351 1364/1364 1352/1352
f 1352/1352 1364/1364 1365/1365
f 1352/1352 1365/1365 1353/1353
f 1353/1353 1365/1365 1366/1366
f 1353/1353 1366/1366 1354/1354
f 1354/1354 1366/1366 1367/1367
f 1354/1354 1367/1367 1355/1355
f 1355/1355 1367/1367 1368/1368
f 1355/1355 1368/1368 1356/1356
f 1356/1356 1368/1368 1357/1357
f 1356/1356 1357/1357 1345/1345
f 1357/1357 1369/1369 1370/1370
f 1357/1357 1370/1370 1358/1358
f 1358/1358 1370/1370 1371/1371
f 1358/1358 1371/1371 1359/1359
f 1359/1359 1371/1371 1372/1372
f 1359/1359 1372/1372 1360/1360
f 1360/1360 1372/1372 1373/1373
f 1360/1360 1373/1373 1361/1361
f 1361/1361 1373/1373 1374/1374
f 1361/1361 1374/1374 1362/1362
f 1362/1362 1374/1374 1375/1375
f 1362/1362 1375/1375 1363/1363
f 1363/1363 1375/1375 1376/1376
f 1363/1363 1376/1376 1364/1364
f 1364/1364 1376/1376 1377/1377
f 1364/1364 1377/1377 1365/1365
f 1365/1365 1377/1377 1378/1378
f 1365/1365 1378/1378 1366/1366
f 1366/1366 1378/1378 1379/1379
f 1366/1366 1379/1379 1367/1367
f 1367/1367 1379/1379 1380/1380
f 1367/1367 1380/1380 1368/1368
f 1368/1368 1380/1380 1369/1369
f 1368/1368 1369/1369 1357/1357
f 1369/1369 1381/1381 1382/1382
f 1369/1369 1382/1382 1370/1370
f 1370/1370 1382/1382 1383/1383
f 1370/1370 1383/1383 1371/1371
f 1371/1371 1383/1383 1384/1384
f 1371/1371 1384/1384 1372/1372
f 1372/1372 1384/1384 1385/1385
f 1372/1372 1385/1385 1373/1373
f 1373/1373 1385/1385 1386/1386
f 1373/1373 1386/1386 1374/1374
f 1374/1374 1386/1386 1387/1387
f 1374/1374 1387/1387 1375/1375
f 1375/1375 1387/1387 1388/1388
f 1375/1375 1388/1388 1376/1376
f 1376/1376 1388/1388 1389/1389
f 1376/1376 1389/1389 1377/1377
f 1377/1377 1389/1389 1390/1390
f 1377/1377 1390/1390 1378/1378
f 1378/1378 1390/1390 1391/1391
f 1378/1378 1391/1391 1379/1379
f 1379/1379 1391/1391 1392/1392
f 1379/1379 1392/1392 1380/1380
f 1380/1380 1392/1392 1381/1381
f 1380/1380 1381/1381 1369/1369
f 1381/1381 1393/1393 1394/1394
f 1381/1381 1394/1394 1382/1382
f 1382/1382 1394/1394 1395/1395
f 1382/1382 1395/1395 1383/1383
f 1383/1383 1395/1395 1396/1396
f 1383/1383 1396/1396 1384/1384
f 1384/1384 1396/1396 1397/1397
f 1384/1384 1397/1397 1385/1385
f 1385/1385 1397/1397 1398/1398
f 1385/1385 1398/1398 1386/1386
f 1386/1386 1398/1398 1399/1399
f 1386/1386 1399/1399 1387/1387
f 1387/1387 1399/1399 1400/1400
f 1387/1387 1400/1400 1388/1388
f 1388/1388 1400/1400 1401/1401
f 1388/1388 1401/1401 1389/1389
f 1389/1389 1401/1401 1402/1402
f 1389/1389 1402/1402 1390/1390
f 1390/1390 1402/1402 1403/1403
f 1390/1390 1403/1403 1391/1391
f 1391/1391 1403/1403 1404/1404
f 1391/1391 1404/1404 1392/1392
f 1392/1392 1404/1404 1393/1393
f 1392/1392 1393/1393 1381/1381
f 1393/1393 1405/1405 1406/1406
f 1393/1393 1406/1406 1394/1394
f 1394/1394 1406/1406 1407/1407
f 1394/1394 1407/1407 1395/1395
f 1395/1395 1407/1407 1408/1408
f 1395/1395 1408/1408 1396/1396
f 1396/1396 1408/1408 1409/1409
f 1396/1396 1409/1409 1397/1397
f 1397/1397 1409/1409 1410/1410
f 1397/1397 1410/1410 1398/1398
f 1398/1398 1410/1410 1411/1411
f 1398/1398 1411/1411 1399/1399
f 1399/1399 1411/1411 1412/1412
f 1399/1399 1412/1412 1400/1400
f 1400/1400 1412/1412 1413/1413
f 1400/1400 1413/1413 1401/1401
f 1401/1401 1413/1413 1414/1414
f 1401/1401 1414/1414 1402/1402
f 1402/1402 1414/1414 1415/1415
f 1402/1402 1415/1415 1403/1403
f 1403/1403 1415/1415 1416/1416
f 1403/1403 1416/1416 1404/1404
f 1404/1404 1416/1416 1405/1405
f 1404/1404 1405/1405 1393/1393
f 1405/1405 1417/1417 1418/1418
f 1405/1405 1418/1418 1406/1406
f 1406/1406 1418/1418 1419/1419
f 1406/1406 1419/1419 1407/1407
f 1407/1407 1419/1419 1420/1420
f 1407/1407 1420/1420 1408/1408
f 1408/1408 1420/1420 1421/1421
f 1408/1408 1421/1421 1409/1409
f 1409/1409 1421/1421 1422/1422
f 1409/1409 1422/1422 1410/1410
f 1410/1410 1422/1422 1423/1423
f 1410/1410 1423/1423 1411/1411
f 1411/1411 1423/1423 1424/1424
f 1411/1411 1424/1424 1412/1412
f 1412/1412 1424/1424 1425/1425
f 1412/1412 1425/1425 1413/1413
f 1413/1413 1425/1425 1426/1426
f 1413/1413 1426/1426 1414/1414
f 1414/1414 1426/1426 1427/1427
f 1414/1414 1427/1427 1415/1415
f 1415/1415 1427/1427 1428/1428
f 1415/1415 1428/1428 1416/1416
f 1416/1416 1428/1428 1417/1417
f 1416/1416 1417/1417 1405/1405
f 1345/1345 1346/1346 1347/1347
f 1345/1345 1347/1347 1348/1348
f 1345/1345 1348/1348 1349/1349
f 1345/1345 1349/1349 1350/1350
f 1345/1345 1350/1350 1351/1351
f 1345/1345 1351/1351 1352/1352
f 1345/1345 1352/1352 1353/1353
f 1345/1345 1353/1353 1354/1354
f 1345/1345 1354/1354 1355/1355
f 1345/1345 1355/1355 1356/1356
f 1428/1428 1427/1427 1426/1426
f 1428/1428 1426/1426 1425/1425
f 1428/1428 1425/1425 1424/1424
f 1428/1428 1424/1424 1423/1423
f 1428/1428 1423/1423 1422/1422
f 1428/1428 1422/1422 1421/1421
f 1428/1428 1421/1421 1420/1420
f 1428/1428 1420/1420 1419/1419
f 1428/1428 1419/1419 1418/1418
f 1428/1428 1418/1418 1417/1417
f 1429/1429 1441/1441 1442/1442
f 1429/1429 1442/1442 1430/1430
f 1430/1430 1442/1442 1443/1443
f 1430/1430 1443/1443 1431/1431
f 1431/1431 1443/1443 1444/1444
f 1431/1431 1444/1444 1432/1432
f 1432/1432 1444/1444 1445/1445
f 1432/1432 1445/1445 1433/1433
f 1433/1433 1445/1445 1446/1446
f 1433/1433 1446/1446 1434/1434
f 1434/1434 1446/1446 1447/1447
f 1434/1434 1447/1447 1435/1435
f 1435/1435 1447/1447 1448/1448
f 1435/1435 1448/1448 1436/1436
f 1436/1436 1448/1448 1449/1449
f 1436/1436 1449/1449 1437/1437
f 1437/1437 1449/1449 1450/1450
f 1437/1437 1450/1450 1438/1438
f 1438/1438 1450/1450 1451/1451
f 1438/1438 1451/1451 1439/1439
f 1439/1439 1451/1451 1452/1452
f 1439/1439 1452/1452 1440/1440
f 1440/1440 1452/1452 1441/1441
f 1440/1440 1441/1441 1429/1429
f 1441/1441 1453/1453 1454/1454
f 1441/1441 1454/1454 1442/1442
f 1442/1442 1454/1454 1455/1455
f 1442/1442 1455/1455 1443/1443
f 1443/1443 1455/1455 1456/1456
f 1443/1443 1456/1456 1444/1444
f 1444/1444 1456/1456 1457/1457
f 1444/1444 1457/1457 1445/1445
f 1445/1445 1457/1457 1458/1458
f 1445/1445 1458/1458 1446/1446
f 1446/1446 1458/1458 1459/1459
f 1446/1446 1459/1459 1447/1447
f 1447/1447 1459/1459 1460/1460
f 1447/1447 1460/1460 1448/1448
f 1448/1448 1460/1460 1461/1461
f 1448/1448 1461/1461 1449/1449
f 1449/1449 1461/1461 1462/1462
f 1449/1449 1462/1462 1450/1450
f 1450/1450 1462/1462 1463/1463
f 1450/1450 1463/1463 1451/1451
f 1451/1451 1463/1463 1464/1464
f 1451/1451 1464/1464 1452/1452
f 1452/1452 1464/1464 1453/1453
f 1452/1452 1453/1453 1441/1441
f 1453/1453 1465/1465 1466/1466
f 1453/1453 1466/1466 1454/1454
f 1454/1454 1466/1466 1467/1467
f 1454/1454 1467/1467 1455/1455
f 1455/1455 1467/1467 1468/1468
f 1455/1455 1468/1468 1456/1456
f 1456/1456 1468/1468 1469/1469
f 1456/1456 1469/1469 1457/1457
f 1457/1457 1469/1469 1470/1470
f 1457/1457 1470/1470 1458/1458
f 1458/1458 1470/1470 1471/1471
f 1458/1458 1471/1471 1459/1459
f 1459/1459 1471/1471 1472/1472
f 1459/1459 1472/1472 1460/1460
f 1460/1460 1472/1472 1473/1473
f 1460/1460 1473/1473 1461/1461
f 1461/1461 1473/1473 1474/1474
f 1461/1461 1474/1474 1462/1462
f 1462/1462 1474/1474 1475/1475
f 1462/1462 1475/1475 1463/1463
f 1463/1463 1475/1475 1476/1476
f 1463/1463 1476/1476 1464/1464
f 1464/1464 1476/1476 1465/1465
f 1464/1464 1465/1465 1453/1453
f 1465/1465 1477/1477 1478/1478
f 1465/1465 1478/1478 1466/1466
f 1466/1466 1478/1478 1479/1479
f 1466/1466 1479/1479 1467/1467
f 1467/1467 1479/1479 1480/1480
f 1467/1467 1480/1480 1468/1468
f 1468/1468 1480/1480 1481/1481
f 1468/1468 1481/1481 1469/1469
f 1469/1469 1481/1481 1482/1482
f 1469/1469 1482/1482 1470/1470
f 1470/1470 1482/1482 1483/1483
f 1470/1470 1483/1483 1471/1471
f 1471/1471 1483/1483 1484/1484
f 1471/1471 1484/1484 1472/1472
f 1472/1472 1484/1484 1485/1485
f 1472/1472 1485/1485 1473/1473
f 1473/1473 1485/1485 1486/1486
f 1473/1473 1486/1486 1474/1474
f 1474/1474 1486/1486 1487/1487
f 1474/1474 1487/1487 1475/1475
f 1475/1475 1487/1487 1488/1488
f 1475/1475 1488/1488 1476/1476
f 1476/1476 1488/1488 1477/1477
f 1476/1476 1477/1477 1465/1465
f 1477/1477 1489/1489 1490/1490
f 1477/1477 1490/1490 1478/1478
f 1478/1478 1490/1490 1491/1491
f 1478/1478 1491/1491 1479/1479
f 1479/1479 1491/1491 1492/1492
f 1479/1479 1492/1492 1480/1480
f 1480/1480 1492/1492 1493/1493
f 1480/1480 1493/1493 1481/1481
f 1481/1481 1493/1493 1494/1494
f 1481/1481 1494/1494 1482/1482
f 1482/1482 1494/1494 1495/1495
f 1482/1482 1495/1495 1483/1483
f 1483/1483 1495/1495 1496/1496
f 1483/1483 1496/1496 1484/1484
f 1484/1484 1496/1496 1497/1497
f 1484/1484 1497/1497 1485/1485
f 1485/1485 1497/1497 1498/1498
f 1485/1485 1498/1498 1486/1486
f 1486/1486 1498/1498 1499/1499
f 1486/1486 1499/1499 1487/1487
f 1487/1487 1499/1499 1500/1500
f 1487/1487 1500/1500 1488/1488
f 1488/1488 1500/1500 1489/1489
f 1488/1488 1489/1489 1477/1477
f 1489/1489 1501/1501 1502/1502
f 1489/1489 1502/1502 1490/1490
f 1490/1490 1502/1502 1503/1503
f 1490/1490 1503/1503 1491/1491
f 1491/1491 1503/1503 1504/1504
f 1491/1491 1504/1504 1492/1492
f 1492/1492 1504/1504 1505/1505
f 1492/1492 1505/1505 1493/1493
f 1493/1493 1505/1505 1506/1506
f 1493/1493 1506/1506 1494/1494
f 1494/1494 1506/1506 1507/1507
f 1494/1494 1507/1507 1495/1495
f 1495/1495 1507/1507 1508/1508
f 1495/1495 1508/1508 1496/1496
f 1496/1496 1508/1508 1509/1509
f 1496/1496 1509/1509 1497/1497
f 1497/1497 1509/1509 1510/1510
f 1497/1497 1510/1510 1498/1498
f 1498/1498 1510/1510 1511/1511
f 1498/1498 1511/1511 1499/1499
f 1499/1499 1511/1511 1512/1512
f 1499/1499 1512/1512 1500/1500
f 1500/1500 1512/1512 1501/1501
f 1500/1500 1501/1501 1489/1489
f 1429/1429 1430/1430 1431/1431
f 1429/1429 1431/1431 1432/1432
f 1429/1429 1432/1432 1433/1433
f 1429/1429 1433/1433 1434/1434
f 1429/1429 1434/1434 1435/1435
f 1429/1429 1435/1435 1436/1436
f 1429/1429 1436/1436 1437/1437
f 1429/1429 1437/1437 1438/1438
f 1429/1429 1438/1438 1439/1439
f 1429/1429 1439/1439 1440/1440
f 1512/1512 1511/1511 1510/1510
f 1512/1512 1510/1510 1509/1509
f 1512/1512 1509/1509 1508/1508
f 1512/1512 1508/1508 1507/1507
f 1512/1512 1507/1507 1506/1506
f 1512/1512 1506/1506 1505/1505
f 1512/1512 1505/1505 1504/1504
f 1512/1512 1504/1504 1503/1503
f 1512/1512 1503/1503 1502/1502
f 1512/1512 1502/1502 1501/1501
f 1513/1513 1525/1525 1526/1526
f 1513/1513 1526/1526 1514/1514
f 1514/1514 1526/1526 1527/1527
f 1514/1514 1527/1527 1515/1515
f 1515/1515 1527/1527 1528/1528
f 1515/1515 1528/1528 1516/1516
f 1516/1516 1528/1528 1529/1529
f 1516/1516 1529/1529 1517/1517
f 1517/1517 1529/1529 1530/1530
f 1517/1517 1530/1530 1518/1518
f 1518/1518 1530/1530 1531/1531
f 1518/1518 1531/1531 1519/1519
f 1519/1519 1531/1531 1532/1532
f 1519/1519 1532/1532 1520/1520
f 1520/1520 1532/1532 1533/1533
f 1520/1520 1533/1533 1521/1521
f 1521/1521 1533/1533 1534/1534
f 1521/1521 1534/1534 1522/1522
f 1522/1522 1534/1534 1535/1535
f 1522/1522 1535/1535 1523/1523
f 1523/1523 1535/1535 1536/1536
f 1523/1523 1536/1536 1524/1524
f 1524/1524 1536/1536 1525/1525
f 1524/1524 1525/1525 1513/1513
f 1525/1525 1537/1537 1538/1538
f 1525/1525 1538/1538 1526/1526
f 1526/1526 1538/1538 1539/1539
f 1526/1526 1539/1539 1527/1527
f 1527/1527 1539/1539 1540/1540
f 1527/1527 1540/1540 1528/1528
f 1528/1528 1540/1540 1541/1541
f 1528/1528 1541/1541 1529/1529
f 1529/1529 1541/1541 1542/1542
f 1529/1529 1542/1542 1530/1530
f 1530/1530 1542/1542 1543/1543
f 1530/1530 1543/1543 1531/1531
f 1531/1531 1543/1543 1544/1544
f 1531/1531 1544/1544 1532/1532
f 1532/1532 1544/1544 1545/1545
f 1532/1532 1545/1545 1533/1533
f 1533/1533 1545/1545 1546/1546
f 1533/1533 1546/1546 1534/1534
f 1534/1534 1546/1546 1547/1547
f 1534/1534 1547/1547 1535/1535
f 1535/1535 1547/1547 1548/1548
f 1535/1535 1548/1548 1536/1536
f 1536/1536 1548/1548 1537/1537
f 1536/1536 1537/1537 1525/1525
f 1537/1537 1549/1549 1550/1550
f 1537/1537 1550/1550 1538/1538
f 1538/1538 1550/1550 1551/1551
f 1538/1538 1551/1551 1539/1539
f 1539/1539 1551/1551 1552/1552
f 1539/1539 1552/1552 1540/1540
f 1540/1540 1552/1552 1553/1553
f 1540/1540 1553/1553 1541/1541
f 1541/1541 1553/1553 1554/1554
f 1541/1541 1554/1554 1542/1542
f 1542/1542 1554/1554 1555/1555
f 1542/1542 1555/1555 1543/1543
f 1543/1543 1555/1555 1556/1556
f 1543/1543 1556/1556 1544/1544
f 1544/1544 1556/1556 1557/1557
f 1544/1544 1557/1557 1545/1545
f 1545/1545 1557/1557 1558/1558
f 1545/1545 1558/1558 1546/1546
f 1546/1546 1558/1558 1559/1559
f 1546/1546 1559/1559 1547/1547
f 1547/1547 1559/1559 1560/1560
f 1547/1547 1560/1560 1548/1548
f 1548/1548 1560/1560 1549/1549
f 1548/1548 1549/1549 1537/1537
f 1549/1549 1561/1561 1562/1562
f 1549/1549 1562/1562 1550/1550
f 1550/1550 1562/1562 1563/1563
f 1550/1550 1563/1563 1551/1551
f 1551/1551 1563/1563 1564/1564
f 1551/1551 1564/1564 1552/1552
f 1552/1552 1564/1564 1565/1565
f 1552/1552 1565/1565 1553/1553
f 1553/1553 1565/1565 1566/1566
f 1553/1553 1566/1566 1554/1554
f 1554/1554 1566/1566 1567/1567
f 1554/1554 1567/1567 1555/1555
f 1555/1555 1567/1567 1568/1568
f 1555/1555 1568/1568 1556/1556
f 1556/1556 1568/1568 1569/1569
f 1556/1556 1569/1569 1557/1557
f 1557/1557 1569/1569 1570/1570
f 1557/1557 1570/1570 1558/1558
f 1558/1558 1570/1570 1571/1571
f 1558/1558 1571/1571 1559/1559
f 1559/1559 1571/1571 1572/1572
f 1559/1559 1572/1572 1560/1560
f 1560/1560 1572/1572 1561/1561
f 1560/1560 1561/1561 1549/1549
f 1561/1561 1573/1573 1574/1574
f 1561/1561 1574/1574 1562/1562
f 1562/1562 1574/1574 1575/1575
f 1562/1562 1575/1575 1563/1563
f 1563/1563 1575/1575 1576/1576
f 1563/1563 1576/1576 1564/1564
f 1564/1564 1576/1576 1577/1577
f 1564/1564 1577/1577 1565/1565
f 1565/1565 1577/1577 1578/1578
f 1565/1565 1578/1578 1566/1566
f 1566/1566 1578/1578 1579/1579
f 1566/1566 1579/1579 1567/1567
f 1567/1567 1579/1579 1580/1580
f 1567/1567 1580/1580 1568/1568
f 1568/1568 1580/1580 1581/1581
f 1568/1568 1581/1581 1569/1569
f 1569/1569 1581/1581 1582/1582
f 1569/1569 1582/1582 1570/1570
f 1570/1570 1582/1582 1583/1583
f 1570/1570 1583/1583 1571/1571
f 1571/1571 1583/1583 1584/1584
f 1571/1571 1584/1584 1572/1572
f 1572/1572 1584/1584 1573/1573
f 1572/1572 1573/1573 1561/1561
f 1573/1573 1585/1585 1586/1586
f 1573/1573 1586/1586 1574/1574
f 1574/1574 1586/1586 1587/1587
f 1574/1574 1587/1587 1575/1575
f 1575/1575 1587/1587 1588/1588
f 1575/1575 1588/1588 1576/1576
f 1576/1576 1588/1588 1589/1589
f 1576/1576 1589/1589 1577/1577
f 1577/1577 1589/1589 1590/1590
f 1577/1577 1590/1590 1578/1578
f 1578/1578 1590/1590 1591/1591
f 1578/1578 1591/1591 1579/1579
f 1579/1579 1591/1591 1592/1592
f 1579/1579 1592/1592 1580/1580
f 1580/1580 1592/1592 1593/1593
f 1580/1580 1593/1593 1581/1581
f 1581/1581 1593/1593 1594/1594
f 1581/1581 1594/1594 1582/1582
f 1582/1582 1594/1594 1595/1595
f 1582/1582 1595/1595 1583/1583
f 1583/1583 1595/1595 1596/1596
f 1583/1583 1596/1596 1584/1584
f 1584/1584 1596/1596 1585/1585
f 1584/1584 1585/1585 1573/1573
f 1513/1513 1514/1514 1515/1515
f 1513/1513 1515/1515 1516/1516
f 1513/1513 1516/1516 1517/1517
f 1513/1513 1517/1517 1518/1518
f 1513/1513 1518/1518 1519/1519
f 1513/1513 1519/1519 1520/1520
f 1513/1513 1520/1520 1521/1521
f 1513/1513 1521/1521 1522/1522
f 1513/1513 1522/1522 1523/1523
f 1513/1513 1523/1523 1524/1524
f 1596/1596 1595/1595 1594/1594
f 1596/1596 1594/1594 1593/1593
f 1596/1596 1593/1593 1592/1592
f 1596/1596 1592/1592 1591/1591
f 1596/1596 1591/1591 1590/1590
f 1596/1596 1590/1590 1589/1589
f 1596/1596 1589/1589 1588/1588
f 1596/1596 1588/1588 1587/1587
f 1596/1596 1587/1587 1586/1586
f 1596/1596 1586/1586 1585/1585
f 1597/1597 1609/1609 1610/1610
f 1597/1597 1610/1610 1598/1598
f 1598/1598 1610/1610 1611/1611
f 1598/1598 1611/1611 1599/1599
f 1599/1599 1611/1611 1612/1612
f 1599/1599 1612/1612 1600/1600
f 1600/1600 1612/1612 1613/1613
f 1600/1600 1613/1613 1601/1601
f 1601/1601 1613/1613 1614/1614
f 1601/1601 1614/1614 1602/1602
f 1602/1602 1614/1614 1615/1615
f 1602/1602 1615/1615 1603/1603
f 1603/1603 1615/1615 1616/1616
f 1603/1603 1616/1616 1604/1604
f 1604/1604 1616/1616 1617/1617
f 1604/1604 1617/1617 1605/1605
f 1605/1605 1617/1617 1618/1618
f 1605/1605 1618/1618 1606/1606
f 1606/1606 1618/1618 1619/1619
f 1606/1606 1619/1619 1607/1607
f 1607/1607 1619/1619 1620/1620
f 1607/1607 1620/1620 1608/1608
f 1608/1608 1620/1620 1609/1609
f 1608/1608 1609/1609 1597/1597
f 1609/1609 1621/1621 1622/1622
f 1609/1609 1622/1622 1610/1610
f 1610/1610 1622/1622 1623/1623
f 1610/1610 1623/1623 1611/1611
f 1611/1611 1623/1623 1624/1624
f 1611/1611 1624/1624 1612/1612
f 1612/1612 1624/1624 1625/1625
f 1612/1612 1625/1625 1613/1613
f 1613/1613 1625/1625 1626/1626
f 1613/1613 1626/1626 1614/1614
f 1614/1614 1626/1626 1627/1627
f 1614/1614 1627/1627 1615/1615
f 1615/1615 1627/1627 1628/1628
f 1615/1615 1628/1628 1616/1616
f 1616/1616 1628/1628 1629/1629
f 1616/1616 1629/1629 1617/1617
f 1617/1617 1629/1629 1630/1630
f 1617/1617 1630/1630 1618/1618
f 1618/1618 1630/1630 1631/1631
f 1618/1618 1631/1631 1619/1619
f 1619/1619 1631/1631 1632/1632
f 1619/1619 1632/1632 1620/1620
f 1620/1620 1632/1632 1621/1621
f 1620/1620 1621/1621 1609/1609
f 1621/1621 1633/1633 1634/1634
f 1621/1621 1634/1634 1622/1622
f 1622/1622 1634/1634 1635/1635
f 1622/1622 1635/1635 1623/1623
f 1623/1623 1635/1635 1636/1636
f 1623/1623 1636/1636 1624/1624
f 1624/1624 1636/1636 1637/1637
f 1624/1624 1637/1637 1625/1625
f 1625/1625 1637/1637 1638/1638
f 1625/1625 1638/1638 1626/1626
f 1626/1626 1638/1638 1639/1639
f 1626/1626 1639/1639 1627/1627
f 1627/1627 1639/1639 1640/1640
f 1627/1627 1640/1640 1628/1628
f 1628/1628 1640/1640 1641/1641
f 1628/1628 1641/1641 1629/1629
f 1629/1629 1641/1641 1642/1642
f 1629/1629 1642/1642 1630/1630
f 1630/1630 1642/1642 1643/1643
f 1630/1630 1643/1643 1631/1631
f 1631/1631 1643/1643 1644/1644
f 1631/1631 1644/1644 1632/1632
f 1632/1632 1644/1644 1633/1633
f 1632/1632 1633/1633 1621/1621
f 1633/1633 1645/1645 1646/1646
f 1633/1633 1646/1646 1634/1634
f 1634/1634 1646/1646 1647/1647
f 1634/1634 1647/1647 1635/1635
f 1635/1635 1647/1647 1648/1648
f 1635/1635 1648/1648 1636/1636
f 1636/1636 1648/1648 1649/1649
f 1636/1636 1649/1649 1637/1637
f 1637/1637 1649/1649 1650/1650
f 1637/1637 1650/1650 1638/1638
f 1638/1638 1650/1650 1651/1651
f 1638/1638 1651/1651 1639/1639
f 1639/1639 1651/1651 1652/1652
f 1639/1639 1652/1652 1640/1640
f 1640/1640 1652/1652 1653/1653
f 1640/1640 1653/1653 1641/1641
f 1641/1641 1653/1653 1654/1654
f 1641/1641 1654/1654 1642/1642
f 1642/1642 1654/1654 1655/1655
f 1642/1642 1655/1655 1643/1643
f 1643/1643 1655/1655 1656/1656
f 1643/1643 1656/1656 1644/1644
f 1644/1644 1656/1656 1645/1645
f 1644/1644 1645/1645 1633/1633
f 1645/1645 1657/1657 1658/1658
f 1645/1645 1658/1658 1646/1646
f 1646/1646 1658/1658 1659/1659
f 1646/1646 1659/1659 1647/1647
f 1647/1647 1659/1659 1660/1660
f 1647/1647 1660/1660 1648/1648
f 1648/1648 1660/1660 1661/1661
f 1648/1648 1661/1661 1649/1649
f 1649/1649 1661/1661 1662/1662
f 1649/1649 1662/1662 1650/1650
f 1650/1650 1662/1662 1663/1663
f 1650/1650 1663/1663 1651/1651
f 1651/1651 1663/1663 1664/1664
f 1651/1651 1664/1664 1652/1652
f 1652/1652 1664/1664 1665/1665
f 1652/1652 1665/1665 1653/1653
f 1653/1653 1665/1665 1666/1666
f 1653/1653 1666/1666 1654/1654
f 1654/1654 1666/1666 1667/1667
f 1654/1654 1667/1667 1655/1655
f 1655/1655 1667/1667 1668/1668
f 1655/1655 1668/1668 1656/1656
f 1656/1656 1668/1668 1657/1657
f 1656/1656 1657/1657 1645/1645
f 1657/1657 1669/1669 1670/1670
f 1657/1657 1670/1670 1658/1658
f 1658/1658 1670/1670 1671/1671
f 1658/1658 1671/1671 1659/1659
f 1659/1659 1671/1671 1672/1672
f 1659/1659 1672/1672 1660/1660
f 1660/1660 1672/1672 1673/1673
f 1660/1660 1673/1673 1661/1661
f 1661/1661 1673/1673 1674/1674
f 1661/1661 1674/1674 1662/1662
f 1662/1662 1674/1674 1675/1675
f 1662/1662 1675/1675 1663/1663
f 1663/1663 1675/1675 1676/1676
f 1663/1663 1676/1676 1664/1664
f 1664/1664 1676/1676 1677/1677
f 1664/1664 1677/1677 1665/1665
f 1665/1665 1677/1677 1678/1678
f 1665/1665 1678/1678 1666/1666
f 1666/1666 1678/1678 1679/1679
f 1666/1666 1679/1679 1667/1667
f 1667/1667 1679/1679 1680/1680
f 1667/1667 1680/1680 1668/1668
f 1668/1668 1680/1680 1669/1669
f 1668/1668 1669/1669 1657/1657
f 1597/1597 1598/1598 1599/1599
f 1597/1597 1599/1599 1600/1600
f 1597/1597 1600/1600 1601/1601
f 1597/1597 1601/1601 1602/1602
f 1597/1597 1602/1602 1603/1603
f 1597/1597 1603/1603 1604/1604
f 1597/1597 1604/1604 1605/1605
f 1597/1597 1605/1605 1606/1606
f 1597/1597 1606/1606 1607/1607
f 1597/1597 1607/1607 1608/1608
f 1680/1680 1679/1679 1678/1678
f 1680/1680 1678/1678 1677/1677
f 1680/1680 1677/1677 1676/1676
f 1680/1680 1676/1676 1675/1675
f 1680/1680 1675/1675 1674/1674
f 1680/1680 1674/1674 1673/1673
f 1680/1680 1673/1673 1672/1672
f 1680/1680 1672/1672 1671/1671
f 1680/1680 1671/1671 1670/1670
f 1680/1680 1670/1670 1669/1669
f 1681/1681 1693/1693 1694/1694
f 1681/1681 1694/1694 1682/1682
f 1682/1682 1694/1694 1695/1695
f 1682/1682 1695/1695 1683/1683
f 1683/1683 1695/1695 1696/1696
f 1683/1683 1696/1696 1684/1684
f 1684/1684 1696/1696 1697/1697
f 1684/1684 1697/1697 1685/1685
f 1685/1685 1697/1697 1698/1698
f 1685/1685 1698/1698 1686/1686
f 1686/1686 1698/1698 1699/1699
f 1686/1686 1699/1699 1687/1687
f 1687/1687 1699/1699 1700/1700
f 1687/1687 1700/1700 1688/1688
f 1688/1688 1700/1700 1701/1701
f 1688/1688 1701/1701 1689/1689
f 1689/1689 1701/1701 1702/1702
f 1689/1689 1702/1702 1690/1690
f 1690/1690 1702/1702 1703/1703
f 1690/1690 1703/1703 1691/1691
f 1691/1691 1703/1703 1704/1704
f 1691/1691 1704/1704 1692/1692
f 1692/1692 1704/1704 1693/1693
f 1692/1692 1693/1693 1681/1681
f 1693/1693 1705/1705 1706/1706
f 1693/1693 1706/1706 1694/1694
f 1694/1694 1706/1706 1707/1707
f 1694/1694 1707/1707 1695/1695
f 1695/1695 1707/1707 1708/1708
f 1695/1695 1708/1708 1696/1696
f 1696/1696 1708/1708 1709/1709
f 1696/1696 1709/1709 1697/1697
f 1697/1697 1709/1709 1710/1710
f 1697/1697 1710/1710 1698/1698
f 1698/1698 1710/1710 1711/1711
f 1698/1698 1711/1711 1699/1699
f 1699/1699 1711/1711 1712/1712
f 1699/1699 1712/1712 1700/1700
f 1700/1700 1712/1712 1713/1713
f 1700/1700 1713/1713 1701/1701
f 1701/1701 1713/1713 1714/1714
f 1701/1701 1714/1714 1702/1702
f 1702/1702 1714/1714 1715/1715
f 1702/1702 1715/1715 1703/1703
f 1703/1703 1715/1715 1716/1716
f 1703/1703 1716/1716 1704/1704
f 1704/1704 1716/1716 1705/1705
f 1704/1704 1705/1705 1693/1693
f 1705/1705 1717/1717 1718/1718
f 1705/1705 1718/1718 1706/1706
f 1706/1706 1718/1718 1719/1719
f 1706/1706 1719/1719 1707/1707
f 1707/1707 1719/1719 1720/1720
f 1707/1707 1720/1720 1708/1708
f 1708/1708 1720/1720 1721/1721
f 1708/1708 1721/1721 1709/1709
f 1709/1709 1721/1721 1722/1722
f 1709/1709 1722/1722 1710/1710
f 1710/1710 1722/1722 1723/1723
f 1710/1710 1723/1723 1711/1711
f 1711/1711 1723/1723 1724/1724
f 1711/1711 1724/1724 1712/1712
f 1712/1712 1724/1724 1725/1725
f 1712/1712 1725/1725 1713/1713
f 1713/1713 1725/1725 1726/1726
f 1713/1713 1726/1726 1714/1714
f 1714/1714 1726/1726 1727/1727
f 1714/1714 1727/1727 1715/1715
f 1715/1715 1727/1727 1728/1728
f 1715/1715 1728/1728 1716/1716
f 1716/1716 1728/1728 1717/1717
f 1716/1716 1717/1717 1705/1705
f 1717/1717 1729/1729 1730/1730
f 1717/1717 1730/1730 1718/1718
f 1718/1718 1730/1730 1731/1731
f 1718/1718 1731/1731 1719/1719
f 1719/1719 1731/1731 1732/1732
f 1719/1719 1732/1732 1720/1720
f 1720/1720 1732/1732 1733/1733
f 1720/1720 1733/1733 1721/1721
f 1721/1721 1733/1733 1734/1734
f 1721/1721 1734/1734 1722/1722
f 1722/1722 1734/1734 1735/1735
f 1722/1722 1735/1735 1723/1723
f 1723/1723 1735/1735 1736/1736
f 1723/1723 1736/1736 1724/1724
f 1724/1724 1736/1736 1737/1737
f 1724/1724 1737/1737 1725/1725
f 1725/1725 1737/1737 1738/1738
f 1725/1725 1738/1738 1726/1726
f 1726/1726 1738/1738 1739/1739
f 1726/1726 1739/1739 1727/1727
f 1727/1727 1739/1739 1740/1740
f 1727/1727 1740/1740 1728/1728
f 1728/1728 1740/1740 1729/1729
f 1728/1728 1729/1729 1717/1717
f 1729/1729 1741/1741 1742/1742
f 1729/1729 1742/1742 1730/1730
f 1730/1730 1742/1742 1743/1743
f 1730/1730 1743/1743 1731/1731
f 1731/1731 1743/1743 1744/1744
f 1731/1731 1744/1744 1732/1732
f 1732/1732 1744/1744 1745/1745
f 1732/1732 1745/1745 1733/1733
f 1733/1733 1745/1745 1746/1746
f 1733/1733 1746/1746 1734/1734
f 1734/1734 1746/1746 1747/1747
f 1734/1734 1747/1747 1735/1735
f 1735/1735 1747/1747 1748/1748
f 1735/1735 1748/1748 1736/1736
f 1736/1736 1748/1748 1749/1749
f 1736/1736 1749/1749 1737/1737
f 1737/1737 1749/1749 1750/1750
f 1737/1737 1750/1750 1738/1738
f 1738/1738 1750/1750 1751/1751
f 1738/1738 1751/1751 1739/1739
f 1739/1739 1751/1751 1752/1752
f 1739/1739 1752/1752 1740/1740
f 1740/1740 1752/1752 1741/1741
f 1740/1740 1741/1741 1729/1729
f 1741/1741 1753/1753 1754/1754
f 1741/1741 1754/1754 1742/1742
f 1742/1742 1754/1754 1755/1755
f 1742/1742 1755/1755 1743/1743
f 1743/1743 1755/1755 1756/1756
f 1743/1743 1756/1756 1744/1744
f 1744/1744 1756/1756 1757/1757
f 1744/1744 1757/1757 1745/1745
f 1745/1745 1757/1757 1758/1758
f 1745/1745 1758/1758 1746/1746
f 1746/1746 1758/1758 1759/1759
f 1746/1746 1759/1759 1747/1747
f 1747/1747 1759/1759 1760/1760
f 1747/1747 1760/1760 1748/1748
f 1748/1748 1760/1760 1761/1761
f 1748/1748 1761/1761 1749/1749
f 1749/1749 1761/1761 1762/1762
f 1749/1749 1762/1762 1750/1750
f 1750/1750 1762/1762 1763/1763
f 1750/1750 1763/1763 1751/1751
f 1751/1751 1763/1763 1764/1764
f 1751/1751 1764/1764 1752/1752
f 1752/1752 1764/1764 1753/1753
f 1752/1752 1753/1753 1741/1741
f 1681/1681 1682/1682 1683/1683
f 1681/1681 1683/1683 1684/1684
f 1681/1681 1684/1684 1685/1685
f 1681/1681 1685/1685 1686/1686
f 1681/1681 1686/1686 1687/1687
f 1681/1681 1687/1687 1688/1688
f 1681/1681 1688/1688 1689/1689
f 1681/1681 1689/1689 1690/1690
f 1681/1681 1690/1690 1691/1691
f 1681/1681 1691/1691 1692/1692
f 1764/1764 1763/1763 1762/1762
f 1764/1764 1762/1762 1761/1761
f 1764/1764 1761/1761 1760/1760
f 1764/1764 1760/1760 1759/1759
f 1764/1764 1759/1759 1758/1758
f 1764/1764 1758/1758 1757/1757
f 1764/1764 1757/1757 1756/1756
f 1764/1764 1756/1756 1755/1755
f 1764/1764 1755/1755 1754/1754
f 1764/1764 1754/1754 1753/1753
f 1765/1765 1777/1777 1778/1778
f 1765/1765 1778/1778 1766/1766
f 1766/1766 1778/1778 1779/1779
f 1766/1766 1779/1779 1767/1767
f 1767/1767 1779/1779 1780/1780
f 1767/1767 1780/1780 1768/1768
f 1768/1768 1780/1780 1781/1781
f 1768/1768 1781/1781 1769/1769
f 1769/1769 1781/1781 1782/1782
f 1769/1769 1782/1782 1770/1770
f 1770/1770 1782/1782 1783/1783
f 1770/1770 1783/1783 1771/1771
f 1771/1771 1783/1783 1784/1784
f 1771/1771 1784/1784 1772/1772
f 1772/1772 1784/1784 1785/1785
f 1772/1772 1785/1785 1773/1773
f 1773/1773 1785/1785 1786/1786
f 1773/1773 1786/1786 1774/1774
f 1774/1774 1786/1786 1787/1787
f 1774/1774 1787/1787 1775/1775
f 1775/1775 1787/1787 1788/1788
f 1775/1775 1788/1788 1776/1776
f 1776/1776 1788/1788 1777/1777
f 1776/1776 1777/1777 1765/1765
f 1777/1777 1789/1789 1790/1790
f 1777/1777 1790/1790 1778/1778
f 1778/1778 1790/1790 1791/1791
f 1778/1778 1791/1791 1779/1779
f 1779/1779 1791/1791 1792/1792
f 1779/1779 1792/1792 1780/1780
f 1780/1780 1792/1792 1793/1793
f 1780/1780 1793/1793 1781/1781
f 1781/1781 1793/1793 1794/1794
f 1781/1781 1794/1794 1782/1782
f 1782/1782 1794/1794 1795/1795
f 1782/1782 1795/1795 1783/1783
f 1783/1783 1795/1795 1796/1796
f 1783/1783 1796/1796 1784/1784
f 1784/1784 1796/1796 1797/1797
f 1784/1784 1797/1797 1785/1785
f 1785/1785 1797/1797 1798/1798
f 1785/1785 1798/1798 1786/1786
f 1786/1786 1798/1798 1799/1799
f 1786/1786 1799/1799 1787/1787
f 1787/1787 1799/1799 1800/1800
f 1787/1787 1800/1800 1788/1788
f 1788/1788 1800/1800 1789/1789
f 1788/1788 1789/1789 1777/1777
f 1789/1789 1801/1801 1802/1802
f 1789/1789 1802/1802 1790/1790
f 1790/1790 1802/1802 1803/1803
f 1790/1790 1803/1803 1791/1791
f 1791/1791 1803/1803 1804/1804
f 1791/1791 1804/1804 1792/1792
f 1792/1792 1804/1804 1805/1805
f 1792/1792 1805/1805 1793/1793
f 1793/1793 1805/1805 1806/1806
f 1793/1793 1806/1806 1794/1794
f 1794/1794 1806/1806 1807/1807
f 1794/1794 1807/1807 1795/1795
f 1795/1795 1807/1807 1808/1808
f 1795/1795 1808/1808 1796/1796
f 1796/1796 1808/1808 1809/1809
f 1796/1796 1809/1809 1797/1797
f 1797/1797 1809/1809 1810/1810
f 1797/1797 1810/1810 1798/1798
f 1798/1798 1810/1810 1811/1811
f 1798/1798 1811/1811 1799/1799
f 1799/1799 1811/1811 1812/1812
f 1799/1799 1812/1812 1800/1800
f 1800/1800 1812/1812 1801/1801
f 1800/1800 1801/1801 1789/1789
f 1801/1801 1813/1813 1814/1814
f 1801/1801 1814/1814 1802/1802
f 1802/1802 1814/1814 1815/1815
f 1802/1802 1815/1815 1803/1803
f 1803/1803 1815/1815 1816/1816
f 1803/1803 1816/1816 1804/1804
f 1804/1804 1816/1816 1817/1817
f 1804/1804 1817/1817 1805/1805
f 1805/1805 1817/1817 1818/1818
f 1805/1805 1818/1818 1806/1806
f 1806/1806 1818/1818 1819/1819
f 1806/1806 1819/1819 1807/1807
f 1807/1807 1819/1819 1820/1820
f 1807/1807 1820/1820 1808/1808
f 1808/1808 1820/1820 1821/1821
f 1808/1808 1821/1821 1809/1809
f 1809/1809 1821/1821 1822/1822
f 1809/1809 1822/1822 1810/1810
f 1810/1810 1822/1822 1823/1823
f 1810/1810 1823/1823 1811/1811
f 1811/1811 1823/1823 1824/1824
f 1811/1811 1824/1824 1812/1812
f 1812/1812 1824/1824 1813/1813
f 1812/1812 1813/1813 1801/1801
f 1813/1813 1825/1825 1826/1826
f 1813/1813 1826/1826 1814/1814
f 1814/1814 1826/1826 1827/1827
f 1814/1814 1827/1827 1815/1815
f 1815/1815 1827/1827 1828/1828
f 1815/1815 1828/1828 1816/1816
f 1816/1816 1828/1828 1829/1829
f 1816/1816 1829/1829 1817/1817
f 1817/1817 1829/1829 1830/1830
f 1817/1817 1830/1830 1818/1818
f 1818/1818 1830/1830 1831/1831
f 1818/1818 1831/1831 1819/1819
f 1819/1819 1831/1831 1832/1832
f 1819/1819 1832/1832 1820/1820
f 1820/1820 1832/1832 1833/1833
f 1820/1820 1833/1833 1821/1821
f 1821/1821 1833/1833 1834/1834
f 1821/1821 1834/1834 1822/1822
f 1822/1822 1834/1834 1835/1835
f 1822/1822 1835/1835 1823/1823
f 1823/1823 1835/1835 1836/1836
f 1823/1823 1836/1836 1824/1824
f 1824/1824 1836/1836 1825/1825
f 1824/1824 1825/1825 1813/1813
f 1825/1825 1837/1837 1838/1838
f 1825/1825 1838/1838 1826/1826
f 1826/1826 1838/1838 1839/1839
f 1826/1826 1839/1839 1827/1827
f 1827/1827 1839/1839 1840/1840
f 1827/1827 1840/1840 1828/1828
f 1828/1828 1840/1840 1841/1841
f 1828/1828 1841/1841 1829/1829
f 1829/1829 1841/1841 1842/1842
f 1829/1829 1842/1842 1830/1830
f 1830/1830 1842/1842 1843/1843
f 1830/1830 1843/1843 1831/1831
f 1831/1831 1843/1843 1844/1844
f 1831/1831 1844/1844 1832/1832
f 1832/1832 1844/1844 1845/1845
f 1832/1832 1845/1845 1833/1833
f 1833/1833 1845/1845 1846/1846
f 1833/1833 1846/1846 1834/1834
f 1834/1834 1846/1846 1847/1847
f 1834/1834 1847/1847 1835/1835
f 1835/1835 1847/1847 1848/1848
f 1835/1835 1848/1848 1836/1836
f 1836/1836 1848/1848 1837/1837
f 1836/1836 1837/1837 1825/1825
f 1765/1765 1766/1766 1767/1767
f 1765/1765 1767/1767 1768/1768
f 1765/1765 1768/1768 1769/1769
f 1765/1765 1769/1769 1770/1770
f 1765/1765 1770/1770 1771/1771
f 1765/1765 1771/1771 1772/1772
f 1765/1765 1772/1772 1773/1773
f 1765/1765 1773/1773 1774/1774
f 1765/1765 1774/1774 1775/1775
f 1765/1765 1775/1775 1776/1776
f 1848/1848 1847/1847 1846/1846
f 1848/1848 1846/1846 1845/1845
f 1848/1848 1845/1845 1844/1844
f 1848/1848 1844/1844 1843/1843
f 1848/1848 1843/1843 1842/1842
f 1848/1848 1842/1842 1841/1841
f 1848/1848 1841/1841 1840/1840
f 1848/1848 1840/1840 1839/1839
f 1848/1848 1839/1839 1838/1838
f 1848/1848 1838/1838 1837/1837
f 1849/1849 1861/1861 1862/1862
f 1849/1849 1862/1862 1850/1850
f 1850/1850 1862/1862 1863/1863
f 1850/1850 1863/1863 1851/1851
f 1851/1851 1863/1863 1864/1864
f 1851/1851 1864/1864 1852/1852
f 1852/1852 1864/1864 1865/1865
f 1852/1852 1865/1865 1853/1853
f 1853/1853 1865/1865 1866/1866
f 1853/1853 1866/1866 1854/1854
f 1854/1854 1866/1866 1867/1867
f 1854/1854 1867/1867 1855/1855
f 1855/1855 1867/1867 1868/1868
f 1855/1855 1868/1868 1856/1856
f 1856/1856 1868/1868 1869/1869
f 1856/1856 1869/1869 1857/1857
f 1857/1857 1869/1869 1870/1870
f 1857/1857 1870/1870 1858/1858
f 1858/1858 1870/1870 1871/1871
f 1858/1858 1871/1871 1859/1859
f 1859/1859 1871/1871 1872/1872
f 1859/1859 1872/1872 1860/1860
f 1860/1860 1872/1872 1861/1861
f 1860/1860 1861/1861 1849/1849
f 1861/1861 1873/1873 1874/1874
f 1861/1861 1874/1874 1862/1862
f 1862/1862 1874/1874 1875/1875
f 1862/1862 1875/1875 1863/1863
f 1863/1863 1875/1875 1876/1876
f 1863/1863 1876/1876 1864/1864
f 1864/1864 1876/1876 1877/1877
f 1864/1864 1877/1877 1865/1865
f 1865/1865 1877/1877 1878/1878
f 1865/1865 1878/1878 1866/1866
f 1866/1866 1878/1878 1879/1879
f 1866/1866 1879/1879 1867/1867
f 1867/1867 1879/1879 1880/1880
f 1867/1867 1880/1880 1868/1868
f 1868/1868 1880/1880 1881/1881
f 1868/1868 1881/1881 1869/1869
f 1869/1869 1881/1881 1882/1882
f 1869/1869 1882/1882 1870/1870
f 1870/1870 1882/1882 1883/1883
f 1870/1870 1883/1883 1871/1871
f 1871/1871 1883/1883 1884/1884
f 1871/1871 1884/1884 1872/1872
f 1872/1872 1884/1884 1873/1873
f 1872/1872 1873/1873 1861/1861
f 1873/1873 1885/1885 1886/1886
f 1873/1873 1886/1886 1874/1874
f 1874/1874 1886/1886 1887/1887
f 1874/1874 1887/1887 1875/1875
f 1875/1875 1887/1887 1888/1888
f 1875/1875 1888/1888 1876/1876
f 1876/1876 1888/1888 1889/1889
f 1876/1876 1889/1889 1877/1877
f 1877/1877 1889/1889 1890/1890
f 1877/1877 1890/1890 1878/1878
f 1878/1878 1890/1890 1891/1891
f 1878/1878 1891/1891 1879/1879
f 1879/1879 1891/1891 1892/1892
f 1879/1879 1892/1892 1880/1880
f 1880/1880 1892/1892 1893/1893
f 1880/1880 1893/1893 1881/1881
f 1881/1881 1893/1893 1894/1894
f 1881/1881 1894/1894 1882/1882
f 1882/1882 1894/1894 1895/1895
f 1882/1882 1895/1895 1883/1883
f 1883/1883 1895/1895 1896/1896
f 1883/1883 1896/1896 1884/1884
f 1884/1884 1896/1896 1885/1885
f 1884/1884 1885/1885 1873/1873
f 1885/1885 1897/1897 1898/1898
f 1885/1885 1898/1898 1886/1886
f 1886/1886 1898/1898 1899/1899
f 1886/1886 1899/1899 1887/1887
f 1887/1887 1899/1899 1900/1900
f 1887/1887 1900/1900 1888/1888
f 1888/1888 1900/1900 1901/1901
f 1888/1888 1901/1901 1889/1889
f 1889/1889 1901/1901 1902/1902
f 1889/1889 1902/1902 1890/1890
f 1890/1890 1902/1902 1903/1903
f 1890/1890 1903/1903 1891/1891
f 1891/1891 1903/1903 1904/1904
f 1891/1891 1904/1904 1892/1892
f 1892/1892 1904/1904 1905/1905
f 1892/1892 1905/1905 1893/1893
f 1893/1893 1905/1905 1906/1906
f 1893/1893 1906/1906 1894/1894
f 1894/1894 1906/1906 1907/1907
f 1894/1894 1907/1907 1895/1895
f 1895/1895 1907/1907 1908/1908
f 1895/1895 1908/1908 1896/1896
f 1896/1896 1908/1908 1897/1897
f 1896/1896 1897/1897 1885/1885
f 1897/1897 1909/1909 1910/1910
f 1897/1897 1910/1910 1898/1898
f 1898/1898 1910/1910 1911/1911
f 1898/1898 1911/1911 1899/1899
f 1899/1899 1911/1911 1912/1912
f 1899/1899 1912/1912 1900/1900
f 1900/1900 1912/1912 1913/1913
f 1900/1900 1913/1913 1901/1901
f 1901/1901 1913/1913 1914/1914
f 1901/1901 1914/1914 1902/1902
f 1902/1902 1914/1914 1915/1915
f 1902/1902 1915/1915 1903/1903
f 1903/1903 1915/1915 1916/1916
f 1903/1903 1916/1916 1904/1904
f 1904/1904 1916/1916 1917/1917
f 1904/1904 1917/1917 1905/1905
f 1905/1905 1917/1917 1918/1918
f 1905/1905 1918/1918 1906/1906
f 1906/1906 1918/1918 1919/1919
f 1906/1906 1919/1919 1907/1907
f 1907/1907 1919/1919 1920/1920
f 1907/1907 1920/1920 1908/1908
f 1908/1908 1920/1920 1909/1909
f 1908/1908 1909/1909 1897/1897
f 1909/1909 1921/1921 1922/1922
f 1909/1909 1922/1922 1910/1910
f 1910/1910 1922/1922 1923/1923
f 1910/1910 1923/1923 1911/1911
f 1911/1911 1923/1923 1924/1924
f 1911/1911 1924/1924 1912/1912
f 1912/1912 1924/1924 1925/1925
f 1912/1912 1925/1925 1913/1913
f 1913/1913 1925/1925 1926/1926
f 1913/1913 1926/1926 1914/1914
f 1914/1914 1926/1926 1927/1927
f 1914/1914 1927/1927 1915/1915
f 1915/1915 1927/1927 1928/1928
f 1915/1915 1928/1928 1916/1916
f 1916/1916 1928/1928 1929/1929
f 1916/1916 1929/1929 1917/1917
f 1917/1917 1929/1929 1930/1930
f 1917/1917 1930/1930 1918/1918
f 1918/1918 1930/1930 1931/1931
f 1918/1918 1931/1931 1919/1919
f 1919/1919 1931/1931 1932/1932
f 1919/1919 1932/1932 1920/1920
f 1920/1920 1932/1932 1921/1921
f 1920/1920 1921/1921 1909/1909
f 1849/1849 1850/1850 1851/1851
f 1849/1849 1851/1851 1852/1852
f 1849/1849 1852/1852 1853/1853
f 1849/1849 1853/1853 1854/1854
f 1849/1849 1854/1854 1855/1855
f 1849/1849 1855/1855 1856/1856
f 1849/1849 1856/1856 1857/1857
f 1849/1849 1857/1857 1858/1858
f 1849/1849 1858/1858 1859/1859
f 1849/1849 1859/1859 1860/1860
f 1932/1932 1931/1931 1930/1930
f 1932/1932 1930/1930 1929/1929
f 1932/1932 1929/1929 1928/1928
f 1932/1932 1928/1928 1927/1927
f 1932/1932 1927/1927 1926/1926
f 1932/1932 1926/1926 1925/1925
f 1932/1932 1925/1925 1924/1924
f 1932/1932 1924/1924 1923/1923
f 1932/1932 1923/1923 1922/1922
f 1932/1932 1922/1922 1921/1921
f 1933/1933 1945/1945 1946/1946
f 1933/1933 1946/1946 1934/1934
f 1934/1934 1946/1946 1947/1947
f 1934/1934 1947/1947 1935/1935
f 1935/1935 1947/1947 1948/1948
f 1935/1935 1948/1948 1936/1936
f 1936/1936 1948/1948 1949/1949
f 1936/1936 1949/1949 1937/1937
f 1937/1937 1949/1949 1950/1950
f 1937/1937 1950/1950 1938/1938
f 1938/1938 1950/1950 1951/1951
f 1938/1938 1951/1951 1939/1939
f 1939/1939 1951/1951 1952/1952
f 1939/1939 1952/1952 1940/1940
f 1940/1940 1952/1952 1953/1953
f 1940/1940 1953/1953 1941/1941
f 1941/1941 1953/1953 1954/1954
f 1941/1941 1954/1954 1942/1942
f 1942/1942 1954/1954 1955/1955
f 1942/1942 1955/1955 1943/1943
f 1943/1943 1955/1955 1956/1956
f 1943/1943 1956/1956 1944/1944
f 1944/1944 1956/1956 1945/1945
f 1944/1944 1945/1945 1933/1933
f 1945/1945 1957/1957 1958/1958
f 1945/1945 1958/1958 1946/1946
f 1946/1946 1958/1958 1959/1959
f 1946/1946 1959/1959 1947/1947
f 1947/1947 1959/1959 1960/1960
f 1947/1947 1960/1960 1948/1948
f 1948/1948 1960/1960 1961/1961
f 1948/1948 1961/1961 1949/1949
f 1949/1949 1961/1961 1962/1962
f 1949/1949 1962/1962 1950/1950
f 1950/1950 1962/1962 1963/1963
f 1950/1950 1963/1963 1951/1951
f 1951/1951 1963/1963 1964/1964
f 1951/1951 1964/1964 1952/1952
f 1952/1952 1964/1964 1965/1965
f 1952/1952 1965/1965 1953/1953
f 1953/1953 1965/1965 1966/1966
f 1953/1953 1966/1966 1954/1954
f 1954/1954 1966/1966 1967/1967
f 1954/1954 1967/1967 1955/1955
f 1955/1955 1967/1967 1968/1968
f 1955/1955 1968/1968 1956/1956
f 1956/1956 1968/1968 1957/1957
f 1956/1956 1957/1957 1945/1945
f 1957/1957 1969/1969 1970/1970
f 1957/1957 1970/1970 1958/1958
f 1958/1958 1970/1970 1971/1971
f 1958/1958 1971/1971 1959/1959
f 1959/1959 1971/1971 1972/1972
f 1959/1959 1972/1972 1960/1960
f 1960/1960 1972/1972 1973/1973
f 1960/1960 1973/1973 1961/1961
f 1961/1961 1973/1973 1974/1974
f 1961/1961 1974/1974 1962/1962
f 1962/1962 1974/1974 1975/1975
f 1962/1962 1975/1975 1963/1963
f 1963/1963 1975/1975 1976/1976
f 1963/1963 1976/1976 1964/1964
f 1964/1964 1976/1976 1977/1977
f 1964/1964 1977/1977 1965/1965
f 1965/1965 1977/1977 1978/1978
f 1965/1965 1978/1978 1966/1966
f 1966/1966 1978/1978 1979/1979
f 1966/1966 1979/1979 1967/1967
f 1967/1967 1979/1979 1980/1980
f 1967/1967 1980/1980 1968/1968
f 1968/1968 1980/1980 1969/1969
f 1968/1968 1969/1969 1957/1957
f 1969/1969 1981/1981 1982/1982
f 1969/1969 1982/1982 1970/1970
f 1970/1970 1982/1982 1983/1983
f 1970/1970 1983/1983 1971/1971
f 1971/1971 1983/1983 1984/1984
f 1971/1971 1984/1984 1972/1972
f 1972/1972 1984/1984 1985/1985
f 1972/1972 1985/1985 1973/1973
f 1973/1973 1985/1985 1986/1986
f 1973/1973 1986/1986 1974/1974
f 1974/1974 1986/1986 1987/1987
f 1974/1974 1987/1987 1975/1975
f 1975/1975 1987/1987 1988/1988
f 1975/1975 1988/1988 1976/1976
f 1976/1976 1988/1988 1989/1989
f 1976/1976 1989/1989 1977/1977
f 1977/1977 1989/1989 1990/1990
f 1977/1977 1990/1990 1978/1978
f 1978/1978 1990/1990 1991/1991
f 1978/1978 1991/1991 1979/1979
f 1979/1979 1991/1991 1992/1992
f 1979/1979 1992/1992 1980/1980
f 1980/1980 1992/1992 1981/1981
f 1980/1980 1981/1981 1969/1969
f 1981/1981 1993/1993 1994/1994
f 1981/1981 1994/1994 1982/1982
f 1982/1982 1994/1994 1995/1995
f 1982/1982 1995/1995 1983/1983
f 1983/1983 1995/1995 1996/1996
f 1983/1983 1996/1996 1984/1984
f 1984/1984 1996/1996 1997/1997
f 1984/1984 1997/1997 1985/1985
f 1985/1985 1997/1997 1998/1998
f 1985/1985 1998/1998 1986/1986
f 1986/1986 1998/1998 1999/1999
f 1986/1986 1999/1999 1987/1987
f 1987/1987 1999/1999 2000/2000
f 1987/1987 2000/2000 1988/1988
f 1988/1988 2000/2000 2001/2001
f 1988/1988 2001/2001 1989/1989
f 1989/1989 2001/2001 2002/2002
f 1989/1989 2002/2002 1990/1990
f 1990/1990 2002/2002 2003/2003
f 1990/1990 2003/2003 1991/1991
f 1991/1991 2003/2003 2004/2004
f 1991/1991 2004/2004 1992/1992
f 1992/1992 2004/2004 1993/1993
f 1992/1992 1993/1993 1981/1981
f 1993/1993 2005/2005 2006/2006
f 1993/1993 2006/2006 1994/1994
f 1994/1994 2006/2006 2007/2007
f 1994/1994 2007/2007 1995/1995
f 1995/1995 2007/2007 2008/2008
f 1995/1995 2008/2008 1996/1996
f 1996/1996 2008/2008 2009/2009
f 1996/1996 2009/2009 1997/1997
f 1997/1997 2009/2009 2010/2010
f 1997/1997 2010/2010 1998/1998
f 1998/1998 2010/2010 2011/2011
f 1998/1998 2011/2011 1999/1999
f 1999/1999 2011/2011 2012/2012
f 1999/1999 2012/2012 2000/2000
f 2000/2000 2012/2012 2013/2013
f 2000/2000 2013/2013 2001/2001
f 2001/2001 2013/2013 2014/2014
f 2001/2001 2014/2014 2002/2002
f 2002/2002 2014/2014 2015/2015
f 2002/2002 2015/2015 2003/2003
f 2003/2003 2015/2015 2016/2016
f 2003/2003 2016/2016 2004/2004
f 2004/2004 2016/2016 2005/2005
f 2004/2004 2005/2005 1993/1993
f 1933/1933 1934/1934 1935/1935
f 1933/1933 1935/1935 1936/1936
f 1933/1933 1936/1936 1937/1937
f 1933/1933 1937/1937 1938/1938
f 1933/1933 1938/1938 1939/1939
f 1933/1933 1939/1939 1940/1940
f 1933/1933 1940/1940 1941/1941
f 1933/1933 1941/1941 1942/1942
f 1933/1933 1942/1942 1943/1943
f 1933/1933 1943/1943 1944/1944
f 2016/2016 2015/2015 2014/2014
f 2016/2016 2014/2014 2013/2013
f 2016/2016 2013/2013 2012/2012
f 2016/2016 2012/2012 2011/2011
f 2016/2016 2011/2011 2010/2010
f 2016/2016 2010/2010 2009/2009
f 2016/2016 2009/2009 2008/2008
f 2016/2016 2008/2008 2007/2007
f 2016/2016 2007/2007 2006/2006
f 2016/2016 2006/2006 2005/2005
f 2017/2017 2029/2029 2030/2030
f 2017/2017 2030/2030 2018/2018
f 2018/2018 2030/2030 2031/2031
f 2018/2018 2031/2031 2019/2019
f 2019/2019 2031/2031 2032/2032
f 2019/2019 2032/2032 2020/2020
f 2020/2020 2032/2032 2033/2033
f 2020/2020 2033/2033 2021/2021
f 2021/2021 2033/2033 2034/2034
f 2021/2021 2034/2034 2022/2022
f 2022/2022 2034/2034 2035/2035
f 2022/2022 2035/2035 2023/2023
f 2023/2023 2035/2035 2036/2036
f 2023/2023 2036/2036 2024/2024
f 2024/2024 2036/2036 2037/2037
f 2024/2024 2037/2037 2025/2025
f 2025/2025 2037/2037 2038/2038
f 2025/2025 2038/2038 2026/2026
f 2026/2026 2038/2038 2039/2039
f 2026/2026 2039/2039 2027/2027
f 2027/2027 2039/2039 2040/2040
f 2027/2027 2040/2040 2028/2028
f 2028/2028 2040/2040 2029/2029
f 2028/2028 2029/2029 2017/2017
f 2029/2029 2041/2041 2042/2042
f 2029/2029 2042/2042 2030/2030
f 2030/2030 2042/2042 2043/2043
f 2030/2030 2043/2043 2031/2031
f 2031/2031 2043/2043 2044/2044
f 2031/2031 2044/2044 2032/2032
f 2032/2032 2044/2044 2045/2045
f 2032/2032 2045/2045 2033/2033
f 2033/2033 2045/2045 2046/2046
f 2033/2033 2046/2046 2034/2034
f 2034/2034 2046/2046 2047/2047
f 2034/2034 2047/2047 2035/2035
f 2035/2035 2047/2047 2048/2048
f 2035/2035 2048/2048 2036/2036
f 2036/2036 2048/2048 2049/2049
f 2036/2036 2049/2049 2037/2037
f 2037/2037 2049/2049 2050/2050
f 2037/2037 2050/2050 2038/2038
f 2038/2038 2050/2050 2051/2051
f 2038/2038 2051/2051 2039/2039
f 2039/2039 2051/2051 2052/2052
f 2039/2039 2052/2052 2040/2040
f 2040/2040 2052/2052 2041/2041
f 2040/2040 2041/2041 2029/2029
f 2041/2041 2053/2053 2054/2054
f 2041/2041 2054/2054 2042/2042
f 2042/2042 2054/2054 2055/2055
f 2042/2042 2055/2055 2043/2043
f 2043/2043 2055/2055 2056/2056
f 2043/2043 2056/2056 2044/2044
f 2044/2044 2056/2056 2057/2057
f 2044/2044 2057/2057 2045/2045
f 2045/2045 2057/2057 2058/2058
f 2045/2045 2058/2058 2046/2046
f 2046/2046 2058/2058 2059/2059
f 2046/2046 2059/2059 2047/2047
f 2047/2047 2059/2059 2060/2060
f 2047/2047 2060/2060 2048/2048
f 2048/2048 2060/2060 2061/2061
f 2048/2048 2061/2061 2049/2049
f 2049/2049 2061/2061 2062/2062
f 2049/2049 2062/2062 2050/2050
f 2050/2050 2062/2062 2063/2063
f 2050/2050 2063/2063 2051/2051
f 2051/2051 2063/2063 2064/2064
f 2051/2051 2064/2064 2052/2052
f 2052/2052 2064/2064 2053/2053
f 2052/2052 2053/2053 2041/2041
f 2053/2053 2065/2065 2066/2066
f 2053/2053 2066/2066 2054/2054
f 2054/2054 2066/2066 2067/2067
f 2054/2054 2067/2067 2055/2055
f 2055/2055 2067/2067 2068/2068
f 2055/2055 2068/2068 2056/2056
f 2056/2056 2068/2068 2069/2069
f 2056/2056 2069/2069 2057/2057
f 2057/2057 2069/2069 2070/2070
f 2057/2057 2070/2070 2058/2058
f 2058/2058 2070/2070 2071/2071
f 2058/2058 2071/2071 2059/2059
f 2059/2059 2071/2071 2072/2072
f 2059/2059 2072/2072 2060/2060
f 2060/2060 2072/2072 2073/2073
f 2060/2060 2073/2073 2061/2061
f 2061/2061 2073/2073 2074/2074
f 2061/2061 2074/2074 2062/2062
f 2062/2062 2074/2074 2075/2075
f 2062/2062 2075/2075 2063/2063
f 2063/2063 2075/2075 2076/2076
f 2063/2063 2076/2076 2064/2064
f 2064/2064 2076/2076 2065/2065
f 2064/2064 2065/2065 2053/2053
f 2065/2065 2077/2077 2078/2078
f 2065/2065 2078/2078 2066/2066
f 2066/2066 2078/2078 2079/2079
f 2066/2066 2079/2079 2067/2067
f 2067/2067 2079/2079 2080/2080
f 2067/2067 2080/2080 2068/2068
f 2068/2068 2080/2080 2081/2081
f 2068/2068 2081/2081 2069/2069
f 2069/2069 2081/2081 2082/2082
f 2069/2069 2082/2082 2070/2070
f 2070/2070 2082/2082 2083/2083
f 2070/2070 2083/2083 2071/2071
f 2071/2071 2083/2083 2084/2084
f 2071/2071 2084/2084 2072/2072
f 2072/2072 2084/2084 2085/2085
f 2072/2072 2085/2085 2073/2073
f 2073/2073 2085/2085 2086/2086
f 2073/2073 2086/2086 2074/2074
f 2074/2074 2086/2086 2087/2087
f 2074/2074 2087/2087 2075/2075
f 2075/2075 2087/2087 2088/2088
f 2075/2075 2088/2088 2076/2076
f 2076/2076 2088/2088 2077/2077
f 2076/2076 2077/2077 2065/2065
f 2077/2077 2089/2089 2090/2090
f 2077/2077 2090/2090 2078/2078
f 2078/2078 2090/2090 2091/2091
f 2078/2078 2091/2091 2079/2079
f 2079/2079 2091/2091 2092/2092
f 2079/2079 2092/2092 2080/2080
f 2080/2080 2092/2092 2093/2093
f 2080/2080 2093/2093 2081/2081
f 2081/2081 2093/2093 2094/2094
f 2081/2081 2094/2094 2082/2082
f 2082/2082 2094/2094 2095/2095
f 2082/2082 2095/2095 2083/2083
f 2083/2083 2095/2095 2096/2096
f 2083/2083 2096/2096 2084/2084
f 2084/2084 2096/2096 2097/2097
f 2084/2084 2097/2097 2085/2085
f 2085/2085 2097/2097 2098/2098
f 2085/2085 2098/2098 2086/2086
f 2086/2086 2098/2098 2099/2099
f 2086/2086 2099/2099 2087/2087
f 2087/2087 2099/2099 2100/2100
f 2087/2087 2100/2100 2088/2088
f 2088/2088 2100/2100 2089/2089
f 2088/2088 2089/2089 2077/2077
f 2017/2017 2018/2018 2019/2019
f 2017/2017 2019/2019 2020/2020
f 2017/2017 2020/2020 2021/2021
f 2017/2017 2021/2021 2022/2022
f 2017/2017 2022/2022 2023/2023
f 2017/2017 2023/2023 2024/2024
f 2017/2017 2024/2024 2025/2025
f 2017/2017 2025/2025 2026/2026
f 2017/2017 2026/2026 2027/2027
f 2017/2017 2027/2027 2028/2028
f 2100/2100 2099/2099 2098/2098
f 2100/2100 2098/2098 2097/2097
f 2100/2100 2097/2097 2096/2096
f 2100/2100 2096/2096 2095/2095
f 2100/2100 2095/2095 2094/2094
f 2100/2100 2094/2094 2093/2093
f 2100/2100 2093/2093 2092/2092
f 2100/2100 2092/2092 2091/2091
f 2100/2100 2091/2091 2090/2090
f 2100/2100 2090/2090 2089/2089
f 2101/2101 2113/2113 2114/2114
f 2101/2101 2114/2114 2102/2102
f 2102/2102 2114/2114 2115/2115
f 2102/2102 2115/2115 2103/2103
f 2103/2103 2115/2115 2116/2116
f 2103/2103 2116/2116 2104/2104
f 2104/2104 2116/2116 2117/2117
f 2104/2104 2117/2117 2105/2105
f 2105/2105 2117/2117 2118/2118
f 2105/2105 2118/2118 2106/2106
f 2106/2106 2118/2118 2119/2119
f 2106/2106 2119/2119 2107/2107
f 2107/2107 2119/2119 2120/2120
f 2107/2107 2120/2120 2108/2108
f 2108/2108 2120/2120 2121/2121
f 2108/2108 2121/2121 2109/2109
f 2109/2109 2121/2121 2122/2122
f 2109/2109 2122/2122 2110/2110
f 2110/2110 2122/2122 2123/2123
f 2110/2110 2123/2123 2111/2111
f 2111/2111 2123/2123 2124/2124
f 2111/2111 2124/2124 2112/2112
f 2112/2112 2124/2124 2113/2113
f 2112/2112 2113/2113 2101/2101
f 2113/2113 2125/2125 2126/2126
f 2113/2113 2126/2126 2114/2114
f 2114/2114 2126/2126 2127/2127
f 2114/2114 2127/2127 2115/2115
f 2115/2115 2127/2127 2128/2128
f 2115/2115 2128/2128 2116/2116
f 2116/2116 2128/2128 2129/2129
f 2116/2116 2129/2129 2117/2117
f 2117/2117 2129/2129 2130/2130
f 2117/2117 2130/2130 2118/2118
f 2118/2118 2130/2130 2131/2131
f 2118/2118 2131/2131 2119/2119
f 2119/2119 2131/2131 2132/2132
f 2119/2119 2132/2132 2120/2120
f 2120/2120 2132/2132 2133/2133
f 2120/2120 2133/2133 2121/2121
f 2121/2121 2133/2133 2134/2134
f 2121/2121 2134/2134 2122/2122
f 2122/2122 2134/2134 2135/2135
f 2122/2122 2135/2135 2123/2123
f 2123/2123 2135/2135 2136/2136
f 2123/2123 2136/2136 2124/2124
f 2124/2124 2136/2136 2125/2125
f 2124/2124 2125/2125 2113/2113
f 2125/2125 2137/2137 2138/2138
f 2125/2125 2138/2138 2126/2126
f 2126/2126 2138/2138 2139/2139
f 2126/2126 2139/2139 2127/2127
f 2127/2127 2139/2139 2140/2140
f 2127/2127 2140/2140 2128/2128
f 2128/2128 2140/2140 2141/2141
f 2128/2128 2141/2141 2129/2129
f 2129/2129 2141/2141 2142/2142
f 2129/2129 2142/2142 2130/2130
f 2130/2130 2142/2142 2143/2143
f 2130/2130 2143/2143 2131/2131
f 2131/2131 2143/2143 2144/2144
f 2131/2131 2144/2144 2132/2132
f 2132/2132 2144/2144 2145/2145
f 2132/2132 2145/2145 2133/2133
f 2133/2133 2145/2145 2146/2146
f 2133/2133 2146/2146 2134/2134
f 2134/2134 2146/2146 2147/2147
f 2134/2134 2147/2147 2135/2135
f 2135/2135 2147/2147 2148/2148
f 2135/2135 2148/2148 2136/2136
f 2136/2136 2148/2148 2137/2137
f 2136/2136 2137/2137 2125/2125
f 2137/2137 2149/2149 2150/2150
f 2137/2137 2150/2150 2138/2138
f 2138/2138 2150/2150 2151/2151
f 2138/2138 2151/2151 2139/2139
f 2139/2139 2151/2151 2152/2152
f 2139/2139 2152/2152 2140/2140
f 2140/2140 2152/2152 2153/2153
f 2140/2140 2153/2153 2141/2141
f 2141/2141 2153/2153 2154/2154
f 2141/2141 2154/2154 2142/2142
f 2142/2142 2154/2154 2155/2155
f 2142/2142 2155/2155 2143/2143
f 2143/2143 2155/2155 2156/2156
f 2143/2143 2156/2156 2144/2144
f 2144/2144 2156/2156 2157/2157
f 2144/2144 2157/2157 2145/2145
f 2145/2145 2157/2157 2158/2158
f 2145/2145 2158/2158 2146/2146
f 2146/2146 2158/2158 2159/2159
f 2146/2146 2159/2159 2147/2147
f 2147/2147 2159/2159 2160/2160
f 2147/2147 2160/2160 2148/2148
f 2148/2148 2160/2160 2149/2149
f 2148/2148 2149/2149 2137/2137
f 2149/2149 2161/2161 2162/2162
f 2149/2149 2162/2162 2150/2150
f 2150/2150 2162/2162 2163/2163
f 2150/2150 2163/2163 2151/2151
f 2151/2151 2163/2163 2164/2164
f 2151/2151 2164/2164 2152/2152
f 2152/2152 2164/2164 2165/2165
f 2152/2152 2165/2165 2153/2153
f 2153/2153 2165/2165 2166/2166
f 2153/2153 2166/2166 2154/2154
f 2154/2154 2166/2166 2167/2167
f 2154/2154 2167/2167 2155/2155
f 2155/2155 2167/2167 2168/2168
f 2155/2155 2168/2168 2156/2156
f 2156/2156 2168/2168 2169/2169
f 2156/2156 2169/2169 2157/2157
f 2157/2157 2169/2169 2170/2170
f 2157/2157 2170/2170 2158/2158
f 2158/2158 2170/2170 2171/2171
f 2158/2158 2171/2171 2159/2159
f 2159/2159 2171/2171 2172/2172
f 2159/2159 2172/2172 2160/2160
f 2160/2160 2172/2172 2161/2161
f 2160/2160 2161/2161 2149/2149
f 2161/2161 2173/2173 2174/2174
f 2161/2161 2174/2174 2162/2162
f 2162/2162 2174/2174 2175/2175
f 2162/2162 2175/2175 2163/2163
f 2163/2163 2175/2175 2176/2176
f 2163/2163 2176/2176 2164/2164
f 2164/2164 2176/2176 2177/2177
f 2164/2164 2177/2177 2165/2165
f 2165/2165 2177/2177 2178/2178
f 2165/2165 2178/2178 2166/2166
f 2166/2166 2178/2178 2179/2179
f 2166/2166 2179/2179 2167/2167
f 2167/2167 2179/2179 2180/2180
f 2167/2167 2180/2180 2168/2168
f 2168/2168 2180/2180 2181/2181
f 2168/2168 2181/2181 2169/2169
f 2169/2169 2181/2181 2182/2182
f 2169/2169 2182/2182 2170/2170
f 2170/2170 2182/2182 2183/2183
f 2170/2170 2183/2183 2171/2171
f 2171/2171 2183/2183 2184/2184
f 2171/2171 2184/2184 2172/2172
f 2172/2172 2184/2184 2173/2173
f 2172/2172 2173/2173 2161/2161
f 2101/2101 2102/2102 2103/2103
f 2101/2101 2103/2103 2104/2104
f 2101/2101 2104/2104 2105/2105
f 2101/2101 2105/2105 2106/2106
f 2101/2101 2106/2106 2107/2107
f 2101/2101 2107/2107 2108/2108
f 2101/2101 2108/2108 2109/2109
f 2101/2101 2109/2109 2110/2110
f 2101/2101 2110/2110 2111/2111
f 2101/2101 2111/2111 2112/2112
f 2184/2184 2183/2183 2182/2182
f 2184/2184 2182/2182 2181/2181
f 2184/2184 2181/2181 2180/2180
f 2184/2184 2180/2180 2179/2179
f 2184/2184 2179/2179 2178/2178
f 2184/2184 2178/2178 2177/2177
f 2184/2184 2177/2177 2176/2176
f 2184/2184 2176/2176 2175/2175
f 2184/2184 2175/2175 2174/2174
f 2184/2184 2174/2174 2173/2173
f 2185/2185 2197/2197 2198/2198
f 2185/2185 2198/2198 2186/2186
f 2186/2186 2198/2198 2199/2199
f 2186/2186 2199/2199 2187/2187
f 2187/2187 2199/2199 2200/2200
f 2187/2187 2200/2200 2188/2188
f 2188/2188 2200/2200 2201/2201
f 2188/2188 2201/2201 2189/2189
f 2189/2189 2201/2201 2202/2202
f 2189/2189 2202/2202 2190/2190
f 2190/2190 2202/2202 2203/2203
f 2190/2190 2203/2203 2191/2191
f 2191/2191 2203/2203 2204/2204
f 2191/2191 2204/2204 2192/2192
f 2192/2192 2204/2204 2205/2205
f 2192/2192 2205/2205 2193/2193
f 2193/2193 2205/2205 2206/2206
f 2193/2193 2206/2206 2194/2194
f 2194/2194 2206/2206 2207/2207
f 2194/2194 2207/2207 2195/2195
f 2195/2195 2207/2207 2208/2208
f 2195/2195 2208/2208 2196/2196
f 2196/2196 2208/2208 2197/2197
f 2196/2196 2197/2197 2185/2185
f 2197/2197 2209/2209 2210/2210
f 2197/2197 2210/2210 2198/2198
f 2198/2198 2210/2210 2211/2211
f 2198/2198 2211/2211 2199/2199
f 2199/2199 2211/2211 2212/2212
f 2199/2199 2212/2212 2200/2200
f 2200/2200 2212/2212 2213/2213
f 2200/2200 2213/2213 2201/2201
f 2201/2201 2213/2213 2214/2214
f 2201/2201 2214/2214 2202/2202
f 2202/2202 2214/2214 2215/2215
f 2202/2202 2215/2215 2203/2203
f 2203/2203 2215/2215 2216/2216
f 2203/2203 2216/2216 2204/2204
f 2204/2204 2216/2216 2217/2217
f 2204/2204 2217/2217 2205/2205
f 2205/2205 2217/2217 2218/2218
f 2205/2205 2218/2218 2206/2206
f 2206/2206 2218/2218 2219/2219
f 2206/2206 2219/2219 2207/2207
f 2207/2207 2219/2219 2220/2220
f 2207/2207 2220/2220 2208/2208
f 2208/2208 2220/2220 2209/2209
f 2208/2208 2209/2209 2197/2197
f 2209/2209 2221/2221 2222/2222
f 2209/2209 2222/2222 2210/2210
f 2210/2210 2222/2222 2223/2223
f 2210/2210 2223/2223 2211/2211
f 2211/2211 2223/2223 2224/2224
f 2211/2211 2224/2224 2212/2212
f 2212/2212 2224/2224 2225/2225
f 2212/2212 2225/2225 2213/2213
f 2213/2213 2225/2225 2226/2226
f 2213/2213 2226/2226 2214/2214
f 2214/2214 2226/2226 2227/2227
f 2214/2214 2227/2227 2215/2215
f 2215/2215 2227/2227 2228/2228
f 2215/2215 2228/2228 2216/2216
f 2216/2216 2228/2228 2229/2229
f 2216/2216 2229/2229 2217/2217
f 2217/2217 2229/2229 2230/2230
f 2217/2217 2230/2230 2218/2218
f 2218/2218 2230/2230 2231/2231
f 2218/2218 2231/2231 2219/2219
f 2219/2219 2231/2231 2232/2232
f 2219/2219 2232/2232 2220/2220
f 2220/2220 2232/2232 2221/2221
f 2220/2220 2221/2221 2209/2209
f 2221/2221 2233/2233 2234/2234
f 2221/2221 2234/2234 2222/2222
f 2222/2222 2234/2234 2235/2235
f 2222/2222 2235/2235 2223/2223
f 2223/2223 2235/2235 2236/2236
f 2223/2223 2236/2236 2224/2224
f 2224/2224 2236/2236 2237/2237
f 2224/2224 2237/2237 2225/2225
f 2225/2225 2237/2237 2238/2238
f 2225/2225 2238/2238 2226/2226
f 2226/2226 2238/2238 2239/2239
f 2226/2226 2239/2239 2227/2227
f 2227/2227 2239/2239 2240/2240
f 2227/2227 2240/2240 2228/2228
f 2228/2228 2240/2240 2241/2241
f 2228/2228 2241/2241 2229/2229
f 2229/2229 2241/2241 2242/2242
f 2229/2229 2242/2242 2230/2230
f 2230/2230 2242/2242 2243/2243
f 2230/2230 2243/2243 2231/2231
f 2231/2231 2243/2243 2244/2244
f 2231/2231 2244/2244 2232/2232
f 2232/2232 2244/2244 2233/2233
f 2232/2232 2233/2233 2221/2221
f 2233/2233 2245/2245 2246/2246
f 2233/2233 2246/2246 2234/2234
f 2234/2234 2246/2246 2247/2247
f 2234/2234 2247/2247 2235/2235
f 2235/2235 2247/2247 2248/2248
f 2235/2235 2248/2248 2236/2236
f 2236/2236 2248/2248 2249/2249
f 2236/2236 2249/2249 2237/2237
f 2237/2237 2249/2249 2250/2250
f 2237/2237 2250/2250 2238/2238
f 2238/2238 2250/2250 2251/2251
f 2238/2238 2251/2251 2239/2239
f 2239/2239 2251/2251 2252/2252
f 2239/2239 2252/2252 2240/2240
f 2240/2240 2252/2252 2253/2253
f 2240/2240 2253/2253 2241/2241
f 2241/2241 2253/2253 2254/2254
f 2241/2241 2254/2254 2242/2242
f 2242/2242 2254/2254 2255/2255
f 2242/2242 2255/2255 2243/2243
f 2243/2243 2255/2255 2256/2256
f 2243/2243 2256/2256 2244/2244
f 2244/2244 2256/2256 2245/2245
f 2244/2244 2245/2245 2233/2233
f 2245/2245 2257/2257 2258/2258
f 2245/2245 2258/2258 2246/2246
f 2246/2246 2258/2258 2259/2259
f 2246/2246 2259/2259 2247/2247
f 2247/2247 2259/2259 2260/2260
f 2247/2247 2260/2260 2248/2248
f 2248/2248 2260/2260 2261/2261
f 2248/2248 2261/2261 2249/2249
f 2249/2249 2261/2261 2262/2262
f 2249/2249 2262/2262 2250/2250
f 2250/2250 2262/2262 2263/2263
f 2250/2250 2263/2263 2251/2251
f 2251/2251 2263/2263 2264/2264
f 2251/2251 2264/2264 2252/2252
f 2252/2252 2264/2264 2265/2265
f 2252/2252 2265/2265 2253/2253
f 2253/2253 2265/2265 2266/2266
f 2253/2253 2266/2266 2254/2254
f 2254/2254 2266/2266 2267/2267
f 2254/2254 2267/2267 2255/2255
f 2255/2255 2267/2267 2268/2268
f 2255/2255 2268/2268 2256/2256
f 2256/2256 2268/2268 2257/2257
f 2256/2256 2257/2257 2245/2245
f 2185/2185 2186/2186 2187/2187
f 2185/2185 2187/2187 2188/2188
f 2185/2185 2188/2188 2189/2189
f 2185/2185 2189/2189 2190/2190
f 2185/2185 2190/2190 2191/2191
f 2185/2185 2191/2191 2192/2192
f 2185/2185 2192/2192 2193/2193
f 2185/2185 2193/2193 2194/2194
f 2185/2185 2194/2194 2195/2195
f 2185/2185 2195/2195 2196/2196
f 2268/2268 2267/2267 2266/2266
f 2268/2268 2266/2266 2265/2265
f 2268/2268 2265/2265 2264/2264
f 2268/2268 2264/2264 2263/2263
f 2268/2268 2263/2263 2262/2262
f 2268/2268 2262/2262 2261/2261
f 2268/2268 2261/2261 2260/2260
f 2268/2268 2260/2260 2259/2259
f 2268/2268 2259/2259 2258/2258
f 2268/2268 2258/2258 2257/2257
f 2269/2269 2281/2281 2282/2282
f 2269/2269 2282/2282 2270/2270
f 2270/2270 2282/2282 2283/2283
f 2270/2270 2283/2283 2271/2271
f 2271/2271 2283/2283 2284/2284
f 2271/2271 2284/2284 2272/2272
f 2272/2272 2284/2284 2285/2285
f 2272/2272 2285/2285 2273/2273
f 2273/2273 2285/2285 2286/2286
f 2273/2273 2286/2286 2274/2274
f 2274/2274 2286/2286 2287/2287
f 2274/2274 2287/2287 2275/2275
f 2275/2275 2287/2287 2288/2288
f 2275/2275 2288/2288 2276/2276
f 2276/2276 2288/2288 2289/2289
f 2276/2276 2289/2289 2277/2277
f 2277/2277 2289/2289 2290/2290
f 2277/2277 2290/2290 2278/2278
f 2278/2278 2290/2290 2291/2291
f 2278/2278 2291/2291 2279/2279
f 2279/2279 2291/2291 2292/2292
f 2279/2279 2292/2292 2280/2280
f 2280/2280 2292/2292 2281/2281
f 2280/2280 2281/2281 2269/2269
f 2281/2281 2293/2293 2294/2294
f 2281/2281 2294/2294 2282/2282
f 2282/2282 2294/2294 2295/2295
f 2282/2282 2295/2295 2283/2283
f 2283/2283 2295/2295 2296/2296
f 2283/2283 2296/2296 2284/2284
f 2284/2284 2296/2296 2297/2297
f 2284/2284 2297/2297 2285/2285
f 2285/2285 2297/2297 2298/2298
f 2285/2285 2298/2298 2286/2286
f 2286/2286 2298/2298 2299/2299
f 2286/2286 2299/2299 2287/2287
f 2287/2287 2299/2299 2300/2300
f 2287/2287 2300/2300 2288/2288
f 2288/2288 2300/2300 2301/2301
f 2288/2288 2301/2301 2289/2289
f 2289/2289 2301/2301 2302/2302
f 2289/2289 2302/2302 2290/2290
f 2290/2290 2302/2302 2303/2303
f 2290/2290 2303/2303 2291/2291
f 2291/2291 2303/2303 2304/2304
f 2291/2291 2304/2304 2292/2292
f 2292/2292 2304/2304 2293/2293
f 2292/2292 2293/2293 2281/2281
f 2293/2293 2305/2305 2306/2306
f 2293/2293 2306/2306 2294/2294
f 2294/2294 2306/2306 2307/2307
f 2294/2294 2307/2307 2295/2295
f 2295/2295 2307/2307 2308/2308
f 2295/2295 2308/2308 2296/2296
f 2296/2296 2308/2308 2309/2309
f 2296/2296 2309/2309 2297/2297
f 2297/2297 2309/2309 2310/2310
f 2297/2297 2310/2310 2298/2298
f 2298/2298 2310/2310 2311/2311
f 2298/2298 2311/2311 2299/2299
f 2299/2299 2311/2311 2312/2312
f 2299/2299 2312/2312 2300/2300
f 2300/2300 2312/2312 2313/2313
f 2300/2300 2313/2313 2301/2301
f 2301/2301 2313/2313 2314/2314
f 2301/2301 2314/2314 2302/2302
f 2302/2302 2314/2314 2315/2315
f 2302/2302 2315/2315 2303/2303
f 2303/2303 2315/2315 2316/2316
f 2303/2303 2316/2316 2304/2304
f 2304/2304 2316/2316 2305/2305
f 2304/2304 2305/2305 2293/2293
f 2305/2305 2317/2317 2318/2318
f 2305/2305 2318/2318 2306/2306
f 2306/2306 2318/2318 2319/2319
f 2306/2306 2319/2319 2307/2307
f 2307/2307 2319/2319 2320/2320
f 2307/2307 2320/2320 2308/2308
f 2308/2308 2320/2320 2321/2321
f 2308/2308 2321/2321 2309/2309
f 2309/2309 2321/2321 2322/2322
f 2309/2309 2322/2322 2310/2310
f 2310/2310 2322/2322 2323/2323
f 2310/2310 2323/2323 2311/2311
f 2311/2311 2323/2323 2324/2324
f 2311/2311 2324/2324 2312/2312
f 2312/2312 2324/2324 2325/2325
f 2312/2312 2325/2325 2313/2313
f 2313/2313 2325/2325 2326/2326
f 2313/2313 2326/2326 2314/2314
f 2314/2314 2326/2326 2327/2327
f 2314/2314 2327/2327 2315/2315
f 2315/2315 2327/2327 2328/2328
f 2315/2315 2328/2328 2316/2316
f 2316/2316 2328/2328 2317/2317
f 2316/2316 2317/2317 2305/2305
f 2317/2317 2329/2329 2330/2330
f 2317/2317 2330/2330 2318/2318
f 2318/2318 2330/2330 2331/2331
f 2318/2318 2331/2331 2319/2319
f 2319/2319 2331/2331 2332/2332
f 2319/2319 2332/2332 2320/2320
f 2320/2320 2332/2332 2333/2333
f 2320/2320 2333/2333 2321/2321
f 2321/2321 2333/2333 2334/2334
f 2321/2321 2334/2334 2322/2322
f 2322/2322 2334/2334 2335/2335
f 2322/2322 2335/2335 2323/2323
f 2323/2323 2335/2335 2336/2336
f 2323/2323 2336/2336 2324/2324
f 2324/2324 2336/2336 2337/2337
f 2324/2324 2337/2337 2325/2325
f 2325/2325 2337/2337 2338/2338
f 2325/2325 2338/2338 2326/2326
f 2326/2326 2338/2338 2339/2339
f 2326/2326 2339/2339 2327/2327
f 2327/2327 2339/2339 2340/2340
f 2327/2327 2340/2340 2328/2328
f 2328/2328 2340/2340 2329/2329
f 2328/2328 2329/2329 2317/2317
f 2329/2329 2341/2341 2342/2342
f 2329/2329 2342/2342 2330/2330
f 2330/2330 2342/2342 2343/2343
f 2330/2330 2343/2343 2331/2331
f 2331/2331 2343/2343 2344/2344
f 2331/2331 2344/2344 2332/2332
f 2332/2332 2344/2344 2345/2345
f 2332/2332 2345/2345 2333/2333
f 2333/2333 2345/2345 2346/2346
f 2333/2333 2346/2346 2334/2334
f 2334/2334 2346/2346 2347/2347
f 2334/2334 2347/2347 2335/2335
f 2335/2335 2347/2347 2348/2348
f 2335/2335 2348/2348 2336/2336
f 2336/2336 2348/2348 2349/2349
f 2336/2336 2349/2349 2337/2337
f 2337/2337 2349/2349 2350/2350
f 2337/2337 2350/2350 2338/2338
f 2338/2338 2350/2350 2351/2351
f 2338/2338 2351/2351 2339/2339
f 2339/2339 2351/2351 2352/2352
f 2339/2339 2352/2352 2340/2340
f 2340/2340 2352/2352 2341/2341
f 2340/2340 2341/2341 2329/2329
f 2269/2269 2270/2270 2271/2271
f 2269/2269 2271/2271 2272/2272
f 2269/2269 2272/2272 2273/2273
f 2269/2269 2273/2273 2274/2274
f 2269/2269 2274/2274 2275/2275
f 2269/2269 2275/2275 2276/2276
f 2269/2269 2276/2276 2277/2277
f 2269/2269 2277/2277 2278/2278
f 2269/2269 2278/2278 2279/2279
f 2269/2269 2279/2279 2280/2280
f 2352/2352 2351/2351 2350/2350
f 2352/2352 2350/2350 2349/2349
f 2352/2352 2349/2349 2348/2348
f 2352/2352 2348/2348 2347/2347
f 2352/2352 2347/2347 2346/2346
f 2352/2352 2346/2346 2345/2345
f 2352/2352 2345/2345 2344/2344
f 2352/2352 2344/2344 2343/2343
f 2352/2352 2343/2343 2342/2342
f 2352/2352 2342/2342 2341/2341
f 2353/2353 2365/2365 2366/2366
f 2353/2353 2366/2366 2354/2354
f 2354/2354 2366/2366 2367/2367
f 2354/2354 2367/2367 2355/2355
f 2355/2355 2367/2367 2368/2368
f 2355/2355 2368/2368 2356/2356
f 2356/2356 2368/2368 2369/2369
f 2356/2356 2369/2369 2357/2357
f 2357/2357 2369/2369 2370/2370
f 2357/2357 2370/2370 2358/2358
f 2358/2358 2370/2370 2371/2371
f 2358/2358 2371/2371 2359/2359
f 2359/2359 2371/2371 2372/2372
f 2359/2359 2372/2372 2360/2360
f 2360/2360 2372/2372 2373/2373
f 2360/2360 2373/2373 2361/2361
f 2361/2361 2373/2373 2374/2374
f 2361/2361 2374/2374 2362/2362
f 2362/2362 2374/2374 2375/2375
f 2362/2362 2375/2375 2363/2363
f 2363/2363 2375/2375 2376/2376
f 2363/2363 2376/2376 2364/2364
f 2364/2364 2376/2376 2365/2365
f 2364/2364 2365/2365 2353/2353
f 2365/2365 2377/2377 2378/2378
f 2365/2365 2378/2378 2366/2366
f 2366/2366 2378/2378 2379/2379
f 2366/2366 2379/2379 2367/2367
f 2367/2367 2379/2379 2380/2380
f 2367/2367 2380/2380 2368/2368
f 2368/2368 2380/2380 2381/2381
f 2368/2368 2381/2381 2369/2369
f 2369/2369 2381/2381 2382/2382
f 2369/2369 2382/2382 2370/2370
f 2370/2370 2382/2382 2383/2383
f 2370/2370 2383/2383 2371/2371
f 2371/2371 2383/2383 2384/2384
f 2371/2371 2384/2384 2372/2372
f 2372/2372 2384/2384 2385/2385
f 2372/2372 2385/2385 2373/2373
f 2373/2373 2385/2385 2386/2386
f 2373/2373 2386/2386 2374/2374
f 2374/2374 2386/2386 2387/2387
f 2374/2374 2387/2387 2375/2375
f 2375/2375 2387/2387 2388/2388
f 2375/2375 2388/2388 2376/2376
f 2376/2376 2388/2388 2377/2377
f 2376/2376 2377/2377 2365/2365
f 2377/2377 2389/2389 2390/2390
f 2377/2377 2390/2390 2378/2378
f 2378/2378 2390/2390 2391/2391
f 2378/2378 2391/2391 2379/2379
f 2379/2379 2391/2391 2392/2392
f 2379/2379 2392/2392 2380/2380
f 2380/2380 2392/2392 2393/2393
f 2380/2380 2393/2393 2381/2381
f 2381/2381 2393/2393 2394/2394
f 2381/2381 2394/2394 2382/2382
f 2382/2382 2394/2394 2395/2395
f 2382/2382 2395/2395 2383/2383
f 2383/2383 2395/2395 2396/2396
f 2383/2383 2396/2396 2384/2384
f 2384/2384 2396/2396 2397/2397
f 2384/2384 2397/2397 2385/2385
f 2385/2385 2397/2397 2398/2398
f 2385/2385 2398/2398 2386/2386
f 2386/2386 2398/2398 2399/2399
f 2386/2386 2399/2399 2387/2387
f 2387/2387 2399/2399 2400/2400
f 2387/2387 2400/2400 2388/2388
f 2388/2388 2400/2400 2389/2389
f 2388/2388 2389/2389 2377/2377
f 2389/2389 2401/2401 2402/2402
f 2389/2389 2402/2402 2390/2390
f 2390/2390 2402/2402 2403/2403
f 2390/2390 2403/2403 2391/2391
f 2391/2391 2403/2403 2404/2404
f 2391/2391 2404/2404 2392/2392
f 2392/2392 2404/2404 2405/2405
f 2392/2392 2405/2405 2393/2393
f 2393/2393 2405/2405 2406/2406
f 2393/2393 2406/2406 2394/2394
f 2394/2394 2406/2406 2407/2407
f 2394/2394 2407/2407 2395/2395
f 2395/2395 2407/2407 2408/2408
f 2395/2395 2408/2408 2396/2396
f 2396/2396 2408/2408 2409/2409
f 2396/2396 2409/2409 2397/2397
f 2397/2397 2409/2409 2410/2410
f 2397/2397 2410/2410 2398/2398
f 2398/2398 2410/2410 2411/2411
f 2398/2398 2411/2411 2399/2399
f 2399/2399 2411/2411 2412/2412
f 2399/2399 2412/2412 2400/2400
f 2400/2400 2412/2412 2401/2401
f 2400/2400 2401/2401 2389/2389
f 2401/2401 2413/2413 2414/2414
f 2401/2401 2414/2414 2402/2402
f 2402/2402 2414/2414 2415/2415
f 2402/2402 2415/2415 2403/2403
f 2403/2403 2415/2415 2416/2416
f 2403/2403 2416/2416 2404/2404
f 2404/2404 2416/2416 2417/2417
f 2404/2404 2417/2417 2405/2405
f 2405/2405 2417/2417 2418/2418
f 2405/2405 2418/2418 2406/2406
f 2406/2406 2418/2418 2419/2419
f 2406/2406 2419/2419 2407/2407
f 2407/2407 2419/2419 2420/2420
f 2407/2407 2420/2420 2408/2408
f 2408/2408 2420/2420 2421/2421
f 2408/2408 2421/2421 2409/2409
f 2409/2409 2421/2421 2422/2422
f 2409/2409 2422/2422 2410/2410
f 2410/2410 2422/2422 2423/2423
f 2410/2410 2423/2423 2411/2411
f 2411/2411 2423/2423 2424/2424
f 2411/2411 2424/2424 2412/2412
f 2412/2412 2424/2424 2413/2413
f 2412/2412 2413/2413 2401/2401
f 2413/2413 2425/2425 2426/2426
f 2413/2413 2426/2426 2414/2414
f 2414/2414 2426/2426 2427/2427
f 2414/2414 2427/2427 2415/2415
f 2415/2415 2427/2427 2428/2428
f 2415/2415 2428/2428 2416/2416
f 2416/2416 2428/2428 2429/2429
f 2416/2416 2429/2429 2417/2417
f 2417/2417 2429/2429 2430/2430
f 2417/2417 2430/2430 2418/2418
f 2418/2418 2430/2430 2431/2431
f 2418/2418 2431/2431 2419/2419
f 2419/2419 2431/2431 2432/2432
f 2419/2419 2432/2432 2420/2420
f 2420/2420 2432/2432 2433/2433
f 2420/2420 2433/2433 2421/2421
f 2421/2421 2433/2433 2434/2434
f 2421/2421 2434/2434 2422/2422
f 2422/2422 2434/2434 2435/2435
f 2422/2422 2435/2435 2423/2423
f 2423/2423 2435/2435 2436/2436
f 2423/2423 2436/2436 2424/2424
f 2424/2424 2436/2436 2425/2425
f 2424/2424 2425/2425 2413/2413
f 2353/2353 2354/2354 2355/2355
f 2353/2353 2355/2355 2356/2356
f 2353/2353 2356/2356 2357/2357
f 2353/2353 2357/2357 2358/2358
f 2353/2353 2358/2358 2359/2359
f 2353/2353 2359/2359 2360/2360
f 2353/2353 2360/2360 2361/2361
f 2353/2353 2361/2361 2362/2362
f 2353/2353 2362/2362 2363/2363
f 2353/2353 2363/2363 2364/2364
f 2436/2436 2435/2435 2434/2434
f 2436/2436 2434/2434 2433/2433
f 2436/2436 2433/2433 2432/2432
f 2436/2436 2432/2432 2431/2431
f 2436/2436 2431/2431 2430/2430
f 2436/2436 2430/2430 2429/2429
f 2436/2436 2429/2429 2428/2428
f 2436/2436 2428/2428 2427/2427
f 2436/2436 2427/2427 2426/2426
f 2436/2436 2426/2426 2425/2425
f 2437/2437 2449/2449 2450/2450
f 2437/2437 2450/2450 2438/2438
f 2438/2438 2450/2450 2451/2451
f 2438/2438 2451/2451 2439/2439
f 2439/2439 2451/2451 2452/2452
f 2439/2439 2452/2452 2440/2440
f 2440/2440 2452/2452 2453/2453
f 2440/2440 2453/2453 2441/2441
f 2441/2441 2453/2453 2454/2454
f 2441/2441 2454/2454 2442/2442
f 2442/2442 2454/2454 2455/2455
f 2442/2442 2455/2455 2443/2443
f 2443/2443 2455/2455 2456/2456
f 2443/2443 2456/2456 2444/2444
f 2444/2444 2456/2456 2457/2457
f 2444/2444 2457/2457 2445/2445
f 2445/2445 2457/2457 2458/2458
f 2445/2445 2458/2458 2446/2446
f 2446/2446 2458/2458 2459/2459
f 2446/2446 2459/2459 2447/2447
f 2447/2447 2459/2459 2460/2460
f 2447/2447 2460/2460 2448/2448
f 2448/2448 2460/2460 2449/2449
f 2448/2448 2449/2449 2437/2437
f 2449/2449 2461/2461 2462/2462
f 2449/2449 2462/2462 2450/2450
f 2450/2450 2462/2462 2463/2463
f 2450/2450 2463/2463 2451/2451
f 2451/2451 2463/2463 2464/2464
f 2451/2451 2464/2464 2452/2452
f 2452/2452 2464/2464 2465/2465
f 2452/2452 2465/2465 2453/2453
f 2453/2453 2465/2465 2466/2466
f 2453/2453 2466/2466 2454/2454
f 2454/2454 2466/2466 2467/2467
f 2454/2454 2467/2467 2455/2455
f 2455/2455 2467/2467 2468/2468
f 2455/2455 2468/2468 2456/2456
f 2456/2456 2468/2468 2469/2469
f 2456/2456 2469/2469 2457/2457
f 2457/2457 2469/2469 2470/2470
f 2457/2457 2470/2470 2458/2458
f 2458/2458 2470/2470 2471/2471
f 2458/2458 2471/2471 2459/2459
f 2459/2459 2471/2471 2472/2472
f 2459/2459 2472/2472 2460/2460
f 2460/2460 2472/2472 2461/2461
f 2460/2460 2461/2461 2449/2449
f 2461/2461 2473/2473 2474/2474
f 2461/2461 2474/2474 2462/2462
f 2462/2462 2474/2474 2475/2475
f 2462/2462 2475/2475 2463/2463
f 2463/2463 2475/2475 2476/2476
f 2463/2463 2476/2476 2464/2464
f 2464/2464 2476/2476 2477/2477
f 2464/2464 2477/2477 2465/2465
f 2465/2465 2477/2477 2478/2478
f 2465/2465 2478/2478 2466/2466
f 2466/2466 2478/2478 2479/2479
f 2466/2466 2479/2479 2467/2467
f 2467/2467 2479/2479 2480/2480
f 2467/2467 2480/2480 2468/2468
f 2468/2468 2480/2480 2481/2481
f 2468/2468 2481/2481 2469/2469
f 2469/2469 2481/2481 2482/2482
f 2469/2469 2482/2482 2470/2470
f 2470/2470 2482/2482 2483/2483
f 2470/2470 2483/2483 2471/2471
f 2471/2471 2483/2483 2484/2484
f 2471/2471 2484/2484 2472/2472
f 2472/2472 2484/2484 2473/2473
f 2472/2472 2473/2473 2461/2461
f 2473/2473 2485/2485 2486/2486
f 2473/2473 2486/2486 2474/2474
f 2474/2474 2486/2486 2487/2487
f 2474/2474 2487/2487 2475/2475
f 2475/2475 2487/2487 2488/2488
f 2475/2475 2488/2488 2476/2476
f 2476/2476 2488/2488 2489/2489
f 2476/2476 2489/2489 2477/2477
f 2477/2477 2489/2489 2490/2490
f 2477/2477 2490/2490 2478/2478
f 2478/2478 2490/2490 2491/2491
f 2478/2478 2491/2491 2479/2479
f 2479/2479 2491/2491 2492/2492
f 2479/2479 2492/2492 2480/2480
f 2480/2480 2492/2492 2493/2493
f 2480/2480 2493/2493 2481/2481
f 2481/2481 2493/2493 2494/2494
f 2481/2481 2494/2494 2482/2482
f 2482/2482 2494/2494 2495/2495
f 2482/2482 2495/2495 2483/2483
f 2483/2483 2495/2495 2496/2496
f 2483/2483 2496/2496 2484/2484
f 2484/2484 2496/2496 2485/2485
f 2484/2484 2485/2485 2473/2473
f 2485/2485 2497/2497 2498/2498
f 2485/2485 2498/2498 2486/2486
f 2486/2486 2498/2498 2499/2499
f 2486/2486 2499/2499 2487/2487
f 2487/2487 2499/2499 2500/2500
f 2487/2487 2500/2500 2488/2488
f 2488/2488 2500/2500 2501/2501
f 2488/2488 2501/2501 2489/2489
f 2489/2489 2501/2501 2502/2502
f 2489/2489 2502/2502 2490/2490
f 2490/2490 2502/2502 2503/2503
f 2490/2490 2503/2503 2491/2491
f 2491/2491 2503/2503 2504/2504
f 2491/2491 2504/2504 2492/2492
f 2492/2492 2504/2504 2505/2505
f 2492/2492 2505/2505 2493/2493
f 2493/2493 2505/2505 2506/2506
f 2493/2493 2506/2506 2494/2494
f 2494/2494 2506/2506 2507/2507
f 2494/2494 2507/2507 2495/2495
f 2495/2495 2507/2507 2508/2508
f 2495/2495 2508/2508 2496/2496
f 2496/2496 2508/2508 2497/2497
f 2496/2496 2497/2497 2485/2485
f 2497/2497 2509/2509 2510/2510
f 2497/2497 2510/2510 2498/2498
f 2498/2498 2510/2510 2511/2511
f 2498/2498 2511/2511 2499/2499
f 2499/2499 2511/2511 2512/2512
f 2499/2499 2512/2512 2500/2500
f 2500/2500 2512/2512 2513/2513
f 2500/2500 2513/2513 2501/2501
f 2501/2501 2513/2513 2514/2514
f 2501/2501 2514/2514 2502/2502
f 2502/2502 2514/2514 2515/2515
f 2502/2502 2515/2515 2503/2503
f 2503/2503 2515/2515 2516/2516
f 2503/2503 2516/2516 2504/2504
f 2504/2504 2516/2516 2517/2517
f 2504/2504 2517/2517 2505/2505
f 2505/2505 2517/2517 2518/2518
f 2505/2505 2518/2518 2506/2506
f 2506/2506 2518/2518 2519/2519
f 2506/2506 2519/2519 2507/2507
f 2507/2507 2519/2519 2520/2520
f 2507/2507 2520/2520 2508/2508
f 2508/2508 2520/2520 2509/2509
f 2508/2508 2509/2509 2497/2497
f 2437/2437 2438/2438 2439/2439
f 2437/2437 2439/2439 2440/2440
f 2437/2437 2440/2440 2441/2441
f 2437/2437 2441/2441 2442/2442
f 2437/2437 2442/2442 2443/2443
f 2437/2437 2443/2443 2444/2444
f 2437/2437 2444/2444 2445/2445
f 2437/2437 2445/2445 2446/2446
f 2437/2437 2446/2446 2447/2447
f 2437/2437 2447/2447 2448/2448
f 2520/2520 2519/2519 2518/2518
f 2520/2520 2518/2518 2517/2517
f 2520/2520 2517/2517 2516/2516
f 2520/2520 2516/2516 2515/2515
f 2520/2520 2515/2515 2514/2514
f 2520/2520 2514/2514 2513/2513
f 2520/2520 2513/2513 2512/2512
f 2520/2520 2512/2512 2511/2511
f 2520/2520 2511/2511 2510/2510
f 2520/2520 2510/2510 2509/2509
f 2521/2521 2533/2533 2534/2534
f 2521/2521 2534/2534 2522/2522
f 2522/2522 2534/2534 2535/2535
f 2522/2522 2535/2535 2523/2523
f 2523/2523 2535/2535 2536/2536
f 2523/2523 2536/2536 2524/2524
f 2524/2524 2536/2536 2537/2537
f 2524/2524 2537/2537 2525/2525
f 2525/2525 2537/2537 2538/2538
f 2525/2525 2538/2538 2526/2526
f 2526/2526 2538/2538 2539/2539
f 2526/2526 2539/2539 2527/2527
f 2527/2527 2539/2539 2540/2540
f 2527/2527 2540/2540 2528/2528
f 2528/2528 2540/2540 2541/2541
f 2528/2528 2541/2541 2529/2529
f 2529/2529 2541/2541 2542/2542
f 2529/2529 2542/2542 2530/2530
f 2530/2530 2542/2542 2543/2543
f 2530/2530 2543/2543 2531/2531
f 2531/2531 2543/2543 2544/2544
f 2531/2531 2544/2544 2532/2532
f 2532/2532 2544/2544 2533/2533
f 2532/2532 2533/2533 2521/2521
f 2533/2533 2545/2545 2546/2546
f 2533/2533 2546/2546 2534/2534
f 2534/2534 2546/2546 2547/2547
f 2534/2534 2547/2547 2535/2535
f 2535/2535 2547/2547 2548/2548
f 2535/2535 2548/2548 2536/2536
f 2536/2536 2548/2548 2549/2549
f 2536/2536 2549/2549 2537/2537
f 2537/2537 2549/2549 2550/2550
f 2537/2537 2550/2550 2538/2538
f 2538/2538 2550/2550 2551/2551
f 2538/2538 2551/2551 2539/2539
f 2539/2539 2551/2551 2552/2552
f 2539/2539 2552/2552 2540/2540
f 2540/2540 2552/2552 2553/2553
f 2540/2540 2553/2553 2541/2541
f 2541/2541 2553/2553 2554/2554
f 2541/2541 2554/2554 2542/2542
f 2542/2542 2554/2554 2555/2555
f 2542/2542 2555/2555 2543/2543
f 2543/2543 2555/2555 2556/2556
f 2543/2543 2556/2556 2544/2544
f 2544/2544 2556/2556 2545/2545
f 2544/2544 2545/2545 2533/2533
f 2545/2545 2557/2557 2558/2558
f 2545/2545 2558/2558 2546/2546
f 2546/2546 2558/2558 2559/2559
f 2546/2546 2559/2559 2547/2547
f 2547/2547 2559/2559 2560/2560
f 2547/2547 2560/2560 2548/2548
f 2548/2548 2560/2560 2561/2561
f 2548/2548 2561/2561 2549/2549
f 2549/2549 2561/2561 2562/2562
f 2549/2549 2562/2562 2550/2550
f 2550/2550 2562/2562 2563/2563
f 2550/2550 2563/2563 2551/2551
f 2551/2551 2563/2563 2564/2564
f 2551/2551 2564/2564 2552/2552
f 2552/2552 2564/2564 2565/2565
f 2552/2552 2565/2565 2553/2553
f 2553/2553 2565/2565 2566/2566
f 2553/2553 2566/2566 2554/2554
f 2554/2554 2566/2566 2567/2567
f 2554/2554 2567/2567 2555/2555
f 2555/2555 2567/2567 2568/2568
f 2555/2555 2568/2568 2556/2556
f 2556/2556 2568/2568 2557/2557
f 2556/2556 2557/2557 2545/2545
f 2557/2557 2569/2569 2570/2570
f 2557/2557 2570/2570 2558/2558
f 2558/2558 2570/2570 2571/2571
f 2558/2558 2571/2571 2559/2559
f 2559/2559 2571/2571 2572/2572
f 2559/2559 2572/2572 2560/2560
f 2560/2560 2572/2572 2573/2573
f 2560/2560 2573/2573 2561/2561
f 2561/2561 2573/2573 2574/2574
f 2561/2561 2574/2574 2562/2562
f 2562/2562 2574/2574 2575/2575
f 2562/2562 2575/2575 2563/2563
f 2563/2563 2575/2575 2576/2576
f 2563/2563 2576/2576 2564/2564
f 2564/2564 2576/2576 2577/2577
f 2564/2564 2577/2577 2565/2565
f 2565/2565 2577/2577 2578/2578
f 2565/2565 2578/2578 2566/2566
f 2566/2566 2578/2578 2579/2579
f 2566/2566 2579/2579 2567/2567
f 2567/2567 2579/2579 2580/2580
f 2567/2567 2580/2580 2568/2568
f 2568/2568 2580/2580 2569/2569
f 2568/2568 2569/2569 2557/2557
f 2569/2569 2581/2581 2582/2582
f 2569/2569 2582/2582 2570/2570
f 2570/2570 2582/2582 2583/2583
f 2570/2570 2583/2583 2571/2571
f 2571/2571 2583/2583 2584/2584
f 2571/2571 2584/2584 2572/2572
f 2572/2572 2584/2584 2585/2585
f 2572/2572 2585/2585 2573/2573
f 2573/2573 2585/2585 2586/2586
f 2573/2573 2586/2586 2574/2574
f 2574/2574 2586/2586 2587/2587
f 2574/2574 2587/2587 2575/2575
f 2575/2575 2587/2587 2588/2588
f 2575/2575 2588/2588 2576/2576
f 2576/2576 2588/2588 2589/2589
f 2576/2576 2589/2589 2577/2577
f 2577/2577 2589/2589 2590/2590
f 2577/2577 2590/2590 2578/2578
f 2578/2578 2590/2590 2591/2591
f 2578/2578 2591/2591 2579/2579
f 2579/2579 2591/2591 2592/2592
f 2579/2579 2592/2592 2580/2580
f 2580/2580 2592/2592 2581/2581
f 2580/2580 2581/2581 2569/2569
f 2581/2581 2593/2593 2594/2594
f 2581/2581 2594/2594 2582/2582
f 2582/2582 2594/2594 2595/2595
f 2582/2582 2595/2595 2583/2583
f 2583/2583 2595/2595 2596/2596
f 2583/2583 2596/2596 2584/2584
f 2584/2584 2596/2596 2597/2597
f 2584/2584 2597/2597 2585/2585
f 2585/2585 2597/2597 2598/2598
f 2585/2585 2598/2598 2586/2586
f 2586/2586 2598/2598 2599/2599
f 2586/2586 2599/2599 2587/2587
f 2587/2587 2599/2599 2600/2600
f 2587/2587 2600/2600 2588/2588
f 2588/2588 2600/2600 2601/2601
f 2588/2588 2601/2601 2589/2589
f 2589/2589 2601/2601 2602/2602
f 2589/2589 2602/2602 2590/2590
f 2590/2590 2602/2602 2603/2603
f 2590/2590 2603/2603 2591/2591
f 2591/2591 2603/2603 2604/2604
f 2591/2591 2604/2604 2592/2592
f 2592/2592 2604/2604 2593/2593
f 2592/2592 2593/2593 2581/2581
f 2521/2521 2522/2522 2523/2523
f 2521/2521 2523/2523 2524/2524
f 2521/2521 2524/2524 2525/2525
f 2521/2521 2525/2525 2526/2526
f 2521/2521 2526/2526 2527/2527
f 2521/2521 2527/2527 2528/2528
f 2521/2521 2528/2528 2529/2529
f 2521/2521 2529/2529 2530/2530
f 2521/2521 2530/2530 2531/2531
f 2521/2521 2531/2531 2532/2532
f 2604/2604 2603/2603 2602/2602
f 2604/2604 2602/2602 2601/2601
f 2604/2604 2601/2601 2600/2600
f 2604/2604 2600/2600 2599/2599
f 2604/2604 2599/2599 2598/2598
f 2604/2604 2598/2598 2597/2597
f 2604/2604 2597/2597 2596/2596
f 2604/2604 2596/2596 2595/2595
f 2604/2604 2595/2595 2594/2594
f 2604/2604 2594/2594 2593/2593
f 2605/2605 2617/2617 2618/2618
f 2605/2605 2618/2618 2606/2606
f 2606/2606 2618/2618 2619/2619
f 2606/2606 2619/2619 2607/2607
f 2607/2607 2619/2619 2620/2620
f 2607/2607 2620/2620 2608/2608
f 2608/2608 2620/2620 2621/2621
f 2608/2608 2621/2621 2609/2609
f 2609/2609 2621/2621 2622/2622
f 2609/2609 2622/2622 2610/2610
f 2610/2610 2622/2622 2623/2623
f 2610/2610 2623/2623 2611/2611
f 2611/2611 2623/2623 2624/2624
f 2611/2611 2624/2624 2612/2612
f 2612/2612 2624/2624 2625/2625
f 2612/2612 2625/2625 2613/2613
f 2613/2613 2625/2625 2626/2626
f 2613/2613 2626/2626 2614/2614
f 2614/2614 2626/2626 2627/2627
f 2614/2614 2627/2627 2615/2615
f 2615/2615 2627/2627 2628/2628
f 2615/2615 2628/2628 2616/2616
f 2616/2616 2628/2628 2617/2617
f 2616/2616 2617/2617 2605/2605
f 2617/2617 2629/2629 2630/2630
f 2617/2617 2630/2630 2618/2618
f 2618/2618 2630/2630 2631/2631
f 2618/2618 2631/2631 2619/2619
f 2619/2619 2631/2631 2632/2632
f 2619/2619 2632/2632 2620/2620
f 2620/2620 2632/2632 2633/2633
f 2620/2620 2633/2633 2621/2621
f 2621/2621 2633/2633 2634/2634
f 2621/2621 2634/2634 2622/2622
f 2622/2622 2634/2634 2635/2635
f 2622/2622 2635/2635 2623/2623
f 2623/2623 2635/2635 2636/2636
f 2623/2623 2636/2636 2624/2624
f 2624/2624 2636/2636 2637/2637
f 2624/2624 2637/2637 2625/2625
f 2625/2625 2637/2637 2638/2638
f 2625/2625 2638/2638 2626/2626
f 2626/2626 2638/2638 2639/2639
f 2626/2626 2639/2639 2627/2627
f 2627/2627 2639/2639 2640/2640
f 2627/2627 2640/2640 2628/2628
f 2628/2628 2640/2640 2629/2629
f 2628/2628 2629/2629 2617/2617
f 2629/2629 2641/2641 2642/2642
f 2629/2629 2642/2642 2630/2630
f 2630/2630 2642/2642 2643/2643
f 2630/2630 2643/2643 2631/2631
f 2631/2631 2643/2643 2644/2644
f 2631/2631 2644/2644 2632/2632
f 2632/2632 2644/2644 2645/2645
f 2632/2632 2645/2645 2633/2633
f 2633/2633 2645/2645 2646/2646
f 2633/2633 2646/2646 2634/2634
f 2634/2634 2646/2646 2647/2647
f 2634/2634 2647/2647 2635/2635
f 2635/2635 2647/2647 2648/2648
f 2635/2635 2648/2648 2636/2636
f 2636/2636 2648/2648 2649/2649
f 2636/2636 2649/2649 2637/2637
f 2637/2637 2649/2649 2650/2650
f 2637/2637 2650/2650 2638/2638
f 2638/2638 2650/2650 2651/2651
f 2638/2638 2651/2651 2639/2639
f 2639/2639 2651/2651 2652/2652
f 2639/2639 2652/2652 2640/2640
f 2640/2640 2652/2652 2641/2641
f 2640/2640 2641/2641 2629/2629
f 2641/2641 2653/2653 2654/2654
f 2641/2641 2654/2654 2642/2642
f 2642/2642 2654/2654 2655/2655
f 2642/2642 2655/2655 2643/2643
f 2643/2643 2655/2655 2656/2656
f 2643/2643 2656/2656 2644/2644
f 2644/2644 2656/2656 2657/2657
f 2644/2644 2657/2657 2645/2645
f 2645/2645 2657/2657 2658/2658
f 2645/2645 2658/2658 2646/2646
f 2646/2646 2658/2658 2659/2659
f 2646/2646 2659/2659 2647/2647
f 2647/2647 2659/2659 2660/2660
f 2647/2647 2660/2660 2648/2648
f 2648/2648 2660/2660 2661/2661
f 2648/2648 2661/2661 2649/2649
f 2649/2649 2661/2661 2662/2662
f 2649/2649 2662/2662 2650/2650
f 2650/2650 2662/2662 2663/2663
f 2650/2650 2663/2663 2651/2651
f 2651/2651 2663/2663 2664/2664
f 2651/2651 2664/2664 2652/2652
f 2652/2652 2664/2664 2653/2653
f 2652/2652 2653/2653 2641/2641
f 2653/2653 2665/2665 2666/2666
f 2653/2653 2666/2666 2654/2654
f 2654/2654 2666/2666 2667/2667
f 2654/2654 2667/2667 2655/2655
f 2655/2655 2667/2667 2668/2668
f 2655/2655 2668/2668 2656/2656
f 2656/2656 2668/2668 2669/2669
f 2656/2656 2669/2669 2657/2657
f 2657/2657 2669/2669 2670/2670
f 2657/2657 2670/2670 2658/2658
f 2658/2658 2670/2670 2671/2671
f 2658/2658 2671/2671 2659/2659
f 2659/2659 2671/2671 2672/2672
f 2659/2659 2672/2672 2660/2660
f 2660/2660 2672/2672 2673/2673
f 2660/2660 2673/2673 2661/2661
f 2661/2661 2673/2673 2674/2674
f 2661/2661 2674/2674 2662/2662
f 2662/2662 2674/2674 2675/2675
f 2662/2662 2675/2675 2663/2663
f 2663/2663 2675/2675 2676/2676
f 2663/2663 2676/2676 2664/2664
f 2664/2664 2676/2676 2665/2665
f 2664/2664 2665/2665 2653/2653
f 2665/2665 2677/2677 2678/2678
f 2665/2665 2678/2678 2666/2666
f 2666/2666 2678/2678 2679/2679
f 2666/2666 2679/2679 2667/2667
f 2667/2667 2679/2679 2680/2680
f 2667/2667 2680/2680 2668/2668
f 2668/2668 2680/2680 2681/2681
f 2668/2668 2681/2681 2669/2669
f 2669/2669 2681/2681 2682/2682
f 2669/2669 2682/2682 2670/2670
f 2670/2670 2682/2682 2683/2683
f 2670/2670 2683/2683 2671/2671
f 2671/2671 2683/2683 2684/2684
f 2671/2671 2684/2684 2672/2672
f 2672/2672 2684/2684 2685/2685
f 2672/2672 2685/2685 2673/2673
f 2673/2673 2685/2685 2686/2686
f 2673/2673 2686/2686 2674/2674
f 2674/2674 2686/2686 2687/2687
f 2674/2674 2687/2687 2675/2675
f 2675/2675 2687/2687 2688/2688
f 2675/2675 2688/2688 2676/2676
f 2676/2676 2688/2688 2677/2677
f 2676/2676 2677/2677 2665/2665
f 2605/2605 2606/2606 2607/2607
f 2605/2605 2607/2607 2608/2608
f 2605/2605 2608/2608 2609/2609
f 2605/2605 2609/2609 2610/2610
f 2605/2605 2610/2610 2611/2611
f 2605/2605 2611/2611 2612/2612
f 2605/2605 2612/2612 2613/2613
f 2605/2605 2613/2613 2614/2614
f 2605/2605 2614/2614 2615/2615
f 2605/2605 2615/2615 2616/2616
f 2688/2688 2687/2687 2686/2686
f 2688/2688 2686/2686 2685/2685
f 2688/2688 2685/2685 2684/2684
f 2688/2688 2684/2684 2683/2683
f 2688/2688 2683/2683 2682/2682
f 2688/2688 2682/2682 2681/2681
f 2688/2688 2681/2681 2680/2680
f 2688/2688 2680/2680 2679/2679
f 2688/2688 2679/2679 2678/2678
f 2688/2688 2678/2678 2677/2677
f 2689/2689 2701/2701 2702/2702
f 2689/2689 2702/2702 2690/2690
f 2690/2690 2702/2702 2703/2703
f 2690/2690 2703/2703 2691/2691
f 2691/2691 2703/2703 2704/2704
f 2691/2691 2704/2704 2692/2692
f 2692/2692 2704/2704 2705/2705
f 2692/2692 2705/2705 2693/2693
f 2693/2693 2705/2705 2706/2706
f 2693/2693 2706/2706 2694/2694
f 2694/2694 2706/2706 2707/2707
f 2694/2694 2707/2707 2695/2695
f 2695/2695 2707/2707 2708/2708
f 2695/2695 2708/2708 2696/2696
f 2696/2696 2708/2708 2709/2709
f 2696/2696 2709/2709 2697/2697
f 2697/2697 2709/2709 2710/2710
f 2697/2697 2710/2710 2698/2698
f 2698/2698 2710/2710 2711/2711
f 2698/2698 2711/2711 2699/2699
f 2699/2699 2711/2711 2712/2712
f 2699/2699 2712/2712 2700/2700
f 2700/2700 2712/2712 2701/2701
f 2700/2700 2701/2701 2689/2689
f 2701/2701 2713/2713 2714/2714
f 2701/2701 2714/2714 2702/2702
f 2702/2702 2714/2714 2715/2715
f 2702/2702 2715/2715 2703/2703
f 2703/2703 2715/2715 2716/2716
f 2703/2703 2716/2716 2704/2704
f 2704/2704 2716/2716 2717/2717
f 2704/2704 2717/2717 2705/2705
f 2705/2705 2717/2717 2718/2718
f 2705/2705 2718/2718 2706/2706
f 2706/2706 2718/2718 2719/2719
f 2706/2706 2719/2719 2707/2707
f 2707/2707 2719/2719 2720/2720
f 2707/2707 2720/2720 2708/2708
f 2708/2708 2720/2720 2721/2721
f 2708/2708 2721/2721 2709/2709
f 2709/2709 2721/2721 2722/2722
f 2709/2709 2722/2722 2710/2710
f 2710/2710 2722/2722 2723/2723
f 2710/2710 2723/2723 2711/2711
f 2711/2711 2723/2723 2724/2724
f 2711/2711 2724/2724 2712/2712
f 2712/2712 2724/2724 2713/2713
f 2712/2712 2713/2713 2701/2701
f 2713/2713 2725/2725 2726/2726
f 2713/2713 2726/2726 2714/2714
f 2714/2714 2726/2726 2727/2727
f 2714/2714 2727/2727 2715/2715
f 2715/2715 2727/2727 2728/2728
f 2715/2715 2728/2728 2716/2716
f 2716/2716 2728/2728 2729/2729
f 2716/2716 2729/2729 2717/2717
f 2717/2717 2729/2729 2730/2730
f 2717/2717 2730/2730 2718/2718
f 2718/2718 2730/2730 2731/2731
f 2718/2718 2731/2731 2719/2719
f 2719/2719 2731/2731 2732/2732
f 2719/2719 2732/2732 2720/2720
f 2720/2720 2732/2732 2733/2733
f 2720/2720 2733/2733 2721/2721
f 2721/2721 2733/2733 2734/2734
f 2721/2721 2734/2734 2722/2722
f 2722/2722 2734/2734 2735/2735
f 2722/2722 2735/2735 2723/2723
f 2723/2723 2735/2735 2736/2736
f 2723/2723 2736/2736 2724/2724
f 2724/2724 2736/2736 2725/2725
f 2724/2724 2725/2725 2713/2713
f 2725/2725 2737/2737 2738/2738
f 2725/2725 2738/2738 2726/2726
f 2726/2726 2738/2738 2739/2739
f 2726/2726 2739/2739 2727/2727
f 2727/2727 2739/2739 2740/2740
f 2727/2727 2740/2740 2728/2728
f 2728/2728 2740/2740 2741/2741
f 2728/2728 2741/2741 2729/2729
f 2729/2729 2741/2741 2742/2742
f 2729/2729 2742/2742 2730/2730
f 2730/2730 2742/2742 2743/2743
f 2730/2730 2743/2743 2731/2731
f 2731/2731 2743/2743 2744/2744
f 2731/2731 2744/2744 2732/2732
f 2732/2732 2744/2744 2745/2745
f 2732/2732 2745/2745 2733/2733
f 2733/2733 2745/2745 2746/2746
f 2733/2733 2746/2746 2734/2734
f 2734/2734 2746/2746 2747/2747
f 2734/2734 2747/2747 2735/2735
f 2735/2735 2747/2747 2748/2748
f 2735/2735 2748/2748 2736/2736
f 2736/2736 2748/2748 2737/2737
f 2736/2736 2737/2737 2725/2725
f 2737/2737 2749/2749 2750/2750
f 2737/2737 2750/2750 2738/2738
f 2738/2738 2750/2750 2751/2751
f 2738/2738 2751/2751 2739/2739
f 2739/2739 2751/2751 2752/2752
f 2739/2739 2752/2752 2740/2740
f 2740/2740 2752/2752 2753/2753
f 2740/2740 2753/2753 2741/2741
f 2741/2741 2753/2753 2754/2754
f 2741/2741 2754/2754 2742/2742
f 2742/2742 2754/2754 2755/2755
f 2742/2742 2755/2755 2743/2743
f 2743/2743 2755/2755 2756/2756
f 2743/2743 2756/2756 2744/2744
f 2744/2744 2756/2756 2757/2757
f 2744/2744 2757/2757 2745/2745
f 2745/2745 2757/2757 2758/2758
f 2745/2745 2758/2758 2746/2746
f 2746/2746 2758/2758 2759/2759
f 2746/2746 2759/2759 2747/2747
f 2747/2747 2759/2759 2760/2760
f 2747/2747 2760/2760 2748/2748
f 2748/2748 2760/2760 2749/2749
f 2748/2748 2749/2749 2737/2737
f 2749/2749 2761/2761 2762/2762
f 2749/2749 2762/2762 2750/2750
f 2750/2750 2762/2762 2763/2763
f 2750/2750 2763/2763 2751/2751
f 2751/2751 2763/2763 2764/2764
f 2751/2751 2764/2764 2752/2752
f 2752/2752 2764/2764 2765/2765
f 2752/2752 2765/2765 2753/2753
f 2753/2753 2765/2765 2766/2766
f 2753/2753 2766/2766 2754/2754
f 2754/2754 2766/2766 2767/2767
f 2754/2754 2767/2767 2755/2755
f 2755/2755 2767/2767 2768/2768
f 2755/2755 2768/2768 2756/2756
f 2756/2756 2768/2768 2769/2769
f 2756/2756 2769/2769 2757/2757
f 2757/2757 2769/2769 2770/2770
f 2757/2757 2770/2770 2758/2758
f 2758/2758 2770/2770 2771/2771
f 2758/2758 2771/2771 2759/2759
f 2759/2759 2771/2771 2772/2772
f 2759/2759 2772/2772 2760/2760
f 2760/2760 2772/2772 2761/2761
f 2760/2760 2761/2761 2749/2749
f 2689/2689 2690/2690 2691/2691
f 2689/2689 2691/2691 2692/2692
f 2689/2689 2692/2692 2693/2693
f 2689/2689 2693/2693 2694/2694
f 2689/2689 2694/2694 2695/2695
f 2689/2689 2695/2695 2696/2696
f 2689/2689 2696/2696 2697/2697
f 2689/2689 2697/2697 2698/2698
f 2689/2689 2698/2698 2699/2699
f 2689/2689 2699/2699 2700/2700
f 2772/2772 2771/2771 2770/2770
f 2772/2772 2770/2770 2769/2769
f 2772/2772 2769/2769 2768/2768
f 2772/2772 2768/2768 2767/2767
f 2772/2772 2767/2767 2766/2766
f 2772/2772 2766/2766 2765/2765
f 2772/2772 2765/2765 2764/2764
f 2772/2772 2764/2764 2763/2763
f 2772/2772 2763/2763 2762/2762
f 2772/2772 2762/2762 2761/2761
f 2773/2773 2785/2785 2786/2786
f 2773/2773 2786/2786 2774/2774
f 2774/2774 2786/2786 2787/2787
f 2774/2774 2787/2787 2775/2775
f 2775/2775 2787/2787 2788/2788
f 2775/2775 2788/2788 2776/2776
f 2776/2776 2788/2788 2789/2789
f 2776/2776 2789/2789 2777/2777
f 2777/2777 2789/2789 2790/2790
f 2777/2777 2790/2790 2778/2778
f 2778/2778 2790/2790 2791/2791
f 2778/2778 2791/2791 2779/2779
f 2779/2779 2791/2791 2792/2792
f 2779/2779 2792/2792 2780/2780
f 2780/2780 2792/2792 2793/2793
f 2780/2780 2793/2793 2781/2781
f 2781/2781 2793/2793 2794/2794
f 2781/2781 2794/2794 2782/2782
f 2782/2782 2794/2794 2795/2795
f 2782/2782 2795/2795 2783/2783
f 2783/2783 2795/2795 2796/2796
f 2783/2783 2796/2796 2784/2784
f 2784/2784 2796/2796 2785/2785
f 2784/2784 2785/2785 2773/2773
f 2785/2785 2797/2797 2798/2798
f 2785/2785 2798/2798 2786/2786
f 2786/2786 2798/2798 2799/2799
f 2786/2786 2799/2799 2787/2787
f 2787/2787 2799/2799 2800/2800
f 2787/2787 2800/2800 2788/2788
f 2788/2788 2800/2800 2801/2801
f 2788/2788 2801/2801 2789/2789
f 2789/2789 2801/2801 2802/2802
f 2789/2789 2802/2802 2790/2790
f 2790/2790 2802/2802 2803/2803
f 2790/2790 2803/2803 2791/2791
f 2791/2791 2803/2803 2804/2804
f 2791/2791 2804/2804 2792/2792
f 2792/2792 2804/2804 2805/2805
f 2792/2792 2805/2805 2793/2793
f 2793/2793 2805/2805 2806/2806
f 2793/2793 2806/2806 2794/2794
f 2794/2794 2806/2806 2807/2807
f 2794/2794 2807/2807 2795/2795
f 2795/2795 2807/2807 2808/2808
f 2795/2795 2808/2808 2796/2796
f 2796/2796 2808/2808 2797/2797
f 2796/2796 2797/2797 2785/2785
f 2797/2797 2809/2809 2810/2810
f 2797/2797 2810/2810 2798/2798
f 2798/2798 2810/2810 2811/2811
f 2798/2798 2811/2811 2799/2799
f 2799/2799 2811/2811 2812/2812
f 2799/2799 2812/2812 2800/2800
f 2800/2800 2812/2812 2813/2813
f 2800/2800 2813/2813 2801/2801
f 2801/2801 2813/2813 2814/2814
f 2801/2801 2814/2814 2802/2802
f 2802/2802 2814/2814 2815/2815
f 2802/2802 2815/2815 2803/2803
f 2803/2803 2815/2815 2816/2816
f 2803/2803 2816/2816 2804/2804
f 2804/2804 2816/2816 2817/2817
f 2804/2804 2817/2817 2805/2805
f 2805/2805 2817/2817 2818/2818
f 2805/2805 2818/2818 2806/2806
f 2806/2806 2818/2818 2819/2819
f 2806/2806 2819/2819 2807/2807
f 2807/2807 2819/2819 2820/2820
f 2807/2807 2820/2820 2808/2808
f 2808/2808 2820/2820 2809/2809
f 2808/2808 2809/2809 2797/2797
f 2809/2809 2821/2821 2822/2822
f 2809/2809 2822/2822 2810/2810
f 2810/2810 2822/2822 2823/2823
f 2810/2810 2823/2823 2811/2811
f 2811/2811 2823/2823 2824/2824
f 2811/2811 2824/2824 2812/2812
f 2812/2812 2824/2824 2825/2825
f 2812/2812 2825/2825 2813/2813
f 2813/2813 2825/2825 2826/2826
f 2813/2813 2826/2826 2814/2814
f 2814/2814 2826/2826 2827/2827
f 2814/2814 2827/2827 2815/2815
f 2815/2815 2827/2827 2828/2828
f 2815/2815 2828/2828 2816/2816
f 2816/2816 2828/2828 2829/2829
f 2816/2816 2829/2829 2817/2817
f 2817/2817 2829/2829 2830/2830
f 2817/2817 2830/2830 2818/2818
f 2818/2818 2830/2830 2831/2831
f 2818/2818 2831/2831 2819/2819
f 2819/2819 2831/2831 2832/2832
f 2819/2819 2832/2832 2820/2820
f 2820/2820 2832/2832 2821/2821
f 2820/2820 2821/2821 2809/2809
f 2821/2821 2833/2833 2834/2834
f 2821/2821 2834/2834 2822/2822
f 2822/2822 2834/2834 2835/2835
f 2822/2822 2835/2835 2823/2823
f 2823/2823 2835/2835 2836/2836
f 2823/2823 2836/2836 2824/2824
f 2824/2824 2836/2836 2837/2837
f 2824/2824 2837/2837 2825/2825
f 2825/2825 2837/2837 2838/2838
f 2825/2825 2838/2838 2826/2826
f 2826/2826 2838/2838 2839/2839
f 2826/2826 2839/2839 2827/2827
f 2827/2827 2839/2839 2840/2840
f 2827/2827 2840/2840 2828/2828
f 2828/2828 2840/2840 2841/2841
f 2828/2828 2841/2841 2829/2829
f 2829/2829 2841/2841 2842/2842
f 2829/2829 2842/2842 2830/2830
f 2830/2830 2842/2842 2843/2843
f 2830/2830 2843/2843 2831/2831
f 2831/2831 2843/2843 2844/2844
f 2831/2831 2844/2844 2832/2832
f 2832/2832 2844/2844 2833/2833
f 2832/2832 2833/2833 2821/2821
f 2833/2833 2845/2845 2846/2846
f 2833/2833 2846/2846 2834/2834
f 2834/2834 2846/2846 2847/2847
f 2834/2834 2847/2847 2835/2835
f 2835/2835 2847/2847 2848/2848
f 2835/2835 2848/2848 2836/2836
f 2836/2836 2848/2848 2849/2849
f 2836/2836 2849/2849 2837/2837
f 2837/2837 2849/2849 2850/2850
f 2837/2837 2850/2850 2838/2838
f 2838/2838 2850/2850 2851/2851
f 2838/2838 2851/2851 2839/2839
f 2839/2839 2851/2851 2852/2852
f 2839/2839 2852/2852 2840/2840
f 2840/2840 2852/2852 2853/2853
f 2840/2840 2853/2853 2841/2841
f 2841/2841 2853/2853 2854/2854
f 2841/2841 2854/2854 2842/2842
f 2842/2842 2854/2854 2855/2855
f 2842/2842 2855/2855 2843/2843
f 2843/2843 2855/2855 2856/2856
f 2843/2843 2856/2856 2844/2844
f 2844/2844 2856/2856 2845/2845
f 2844/2844 2845/2845 2833/2833
f 2773/2773 2774/2774 2775/2775
f 2773/2773 2775/2775 2776/2776
f 2773/2773 2776/2776 2777/2777
f 2773/2773 2777/2777 2778/2778
f 2773/2773 2778/2778 2779/2779
f 2773/2773 2779/2779 2780/2780
f 2773/2773 2780/2780 2781/2781
f 2773/2773 2781/2781 2782/2782
f 2773/2773 2782/2782 2783/2783
f 2773/2773 2783/2783 2784/2784
f 2856/2856 2855/2855 2854/2854
f 2856/2856 2854/2854 2853/2853
f 2856/2856 2853/2853 2852/2852
f 2856/2856 2852/2852 2851/2851
f 2856/2856 2851/2851 2850/2850
f 2856/2856 2850/2850 2849/2849
f 2856/2856 2849/2849 2848/2848
f 2856/2856 2848/2848 2847/2847
f 2856/2856 2847/2847 2846/2846
f 2856/2856 2846/2846 2845/2845
f 2857/2857 2869/2869 2870/2870
f 2857/2857 2870/2870 2858/2858
f 2858/2858 2870/2870 2871/2871
f 2858/2858 2871/2871 2859/2859
f 2859/2859 2871/2871 2872/2872
f 2859/2859 2872/2872 2860/2860
f 2860/2860 2872/2872 2873/2873
f 2860/2860 2873/2873 2861/2861
f 2861/2861 2873/2873 2874/2874
f 2861/2861 2874/2874 2862/2862
f 2862/2862 2874/2874 2875/2875
f 2862/2862 2875/2875 2863/2863
f 2863/2863 2875/2875 2876/2876
f 2863/2863 2876/2876 2864/2864
f 2864/2864 2876/2876 2877/2877
f 2864/2864 2877/2877 2865/2865
f 2865/2865 2877/2877 2878/2878
f 2865/2865 2878/2878 2866/2866
f 2866/2866 2878/2878 2879/2879
f 2866/2866 2879/2879 2867/2867
f 2867/2867 2879/2879 2880/2880
f 2867/2867 2880/2880 2868/2868
f 2868/2868 2880/2880 2869/2869
f 2868/2868 2869/2869 2857/2857
f 2869/2869 2881/2881 2882/2882
f 2869/2869 2882/2882 2870/2870
f 2870/2870 2882/2882 2883/2883
f 2870/2870 2883/2883 2871/2871
f 2871/2871 2883/2883 2884/2884
f 2871/2871 2884/2884 2872/2872
f 2872/2872 2884/2884 2885/2885
f 2872/2872 2885/2885 2873/2873
f 2873/2873 2885/2885 2886/2886
f 2873/2873 2886/2886 2874/2874
f 2874/2874 2886/2886 2887/2887
f 2874/2874 2887/2887 2875/2875
f 2875/2875 2887/2887 2888/2888
f 2875/2875 2888/2888 2876/2876
f 2876/2876 2888/2888 2889/2889
f 2876/2876 2889/2889 2877/2877
f 2877/2877 2889/2889 2890/2890
f 2877/2877 2890/2890 2878/2878
f 2878/2878 2890/2890 2891/2891
f 2878/2878 2891/2891 2879/2879
f 2879/2879 2891/2891 2892/2892
f 2879/2879 2892/2892 2880/2880
f 2880/2880 2892/2892 2881/2881
f 2880/2880 2881/2881 2869/2869
f 2881/2881 2893/2893 2894/2894
f 2881/2881 2894/2894 2882/2882
f 2882/2882 2894/2894 2895/2895
f 2882/2882 2895/2895 2883/2883
f 2883/2883 2895/2895 2896/2896
f 2883/2883 2896/2896 2884/2884
f 2884/2884 2896/2896 2897/2897
f 2884/2884 2897/2897 2885/2885
f 2885/2885 2897/2897 2898/2898
f 2885/2885 2898/2898 2886/2886
f 2886/2886 2898/2898 2899/2899
f 2886/2886 2899/2899 2887/2887
f 2887/2887 2899/2899 2900/2900
f 2887/2887 2900/2900 2888/2888
f 2888/2888 2900/2900 2901/2901
f 2888/2888 2901/2901 2889/2889
f 2889/2889 2901/2901 2902/2902
f 2889/2889 2902/2902 2890/2890
f 2890/2890 2902/2902 2903/2903
f 2890/2890 2903/2903 2891/2891
f 2891/2891 2903/2903 2904/2904
f 2891/2891 2904/2904 2892/2892
f 2892/2892 2904/2904 2893/2893
f 2892/2892 2893/2893 2881/2881
f 2893/2893 2905/2905 2906/2906
f 2893/2893 2906/2906 2894/2894
f 2894/2894 2906/2906 2907/2907
f 2894/2894 2907/2907 2895/2895
f 2895/2895 2907/2907 2908/2908
f 2895/2895 2908/2908 2896/2896
f 2896/2896 2908/2908 2909/2909
f 2896/2896 2909/2909 2897/2897
f 2897/2897 2909/2909 2910/2910
f 2897/2897 2910/2910 2898/2898
f 2898/2898 2910/2910 2911/2911
f 2898/2898 2911/2911 2899/2899
f 2899/2899 2911/2911 2912/2912
f 2899/2899 2912/2912 2900/2900
f 2900/2900 2912/2912 2913/2913
f 2900/2900 2913/2913 2901/2901
f 2901/2901 2913/2913 2914/2914
f 2901/2901 2914/2914 2902/2902
f 2902/2902 2914/2914 2915/2915
f 2902/2902 2915/2915 2903/2903
f 2903/2903 2915/2915 2916/2916
f 2903/2903 2916/2916 2904/2904
f 2904/2904 2916/2916 2905/2905
f 2904/2904 2905/2905 2893/2893
f 2905/2905 2917/2917 2918/2918
f 2905/2905 2918/2918 2906/2906
f 2906/2906 2918/2918 2919/2919
f 2906/2906 2919/2919 2907/2907
f 2907/2907 2919/2919 2920/2920
f 2907/2907 2920/2920 2908/2908
f 2908/2908 2920/2920 2921/2921
f 2908/2908 2921/2921 2909/2909
f 2909/2909 2921/2921 2922/2922
f 2909/2909 2922/2922 2910/2910
f 2910/2910 2922/2922 2923/2923
f 2910/2910 2923/2923 2911/2911
f 2911/2911 2923/2923 2924/2924
f 2911/2911 2924/2924 2912/2912
f 2912/2912 2924/2924 2925/2925
f 2912/2912 2925/2925 2913/2913
f 2913/2913 2925/2925 2926/2926
f 2913/2913 2926/2926 2914/2914
f 2914/2914 2926/2926 2927/2927
f 2914/2914 2927/2927 2915/2915
f 2915/2915 2927/2927 2928/2928
f 2915/2915 2928/2928 2916/2916
f 2916/2916 2928/2928 2917/2917
f 2916/2916 2917/2917 2905/2905
f 2917/2917 2929/2929 2930/2930
f 2917/2917 2930/2930 2918/2918
f 2918/2918 2930/2930 2931/2931
f 2918/2918 2931/2931 2919/2919
f 2919/2919 2931/2931 2932/2932
f 2919/2919 2932/2932 2920/2920
f 2920/2920 2932/2932 2933/2933
f 2920/2920 2933/2933 2921/2921
f 2921/2921 2933/2933 2934/2934
f 2921/2921 2934/2934 2922/2922
f 2922/2922 2934/2934 2935/2935
f 2922/2922 2935/2935 2923/2923
f 2923/2923 2935/2935 2936/2936
f 2923/2923 2936/2936 2924/2924
f 2924/2924 2936/2936 2937/2937
f 2924/2924 2937/2937 2925/2925
f 2925/2925 2937/2937 2938/2938
f 2925/2925 2938/2938 2926/2926
f 2926/2926 2938/2938 2939/2939
f 2926/2926 2939/2939 2927/2927
f 2927/2927 2939/2939 2940/2940
f 2927/2927 2940/2940 2928/2928
f 2928/2928 2940/2940 2929/2929
f 2928/2928 2929/2929 2917/2917
f 2857/2857 2858/2858 2859/2859
f 2857/2857 2859/2859 2860/2860
f 2857/2857 2860/2860 2861/2861
f 2857/2857 2861/2861 2862/2862
f 2857/2857 2862/2862 2863/2863
f 2857/2857 2863/2863 2864/2864
f 2857/2857 2864/2864 2865/2865
f 2857/2857 2865/2865 2866/2866
f 2857/2857 2866/2866 2867/2867
f 2857/2857 2867/2867 2868/2868
f 2940/2940 2939/2939 2938/2938
f 2940/2940 2938/2938 2937/2937
f 2940/2940 2937/2937 2936/2936
f 2940/2940 2936/2936 2935/2935
f 2940/2940 2935/2935 2934/2934
f 2940/2940 2934/2934 2933/2933
f 2940/2940 2933/2933 2932/2932
f 2940/2940 2932/2932 2931/2931
f 2940/2940 2931/2931 2930/2930
f 2940/2940 2930/2930 2929/2929
f 2941/2941 2953/2953 2954/2954
f 2941/2941 2954/2954 2942/2942
f 2942/2942 2954/2954 2955/2955
f 2942/2942 2955/2955 2943/2943
f 2943/2943 2955/2955 2956/2956
f 2943/2943 2956/2956 2944/2944
f 2944/2944 2956/2956 2957/2957
f 2944/2944 2957/2957 2945/2945
f 2945/2945 2957/2957 2958/2958
f 2945/2945 2958/2958 2946/2946
f 2946/2946 2958/2958 2959/2959
f 2946/2946 2959/2959 2947/2947
f 2947/2947 2959/2959 2960/2960
f 2947/2947 2960/2960 2948/2948
f 2948/2948 2960/2960 2961/2961
f 2948/2948 2961/2961 2949/2949
f 2949/2949 2961/2961 2962/2962
f 2949/2949 2962/2962 2950/2950
f 2950/2950 2962/2962 2963/2963
f 2950/2950 2963/2963 2951/2951
f 2951/2951 2963/2963 2964/2964
f 2951/2951 2964/2964 2952/2952
f 2952/2952 2964/2964 2953/2953
f 2952/2952 2953/2953 2941/2941
f 2953/2953 2965/2965 2966/2966
f 2953/2953 2966/2966 2954/2954
f 2954/2954 2966/2966 2967/2967
f 2954/2954 2967/2967 2955/2955
f 2955/2955 2967/2967 2968/2968
f 2955/2955 2968/2968 2956/2956
f 2956/2956 2968/2968 2969/2969
f 2956/2956 2969/2969 2957/2957
f 2957/2957 2969/2969 2970/2970
f 2957/2957 2970/2970 2958/2958
f 2958/2958 2970/2970 2971/2971
f 2958/2958 2971/2971 2959/2959
f 2959/2959 2971/2971 2972/2972
f 2959/2959 2972/2972 2960/2960
f 2960/2960 2972/2972 2973/2973
f 2960/2960 2973/2973 2961/2961
f 2961/2961 2973/2973 2974/2974
f 2961/2961 2974/2974 2962/2962
f 2962/2962 2974/2974 2975/2975
f 2962/2962 2975/2975 2963/2963
f 2963/2963 2975/2975 2976/2976
f 2963/2963 2976/2976 2964/2964
f 2964/2964 2976/2976 2965/2965
f 2964/2964 2965/2965 2953/2953
f 2965/2965 2977/2977 2978/2978
f 2965/2965 2978/2978 2966/2966
f 2966/2966 2978/2978 2979/2979
f 2966/2966 2979/2979 2967/2967
f 2967/2967 2979/2979 2980/2980
f 2967/2967 2980/2980 2968/2968
f 2968/2968 2980/2980 2981/2981
f 2968/2968 2981/2981 2969/2969
f 2969/2969 2981/2981 2982/2982
f 2969/2969 2982/2982 2970/2970
f 2970/2970 2982/2982 2983/2983
f 2970/2970 2983/2983 2971/2971
f 2971/2971 2983/2983 2984/2984
f 2971/2971 2984/2984 2972/2972
f 2972/2972 2984/2984 2985/2985
f 2972/2972 2985/2985 2973/2973
f 2973/2973 2985/2985 2986/2986
f 2973/2973 2986/2986 2974/2974
f 2974/2974 2986/2986 2987/2987
f 2974/2974 2987/2987 2975/2975
f 2975/2975 2987/2987 2988/2988
f 2975/2975 2988/2988 2976/2976
f 2976/2976 2988/2988 2977/2977
f 2976/2976 2977/2977 2965/2965
f 2977/2977 2989/2989 2990/2990
f 2977/2977 2990/2990 2978/2978
f 2978/2978 2990/2990 2991/2991
f 2978/2978 2991/2991 2979/2979
f 2979/2979 2991/2991 2992/2992
f 2979/2979 2992/2992 2980/2980
f 2980/2980 2992/2992 2993/2993
f 2980/2980 2993/2993 2981/2981
f 2981/2981 2993/2993 2994/2994
f 2981/2981 2994/2994 2982/2982
f 2982/2982 2994/2994 2995/2995
f 2982/2982 2995/2995 2983/2983
f 2983/2983 2995/2995 2996/2996
f 2983/2983 2996/2996 2984/2984
f 2984/2984 2996/2996 2997/2997
f 2984/2984 2997/2997 2985/2985
f 2985/2985 2997/2997 2998/2998
f 2985/2985 2998/2998 2986/2986
f 2986/2986 2998/2998 2999/2999
f 2986/2986 2999/2999 2987/2987
f 2987/2987 2999/2999 3000/3000
f 2987/2987 3000/3000 2988/2988
f 2988/2988 3000/3000 2989/2989
f 2988/2988 2989/2989 2977/2977
f 2989/2989 3001/3001 3002/3002
f 2989/2989 3002/3002 2990/2990
f 2990/2990 3002/3002 3003/3003
f 2990/2990 3003/3003 2991/2991
f 2991/2991 3003/3003 3004/3004
f 2991/2991 3004/3004 2992/2992
f 2992/2992 3004/3004 3005/3005
f 2992/2992 3005/3005 2993/2993
f 2993/2993 3005/3005 3006/3006
f 2993/2993 3006/3006 2994/2994
f 2994/2994 3006/3006 3007/3007
f 2994/2994 3007/3007 2995/2995
f 2995/2995 3007/3007 3008/3008
f 2995/2995 3008/3008 2996/2996
f 2996/2996 3008/3008 3009/3009
f 2996/2996 3009/3009 2997/2997
f 2997/2997 3009/3009 3010/3010
f 2997/2997 3010/3010 2998/2998
f 2998/2998 3010/3010 3011/3011
f 2998/2998 3011/3011 2999/2999
f 2999/2999 3011/3011 3012/3012
f 2999/2999 3012/3012 3000/3000
f 3000/3000 3012/3012 3001/3001
f 3000/3000 3001/3001 2989/2989
f 3001/3001 3013/3013 3014/3014
f 3001/3001 3014/3014 3002/3002
f 3002/3002 3014/3014 3015/3015
f 3002/3002 3015/3015 3003/3003
f 3003/3003 3015/3015 3016/3016
f 3003/3003 3016/3016 3004/3004
f 3004/3004 3016/3016 3017/3017
f 3004/3004 3017/3017 3005/3005
f 3005/3005 3017/3017 3018/3018
f 3005/3005 3018/3018 3006/3006
f 3006/3006 3018/3018 3019/3019
f 3006/3006 3019/3019 3007/3007
f 3007/3007 3019/3019 3020/3020
f 3007/3007 3020/3020 3008/3008
f 3008/3008 3020/3020 3021/3021
f 3008/3008 3021/3021 3009/3009
f 3009/3009 3021/3021 3022/3022
f 3009/3009 3022/3022 3010/3010
f 3010/3010 3022/3022 3023/3023
f 3010/3010 3023/3023 3011/3011
f 3011/3011 3023/3023 3024/3024
f 3011/3011 3024/3024 3012/3012
f 3012/3012 3024/3024 3013/3013
f 3012/3012 3013/3013 3001/3001
f 2941/2941 2942/2942 2943/2943
f 2941/2941 2943/2943 2944/2944
f 2941/2941 2944/2944 2945/2945
f 2941/2941 2945/2945 2946/2946
f 2941/2941 2946/2946 2947/2947
f 2941/2941 2947/2947 2948/2948
f 2941/2941 2948/2948 2949/2949
f 2941/2941 2949/2949 2950/2950
f 2941/2941 2950/2950 2951/2951
f 2941/2941 2951/2951 2952/2952
f 3024/3024 3023/3023 3022/3022
f 3024/3024 3022/3022 3021/3021
f 3024/3024 3021/3021 3020/3020
f 3024/3024 3020/3020 3019/3019
f 3024/3024 3019/3019 3018/3018
f 3024/3024 3018/3018 3017/3017
f 3024/3024 3017/3017 3016/3016
f 3024/3024 3016/3016 3015/3015
f 3024/3024 3015/3015 3014/3014
f 3024/3024 3014/3014 3013/3013
f 3025/3025 3037/3037 3038/3038
f 3025/3025 3038/3038 3026/3026
f 3026/3026 3038/3038 3039/3039
f 3026/3026 3039/3039 3027/3027
f 3027/3027 3039/3039 3040/3040
f 3027/3027 3040/3040 3028/3028
f 3028/3028 3040/3040 3041/3041
f 3028/3028 3041/3041 3029/3029
f 3029/3029 3041/3041 3042/3042
f 3029/3029 3042/3042 3030/3030
f 3030/3030 3042/3042 3043/3043
f 3030/3030 3043/3043 3031/3031
f 3031/3031 3043/3043 3044/3044
f 3031/3031 3044/3044 3032/3032
f 3032/3032 3044/3044 3045/3045
f 3032/3032 3045/3045 3033/3033
f 3033/3033 3045/3045 3046/3046
f 3033/3033 3046/3046 3034/3034
f 3034/3034 3046/3046 3047/3047
f 3034/3034 3047/3047 3035/3035
f 3035/3035 3047/3047 3048/3048
f 3035/3035 3048/3048 3036/3036
f 3036/3036 3048/3048 3037/3037
f 3036/3036 3037/3037 3025/3025
f 3037/3037 3049/3049 3050/3050
f 3037/3037 3050/3050 3038/3038
f 3038/3038 3050/3050 3051/3051
f 3038/3038 3051/3051 3039/3039
f 3039/3039 3051/3051 3052/3052
f 3039/3039 3052/3052 3040/3040
f 3040/3040 3052/3052 3053/3053
f 3040/3040 3053/3053 3041/3041
f 3041/3041 3053/3053 3054/3054
f 3041/3041 3054/3054 3042/3042
f 3042/3042 3054/3054 3055/3055
f 3042/3042 3055/3055 3043/3043
f 3043/3043 3055/3055 3056/3056
f 3043/3043 3056/3056 3044/3044
f 3044/3044 3056/3056 3057/3057
f 3044/3044 3057/3057 3045/3045
f 3045/3045 3057/3057 3058/3058
f 3045/3045 3058/3058 3046/3046
f 3046/3046 3058/3058 3059/3059
f 3046/3046 3059/3059 3047/3047
f 3047/3047 3059/3059 3060/3060
f 3047/3047 3060/3060 3048/3048
f 3048/3048 3060/3060 3049/3049
f 3048/3048 3049/3049 3037/3037
f 3049/3049 3061/3061 3062/3062
f 3049/3049 3062/3062 3050/3050
f 3050/3050 3062/3062 3063/3063
f 3050/3050 3063/3063 3051/3051
f 3051/3051 3063/3063 3064/3064
f 3051/3051 3064/3064 3052/3052
f 3052/3052 3064/3064 3065/3065
f 3052/3052 3065/3065 3053/3053
f 3053/3053 3065/3065 3066/3066
f 3053/3053 3066/3066 3054/3054
f 3054/3054 3066/3066 3067/3067
f 3054/3054 3067/3067 3055/3055
f 3055/3055 3067/3067 3068/3068
f 3055/3055 3068/3068 3056/3056
f 3056/3056 3068/3068 3069/3069
f 3056/3056 3069/3069 3057/3057
f 3057/3057 3069/3069 3070/3070
f 3057/3057 3070/3070 3058/3058
f 3058/3058 3070/3070 3071/3071
f 3058/3058 3071/3071 3059/3059
f 3059/3059 3071/3071 3072/3072
f 3059/3059 3072/3072 3060/3060
f 3060/3060 3072/3072 3061/3061
f 3060/3060 3061/3061 3049/3049
f 3061/3061 3073/3073 3074/3074
f 3061/3061 3074/3074 3062/3062
f 3062/3062 3074/3074 3075/3075
f 3062/3062 3075/3075 3063/3063
f 3063/3063 3075/3075 3076/3076
f 3063/3063 3076/3076 3064/3064
f 3064/3064 3076/3076 3077/3077
f 3064/3064 3077/3077 3065/3065
f 3065/3065 3077/3077 3078/3078
f 3065/3065 3078/3078 3066/3066
f 3066/3066 3078/3078 3079/3079
f 3066/3066 3079/3079 3067/3067
f 3067/3067 3079/3079 3080/3080
f 3067/3067 3080/3080 3068/3068
f 3068/3068 3080/3080 3081/3081
f 3068/3068 3081/3081 3069/3069
f 3069/3069 3081/3081 3082/3082
f 3069/3069 3082/3082 3070/3070
f 3070/3070 3082/3082 3083/3083
f 3070/3070 3083/3083 3071/3071
f 3071/3071 3083/3083 3084/3084
f 3071/3071 3084/3084 3072/3072
f 3072/3072 3084/3084 3073/3073
f 3072/3072 3073/3073 3061/3061
f 3073/3073 3085/3085 3086/3086
f 3073/3073 3086/3086 3074/3074
f 3074/3074 3086/3086 3087/3087
f 3074/3074 3087/3087 3075/3075
f 3075/3075 3087/3087 3088/3088
f 3075/3075 3088/3088 3076/3076
f 3076/3076 3088/3088 3089/3089
f 3076/3076 3089/3089 3077/3077
f 3077/3077 3089/3089 3090/3090
f 3077/3077 3090/3090 3078/3078
f 3078/3078 3090/3090 3091/3091
f 3078/3078 3091/3091 3079/3079
f 3079/3079 3091/3091 3092/3092
f 3079/3079 3092/3092 3080/3080
f 3080/3080 3092/3092 3093/3093
f 3080/3080 3093/3093 3081/3081
f 3081/3081 3093/3093 3094/3094
f 3081/3081 3094/3094 3082/3082
f 3082/3082 3094/3094 3095/3095
f 3082/3082 3095/3095 3083/3083
f 3083/3083 3095/3095 3096/3096
f 3083/3083 3096/3096 3084/3084
f 3084/3084 3096/3096 3085/3085
f 3084/3084 3085/3085 3073/3073
f 3085/3085 3097/3097 3098/3098
f 3085/3085 3098/3098 3086/3086
f 3086/3086 3098/3098 3099/3099
f 3086/3086 3099/3099 3087/3087
f 3087/3087 3099/3099 3100/3100
f 3087/3087 3100/3100 3088/3088
f 3088/3088 3100/3100 3101/3101
f 3088/3088 3101/3101 3089/3089
f 3089/3089 3101/3101 3102/3102
f 3089/3089 3102/3102 3090/3090
f 3090/3090 3102/3102 3103/3103
f 3090/3090 3103/3103 3091/3091
f 3091/3091 3103/3103 3104/3104
f 3091/3091 3104/3104 3092/3092
f 3092/3092 3104/3104 3105/3105
f 3092/3092 3105/3105 3093/3093
f 3093/3093 3105/3105 3106/3106
f 3093/3093 3106/3106 3094/3094
f 3094/3094 3106/3106 3107/3107
f 3094/3094 3107/3107 3095/3095
f 3095/3095 3107/3107 3108/3108
f 3095/3095 3108/3108 3096/3096
f 3096/3096 3108/3108 3097/3097
f 3096/3096 3097/3097 3085/3085
f 3025/3025 3026/3026 3027/3027
f 3025/3025 3027/3027 3028/3028
f 3025/3025 3028/3028 3029/3029
f 3025/3025 3029/3029 3030/3030
f 3025/3025 3030/3030 3031/3031
f 3025/3025 3031/3031 3032/3032
f 3025/3025 3032/3032 3033/3033
f 3025/3025 3033/3033 3034/3034
f 3025/3025 3034/3034 3035/3035
f 3025/3025 3035/3035 3036/3036
f 3108/3108 3107/3107 3106/3106
f 3108/3108 3106/3106 3105/3105
f 3108/3108 3105/3105 3104/3104
f 3108/3108 3104/3104 3103/3103
f 3108/3108 3103/3103 3102/3102
f 3108/3108 3102/3102 3101/3101
f 3108/3108 3101/3101 3100/3100
f 3108/3108 3100/3100 3099/3099
f 3108/3108 3099/3099 3098/3098
f 3108/3108 3098/3098 3097/3097
