# Basketbroom original 3D environment. Centimetres, Z up.
o SM_BB_ENV_RW_Trunk2
s 1
v 1142.65600 0.00000 0.00000
v 1100.02624 133.56737 0.00000
v 876.99002 216.15863 0.00000
v 818.91247 310.57253 0.00000
v 887.58519 465.84064 0.00000
v 879.02552 606.74751 0.00000
v 845.18562 748.76912 0.00000
v 717.45371 809.83783 0.00000
v 503.29502 729.14872 0.00000
v 406.14177 773.83849 0.00000
v 367.19613 968.21663 0.00000
v 262.38787 1064.54943 0.00000
v 133.65124 1100.71697 0.00000
v -0.00000 1051.64800 0.00000
v -105.59066 869.61731 0.00000
v -210.60658 854.46448 0.00000
v -378.43375 997.84780 0.00000
v -520.38327 991.50748 0.00000
v -615.08588 891.10573 0.00000
v -675.73073 762.74231 0.00000
v -654.11159 579.49230 0.00000
v -735.54412 507.70945 0.00000
v -970.13615 509.16673 0.00000
v -1062.94710 403.12266 0.00000
v -1022.00119 251.90067 0.00000
v -978.73578 118.84004 0.00000
v -879.74400 -0.00000 0.00000
v -907.62819 -110.20601 0.00000
v -1086.64271 -267.83337 0.00000
v -1072.06438 -406.58039 0.00000
v -903.16108 -474.01550 0.00000
v -785.37705 -542.10664 0.00000
v -668.60252 -592.33015 0.00000
v -623.64555 -703.95031 0.00000
v -645.55913 -935.25386 0.00000
v -533.71437 -1016.90778 0.00000
v -349.95679 -922.76022 0.00000
v -221.60413 -899.08330 0.00000
v -110.12214 -906.93745 0.00000
v -0.00000 -970.75200 0.00000
v 138.18272 -1138.03712 0.00000
v 273.38542 -1109.16825 0.00000
v 338.71917 -893.12905 0.00000
v 419.47287 -799.23879 0.00000
v 533.76827 -773.29684 0.00000
v 665.36854 -751.04582 0.00000
v 859.67655 -761.60696 0.00000
v 928.85845 -641.14469 0.00000
v 820.61012 -430.68941 0.00000
v 828.02975 -314.03026 0.00000
v 941.63154 -232.09133 0.00000
v 1028.91865 -124.93334 0.00000
v 980.22335 13.26727 471.87500
v 891.97797 122.28744 471.87500
v 725.91448 193.63937 471.87500
v 708.22684 284.09375 471.87500
v 718.51621 393.46178 471.87500
v 725.21504 517.90844 471.87500
v 725.66494 661.36300 471.87500
v 582.63300 677.56554 471.87500
v 409.95294 615.71097 471.87500
v 349.09877 689.63027 471.87500
v 296.06368 809.43765 471.87500
v 210.74028 892.14620 471.87500
v 109.96079 967.33427 471.87500
v -5.88392 881.52227 471.87500
v -92.32173 725.14674 471.87500
v -189.89019 759.81007 471.87500
v -319.60830 840.49048 471.87500
v -432.82929 826.74371 471.87500
v -538.87522 785.43848 471.87500
v -568.11881 647.89927 471.87500
v -537.19126 483.96450 471.87500
v -646.60148 455.52267 471.87500
v -816.79569 438.86660 471.87500
v -873.71629 342.39267 471.87500
v -889.65093 231.09627 471.87500
v -827.34286 113.01044 471.87500
v -716.46501 13.26727 471.87500
v -792.33962 -82.22574 471.87500
v -921.47120 -212.40473 471.87500
v -878.20434 -317.56023 471.87500
v -783.82672 -395.02861 471.87500
v -671.13210 -445.92040 471.87500
v -544.32453 -463.74949 471.87500
v -542.47950 -592.42393 471.87500
v -553.87590 -780.63618 471.87500
v -439.39163 -812.71266 471.87500
v -305.59031 -776.99353 471.87500
v -195.30382 -755.23948 471.87500
v -94.55239 -716.98332 471.87500
v -5.88392 -815.16609 471.87500
v 112.19145 -959.17085 471.87500
v 216.15391 -887.57561 471.87500
v 282.04568 -745.94070 471.87500
v 355.66111 -675.59922 471.87500
v 424.95363 -610.90867 471.87500
v 556.99369 -622.09021 471.87500
v 732.79821 -641.14799 471.87500
v 749.74567 -508.30618 471.87500
v 685.54724 -349.62380 471.87500
v 712.71489 -259.26131 471.87500
v 757.73475 -174.94783 471.87500
v 856.97474 -91.50274 471.87500
v 855.09261 26.35736 943.75000
v 748.24499 118.75147 943.75000
v 647.22657 189.01192 943.75000
v 619.59399 266.15064 943.75000
v 598.31072 347.03471 943.75000
v 641.75202 478.08533 943.75000
v 635.79781 600.86648 943.75000
v 484.86942 587.98463 943.75000
v 359.76934 565.95632 943.75000
v 304.40842 630.53588 943.75000
v 242.17377 698.37508 943.75000
v 179.83108 807.44176 943.75000
v 90.70560 877.88793 943.75000
v -12.68893 760.05887 943.75000
v -89.43840 658.44612 943.75000
v -178.28781 698.21841 943.75000
v -278.22237 726.51150 943.75000
v -389.18054 743.70218 943.75000
v -491.29876 719.74340 943.75000
v -488.55546 563.49963 943.75000
v -479.74039 440.12884 943.75000
v -592.53378 426.59536 943.75000
v -702.07524 388.17521 943.75000
v -771.84567 314.26754 943.75000
v -810.30049 222.95095 943.75000
v -710.56384 111.09471 943.75000
v -630.82109 26.35736 943.75000
v -726.83472 -60.35564 943.75000
v -795.50918 -166.59050 943.75000
v -769.75945 -260.76162 943.75000
v -717.40052 -343.50382 943.75000
v -581.13098 -366.00986 943.75000
v -476.42456 -384.47656 943.75000
v -500.47362 -524.23774 943.75000
v -484.32585 -656.92668 943.75000
v -386.13011 -685.17535 943.75000
v -284.73849 -690.97837 943.75000
v -175.77134 -635.29399 943.75000
v -88.40150 -597.19178 943.75000
v -12.68893 -725.85483 943.75000
v 89.66870 -816.63360 943.75000
v 177.31462 -744.51733 943.75000
v 248.68989 -662.84194 943.75000
v 301.35799 -572.00905 943.75000
v 352.79643 -503.13960 943.75000
v 496.78758 -548.72274 943.75000
v 632.48199 -545.21420 943.75000
v 630.34922 -417.49983 943.75000
v 613.63599 -302.36332 943.75000
v 617.50777 -212.64472 943.75000
v 632.43525 -132.65147 943.75000
v 764.51588 -68.01239 943.75000
v 747.68510 39.09547 1415.62500
v 661.17834 121.85044 1415.62500
v 600.23708 192.06141 1415.62500
v 537.73093 250.75528 1415.62500
v 523.80238 324.69924 1415.62500
v 592.02625 461.80218 1415.62500
v 557.03540 550.63214 1415.62500
v 421.60918 537.98698 1415.62500
v 330.59749 547.55986 1415.62500
v 261.92757 576.96882 1415.62500
v 204.97193 633.27368 1415.62500
v 159.63276 769.39592 1415.62500
v 72.32305 802.49259 1415.62500
v -20.37014 685.90925 1415.62500
v -92.65031 634.37624 1415.62500
v -169.17513 642.82105 1415.62500
v -253.88716 654.82925 1415.62500
v -371.49764 708.11303 1415.62500
v -452.66143 665.37753 1415.62500
v -437.21161 509.61223 1415.62500
v -458.77647 427.48959 1415.62500
v -546.31989 402.13237 1415.62500
v -624.59539 356.21734 1415.62500
v -725.50055 306.51616 1415.62500
v -746.46755 218.06241 1415.62500
v -628.84187 112.97731 1415.62500
v -597.16674 39.09547 1415.62500
v -673.86801 -40.25354 1415.62500
v -705.53580 -129.78270 1415.62500
v -719.72738 -226.13575 1415.62500
v -667.00478 -300.28457 1415.62500
v -514.76510 -302.16074 1415.62500
v -449.60065 -341.16958 1415.62500
v -470.19254 -468.64907 1415.62500
v -433.36542 -559.23150 1415.62500
v -363.05623 -613.83833 1415.62500
v -271.91910 -624.18463 1415.62500
v -162.21135 -536.37696 1415.62500
v -89.78092 -532.55376 1415.62500
v -20.37014 -658.94258 1415.62500
v 69.45366 -700.67011 1415.62500
v 152.66898 -662.95183 1415.62500
v 223.00387 -602.62906 1415.62500
v 253.48617 -482.69413 1415.62500
v 311.30148 -441.41383 1415.62500
v 454.59011 -497.02382 1415.62500
v 547.85958 -464.31213 1415.62500
v 560.47147 -361.83055 1415.62500
v 566.21177 -268.76646 1415.62500
v 531.95776 -170.37487 1415.62500
v 559.30533 -103.78170 1415.62500
v 706.20448 -49.12666 1415.62500
v 660.40346 51.31149 1887.50000
v 616.13120 129.62965 1887.50000
v 555.56894 195.36444 1887.50000
v 467.06526 239.39752 1887.50000
v 485.36440 321.20612 1887.50000
v 548.49812 449.84466 1887.50000
v 489.21424 510.30016 1887.50000
v 386.53400 520.21342 1887.50000
v 304.44786 534.21571 1887.50000
v 222.36909 530.02065 1887.50000
v 182.15241 607.74996 1887.50000
v 141.81367 743.83022 1887.50000
v 54.41729 737.30054 1887.50000
v -28.87686 654.26087 1887.50000
v -98.03061 620.84382 1887.50000
v -161.85264 590.81543 1887.50000
v -245.56905 622.68182 1887.50000
v -363.33030 688.55926 1887.50000
v -418.53571 615.82978 1887.50000
v -413.89891 485.91153 1887.50000
v -450.68114 424.99747 1887.50000
v -501.74756 377.71056 1887.50000
v -584.71755 343.03919 1887.50000
v -702.56094 306.80616 1887.50000
v -686.39731 213.37572 1887.50000
v -585.54335 118.90304 1887.50000
v -585.66946 51.31149 1887.50000
v -620.85644 -20.56785 1887.50000
v -654.29536 -102.84033 1887.50000
v -698.03316 -202.46602 1887.50000
v -617.97837 -257.87284 1887.50000
v -476.99979 -258.00543 1887.50000
v -443.48473 -315.99903 1887.50000
v -439.76518 -412.48555 1887.50000
v -403.40224 -491.28219 1887.50000
v -356.70987 -573.32212 1887.50000
v -259.71113 -557.34846 1887.50000
v -156.39109 -466.03408 1887.50000
v -95.78021 -499.68710 1887.50000
v -28.87686 -591.81205 1887.50000
v 52.16688 -616.14382 1887.50000
v 136.35212 -619.04887 1887.50000
v 196.29450 -542.41659 1887.50000
v 215.74866 -414.78351 1887.50000
v 289.31439 -409.66812 1887.50000
v 412.40028 -446.78744 1887.50000
v 482.01783 -401.30172 1887.50000
v 523.75034 -330.13953 1887.50000
v 518.62522 -236.03977 1887.50000
v 462.53748 -135.05739 1887.50000
v 523.46699 -84.82905 1887.50000
v 651.44429 -31.29446 1887.50000
v 601.09974 62.84228 2359.37500
v 590.16692 139.13413 2359.37500
v 502.04323 195.98869 2359.37500
v 417.64824 235.70488 2359.37500
v 464.69081 326.75506 2359.37500
v 498.82029 433.48817 2359.37500
v 439.15978 485.70448 2359.37500
v 366.66647 519.78898 2359.37500
v 272.50034 512.90132 2359.37500
v 191.04685 499.54606 2359.37500
v 167.60857 605.39090 2359.37500
v 121.81427 711.85493 2359.37500
v 38.16330 691.36342 2359.37500
v -38.15298 649.46145 2359.37500
v -103.20226 598.57131 2359.37500
v -158.84805 552.52142 2359.37500
v -248.42671 617.28853 2359.37500
v -353.99633 664.63150 2359.37500
v -393.69304 577.93099 2359.37500
v -411.32871 484.07060 2359.37500
v -438.74488 417.73574 2359.37500
v -466.30648 358.37530 2359.37500
v -574.14298 344.15153 2359.37500
v -679.03598 305.89714 2359.37500
v -636.57469 210.33998 2359.37500
v -574.48326 127.96457 2359.37500
v -571.84016 62.84228 2359.37500
v -574.22093 -2.24815 2359.37500
v -636.81317 -84.71420 2359.37500
v -679.06962 -180.22534 2359.37500
v -573.89589 -218.33729 2359.37500
v -466.49032 -232.81764 2359.37500
v -438.79834 -292.09854 2359.37500
v -411.13655 -358.16914 2359.37500
v -393.80546 -452.40930 2359.37500
v -354.04551 -539.04065 2359.37500
v -248.32165 -491.32696 2359.37500
v -158.88862 -427.00147 2359.37500
v -103.21898 -473.02443 2359.37500
v -38.15298 -523.47845 2359.37500
v 38.18002 -565.81654 2359.37500
v 121.85485 -586.33498 2359.37500
v 167.50351 -479.42933 2359.37500
v 191.09603 -373.95521 2359.37500
v 272.61277 -387.37963 2359.37500
v 366.47432 -393.88753 2359.37500
v 439.21324 -360.06729 2359.37500
v 499.00414 -307.93051 2359.37500
v 464.44373 -200.94082 2359.37500
v 417.68188 -110.03308 2359.37500
v 502.28171 -70.36291 2359.37500
v 589.90459 -13.41772 2359.37500
v 569.06848 73.53386 2831.25000
v 560.85965 147.47948 2831.25000
v 446.00681 195.32944 2831.25000
v 391.92304 240.42673 2831.25000
v 441.99844 330.77693 2831.25000
v 446.29225 414.81393 2831.25000
v 409.30259 478.79022 2831.25000
v 346.92136 519.46288 2831.25000
v 236.51579 485.92503 2831.25000
v 170.89985 490.87424 2831.25000
v 153.46277 605.10950 2831.25000
v 99.69156 673.29905 2831.25000
v 24.42031 671.09939 2831.25000
v -48.13728 649.36131 2831.25000
v -107.98872 566.45479 2831.25000
v -162.29810 536.70252 2831.25000
v -254.82585 618.52684 2831.25000
v -341.45385 632.40189 2831.25000
v -383.41055 559.26104 2831.25000
v -416.06777 488.84153 2831.25000
v -419.05662 402.13972 2831.25000
v -449.27569 350.41971 2831.25000
v -575.65303 350.39548 2831.25000
v -646.86811 300.60251 2831.25000
v -607.94410 211.51385 2831.25000
v -578.27156 137.90382 2831.25000
v -546.29344 73.53386 2831.25000
v -546.37002 13.03745 2831.25000
v -636.94472 -71.59414 2831.25000
v -650.95847 -155.08606 2831.25000
v -545.60549 -187.55760 2831.25000
v -471.63261 -218.78386 2831.25000
v -425.55780 -260.83154 2831.25000
v -392.70040 -315.39750 2831.25000
v -397.08199 -431.99983 2831.25000
v -347.43468 -496.72970 2831.25000
v -242.05002 -437.77201 2831.25000
v -167.23202 -409.65248 2831.25000
v -110.02171 -436.13029 2831.25000
v -48.13728 -466.00061 2831.25000
v 26.45331 -540.77489 2831.25000
v 104.62548 -546.24901 2831.25000
v 140.68693 -424.35467 2831.25000
v 176.88068 -355.20204 2831.25000
v 250.18724 -358.66382 2831.25000
v 323.55399 -346.01885 2831.25000
v 415.80376 -337.48204 2831.25000
v 468.64918 -283.17808 2831.25000
v 411.95090 -167.93905 2831.25000
v 396.01340 -94.91027 2831.25000
v 475.00743 -55.40973 2831.25000
v 528.95811 3.46179 2831.25000
v 550.99087 83.24345 3303.12500
v 517.62216 153.22939 3303.12500
v 401.16773 196.60641 3303.12500
v 379.78962 249.56486 3303.12500
v 406.57210 327.47062 3303.12500
v 402.07915 401.34044 3303.12500
v 392.36228 482.90637 3303.12500
v 318.04943 508.57776 3303.12500
v 204.35906 464.44286 3303.12500
v 158.68315 497.55418 3303.12500
v 134.32681 592.38180 3303.12500
v 78.51344 640.19947 3303.12500
v 12.54882 670.55651 3303.12500
v -58.76389 637.09288 3303.12500
v -113.82260 536.69273 3303.12500
v -171.38551 540.16730 3303.12500
v -258.36396 609.54556 3303.12500
v -330.60715 601.19751 3303.12500
v -386.64137 558.25598 3303.12500
v -415.71076 486.15318 3303.12500
v -399.21101 384.85328 3303.12500
v -451.28811 354.18336 3303.12500
v -571.91728 352.56713 3303.12500
v -613.51476 293.63271 3303.12500
v -602.69279 217.30988 3303.12500
v -577.39736 146.21696 3303.12500
v -516.22767 83.24345 3303.12500
v -541.81515 24.59041 3303.12500
v -635.03938 -58.79570 3303.12500
v -618.07705 -128.87605 3303.12500
v -538.40298 -168.49056 3303.12500
v -476.22449 -204.90879 3303.12500
v -406.46227 -224.79043 3303.12500
v -389.64737 -290.24678 3303.12500
v -401.89017 -413.86077 3303.12500
v -337.27803 -447.42090 3303.12500
v -244.11410 -405.48487 3303.12500
v -176.88868 -396.00763 3303.12500
v -116.09016 -388.88080 3303.12500
v -58.76389 -430.12566 3303.12500
v 14.81638 -522.74459 3303.12500
v 84.01661 -496.03981 3303.12500
v 120.07695 -388.32110 3303.12500
v 165.35403 -343.77758 3303.12500
v 219.60786 -320.04766 3303.12500
v 291.98603 -312.67137 3303.12500
v 399.61353 -322.84351 3303.12500
v 427.01553 -252.06587 3303.12500
v 373.05780 -143.39406 3303.12500
v 384.35190 -84.80820 3303.12500
v 433.51431 -38.09223 3303.12500
v 482.03995 17.57798 3303.12500
v 528.60416 91.84139 3775.00000
v 465.80104 156.89488 3775.00000
v 375.11780 201.54388 3775.00000
v 364.77010 256.71379 3775.00000
v 361.76737 318.43081 3775.00000
v 373.63413 398.03417 3775.00000
v 375.09790 486.13067 3775.00000
v 281.23801 488.26504 3775.00000
v 182.16309 457.10865 3775.00000
v 146.70313 504.66363 3775.00000
v 110.21293 566.92548 3775.00000
v 61.09607 623.56771 3775.00000
v 0.65321 673.41572 3775.00000
v -69.96270 610.37503 3775.00000
v -122.18518 521.93219 3775.00000
v -182.48600 548.36636 3775.00000
v -257.50448 586.34841 3775.00000
v -327.52206 582.57975 3775.00000
v -395.36628 563.26986 3775.00000
v -406.22838 471.40688 3775.00000
v -389.77618 375.17141 3775.00000
v -462.19938 362.58282 3775.00000
v -555.80411 346.83063 3775.00000
v -592.04939 289.84275 3775.00000
v -610.09658 224.97243 3775.00000
v -562.30969 151.62314 3775.00000
v -496.19337 91.84139 3775.00000
v -551.52456 33.36919 3775.00000
v -619.90097 -43.70622 3775.00000
v -593.43223 -106.68442 3775.00000
v -545.64578 -157.81635 3775.00000
v -469.75770 -184.11718 3775.00000
v -391.97407 -193.43579 3775.00000
v -398.32845 -278.80692 3775.00000
v -399.98826 -386.28318 3775.00000
v -329.54403 -402.74952 3775.00000
v -253.18528 -391.27686 3775.00000
v -184.15404 -371.45106 3775.00000
v -122.87249 -343.90989 3775.00000
v -69.96270 -414.42250 3775.00000
v 1.34051 -495.39341 3775.00000
v 62.76410 -446.65242 3775.00000
v 105.89373 -371.85392 3775.00000
v 148.72510 -324.83340 3775.00000
v 186.78507 -280.12197 3775.00000
v 273.33808 -295.66509 3775.00000
v 377.29578 -304.39506 3775.00000
v 381.19246 -219.56853 3775.00000
v 351.60904 -129.41653 3775.00000
v 366.15295 -73.55546 3775.00000
v 384.92220 -20.27767 3775.00000
v 455.01592 28.09744 3775.00000
v 491.16152 99.21285 4246.87500
v 419.58814 160.07537 4246.87500
v 362.27820 208.63374 4246.87500
v 335.76130 257.51980 4246.87500
v 319.97000 310.00444 4246.87500
v 357.59833 402.41086 4246.87500
v 347.47389 479.39214 4246.87500
v 245.28914 468.26193 4246.87500
v 168.81421 462.08713 4246.87500
v 128.38185 499.41382 4246.87500
v 85.57457 540.17369 4246.87500
v 47.41023 622.87061 4246.87500
v -13.05759 664.20308 4246.87500
v -81.65982 580.36530 4246.87500
v -133.20710 523.74294 4246.87500
v -191.71899 545.74048 4246.87500
v -255.72432 558.18323 4246.87500
v -333.64387 579.32834 4246.87500
v -400.07925 560.52303 4246.87500
v -393.29069 450.97139 4246.87500
v -394.66059 376.50733 4246.87500
v -468.24052 366.05024 4246.87500
v -533.46331 336.33762 4246.87500
v -588.67528 291.49845 4246.87500
v -613.73422 230.35741 4246.87500
v -538.37746 154.66841 4246.87500
v -494.68580 99.21285 4246.87500
v -559.07124 41.24461 4246.87500
v -594.92219 -27.29496 4246.87500
v -586.02196 -92.06648 4246.87500
v -552.95445 -148.14165 4246.87500
v -453.73811 -157.61425 4246.87500
v -390.44343 -174.34555 4246.87500
v -408.44856 -269.65538 4246.87500
v -391.21090 -349.24931 4246.87500
v -329.76424 -373.51063 4246.87500
v -264.01171 -381.60957 4246.87500
v -188.51848 -334.32978 4246.87500
v -131.88835 -314.45631 4246.87500
v -81.65982 -405.48202 4246.87500
v -14.37634 -454.91644 4246.87500
v 44.20971 -411.45991 4246.87500
v 93.86195 -363.60003 4246.87500
v 124.50223 -293.59611 4246.87500
v 159.94586 -250.81341 4246.87500
v 260.44701 -286.94593 4246.87500
v 343.25673 -277.23036 4246.87500
v 343.09592 -193.97486 4246.87500
v 339.46114 -121.80848 4246.87500
v 333.10798 -58.08783 4246.87500
v 343.46617 -5.57129 4246.87500
v 440.28192 35.83765 4246.87500
v 442.16675 105.25940 4718.75000
v 389.15020 163.89751 4718.75000
v 348.21032 214.19975 4718.75000
v 294.54693 252.53165 4718.75000
v 291.36669 307.39896 4718.75000
v 342.21548 406.20402 4718.75000
v 309.44559 462.48439 4718.75000
v 218.48248 457.72870 4718.75000
v 156.79242 468.27342 4718.75000
v 102.95255 480.09828 4718.75000
v 65.17527 524.38490 4718.75000
v 34.55418 625.92379 4718.75000
v -28.96229 639.06533 4718.75000
v -93.77807 560.78202 4718.75000
v -145.47808 531.04732 4718.75000
v -197.71706 526.95647 4718.75000
v -257.98396 538.23476 4718.75000
v -344.32584 582.63830 4718.75000
v -396.60058 543.97356 4718.75000
v -386.38365 435.54283 4718.75000
v -407.69205 383.36292 4718.75000
v -462.18005 359.54893 4718.75000
v -517.50786 327.64995 4718.75000
v -597.06348 296.13038 4718.75000
v -603.54595 230.90590 4718.75000
v -519.56854 156.95972 4718.75000
v -506.83551 105.25940 4718.75000
v -552.93276 49.50793 4718.75000
v -573.21565 -12.91135 4718.75000
v -592.78559 -83.98919 4718.75000
v -548.93308 -133.62438 4718.75000
v -438.79806 -132.89071 4718.75000
v -400.89279 -166.82051 4718.75000
v -410.82241 -252.60969 4718.75000
v -382.30230 -312.74012 4718.75000
v -338.07079 -360.20149 4718.75000
v -271.34557 -362.94762 4718.75000
v -192.55693 -295.50218 4718.75000
v -143.35187 -303.01762 4718.75000
v -93.77807 -388.22023 4718.75000
v -31.08850 -411.03564 4718.75000
v 29.39404 -394.46950 4718.75000
v 78.53687 -349.09776 4718.75000
v 96.69750 -257.66146 4718.75000
v 142.49414 -237.03999 4718.75000
v 242.92124 -274.79555 4718.75000
v 302.64634 -245.94197 4718.75000
v 318.83349 -179.54579 4718.75000
v 322.79190 -113.37338 4718.75000
v 290.26904 -40.39045 4718.75000
v 317.88003 3.79479 4718.75000
v 422.51442 42.57014 4718.75000
v 394.92424 109.90029 5190.62500
v 372.17147 167.98966 5190.62500
v 321.10867 215.23166 5190.62500
v 253.02036 246.14882 5190.62500
v 275.49216 310.24747 5190.62500
v 316.66932 401.81178 5190.62500
v 269.80704 443.04667 5190.62500
v 201.63337 457.41465 5190.62500
v 138.27602 464.13926 5190.62500
v 75.45894 456.09391 5190.62500
v 50.11007 522.15492 5190.62500
v 19.12753 618.52616 5190.62500
v -45.85290 607.21217 5190.62500
v -106.23749 556.08711 5190.62500
v -157.13492 529.07835 5190.62500
v -202.33463 499.78172 5190.62500
v -266.38444 532.17309 5190.62500
v -352.50562 579.12501 5190.62500
v -388.54702 518.89625 5190.62500
v -390.52564 430.79527 5190.62500
v -417.68070 385.81489 5190.62500
v -448.04559 345.83339 5190.62500
v -515.87728 324.89584 5190.62500
v -603.42887 298.46011 5190.62500
v -582.61132 227.31589 5190.62500
v -516.09052 159.66546 5190.62500
v -518.50978 109.90029 5190.62500
v -534.60259 57.88735 5190.62500
v -565.78262 -3.36741 5190.62500
v -601.05528 -77.75934 5190.62500
v -533.31349 -114.24649 5190.62500
v -435.07214 -117.07788 5190.62500
v -413.90814 -162.67212 5190.62500
v -404.08543 -226.30053 5190.62500
v -380.61365 -287.60220 5190.62500
v -349.03502 -352.71175 5190.62500
v -273.79810 -331.92073 5190.62500
v -199.47154 -268.36513 5190.62500
v -155.95520 -299.56189 5190.62500
v -106.23749 -357.34690 5190.62500
v -47.03262 -377.69571 5190.62500
v 16.26444 -387.10957 5190.62500
v 57.52373 -321.90255 5190.62500
v 71.98833 -229.68064 5190.62500
v 130.34265 -232.84521 5190.62500
v 215.19316 -252.91991 5190.62500
v 266.03448 -219.90390 5190.62500
v 303.69587 -173.05628 5190.62500
v 292.92838 -99.59812 5190.62500
v 250.64678 -25.44806 5190.62500
v 304.27997 8.71682 5190.62500
v 390.68353 49.56315 5190.62500
v 360.84796 113.07354 5662.50000
v 356.17662 170.76508 5662.50000
v 280.72672 211.58646 5662.50000
v 222.72993 242.65788 5662.50000
v 262.03792 313.03452 5662.50000
v 279.33811 387.99604 5662.50000
v 238.28359 429.56010 5662.50000
v 187.72955 459.24984 5662.50000
v 111.25115 446.58602 5662.50000
v 52.22797 439.23714 5662.50000
v 37.09994 524.55894 5662.50000
v -0.06932 595.41530 5662.50000
v -61.99931 582.15312 5662.50000
v -118.95589 558.07845 5662.50000
v -167.27081 510.98272 5662.50000
v -208.79603 477.56934 5662.50000
v -278.47249 533.68428 5662.50000
v -354.22287 561.33733 5662.50000
v -383.59050 496.46297 5662.50000
v -402.23705 432.83187 5662.50000
v -417.35142 377.42892 5662.50000
v -436.76481 332.44120 5662.50000
v -525.37243 326.37740 5662.50000
v -597.53155 294.57335 5662.50000
v -563.29672 222.59372 5662.50000
v -526.05120 162.50386 5662.50000
v -517.79227 113.07354 5662.50000
v -516.05732 64.85670 5662.50000
v -572.38182 1.31409 5662.50000
v -598.81295 -68.91224 5662.50000
v -515.95936 -95.28995 5662.50000
v -443.76862 -111.12850 5662.50000
v -419.38806 -153.08614 5662.50000
v -394.91669 -198.42182 5662.50000
v -387.87338 -276.52071 5662.50000
v -356.09650 -338.76014 5662.50000
v -274.47018 -296.98394 5662.50000
v -210.34169 -257.69324 5662.50000
v -167.90769 -290.08082 5662.50000
v -118.95589 -320.56177 5662.50000
v -61.36243 -361.25123 5662.50000
v 1.47634 -375.53920 5662.50000
v 33.09762 -287.85861 5662.50000
v 54.10161 -216.65996 5662.50000
v 115.53404 -226.64376 5662.50000
v 180.40920 -224.83978 5662.50000
v 240.32023 -205.21732 5662.50000
v 286.34192 -166.68333 5662.50000
v 252.62486 -81.94707 5662.50000
v 224.01133 -16.99676 5662.50000
v 289.81181 12.32136 5662.50000
v 346.18275 56.59549 5662.50000
v 340.23744 114.73678 6134.37500
v 329.02404 170.69694 6134.37500
v 237.60290 205.79858 6134.37500
v 205.51947 242.68390 6134.37500
v 239.64195 309.71045 6134.37500
v 238.28797 370.22412 6134.37500
v 217.53485 424.26416 6134.37500
v 167.98273 453.17722 6134.37500
v 80.65261 422.59899 6134.37500
v 35.67830 433.93402 6134.37500
v 21.39887 518.81909 6134.37500
v -21.23084 563.53364 6134.37500
v -76.53924 570.25642 6134.37500
v -131.84933 553.03881 6134.37500
v -176.50166 482.48176 6134.37500
v -218.89949 467.91315 6134.37500
v -289.36573 530.07339 6134.37500
v -351.37416 533.00639 6134.37500
v -386.81089 484.11238 6134.37500
v -412.69112 431.74163 6134.37500
v -408.66112 359.97063 6134.37500
v -436.68086 325.14679 6134.37500
v -534.69454 326.16626 6134.37500
v -580.29088 284.80823 6134.37500
v -556.37869 219.37387 6134.37500
v -537.51716 163.99378 6134.37500
v -504.07871 114.73678 6134.37500
v -509.13610 68.92588 6134.37500
v -582.17896 3.74050 6134.37500
v -583.92985 -56.71474 6134.37500
v -507.96288 -82.66283 6134.37500
v -456.57060 -109.40212 6134.37500
v -414.44486 -135.62101 6134.37500
v -391.90244 -178.80249 6134.37500
v -398.97364 -272.25958 6134.37500
v -356.69498 -313.67081 6134.37500
v -277.99976 -270.63023 6134.37500
v -223.28893 -256.24822 6134.37500
v -178.31030 -267.90372 6134.37500
v -131.84933 -291.27734 6134.37500
v -74.73059 -355.67838 6134.37500
v -16.84141 -351.86871 6134.37500
v 10.03290 -259.37593 6134.37500
v 40.99912 -214.59843 6134.37500
v 92.81535 -210.74620 6134.37500
v 147.19406 -200.23809 6134.37500
v 223.31860 -199.91454 6134.37500
v 258.17771 -154.47945 6134.37500
v 212.91029 -66.20702 6134.37500
v 209.15844 -14.59040 6134.37500
v 263.40317 17.31579 6134.37500
v 300.64297 62.22271 6134.37500
v 322.73109 114.86780 6606.25000
v 288.52121 167.48650 6606.25000
v 203.76291 200.78892 6606.25000
v 192.69044 242.87347 6606.25000
v 205.01106 298.48000 6606.25000
v 204.03722 355.67536 6606.25000
v 201.46830 421.66377 6606.25000
v 138.96419 435.20834 6606.25000
v 53.89469 402.77422 6606.25000
v 22.66656 434.01110 6606.25000
v 0.71780 498.65311 6606.25000
v -41.18439 535.38577 6606.25000
v -90.06085 565.95514 6606.25000
v -144.83277 532.94512 6606.25000
v -186.27938 456.21134 6606.25000
v -231.57838 466.80861 6606.25000
v -295.71982 512.72425 6606.25000
v -349.62347 505.06389 6606.25000
v -396.64707 479.68381 6606.25000
v -415.01026 419.83515 6606.25000
v -400.39726 341.27818 6606.25000
v -446.86671 323.34678 6606.25000
v -533.87810 319.05454 6606.25000
v -562.01519 273.08422 6606.25000
v -562.29084 217.76198 6606.25000
v -538.59440 162.67912 6606.25000
v -487.54589 114.86780 6606.25000
v -515.84793 69.81840 6606.25000
v -582.96889 6.87694 6606.25000
v -564.93170 -44.45471 6606.25000
v -512.45358 -78.07448 6606.25000
v -462.80767 -104.61443 6606.25000
v -405.03273 -115.64926 6606.25000
v -398.34883 -171.29269 6606.25000
v -406.39510 -264.07066 6606.25000
v -353.88793 -283.45354 6606.25000
v -286.61038 -258.96903 6606.25000
v -235.09637 -251.34603 6606.25000
v -187.72894 -238.41401 6606.25000
v -144.83277 -277.33186 6606.25000
v -88.61128 -348.15781 6606.25000
v -37.66641 -319.92320 6606.25000
v -8.39164 -244.89789 6606.25000
v 26.93102 -212.40075 6606.25000
v 63.64272 -187.16108 6606.25000
v 122.30277 -186.66588 6606.25000
v 206.10377 -196.03484 6606.25000
v 219.97817 -136.94301 6606.25000
v 183.58653 -57.49994 6606.25000
v 195.60695 -14.24395 6606.25000
v 224.44096 23.85000 6606.25000
v 265.77475 65.01102 6606.25000
v 296.37686 113.46484 7078.12500
v 243.41352 162.18348 7078.12500
v 182.94257 197.45540 7078.12500
v 172.75866 238.83699 7078.12500
v 164.95223 282.86905 7078.12500
v 180.91755 347.27885 7078.12500
v 180.76883 413.42883 7078.12500
v 104.96147 410.08439 7078.12500
v 34.75685 392.46133 7078.12500
v 7.45349 428.36815 7078.12500
v -23.08602 468.73052 7078.12500
v -57.99483 518.47357 7078.12500
v -103.96761 556.98343 7078.12500
v -157.82052 501.37384 7078.12500
v -197.58677 440.96935 7078.12500
v -243.88262 462.63251 7078.12500
v -298.19640 483.60563 7078.12500
v -353.46017 486.22506 7078.12500
v -406.51788 473.76518 7078.12500
v -409.51244 397.56629 7078.12500
v -400.48901 328.45037 7078.12500
v -458.42091 320.95431 7078.12500
v -522.03458 304.61913 7078.12500
v -553.26466 263.43702 7078.12500
v -571.38050 215.39822 7078.12500
v -526.81527 158.26892 7078.12500
v -480.03375 113.46484 7078.12500
v -527.33618 68.59752 7078.12500
v -570.90696 11.64818 7078.12500
v -553.19787 -36.48201 7078.12500
v -522.52522 -77.94695 7078.12500
v -458.05585 -93.77264 7078.12500
v -400.38286 -101.42664 7078.12500
v -409.89400 -171.06730 7078.12500
v -406.29465 -246.51208 7078.12500
v -353.36252 -259.10930 7078.12500
v -298.40502 -257.22601 7078.12500
v -243.80205 -235.37596 7078.12500
v -197.55357 -213.76627 7078.12500
v -157.82052 -275.03677 7078.12500
v -104.00081 -329.78035 7078.12500
v -58.07540 -291.21702 7078.12500
v -22.87741 -242.35090 7078.12500
v 7.35583 -201.25239 7078.12500
v 34.53361 -165.20822 7078.12500
v 105.34303 -183.58539 7078.12500
v 180.66267 -186.40510 7078.12500
v 180.55250 -120.09718 7078.12500
v 165.44287 -56.19687 7078.12500
v 172.69187 -11.88197 7078.12500
v 182.46903 29.59100 7078.12500
v 243.93443 64.68296 7078.12500
v 257.35379 110.54665 7550.00000
v 205.52959 156.23246 7550.00000
v 168.24517 194.09576 7550.00000
v 140.91022 228.73502 7550.00000
v 130.15039 268.45923 7550.00000
v 164.09131 341.65497 7550.00000
v 150.64550 395.25775 7550.00000
v 73.97147 386.75401 7550.00000
v 20.66911 387.83164 7550.00000
v -13.44363 410.22488 7550.00000
v -45.77098 440.02832 7550.00000
v -72.36932 509.59903 7550.00000
v -119.22817 534.67684 7550.00000
v -170.72690 469.67965 7550.00000
v -210.11047 434.89950 7550.00000
v -253.41167 446.01194 7550.00000
v -300.53466 452.82159 7550.00000
v -362.58801 476.10745 7550.00000
v -410.38864 457.75663 7550.00000
v -402.79684 372.49945 7550.00000
v -409.60304 322.17244 7550.00000
v -462.11713 311.67880 7550.00000
v -507.24558 287.16528 7550.00000
v -556.22677 256.74746 7550.00000
v -572.30759 209.52740 7550.00000
v -510.27201 151.77489 7550.00000
v -485.29526 110.54665 7550.00000
v -531.70471 66.71601 7550.00000
v -552.82384 16.36821 7550.00000
v -553.47871 -34.61196 7550.00000
v -527.43269 -76.66699 7550.00000
v -447.09688 -80.21777 7550.00000
v -405.23529 -97.20966 7550.00000
v -418.49594 -169.12679 7550.00000
v -401.20363 -223.35655 7550.00000
v -358.56985 -247.35820 7550.00000
v -309.11797 -254.36060 7550.00000
v -250.09687 -211.46999 7550.00000
v -208.74462 -202.55746 7550.00000
v -170.72690 -272.96940 7550.00000
v -120.59402 -302.33480 7550.00000
v -75.68412 -275.05708 7550.00000
v -37.18768 -241.56734 7550.00000
v -17.46179 -181.47562 7550.00000
v 11.48410 -153.43156 7550.00000
v 89.67058 -183.38134 7550.00000
v 146.27776 -170.29497 7550.00000
v 149.07105 -110.19394 7550.00000
v 150.33749 -57.96094 7550.00000
v 138.16216 -6.59952 7550.00000
v 148.76143 31.79985 7550.00000
v 226.96229 62.25844 7550.00000
v 212.41843 106.15219 8021.87500
v 180.07153 150.29372 8021.87500
v 148.56579 187.99086 8021.87500
v 102.37262 214.55676 8021.87500
v 106.32022 258.24412 8021.87500
v 144.20597 332.32833 8021.87500
v 114.35493 369.99918 8021.87500
v 51.02908 370.84326 8021.87500
v 5.33369 379.67686 8021.87500
v -38.58146 382.20805 8021.87500
v -64.25050 420.49961 8021.87500
v -86.81912 498.26703 8021.87500
v -135.56990 500.61823 8021.87500
v -183.46675 447.24057 8021.87500
v -222.52430 427.82005 8021.87500
v -260.12209 417.15513 8021.87500
v -306.22294 429.83365 8021.87500
v -372.45966 466.24808 8021.87500
v -407.48219 430.69457 8021.87500
v -401.85371 352.66011 8021.87500
v -421.09864 316.67566 8021.87500
v -455.74260 294.09063 8021.87500
v -499.25792 271.89217 8021.87500
v -563.52570 250.28953 8021.87500
v -561.17894 199.24988 8021.87500
v -500.17588 144.60764 8021.87500
v -496.53262 106.15219 8021.87500
v -523.71048 64.83912 8021.87500
v -539.78443 18.32777 8021.87500
v -560.50813 -36.84075 8021.87500
v -521.42477 -71.22186 8021.87500
v -439.24931 -70.40177 8021.87500
v -416.30255 -100.12233 8021.87500
v -419.09243 -159.81422 8021.87500
v -397.39641 -203.77842 8021.87500
v -368.04744 -245.53694 8021.87500
v -315.64801 -242.38115 8021.87500
v -256.48222 -190.08319 8021.87500
v -221.02451 -203.16377 8021.87500
v -183.46675 -261.71048 8021.87500
v -137.06970 -275.96196 8021.87500
v -90.45900 -271.19510 8021.87500
v -54.82543 -233.04710 8021.87500
v -42.99368 -161.49690 8021.87500
v -4.75209 -152.76071 8021.87500
v 68.26779 -177.99738 8021.87500
v 109.55885 -153.44584 8021.87500
v 127.71268 -108.63947 8021.87500
v 128.48707 -57.57381 8021.87500
v 99.35505 -1.10798 8021.87500
v 127.17128 29.58679 8021.87500
v 203.60612 59.15303 8021.87500
v 172.64674 100.34014 8493.75000
v 162.03703 143.80836 8493.75000
v 117.90291 177.69942 8493.75000
v 67.43496 200.23116 8493.75000
v 90.08349 250.46526 8493.75000
v 115.32501 315.20192 8493.75000
v 79.96850 344.78794 8493.75000
v 34.46632 360.43320 8493.75000
v -15.85337 361.26388 8493.75000
v -63.09947 353.47715 8493.75000
v -78.91360 408.95564 8493.75000
v -103.43182 475.72558 8493.75000
v -151.73604 464.52449 8493.75000
v -195.95602 434.10763 8493.75000
v -233.56794 410.10218 8493.75000
v -266.09418 384.90181 8493.75000
v -315.64482 415.93357 8493.75000
v -378.20138 447.57965 8493.75000
v -402.38463 399.40360 8493.75000
v -408.34071 340.07290 8493.75000
v -426.88398 304.92446 8493.75000
v -445.20728 272.38586 8493.75000
v -501.43570 260.66824 8493.75000
v -564.84788 240.24237 8493.75000
v -543.96405 186.11641 8493.75000
v -501.51287 137.44146 8493.75000
v -502.64488 100.34014 8493.75000
v -508.33096 62.41095 8493.75000
v -537.76596 16.09156 8493.75000
v -563.97368 -39.23055 8493.75000
v -507.85754 -63.35841 8493.75000
v -440.42910 -68.40744 8493.75000
v -425.49453 -103.01324 8493.75000
v -413.33485 -145.02984 8493.75000
v -399.46273 -194.49022 8493.75000
v -376.92313 -244.46388 8493.75000
v -318.37531 -222.45300 8493.75000
v -265.03968 -179.94329 8493.75000
v -233.13345 -205.84349 8493.75000
v -195.95602 -241.18399 8493.75000
v -152.17053 -260.26581 8493.75000
v -104.48631 -270.76706 8493.75000
v -76.18311 -215.47507 8493.75000
v -64.37771 -150.36139 8493.75000
v -18.77527 -156.35050 8493.75000
v 39.46046 -165.39014 8493.75000
v 78.57905 -142.87672 8493.75000
v 110.54682 -111.22350 8493.75000
v 96.50534 -53.15542 8493.75000
v 66.56075 0.78066 8493.75000
v 111.70482 24.50855 8493.75000
v 168.85511 56.04405 8493.75000
v 144.22623 93.18812 8965.62500
v 141.17065 135.59875 8965.62500
v 79.78658 164.14883 8965.62500
v 42.81104 188.35080 8965.62500
v 72.52361 240.47722 8965.62500
v 79.45022 291.67821 8965.62500
v 53.53575 324.98808 8965.62500
v 17.88969 348.29164 8965.62500
v -42.19497 333.56089 8965.62500
v -82.85397 331.84795 8965.62500
v -92.94919 396.84831 8965.62500
v -122.16973 441.87086 8965.62500
v -166.51412 435.78002 8965.62500
v -208.11231 421.80775 8965.62500
v -242.98421 380.38411 8965.62500
v -273.60941 358.92031 8965.62500
v -325.96915 403.95108 8965.62500
v -378.47809 417.79301 8965.62500
v -400.82655 372.38291 8965.62500
v -417.64027 329.69631 8965.62500
v -423.95883 284.41146 8965.62500
v -439.02222 252.57373 8965.62500
v -508.53616 250.86273 8965.62500
v -555.39100 224.89356 8965.62500
v -530.77120 172.71640 8965.62500
v -509.50459 129.78377 8965.62500
v -497.42934 93.18812 8965.62500
v -495.80652 58.25572 8965.62500
v -543.22364 10.59060 8965.62500
v -557.14734 -39.18340 8965.62500
v -495.63418 -57.71500 8965.62500
v -448.62196 -72.82370 8965.62500
v -426.75034 -100.50827 8965.62500
v -407.60666 -131.99445 8965.62500
v -406.69687 -194.51129 8965.62500
v -381.04618 -236.30984 8965.62500
v -320.48339 -203.11007 8965.62500
v -275.72796 -181.13936 8965.62500
v -243.85715 -201.19716 8965.62500
v -208.11231 -219.84782 8965.62500
v -165.64118 -256.59307 8965.62500
v -120.05118 -264.08992 8965.62500
v -98.43495 -196.00730 8965.62500
v -80.28588 -150.36478 8965.62500
v -36.32464 -155.68927 8965.62500
v 7.85608 -150.58978 8965.62500
v 56.32726 -141.08489 8965.62500
v 89.04996 -111.92818 8965.62500
v 59.62163 -47.32949 8965.62500
v 44.56738 -2.64064 8965.62500
v 92.23903 19.15817 8965.62500
v 127.47259 52.44074 8965.62500
v 123.99303 84.79165 9437.50000
v 110.72084 124.93087 9437.50000
v 43.64379 149.73837 9437.50000
v 26.63791 178.27423 9437.50000
v 46.89632 224.79375 9437.50000
v 44.25684 267.09516 9437.50000
v 34.47486 310.10859 9437.50000
v -4.20487 328.21077 9437.50000
v -68.67003 303.82147 9437.50000
v -97.61396 317.70325 9437.50000
v -109.47264 375.84705 9437.50000
v -141.02899 404.60294 9437.50000
v -179.63997 415.99551 9437.50000
v -219.85539 400.96524 9437.50000
v -251.56838 345.97160 9437.50000
v -283.23564 341.93543 9437.50000
v -333.64318 384.82539 9437.50000
v -376.17462 382.63305 9437.50000
v -404.91374 352.89495 9437.50000
v -423.06011 314.16237 9437.50000
v -416.28962 258.81720 9437.50000
v -441.16769 237.55250 9437.50000
v -511.62030 237.92169 9437.50000
v -539.14326 205.88157 9437.50000
v -527.29341 160.56832 9437.50000
v -514.25116 120.53777 9437.50000
v -484.04067 84.79165 9437.50000
v -492.87962 51.64051 9437.50000
v -546.72156 4.22638 9437.50000
v -541.88348 -37.33749 9437.50000
v -491.49079 -57.77360 9437.50000
v -456.14509 -78.30735 9437.50000
v -420.64491 -93.09233 9437.50000
v -407.40580 -126.90899 9437.50000
v -414.07254 -196.58046 9437.50000
v -380.18131 -220.68386 9437.50000
v -325.08437 -192.67434 9437.50000
v -286.54098 -185.76241 9437.50000
v -252.93033 -187.60494 9437.50000
v -219.85539 -207.06846 9437.50000
v -178.27802 -257.62886 9437.50000
v -137.72365 -248.42992 9437.50000
v -118.03146 -183.69600 9437.50000
v -93.60727 -155.75406 9437.50000
v -59.51122 -147.50698 9437.50000
v -19.85919 -140.95740 9437.50000
v 38.83014 -144.38373 9437.50000
v 59.23424 -107.85001 9437.50000
v 26.76681 -44.64566 9437.50000
v 29.37813 -9.73015 9437.50000
v 63.07194 15.05633 9437.50000
v 89.34929 47.24741 9437.50000
v 102.91113 75.26285 9909.37500
v 72.57914 112.13712 9909.37500
v 16.74332 136.35267 9909.37500
v 10.84047 167.02173 9909.37500
v 13.89001 203.84763 9909.37500
v 16.46378 246.14918 9909.37500
v 16.72614 294.82457 9909.37500
v -32.04365 299.95984 9909.37500
v -90.30629 279.24908 9909.37500
v -110.81447 304.46267 9909.37500
v -128.97356 344.56873 9909.37500
v -157.76956 372.80785 9909.37500
v -191.85677 398.52424 9909.37500
v -231.10781 368.97510 9909.37500
v -260.36707 316.23451 9909.37500
v -293.46951 328.27420 9909.37500
v -337.24354 355.11977 9909.37500
v -375.61798 350.60397 9909.37500
v -411.71571 336.91856 9909.37500
v -421.32757 289.97657 9909.37500
v -410.90432 234.54866 9909.37500
v -448.26432 225.15517 9909.37500
v -505.50029 219.27514 9909.37500
v -524.78637 186.64044 9909.37500
v -530.59437 149.07966 9909.37500
v -509.08370 109.01524 9909.37500
v -471.50932 75.26285 9909.37500
v -497.65313 42.89839 9909.37500
v -540.98551 -1.11514 9909.37500
v -526.25197 -36.67056 9909.37500
v -494.73403 -63.09886 9909.37500
v -456.27498 -80.15882 9909.37500
v -413.23374 -86.08664 9909.37500
v -412.95486 -130.00003 9909.37500
v -416.61429 -193.48968 9909.37500
v -377.76096 -204.16137 9909.37500
v -332.66586 -192.52371 9909.37500
v -295.23737 -184.92098 9909.37500
v -261.09550 -171.70803 9909.37500
v -231.10781 -205.44534 9909.37500
v -191.12833 -253.99776 9909.37500
v -156.00170 -229.45463 9909.37500
v -133.55124 -181.97268 9909.37500
v -108.67149 -158.02007 9909.37500
v -85.40770 -135.82019 9909.37500
v -40.41635 -139.98331 9909.37500
v 19.05556 -146.36255 9909.37500
v 24.47444 -101.15283 9909.37500
v 3.12375 -47.67135 9909.37500
v 12.30608 -17.05186 9909.37500
v 27.13446 11.61185 9909.37500
v 61.14857 39.77650 9909.37500
v 73.95299 64.72897 10381.25000
v 34.96599 98.33388 10381.25000
v -1.35561 123.99203 10381.25000
v -11.72322 151.98380 10381.25000
v -19.60382 181.34406 10381.25000
v -3.39631 229.28392 10381.25000
v -5.79046 273.81102 10381.25000
v -60.85776 268.96525 10381.25000
v -106.09964 261.31809 10381.25000
v -126.38049 284.63354 10381.25000
v -149.12347 309.08453 10381.25000
v -171.67289 349.22682 10381.25000
v -204.15880 374.69349 10381.25000
v -241.79531 331.50620 10381.25000
v -269.75310 294.98207 10381.25000
v -302.08446 309.33167 10381.25000
v -338.34325 319.30498 10381.25000
v -378.90460 325.96890 10381.25000
v -416.05014 317.18068 10381.25000
v -414.80966 260.02180 10381.25000
v -411.89447 215.42368 10381.25000
v -452.94717 210.47658 10381.25000
v -492.46046 196.28819 10381.25000
v -518.20960 169.55908 10381.25000
v -532.25259 136.32026 10381.25000
v -495.52354 95.53716 10381.25000
v -466.85940 64.72897 10381.25000
v -501.90327 33.14615 10381.25000
v -526.45299 -5.43284 10381.25000
v -517.39160 -39.79091 10381.25000
v -498.46942 -69.98400 10381.25000
v -448.47619 -77.93254 10381.25000
v -410.59435 -84.81393 10381.25000
v -419.48271 -135.83865 10381.25000
v -413.31610 -183.76179 10381.25000
v -377.70854 -194.23206 10381.25000
v -340.89819 -196.58385 10381.25000
v -301.09776 -175.87055 10381.25000
v -269.34653 -162.17578 10381.25000
v -241.79531 -209.30620 10381.25000
v -204.56536 -241.88720 10381.25000
v -172.65958 -215.76570 10381.25000
v -146.56853 -186.36340 10381.25000
v -127.57655 -152.89669 10381.25000
v -108.83368 -127.89920 10381.25000
v -56.18470 -144.78209 10381.25000
v -7.09058 -143.20128 10381.25000
v -7.86729 -96.73988 10381.25000
v -13.59486 -55.03986 10381.25000
v -12.54122 -22.21564 10381.25000
v -7.15521 6.89538 10381.25000
v 41.34573 30.34943 10381.25000
v 37.57599 53.33068 10853.12500
v 5.24424 84.54726 10853.12500
v -17.59033 111.06986 10853.12500
v -41.58146 133.07403 10853.12500
v -46.59925 161.05321 10853.12500
v -20.70231 212.87860 10853.12500
v -34.24609 246.10860 10853.12500
v -85.16555 241.47557 10853.12500
v -119.34738 245.29008 10853.12500
v -145.47424 256.00775 10853.12500
v -166.87627 277.38108 10853.12500
v -183.90084 329.00060 10853.12500
v -216.91047 341.06203 10853.12500
v -251.84738 297.19920 10853.12500
v -279.13824 278.09116 10853.12500
v -307.93050 280.86886 10853.12500
v -339.88055 285.45508 10853.12500
v -384.39393 305.87705 10853.12500
v -414.80855 289.42071 10853.12500
v -408.97021 230.68570 10853.12500
v -417.38412 199.98345 10853.12500
v -450.11997 190.18838 10853.12500
v -479.58928 172.85886 10853.12500
v -518.02312 154.27783 10853.12500
v -525.61759 120.80898 10853.12500
v -481.15061 81.17314 10853.12500
v -469.63153 53.33068 10853.12500
v -498.26516 23.41015 10853.12500
v -510.05932 -10.31284 10853.12500
v -515.82873 -46.78424 10853.12500
v -495.70920 -74.65788 10853.12500
v -438.12592 -75.24811 10853.12500
v -413.89637 -90.23220 10853.12500
v -421.50635 -138.17471 10853.12500
v -407.47409 -172.13353 10853.12500
v -381.18533 -193.10220 10853.12500
v -346.73454 -196.86619 10853.12500
v -305.28355 -163.46839 10853.12500
v -278.04758 -162.44738 10853.12500
v -251.84738 -210.00832 10853.12500
v -218.00113 -225.41825 10853.12500
v -186.54779 -211.60014 10853.12500
v -160.02228 -188.79219 10853.12500
v -148.68285 -143.23291 10853.12500
v -126.68184 -128.00290 10853.12500
v -72.62941 -148.96458 10853.12500
v -37.73384 -136.35735 10853.12500
v -32.69637 -97.93833 10853.12500
v -30.47933 -62.85223 10853.12500
v -43.77585 -25.58044 10853.12500
v -33.14860 -0.57372 10853.12500
v 22.35880 20.03603 10853.12500
v 0.58999 41.22021 11325.00000
v -15.82817 71.01346 11325.00000
v -39.07268 95.96910 11325.00000
v -72.89609 112.63358 11325.00000
v -65.56548 143.89591 11325.00000
v -41.73469 192.70457 11325.00000
v -64.44864 215.52466 11325.00000
v -103.18531 219.57932 11325.00000
v -134.48123 224.80069 11325.00000
v -165.81222 222.96203 11325.00000
v -180.93086 252.86645 11325.00000
v -196.30385 304.50487 11325.00000
v -229.56810 301.71328 11325.00000
v -261.19769 270.53294 11325.00000
v -287.49390 257.78895 11325.00000
v -311.68119 246.03984 11325.00000
v -343.60042 258.49835 11325.00000
v -388.37569 283.53764 11325.00000
v -409.16186 255.58331 11325.00000
v -407.59888 206.47299 11325.00000
v -421.62995 183.35079 11325.00000
v -440.73091 165.14304 11325.00000
v -472.52007 152.13075 11325.00000
v -517.41225 138.38957 11325.00000
v -510.88448 102.76247 11325.00000
v -472.81300 66.91496 11325.00000
v -473.01457 41.22021 11325.00000
v -485.97962 13.92674 11325.00000
v -498.91515 -17.37189 11325.00000
v -515.72405 -55.30891 11325.00000
v -484.92150 -76.19911 11325.00000
v -431.50361 -76.33348 11325.00000
v -418.94674 -98.53326 11325.00000
v -417.24322 -134.91879 11325.00000
v -403.51928 -164.96822 11325.00000
v -385.90724 -196.39399 11325.00000
v -348.87335 -189.96151 11325.00000
v -309.64484 -155.33760 11325.00000
v -286.65482 -168.43817 11325.00000
v -261.19769 -203.07162 11325.00000
v -230.40717 -212.36250 11325.00000
v -198.34020 -213.80263 11325.00000
v -175.65793 -184.32961 11325.00000
v -168.28067 -135.81837 11325.00000
v -140.12380 -134.18560 11325.00000
v -93.54097 -148.02511 11325.00000
v -67.13184 -130.70713 11325.00000
v -50.96200 -103.89501 11325.00000
v -53.16406 -67.96426 11325.00000
v -74.58429 -29.55292 11325.00000
v -51.04201 -10.57852 11325.00000
v -2.66155 9.82824 11325.00000
v -29.97859 28.55926 11796.87500
v -33.88927 57.20214 11796.87500
v -67.32299 78.46156 11796.87500
v -98.82195 93.39682 11796.87500
v -80.96970 127.65694 11796.87500
v -68.49100 167.50217 11796.87500
v -90.76810 187.15400 11796.87500
v -117.78193 200.13476 11796.87500
v -153.33589 197.26427 11796.87500
v -183.84028 192.31239 11796.87500
v -192.51898 232.29183 11796.87500
v -209.80761 271.89529 11796.87500
v -241.16825 264.23571 11796.87500
v -269.78455 248.84049 11796.87500
v -294.17337 229.41927 11796.87500
v -315.03108 212.13163 11796.87500
v -348.74313 236.75593 11796.87500
v -388.22753 254.23351 11796.87500
v -403.07513 221.66399 11796.87500
v -409.91808 186.73732 11796.87500
v -420.01465 161.65151 11796.87500
v -430.26141 139.32844 11796.87500
v -471.03617 134.18426 11796.87500
v -510.16861 119.72491 11796.87500
v -494.09285 83.84629 11796.87500
v -471.17588 53.01260 11796.87500
v -469.98136 28.55926 11796.87500
v -470.68392 4.16566 11796.87500
v -494.54008 -26.83800 11796.87500
v -510.23169 -62.63031 11796.87500
v -470.57280 -76.82254 11796.87500
v -430.60618 -82.44789 11796.87500
v -420.11490 -104.62180 11796.87500
v -409.55773 -129.21204 11796.87500
v -403.28595 -164.85091 11796.87500
v -388.31976 -197.29071 11796.87500
v -348.54612 -179.11791 11796.87500
v -315.10716 -155.32180 11796.87500
v -294.20472 -172.55894 11796.87500
v -269.78455 -191.16228 11796.87500
v -241.13690 -207.37539 11796.87500
v -209.73152 -215.08546 11796.87500
v -192.71600 -174.65381 11796.87500
v -183.74805 -135.36959 11796.87500
v -153.12506 -140.45118 11796.87500
v -118.14228 -142.60948 11796.87500
v -90.66784 -130.12429 11796.87500
v -68.14623 -110.62162 11796.87500
v -81.43307 -70.29522 11796.87500
v -98.75887 -36.30222 11796.87500
v -66.87577 -21.45326 11796.87500
v -34.38123 -0.02388 11796.87500
v -52.49183 15.51693 12268.75000
v -55.62708 42.46341 12268.75000
v -97.68927 59.84894 12268.75000
v -117.06337 76.38198 12268.75000
v -98.91727 109.27131 12268.75000
v -97.56265 139.75414 12268.75000
v -110.77287 163.26974 12268.75000
v -133.55565 178.05443 12268.75000
v -173.94965 165.60986 12268.75000
v -197.68700 167.68566 12268.75000
v -204.06047 209.29635 12268.75000
v -223.73678 233.85110 12268.75000
v -251.10218 233.34512 12268.75000
v -277.55132 225.44789 12268.75000
v -299.33450 194.91761 12268.75000
v -319.16519 184.35104 12268.75000
v -352.91076 214.22346 12268.75000
v -384.33313 218.97267 12268.75000
v -399.74169 192.54025 12268.75000
v -411.71624 166.95782 12268.75000
v -412.55776 135.12220 12268.75000
v -423.73300 116.41886 12268.75000
v -469.91203 116.47562 12268.75000
v -495.53852 98.18857 12268.75000
v -481.52598 65.79217 12268.75000
v -470.89718 38.99337 12268.75000
v -458.89350 15.51693 12268.75000
v -459.06563 -6.52290 12268.75000
v -492.28165 -37.40934 12268.75000
v -497.05554 -67.73004 12268.75000
v -458.76808 -79.59297 12268.75000
v -432.02467 -91.10833 12268.75000
v -414.96889 -106.22442 12268.75000
v -403.04982 -126.14159 12268.75000
v -404.81212 -168.85217 12268.75000
v -386.55128 -192.16515 12268.75000
v -348.17250 -170.69582 12268.75000
v -320.99506 -160.74128 12268.75000
v -300.08849 -170.09343 12268.75000
v -277.55132 -180.95379 12268.75000
v -250.34819 -208.52094 12268.75000
v -221.90690 -210.24134 12268.75000
v -208.79874 -165.76871 12268.75000
v -195.46885 -140.87814 12268.75000
v -168.87922 -141.92177 12268.75000
v -142.22208 -137.23820 12268.75000
v -108.36173 -134.37196 12268.75000
v -89.27098 -114.44360 12268.75000
v -110.06121 -72.38866 12268.75000
v -115.54635 -45.92345 12268.75000
v -86.93360 -31.46612 12268.75000
v -67.45863 -9.99294 12268.75000
v -71.26795 2.26738 12740.62500
v -83.24100 26.69818 12740.62500
v -123.83216 41.85532 12740.62500
v -131.07782 60.43254 12740.62500
v -122.00345 87.52419 12740.62500
v -123.52418 113.34420 12740.62500
v -126.71787 142.00296 12740.62500
v -152.88689 150.76775 12740.62500
v -192.58517 135.35183 12740.62500
v -208.39995 147.16242 12740.62500
v -217.02590 180.04150 12740.62500
v -236.51976 196.71474 12740.62500
v -259.51314 207.61399 12740.62500
v -284.44673 195.67568 12740.62500
v -303.66424 160.53778 12740.62500
v -323.83151 162.05772 12740.62500
v -354.15672 186.07752 12740.62500
v -379.33955 183.07055 12740.62500
v -399.08067 168.34331 12740.62500
v -409.12367 142.99855 12740.62500
v -403.25282 107.52039 12740.62500
v -421.69963 97.00622 12740.62500
v -463.70607 96.34994 12740.62500
v -478.07322 75.70023 12740.62500
v -474.60084 49.13616 12740.62500
v -465.64357 24.26866 12740.62500
v -444.06897 2.26738 12740.62500
v -453.32388 -18.23802 12740.62500
v -485.80025 -47.36180 12740.62500
v -479.65283 -71.76453 12740.62500
v -452.10236 -85.72508 12740.62500
v -430.33340 -98.43091 12740.62500
v -405.76344 -105.20984 12740.62500
v -400.09969 -128.27782 12740.62500
v -404.36029 -171.45740 12740.62500
v -381.64922 -182.93649 12740.62500
v -349.22297 -168.53351 12740.62500
v -325.73688 -165.25336 12740.62500
v -304.44934 -162.46889 12740.62500
v -284.44673 -177.12534 12740.62500
v -258.72804 -209.54509 12740.62500
v -234.61439 -199.91037 12740.62500
v -221.95966 -162.49749 12740.62500
v -206.09028 -147.02836 12740.62500
v -187.30555 -138.46591 12740.62500
v -161.91087 -136.04701 12740.62500
v -124.20725 -139.69241 12740.62500
v -114.89041 -114.76889 12740.62500
v -133.60716 -76.89933 12740.62500
v -129.49822 -56.49684 12740.62500
v -112.63274 -40.08096 12740.62500
v -95.56069 -20.66753 12740.62500
v -92.25441 -11.01244 13212.50000
v -113.25955 10.49937 13212.50000
v -143.00208 25.32412 13212.50000
v -146.46723 43.58365 13212.50000
v -147.67820 63.90701 13212.50000
v -143.52314 90.38680 13212.50000
v -143.04780 119.55263 13212.50000
v -174.29471 120.07190 13212.50000
v -206.93227 109.94809 13212.50000
v -218.66169 125.72170 13212.50000
v -230.84879 146.07792 13212.50000
v -247.03308 165.03673 13212.50000
v -267.03739 181.60432 13212.50000
v -290.42530 160.45313 13212.50000
v -307.71454 131.37723 13212.50000
v -327.70195 140.22484 13212.50000
v -352.44420 152.51795 13212.50000
v -375.68131 151.42930 13212.50000
v -398.21491 145.14776 13212.50000
v -401.62824 114.50972 13212.50000
v -396.27486 82.76208 13212.50000
v -420.38172 78.69000 13212.50000
v -451.11399 73.32349 13212.50000
v -463.20487 54.51420 13212.50000
v -469.36519 33.09228 13212.50000
v -453.26615 8.76001 13212.50000
v -431.45502 -11.01244 13212.50000
v -449.98702 -30.38674 13212.50000
v -472.34614 -55.85190 13212.50000
v -463.62531 -76.69854 13212.50000
v -448.02543 -93.72737 13212.50000
v -422.67977 -102.30111 13212.50000
v -396.94311 -105.37899 13212.50000
v -399.22633 -133.82341 13212.50000
v -399.62018 -169.20854 13212.50000
v -376.29607 -174.62553 13212.50000
v -351.13098 -171.08016 13212.50000
v -328.20910 -164.30733 13212.50000
v -307.92351 -155.12314 13212.50000
v -290.42530 -178.74749 13212.50000
v -266.82842 -205.35023 13212.50000
v -246.52592 -189.11922 13212.50000
v -232.16200 -164.64014 13212.50000
v -218.04692 -148.91793 13212.50000
v -205.52699 -134.00888 13212.50000
v -176.69662 -139.38559 13212.50000
v -142.37955 -142.16953 13212.50000
v -141.22509 -113.99792 13212.50000
v -150.76676 -84.31090 13212.50000
v -146.04678 -65.76799 13212.50000
v -140.02113 -48.08374 13212.50000
v -116.53869 -32.12610 13212.50000
v -117.97453 -24.14521 13684.37500
v -140.13202 -5.28649 13684.37500
v -157.68152 9.81108 13684.37500
v -166.12596 24.90001 13684.37500
v -171.02000 41.15942 13684.37500
v -159.15539 69.93050 13684.37500
v -162.46797 93.66445 13684.37500
v -194.16206 90.18252 13684.37500
v -217.71707 88.46689 13684.37500
v -230.35795 99.87273 13684.37500
v -243.64647 112.44310 13684.37500
v -255.40209 138.32577 13684.37500
v -274.18490 150.96872 13684.37500
v -295.44759 124.88249 13684.37500
v -311.44360 107.59383 13684.37500
v -329.56276 114.26549 13684.37500
v -349.35788 118.00455 13684.37500
v -373.62089 124.80158 13684.37500
v -394.16004 118.86446 13684.37500
v -391.95473 84.78884 13684.37500
v -392.56468 61.89303 13684.37500
v -415.30737 58.58803 13684.37500
v -435.36909 49.29126 13684.37500
v -452.71762 35.49945 13684.37500
v -460.43067 16.51947 13684.37500
v -436.87219 -6.97315 13684.37500
v -423.57491 -24.14521 13684.37500
v -443.50423 -42.12254 13684.37500
v -454.40171 -63.32388 13684.37500
v -451.86727 -83.46737 13684.37500
v -441.61570 -100.86015 13684.37500
v -410.65957 -103.67030 13684.37500
v -391.21314 -108.98609 13684.37500
v -396.81259 -138.56265 13684.37500
v -391.31787 -163.03729 13684.37500
v -372.37753 -170.72297 13684.37500
v -352.01386 -173.29821 13684.37500
v -328.53704 -158.39441 13684.37500
v -311.02096 -152.40348 13684.37500
v -295.44759 -180.71789 13684.37500
v -274.60755 -195.77838 13684.37500
v -256.42780 -182.45469 13684.37500
v -240.99049 -167.73676 13684.37500
v -231.60131 -145.79412 13684.37500
v -220.55924 -132.63971 13684.37500
v -189.30419 -143.95633 13684.37500
v -163.81951 -140.75751 13684.37500
v -163.80319 -115.01277 13684.37500
v -164.77339 -92.72832 13684.37500
v -166.97631 -72.86794 13684.37500
v -163.71049 -56.61549 13684.37500
v -133.49998 -43.80921 13684.37500
v -146.00789 -36.95553 14156.25000
v -160.99804 -20.14072 14156.25000
v -172.72553 -5.71325 14156.25000
v -188.30870 5.20635 14156.25000
v -189.04503 21.00544 14156.25000
v -174.44392 49.35095 14156.25000
v -184.01086 65.34159 14156.25000
v -209.95702 64.09552 14156.25000
v -227.60516 67.17379 14156.25000
v -243.15480 70.36402 14156.25000
v -253.91455 83.19184 14156.25000
v -262.67146 112.38438 14156.25000
v -280.91810 115.91910 14156.25000
v -299.48044 93.60854 14156.25000
v -314.31312 85.20255 14156.25000
v -329.24340 83.79753 14156.25000
v -346.53998 87.13026 14156.25000
v -371.35125 99.98285 14156.25000
v -386.21438 88.70027 14156.25000
v -383.32650 57.68710 14156.25000
v -389.55347 42.84221 14156.25000
v -404.99305 35.87456 14156.25000
v -420.88810 26.76412 14156.25000
v -443.85866 17.79990 14156.25000
v -445.50948 -0.96261 14156.25000
v -421.45851 -22.14471 14156.25000
v -418.00811 -36.95553 14156.25000
v -431.01508 -52.92673 14156.25000
v -436.82193 -70.80717 14156.25000
v -442.63334 -91.24626 14156.25000
v -429.88927 -105.39936 14156.25000
v -398.29571 -105.16279 14156.25000
v -387.60595 -115.02792 14156.25000
v -390.32653 -139.49957 14156.25000
v -382.11890 -156.67801 14156.25000
v -369.55961 -170.48022 14156.25000
v -350.36716 -171.13279 14156.25000
v -327.76537 -151.71201 14156.25000
v -313.70411 -154.09794 14156.25000
v -299.48044 -178.39169 14156.25000
v -281.52711 -184.81449 14156.25000
v -264.14948 -180.29886 14156.25000
v -250.08737 -167.19437 14156.25000
v -244.94644 -140.86139 14156.25000
v -231.70064 -135.15153 14156.25000
v -202.95699 -145.90799 14156.25000
v -185.95838 -137.52731 14156.25000
v -181.14125 -118.63918 14156.25000
v -180.04386 -99.64069 14156.25000
v -189.53403 -78.65271 14156.25000
v -181.41308 -66.05652 14156.25000
v -151.44147 -54.93072 14156.25000
v -171.76608 -49.27234 14628.12500
v -177.51616 -34.09689 14628.12500
v -191.00484 -21.79193 14628.12500
v -208.80838 -13.74084 14628.12500
v -202.76403 3.07170 14628.12500
v -192.14557 26.89793 14628.12500
v -204.41999 37.61655 14628.12500
v -222.06975 41.51156 14628.12500
v -238.68936 43.16936 14628.12500
v -255.12204 40.99362 14628.12500
v -261.65346 58.42392 14628.12500
v -269.77791 83.47529 14628.12500
v -286.75022 80.41622 14628.12500
v -302.49727 67.27943 14628.12500
v -315.78288 60.14452 14628.12500
v -327.55085 52.37406 14628.12500
v -344.32681 61.02312 14628.12500
v -366.78494 73.21760 14628.12500
v -376.11128 57.37598 14628.12500
v -376.74806 34.53948 14628.12500
v -383.81383 22.76785 14628.12500
v -391.60780 12.23622 14628.12500
v -409.47174 6.87219 14628.12500
v -432.31333 -0.03960 14628.12500
v -426.70984 -18.65669 14628.12500
v -409.52239 -36.27714 14628.12500
v -410.16622 -49.27234 14628.12500
v -414.17809 -62.83285 14628.12500
v -422.47750 -78.84481 14628.12500
v -431.71638 -98.27869 14628.12500
v -413.85687 -107.71837 14628.12500
v -388.34504 -108.52878 14628.12500
v -382.86505 -120.47199 14628.12500
v -380.15828 -136.93351 14628.12500
v -374.11608 -153.03011 14628.12500
v -365.91210 -170.09922 14628.12500
v -346.19132 -164.48408 14628.12500
v -326.83080 -147.99737 14628.12500
v -315.48618 -156.24571 14628.12500
v -302.49727 -171.12070 14628.12500
v -287.04692 -176.51741 14628.12500
v -270.49797 -179.09860 14628.12500
v -259.78896 -161.88488 14628.12500
v -255.99488 -137.87524 14628.12500
v -240.68457 -138.82349 14628.12500
v -218.65953 -143.90559 14628.12500
v -205.36877 -135.32068 14628.12500
v -195.40833 -123.19049 14628.12500
v -198.37890 -103.91787 14628.12500
v -209.40533 -84.57746 14628.12500
v -195.23718 -75.70958 14628.12500
v -172.86046 -65.01310 14628.12500
v -192.60689 -60.93116 15100.00000
v -193.66052 -47.47546 15100.00000
v -211.41485 -37.99311 15100.00000
v -224.81405 -30.71855 15100.00000
v -215.60294 -14.28585 15100.00000
v -211.72034 3.09493 15100.00000
v -221.20225 12.84485 15100.00000
v -232.93594 19.82331 15100.00000
v -250.87161 16.73133 15100.00000
v -264.57831 15.09163 15100.00000
v -268.07042 35.06815 15100.00000
v -276.78741 51.41460 15100.00000
v -291.20405 48.39089 15100.00000
v -304.47815 42.89212 15100.00000
v -315.73052 31.74049 15100.00000
v -325.41231 24.00206 15100.00000
v -341.69554 37.20303 15100.00000
v -359.28458 43.49377 15100.00000
v -366.13906 28.40010 15100.00000
v -370.57622 13.67814 15100.00000
v -373.98743 0.64869 15100.00000
v -378.51405 -9.82786 15100.00000
v -399.30104 -11.16426 15100.00000
v -415.98465 -18.64232 15100.00000
v -407.98930 -35.41795 15100.00000
v -399.46942 -49.39713 15100.00000
v -397.40697 -60.93116 15100.00000
v -396.96738 -72.16138 15100.00000
v -410.26382 -87.00498 15100.00000
v -416.30546 -103.34166 15100.00000
v -396.94441 -109.46119 15100.00000
v -380.26751 -113.24477 15100.00000
v -374.49732 -122.96273 15100.00000
v -368.74351 -133.47175 15100.00000
v -367.21132 -151.81584 15100.00000
v -359.75365 -166.24983 15100.00000
v -340.69353 -156.42326 15100.00000
v -325.79927 -147.43436 15100.00000
v -315.88997 -154.91597 15100.00000
v -304.47815 -161.90797 15100.00000
v -291.04460 -171.56637 15100.00000
v -276.40044 -174.84691 15100.00000
v -269.07243 -154.28838 15100.00000
v -264.10923 -137.84770 15100.00000
v -249.79936 -140.14706 15100.00000
v -234.76864 -139.61693 15100.00000
v -220.69237 -135.15888 15100.00000
v -209.96689 -126.16757 15100.00000
v -217.95957 -106.33961 15100.00000
v -224.49325 -91.26543 15100.00000
v -209.14033 -84.42982 15100.00000
v -196.16256 -74.08305 15100.00000
v 318.98978 -213.77914 1100.00000
v 245.46371 -181.05832 998.13190
v 191.40114 -85.67875 928.60620
v 173.96656 42.07722 913.49682
v 198.69532 161.64797 957.60089
v 257.73622 235.07065 1046.91566
v 332.34419 239.03405 1153.08434
v 398.83172 172.27984 1242.39911
v 436.08950 56.00201 1286.50318
v 432.28844 -72.88207 1271.39380
v 388.63535 -173.45259 1201.86810
v 1984.65456 40.33939 -80.00000
v 1963.91153 49.57052 -108.73883
v 1948.65950 76.47882 -128.35329
v 1943.74089 112.52108 -132.61591
v 1950.71732 146.25415 -120.17336
v 1967.37383 166.96802 -94.97605
v 1988.42208 168.08616 -65.02395
v 2007.17942 149.25360 -39.82664
v 2017.69051 116.44952 -27.38409
v 2016.61816 80.08899 -31.64671
v 2004.30284 51.71623 -51.26117
v 383.96392 -5.26401 1100.00000
v 304.48833 -17.92763 998.13190
v 207.16180 32.54582 928.60620
v 122.88481 130.13138 913.49682
v 78.41472 243.84632 957.60089
v 87.87045 337.58695 1046.91566
v 148.24988 381.59129 1153.08434
v 240.38298 361.88826 1242.39911
v 335.01813 284.73344 1286.50318
v 402.10934 174.62294 1271.39380
v 420.35562 66.51606 1201.86810
v 1641.65280 1116.00048 -80.00000
v 1619.23131 1112.42784 -108.73883
v 1591.77374 1126.66732 -128.35329
v 1567.99768 1154.19797 -132.61591
v 1555.45186 1186.27900 -120.17336
v 1558.11949 1212.72493 -94.97605
v 1575.15362 1225.13934 -65.02395
v 1601.14603 1219.58076 -39.82664
v 1627.84431 1197.81400 -27.38409
v 1646.77195 1166.74984 -31.64671
v 1651.91956 1136.25093 -51.26117
v 349.65907 158.72787 1100.00000
v 283.14022 113.42909 998.13190
v 173.58591 117.65703 928.60620
v 55.77885 170.06932 913.49682
v -32.87805 254.02545 957.60089
v -64.23685 342.86994 1046.91566
v -28.34135 408.39528 1153.08434
v 63.41189 429.79765 1242.39911
v 181.89184 400.28194 1286.50318
v 289.48198 329.21919 1271.39380
v 352.02318 239.17131 1201.86810
v 1010.20774 1708.78943 -80.00000
v 991.44157 1696.00983 -108.73883
v 960.53432 1697.20261 -128.35329
v 927.29882 1711.98906 -132.61591
v 902.28711 1735.67460 -120.17336
v 893.44023 1760.73924 -94.97605
v 903.56700 1779.22512 -65.02395
v 929.45224 1785.26311 -39.82664
v 962.87757 1776.93620 -27.38409
v 993.23069 1756.88811 -31.64671
v 1010.87470 1731.48398 -51.26117
v 157.32499 350.29252 1100.00000
v 137.38275 272.32430 998.13190
v 52.40679 203.04869 928.60620
v -70.62361 164.46021 913.49682
v -192.64719 168.81042 957.60089
v -274.92231 214.71817 1046.91566
v -291.32720 287.60806 1153.08434
v -236.65344 364.33808 1242.39911
v -128.25954 420.54698 1286.50318
v -0.55981 438.38884 1271.39380
v 105.90199 412.19899 1201.86810
v -372.21643 1949.85536 -80.00000
v -377.84250 1927.85912 -108.73883
v -401.81575 1908.31522 -128.35329
v -436.52485 1897.42871 -132.61591
v -470.94990 1898.65598 -120.17336
v -494.16120 1911.60739 -94.97605
v -498.78931 1932.17094 -65.02395
v -483.36486 1953.81787 -39.82664
v -452.78498 1969.67541 -27.38409
v -416.75858 1974.70892 -31.64671
v -386.72379 1967.32029 -51.26117
v -52.44597 380.40166 1100.00000
v -27.99304 303.72839 998.13190
v -63.28122 199.92681 928.60620
v -147.10677 101.95319 913.49682
v -252.85566 40.91346 957.60089
v -346.95338 36.18731 1046.91566
v -399.52455 89.27524 1153.08434
v -393.87821 183.32223 1242.39911
v -331.80703 288.46901 1286.50318
v -233.01817 371.33223 1271.39380
v -128.87639 405.60339 1201.86810
v -1349.83564 1455.48093 -80.00000
v -1342.93703 1433.85002 -108.73883
v -1352.89246 1404.56572 -128.35329
v -1376.54116 1376.92559 -132.61591
v -1406.37483 1359.70518 -120.17336
v -1432.92150 1358.37185 -94.97605
v -1447.75277 1373.34891 -65.02395
v -1446.15984 1399.88127 -39.82664
v -1428.64844 1429.54507 -27.38409
v -1400.77832 1452.92228 -31.64671
v -1371.39804 1462.59080 -51.26117
v -249.53189 291.87298 1100.00000
v -187.55189 240.53863 998.13190
v -161.20969 134.11443 928.60620
v -178.86876 6.38930 913.49682
v -234.92246 -102.08494 957.60089
v -311.57415 -156.86847 1046.91566
v -384.48745 -140.56791 1153.08434
v -430.51291 -58.35858 1242.39911
v -435.03776 63.65864 1286.50318
v -396.62540 186.74415 1271.39380
v -327.47149 271.81917 1201.86810
v -1922.02333 496.29358 -80.00000
v -1904.53765 481.81124 -108.73883
v -1897.10604 451.78705 -128.35329
v -1902.08798 415.75348 -132.61591
v -1917.90175 385.15094 -120.17336
v -1939.52657 369.69552 -94.97605
v -1960.09673 374.29420 -65.02395
v -1973.08134 397.48693 -39.82664
v -1974.35789 431.91020 -27.38409
v -1963.52107 466.63484 -31.64671
v -1944.01150 490.63604 -51.26117
v -364.94941 119.44845 1100.00000
v -285.31104 107.85247 998.13190
v -207.44805 30.66842 928.60620
v -156.08137 -87.59830 913.49682
v -147.51957 -209.39884 957.60089
v -184.48095 -296.06240 1046.91566
v -255.23055 -320.07391 1153.08434
v -337.30585 -273.80988 1242.39911
v -404.64854 -171.95881 1286.50318
v -435.87778 -46.85770 1271.39380
v -421.07852 61.77472 1201.86810
v -1899.63759 -576.07119 -80.00000
v -1877.17017 -579.34262 -108.73883
v -1855.20362 -601.11764 -128.35329
v -1840.71215 -634.48281 -132.61591
v -1838.29671 -668.84495 -120.17336
v -1848.72418 -693.29430 -94.97605
v -1868.68392 -700.06838 -65.02395
v -1891.83885 -687.01646 -39.82664
v -1910.83744 -658.28244 -27.38409
v -1919.64777 -622.98916 -31.64671
v -1915.47263 -592.34199 -51.26117
v -366.05512 -116.01574 1100.00000
v -294.62093 -78.94967 998.13190
v -186.34702 -96.17708 928.60620
v -75.60959 -162.22837 913.49682
v 2.43301 -256.13274 957.60089
v 23.00281 -348.07620 1046.91566
v -20.43096 -408.86736 1153.08434
v -114.07839 -419.20545 1242.39911
v -228.20707 -375.80821 1286.50318
v -326.58196 -292.45394 1271.39380
v -377.96973 -195.60705 1201.86810
v -1206.26698 -1576.51546 -80.00000
v -1186.11410 -1566.05845 -108.73883
v -1155.56808 -1570.91861 -128.35329
v -1124.32705 -1589.55287 -132.61591
v -1102.30982 -1616.04499 -120.17336
v -1096.50671 -1641.98390 -94.97605
v -1108.76016 -1659.13418 -65.02395
v -1135.17979 -1662.05075 -39.82664
v -1167.37755 -1649.80760 -27.38409
v -1195.13089 -1626.29186 -31.64671
v -1209.62830 -1598.96960 -51.26117
v -254.03463 -287.96251 1100.00000
v -211.89004 -219.40181 998.13190
v -110.20605 -178.40928 928.60620
v 18.73342 -177.99976 913.49682
v 133.99097 -218.30327 957.60089
v 198.97316 -286.52373 1046.91566
v 193.04861 -361.00163 1153.08434
v 118.09830 -418.09075 1242.39911
v -2.08156 -439.66572 1286.50318
v -129.33471 -418.87662 1271.39380
v -223.25919 -362.32385 1201.86810
v -222.12132 -1972.59806 -80.00000
v -210.23158 -1953.25585 -108.73883
v -181.54468 -1941.69112 -128.35329
v -145.16853 -1941.57558 -132.61591
v -112.65230 -1952.94593 -120.17336
v -94.31965 -1972.19216 -94.97605
v -95.99107 -1993.20372 -65.02395
v -117.13591 -2009.30959 -39.82664
v -151.04081 -2015.39628 -27.38409
v -186.94123 -2009.53130 -31.64671
v -213.43902 -1993.57674 -51.26117
v -51.59627 -380.51784 1100.00000
v -54.56904 -300.09459 998.13190
v 7.28897 -209.57603 928.60620
v 114.33829 -137.70117 913.49682
v 232.59150 -107.28975 957.60089
v 324.50406 -127.99720 1046.91566
v 360.89437 -193.24904 1153.08434
v 330.20877 -282.32828 1242.39911
v 242.18972 -366.95288 1286.50318
v 124.78264 -420.25514 1271.39380
v 15.26346 -425.31196 1201.86810
v 909.57202 -1764.41484 -80.00000
v 908.73335 -1741.72599 -108.73883
v 926.18461 -1716.18907 -128.35329
v 956.38516 -1695.91187 -132.61591
v 989.74652 -1687.33227 -120.17336
v 1015.67672 -1693.17421 -94.97605
v 1025.94308 -1711.58293 -65.02395
v 1017.28612 -1736.71379 -39.82664
v 992.45435 -1760.58792 -27.38409
v 959.33170 -1775.62545 -31.64671
v 928.43436 -1777.05207 -51.26117
v 127.96198 -362.05211 1100.00000
v 88.57242 -291.87236 998.13190
v 102.23855 -183.09157 928.60620
v 164.62148 -70.24688 913.49682
v 255.91506 10.83431 957.60089
v 347.13422 34.40931 1046.91566
v 409.31753 -7.00679 1153.08434
v 422.72223 -100.26466 1242.39911
v 383.09241 -215.75560 1286.50318
v 303.01027 -316.81203 1271.39380
v 207.90132 -371.34927 1201.86810
v 1615.23930 -1153.89905 -80.00000
v 1604.12679 -1134.10007 -108.73883
v 1607.98226 -1103.41105 -128.35329
v 1625.58160 -1071.57552 -132.61591
v 1651.33717 -1048.70105 -120.17336
v 1677.07175 -1042.05012 -94.97605
v 1694.61478 -1053.73435 -65.02395
v 1698.39649 -1080.04408 -39.82664
v 1687.21620 -1112.62616 -27.38409
v 1664.62358 -1141.13600 -31.64671
v 1637.79163 -1156.52194 -51.26117
v -11.65807 -54.41518 7097.00000
v -4.08106 -42.72343 7061.57436
v 5.40553 -11.04091 7042.72476
v 12.36281 25.80778 7049.27116
v 13.53539 50.58071 7078.15041
v 8.37462 51.68637 7115.84959
v -0.70473 28.60740 7144.72884
v -9.45433 -7.85729 7151.27524
v -13.78014 -40.64547 7132.42564
v 2268.80893 -500.39412 7422.26108
v 2270.71510 -497.45280 7413.34897
v 2273.10166 -489.48236 7408.60693
v 2274.85192 -480.21225 7410.25382
v 2275.14691 -473.98006 7417.51904
v 2273.84860 -473.70191 7427.00311
v 2271.56449 -479.50794 7434.26833
v 2269.36333 -488.68144 7435.91522
v 2268.27508 -496.93004 7431.17319
v 54.61452 -10.68536 7097.00000
v 42.78944 -3.31816 7061.57436
v 10.94271 5.60165 7042.72476
v -26.02424 11.90039 7049.27116
v -50.81416 12.63080 7078.15041
v -51.82756 7.45112 7115.84959
v -28.59028 -1.21502 7144.72884
v 8.02472 -9.31264 7151.27524
v 40.88486 -13.05277 7132.42564
v 456.32062 2259.41143 7419.69841
v 453.34576 2261.26482 7410.78629
v 445.33401 2263.50879 7406.04426
v 436.03414 2265.09338 7407.69115
v 429.79769 2265.27713 7414.95637
v 429.54274 2263.97407 7424.44044
v 435.38860 2261.79391 7431.70566
v 444.59992 2259.75677 7433.35255
v 452.86662 2258.81586 7428.61052
v 25.04635 49.69510 7097.00000
v 14.75774 40.30081 7061.57436
v -2.43619 12.04933 7042.72476
v -18.49019 -21.84017 7049.27116
v -25.89243 -45.51041 7078.15041
v -21.17931 -47.88582 7115.84959
v -6.55616 -27.85493 7144.72884
v 11.13470 5.20960 7151.27524
v 23.61550 35.83649 7132.42564
v -2059.39554 1053.61395 7420.85169
v -2061.98387 1051.25061 7411.93958
v -2066.30938 1044.14332 7407.19755
v -2070.34813 1035.61766 7408.84444
v -2072.21032 1029.66288 7416.10966
v -2071.02463 1029.06530 7425.59373
v -2067.34585 1034.10451 7432.85895
v -2062.89532 1042.42263 7434.50584
v -2059.75550 1050.12751 7429.76381
v -37.71648 40.91931 7097.00000
v -32.53927 27.98467 7061.57436
v -12.13658 1.95570 7042.72476
v 13.94495 -24.98837 7049.27116
v 33.50149 -40.24010 7078.15041
v 37.38230 -36.66304 7115.84959
v 23.77152 -15.93094 7144.72884
v -0.96221 12.25543 7151.27524
v -25.24572 34.70734 7132.42564
v -1132.97681 -1025.25664 7310.91119
v -1131.67437 -1028.51064 7301.99908
v -1126.54162 -1035.05881 7297.25704
v -1119.98022 -1041.83719 7298.90393
v -1115.06034 -1045.67411 7306.16915
v -1114.08403 -1044.77422 7315.65322
v -1117.50813 -1039.55859 7322.91844
v -1123.73045 -1032.46768 7324.56533
v -1129.83951 -1026.81940 7319.82330
v -50.44548 -23.49843 7097.00000
v -36.54927 -22.49660 7061.57436
v -5.55126 -10.96836 7042.72476
v 28.04426 5.69210 7049.27116
v 48.51755 19.68915 7078.15041
v 46.28894 24.47344 7115.84959
v 22.40122 17.80633 7144.72884
v -11.96828 2.80744 7151.27524
v -40.73769 -13.50508 7132.42564
v 758.65276 -1661.80083 7352.74210
v 762.14867 -1661.54880 7343.82999
v 769.94691 -1658.64861 7339.08796
v 778.39861 -1654.45730 7340.73485
v 783.54912 -1650.93603 7348.00007
v 782.98847 -1649.73243 7357.48414
v 776.97898 -1651.40969 7364.74936
v 768.33256 -1655.18300 7366.39625
v 761.09498 -1659.28678 7361.65422
v 44.88939 24.70790 7731.20000
v 32.18527 22.92794 7698.58167
v 4.42131 10.41975 7681.22582
v -25.41144 -6.96397 7687.25344
v -43.35389 -21.08916 7713.84415
v -41.01057 -25.34650 7748.55585
v -19.47795 -17.74393 7775.14656
v 11.16861 -1.83878 7781.17418
v 36.58926 14.92676 7763.81833
v -692.71186 1287.55473 7935.88033
v -696.18293 1287.06841 7926.96822
v -703.76872 1283.65087 7922.22618
v -711.91974 1278.90122 7923.87308
v -716.82205 1275.04188 7931.13830
v -716.18180 1273.87867 7940.62237
v -710.29857 1275.95587 7947.88759
v -701.92519 1280.30154 7949.53448
v -694.97966 1284.88229 7944.79244
v -3.25276 51.13665 7731.20000
v -7.04911 38.88306 7698.58167
v -7.54711 8.43565 7681.22582
v -4.51373 -25.95889 7687.25344
v 0.63168 -48.20698 7713.84415
v 5.48151 -47.89849 7748.55585
v 7.76649 -25.17776 7775.14656
v 6.41744 9.32392 7781.17418
v 2.06560 39.46284 7763.81833
v -1590.26132 -87.12690 7954.16186
v -1591.29857 -90.47488 7945.24975
v -1591.43464 -98.79384 7940.50772
v -1590.60584 -108.19126 7942.15461
v -1589.20000 -114.26997 7949.41983
v -1587.87490 -114.18568 7958.90390
v -1587.25059 -107.97783 7966.16912
v -1587.61919 -98.55114 7967.81601
v -1588.80821 -90.31647 7963.07398
v -45.00629 24.49431 7731.20000
v -36.65978 14.75272 7698.58167
v -11.15975 -1.89183 7681.22582
v 19.56205 -17.65117 7687.25344
v 41.13055 -25.15133 7713.84415
v 43.45361 -20.88291 7748.55585
v 25.44424 -6.84313 7775.14656
v -4.47077 10.39862 7781.17418
v -32.29386 22.77474 7763.81833
v -927.59264 -1675.08911 7999.26091
v -925.31217 -1677.75075 7990.34880
v -918.34495 -1682.29844 7985.60676
v -909.95101 -1686.60427 7987.25365
v -904.05798 -1688.65350 7994.51887
v -903.42326 -1687.48726 8004.00294
v -908.34385 -1683.65126 8011.26816
v -916.51736 -1678.94039 8012.91506
v -924.11929 -1675.55894 8008.17302
v -20.61643 -46.90949 7731.20000
v -11.61247 -37.77211 7698.58167
v 2.82509 -10.96075 7681.22582
v 15.94076 20.97928 7687.25344
v 21.59757 43.10287 7713.84415
v 17.14864 45.05814 7748.55585
v 4.67567 25.93021 7775.14656
v -9.98510 -5.33075 7781.17418
v -19.97373 -34.09740 7763.81833
v 1359.32196 -612.70595 7939.93473
v 1361.78206 -610.20939 7931.02262
v 1365.72674 -602.88388 7926.28058
v 1369.31026 -594.15710 7927.92748
v 1370.85584 -588.11241 7935.19270
v 1369.64028 -587.57818 7944.67677
v 1366.23237 -592.80439 7951.94199
v 1362.22670 -601.34563 7953.58888
v 1359.49756 -609.20537 7948.84684
v 30.09628 -41.46988 7731.20000
v 26.75093 -29.08556 7698.58167
v 10.88852 -3.09178 7681.22582
v -10.06875 24.34868 7687.25344
v -26.31474 40.39612 7713.84415
v -30.24777 37.54177 7748.55585
v -20.02754 17.12120 7775.14656
v -0.43619 -11.31056 7781.17418
v 19.35925 -34.44999 7763.81833
v 1502.23842 1072.93364 7989.63980
v 1501.32439 1076.31734 7980.72769
v 1496.99039 1083.41946 7975.98566
v 1491.26436 1090.91686 7977.63255
v 1486.82557 1095.30140 7984.89777
v 1485.75097 1094.52152 7994.38184
v 1488.54338 1088.94214 8001.64706
v 1493.89621 1081.17389 8003.29395
v 1499.30480 1074.85165 7998.55192
v -31.42992 34.71612 8365.40000
v -27.17065 23.79303 8335.58899
v -10.19794 1.73690 8319.72688
v 11.54650 -21.13193 8325.23573
v 27.88821 -34.11290 8349.53789
v 31.18071 -31.13207 8381.26211
v 19.88341 -13.58419 8405.56427
v -0.71756 10.31988 8411.07312
v -20.98277 29.39516 8395.21101
v -1546.28494 -1381.02928 8655.64411
v -1545.01162 -1384.29478 8646.73200
v -1539.93757 -1390.88854 8641.98996
v -1533.43699 -1397.72526 8643.63685
v -1528.55157 -1401.60597 8650.90207
v -1527.56727 -1400.71484 8660.38614
v -1530.94464 -1395.46884 8667.65136
v -1537.10337 -1388.32263 8669.29826
v -1543.16173 -1382.62000 8664.55622
v -46.20372 -7.63319 8365.40000
v -34.71382 -9.96509 8335.58899
v -6.98094 -7.63421 8319.72688
v 24.01839 -1.73120 8325.23573
v 43.77926 4.98185 8349.53789
v 43.05532 9.36385 8381.26211
v 22.18532 9.36439 8405.56427
v -9.06544 4.98323 8411.07312
v -36.07438 -1.72963 8395.21101
v 263.51536 -1680.95042 8603.59916
v 266.95030 -1681.64755 8594.68704
v 275.24115 -1680.95073 8589.94501
v 284.50851 -1679.18600 8591.59190
v 290.41610 -1677.17911 8598.85712
v 290.19967 -1675.86910 8608.34119
v 283.96051 -1675.86893 8615.60641
v 274.61798 -1677.17870 8617.25330
v 266.54356 -1679.18553 8612.51127
v -6.50380 -46.37617 8365.40000
v -0.84910 -36.10584 8335.58899
v 5.20290 -8.94118 8319.72688
v 8.82040 22.40716 8325.23573
v 8.31074 43.27094 8349.53789
v 3.91240 43.88776 8381.26211
v -2.31661 23.96901 8405.56427
v -7.46164 -7.16510 8411.07312
v -9.11529 -34.94658 8395.21101
v 1922.23141 -283.71083 8637.42074
v 1923.92190 -280.64047 8628.50862
v 1925.73117 -272.51950 8623.76659
v 1926.81263 -263.14780 8625.41348
v 1926.66027 -256.91049 8632.67870
v 1925.34536 -256.72609 8642.16277
v 1923.48318 -262.68087 8649.42799
v 1921.94505 -271.98853 8651.07488
v 1921.45069 -280.29391 8646.33285
v 46.35210 -6.67318 8365.40000
v 36.10249 -0.98100 8335.58899
v 8.96012 5.17020 8319.72688
v -22.37479 8.90221 8325.23573
v -43.24029 8.46877 8349.53789
v -43.87317 4.07270 8381.26211
v -23.97732 -2.22903 8405.56427
v 7.13779 -7.48777 8411.07312
v 34.91305 -9.24290 8395.21101
v 277.00919 1825.86707 8623.93905
v 273.94503 1827.56876 8615.02694
v 265.83072 1829.40769 8610.28490
v 256.46303 1830.52338 8611.93180
v 250.22522 1830.39381 8619.19702
v 250.03601 1829.07959 8628.68109
v 255.98395 1827.19566 8635.94631
v 265.28593 1825.62354 8637.59320
v 273.58944 1825.09884 8632.85116
v 31.75676 34.41739 8365.40000
v 21.25978 29.19545 8335.58899
v 0.81510 10.31263 8319.72688
v -20.01097 -13.39558 8325.23573
v -31.47368 -30.83585 8349.53789
v -28.20951 -33.84769 8381.26211
v -11.74580 -21.02181 8405.56427
v 10.21391 1.64040 8411.07312
v 27.39441 23.53505 8395.21101
v -1238.24310 1161.57018 8603.08253
v -1241.38122 1160.00906 8594.17042
v -1247.49323 1154.36398 8589.42839
v -1253.71926 1147.27632 8591.07528
v -1257.14608 1142.06249 8598.34050
v -1256.17024 1141.16209 8607.82457
v -1251.24835 1144.99643 8615.08979
v -1244.68342 1151.77138 8616.73668
v -1239.54725 1158.31687 8611.99465
v -21.06536 -36.81993 8999.60000
v -12.85557 -30.08307 8972.59630
v 1.36949 -9.27001 8958.22793
v 14.95374 15.88059 8963.21802
v 21.54098 33.60049 8985.23163
v 18.04895 35.59834 9013.96837
v 6.11162 20.93934 9035.98198
v -8.68541 -3.51742 9040.97207
v -19.41843 -26.32833 9026.60370
v 1307.34856 -764.08754 9211.58765
v 1310.05806 -761.86415 9202.67554
v 1314.75280 -754.99516 9197.93350
v 1319.23605 -746.69463 9199.58039
v 1321.41005 -740.84648 9206.84561
v 1320.25757 -740.18712 9216.32968
v 1316.31786 -745.02508 9223.59490
v 1311.43435 -753.09661 9225.24179
v 1307.89210 -760.62497 9220.49976
v 26.24817 -33.32401 8999.60000
v 23.07714 -23.18841 8972.59630
v 9.10806 -2.20269 8958.22793
v -9.12279 19.81369 8963.21802
v -23.08498 32.55903 8985.23163
v -26.24545 30.06963 9013.96837
v -17.12539 13.51032 9035.98198
v 0.00784 -9.37062 9040.97207
v 17.13739 -27.86694 9026.60370
v 1109.99035 856.47969 9195.87181
v 1108.94380 859.82477 9186.95970
v 1104.33354 866.75075 9182.21767
v 1098.31676 874.01688 9183.86456
v 1093.70878 878.22326 9191.12978
v 1092.66572 877.40168 9200.61385
v 1095.67564 871.93656 9207.87907
v 1101.33017 864.38510 9209.52596
v 1106.98349 858.28070 9204.78392
v 38.01089 18.83158 8999.60000
v 27.43974 17.81340 8972.59630
v 4.02923 8.46013 8958.22793
v -21.26660 -4.85173 8963.21802
v -36.61156 -15.89341 8985.23163
v -34.82555 -19.49839 9013.96837
v -16.74429 -13.97986 9035.98198
v 9.17181 -1.91999 9040.97207
v 30.79632 11.03825 9026.60370
v -730.16224 1505.34351 9233.82297
v -733.65107 1505.00747 9224.91086
v -741.37731 1501.92059 9220.16882
v -749.72577 1497.52723 9221.81571
v -754.79011 1493.88312 9229.08093
v -754.20067 1492.69335 9238.56501
v -748.23326 1494.51465 9245.83023
v -739.68009 1498.49480 9247.47712
v -732.54329 1502.77145 9242.73508
v -9.93274 41.24072 8999.60000
v -11.28434 30.70701 8972.59630
v -7.35587 5.80515 8958.22793
v 0.01449 -21.81301 8963.21802
v 7.37807 -39.22462 8985.23163
v 11.28937 -38.28259 9013.96837
v 9.91825 -19.42771 9035.98198
v 3.90627 8.51761 9040.97207
v -3.93350 32.47744 9026.60370
v -1563.69053 -362.21109 9224.30453
v -1564.13661 -365.68757 9215.39242
v -1562.84008 -373.90600 9210.65039
v -1560.40762 -383.02091 9212.29728
v -1557.97740 -388.76731 9219.56250
v -1556.68654 -388.45641 9229.04657
v -1557.13905 -382.23368 9236.31179
v -1559.12321 -373.01080 9237.95868
v -1561.71059 -365.10327 9233.21665
v -41.86920 6.81373 8999.60000
v -32.68091 1.48819 8972.59630
v -8.20087 -4.53369 8958.22793
v 20.11646 -8.43421 8963.21802
v 39.02106 -8.38826 8985.23163
v 39.66728 -4.41736 9013.96837
v 21.75274 1.62048 9035.98198
v -6.34015 6.90007 9040.97207
v -31.46642 8.95105 9026.60370
v -259.83953 -1509.50988 9214.03049
v -256.80709 -1511.26748 9205.11838
v -248.72787 -1513.25490 9200.37635
v -239.38222 -1514.54220 9202.02324
v -233.14308 -1514.52704 9209.28846
v -232.92980 -1513.21651 9218.77253
v -238.84219 -1511.22383 9226.03775
v -248.11377 -1509.48138 9227.68464
v -256.40627 -1508.80449 9222.94261
v 36.17190 -11.67706 9633.80000
v 28.74996 -5.72147 9609.60362
v 7.87559 2.91126 9596.72899
v -16.68386 10.18178 9601.20030
v -33.43674 12.68813 9620.92537
v -34.54420 9.25756 9646.67463
v -19.48804 1.49528 9666.39970
v 4.68678 -6.96666 9670.87101
v 26.66861 -12.16883 9657.99638
v 559.05472 1686.20619 9882.49760
v 556.32104 1688.39978 9873.58549
v 548.63251 1691.57942 9868.84345
v 539.58667 1694.25733 9870.49034
v 533.41618 1695.18048 9877.75556
v 533.00828 1693.91692 9887.23963
v 538.55382 1691.05788 9894.50485
v 547.45799 1687.94114 9896.15174
v 555.55443 1686.02506 9891.40971
v 22.86605 30.36287 9633.80000
v 14.81044 25.29716 9609.60362
v -0.17514 8.39462 9596.72899
v -15.07877 -12.43585 9601.20030
v -22.92687 -27.44745 9620.92537
v -20.04724 -29.61608 9646.67463
v -7.78728 -17.92702 9666.39970
v 8.11644 2.15029 9670.87101
v 20.22238 21.22146 9657.99638
v -1174.21455 901.81807 9841.06903
v -1177.18163 899.95224 9832.15691
v -1182.70118 893.72663 9827.41488
v -1188.19054 886.05427 9829.06177
v -1191.08119 880.52513 9836.32699
v -1190.02055 879.72637 9845.81106
v -1185.50491 884.03174 9853.07628
v -1179.64719 891.42669 9854.72317
v -1175.18828 898.45107 9849.98114
v -26.91958 26.83461 9633.80000
v -23.01313 18.15740 9609.60362
v -8.33857 0.98414 9596.72899
v 10.23769 -16.64961 9601.20030
v 24.02363 -26.49282 9620.92537
v 26.56864 -23.93975 9646.67463
v 16.68189 -10.18500 9666.39970
v -1.01050 8.33542 9670.87101
v -18.23007 22.95561 9657.99638
v -1316.99211 -1301.33222 9892.99811
v -1315.55327 -1304.52824 9884.08600
v -1310.14828 -1310.85357 9879.34396
v -1303.30619 -1317.34850 9880.99085
v -1298.22850 -1320.97399 9888.25607
v -1297.29111 -1320.03363 9897.74015
v -1300.93264 -1314.96743 9905.00537
v -1307.44917 -1308.14591 9906.65226
v -1313.79156 -1302.76095 9901.91022
v -32.56590 -19.60158 9633.80000
v -23.20002 -17.91799 9609.60362
v -2.97858 -7.85038 9596.72899
v 18.63656 5.89052 9601.20030
v 31.53145 16.87517 9620.92537
v 29.67243 19.96375 9646.67463
v 13.92934 13.71106 9666.39970
v -8.33144 1.04282 9670.87101
v -26.69384 -12.11337 9657.99638
v 904.62779 -1530.08891 9882.64296
v 908.07747 -1529.46880 9873.73085
v 915.52551 -1525.76066 9868.98881
v 923.48689 -1520.69955 9870.63571
v 928.23639 -1516.65364 9877.90093
v 927.55166 -1515.51605 9887.38500
v 921.75311 -1517.81906 9894.65022
v 913.55392 -1522.48508 9896.29711
v 906.79061 -1527.33082 9891.55507
v 11.30646 -36.28945 9633.80000
v 11.89541 -26.79169 9609.60362
v 6.91836 -4.75780 9596.72899
v -1.29586 19.50232 9601.20030
v -8.90374 34.63708 9620.92537
v -12.34546 33.56477 9646.67463
v -10.01060 16.78713 9666.39970
v -2.99167 -7.84540 9670.87101
v 5.42710 -28.80697 9657.99638
v 1456.80936 439.22458 9846.81246
v 1457.02629 442.72283 9837.90035
v 1455.19312 450.83844 9833.15831
v 1452.16762 459.77403 9834.80521
v 1449.36546 465.34853 9842.07043
v 1448.09779 464.95357 9851.55450
v 1448.95778 458.77396 9858.81972
v 1451.54302 449.70121 9860.46661
v 1454.64385 441.98055 9855.72457
v 0.54427 33.59559 10268.00000
v -2.57714 25.78422 10246.61093
v -4.49268 5.90813 10235.23005
v -4.30604 -16.73244 10239.18259
v -2.10456 -31.54372 10256.61911
v 1.08167 -31.59534 10279.38089
v 3.76178 -16.86315 10296.81741
v 4.68170 5.75950 10300.76995
v 3.41101 25.68721 10289.38907
v -1465.51904 37.74399 10473.23134
v -1466.81963 34.48926 10464.31923
v -1467.61777 26.20755 10459.57719
v -1467.54000 16.77398 10461.22409
v -1466.62272 10.60261 10468.48931
v -1465.29512 10.58111 10477.97338
v -1464.17841 16.71952 10485.23860
v -1463.79511 26.14562 10486.88549
v -1464.32457 34.44884 10482.14345
v -33.05773 6.01219 10268.00000
v -25.85950 1.65946 10246.61093
v -6.56133 -3.46975 10235.23005
v 15.80697 -6.97542 10239.18259
v 30.77901 -7.21722 10256.61911
v 31.34921 -4.08200 10279.38089
v 17.25076 0.96323 10296.81741
v -4.91950 5.55776 10300.76995
v -24.78788 7.55174 10289.38907
v -333.66905 -1756.42298 10518.28933
v -330.66978 -1758.23661 10509.37722
v -322.62888 -1760.37378 10504.63519
v -313.30876 -1761.83448 10506.28208
v -307.07041 -1761.93523 10513.54730
v -306.83282 -1760.62889 10523.03137
v -312.70717 -1758.52671 10530.29659
v -321.94478 -1756.61232 10531.94348
v -330.22327 -1755.78150 10527.20144
v -11.57695 -31.54258 10268.00000
v -6.05735 -25.19477 10246.61093
v 2.29655 -7.05804 10235.23005
v 9.57587 14.38122 10239.18259
v 12.37453 29.09135 10256.61911
v 9.38301 30.18931 10279.38089
v 2.00108 17.16136 10296.81741
v -6.31719 -3.89658 10300.76995
v -11.67957 -23.13127 10289.38907
v 1365.58569 -516.11869 10472.37156
v 1367.88552 -513.47377 10463.45944
v 1371.36631 -505.91680 10458.71741
v 1374.39936 -496.98378 10460.36430
v 1375.56547 -490.85456 10467.62952
v 1374.31900 -490.39707 10477.11359
v 1371.24320 -495.82538 10484.37881
v 1367.77725 -504.59953 10486.02570
v 1365.54293 -512.61398 10481.28367
v 25.36610 -22.03454 10268.00000
v 21.39530 -14.61878 10246.61093
v 7.41341 -0.36273 10235.23005
v -10.03731 14.06304 10239.18259
v -22.79145 21.90857 10256.61911
v -24.88122 19.50283 10279.38089
v -15.32879 7.97150 10296.81741
v 1.39615 -7.28978 10300.76995
v 17.46782 -19.14009 10289.38907
v 1060.14195 1199.08385 10492.06592
v 1058.48745 1202.17375 10483.15381
v 1052.66166 1208.11377 10478.41178
v 1045.39053 1214.12451 10480.05867
v 1040.07631 1217.39348 10487.32389
v 1039.20557 1216.39108 10496.80796
v 1043.18575 1211.58636 10504.07318
v 1050.15447 1205.22750 10505.72007
v 1056.85100 1200.28987 10500.97803
v 28.96954 17.02134 10268.00000
v 20.67499 15.62090 10246.61093
v 2.70639 6.91127 10235.23005
v -16.52856 -5.03222 10239.18259
v -28.02962 -14.62108 10256.61911
v -26.41530 -17.36857 10279.38089
v -12.44097 -11.98912 10296.81741
v 7.35463 -0.99982 10300.76995
v 23.70891 10.45730 10289.38907
v -823.43380 1429.08237 10498.89916
v -826.88986 1428.49885 10489.98705
v -834.37678 1424.86984 10485.24502
v -842.39134 1419.89339 10486.89191
v -847.18345 1415.89803 10494.15713
v -846.51082 1414.75324 10503.64120
v -840.68818 1416.99468 10510.90642
v -832.44002 1421.57355 10512.55331
v -825.62573 1426.34736 10507.81127
v -30.66514 -9.14600 10902.20000
v -22.67576 -9.73915 10881.82946
v -4.07614 -5.77525 10870.99052
v 16.43075 0.89096 10874.75484
v 29.24951 7.14027 10891.36106
v 28.38210 10.04858 10913.03894
v 14.23439 8.25504 10929.64516
v -6.57375 2.59888 10933.40948
v -24.30596 -4.27333 10922.57054
v 297.62685 -1046.88072 11054.55866
v 301.12220 -1047.14023 11045.64655
v 309.25954 -1045.40602 11040.90451
v 318.23130 -1042.48956 11042.55141
v 323.83951 -1039.75548 11049.81663
v 323.46002 -1038.48310 11059.30070
v 317.27039 -1039.26777 11066.56592
v 308.16683 -1041.74234 11068.21281
v 300.40899 -1044.74893 11063.47077
v 3.49891 -31.80814 10902.20000
v 5.51510 -24.05462 10881.82946
v 4.95071 -5.04568 10870.99052
v 2.06983 16.32419 10874.75484
v -1.77955 30.05579 10891.36106
v -4.79625 29.72395 10913.03894
v -5.56874 15.48395 10929.64516
v -3.73555 -6.00117 10933.40948
v -0.15446 -24.67827 10922.57054
v 1534.83718 154.74839 11118.15771
v 1535.71926 158.14056 11109.24560
v 1535.47234 166.45697 11104.50357
v 1534.21195 175.80629 11106.15046
v 1532.52785 181.81386 11113.41568
v 1531.20804 181.66868 11122.89975
v 1530.87008 175.43868 11130.16497
v 1531.67210 166.03894 11131.81186
v 1533.23883 157.86771 11127.06983
v 31.63037 -4.84971 10902.20000
v 24.66248 -0.89616 10881.82946
v 6.15474 3.47671 10870.99052
v -15.23287 6.22280 10874.75484
v -29.49285 6.05716 10891.36106
v -29.95280 3.05732 10913.03894
v -16.39750 -1.37308 10929.64516
v 4.83037 -5.16100 10933.40948
v 23.79806 -6.53403 10922.57054
v 270.52878 1672.04161 11139.32186
v 267.48033 1673.77129 11130.40974
v 259.38319 1675.68442 11125.66771
v 250.02611 1676.88584 11127.31460
v 243.78737 1676.81337 11134.57982
v 243.58614 1675.50094 11144.06389
v 249.51658 1673.56264 11151.32911
v 258.80378 1671.90542 11152.97600
v 267.10214 1671.30472 11148.23397
v 18.49008 26.11737 10902.20000
v 11.83661 21.65492 10881.82946
v -0.35534 7.05990 10870.99052
v -12.38102 -10.83853 10874.75484
v -18.61348 -23.66549 10891.36106
v -16.13649 -25.41911 10913.03894
v -6.10906 -15.27884 10929.64516
v 6.77687 2.01057 10933.40948
v 16.49183 18.35921 10922.57054
v -991.12463 718.83083 11073.59853
v -994.03552 716.87851 11064.68642
v -999.36949 710.49318 11059.94438
v -1004.63073 702.66262 11061.59127
v -1007.35743 697.05082 11068.85649
v -1006.27375 696.28362 11078.34056
v -1001.88675 700.71999 11085.60578
v -996.24915 708.28410 11087.25268
v -991.99886 715.43663 11082.51064
v -24.06062 21.09707 10902.20000
v -20.31170 14.01699 10881.82946
v -7.05871 0.37820 10870.99052
v 9.49713 -13.43756 10874.75484
v 21.60916 -20.96573 10891.36106
v 23.61002 -18.68380 10913.03894
v 14.56349 -7.65952 10929.64516
v -1.29746 6.94874 10933.40948
v -16.55131 18.30560 10922.57054
v -811.45853 -904.21066 11072.27931
v -809.81837 -907.30820 11063.36720
v -804.02019 -913.27517 11058.62516
v -796.77701 -919.31956 11060.27205
v -791.47800 -922.61313 11067.53727
v -790.60262 -921.61479 11077.02134
v -794.56048 -916.79166 11084.28656
v -801.49964 -910.40055 11085.93345
v -808.17320 -905.43192 11081.19142
v 25.71539 -19.04517 11536.40000
v 21.39646 -12.29766 11516.02946
v 7.06589 0.20406 11505.19052
v -10.57089 12.61030 11508.95484
v -23.26144 19.11604 11525.56106
v -25.06769 16.67717 11547.23894
v -15.14450 6.43487 11563.84516
v 1.86498 -6.81838 11567.60948
v 18.00181 -16.88123 11556.77054
v 750.83918 990.28387 11710.37362
v 748.94965 993.23590 11701.46151
v 742.68002 998.70541 11696.71948
v 734.96393 1004.13314 11698.36637
v 729.41181 1006.97940 11705.63159
v 728.62158 1005.91239 11715.11566
v 732.96297 1001.43139 11722.38088
v 740.40462 995.63309 11724.02777
v 747.46448 991.23059 11719.28574
v 27.77789 15.88676 11536.40000
v 19.86325 14.64556 11516.02946
v 2.65438 6.55154 11505.19052
v -15.79651 -4.60802 11508.95484
v -26.85603 -13.61143 11525.56106
v -25.34932 -16.24591 11547.23894
v -11.98138 -11.27874 11563.84516
v 6.99278 -1.03413 11567.60948
v 22.69494 9.69437 11556.77054
v -699.38924 1251.07678 11737.05192
v -702.85189 1250.53376 11728.13980
v -710.38077 1246.99262 11723.39777
v -718.45303 1242.11032 11725.04466
v -723.29157 1238.17132 11732.30988
v -722.63239 1237.01874 11741.79395
v -716.78391 1239.19188 11749.05917
v -708.48272 1243.67390 11750.70606
v -701.61302 1248.36761 11745.96403
v -6.92171 31.24244 11536.40000
v -8.08670 23.31622 11516.02946
v -5.46783 4.48009 11505.19052
v -0.29050 -16.45233 11508.95484
v 5.02276 -29.68652 11525.56106
v 7.98581 -29.03006 11547.23894
v 7.21222 -14.79011 11563.84516
v 3.06395 6.37029 11567.60948
v -2.51798 24.54997 11556.77054
v -1101.90943 -229.78687 11693.97374
v -1102.41911 -233.25458 11685.06163
v -1101.27336 -241.49539 11680.31959
v -1099.00827 -250.65333 11681.96649
v -1096.68372 -256.44328 11689.23171
v -1095.38739 -256.15608 11698.71578
v -1095.72584 -249.92611 11705.98100
v -1097.54070 -240.66843 11707.62789
v -1099.98280 -232.71482 11702.88585
v -29.82554 11.59470 11536.40000
v -23.88102 6.22397 11516.02946
v -6.76231 -2.05902 11505.19052
v 13.52056 -9.37858 11508.95484
v 27.47701 -12.30980 11525.56106
v 28.57666 -9.48112 11547.23894
v 16.30498 -2.21612 11563.84516
v -3.59599 6.08582 11567.60948
v -21.81436 11.54014 11556.77054
v -540.05243 -1350.56102 11740.02545
v -537.45171 -1352.91071 11731.11334
v -529.96227 -1356.53452 11726.37130
v -521.08851 -1359.73683 11728.01819
v -514.98256 -1361.01924 11735.28341
v -514.50147 -1359.78169 11744.76748
v -519.87033 -1356.60325 11752.03270
v -528.57701 -1352.97115 11753.67960
v -536.54754 -1350.58489 11748.93756
v -19.79165 -25.14539 11536.40000
v -12.92030 -21.02634 11516.02946
v -0.00340 -7.06883 11505.19052
v 12.91510 10.19626 11508.95484
v 19.79047 22.69041 11525.56106
v 17.40567 24.56746 11547.23894
v 6.87655 14.94913 11563.84516
v -6.87017 -1.66407 11567.60948
v -17.40227 -17.49863 11556.77054
v 834.71854 -674.81393 11686.65939
v 837.72476 -673.01185 11677.74728
v 843.37590 -666.90544 11673.00524
v 849.02775 -659.35196 11674.65214
v 852.03572 -653.88577 11681.91736
v 850.99237 -653.06456 11691.40143
v 846.38588 -657.27258 11698.66665
v 840.37169 -664.54085 11700.31354
v 835.76390 -671.46847 11695.57150
v 19.13981 25.64503 12170.60000
v 12.37643 21.35100 12150.22946
v -0.17802 7.06659 12139.39052
v -12.64917 -10.52435 12143.15484
v -19.20163 -23.19083 12159.76106
v -16.76944 -25.00606 12181.43894
v -6.49064 -15.12068 12198.04516
v 6.82520 1.83984 12201.80948
v 16.94746 17.93947 12190.97054
v -1171.40239 891.72894 12376.69826
v -1174.36136 889.85030 12367.78615
v -1179.85393 883.60087 12363.04412
v -1185.31006 875.90483 12364.69101
v -1188.17677 870.36325 12371.95623
v -1187.11268 869.56908 12381.44030
v -1182.61571 873.89394 12388.70552
v -1176.79003 881.31417 12390.35241
v -1172.36154 888.35776 12385.61037
v -20.31613 24.72357 12170.60000
v -17.76645 17.12876 12150.22946
v -6.90365 1.51921 12139.39052
v 7.18944 -14.80119 12143.15484
v 17.91852 -24.19595 12159.76106
v 20.26332 -22.26916 12181.43894
v 13.12669 -9.92237 12198.04516
v -0.15207 7.06720 12201.80948
v -13.35967 20.74995 12190.97054
v -1078.00565 -867.71064 12364.32793
v -1076.89016 -871.03337 12355.41582
v -1072.13769 -877.86254 12350.67378
v -1065.97196 -885.00272 12352.32067
v -1061.27799 -889.11293 12359.58589
v -1060.25214 -888.26995 12369.06996
v -1063.37441 -882.86824 12376.33518
v -1069.18387 -875.43530 12377.98207
v -1074.96219 -869.44909 12373.24004
v -30.40457 -9.97809 12170.60000
v -22.40199 -10.35335 12150.22946
v -3.91728 -5.88416 12139.39052
v 16.40038 1.33829 12143.15484
v 29.04411 7.93454 12159.76106
v 28.09778 10.81813 12181.43894
v 14.00419 8.63980 12198.04516
v -6.64212 2.41881 12201.80948
v -24.18051 -4.93397 12190.97054
v 449.86563 -1415.69951 12378.55482
v 453.36676 -1415.86368 12369.64271
v 461.45382 -1413.90841 12364.90068
v 470.34279 -1410.74859 12366.54757
v 475.87443 -1407.86273 12373.81279
v 475.46041 -1406.60116 12383.29686
v 469.29446 -1407.55418 12390.56208
v 460.26170 -1410.27587 12392.20897
v 452.58866 -1413.49271 12387.46693
v 2.14256 -31.92819 12170.60000
v 4.48677 -24.26747 12150.22946
v 4.73157 -5.25172 12139.39052
v 2.76242 16.22136 12143.15484
v -0.49930 30.10429 12159.76106
v -3.52740 29.90109 12181.43894
v -4.90498 15.70683 12198.04516
v -3.98747 -5.83682 12201.80948
v -1.20418 -24.64936 12190.97054
v 1000.91745 53.13575 12310.91207
v 1001.94304 56.48732 12301.99996
v 1002.05014 64.80670 12297.25792
v 1001.18863 74.20118 12298.90482
v 999.76163 80.27496 12306.17004
v 998.43684 80.18606 12315.65411
v 997.83415 73.97607 12322.91933
v 998.23556 64.55072 12324.56622
v 999.45325 56.32024 12319.82418
v 31.69311 -4.42118 12170.60000
v 24.67235 -0.56230 12150.22946
v 6.10713 3.55969 12139.39052
v -15.31569 6.01606 12143.15484
v -29.57213 5.65745 12159.76106
v -29.99143 2.65165 12181.43894
v -16.37742 -1.59488 12198.04516
v 4.89978 -5.09515 12201.80948
v 23.88431 -6.21135 12190.97054
v 153.32223 997.75578 12311.91183
v 150.25065 999.44404 12302.99972
v 142.12837 1001.24741 12298.25769
v 132.75588 1002.32207 12299.90458
v 126.51869 1002.16518 12307.16980
v 126.33525 1000.85014 12316.65387
v 132.29138 998.99228 12323.91909
v 141.60015 997.46092 12325.56598
v 149.90588 996.97258 12320.82395
v -31.80265 3.54844 12804.80000
v -24.67848 -0.11602 12784.42946
v -6.00698 -3.72620 12773.59052
v 15.47525 -5.59285 12777.35484
v 29.71645 -4.84254 12793.96106
v 30.05298 -1.82635 12815.63894
v 16.32740 2.04440 12832.24516
v -5.03796 4.95856 12836.00948
v -24.04600 5.55255 12825.17054
v -154.08269 -1254.70117 12981.76690
v -150.96586 -1256.30438 12972.85478
v -142.79708 -1257.88383 12968.11275
v -133.39860 -1258.70049 12969.75964
v -127.16808 -1258.37223 12977.02486
v -127.02085 -1257.05265 12986.50893
v -133.02579 -1255.35919 12993.77415
v -142.37313 -1254.08425 12995.42104
v -150.68915 -1253.82438 12990.67901
v -18.49368 -26.11482 12804.80000
v -11.83960 -21.65329 12784.42946
v 0.35436 -7.05995 12773.59052
v 12.38251 10.83682 12777.35484
v 18.61675 23.66292 12793.96106
v 16.14000 25.41688 12815.63894
v 6.11117 15.27799 12832.24516
v -6.77715 -2.00964 12836.00948
v -16.49437 -18.35693 12825.17054
v 843.04344 -614.17158 12950.81221
v 845.95460 -612.21967 12941.90010
v 851.28946 -605.83508 12937.15807
v 856.55178 -598.00524 12938.80496
v 859.27926 -592.39382 12946.07018
v 858.19568 -591.62647 12955.55425
v 853.80807 -596.06223 12962.81947
v 848.16943 -603.62557 12964.46636
v 843.91815 -610.77751 12959.72433
v 21.02560 -24.12310 12804.80000
v 18.25642 -16.60554 12784.42946
v 6.94486 -1.31807 12773.59052
v -7.61628 14.58615 12777.35484
v -18.61368 23.66534 12793.96106
v -20.90153 21.67126 12815.63894
v -13.40932 9.53695 12832.24516
v 0.35725 -7.05980 12836.00948
v 13.95667 -20.35319 12825.17054
v 744.62922 630.44457 12941.37982
v 743.41771 633.73350 12932.46770
v 738.46890 640.42177 12927.72567
v 732.09840 647.37987 12929.37256
v 727.28704 651.35202 12936.63778
v 726.28610 650.47960 12946.12185
v 729.56394 645.17084 12953.38707
v 735.58682 637.90977 12955.03396
v 741.53656 632.09391 12950.29193
v 29.14602 13.21021 12804.80000
v 21.14984 12.71713 12784.42946
v 3.25741 6.27357 12773.59052
v -16.15919 -3.10547 12777.35484
v -28.01473 -11.03142 12793.96106
v -26.76186 -13.79565 12815.63894
v -12.98682 -10.10474 12832.24516
v 6.86489 -1.68571 12836.00948
v 23.50445 7.52208 12825.17054
v -543.49263 1233.03445 12993.43992
v -546.99096 1232.81873 12984.52781
v -554.81889 1229.99967 12979.78577
v -563.31366 1225.89634 12981.43266
v -568.50045 1222.42873 12988.69788
v -567.95232 1221.21938 12998.18195
v -561.92574 1222.83416 13005.44717
v -553.24062 1226.51748 13007.09407
v -545.96081 1230.54589 13002.35203
v -13.48138 29.02158 12804.80000
v -12.91378 21.03035 12784.42946
v -6.30367 3.19878 12773.59052
v 3.25600 -16.12954 12777.35484
v 11.29214 -27.91066 12793.96106
v 14.04457 -26.63208 12815.63894
v 10.22539 -12.89205 12832.24516
v 1.62163 6.88031 12836.00948
v -7.74090 23.43330 12825.17054
v -883.10036 -394.78948 12940.21185
v -882.85203 -398.28565 12931.29973
v -879.96010 -406.08696 12926.55770
v -875.77775 -414.54310 12928.20459
v -872.26194 -419.69734 12935.46981
v -871.05775 -419.13796 12944.95388
v -872.72864 -413.12669 12952.21910
v -876.49279 -404.47629 12953.86599
v -880.58889 -397.23436 12949.12396
v 8.05895 -30.96859 13439.00000
v 8.93347 -23.00509 13418.62946
v 5.62792 -4.27726 13407.79052
v -0.31100 16.45195 13411.55484
v -6.10439 29.48311 13428.16106
v -9.04148 28.71879 13449.83894
v -7.74795 14.51663 13466.44516
v -2.82907 -6.47802 13470.20948
v 3.41356 -24.44154 13459.37054
v 992.28892 243.75685 13582.03716
v 992.67152 247.24088 13573.12505
v 991.22534 255.43431 13568.38302
v 988.62707 264.50333 13570.02991
v 986.09245 270.20447 13577.29513
v 984.80748 269.87008 13586.77920
v 985.37340 263.65663 13594.04442
v 987.52541 254.47147 13595.69131
v 990.25656 246.61243 13590.94928
v 31.81329 -3.45176 13439.00000
v 24.67802 0.19104 13418.62946
v 5.99563 3.74444 13407.79052
v -15.49218 5.54578 13411.55484
v -29.73103 4.75219 13428.16106
v -30.05840 1.73499 13449.83894
v -16.32111 -2.09402 13466.44516
v 5.05301 -4.94322 13470.20948
v 24.06277 -5.47943 13459.37054
v 103.75983 826.51866 13555.60439
v 100.63814 828.11238 13546.69227
v 92.46460 829.66700 13541.95024
v 83.06368 830.45508 13543.59713
v 76.83419 830.10788 13550.86235
v 76.69096 828.78786 13560.34642
v 82.70103 827.11267 13567.61164
v 92.05220 825.86614 13569.25853
v 100.36897 825.63155 13564.51650
v 6.48470 31.33606 13439.00000
v 2.17487 24.58274 13418.62946
v -3.15261 6.32688 13407.79052
v -7.00495 -14.88939 13411.55484
v -7.57960 -29.13876 13428.16106
v -4.60766 -29.75377 13449.83894
v 0.52025 -16.44666 13466.44516
v 5.40473 4.55602 13470.20948
v 7.76028 23.42689 13459.37054
v -932.21993 207.21082 13572.68162
v -934.10548 204.25624 13563.76951
v -936.43626 196.26931 13559.02748
v -938.12166 186.98718 13560.67437
v -938.37306 180.75309 13567.93959
v -937.07284 180.48402 13577.42366
v -934.82938 186.30588 13584.68888
v -932.69242 195.49455 13586.33577
v -931.66187 203.75056 13581.59374
v -21.60495 23.60564 13439.00000
v -18.65411 16.15751 13418.62946
v -6.97481 1.14911 13407.79052
v 7.96808 -14.39698 13411.55484
v 19.18262 -23.20656 13428.16106
v 21.42140 -21.15753 13449.83894
v 13.63686 -9.20866 13466.44516
v -0.52851 7.04905 13470.20948
v -14.44659 20.00843 13459.37054
v -933.84836 -835.72157 13614.43666
v -932.55737 -838.98013 13605.52455
v -927.44767 -845.54630 13600.78252
v -920.91016 -852.34772 13602.42941
v -916.00380 -856.20191 13609.69463
v -915.02433 -855.30546 13619.17870
v -918.43007 -850.07783 13626.44392
v -924.62742 -842.96508 13628.09081
v -930.71658 -837.29535 13623.34878
v -28.33454 -14.87124 13439.00000
v -20.38017 -13.91724 13418.62946
v -2.88970 -6.45120 13407.79052
v 15.95290 4.03342 13411.55484
v 27.33096 12.63077 13428.16106
v 25.92056 15.31803 13449.83894
v 12.38164 10.83782 13466.44516
v -6.95078 1.28648 13470.20948
v -23.03086 -8.86683 13459.37054
v 439.84500 -868.17245 13575.23885
v 443.32503 -867.75507 13566.32674
v 450.97711 -864.48868 13561.58470
v 459.22075 -859.90166 13563.23159
v 464.19865 -856.14032 13570.49681
v 463.58160 -854.96464 13579.98088
v 457.65833 -856.92473 13587.24610
v 449.20039 -861.10345 13588.89300
v 442.16536 -865.54552 13584.15096
v 24.74456 20.29056 14073.20000
v 17.14712 17.74873 14052.82946
v 1.52635 6.90208 14041.99052
v -14.80862 -7.17413 14045.75484
v -24.21447 -17.89349 14062.36106
v -22.29010 -20.24028 14084.03894
v -9.93594 -13.11642 14100.64516
v 7.06735 0.14476 14104.40948
v 20.76375 13.33820 14093.57054
v -562.59353 708.16843 14199.80661
v -565.91742 707.05638 14190.89450
v -572.75150 702.31097 14186.15246
v -579.89805 696.15263 14187.79935
v -584.01311 691.46291 14195.06457
v -583.17120 690.43619 14204.54864
v -577.76625 693.55288 14211.81386
v -570.32731 699.35465 14213.46075
v -564.33514 705.12678 14208.71872
v -13.36362 29.07600 14073.20000
v -12.82841 21.08252 14052.82946
v -6.29065 3.22430 14041.99052
v 3.19058 -16.14260 14045.75484
v 11.17890 -27.95621 14062.36106
v 13.93649 -26.68879 14084.03894
v 10.17304 -12.93339 14100.64516
v 1.64951 6.87368 14104.40948
v -7.64584 23.46449 14093.57054
v -695.44492 -304.22565 14179.45261
v -695.21077 -307.72280 14170.54050
v -692.35050 -315.53577 14165.79846
v -688.20246 -324.00879 14167.44536
v -684.70757 -329.17724 14174.71058
v -683.50112 -328.62275 14184.19465
v -685.14763 -322.60476 14191.45987
v -688.87668 -313.93917 14193.10676
v -692.94339 -306.68069 14188.36472
v -30.70756 9.00255 14073.20000
v -24.32567 4.15966 14052.82946
v -6.56153 -2.62958 14041.99052
v 14.27282 -8.18841 14045.75484
v 28.42876 -9.91580 14062.36106
v 29.28257 -7.00347 14084.03894
v 16.43474 -0.81414 14100.64516
v -4.10309 5.75613 14104.40948
v -22.72104 9.63305 14093.57054
v -328.07258 -1069.28639 14229.77540
v -325.28051 -1071.40515 14220.86329
v -317.50870 -1074.37544 14216.12125
v -308.39367 -1076.80743 14217.76815
v -302.20045 -1077.56316 14225.03337
v -301.82690 -1076.28902 14234.51744
v -307.44783 -1073.58119 14241.78266
v -316.43313 -1070.70670 14243.42955
v -324.57848 -1069.01054 14238.68751
v -6.49387 -31.33416 14073.20000
v -2.18206 -24.58210 14052.82946
v 3.15076 -6.32780 14041.99052
v 7.00931 14.88734 14045.75484
v 7.58812 29.13654 14062.36106
v 4.61637 29.75242 14084.03894
v -0.51544 16.44682 14100.64516
v -5.40606 -4.55444 14104.40948
v -7.76713 -23.42462 14093.57054
v 1149.07856 -252.43924 14237.89565
v 1150.96498 -249.48522 14228.98354
v 1153.29809 -241.49896 14224.24151
v 1154.98621 -232.21734 14225.88840
v 1155.23944 -225.98331 14233.15362
v 1153.93929 -225.71386 14242.63769
v 1151.69413 -231.53507 14249.90291
v 1149.55448 -240.72311 14251.54980
v 1148.52151 -248.97882 14246.80776
v 23.94852 -21.22424 14073.20000
v 20.23716 -14.12439 14052.82946
v 7.05661 -0.41558 14041.99052
v -9.42581 13.48768 14045.75484
v -21.49779 21.07991 14062.36106
v -23.51071 18.80861 14084.03894
v -14.52271 7.73656 14100.64516
v 1.26063 -6.95552 14104.40948
v 16.45410 -18.39303 14093.57054
v 716.68985 787.57415 14222.26689
v 715.06613 790.68033 14213.35478
v 709.29964 796.67793 14208.61275
v 702.08858 802.76061 14210.25964
v 696.80709 806.08221 14217.52486
v 695.92644 805.08852 14227.00893
v 699.85869 800.24450 14234.27415
v 706.76390 793.81671 14235.92104
v 713.41104 788.81280 14231.17901
vt 1.142656 0.000000
vt 1.100026 0.000000
vt 0.876990 0.000000
vt 0.818912 0.000000
vt 0.887585 0.000000
vt 0.879026 0.000000
vt 0.845186 0.000000
vt 0.717454 0.000000
vt 0.503295 0.000000
vt 0.406142 0.000000
vt 0.367196 0.000000
vt 0.262388 0.000000
vt 0.133651 0.000000
vt -0.000000 0.000000
vt -0.105591 0.000000
vt -0.210607 0.000000
vt -0.378434 0.000000
vt -0.520383 0.000000
vt -0.615086 0.000000
vt -0.675731 0.000000
vt -0.654112 0.000000
vt -0.735544 0.000000
vt -0.970136 0.000000
vt -1.062947 0.000000
vt -1.022001 0.000000
vt -0.978736 0.000000
vt -0.879744 0.000000
vt -0.907628 0.000000
vt -1.086643 0.000000
vt -1.072064 0.000000
vt -0.903161 0.000000
vt -0.785377 0.000000
vt -0.668603 0.000000
vt -0.623646 0.000000
vt -0.645559 0.000000
vt -0.533714 0.000000
vt -0.349957 0.000000
vt -0.221604 0.000000
vt -0.110122 0.000000
vt -0.000000 0.000000
vt 0.138183 0.000000
vt 0.273385 0.000000
vt 0.338719 0.000000
vt 0.419473 0.000000
vt 0.533768 0.000000
vt 0.665369 0.000000
vt 0.859677 0.000000
vt 0.928858 0.000000
vt 0.820610 0.000000
vt 0.828030 0.000000
vt 0.941632 0.000000
vt 1.028919 0.000000
vt 0.980223 0.471875
vt 0.891978 0.471875
vt 0.725914 0.471875
vt 0.708227 0.471875
vt 0.718516 0.471875
vt 0.725215 0.471875
vt 0.725665 0.471875
vt 0.582633 0.471875
vt 0.409953 0.471875
vt 0.349099 0.471875
vt 0.296064 0.471875
vt 0.210740 0.471875
vt 0.109961 0.471875
vt -0.005884 0.471875
vt -0.092322 0.471875
vt -0.189890 0.471875
vt -0.319608 0.471875
vt -0.432829 0.471875
vt -0.538875 0.471875
vt -0.568119 0.471875
vt -0.537191 0.471875
vt -0.646601 0.471875
vt -0.816796 0.471875
vt -0.873716 0.471875
vt -0.889651 0.471875
vt -0.827343 0.471875
vt -0.716465 0.471875
vt -0.792340 0.471875
vt -0.921471 0.471875
vt -0.878204 0.471875
vt -0.783827 0.471875
vt -0.671132 0.471875
vt -0.544325 0.471875
vt -0.542479 0.471875
vt -0.553876 0.471875
vt -0.439392 0.471875
vt -0.305590 0.471875
vt -0.195304 0.471875
vt -0.094552 0.471875
vt -0.005884 0.471875
vt 0.112191 0.471875
vt 0.216154 0.471875
vt 0.282046 0.471875
vt 0.355661 0.471875
vt 0.424954 0.471875
vt 0.556994 0.471875
vt 0.732798 0.471875
vt 0.749746 0.471875
vt 0.685547 0.471875
vt 0.712715 0.471875
vt 0.757735 0.471875
vt 0.856975 0.471875
vt 0.855093 0.943750
vt 0.748245 0.943750
vt 0.647227 0.943750
vt 0.619594 0.943750
vt 0.598311 0.943750
vt 0.641752 0.943750
vt 0.635798 0.943750
vt 0.484869 0.943750
vt 0.359769 0.943750
vt 0.304408 0.943750
vt 0.242174 0.943750
vt 0.179831 0.943750
vt 0.090706 0.943750
vt -0.012689 0.943750
vt -0.089438 0.943750
vt -0.178288 0.943750
vt -0.278222 0.943750
vt -0.389181 0.943750
vt -0.491299 0.943750
vt -0.488555 0.943750
vt -0.479740 0.943750
vt -0.592534 0.943750
vt -0.702075 0.943750
vt -0.771846 0.943750
vt -0.810300 0.943750
vt -0.710564 0.943750
vt -0.630821 0.943750
vt -0.726835 0.943750
vt -0.795509 0.943750
vt -0.769759 0.943750
vt -0.717401 0.943750
vt -0.581131 0.943750
vt -0.476425 0.943750
vt -0.500474 0.943750
vt -0.484326 0.943750
vt -0.386130 0.943750
vt -0.284738 0.943750
vt -0.175771 0.943750
vt -0.088402 0.943750
vt -0.012689 0.943750
vt 0.089669 0.943750
vt 0.177315 0.943750
vt 0.248690 0.943750
vt 0.301358 0.943750
vt 0.352796 0.943750
vt 0.496788 0.943750
vt 0.632482 0.943750
vt 0.630349 0.943750
vt 0.613636 0.943750
vt 0.617508 0.943750
vt 0.632435 0.943750
vt 0.764516 0.943750
vt 0.747685 1.415625
vt 0.661178 1.415625
vt 0.600237 1.415625
vt 0.537731 1.415625
vt 0.523802 1.415625
vt 0.592026 1.415625
vt 0.557035 1.415625
vt 0.421609 1.415625
vt 0.330597 1.415625
vt 0.261928 1.415625
vt 0.204972 1.415625
vt 0.159633 1.415625
vt 0.072323 1.415625
vt -0.020370 1.415625
vt -0.092650 1.415625
vt -0.169175 1.415625
vt -0.253887 1.415625
vt -0.371498 1.415625
vt -0.452661 1.415625
vt -0.437212 1.415625
vt -0.458776 1.415625
vt -0.546320 1.415625
vt -0.624595 1.415625
vt -0.725501 1.415625
vt -0.746468 1.415625
vt -0.628842 1.415625
vt -0.597167 1.415625
vt -0.673868 1.415625
vt -0.705536 1.415625
vt -0.719727 1.415625
vt -0.667005 1.415625
vt -0.514765 1.415625
vt -0.449601 1.415625
vt -0.470193 1.415625
vt -0.433365 1.415625
vt -0.363056 1.415625
vt -0.271919 1.415625
vt -0.162211 1.415625
vt -0.089781 1.415625
vt -0.020370 1.415625
vt 0.069454 1.415625
vt 0.152669 1.415625
vt 0.223004 1.415625
vt 0.253486 1.415625
vt 0.311301 1.415625
vt 0.454590 1.415625
vt 0.547860 1.415625
vt 0.560471 1.415625
vt 0.566212 1.415625
vt 0.531958 1.415625
vt 0.559305 1.415625
vt 0.706204 1.415625
vt 0.660403 1.887500
vt 0.616131 1.887500
vt 0.555569 1.887500
vt 0.467065 1.887500
vt 0.485364 1.887500
vt 0.548498 1.887500
vt 0.489214 1.887500
vt 0.386534 1.887500
vt 0.304448 1.887500
vt 0.222369 1.887500
vt 0.182152 1.887500
vt 0.141814 1.887500
vt 0.054417 1.887500
vt -0.028877 1.887500
vt -0.098031 1.887500
vt -0.161853 1.887500
vt -0.245569 1.887500
vt -0.363330 1.887500
vt -0.418536 1.887500
vt -0.413899 1.887500
vt -0.450681 1.887500
vt -0.501748 1.887500
vt -0.584718 1.887500
vt -0.702561 1.887500
vt -0.686397 1.887500
vt -0.585543 1.887500
vt -0.585669 1.887500
vt -0.620856 1.887500
vt -0.654295 1.887500
vt -0.698033 1.887500
vt -0.617978 1.887500
vt -0.477000 1.887500
vt -0.443485 1.887500
vt -0.439765 1.887500
vt -0.403402 1.887500
vt -0.356710 1.887500
vt -0.259711 1.887500
vt -0.156391 1.887500
vt -0.095780 1.887500
vt -0.028877 1.887500
vt 0.052167 1.887500
vt 0.136352 1.887500
vt 0.196294 1.887500
vt 0.215749 1.887500
vt 0.289314 1.887500
vt 0.412400 1.887500
vt 0.482018 1.887500
vt 0.523750 1.887500
vt 0.518625 1.887500
vt 0.462537 1.887500
vt 0.523467 1.887500
vt 0.651444 1.887500
vt 0.601100 2.359375
vt 0.590167 2.359375
vt 0.502043 2.359375
vt 0.417648 2.359375
vt 0.464691 2.359375
vt 0.498820 2.359375
vt 0.439160 2.359375
vt 0.366666 2.359375
vt 0.272500 2.359375
vt 0.191047 2.359375
vt 0.167609 2.359375
vt 0.121814 2.359375
vt 0.038163 2.359375
vt -0.038153 2.359375
vt -0.103202 2.359375
vt -0.158848 2.359375
vt -0.248427 2.359375
vt -0.353996 2.359375
vt -0.393693 2.359375
vt -0.411329 2.359375
vt -0.438745 2.359375
vt -0.466306 2.359375
vt -0.574143 2.359375
vt -0.679036 2.359375
vt -0.636575 2.359375
vt -0.574483 2.359375
vt -0.571840 2.359375
vt -0.574221 2.359375
vt -0.636813 2.359375
vt -0.679070 2.359375
vt -0.573896 2.359375
vt -0.466490 2.359375
vt -0.438798 2.359375
vt -0.411137 2.359375
vt -0.393805 2.359375
vt -0.354046 2.359375
vt -0.248322 2.359375
vt -0.158889 2.359375
vt -0.103219 2.359375
vt -0.038153 2.359375
vt 0.038180 2.359375
vt 0.121855 2.359375
vt 0.167504 2.359375
vt 0.191096 2.359375
vt 0.272613 2.359375
vt 0.366474 2.359375
vt 0.439213 2.359375
vt 0.499004 2.359375
vt 0.464444 2.359375
vt 0.417682 2.359375
vt 0.502282 2.359375
vt 0.589905 2.359375
vt 0.569068 2.831250
vt 0.560860 2.831250
vt 0.446007 2.831250
vt 0.391923 2.831250
vt 0.441998 2.831250
vt 0.446292 2.831250
vt 0.409303 2.831250
vt 0.346921 2.831250
vt 0.236516 2.831250
vt 0.170900 2.831250
vt 0.153463 2.831250
vt 0.099692 2.831250
vt 0.024420 2.831250
vt -0.048137 2.831250
vt -0.107989 2.831250
vt -0.162298 2.831250
vt -0.254826 2.831250
vt -0.341454 2.831250
vt -0.383411 2.831250
vt -0.416068 2.831250
vt -0.419057 2.831250
vt -0.449276 2.831250
vt -0.575653 2.831250
vt -0.646868 2.831250
vt -0.607944 2.831250
vt -0.578272 2.831250
vt -0.546293 2.831250
vt -0.546370 2.831250
vt -0.636945 2.831250
vt -0.650958 2.831250
vt -0.545605 2.831250
vt -0.471633 2.831250
vt -0.425558 2.831250
vt -0.392700 2.831250
vt -0.397082 2.831250
vt -0.347435 2.831250
vt -0.242050 2.831250
vt -0.167232 2.831250
vt -0.110022 2.831250
vt -0.048137 2.831250
vt 0.026453 2.831250
vt 0.104625 2.831250
vt 0.140687 2.831250
vt 0.176881 2.831250
vt 0.250187 2.831250
vt 0.323554 2.831250
vt 0.415804 2.831250
vt 0.468649 2.831250
vt 0.411951 2.831250
vt 0.396013 2.831250
vt 0.475007 2.831250
vt 0.528958 2.831250
vt 0.550991 3.303125
vt 0.517622 3.303125
vt 0.401168 3.303125
vt 0.379790 3.303125
vt 0.406572 3.303125
vt 0.402079 3.303125
vt 0.392362 3.303125
vt 0.318049 3.303125
vt 0.204359 3.303125
vt 0.158683 3.303125
vt 0.134327 3.303125
vt 0.078513 3.303125
vt 0.012549 3.303125
vt -0.058764 3.303125
vt -0.113823 3.303125
vt -0.171386 3.303125
vt -0.258364 3.303125
vt -0.330607 3.303125
vt -0.386641 3.303125
vt -0.415711 3.303125
vt -0.399211 3.303125
vt -0.451288 3.303125
vt -0.571917 3.303125
vt -0.613515 3.303125
vt -0.602693 3.303125
vt -0.577397 3.303125
vt -0.516228 3.303125
vt -0.541815 3.303125
vt -0.635039 3.303125
vt -0.618077 3.303125
vt -0.538403 3.303125
vt -0.476224 3.303125
vt -0.406462 3.303125
vt -0.389647 3.303125
vt -0.401890 3.303125
vt -0.337278 3.303125
vt -0.244114 3.303125
vt -0.176889 3.303125
vt -0.116090 3.303125
vt -0.058764 3.303125
vt 0.014816 3.303125
vt 0.084017 3.303125
vt 0.120077 3.303125
vt 0.165354 3.303125
vt 0.219608 3.303125
vt 0.291986 3.303125
vt 0.399614 3.303125
vt 0.427016 3.303125
vt 0.373058 3.303125
vt 0.384352 3.303125
vt 0.433514 3.303125
vt 0.482040 3.303125
vt 0.528604 3.775000
vt 0.465801 3.775000
vt 0.375118 3.775000
vt 0.364770 3.775000
vt 0.361767 3.775000
vt 0.373634 3.775000
vt 0.375098 3.775000
vt 0.281238 3.775000
vt 0.182163 3.775000
vt 0.146703 3.775000
vt 0.110213 3.775000
vt 0.061096 3.775000
vt 0.000653 3.775000
vt -0.069963 3.775000
vt -0.122185 3.775000
vt -0.182486 3.775000
vt -0.257504 3.775000
vt -0.327522 3.775000
vt -0.395366 3.775000
vt -0.406228 3.775000
vt -0.389776 3.775000
vt -0.462199 3.775000
vt -0.555804 3.775000
vt -0.592049 3.775000
vt -0.610097 3.775000
vt -0.562310 3.775000
vt -0.496193 3.775000
vt -0.551525 3.775000
vt -0.619901 3.775000
vt -0.593432 3.775000
vt -0.545646 3.775000
vt -0.469758 3.775000
vt -0.391974 3.775000
vt -0.398328 3.775000
vt -0.399988 3.775000
vt -0.329544 3.775000
vt -0.253185 3.775000
vt -0.184154 3.775000
vt -0.122872 3.775000
vt -0.069963 3.775000
vt 0.001341 3.775000
vt 0.062764 3.775000
vt 0.105894 3.775000
vt 0.148725 3.775000
vt 0.186785 3.775000
vt 0.273338 3.775000
vt 0.377296 3.775000
vt 0.381192 3.775000
vt 0.351609 3.775000
vt 0.366153 3.775000
vt 0.384922 3.775000
vt 0.455016 3.775000
vt 0.491162 4.246875
vt 0.419588 4.246875
vt 0.362278 4.246875
vt 0.335761 4.246875
vt 0.319970 4.246875
vt 0.357598 4.246875
vt 0.347474 4.246875
vt 0.245289 4.246875
vt 0.168814 4.246875
vt 0.128382 4.246875
vt 0.085575 4.246875
vt 0.047410 4.246875
vt -0.013058 4.246875
vt -0.081660 4.246875
vt -0.133207 4.246875
vt -0.191719 4.246875
vt -0.255724 4.246875
vt -0.333644 4.246875
vt -0.400079 4.246875
vt -0.393291 4.246875
vt -0.394661 4.246875
vt -0.468241 4.246875
vt -0.533463 4.246875
vt -0.588675 4.246875
vt -0.613734 4.246875
vt -0.538377 4.246875
vt -0.494686 4.246875
vt -0.559071 4.246875
vt -0.594922 4.246875
vt -0.586022 4.246875
vt -0.552954 4.246875
vt -0.453738 4.246875
vt -0.390443 4.246875
vt -0.408449 4.246875
vt -0.391211 4.246875
vt -0.329764 4.246875
vt -0.264012 4.246875
vt -0.188518 4.246875
vt -0.131888 4.246875
vt -0.081660 4.246875
vt -0.014376 4.246875
vt 0.044210 4.246875
vt 0.093862 4.246875
vt 0.124502 4.246875
vt 0.159946 4.246875
vt 0.260447 4.246875
vt 0.343257 4.246875
vt 0.343096 4.246875
vt 0.339461 4.246875
vt 0.333108 4.246875
vt 0.343466 4.246875
vt 0.440282 4.246875
vt 0.442167 4.718750
vt 0.389150 4.718750
vt 0.348210 4.718750
vt 0.294547 4.718750
vt 0.291367 4.718750
vt 0.342215 4.718750
vt 0.309446 4.718750
vt 0.218482 4.718750
vt 0.156792 4.718750
vt 0.102953 4.718750
vt 0.065175 4.718750
vt 0.034554 4.718750
vt -0.028962 4.718750
vt -0.093778 4.718750
vt -0.145478 4.718750
vt -0.197717 4.718750
vt -0.257984 4.718750
vt -0.344326 4.718750
vt -0.396601 4.718750
vt -0.386384 4.718750
vt -0.407692 4.718750
vt -0.462180 4.718750
vt -0.517508 4.718750
vt -0.597063 4.718750
vt -0.603546 4.718750
vt -0.519569 4.718750
vt -0.506836 4.718750
vt -0.552933 4.718750
vt -0.573216 4.718750
vt -0.592786 4.718750
vt -0.548933 4.718750
vt -0.438798 4.718750
vt -0.400893 4.718750
vt -0.410822 4.718750
vt -0.382302 4.718750
vt -0.338071 4.718750
vt -0.271346 4.718750
vt -0.192557 4.718750
vt -0.143352 4.718750
vt -0.093778 4.718750
vt -0.031088 4.718750
vt 0.029394 4.718750
vt 0.078537 4.718750
vt 0.096697 4.718750
vt 0.142494 4.718750
vt 0.242921 4.718750
vt 0.302646 4.718750
vt 0.318833 4.718750
vt 0.322792 4.718750
vt 0.290269 4.718750
vt 0.317880 4.718750
vt 0.422514 4.718750
vt 0.394924 5.190625
vt 0.372171 5.190625
vt 0.321109 5.190625
vt 0.253020 5.190625
vt 0.275492 5.190625
vt 0.316669 5.190625
vt 0.269807 5.190625
vt 0.201633 5.190625
vt 0.138276 5.190625
vt 0.075459 5.190625
vt 0.050110 5.190625
vt 0.019128 5.190625
vt -0.045853 5.190625
vt -0.106237 5.190625
vt -0.157135 5.190625
vt -0.202335 5.190625
vt -0.266384 5.190625
vt -0.352506 5.190625
vt -0.388547 5.190625
vt -0.390526 5.190625
vt -0.417681 5.190625
vt -0.448046 5.190625
vt -0.515877 5.190625
vt -0.603429 5.190625
vt -0.582611 5.190625
vt -0.516091 5.190625
vt -0.518510 5.190625
vt -0.534603 5.190625
vt -0.565783 5.190625
vt -0.601055 5.190625
vt -0.533313 5.190625
vt -0.435072 5.190625
vt -0.413908 5.190625
vt -0.404085 5.190625
vt -0.380614 5.190625
vt -0.349035 5.190625
vt -0.273798 5.190625
vt -0.199472 5.190625
vt -0.155955 5.190625
vt -0.106237 5.190625
vt -0.047033 5.190625
vt 0.016264 5.190625
vt 0.057524 5.190625
vt 0.071988 5.190625
vt 0.130343 5.190625
vt 0.215193 5.190625
vt 0.266034 5.190625
vt 0.303696 5.190625
vt 0.292928 5.190625
vt 0.250647 5.190625
vt 0.304280 5.190625
vt 0.390684 5.190625
vt 0.360848 5.662500
vt 0.356177 5.662500
vt 0.280727 5.662500
vt 0.222730 5.662500
vt 0.262038 5.662500
vt 0.279338 5.662500
vt 0.238284 5.662500
vt 0.187730 5.662500
vt 0.111251 5.662500
vt 0.052228 5.662500
vt 0.037100 5.662500
vt -0.000069 5.662500
vt -0.061999 5.662500
vt -0.118956 5.662500
vt -0.167271 5.662500
vt -0.208796 5.662500
vt -0.278472 5.662500
vt -0.354223 5.662500
vt -0.383590 5.662500
vt -0.402237 5.662500
vt -0.417351 5.662500
vt -0.436765 5.662500
vt -0.525372 5.662500
vt -0.597532 5.662500
vt -0.563297 5.662500
vt -0.526051 5.662500
vt -0.517792 5.662500
vt -0.516057 5.662500
vt -0.572382 5.662500
vt -0.598813 5.662500
vt -0.515959 5.662500
vt -0.443769 5.662500
vt -0.419388 5.662500
vt -0.394917 5.662500
vt -0.387873 5.662500
vt -0.356096 5.662500
vt -0.274470 5.662500
vt -0.210342 5.662500
vt -0.167908 5.662500
vt -0.118956 5.662500
vt -0.061362 5.662500
vt 0.001476 5.662500
vt 0.033098 5.662500
vt 0.054102 5.662500
vt 0.115534 5.662500
vt 0.180409 5.662500
vt 0.240320 5.662500
vt 0.286342 5.662500
vt 0.252625 5.662500
vt 0.224011 5.662500
vt 0.289812 5.662500
vt 0.346183 5.662500
vt 0.340237 6.134375
vt 0.329024 6.134375
vt 0.237603 6.134375
vt 0.205519 6.134375
vt 0.239642 6.134375
vt 0.238288 6.134375
vt 0.217535 6.134375
vt 0.167983 6.134375
vt 0.080653 6.134375
vt 0.035678 6.134375
vt 0.021399 6.134375
vt -0.021231 6.134375
vt -0.076539 6.134375
vt -0.131849 6.134375
vt -0.176502 6.134375
vt -0.218899 6.134375
vt -0.289366 6.134375
vt -0.351374 6.134375
vt -0.386811 6.134375
vt -0.412691 6.134375
vt -0.408661 6.134375
vt -0.436681 6.134375
vt -0.534695 6.134375
vt -0.580291 6.134375
vt -0.556379 6.134375
vt -0.537517 6.134375
vt -0.504079 6.134375
vt -0.509136 6.134375
vt -0.582179 6.134375
vt -0.583930 6.134375
vt -0.507963 6.134375
vt -0.456571 6.134375
vt -0.414445 6.134375
vt -0.391902 6.134375
vt -0.398974 6.134375
vt -0.356695 6.134375
vt -0.278000 6.134375
vt -0.223289 6.134375
vt -0.178310 6.134375
vt -0.131849 6.134375
vt -0.074731 6.134375
vt -0.016841 6.134375
vt 0.010033 6.134375
vt 0.040999 6.134375
vt 0.092815 6.134375
vt 0.147194 6.134375
vt 0.223319 6.134375
vt 0.258178 6.134375
vt 0.212910 6.134375
vt 0.209158 6.134375
vt 0.263403 6.134375
vt 0.300643 6.134375
vt 0.322731 6.606250
vt 0.288521 6.606250
vt 0.203763 6.606250
vt 0.192690 6.606250
vt 0.205011 6.606250
vt 0.204037 6.606250
vt 0.201468 6.606250
vt 0.138964 6.606250
vt 0.053895 6.606250
vt 0.022667 6.606250
vt 0.000718 6.606250
vt -0.041184 6.606250
vt -0.090061 6.606250
vt -0.144833 6.606250
vt -0.186279 6.606250
vt -0.231578 6.606250
vt -0.295720 6.606250
vt -0.349623 6.606250
vt -0.396647 6.606250
vt -0.415010 6.606250
vt -0.400397 6.606250
vt -0.446867 6.606250
vt -0.533878 6.606250
vt -0.562015 6.606250
vt -0.562291 6.606250
vt -0.538594 6.606250
vt -0.487546 6.606250
vt -0.515848 6.606250
vt -0.582969 6.606250
vt -0.564932 6.606250
vt -0.512454 6.606250
vt -0.462808 6.606250
vt -0.405033 6.606250
vt -0.398349 6.606250
vt -0.406395 6.606250
vt -0.353888 6.606250
vt -0.286610 6.606250
vt -0.235096 6.606250
vt -0.187729 6.606250
vt -0.144833 6.606250
vt -0.088611 6.606250
vt -0.037666 6.606250
vt -0.008392 6.606250
vt 0.026931 6.606250
vt 0.063643 6.606250
vt 0.122303 6.606250
vt 0.206104 6.606250
vt 0.219978 6.606250
vt 0.183587 6.606250
vt 0.195607 6.606250
vt 0.224441 6.606250
vt 0.265775 6.606250
vt 0.296377 7.078125
vt 0.243414 7.078125
vt 0.182943 7.078125
vt 0.172759 7.078125
vt 0.164952 7.078125
vt 0.180918 7.078125
vt 0.180769 7.078125
vt 0.104961 7.078125
vt 0.034757 7.078125
vt 0.007453 7.078125
vt -0.023086 7.078125
vt -0.057995 7.078125
vt -0.103968 7.078125
vt -0.157821 7.078125
vt -0.197587 7.078125
vt -0.243883 7.078125
vt -0.298196 7.078125
vt -0.353460 7.078125
vt -0.406518 7.078125
vt -0.409512 7.078125
vt -0.400489 7.078125
vt -0.458421 7.078125
vt -0.522035 7.078125
vt -0.553265 7.078125
vt -0.571380 7.078125
vt -0.526815 7.078125
vt -0.480034 7.078125
vt -0.527336 7.078125
vt -0.570907 7.078125
vt -0.553198 7.078125
vt -0.522525 7.078125
vt -0.458056 7.078125
vt -0.400383 7.078125
vt -0.409894 7.078125
vt -0.406295 7.078125
vt -0.353363 7.078125
vt -0.298405 7.078125
vt -0.243802 7.078125
vt -0.197554 7.078125
vt -0.157821 7.078125
vt -0.104001 7.078125
vt -0.058075 7.078125
vt -0.022877 7.078125
vt 0.007356 7.078125
vt 0.034534 7.078125
vt 0.105343 7.078125
vt 0.180663 7.078125
vt 0.180552 7.078125
vt 0.165443 7.078125
vt 0.172692 7.078125
vt 0.182469 7.078125
vt 0.243934 7.078125
vt 0.257354 7.550000
vt 0.205530 7.550000
vt 0.168245 7.550000
vt 0.140910 7.550000
vt 0.130150 7.550000
vt 0.164091 7.550000
vt 0.150646 7.550000
vt 0.073971 7.550000
vt 0.020669 7.550000
vt -0.013444 7.550000
vt -0.045771 7.550000
vt -0.072369 7.550000
vt -0.119228 7.550000
vt -0.170727 7.550000
vt -0.210110 7.550000
vt -0.253412 7.550000
vt -0.300535 7.550000
vt -0.362588 7.550000
vt -0.410389 7.550000
vt -0.402797 7.550000
vt -0.409603 7.550000
vt -0.462117 7.550000
vt -0.507246 7.550000
vt -0.556227 7.550000
vt -0.572308 7.550000
vt -0.510272 7.550000
vt -0.485295 7.550000
vt -0.531705 7.550000
vt -0.552824 7.550000
vt -0.553479 7.550000
vt -0.527433 7.550000
vt -0.447097 7.550000
vt -0.405235 7.550000
vt -0.418496 7.550000
vt -0.401204 7.550000
vt -0.358570 7.550000
vt -0.309118 7.550000
vt -0.250097 7.550000
vt -0.208745 7.550000
vt -0.170727 7.550000
vt -0.120594 7.550000
vt -0.075684 7.550000
vt -0.037188 7.550000
vt -0.017462 7.550000
vt 0.011484 7.550000
vt 0.089671 7.550000
vt 0.146278 7.550000
vt 0.149071 7.550000
vt 0.150337 7.550000
vt 0.138162 7.550000
vt 0.148761 7.550000
vt 0.226962 7.550000
vt 0.212418 8.021875
vt 0.180072 8.021875
vt 0.148566 8.021875
vt 0.102373 8.021875
vt 0.106320 8.021875
vt 0.144206 8.021875
vt 0.114355 8.021875
vt 0.051029 8.021875
vt 0.005334 8.021875
vt -0.038581 8.021875
vt -0.064251 8.021875
vt -0.086819 8.021875
vt -0.135570 8.021875
vt -0.183467 8.021875
vt -0.222524 8.021875
vt -0.260122 8.021875
vt -0.306223 8.021875
vt -0.372460 8.021875
vt -0.407482 8.021875
vt -0.401854 8.021875
vt -0.421099 8.021875
vt -0.455743 8.021875
vt -0.499258 8.021875
vt -0.563526 8.021875
vt -0.561179 8.021875
vt -0.500176 8.021875
vt -0.496533 8.021875
vt -0.523710 8.021875
vt -0.539784 8.021875
vt -0.560508 8.021875
vt -0.521425 8.021875
vt -0.439249 8.021875
vt -0.416303 8.021875
vt -0.419092 8.021875
vt -0.397396 8.021875
vt -0.368047 8.021875
vt -0.315648 8.021875
vt -0.256482 8.021875
vt -0.221025 8.021875
vt -0.183467 8.021875
vt -0.137070 8.021875
vt -0.090459 8.021875
vt -0.054825 8.021875
vt -0.042994 8.021875
vt -0.004752 8.021875
vt 0.068268 8.021875
vt 0.109559 8.021875
vt 0.127713 8.021875
vt 0.128487 8.021875
vt 0.099355 8.021875
vt 0.127171 8.021875
vt 0.203606 8.021875
vt 0.172647 8.493750
vt 0.162037 8.493750
vt 0.117903 8.493750
vt 0.067435 8.493750
vt 0.090083 8.493750
vt 0.115325 8.493750
vt 0.079969 8.493750
vt 0.034466 8.493750
vt -0.015853 8.493750
vt -0.063099 8.493750
vt -0.078914 8.493750
vt -0.103432 8.493750
vt -0.151736 8.493750
vt -0.195956 8.493750
vt -0.233568 8.493750
vt -0.266094 8.493750
vt -0.315645 8.493750
vt -0.378201 8.493750
vt -0.402385 8.493750
vt -0.408341 8.493750
vt -0.426884 8.493750
vt -0.445207 8.493750
vt -0.501436 8.493750
vt -0.564848 8.493750
vt -0.543964 8.493750
vt -0.501513 8.493750
vt -0.502645 8.493750
vt -0.508331 8.493750
vt -0.537766 8.493750
vt -0.563974 8.493750
vt -0.507858 8.493750
vt -0.440429 8.493750
vt -0.425495 8.493750
vt -0.413335 8.493750
vt -0.399463 8.493750
vt -0.376923 8.493750
vt -0.318375 8.493750
vt -0.265040 8.493750
vt -0.233133 8.493750
vt -0.195956 8.493750
vt -0.152171 8.493750
vt -0.104486 8.493750
vt -0.076183 8.493750
vt -0.064378 8.493750
vt -0.018775 8.493750
vt 0.039460 8.493750
vt 0.078579 8.493750
vt 0.110547 8.493750
vt 0.096505 8.493750
vt 0.066561 8.493750
vt 0.111705 8.493750
vt 0.168855 8.493750
vt 0.144226 8.965625
vt 0.141171 8.965625
vt 0.079787 8.965625
vt 0.042811 8.965625
vt 0.072524 8.965625
vt 0.079450 8.965625
vt 0.053536 8.965625
vt 0.017890 8.965625
vt -0.042195 8.965625
vt -0.082854 8.965625
vt -0.092949 8.965625
vt -0.122170 8.965625
vt -0.166514 8.965625
vt -0.208112 8.965625
vt -0.242984 8.965625
vt -0.273609 8.965625
vt -0.325969 8.965625
vt -0.378478 8.965625
vt -0.400827 8.965625
vt -0.417640 8.965625
vt -0.423959 8.965625
vt -0.439022 8.965625
vt -0.508536 8.965625
vt -0.555391 8.965625
vt -0.530771 8.965625
vt -0.509505 8.965625
vt -0.497429 8.965625
vt -0.495807 8.965625
vt -0.543224 8.965625
vt -0.557147 8.965625
vt -0.495634 8.965625
vt -0.448622 8.965625
vt -0.426750 8.965625
vt -0.407607 8.965625
vt -0.406697 8.965625
vt -0.381046 8.965625
vt -0.320483 8.965625
vt -0.275728 8.965625
vt -0.243857 8.965625
vt -0.208112 8.965625
vt -0.165641 8.965625
vt -0.120051 8.965625
vt -0.098435 8.965625
vt -0.080286 8.965625
vt -0.036325 8.965625
vt 0.007856 8.965625
vt 0.056327 8.965625
vt 0.089050 8.965625
vt 0.059622 8.965625
vt 0.044567 8.965625
vt 0.092239 8.965625
vt 0.127473 8.965625
vt 0.123993 9.437500
vt 0.110721 9.437500
vt 0.043644 9.437500
vt 0.026638 9.437500
vt 0.046896 9.437500
vt 0.044257 9.437500
vt 0.034475 9.437500
vt -0.004205 9.437500
vt -0.068670 9.437500
vt -0.097614 9.437500
vt -0.109473 9.437500
vt -0.141029 9.437500
vt -0.179640 9.437500
vt -0.219855 9.437500
vt -0.251568 9.437500
vt -0.283236 9.437500
vt -0.333643 9.437500
vt -0.376175 9.437500
vt -0.404914 9.437500
vt -0.423060 9.437500
vt -0.416290 9.437500
vt -0.441168 9.437500
vt -0.511620 9.437500
vt -0.539143 9.437500
vt -0.527293 9.437500
vt -0.514251 9.437500
vt -0.484041 9.437500
vt -0.492880 9.437500
vt -0.546722 9.437500
vt -0.541883 9.437500
vt -0.491491 9.437500
vt -0.456145 9.437500
vt -0.420645 9.437500
vt -0.407406 9.437500
vt -0.414073 9.437500
vt -0.380181 9.437500
vt -0.325084 9.437500
vt -0.286541 9.437500
vt -0.252930 9.437500
vt -0.219855 9.437500
vt -0.178278 9.437500
vt -0.137724 9.437500
vt -0.118031 9.437500
vt -0.093607 9.437500
vt -0.059511 9.437500
vt -0.019859 9.437500
vt 0.038830 9.437500
vt 0.059234 9.437500
vt 0.026767 9.437500
vt 0.029378 9.437500
vt 0.063072 9.437500
vt 0.089349 9.437500
vt 0.102911 9.909375
vt 0.072579 9.909375
vt 0.016743 9.909375
vt 0.010840 9.909375
vt 0.013890 9.909375
vt 0.016464 9.909375
vt 0.016726 9.909375
vt -0.032044 9.909375
vt -0.090306 9.909375
vt -0.110814 9.909375
vt -0.128974 9.909375
vt -0.157770 9.909375
vt -0.191857 9.909375
vt -0.231108 9.909375
vt -0.260367 9.909375
vt -0.293470 9.909375
vt -0.337244 9.909375
vt -0.375618 9.909375
vt -0.411716 9.909375
vt -0.421328 9.909375
vt -0.410904 9.909375
vt -0.448264 9.909375
vt -0.505500 9.909375
vt -0.524786 9.909375
vt -0.530594 9.909375
vt -0.509084 9.909375
vt -0.471509 9.909375
vt -0.497653 9.909375
vt -0.540986 9.909375
vt -0.526252 9.909375
vt -0.494734 9.909375
vt -0.456275 9.909375
vt -0.413234 9.909375
vt -0.412955 9.909375
vt -0.416614 9.909375
vt -0.377761 9.909375
vt -0.332666 9.909375
vt -0.295237 9.909375
vt -0.261096 9.909375
vt -0.231108 9.909375
vt -0.191128 9.909375
vt -0.156002 9.909375
vt -0.133551 9.909375
vt -0.108671 9.909375
vt -0.085408 9.909375
vt -0.040416 9.909375
vt 0.019056 9.909375
vt 0.024474 9.909375
vt 0.003124 9.909375
vt 0.012306 9.909375
vt 0.027134 9.909375
vt 0.061149 9.909375
vt 0.073953 10.381250
vt 0.034966 10.381250
vt -0.001356 10.381250
vt -0.011723 10.381250
vt -0.019604 10.381250
vt -0.003396 10.381250
vt -0.005790 10.381250
vt -0.060858 10.381250
vt -0.106100 10.381250
vt -0.126380 10.381250
vt -0.149123 10.381250
vt -0.171673 10.381250
vt -0.204159 10.381250
vt -0.241795 10.381250
vt -0.269753 10.381250
vt -0.302084 10.381250
vt -0.338343 10.381250
vt -0.378905 10.381250
vt -0.416050 10.381250
vt -0.414810 10.381250
vt -0.411894 10.381250
vt -0.452947 10.381250
vt -0.492460 10.381250
vt -0.518210 10.381250
vt -0.532253 10.381250
vt -0.495524 10.381250
vt -0.466859 10.381250
vt -0.501903 10.381250
vt -0.526453 10.381250
vt -0.517392 10.381250
vt -0.498469 10.381250
vt -0.448476 10.381250
vt -0.410594 10.381250
vt -0.419483 10.381250
vt -0.413316 10.381250
vt -0.377709 10.381250
vt -0.340898 10.381250
vt -0.301098 10.381250
vt -0.269347 10.381250
vt -0.241795 10.381250
vt -0.204565 10.381250
vt -0.172660 10.381250
vt -0.146569 10.381250
vt -0.127577 10.381250
vt -0.108834 10.381250
vt -0.056185 10.381250
vt -0.007091 10.381250
vt -0.007867 10.381250
vt -0.013595 10.381250
vt -0.012541 10.381250
vt -0.007155 10.381250
vt 0.041346 10.381250
vt 0.037576 10.853125
vt 0.005244 10.853125
vt -0.017590 10.853125
vt -0.041581 10.853125
vt -0.046599 10.853125
vt -0.020702 10.853125
vt -0.034246 10.853125
vt -0.085166 10.853125
vt -0.119347 10.853125
vt -0.145474 10.853125
vt -0.166876 10.853125
vt -0.183901 10.853125
vt -0.216910 10.853125
vt -0.251847 10.853125
vt -0.279138 10.853125
vt -0.307930 10.853125
vt -0.339881 10.853125
vt -0.384394 10.853125
vt -0.414809 10.853125
vt -0.408970 10.853125
vt -0.417384 10.853125
vt -0.450120 10.853125
vt -0.479589 10.853125
vt -0.518023 10.853125
vt -0.525618 10.853125
vt -0.481151 10.853125
vt -0.469632 10.853125
vt -0.498265 10.853125
vt -0.510059 10.853125
vt -0.515829 10.853125
vt -0.495709 10.853125
vt -0.438126 10.853125
vt -0.413896 10.853125
vt -0.421506 10.853125
vt -0.407474 10.853125
vt -0.381185 10.853125
vt -0.346735 10.853125
vt -0.305284 10.853125
vt -0.278048 10.853125
vt -0.251847 10.853125
vt -0.218001 10.853125
vt -0.186548 10.853125
vt -0.160022 10.853125
vt -0.148683 10.853125
vt -0.126682 10.853125
vt -0.072629 10.853125
vt -0.037734 10.853125
vt -0.032696 10.853125
vt -0.030479 10.853125
vt -0.043776 10.853125
vt -0.033149 10.853125
vt 0.022359 10.853125
vt 0.000590 11.325000
vt -0.015828 11.325000
vt -0.039073 11.325000
vt -0.072896 11.325000
vt -0.065565 11.325000
vt -0.041735 11.325000
vt -0.064449 11.325000
vt -0.103185 11.325000
vt -0.134481 11.325000
vt -0.165812 11.325000
vt -0.180931 11.325000
vt -0.196304 11.325000
vt -0.229568 11.325000
vt -0.261198 11.325000
vt -0.287494 11.325000
vt -0.311681 11.325000
vt -0.343600 11.325000
vt -0.388376 11.325000
vt -0.409162 11.325000
vt -0.407599 11.325000
vt -0.421630 11.325000
vt -0.440731 11.325000
vt -0.472520 11.325000
vt -0.517412 11.325000
vt -0.510884 11.325000
vt -0.472813 11.325000
vt -0.473015 11.325000
vt -0.485980 11.325000
vt -0.498915 11.325000
vt -0.515724 11.325000
vt -0.484921 11.325000
vt -0.431504 11.325000
vt -0.418947 11.325000
vt -0.417243 11.325000
vt -0.403519 11.325000
vt -0.385907 11.325000
vt -0.348873 11.325000
vt -0.309645 11.325000
vt -0.286655 11.325000
vt -0.261198 11.325000
vt -0.230407 11.325000
vt -0.198340 11.325000
vt -0.175658 11.325000
vt -0.168281 11.325000
vt -0.140124 11.325000
vt -0.093541 11.325000
vt -0.067132 11.325000
vt -0.050962 11.325000
vt -0.053164 11.325000
vt -0.074584 11.325000
vt -0.051042 11.325000
vt -0.002662 11.325000
vt -0.029979 11.796875
vt -0.033889 11.796875
vt -0.067323 11.796875
vt -0.098822 11.796875
vt -0.080970 11.796875
vt -0.068491 11.796875
vt -0.090768 11.796875
vt -0.117782 11.796875
vt -0.153336 11.796875
vt -0.183840 11.796875
vt -0.192519 11.796875
vt -0.209808 11.796875
vt -0.241168 11.796875
vt -0.269785 11.796875
vt -0.294173 11.796875
vt -0.315031 11.796875
vt -0.348743 11.796875
vt -0.388228 11.796875
vt -0.403075 11.796875
vt -0.409918 11.796875
vt -0.420015 11.796875
vt -0.430261 11.796875
vt -0.471036 11.796875
vt -0.510169 11.796875
vt -0.494093 11.796875
vt -0.471176 11.796875
vt -0.469981 11.796875
vt -0.470684 11.796875
vt -0.494540 11.796875
vt -0.510232 11.796875
vt -0.470573 11.796875
vt -0.430606 11.796875
vt -0.420115 11.796875
vt -0.409558 11.796875
vt -0.403286 11.796875
vt -0.388320 11.796875
vt -0.348546 11.796875
vt -0.315107 11.796875
vt -0.294205 11.796875
vt -0.269785 11.796875
vt -0.241137 11.796875
vt -0.209732 11.796875
vt -0.192716 11.796875
vt -0.183748 11.796875
vt -0.153125 11.796875
vt -0.118142 11.796875
vt -0.090668 11.796875
vt -0.068146 11.796875
vt -0.081433 11.796875
vt -0.098759 11.796875
vt -0.066876 11.796875
vt -0.034381 11.796875
vt -0.052492 12.268750
vt -0.055627 12.268750
vt -0.097689 12.268750
vt -0.117063 12.268750
vt -0.098917 12.268750
vt -0.097563 12.268750
vt -0.110773 12.268750
vt -0.133556 12.268750
vt -0.173950 12.268750
vt -0.197687 12.268750
vt -0.204060 12.268750
vt -0.223737 12.268750
vt -0.251102 12.268750
vt -0.277551 12.268750
vt -0.299335 12.268750
vt -0.319165 12.268750
vt -0.352911 12.268750
vt -0.384333 12.268750
vt -0.399742 12.268750
vt -0.411716 12.268750
vt -0.412558 12.268750
vt -0.423733 12.268750
vt -0.469912 12.268750
vt -0.495539 12.268750
vt -0.481526 12.268750
vt -0.470897 12.268750
vt -0.458894 12.268750
vt -0.459066 12.268750
vt -0.492282 12.268750
vt -0.497056 12.268750
vt -0.458768 12.268750
vt -0.432025 12.268750
vt -0.414969 12.268750
vt -0.403050 12.268750
vt -0.404812 12.268750
vt -0.386551 12.268750
vt -0.348172 12.268750
vt -0.320995 12.268750
vt -0.300088 12.268750
vt -0.277551 12.268750
vt -0.250348 12.268750
vt -0.221907 12.268750
vt -0.208799 12.268750
vt -0.195469 12.268750
vt -0.168879 12.268750
vt -0.142222 12.268750
vt -0.108362 12.268750
vt -0.089271 12.268750
vt -0.110061 12.268750
vt -0.115546 12.268750
vt -0.086934 12.268750
vt -0.067459 12.268750
vt -0.071268 12.740625
vt -0.083241 12.740625
vt -0.123832 12.740625
vt -0.131078 12.740625
vt -0.122003 12.740625
vt -0.123524 12.740625
vt -0.126718 12.740625
vt -0.152887 12.740625
vt -0.192585 12.740625
vt -0.208400 12.740625
vt -0.217026 12.740625
vt -0.236520 12.740625
vt -0.259513 12.740625
vt -0.284447 12.740625
vt -0.303664 12.740625
vt -0.323832 12.740625
vt -0.354157 12.740625
vt -0.379340 12.740625
vt -0.399081 12.740625
vt -0.409124 12.740625
vt -0.403253 12.740625
vt -0.421700 12.740625
vt -0.463706 12.740625
vt -0.478073 12.740625
vt -0.474601 12.740625
vt -0.465644 12.740625
vt -0.444069 12.740625
vt -0.453324 12.740625
vt -0.485800 12.740625
vt -0.479653 12.740625
vt -0.452102 12.740625
vt -0.430333 12.740625
vt -0.405763 12.740625
vt -0.400100 12.740625
vt -0.404360 12.740625
vt -0.381649 12.740625
vt -0.349223 12.740625
vt -0.325737 12.740625
vt -0.304449 12.740625
vt -0.284447 12.740625
vt -0.258728 12.740625
vt -0.234614 12.740625
vt -0.221960 12.740625
vt -0.206090 12.740625
vt -0.187306 12.740625
vt -0.161911 12.740625
vt -0.124207 12.740625
vt -0.114890 12.740625
vt -0.133607 12.740625
vt -0.129498 12.740625
vt -0.112633 12.740625
vt -0.095561 12.740625
vt -0.092254 13.212500
vt -0.113260 13.212500
vt -0.143002 13.212500
vt -0.146467 13.212500
vt -0.147678 13.212500
vt -0.143523 13.212500
vt -0.143048 13.212500
vt -0.174295 13.212500
vt -0.206932 13.212500
vt -0.218662 13.212500
vt -0.230849 13.212500
vt -0.247033 13.212500
vt -0.267037 13.212500
vt -0.290425 13.212500
vt -0.307715 13.212500
vt -0.327702 13.212500
vt -0.352444 13.212500
vt -0.375681 13.212500
vt -0.398215 13.212500
vt -0.401628 13.212500
vt -0.396275 13.212500
vt -0.420382 13.212500
vt -0.451114 13.212500
vt -0.463205 13.212500
vt -0.469365 13.212500
vt -0.453266 13.212500
vt -0.431455 13.212500
vt -0.449987 13.212500
vt -0.472346 13.212500
vt -0.463625 13.212500
vt -0.448025 13.212500
vt -0.422680 13.212500
vt -0.396943 13.212500
vt -0.399226 13.212500
vt -0.399620 13.212500
vt -0.376296 13.212500
vt -0.351131 13.212500
vt -0.328209 13.212500
vt -0.307924 13.212500
vt -0.290425 13.212500
vt -0.266828 13.212500
vt -0.246526 13.212500
vt -0.232162 13.212500
vt -0.218047 13.212500
vt -0.205527 13.212500
vt -0.176697 13.212500
vt -0.142380 13.212500
vt -0.141225 13.212500
vt -0.150767 13.212500
vt -0.146047 13.212500
vt -0.140021 13.212500
vt -0.116539 13.212500
vt -0.117975 13.684375
vt -0.140132 13.684375
vt -0.157682 13.684375
vt -0.166126 13.684375
vt -0.171020 13.684375
vt -0.159155 13.684375
vt -0.162468 13.684375
vt -0.194162 13.684375
vt -0.217717 13.684375
vt -0.230358 13.684375
vt -0.243646 13.684375
vt -0.255402 13.684375
vt -0.274185 13.684375
vt -0.295448 13.684375
vt -0.311444 13.684375
vt -0.329563 13.684375
vt -0.349358 13.684375
vt -0.373621 13.684375
vt -0.394160 13.684375
vt -0.391955 13.684375
vt -0.392565 13.684375
vt -0.415307 13.684375
vt -0.435369 13.684375
vt -0.452718 13.684375
vt -0.460431 13.684375
vt -0.436872 13.684375
vt -0.423575 13.684375
vt -0.443504 13.684375
vt -0.454402 13.684375
vt -0.451867 13.684375
vt -0.441616 13.684375
vt -0.410660 13.684375
vt -0.391213 13.684375
vt -0.396813 13.684375
vt -0.391318 13.684375
vt -0.372378 13.684375
vt -0.352014 13.684375
vt -0.328537 13.684375
vt -0.311021 13.684375
vt -0.295448 13.684375
vt -0.274608 13.684375
vt -0.256428 13.684375
vt -0.240990 13.684375
vt -0.231601 13.684375
vt -0.220559 13.684375
vt -0.189304 13.684375
vt -0.163820 13.684375
vt -0.163803 13.684375
vt -0.164773 13.684375
vt -0.166976 13.684375
vt -0.163710 13.684375
vt -0.133500 13.684375
vt -0.146008 14.156250
vt -0.160998 14.156250
vt -0.172726 14.156250
vt -0.188309 14.156250
vt -0.189045 14.156250
vt -0.174444 14.156250
vt -0.184011 14.156250
vt -0.209957 14.156250
vt -0.227605 14.156250
vt -0.243155 14.156250
vt -0.253915 14.156250
vt -0.262671 14.156250
vt -0.280918 14.156250
vt -0.299480 14.156250
vt -0.314313 14.156250
vt -0.329243 14.156250
vt -0.346540 14.156250
vt -0.371351 14.156250
vt -0.386214 14.156250
vt -0.383327 14.156250
vt -0.389553 14.156250
vt -0.404993 14.156250
vt -0.420888 14.156250
vt -0.443859 14.156250
vt -0.445509 14.156250
vt -0.421459 14.156250
vt -0.418008 14.156250
vt -0.431015 14.156250
vt -0.436822 14.156250
vt -0.442633 14.156250
vt -0.429889 14.156250
vt -0.398296 14.156250
vt -0.387606 14.156250
vt -0.390327 14.156250
vt -0.382119 14.156250
vt -0.369560 14.156250
vt -0.350367 14.156250
vt -0.327765 14.156250
vt -0.313704 14.156250
vt -0.299480 14.156250
vt -0.281527 14.156250
vt -0.264149 14.156250
vt -0.250087 14.156250
vt -0.244946 14.156250
vt -0.231701 14.156250
vt -0.202957 14.156250
vt -0.185958 14.156250
vt -0.181141 14.156250
vt -0.180044 14.156250
vt -0.189534 14.156250
vt -0.181413 14.156250
vt -0.151441 14.156250
vt -0.171766 14.628125
vt -0.177516 14.628125
vt -0.191005 14.628125
vt -0.208808 14.628125
vt -0.202764 14.628125
vt -0.192146 14.628125
vt -0.204420 14.628125
vt -0.222070 14.628125
vt -0.238689 14.628125
vt -0.255122 14.628125
vt -0.261653 14.628125
vt -0.269778 14.628125
vt -0.286750 14.628125
vt -0.302497 14.628125
vt -0.315783 14.628125
vt -0.327551 14.628125
vt -0.344327 14.628125
vt -0.366785 14.628125
vt -0.376111 14.628125
vt -0.376748 14.628125
vt -0.383814 14.628125
vt -0.391608 14.628125
vt -0.409472 14.628125
vt -0.432313 14.628125
vt -0.426710 14.628125
vt -0.409522 14.628125
vt -0.410166 14.628125
vt -0.414178 14.628125
vt -0.422478 14.628125
vt -0.431716 14.628125
vt -0.413857 14.628125
vt -0.388345 14.628125
vt -0.382865 14.628125
vt -0.380158 14.628125
vt -0.374116 14.628125
vt -0.365912 14.628125
vt -0.346191 14.628125
vt -0.326831 14.628125
vt -0.315486 14.628125
vt -0.302497 14.628125
vt -0.287047 14.628125
vt -0.270498 14.628125
vt -0.259789 14.628125
vt -0.255995 14.628125
vt -0.240685 14.628125
vt -0.218660 14.628125
vt -0.205369 14.628125
vt -0.195408 14.628125
vt -0.198379 14.628125
vt -0.209405 14.628125
vt -0.195237 14.628125
vt -0.172860 14.628125
vt -0.192607 15.100000
vt -0.193661 15.100000
vt -0.211415 15.100000
vt -0.224814 15.100000
vt -0.215603 15.100000
vt -0.211720 15.100000
vt -0.221202 15.100000
vt -0.232936 15.100000
vt -0.250872 15.100000
vt -0.264578 15.100000
vt -0.268070 15.100000
vt -0.276787 15.100000
vt -0.291204 15.100000
vt -0.304478 15.100000
vt -0.315731 15.100000
vt -0.325412 15.100000
vt -0.341696 15.100000
vt -0.359285 15.100000
vt -0.366139 15.100000
vt -0.370576 15.100000
vt -0.373987 15.100000
vt -0.378514 15.100000
vt -0.399301 15.100000
vt -0.415985 15.100000
vt -0.407989 15.100000
vt -0.399469 15.100000
vt -0.397407 15.100000
vt -0.396967 15.100000
vt -0.410264 15.100000
vt -0.416305 15.100000
vt -0.396944 15.100000
vt -0.380268 15.100000
vt -0.374497 15.100000
vt -0.368744 15.100000
vt -0.367211 15.100000
vt -0.359754 15.100000
vt -0.340694 15.100000
vt -0.325799 15.100000
vt -0.315890 15.100000
vt -0.304478 15.100000
vt -0.291045 15.100000
vt -0.276400 15.100000
vt -0.269072 15.100000
vt -0.264109 15.100000
vt -0.249799 15.100000
vt -0.234769 15.100000
vt -0.220692 15.100000
vt -0.209967 15.100000
vt -0.217960 15.100000
vt -0.224493 15.100000
vt -0.209140 15.100000
vt -0.196163 15.100000
vt 0.318990 1.100000
vt 0.245464 0.998132
vt 0.191401 0.928606
vt 0.173967 0.913497
vt 0.198695 0.957601
vt 0.257736 1.046916
vt 0.332344 1.153084
vt 0.398832 1.242399
vt 0.436089 1.286503
vt 0.432288 1.271394
vt 0.388635 1.201868
vt 1.984655 -0.080000
vt 1.963912 -0.108739
vt 1.948660 -0.128353
vt 1.943741 -0.132616
vt 1.950717 -0.120173
vt 1.967374 -0.094976
vt 1.988422 -0.065024
vt 2.007179 -0.039827
vt 2.017691 -0.027384
vt 2.016618 -0.031647
vt 2.004303 -0.051261
vt 0.383964 1.100000
vt 0.304488 0.998132
vt 0.207162 0.928606
vt 0.122885 0.913497
vt 0.078415 0.957601
vt 0.087870 1.046916
vt 0.148250 1.153084
vt 0.240383 1.242399
vt 0.335018 1.286503
vt 0.402109 1.271394
vt 0.420356 1.201868
vt 1.641653 -0.080000
vt 1.619231 -0.108739
vt 1.591774 -0.128353
vt 1.567998 -0.132616
vt 1.555452 -0.120173
vt 1.558119 -0.094976
vt 1.575154 -0.065024
vt 1.601146 -0.039827
vt 1.627844 -0.027384
vt 1.646772 -0.031647
vt 1.651920 -0.051261
vt 0.349659 1.100000
vt 0.283140 0.998132
vt 0.173586 0.928606
vt 0.055779 0.913497
vt -0.032878 0.957601
vt -0.064237 1.046916
vt -0.028341 1.153084
vt 0.063412 1.242399
vt 0.181892 1.286503
vt 0.289482 1.271394
vt 0.352023 1.201868
vt 1.010208 -0.080000
vt 0.991442 -0.108739
vt 0.960534 -0.128353
vt 0.927299 -0.132616
vt 0.902287 -0.120173
vt 0.893440 -0.094976
vt 0.903567 -0.065024
vt 0.929452 -0.039827
vt 0.962878 -0.027384
vt 0.993231 -0.031647
vt 1.010875 -0.051261
vt 0.157325 1.100000
vt 0.137383 0.998132
vt 0.052407 0.928606
vt -0.070624 0.913497
vt -0.192647 0.957601
vt -0.274922 1.046916
vt -0.291327 1.153084
vt -0.236653 1.242399
vt -0.128260 1.286503
vt -0.000560 1.271394
vt 0.105902 1.201868
vt -0.372216 -0.080000
vt -0.377842 -0.108739
vt -0.401816 -0.128353
vt -0.436525 -0.132616
vt -0.470950 -0.120173
vt -0.494161 -0.094976
vt -0.498789 -0.065024
vt -0.483365 -0.039827
vt -0.452785 -0.027384
vt -0.416759 -0.031647
vt -0.386724 -0.051261
vt -0.052446 1.100000
vt -0.027993 0.998132
vt -0.063281 0.928606
vt -0.147107 0.913497
vt -0.252856 0.957601
vt -0.346953 1.046916
vt -0.399525 1.153084
vt -0.393878 1.242399
vt -0.331807 1.286503
vt -0.233018 1.271394
vt -0.128876 1.201868
vt -1.349836 -0.080000
vt -1.342937 -0.108739
vt -1.352892 -0.128353
vt -1.376541 -0.132616
vt -1.406375 -0.120173
vt -1.432921 -0.094976
vt -1.447753 -0.065024
vt -1.446160 -0.039827
vt -1.428648 -0.027384
vt -1.400778 -0.031647
vt -1.371398 -0.051261
vt -0.249532 1.100000
vt -0.187552 0.998132
vt -0.161210 0.928606
vt -0.178869 0.913497
vt -0.234922 0.957601
vt -0.311574 1.046916
vt -0.384487 1.153084
vt -0.430513 1.242399
vt -0.435038 1.286503
vt -0.396625 1.271394
vt -0.327471 1.201868
vt -1.922023 -0.080000
vt -1.904538 -0.108739
vt -1.897106 -0.128353
vt -1.902088 -0.132616
vt -1.917902 -0.120173
vt -1.939527 -0.094976
vt -1.960097 -0.065024
vt -1.973081 -0.039827
vt -1.974358 -0.027384
vt -1.963521 -0.031647
vt -1.944011 -0.051261
vt -0.364949 1.100000
vt -0.285311 0.998132
vt -0.207448 0.928606
vt -0.156081 0.913497
vt -0.147520 0.957601
vt -0.184481 1.046916
vt -0.255231 1.153084
vt -0.337306 1.242399
vt -0.404649 1.286503
vt -0.435878 1.271394
vt -0.421079 1.201868
vt -1.899638 -0.080000
vt -1.877170 -0.108739
vt -1.855204 -0.128353
vt -1.840712 -0.132616
vt -1.838297 -0.120173
vt -1.848724 -0.094976
vt -1.868684 -0.065024
vt -1.891839 -0.039827
vt -1.910837 -0.027384
vt -1.919648 -0.031647
vt -1.915473 -0.051261
vt -0.366055 1.100000
vt -0.294621 0.998132
vt -0.186347 0.928606
vt -0.075610 0.913497
vt 0.002433 0.957601
vt 0.023003 1.046916
vt -0.020431 1.153084
vt -0.114078 1.242399
vt -0.228207 1.286503
vt -0.326582 1.271394
vt -0.377970 1.201868
vt -1.206267 -0.080000
vt -1.186114 -0.108739
vt -1.155568 -0.128353
vt -1.124327 -0.132616
vt -1.102310 -0.120173
vt -1.096507 -0.094976
vt -1.108760 -0.065024
vt -1.135180 -0.039827
vt -1.167378 -0.027384
vt -1.195131 -0.031647
vt -1.209628 -0.051261
vt -0.254035 1.100000
vt -0.211890 0.998132
vt -0.110206 0.928606
vt 0.018733 0.913497
vt 0.133991 0.957601
vt 0.198973 1.046916
vt 0.193049 1.153084
vt 0.118098 1.242399
vt -0.002082 1.286503
vt -0.129335 1.271394
vt -0.223259 1.201868
vt -0.222121 -0.080000
vt -0.210232 -0.108739
vt -0.181545 -0.128353
vt -0.145169 -0.132616
vt -0.112652 -0.120173
vt -0.094320 -0.094976
vt -0.095991 -0.065024
vt -0.117136 -0.039827
vt -0.151041 -0.027384
vt -0.186941 -0.031647
vt -0.213439 -0.051261
vt -0.051596 1.100000
vt -0.054569 0.998132
vt 0.007289 0.928606
vt 0.114338 0.913497
vt 0.232592 0.957601
vt 0.324504 1.046916
vt 0.360894 1.153084
vt 0.330209 1.242399
vt 0.242190 1.286503
vt 0.124783 1.271394
vt 0.015263 1.201868
vt 0.909572 -0.080000
vt 0.908733 -0.108739
vt 0.926185 -0.128353
vt 0.956385 -0.132616
vt 0.989747 -0.120173
vt 1.015677 -0.094976
vt 1.025943 -0.065024
vt 1.017286 -0.039827
vt 0.992454 -0.027384
vt 0.959332 -0.031647
vt 0.928434 -0.051261
vt 0.127962 1.100000
vt 0.088572 0.998132
vt 0.102239 0.928606
vt 0.164621 0.913497
vt 0.255915 0.957601
vt 0.347134 1.046916
vt 0.409318 1.153084
vt 0.422722 1.242399
vt 0.383092 1.286503
vt 0.303010 1.271394
vt 0.207901 1.201868
vt 1.615239 -0.080000
vt 1.604127 -0.108739
vt 1.607982 -0.128353
vt 1.625582 -0.132616
vt 1.651337 -0.120173
vt 1.677072 -0.094976
vt 1.694615 -0.065024
vt 1.698396 -0.039827
vt 1.687216 -0.027384
vt 1.664624 -0.031647
vt 1.637792 -0.051261
vt -0.011658 7.097000
vt -0.004081 7.061574
vt 0.005406 7.042725
vt 0.012363 7.049271
vt 0.013535 7.078150
vt 0.008375 7.115850
vt -0.000705 7.144729
vt -0.009454 7.151275
vt -0.013780 7.132426
vt 2.268809 7.422261
vt 2.270715 7.413349
vt 2.273102 7.408607
vt 2.274852 7.410254
vt 2.275147 7.417519
vt 2.273849 7.427003
vt 2.271564 7.434268
vt 2.269363 7.435915
vt 2.268275 7.431173
vt 0.054615 7.097000
vt 0.042789 7.061574
vt 0.010943 7.042725
vt -0.026024 7.049271
vt -0.050814 7.078150
vt -0.051828 7.115850
vt -0.028590 7.144729
vt 0.008025 7.151275
vt 0.040885 7.132426
vt 0.456321 7.419698
vt 0.453346 7.410786
vt 0.445334 7.406044
vt 0.436034 7.407691
vt 0.429798 7.414956
vt 0.429543 7.424440
vt 0.435389 7.431706
vt 0.444600 7.433353
vt 0.452867 7.428611
vt 0.025046 7.097000
vt 0.014758 7.061574
vt -0.002436 7.042725
vt -0.018490 7.049271
vt -0.025892 7.078150
vt -0.021179 7.115850
vt -0.006556 7.144729
vt 0.011135 7.151275
vt 0.023616 7.132426
vt -2.059396 7.420852
vt -2.061984 7.411940
vt -2.066309 7.407198
vt -2.070348 7.408844
vt -2.072210 7.416110
vt -2.071025 7.425594
vt -2.067346 7.432859
vt -2.062895 7.434506
vt -2.059755 7.429764
vt -0.037716 7.097000
vt -0.032539 7.061574
vt -0.012137 7.042725
vt 0.013945 7.049271
vt 0.033501 7.078150
vt 0.037382 7.115850
vt 0.023772 7.144729
vt -0.000962 7.151275
vt -0.025246 7.132426
vt -1.132977 7.310911
vt -1.131674 7.301999
vt -1.126542 7.297257
vt -1.119980 7.298904
vt -1.115060 7.306169
vt -1.114084 7.315653
vt -1.117508 7.322918
vt -1.123730 7.324565
vt -1.129840 7.319823
vt -0.050445 7.097000
vt -0.036549 7.061574
vt -0.005551 7.042725
vt 0.028044 7.049271
vt 0.048518 7.078150
vt 0.046289 7.115850
vt 0.022401 7.144729
vt -0.011968 7.151275
vt -0.040738 7.132426
vt 0.758653 7.352742
vt 0.762149 7.343830
vt 0.769947 7.339088
vt 0.778399 7.340735
vt 0.783549 7.348000
vt 0.782988 7.357484
vt 0.776979 7.364749
vt 0.768333 7.366396
vt 0.761095 7.361654
vt 0.044889 7.731200
vt 0.032185 7.698582
vt 0.004421 7.681226
vt -0.025411 7.687253
vt -0.043354 7.713844
vt -0.041011 7.748556
vt -0.019478 7.775147
vt 0.011169 7.781174
vt 0.036589 7.763818
vt -0.692712 7.935880
vt -0.696183 7.926968
vt -0.703769 7.922226
vt -0.711920 7.923873
vt -0.716822 7.931138
vt -0.716182 7.940622
vt -0.710299 7.947888
vt -0.701925 7.949534
vt -0.694980 7.944792
vt -0.003253 7.731200
vt -0.007049 7.698582
vt -0.007547 7.681226
vt -0.004514 7.687253
vt 0.000632 7.713844
vt 0.005482 7.748556
vt 0.007766 7.775147
vt 0.006417 7.781174
vt 0.002066 7.763818
vt -1.590261 7.954162
vt -1.591299 7.945250
vt -1.591435 7.940508
vt -1.590606 7.942155
vt -1.589200 7.949420
vt -1.587875 7.958904
vt -1.587251 7.966169
vt -1.587619 7.967816
vt -1.588808 7.963074
vt -0.045006 7.731200
vt -0.036660 7.698582
vt -0.011160 7.681226
vt 0.019562 7.687253
vt 0.041131 7.713844
vt 0.043454 7.748556
vt 0.025444 7.775147
vt -0.004471 7.781174
vt -0.032294 7.763818
vt -0.927593 7.999261
vt -0.925312 7.990349
vt -0.918345 7.985607
vt -0.909951 7.987254
vt -0.904058 7.994519
vt -0.903423 8.004003
vt -0.908344 8.011268
vt -0.916517 8.012915
vt -0.924119 8.008173
vt -0.020616 7.731200
vt -0.011612 7.698582
vt 0.002825 7.681226
vt 0.015941 7.687253
vt 0.021598 7.713844
vt 0.017149 7.748556
vt 0.004676 7.775147
vt -0.009985 7.781174
vt -0.019974 7.763818
vt 1.359322 7.939935
vt 1.361782 7.931023
vt 1.365727 7.926281
vt 1.369310 7.927927
vt 1.370856 7.935193
vt 1.369640 7.944677
vt 1.366232 7.951942
vt 1.362227 7.953589
vt 1.359498 7.948847
vt 0.030096 7.731200
vt 0.026751 7.698582
vt 0.010889 7.681226
vt -0.010069 7.687253
vt -0.026315 7.713844
vt -0.030248 7.748556
vt -0.020028 7.775147
vt -0.000436 7.781174
vt 0.019359 7.763818
vt 1.502238 7.989640
vt 1.501324 7.980728
vt 1.496990 7.975986
vt 1.491264 7.977633
vt 1.486826 7.984898
vt 1.485751 7.994382
vt 1.488543 8.001647
vt 1.493896 8.003294
vt 1.499305 7.998552
vt -0.031430 8.365400
vt -0.027171 8.335589
vt -0.010198 8.319727
vt 0.011547 8.325236
vt 0.027888 8.349538
vt 0.031181 8.381262
vt 0.019883 8.405564
vt -0.000718 8.411073
vt -0.020983 8.395211
vt -1.546285 8.655644
vt -1.545012 8.646732
vt -1.539938 8.641990
vt -1.533437 8.643637
vt -1.528552 8.650902
vt -1.527567 8.660386
vt -1.530945 8.667651
vt -1.537103 8.669298
vt -1.543162 8.664556
vt -0.046204 8.365400
vt -0.034714 8.335589
vt -0.006981 8.319727
vt 0.024018 8.325236
vt 0.043779 8.349538
vt 0.043055 8.381262
vt 0.022185 8.405564
vt -0.009065 8.411073
vt -0.036074 8.395211
vt 0.263515 8.603599
vt 0.266950 8.594687
vt 0.275241 8.589945
vt 0.284509 8.591592
vt 0.290416 8.598857
vt 0.290200 8.608341
vt 0.283961 8.615606
vt 0.274618 8.617253
vt 0.266544 8.612511
vt -0.006504 8.365400
vt -0.000849 8.335589
vt 0.005203 8.319727
vt 0.008820 8.325236
vt 0.008311 8.349538
vt 0.003912 8.381262
vt -0.002317 8.405564
vt -0.007462 8.411073
vt -0.009115 8.395211
vt 1.922231 8.637421
vt 1.923922 8.628509
vt 1.925731 8.623767
vt 1.926813 8.625413
vt 1.926660 8.632679
vt 1.925345 8.642163
vt 1.923483 8.649428
vt 1.921945 8.651075
vt 1.921451 8.646333
vt 0.046352 8.365400
vt 0.036102 8.335589
vt 0.008960 8.319727
vt -0.022375 8.325236
vt -0.043240 8.349538
vt -0.043873 8.381262
vt -0.023977 8.405564
vt 0.007138 8.411073
vt 0.034913 8.395211
vt 0.277009 8.623939
vt 0.273945 8.615027
vt 0.265831 8.610285
vt 0.256463 8.611932
vt 0.250225 8.619197
vt 0.250036 8.628681
vt 0.255984 8.635946
vt 0.265286 8.637593
vt 0.273589 8.632851
vt 0.031757 8.365400
vt 0.021260 8.335589
vt 0.000815 8.319727
vt -0.020011 8.325236
vt -0.031474 8.349538
vt -0.028210 8.381262
vt -0.011746 8.405564
vt 0.010214 8.411073
vt 0.027394 8.395211
vt -1.238243 8.603083
vt -1.241381 8.594170
vt -1.247493 8.589428
vt -1.253719 8.591075
vt -1.257146 8.598340
vt -1.256170 8.607825
vt -1.251248 8.615090
vt -1.244683 8.616737
vt -1.239547 8.611995
vt -0.021065 8.999600
vt -0.012856 8.972596
vt 0.001369 8.958228
vt 0.014954 8.963218
vt 0.021541 8.985232
vt 0.018049 9.013968
vt 0.006112 9.035982
vt -0.008685 9.040972
vt -0.019418 9.026604
vt 1.307349 9.211588
vt 1.310058 9.202676
vt 1.314753 9.197934
vt 1.319236 9.199580
vt 1.321410 9.206846
vt 1.320258 9.216330
vt 1.316318 9.223595
vt 1.311434 9.225242
vt 1.307892 9.220500
vt 0.026248 8.999600
vt 0.023077 8.972596
vt 0.009108 8.958228
vt -0.009123 8.963218
vt -0.023085 8.985232
vt -0.026245 9.013968
vt -0.017125 9.035982
vt 0.000008 9.040972
vt 0.017137 9.026604
vt 1.109990 9.195872
vt 1.108944 9.186960
vt 1.104334 9.182218
vt 1.098317 9.183865
vt 1.093709 9.191130
vt 1.092666 9.200614
vt 1.095676 9.207879
vt 1.101330 9.209526
vt 1.106983 9.204784
vt 0.038011 8.999600
vt 0.027440 8.972596
vt 0.004029 8.958228
vt -0.021267 8.963218
vt -0.036612 8.985232
vt -0.034826 9.013968
vt -0.016744 9.035982
vt 0.009172 9.040972
vt 0.030796 9.026604
vt -0.730162 9.233823
vt -0.733651 9.224911
vt -0.741377 9.220169
vt -0.749726 9.221816
vt -0.754790 9.229081
vt -0.754201 9.238565
vt -0.748233 9.245830
vt -0.739680 9.247477
vt -0.732543 9.242735
vt -0.009933 8.999600
vt -0.011284 8.972596
vt -0.007356 8.958228
vt 0.000014 8.963218
vt 0.007378 8.985232
vt 0.011289 9.013968
vt 0.009918 9.035982
vt 0.003906 9.040972
vt -0.003933 9.026604
vt -1.563691 9.224305
vt -1.564137 9.215392
vt -1.562840 9.210650
vt -1.560408 9.212297
vt -1.557977 9.219562
vt -1.556687 9.229047
vt -1.557139 9.236312
vt -1.559123 9.237959
vt -1.561711 9.233217
vt -0.041869 8.999600
vt -0.032681 8.972596
vt -0.008201 8.958228
vt 0.020116 8.963218
vt 0.039021 8.985232
vt 0.039667 9.013968
vt 0.021753 9.035982
vt -0.006340 9.040972
vt -0.031466 9.026604
vt -0.259840 9.214030
vt -0.256807 9.205118
vt -0.248728 9.200376
vt -0.239382 9.202023
vt -0.233143 9.209288
vt -0.232930 9.218773
vt -0.238842 9.226038
vt -0.248114 9.227685
vt -0.256406 9.222943
vt 0.036172 9.633800
vt 0.028750 9.609604
vt 0.007876 9.596729
vt -0.016684 9.601200
vt -0.033437 9.620925
vt -0.034544 9.646675
vt -0.019488 9.666400
vt 0.004687 9.670871
vt 0.026669 9.657996
vt 0.559055 9.882498
vt 0.556321 9.873585
vt 0.548633 9.868843
vt 0.539587 9.870490
vt 0.533416 9.877756
vt 0.533008 9.887240
vt 0.538554 9.894505
vt 0.547458 9.896152
vt 0.555554 9.891410
vt 0.022866 9.633800
vt 0.014810 9.609604
vt -0.000175 9.596729
vt -0.015079 9.601200
vt -0.022927 9.620925
vt -0.020047 9.646675
vt -0.007787 9.666400
vt 0.008116 9.670871
vt 0.020222 9.657996
vt -1.174215 9.841069
vt -1.177182 9.832157
vt -1.182701 9.827415
vt -1.188191 9.829062
vt -1.191081 9.836327
vt -1.190021 9.845811
vt -1.185505 9.853076
vt -1.179647 9.854723
vt -1.175188 9.849981
vt -0.026920 9.633800
vt -0.023013 9.609604
vt -0.008339 9.596729
vt 0.010238 9.601200
vt 0.024024 9.620925
vt 0.026569 9.646675
vt 0.016682 9.666400
vt -0.001010 9.670871
vt -0.018230 9.657996
vt -1.316992 9.892998
vt -1.315553 9.884086
vt -1.310148 9.879344
vt -1.303306 9.880991
vt -1.298229 9.888256
vt -1.297291 9.897740
vt -1.300933 9.905005
vt -1.307449 9.906652
vt -1.313792 9.901910
vt -0.032566 9.633800
vt -0.023200 9.609604
vt -0.002979 9.596729
vt 0.018637 9.601200
vt 0.031531 9.620925
vt 0.029672 9.646675
vt 0.013929 9.666400
vt -0.008331 9.670871
vt -0.026694 9.657996
vt 0.904628 9.882643
vt 0.908077 9.873731
vt 0.915526 9.868989
vt 0.923487 9.870636
vt 0.928236 9.877901
vt 0.927552 9.887385
vt 0.921753 9.894650
vt 0.913554 9.896297
vt 0.906791 9.891555
vt 0.011306 9.633800
vt 0.011895 9.609604
vt 0.006918 9.596729
vt -0.001296 9.601200
vt -0.008904 9.620925
vt -0.012345 9.646675
vt -0.010011 9.666400
vt -0.002992 9.670871
vt 0.005427 9.657996
vt 1.456809 9.846812
vt 1.457026 9.837900
vt 1.455193 9.833158
vt 1.452168 9.834805
vt 1.449365 9.842070
vt 1.448098 9.851554
vt 1.448958 9.858820
vt 1.451543 9.860467
vt 1.454644 9.855725
vt 0.000544 10.268000
vt -0.002577 10.246611
vt -0.004493 10.235230
vt -0.004306 10.239183
vt -0.002105 10.256619
vt 0.001082 10.279381
vt 0.003762 10.296817
vt 0.004682 10.300770
vt 0.003411 10.289389
vt -1.465519 10.473231
vt -1.466820 10.464319
vt -1.467618 10.459577
vt -1.467540 10.461224
vt -1.466623 10.468489
vt -1.465295 10.477973
vt -1.464178 10.485239
vt -1.463795 10.486885
vt -1.464325 10.482143
vt -0.033058 10.268000
vt -0.025860 10.246611
vt -0.006561 10.235230
vt 0.015807 10.239183
vt 0.030779 10.256619
vt 0.031349 10.279381
vt 0.017251 10.296817
vt -0.004920 10.300770
vt -0.024788 10.289389
vt -0.333669 10.518289
vt -0.330670 10.509377
vt -0.322629 10.504635
vt -0.313309 10.506282
vt -0.307070 10.513547
vt -0.306833 10.523031
vt -0.312707 10.530297
vt -0.321945 10.531943
vt -0.330223 10.527201
vt -0.011577 10.268000
vt -0.006057 10.246611
vt 0.002297 10.235230
vt 0.009576 10.239183
vt 0.012375 10.256619
vt 0.009383 10.279381
vt 0.002001 10.296817
vt -0.006317 10.300770
vt -0.011680 10.289389
vt 1.365586 10.472372
vt 1.367886 10.463459
vt 1.371366 10.458717
vt 1.374399 10.460364
vt 1.375565 10.467630
vt 1.374319 10.477114
vt 1.371243 10.484379
vt 1.367777 10.486026
vt 1.365543 10.481284
vt 0.025366 10.268000
vt 0.021395 10.246611
vt 0.007413 10.235230
vt -0.010037 10.239183
vt -0.022791 10.256619
vt -0.024881 10.279381
vt -0.015329 10.296817
vt 0.001396 10.300770
vt 0.017468 10.289389
vt 1.060142 10.492066
vt 1.058487 10.483154
vt 1.052662 10.478412
vt 1.045391 10.480059
vt 1.040076 10.487324
vt 1.039206 10.496808
vt 1.043186 10.504073
vt 1.050154 10.505720
vt 1.056851 10.500978
vt 0.028970 10.268000
vt 0.020675 10.246611
vt 0.002706 10.235230
vt -0.016529 10.239183
vt -0.028030 10.256619
vt -0.026415 10.279381
vt -0.012441 10.296817
vt 0.007355 10.300770
vt 0.023709 10.289389
vt -0.823434 10.498899
vt -0.826890 10.489987
vt -0.834377 10.485245
vt -0.842391 10.486892
vt -0.847183 10.494157
vt -0.846511 10.503641
vt -0.840688 10.510906
vt -0.832440 10.512553
vt -0.825626 10.507811
vt -0.030665 10.902200
vt -0.022676 10.881829
vt -0.004076 10.870991
vt 0.016431 10.874755
vt 0.029250 10.891361
vt 0.028382 10.913039
vt 0.014234 10.929645
vt -0.006574 10.933409
vt -0.024306 10.922571
vt 0.297627 11.054559
vt 0.301122 11.045647
vt 0.309260 11.040905
vt 0.318231 11.042551
vt 0.323840 11.049817
vt 0.323460 11.059301
vt 0.317270 11.066566
vt 0.308167 11.068213
vt 0.300409 11.063471
vt 0.003499 10.902200
vt 0.005515 10.881829
vt 0.004951 10.870991
vt 0.002070 10.874755
vt -0.001780 10.891361
vt -0.004796 10.913039
vt -0.005569 10.929645
vt -0.003736 10.933409
vt -0.000154 10.922571
vt 1.534837 11.118158
vt 1.535719 11.109246
vt 1.535472 11.104504
vt 1.534212 11.106150
vt 1.532528 11.113416
vt 1.531208 11.122900
vt 1.530870 11.130165
vt 1.531672 11.131812
vt 1.533239 11.127070
vt 0.031630 10.902200
vt 0.024662 10.881829
vt 0.006155 10.870991
vt -0.015233 10.874755
vt -0.029493 10.891361
vt -0.029953 10.913039
vt -0.016398 10.929645
vt 0.004830 10.933409
vt 0.023798 10.922571
vt 0.270529 11.139322
vt 0.267480 11.130410
vt 0.259383 11.125668
vt 0.250026 11.127315
vt 0.243787 11.134580
vt 0.243586 11.144064
vt 0.249517 11.151329
vt 0.258804 11.152976
vt 0.267102 11.148234
vt 0.018490 10.902200
vt 0.011837 10.881829
vt -0.000355 10.870991
vt -0.012381 10.874755
vt -0.018613 10.891361
vt -0.016136 10.913039
vt -0.006109 10.929645
vt 0.006777 10.933409
vt 0.016492 10.922571
vt -0.991125 11.073599
vt -0.994036 11.064686
vt -0.999369 11.059944
vt -1.004631 11.061591
vt -1.007357 11.068856
vt -1.006274 11.078341
vt -1.001887 11.085606
vt -0.996249 11.087253
vt -0.991999 11.082511
vt -0.024061 10.902200
vt -0.020312 10.881829
vt -0.007059 10.870991
vt 0.009497 10.874755
vt 0.021609 10.891361
vt 0.023610 10.913039
vt 0.014563 10.929645
vt -0.001297 10.933409
vt -0.016551 10.922571
vt -0.811459 11.072279
vt -0.809818 11.063367
vt -0.804020 11.058625
vt -0.796777 11.060272
vt -0.791478 11.067537
vt -0.790603 11.077021
vt -0.794560 11.084287
vt -0.801500 11.085933
vt -0.808173 11.081191
vt 0.025715 11.536400
vt 0.021396 11.516029
vt 0.007066 11.505191
vt -0.010571 11.508955
vt -0.023261 11.525561
vt -0.025068 11.547239
vt -0.015144 11.563845
vt 0.001865 11.567609
vt 0.018002 11.556771
vt 0.750839 11.710374
vt 0.748950 11.701462
vt 0.742680 11.696719
vt 0.734964 11.698366
vt 0.729412 11.705632
vt 0.728622 11.715116
vt 0.732963 11.722381
vt 0.740405 11.724028
vt 0.747464 11.719286
vt 0.027778 11.536400
vt 0.019863 11.516029
vt 0.002654 11.505191
vt -0.015797 11.508955
vt -0.026856 11.525561
vt -0.025349 11.547239
vt -0.011981 11.563845
vt 0.006993 11.567609
vt 0.022695 11.556771
vt -0.699389 11.737052
vt -0.702852 11.728140
vt -0.710381 11.723398
vt -0.718453 11.725045
vt -0.723292 11.732310
vt -0.722632 11.741794
vt -0.716784 11.749059
vt -0.708483 11.750706
vt -0.701613 11.745964
vt -0.006922 11.536400
vt -0.008087 11.516029
vt -0.005468 11.505191
vt -0.000291 11.508955
vt 0.005023 11.525561
vt 0.007986 11.547239
vt 0.007212 11.563845
vt 0.003064 11.567609
vt -0.002518 11.556771
vt -1.101909 11.693974
vt -1.102419 11.685062
vt -1.101273 11.680320
vt -1.099008 11.681966
vt -1.096684 11.689232
vt -1.095387 11.698716
vt -1.095726 11.705981
vt -1.097541 11.707628
vt -1.099983 11.702886
vt -0.029826 11.536400
vt -0.023881 11.516029
vt -0.006762 11.505191
vt 0.013521 11.508955
vt 0.027477 11.525561
vt 0.028577 11.547239
vt 0.016305 11.563845
vt -0.003596 11.567609
vt -0.021814 11.556771
vt -0.540052 11.740025
vt -0.537452 11.731113
vt -0.529962 11.726371
vt -0.521089 11.728018
vt -0.514983 11.735283
vt -0.514501 11.744767
vt -0.519870 11.752033
vt -0.528577 11.753680
vt -0.536548 11.748938
vt -0.019792 11.536400
vt -0.012920 11.516029
vt -0.000003 11.505191
vt 0.012915 11.508955
vt 0.019790 11.525561
vt 0.017406 11.547239
vt 0.006877 11.563845
vt -0.006870 11.567609
vt -0.017402 11.556771
vt 0.834719 11.686659
vt 0.837725 11.677747
vt 0.843376 11.673005
vt 0.849028 11.674652
vt 0.852036 11.681917
vt 0.850992 11.691401
vt 0.846386 11.698667
vt 0.840372 11.700314
vt 0.835764 11.695572
vt 0.019140 12.170600
vt 0.012376 12.150229
vt -0.000178 12.139391
vt -0.012649 12.143155
vt -0.019202 12.159761
vt -0.016769 12.181439
vt -0.006491 12.198045
vt 0.006825 12.201809
vt 0.016947 12.190971
vt -1.171402 12.376698
vt -1.174361 12.367786
vt -1.179854 12.363044
vt -1.185310 12.364691
vt -1.188177 12.371956
vt -1.187113 12.381440
vt -1.182616 12.388706
vt -1.176790 12.390352
vt -1.172362 12.385610
vt -0.020316 12.170600
vt -0.017766 12.150229
vt -0.006904 12.139391
vt 0.007189 12.143155
vt 0.017919 12.159761
vt 0.020263 12.181439
vt 0.013127 12.198045
vt -0.000152 12.201809
vt -0.013360 12.190971
vt -1.078006 12.364328
vt -1.076890 12.355416
vt -1.072138 12.350674
vt -1.065972 12.352321
vt -1.061278 12.359586
vt -1.060252 12.369070
vt -1.063374 12.376335
vt -1.069184 12.377982
vt -1.074962 12.373240
vt -0.030405 12.170600
vt -0.022402 12.150229
vt -0.003917 12.139391
vt 0.016400 12.143155
vt 0.029044 12.159761
vt 0.028098 12.181439
vt 0.014004 12.198045
vt -0.006642 12.201809
vt -0.024181 12.190971
vt 0.449866 12.378555
vt 0.453367 12.369643
vt 0.461454 12.364901
vt 0.470343 12.366548
vt 0.475874 12.373813
vt 0.475460 12.383297
vt 0.469294 12.390562
vt 0.460262 12.392209
vt 0.452589 12.387467
vt 0.002143 12.170600
vt 0.004487 12.150229
vt 0.004732 12.139391
vt 0.002762 12.143155
vt -0.000499 12.159761
vt -0.003527 12.181439
vt -0.004905 12.198045
vt -0.003987 12.201809
vt -0.001204 12.190971
vt 1.000917 12.310912
vt 1.001943 12.302000
vt 1.002050 12.297258
vt 1.001189 12.298905
vt 0.999762 12.306170
vt 0.998437 12.315654
vt 0.997834 12.322919
vt 0.998236 12.324566
vt 0.999453 12.319824
vt 0.031693 12.170600
vt 0.024672 12.150229
vt 0.006107 12.139391
vt -0.015316 12.143155
vt -0.029572 12.159761
vt -0.029991 12.181439
vt -0.016377 12.198045
vt 0.004900 12.201809
vt 0.023884 12.190971
vt 0.153322 12.311912
vt 0.150251 12.303000
vt 0.142128 12.298258
vt 0.132756 12.299905
vt 0.126519 12.307170
vt 0.126335 12.316654
vt 0.132291 12.323919
vt 0.141600 12.325566
vt 0.149906 12.320824
vt -0.031803 12.804800
vt -0.024678 12.784429
vt -0.006007 12.773591
vt 0.015475 12.777355
vt 0.029716 12.793961
vt 0.030053 12.815639
vt 0.016327 12.832245
vt -0.005038 12.836009
vt -0.024046 12.825171
vt -0.154083 12.981767
vt -0.150966 12.972855
vt -0.142797 12.968113
vt -0.133399 12.969760
vt -0.127168 12.977025
vt -0.127021 12.986509
vt -0.133026 12.993774
vt -0.142373 12.995421
vt -0.150689 12.990679
vt -0.018494 12.804800
vt -0.011840 12.784429
vt 0.000354 12.773591
vt 0.012383 12.777355
vt 0.018617 12.793961
vt 0.016140 12.815639
vt 0.006111 12.832245
vt -0.006777 12.836009
vt -0.016494 12.825171
vt 0.843043 12.950812
vt 0.845955 12.941900
vt 0.851289 12.937158
vt 0.856552 12.938805
vt 0.859279 12.946070
vt 0.858196 12.955554
vt 0.853808 12.962819
vt 0.848169 12.964466
vt 0.843918 12.959724
vt 0.021026 12.804800
vt 0.018256 12.784429
vt 0.006945 12.773591
vt -0.007616 12.777355
vt -0.018614 12.793961
vt -0.020902 12.815639
vt -0.013409 12.832245
vt 0.000357 12.836009
vt 0.013957 12.825171
vt 0.744629 12.941380
vt 0.743418 12.932468
vt 0.738469 12.927726
vt 0.732098 12.929373
vt 0.727287 12.936638
vt 0.726286 12.946122
vt 0.729564 12.953387
vt 0.735587 12.955034
vt 0.741537 12.950292
vt 0.029146 12.804800
vt 0.021150 12.784429
vt 0.003257 12.773591
vt -0.016159 12.777355
vt -0.028015 12.793961
vt -0.026762 12.815639
vt -0.012987 12.832245
vt 0.006865 12.836009
vt 0.023504 12.825171
vt -0.543493 12.993440
vt -0.546991 12.984528
vt -0.554819 12.979786
vt -0.563314 12.981433
vt -0.568500 12.988698
vt -0.567952 12.998182
vt -0.561926 13.005447
vt -0.553241 13.007094
vt -0.545961 13.002352
vt -0.013481 12.804800
vt -0.012914 12.784429
vt -0.006304 12.773591
vt 0.003256 12.777355
vt 0.011292 12.793961
vt 0.014045 12.815639
vt 0.010225 12.832245
vt 0.001622 12.836009
vt -0.007741 12.825171
vt -0.883100 12.940212
vt -0.882852 12.931300
vt -0.879960 12.926558
vt -0.875778 12.928205
vt -0.872262 12.935470
vt -0.871058 12.944954
vt -0.872729 12.952219
vt -0.876493 12.953866
vt -0.880589 12.949124
vt 0.008059 13.439000
vt 0.008933 13.418629
vt 0.005628 13.407791
vt -0.000311 13.411555
vt -0.006104 13.428161
vt -0.009041 13.449839
vt -0.007748 13.466445
vt -0.002829 13.470209
vt 0.003414 13.459371
vt 0.992289 13.582037
vt 0.992672 13.573125
vt 0.991225 13.568383
vt 0.988627 13.570030
vt 0.986092 13.577295
vt 0.984807 13.586779
vt 0.985373 13.594044
vt 0.987525 13.595691
vt 0.990257 13.590949
vt 0.031813 13.439000
vt 0.024678 13.418629
vt 0.005996 13.407791
vt -0.015492 13.411555
vt -0.029731 13.428161
vt -0.030058 13.449839
vt -0.016321 13.466445
vt 0.005053 13.470209
vt 0.024063 13.459371
vt 0.103760 13.555604
vt 0.100638 13.546692
vt 0.092465 13.541950
vt 0.083064 13.543597
vt 0.076834 13.550862
vt 0.076691 13.560346
vt 0.082701 13.567612
vt 0.092052 13.569259
vt 0.100369 13.564516
vt 0.006485 13.439000
vt 0.002175 13.418629
vt -0.003153 13.407791
vt -0.007005 13.411555
vt -0.007580 13.428161
vt -0.004608 13.449839
vt 0.000520 13.466445
vt 0.005405 13.470209
vt 0.007760 13.459371
vt -0.932220 13.572682
vt -0.934105 13.563770
vt -0.936436 13.559027
vt -0.938122 13.560674
vt -0.938373 13.567940
vt -0.937073 13.577424
vt -0.934829 13.584689
vt -0.932692 13.586336
vt -0.931662 13.581594
vt -0.021605 13.439000
vt -0.018654 13.418629
vt -0.006975 13.407791
vt 0.007968 13.411555
vt 0.019183 13.428161
vt 0.021421 13.449839
vt 0.013637 13.466445
vt -0.000529 13.470209
vt -0.014447 13.459371
vt -0.933848 13.614437
vt -0.932557 13.605525
vt -0.927448 13.600783
vt -0.920910 13.602429
vt -0.916004 13.609695
vt -0.915024 13.619179
vt -0.918430 13.626444
vt -0.924627 13.628091
vt -0.930717 13.623349
vt -0.028335 13.439000
vt -0.020380 13.418629
vt -0.002890 13.407791
vt 0.015953 13.411555
vt 0.027331 13.428161
vt 0.025921 13.449839
vt 0.012382 13.466445
vt -0.006951 13.470209
vt -0.023031 13.459371
vt 0.439845 13.575239
vt 0.443325 13.566327
vt 0.450977 13.561585
vt 0.459221 13.563232
vt 0.464199 13.570497
vt 0.463582 13.579981
vt 0.457658 13.587246
vt 0.449200 13.588893
vt 0.442165 13.584151
vt 0.024745 14.073200
vt 0.017147 14.052829
vt 0.001526 14.041991
vt -0.014809 14.045755
vt -0.024214 14.062361
vt -0.022290 14.084039
vt -0.009936 14.100645
vt 0.007067 14.104409
vt 0.020764 14.093571
vt -0.562594 14.199807
vt -0.565917 14.190894
vt -0.572752 14.186152
vt -0.579898 14.187799
vt -0.584013 14.195065
vt -0.583171 14.204549
vt -0.577766 14.211814
vt -0.570327 14.213461
vt -0.564335 14.208719
vt -0.013364 14.073200
vt -0.012828 14.052829
vt -0.006291 14.041991
vt 0.003191 14.045755
vt 0.011179 14.062361
vt 0.013936 14.084039
vt 0.010173 14.100645
vt 0.001650 14.104409
vt -0.007646 14.093571
vt -0.695445 14.179453
vt -0.695211 14.170540
vt -0.692350 14.165798
vt -0.688202 14.167445
vt -0.684708 14.174711
vt -0.683501 14.184195
vt -0.685148 14.191460
vt -0.688877 14.193107
vt -0.692943 14.188365
vt -0.030708 14.073200
vt -0.024326 14.052829
vt -0.006562 14.041991
vt 0.014273 14.045755
vt 0.028429 14.062361
vt 0.029283 14.084039
vt 0.016435 14.100645
vt -0.004103 14.104409
vt -0.022721 14.093571
vt -0.328073 14.229775
vt -0.325281 14.220863
vt -0.317509 14.216121
vt -0.308394 14.217768
vt -0.302200 14.225033
vt -0.301827 14.234517
vt -0.307448 14.241783
vt -0.316433 14.243430
vt -0.324578 14.238688
vt -0.006494 14.073200
vt -0.002182 14.052829
vt 0.003151 14.041991
vt 0.007009 14.045755
vt 0.007588 14.062361
vt 0.004616 14.084039
vt -0.000515 14.100645
vt -0.005406 14.104409
vt -0.007767 14.093571
vt 1.149079 14.237896
vt 1.150965 14.228984
vt 1.153298 14.224242
vt 1.154986 14.225888
vt 1.155239 14.233154
vt 1.153939 14.242638
vt 1.151694 14.249903
vt 1.149554 14.251550
vt 1.148522 14.246808
vt 0.023949 14.073200
vt 0.020237 14.052829
vt 0.007057 14.041991
vt -0.009426 14.045755
vt -0.021498 14.062361
vt -0.023511 14.084039
vt -0.014523 14.100645
vt 0.001261 14.104409
vt 0.016454 14.093571
vt 0.716690 14.222267
vt 0.715066 14.213355
vt 0.709300 14.208613
vt 0.702089 14.210260
vt 0.696807 14.217525
vt 0.695926 14.227009
vt 0.699859 14.234274
vt 0.706764 14.235921
vt 0.713411 14.231179
f 1/1 2/2 54/54
f 1/1 54/54 53/53
f 2/2 3/3 55/55
f 2/2 55/55 54/54
f 3/3 4/4 56/56
f 3/3 56/56 55/55
f 4/4 5/5 57/57
f 4/4 57/57 56/56
f 5/5 6/6 58/58
f 5/5 58/58 57/57
f 6/6 7/7 59/59
f 6/6 59/59 58/58
f 7/7 8/8 60/60
f 7/7 60/60 59/59
f 8/8 9/9 61/61
f 8/8 61/61 60/60
f 9/9 10/10 62/62
f 9/9 62/62 61/61
f 10/10 11/11 63/63
f 10/10 63/63 62/62
f 11/11 12/12 64/64
f 11/11 64/64 63/63
f 12/12 13/13 65/65
f 12/12 65/65 64/64
f 13/13 14/14 66/66
f 13/13 66/66 65/65
f 14/14 15/15 67/67
f 14/14 67/67 66/66
f 15/15 16/16 68/68
f 15/15 68/68 67/67
f 16/16 17/17 69/69
f 16/16 69/69 68/68
f 17/17 18/18 70/70
f 17/17 70/70 69/69
f 18/18 19/19 71/71
f 18/18 71/71 70/70
f 19/19 20/20 72/72
f 19/19 72/72 71/71
f 20/20 21/21 73/73
f 20/20 73/73 72/72
f 21/21 22/22 74/74
f 21/21 74/74 73/73
f 22/22 23/23 75/75
f 22/22 75/75 74/74
f 23/23 24/24 76/76
f 23/23 76/76 75/75
f 24/24 25/25 77/77
f 24/24 77/77 76/76
f 25/25 26/26 78/78
f 25/25 78/78 77/77
f 26/26 27/27 79/79
f 26/26 79/79 78/78
f 27/27 28/28 80/80
f 27/27 80/80 79/79
f 28/28 29/29 81/81
f 28/28 81/81 80/80
f 29/29 30/30 82/82
f 29/29 82/82 81/81
f 30/30 31/31 83/83
f 30/30 83/83 82/82
f 31/31 32/32 84/84
f 31/31 84/84 83/83
f 32/32 33/33 85/85
f 32/32 85/85 84/84
f 33/33 34/34 86/86
f 33/33 86/86 85/85
f 34/34 35/35 87/87
f 34/34 87/87 86/86
f 35/35 36/36 88/88
f 35/35 88/88 87/87
f 36/36 37/37 89/89
f 36/36 89/89 88/88
f 37/37 38/38 90/90
f 37/37 90/90 89/89
f 38/38 39/39 91/91
f 38/38 91/91 90/90
f 39/39 40/40 92/92
f 39/39 92/92 91/91
f 40/40 41/41 93/93
f 40/40 93/93 92/92
f 41/41 42/42 94/94
f 41/41 94/94 93/93
f 42/42 43/43 95/95
f 42/42 95/95 94/94
f 43/43 44/44 96/96
f 43/43 96/96 95/95
f 44/44 45/45 97/97
f 44/44 97/97 96/96
f 45/45 46/46 98/98
f 45/45 98/98 97/97
f 46/46 47/47 99/99
f 46/46 99/99 98/98
f 47/47 48/48 100/100
f 47/47 100/100 99/99
f 48/48 49/49 101/101
f 48/48 101/101 100/100
f 49/49 50/50 102/102
f 49/49 102/102 101/101
f 50/50 51/51 103/103
f 50/50 103/103 102/102
f 51/51 52/52 104/104
f 51/51 104/104 103/103
f 52/52 1/1 53/53
f 52/52 53/53 104/104
f 53/53 54/54 106/106
f 53/53 106/106 105/105
f 54/54 55/55 107/107
f 54/54 107/107 106/106
f 55/55 56/56 108/108
f 55/55 108/108 107/107
f 56/56 57/57 109/109
f 56/56 109/109 108/108
f 57/57 58/58 110/110
f 57/57 110/110 109/109
f 58/58 59/59 111/111
f 58/58 111/111 110/110
f 59/59 60/60 112/112
f 59/59 112/112 111/111
f 60/60 61/61 113/113
f 60/60 113/113 112/112
f 61/61 62/62 114/114
f 61/61 114/114 113/113
f 62/62 63/63 115/115
f 62/62 115/115 114/114
f 63/63 64/64 116/116
f 63/63 116/116 115/115
f 64/64 65/65 117/117
f 64/64 117/117 116/116
f 65/65 66/66 118/118
f 65/65 118/118 117/117
f 66/66 67/67 119/119
f 66/66 119/119 118/118
f 67/67 68/68 120/120
f 67/67 120/120 119/119
f 68/68 69/69 121/121
f 68/68 121/121 120/120
f 69/69 70/70 122/122
f 69/69 122/122 121/121
f 70/70 71/71 123/123
f 70/70 123/123 122/122
f 71/71 72/72 124/124
f 71/71 124/124 123/123
f 72/72 73/73 125/125
f 72/72 125/125 124/124
f 73/73 74/74 126/126
f 73/73 126/126 125/125
f 74/74 75/75 127/127
f 74/74 127/127 126/126
f 75/75 76/76 128/128
f 75/75 128/128 127/127
f 76/76 77/77 129/129
f 76/76 129/129 128/128
f 77/77 78/78 130/130
f 77/77 130/130 129/129
f 78/78 79/79 131/131
f 78/78 131/131 130/130
f 79/79 80/80 132/132
f 79/79 132/132 131/131
f 80/80 81/81 133/133
f 80/80 133/133 132/132
f 81/81 82/82 134/134
f 81/81 134/134 133/133
f 82/82 83/83 135/135
f 82/82 135/135 134/134
f 83/83 84/84 136/136
f 83/83 136/136 135/135
f 84/84 85/85 137/137
f 84/84 137/137 136/136
f 85/85 86/86 138/138
f 85/85 138/138 137/137
f 86/86 87/87 139/139
f 86/86 139/139 138/138
f 87/87 88/88 140/140
f 87/87 140/140 139/139
f 88/88 89/89 141/141
f 88/88 141/141 140/140
f 89/89 90/90 142/142
f 89/89 142/142 141/141
f 90/90 91/91 143/143
f 90/90 143/143 142/142
f 91/91 92/92 144/144
f 91/91 144/144 143/143
f 92/92 93/93 145/145
f 92/92 145/145 144/144
f 93/93 94/94 146/146
f 93/93 146/146 145/145
f 94/94 95/95 147/147
f 94/94 147/147 146/146
f 95/95 96/96 148/148
f 95/95 148/148 147/147
f 96/96 97/97 149/149
f 96/96 149/149 148/148
f 97/97 98/98 150/150
f 97/97 150/150 149/149
f 98/98 99/99 151/151
f 98/98 151/151 150/150
f 99/99 100/100 152/152
f 99/99 152/152 151/151
f 100/100 101/101 153/153
f 100/100 153/153 152/152
f 101/101 102/102 154/154
f 101/101 154/154 153/153
f 102/102 103/103 155/155
f 102/102 155/155 154/154
f 103/103 104/104 156/156
f 103/103 156/156 155/155
f 104/104 53/53 105/105
f 104/104 105/105 156/156
f 105/105 106/106 158/158
f 105/105 158/158 157/157
f 106/106 107/107 159/159
f 106/106 159/159 158/158
f 107/107 108/108 160/160
f 107/107 160/160 159/159
f 108/108 109/109 161/161
f 108/108 161/161 160/160
f 109/109 110/110 162/162
f 109/109 162/162 161/161
f 110/110 111/111 163/163
f 110/110 163/163 162/162
f 111/111 112/112 164/164
f 111/111 164/164 163/163
f 112/112 113/113 165/165
f 112/112 165/165 164/164
f 113/113 114/114 166/166
f 113/113 166/166 165/165
f 114/114 115/115 167/167
f 114/114 167/167 166/166
f 115/115 116/116 168/168
f 115/115 168/168 167/167
f 116/116 117/117 169/169
f 116/116 169/169 168/168
f 117/117 118/118 170/170
f 117/117 170/170 169/169
f 118/118 119/119 171/171
f 118/118 171/171 170/170
f 119/119 120/120 172/172
f 119/119 172/172 171/171
f 120/120 121/121 173/173
f 120/120 173/173 172/172
f 121/121 122/122 174/174
f 121/121 174/174 173/173
f 122/122 123/123 175/175
f 122/122 175/175 174/174
f 123/123 124/124 176/176
f 123/123 176/176 175/175
f 124/124 125/125 177/177
f 124/124 177/177 176/176
f 125/125 126/126 178/178
f 125/125 178/178 177/177
f 126/126 127/127 179/179
f 126/126 179/179 178/178
f 127/127 128/128 180/180
f 127/127 180/180 179/179
f 128/128 129/129 181/181
f 128/128 181/181 180/180
f 129/129 130/130 182/182
f 129/129 182/182 181/181
f 130/130 131/131 183/183
f 130/130 183/183 182/182
f 131/131 132/132 184/184
f 131/131 184/184 183/183
f 132/132 133/133 185/185
f 132/132 185/185 184/184
f 133/133 134/134 186/186
f 133/133 186/186 185/185
f 134/134 135/135 187/187
f 134/134 187/187 186/186
f 135/135 136/136 188/188
f 135/135 188/188 187/187
f 136/136 137/137 189/189
f 136/136 189/189 188/188
f 137/137 138/138 190/190
f 137/137 190/190 189/189
f 138/138 139/139 191/191
f 138/138 191/191 190/190
f 139/139 140/140 192/192
f 139/139 192/192 191/191
f 140/140 141/141 193/193
f 140/140 193/193 192/192
f 141/141 142/142 194/194
f 141/141 194/194 193/193
f 142/142 143/143 195/195
f 142/142 195/195 194/194
f 143/143 144/144 196/196
f 143/143 196/196 195/195
f 144/144 145/145 197/197
f 144/144 197/197 196/196
f 145/145 146/146 198/198
f 145/145 198/198 197/197
f 146/146 147/147 199/199
f 146/146 199/199 198/198
f 147/147 148/148 200/200
f 147/147 200/200 199/199
f 148/148 149/149 201/201
f 148/148 201/201 200/200
f 149/149 150/150 202/202
f 149/149 202/202 201/201
f 150/150 151/151 203/203
f 150/150 203/203 202/202
f 151/151 152/152 204/204
f 151/151 204/204 203/203
f 152/152 153/153 205/205
f 152/152 205/205 204/204
f 153/153 154/154 206/206
f 153/153 206/206 205/205
f 154/154 155/155 207/207
f 154/154 207/207 206/206
f 155/155 156/156 208/208
f 155/155 208/208 207/207
f 156/156 105/105 157/157
f 156/156 157/157 208/208
f 157/157 158/158 210/210
f 157/157 210/210 209/209
f 158/158 159/159 211/211
f 158/158 211/211 210/210
f 159/159 160/160 212/212
f 159/159 212/212 211/211
f 160/160 161/161 213/213
f 160/160 213/213 212/212
f 161/161 162/162 214/214
f 161/161 214/214 213/213
f 162/162 163/163 215/215
f 162/162 215/215 214/214
f 163/163 164/164 216/216
f 163/163 216/216 215/215
f 164/164 165/165 217/217
f 164/164 217/217 216/216
f 165/165 166/166 218/218
f 165/165 218/218 217/217
f 166/166 167/167 219/219
f 166/166 219/219 218/218
f 167/167 168/168 220/220
f 167/167 220/220 219/219
f 168/168 169/169 221/221
f 168/168 221/221 220/220
f 169/169 170/170 222/222
f 169/169 222/222 221/221
f 170/170 171/171 223/223
f 170/170 223/223 222/222
f 171/171 172/172 224/224
f 171/171 224/224 223/223
f 172/172 173/173 225/225
f 172/172 225/225 224/224
f 173/173 174/174 226/226
f 173/173 226/226 225/225
f 174/174 175/175 227/227
f 174/174 227/227 226/226
f 175/175 176/176 228/228
f 175/175 228/228 227/227
f 176/176 177/177 229/229
f 176/176 229/229 228/228
f 177/177 178/178 230/230
f 177/177 230/230 229/229
f 178/178 179/179 231/231
f 178/178 231/231 230/230
f 179/179 180/180 232/232
f 179/179 232/232 231/231
f 180/180 181/181 233/233
f 180/180 233/233 232/232
f 181/181 182/182 234/234
f 181/181 234/234 233/233
f 182/182 183/183 235/235
f 182/182 235/235 234/234
f 183/183 184/184 236/236
f 183/183 236/236 235/235
f 184/184 185/185 237/237
f 184/184 237/237 236/236
f 185/185 186/186 238/238
f 185/185 238/238 237/237
f 186/186 187/187 239/239
f 186/186 239/239 238/238
f 187/187 188/188 240/240
f 187/187 240/240 239/239
f 188/188 189/189 241/241
f 188/188 241/241 240/240
f 189/189 190/190 242/242
f 189/189 242/242 241/241
f 190/190 191/191 243/243
f 190/190 243/243 242/242
f 191/191 192/192 244/244
f 191/191 244/244 243/243
f 192/192 193/193 245/245
f 192/192 245/245 244/244
f 193/193 194/194 246/246
f 193/193 246/246 245/245
f 194/194 195/195 247/247
f 194/194 247/247 246/246
f 195/195 196/196 248/248
f 195/195 248/248 247/247
f 196/196 197/197 249/249
f 196/196 249/249 248/248
f 197/197 198/198 250/250
f 197/197 250/250 249/249
f 198/198 199/199 251/251
f 198/198 251/251 250/250
f 199/199 200/200 252/252
f 199/199 252/252 251/251
f 200/200 201/201 253/253
f 200/200 253/253 252/252
f 201/201 202/202 254/254
f 201/201 254/254 253/253
f 202/202 203/203 255/255
f 202/202 255/255 254/254
f 203/203 204/204 256/256
f 203/203 256/256 255/255
f 204/204 205/205 257/257
f 204/204 257/257 256/256
f 205/205 206/206 258/258
f 205/205 258/258 257/257
f 206/206 207/207 259/259
f 206/206 259/259 258/258
f 207/207 208/208 260/260
f 207/207 260/260 259/259
f 208/208 157/157 209/209
f 208/208 209/209 260/260
f 209/209 210/210 262/262
f 209/209 262/262 261/261
f 210/210 211/211 263/263
f 210/210 263/263 262/262
f 211/211 212/212 264/264
f 211/211 264/264 263/263
f 212/212 213/213 265/265
f 212/212 265/265 264/264
f 213/213 214/214 266/266
f 213/213 266/266 265/265
f 214/214 215/215 267/267
f 214/214 267/267 266/266
f 215/215 216/216 268/268
f 215/215 268/268 267/267
f 216/216 217/217 269/269
f 216/216 269/269 268/268
f 217/217 218/218 270/270
f 217/217 270/270 269/269
f 218/218 219/219 271/271
f 218/218 271/271 270/270
f 219/219 220/220 272/272
f 219/219 272/272 271/271
f 220/220 221/221 273/273
f 220/220 273/273 272/272
f 221/221 222/222 274/274
f 221/221 274/274 273/273
f 222/222 223/223 275/275
f 222/222 275/275 274/274
f 223/223 224/224 276/276
f 223/223 276/276 275/275
f 224/224 225/225 277/277
f 224/224 277/277 276/276
f 225/225 226/226 278/278
f 225/225 278/278 277/277
f 226/226 227/227 279/279
f 226/226 279/279 278/278
f 227/227 228/228 280/280
f 227/227 280/280 279/279
f 228/228 229/229 281/281
f 228/228 281/281 280/280
f 229/229 230/230 282/282
f 229/229 282/282 281/281
f 230/230 231/231 283/283
f 230/230 283/283 282/282
f 231/231 232/232 284/284
f 231/231 284/284 283/283
f 232/232 233/233 285/285
f 232/232 285/285 284/284
f 233/233 234/234 286/286
f 233/233 286/286 285/285
f 234/234 235/235 287/287
f 234/234 287/287 286/286
f 235/235 236/236 288/288
f 235/235 288/288 287/287
f 236/236 237/237 289/289
f 236/236 289/289 288/288
f 237/237 238/238 290/290
f 237/237 290/290 289/289
f 238/238 239/239 291/291
f 238/238 291/291 290/290
f 239/239 240/240 292/292
f 239/239 292/292 291/291
f 240/240 241/241 293/293
f 240/240 293/293 292/292
f 241/241 242/242 294/294
f 241/241 294/294 293/293
f 242/242 243/243 295/295
f 242/242 295/295 294/294
f 243/243 244/244 296/296
f 243/243 296/296 295/295
f 244/244 245/245 297/297
f 244/244 297/297 296/296
f 245/245 246/246 298/298
f 245/245 298/298 297/297
f 246/246 247/247 299/299
f 246/246 299/299 298/298
f 247/247 248/248 300/300
f 247/247 300/300 299/299
f 248/248 249/249 301/301
f 248/248 301/301 300/300
f 249/249 250/250 302/302
f 249/249 302/302 301/301
f 250/250 251/251 303/303
f 250/250 303/303 302/302
f 251/251 252/252 304/304
f 251/251 304/304 303/303
f 252/252 253/253 305/305
f 252/252 305/305 304/304
f 253/253 254/254 306/306
f 253/253 306/306 305/305
f 254/254 255/255 307/307
f 254/254 307/307 306/306
f 255/255 256/256 308/308
f 255/255 308/308 307/307
f 256/256 257/257 309/309
f 256/256 309/309 308/308
f 257/257 258/258 310/310
f 257/257 310/310 309/309
f 258/258 259/259 311/311
f 258/258 311/311 310/310
f 259/259 260/260 312/312
f 259/259 312/312 311/311
f 260/260 209/209 261/261
f 260/260 261/261 312/312
f 261/261 262/262 314/314
f 261/261 314/314 313/313
f 262/262 263/263 315/315
f 262/262 315/315 314/314
f 263/263 264/264 316/316
f 263/263 316/316 315/315
f 264/264 265/265 317/317
f 264/264 317/317 316/316
f 265/265 266/266 318/318
f 265/265 318/318 317/317
f 266/266 267/267 319/319
f 266/266 319/319 318/318
f 267/267 268/268 320/320
f 267/267 320/320 319/319
f 268/268 269/269 321/321
f 268/268 321/321 320/320
f 269/269 270/270 322/322
f 269/269 322/322 321/321
f 270/270 271/271 323/323
f 270/270 323/323 322/322
f 271/271 272/272 324/324
f 271/271 324/324 323/323
f 272/272 273/273 325/325
f 272/272 325/325 324/324
f 273/273 274/274 326/326
f 273/273 326/326 325/325
f 274/274 275/275 327/327
f 274/274 327/327 326/326
f 275/275 276/276 328/328
f 275/275 328/328 327/327
f 276/276 277/277 329/329
f 276/276 329/329 328/328
f 277/277 278/278 330/330
f 277/277 330/330 329/329
f 278/278 279/279 331/331
f 278/278 331/331 330/330
f 279/279 280/280 332/332
f 279/279 332/332 331/331
f 280/280 281/281 333/333
f 280/280 333/333 332/332
f 281/281 282/282 334/334
f 281/281 334/334 333/333
f 282/282 283/283 335/335
f 282/282 335/335 334/334
f 283/283 284/284 336/336
f 283/283 336/336 335/335
f 284/284 285/285 337/337
f 284/284 337/337 336/336
f 285/285 286/286 338/338
f 285/285 338/338 337/337
f 286/286 287/287 339/339
f 286/286 339/339 338/338
f 287/287 288/288 340/340
f 287/287 340/340 339/339
f 288/288 289/289 341/341
f 288/288 341/341 340/340
f 289/289 290/290 342/342
f 289/289 342/342 341/341
f 290/290 291/291 343/343
f 290/290 343/343 342/342
f 291/291 292/292 344/344
f 291/291 344/344 343/343
f 292/292 293/293 345/345
f 292/292 345/345 344/344
f 293/293 294/294 346/346
f 293/293 346/346 345/345
f 294/294 295/295 347/347
f 294/294 347/347 346/346
f 295/295 296/296 348/348
f 295/295 348/348 347/347
f 296/296 297/297 349/349
f 296/296 349/349 348/348
f 297/297 298/298 350/350
f 297/297 350/350 349/349
f 298/298 299/299 351/351
f 298/298 351/351 350/350
f 299/299 300/300 352/352
f 299/299 352/352 351/351
f 300/300 301/301 353/353
f 300/300 353/353 352/352
f 301/301 302/302 354/354
f 301/301 354/354 353/353
f 302/302 303/303 355/355
f 302/302 355/355 354/354
f 303/303 304/304 356/356
f 303/303 356/356 355/355
f 304/304 305/305 357/357
f 304/304 357/357 356/356
f 305/305 306/306 358/358
f 305/305 358/358 357/357
f 306/306 307/307 359/359
f 306/306 359/359 358/358
f 307/307 308/308 360/360
f 307/307 360/360 359/359
f 308/308 309/309 361/361
f 308/308 361/361 360/360
f 309/309 310/310 362/362
f 309/309 362/362 361/361
f 310/310 311/311 363/363
f 310/310 363/363 362/362
f 311/311 312/312 364/364
f 311/311 364/364 363/363
f 312/312 261/261 313/313
f 312/312 313/313 364/364
f 313/313 314/314 366/366
f 313/313 366/366 365/365
f 314/314 315/315 367/367
f 314/314 367/367 366/366
f 315/315 316/316 368/368
f 315/315 368/368 367/367
f 316/316 317/317 369/369
f 316/316 369/369 368/368
f 317/317 318/318 370/370
f 317/317 370/370 369/369
f 318/318 319/319 371/371
f 318/318 371/371 370/370
f 319/319 320/320 372/372
f 319/319 372/372 371/371
f 320/320 321/321 373/373
f 320/320 373/373 372/372
f 321/321 322/322 374/374
f 321/321 374/374 373/373
f 322/322 323/323 375/375
f 322/322 375/375 374/374
f 323/323 324/324 376/376
f 323/323 376/376 375/375
f 324/324 325/325 377/377
f 324/324 377/377 376/376
f 325/325 326/326 378/378
f 325/325 378/378 377/377
f 326/326 327/327 379/379
f 326/326 379/379 378/378
f 327/327 328/328 380/380
f 327/327 380/380 379/379
f 328/328 329/329 381/381
f 328/328 381/381 380/380
f 329/329 330/330 382/382
f 329/329 382/382 381/381
f 330/330 331/331 383/383
f 330/330 383/383 382/382
f 331/331 332/332 384/384
f 331/331 384/384 383/383
f 332/332 333/333 385/385
f 332/332 385/385 384/384
f 333/333 334/334 386/386
f 333/333 386/386 385/385
f 334/334 335/335 387/387
f 334/334 387/387 386/386
f 335/335 336/336 388/388
f 335/335 388/388 387/387
f 336/336 337/337 389/389
f 336/336 389/389 388/388
f 337/337 338/338 390/390
f 337/337 390/390 389/389
f 338/338 339/339 391/391
f 338/338 391/391 390/390
f 339/339 340/340 392/392
f 339/339 392/392 391/391
f 340/340 341/341 393/393
f 340/340 393/393 392/392
f 341/341 342/342 394/394
f 341/341 394/394 393/393
f 342/342 343/343 395/395
f 342/342 395/395 394/394
f 343/343 344/344 396/396
f 343/343 396/396 395/395
f 344/344 345/345 397/397
f 344/344 397/397 396/396
f 345/345 346/346 398/398
f 345/345 398/398 397/397
f 346/346 347/347 399/399
f 346/346 399/399 398/398
f 347/347 348/348 400/400
f 347/347 400/400 399/399
f 348/348 349/349 401/401
f 348/348 401/401 400/400
f 349/349 350/350 402/402
f 349/349 402/402 401/401
f 350/350 351/351 403/403
f 350/350 403/403 402/402
f 351/351 352/352 404/404
f 351/351 404/404 403/403
f 352/352 353/353 405/405
f 352/352 405/405 404/404
f 353/353 354/354 406/406
f 353/353 406/406 405/405
f 354/354 355/355 407/407
f 354/354 407/407 406/406
f 355/355 356/356 408/408
f 355/355 408/408 407/407
f 356/356 357/357 409/409
f 356/356 409/409 408/408
f 357/357 358/358 410/410
f 357/357 410/410 409/409
f 358/358 359/359 411/411
f 358/358 411/411 410/410
f 359/359 360/360 412/412
f 359/359 412/412 411/411
f 360/360 361/361 413/413
f 360/360 413/413 412/412
f 361/361 362/362 414/414
f 361/361 414/414 413/413
f 362/362 363/363 415/415
f 362/362 415/415 414/414
f 363/363 364/364 416/416
f 363/363 416/416 415/415
f 364/364 313/313 365/365
f 364/364 365/365 416/416
f 365/365 366/366 418/418
f 365/365 418/418 417/417
f 366/366 367/367 419/419
f 366/366 419/419 418/418
f 367/367 368/368 420/420
f 367/367 420/420 419/419
f 368/368 369/369 421/421
f 368/368 421/421 420/420
f 369/369 370/370 422/422
f 369/369 422/422 421/421
f 370/370 371/371 423/423
f 370/370 423/423 422/422
f 371/371 372/372 424/424
f 371/371 424/424 423/423
f 372/372 373/373 425/425
f 372/372 425/425 424/424
f 373/373 374/374 426/426
f 373/373 426/426 425/425
f 374/374 375/375 427/427
f 374/374 427/427 426/426
f 375/375 376/376 428/428
f 375/375 428/428 427/427
f 376/376 377/377 429/429
f 376/376 429/429 428/428
f 377/377 378/378 430/430
f 377/377 430/430 429/429
f 378/378 379/379 431/431
f 378/378 431/431 430/430
f 379/379 380/380 432/432
f 379/379 432/432 431/431
f 380/380 381/381 433/433
f 380/380 433/433 432/432
f 381/381 382/382 434/434
f 381/381 434/434 433/433
f 382/382 383/383 435/435
f 382/382 435/435 434/434
f 383/383 384/384 436/436
f 383/383 436/436 435/435
f 384/384 385/385 437/437
f 384/384 437/437 436/436
f 385/385 386/386 438/438
f 385/385 438/438 437/437
f 386/386 387/387 439/439
f 386/386 439/439 438/438
f 387/387 388/388 440/440
f 387/387 440/440 439/439
f 388/388 389/389 441/441
f 388/388 441/441 440/440
f 389/389 390/390 442/442
f 389/389 442/442 441/441
f 390/390 391/391 443/443
f 390/390 443/443 442/442
f 391/391 392/392 444/444
f 391/391 444/444 443/443
f 392/392 393/393 445/445
f 392/392 445/445 444/444
f 393/393 394/394 446/446
f 393/393 446/446 445/445
f 394/394 395/395 447/447
f 394/394 447/447 446/446
f 395/395 396/396 448/448
f 395/395 448/448 447/447
f 396/396 397/397 449/449
f 396/396 449/449 448/448
f 397/397 398/398 450/450
f 397/397 450/450 449/449
f 398/398 399/399 451/451
f 398/398 451/451 450/450
f 399/399 400/400 452/452
f 399/399 452/452 451/451
f 400/400 401/401 453/453
f 400/400 453/453 452/452
f 401/401 402/402 454/454
f 401/401 454/454 453/453
f 402/402 403/403 455/455
f 402/402 455/455 454/454
f 403/403 404/404 456/456
f 403/403 456/456 455/455
f 404/404 405/405 457/457
f 404/404 457/457 456/456
f 405/405 406/406 458/458
f 405/405 458/458 457/457
f 406/406 407/407 459/459
f 406/406 459/459 458/458
f 407/407 408/408 460/460
f 407/407 460/460 459/459
f 408/408 409/409 461/461
f 408/408 461/461 460/460
f 409/409 410/410 462/462
f 409/409 462/462 461/461
f 410/410 411/411 463/463
f 410/410 463/463 462/462
f 411/411 412/412 464/464
f 411/411 464/464 463/463
f 412/412 413/413 465/465
f 412/412 465/465 464/464
f 413/413 414/414 466/466
f 413/413 466/466 465/465
f 414/414 415/415 467/467
f 414/414 467/467 466/466
f 415/415 416/416 468/468
f 415/415 468/468 467/467
f 416/416 365/365 417/417
f 416/416 417/417 468/468
f 417/417 418/418 470/470
f 417/417 470/470 469/469
f 418/418 419/419 471/471
f 418/418 471/471 470/470
f 419/419 420/420 472/472
f 419/419 472/472 471/471
f 420/420 421/421 473/473
f 420/420 473/473 472/472
f 421/421 422/422 474/474
f 421/421 474/474 473/473
f 422/422 423/423 475/475
f 422/422 475/475 474/474
f 423/423 424/424 476/476
f 423/423 476/476 475/475
f 424/424 425/425 477/477
f 424/424 477/477 476/476
f 425/425 426/426 478/478
f 425/425 478/478 477/477
f 426/426 427/427 479/479
f 426/426 479/479 478/478
f 427/427 428/428 480/480
f 427/427 480/480 479/479
f 428/428 429/429 481/481
f 428/428 481/481 480/480
f 429/429 430/430 482/482
f 429/429 482/482 481/481
f 430/430 431/431 483/483
f 430/430 483/483 482/482
f 431/431 432/432 484/484
f 431/431 484/484 483/483
f 432/432 433/433 485/485
f 432/432 485/485 484/484
f 433/433 434/434 486/486
f 433/433 486/486 485/485
f 434/434 435/435 487/487
f 434/434 487/487 486/486
f 435/435 436/436 488/488
f 435/435 488/488 487/487
f 436/436 437/437 489/489
f 436/436 489/489 488/488
f 437/437 438/438 490/490
f 437/437 490/490 489/489
f 438/438 439/439 491/491
f 438/438 491/491 490/490
f 439/439 440/440 492/492
f 439/439 492/492 491/491
f 440/440 441/441 493/493
f 440/440 493/493 492/492
f 441/441 442/442 494/494
f 441/441 494/494 493/493
f 442/442 443/443 495/495
f 442/442 495/495 494/494
f 443/443 444/444 496/496
f 443/443 496/496 495/495
f 444/444 445/445 497/497
f 444/444 497/497 496/496
f 445/445 446/446 498/498
f 445/445 498/498 497/497
f 446/446 447/447 499/499
f 446/446 499/499 498/498
f 447/447 448/448 500/500
f 447/447 500/500 499/499
f 448/448 449/449 501/501
f 448/448 501/501 500/500
f 449/449 450/450 502/502
f 449/449 502/502 501/501
f 450/450 451/451 503/503
f 450/450 503/503 502/502
f 451/451 452/452 504/504
f 451/451 504/504 503/503
f 452/452 453/453 505/505
f 452/452 505/505 504/504
f 453/453 454/454 506/506
f 453/453 506/506 505/505
f 454/454 455/455 507/507
f 454/454 507/507 506/506
f 455/455 456/456 508/508
f 455/455 508/508 507/507
f 456/456 457/457 509/509
f 456/456 509/509 508/508
f 457/457 458/458 510/510
f 457/457 510/510 509/509
f 458/458 459/459 511/511
f 458/458 511/511 510/510
f 459/459 460/460 512/512
f 459/459 512/512 511/511
f 460/460 461/461 513/513
f 460/460 513/513 512/512
f 461/461 462/462 514/514
f 461/461 514/514 513/513
f 462/462 463/463 515/515
f 462/462 515/515 514/514
f 463/463 464/464 516/516
f 463/463 516/516 515/515
f 464/464 465/465 517/517
f 464/464 517/517 516/516
f 465/465 466/466 518/518
f 465/465 518/518 517/517
f 466/466 467/467 519/519
f 466/466 519/519 518/518
f 467/467 468/468 520/520
f 467/467 520/520 519/519
f 468/468 417/417 469/469
f 468/468 469/469 520/520
f 469/469 470/470 522/522
f 469/469 522/522 521/521
f 470/470 471/471 523/523
f 470/470 523/523 522/522
f 471/471 472/472 524/524
f 471/471 524/524 523/523
f 472/472 473/473 525/525
f 472/472 525/525 524/524
f 473/473 474/474 526/526
f 473/473 526/526 525/525
f 474/474 475/475 527/527
f 474/474 527/527 526/526
f 475/475 476/476 528/528
f 475/475 528/528 527/527
f 476/476 477/477 529/529
f 476/476 529/529 528/528
f 477/477 478/478 530/530
f 477/477 530/530 529/529
f 478/478 479/479 531/531
f 478/478 531/531 530/530
f 479/479 480/480 532/532
f 479/479 532/532 531/531
f 480/480 481/481 533/533
f 480/480 533/533 532/532
f 481/481 482/482 534/534
f 481/481 534/534 533/533
f 482/482 483/483 535/535
f 482/482 535/535 534/534
f 483/483 484/484 536/536
f 483/483 536/536 535/535
f 484/484 485/485 537/537
f 484/484 537/537 536/536
f 485/485 486/486 538/538
f 485/485 538/538 537/537
f 486/486 487/487 539/539
f 486/486 539/539 538/538
f 487/487 488/488 540/540
f 487/487 540/540 539/539
f 488/488 489/489 541/541
f 488/488 541/541 540/540
f 489/489 490/490 542/542
f 489/489 542/542 541/541
f 490/490 491/491 543/543
f 490/490 543/543 542/542
f 491/491 492/492 544/544
f 491/491 544/544 543/543
f 492/492 493/493 545/545
f 492/492 545/545 544/544
f 493/493 494/494 546/546
f 493/493 546/546 545/545
f 494/494 495/495 547/547
f 494/494 547/547 546/546
f 495/495 496/496 548/548
f 495/495 548/548 547/547
f 496/496 497/497 549/549
f 496/496 549/549 548/548
f 497/497 498/498 550/550
f 497/497 550/550 549/549
f 498/498 499/499 551/551
f 498/498 551/551 550/550
f 499/499 500/500 552/552
f 499/499 552/552 551/551
f 500/500 501/501 553/553
f 500/500 553/553 552/552
f 501/501 502/502 554/554
f 501/501 554/554 553/553
f 502/502 503/503 555/555
f 502/502 555/555 554/554
f 503/503 504/504 556/556
f 503/503 556/556 555/555
f 504/504 505/505 557/557
f 504/504 557/557 556/556
f 505/505 506/506 558/558
f 505/505 558/558 557/557
f 506/506 507/507 559/559
f 506/506 559/559 558/558
f 507/507 508/508 560/560
f 507/507 560/560 559/559
f 508/508 509/509 561/561
f 508/508 561/561 560/560
f 509/509 510/510 562/562
f 509/509 562/562 561/561
f 510/510 511/511 563/563
f 510/510 563/563 562/562
f 511/511 512/512 564/564
f 511/511 564/564 563/563
f 512/512 513/513 565/565
f 512/512 565/565 564/564
f 513/513 514/514 566/566
f 513/513 566/566 565/565
f 514/514 515/515 567/567
f 514/514 567/567 566/566
f 515/515 516/516 568/568
f 515/515 568/568 567/567
f 516/516 517/517 569/569
f 516/516 569/569 568/568
f 517/517 518/518 570/570
f 517/517 570/570 569/569
f 518/518 519/519 571/571
f 518/518 571/571 570/570
f 519/519 520/520 572/572
f 519/519 572/572 571/571
f 520/520 469/469 521/521
f 520/520 521/521 572/572
f 521/521 522/522 574/574
f 521/521 574/574 573/573
f 522/522 523/523 575/575
f 522/522 575/575 574/574
f 523/523 524/524 576/576
f 523/523 576/576 575/575
f 524/524 525/525 577/577
f 524/524 577/577 576/576
f 525/525 526/526 578/578
f 525/525 578/578 577/577
f 526/526 527/527 579/579
f 526/526 579/579 578/578
f 527/527 528/528 580/580
f 527/527 580/580 579/579
f 528/528 529/529 581/581
f 528/528 581/581 580/580
f 529/529 530/530 582/582
f 529/529 582/582 581/581
f 530/530 531/531 583/583
f 530/530 583/583 582/582
f 531/531 532/532 584/584
f 531/531 584/584 583/583
f 532/532 533/533 585/585
f 532/532 585/585 584/584
f 533/533 534/534 586/586
f 533/533 586/586 585/585
f 534/534 535/535 587/587
f 534/534 587/587 586/586
f 535/535 536/536 588/588
f 535/535 588/588 587/587
f 536/536 537/537 589/589
f 536/536 589/589 588/588
f 537/537 538/538 590/590
f 537/537 590/590 589/589
f 538/538 539/539 591/591
f 538/538 591/591 590/590
f 539/539 540/540 592/592
f 539/539 592/592 591/591
f 540/540 541/541 593/593
f 540/540 593/593 592/592
f 541/541 542/542 594/594
f 541/541 594/594 593/593
f 542/542 543/543 595/595
f 542/542 595/595 594/594
f 543/543 544/544 596/596
f 543/543 596/596 595/595
f 544/544 545/545 597/597
f 544/544 597/597 596/596
f 545/545 546/546 598/598
f 545/545 598/598 597/597
f 546/546 547/547 599/599
f 546/546 599/599 598/598
f 547/547 548/548 600/600
f 547/547 600/600 599/599
f 548/548 549/549 601/601
f 548/548 601/601 600/600
f 549/549 550/550 602/602
f 549/549 602/602 601/601
f 550/550 551/551 603/603
f 550/550 603/603 602/602
f 551/551 552/552 604/604
f 551/551 604/604 603/603
f 552/552 553/553 605/605
f 552/552 605/605 604/604
f 553/553 554/554 606/606
f 553/553 606/606 605/605
f 554/554 555/555 607/607
f 554/554 607/607 606/606
f 555/555 556/556 608/608
f 555/555 608/608 607/607
f 556/556 557/557 609/609
f 556/556 609/609 608/608
f 557/557 558/558 610/610
f 557/557 610/610 609/609
f 558/558 559/559 611/611
f 558/558 611/611 610/610
f 559/559 560/560 612/612
f 559/559 612/612 611/611
f 560/560 561/561 613/613
f 560/560 613/613 612/612
f 561/561 562/562 614/614
f 561/561 614/614 613/613
f 562/562 563/563 615/615
f 562/562 615/615 614/614
f 563/563 564/564 616/616
f 563/563 616/616 615/615
f 564/564 565/565 617/617
f 564/564 617/617 616/616
f 565/565 566/566 618/618
f 565/565 618/618 617/617
f 566/566 567/567 619/619
f 566/566 619/619 618/618
f 567/567 568/568 620/620
f 567/567 620/620 619/619
f 568/568 569/569 621/621
f 568/568 621/621 620/620
f 569/569 570/570 622/622
f 569/569 622/622 621/621
f 570/570 571/571 623/623
f 570/570 623/623 622/622
f 571/571 572/572 624/624
f 571/571 624/624 623/623
f 572/572 521/521 573/573
f 572/572 573/573 624/624
f 573/573 574/574 626/626
f 573/573 626/626 625/625
f 574/574 575/575 627/627
f 574/574 627/627 626/626
f 575/575 576/576 628/628
f 575/575 628/628 627/627
f 576/576 577/577 629/629
f 576/576 629/629 628/628
f 577/577 578/578 630/630
f 577/577 630/630 629/629
f 578/578 579/579 631/631
f 578/578 631/631 630/630
f 579/579 580/580 632/632
f 579/579 632/632 631/631
f 580/580 581/581 633/633
f 580/580 633/633 632/632
f 581/581 582/582 634/634
f 581/581 634/634 633/633
f 582/582 583/583 635/635
f 582/582 635/635 634/634
f 583/583 584/584 636/636
f 583/583 636/636 635/635
f 584/584 585/585 637/637
f 584/584 637/637 636/636
f 585/585 586/586 638/638
f 585/585 638/638 637/637
f 586/586 587/587 639/639
f 586/586 639/639 638/638
f 587/587 588/588 640/640
f 587/587 640/640 639/639
f 588/588 589/589 641/641
f 588/588 641/641 640/640
f 589/589 590/590 642/642
f 589/589 642/642 641/641
f 590/590 591/591 643/643
f 590/590 643/643 642/642
f 591/591 592/592 644/644
f 591/591 644/644 643/643
f 592/592 593/593 645/645
f 592/592 645/645 644/644
f 593/593 594/594 646/646
f 593/593 646/646 645/645
f 594/594 595/595 647/647
f 594/594 647/647 646/646
f 595/595 596/596 648/648
f 595/595 648/648 647/647
f 596/596 597/597 649/649
f 596/596 649/649 648/648
f 597/597 598/598 650/650
f 597/597 650/650 649/649
f 598/598 599/599 651/651
f 598/598 651/651 650/650
f 599/599 600/600 652/652
f 599/599 652/652 651/651
f 600/600 601/601 653/653
f 600/600 653/653 652/652
f 601/601 602/602 654/654
f 601/601 654/654 653/653
f 602/602 603/603 655/655
f 602/602 655/655 654/654
f 603/603 604/604 656/656
f 603/603 656/656 655/655
f 604/604 605/605 657/657
f 604/604 657/657 656/656
f 605/605 606/606 658/658
f 605/605 658/658 657/657
f 606/606 607/607 659/659
f 606/606 659/659 658/658
f 607/607 608/608 660/660
f 607/607 660/660 659/659
f 608/608 609/609 661/661
f 608/608 661/661 660/660
f 609/609 610/610 662/662
f 609/609 662/662 661/661
f 610/610 611/611 663/663
f 610/610 663/663 662/662
f 611/611 612/612 664/664
f 611/611 664/664 663/663
f 612/612 613/613 665/665
f 612/612 665/665 664/664
f 613/613 614/614 666/666
f 613/613 666/666 665/665
f 614/614 615/615 667/667
f 614/614 667/667 666/666
f 615/615 616/616 668/668
f 615/615 668/668 667/667
f 616/616 617/617 669/669
f 616/616 669/669 668/668
f 617/617 618/618 670/670
f 617/617 670/670 669/669
f 618/618 619/619 671/671
f 618/618 671/671 670/670
f 619/619 620/620 672/672
f 619/619 672/672 671/671
f 620/620 621/621 673/673
f 620/620 673/673 672/672
f 621/621 622/622 674/674
f 621/621 674/674 673/673
f 622/622 623/623 675/675
f 622/622 675/675 674/674
f 623/623 624/624 676/676
f 623/623 676/676 675/675
f 624/624 573/573 625/625
f 624/624 625/625 676/676
f 625/625 626/626 678/678
f 625/625 678/678 677/677
f 626/626 627/627 679/679
f 626/626 679/679 678/678
f 627/627 628/628 680/680
f 627/627 680/680 679/679
f 628/628 629/629 681/681
f 628/628 681/681 680/680
f 629/629 630/630 682/682
f 629/629 682/682 681/681
f 630/630 631/631 683/683
f 630/630 683/683 682/682
f 631/631 632/632 684/684
f 631/631 684/684 683/683
f 632/632 633/633 685/685
f 632/632 685/685 684/684
f 633/633 634/634 686/686
f 633/633 686/686 685/685
f 634/634 635/635 687/687
f 634/634 687/687 686/686
f 635/635 636/636 688/688
f 635/635 688/688 687/687
f 636/636 637/637 689/689
f 636/636 689/689 688/688
f 637/637 638/638 690/690
f 637/637 690/690 689/689
f 638/638 639/639 691/691
f 638/638 691/691 690/690
f 639/639 640/640 692/692
f 639/639 692/692 691/691
f 640/640 641/641 693/693
f 640/640 693/693 692/692
f 641/641 642/642 694/694
f 641/641 694/694 693/693
f 642/642 643/643 695/695
f 642/642 695/695 694/694
f 643/643 644/644 696/696
f 643/643 696/696 695/695
f 644/644 645/645 697/697
f 644/644 697/697 696/696
f 645/645 646/646 698/698
f 645/645 698/698 697/697
f 646/646 647/647 699/699
f 646/646 699/699 698/698
f 647/647 648/648 700/700
f 647/647 700/700 699/699
f 648/648 649/649 701/701
f 648/648 701/701 700/700
f 649/649 650/650 702/702
f 649/649 702/702 701/701
f 650/650 651/651 703/703
f 650/650 703/703 702/702
f 651/651 652/652 704/704
f 651/651 704/704 703/703
f 652/652 653/653 705/705
f 652/652 705/705 704/704
f 653/653 654/654 706/706
f 653/653 706/706 705/705
f 654/654 655/655 707/707
f 654/654 707/707 706/706
f 655/655 656/656 708/708
f 655/655 708/708 707/707
f 656/656 657/657 709/709
f 656/656 709/709 708/708
f 657/657 658/658 710/710
f 657/657 710/710 709/709
f 658/658 659/659 711/711
f 658/658 711/711 710/710
f 659/659 660/660 712/712
f 659/659 712/712 711/711
f 660/660 661/661 713/713
f 660/660 713/713 712/712
f 661/661 662/662 714/714
f 661/661 714/714 713/713
f 662/662 663/663 715/715
f 662/662 715/715 714/714
f 663/663 664/664 716/716
f 663/663 716/716 715/715
f 664/664 665/665 717/717
f 664/664 717/717 716/716
f 665/665 666/666 718/718
f 665/665 718/718 717/717
f 666/666 667/667 719/719
f 666/666 719/719 718/718
f 667/667 668/668 720/720
f 667/667 720/720 719/719
f 668/668 669/669 721/721
f 668/668 721/721 720/720
f 669/669 670/670 722/722
f 669/669 722/722 721/721
f 670/670 671/671 723/723
f 670/670 723/723 722/722
f 671/671 672/672 724/724
f 671/671 724/724 723/723
f 672/672 673/673 725/725
f 672/672 725/725 724/724
f 673/673 674/674 726/726
f 673/673 726/726 725/725
f 674/674 675/675 727/727
f 674/674 727/727 726/726
f 675/675 676/676 728/728
f 675/675 728/728 727/727
f 676/676 625/625 677/677
f 676/676 677/677 728/728
f 677/677 678/678 730/730
f 677/677 730/730 729/729
f 678/678 679/679 731/731
f 678/678 731/731 730/730
f 679/679 680/680 732/732
f 679/679 732/732 731/731
f 680/680 681/681 733/733
f 680/680 733/733 732/732
f 681/681 682/682 734/734
f 681/681 734/734 733/733
f 682/682 683/683 735/735
f 682/682 735/735 734/734
f 683/683 684/684 736/736
f 683/683 736/736 735/735
f 684/684 685/685 737/737
f 684/684 737/737 736/736
f 685/685 686/686 738/738
f 685/685 738/738 737/737
f 686/686 687/687 739/739
f 686/686 739/739 738/738
f 687/687 688/688 740/740
f 687/687 740/740 739/739
f 688/688 689/689 741/741
f 688/688 741/741 740/740
f 689/689 690/690 742/742
f 689/689 742/742 741/741
f 690/690 691/691 743/743
f 690/690 743/743 742/742
f 691/691 692/692 744/744
f 691/691 744/744 743/743
f 692/692 693/693 745/745
f 692/692 745/745 744/744
f 693/693 694/694 746/746
f 693/693 746/746 745/745
f 694/694 695/695 747/747
f 694/694 747/747 746/746
f 695/695 696/696 748/748
f 695/695 748/748 747/747
f 696/696 697/697 749/749
f 696/696 749/749 748/748
f 697/697 698/698 750/750
f 697/697 750/750 749/749
f 698/698 699/699 751/751
f 698/698 751/751 750/750
f 699/699 700/700 752/752
f 699/699 752/752 751/751
f 700/700 701/701 753/753
f 700/700 753/753 752/752
f 701/701 702/702 754/754
f 701/701 754/754 753/753
f 702/702 703/703 755/755
f 702/702 755/755 754/754
f 703/703 704/704 756/756
f 703/703 756/756 755/755
f 704/704 705/705 757/757
f 704/704 757/757 756/756
f 705/705 706/706 758/758
f 705/705 758/758 757/757
f 706/706 707/707 759/759
f 706/706 759/759 758/758
f 707/707 708/708 760/760
f 707/707 760/760 759/759
f 708/708 709/709 761/761
f 708/708 761/761 760/760
f 709/709 710/710 762/762
f 709/709 762/762 761/761
f 710/710 711/711 763/763
f 710/710 763/763 762/762
f 711/711 712/712 764/764
f 711/711 764/764 763/763
f 712/712 713/713 765/765
f 712/712 765/765 764/764
f 713/713 714/714 766/766
f 713/713 766/766 765/765
f 714/714 715/715 767/767
f 714/714 767/767 766/766
f 715/715 716/716 768/768
f 715/715 768/768 767/767
f 716/716 717/717 769/769
f 716/716 769/769 768/768
f 717/717 718/718 770/770
f 717/717 770/770 769/769
f 718/718 719/719 771/771
f 718/718 771/771 770/770
f 719/719 720/720 772/772
f 719/719 772/772 771/771
f 720/720 721/721 773/773
f 720/720 773/773 772/772
f 721/721 722/722 774/774
f 721/721 774/774 773/773
f 722/722 723/723 775/775
f 722/722 775/775 774/774
f 723/723 724/724 776/776
f 723/723 776/776 775/775
f 724/724 725/725 777/777
f 724/724 777/777 776/776
f 725/725 726/726 778/778
f 725/725 778/778 777/777
f 726/726 727/727 779/779
f 726/726 779/779 778/778
f 727/727 728/728 780/780
f 727/727 780/780 779/779
f 728/728 677/677 729/729
f 728/728 729/729 780/780
f 729/729 730/730 782/782
f 729/729 782/782 781/781
f 730/730 731/731 783/783
f 730/730 783/783 782/782
f 731/731 732/732 784/784
f 731/731 784/784 783/783
f 732/732 733/733 785/785
f 732/732 785/785 784/784
f 733/733 734/734 786/786
f 733/733 786/786 785/785
f 734/734 735/735 787/787
f 734/734 787/787 786/786
f 735/735 736/736 788/788
f 735/735 788/788 787/787
f 736/736 737/737 789/789
f 736/736 789/789 788/788
f 737/737 738/738 790/790
f 737/737 790/790 789/789
f 738/738 739/739 791/791
f 738/738 791/791 790/790
f 739/739 740/740 792/792
f 739/739 792/792 791/791
f 740/740 741/741 793/793
f 740/740 793/793 792/792
f 741/741 742/742 794/794
f 741/741 794/794 793/793
f 742/742 743/743 795/795
f 742/742 795/795 794/794
f 743/743 744/744 796/796
f 743/743 796/796 795/795
f 744/744 745/745 797/797
f 744/744 797/797 796/796
f 745/745 746/746 798/798
f 745/745 798/798 797/797
f 746/746 747/747 799/799
f 746/746 799/799 798/798
f 747/747 748/748 800/800
f 747/747 800/800 799/799
f 748/748 749/749 801/801
f 748/748 801/801 800/800
f 749/749 750/750 802/802
f 749/749 802/802 801/801
f 750/750 751/751 803/803
f 750/750 803/803 802/802
f 751/751 752/752 804/804
f 751/751 804/804 803/803
f 752/752 753/753 805/805
f 752/752 805/805 804/804
f 753/753 754/754 806/806
f 753/753 806/806 805/805
f 754/754 755/755 807/807
f 754/754 807/807 806/806
f 755/755 756/756 808/808
f 755/755 808/808 807/807
f 756/756 757/757 809/809
f 756/756 809/809 808/808
f 757/757 758/758 810/810
f 757/757 810/810 809/809
f 758/758 759/759 811/811
f 758/758 811/811 810/810
f 759/759 760/760 812/812
f 759/759 812/812 811/811
f 760/760 761/761 813/813
f 760/760 813/813 812/812
f 761/761 762/762 814/814
f 761/761 814/814 813/813
f 762/762 763/763 815/815
f 762/762 815/815 814/814
f 763/763 764/764 816/816
f 763/763 816/816 815/815
f 764/764 765/765 817/817
f 764/764 817/817 816/816
f 765/765 766/766 818/818
f 765/765 818/818 817/817
f 766/766 767/767 819/819
f 766/766 819/819 818/818
f 767/767 768/768 820/820
f 767/767 820/820 819/819
f 768/768 769/769 821/821
f 768/768 821/821 820/820
f 769/769 770/770 822/822
f 769/769 822/822 821/821
f 770/770 771/771 823/823
f 770/770 823/823 822/822
f 771/771 772/772 824/824
f 771/771 824/824 823/823
f 772/772 773/773 825/825
f 772/772 825/825 824/824
f 773/773 774/774 826/826
f 773/773 826/826 825/825
f 774/774 775/775 827/827
f 774/774 827/827 826/826
f 775/775 776/776 828/828
f 775/775 828/828 827/827
f 776/776 777/777 829/829
f 776/776 829/829 828/828
f 777/777 778/778 830/830
f 777/777 830/830 829/829
f 778/778 779/779 831/831
f 778/778 831/831 830/830
f 779/779 780/780 832/832
f 779/779 832/832 831/831
f 780/780 729/729 781/781
f 780/780 781/781 832/832
f 781/781 782/782 834/834
f 781/781 834/834 833/833
f 782/782 783/783 835/835
f 782/782 835/835 834/834
f 783/783 784/784 836/836
f 783/783 836/836 835/835
f 784/784 785/785 837/837
f 784/784 837/837 836/836
f 785/785 786/786 838/838
f 785/785 838/838 837/837
f 786/786 787/787 839/839
f 786/786 839/839 838/838
f 787/787 788/788 840/840
f 787/787 840/840 839/839
f 788/788 789/789 841/841
f 788/788 841/841 840/840
f 789/789 790/790 842/842
f 789/789 842/842 841/841
f 790/790 791/791 843/843
f 790/790 843/843 842/842
f 791/791 792/792 844/844
f 791/791 844/844 843/843
f 792/792 793/793 845/845
f 792/792 845/845 844/844
f 793/793 794/794 846/846
f 793/793 846/846 845/845
f 794/794 795/795 847/847
f 794/794 847/847 846/846
f 795/795 796/796 848/848
f 795/795 848/848 847/847
f 796/796 797/797 849/849
f 796/796 849/849 848/848
f 797/797 798/798 850/850
f 797/797 850/850 849/849
f 798/798 799/799 851/851
f 798/798 851/851 850/850
f 799/799 800/800 852/852
f 799/799 852/852 851/851
f 800/800 801/801 853/853
f 800/800 853/853 852/852
f 801/801 802/802 854/854
f 801/801 854/854 853/853
f 802/802 803/803 855/855
f 802/802 855/855 854/854
f 803/803 804/804 856/856
f 803/803 856/856 855/855
f 804/804 805/805 857/857
f 804/804 857/857 856/856
f 805/805 806/806 858/858
f 805/805 858/858 857/857
f 806/806 807/807 859/859
f 806/806 859/859 858/858
f 807/807 808/808 860/860
f 807/807 860/860 859/859
f 808/808 809/809 861/861
f 808/808 861/861 860/860
f 809/809 810/810 862/862
f 809/809 862/862 861/861
f 810/810 811/811 863/863
f 810/810 863/863 862/862
f 811/811 812/812 864/864
f 811/811 864/864 863/863
f 812/812 813/813 865/865
f 812/812 865/865 864/864
f 813/813 814/814 866/866
f 813/813 866/866 865/865
f 814/814 815/815 867/867
f 814/814 867/867 866/866
f 815/815 816/816 868/868
f 815/815 868/868 867/867
f 816/816 817/817 869/869
f 816/816 869/869 868/868
f 817/817 818/818 870/870
f 817/817 870/870 869/869
f 818/818 819/819 871/871
f 818/818 871/871 870/870
f 819/819 820/820 872/872
f 819/819 872/872 871/871
f 820/820 821/821 873/873
f 820/820 873/873 872/872
f 821/821 822/822 874/874
f 821/821 874/874 873/873
f 822/822 823/823 875/875
f 822/822 875/875 874/874
f 823/823 824/824 876/876
f 823/823 876/876 875/875
f 824/824 825/825 877/877
f 824/824 877/877 876/876
f 825/825 826/826 878/878
f 825/825 878/878 877/877
f 826/826 827/827 879/879
f 826/826 879/879 878/878
f 827/827 828/828 880/880
f 827/827 880/880 879/879
f 828/828 829/829 881/881
f 828/828 881/881 880/880
f 829/829 830/830 882/882
f 829/829 882/882 881/881
f 830/830 831/831 883/883
f 830/830 883/883 882/882
f 831/831 832/832 884/884
f 831/831 884/884 883/883
f 832/832 781/781 833/833
f 832/832 833/833 884/884
f 833/833 834/834 886/886
f 833/833 886/886 885/885
f 834/834 835/835 887/887
f 834/834 887/887 886/886
f 835/835 836/836 888/888
f 835/835 888/888 887/887
f 836/836 837/837 889/889
f 836/836 889/889 888/888
f 837/837 838/838 890/890
f 837/837 890/890 889/889
f 838/838 839/839 891/891
f 838/838 891/891 890/890
f 839/839 840/840 892/892
f 839/839 892/892 891/891
f 840/840 841/841 893/893
f 840/840 893/893 892/892
f 841/841 842/842 894/894
f 841/841 894/894 893/893
f 842/842 843/843 895/895
f 842/842 895/895 894/894
f 843/843 844/844 896/896
f 843/843 896/896 895/895
f 844/844 845/845 897/897
f 844/844 897/897 896/896
f 845/845 846/846 898/898
f 845/845 898/898 897/897
f 846/846 847/847 899/899
f 846/846 899/899 898/898
f 847/847 848/848 900/900
f 847/847 900/900 899/899
f 848/848 849/849 901/901
f 848/848 901/901 900/900
f 849/849 850/850 902/902
f 849/849 902/902 901/901
f 850/850 851/851 903/903
f 850/850 903/903 902/902
f 851/851 852/852 904/904
f 851/851 904/904 903/903
f 852/852 853/853 905/905
f 852/852 905/905 904/904
f 853/853 854/854 906/906
f 853/853 906/906 905/905
f 854/854 855/855 907/907
f 854/854 907/907 906/906
f 855/855 856/856 908/908
f 855/855 908/908 907/907
f 856/856 857/857 909/909
f 856/856 909/909 908/908
f 857/857 858/858 910/910
f 857/857 910/910 909/909
f 858/858 859/859 911/911
f 858/858 911/911 910/910
f 859/859 860/860 912/912
f 859/859 912/912 911/911
f 860/860 861/861 913/913
f 860/860 913/913 912/912
f 861/861 862/862 914/914
f 861/861 914/914 913/913
f 862/862 863/863 915/915
f 862/862 915/915 914/914
f 863/863 864/864 916/916
f 863/863 916/916 915/915
f 864/864 865/865 917/917
f 864/864 917/917 916/916
f 865/865 866/866 918/918
f 865/865 918/918 917/917
f 866/866 867/867 919/919
f 866/866 919/919 918/918
f 867/867 868/868 920/920
f 867/867 920/920 919/919
f 868/868 869/869 921/921
f 868/868 921/921 920/920
f 869/869 870/870 922/922
f 869/869 922/922 921/921
f 870/870 871/871 923/923
f 870/870 923/923 922/922
f 871/871 872/872 924/924
f 871/871 924/924 923/923
f 872/872 873/873 925/925
f 872/872 925/925 924/924
f 873/873 874/874 926/926
f 873/873 926/926 925/925
f 874/874 875/875 927/927
f 874/874 927/927 926/926
f 875/875 876/876 928/928
f 875/875 928/928 927/927
f 876/876 877/877 929/929
f 876/876 929/929 928/928
f 877/877 878/878 930/930
f 877/877 930/930 929/929
f 878/878 879/879 931/931
f 878/878 931/931 930/930
f 879/879 880/880 932/932
f 879/879 932/932 931/931
f 880/880 881/881 933/933
f 880/880 933/933 932/932
f 881/881 882/882 934/934
f 881/881 934/934 933/933
f 882/882 883/883 935/935
f 882/882 935/935 934/934
f 883/883 884/884 936/936
f 883/883 936/936 935/935
f 884/884 833/833 885/885
f 884/884 885/885 936/936
f 885/885 886/886 938/938
f 885/885 938/938 937/937
f 886/886 887/887 939/939
f 886/886 939/939 938/938
f 887/887 888/888 940/940
f 887/887 940/940 939/939
f 888/888 889/889 941/941
f 888/888 941/941 940/940
f 889/889 890/890 942/942
f 889/889 942/942 941/941
f 890/890 891/891 943/943
f 890/890 943/943 942/942
f 891/891 892/892 944/944
f 891/891 944/944 943/943
f 892/892 893/893 945/945
f 892/892 945/945 944/944
f 893/893 894/894 946/946
f 893/893 946/946 945/945
f 894/894 895/895 947/947
f 894/894 947/947 946/946
f 895/895 896/896 948/948
f 895/895 948/948 947/947
f 896/896 897/897 949/949
f 896/896 949/949 948/948
f 897/897 898/898 950/950
f 897/897 950/950 949/949
f 898/898 899/899 951/951
f 898/898 951/951 950/950
f 899/899 900/900 952/952
f 899/899 952/952 951/951
f 900/900 901/901 953/953
f 900/900 953/953 952/952
f 901/901 902/902 954/954
f 901/901 954/954 953/953
f 902/902 903/903 955/955
f 902/902 955/955 954/954
f 903/903 904/904 956/956
f 903/903 956/956 955/955
f 904/904 905/905 957/957
f 904/904 957/957 956/956
f 905/905 906/906 958/958
f 905/905 958/958 957/957
f 906/906 907/907 959/959
f 906/906 959/959 958/958
f 907/907 908/908 960/960
f 907/907 960/960 959/959
f 908/908 909/909 961/961
f 908/908 961/961 960/960
f 909/909 910/910 962/962
f 909/909 962/962 961/961
f 910/910 911/911 963/963
f 910/910 963/963 962/962
f 911/911 912/912 964/964
f 911/911 964/964 963/963
f 912/912 913/913 965/965
f 912/912 965/965 964/964
f 913/913 914/914 966/966
f 913/913 966/966 965/965
f 914/914 915/915 967/967
f 914/914 967/967 966/966
f 915/915 916/916 968/968
f 915/915 968/968 967/967
f 916/916 917/917 969/969
f 916/916 969/969 968/968
f 917/917 918/918 970/970
f 917/917 970/970 969/969
f 918/918 919/919 971/971
f 918/918 971/971 970/970
f 919/919 920/920 972/972
f 919/919 972/972 971/971
f 920/920 921/921 973/973
f 920/920 973/973 972/972
f 921/921 922/922 974/974
f 921/921 974/974 973/973
f 922/922 923/923 975/975
f 922/922 975/975 974/974
f 923/923 924/924 976/976
f 923/923 976/976 975/975
f 924/924 925/925 977/977
f 924/924 977/977 976/976
f 925/925 926/926 978/978
f 925/925 978/978 977/977
f 926/926 927/927 979/979
f 926/926 979/979 978/978
f 927/927 928/928 980/980
f 927/927 980/980 979/979
f 928/928 929/929 981/981
f 928/928 981/981 980/980
f 929/929 930/930 982/982
f 929/929 982/982 981/981
f 930/930 931/931 983/983
f 930/930 983/983 982/982
f 931/931 932/932 984/984
f 931/931 984/984 983/983
f 932/932 933/933 985/985
f 932/932 985/985 984/984
f 933/933 934/934 986/986
f 933/933 986/986 985/985
f 934/934 935/935 987/987
f 934/934 987/987 986/986
f 935/935 936/936 988/988
f 935/935 988/988 987/987
f 936/936 885/885 937/937
f 936/936 937/937 988/988
f 937/937 938/938 990/990
f 937/937 990/990 989/989
f 938/938 939/939 991/991
f 938/938 991/991 990/990
f 939/939 940/940 992/992
f 939/939 992/992 991/991
f 940/940 941/941 993/993
f 940/940 993/993 992/992
f 941/941 942/942 994/994
f 941/941 994/994 993/993
f 942/942 943/943 995/995
f 942/942 995/995 994/994
f 943/943 944/944 996/996
f 943/943 996/996 995/995
f 944/944 945/945 997/997
f 944/944 997/997 996/996
f 945/945 946/946 998/998
f 945/945 998/998 997/997
f 946/946 947/947 999/999
f 946/946 999/999 998/998
f 947/947 948/948 1000/1000
f 947/947 1000/1000 999/999
f 948/948 949/949 1001/1001
f 948/948 1001/1001 1000/1000
f 949/949 950/950 1002/1002
f 949/949 1002/1002 1001/1001
f 950/950 951/951 1003/1003
f 950/950 1003/1003 1002/1002
f 951/951 952/952 1004/1004
f 951/951 1004/1004 1003/1003
f 952/952 953/953 1005/1005
f 952/952 1005/1005 1004/1004
f 953/953 954/954 1006/1006
f 953/953 1006/1006 1005/1005
f 954/954 955/955 1007/1007
f 954/954 1007/1007 1006/1006
f 955/955 956/956 1008/1008
f 955/955 1008/1008 1007/1007
f 956/956 957/957 1009/1009
f 956/956 1009/1009 1008/1008
f 957/957 958/958 1010/1010
f 957/957 1010/1010 1009/1009
f 958/958 959/959 1011/1011
f 958/958 1011/1011 1010/1010
f 959/959 960/960 1012/1012
f 959/959 1012/1012 1011/1011
f 960/960 961/961 1013/1013
f 960/960 1013/1013 1012/1012
f 961/961 962/962 1014/1014
f 961/961 1014/1014 1013/1013
f 962/962 963/963 1015/1015
f 962/962 1015/1015 1014/1014
f 963/963 964/964 1016/1016
f 963/963 1016/1016 1015/1015
f 964/964 965/965 1017/1017
f 964/964 1017/1017 1016/1016
f 965/965 966/966 1018/1018
f 965/965 1018/1018 1017/1017
f 966/966 967/967 1019/1019
f 966/966 1019/1019 1018/1018
f 967/967 968/968 1020/1020
f 967/967 1020/1020 1019/1019
f 968/968 969/969 1021/1021
f 968/968 1021/1021 1020/1020
f 969/969 970/970 1022/1022
f 969/969 1022/1022 1021/1021
f 970/970 971/971 1023/1023
f 970/970 1023/1023 1022/1022
f 971/971 972/972 1024/1024
f 971/971 1024/1024 1023/1023
f 972/972 973/973 1025/1025
f 972/972 1025/1025 1024/1024
f 973/973 974/974 1026/1026
f 973/973 1026/1026 1025/1025
f 974/974 975/975 1027/1027
f 974/974 1027/1027 1026/1026
f 975/975 976/976 1028/1028
f 975/975 1028/1028 1027/1027
f 976/976 977/977 1029/1029
f 976/976 1029/1029 1028/1028
f 977/977 978/978 1030/1030
f 977/977 1030/1030 1029/1029
f 978/978 979/979 1031/1031
f 978/978 1031/1031 1030/1030
f 979/979 980/980 1032/1032
f 979/979 1032/1032 1031/1031
f 980/980 981/981 1033/1033
f 980/980 1033/1033 1032/1032
f 981/981 982/982 1034/1034
f 981/981 1034/1034 1033/1033
f 982/982 983/983 1035/1035
f 982/982 1035/1035 1034/1034
f 983/983 984/984 1036/1036
f 983/983 1036/1036 1035/1035
f 984/984 985/985 1037/1037
f 984/984 1037/1037 1036/1036
f 985/985 986/986 1038/1038
f 985/985 1038/1038 1037/1037
f 986/986 987/987 1039/1039
f 986/986 1039/1039 1038/1038
f 987/987 988/988 1040/1040
f 987/987 1040/1040 1039/1039
f 988/988 937/937 989/989
f 988/988 989/989 1040/1040
f 989/989 990/990 1042/1042
f 989/989 1042/1042 1041/1041
f 990/990 991/991 1043/1043
f 990/990 1043/1043 1042/1042
f 991/991 992/992 1044/1044
f 991/991 1044/1044 1043/1043
f 992/992 993/993 1045/1045
f 992/992 1045/1045 1044/1044
f 993/993 994/994 1046/1046
f 993/993 1046/1046 1045/1045
f 994/994 995/995 1047/1047
f 994/994 1047/1047 1046/1046
f 995/995 996/996 1048/1048
f 995/995 1048/1048 1047/1047
f 996/996 997/997 1049/1049
f 996/996 1049/1049 1048/1048
f 997/997 998/998 1050/1050
f 997/997 1050/1050 1049/1049
f 998/998 999/999 1051/1051
f 998/998 1051/1051 1050/1050
f 999/999 1000/1000 1052/1052
f 999/999 1052/1052 1051/1051
f 1000/1000 1001/1001 1053/1053
f 1000/1000 1053/1053 1052/1052
f 1001/1001 1002/1002 1054/1054
f 1001/1001 1054/1054 1053/1053
f 1002/1002 1003/1003 1055/1055
f 1002/1002 1055/1055 1054/1054
f 1003/1003 1004/1004 1056/1056
f 1003/1003 1056/1056 1055/1055
f 1004/1004 1005/1005 1057/1057
f 1004/1004 1057/1057 1056/1056
f 1005/1005 1006/1006 1058/1058
f 1005/1005 1058/1058 1057/1057
f 1006/1006 1007/1007 1059/1059
f 1006/1006 1059/1059 1058/1058
f 1007/1007 1008/1008 1060/1060
f 1007/1007 1060/1060 1059/1059
f 1008/1008 1009/1009 1061/1061
f 1008/1008 1061/1061 1060/1060
f 1009/1009 1010/1010 1062/1062
f 1009/1009 1062/1062 1061/1061
f 1010/1010 1011/1011 1063/1063
f 1010/1010 1063/1063 1062/1062
f 1011/1011 1012/1012 1064/1064
f 1011/1011 1064/1064 1063/1063
f 1012/1012 1013/1013 1065/1065
f 1012/1012 1065/1065 1064/1064
f 1013/1013 1014/1014 1066/1066
f 1013/1013 1066/1066 1065/1065
f 1014/1014 1015/1015 1067/1067
f 1014/1014 1067/1067 1066/1066
f 1015/1015 1016/1016 1068/1068
f 1015/1015 1068/1068 1067/1067
f 1016/1016 1017/1017 1069/1069
f 1016/1016 1069/1069 1068/1068
f 1017/1017 1018/1018 1070/1070
f 1017/1017 1070/1070 1069/1069
f 1018/1018 1019/1019 1071/1071
f 1018/1018 1071/1071 1070/1070
f 1019/1019 1020/1020 1072/1072
f 1019/1019 1072/1072 1071/1071
f 1020/1020 1021/1021 1073/1073
f 1020/1020 1073/1073 1072/1072
f 1021/1021 1022/1022 1074/1074
f 1021/1021 1074/1074 1073/1073
f 1022/1022 1023/1023 1075/1075
f 1022/1022 1075/1075 1074/1074
f 1023/1023 1024/1024 1076/1076
f 1023/1023 1076/1076 1075/1075
f 1024/1024 1025/1025 1077/1077
f 1024/1024 1077/1077 1076/1076
f 1025/1025 1026/1026 1078/1078
f 1025/1025 1078/1078 1077/1077
f 1026/1026 1027/1027 1079/1079
f 1026/1026 1079/1079 1078/1078
f 1027/1027 1028/1028 1080/1080
f 1027/1027 1080/1080 1079/1079
f 1028/1028 1029/1029 1081/1081
f 1028/1028 1081/1081 1080/1080
f 1029/1029 1030/1030 1082/1082
f 1029/1029 1082/1082 1081/1081
f 1030/1030 1031/1031 1083/1083
f 1030/1030 1083/1083 1082/1082
f 1031/1031 1032/1032 1084/1084
f 1031/1031 1084/1084 1083/1083
f 1032/1032 1033/1033 1085/1085
f 1032/1032 1085/1085 1084/1084
f 1033/1033 1034/1034 1086/1086
f 1033/1033 1086/1086 1085/1085
f 1034/1034 1035/1035 1087/1087
f 1034/1034 1087/1087 1086/1086
f 1035/1035 1036/1036 1088/1088
f 1035/1035 1088/1088 1087/1087
f 1036/1036 1037/1037 1089/1089
f 1036/1036 1089/1089 1088/1088
f 1037/1037 1038/1038 1090/1090
f 1037/1037 1090/1090 1089/1089
f 1038/1038 1039/1039 1091/1091
f 1038/1038 1091/1091 1090/1090
f 1039/1039 1040/1040 1092/1092
f 1039/1039 1092/1092 1091/1091
f 1040/1040 989/989 1041/1041
f 1040/1040 1041/1041 1092/1092
f 1041/1041 1042/1042 1094/1094
f 1041/1041 1094/1094 1093/1093
f 1042/1042 1043/1043 1095/1095
f 1042/1042 1095/1095 1094/1094
f 1043/1043 1044/1044 1096/1096
f 1043/1043 1096/1096 1095/1095
f 1044/1044 1045/1045 1097/1097
f 1044/1044 1097/1097 1096/1096
f 1045/1045 1046/1046 1098/1098
f 1045/1045 1098/1098 1097/1097
f 1046/1046 1047/1047 1099/1099
f 1046/1046 1099/1099 1098/1098
f 1047/1047 1048/1048 1100/1100
f 1047/1047 1100/1100 1099/1099
f 1048/1048 1049/1049 1101/1101
f 1048/1048 1101/1101 1100/1100
f 1049/1049 1050/1050 1102/1102
f 1049/1049 1102/1102 1101/1101
f 1050/1050 1051/1051 1103/1103
f 1050/1050 1103/1103 1102/1102
f 1051/1051 1052/1052 1104/1104
f 1051/1051 1104/1104 1103/1103
f 1052/1052 1053/1053 1105/1105
f 1052/1052 1105/1105 1104/1104
f 1053/1053 1054/1054 1106/1106
f 1053/1053 1106/1106 1105/1105
f 1054/1054 1055/1055 1107/1107
f 1054/1054 1107/1107 1106/1106
f 1055/1055 1056/1056 1108/1108
f 1055/1055 1108/1108 1107/1107
f 1056/1056 1057/1057 1109/1109
f 1056/1056 1109/1109 1108/1108
f 1057/1057 1058/1058 1110/1110
f 1057/1057 1110/1110 1109/1109
f 1058/1058 1059/1059 1111/1111
f 1058/1058 1111/1111 1110/1110
f 1059/1059 1060/1060 1112/1112
f 1059/1059 1112/1112 1111/1111
f 1060/1060 1061/1061 1113/1113
f 1060/1060 1113/1113 1112/1112
f 1061/1061 1062/1062 1114/1114
f 1061/1061 1114/1114 1113/1113
f 1062/1062 1063/1063 1115/1115
f 1062/1062 1115/1115 1114/1114
f 1063/1063 1064/1064 1116/1116
f 1063/1063 1116/1116 1115/1115
f 1064/1064 1065/1065 1117/1117
f 1064/1064 1117/1117 1116/1116
f 1065/1065 1066/1066 1118/1118
f 1065/1065 1118/1118 1117/1117
f 1066/1066 1067/1067 1119/1119
f 1066/1066 1119/1119 1118/1118
f 1067/1067 1068/1068 1120/1120
f 1067/1067 1120/1120 1119/1119
f 1068/1068 1069/1069 1121/1121
f 1068/1068 1121/1121 1120/1120
f 1069/1069 1070/1070 1122/1122
f 1069/1069 1122/1122 1121/1121
f 1070/1070 1071/1071 1123/1123
f 1070/1070 1123/1123 1122/1122
f 1071/1071 1072/1072 1124/1124
f 1071/1071 1124/1124 1123/1123
f 1072/1072 1073/1073 1125/1125
f 1072/1072 1125/1125 1124/1124
f 1073/1073 1074/1074 1126/1126
f 1073/1073 1126/1126 1125/1125
f 1074/1074 1075/1075 1127/1127
f 1074/1074 1127/1127 1126/1126
f 1075/1075 1076/1076 1128/1128
f 1075/1075 1128/1128 1127/1127
f 1076/1076 1077/1077 1129/1129
f 1076/1076 1129/1129 1128/1128
f 1077/1077 1078/1078 1130/1130
f 1077/1077 1130/1130 1129/1129
f 1078/1078 1079/1079 1131/1131
f 1078/1078 1131/1131 1130/1130
f 1079/1079 1080/1080 1132/1132
f 1079/1079 1132/1132 1131/1131
f 1080/1080 1081/1081 1133/1133
f 1080/1080 1133/1133 1132/1132
f 1081/1081 1082/1082 1134/1134
f 1081/1081 1134/1134 1133/1133
f 1082/1082 1083/1083 1135/1135
f 1082/1082 1135/1135 1134/1134
f 1083/1083 1084/1084 1136/1136
f 1083/1083 1136/1136 1135/1135
f 1084/1084 1085/1085 1137/1137
f 1084/1084 1137/1137 1136/1136
f 1085/1085 1086/1086 1138/1138
f 1085/1085 1138/1138 1137/1137
f 1086/1086 1087/1087 1139/1139
f 1086/1086 1139/1139 1138/1138
f 1087/1087 1088/1088 1140/1140
f 1087/1087 1140/1140 1139/1139
f 1088/1088 1089/1089 1141/1141
f 1088/1088 1141/1141 1140/1140
f 1089/1089 1090/1090 1142/1142
f 1089/1089 1142/1142 1141/1141
f 1090/1090 1091/1091 1143/1143
f 1090/1090 1143/1143 1142/1142
f 1091/1091 1092/1092 1144/1144
f 1091/1091 1144/1144 1143/1143
f 1092/1092 1041/1041 1093/1093
f 1092/1092 1093/1093 1144/1144
f 1093/1093 1094/1094 1146/1146
f 1093/1093 1146/1146 1145/1145
f 1094/1094 1095/1095 1147/1147
f 1094/1094 1147/1147 1146/1146
f 1095/1095 1096/1096 1148/1148
f 1095/1095 1148/1148 1147/1147
f 1096/1096 1097/1097 1149/1149
f 1096/1096 1149/1149 1148/1148
f 1097/1097 1098/1098 1150/1150
f 1097/1097 1150/1150 1149/1149
f 1098/1098 1099/1099 1151/1151
f 1098/1098 1151/1151 1150/1150
f 1099/1099 1100/1100 1152/1152
f 1099/1099 1152/1152 1151/1151
f 1100/1100 1101/1101 1153/1153
f 1100/1100 1153/1153 1152/1152
f 1101/1101 1102/1102 1154/1154
f 1101/1101 1154/1154 1153/1153
f 1102/1102 1103/1103 1155/1155
f 1102/1102 1155/1155 1154/1154
f 1103/1103 1104/1104 1156/1156
f 1103/1103 1156/1156 1155/1155
f 1104/1104 1105/1105 1157/1157
f 1104/1104 1157/1157 1156/1156
f 1105/1105 1106/1106 1158/1158
f 1105/1105 1158/1158 1157/1157
f 1106/1106 1107/1107 1159/1159
f 1106/1106 1159/1159 1158/1158
f 1107/1107 1108/1108 1160/1160
f 1107/1107 1160/1160 1159/1159
f 1108/1108 1109/1109 1161/1161
f 1108/1108 1161/1161 1160/1160
f 1109/1109 1110/1110 1162/1162
f 1109/1109 1162/1162 1161/1161
f 1110/1110 1111/1111 1163/1163
f 1110/1110 1163/1163 1162/1162
f 1111/1111 1112/1112 1164/1164
f 1111/1111 1164/1164 1163/1163
f 1112/1112 1113/1113 1165/1165
f 1112/1112 1165/1165 1164/1164
f 1113/1113 1114/1114 1166/1166
f 1113/1113 1166/1166 1165/1165
f 1114/1114 1115/1115 1167/1167
f 1114/1114 1167/1167 1166/1166
f 1115/1115 1116/1116 1168/1168
f 1115/1115 1168/1168 1167/1167
f 1116/1116 1117/1117 1169/1169
f 1116/1116 1169/1169 1168/1168
f 1117/1117 1118/1118 1170/1170
f 1117/1117 1170/1170 1169/1169
f 1118/1118 1119/1119 1171/1171
f 1118/1118 1171/1171 1170/1170
f 1119/1119 1120/1120 1172/1172
f 1119/1119 1172/1172 1171/1171
f 1120/1120 1121/1121 1173/1173
f 1120/1120 1173/1173 1172/1172
f 1121/1121 1122/1122 1174/1174
f 1121/1121 1174/1174 1173/1173
f 1122/1122 1123/1123 1175/1175
f 1122/1122 1175/1175 1174/1174
f 1123/1123 1124/1124 1176/1176
f 1123/1123 1176/1176 1175/1175
f 1124/1124 1125/1125 1177/1177
f 1124/1124 1177/1177 1176/1176
f 1125/1125 1126/1126 1178/1178
f 1125/1125 1178/1178 1177/1177
f 1126/1126 1127/1127 1179/1179
f 1126/1126 1179/1179 1178/1178
f 1127/1127 1128/1128 1180/1180
f 1127/1127 1180/1180 1179/1179
f 1128/1128 1129/1129 1181/1181
f 1128/1128 1181/1181 1180/1180
f 1129/1129 1130/1130 1182/1182
f 1129/1129 1182/1182 1181/1181
f 1130/1130 1131/1131 1183/1183
f 1130/1130 1183/1183 1182/1182
f 1131/1131 1132/1132 1184/1184
f 1131/1131 1184/1184 1183/1183
f 1132/1132 1133/1133 1185/1185
f 1132/1132 1185/1185 1184/1184
f 1133/1133 1134/1134 1186/1186
f 1133/1133 1186/1186 1185/1185
f 1134/1134 1135/1135 1187/1187
f 1134/1134 1187/1187 1186/1186
f 1135/1135 1136/1136 1188/1188
f 1135/1135 1188/1188 1187/1187
f 1136/1136 1137/1137 1189/1189
f 1136/1136 1189/1189 1188/1188
f 1137/1137 1138/1138 1190/1190
f 1137/1137 1190/1190 1189/1189
f 1138/1138 1139/1139 1191/1191
f 1138/1138 1191/1191 1190/1190
f 1139/1139 1140/1140 1192/1192
f 1139/1139 1192/1192 1191/1191
f 1140/1140 1141/1141 1193/1193
f 1140/1140 1193/1193 1192/1192
f 1141/1141 1142/1142 1194/1194
f 1141/1141 1194/1194 1193/1193
f 1142/1142 1143/1143 1195/1195
f 1142/1142 1195/1195 1194/1194
f 1143/1143 1144/1144 1196/1196
f 1143/1143 1196/1196 1195/1195
f 1144/1144 1093/1093 1145/1145
f 1144/1144 1145/1145 1196/1196
f 1145/1145 1146/1146 1198/1198
f 1145/1145 1198/1198 1197/1197
f 1146/1146 1147/1147 1199/1199
f 1146/1146 1199/1199 1198/1198
f 1147/1147 1148/1148 1200/1200
f 1147/1147 1200/1200 1199/1199
f 1148/1148 1149/1149 1201/1201
f 1148/1148 1201/1201 1200/1200
f 1149/1149 1150/1150 1202/1202
f 1149/1149 1202/1202 1201/1201
f 1150/1150 1151/1151 1203/1203
f 1150/1150 1203/1203 1202/1202
f 1151/1151 1152/1152 1204/1204
f 1151/1151 1204/1204 1203/1203
f 1152/1152 1153/1153 1205/1205
f 1152/1152 1205/1205 1204/1204
f 1153/1153 1154/1154 1206/1206
f 1153/1153 1206/1206 1205/1205
f 1154/1154 1155/1155 1207/1207
f 1154/1154 1207/1207 1206/1206
f 1155/1155 1156/1156 1208/1208
f 1155/1155 1208/1208 1207/1207
f 1156/1156 1157/1157 1209/1209
f 1156/1156 1209/1209 1208/1208
f 1157/1157 1158/1158 1210/1210
f 1157/1157 1210/1210 1209/1209
f 1158/1158 1159/1159 1211/1211
f 1158/1158 1211/1211 1210/1210
f 1159/1159 1160/1160 1212/1212
f 1159/1159 1212/1212 1211/1211
f 1160/1160 1161/1161 1213/1213
f 1160/1160 1213/1213 1212/1212
f 1161/1161 1162/1162 1214/1214
f 1161/1161 1214/1214 1213/1213
f 1162/1162 1163/1163 1215/1215
f 1162/1162 1215/1215 1214/1214
f 1163/1163 1164/1164 1216/1216
f 1163/1163 1216/1216 1215/1215
f 1164/1164 1165/1165 1217/1217
f 1164/1164 1217/1217 1216/1216
f 1165/1165 1166/1166 1218/1218
f 1165/1165 1218/1218 1217/1217
f 1166/1166 1167/1167 1219/1219
f 1166/1166 1219/1219 1218/1218
f 1167/1167 1168/1168 1220/1220
f 1167/1167 1220/1220 1219/1219
f 1168/1168 1169/1169 1221/1221
f 1168/1168 1221/1221 1220/1220
f 1169/1169 1170/1170 1222/1222
f 1169/1169 1222/1222 1221/1221
f 1170/1170 1171/1171 1223/1223
f 1170/1170 1223/1223 1222/1222
f 1171/1171 1172/1172 1224/1224
f 1171/1171 1224/1224 1223/1223
f 1172/1172 1173/1173 1225/1225
f 1172/1172 1225/1225 1224/1224
f 1173/1173 1174/1174 1226/1226
f 1173/1173 1226/1226 1225/1225
f 1174/1174 1175/1175 1227/1227
f 1174/1174 1227/1227 1226/1226
f 1175/1175 1176/1176 1228/1228
f 1175/1175 1228/1228 1227/1227
f 1176/1176 1177/1177 1229/1229
f 1176/1176 1229/1229 1228/1228
f 1177/1177 1178/1178 1230/1230
f 1177/1177 1230/1230 1229/1229
f 1178/1178 1179/1179 1231/1231
f 1178/1178 1231/1231 1230/1230
f 1179/1179 1180/1180 1232/1232
f 1179/1179 1232/1232 1231/1231
f 1180/1180 1181/1181 1233/1233
f 1180/1180 1233/1233 1232/1232
f 1181/1181 1182/1182 1234/1234
f 1181/1181 1234/1234 1233/1233
f 1182/1182 1183/1183 1235/1235
f 1182/1182 1235/1235 1234/1234
f 1183/1183 1184/1184 1236/1236
f 1183/1183 1236/1236 1235/1235
f 1184/1184 1185/1185 1237/1237
f 1184/1184 1237/1237 1236/1236
f 1185/1185 1186/1186 1238/1238
f 1185/1185 1238/1238 1237/1237
f 1186/1186 1187/1187 1239/1239
f 1186/1186 1239/1239 1238/1238
f 1187/1187 1188/1188 1240/1240
f 1187/1187 1240/1240 1239/1239
f 1188/1188 1189/1189 1241/1241
f 1188/1188 1241/1241 1240/1240
f 1189/1189 1190/1190 1242/1242
f 1189/1189 1242/1242 1241/1241
f 1190/1190 1191/1191 1243/1243
f 1190/1190 1243/1243 1242/1242
f 1191/1191 1192/1192 1244/1244
f 1191/1191 1244/1244 1243/1243
f 1192/1192 1193/1193 1245/1245
f 1192/1192 1245/1245 1244/1244
f 1193/1193 1194/1194 1246/1246
f 1193/1193 1246/1246 1245/1245
f 1194/1194 1195/1195 1247/1247
f 1194/1194 1247/1247 1246/1246
f 1195/1195 1196/1196 1248/1248
f 1195/1195 1248/1248 1247/1247
f 1196/1196 1145/1145 1197/1197
f 1196/1196 1197/1197 1248/1248
f 1197/1197 1198/1198 1250/1250
f 1197/1197 1250/1250 1249/1249
f 1198/1198 1199/1199 1251/1251
f 1198/1198 1251/1251 1250/1250
f 1199/1199 1200/1200 1252/1252
f 1199/1199 1252/1252 1251/1251
f 1200/1200 1201/1201 1253/1253
f 1200/1200 1253/1253 1252/1252
f 1201/1201 1202/1202 1254/1254
f 1201/1201 1254/1254 1253/1253
f 1202/1202 1203/1203 1255/1255
f 1202/1202 1255/1255 1254/1254
f 1203/1203 1204/1204 1256/1256
f 1203/1203 1256/1256 1255/1255
f 1204/1204 1205/1205 1257/1257
f 1204/1204 1257/1257 1256/1256
f 1205/1205 1206/1206 1258/1258
f 1205/1205 1258/1258 1257/1257
f 1206/1206 1207/1207 1259/1259
f 1206/1206 1259/1259 1258/1258
f 1207/1207 1208/1208 1260/1260
f 1207/1207 1260/1260 1259/1259
f 1208/1208 1209/1209 1261/1261
f 1208/1208 1261/1261 1260/1260
f 1209/1209 1210/1210 1262/1262
f 1209/1209 1262/1262 1261/1261
f 1210/1210 1211/1211 1263/1263
f 1210/1210 1263/1263 1262/1262
f 1211/1211 1212/1212 1264/1264
f 1211/1211 1264/1264 1263/1263
f 1212/1212 1213/1213 1265/1265
f 1212/1212 1265/1265 1264/1264
f 1213/1213 1214/1214 1266/1266
f 1213/1213 1266/1266 1265/1265
f 1214/1214 1215/1215 1267/1267
f 1214/1214 1267/1267 1266/1266
f 1215/1215 1216/1216 1268/1268
f 1215/1215 1268/1268 1267/1267
f 1216/1216 1217/1217 1269/1269
f 1216/1216 1269/1269 1268/1268
f 1217/1217 1218/1218 1270/1270
f 1217/1217 1270/1270 1269/1269
f 1218/1218 1219/1219 1271/1271
f 1218/1218 1271/1271 1270/1270
f 1219/1219 1220/1220 1272/1272
f 1219/1219 1272/1272 1271/1271
f 1220/1220 1221/1221 1273/1273
f 1220/1220 1273/1273 1272/1272
f 1221/1221 1222/1222 1274/1274
f 1221/1221 1274/1274 1273/1273
f 1222/1222 1223/1223 1275/1275
f 1222/1222 1275/1275 1274/1274
f 1223/1223 1224/1224 1276/1276
f 1223/1223 1276/1276 1275/1275
f 1224/1224 1225/1225 1277/1277
f 1224/1224 1277/1277 1276/1276
f 1225/1225 1226/1226 1278/1278
f 1225/1225 1278/1278 1277/1277
f 1226/1226 1227/1227 1279/1279
f 1226/1226 1279/1279 1278/1278
f 1227/1227 1228/1228 1280/1280
f 1227/1227 1280/1280 1279/1279
f 1228/1228 1229/1229 1281/1281
f 1228/1228 1281/1281 1280/1280
f 1229/1229 1230/1230 1282/1282
f 1229/1229 1282/1282 1281/1281
f 1230/1230 1231/1231 1283/1283
f 1230/1230 1283/1283 1282/1282
f 1231/1231 1232/1232 1284/1284
f 1231/1231 1284/1284 1283/1283
f 1232/1232 1233/1233 1285/1285
f 1232/1232 1285/1285 1284/1284
f 1233/1233 1234/1234 1286/1286
f 1233/1233 1286/1286 1285/1285
f 1234/1234 1235/1235 1287/1287
f 1234/1234 1287/1287 1286/1286
f 1235/1235 1236/1236 1288/1288
f 1235/1235 1288/1288 1287/1287
f 1236/1236 1237/1237 1289/1289
f 1236/1236 1289/1289 1288/1288
f 1237/1237 1238/1238 1290/1290
f 1237/1237 1290/1290 1289/1289
f 1238/1238 1239/1239 1291/1291
f 1238/1238 1291/1291 1290/1290
f 1239/1239 1240/1240 1292/1292
f 1239/1239 1292/1292 1291/1291
f 1240/1240 1241/1241 1293/1293
f 1240/1240 1293/1293 1292/1292
f 1241/1241 1242/1242 1294/1294
f 1241/1241 1294/1294 1293/1293
f 1242/1242 1243/1243 1295/1295
f 1242/1242 1295/1295 1294/1294
f 1243/1243 1244/1244 1296/1296
f 1243/1243 1296/1296 1295/1295
f 1244/1244 1245/1245 1297/1297
f 1244/1244 1297/1297 1296/1296
f 1245/1245 1246/1246 1298/1298
f 1245/1245 1298/1298 1297/1297
f 1246/1246 1247/1247 1299/1299
f 1246/1246 1299/1299 1298/1298
f 1247/1247 1248/1248 1300/1300
f 1247/1247 1300/1300 1299/1299
f 1248/1248 1197/1197 1249/1249
f 1248/1248 1249/1249 1300/1300
f 1249/1249 1250/1250 1302/1302
f 1249/1249 1302/1302 1301/1301
f 1250/1250 1251/1251 1303/1303
f 1250/1250 1303/1303 1302/1302
f 1251/1251 1252/1252 1304/1304
f 1251/1251 1304/1304 1303/1303
f 1252/1252 1253/1253 1305/1305
f 1252/1252 1305/1305 1304/1304
f 1253/1253 1254/1254 1306/1306
f 1253/1253 1306/1306 1305/1305
f 1254/1254 1255/1255 1307/1307
f 1254/1254 1307/1307 1306/1306
f 1255/1255 1256/1256 1308/1308
f 1255/1255 1308/1308 1307/1307
f 1256/1256 1257/1257 1309/1309
f 1256/1256 1309/1309 1308/1308
f 1257/1257 1258/1258 1310/1310
f 1257/1257 1310/1310 1309/1309
f 1258/1258 1259/1259 1311/1311
f 1258/1258 1311/1311 1310/1310
f 1259/1259 1260/1260 1312/1312
f 1259/1259 1312/1312 1311/1311
f 1260/1260 1261/1261 1313/1313
f 1260/1260 1313/1313 1312/1312
f 1261/1261 1262/1262 1314/1314
f 1261/1261 1314/1314 1313/1313
f 1262/1262 1263/1263 1315/1315
f 1262/1262 1315/1315 1314/1314
f 1263/1263 1264/1264 1316/1316
f 1263/1263 1316/1316 1315/1315
f 1264/1264 1265/1265 1317/1317
f 1264/1264 1317/1317 1316/1316
f 1265/1265 1266/1266 1318/1318
f 1265/1265 1318/1318 1317/1317
f 1266/1266 1267/1267 1319/1319
f 1266/1266 1319/1319 1318/1318
f 1267/1267 1268/1268 1320/1320
f 1267/1267 1320/1320 1319/1319
f 1268/1268 1269/1269 1321/1321
f 1268/1268 1321/1321 1320/1320
f 1269/1269 1270/1270 1322/1322
f 1269/1269 1322/1322 1321/1321
f 1270/1270 1271/1271 1323/1323
f 1270/1270 1323/1323 1322/1322
f 1271/1271 1272/1272 1324/1324
f 1271/1271 1324/1324 1323/1323
f 1272/1272 1273/1273 1325/1325
f 1272/1272 1325/1325 1324/1324
f 1273/1273 1274/1274 1326/1326
f 1273/1273 1326/1326 1325/1325
f 1274/1274 1275/1275 1327/1327
f 1274/1274 1327/1327 1326/1326
f 1275/1275 1276/1276 1328/1328
f 1275/1275 1328/1328 1327/1327
f 1276/1276 1277/1277 1329/1329
f 1276/1276 1329/1329 1328/1328
f 1277/1277 1278/1278 1330/1330
f 1277/1277 1330/1330 1329/1329
f 1278/1278 1279/1279 1331/1331
f 1278/1278 1331/1331 1330/1330
f 1279/1279 1280/1280 1332/1332
f 1279/1279 1332/1332 1331/1331
f 1280/1280 1281/1281 1333/1333
f 1280/1280 1333/1333 1332/1332
f 1281/1281 1282/1282 1334/1334
f 1281/1281 1334/1334 1333/1333
f 1282/1282 1283/1283 1335/1335
f 1282/1282 1335/1335 1334/1334
f 1283/1283 1284/1284 1336/1336
f 1283/1283 1336/1336 1335/1335
f 1284/1284 1285/1285 1337/1337
f 1284/1284 1337/1337 1336/1336
f 1285/1285 1286/1286 1338/1338
f 1285/1285 1338/1338 1337/1337
f 1286/1286 1287/1287 1339/1339
f 1286/1286 1339/1339 1338/1338
f 1287/1287 1288/1288 1340/1340
f 1287/1287 1340/1340 1339/1339
f 1288/1288 1289/1289 1341/1341
f 1288/1288 1341/1341 1340/1340
f 1289/1289 1290/1290 1342/1342
f 1289/1289 1342/1342 1341/1341
f 1290/1290 1291/1291 1343/1343
f 1290/1290 1343/1343 1342/1342
f 1291/1291 1292/1292 1344/1344
f 1291/1291 1344/1344 1343/1343
f 1292/1292 1293/1293 1345/1345
f 1292/1292 1345/1345 1344/1344
f 1293/1293 1294/1294 1346/1346
f 1293/1293 1346/1346 1345/1345
f 1294/1294 1295/1295 1347/1347
f 1294/1294 1347/1347 1346/1346
f 1295/1295 1296/1296 1348/1348
f 1295/1295 1348/1348 1347/1347
f 1296/1296 1297/1297 1349/1349
f 1296/1296 1349/1349 1348/1348
f 1297/1297 1298/1298 1350/1350
f 1297/1297 1350/1350 1349/1349
f 1298/1298 1299/1299 1351/1351
f 1298/1298 1351/1351 1350/1350
f 1299/1299 1300/1300 1352/1352
f 1299/1299 1352/1352 1351/1351
f 1300/1300 1249/1249 1301/1301
f 1300/1300 1301/1301 1352/1352
f 1301/1301 1302/1302 1354/1354
f 1301/1301 1354/1354 1353/1353
f 1302/1302 1303/1303 1355/1355
f 1302/1302 1355/1355 1354/1354
f 1303/1303 1304/1304 1356/1356
f 1303/1303 1356/1356 1355/1355
f 1304/1304 1305/1305 1357/1357
f 1304/1304 1357/1357 1356/1356
f 1305/1305 1306/1306 1358/1358
f 1305/1305 1358/1358 1357/1357
f 1306/1306 1307/1307 1359/1359
f 1306/1306 1359/1359 1358/1358
f 1307/1307 1308/1308 1360/1360
f 1307/1307 1360/1360 1359/1359
f 1308/1308 1309/1309 1361/1361
f 1308/1308 1361/1361 1360/1360
f 1309/1309 1310/1310 1362/1362
f 1309/1309 1362/1362 1361/1361
f 1310/1310 1311/1311 1363/1363
f 1310/1310 1363/1363 1362/1362
f 1311/1311 1312/1312 1364/1364
f 1311/1311 1364/1364 1363/1363
f 1312/1312 1313/1313 1365/1365
f 1312/1312 1365/1365 1364/1364
f 1313/1313 1314/1314 1366/1366
f 1313/1313 1366/1366 1365/1365
f 1314/1314 1315/1315 1367/1367
f 1314/1314 1367/1367 1366/1366
f 1315/1315 1316/1316 1368/1368
f 1315/1315 1368/1368 1367/1367
f 1316/1316 1317/1317 1369/1369
f 1316/1316 1369/1369 1368/1368
f 1317/1317 1318/1318 1370/1370
f 1317/1317 1370/1370 1369/1369
f 1318/1318 1319/1319 1371/1371
f 1318/1318 1371/1371 1370/1370
f 1319/1319 1320/1320 1372/1372
f 1319/1319 1372/1372 1371/1371
f 1320/1320 1321/1321 1373/1373
f 1320/1320 1373/1373 1372/1372
f 1321/1321 1322/1322 1374/1374
f 1321/1321 1374/1374 1373/1373
f 1322/1322 1323/1323 1375/1375
f 1322/1322 1375/1375 1374/1374
f 1323/1323 1324/1324 1376/1376
f 1323/1323 1376/1376 1375/1375
f 1324/1324 1325/1325 1377/1377
f 1324/1324 1377/1377 1376/1376
f 1325/1325 1326/1326 1378/1378
f 1325/1325 1378/1378 1377/1377
f 1326/1326 1327/1327 1379/1379
f 1326/1326 1379/1379 1378/1378
f 1327/1327 1328/1328 1380/1380
f 1327/1327 1380/1380 1379/1379
f 1328/1328 1329/1329 1381/1381
f 1328/1328 1381/1381 1380/1380
f 1329/1329 1330/1330 1382/1382
f 1329/1329 1382/1382 1381/1381
f 1330/1330 1331/1331 1383/1383
f 1330/1330 1383/1383 1382/1382
f 1331/1331 1332/1332 1384/1384
f 1331/1331 1384/1384 1383/1383
f 1332/1332 1333/1333 1385/1385
f 1332/1332 1385/1385 1384/1384
f 1333/1333 1334/1334 1386/1386
f 1333/1333 1386/1386 1385/1385
f 1334/1334 1335/1335 1387/1387
f 1334/1334 1387/1387 1386/1386
f 1335/1335 1336/1336 1388/1388
f 1335/1335 1388/1388 1387/1387
f 1336/1336 1337/1337 1389/1389
f 1336/1336 1389/1389 1388/1388
f 1337/1337 1338/1338 1390/1390
f 1337/1337 1390/1390 1389/1389
f 1338/1338 1339/1339 1391/1391
f 1338/1338 1391/1391 1390/1390
f 1339/1339 1340/1340 1392/1392
f 1339/1339 1392/1392 1391/1391
f 1340/1340 1341/1341 1393/1393
f 1340/1340 1393/1393 1392/1392
f 1341/1341 1342/1342 1394/1394
f 1341/1341 1394/1394 1393/1393
f 1342/1342 1343/1343 1395/1395
f 1342/1342 1395/1395 1394/1394
f 1343/1343 1344/1344 1396/1396
f 1343/1343 1396/1396 1395/1395
f 1344/1344 1345/1345 1397/1397
f 1344/1344 1397/1397 1396/1396
f 1345/1345 1346/1346 1398/1398
f 1345/1345 1398/1398 1397/1397
f 1346/1346 1347/1347 1399/1399
f 1346/1346 1399/1399 1398/1398
f 1347/1347 1348/1348 1400/1400
f 1347/1347 1400/1400 1399/1399
f 1348/1348 1349/1349 1401/1401
f 1348/1348 1401/1401 1400/1400
f 1349/1349 1350/1350 1402/1402
f 1349/1349 1402/1402 1401/1401
f 1350/1350 1351/1351 1403/1403
f 1350/1350 1403/1403 1402/1402
f 1351/1351 1352/1352 1404/1404
f 1351/1351 1404/1404 1403/1403
f 1352/1352 1301/1301 1353/1353
f 1352/1352 1353/1353 1404/1404
f 1353/1353 1354/1354 1406/1406
f 1353/1353 1406/1406 1405/1405
f 1354/1354 1355/1355 1407/1407
f 1354/1354 1407/1407 1406/1406
f 1355/1355 1356/1356 1408/1408
f 1355/1355 1408/1408 1407/1407
f 1356/1356 1357/1357 1409/1409
f 1356/1356 1409/1409 1408/1408
f 1357/1357 1358/1358 1410/1410
f 1357/1357 1410/1410 1409/1409
f 1358/1358 1359/1359 1411/1411
f 1358/1358 1411/1411 1410/1410
f 1359/1359 1360/1360 1412/1412
f 1359/1359 1412/1412 1411/1411
f 1360/1360 1361/1361 1413/1413
f 1360/1360 1413/1413 1412/1412
f 1361/1361 1362/1362 1414/1414
f 1361/1361 1414/1414 1413/1413
f 1362/1362 1363/1363 1415/1415
f 1362/1362 1415/1415 1414/1414
f 1363/1363 1364/1364 1416/1416
f 1363/1363 1416/1416 1415/1415
f 1364/1364 1365/1365 1417/1417
f 1364/1364 1417/1417 1416/1416
f 1365/1365 1366/1366 1418/1418
f 1365/1365 1418/1418 1417/1417
f 1366/1366 1367/1367 1419/1419
f 1366/1366 1419/1419 1418/1418
f 1367/1367 1368/1368 1420/1420
f 1367/1367 1420/1420 1419/1419
f 1368/1368 1369/1369 1421/1421
f 1368/1368 1421/1421 1420/1420
f 1369/1369 1370/1370 1422/1422
f 1369/1369 1422/1422 1421/1421
f 1370/1370 1371/1371 1423/1423
f 1370/1370 1423/1423 1422/1422
f 1371/1371 1372/1372 1424/1424
f 1371/1371 1424/1424 1423/1423
f 1372/1372 1373/1373 1425/1425
f 1372/1372 1425/1425 1424/1424
f 1373/1373 1374/1374 1426/1426
f 1373/1373 1426/1426 1425/1425
f 1374/1374 1375/1375 1427/1427
f 1374/1374 1427/1427 1426/1426
f 1375/1375 1376/1376 1428/1428
f 1375/1375 1428/1428 1427/1427
f 1376/1376 1377/1377 1429/1429
f 1376/1376 1429/1429 1428/1428
f 1377/1377 1378/1378 1430/1430
f 1377/1377 1430/1430 1429/1429
f 1378/1378 1379/1379 1431/1431
f 1378/1378 1431/1431 1430/1430
f 1379/1379 1380/1380 1432/1432
f 1379/1379 1432/1432 1431/1431
f 1380/1380 1381/1381 1433/1433
f 1380/1380 1433/1433 1432/1432
f 1381/1381 1382/1382 1434/1434
f 1381/1381 1434/1434 1433/1433
f 1382/1382 1383/1383 1435/1435
f 1382/1382 1435/1435 1434/1434
f 1383/1383 1384/1384 1436/1436
f 1383/1383 1436/1436 1435/1435
f 1384/1384 1385/1385 1437/1437
f 1384/1384 1437/1437 1436/1436
f 1385/1385 1386/1386 1438/1438
f 1385/1385 1438/1438 1437/1437
f 1386/1386 1387/1387 1439/1439
f 1386/1386 1439/1439 1438/1438
f 1387/1387 1388/1388 1440/1440
f 1387/1387 1440/1440 1439/1439
f 1388/1388 1389/1389 1441/1441
f 1388/1388 1441/1441 1440/1440
f 1389/1389 1390/1390 1442/1442
f 1389/1389 1442/1442 1441/1441
f 1390/1390 1391/1391 1443/1443
f 1390/1390 1443/1443 1442/1442
f 1391/1391 1392/1392 1444/1444
f 1391/1391 1444/1444 1443/1443
f 1392/1392 1393/1393 1445/1445
f 1392/1392 1445/1445 1444/1444
f 1393/1393 1394/1394 1446/1446
f 1393/1393 1446/1446 1445/1445
f 1394/1394 1395/1395 1447/1447
f 1394/1394 1447/1447 1446/1446
f 1395/1395 1396/1396 1448/1448
f 1395/1395 1448/1448 1447/1447
f 1396/1396 1397/1397 1449/1449
f 1396/1396 1449/1449 1448/1448
f 1397/1397 1398/1398 1450/1450
f 1397/1397 1450/1450 1449/1449
f 1398/1398 1399/1399 1451/1451
f 1398/1398 1451/1451 1450/1450
f 1399/1399 1400/1400 1452/1452
f 1399/1399 1452/1452 1451/1451
f 1400/1400 1401/1401 1453/1453
f 1400/1400 1453/1453 1452/1452
f 1401/1401 1402/1402 1454/1454
f 1401/1401 1454/1454 1453/1453
f 1402/1402 1403/1403 1455/1455
f 1402/1402 1455/1455 1454/1454
f 1403/1403 1404/1404 1456/1456
f 1403/1403 1456/1456 1455/1455
f 1404/1404 1353/1353 1405/1405
f 1404/1404 1405/1405 1456/1456
f 1405/1405 1406/1406 1458/1458
f 1405/1405 1458/1458 1457/1457
f 1406/1406 1407/1407 1459/1459
f 1406/1406 1459/1459 1458/1458
f 1407/1407 1408/1408 1460/1460
f 1407/1407 1460/1460 1459/1459
f 1408/1408 1409/1409 1461/1461
f 1408/1408 1461/1461 1460/1460
f 1409/1409 1410/1410 1462/1462
f 1409/1409 1462/1462 1461/1461
f 1410/1410 1411/1411 1463/1463
f 1410/1410 1463/1463 1462/1462
f 1411/1411 1412/1412 1464/1464
f 1411/1411 1464/1464 1463/1463
f 1412/1412 1413/1413 1465/1465
f 1412/1412 1465/1465 1464/1464
f 1413/1413 1414/1414 1466/1466
f 1413/1413 1466/1466 1465/1465
f 1414/1414 1415/1415 1467/1467
f 1414/1414 1467/1467 1466/1466
f 1415/1415 1416/1416 1468/1468
f 1415/1415 1468/1468 1467/1467
f 1416/1416 1417/1417 1469/1469
f 1416/1416 1469/1469 1468/1468
f 1417/1417 1418/1418 1470/1470
f 1417/1417 1470/1470 1469/1469
f 1418/1418 1419/1419 1471/1471
f 1418/1418 1471/1471 1470/1470
f 1419/1419 1420/1420 1472/1472
f 1419/1419 1472/1472 1471/1471
f 1420/1420 1421/1421 1473/1473
f 1420/1420 1473/1473 1472/1472
f 1421/1421 1422/1422 1474/1474
f 1421/1421 1474/1474 1473/1473
f 1422/1422 1423/1423 1475/1475
f 1422/1422 1475/1475 1474/1474
f 1423/1423 1424/1424 1476/1476
f 1423/1423 1476/1476 1475/1475
f 1424/1424 1425/1425 1477/1477
f 1424/1424 1477/1477 1476/1476
f 1425/1425 1426/1426 1478/1478
f 1425/1425 1478/1478 1477/1477
f 1426/1426 1427/1427 1479/1479
f 1426/1426 1479/1479 1478/1478
f 1427/1427 1428/1428 1480/1480
f 1427/1427 1480/1480 1479/1479
f 1428/1428 1429/1429 1481/1481
f 1428/1428 1481/1481 1480/1480
f 1429/1429 1430/1430 1482/1482
f 1429/1429 1482/1482 1481/1481
f 1430/1430 1431/1431 1483/1483
f 1430/1430 1483/1483 1482/1482
f 1431/1431 1432/1432 1484/1484
f 1431/1431 1484/1484 1483/1483
f 1432/1432 1433/1433 1485/1485
f 1432/1432 1485/1485 1484/1484
f 1433/1433 1434/1434 1486/1486
f 1433/1433 1486/1486 1485/1485
f 1434/1434 1435/1435 1487/1487
f 1434/1434 1487/1487 1486/1486
f 1435/1435 1436/1436 1488/1488
f 1435/1435 1488/1488 1487/1487
f 1436/1436 1437/1437 1489/1489
f 1436/1436 1489/1489 1488/1488
f 1437/1437 1438/1438 1490/1490
f 1437/1437 1490/1490 1489/1489
f 1438/1438 1439/1439 1491/1491
f 1438/1438 1491/1491 1490/1490
f 1439/1439 1440/1440 1492/1492
f 1439/1439 1492/1492 1491/1491
f 1440/1440 1441/1441 1493/1493
f 1440/1440 1493/1493 1492/1492
f 1441/1441 1442/1442 1494/1494
f 1441/1441 1494/1494 1493/1493
f 1442/1442 1443/1443 1495/1495
f 1442/1442 1495/1495 1494/1494
f 1443/1443 1444/1444 1496/1496
f 1443/1443 1496/1496 1495/1495
f 1444/1444 1445/1445 1497/1497
f 1444/1444 1497/1497 1496/1496
f 1445/1445 1446/1446 1498/1498
f 1445/1445 1498/1498 1497/1497
f 1446/1446 1447/1447 1499/1499
f 1446/1446 1499/1499 1498/1498
f 1447/1447 1448/1448 1500/1500
f 1447/1447 1500/1500 1499/1499
f 1448/1448 1449/1449 1501/1501
f 1448/1448 1501/1501 1500/1500
f 1449/1449 1450/1450 1502/1502
f 1449/1449 1502/1502 1501/1501
f 1450/1450 1451/1451 1503/1503
f 1450/1450 1503/1503 1502/1502
f 1451/1451 1452/1452 1504/1504
f 1451/1451 1504/1504 1503/1503
f 1452/1452 1453/1453 1505/1505
f 1452/1452 1505/1505 1504/1504
f 1453/1453 1454/1454 1506/1506
f 1453/1453 1506/1506 1505/1505
f 1454/1454 1455/1455 1507/1507
f 1454/1454 1507/1507 1506/1506
f 1455/1455 1456/1456 1508/1508
f 1455/1455 1508/1508 1507/1507
f 1456/1456 1405/1405 1457/1457
f 1456/1456 1457/1457 1508/1508
f 1457/1457 1458/1458 1510/1510
f 1457/1457 1510/1510 1509/1509
f 1458/1458 1459/1459 1511/1511
f 1458/1458 1511/1511 1510/1510
f 1459/1459 1460/1460 1512/1512
f 1459/1459 1512/1512 1511/1511
f 1460/1460 1461/1461 1513/1513
f 1460/1460 1513/1513 1512/1512
f 1461/1461 1462/1462 1514/1514
f 1461/1461 1514/1514 1513/1513
f 1462/1462 1463/1463 1515/1515
f 1462/1462 1515/1515 1514/1514
f 1463/1463 1464/1464 1516/1516
f 1463/1463 1516/1516 1515/1515
f 1464/1464 1465/1465 1517/1517
f 1464/1464 1517/1517 1516/1516
f 1465/1465 1466/1466 1518/1518
f 1465/1465 1518/1518 1517/1517
f 1466/1466 1467/1467 1519/1519
f 1466/1466 1519/1519 1518/1518
f 1467/1467 1468/1468 1520/1520
f 1467/1467 1520/1520 1519/1519
f 1468/1468 1469/1469 1521/1521
f 1468/1468 1521/1521 1520/1520
f 1469/1469 1470/1470 1522/1522
f 1469/1469 1522/1522 1521/1521
f 1470/1470 1471/1471 1523/1523
f 1470/1470 1523/1523 1522/1522
f 1471/1471 1472/1472 1524/1524
f 1471/1471 1524/1524 1523/1523
f 1472/1472 1473/1473 1525/1525
f 1472/1472 1525/1525 1524/1524
f 1473/1473 1474/1474 1526/1526
f 1473/1473 1526/1526 1525/1525
f 1474/1474 1475/1475 1527/1527
f 1474/1474 1527/1527 1526/1526
f 1475/1475 1476/1476 1528/1528
f 1475/1475 1528/1528 1527/1527
f 1476/1476 1477/1477 1529/1529
f 1476/1476 1529/1529 1528/1528
f 1477/1477 1478/1478 1530/1530
f 1477/1477 1530/1530 1529/1529
f 1478/1478 1479/1479 1531/1531
f 1478/1478 1531/1531 1530/1530
f 1479/1479 1480/1480 1532/1532
f 1479/1479 1532/1532 1531/1531
f 1480/1480 1481/1481 1533/1533
f 1480/1480 1533/1533 1532/1532
f 1481/1481 1482/1482 1534/1534
f 1481/1481 1534/1534 1533/1533
f 1482/1482 1483/1483 1535/1535
f 1482/1482 1535/1535 1534/1534
f 1483/1483 1484/1484 1536/1536
f 1483/1483 1536/1536 1535/1535
f 1484/1484 1485/1485 1537/1537
f 1484/1484 1537/1537 1536/1536
f 1485/1485 1486/1486 1538/1538
f 1485/1485 1538/1538 1537/1537
f 1486/1486 1487/1487 1539/1539
f 1486/1486 1539/1539 1538/1538
f 1487/1487 1488/1488 1540/1540
f 1487/1487 1540/1540 1539/1539
f 1488/1488 1489/1489 1541/1541
f 1488/1488 1541/1541 1540/1540
f 1489/1489 1490/1490 1542/1542
f 1489/1489 1542/1542 1541/1541
f 1490/1490 1491/1491 1543/1543
f 1490/1490 1543/1543 1542/1542
f 1491/1491 1492/1492 1544/1544
f 1491/1491 1544/1544 1543/1543
f 1492/1492 1493/1493 1545/1545
f 1492/1492 1545/1545 1544/1544
f 1493/1493 1494/1494 1546/1546
f 1493/1493 1546/1546 1545/1545
f 1494/1494 1495/1495 1547/1547
f 1494/1494 1547/1547 1546/1546
f 1495/1495 1496/1496 1548/1548
f 1495/1495 1548/1548 1547/1547
f 1496/1496 1497/1497 1549/1549
f 1496/1496 1549/1549 1548/1548
f 1497/1497 1498/1498 1550/1550
f 1497/1497 1550/1550 1549/1549
f 1498/1498 1499/1499 1551/1551
f 1498/1498 1551/1551 1550/1550
f 1499/1499 1500/1500 1552/1552
f 1499/1499 1552/1552 1551/1551
f 1500/1500 1501/1501 1553/1553
f 1500/1500 1553/1553 1552/1552
f 1501/1501 1502/1502 1554/1554
f 1501/1501 1554/1554 1553/1553
f 1502/1502 1503/1503 1555/1555
f 1502/1502 1555/1555 1554/1554
f 1503/1503 1504/1504 1556/1556
f 1503/1503 1556/1556 1555/1555
f 1504/1504 1505/1505 1557/1557
f 1504/1504 1557/1557 1556/1556
f 1505/1505 1506/1506 1558/1558
f 1505/1505 1558/1558 1557/1557
f 1506/1506 1507/1507 1559/1559
f 1506/1506 1559/1559 1558/1558
f 1507/1507 1508/1508 1560/1560
f 1507/1507 1560/1560 1559/1559
f 1508/1508 1457/1457 1509/1509
f 1508/1508 1509/1509 1560/1560
f 1509/1509 1510/1510 1562/1562
f 1509/1509 1562/1562 1561/1561
f 1510/1510 1511/1511 1563/1563
f 1510/1510 1563/1563 1562/1562
f 1511/1511 1512/1512 1564/1564
f 1511/1511 1564/1564 1563/1563
f 1512/1512 1513/1513 1565/1565
f 1512/1512 1565/1565 1564/1564
f 1513/1513 1514/1514 1566/1566
f 1513/1513 1566/1566 1565/1565
f 1514/1514 1515/1515 1567/1567
f 1514/1514 1567/1567 1566/1566
f 1515/1515 1516/1516 1568/1568
f 1515/1515 1568/1568 1567/1567
f 1516/1516 1517/1517 1569/1569
f 1516/1516 1569/1569 1568/1568
f 1517/1517 1518/1518 1570/1570
f 1517/1517 1570/1570 1569/1569
f 1518/1518 1519/1519 1571/1571
f 1518/1518 1571/1571 1570/1570
f 1519/1519 1520/1520 1572/1572
f 1519/1519 1572/1572 1571/1571
f 1520/1520 1521/1521 1573/1573
f 1520/1520 1573/1573 1572/1572
f 1521/1521 1522/1522 1574/1574
f 1521/1521 1574/1574 1573/1573
f 1522/1522 1523/1523 1575/1575
f 1522/1522 1575/1575 1574/1574
f 1523/1523 1524/1524 1576/1576
f 1523/1523 1576/1576 1575/1575
f 1524/1524 1525/1525 1577/1577
f 1524/1524 1577/1577 1576/1576
f 1525/1525 1526/1526 1578/1578
f 1525/1525 1578/1578 1577/1577
f 1526/1526 1527/1527 1579/1579
f 1526/1526 1579/1579 1578/1578
f 1527/1527 1528/1528 1580/1580
f 1527/1527 1580/1580 1579/1579
f 1528/1528 1529/1529 1581/1581
f 1528/1528 1581/1581 1580/1580
f 1529/1529 1530/1530 1582/1582
f 1529/1529 1582/1582 1581/1581
f 1530/1530 1531/1531 1583/1583
f 1530/1530 1583/1583 1582/1582
f 1531/1531 1532/1532 1584/1584
f 1531/1531 1584/1584 1583/1583
f 1532/1532 1533/1533 1585/1585
f 1532/1532 1585/1585 1584/1584
f 1533/1533 1534/1534 1586/1586
f 1533/1533 1586/1586 1585/1585
f 1534/1534 1535/1535 1587/1587
f 1534/1534 1587/1587 1586/1586
f 1535/1535 1536/1536 1588/1588
f 1535/1535 1588/1588 1587/1587
f 1536/1536 1537/1537 1589/1589
f 1536/1536 1589/1589 1588/1588
f 1537/1537 1538/1538 1590/1590
f 1537/1537 1590/1590 1589/1589
f 1538/1538 1539/1539 1591/1591
f 1538/1538 1591/1591 1590/1590
f 1539/1539 1540/1540 1592/1592
f 1539/1539 1592/1592 1591/1591
f 1540/1540 1541/1541 1593/1593
f 1540/1540 1593/1593 1592/1592
f 1541/1541 1542/1542 1594/1594
f 1541/1541 1594/1594 1593/1593
f 1542/1542 1543/1543 1595/1595
f 1542/1542 1595/1595 1594/1594
f 1543/1543 1544/1544 1596/1596
f 1543/1543 1596/1596 1595/1595
f 1544/1544 1545/1545 1597/1597
f 1544/1544 1597/1597 1596/1596
f 1545/1545 1546/1546 1598/1598
f 1545/1545 1598/1598 1597/1597
f 1546/1546 1547/1547 1599/1599
f 1546/1546 1599/1599 1598/1598
f 1547/1547 1548/1548 1600/1600
f 1547/1547 1600/1600 1599/1599
f 1548/1548 1549/1549 1601/1601
f 1548/1548 1601/1601 1600/1600
f 1549/1549 1550/1550 1602/1602
f 1549/1549 1602/1602 1601/1601
f 1550/1550 1551/1551 1603/1603
f 1550/1550 1603/1603 1602/1602
f 1551/1551 1552/1552 1604/1604
f 1551/1551 1604/1604 1603/1603
f 1552/1552 1553/1553 1605/1605
f 1552/1552 1605/1605 1604/1604
f 1553/1553 1554/1554 1606/1606
f 1553/1553 1606/1606 1605/1605
f 1554/1554 1555/1555 1607/1607
f 1554/1554 1607/1607 1606/1606
f 1555/1555 1556/1556 1608/1608
f 1555/1555 1608/1608 1607/1607
f 1556/1556 1557/1557 1609/1609
f 1556/1556 1609/1609 1608/1608
f 1557/1557 1558/1558 1610/1610
f 1557/1557 1610/1610 1609/1609
f 1558/1558 1559/1559 1611/1611
f 1558/1558 1611/1611 1610/1610
f 1559/1559 1560/1560 1612/1612
f 1559/1559 1612/1612 1611/1611
f 1560/1560 1509/1509 1561/1561
f 1560/1560 1561/1561 1612/1612
f 1561/1561 1562/1562 1614/1614
f 1561/1561 1614/1614 1613/1613
f 1562/1562 1563/1563 1615/1615
f 1562/1562 1615/1615 1614/1614
f 1563/1563 1564/1564 1616/1616
f 1563/1563 1616/1616 1615/1615
f 1564/1564 1565/1565 1617/1617
f 1564/1564 1617/1617 1616/1616
f 1565/1565 1566/1566 1618/1618
f 1565/1565 1618/1618 1617/1617
f 1566/1566 1567/1567 1619/1619
f 1566/1566 1619/1619 1618/1618
f 1567/1567 1568/1568 1620/1620
f 1567/1567 1620/1620 1619/1619
f 1568/1568 1569/1569 1621/1621
f 1568/1568 1621/1621 1620/1620
f 1569/1569 1570/1570 1622/1622
f 1569/1569 1622/1622 1621/1621
f 1570/1570 1571/1571 1623/1623
f 1570/1570 1623/1623 1622/1622
f 1571/1571 1572/1572 1624/1624
f 1571/1571 1624/1624 1623/1623
f 1572/1572 1573/1573 1625/1625
f 1572/1572 1625/1625 1624/1624
f 1573/1573 1574/1574 1626/1626
f 1573/1573 1626/1626 1625/1625
f 1574/1574 1575/1575 1627/1627
f 1574/1574 1627/1627 1626/1626
f 1575/1575 1576/1576 1628/1628
f 1575/1575 1628/1628 1627/1627
f 1576/1576 1577/1577 1629/1629
f 1576/1576 1629/1629 1628/1628
f 1577/1577 1578/1578 1630/1630
f 1577/1577 1630/1630 1629/1629
f 1578/1578 1579/1579 1631/1631
f 1578/1578 1631/1631 1630/1630
f 1579/1579 1580/1580 1632/1632
f 1579/1579 1632/1632 1631/1631
f 1580/1580 1581/1581 1633/1633
f 1580/1580 1633/1633 1632/1632
f 1581/1581 1582/1582 1634/1634
f 1581/1581 1634/1634 1633/1633
f 1582/1582 1583/1583 1635/1635
f 1582/1582 1635/1635 1634/1634
f 1583/1583 1584/1584 1636/1636
f 1583/1583 1636/1636 1635/1635
f 1584/1584 1585/1585 1637/1637
f 1584/1584 1637/1637 1636/1636
f 1585/1585 1586/1586 1638/1638
f 1585/1585 1638/1638 1637/1637
f 1586/1586 1587/1587 1639/1639
f 1586/1586 1639/1639 1638/1638
f 1587/1587 1588/1588 1640/1640
f 1587/1587 1640/1640 1639/1639
f 1588/1588 1589/1589 1641/1641
f 1588/1588 1641/1641 1640/1640
f 1589/1589 1590/1590 1642/1642
f 1589/1589 1642/1642 1641/1641
f 1590/1590 1591/1591 1643/1643
f 1590/1590 1643/1643 1642/1642
f 1591/1591 1592/1592 1644/1644
f 1591/1591 1644/1644 1643/1643
f 1592/1592 1593/1593 1645/1645
f 1592/1592 1645/1645 1644/1644
f 1593/1593 1594/1594 1646/1646
f 1593/1593 1646/1646 1645/1645
f 1594/1594 1595/1595 1647/1647
f 1594/1594 1647/1647 1646/1646
f 1595/1595 1596/1596 1648/1648
f 1595/1595 1648/1648 1647/1647
f 1596/1596 1597/1597 1649/1649
f 1596/1596 1649/1649 1648/1648
f 1597/1597 1598/1598 1650/1650
f 1597/1597 1650/1650 1649/1649
f 1598/1598 1599/1599 1651/1651
f 1598/1598 1651/1651 1650/1650
f 1599/1599 1600/1600 1652/1652
f 1599/1599 1652/1652 1651/1651
f 1600/1600 1601/1601 1653/1653
f 1600/1600 1653/1653 1652/1652
f 1601/1601 1602/1602 1654/1654
f 1601/1601 1654/1654 1653/1653
f 1602/1602 1603/1603 1655/1655
f 1602/1602 1655/1655 1654/1654
f 1603/1603 1604/1604 1656/1656
f 1603/1603 1656/1656 1655/1655
f 1604/1604 1605/1605 1657/1657
f 1604/1604 1657/1657 1656/1656
f 1605/1605 1606/1606 1658/1658
f 1605/1605 1658/1658 1657/1657
f 1606/1606 1607/1607 1659/1659
f 1606/1606 1659/1659 1658/1658
f 1607/1607 1608/1608 1660/1660
f 1607/1607 1660/1660 1659/1659
f 1608/1608 1609/1609 1661/1661
f 1608/1608 1661/1661 1660/1660
f 1609/1609 1610/1610 1662/1662
f 1609/1609 1662/1662 1661/1661
f 1610/1610 1611/1611 1663/1663
f 1610/1610 1663/1663 1662/1662
f 1611/1611 1612/1612 1664/1664
f 1611/1611 1664/1664 1663/1663
f 1612/1612 1561/1561 1613/1613
f 1612/1612 1613/1613 1664/1664
f 1613/1613 1614/1614 1666/1666
f 1613/1613 1666/1666 1665/1665
f 1614/1614 1615/1615 1667/1667
f 1614/1614 1667/1667 1666/1666
f 1615/1615 1616/1616 1668/1668
f 1615/1615 1668/1668 1667/1667
f 1616/1616 1617/1617 1669/1669
f 1616/1616 1669/1669 1668/1668
f 1617/1617 1618/1618 1670/1670
f 1617/1617 1670/1670 1669/1669
f 1618/1618 1619/1619 1671/1671
f 1618/1618 1671/1671 1670/1670
f 1619/1619 1620/1620 1672/1672
f 1619/1619 1672/1672 1671/1671
f 1620/1620 1621/1621 1673/1673
f 1620/1620 1673/1673 1672/1672
f 1621/1621 1622/1622 1674/1674
f 1621/1621 1674/1674 1673/1673
f 1622/1622 1623/1623 1675/1675
f 1622/1622 1675/1675 1674/1674
f 1623/1623 1624/1624 1676/1676
f 1623/1623 1676/1676 1675/1675
f 1624/1624 1625/1625 1677/1677
f 1624/1624 1677/1677 1676/1676
f 1625/1625 1626/1626 1678/1678
f 1625/1625 1678/1678 1677/1677
f 1626/1626 1627/1627 1679/1679
f 1626/1626 1679/1679 1678/1678
f 1627/1627 1628/1628 1680/1680
f 1627/1627 1680/1680 1679/1679
f 1628/1628 1629/1629 1681/1681
f 1628/1628 1681/1681 1680/1680
f 1629/1629 1630/1630 1682/1682
f 1629/1629 1682/1682 1681/1681
f 1630/1630 1631/1631 1683/1683
f 1630/1630 1683/1683 1682/1682
f 1631/1631 1632/1632 1684/1684
f 1631/1631 1684/1684 1683/1683
f 1632/1632 1633/1633 1685/1685
f 1632/1632 1685/1685 1684/1684
f 1633/1633 1634/1634 1686/1686
f 1633/1633 1686/1686 1685/1685
f 1634/1634 1635/1635 1687/1687
f 1634/1634 1687/1687 1686/1686
f 1635/1635 1636/1636 1688/1688
f 1635/1635 1688/1688 1687/1687
f 1636/1636 1637/1637 1689/1689
f 1636/1636 1689/1689 1688/1688
f 1637/1637 1638/1638 1690/1690
f 1637/1637 1690/1690 1689/1689
f 1638/1638 1639/1639 1691/1691
f 1638/1638 1691/1691 1690/1690
f 1639/1639 1640/1640 1692/1692
f 1639/1639 1692/1692 1691/1691
f 1640/1640 1641/1641 1693/1693
f 1640/1640 1693/1693 1692/1692
f 1641/1641 1642/1642 1694/1694
f 1641/1641 1694/1694 1693/1693
f 1642/1642 1643/1643 1695/1695
f 1642/1642 1695/1695 1694/1694
f 1643/1643 1644/1644 1696/1696
f 1643/1643 1696/1696 1695/1695
f 1644/1644 1645/1645 1697/1697
f 1644/1644 1697/1697 1696/1696
f 1645/1645 1646/1646 1698/1698
f 1645/1645 1698/1698 1697/1697
f 1646/1646 1647/1647 1699/1699
f 1646/1646 1699/1699 1698/1698
f 1647/1647 1648/1648 1700/1700
f 1647/1647 1700/1700 1699/1699
f 1648/1648 1649/1649 1701/1701
f 1648/1648 1701/1701 1700/1700
f 1649/1649 1650/1650 1702/1702
f 1649/1649 1702/1702 1701/1701
f 1650/1650 1651/1651 1703/1703
f 1650/1650 1703/1703 1702/1702
f 1651/1651 1652/1652 1704/1704
f 1651/1651 1704/1704 1703/1703
f 1652/1652 1653/1653 1705/1705
f 1652/1652 1705/1705 1704/1704
f 1653/1653 1654/1654 1706/1706
f 1653/1653 1706/1706 1705/1705
f 1654/1654 1655/1655 1707/1707
f 1654/1654 1707/1707 1706/1706
f 1655/1655 1656/1656 1708/1708
f 1655/1655 1708/1708 1707/1707
f 1656/1656 1657/1657 1709/1709
f 1656/1656 1709/1709 1708/1708
f 1657/1657 1658/1658 1710/1710
f 1657/1657 1710/1710 1709/1709
f 1658/1658 1659/1659 1711/1711
f 1658/1658 1711/1711 1710/1710
f 1659/1659 1660/1660 1712/1712
f 1659/1659 1712/1712 1711/1711
f 1660/1660 1661/1661 1713/1713
f 1660/1660 1713/1713 1712/1712
f 1661/1661 1662/1662 1714/1714
f 1661/1661 1714/1714 1713/1713
f 1662/1662 1663/1663 1715/1715
f 1662/1662 1715/1715 1714/1714
f 1663/1663 1664/1664 1716/1716
f 1663/1663 1716/1716 1715/1715
f 1664/1664 1613/1613 1665/1665
f 1664/1664 1665/1665 1716/1716
f 1717/1717 1718/1718 1729/1729
f 1717/1717 1729/1729 1728/1728
f 1718/1718 1719/1719 1730/1730
f 1718/1718 1730/1730 1729/1729
f 1719/1719 1720/1720 1731/1731
f 1719/1719 1731/1731 1730/1730
f 1720/1720 1721/1721 1732/1732
f 1720/1720 1732/1732 1731/1731
f 1721/1721 1722/1722 1733/1733
f 1721/1721 1733/1733 1732/1732
f 1722/1722 1723/1723 1734/1734
f 1722/1722 1734/1734 1733/1733
f 1723/1723 1724/1724 1735/1735
f 1723/1723 1735/1735 1734/1734
f 1724/1724 1725/1725 1736/1736
f 1724/1724 1736/1736 1735/1735
f 1725/1725 1726/1726 1737/1737
f 1725/1725 1737/1737 1736/1736
f 1726/1726 1727/1727 1738/1738
f 1726/1726 1738/1738 1737/1737
f 1727/1727 1717/1717 1728/1728
f 1727/1727 1728/1728 1738/1738
f 1727/1727 1726/1726 1725/1725
f 1727/1727 1725/1725 1724/1724
f 1727/1727 1724/1724 1723/1723
f 1727/1727 1723/1723 1722/1722
f 1727/1727 1722/1722 1721/1721
f 1727/1727 1721/1721 1720/1720
f 1727/1727 1720/1720 1719/1719
f 1727/1727 1719/1719 1718/1718
f 1727/1727 1718/1718 1717/1717
f 1728/1728 1729/1729 1730/1730
f 1728/1728 1730/1730 1731/1731
f 1728/1728 1731/1731 1732/1732
f 1728/1728 1732/1732 1733/1733
f 1728/1728 1733/1733 1734/1734
f 1728/1728 1734/1734 1735/1735
f 1728/1728 1735/1735 1736/1736
f 1728/1728 1736/1736 1737/1737
f 1728/1728 1737/1737 1738/1738
f 1739/1739 1740/1740 1751/1751
f 1739/1739 1751/1751 1750/1750
f 1740/1740 1741/1741 1752/1752
f 1740/1740 1752/1752 1751/1751
f 1741/1741 1742/1742 1753/1753
f 1741/1741 1753/1753 1752/1752
f 1742/1742 1743/1743 1754/1754
f 1742/1742 1754/1754 1753/1753
f 1743/1743 1744/1744 1755/1755
f 1743/1743 1755/1755 1754/1754
f 1744/1744 1745/1745 1756/1756
f 1744/1744 1756/1756 1755/1755
f 1745/1745 1746/1746 1757/1757
f 1745/1745 1757/1757 1756/1756
f 1746/1746 1747/1747 1758/1758
f 1746/1746 1758/1758 1757/1757
f 1747/1747 1748/1748 1759/1759
f 1747/1747 1759/1759 1758/1758
f 1748/1748 1749/1749 1760/1760
f 1748/1748 1760/1760 1759/1759
f 1749/1749 1739/1739 1750/1750
f 1749/1749 1750/1750 1760/1760
f 1749/1749 1748/1748 1747/1747
f 1749/1749 1747/1747 1746/1746
f 1749/1749 1746/1746 1745/1745
f 1749/1749 1745/1745 1744/1744
f 1749/1749 1744/1744 1743/1743
f 1749/1749 1743/1743 1742/1742
f 1749/1749 1742/1742 1741/1741
f 1749/1749 1741/1741 1740/1740
f 1749/1749 1740/1740 1739/1739
f 1750/1750 1751/1751 1752/1752
f 1750/1750 1752/1752 1753/1753
f 1750/1750 1753/1753 1754/1754
f 1750/1750 1754/1754 1755/1755
f 1750/1750 1755/1755 1756/1756
f 1750/1750 1756/1756 1757/1757
f 1750/1750 1757/1757 1758/1758
f 1750/1750 1758/1758 1759/1759
f 1750/1750 1759/1759 1760/1760
f 1761/1761 1762/1762 1773/1773
f 1761/1761 1773/1773 1772/1772
f 1762/1762 1763/1763 1774/1774
f 1762/1762 1774/1774 1773/1773
f 1763/1763 1764/1764 1775/1775
f 1763/1763 1775/1775 1774/1774
f 1764/1764 1765/1765 1776/1776
f 1764/1764 1776/1776 1775/1775
f 1765/1765 1766/1766 1777/1777
f 1765/1765 1777/1777 1776/1776
f 1766/1766 1767/1767 1778/1778
f 1766/1766 1778/1778 1777/1777
f 1767/1767 1768/1768 1779/1779
f 1767/1767 1779/1779 1778/1778
f 1768/1768 1769/1769 1780/1780
f 1768/1768 1780/1780 1779/1779
f 1769/1769 1770/1770 1781/1781
f 1769/1769 1781/1781 1780/1780
f 1770/1770 1771/1771 1782/1782
f 1770/1770 1782/1782 1781/1781
f 1771/1771 1761/1761 1772/1772
f 1771/1771 1772/1772 1782/1782
f 1771/1771 1770/1770 1769/1769
f 1771/1771 1769/1769 1768/1768
f 1771/1771 1768/1768 1767/1767
f 1771/1771 1767/1767 1766/1766
f 1771/1771 1766/1766 1765/1765
f 1771/1771 1765/1765 1764/1764
f 1771/1771 1764/1764 1763/1763
f 1771/1771 1763/1763 1762/1762
f 1771/1771 1762/1762 1761/1761
f 1772/1772 1773/1773 1774/1774
f 1772/1772 1774/1774 1775/1775
f 1772/1772 1775/1775 1776/1776
f 1772/1772 1776/1776 1777/1777
f 1772/1772 1777/1777 1778/1778
f 1772/1772 1778/1778 1779/1779
f 1772/1772 1779/1779 1780/1780
f 1772/1772 1780/1780 1781/1781
f 1772/1772 1781/1781 1782/1782
f 1783/1783 1784/1784 1795/1795
f 1783/1783 1795/1795 1794/1794
f 1784/1784 1785/1785 1796/1796
f 1784/1784 1796/1796 1795/1795
f 1785/1785 1786/1786 1797/1797
f 1785/1785 1797/1797 1796/1796
f 1786/1786 1787/1787 1798/1798
f 1786/1786 1798/1798 1797/1797
f 1787/1787 1788/1788 1799/1799
f 1787/1787 1799/1799 1798/1798
f 1788/1788 1789/1789 1800/1800
f 1788/1788 1800/1800 1799/1799
f 1789/1789 1790/1790 1801/1801
f 1789/1789 1801/1801 1800/1800
f 1790/1790 1791/1791 1802/1802
f 1790/1790 1802/1802 1801/1801
f 1791/1791 1792/1792 1803/1803
f 1791/1791 1803/1803 1802/1802
f 1792/1792 1793/1793 1804/1804
f 1792/1792 1804/1804 1803/1803
f 1793/1793 1783/1783 1794/1794
f 1793/1793 1794/1794 1804/1804
f 1793/1793 1792/1792 1791/1791
f 1793/1793 1791/1791 1790/1790
f 1793/1793 1790/1790 1789/1789
f 1793/1793 1789/1789 1788/1788
f 1793/1793 1788/1788 1787/1787
f 1793/1793 1787/1787 1786/1786
f 1793/1793 1786/1786 1785/1785
f 1793/1793 1785/1785 1784/1784
f 1793/1793 1784/1784 1783/1783
f 1794/1794 1795/1795 1796/1796
f 1794/1794 1796/1796 1797/1797
f 1794/1794 1797/1797 1798/1798
f 1794/1794 1798/1798 1799/1799
f 1794/1794 1799/1799 1800/1800
f 1794/1794 1800/1800 1801/1801
f 1794/1794 1801/1801 1802/1802
f 1794/1794 1802/1802 1803/1803
f 1794/1794 1803/1803 1804/1804
f 1805/1805 1806/1806 1817/1817
f 1805/1805 1817/1817 1816/1816
f 1806/1806 1807/1807 1818/1818
f 1806/1806 1818/1818 1817/1817
f 1807/1807 1808/1808 1819/1819
f 1807/1807 1819/1819 1818/1818
f 1808/1808 1809/1809 1820/1820
f 1808/1808 1820/1820 1819/1819
f 1809/1809 1810/1810 1821/1821
f 1809/1809 1821/1821 1820/1820
f 1810/1810 1811/1811 1822/1822
f 1810/1810 1822/1822 1821/1821
f 1811/1811 1812/1812 1823/1823
f 1811/1811 1823/1823 1822/1822
f 1812/1812 1813/1813 1824/1824
f 1812/1812 1824/1824 1823/1823
f 1813/1813 1814/1814 1825/1825
f 1813/1813 1825/1825 1824/1824
f 1814/1814 1815/1815 1826/1826
f 1814/1814 1826/1826 1825/1825
f 1815/1815 1805/1805 1816/1816
f 1815/1815 1816/1816 1826/1826
f 1815/1815 1814/1814 1813/1813
f 1815/1815 1813/1813 1812/1812
f 1815/1815 1812/1812 1811/1811
f 1815/1815 1811/1811 1810/1810
f 1815/1815 1810/1810 1809/1809
f 1815/1815 1809/1809 1808/1808
f 1815/1815 1808/1808 1807/1807
f 1815/1815 1807/1807 1806/1806
f 1815/1815 1806/1806 1805/1805
f 1816/1816 1817/1817 1818/1818
f 1816/1816 1818/1818 1819/1819
f 1816/1816 1819/1819 1820/1820
f 1816/1816 1820/1820 1821/1821
f 1816/1816 1821/1821 1822/1822
f 1816/1816 1822/1822 1823/1823
f 1816/1816 1823/1823 1824/1824
f 1816/1816 1824/1824 1825/1825
f 1816/1816 1825/1825 1826/1826
f 1827/1827 1828/1828 1839/1839
f 1827/1827 1839/1839 1838/1838
f 1828/1828 1829/1829 1840/1840
f 1828/1828 1840/1840 1839/1839
f 1829/1829 1830/1830 1841/1841
f 1829/1829 1841/1841 1840/1840
f 1830/1830 1831/1831 1842/1842
f 1830/1830 1842/1842 1841/1841
f 1831/1831 1832/1832 1843/1843
f 1831/1831 1843/1843 1842/1842
f 1832/1832 1833/1833 1844/1844
f 1832/1832 1844/1844 1843/1843
f 1833/1833 1834/1834 1845/1845
f 1833/1833 1845/1845 1844/1844
f 1834/1834 1835/1835 1846/1846
f 1834/1834 1846/1846 1845/1845
f 1835/1835 1836/1836 1847/1847
f 1835/1835 1847/1847 1846/1846
f 1836/1836 1837/1837 1848/1848
f 1836/1836 1848/1848 1847/1847
f 1837/1837 1827/1827 1838/1838
f 1837/1837 1838/1838 1848/1848
f 1837/1837 1836/1836 1835/1835
f 1837/1837 1835/1835 1834/1834
f 1837/1837 1834/1834 1833/1833
f 1837/1837 1833/1833 1832/1832
f 1837/1837 1832/1832 1831/1831
f 1837/1837 1831/1831 1830/1830
f 1837/1837 1830/1830 1829/1829
f 1837/1837 1829/1829 1828/1828
f 1837/1837 1828/1828 1827/1827
f 1838/1838 1839/1839 1840/1840
f 1838/1838 1840/1840 1841/1841
f 1838/1838 1841/1841 1842/1842
f 1838/1838 1842/1842 1843/1843
f 1838/1838 1843/1843 1844/1844
f 1838/1838 1844/1844 1845/1845
f 1838/1838 1845/1845 1846/1846
f 1838/1838 1846/1846 1847/1847
f 1838/1838 1847/1847 1848/1848
f 1849/1849 1850/1850 1861/1861
f 1849/1849 1861/1861 1860/1860
f 1850/1850 1851/1851 1862/1862
f 1850/1850 1862/1862 1861/1861
f 1851/1851 1852/1852 1863/1863
f 1851/1851 1863/1863 1862/1862
f 1852/1852 1853/1853 1864/1864
f 1852/1852 1864/1864 1863/1863
f 1853/1853 1854/1854 1865/1865
f 1853/1853 1865/1865 1864/1864
f 1854/1854 1855/1855 1866/1866
f 1854/1854 1866/1866 1865/1865
f 1855/1855 1856/1856 1867/1867
f 1855/1855 1867/1867 1866/1866
f 1856/1856 1857/1857 1868/1868
f 1856/1856 1868/1868 1867/1867
f 1857/1857 1858/1858 1869/1869
f 1857/1857 1869/1869 1868/1868
f 1858/1858 1859/1859 1870/1870
f 1858/1858 1870/1870 1869/1869
f 1859/1859 1849/1849 1860/1860
f 1859/1859 1860/1860 1870/1870
f 1859/1859 1858/1858 1857/1857
f 1859/1859 1857/1857 1856/1856
f 1859/1859 1856/1856 1855/1855
f 1859/1859 1855/1855 1854/1854
f 1859/1859 1854/1854 1853/1853
f 1859/1859 1853/1853 1852/1852
f 1859/1859 1852/1852 1851/1851
f 1859/1859 1851/1851 1850/1850
f 1859/1859 1850/1850 1849/1849
f 1860/1860 1861/1861 1862/1862
f 1860/1860 1862/1862 1863/1863
f 1860/1860 1863/1863 1864/1864
f 1860/1860 1864/1864 1865/1865
f 1860/1860 1865/1865 1866/1866
f 1860/1860 1866/1866 1867/1867
f 1860/1860 1867/1867 1868/1868
f 1860/1860 1868/1868 1869/1869
f 1860/1860 1869/1869 1870/1870
f 1871/1871 1872/1872 1883/1883
f 1871/1871 1883/1883 1882/1882
f 1872/1872 1873/1873 1884/1884
f 1872/1872 1884/1884 1883/1883
f 1873/1873 1874/1874 1885/1885
f 1873/1873 1885/1885 1884/1884
f 1874/1874 1875/1875 1886/1886
f 1874/1874 1886/1886 1885/1885
f 1875/1875 1876/1876 1887/1887
f 1875/1875 1887/1887 1886/1886
f 1876/1876 1877/1877 1888/1888
f 1876/1876 1888/1888 1887/1887
f 1877/1877 1878/1878 1889/1889
f 1877/1877 1889/1889 1888/1888
f 1878/1878 1879/1879 1890/1890
f 1878/1878 1890/1890 1889/1889
f 1879/1879 1880/1880 1891/1891
f 1879/1879 1891/1891 1890/1890
f 1880/1880 1881/1881 1892/1892
f 1880/1880 1892/1892 1891/1891
f 1881/1881 1871/1871 1882/1882
f 1881/1881 1882/1882 1892/1892
f 1881/1881 1880/1880 1879/1879
f 1881/1881 1879/1879 1878/1878
f 1881/1881 1878/1878 1877/1877
f 1881/1881 1877/1877 1876/1876
f 1881/1881 1876/1876 1875/1875
f 1881/1881 1875/1875 1874/1874
f 1881/1881 1874/1874 1873/1873
f 1881/1881 1873/1873 1872/1872
f 1881/1881 1872/1872 1871/1871
f 1882/1882 1883/1883 1884/1884
f 1882/1882 1884/1884 1885/1885
f 1882/1882 1885/1885 1886/1886
f 1882/1882 1886/1886 1887/1887
f 1882/1882 1887/1887 1888/1888
f 1882/1882 1888/1888 1889/1889
f 1882/1882 1889/1889 1890/1890
f 1882/1882 1890/1890 1891/1891
f 1882/1882 1891/1891 1892/1892
f 1893/1893 1894/1894 1905/1905
f 1893/1893 1905/1905 1904/1904
f 1894/1894 1895/1895 1906/1906
f 1894/1894 1906/1906 1905/1905
f 1895/1895 1896/1896 1907/1907
f 1895/1895 1907/1907 1906/1906
f 1896/1896 1897/1897 1908/1908
f 1896/1896 1908/1908 1907/1907
f 1897/1897 1898/1898 1909/1909
f 1897/1897 1909/1909 1908/1908
f 1898/1898 1899/1899 1910/1910
f 1898/1898 1910/1910 1909/1909
f 1899/1899 1900/1900 1911/1911
f 1899/1899 1911/1911 1910/1910
f 1900/1900 1901/1901 1912/1912
f 1900/1900 1912/1912 1911/1911
f 1901/1901 1902/1902 1913/1913
f 1901/1901 1913/1913 1912/1912
f 1902/1902 1903/1903 1914/1914
f 1902/1902 1914/1914 1913/1913
f 1903/1903 1893/1893 1904/1904
f 1903/1903 1904/1904 1914/1914
f 1903/1903 1902/1902 1901/1901
f 1903/1903 1901/1901 1900/1900
f 1903/1903 1900/1900 1899/1899
f 1903/1903 1899/1899 1898/1898
f 1903/1903 1898/1898 1897/1897
f 1903/1903 1897/1897 1896/1896
f 1903/1903 1896/1896 1895/1895
f 1903/1903 1895/1895 1894/1894
f 1903/1903 1894/1894 1893/1893
f 1904/1904 1905/1905 1906/1906
f 1904/1904 1906/1906 1907/1907
f 1904/1904 1907/1907 1908/1908
f 1904/1904 1908/1908 1909/1909
f 1904/1904 1909/1909 1910/1910
f 1904/1904 1910/1910 1911/1911
f 1904/1904 1911/1911 1912/1912
f 1904/1904 1912/1912 1913/1913
f 1904/1904 1913/1913 1914/1914
f 1915/1915 1916/1916 1927/1927
f 1915/1915 1927/1927 1926/1926
f 1916/1916 1917/1917 1928/1928
f 1916/1916 1928/1928 1927/1927
f 1917/1917 1918/1918 1929/1929
f 1917/1917 1929/1929 1928/1928
f 1918/1918 1919/1919 1930/1930
f 1918/1918 1930/1930 1929/1929
f 1919/1919 1920/1920 1931/1931
f 1919/1919 1931/1931 1930/1930
f 1920/1920 1921/1921 1932/1932
f 1920/1920 1932/1932 1931/1931
f 1921/1921 1922/1922 1933/1933
f 1921/1921 1933/1933 1932/1932
f 1922/1922 1923/1923 1934/1934
f 1922/1922 1934/1934 1933/1933
f 1923/1923 1924/1924 1935/1935
f 1923/1923 1935/1935 1934/1934
f 1924/1924 1925/1925 1936/1936
f 1924/1924 1936/1936 1935/1935
f 1925/1925 1915/1915 1926/1926
f 1925/1925 1926/1926 1936/1936
f 1925/1925 1924/1924 1923/1923
f 1925/1925 1923/1923 1922/1922
f 1925/1925 1922/1922 1921/1921
f 1925/1925 1921/1921 1920/1920
f 1925/1925 1920/1920 1919/1919
f 1925/1925 1919/1919 1918/1918
f 1925/1925 1918/1918 1917/1917
f 1925/1925 1917/1917 1916/1916
f 1925/1925 1916/1916 1915/1915
f 1926/1926 1927/1927 1928/1928
f 1926/1926 1928/1928 1929/1929
f 1926/1926 1929/1929 1930/1930
f 1926/1926 1930/1930 1931/1931
f 1926/1926 1931/1931 1932/1932
f 1926/1926 1932/1932 1933/1933
f 1926/1926 1933/1933 1934/1934
f 1926/1926 1934/1934 1935/1935
f 1926/1926 1935/1935 1936/1936
f 1937/1937 1938/1938 1949/1949
f 1937/1937 1949/1949 1948/1948
f 1938/1938 1939/1939 1950/1950
f 1938/1938 1950/1950 1949/1949
f 1939/1939 1940/1940 1951/1951
f 1939/1939 1951/1951 1950/1950
f 1940/1940 1941/1941 1952/1952
f 1940/1940 1952/1952 1951/1951
f 1941/1941 1942/1942 1953/1953
f 1941/1941 1953/1953 1952/1952
f 1942/1942 1943/1943 1954/1954
f 1942/1942 1954/1954 1953/1953
f 1943/1943 1944/1944 1955/1955
f 1943/1943 1955/1955 1954/1954
f 1944/1944 1945/1945 1956/1956
f 1944/1944 1956/1956 1955/1955
f 1945/1945 1946/1946 1957/1957
f 1945/1945 1957/1957 1956/1956
f 1946/1946 1947/1947 1958/1958
f 1946/1946 1958/1958 1957/1957
f 1947/1947 1937/1937 1948/1948
f 1947/1947 1948/1948 1958/1958
f 1947/1947 1946/1946 1945/1945
f 1947/1947 1945/1945 1944/1944
f 1947/1947 1944/1944 1943/1943
f 1947/1947 1943/1943 1942/1942
f 1947/1947 1942/1942 1941/1941
f 1947/1947 1941/1941 1940/1940
f 1947/1947 1940/1940 1939/1939
f 1947/1947 1939/1939 1938/1938
f 1947/1947 1938/1938 1937/1937
f 1948/1948 1949/1949 1950/1950
f 1948/1948 1950/1950 1951/1951
f 1948/1948 1951/1951 1952/1952
f 1948/1948 1952/1952 1953/1953
f 1948/1948 1953/1953 1954/1954
f 1948/1948 1954/1954 1955/1955
f 1948/1948 1955/1955 1956/1956
f 1948/1948 1956/1956 1957/1957
f 1948/1948 1957/1957 1958/1958
f 1959/1959 1960/1960 1969/1969
f 1959/1959 1969/1969 1968/1968
f 1960/1960 1961/1961 1970/1970
f 1960/1960 1970/1970 1969/1969
f 1961/1961 1962/1962 1971/1971
f 1961/1961 1971/1971 1970/1970
f 1962/1962 1963/1963 1972/1972
f 1962/1962 1972/1972 1971/1971
f 1963/1963 1964/1964 1973/1973
f 1963/1963 1973/1973 1972/1972
f 1964/1964 1965/1965 1974/1974
f 1964/1964 1974/1974 1973/1973
f 1965/1965 1966/1966 1975/1975
f 1965/1965 1975/1975 1974/1974
f 1966/1966 1967/1967 1976/1976
f 1966/1966 1976/1976 1975/1975
f 1967/1967 1959/1959 1968/1968
f 1967/1967 1968/1968 1976/1976
f 1967/1967 1966/1966 1965/1965
f 1967/1967 1965/1965 1964/1964
f 1967/1967 1964/1964 1963/1963
f 1967/1967 1963/1963 1962/1962
f 1967/1967 1962/1962 1961/1961
f 1967/1967 1961/1961 1960/1960
f 1967/1967 1960/1960 1959/1959
f 1968/1968 1969/1969 1970/1970
f 1968/1968 1970/1970 1971/1971
f 1968/1968 1971/1971 1972/1972
f 1968/1968 1972/1972 1973/1973
f 1968/1968 1973/1973 1974/1974
f 1968/1968 1974/1974 1975/1975
f 1968/1968 1975/1975 1976/1976
f 1977/1977 1978/1978 1987/1987
f 1977/1977 1987/1987 1986/1986
f 1978/1978 1979/1979 1988/1988
f 1978/1978 1988/1988 1987/1987
f 1979/1979 1980/1980 1989/1989
f 1979/1979 1989/1989 1988/1988
f 1980/1980 1981/1981 1990/1990
f 1980/1980 1990/1990 1989/1989
f 1981/1981 1982/1982 1991/1991
f 1981/1981 1991/1991 1990/1990
f 1982/1982 1983/1983 1992/1992
f 1982/1982 1992/1992 1991/1991
f 1983/1983 1984/1984 1993/1993
f 1983/1983 1993/1993 1992/1992
f 1984/1984 1985/1985 1994/1994
f 1984/1984 1994/1994 1993/1993
f 1985/1985 1977/1977 1986/1986
f 1985/1985 1986/1986 1994/1994
f 1985/1985 1984/1984 1983/1983
f 1985/1985 1983/1983 1982/1982
f 1985/1985 1982/1982 1981/1981
f 1985/1985 1981/1981 1980/1980
f 1985/1985 1980/1980 1979/1979
f 1985/1985 1979/1979 1978/1978
f 1985/1985 1978/1978 1977/1977
f 1986/1986 1987/1987 1988/1988
f 1986/1986 1988/1988 1989/1989
f 1986/1986 1989/1989 1990/1990
f 1986/1986 1990/1990 1991/1991
f 1986/1986 1991/1991 1992/1992
f 1986/1986 1992/1992 1993/1993
f 1986/1986 1993/1993 1994/1994
f 1995/1995 1996/1996 2005/2005
f 1995/1995 2005/2005 2004/2004
f 1996/1996 1997/1997 2006/2006
f 1996/1996 2006/2006 2005/2005
f 1997/1997 1998/1998 2007/2007
f 1997/1997 2007/2007 2006/2006
f 1998/1998 1999/1999 2008/2008
f 1998/1998 2008/2008 2007/2007
f 1999/1999 2000/2000 2009/2009
f 1999/1999 2009/2009 2008/2008
f 2000/2000 2001/2001 2010/2010
f 2000/2000 2010/2010 2009/2009
f 2001/2001 2002/2002 2011/2011
f 2001/2001 2011/2011 2010/2010
f 2002/2002 2003/2003 2012/2012
f 2002/2002 2012/2012 2011/2011
f 2003/2003 1995/1995 2004/2004
f 2003/2003 2004/2004 2012/2012
f 2003/2003 2002/2002 2001/2001
f 2003/2003 2001/2001 2000/2000
f 2003/2003 2000/2000 1999/1999
f 2003/2003 1999/1999 1998/1998
f 2003/2003 1998/1998 1997/1997
f 2003/2003 1997/1997 1996/1996
f 2003/2003 1996/1996 1995/1995
f 2004/2004 2005/2005 2006/2006
f 2004/2004 2006/2006 2007/2007
f 2004/2004 2007/2007 2008/2008
f 2004/2004 2008/2008 2009/2009
f 2004/2004 2009/2009 2010/2010
f 2004/2004 2010/2010 2011/2011
f 2004/2004 2011/2011 2012/2012
f 2013/2013 2014/2014 2023/2023
f 2013/2013 2023/2023 2022/2022
f 2014/2014 2015/2015 2024/2024
f 2014/2014 2024/2024 2023/2023
f 2015/2015 2016/2016 2025/2025
f 2015/2015 2025/2025 2024/2024
f 2016/2016 2017/2017 2026/2026
f 2016/2016 2026/2026 2025/2025
f 2017/2017 2018/2018 2027/2027
f 2017/2017 2027/2027 2026/2026
f 2018/2018 2019/2019 2028/2028
f 2018/2018 2028/2028 2027/2027
f 2019/2019 2020/2020 2029/2029
f 2019/2019 2029/2029 2028/2028
f 2020/2020 2021/2021 2030/2030
f 2020/2020 2030/2030 2029/2029
f 2021/2021 2013/2013 2022/2022
f 2021/2021 2022/2022 2030/2030
f 2021/2021 2020/2020 2019/2019
f 2021/2021 2019/2019 2018/2018
f 2021/2021 2018/2018 2017/2017
f 2021/2021 2017/2017 2016/2016
f 2021/2021 2016/2016 2015/2015
f 2021/2021 2015/2015 2014/2014
f 2021/2021 2014/2014 2013/2013
f 2022/2022 2023/2023 2024/2024
f 2022/2022 2024/2024 2025/2025
f 2022/2022 2025/2025 2026/2026
f 2022/2022 2026/2026 2027/2027
f 2022/2022 2027/2027 2028/2028
f 2022/2022 2028/2028 2029/2029
f 2022/2022 2029/2029 2030/2030
f 2031/2031 2032/2032 2041/2041
f 2031/2031 2041/2041 2040/2040
f 2032/2032 2033/2033 2042/2042
f 2032/2032 2042/2042 2041/2041
f 2033/2033 2034/2034 2043/2043
f 2033/2033 2043/2043 2042/2042
f 2034/2034 2035/2035 2044/2044
f 2034/2034 2044/2044 2043/2043
f 2035/2035 2036/2036 2045/2045
f 2035/2035 2045/2045 2044/2044
f 2036/2036 2037/2037 2046/2046
f 2036/2036 2046/2046 2045/2045
f 2037/2037 2038/2038 2047/2047
f 2037/2037 2047/2047 2046/2046
f 2038/2038 2039/2039 2048/2048
f 2038/2038 2048/2048 2047/2047
f 2039/2039 2031/2031 2040/2040
f 2039/2039 2040/2040 2048/2048
f 2039/2039 2038/2038 2037/2037
f 2039/2039 2037/2037 2036/2036
f 2039/2039 2036/2036 2035/2035
f 2039/2039 2035/2035 2034/2034
f 2039/2039 2034/2034 2033/2033
f 2039/2039 2033/2033 2032/2032
f 2039/2039 2032/2032 2031/2031
f 2040/2040 2041/2041 2042/2042
f 2040/2040 2042/2042 2043/2043
f 2040/2040 2043/2043 2044/2044
f 2040/2040 2044/2044 2045/2045
f 2040/2040 2045/2045 2046/2046
f 2040/2040 2046/2046 2047/2047
f 2040/2040 2047/2047 2048/2048
f 2049/2049 2050/2050 2059/2059
f 2049/2049 2059/2059 2058/2058
f 2050/2050 2051/2051 2060/2060
f 2050/2050 2060/2060 2059/2059
f 2051/2051 2052/2052 2061/2061
f 2051/2051 2061/2061 2060/2060
f 2052/2052 2053/2053 2062/2062
f 2052/2052 2062/2062 2061/2061
f 2053/2053 2054/2054 2063/2063
f 2053/2053 2063/2063 2062/2062
f 2054/2054 2055/2055 2064/2064
f 2054/2054 2064/2064 2063/2063
f 2055/2055 2056/2056 2065/2065
f 2055/2055 2065/2065 2064/2064
f 2056/2056 2057/2057 2066/2066
f 2056/2056 2066/2066 2065/2065
f 2057/2057 2049/2049 2058/2058
f 2057/2057 2058/2058 2066/2066
f 2057/2057 2056/2056 2055/2055
f 2057/2057 2055/2055 2054/2054
f 2057/2057 2054/2054 2053/2053
f 2057/2057 2053/2053 2052/2052
f 2057/2057 2052/2052 2051/2051
f 2057/2057 2051/2051 2050/2050
f 2057/2057 2050/2050 2049/2049
f 2058/2058 2059/2059 2060/2060
f 2058/2058 2060/2060 2061/2061
f 2058/2058 2061/2061 2062/2062
f 2058/2058 2062/2062 2063/2063
f 2058/2058 2063/2063 2064/2064
f 2058/2058 2064/2064 2065/2065
f 2058/2058 2065/2065 2066/2066
f 2067/2067 2068/2068 2077/2077
f 2067/2067 2077/2077 2076/2076
f 2068/2068 2069/2069 2078/2078
f 2068/2068 2078/2078 2077/2077
f 2069/2069 2070/2070 2079/2079
f 2069/2069 2079/2079 2078/2078
f 2070/2070 2071/2071 2080/2080
f 2070/2070 2080/2080 2079/2079
f 2071/2071 2072/2072 2081/2081
f 2071/2071 2081/2081 2080/2080
f 2072/2072 2073/2073 2082/2082
f 2072/2072 2082/2082 2081/2081
f 2073/2073 2074/2074 2083/2083
f 2073/2073 2083/2083 2082/2082
f 2074/2074 2075/2075 2084/2084
f 2074/2074 2084/2084 2083/2083
f 2075/2075 2067/2067 2076/2076
f 2075/2075 2076/2076 2084/2084
f 2075/2075 2074/2074 2073/2073
f 2075/2075 2073/2073 2072/2072
f 2075/2075 2072/2072 2071/2071
f 2075/2075 2071/2071 2070/2070
f 2075/2075 2070/2070 2069/2069
f 2075/2075 2069/2069 2068/2068
f 2075/2075 2068/2068 2067/2067
f 2076/2076 2077/2077 2078/2078
f 2076/2076 2078/2078 2079/2079
f 2076/2076 2079/2079 2080/2080
f 2076/2076 2080/2080 2081/2081
f 2076/2076 2081/2081 2082/2082
f 2076/2076 2082/2082 2083/2083
f 2076/2076 2083/2083 2084/2084
f 2085/2085 2086/2086 2095/2095
f 2085/2085 2095/2095 2094/2094
f 2086/2086 2087/2087 2096/2096
f 2086/2086 2096/2096 2095/2095
f 2087/2087 2088/2088 2097/2097
f 2087/2087 2097/2097 2096/2096
f 2088/2088 2089/2089 2098/2098
f 2088/2088 2098/2098 2097/2097
f 2089/2089 2090/2090 2099/2099
f 2089/2089 2099/2099 2098/2098
f 2090/2090 2091/2091 2100/2100
f 2090/2090 2100/2100 2099/2099
f 2091/2091 2092/2092 2101/2101
f 2091/2091 2101/2101 2100/2100
f 2092/2092 2093/2093 2102/2102
f 2092/2092 2102/2102 2101/2101
f 2093/2093 2085/2085 2094/2094
f 2093/2093 2094/2094 2102/2102
f 2093/2093 2092/2092 2091/2091
f 2093/2093 2091/2091 2090/2090
f 2093/2093 2090/2090 2089/2089
f 2093/2093 2089/2089 2088/2088
f 2093/2093 2088/2088 2087/2087
f 2093/2093 2087/2087 2086/2086
f 2093/2093 2086/2086 2085/2085
f 2094/2094 2095/2095 2096/2096
f 2094/2094 2096/2096 2097/2097
f 2094/2094 2097/2097 2098/2098
f 2094/2094 2098/2098 2099/2099
f 2094/2094 2099/2099 2100/2100
f 2094/2094 2100/2100 2101/2101
f 2094/2094 2101/2101 2102/2102
f 2103/2103 2104/2104 2113/2113
f 2103/2103 2113/2113 2112/2112
f 2104/2104 2105/2105 2114/2114
f 2104/2104 2114/2114 2113/2113
f 2105/2105 2106/2106 2115/2115
f 2105/2105 2115/2115 2114/2114
f 2106/2106 2107/2107 2116/2116
f 2106/2106 2116/2116 2115/2115
f 2107/2107 2108/2108 2117/2117
f 2107/2107 2117/2117 2116/2116
f 2108/2108 2109/2109 2118/2118
f 2108/2108 2118/2118 2117/2117
f 2109/2109 2110/2110 2119/2119
f 2109/2109 2119/2119 2118/2118
f 2110/2110 2111/2111 2120/2120
f 2110/2110 2120/2120 2119/2119
f 2111/2111 2103/2103 2112/2112
f 2111/2111 2112/2112 2120/2120
f 2111/2111 2110/2110 2109/2109
f 2111/2111 2109/2109 2108/2108
f 2111/2111 2108/2108 2107/2107
f 2111/2111 2107/2107 2106/2106
f 2111/2111 2106/2106 2105/2105
f 2111/2111 2105/2105 2104/2104
f 2111/2111 2104/2104 2103/2103
f 2112/2112 2113/2113 2114/2114
f 2112/2112 2114/2114 2115/2115
f 2112/2112 2115/2115 2116/2116
f 2112/2112 2116/2116 2117/2117
f 2112/2112 2117/2117 2118/2118
f 2112/2112 2118/2118 2119/2119
f 2112/2112 2119/2119 2120/2120
f 2121/2121 2122/2122 2131/2131
f 2121/2121 2131/2131 2130/2130
f 2122/2122 2123/2123 2132/2132
f 2122/2122 2132/2132 2131/2131
f 2123/2123 2124/2124 2133/2133
f 2123/2123 2133/2133 2132/2132
f 2124/2124 2125/2125 2134/2134
f 2124/2124 2134/2134 2133/2133
f 2125/2125 2126/2126 2135/2135
f 2125/2125 2135/2135 2134/2134
f 2126/2126 2127/2127 2136/2136
f 2126/2126 2136/2136 2135/2135
f 2127/2127 2128/2128 2137/2137
f 2127/2127 2137/2137 2136/2136
f 2128/2128 2129/2129 2138/2138
f 2128/2128 2138/2138 2137/2137
f 2129/2129 2121/2121 2130/2130
f 2129/2129 2130/2130 2138/2138
f 2129/2129 2128/2128 2127/2127
f 2129/2129 2127/2127 2126/2126
f 2129/2129 2126/2126 2125/2125
f 2129/2129 2125/2125 2124/2124
f 2129/2129 2124/2124 2123/2123
f 2129/2129 2123/2123 2122/2122
f 2129/2129 2122/2122 2121/2121
f 2130/2130 2131/2131 2132/2132
f 2130/2130 2132/2132 2133/2133
f 2130/2130 2133/2133 2134/2134
f 2130/2130 2134/2134 2135/2135
f 2130/2130 2135/2135 2136/2136
f 2130/2130 2136/2136 2137/2137
f 2130/2130 2137/2137 2138/2138
f 2139/2139 2140/2140 2149/2149
f 2139/2139 2149/2149 2148/2148
f 2140/2140 2141/2141 2150/2150
f 2140/2140 2150/2150 2149/2149
f 2141/2141 2142/2142 2151/2151
f 2141/2141 2151/2151 2150/2150
f 2142/2142 2143/2143 2152/2152
f 2142/2142 2152/2152 2151/2151
f 2143/2143 2144/2144 2153/2153
f 2143/2143 2153/2153 2152/2152
f 2144/2144 2145/2145 2154/2154
f 2144/2144 2154/2154 2153/2153
f 2145/2145 2146/2146 2155/2155
f 2145/2145 2155/2155 2154/2154
f 2146/2146 2147/2147 2156/2156
f 2146/2146 2156/2156 2155/2155
f 2147/2147 2139/2139 2148/2148
f 2147/2147 2148/2148 2156/2156
f 2147/2147 2146/2146 2145/2145
f 2147/2147 2145/2145 2144/2144
f 2147/2147 2144/2144 2143/2143
f 2147/2147 2143/2143 2142/2142
f 2147/2147 2142/2142 2141/2141
f 2147/2147 2141/2141 2140/2140
f 2147/2147 2140/2140 2139/2139
f 2148/2148 2149/2149 2150/2150
f 2148/2148 2150/2150 2151/2151
f 2148/2148 2151/2151 2152/2152
f 2148/2148 2152/2152 2153/2153
f 2148/2148 2153/2153 2154/2154
f 2148/2148 2154/2154 2155/2155
f 2148/2148 2155/2155 2156/2156
f 2157/2157 2158/2158 2167/2167
f 2157/2157 2167/2167 2166/2166
f 2158/2158 2159/2159 2168/2168
f 2158/2158 2168/2168 2167/2167
f 2159/2159 2160/2160 2169/2169
f 2159/2159 2169/2169 2168/2168
f 2160/2160 2161/2161 2170/2170
f 2160/2160 2170/2170 2169/2169
f 2161/2161 2162/2162 2171/2171
f 2161/2161 2171/2171 2170/2170
f 2162/2162 2163/2163 2172/2172
f 2162/2162 2172/2172 2171/2171
f 2163/2163 2164/2164 2173/2173
f 2163/2163 2173/2173 2172/2172
f 2164/2164 2165/2165 2174/2174
f 2164/2164 2174/2174 2173/2173
f 2165/2165 2157/2157 2166/2166
f 2165/2165 2166/2166 2174/2174
f 2165/2165 2164/2164 2163/2163
f 2165/2165 2163/2163 2162/2162
f 2165/2165 2162/2162 2161/2161
f 2165/2165 2161/2161 2160/2160
f 2165/2165 2160/2160 2159/2159
f 2165/2165 2159/2159 2158/2158
f 2165/2165 2158/2158 2157/2157
f 2166/2166 2167/2167 2168/2168
f 2166/2166 2168/2168 2169/2169
f 2166/2166 2169/2169 2170/2170
f 2166/2166 2170/2170 2171/2171
f 2166/2166 2171/2171 2172/2172
f 2166/2166 2172/2172 2173/2173
f 2166/2166 2173/2173 2174/2174
f 2175/2175 2176/2176 2185/2185
f 2175/2175 2185/2185 2184/2184
f 2176/2176 2177/2177 2186/2186
f 2176/2176 2186/2186 2185/2185
f 2177/2177 2178/2178 2187/2187
f 2177/2177 2187/2187 2186/2186
f 2178/2178 2179/2179 2188/2188
f 2178/2178 2188/2188 2187/2187
f 2179/2179 2180/2180 2189/2189
f 2179/2179 2189/2189 2188/2188
f 2180/2180 2181/2181 2190/2190
f 2180/2180 2190/2190 2189/2189
f 2181/2181 2182/2182 2191/2191
f 2181/2181 2191/2191 2190/2190
f 2182/2182 2183/2183 2192/2192
f 2182/2182 2192/2192 2191/2191
f 2183/2183 2175/2175 2184/2184
f 2183/2183 2184/2184 2192/2192
f 2183/2183 2182/2182 2181/2181
f 2183/2183 2181/2181 2180/2180
f 2183/2183 2180/2180 2179/2179
f 2183/2183 2179/2179 2178/2178
f 2183/2183 2178/2178 2177/2177
f 2183/2183 2177/2177 2176/2176
f 2183/2183 2176/2176 2175/2175
f 2184/2184 2185/2185 2186/2186
f 2184/2184 2186/2186 2187/2187
f 2184/2184 2187/2187 2188/2188
f 2184/2184 2188/2188 2189/2189
f 2184/2184 2189/2189 2190/2190
f 2184/2184 2190/2190 2191/2191
f 2184/2184 2191/2191 2192/2192
f 2193/2193 2194/2194 2203/2203
f 2193/2193 2203/2203 2202/2202
f 2194/2194 2195/2195 2204/2204
f 2194/2194 2204/2204 2203/2203
f 2195/2195 2196/2196 2205/2205
f 2195/2195 2205/2205 2204/2204
f 2196/2196 2197/2197 2206/2206
f 2196/2196 2206/2206 2205/2205
f 2197/2197 2198/2198 2207/2207
f 2197/2197 2207/2207 2206/2206
f 2198/2198 2199/2199 2208/2208
f 2198/2198 2208/2208 2207/2207
f 2199/2199 2200/2200 2209/2209
f 2199/2199 2209/2209 2208/2208
f 2200/2200 2201/2201 2210/2210
f 2200/2200 2210/2210 2209/2209
f 2201/2201 2193/2193 2202/2202
f 2201/2201 2202/2202 2210/2210
f 2201/2201 2200/2200 2199/2199
f 2201/2201 2199/2199 2198/2198
f 2201/2201 2198/2198 2197/2197
f 2201/2201 2197/2197 2196/2196
f 2201/2201 2196/2196 2195/2195
f 2201/2201 2195/2195 2194/2194
f 2201/2201 2194/2194 2193/2193
f 2202/2202 2203/2203 2204/2204
f 2202/2202 2204/2204 2205/2205
f 2202/2202 2205/2205 2206/2206
f 2202/2202 2206/2206 2207/2207
f 2202/2202 2207/2207 2208/2208
f 2202/2202 2208/2208 2209/2209
f 2202/2202 2209/2209 2210/2210
f 2211/2211 2212/2212 2221/2221
f 2211/2211 2221/2221 2220/2220
f 2212/2212 2213/2213 2222/2222
f 2212/2212 2222/2222 2221/2221
f 2213/2213 2214/2214 2223/2223
f 2213/2213 2223/2223 2222/2222
f 2214/2214 2215/2215 2224/2224
f 2214/2214 2224/2224 2223/2223
f 2215/2215 2216/2216 2225/2225
f 2215/2215 2225/2225 2224/2224
f 2216/2216 2217/2217 2226/2226
f 2216/2216 2226/2226 2225/2225
f 2217/2217 2218/2218 2227/2227
f 2217/2217 2227/2227 2226/2226
f 2218/2218 2219/2219 2228/2228
f 2218/2218 2228/2228 2227/2227
f 2219/2219 2211/2211 2220/2220
f 2219/2219 2220/2220 2228/2228
f 2219/2219 2218/2218 2217/2217
f 2219/2219 2217/2217 2216/2216
f 2219/2219 2216/2216 2215/2215
f 2219/2219 2215/2215 2214/2214
f 2219/2219 2214/2214 2213/2213
f 2219/2219 2213/2213 2212/2212
f 2219/2219 2212/2212 2211/2211
f 2220/2220 2221/2221 2222/2222
f 2220/2220 2222/2222 2223/2223
f 2220/2220 2223/2223 2224/2224
f 2220/2220 2224/2224 2225/2225
f 2220/2220 2225/2225 2226/2226
f 2220/2220 2226/2226 2227/2227
f 2220/2220 2227/2227 2228/2228
f 2229/2229 2230/2230 2239/2239
f 2229/2229 2239/2239 2238/2238
f 2230/2230 2231/2231 2240/2240
f 2230/2230 2240/2240 2239/2239
f 2231/2231 2232/2232 2241/2241
f 2231/2231 2241/2241 2240/2240
f 2232/2232 2233/2233 2242/2242
f 2232/2232 2242/2242 2241/2241
f 2233/2233 2234/2234 2243/2243
f 2233/2233 2243/2243 2242/2242
f 2234/2234 2235/2235 2244/2244
f 2234/2234 2244/2244 2243/2243
f 2235/2235 2236/2236 2245/2245
f 2235/2235 2245/2245 2244/2244
f 2236/2236 2237/2237 2246/2246
f 2236/2236 2246/2246 2245/2245
f 2237/2237 2229/2229 2238/2238
f 2237/2237 2238/2238 2246/2246
f 2237/2237 2236/2236 2235/2235
f 2237/2237 2235/2235 2234/2234
f 2237/2237 2234/2234 2233/2233
f 2237/2237 2233/2233 2232/2232
f 2237/2237 2232/2232 2231/2231
f 2237/2237 2231/2231 2230/2230
f 2237/2237 2230/2230 2229/2229
f 2238/2238 2239/2239 2240/2240
f 2238/2238 2240/2240 2241/2241
f 2238/2238 2241/2241 2242/2242
f 2238/2238 2242/2242 2243/2243
f 2238/2238 2243/2243 2244/2244
f 2238/2238 2244/2244 2245/2245
f 2238/2238 2245/2245 2246/2246
f 2247/2247 2248/2248 2257/2257
f 2247/2247 2257/2257 2256/2256
f 2248/2248 2249/2249 2258/2258
f 2248/2248 2258/2258 2257/2257
f 2249/2249 2250/2250 2259/2259
f 2249/2249 2259/2259 2258/2258
f 2250/2250 2251/2251 2260/2260
f 2250/2250 2260/2260 2259/2259
f 2251/2251 2252/2252 2261/2261
f 2251/2251 2261/2261 2260/2260
f 2252/2252 2253/2253 2262/2262
f 2252/2252 2262/2262 2261/2261
f 2253/2253 2254/2254 2263/2263
f 2253/2253 2263/2263 2262/2262
f 2254/2254 2255/2255 2264/2264
f 2254/2254 2264/2264 2263/2263
f 2255/2255 2247/2247 2256/2256
f 2255/2255 2256/2256 2264/2264
f 2255/2255 2254/2254 2253/2253
f 2255/2255 2253/2253 2252/2252
f 2255/2255 2252/2252 2251/2251
f 2255/2255 2251/2251 2250/2250
f 2255/2255 2250/2250 2249/2249
f 2255/2255 2249/2249 2248/2248
f 2255/2255 2248/2248 2247/2247
f 2256/2256 2257/2257 2258/2258
f 2256/2256 2258/2258 2259/2259
f 2256/2256 2259/2259 2260/2260
f 2256/2256 2260/2260 2261/2261
f 2256/2256 2261/2261 2262/2262
f 2256/2256 2262/2262 2263/2263
f 2256/2256 2263/2263 2264/2264
f 2265/2265 2266/2266 2275/2275
f 2265/2265 2275/2275 2274/2274
f 2266/2266 2267/2267 2276/2276
f 2266/2266 2276/2276 2275/2275
f 2267/2267 2268/2268 2277/2277
f 2267/2267 2277/2277 2276/2276
f 2268/2268 2269/2269 2278/2278
f 2268/2268 2278/2278 2277/2277
f 2269/2269 2270/2270 2279/2279
f 2269/2269 2279/2279 2278/2278
f 2270/2270 2271/2271 2280/2280
f 2270/2270 2280/2280 2279/2279
f 2271/2271 2272/2272 2281/2281
f 2271/2271 2281/2281 2280/2280
f 2272/2272 2273/2273 2282/2282
f 2272/2272 2282/2282 2281/2281
f 2273/2273 2265/2265 2274/2274
f 2273/2273 2274/2274 2282/2282
f 2273/2273 2272/2272 2271/2271
f 2273/2273 2271/2271 2270/2270
f 2273/2273 2270/2270 2269/2269
f 2273/2273 2269/2269 2268/2268
f 2273/2273 2268/2268 2267/2267
f 2273/2273 2267/2267 2266/2266
f 2273/2273 2266/2266 2265/2265
f 2274/2274 2275/2275 2276/2276
f 2274/2274 2276/2276 2277/2277
f 2274/2274 2277/2277 2278/2278
f 2274/2274 2278/2278 2279/2279
f 2274/2274 2279/2279 2280/2280
f 2274/2274 2280/2280 2281/2281
f 2274/2274 2281/2281 2282/2282
f 2283/2283 2284/2284 2293/2293
f 2283/2283 2293/2293 2292/2292
f 2284/2284 2285/2285 2294/2294
f 2284/2284 2294/2294 2293/2293
f 2285/2285 2286/2286 2295/2295
f 2285/2285 2295/2295 2294/2294
f 2286/2286 2287/2287 2296/2296
f 2286/2286 2296/2296 2295/2295
f 2287/2287 2288/2288 2297/2297
f 2287/2287 2297/2297 2296/2296
f 2288/2288 2289/2289 2298/2298
f 2288/2288 2298/2298 2297/2297
f 2289/2289 2290/2290 2299/2299
f 2289/2289 2299/2299 2298/2298
f 2290/2290 2291/2291 2300/2300
f 2290/2290 2300/2300 2299/2299
f 2291/2291 2283/2283 2292/2292
f 2291/2291 2292/2292 2300/2300
f 2291/2291 2290/2290 2289/2289
f 2291/2291 2289/2289 2288/2288
f 2291/2291 2288/2288 2287/2287
f 2291/2291 2287/2287 2286/2286
f 2291/2291 2286/2286 2285/2285
f 2291/2291 2285/2285 2284/2284
f 2291/2291 2284/2284 2283/2283
f 2292/2292 2293/2293 2294/2294
f 2292/2292 2294/2294 2295/2295
f 2292/2292 2295/2295 2296/2296
f 2292/2292 2296/2296 2297/2297
f 2292/2292 2297/2297 2298/2298
f 2292/2292 2298/2298 2299/2299
f 2292/2292 2299/2299 2300/2300
f 2301/2301 2302/2302 2311/2311
f 2301/2301 2311/2311 2310/2310
f 2302/2302 2303/2303 2312/2312
f 2302/2302 2312/2312 2311/2311
f 2303/2303 2304/2304 2313/2313
f 2303/2303 2313/2313 2312/2312
f 2304/2304 2305/2305 2314/2314
f 2304/2304 2314/2314 2313/2313
f 2305/2305 2306/2306 2315/2315
f 2305/2305 2315/2315 2314/2314
f 2306/2306 2307/2307 2316/2316
f 2306/2306 2316/2316 2315/2315
f 2307/2307 2308/2308 2317/2317
f 2307/2307 2317/2317 2316/2316
f 2308/2308 2309/2309 2318/2318
f 2308/2308 2318/2318 2317/2317
f 2309/2309 2301/2301 2310/2310
f 2309/2309 2310/2310 2318/2318
f 2309/2309 2308/2308 2307/2307
f 2309/2309 2307/2307 2306/2306
f 2309/2309 2306/2306 2305/2305
f 2309/2309 2305/2305 2304/2304
f 2309/2309 2304/2304 2303/2303
f 2309/2309 2303/2303 2302/2302
f 2309/2309 2302/2302 2301/2301
f 2310/2310 2311/2311 2312/2312
f 2310/2310 2312/2312 2313/2313
f 2310/2310 2313/2313 2314/2314
f 2310/2310 2314/2314 2315/2315
f 2310/2310 2315/2315 2316/2316
f 2310/2310 2316/2316 2317/2317
f 2310/2310 2317/2317 2318/2318
f 2319/2319 2320/2320 2329/2329
f 2319/2319 2329/2329 2328/2328
f 2320/2320 2321/2321 2330/2330
f 2320/2320 2330/2330 2329/2329
f 2321/2321 2322/2322 2331/2331
f 2321/2321 2331/2331 2330/2330
f 2322/2322 2323/2323 2332/2332
f 2322/2322 2332/2332 2331/2331
f 2323/2323 2324/2324 2333/2333
f 2323/2323 2333/2333 2332/2332
f 2324/2324 2325/2325 2334/2334
f 2324/2324 2334/2334 2333/2333
f 2325/2325 2326/2326 2335/2335
f 2325/2325 2335/2335 2334/2334
f 2326/2326 2327/2327 2336/2336
f 2326/2326 2336/2336 2335/2335
f 2327/2327 2319/2319 2328/2328
f 2327/2327 2328/2328 2336/2336
f 2327/2327 2326/2326 2325/2325
f 2327/2327 2325/2325 2324/2324
f 2327/2327 2324/2324 2323/2323
f 2327/2327 2323/2323 2322/2322
f 2327/2327 2322/2322 2321/2321
f 2327/2327 2321/2321 2320/2320
f 2327/2327 2320/2320 2319/2319
f 2328/2328 2329/2329 2330/2330
f 2328/2328 2330/2330 2331/2331
f 2328/2328 2331/2331 2332/2332
f 2328/2328 2332/2332 2333/2333
f 2328/2328 2333/2333 2334/2334
f 2328/2328 2334/2334 2335/2335
f 2328/2328 2335/2335 2336/2336
f 2337/2337 2338/2338 2347/2347
f 2337/2337 2347/2347 2346/2346
f 2338/2338 2339/2339 2348/2348
f 2338/2338 2348/2348 2347/2347
f 2339/2339 2340/2340 2349/2349
f 2339/2339 2349/2349 2348/2348
f 2340/2340 2341/2341 2350/2350
f 2340/2340 2350/2350 2349/2349
f 2341/2341 2342/2342 2351/2351
f 2341/2341 2351/2351 2350/2350
f 2342/2342 2343/2343 2352/2352
f 2342/2342 2352/2352 2351/2351
f 2343/2343 2344/2344 2353/2353
f 2343/2343 2353/2353 2352/2352
f 2344/2344 2345/2345 2354/2354
f 2344/2344 2354/2354 2353/2353
f 2345/2345 2337/2337 2346/2346
f 2345/2345 2346/2346 2354/2354
f 2345/2345 2344/2344 2343/2343
f 2345/2345 2343/2343 2342/2342
f 2345/2345 2342/2342 2341/2341
f 2345/2345 2341/2341 2340/2340
f 2345/2345 2340/2340 2339/2339
f 2345/2345 2339/2339 2338/2338
f 2345/2345 2338/2338 2337/2337
f 2346/2346 2347/2347 2348/2348
f 2346/2346 2348/2348 2349/2349
f 2346/2346 2349/2349 2350/2350
f 2346/2346 2350/2350 2351/2351
f 2346/2346 2351/2351 2352/2352
f 2346/2346 2352/2352 2353/2353
f 2346/2346 2353/2353 2354/2354
f 2355/2355 2356/2356 2365/2365
f 2355/2355 2365/2365 2364/2364
f 2356/2356 2357/2357 2366/2366
f 2356/2356 2366/2366 2365/2365
f 2357/2357 2358/2358 2367/2367
f 2357/2357 2367/2367 2366/2366
f 2358/2358 2359/2359 2368/2368
f 2358/2358 2368/2368 2367/2367
f 2359/2359 2360/2360 2369/2369
f 2359/2359 2369/2369 2368/2368
f 2360/2360 2361/2361 2370/2370
f 2360/2360 2370/2370 2369/2369
f 2361/2361 2362/2362 2371/2371
f 2361/2361 2371/2371 2370/2370
f 2362/2362 2363/2363 2372/2372
f 2362/2362 2372/2372 2371/2371
f 2363/2363 2355/2355 2364/2364
f 2363/2363 2364/2364 2372/2372
f 2363/2363 2362/2362 2361/2361
f 2363/2363 2361/2361 2360/2360
f 2363/2363 2360/2360 2359/2359
f 2363/2363 2359/2359 2358/2358
f 2363/2363 2358/2358 2357/2357
f 2363/2363 2357/2357 2356/2356
f 2363/2363 2356/2356 2355/2355
f 2364/2364 2365/2365 2366/2366
f 2364/2364 2366/2366 2367/2367
f 2364/2364 2367/2367 2368/2368
f 2364/2364 2368/2368 2369/2369
f 2364/2364 2369/2369 2370/2370
f 2364/2364 2370/2370 2371/2371
f 2364/2364 2371/2371 2372/2372
f 2373/2373 2374/2374 2383/2383
f 2373/2373 2383/2383 2382/2382
f 2374/2374 2375/2375 2384/2384
f 2374/2374 2384/2384 2383/2383
f 2375/2375 2376/2376 2385/2385
f 2375/2375 2385/2385 2384/2384
f 2376/2376 2377/2377 2386/2386
f 2376/2376 2386/2386 2385/2385
f 2377/2377 2378/2378 2387/2387
f 2377/2377 2387/2387 2386/2386
f 2378/2378 2379/2379 2388/2388
f 2378/2378 2388/2388 2387/2387
f 2379/2379 2380/2380 2389/2389
f 2379/2379 2389/2389 2388/2388
f 2380/2380 2381/2381 2390/2390
f 2380/2380 2390/2390 2389/2389
f 2381/2381 2373/2373 2382/2382
f 2381/2381 2382/2382 2390/2390
f 2381/2381 2380/2380 2379/2379
f 2381/2381 2379/2379 2378/2378
f 2381/2381 2378/2378 2377/2377
f 2381/2381 2377/2377 2376/2376
f 2381/2381 2376/2376 2375/2375
f 2381/2381 2375/2375 2374/2374
f 2381/2381 2374/2374 2373/2373
f 2382/2382 2383/2383 2384/2384
f 2382/2382 2384/2384 2385/2385
f 2382/2382 2385/2385 2386/2386
f 2382/2382 2386/2386 2387/2387
f 2382/2382 2387/2387 2388/2388
f 2382/2382 2388/2388 2389/2389
f 2382/2382 2389/2389 2390/2390
f 2391/2391 2392/2392 2401/2401
f 2391/2391 2401/2401 2400/2400
f 2392/2392 2393/2393 2402/2402
f 2392/2392 2402/2402 2401/2401
f 2393/2393 2394/2394 2403/2403
f 2393/2393 2403/2403 2402/2402
f 2394/2394 2395/2395 2404/2404
f 2394/2394 2404/2404 2403/2403
f 2395/2395 2396/2396 2405/2405
f 2395/2395 2405/2405 2404/2404
f 2396/2396 2397/2397 2406/2406
f 2396/2396 2406/2406 2405/2405
f 2397/2397 2398/2398 2407/2407
f 2397/2397 2407/2407 2406/2406
f 2398/2398 2399/2399 2408/2408
f 2398/2398 2408/2408 2407/2407
f 2399/2399 2391/2391 2400/2400
f 2399/2399 2400/2400 2408/2408
f 2399/2399 2398/2398 2397/2397
f 2399/2399 2397/2397 2396/2396
f 2399/2399 2396/2396 2395/2395
f 2399/2399 2395/2395 2394/2394
f 2399/2399 2394/2394 2393/2393
f 2399/2399 2393/2393 2392/2392
f 2399/2399 2392/2392 2391/2391
f 2400/2400 2401/2401 2402/2402
f 2400/2400 2402/2402 2403/2403
f 2400/2400 2403/2403 2404/2404
f 2400/2400 2404/2404 2405/2405
f 2400/2400 2405/2405 2406/2406
f 2400/2400 2406/2406 2407/2407
f 2400/2400 2407/2407 2408/2408
f 2409/2409 2410/2410 2419/2419
f 2409/2409 2419/2419 2418/2418
f 2410/2410 2411/2411 2420/2420
f 2410/2410 2420/2420 2419/2419
f 2411/2411 2412/2412 2421/2421
f 2411/2411 2421/2421 2420/2420
f 2412/2412 2413/2413 2422/2422
f 2412/2412 2422/2422 2421/2421
f 2413/2413 2414/2414 2423/2423
f 2413/2413 2423/2423 2422/2422
f 2414/2414 2415/2415 2424/2424
f 2414/2414 2424/2424 2423/2423
f 2415/2415 2416/2416 2425/2425
f 2415/2415 2425/2425 2424/2424
f 2416/2416 2417/2417 2426/2426
f 2416/2416 2426/2426 2425/2425
f 2417/2417 2409/2409 2418/2418
f 2417/2417 2418/2418 2426/2426
f 2417/2417 2416/2416 2415/2415
f 2417/2417 2415/2415 2414/2414
f 2417/2417 2414/2414 2413/2413
f 2417/2417 2413/2413 2412/2412
f 2417/2417 2412/2412 2411/2411
f 2417/2417 2411/2411 2410/2410
f 2417/2417 2410/2410 2409/2409
f 2418/2418 2419/2419 2420/2420
f 2418/2418 2420/2420 2421/2421
f 2418/2418 2421/2421 2422/2422
f 2418/2418 2422/2422 2423/2423
f 2418/2418 2423/2423 2424/2424
f 2418/2418 2424/2424 2425/2425
f 2418/2418 2425/2425 2426/2426
f 2427/2427 2428/2428 2437/2437
f 2427/2427 2437/2437 2436/2436
f 2428/2428 2429/2429 2438/2438
f 2428/2428 2438/2438 2437/2437
f 2429/2429 2430/2430 2439/2439
f 2429/2429 2439/2439 2438/2438
f 2430/2430 2431/2431 2440/2440
f 2430/2430 2440/2440 2439/2439
f 2431/2431 2432/2432 2441/2441
f 2431/2431 2441/2441 2440/2440
f 2432/2432 2433/2433 2442/2442
f 2432/2432 2442/2442 2441/2441
f 2433/2433 2434/2434 2443/2443
f 2433/2433 2443/2443 2442/2442
f 2434/2434 2435/2435 2444/2444
f 2434/2434 2444/2444 2443/2443
f 2435/2435 2427/2427 2436/2436
f 2435/2435 2436/2436 2444/2444
f 2435/2435 2434/2434 2433/2433
f 2435/2435 2433/2433 2432/2432
f 2435/2435 2432/2432 2431/2431
f 2435/2435 2431/2431 2430/2430
f 2435/2435 2430/2430 2429/2429
f 2435/2435 2429/2429 2428/2428
f 2435/2435 2428/2428 2427/2427
f 2436/2436 2437/2437 2438/2438
f 2436/2436 2438/2438 2439/2439
f 2436/2436 2439/2439 2440/2440
f 2436/2436 2440/2440 2441/2441
f 2436/2436 2441/2441 2442/2442
f 2436/2436 2442/2442 2443/2443
f 2436/2436 2443/2443 2444/2444
f 2445/2445 2446/2446 2455/2455
f 2445/2445 2455/2455 2454/2454
f 2446/2446 2447/2447 2456/2456
f 2446/2446 2456/2456 2455/2455
f 2447/2447 2448/2448 2457/2457
f 2447/2447 2457/2457 2456/2456
f 2448/2448 2449/2449 2458/2458
f 2448/2448 2458/2458 2457/2457
f 2449/2449 2450/2450 2459/2459
f 2449/2449 2459/2459 2458/2458
f 2450/2450 2451/2451 2460/2460
f 2450/2450 2460/2460 2459/2459
f 2451/2451 2452/2452 2461/2461
f 2451/2451 2461/2461 2460/2460
f 2452/2452 2453/2453 2462/2462
f 2452/2452 2462/2462 2461/2461
f 2453/2453 2445/2445 2454/2454
f 2453/2453 2454/2454 2462/2462
f 2453/2453 2452/2452 2451/2451
f 2453/2453 2451/2451 2450/2450
f 2453/2453 2450/2450 2449/2449
f 2453/2453 2449/2449 2448/2448
f 2453/2453 2448/2448 2447/2447
f 2453/2453 2447/2447 2446/2446
f 2453/2453 2446/2446 2445/2445
f 2454/2454 2455/2455 2456/2456
f 2454/2454 2456/2456 2457/2457
f 2454/2454 2457/2457 2458/2458
f 2454/2454 2458/2458 2459/2459
f 2454/2454 2459/2459 2460/2460
f 2454/2454 2460/2460 2461/2461
f 2454/2454 2461/2461 2462/2462
f 2463/2463 2464/2464 2473/2473
f 2463/2463 2473/2473 2472/2472
f 2464/2464 2465/2465 2474/2474
f 2464/2464 2474/2474 2473/2473
f 2465/2465 2466/2466 2475/2475
f 2465/2465 2475/2475 2474/2474
f 2466/2466 2467/2467 2476/2476
f 2466/2466 2476/2476 2475/2475
f 2467/2467 2468/2468 2477/2477
f 2467/2467 2477/2477 2476/2476
f 2468/2468 2469/2469 2478/2478
f 2468/2468 2478/2478 2477/2477
f 2469/2469 2470/2470 2479/2479
f 2469/2469 2479/2479 2478/2478
f 2470/2470 2471/2471 2480/2480
f 2470/2470 2480/2480 2479/2479
f 2471/2471 2463/2463 2472/2472
f 2471/2471 2472/2472 2480/2480
f 2471/2471 2470/2470 2469/2469
f 2471/2471 2469/2469 2468/2468
f 2471/2471 2468/2468 2467/2467
f 2471/2471 2467/2467 2466/2466
f 2471/2471 2466/2466 2465/2465
f 2471/2471 2465/2465 2464/2464
f 2471/2471 2464/2464 2463/2463
f 2472/2472 2473/2473 2474/2474
f 2472/2472 2474/2474 2475/2475
f 2472/2472 2475/2475 2476/2476
f 2472/2472 2476/2476 2477/2477
f 2472/2472 2477/2477 2478/2478
f 2472/2472 2478/2478 2479/2479
f 2472/2472 2479/2479 2480/2480
f 2481/2481 2482/2482 2491/2491
f 2481/2481 2491/2491 2490/2490
f 2482/2482 2483/2483 2492/2492
f 2482/2482 2492/2492 2491/2491
f 2483/2483 2484/2484 2493/2493
f 2483/2483 2493/2493 2492/2492
f 2484/2484 2485/2485 2494/2494
f 2484/2484 2494/2494 2493/2493
f 2485/2485 2486/2486 2495/2495
f 2485/2485 2495/2495 2494/2494
f 2486/2486 2487/2487 2496/2496
f 2486/2486 2496/2496 2495/2495
f 2487/2487 2488/2488 2497/2497
f 2487/2487 2497/2497 2496/2496
f 2488/2488 2489/2489 2498/2498
f 2488/2488 2498/2498 2497/2497
f 2489/2489 2481/2481 2490/2490
f 2489/2489 2490/2490 2498/2498
f 2489/2489 2488/2488 2487/2487
f 2489/2489 2487/2487 2486/2486
f 2489/2489 2486/2486 2485/2485
f 2489/2489 2485/2485 2484/2484
f 2489/2489 2484/2484 2483/2483
f 2489/2489 2483/2483 2482/2482
f 2489/2489 2482/2482 2481/2481
f 2490/2490 2491/2491 2492/2492
f 2490/2490 2492/2492 2493/2493
f 2490/2490 2493/2493 2494/2494
f 2490/2490 2494/2494 2495/2495
f 2490/2490 2495/2495 2496/2496
f 2490/2490 2496/2496 2497/2497
f 2490/2490 2497/2497 2498/2498
f 2499/2499 2500/2500 2509/2509
f 2499/2499 2509/2509 2508/2508
f 2500/2500 2501/2501 2510/2510
f 2500/2500 2510/2510 2509/2509
f 2501/2501 2502/2502 2511/2511
f 2501/2501 2511/2511 2510/2510
f 2502/2502 2503/2503 2512/2512
f 2502/2502 2512/2512 2511/2511
f 2503/2503 2504/2504 2513/2513
f 2503/2503 2513/2513 2512/2512
f 2504/2504 2505/2505 2514/2514
f 2504/2504 2514/2514 2513/2513
f 2505/2505 2506/2506 2515/2515
f 2505/2505 2515/2515 2514/2514
f 2506/2506 2507/2507 2516/2516
f 2506/2506 2516/2516 2515/2515
f 2507/2507 2499/2499 2508/2508
f 2507/2507 2508/2508 2516/2516
f 2507/2507 2506/2506 2505/2505
f 2507/2507 2505/2505 2504/2504
f 2507/2507 2504/2504 2503/2503
f 2507/2507 2503/2503 2502/2502
f 2507/2507 2502/2502 2501/2501
f 2507/2507 2501/2501 2500/2500
f 2507/2507 2500/2500 2499/2499
f 2508/2508 2509/2509 2510/2510
f 2508/2508 2510/2510 2511/2511
f 2508/2508 2511/2511 2512/2512
f 2508/2508 2512/2512 2513/2513
f 2508/2508 2513/2513 2514/2514
f 2508/2508 2514/2514 2515/2515
f 2508/2508 2515/2515 2516/2516
f 2517/2517 2518/2518 2527/2527
f 2517/2517 2527/2527 2526/2526
f 2518/2518 2519/2519 2528/2528
f 2518/2518 2528/2528 2527/2527
f 2519/2519 2520/2520 2529/2529
f 2519/2519 2529/2529 2528/2528
f 2520/2520 2521/2521 2530/2530
f 2520/2520 2530/2530 2529/2529
f 2521/2521 2522/2522 2531/2531
f 2521/2521 2531/2531 2530/2530
f 2522/2522 2523/2523 2532/2532
f 2522/2522 2532/2532 2531/2531
f 2523/2523 2524/2524 2533/2533
f 2523/2523 2533/2533 2532/2532
f 2524/2524 2525/2525 2534/2534
f 2524/2524 2534/2534 2533/2533
f 2525/2525 2517/2517 2526/2526
f 2525/2525 2526/2526 2534/2534
f 2525/2525 2524/2524 2523/2523
f 2525/2525 2523/2523 2522/2522
f 2525/2525 2522/2522 2521/2521
f 2525/2525 2521/2521 2520/2520
f 2525/2525 2520/2520 2519/2519
f 2525/2525 2519/2519 2518/2518
f 2525/2525 2518/2518 2517/2517
f 2526/2526 2527/2527 2528/2528
f 2526/2526 2528/2528 2529/2529
f 2526/2526 2529/2529 2530/2530
f 2526/2526 2530/2530 2531/2531
f 2526/2526 2531/2531 2532/2532
f 2526/2526 2532/2532 2533/2533
f 2526/2526 2533/2533 2534/2534
f 2535/2535 2536/2536 2545/2545
f 2535/2535 2545/2545 2544/2544
f 2536/2536 2537/2537 2546/2546
f 2536/2536 2546/2546 2545/2545
f 2537/2537 2538/2538 2547/2547
f 2537/2537 2547/2547 2546/2546
f 2538/2538 2539/2539 2548/2548
f 2538/2538 2548/2548 2547/2547
f 2539/2539 2540/2540 2549/2549
f 2539/2539 2549/2549 2548/2548
f 2540/2540 2541/2541 2550/2550
f 2540/2540 2550/2550 2549/2549
f 2541/2541 2542/2542 2551/2551
f 2541/2541 2551/2551 2550/2550
f 2542/2542 2543/2543 2552/2552
f 2542/2542 2552/2552 2551/2551
f 2543/2543 2535/2535 2544/2544
f 2543/2543 2544/2544 2552/2552
f 2543/2543 2542/2542 2541/2541
f 2543/2543 2541/2541 2540/2540
f 2543/2543 2540/2540 2539/2539
f 2543/2543 2539/2539 2538/2538
f 2543/2543 2538/2538 2537/2537
f 2543/2543 2537/2537 2536/2536
f 2543/2543 2536/2536 2535/2535
f 2544/2544 2545/2545 2546/2546
f 2544/2544 2546/2546 2547/2547
f 2544/2544 2547/2547 2548/2548
f 2544/2544 2548/2548 2549/2549
f 2544/2544 2549/2549 2550/2550
f 2544/2544 2550/2550 2551/2551
f 2544/2544 2551/2551 2552/2552
f 2553/2553 2554/2554 2563/2563
f 2553/2553 2563/2563 2562/2562
f 2554/2554 2555/2555 2564/2564
f 2554/2554 2564/2564 2563/2563
f 2555/2555 2556/2556 2565/2565
f 2555/2555 2565/2565 2564/2564
f 2556/2556 2557/2557 2566/2566
f 2556/2556 2566/2566 2565/2565
f 2557/2557 2558/2558 2567/2567
f 2557/2557 2567/2567 2566/2566
f 2558/2558 2559/2559 2568/2568
f 2558/2558 2568/2568 2567/2567
f 2559/2559 2560/2560 2569/2569
f 2559/2559 2569/2569 2568/2568
f 2560/2560 2561/2561 2570/2570
f 2560/2560 2570/2570 2569/2569
f 2561/2561 2553/2553 2562/2562
f 2561/2561 2562/2562 2570/2570
f 2561/2561 2560/2560 2559/2559
f 2561/2561 2559/2559 2558/2558
f 2561/2561 2558/2558 2557/2557
f 2561/2561 2557/2557 2556/2556
f 2561/2561 2556/2556 2555/2555
f 2561/2561 2555/2555 2554/2554
f 2561/2561 2554/2554 2553/2553
f 2562/2562 2563/2563 2564/2564
f 2562/2562 2564/2564 2565/2565
f 2562/2562 2565/2565 2566/2566
f 2562/2562 2566/2566 2567/2567
f 2562/2562 2567/2567 2568/2568
f 2562/2562 2568/2568 2569/2569
f 2562/2562 2569/2569 2570/2570
f 2571/2571 2572/2572 2581/2581
f 2571/2571 2581/2581 2580/2580
f 2572/2572 2573/2573 2582/2582
f 2572/2572 2582/2582 2581/2581
f 2573/2573 2574/2574 2583/2583
f 2573/2573 2583/2583 2582/2582
f 2574/2574 2575/2575 2584/2584
f 2574/2574 2584/2584 2583/2583
f 2575/2575 2576/2576 2585/2585
f 2575/2575 2585/2585 2584/2584
f 2576/2576 2577/2577 2586/2586
f 2576/2576 2586/2586 2585/2585
f 2577/2577 2578/2578 2587/2587
f 2577/2577 2587/2587 2586/2586
f 2578/2578 2579/2579 2588/2588
f 2578/2578 2588/2588 2587/2587
f 2579/2579 2571/2571 2580/2580
f 2579/2579 2580/2580 2588/2588
f 2579/2579 2578/2578 2577/2577
f 2579/2579 2577/2577 2576/2576
f 2579/2579 2576/2576 2575/2575
f 2579/2579 2575/2575 2574/2574
f 2579/2579 2574/2574 2573/2573
f 2579/2579 2573/2573 2572/2572
f 2579/2579 2572/2572 2571/2571
f 2580/2580 2581/2581 2582/2582
f 2580/2580 2582/2582 2583/2583
f 2580/2580 2583/2583 2584/2584
f 2580/2580 2584/2584 2585/2585
f 2580/2580 2585/2585 2586/2586
f 2580/2580 2586/2586 2587/2587
f 2580/2580 2587/2587 2588/2588
f 2589/2589 2590/2590 2599/2599
f 2589/2589 2599/2599 2598/2598
f 2590/2590 2591/2591 2600/2600
f 2590/2590 2600/2600 2599/2599
f 2591/2591 2592/2592 2601/2601
f 2591/2591 2601/2601 2600/2600
f 2592/2592 2593/2593 2602/2602
f 2592/2592 2602/2602 2601/2601
f 2593/2593 2594/2594 2603/2603
f 2593/2593 2603/2603 2602/2602
f 2594/2594 2595/2595 2604/2604
f 2594/2594 2604/2604 2603/2603
f 2595/2595 2596/2596 2605/2605
f 2595/2595 2605/2605 2604/2604
f 2596/2596 2597/2597 2606/2606
f 2596/2596 2606/2606 2605/2605
f 2597/2597 2589/2589 2598/2598
f 2597/2597 2598/2598 2606/2606
f 2597/2597 2596/2596 2595/2595
f 2597/2597 2595/2595 2594/2594
f 2597/2597 2594/2594 2593/2593
f 2597/2597 2593/2593 2592/2592
f 2597/2597 2592/2592 2591/2591
f 2597/2597 2591/2591 2590/2590
f 2597/2597 2590/2590 2589/2589
f 2598/2598 2599/2599 2600/2600
f 2598/2598 2600/2600 2601/2601
f 2598/2598 2601/2601 2602/2602
f 2598/2598 2602/2602 2603/2603
f 2598/2598 2603/2603 2604/2604
f 2598/2598 2604/2604 2605/2605
f 2598/2598 2605/2605 2606/2606
f 2607/2607 2608/2608 2617/2617
f 2607/2607 2617/2617 2616/2616
f 2608/2608 2609/2609 2618/2618
f 2608/2608 2618/2618 2617/2617
f 2609/2609 2610/2610 2619/2619
f 2609/2609 2619/2619 2618/2618
f 2610/2610 2611/2611 2620/2620
f 2610/2610 2620/2620 2619/2619
f 2611/2611 2612/2612 2621/2621
f 2611/2611 2621/2621 2620/2620
f 2612/2612 2613/2613 2622/2622
f 2612/2612 2622/2622 2621/2621
f 2613/2613 2614/2614 2623/2623
f 2613/2613 2623/2623 2622/2622
f 2614/2614 2615/2615 2624/2624
f 2614/2614 2624/2624 2623/2623
f 2615/2615 2607/2607 2616/2616
f 2615/2615 2616/2616 2624/2624
f 2615/2615 2614/2614 2613/2613
f 2615/2615 2613/2613 2612/2612
f 2615/2615 2612/2612 2611/2611
f 2615/2615 2611/2611 2610/2610
f 2615/2615 2610/2610 2609/2609
f 2615/2615 2609/2609 2608/2608
f 2615/2615 2608/2608 2607/2607
f 2616/2616 2617/2617 2618/2618
f 2616/2616 2618/2618 2619/2619
f 2616/2616 2619/2619 2620/2620
f 2616/2616 2620/2620 2621/2621
f 2616/2616 2621/2621 2622/2622
f 2616/2616 2622/2622 2623/2623
f 2616/2616 2623/2623 2624/2624
f 2625/2625 2626/2626 2635/2635
f 2625/2625 2635/2635 2634/2634
f 2626/2626 2627/2627 2636/2636
f 2626/2626 2636/2636 2635/2635
f 2627/2627 2628/2628 2637/2637
f 2627/2627 2637/2637 2636/2636
f 2628/2628 2629/2629 2638/2638
f 2628/2628 2638/2638 2637/2637
f 2629/2629 2630/2630 2639/2639
f 2629/2629 2639/2639 2638/2638
f 2630/2630 2631/2631 2640/2640
f 2630/2630 2640/2640 2639/2639
f 2631/2631 2632/2632 2641/2641
f 2631/2631 2641/2641 2640/2640
f 2632/2632 2633/2633 2642/2642
f 2632/2632 2642/2642 2641/2641
f 2633/2633 2625/2625 2634/2634
f 2633/2633 2634/2634 2642/2642
f 2633/2633 2632/2632 2631/2631
f 2633/2633 2631/2631 2630/2630
f 2633/2633 2630/2630 2629/2629
f 2633/2633 2629/2629 2628/2628
f 2633/2633 2628/2628 2627/2627
f 2633/2633 2627/2627 2626/2626
f 2633/2633 2626/2626 2625/2625
f 2634/2634 2635/2635 2636/2636
f 2634/2634 2636/2636 2637/2637
f 2634/2634 2637/2637 2638/2638
f 2634/2634 2638/2638 2639/2639
f 2634/2634 2639/2639 2640/2640
f 2634/2634 2640/2640 2641/2641
f 2634/2634 2641/2641 2642/2642
f 2643/2643 2644/2644 2653/2653
f 2643/2643 2653/2653 2652/2652
f 2644/2644 2645/2645 2654/2654
f 2644/2644 2654/2654 2653/2653
f 2645/2645 2646/2646 2655/2655
f 2645/2645 2655/2655 2654/2654
f 2646/2646 2647/2647 2656/2656
f 2646/2646 2656/2656 2655/2655
f 2647/2647 2648/2648 2657/2657
f 2647/2647 2657/2657 2656/2656
f 2648/2648 2649/2649 2658/2658
f 2648/2648 2658/2658 2657/2657
f 2649/2649 2650/2650 2659/2659
f 2649/2649 2659/2659 2658/2658
f 2650/2650 2651/2651 2660/2660
f 2650/2650 2660/2660 2659/2659
f 2651/2651 2643/2643 2652/2652
f 2651/2651 2652/2652 2660/2660
f 2651/2651 2650/2650 2649/2649
f 2651/2651 2649/2649 2648/2648
f 2651/2651 2648/2648 2647/2647
f 2651/2651 2647/2647 2646/2646
f 2651/2651 2646/2646 2645/2645
f 2651/2651 2645/2645 2644/2644
f 2651/2651 2644/2644 2643/2643
f 2652/2652 2653/2653 2654/2654
f 2652/2652 2654/2654 2655/2655
f 2652/2652 2655/2655 2656/2656
f 2652/2652 2656/2656 2657/2657
f 2652/2652 2657/2657 2658/2658
f 2652/2652 2658/2658 2659/2659
f 2652/2652 2659/2659 2660/2660
f 2661/2661 2662/2662 2671/2671
f 2661/2661 2671/2671 2670/2670
f 2662/2662 2663/2663 2672/2672
f 2662/2662 2672/2672 2671/2671
f 2663/2663 2664/2664 2673/2673
f 2663/2663 2673/2673 2672/2672
f 2664/2664 2665/2665 2674/2674
f 2664/2664 2674/2674 2673/2673
f 2665/2665 2666/2666 2675/2675
f 2665/2665 2675/2675 2674/2674
f 2666/2666 2667/2667 2676/2676
f 2666/2666 2676/2676 2675/2675
f 2667/2667 2668/2668 2677/2677
f 2667/2667 2677/2677 2676/2676
f 2668/2668 2669/2669 2678/2678
f 2668/2668 2678/2678 2677/2677
f 2669/2669 2661/2661 2670/2670
f 2669/2669 2670/2670 2678/2678
f 2669/2669 2668/2668 2667/2667
f 2669/2669 2667/2667 2666/2666
f 2669/2669 2666/2666 2665/2665
f 2669/2669 2665/2665 2664/2664
f 2669/2669 2664/2664 2663/2663
f 2669/2669 2663/2663 2662/2662
f 2669/2669 2662/2662 2661/2661
f 2670/2670 2671/2671 2672/2672
f 2670/2670 2672/2672 2673/2673
f 2670/2670 2673/2673 2674/2674
f 2670/2670 2674/2674 2675/2675
f 2670/2670 2675/2675 2676/2676
f 2670/2670 2676/2676 2677/2677
f 2670/2670 2677/2677 2678/2678
f 2679/2679 2680/2680 2689/2689
f 2679/2679 2689/2689 2688/2688
f 2680/2680 2681/2681 2690/2690
f 2680/2680 2690/2690 2689/2689
f 2681/2681 2682/2682 2691/2691
f 2681/2681 2691/2691 2690/2690
f 2682/2682 2683/2683 2692/2692
f 2682/2682 2692/2692 2691/2691
f 2683/2683 2684/2684 2693/2693
f 2683/2683 2693/2693 2692/2692
f 2684/2684 2685/2685 2694/2694
f 2684/2684 2694/2694 2693/2693
f 2685/2685 2686/2686 2695/2695
f 2685/2685 2695/2695 2694/2694
f 2686/2686 2687/2687 2696/2696
f 2686/2686 2696/2696 2695/2695
f 2687/2687 2679/2679 2688/2688
f 2687/2687 2688/2688 2696/2696
f 2687/2687 2686/2686 2685/2685
f 2687/2687 2685/2685 2684/2684
f 2687/2687 2684/2684 2683/2683
f 2687/2687 2683/2683 2682/2682
f 2687/2687 2682/2682 2681/2681
f 2687/2687 2681/2681 2680/2680
f 2687/2687 2680/2680 2679/2679
f 2688/2688 2689/2689 2690/2690
f 2688/2688 2690/2690 2691/2691
f 2688/2688 2691/2691 2692/2692
f 2688/2688 2692/2692 2693/2693
f 2688/2688 2693/2693 2694/2694
f 2688/2688 2694/2694 2695/2695
f 2688/2688 2695/2695 2696/2696
f 2697/2697 2698/2698 2707/2707
f 2697/2697 2707/2707 2706/2706
f 2698/2698 2699/2699 2708/2708
f 2698/2698 2708/2708 2707/2707
f 2699/2699 2700/2700 2709/2709
f 2699/2699 2709/2709 2708/2708
f 2700/2700 2701/2701 2710/2710
f 2700/2700 2710/2710 2709/2709
f 2701/2701 2702/2702 2711/2711
f 2701/2701 2711/2711 2710/2710
f 2702/2702 2703/2703 2712/2712
f 2702/2702 2712/2712 2711/2711
f 2703/2703 2704/2704 2713/2713
f 2703/2703 2713/2713 2712/2712
f 2704/2704 2705/2705 2714/2714
f 2704/2704 2714/2714 2713/2713
f 2705/2705 2697/2697 2706/2706
f 2705/2705 2706/2706 2714/2714
f 2705/2705 2704/2704 2703/2703
f 2705/2705 2703/2703 2702/2702
f 2705/2705 2702/2702 2701/2701
f 2705/2705 2701/2701 2700/2700
f 2705/2705 2700/2700 2699/2699
f 2705/2705 2699/2699 2698/2698
f 2705/2705 2698/2698 2697/2697
f 2706/2706 2707/2707 2708/2708
f 2706/2706 2708/2708 2709/2709
f 2706/2706 2709/2709 2710/2710
f 2706/2706 2710/2710 2711/2711
f 2706/2706 2711/2711 2712/2712
f 2706/2706 2712/2712 2713/2713
f 2706/2706 2713/2713 2714/2714
f 2715/2715 2716/2716 2725/2725
f 2715/2715 2725/2725 2724/2724
f 2716/2716 2717/2717 2726/2726
f 2716/2716 2726/2726 2725/2725
f 2717/2717 2718/2718 2727/2727
f 2717/2717 2727/2727 2726/2726
f 2718/2718 2719/2719 2728/2728
f 2718/2718 2728/2728 2727/2727
f 2719/2719 2720/2720 2729/2729
f 2719/2719 2729/2729 2728/2728
f 2720/2720 2721/2721 2730/2730
f 2720/2720 2730/2730 2729/2729
f 2721/2721 2722/2722 2731/2731
f 2721/2721 2731/2731 2730/2730
f 2722/2722 2723/2723 2732/2732
f 2722/2722 2732/2732 2731/2731
f 2723/2723 2715/2715 2724/2724
f 2723/2723 2724/2724 2732/2732
f 2723/2723 2722/2722 2721/2721
f 2723/2723 2721/2721 2720/2720
f 2723/2723 2720/2720 2719/2719
f 2723/2723 2719/2719 2718/2718
f 2723/2723 2718/2718 2717/2717
f 2723/2723 2717/2717 2716/2716
f 2723/2723 2716/2716 2715/2715
f 2724/2724 2725/2725 2726/2726
f 2724/2724 2726/2726 2727/2727
f 2724/2724 2727/2727 2728/2728
f 2724/2724 2728/2728 2729/2729
f 2724/2724 2729/2729 2730/2730
f 2724/2724 2730/2730 2731/2731
f 2724/2724 2731/2731 2732/2732
f 2733/2733 2734/2734 2743/2743
f 2733/2733 2743/2743 2742/2742
f 2734/2734 2735/2735 2744/2744
f 2734/2734 2744/2744 2743/2743
f 2735/2735 2736/2736 2745/2745
f 2735/2735 2745/2745 2744/2744
f 2736/2736 2737/2737 2746/2746
f 2736/2736 2746/2746 2745/2745
f 2737/2737 2738/2738 2747/2747
f 2737/2737 2747/2747 2746/2746
f 2738/2738 2739/2739 2748/2748
f 2738/2738 2748/2748 2747/2747
f 2739/2739 2740/2740 2749/2749
f 2739/2739 2749/2749 2748/2748
f 2740/2740 2741/2741 2750/2750
f 2740/2740 2750/2750 2749/2749
f 2741/2741 2733/2733 2742/2742
f 2741/2741 2742/2742 2750/2750
f 2741/2741 2740/2740 2739/2739
f 2741/2741 2739/2739 2738/2738
f 2741/2741 2738/2738 2737/2737
f 2741/2741 2737/2737 2736/2736
f 2741/2741 2736/2736 2735/2735
f 2741/2741 2735/2735 2734/2734
f 2741/2741 2734/2734 2733/2733
f 2742/2742 2743/2743 2744/2744
f 2742/2742 2744/2744 2745/2745
f 2742/2742 2745/2745 2746/2746
f 2742/2742 2746/2746 2747/2747
f 2742/2742 2747/2747 2748/2748
f 2742/2742 2748/2748 2749/2749
f 2742/2742 2749/2749 2750/2750
f 2751/2751 2752/2752 2761/2761
f 2751/2751 2761/2761 2760/2760
f 2752/2752 2753/2753 2762/2762
f 2752/2752 2762/2762 2761/2761
f 2753/2753 2754/2754 2763/2763
f 2753/2753 2763/2763 2762/2762
f 2754/2754 2755/2755 2764/2764
f 2754/2754 2764/2764 2763/2763
f 2755/2755 2756/2756 2765/2765
f 2755/2755 2765/2765 2764/2764
f 2756/2756 2757/2757 2766/2766
f 2756/2756 2766/2766 2765/2765
f 2757/2757 2758/2758 2767/2767
f 2757/2757 2767/2767 2766/2766
f 2758/2758 2759/2759 2768/2768
f 2758/2758 2768/2768 2767/2767
f 2759/2759 2751/2751 2760/2760
f 2759/2759 2760/2760 2768/2768
f 2759/2759 2758/2758 2757/2757
f 2759/2759 2757/2757 2756/2756
f 2759/2759 2756/2756 2755/2755
f 2759/2759 2755/2755 2754/2754
f 2759/2759 2754/2754 2753/2753
f 2759/2759 2753/2753 2752/2752
f 2759/2759 2752/2752 2751/2751
f 2760/2760 2761/2761 2762/2762
f 2760/2760 2762/2762 2763/2763
f 2760/2760 2763/2763 2764/2764
f 2760/2760 2764/2764 2765/2765
f 2760/2760 2765/2765 2766/2766
f 2760/2760 2766/2766 2767/2767
f 2760/2760 2767/2767 2768/2768
f 2769/2769 2770/2770 2779/2779
f 2769/2769 2779/2779 2778/2778
f 2770/2770 2771/2771 2780/2780
f 2770/2770 2780/2780 2779/2779
f 2771/2771 2772/2772 2781/2781
f 2771/2771 2781/2781 2780/2780
f 2772/2772 2773/2773 2782/2782
f 2772/2772 2782/2782 2781/2781
f 2773/2773 2774/2774 2783/2783
f 2773/2773 2783/2783 2782/2782
f 2774/2774 2775/2775 2784/2784
f 2774/2774 2784/2784 2783/2783
f 2775/2775 2776/2776 2785/2785
f 2775/2775 2785/2785 2784/2784
f 2776/2776 2777/2777 2786/2786
f 2776/2776 2786/2786 2785/2785
f 2777/2777 2769/2769 2778/2778
f 2777/2777 2778/2778 2786/2786
f 2777/2777 2776/2776 2775/2775
f 2777/2777 2775/2775 2774/2774
f 2777/2777 2774/2774 2773/2773
f 2777/2777 2773/2773 2772/2772
f 2777/2777 2772/2772 2771/2771
f 2777/2777 2771/2771 2770/2770
f 2777/2777 2770/2770 2769/2769
f 2778/2778 2779/2779 2780/2780
f 2778/2778 2780/2780 2781/2781
f 2778/2778 2781/2781 2782/2782
f 2778/2778 2782/2782 2783/2783
f 2778/2778 2783/2783 2784/2784
f 2778/2778 2784/2784 2785/2785
f 2778/2778 2785/2785 2786/2786
f 2787/2787 2788/2788 2797/2797
f 2787/2787 2797/2797 2796/2796
f 2788/2788 2789/2789 2798/2798
f 2788/2788 2798/2798 2797/2797
f 2789/2789 2790/2790 2799/2799
f 2789/2789 2799/2799 2798/2798
f 2790/2790 2791/2791 2800/2800
f 2790/2790 2800/2800 2799/2799
f 2791/2791 2792/2792 2801/2801
f 2791/2791 2801/2801 2800/2800
f 2792/2792 2793/2793 2802/2802
f 2792/2792 2802/2802 2801/2801
f 2793/2793 2794/2794 2803/2803
f 2793/2793 2803/2803 2802/2802
f 2794/2794 2795/2795 2804/2804
f 2794/2794 2804/2804 2803/2803
f 2795/2795 2787/2787 2796/2796
f 2795/2795 2796/2796 2804/2804
f 2795/2795 2794/2794 2793/2793
f 2795/2795 2793/2793 2792/2792
f 2795/2795 2792/2792 2791/2791
f 2795/2795 2791/2791 2790/2790
f 2795/2795 2790/2790 2789/2789
f 2795/2795 2789/2789 2788/2788
f 2795/2795 2788/2788 2787/2787
f 2796/2796 2797/2797 2798/2798
f 2796/2796 2798/2798 2799/2799
f 2796/2796 2799/2799 2800/2800
f 2796/2796 2800/2800 2801/2801
f 2796/2796 2801/2801 2802/2802
f 2796/2796 2802/2802 2803/2803
f 2796/2796 2803/2803 2804/2804
f 2805/2805 2806/2806 2815/2815
f 2805/2805 2815/2815 2814/2814
f 2806/2806 2807/2807 2816/2816
f 2806/2806 2816/2816 2815/2815
f 2807/2807 2808/2808 2817/2817
f 2807/2807 2817/2817 2816/2816
f 2808/2808 2809/2809 2818/2818
f 2808/2808 2818/2818 2817/2817
f 2809/2809 2810/2810 2819/2819
f 2809/2809 2819/2819 2818/2818
f 2810/2810 2811/2811 2820/2820
f 2810/2810 2820/2820 2819/2819
f 2811/2811 2812/2812 2821/2821
f 2811/2811 2821/2821 2820/2820
f 2812/2812 2813/2813 2822/2822
f 2812/2812 2822/2822 2821/2821
f 2813/2813 2805/2805 2814/2814
f 2813/2813 2814/2814 2822/2822
f 2813/2813 2812/2812 2811/2811
f 2813/2813 2811/2811 2810/2810
f 2813/2813 2810/2810 2809/2809
f 2813/2813 2809/2809 2808/2808
f 2813/2813 2808/2808 2807/2807
f 2813/2813 2807/2807 2806/2806
f 2813/2813 2806/2806 2805/2805
f 2814/2814 2815/2815 2816/2816
f 2814/2814 2816/2816 2817/2817
f 2814/2814 2817/2817 2818/2818
f 2814/2814 2818/2818 2819/2819
f 2814/2814 2819/2819 2820/2820
f 2814/2814 2820/2820 2821/2821
f 2814/2814 2821/2821 2822/2822
f 2823/2823 2824/2824 2833/2833
f 2823/2823 2833/2833 2832/2832
f 2824/2824 2825/2825 2834/2834
f 2824/2824 2834/2834 2833/2833
f 2825/2825 2826/2826 2835/2835
f 2825/2825 2835/2835 2834/2834
f 2826/2826 2827/2827 2836/2836
f 2826/2826 2836/2836 2835/2835
f 2827/2827 2828/2828 2837/2837
f 2827/2827 2837/2837 2836/2836
f 2828/2828 2829/2829 2838/2838
f 2828/2828 2838/2838 2837/2837
f 2829/2829 2830/2830 2839/2839
f 2829/2829 2839/2839 2838/2838
f 2830/2830 2831/2831 2840/2840
f 2830/2830 2840/2840 2839/2839
f 2831/2831 2823/2823 2832/2832
f 2831/2831 2832/2832 2840/2840
f 2831/2831 2830/2830 2829/2829
f 2831/2831 2829/2829 2828/2828
f 2831/2831 2828/2828 2827/2827
f 2831/2831 2827/2827 2826/2826
f 2831/2831 2826/2826 2825/2825
f 2831/2831 2825/2825 2824/2824
f 2831/2831 2824/2824 2823/2823
f 2832/2832 2833/2833 2834/2834
f 2832/2832 2834/2834 2835/2835
f 2832/2832 2835/2835 2836/2836
f 2832/2832 2836/2836 2837/2837
f 2832/2832 2837/2837 2838/2838
f 2832/2832 2838/2838 2839/2839
f 2832/2832 2839/2839 2840/2840
f 2841/2841 2842/2842 2851/2851
f 2841/2841 2851/2851 2850/2850
f 2842/2842 2843/2843 2852/2852
f 2842/2842 2852/2852 2851/2851
f 2843/2843 2844/2844 2853/2853
f 2843/2843 2853/2853 2852/2852
f 2844/2844 2845/2845 2854/2854
f 2844/2844 2854/2854 2853/2853
f 2845/2845 2846/2846 2855/2855
f 2845/2845 2855/2855 2854/2854
f 2846/2846 2847/2847 2856/2856
f 2846/2846 2856/2856 2855/2855
f 2847/2847 2848/2848 2857/2857
f 2847/2847 2857/2857 2856/2856
f 2848/2848 2849/2849 2858/2858
f 2848/2848 2858/2858 2857/2857
f 2849/2849 2841/2841 2850/2850
f 2849/2849 2850/2850 2858/2858
f 2849/2849 2848/2848 2847/2847
f 2849/2849 2847/2847 2846/2846
f 2849/2849 2846/2846 2845/2845
f 2849/2849 2845/2845 2844/2844
f 2849/2849 2844/2844 2843/2843
f 2849/2849 2843/2843 2842/2842
f 2849/2849 2842/2842 2841/2841
f 2850/2850 2851/2851 2852/2852
f 2850/2850 2852/2852 2853/2853
f 2850/2850 2853/2853 2854/2854
f 2850/2850 2854/2854 2855/2855
f 2850/2850 2855/2855 2856/2856
f 2850/2850 2856/2856 2857/2857
f 2850/2850 2857/2857 2858/2858
f 2859/2859 2860/2860 2869/2869
f 2859/2859 2869/2869 2868/2868
f 2860/2860 2861/2861 2870/2870
f 2860/2860 2870/2870 2869/2869
f 2861/2861 2862/2862 2871/2871
f 2861/2861 2871/2871 2870/2870
f 2862/2862 2863/2863 2872/2872
f 2862/2862 2872/2872 2871/2871
f 2863/2863 2864/2864 2873/2873
f 2863/2863 2873/2873 2872/2872
f 2864/2864 2865/2865 2874/2874
f 2864/2864 2874/2874 2873/2873
f 2865/2865 2866/2866 2875/2875
f 2865/2865 2875/2875 2874/2874
f 2866/2866 2867/2867 2876/2876
f 2866/2866 2876/2876 2875/2875
f 2867/2867 2859/2859 2868/2868
f 2867/2867 2868/2868 2876/2876
f 2867/2867 2866/2866 2865/2865
f 2867/2867 2865/2865 2864/2864
f 2867/2867 2864/2864 2863/2863
f 2867/2867 2863/2863 2862/2862
f 2867/2867 2862/2862 2861/2861
f 2867/2867 2861/2861 2860/2860
f 2867/2867 2860/2860 2859/2859
f 2868/2868 2869/2869 2870/2870
f 2868/2868 2870/2870 2871/2871
f 2868/2868 2871/2871 2872/2872
f 2868/2868 2872/2872 2873/2873
f 2868/2868 2873/2873 2874/2874
f 2868/2868 2874/2874 2875/2875
f 2868/2868 2875/2875 2876/2876
f 2877/2877 2878/2878 2887/2887
f 2877/2877 2887/2887 2886/2886
f 2878/2878 2879/2879 2888/2888
f 2878/2878 2888/2888 2887/2887
f 2879/2879 2880/2880 2889/2889
f 2879/2879 2889/2889 2888/2888
f 2880/2880 2881/2881 2890/2890
f 2880/2880 2890/2890 2889/2889
f 2881/2881 2882/2882 2891/2891
f 2881/2881 2891/2891 2890/2890
f 2882/2882 2883/2883 2892/2892
f 2882/2882 2892/2892 2891/2891
f 2883/2883 2884/2884 2893/2893
f 2883/2883 2893/2893 2892/2892
f 2884/2884 2885/2885 2894/2894
f 2884/2884 2894/2894 2893/2893
f 2885/2885 2877/2877 2886/2886
f 2885/2885 2886/2886 2894/2894
f 2885/2885 2884/2884 2883/2883
f 2885/2885 2883/2883 2882/2882
f 2885/2885 2882/2882 2881/2881
f 2885/2885 2881/2881 2880/2880
f 2885/2885 2880/2880 2879/2879
f 2885/2885 2879/2879 2878/2878
f 2885/2885 2878/2878 2877/2877
f 2886/2886 2887/2887 2888/2888
f 2886/2886 2888/2888 2889/2889
f 2886/2886 2889/2889 2890/2890
f 2886/2886 2890/2890 2891/2891
f 2886/2886 2891/2891 2892/2892
f 2886/2886 2892/2892 2893/2893
f 2886/2886 2893/2893 2894/2894
f 2895/2895 2896/2896 2905/2905
f 2895/2895 2905/2905 2904/2904
f 2896/2896 2897/2897 2906/2906
f 2896/2896 2906/2906 2905/2905
f 2897/2897 2898/2898 2907/2907
f 2897/2897 2907/2907 2906/2906
f 2898/2898 2899/2899 2908/2908
f 2898/2898 2908/2908 2907/2907
f 2899/2899 2900/2900 2909/2909
f 2899/2899 2909/2909 2908/2908
f 2900/2900 2901/2901 2910/2910
f 2900/2900 2910/2910 2909/2909
f 2901/2901 2902/2902 2911/2911
f 2901/2901 2911/2911 2910/2910
f 2902/2902 2903/2903 2912/2912
f 2902/2902 2912/2912 2911/2911
f 2903/2903 2895/2895 2904/2904
f 2903/2903 2904/2904 2912/2912
f 2903/2903 2902/2902 2901/2901
f 2903/2903 2901/2901 2900/2900
f 2903/2903 2900/2900 2899/2899
f 2903/2903 2899/2899 2898/2898
f 2903/2903 2898/2898 2897/2897
f 2903/2903 2897/2897 2896/2896
f 2903/2903 2896/2896 2895/2895
f 2904/2904 2905/2905 2906/2906
f 2904/2904 2906/2906 2907/2907
f 2904/2904 2907/2907 2908/2908
f 2904/2904 2908/2908 2909/2909
f 2904/2904 2909/2909 2910/2910
f 2904/2904 2910/2910 2911/2911
f 2904/2904 2911/2911 2912/2912
f 2913/2913 2914/2914 2923/2923
f 2913/2913 2923/2923 2922/2922
f 2914/2914 2915/2915 2924/2924
f 2914/2914 2924/2924 2923/2923
f 2915/2915 2916/2916 2925/2925
f 2915/2915 2925/2925 2924/2924
f 2916/2916 2917/2917 2926/2926
f 2916/2916 2926/2926 2925/2925
f 2917/2917 2918/2918 2927/2927
f 2917/2917 2927/2927 2926/2926
f 2918/2918 2919/2919 2928/2928
f 2918/2918 2928/2928 2927/2927
f 2919/2919 2920/2920 2929/2929
f 2919/2919 2929/2929 2928/2928
f 2920/2920 2921/2921 2930/2930
f 2920/2920 2930/2930 2929/2929
f 2921/2921 2913/2913 2922/2922
f 2921/2921 2922/2922 2930/2930
f 2921/2921 2920/2920 2919/2919
f 2921/2921 2919/2919 2918/2918
f 2921/2921 2918/2918 2917/2917
f 2921/2921 2917/2917 2916/2916
f 2921/2921 2916/2916 2915/2915
f 2921/2921 2915/2915 2914/2914
f 2921/2921 2914/2914 2913/2913
f 2922/2922 2923/2923 2924/2924
f 2922/2922 2924/2924 2925/2925
f 2922/2922 2925/2925 2926/2926
f 2922/2922 2926/2926 2927/2927
f 2922/2922 2927/2927 2928/2928
f 2922/2922 2928/2928 2929/2929
f 2922/2922 2929/2929 2930/2930
f 2931/2931 2932/2932 2941/2941
f 2931/2931 2941/2941 2940/2940
f 2932/2932 2933/2933 2942/2942
f 2932/2932 2942/2942 2941/2941
f 2933/2933 2934/2934 2943/2943
f 2933/2933 2943/2943 2942/2942
f 2934/2934 2935/2935 2944/2944
f 2934/2934 2944/2944 2943/2943
f 2935/2935 2936/2936 2945/2945
f 2935/2935 2945/2945 2944/2944
f 2936/2936 2937/2937 2946/2946
f 2936/2936 2946/2946 2945/2945
f 2937/2937 2938/2938 2947/2947
f 2937/2937 2947/2947 2946/2946
f 2938/2938 2939/2939 2948/2948
f 2938/2938 2948/2948 2947/2947
f 2939/2939 2931/2931 2940/2940
f 2939/2939 2940/2940 2948/2948
f 2939/2939 2938/2938 2937/2937
f 2939/2939 2937/2937 2936/2936
f 2939/2939 2936/2936 2935/2935
f 2939/2939 2935/2935 2934/2934
f 2939/2939 2934/2934 2933/2933
f 2939/2939 2933/2933 2932/2932
f 2939/2939 2932/2932 2931/2931
f 2940/2940 2941/2941 2942/2942
f 2940/2940 2942/2942 2943/2943
f 2940/2940 2943/2943 2944/2944
f 2940/2940 2944/2944 2945/2945
f 2940/2940 2945/2945 2946/2946
f 2940/2940 2946/2946 2947/2947
f 2940/2940 2947/2947 2948/2948
f 2949/2949 2950/2950 2959/2959
f 2949/2949 2959/2959 2958/2958
f 2950/2950 2951/2951 2960/2960
f 2950/2950 2960/2960 2959/2959
f 2951/2951 2952/2952 2961/2961
f 2951/2951 2961/2961 2960/2960
f 2952/2952 2953/2953 2962/2962
f 2952/2952 2962/2962 2961/2961
f 2953/2953 2954/2954 2963/2963
f 2953/2953 2963/2963 2962/2962
f 2954/2954 2955/2955 2964/2964
f 2954/2954 2964/2964 2963/2963
f 2955/2955 2956/2956 2965/2965
f 2955/2955 2965/2965 2964/2964
f 2956/2956 2957/2957 2966/2966
f 2956/2956 2966/2966 2965/2965
f 2957/2957 2949/2949 2958/2958
f 2957/2957 2958/2958 2966/2966
f 2957/2957 2956/2956 2955/2955
f 2957/2957 2955/2955 2954/2954
f 2957/2957 2954/2954 2953/2953
f 2957/2957 2953/2953 2952/2952
f 2957/2957 2952/2952 2951/2951
f 2957/2957 2951/2951 2950/2950
f 2957/2957 2950/2950 2949/2949
f 2958/2958 2959/2959 2960/2960
f 2958/2958 2960/2960 2961/2961
f 2958/2958 2961/2961 2962/2962
f 2958/2958 2962/2962 2963/2963
f 2958/2958 2963/2963 2964/2964
f 2958/2958 2964/2964 2965/2965
f 2958/2958 2965/2965 2966/2966
f 2967/2967 2968/2968 2977/2977
f 2967/2967 2977/2977 2976/2976
f 2968/2968 2969/2969 2978/2978
f 2968/2968 2978/2978 2977/2977
f 2969/2969 2970/2970 2979/2979
f 2969/2969 2979/2979 2978/2978
f 2970/2970 2971/2971 2980/2980
f 2970/2970 2980/2980 2979/2979
f 2971/2971 2972/2972 2981/2981
f 2971/2971 2981/2981 2980/2980
f 2972/2972 2973/2973 2982/2982
f 2972/2972 2982/2982 2981/2981
f 2973/2973 2974/2974 2983/2983
f 2973/2973 2983/2983 2982/2982
f 2974/2974 2975/2975 2984/2984
f 2974/2974 2984/2984 2983/2983
f 2975/2975 2967/2967 2976/2976
f 2975/2975 2976/2976 2984/2984
f 2975/2975 2974/2974 2973/2973
f 2975/2975 2973/2973 2972/2972
f 2975/2975 2972/2972 2971/2971
f 2975/2975 2971/2971 2970/2970
f 2975/2975 2970/2970 2969/2969
f 2975/2975 2969/2969 2968/2968
f 2975/2975 2968/2968 2967/2967
f 2976/2976 2977/2977 2978/2978
f 2976/2976 2978/2978 2979/2979
f 2976/2976 2979/2979 2980/2980
f 2976/2976 2980/2980 2981/2981
f 2976/2976 2981/2981 2982/2982
f 2976/2976 2982/2982 2983/2983
f 2976/2976 2983/2983 2984/2984
f 2985/2985 2986/2986 2995/2995
f 2985/2985 2995/2995 2994/2994
f 2986/2986 2987/2987 2996/2996
f 2986/2986 2996/2996 2995/2995
f 2987/2987 2988/2988 2997/2997
f 2987/2987 2997/2997 2996/2996
f 2988/2988 2989/2989 2998/2998
f 2988/2988 2998/2998 2997/2997
f 2989/2989 2990/2990 2999/2999
f 2989/2989 2999/2999 2998/2998
f 2990/2990 2991/2991 3000/3000
f 2990/2990 3000/3000 2999/2999
f 2991/2991 2992/2992 3001/3001
f 2991/2991 3001/3001 3000/3000
f 2992/2992 2993/2993 3002/3002
f 2992/2992 3002/3002 3001/3001
f 2993/2993 2985/2985 2994/2994
f 2993/2993 2994/2994 3002/3002
f 2993/2993 2992/2992 2991/2991
f 2993/2993 2991/2991 2990/2990
f 2993/2993 2990/2990 2989/2989
f 2993/2993 2989/2989 2988/2988
f 2993/2993 2988/2988 2987/2987
f 2993/2993 2987/2987 2986/2986
f 2993/2993 2986/2986 2985/2985
f 2994/2994 2995/2995 2996/2996
f 2994/2994 2996/2996 2997/2997
f 2994/2994 2997/2997 2998/2998
f 2994/2994 2998/2998 2999/2999
f 2994/2994 2999/2999 3000/3000
f 2994/2994 3000/3000 3001/3001
f 2994/2994 3001/3001 3002/3002
f 3003/3003 3004/3004 3013/3013
f 3003/3003 3013/3013 3012/3012
f 3004/3004 3005/3005 3014/3014
f 3004/3004 3014/3014 3013/3013
f 3005/3005 3006/3006 3015/3015
f 3005/3005 3015/3015 3014/3014
f 3006/3006 3007/3007 3016/3016
f 3006/3006 3016/3016 3015/3015
f 3007/3007 3008/3008 3017/3017
f 3007/3007 3017/3017 3016/3016
f 3008/3008 3009/3009 3018/3018
f 3008/3008 3018/3018 3017/3017
f 3009/3009 3010/3010 3019/3019
f 3009/3009 3019/3019 3018/3018
f 3010/3010 3011/3011 3020/3020
f 3010/3010 3020/3020 3019/3019
f 3011/3011 3003/3003 3012/3012
f 3011/3011 3012/3012 3020/3020
f 3011/3011 3010/3010 3009/3009
f 3011/3011 3009/3009 3008/3008
f 3011/3011 3008/3008 3007/3007
f 3011/3011 3007/3007 3006/3006
f 3011/3011 3006/3006 3005/3005
f 3011/3011 3005/3005 3004/3004
f 3011/3011 3004/3004 3003/3003
f 3012/3012 3013/3013 3014/3014
f 3012/3012 3014/3014 3015/3015
f 3012/3012 3015/3015 3016/3016
f 3012/3012 3016/3016 3017/3017
f 3012/3012 3017/3017 3018/3018
f 3012/3012 3018/3018 3019/3019
f 3012/3012 3019/3019 3020/3020
f 3021/3021 3022/3022 3031/3031
f 3021/3021 3031/3031 3030/3030
f 3022/3022 3023/3023 3032/3032
f 3022/3022 3032/3032 3031/3031
f 3023/3023 3024/3024 3033/3033
f 3023/3023 3033/3033 3032/3032
f 3024/3024 3025/3025 3034/3034
f 3024/3024 3034/3034 3033/3033
f 3025/3025 3026/3026 3035/3035
f 3025/3025 3035/3035 3034/3034
f 3026/3026 3027/3027 3036/3036
f 3026/3026 3036/3036 3035/3035
f 3027/3027 3028/3028 3037/3037
f 3027/3027 3037/3037 3036/3036
f 3028/3028 3029/3029 3038/3038
f 3028/3028 3038/3038 3037/3037
f 3029/3029 3021/3021 3030/3030
f 3029/3029 3030/3030 3038/3038
f 3029/3029 3028/3028 3027/3027
f 3029/3029 3027/3027 3026/3026
f 3029/3029 3026/3026 3025/3025
f 3029/3029 3025/3025 3024/3024
f 3029/3029 3024/3024 3023/3023
f 3029/3029 3023/3023 3022/3022
f 3029/3029 3022/3022 3021/3021
f 3030/3030 3031/3031 3032/3032
f 3030/3030 3032/3032 3033/3033
f 3030/3030 3033/3033 3034/3034
f 3030/3030 3034/3034 3035/3035
f 3030/3030 3035/3035 3036/3036
f 3030/3030 3036/3036 3037/3037
f 3030/3030 3037/3037 3038/3038
