# Basketbroom original 3D environment. Centimetres, Z up.
o SM_BB_ENV_RW_Trunk0
s 1
v 874.84600 0.00000 0.00000
v 842.20759 102.26252 0.00000
v 671.44548 165.49645 0.00000
v 626.97986 237.78210 0.00000
v 679.55741 356.65924 0.00000
v 673.00391 464.54106 0.00000
v 647.09524 573.27636 0.00000
v 549.30050 620.03209 0.00000
v 385.33525 558.25449 0.00000
v 310.95229 592.47009 0.00000
v 281.13454 741.29086 0.00000
v 200.89071 815.04566 0.00000
v 102.32673 842.73643 0.00000
v -0.00000 805.16800 0.00000
v -80.84285 665.80075 0.00000
v -161.24566 654.19937 0.00000
v -289.73834 763.97722 0.00000
v -398.41844 759.12291 0.00000
v -470.92512 682.25283 0.00000
v -517.35634 583.97458 0.00000
v -500.80419 443.67379 0.00000
v -563.15097 388.71505 0.00000
v -742.76049 389.83078 0.00000
v -813.81887 308.64079 0.00000
v -782.46966 192.86145 0.00000
v -749.34458 90.98691 0.00000
v -673.55400 -0.00000 0.00000
v -694.90283 -84.37648 0.00000
v -831.96083 -205.05993 0.00000
v -820.79929 -311.28811 0.00000
v -691.48270 -362.91812 0.00000
v -601.30430 -415.05039 0.00000
v -511.89880 -453.50277 0.00000
v -477.47862 -538.96195 0.00000
v -494.25621 -716.05373 0.00000
v -408.62507 -778.57002 0.00000
v -267.93567 -706.48829 0.00000
v -169.66566 -688.36065 0.00000
v -84.31227 -694.37399 0.00000
v -0.00000 -743.23200 0.00000
v 105.79615 -871.30967 0.00000
v 209.31071 -849.20694 0.00000
v 259.33186 -683.80193 0.00000
v 321.15892 -611.91720 0.00000
v 408.66633 -592.05539 0.00000
v 509.42279 -575.01946 0.00000
v 658.18986 -583.10533 0.00000
v 711.15725 -490.87641 0.00000
v 628.27962 -329.74658 0.00000
v 633.96028 -240.42942 0.00000
v 720.93665 -177.69492 0.00000
v 787.76584 -95.65209 0.00000
v 766.45464 13.26727 425.00000
v 702.78447 97.02400 425.00000
v 572.58668 151.19652 425.00000
v 558.10199 220.00261 425.00000
v 569.65674 305.43077 425.00000
v 572.39060 399.39659 425.00000
v 571.63274 508.18535 425.00000
v 465.03502 523.52547 425.00000
v 331.29021 474.41095 425.00000
v 283.79557 529.25237 425.00000
v 244.89899 624.77235 425.00000
v 178.87923 686.32375 425.00000
v 101.41057 741.51154 425.00000
v 12.98570 679.92750 425.00000
v -53.24885 558.75789 425.00000
v -127.33621 582.57563 425.00000
v -227.81430 648.20468 425.00000
v -314.24107 636.74578 425.00000
v -393.72303 602.48659 425.00000
v -418.45918 500.26787 425.00000
v -394.55996 374.32122 425.00000
v -475.56250 350.48774 425.00000
v -608.96665 339.69304 425.00000
v -652.64438 265.70746 425.00000
v -661.29014 179.46134 425.00000
v -616.91512 89.75107 425.00000
v -532.57238 13.26727 425.00000
v -586.77119 -59.55640 425.00000
v -688.69298 -159.68099 425.00000
v -656.50938 -240.63873 425.00000
v -580.57457 -298.25720 425.00000
v -496.68768 -338.53487 425.00000
v -400.70296 -353.22890 425.00000
v -396.37923 -448.81022 425.00000
v -406.64125 -594.66733 425.00000
v -319.89239 -620.97894 425.00000
v -215.74234 -589.83902 425.00000
v -131.99829 -574.95591 425.00000
v -55.16984 -548.04411 425.00000
v 12.98570 -619.09953 425.00000
v 103.33155 -730.79777 425.00000
v 183.54131 -678.70403 425.00000
v 232.82703 -566.40669 425.00000
v 289.44689 -513.48553 425.00000
v 344.20843 -466.59169 425.00000
v 442.95507 -472.06782 425.00000
v 577.77573 -487.09304 425.00000
v 593.51578 -387.44371 425.00000
v 541.26466 -263.99492 425.00000
v 561.96699 -194.93387 425.00000
v 599.98952 -131.41618 425.00000
v 672.64054 -66.82933 425.00000
v 691.22289 26.35736 850.00000
v 611.69303 97.48724 850.00000
v 527.29426 149.94346 850.00000
v 510.38340 210.10309 850.00000
v 496.82616 273.52597 850.00000
v 523.86880 370.09026 850.00000
v 522.32374 466.16306 850.00000
v 409.35425 459.20385 850.00000
v 309.08359 436.64030 850.00000
v 268.38804 488.40691 850.00000
v 222.43719 544.62098 850.00000
v 172.53355 621.33099 850.00000
v 104.91497 677.22179 850.00000
v 25.88572 592.25209 850.00000
v -32.54234 507.55574 850.00000
v -100.52164 539.21219 850.00000
v -178.91605 566.37524 850.00000
v -261.27174 573.49019 850.00000
v -339.38544 555.54400 850.00000
v -341.27396 440.79497 850.00000
v -330.27180 341.88539 850.00000
v -416.01280 331.37789 850.00000
v -505.66101 305.33461 850.00000
v -554.00114 246.27944 850.00000
v -581.98541 176.18414 850.00000
v -512.51111 91.73057 850.00000
v -446.42979 26.35736 850.00000
v -517.66487 -39.64163 850.00000
v -577.30030 -122.31464 850.00000
v -553.34033 -193.31411 850.00000
v -510.51525 -255.16759 850.00000
v -412.40099 -276.17012 850.00000
v -329.22152 -288.24021 850.00000
v -345.04901 -392.34141 850.00000
v -337.17679 -499.62950 850.00000
v -260.30552 -518.93450 850.00000
v -180.98001 -519.10275 850.00000
v -99.72455 -483.26357 850.00000
v -32.21390 -452.13612 850.00000
v 25.88572 -545.40058 850.00000
v 104.58654 -621.80216 850.00000
v 171.73647 -565.38237 850.00000
v 224.50115 -497.34849 850.00000
v 267.42182 -433.85122 850.00000
v 306.87494 -380.72579 850.00000
v 413.12930 -410.75028 850.00000
v 521.27346 -412.51788 850.00000
v 520.25699 -314.88249 850.00000
v 501.68041 -223.35895 850.00000
v 509.72259 -157.13776 850.00000
v 522.60914 -96.07397 850.00000
v 616.84680 -45.39831 850.00000
v 631.85284 39.09547 1275.00000
v 560.24013 102.43223 1275.00000
v 508.89125 155.00817 1275.00000
v 470.45007 202.86893 1275.00000
v 455.69870 257.99790 1275.00000
v 503.09564 359.70333 1275.00000
v 484.01634 433.68666 1275.00000
v 377.80076 421.95710 1275.00000
v 304.16761 423.81491 1275.00000
v 256.59214 454.41629 1275.00000
v 211.80607 495.76291 1275.00000
v 175.06434 592.69241 1275.00000
v 109.99677 626.97762 1275.00000
v 38.61495 536.82823 1275.00000
v -16.02909 489.12967 1275.00000
v -75.99512 504.08681 1275.00000
v -141.27926 513.43752 1275.00000
v -227.54482 546.22054 1275.00000
v -293.61950 520.42017 1275.00000
v -282.97373 402.09406 1275.00000
v -292.81325 332.71524 1275.00000
v -365.35090 317.93296 1275.00000
v -427.70936 283.84135 1275.00000
v -496.14441 241.90294 1275.00000
v -518.15862 176.32783 1275.00000
v -431.85466 96.22082 1275.00000
v -397.79934 39.09547 1275.00000
v -461.90473 -21.67862 1275.00000
v -490.84111 -91.40373 1275.00000
v -492.29144 -162.25077 1275.00000
v -456.01303 -220.50533 1275.00000
v -344.29150 -225.20577 1275.00000
v -286.68939 -249.09903 1275.00000
v -304.98493 -348.74863 1275.00000
v -280.74150 -423.57223 1275.00000
v -221.91109 -457.29544 1275.00000
v -153.31362 -466.97860 1275.00000
v -71.34755 -407.03996 1275.00000
v -14.11409 -395.16724 1275.00000
v 38.61495 -492.82395 1275.00000
v 108.08176 -533.01519 1275.00000
v 170.41678 -495.64555 1275.00000
v 223.84044 -449.30399 1275.00000
v 250.95841 -365.49119 1275.00000
v 291.28961 -326.96697 1275.00000
v 399.81196 -368.61167 1275.00000
v 477.89247 -350.07045 1275.00000
v 482.03624 -266.97614 1275.00000
v 484.00237 -194.66188 1275.00000
v 466.59711 -123.21675 1275.00000
v 481.57374 -70.08407 1275.00000
v 590.29020 -27.89003 1275.00000
v 585.23744 51.31149 1700.00000
v 539.26634 110.58690 1700.00000
v 497.46734 161.33377 1700.00000
v 437.09783 197.70517 1700.00000
v 440.25038 255.55892 1700.00000
v 491.52950 355.32533 1700.00000
v 452.96664 407.34365 1700.00000
v 366.14465 406.93535 1700.00000
v 304.71792 418.75583 1700.00000
v 246.74382 424.09983 1700.00000
v 211.30445 473.76384 1700.00000
v 180.92741 578.08496 1700.00000
v 115.71831 583.57838 1700.00000
v 51.08941 509.87679 1700.00000
v -1.34331 483.13373 1700.00000
v -52.40124 471.18953 1700.00000
v -114.00993 486.64267 1700.00000
v -202.69338 534.85418 1700.00000
v -251.12764 489.14847 1700.00000
v -242.73635 382.97220 1700.00000
v -267.73984 333.76955 1700.00000
v -316.34447 304.93278 1700.00000
v -373.95133 274.39008 1700.00000
v -459.08873 244.79653 1700.00000
v -458.31586 176.86861 1700.00000
v -375.37252 103.09334 1700.00000
v -368.78713 51.31149 1700.00000
v -407.80232 -4.40806 1700.00000
v -428.83502 -66.97926 1700.00000
v -454.93064 -140.59660 1700.00000
v -404.49643 -187.79841 1700.00000
v -293.61734 -186.62240 1700.00000
v -261.13101 -225.29166 1700.00000
v -266.49066 -307.16230 1700.00000
v -237.22981 -366.39101 1700.00000
v -196.61350 -420.64697 1700.00000
v -126.99733 -418.26463 1700.00000
v -47.38562 -348.21740 1700.00000
v 0.72335 -363.49028 1700.00000
v 51.08941 -444.14778 1700.00000
v 113.65165 -463.93493 1700.00000
v 175.91179 -455.11283 1700.00000
v 224.29184 -405.38581 1700.00000
v 240.66395 -309.89263 1700.00000
v 290.82009 -295.99836 1700.00000
v 389.89896 -331.12545 1700.00000
v 446.35781 -298.86576 1700.00000
v 468.80236 -237.01495 1700.00000
v 470.79548 -168.96725 1700.00000
v 432.93974 -93.50524 1700.00000
v 467.98649 -51.44442 1700.00000
v 571.69615 -11.90162 1700.00000
v 554.54033 62.84228 2125.00000
v 536.27127 120.28028 2125.00000
v 482.26788 166.12664 2125.00000
v 414.86574 196.20135 2125.00000
v 440.89660 261.05870 2125.00000
v 478.32371 349.36301 2125.00000
v 431.49546 389.09987 2125.00000
v 367.63529 406.44847 2125.00000
v 303.33006 410.69194 2125.00000
v 240.86642 401.30635 2125.00000
v 217.82176 470.47575 2125.00000
v 186.43505 562.71790 2125.00000
v 122.31289 549.46023 2125.00000
v 63.22677 503.84632 2125.00000
v 13.16947 475.10122 2125.00000
v -30.65652 443.74178 2125.00000
v -94.98405 480.00993 2125.00000
v -179.11056 524.57750 2125.00000
v -212.84653 462.80350 2125.00000
v -217.55302 379.77715 2125.00000
v -243.56162 334.63308 2125.00000
v -270.61323 293.27539 2125.00000
v -341.00479 274.99937 2125.00000
v -426.61484 248.61470 2125.00000
v -402.47337 177.62706 2125.00000
v -341.12805 111.93984 2125.00000
v -343.49178 62.84228 2125.00000
v -355.21317 12.03447 2125.00000
v -389.66905 -48.78652 2125.00000
v -424.80887 -122.24523 2125.00000
v -354.27134 -156.27764 2125.00000
v -260.74223 -160.77737 2125.00000
v -240.69123 -206.40557 2125.00000
v -227.87015 -265.73822 2125.00000
v -206.81033 -328.37400 2125.00000
v -176.46991 -393.86160 2125.00000
v -100.62482 -369.19886 2125.00000
v -28.47810 -309.21903 2125.00000
v 14.06708 -342.02421 2125.00000
v 63.22677 -394.18579 2125.00000
v 121.41528 -416.38323 2125.00000
v 184.25663 -428.19516 2125.00000
v 223.46253 -359.66469 2125.00000
v 238.22577 -270.59045 2125.00000
v 297.29386 -276.26244 2125.00000
v 377.95242 -292.40954 2125.00000
v 428.62507 -260.87237 2125.00000
v 468.45271 -216.86499 2125.00000
v 454.16315 -142.33696 2125.00000
v 413.05977 -69.83188 2125.00000
v 469.46356 -37.28610 2125.00000
v 550.35640 3.69403 2125.00000
v 541.61617 73.53386 2550.00000
v 537.38447 129.68394 2550.00000
v 462.46205 169.04775 2550.00000
v 407.24960 199.55962 2550.00000
v 445.89507 268.22244 2550.00000
v 461.28482 340.20362 2550.00000
v 422.23414 381.20344 2550.00000
v 373.55777 410.59577 2550.00000
v 298.18608 396.95154 2550.00000
v 241.31845 390.52822 2550.00000
v 226.93000 474.28016 2550.00000
v 190.29747 541.52923 2550.00000
v 130.28806 529.30874 2550.00000
v 74.94697 506.96382 2550.00000
v 28.07911 459.52543 2550.00000
v -12.31069 427.55212 2550.00000
v -80.42938 483.22765 2550.00000
v -153.40379 508.61989 2550.00000
v -182.04872 445.85640 2550.00000
v -201.02790 385.04510 2550.00000
v -214.64310 330.08828 2550.00000
v -233.54810 286.47263 2550.00000
v -320.92837 281.30527 2550.00000
v -389.75145 249.77072 2550.00000
v -356.35597 179.84049 2550.00000
v -321.68697 121.69394 2550.00000
v -312.33280 73.53386 2550.00000
v -310.33825 26.75176 2550.00000
v -366.67271 -35.31562 2550.00000
v -391.20656 -103.25486 2550.00000
v -310.23919 -128.62744 2550.00000
v -241.50140 -144.89468 2550.00000
v -216.95584 -185.06947 2550.00000
v -192.71514 -228.59421 2550.00000
v -186.91223 -305.83469 2550.00000
v -155.53143 -365.60604 2550.00000
v -75.88448 -324.17600 2550.00000
v -14.06589 -287.60553 2550.00000
v 27.35589 -318.41398 2550.00000
v 74.94697 -346.98515 2550.00000
v 131.01129 -388.19729 2550.00000
v 192.05268 -401.58265 2550.00000
v 222.38509 -315.22851 2550.00000
v 243.44608 -247.51437 2550.00000
v 303.04959 -256.92983 2550.00000
v 365.24501 -254.14488 2550.00000
v 424.54688 -236.18463 2550.00000
v 469.23813 -198.62567 2550.00000
v 435.20589 -115.54460 2550.00000
v 408.70471 -53.04375 2550.00000
v 472.77880 -24.52288 2550.00000
v 526.03575 18.76177 2550.00000
v 542.48341 83.24345 2975.00000
v 532.28053 137.41075 2975.00000
v 444.15984 171.47936 2975.00000
v 412.16973 206.87782 2975.00000
v 445.70857 271.94244 2975.00000
v 444.78661 330.77677 2975.00000
v 423.92092 382.46228 2975.00000
v 376.30756 410.73803 2975.00000
v 292.12482 381.61664 2975.00000
v 248.08763 391.74661 2975.00000
v 234.43919 474.19011 2975.00000
v 193.35734 518.10871 2975.00000
v 139.65030 523.67131 2975.00000
v 86.17268 507.23112 2975.00000
v 42.89121 439.69843 2975.00000
v 2.01397 424.68877 2975.00000
v -66.17716 484.95695 2975.00000
v -126.54283 488.53900 2975.00000
v -160.40003 440.46570 2975.00000
v -185.40895 389.79574 2975.00000
v -182.14648 320.95349 2975.00000
v -208.63837 286.73683 2975.00000
v -303.35911 287.68550 2975.00000
v -348.34095 248.03274 2975.00000
v -324.50605 184.46667 2975.00000
v -306.00009 130.86185 2975.00000
v -274.60578 83.24345 2975.00000
v -278.85117 38.92153 2975.00000
v -349.18623 -24.06288 2975.00000
v -351.82194 -82.86600 2975.00000
v -277.78798 -107.77784 2975.00000
v -227.66462 -133.38279 2975.00000
v -187.67913 -159.36808 2975.00000
v -165.52280 -200.86201 2975.00000
v -172.03474 -290.83458 2975.00000
v -131.63265 -331.74994 2975.00000
v -55.30463 -289.80156 2975.00000
v -2.18490 -275.23736 2975.00000
v 41.16109 -287.46038 2975.00000
v 86.17268 -309.85807 2975.00000
v 141.38043 -371.43326 2975.00000
v 197.55621 -368.65730 2975.00000
v 223.56667 -279.03472 2975.00000
v 253.17745 -234.95755 2975.00000
v 303.75953 -231.98552 2975.00000
v 356.42141 -221.80430 2975.00000
v 429.45356 -220.87687 2975.00000
v 463.81285 -177.42274 2975.00000
v 420.13744 -92.03478 2975.00000
v 415.65071 -41.71109 2975.00000
v 468.84001 -11.07558 2975.00000
v 505.13160 32.37263 2975.00000
v 547.88855 91.84139 3400.00000
v 518.21764 143.00713 3400.00000
v 434.42802 175.05187 3400.00000
v 421.96321 215.14822 3400.00000
v 437.04617 270.40070 3400.00000
v 434.88766 325.18587 3400.00000
v 430.73039 387.65147 3400.00000
v 372.62325 403.14781 3400.00000
v 289.56335 371.06410 3400.00000
v 258.10356 399.12282 3400.00000
v 238.23443 464.69469 3400.00000
v 197.37736 499.77876 3400.00000
v 149.62354 526.63672 3400.00000
v 96.82982 497.78946 3400.00000
v 56.57761 423.34820 3400.00000
v 13.31713 430.66571 3400.00000
v -49.59736 477.93816 3400.00000
v -102.02670 470.73084 3400.00000
v -145.86791 443.44976 3400.00000
v -165.23771 387.65449 3400.00000
v -151.67142 311.99428 3400.00000
v -194.02598 292.60465 3400.00000
v -280.28215 289.76502 3400.00000
v -308.58527 245.59505 3400.00000
v -305.58019 191.02655 3400.00000
v -284.65626 138.16218 3400.00000
v -236.72206 91.84139 3400.00000
v -260.67227 48.43277 3400.00000
v -327.38323 -12.71774 3400.00000
v -311.66045 -63.07854 3400.00000
v -257.69202 -94.22603 3400.00000
v -210.83421 -120.52376 3400.00000
v -156.55909 -132.64160 3400.00000
v -147.66982 -184.14166 3400.00000
v -156.14628 -274.65777 3400.00000
v -106.52317 -295.61537 3400.00000
v -39.99232 -268.92897 3400.00000
v 9.60775 -262.03249 3400.00000
v 55.04918 -252.25319 3400.00000
v 96.82982 -286.82115 3400.00000
v 151.15197 -355.54171 3400.00000
v 201.08674 -331.14554 3400.00000
v 228.62939 -255.68551 3400.00000
v 262.60003 -224.00735 3400.00000
v 299.84172 -202.27212 3400.00000
v 355.05536 -199.63499 3400.00000
v 435.61806 -208.29879 3400.00000
v 451.69589 -153.10497 3400.00000
v 414.45604 -74.86171 3400.00000
v 425.03840 -32.63170 3400.00000
v 456.23106 3.25694 3400.00000
v 494.23365 43.58783 3400.00000
v 548.08690 99.21285 3825.00000
v 499.99294 146.94928 3825.00000
v 435.61912 180.24763 3825.00000
v 427.55635 220.84145 3825.00000
v 423.49998 265.40458 3825.00000
v 434.26120 325.20980 3825.00000
v 435.18367 390.09279 3825.00000
v 364.51578 390.05954 3825.00000
v 292.93410 368.80497 3825.00000
v 266.83340 404.03938 3825.00000
v 239.02167 447.72592 3825.00000
v 203.50008 491.34538 3825.00000
v 158.98078 528.56415 3825.00000
v 106.84809 479.66548 3825.00000
v 68.34357 416.32617 3825.00000
v 23.69860 436.56359 3825.00000
v -30.78325 462.11687 3825.00000
v -82.92685 460.79879 3825.00000
v -133.53128 447.46250 3825.00000
v -139.93990 377.77891 3825.00000
v -128.68872 307.88026 3825.00000
v -183.15078 299.38462 3825.00000
v -249.89625 286.44673 3825.00000
v -277.49467 244.97484 3825.00000
v -292.35039 197.60644 3825.00000
v -254.66903 143.10898 3825.00000
v -206.70246 99.21285 3825.00000
v -249.29315 55.96948 3825.00000
v -297.23742 -0.38528 3825.00000
v -278.18396 -46.81055 3825.00000
v -244.83280 -85.36352 3825.00000
v -186.91826 -103.55942 3825.00000
v -129.78427 -110.42513 3825.00000
v -136.00215 -174.90840 3825.00000
v -135.83513 -252.37449 3825.00000
v -83.93470 -264.29340 3825.00000
v -28.63033 -258.01438 3825.00000
v 22.86717 -241.51117 3825.00000
v 68.00098 -220.72194 3825.00000
v 106.84809 -275.12387 3825.00000
v 159.32337 -332.95992 3825.00000
v 204.33152 -296.29295 3825.00000
v 236.86875 -243.62344 3825.00000
v 267.84126 -207.53399 3825.00000
v 295.23794 -173.71696 3825.00000
v 360.57803 -187.18904 3825.00000
v 436.27922 -192.63766 3825.00000
v 438.02868 -129.38460 3825.00000
v 418.43653 -64.32137 3825.00000
v 428.24563 -22.67716 3825.00000
v 440.50616 16.97352 3825.00000
v 494.61706 52.12917 3825.00000
v 538.28229 105.25940 4250.00000
v 485.54763 150.11101 4250.00000
v 443.43649 185.92547 4250.00000
v 423.76279 221.91723 4250.00000
v 412.12370 260.59241 4250.00000
v 439.97376 328.77094 4250.00000
v 432.41089 385.43202 4250.00000
v 357.08805 377.20938 4250.00000
v 300.81391 372.77477 4250.00000
v 270.95263 400.18947 4250.00000
v 239.39163 430.19084 4250.00000
v 211.30797 491.28428 4250.00000
v 166.72021 521.64882 4250.00000
v 116.16138 459.80113 4250.00000
v 78.16061 418.22394 4250.00000
v 35.04746 434.35155 4250.00000
v -12.09807 443.45179 4250.00000
v -69.58915 459.17747 4250.00000
v -118.52131 445.25599 4250.00000
v -113.45840 364.44656 4250.00000
v -114.57607 309.67495 4250.00000
v -168.76772 301.93177 4250.00000
v -216.74527 279.98229 4250.00000
v -257.57308 246.99819 4250.00000
v -276.01110 201.92124 4250.00000
v -220.35531 146.11993 4250.00000
v -188.29756 105.25940 4250.00000
v -235.73464 62.53149 4250.00000
v -262.03027 12.04353 4250.00000
v -255.60117 -35.73154 4250.00000
v -231.23080 -77.06608 4250.00000
v -157.98973 -83.97345 4250.00000
v -111.44193 -96.37954 4250.00000
v -124.72351 -166.64344 4250.00000
v -111.93048 -225.18872 4250.00000
v -66.70586 -243.16503 4250.00000
v -18.25714 -249.17312 4250.00000
v 37.42603 -214.18248 4250.00000
v 79.14069 -199.63345 4250.00000
v 116.16138 -266.77872 4250.00000
v 165.74013 -303.05832 4250.00000
v 208.92939 -271.11521 4250.00000
v 245.55070 -235.91217 4250.00000
v 268.06934 -184.17703 4250.00000
v 294.22308 -152.70750 4250.00000
v 368.35316 -179.40626 4250.00000
v 429.27676 -172.13661 4250.00000
v 429.19577 -110.81263 4250.00000
v 426.60924 -57.67620 4250.00000
v 421.79088 -10.65058 4250.00000
v 429.45566 28.03930 4250.00000
v 500.92695 58.54040 4250.00000
v 520.88477 109.90029 4675.00000
v 480.06163 153.04800 4675.00000
v 449.71779 190.00795 4675.00000
v 412.00727 218.85844 4675.00000
v 408.18030 258.67790 4675.00000
v 445.31408 331.19851 4675.00000
v 422.73767 373.93132 4675.00000
v 354.65269 369.45391 4675.00000
v 308.82681 376.64207 4675.00000
v 270.21000 387.13070 4675.00000
v 241.80677 418.66371 4675.00000
v 219.03408 492.59523 4675.00000
v 172.60131 504.33512 4675.00000
v 124.70825 445.62638 4675.00000
v 86.74162 422.58362 4675.00000
v 47.87683 421.61761 4675.00000
v 3.63442 429.14574 4675.00000
v -59.39021 460.67061 4675.00000
v -98.95632 433.93436 4675.00000
v -91.13999 353.54259 4675.00000
v -105.72874 314.04965 4675.00000
v -147.42210 297.73831 4675.00000
v -187.96620 274.00450 4675.00000
v -245.03835 250.12668 4675.00000
v -251.59899 202.65169 4675.00000
v -189.66690 148.07235 4675.00000
v -178.46315 109.90029 4675.00000
v -214.18726 68.75093 4675.00000
v -229.30835 22.64304 4675.00000
v -241.89440 -29.13376 4675.00000
v -211.06153 -66.32528 4675.00000
v -130.23798 -66.07639 4675.00000
v -100.73176 -89.82213 4675.00000
v -109.10076 -154.01553 4675.00000
v -88.44809 -198.90998 4675.00000
v -54.79319 -232.11113 4675.00000
v -6.18542 -235.23795 4675.00000
v 51.66917 -186.43091 4675.00000
v 88.30423 -189.91376 4675.00000
v 124.70825 -253.72154 4675.00000
v 171.03870 -271.66526 4675.00000
v 215.24175 -257.40853 4675.00000
v 251.62661 -224.75593 4675.00000
v 265.61297 -158.57122 4675.00000
v 298.31858 -141.61769 4675.00000
v 372.61346 -169.92684 4675.00000
v 417.74070 -149.70380 4675.00000
v 428.12996 -99.53659 4675.00000
v 431.27563 -50.99868 4675.00000
v 408.86331 2.13449 4675.00000
v 427.42716 35.28678 4675.00000
v 504.58199 63.77527 4675.00000
v 503.09660 113.07354 5100.00000
v 482.40370 155.56776 5100.00000
v 447.76800 190.79681 5100.00000
v 398.68561 214.05010 5100.00000
v 411.53039 259.55552 5100.00000
v 444.16824 328.24932 5100.00000
v 410.85368 359.73336 5100.00000
v 357.72268 367.37381 5100.00000
v 312.53478 373.99703 5100.00000
v 267.23605 369.92064 5100.00000
v 246.85588 414.78372 5100.00000
v 224.70016 487.41895 5100.00000
v 177.17555 481.56732 5100.00000
v 132.43230 439.81815 5100.00000
v 95.01283 421.25061 5100.00000
v 61.09752 402.49014 5100.00000
v 15.07572 422.51742 5100.00000
v -48.55465 457.91536 5100.00000
v -76.84744 416.26760 5100.00000
v -75.99117 348.33501 5100.00000
v -96.11901 315.55234 5100.00000
v -121.29993 288.21226 5100.00000
v -168.21148 270.86357 5100.00000
v -232.47429 251.46436 5100.00000
v -220.75111 200.12544 5100.00000
v -168.50629 149.61410 5100.00000
v -169.61232 113.07354 5100.00000
v -185.40042 74.48166 5100.00000
v -205.39323 29.80703 5100.00000
v -230.30816 -24.49577 5100.00000
v -184.12378 -53.06790 5100.00000
v -109.46035 -53.89290 5100.00000
v -92.67618 -86.35517 5100.00000
v -88.36585 -136.15605 5100.00000
v -69.60744 -179.63156 5100.00000
v -45.38737 -225.73353 5100.00000
v 8.31001 -214.21005 5100.00000
v 63.71038 -165.74227 5100.00000
v 96.08945 -186.23680 5100.00000
v 132.43230 -232.89077 5100.00000
v 176.09893 -246.55350 5100.00000
v 222.08730 -250.67108 5100.00000
v 253.62159 -206.47635 5100.00000
v 264.06878 -137.73881 5100.00000
v 305.29478 -137.36099 5100.00000
v 370.09736 -155.19485 5100.00000
v 407.41085 -130.53619 5100.00000
v 432.32866 -93.92996 5100.00000
v 427.44269 -41.75985 5100.00000
v 396.51948 12.91849 5100.00000
v 432.41011 39.13566 5100.00000
v 499.29783 68.52800 5100.00000
v 491.60582 114.73678 5525.00000
v 486.09886 156.84791 5525.00000
v 436.48832 187.99142 5525.00000
v 390.43085 209.98476 5525.00000
v 416.91764 260.45091 5525.00000
v 434.82590 318.73561 5525.00000
v 402.24121 347.69781 5525.00000
v 362.78317 367.01681 5525.00000
v 310.24757 362.42234 5525.00000
v 265.50483 355.23320 5525.00000
v 252.89951 414.32002 5525.00000
v 227.35543 472.06240 5525.00000
v 181.30916 460.85686 5525.00000
v 139.28257 438.65486 5525.00000
v 103.46948 409.68416 5525.00000
v 72.84593 384.28083 5525.00000
v 23.17728 420.88129 5525.00000
v -34.67417 446.18366 5525.00000
v -56.43641 398.28469 5525.00000
v -66.78456 347.33849 5525.00000
v -81.36629 310.21462 5525.00000
v -96.30871 277.35371 5525.00000
v -156.63186 270.04466 5525.00000
v -213.83275 248.65576 5525.00000
v -190.03319 195.90583 5525.00000
v -156.85390 150.69426 5525.00000
v -154.82373 114.73678 5525.00000
v -155.61750 78.92943 5525.00000
v -191.15716 33.29070 5525.00000
v -213.99128 -19.24232 5525.00000
v -155.46731 -39.95989 5525.00000
v -97.17519 -48.47823 5525.00000
v -81.61826 -80.96428 5525.00000
v -65.87891 -116.84266 5525.00000
v -56.96628 -169.57876 5525.00000
v -34.90597 -217.15175 5525.00000
v 23.67243 -190.10211 5525.00000
v 72.65471 -155.58309 5525.00000
v 103.39069 -180.85950 5525.00000
v 139.28257 -207.77469 5525.00000
v 181.38795 -232.03220 5525.00000
v 227.54665 -243.36465 5525.00000
v 252.40436 -183.54085 5525.00000
v 265.73662 -126.20128 5525.00000
v 310.77743 -133.71640 5525.00000
v 361.87753 -136.52098 5525.00000
v 402.49318 -118.44746 5525.00000
v 435.69238 -89.86013 5525.00000
v 415.75309 -30.36614 5525.00000
v 390.58938 19.42868 5525.00000
v 437.61230 41.20511 5525.00000
v 484.86246 72.77579 5525.00000
v 488.05251 114.86780 5950.00000
v 483.85040 155.98572 5950.00000
v 420.58042 182.73956 5950.00000
v 389.59447 207.54914 5950.00000
v 417.68993 257.87427 5950.00000
v 420.67430 305.00441 5950.00000
v 399.37496 340.03488 5950.00000
v 364.79990 362.72919 5950.00000
v 303.85983 344.70616 5950.00000
v 266.90213 346.72541 5950.00000
v 257.24421 410.26752 5950.00000
v 227.57234 449.00925 5950.00000
v 185.54132 446.99423 5950.00000
v 145.21387 434.80502 5950.00000
v 111.85684 389.58764 5950.00000
v 81.76028 372.30914 5950.00000
v 30.39203 417.62809 5950.00000
v -18.18293 426.19438 5950.00000
v -41.20164 384.93729 5950.00000
v -59.13948 345.53504 5950.00000
v -61.48325 297.98547 5950.00000
v -77.86280 268.84651 5950.00000
v -147.76836 268.63674 5950.00000
v -188.26157 241.33835 5950.00000
v -166.17437 191.61811 5950.00000
v -149.14062 150.60891 5950.00000
v -132.31580 114.86780 5950.00000
v -131.99473 81.20858 5950.00000
v -181.76111 34.27571 5950.00000
v -190.45998 -12.43650 5950.00000
v -131.61893 -30.42526 5950.00000
v -89.87882 -47.40496 5950.00000
v -64.97739 -71.34540 5950.00000
v -46.58039 -101.62316 5950.00000
v -48.54953 -165.84695 5950.00000
v -21.39740 -202.58345 5950.00000
v 37.25857 -169.78693 5950.00000
v 79.10848 -153.33229 5950.00000
v 110.76418 -168.85090 5950.00000
v 145.21387 -185.56329 5950.00000
v 186.63398 -226.25749 5950.00000
v 230.22413 -230.03240 5950.00000
v 250.37767 -162.42636 5950.00000
v 270.11660 -123.11448 5950.00000
v 311.20773 -125.61582 5950.00000
v 352.24081 -118.81731 5950.00000
v 402.86910 -113.39482 5950.00000
v 432.69031 -83.56286 5950.00000
v 401.54050 -19.66279 5950.00000
v 391.79288 21.35272 5950.00000
v 436.16717 43.15425 5950.00000
v 466.70451 75.83177 5950.00000
v 488.21618 113.46484 6375.00000
v 472.33803 152.58105 6375.00000
v 406.92106 176.74409 6375.00000
v 392.92564 205.52345 6375.00000
v 410.22581 249.94371 6375.00000
v 407.49539 291.07197 6375.00000
v 400.22403 334.97828 6375.00000
v 360.59336 350.96448 6375.00000
v 297.27163 326.55364 6375.00000
v 270.53960 342.77748 6375.00000
v 257.95301 397.62033 6375.00000
v 226.90972 424.74097 6375.00000
v 189.71375 438.99647 6375.00000
v 150.18705 422.37344 6375.00000
v 119.37153 367.25346 6375.00000
v 87.82921 366.46055 6375.00000
v 38.93246 406.81909 6375.00000
v -1.85764 403.16181 6375.00000
v -31.60208 376.83187 6375.00000
v -48.64474 337.89954 6375.00000
v -40.53256 282.42767 6375.00000
v -67.31760 263.59747 6375.00000
v -135.47898 263.39394 6375.00000
v -160.25006 231.19811 6375.00000
v -151.56449 187.83992 6375.00000
v -138.31631 148.49549 6375.00000
v -106.22319 113.46484 6375.00000
v -117.76721 80.92931 6375.00000
v -170.24499 34.48544 6375.00000
v -162.88483 -5.26766 6375.00000
v -116.12412 -26.30604 6375.00000
v -81.71862 -46.60809 6375.00000
v -44.72023 -59.20794 6375.00000
v -33.59285 -93.97978 6375.00000
v -40.40843 -162.66037 6375.00000
v -5.71015 -183.57245 6375.00000
v 47.16191 -158.19014 6375.00000
v 84.65107 -152.42508 6375.00000
v 118.06200 -151.10877 6375.00000
v 150.18705 -172.06594 6375.00000
v 191.02328 -222.85178 6375.00000
v 230.08786 -210.70549 6375.00000
v 249.72357 -148.99138 6375.00000
v 274.39211 -123.18812 6375.00000
v 306.07797 -112.38214 6375.00000
v 345.54148 -107.04472 6375.00000
v 404.41170 -111.75855 6375.00000
v 421.89641 -74.08259 6375.00000
v 390.87095 -12.85581 6375.00000
v 395.56041 20.40700 6375.00000
v 425.60155 45.58127 6375.00000
v 451.78893 76.84375 6375.00000
v 485.19327 110.54665 6800.00000
v 454.04957 146.95870 6800.00000
v 399.78022 171.08430 6800.00000
v 394.09822 201.53968 6800.00000
v 396.04579 237.49322 6800.00000
v 399.39286 279.81224 6800.00000
v 399.88558 328.23227 6800.00000
v 350.75322 332.44401 6800.00000
v 293.60634 312.55606 6800.00000
v 273.51511 337.94107 6800.00000
v 255.03291 376.50211 6800.00000
v 226.76935 405.09660 6800.00000
v 193.09871 431.15911 6800.00000
v 154.16931 400.66099 6800.00000
v 125.21459 349.01018 6800.00000
v 92.27885 361.64613 6800.00000
v 49.31107 387.03509 6800.00000
v 11.19571 382.96009 6800.00000
v -25.00598 370.12687 6800.00000
v -33.78531 322.70356 6800.00000
v -23.62594 268.05949 6800.00000
v -61.37894 259.32886 6800.00000
v -117.05154 252.89433 6800.00000
v -136.23165 220.68121 6800.00000
v -142.98867 183.78951 6800.00000
v -120.62525 143.91275 6800.00000
v -83.39741 110.54665 6800.00000
v -110.39544 78.42267 6800.00000
v -152.28825 35.01164 6800.00000
v -137.54330 -0.08535 6800.00000
v -107.41625 -26.74404 6800.00000
v -68.54809 -43.18408 6800.00000
v -25.71066 -48.81309 6800.00000
v -26.29214 -93.15222 6800.00000
v -29.38998 -155.38489 6800.00000
v 9.27784 -165.52097 6800.00000
v 53.40788 -155.13941 6800.00000
v 90.69670 -146.97187 6800.00000
v 124.56268 -133.28590 6800.00000
v 154.16931 -167.92969 6800.00000
v 193.75063 -215.43483 6800.00000
v 228.35150 -190.42233 6800.00000
v 250.93611 -144.60643 6800.00000
v 275.43297 -120.50195 6800.00000
v 297.99034 -97.81408 6800.00000
v 343.26005 -102.89267 6800.00000
v 401.97030 -108.98587 6800.00000
v 406.56201 -63.66746 6800.00000
v 386.41050 -11.34293 6800.00000
v 395.40987 19.05617 6800.00000
v 409.07979 47.71686 6800.00000
v 443.81976 75.37672 6800.00000
v 474.14002 106.15219 7225.00000
v 435.12568 139.90644 7225.00000
v 398.15635 165.55877 7225.00000
v 388.10910 193.74934 7225.00000
v 380.35593 223.30790 7225.00000
v 396.16394 271.14238 7225.00000
v 394.02293 316.01713 7225.00000
v 338.91153 311.33619 7225.00000
v 293.16938 303.23292 7225.00000
v 272.96619 326.85129 7225.00000
v 250.24689 351.66972 7225.00000
v 227.45217 391.44272 7225.00000
v 194.90260 417.20150 7225.00000
v 157.13437 374.20658 7225.00000
v 129.10212 337.01855 7225.00000
v 96.64549 351.56523 7225.00000
v 60.12282 361.95062 7225.00000
v 19.61767 368.16836 7225.00000
v -17.68789 359.42596 7225.00000
v -16.72310 302.39670 7225.00000
v -13.45863 257.28440 7225.00000
v -54.66012 252.34337 7225.00000
v -94.72929 238.34043 7225.00000
v -120.16205 211.31685 7225.00000
v -134.20107 177.95992 7225.00000
v -97.83406 137.11096 7225.00000
v -68.65063 106.15219 7225.00000
v -103.70742 74.48026 7225.00000
v -128.86179 35.66046 7225.00000
v -119.40898 1.27313 7225.00000
v -100.26132 -28.93949 7225.00000
v -50.54401 -37.19785 7225.00000
v -12.26171 -43.91965 7225.00000
v -21.02525 -94.94845 7225.00000
v -15.17085 -143.47503 7225.00000
v 20.71880 -153.76597 7225.00000
v 57.77067 -155.84836 7225.00000
v 97.55387 -135.57542 7225.00000
v 129.47641 -121.63160 7225.00000
v 157.13437 -168.58408 7225.00000
v 194.52830 -201.81455 7225.00000
v 226.54379 -175.45292 7225.00000
v 252.59904 -145.56745 7225.00000
v 271.86507 -112.44890 7225.00000
v 290.65234 -87.28199 7225.00000
v 343.21368 -103.88794 7225.00000
v 392.82600 -102.65238 7225.00000
v 392.04782 -55.99686 7225.00000
v 385.88796 -13.90696 7225.00000
v 387.35602 18.84063 7225.00000
v 392.81707 48.06162 7225.00000
v 440.99904 71.68477 7225.00000
v 455.28151 100.34014 7650.00000
v 420.95580 132.13972 7650.00000
v 396.84693 158.94870 7650.00000
v 374.45810 182.02885 7650.00000
v 368.26352 210.13721 7650.00000
v 393.76075 262.34053 7650.00000
v 381.66574 297.54925 7650.00000
v 329.05738 292.22450 7650.00000
v 293.45478 295.04073 7650.00000
v 267.94235 307.79303 7650.00000
v 245.77853 328.99108 7650.00000
v 228.02943 380.14927 7650.00000
v 194.77896 394.49028 7650.00000
v 159.06267 349.35844 7650.00000
v 131.39568 328.19826 7650.00000
v 101.71765 332.99801 7650.00000
v 69.12324 337.49092 7650.00000
v 24.54275 356.64644 7650.00000
v -7.39717 341.49885 7650.00000
v -1.56777 281.65443 7650.00000
v -8.72993 248.99141 7650.00000
v -43.43259 240.11252 7650.00000
v -73.81831 222.56550 7650.00000
v -111.10365 202.80071 7650.00000
v -120.31872 169.20147 7650.00000
v -75.60815 128.83433 7650.00000
v -61.73864 100.34014 7650.00000
v -92.29469 69.81983 7650.00000
v -105.14955 35.21768 7650.00000
v -108.96413 -1.30902 7650.00000
v -89.53509 -30.13403 7650.00000
v -31.73849 -31.36039 7650.00000
v -5.32940 -45.29852 7650.00000
v -13.79040 -94.77064 7650.00000
v -0.24614 -130.45851 7650.00000
v 27.67110 -150.00557 7650.00000
v 62.44066 -154.43115 7650.00000
v 104.29841 -121.84721 7650.00000
v 132.45907 -118.76021 7650.00000
v 159.06267 -167.66171 7650.00000
v 193.71558 -185.05223 7650.00000
v 225.44867 -168.99847 7650.00000
v 252.46111 -145.93131 7650.00000
v 264.81399 -101.15216 7650.00000
v 286.30374 -84.00038 7650.00000
v 341.28000 -105.34071 7650.00000
v 378.26521 -93.85637 7650.00000
v 382.06665 -53.58839 7650.00000
v 383.98030 -17.70574 7650.00000
v 372.31858 19.46284 7650.00000
v 381.67776 45.47045 7650.00000
v 437.64234 66.51444 7650.00000
v 433.30455 93.18812 8075.00000
v 412.64851 123.87231 8075.00000
v 390.23978 149.95156 8075.00000
v 357.07304 167.95026 8075.00000
v 361.38006 198.91125 8075.00000
v 387.28545 250.11234 8075.00000
v 365.54440 275.33642 8075.00000
v 322.84331 277.06628 8075.00000
v 291.03223 283.10586 8075.00000
v 259.85498 283.55739 8075.00000
v 242.73292 311.49120 8075.00000
v 227.04982 365.45736 8075.00000
v 193.00639 365.50209 8075.00000
v 159.94148 329.94094 8075.00000
v 132.79567 316.75400 8075.00000
v 107.06713 307.70782 8075.00000
v 74.77959 317.74159 8075.00000
v 28.62453 343.39168 8075.00000
v 5.26960 317.26903 8075.00000
v 8.50875 264.12035 8075.00000
v -5.35634 239.62921 8075.00000
v -27.96137 222.88810 8075.00000
v -58.91037 208.05044 8075.00000
v -104.27193 193.39105 8075.00000
v -100.94543 157.49097 8075.00000
v -59.42442 119.82397 8075.00000
v -57.96300 93.18812 8075.00000
v -75.03715 64.65655 8075.00000
v -86.75242 32.38354 8075.00000
v -102.27009 -6.25561 8075.00000
v -73.61575 -29.39217 8075.00000
v -17.01981 -28.95944 8075.00000
v -2.17464 -50.43423 8075.00000
v -2.92733 -90.65276 8075.00000
v 11.96046 -121.19940 8075.00000
v 31.55157 -151.43842 8075.00000
v 68.52705 -147.85194 8075.00000
v 109.48180 -111.53485 8075.00000
v 133.79063 -122.18356 8075.00000
v 159.94148 -161.32661 8075.00000
v 192.01143 -170.93165 8075.00000
v 224.63515 -169.28438 8075.00000
v 248.98546 -141.60155 8075.00000
v 256.92794 -91.60413 8075.00000
v 284.34138 -87.03624 8075.00000
v 334.27939 -103.59869 8075.00000
v 362.36270 -86.14143 8075.00000
v 376.34389 -56.18367 8075.00000
v 376.08544 -20.25297 8075.00000
v 355.07121 19.18518 8075.00000
v 376.04677 39.92295 8075.00000
v 428.26123 60.60821 8075.00000
v 413.83599 84.79165 8500.00000
v 406.66796 114.77110 8500.00000
v 376.05876 138.10327 8500.00000
v 341.29590 153.63724 8500.00000
v 357.05482 188.33733 8500.00000
v 374.30189 232.87577 8500.00000
v 349.93533 253.26785 8500.00000
v 318.68837 264.17904 8500.00000
v 283.89423 264.62387 8500.00000
v 251.31972 259.23456 8500.00000
v 240.49127 297.64928 8500.00000
v 223.53969 343.53567 8500.00000
v 190.23920 335.76915 8500.00000
v 159.76501 314.99264 8500.00000
v 133.83925 298.30956 8500.00000
v 111.43550 280.87219 8500.00000
v 77.21723 302.45228 8500.00000
v 34.13472 324.16019 8500.00000
v 17.51531 290.87594 8500.00000
v 13.28666 250.13154 8500.00000
v 0.56643 225.82930 8500.00000
v -11.97468 203.33500 8500.00000
v -50.90571 195.36018 8500.00000
v -94.55576 181.24280 8500.00000
v -80.03400 143.89680 8500.00000
v -50.95979 110.37828 8500.00000
v -51.68982 84.79165 8500.00000
v -55.46364 58.65816 8500.00000
v -75.93971 26.69566 8500.00000
v -93.97829 -11.44049 8500.00000
v -55.14781 -28.00330 8500.00000
v -8.81834 -31.57303 8500.00000
v 1.48426 -55.43286 8500.00000
v 9.98766 -84.27203 8500.00000
v 19.44543 -118.49636 8500.00000
v 34.97909 -152.96807 8500.00000
v 75.41354 -137.62491 8500.00000
v 112.13207 -108.46280 8500.00000
v 134.12626 -126.36245 8500.00000
v 159.76501 -150.53316 8500.00000
v 189.95218 -163.82204 8500.00000
v 222.84312 -171.12628 8500.00000
v 242.29495 -132.82191 8500.00000
v 250.47535 -88.04244 8500.00000
v 281.96410 -92.24429 8500.00000
v 321.98737 -98.31953 8500.00000
v 349.01749 -82.87141 8500.00000
v 371.14555 -61.11380 8500.00000
v 361.29692 -20.98045 8500.00000
v 340.71843 16.16508 8500.00000
v 371.96447 32.48918 8500.00000
v 411.17180 54.26534 8500.00000
v 399.61684 75.26285 8925.00000
v 397.60817 104.29166 8925.00000
v 356.55397 124.07029 8925.00000
v 330.20225 140.36787 8925.00000
v 350.52691 176.02828 8925.00000
v 356.21398 211.71120 8925.00000
v 337.67449 233.96710 8925.00000
v 313.12474 249.75924 8925.00000
v 272.64896 240.58629 8925.00000
v 244.30454 238.68414 8925.00000
v 237.27888 282.89491 8925.00000
v 217.59979 314.90046 8925.00000
v 187.03478 309.98438 8925.00000
v 158.53443 299.91386 8925.00000
v 134.55667 272.73748 8925.00000
v 113.64404 257.39031 8925.00000
v 77.97878 287.67064 8925.00000
v 41.49104 298.27040 8925.00000
v 26.40229 266.68930 8925.00000
v 15.36566 236.86698 8925.00000
v 10.19023 206.68434 8925.00000
v 0.13249 184.59981 8925.00000
v -46.76299 183.01125 8925.00000
v -79.93718 165.70320 8925.00000
v -62.85692 129.83092 8925.00000
v -47.33640 100.26010 8925.00000
v -40.17382 75.26285 8925.00000
v -38.97591 51.28076 8925.00000
v -70.45716 18.82149 8925.00000
v -81.00915 -15.58404 8925.00000
v -38.88838 -28.35263 8925.00000
v -5.72663 -38.11837 8925.00000
v 8.48646 -57.66805 8925.00000
v 21.48959 -79.42879 8925.00000
v 22.81939 -121.35432 8925.00000
v 39.92363 -150.73114 8925.00000
v 81.32697 -128.31649 8925.00000
v 112.35100 -112.11067 8925.00000
v 134.02387 -126.59971 8925.00000
v 158.53443 -139.87679 8925.00000
v 187.56757 -163.84660 8925.00000
v 218.89283 -169.62083 8925.00000
v 233.93069 -123.54076 8925.00000
v 245.87194 -91.14488 8925.00000
v 276.23186 -95.25131 8925.00000
v 307.00081 -92.32105 8925.00000
v 339.37826 -84.95080 8925.00000
v 362.07310 -65.22975 8925.00000
v 342.65229 -21.36966 8925.00000
v 331.27422 9.75129 8925.00000
v 364.15422 24.58213 8925.00000
v 389.24768 47.24919 8925.00000
v 388.96756 64.72897 9350.00000
v 381.96156 92.13437 9350.00000
v 336.56431 109.17052 9350.00000
v 322.78440 127.88416 9350.00000
v 338.28999 160.26682 9350.00000
v 336.95695 189.45656 9350.00000
v 328.41817 217.24971 9350.00000
v 303.28324 230.68634 9350.00000
v 259.86027 214.82301 9350.00000
v 238.88904 222.16958 9350.00000
v 231.45656 263.01171 9350.00000
v 210.23385 283.71825 9350.00000
v 183.49464 289.04419 9350.00000
v 156.25784 279.94747 9350.00000
v 134.50269 243.89878 9350.00000
v 113.36940 238.73423 9350.00000
v 78.86384 268.80017 9350.00000
v 49.16490 268.77752 9350.00000
v 30.81702 246.46137 9350.00000
v 18.16630 220.60210 9350.00000
v 21.42389 184.18142 9350.00000
v 6.28140 168.25023 9350.00000
v -41.90067 168.73058 9350.00000
v -62.52215 147.70128 9350.00000
v -52.37661 116.15275 9350.00000
v -43.47480 88.98091 9350.00000
v -25.09193 64.72897 9350.00000
v -29.07897 42.22501 9350.00000
v -65.46337 10.07960 9350.00000
v -64.36796 -18.94336 9350.00000
v -28.34148 -32.15623 9350.00000
v -3.80734 -45.75604 9350.00000
v 18.49019 -57.32252 9350.00000
v 28.71101 -79.24164 9350.00000
v 24.64767 -125.94127 9350.00000
v 46.46600 -144.46190 9350.00000
v 84.62904 -124.14065 9350.00000
v 111.14293 -118.30942 9350.00000
v 133.58528 -121.99635 9350.00000
v 156.25784 -134.11202 9350.00000
v 184.41204 -167.14175 9350.00000
v 212.46032 -163.29345 9350.00000
v 225.69136 -118.35219 9350.00000
v 241.58794 -97.85395 9350.00000
v 266.02962 -94.30291 9350.00000
v 292.73853 -89.32588 9350.00000
v 331.35188 -90.39081 9350.00000
v 347.04569 -66.96237 9350.00000
v 324.73080 -23.69246 9350.00000
v 324.63020 0.87376 9350.00000
v 349.65107 17.06182 9350.00000
v 367.56574 39.07155 9350.00000
v 377.36318 53.33068 9775.00000
v 360.25481 78.50201 9775.00000
v 320.04542 94.51594 9775.00000
v 315.04628 114.80559 9775.00000
v 320.29402 141.15946 9775.00000
v 320.13065 168.72697 9775.00000
v 319.20417 200.61879 9775.00000
v 288.74023 206.60586 9775.00000
v 248.15063 191.25220 9775.00000
v 233.41209 206.63787 9775.00000
v 222.59970 236.98111 9775.00000
v 202.59527 254.74836 9775.00000
v 179.25002 269.92855 9775.00000
v 152.95028 253.43408 9775.00000
v 133.10717 216.75339 9775.00000
v 111.27615 222.40927 9775.00000
v 80.71512 243.79913 9775.00000
v 54.90288 240.14440 9775.00000
v 32.02727 228.51790 9775.00000
v 23.58288 199.35628 9775.00000
v 30.66179 161.66883 9775.00000
v 7.85648 153.48170 9775.00000
v -33.38814 151.12863 9775.00000
v -46.71081 129.05215 9775.00000
v -47.51139 102.74005 9775.00000
v -35.68361 76.23498 9775.00000
v -10.96758 53.33068 9775.00000
v -25.24458 31.69391 9775.00000
v -57.00116 1.58230 9775.00000
v -48.04929 -22.89839 9775.00000
v -23.55579 -39.30684 9775.00000
v 0.54070 -51.87005 9775.00000
v 28.53443 -56.89214 9775.00000
v 31.22930 -84.06389 9775.00000
v 27.55361 -128.33774 9775.00000
v 52.94579 -137.21194 9775.00000
v 84.89571 -126.11445 9775.00000
v 109.66164 -122.29821 9775.00000
v 132.44192 -115.57084 9775.00000
v 152.95028 -134.89668 9775.00000
v 179.91527 -168.74600 9775.00000
v 204.20978 -154.63730 9775.00000
v 218.41910 -119.29643 9775.00000
v 235.36918 -103.70541 9775.00000
v 252.62428 -91.07205 9775.00000
v 281.09381 -91.31346 9775.00000
v 321.33153 -95.84209 9775.00000
v 327.44643 -67.11531 9775.00000
v 310.46167 -29.33767 9775.00000
v 316.38475 -8.65184 9775.00000
v 329.53519 9.80641 9775.00000
v 349.81578 29.42688 9775.00000
v 360.75510 41.22021 10200.00000
v 336.27150 64.00358 10200.00000
v 307.55017 80.38963 10200.00000
v 302.99004 99.75990 10200.00000
v 299.61345 120.46057 10200.00000
v 306.65678 150.29577 10200.00000
v 306.71203 181.26551 10200.00000
v 271.54357 179.95694 10200.00000
v 238.46443 171.36270 10200.00000
v 225.77351 188.19811 10200.00000
v 211.65867 207.40377 10200.00000
v 195.21585 230.21199 10200.00000
v 173.76819 248.22257 10200.00000
v 148.63355 222.66954 10200.00000
v 130.07771 194.04137 10200.00000
v 108.47928 204.13251 10200.00000
v 82.97379 214.35078 10200.00000
v 57.31191 215.21907 10200.00000
v 32.59336 209.33345 10200.00000
v 30.90293 174.11060 10200.00000
v 35.35229 141.57865 10200.00000
v 8.42179 138.00140 10200.00000
v -21.70037 130.61835 10200.00000
v -36.01685 111.24887 10200.00000
v -44.28086 88.76934 10200.00000
v -23.94766 62.17536 10200.00000
v -1.84840 41.22021 10200.00000
v -23.68820 20.29656 10200.00000
v -44.51672 -6.38706 10200.00000
v -36.05012 -28.82107 10200.00000
v -21.45600 -48.04968 10200.00000
v 8.23996 -55.68649 10200.00000
v 35.29942 -59.18508 10200.00000
v 31.09298 -91.45567 10200.00000
v 32.48217 -127.05412 10200.00000
v 57.26327 -132.87133 10200.00000
v 83.07769 -131.63639 10200.00000
v 108.43915 -121.85490 10200.00000
v 130.06117 -111.73713 10200.00000
v 148.63355 -139.93395 10200.00000
v 173.78473 -165.91833 10200.00000
v 195.25597 -147.93438 10200.00000
v 211.55476 -124.68938 10200.00000
v 225.82215 -105.85038 10200.00000
v 238.57562 -89.08338 10200.00000
v 271.35353 -97.30201 10200.00000
v 306.76490 -98.87194 10200.00000
v 306.83861 -67.98086 10200.00000
v 299.36907 -37.89190 10200.00000
v 303.02330 -17.33210 10200.00000
v 307.78603 1.99264 10200.00000
v 336.01204 18.46834 10200.00000
v 338.22049 28.55926 10625.00000
v 314.18112 49.30360 10625.00000
v 296.26540 66.25293 10625.00000
v 285.28648 82.39392 10625.00000
v 280.06253 100.31880 10625.00000
v 294.48773 132.89166 10625.00000
v 289.52429 158.07064 10625.00000
v 254.58457 154.13276 10625.00000
v 229.64763 153.60302 10625.00000
v 214.89429 164.90190 10625.00000
v 200.18531 178.45814 10625.00000
v 187.73862 208.70714 10625.00000
v 166.74015 221.30849 10625.00000
v 143.33616 192.02758 10625.00000
v 125.57728 174.81683 10625.00000
v 105.76728 180.98222 10625.00000
v 84.22628 184.41922 10625.00000
v 56.70157 193.62769 10625.00000
v 34.53507 186.18485 10625.00000
v 37.59394 147.91756 10625.00000
v 35.58750 124.01624 10625.00000
v 11.11984 119.82160 10625.00000
v -9.99746 109.03496 10625.00000
v -30.81943 94.60777 10625.00000
v -38.76582 73.44337 10625.00000
v -11.50209 47.36003 10625.00000
v 1.34337 28.55926 10625.00000
v -20.23978 8.69755 10625.00000
v -30.82268 -14.36704 10625.00000
v -29.69910 -37.06435 10625.00000
v -18.22735 -56.23581 10625.00000
v 17.24330 -58.47636 10625.00000
v 37.36815 -65.32021 10625.00000
v 31.19372 -98.02338 10625.00000
v 38.27962 -123.64142 10625.00000
v 58.33969 -133.38798 10625.00000
v 80.72703 -136.52744 10625.00000
v 107.11865 -118.38094 10625.00000
v 126.13410 -113.11241 10625.00000
v 143.33616 -144.84954 10625.00000
v 166.18333 -159.60408 10625.00000
v 186.38725 -146.10586 10625.00000
v 203.68455 -130.56636 10625.00000
v 213.25617 -104.66219 10625.00000
v 225.90309 -91.05958 10625.00000
v 260.98479 -104.23858 10625.00000
v 287.74365 -99.37461 10625.00000
v 288.36427 -71.54641 10625.00000
v 288.29241 -47.51965 10625.00000
v 284.16615 -24.85051 10625.00000
v 288.32226 -7.17660 10625.00000
v 322.91881 6.75398 10625.00000
v 312.21747 15.51693 11050.00000
v 295.73900 34.78004 11050.00000
v 282.30885 51.30941 11050.00000
v 263.85583 63.59171 11050.00000
v 263.58872 81.90698 11050.00000
v 280.34649 114.39765 11050.00000
v 268.85850 132.25094 11050.00000
v 239.59265 131.21507 11050.00000
v 219.48821 134.88693 11050.00000
v 201.33016 137.91054 11050.00000
v 189.24769 153.03744 11050.00000
v 179.28221 186.68513 11050.00000
v 158.27858 189.99554 11050.00000
v 137.09304 164.90638 11050.00000
v 120.08038 155.62878 11050.00000
v 103.13685 153.28262 11050.00000
v 83.26725 157.44389 11050.00000
v 54.69207 172.51888 11050.00000
v 38.07349 158.97152 11050.00000
v 41.22719 123.72711 11050.00000
v 33.74215 107.07783 11050.00000
v 16.65246 98.65106 11050.00000
v -1.67876 88.34999 11050.00000
v -28.47009 78.30675 11050.00000
v -29.68734 56.62460 11050.00000
v -2.26831 32.43846 11050.00000
v 1.06619 15.51693 11050.00000
v -13.14364 -2.72510 11050.00000
v -19.80094 -23.15396 11050.00000
v -27.07568 -46.74405 11050.00000
v -11.92206 -62.69223 11050.00000
v 24.27400 -62.35643 11050.00000
v 35.95842 -74.08053 11050.00000
v 33.26118 -101.68501 11050.00000
v 42.73413 -121.18555 11050.00000
v 56.73095 -137.60024 11050.00000
v 78.91193 -137.89406 11050.00000
v 104.81884 -115.42467 11050.00000
v 120.77344 -118.88710 11050.00000
v 137.09304 -146.24491 11050.00000
v 157.58553 -153.25387 11050.00000
v 177.60023 -148.82718 11050.00000
v 193.60301 -133.48762 11050.00000
v 199.29128 -102.99190 11050.00000
v 214.82757 -97.10097 11050.00000
v 247.55866 -109.17297 11050.00000
v 266.64223 -99.25363 11050.00000
v 272.72495 -78.10301 11050.00000
v 273.83202 -56.24922 11050.00000
v 262.46141 -32.02902 11050.00000
v 272.42246 -17.83877 11050.00000
v 306.61433 -5.06668 11050.00000
v 286.53836 2.26738 11475.00000
v 279.44986 20.42051 11475.00000
v 263.47605 35.17973 11475.00000
v 242.19618 44.83849 11475.00000
v 249.23822 64.87709 11475.00000
v 262.09085 93.48080 11475.00000
v 247.44244 106.36068 11475.00000
v 226.15590 110.86659 11475.00000
v 206.34902 112.95715 11475.00000
v 186.71586 110.43446 11475.00000
v 178.80443 131.09806 11475.00000
v 169.11892 161.20064 11475.00000
v 148.81265 157.65318 11475.00000
v 129.94540 141.70096 11475.00000
v 114.04098 133.25201 11475.00000
v 99.92044 124.08342 11475.00000
v 79.89982 134.22673 11475.00000
v 52.99106 148.89161 11475.00000
v 41.73808 130.05773 11475.00000
v 41.10639 102.54589 11475.00000
v 32.62332 88.48721 11475.00000
v 23.14984 75.98303 11475.00000
v 1.93624 69.45177 11475.00000
v -25.42075 61.18999 11475.00000
v -18.89658 38.95364 11475.00000
v 1.87019 17.81853 11475.00000
v 1.11258 2.26738 11475.00000
v -3.89485 -13.98376 11475.00000
v -13.65578 -33.12713 11475.00000
v -24.68156 -56.37489 11475.00000
v -3.49375 -67.76688 11475.00000
v 27.19004 -68.65952 11475.00000
v 33.79817 -82.91162 11475.00000
v 36.88360 -102.77767 11475.00000
v 44.20870 -121.94366 11475.00000
v 54.07188 -142.29752 11475.00000
v 77.59105 -135.77968 11475.00000
v 100.81206 -115.93118 11475.00000
v 114.40837 -125.69152 11475.00000
v 129.94540 -143.72482 11475.00000
v 148.44526 -150.09269 11475.00000
v 168.22730 -153.04841 11475.00000
v 181.11319 -132.65101 11475.00000
v 185.63504 -103.84037 11475.00000
v 203.87841 -104.84308 11475.00000
v 230.37870 -111.09838 11475.00000
v 246.26759 -100.78509 11475.00000
v 258.05065 -86.15729 11475.00000
v 254.66822 -63.19220 11475.00000
v 241.45699 -40.02339 11475.00000
v 258.23524 -29.35322 11475.00000
v 285.21490 -16.58575 11475.00000
v 263.62361 -11.01244 11900.00000
v 262.03665 5.99832 11900.00000
v 240.51211 18.21286 11900.00000
v 222.86081 27.26163 11900.00000
v 234.21569 47.91418 11900.00000
v 240.01753 70.49033 11900.00000
v 227.51503 82.51854 11900.00000
v 212.31550 90.99998 11900.00000
v 190.21091 87.89450 11900.00000
v 172.55469 85.42507 11900.00000
v 167.91129 110.20288 11900.00000
v 157.16786 131.91107 11900.00000
v 138.78642 127.72720 11900.00000
v 121.94038 120.06261 11900.00000
v 107.62021 106.92478 11900.00000
v 95.35049 96.86698 11900.00000
v 74.95791 112.87013 11900.00000
v 52.26954 121.73424 11900.00000
v 43.60700 102.47305 11900.00000
v 38.52503 83.14402 11900.00000
v 33.56524 67.28110 11900.00000
v 27.79723 53.96988 11900.00000
v 2.23425 51.81418 11900.00000
v -19.68726 42.69984 11900.00000
v -9.68452 21.43018 11900.00000
v 2.07646 3.54167 11900.00000
v 3.92314 -11.01244 11900.00000
v 4.22969 -25.30511 11900.00000
v -11.64194 -43.93753 11900.00000
v -19.96335 -64.82943 11900.00000
v 4.26234 -72.77464 11900.00000
v 26.28823 -77.03635 11900.00000
v 33.12643 -89.69473 11900.00000
v 40.10223 -103.38861 11900.00000
v 42.68423 -125.83480 11900.00000
v 51.86586 -144.52828 11900.00000
v 75.82023 -132.62128 11900.00000
v 95.01747 -120.24298 11900.00000
v 107.48299 -130.07977 11900.00000
v 121.94038 -139.63787 11900.00000
v 138.92364 -150.88218 11900.00000
v 157.50088 -155.28707 11900.00000
v 167.04897 -129.95403 11900.00000
v 172.95837 -108.21911 11900.00000
v 191.13368 -111.25625 11900.00000
v 210.73830 -111.24458 11900.00000
v 227.95383 -104.93217 11900.00000
v 241.52653 -93.55681 11900.00000
v 232.18760 -68.87465 11900.00000
v 223.13690 -49.39122 11900.00000
v 242.46953 -40.72021 11900.00000
v 259.88342 -27.76176 11900.00000
v 243.15457 -24.14521 12325.00000
v 240.92702 -8.62794 12325.00000
v 216.21687 1.26323 12325.00000
v 205.91631 11.04369 12325.00000
v 216.05656 29.87439 12325.00000
v 216.34183 47.09622 12325.00000
v 209.42900 61.16755 12325.00000
v 196.13481 69.54695 12325.00000
v 172.48305 61.84136 12325.00000
v 159.26234 63.75108 12325.00000
v 155.51703 87.61808 12325.00000
v 143.98749 101.04527 12325.00000
v 128.39128 101.53610 12325.00000
v 113.13080 96.98719 12325.00000
v 100.65302 78.61859 12325.00000
v 89.12047 73.26856 12325.00000
v 69.63018 90.55652 12325.00000
v 51.89465 92.53053 12325.00000
v 42.69257 77.90219 12325.00000
v 35.64327 63.32014 12325.00000
v 35.78089 44.38084 12325.00000
v 28.89039 34.00175 12325.00000
v 2.01871 34.17092 12325.00000
v -11.92012 23.28035 12325.00000
v -4.33562 4.80766 12325.00000
v 1.37119 -10.57514 12325.00000
v 9.17929 -24.14521 12325.00000
v 8.65768 -36.83054 12325.00000
v -10.95952 -54.73073 12325.00000
v -12.85438 -71.92509 12325.00000
v 8.88173 -78.85935 12325.00000
v 23.78395 -85.81689 12325.00000
v 34.29598 -93.98677 12325.00000
v 40.98050 -105.58607 12325.00000
v 39.56994 -130.71652 12325.00000
v 50.52860 -143.42375 12325.00000
v 72.54825 -131.15262 12325.00000
v 87.99353 -126.13112 12325.00000
v 100.18867 -130.73325 12325.00000
v 113.13080 -136.98809 12325.00000
v 128.85563 -153.65076 12325.00000
v 145.11442 -153.90783 12325.00000
v 152.59896 -128.21417 12325.00000
v 160.62839 -114.64430 12325.00000
v 175.60568 -114.65570 12325.00000
v 190.79758 -111.81287 12325.00000
v 210.91390 -110.77348 12325.00000
v 221.44828 -98.91136 12325.00000
v 209.19353 -74.56282 12325.00000
v 206.85057 -59.68843 12325.00000
v 222.84077 -51.18629 12325.00000
v 233.64054 -38.77774 12325.00000
v 222.73163 -36.95553 12750.00000
v 215.91243 -23.31527 12750.00000
v 193.27714 -14.84589 12750.00000
v 189.31910 -4.43701 12750.00000
v 194.27154 10.64579 12750.00000
v 193.44460 25.07711 12750.00000
v 191.74170 41.15352 12750.00000
v 177.03615 45.96519 12750.00000
v 154.86874 37.35657 12750.00000
v 146.09154 44.05335 12750.00000
v 141.22396 62.31713 12750.00000
v 130.33657 71.62124 12750.00000
v 117.51228 77.82994 12750.00000
v 103.57480 71.05682 12750.00000
v 92.84600 51.40414 12750.00000
v 81.55597 52.37840 12750.00000
v 64.64065 65.70540 12750.00000
v 50.59405 63.99086 12750.00000
v 39.49779 55.87604 12750.00000
v 33.93509 41.65145 12750.00000
v 37.25686 21.79704 12750.00000
v 26.84726 16.00566 12750.00000
v 3.43852 15.60004 12750.00000
v -4.52198 4.04017 12750.00000
v -2.70928 -10.75886 12750.00000
v 2.34683 -24.66423 12750.00000
v 14.48146 -36.95553 12750.00000
v 9.18064 -48.41706 12750.00000
v -8.92166 -64.68342 12750.00000
v -5.39819 -78.28354 12750.00000
v 9.87517 -86.13289 12750.00000
v 22.05806 -93.22247 12750.00000
v 35.86420 -96.94189 12750.00000
v 38.94074 -109.91230 12750.00000
v 36.56916 -134.02997 12750.00000
v 49.31286 -140.34302 12750.00000
v 67.37743 -132.40016 12750.00000
v 80.49905 -130.57756 12750.00000
v 92.41050 -128.90186 12750.00000
v 103.57480 -137.19336 12750.00000
v 117.94778 -155.32766 12750.00000
v 131.39350 -149.82040 12750.00000
v 138.48718 -129.01189 12750.00000
v 147.37273 -120.40551 12750.00000
v 157.79738 -115.51049 12750.00000
v 172.03050 -114.22604 12750.00000
v 193.13435 -116.29837 12750.00000
v 198.23380 -102.29392 12750.00000
v 187.83489 -81.17864 12750.00000
v 190.19532 -69.80636 12750.00000
v 199.48952 -60.59639 12750.00000
v 209.07863 -49.76602 12750.00000
v 199.88684 -49.27234 13175.00000
v 188.93690 -37.66422 13175.00000
v 172.50344 -29.75918 13175.00000
v 170.69151 -19.93505 13175.00000
v 170.39027 -8.83084 13175.00000
v 172.27018 5.21239 13175.00000
v 172.53137 20.88914 13175.00000
v 156.00673 21.46894 13175.00000
v 138.20150 15.72739 13175.00000
v 131.87185 24.15268 13175.00000
v 125.48899 35.50964 13175.00000
v 116.66632 45.38485 13175.00000
v 105.89689 54.18065 13175.00000
v 93.33542 43.25408 13175.00000
v 84.03751 27.30282 13175.00000
v 73.32885 31.89752 13175.00000
v 59.87488 38.95586 13175.00000
v 47.46476 38.12691 13175.00000
v 35.46761 34.56365 13175.00000
v 33.34270 18.44544 13175.00000
v 36.36216 1.20156 13175.00000
v 23.61209 -1.14580 13175.00000
v 6.67956 -3.79184 13175.00000
v 0.31245 -13.99338 13175.00000
v -2.69798 -25.60223 13175.00000
v 5.52072 -38.60971 13175.00000
v 17.36173 -49.27234 13175.00000
v 7.74261 -59.66519 13175.00000
v -4.71782 -73.44030 13175.00000
v 0.02757 -84.65934 13175.00000
v 8.77232 -93.65448 13175.00000
v 22.05496 -98.47369 13175.00000
v 35.90936 -100.14739 13175.00000
v 34.97020 -115.15306 13175.00000
v 34.51542 -134.48782 13175.00000
v 47.04820 -137.46527 13175.00000
v 60.76469 -135.15430 13175.00000
v 72.98521 -131.83640 13175.00000
v 83.89592 -127.01364 13175.00000
v 93.33542 -139.27102 13175.00000
v 106.03848 -153.89147 13175.00000
v 117.00996 -145.32374 13175.00000
v 124.59917 -131.70807 13175.00000
v 132.28840 -123.49105 13175.00000
v 139.15369 -115.65157 13175.00000
v 154.37924 -118.17656 13175.00000
v 172.98416 -119.83497 13175.00000
v 173.82730 -104.83188 13175.00000
v 168.29751 -88.61548 13175.00000
v 170.97639 -78.71768 13175.00000
v 174.52328 -69.28335 13175.00000
v 186.71501 -60.61068 13175.00000
v 173.82966 -60.93116 13600.00000
v 162.42548 -51.22404 13600.00000
v 152.65334 -43.63504 13600.00000
v 149.05308 -35.68340 13600.00000
v 146.59737 -27.27988 13600.00000
v 151.97969 -12.95913 13600.00000
v 150.84217 -0.36775 13600.00000
v 134.68715 -2.00171 13600.00000
v 122.07308 -3.57100 13600.00000
v 115.93018 2.80241 13600.00000
v 109.20194 9.52822 13600.00000
v 102.90991 21.95536 13600.00000
v 93.39606 28.96889 13600.00000
v 82.48022 15.97514 13600.00000
v 74.32856 6.20383 13600.00000
v 64.97906 10.07383 13600.00000
v 54.65151 12.44711 13600.00000
v 42.56924 15.11286 13600.00000
v 31.87512 12.38299 13600.00000
v 32.63297 -4.66524 13600.00000
v 32.94049 -17.04279 13600.00000
v 21.09545 -18.56031 13600.00000
v 10.23118 -23.01193 13600.00000
v 2.10578 -30.44915 13600.00000
v -1.97759 -40.11418 13600.00000
v 9.39465 -52.05696 13600.00000
v 17.02959 -60.93116 13600.00000
v 6.76866 -70.12420 13600.00000
v 0.40960 -81.15975 13600.00000
v 2.44248 -91.28547 13600.00000
v 7.75781 -100.14850 13600.00000
v 22.93577 -102.03172 13600.00000
v 33.47564 -104.34542 13600.00000
v 30.70948 -119.36825 13600.00000
v 33.00049 -132.61492 13600.00000
v 43.06155 -136.03715 13600.00000
v 53.59987 -137.08239 13600.00000
v 65.38520 -130.28838 13600.00000
v 74.49590 -126.68792 13600.00000
v 82.48022 -140.82492 13600.00000
v 93.22871 -149.45298 13600.00000
v 102.50377 -142.16991 13600.00000
v 110.25358 -134.16350 13600.00000
v 115.43786 -123.72670 13600.00000
v 120.94771 -116.66094 13600.00000
v 136.61064 -122.03177 13600.00000
v 150.30703 -121.02047 13600.00000
v 150.13938 -107.63290 13600.00000
v 149.07074 -95.88056 13600.00000
v 148.71638 -86.05122 13600.00000
v 150.26615 -77.63889 13600.00000
v 165.05146 -70.95712 13600.00000
v 222.90890 -191.69669 1100.00000
v 160.38290 -159.45104 1029.78511
v 121.44446 -81.56214 981.86294
v 118.45628 17.24081 971.44846
v 152.36707 105.58859 1001.84819
v 212.41040 155.43140 1063.41042
v 279.52293 150.94449 1136.58958
v 332.39692 93.55243 1198.15181
v 354.24524 1.47680 1228.55154
v 338.13120 -96.04905 1218.13706
v 289.17091 -168.06135 1170.21489
v 1511.28055 -166.18397 -80.00000
v 1488.24092 -154.30207 -105.87284
v 1473.89286 -125.60151 -123.53123
v 1472.79177 -89.19453 -127.36876
v 1485.28724 -56.64007 -116.16705
v 1507.41205 -38.27396 -93.48256
v 1532.14173 -39.92730 -66.51744
v 1551.62477 -61.07516 -43.83295
v 1559.67546 -95.00326 -32.63124
v 1553.73774 -130.93966 -36.46877
v 1535.69682 -157.47480 -54.12716
v 291.36686 -39.26005 1100.00000
v 221.36844 -46.29600 1029.78511
v 146.27463 -2.20744 981.86294
v 89.92719 79.00782 971.44846
v 70.21602 171.56452 1001.84819
v 93.39930 246.07655 1063.41042
v 152.11648 278.88687 1136.58958
v 227.72528 259.57844 1198.15181
v 296.22044 194.28154 1228.55154
v 335.85524 103.72749 1218.13706
v 334.04589 16.66655 1170.21489
v 1357.72927 684.22016 -80.00000
v 1331.93620 681.62755 -105.87284
v 1304.26558 697.87334 -123.53123
v 1283.50263 727.79960 -127.36876
v 1276.23945 761.90495 -116.16705
v 1284.78204 789.36120 -93.48256
v 1306.41819 801.45117 -66.51744
v 1334.27857 794.33639 -43.83295
v 1359.51772 770.27574 -32.63124
v 1374.12238 736.90832 -36.46877
v 1373.45567 704.82804 -54.12716
v 252.33792 150.86939 1100.00000
v 201.97830 101.74514 1029.78511
v 115.77393 89.42895 981.86294
v 21.09410 117.83113 971.44846
v -52.00101 177.93417 1001.84819
v -80.30423 250.65579 1063.41042
v -54.82948 312.90739 1136.58958
v 16.33518 344.92453 1198.15181
v 110.59549 336.54198 1228.55154
v 198.02445 290.42116 1218.13706
v 250.86399 221.20509 1170.21489
v 635.45944 1381.22312 -80.00000
v 616.90288 1363.12178 -105.87284
v 585.13824 1358.58350 -123.53123
v 550.25054 1369.04916 -127.36876
v 523.31640 1391.19597 -116.16705
v 512.88721 1417.99249 -93.48256
v 522.27417 1440.93100 -66.51744
v 548.49697 1452.72870 -43.83295
v 583.23008 1449.63989 -32.63124
v 615.44597 1432.64526 -36.46877
v 634.91632 1407.14047 -54.12716
v 123.56974 266.77054 1100.00000
v 109.61624 197.81705 1029.78511
v 45.31426 139.09622 981.86294
v -48.92080 109.25150 971.44846
v -143.16996 117.75838 1001.84819
v -207.50979 161.91598 1063.41042
v -221.51284 227.70457 1136.58958
v -180.73324 294.23675 1198.15181
v -98.11823 340.38902 1228.55154
v 0.10251 351.50835 1218.13706
v 82.74459 324.06444 1170.21489
v -252.65796 1499.24980 -80.00000
v -257.79955 1473.84177 -105.87284
v -281.49359 1452.20427 -123.53123
v -316.21740 1441.20707 -127.36876
v -350.94640 1444.34169 -116.16705
v -374.65438 1460.61291 -93.48256
v -379.81423 1484.85474 -66.51744
v -364.78774 1509.37057 -43.83295
v -334.34570 1526.37679 -32.63124
v -298.15325 1530.47405 -36.46877
v -267.70124 1520.36150 -54.12716
v -27.42749 292.71784 1100.00000
v -4.79425 226.10688 1029.78511
v -30.82121 143.00767 981.86294
v -97.24500 69.80362 971.44846
v -182.97654 29.73650 1001.84819
v -260.79667 35.52733 1063.41042
v -305.99805 85.33757 1136.58958
v -304.22956 163.35282 1198.15181
v -256.05268 244.80379 1228.55154
v -176.76323 303.83036 1218.13706
v -91.53506 321.69203 1170.21489
v -972.65739 1168.55620 -80.00000
v -964.31748 1144.01135 -105.87284
v -973.90791 1113.39089 -123.53123
v -998.38380 1086.41661 -127.36876
v -1029.97422 1071.65264 -116.16705
v -1058.64944 1073.78646 -93.48256
v -1075.30528 1092.14057 -66.51744
v -1074.65362 1120.88768 -43.83295
v -1056.90137 1150.90080 -32.63124
v -1027.68474 1172.65095 -36.46877
v -996.27980 1179.23263 -54.12716
v -167.56844 241.57156 1100.00000
v -115.15495 194.64492 1029.78511
v -97.04441 109.46928 981.86294
v -118.98680 13.08730 971.44846
v -174.01555 -63.90041 1001.84819
v -244.65943 -97.05081 1063.41042
v -308.48950 -75.83887 1136.58958
v -345.24018 -6.99924 1198.15181
v -343.24337 87.61198 1228.55154
v -303.13305 177.95641 1218.13706
v -237.64397 235.35033 1170.21489
v -1420.98957 540.71679 -80.00000
v -1401.67621 523.42523 -105.87284
v -1395.00282 492.03965 -123.53123
v -1403.08817 456.52475 -127.36876
v -1423.36520 428.15626 -116.16705
v -1449.39611 415.94098 -93.48256
v -1472.91626 423.75717 -66.51744
v -1486.45818 449.12324 -43.83295
v -1485.72239 483.98566 -32.63124
v -1470.94251 517.27584 -36.46877
v -1446.81105 538.42439 -54.12716
v -263.85215 129.68440 1100.00000
v -195.23851 114.14565 1029.78511
v -138.01506 48.50757 981.86294
v -110.34982 -46.39021 971.44846
v -121.02633 -140.41831 1001.84819
v -166.65485 -203.72348 1063.41042
v -232.74867 -216.20677 1136.58958
v -298.32345 -173.90483 1198.15181
v -342.55967 -90.24822 1228.55154
v -351.41265 8.20268 1218.13706
v -322.07161 90.19039 1170.21489
v -1504.67394 -218.04202 -80.00000
v -1479.39114 -223.76776 -105.87284
v -1458.30540 -247.95412 -123.53123
v -1448.11130 -282.92212 -127.36876
v -1452.04538 -317.56967 -116.16705
v -1468.85861 -340.89640 -93.48256
v -1493.21291 -345.49625 -66.51744
v -1517.37595 -329.90880 -43.83295
v -1533.67615 -299.08296 -32.63124
v -1536.93830 -262.80570 -36.46877
v -1526.12669 -232.59481 -54.12716
v -282.42091 -81.69718 1100.00000
v -221.21927 -47.00363 1029.78511
v -134.71835 -57.02724 981.86294
v -50.38159 -108.58559 971.44846
v 5.01469 -185.30927 1001.84819
v 13.88257 -262.83906 1063.41042
v -26.59345 -316.55978 1136.58958
v -103.56252 -329.41550 1198.15181
v -192.58749 -297.32461 1228.55154
v -265.40358 -230.47575 1218.13706
v -298.89219 -150.09295 1170.21489
v -965.99234 -1174.07189 -80.00000
v -943.44072 -1161.28798 -105.87284
v -911.56680 -1164.98149 -123.53123
v -880.49033 -1183.97975 -127.36876
v -860.07786 -1212.25095 -116.16705
v -856.81022 -1240.81918 -93.48256
v -871.72486 -1260.61423 -66.51744
v -900.08647 -1265.35131 -43.83295
v -932.89046 -1253.52644 -32.63124
v -959.72179 -1228.89392 -36.46877
v -972.06169 -1199.27441 -54.12716
v -224.45177 -189.88787 1100.00000
v -182.74894 -133.22962 1029.78511
v -99.69393 -107.06195 981.86294
v -1.65612 -119.69291 971.44846
v 80.23818 -167.11226 1001.84819
v 119.98811 -234.26470 1063.41042
v 104.97334 -299.82979 1136.58958
v 39.96097 -342.99109 1198.15181
v -54.40805 -350.04519 1228.55154
v -148.17221 -318.75245 1218.13706
v -211.56206 -259.04811 1170.21489
v -402.44140 -1466.16061 -80.00000
v -387.07471 -1445.28313 -105.87284
v -356.47054 -1435.64085 -123.53123
v -320.34550 -1440.29512 -127.36876
v -290.16902 -1457.76823 -116.16705
v -275.52194 -1482.51261 -93.48256
v -281.05459 -1506.67209 -66.51744
v -305.01040 -1522.57619 -43.83295
v -339.78356 -1525.17549 -32.63124
v -374.33385 -1513.64472 -36.46877
v -397.69179 -1491.64482 -54.12716
v -82.22387 -282.26802 1100.00000
v -78.75440 -212.00248 1029.78511
v -23.97179 -144.31387 981.86294
v 64.73086 -100.69286 971.44846
v 159.19109 -94.98879 1001.84819
v 229.41845 -129.01268 1063.41042
v 253.11624 -191.96218 1136.58958
v 222.76058 -263.85127 1198.15181
v 147.98919 -321.85567 1228.55154
v 52.54144 -347.55939 1218.13706
v -33.27867 -332.80168 1170.21489
v 474.34001 -1444.50253 -80.00000
v 475.61844 -1418.61103 -105.87284
v 495.80477 -1393.66909 -123.53123
v 528.48999 -1377.59558 -127.36876
v 563.29676 -1375.49374 -116.16705
v 589.17419 -1388.03089 -93.48256
v 597.90637 -1411.22657 -66.51744
v 586.72090 -1437.71631 -43.83295
v 559.16908 -1459.08981 -32.63124
v 523.99842 -1468.56114 -36.46877
v 492.37537 -1463.12321 -54.12716
v 88.09853 -280.49002 1100.00000
v 52.02217 -220.09316 1029.78511
v 60.07609 -133.38667 981.86294
v 109.70323 -47.89924 971.44846
v 185.14731 9.22748 1001.84819
v 262.45539 19.85615 1063.41042
v 317.08268 -19.38775 1136.58958
v 331.68541 -96.04456 1198.15181
v 301.62732 -185.77629 1228.55154
v 236.45164 -260.09374 1218.13706
v 156.85118 -295.40166 1170.21489
v 1195.73571 -939.04319 -80.00000
v 1182.44226 -916.78812 -105.87284
v 1185.40998 -884.83845 -123.53123
v 1203.69662 -853.33797 -127.36876
v 1231.49631 -832.28788 -116.16705
v 1259.98285 -828.37142 -93.48256
v 1280.11195 -842.83204 -66.51744
v 1285.49278 -871.07860 -43.83295
v 1274.41695 -904.14301 -32.63124
v 1250.40097 -931.52756 -36.46877
v 1221.06973 -944.53785 -54.12716
v -4.59786 -55.45973 6392.00000
v 1.42047 -42.89439 6356.57436
v 6.77414 -10.25828 6337.72476
v 8.95812 27.17779 6344.27116
v 6.95049 51.89707 6373.15041
v 1.69065 52.33314 6410.84959
v -4.36026 28.28194 6439.72884
v -8.37096 -9.00268 6446.27524
v -8.46480 -42.07486 6427.42564
v 1956.98800 -176.29102 6667.08075
v 1958.50205 -173.12992 6658.16864
v 1959.84888 -164.91958 6653.42660
v 1960.39831 -155.50170 6655.07349
v 1959.89325 -149.28302 6662.33871
v 1958.57002 -149.17331 6671.82278
v 1957.04777 -155.22393 6679.08800
v 1956.03879 -164.60371 6680.73489
v 1956.01519 -172.92375 6675.99286
v 50.81382 -22.69093 6392.00000
v 40.94788 -12.85368 6356.57436
v 11.92198 2.99795 6337.72476
v -22.68235 17.44681 6344.27116
v -46.67336 23.73211 6373.15041
v -48.82538 18.91289 6410.84959
v -28.13147 5.24412 6439.72884
v 5.72547 -10.87843 6446.27524
v 36.90340 -21.91085 6427.42564
v 747.51856 1639.64934 6644.27355
v 745.03657 1642.12412 6635.36144
v 737.73445 1646.11195 6630.61940
v 729.02896 1649.74688 6632.26629
v 722.99349 1651.32809 6639.53151
v 722.45210 1650.11571 6649.01559
v 727.65812 1646.67702 6656.28081
v 736.17558 1642.62103 6657.92770
v 744.01909 1639.84558 6653.18566
v 30.11032 46.80055 6392.00000
v 18.89493 38.53476 6356.57436
v -1.16161 12.23814 6337.72476
v -20.67462 -19.78485 6344.27116
v -30.51374 -42.55029 6373.15041
v -26.07515 -45.40597 6410.84959
v -9.43570 -27.01570 6439.72884
v 11.61882 4.01552 6446.27524
v 27.23676 33.16783 6427.42564
v -1311.80832 860.63246 6611.64092
v -1314.62980 858.55302 6602.72881
v -1319.67547 851.93752 6597.98677
v -1324.58441 843.88142 6599.63366
v -1327.05966 838.15427 6606.89888
v -1325.94303 837.43585 6616.38295
v -1321.75700 842.06234 6623.64817
v -1316.46027 849.86893 6625.29507
v -1312.53123 857.20285 6620.55303
v -28.80124 47.61734 6392.00000
v -26.30674 33.91020 6356.57436
v -11.50302 4.33610 6337.72476
v 8.68308 -27.26691 6344.27116
v 24.80628 -46.11143 6373.15041
v 29.32234 -43.37990 6410.84959
v 20.11815 -20.35043 6439.72884
v 1.50046 12.20123 6446.27524
v -17.81932 39.04380 6427.42564
v -1398.25644 -829.37043 6619.59283
v -1397.62890 -832.81877 6610.68072
v -1393.90469 -840.25879 6605.93868
v -1388.82643 -848.20923 6607.58557
v -1384.77028 -852.94999 6614.85079
v -1383.63416 -852.26282 6624.33486
v -1385.94968 -846.46924 6631.60008
v -1390.63338 -838.28014 6633.24698
v -1395.49370 -831.52729 6628.50494
v -55.32047 -6.04714 6392.00000
v -41.83901 -9.56260 6356.57436
v -8.78061 -8.60361 6337.72476
v 28.38633 -3.61890 6344.27116
v 52.27100 3.05914 6373.15041
v 51.69748 8.30577 6410.84959
v 26.93414 9.66604 6439.72884
v -10.43199 6.50346 6446.27524
v -42.91687 0.29784 6427.42564
v 173.75402 -1718.37358 6633.79107
v 177.14558 -1719.25797 6624.87896
v 185.46216 -1719.01671 6620.13693
v 194.81233 -1717.76270 6621.78382
v 200.82105 -1716.08269 6629.04904
v 200.67677 -1714.76278 6638.53311
v 194.44700 -1714.42057 6645.79833
v 185.04672 -1715.21619 6647.44522
v 176.87442 -1716.77735 6642.70319
v 50.87424 6.11143 6963.20000
v 38.42727 9.21559 6930.58167
v 7.99976 8.00768 6913.22582
v -26.17093 3.05289 6919.25344
v -48.09595 -3.33039 6945.84415
v -47.51634 -8.15534 6980.55585
v -24.70330 -9.16431 7007.14656
v 9.66868 -5.88520 7013.17418
v 39.51658 0.14766 6995.81833
v -185.42027 1660.90061 7197.16239
v -188.82109 1661.74874 7188.25028
v -197.13461 1661.41871 7183.50824
v -206.47087 1660.06494 7185.15513
v -212.46131 1658.32088 7192.42035
v -212.30295 1657.00258 7201.90443
v -206.06988 1656.72691 7209.16965
v -196.67862 1657.62284 7210.81654
v -188.52346 1659.27116 7206.07450
v -9.83241 50.28778 6963.20000
v -12.01377 37.64640 6930.58167
v -8.57375 7.38985 6913.22582
v -1.12198 -26.32450 6919.25344
v 6.85478 -47.72132 6945.84415
v 11.62411 -46.78880 6980.55585
v 10.95439 -23.96329 7007.14656
v 5.15899 10.07491 7013.17418
v -3.05036 39.39895 6995.81833
v -1884.91398 -354.27872 7231.70154
v -1885.50997 -357.73265 7222.78942
v -1884.57008 -365.99946 7218.04739
v -1882.53407 -375.21103 7219.69428
v -1880.35463 -381.05716 7226.95950
v -1879.05154 -380.80237 7236.44357
v -1879.23452 -374.56590 7243.70879
v -1880.81796 -365.26584 7245.35568
v -1883.06096 -357.25381 7240.61365
v -49.57245 12.96572 6963.20000
v -39.13022 5.51436 6930.58167
v -10.37852 -4.51722 6913.22582
v 23.22940 -12.43515 6919.25344
v 45.96803 -14.53453 6945.84415
v 47.19770 -9.83305 6980.55585
v 26.34305 -0.53057 7007.14656
v -6.83781 9.02017 7013.17418
v -36.81918 14.35027 6995.81833
v -413.42705 -1525.34798 7184.44485
v -410.57398 -1527.38387 7175.53274
v -402.71832 -1530.12474 7170.79070
v -393.53583 -1532.28811 7172.43759
v -387.32309 -1532.86171 7179.70281
v -386.98711 -1531.57715 7189.18688
v -392.68511 -1529.03549 7196.45210
v -401.75091 -1526.42600 7198.09899
v -409.94255 -1524.96969 7193.35696
v -29.68851 -41.76278 6963.20000
v -19.02077 -34.63802 6930.58167
v 0.54700 -11.30574 6913.22582
v 19.85882 17.31662 6919.25344
v 29.87848 37.83634 6945.84415
v 25.91767 40.65202 6980.55585
v 9.82969 24.44617 7007.14656
v -10.85771 -3.19832 7013.17418
v -26.46466 -29.34627 6995.81833
v 1382.46855 -999.95238 7202.06019
v 1385.38323 -998.00572 7193.14808
v 1390.72961 -991.63079 7188.40604
v 1396.00607 -983.81047 7190.05293
v 1398.74368 -978.20399 7197.31815
v 1397.66149 -977.43468 7206.80222
v 1393.26587 -981.86250 7214.06744
v 1387.61357 -989.41564 7215.71434
v 1383.34938 -996.55989 7210.97230
v 37.30827 -35.12308 6963.20000
v 31.71000 -23.58089 6930.58167
v 11.27427 -1.00493 6913.22582
v -14.43682 22.04124 6919.25344
v -33.39275 34.77407 6945.84415
v -36.72385 31.23573 6980.55585
v -22.87145 13.08184 7007.14656
v 1.68276 -11.19318 7013.17418
v 25.44958 -30.23080 6995.81833
v 957.14836 996.27329 7156.60773
v 955.61878 999.42689 7147.69562
v 950.03524 1005.59518 7142.95358
v 943.01036 1011.89195 7144.60047
v 937.83114 1015.37087 7151.86569
v 936.92100 1014.40411 7161.34977
v 940.70581 1009.44403 7168.61499
v 947.41461 1002.81151 7170.26188
v 953.90828 997.60998 7165.51984
v -35.63366 30.38570 7534.40000
v -30.00498 20.10109 7504.58899
v -10.33663 0.41095 7488.72688
v 14.16834 -19.47148 7494.23573
v 32.04379 -30.24298 7518.53789
v 34.92559 -26.86346 7550.26211
v 21.46532 -10.91423 7574.56427
v -2.03881 10.14189 7580.07312
v -24.58896 26.45251 7564.21101
v -1195.31069 -1380.17801 7790.00883
v -1193.62797 -1383.25263 7781.09672
v -1187.74805 -1389.13907 7776.35468
v -1180.42220 -1395.08299 7778.00158
v -1175.07827 -1398.30318 7785.26680
v -1174.21674 -1397.29285 7794.75087
v -1178.24074 -1392.52477 7802.01609
v -1185.26739 -1386.22997 7803.66298
v -1192.00884 -1381.35385 7798.92094
v -44.68273 -14.01793 7534.40000
v -32.97966 -14.72053 7504.58899
v -5.84505 -8.53523 7488.72688
v 24.02453 1.64380 7494.23573
v 42.65277 11.05368 7518.53789
v 41.32330 15.29142 7550.26211
v 20.65820 12.37414 7574.56427
v -9.67310 3.66686 7580.07312
v -35.47825 -6.75618 7564.21101
v 491.02044 -1611.91787 7770.29831
v 494.51911 -1612.12791 7761.38620
v 502.63110 -1610.27879 7756.64416
v 511.56073 -1607.23573 7758.29105
v 517.12970 -1604.42262 7765.55627
v 516.73225 -1603.15573 7775.04034
v 510.55435 -1604.02786 7782.30556
v 501.48669 -1606.63093 7783.95246
v 493.77215 -1609.74694 7779.21042
v 0.49987 -46.82733 7534.40000
v 4.55623 -35.82727 7504.58899
v 6.48067 -8.06323 7488.72688
v 5.37274 23.47369 7494.23573
v 1.75084 44.02700 7518.53789
v -2.69029 43.97959 7550.26211
v -5.87261 23.35365 7574.56427
v -6.30707 -8.19973 7580.07312
v -3.79038 -35.91637 7564.21101
v 1700.36771 4.15021 7772.44412
v 1701.58037 7.43872 7763.53201
v 1702.15569 15.73889 7758.78997
v 1701.82447 25.16696 7760.43686
v 1700.74169 31.31145 7767.70208
v 1699.41400 31.29728 7777.18616
v 1698.46263 25.13108 7784.45138
v 1698.33275 15.69808 7786.09827
v 1699.08512 7.41209 7781.35623
v 46.62663 -4.35957 7534.40000
v 36.10660 0.81579 7504.58899
v 8.69189 5.60944 7488.72688
v -22.78985 7.77837 7494.23573
v -43.60797 6.30771 7518.53789
v -44.02144 1.88561 7550.26211
v -23.83678 -3.41879 7574.56427
v 7.50137 -7.12350 7580.07312
v 35.32954 -7.49505 7564.21101
v 146.36197 1414.98814 7733.54562
v 143.21697 1416.53533 7724.63351
v 135.02124 1417.96841 7719.89147
v 125.60966 1418.61682 7721.53837
v 119.38600 1418.17716 7728.80359
v 119.26240 1416.85516 7738.28766
v 125.29667 1415.26939 7745.55288
v 134.66533 1414.16185 7747.19977
v 142.98466 1414.05078 7742.45773
v 28.41587 37.22348 7534.40000
v 18.45042 31.04729 7504.58899
v -0.14818 10.34373 7488.72688
v -18.67745 -15.19977 7494.23573
v -28.46734 -33.63113 7518.53789
v -24.93703 -36.32612 7550.26211
v -9.73842 -22.02370 7574.56427
v 10.01691 2.58384 7580.07312
v 25.08522 25.98238 7564.21101
v -1270.45054 987.45694 7759.66169
v -1273.42975 985.61055 7750.74958
v -1278.98987 979.42115 7746.00754
v -1284.52926 971.78482 7747.65443
v -1287.45599 966.27470 7754.91965
v -1286.40059 965.46902 7764.40372
v -1281.85691 969.74478 7771.66894
v -1275.95098 977.10130 7773.31584
v -1271.44625 984.09638 7768.57380
v -19.86294 -37.48226 8105.60000
v -11.87543 -30.48329 8078.59630
v 1.66872 -9.22084 8064.22793
v 14.43206 16.35614 8069.21802
v 20.44248 34.27990 8091.23163
v 16.88763 36.16371 8119.96837
v 5.43088 21.12613 8141.98198
v -8.56705 -3.79661 8146.97207
v -18.55635 -26.94287 8132.60370
v 1396.19047 -755.72606 8327.85518
v 1398.82661 -753.41616 8318.94307
v 1403.29663 -746.39885 8314.20103
v 1407.50896 -737.95761 8315.84792
v 1409.49259 -732.04217 8323.11314
v 1408.31938 -731.42045 8332.59721
v 1404.53827 -736.38335 8339.86243
v 1399.91849 -744.60868 8341.50933
v 1396.62169 -752.24771 8336.76729
v 27.30664 -32.46235 8105.60000
v 23.81118 -22.43400 8078.59630
v 9.17420 -1.90854 8064.22793
v -9.75548 19.50995 8069.21802
v -24.12047 31.79952 8091.23163
v -27.19922 29.20974 8119.96837
v -17.55115 12.95240 8141.98198
v 0.30929 -9.36552 8146.97207
v 18.02502 -27.30120 8132.60370
v 967.94949 795.92405 8281.03208
v 966.79587 799.23373 8272.11997
v 961.96519 806.00781 8267.37794
v 955.71777 813.07662 8269.02483
v 950.97685 817.13259 8276.29005
v 949.96076 816.27787 8285.77412
v 953.14494 810.91241 8293.03934
v 959.03948 803.54677 8294.68623
v 964.88625 797.62740 8289.94420
v 38.47726 17.85937 8105.60000
v 27.88364 17.11021 8078.59630
v 4.24296 8.35499 8064.22793
v -21.38305 -4.30962 8069.21802
v -37.00369 -14.95771 8091.23163
v -35.30990 -18.60692 8119.96837
v -17.09421 -13.54975 8141.98198
v 9.12005 -2.15249 8146.97207
v 31.06694 10.25193 8132.60370
v -654.31904 1442.95611 8327.40435
v -657.81528 1442.70886 8318.49224
v -665.61749 1439.81935 8313.75021
v -674.07491 1435.63961 8315.39710
v -679.23024 1432.12539 8322.66232
v -678.67123 1430.92103 8332.14639
v -672.65946 1432.59006 8339.41161
v -664.00788 1436.35153 8341.05850
v -656.76469 1440.44540 8336.31646
v 3.55467 42.27080 8105.60000
v -1.04419 32.69811 8078.59630
v -5.15446 7.82561 8064.22793
v -6.85290 -20.70858 8069.21802
v -5.34479 -39.55300 8091.23163
v -1.33580 -39.89012 8119.96837
v 3.29823 -21.56222 8141.98198
v 6.38898 6.85489 8146.97207
v 6.49026 32.06452 8132.60370
v -1238.05422 118.16084 8279.70418
v -1239.57200 115.00154 8270.79207
v -1240.92852 106.79279 8266.05004
v -1241.48906 97.37556 8267.69693
v -1240.99134 91.15629 8274.96215
v -1239.66824 91.04502 8284.44622
v -1238.13886 97.09384 8291.71144
v -1237.11881 106.47242 8293.35833
v -1237.08538 114.79243 8288.61630
v -42.41896 0.29647 8105.60000
v -32.52123 -3.55332 8078.59630
v -7.40646 -5.74047 8064.22793
v 21.17388 -5.24159 8069.21802
v 39.84673 -2.29011 8091.23163
v 39.87485 1.73293 8119.96837
v 21.24508 4.94512 8141.98198
v -7.32550 5.84343 8146.97207
v -32.46839 4.00753 8132.60370
v -25.90537 -1703.38095 8344.09286
v -22.63879 -1704.65151 8335.18074
v -14.35008 -1705.37334 8330.43871
v -4.91763 -1705.20870 8332.08560
v 1.24503 -1704.23461 8339.35082
v 1.25431 -1702.90687 8348.83489
v -4.89413 -1701.84675 8356.10011
v -14.32337 -1701.55027 8357.74700
v -22.62135 -1702.15618 8353.00497
v 36.92967 -8.99777 8676.80000
v 29.09166 -3.60148 8652.60362
v 7.64134 3.47998 8639.72899
v -17.38445 8.93313 8644.20030
v -34.27586 10.20636 8663.92537
v -35.12921 6.70392 8689.67463
v -19.54522 0.06465 8709.39970
v 5.18420 -6.60488 8713.87101
v 27.48787 -10.18391 8700.99638
v 270.46438 1050.92897 8828.71172
v 267.57745 1052.91656 8819.79961
v 259.67678 1055.52483 8815.05757
v 250.45918 1057.53335 8816.70447
v 244.23767 1058.00232 8823.96969
v 243.92336 1056.71228 8833.45376
v 249.66332 1054.26688 8840.71898
v 258.77176 1051.81033 8842.36587
v 266.98674 1050.49209 8837.62383
v 25.90067 27.81933 8676.80000
v 17.36178 23.61914 8652.60362
v 0.69911 8.36729 8639.72899
v -16.29068 -10.79971 8644.20030
v -25.65788 -24.91340 8663.92537
v -23.01947 -27.36984 8689.67463
v -9.61000 -17.01963 8709.39970
v 8.29610 1.29426 8713.87101
v 22.32036 19.00255 8700.99638
v -1170.02393 1108.45762 8902.43198
v -1173.16901 1106.91059 8893.51987
v -1179.30627 1101.29296 8888.77783
v -1185.56402 1094.23330 8890.42472
v -1189.01419 1089.03488 8897.68994
v -1188.04240 1088.13012 8907.17402
v -1183.10337 1091.94235 8914.43924
v -1176.50812 1098.68780 8916.08613
v -1171.34264 1105.21018 8911.34409
v -30.39195 22.82738 8676.80000
v -25.31599 14.77822 8652.60362
v -8.39439 -0.18583 8639.72899
v 12.45504 -15.06293 8644.20030
v 27.47661 -22.89192 8663.92537
v 29.64158 -20.00952 8689.67463
v 17.93692 -7.76445 8709.39970
v -2.16062 8.11369 8713.87101
v -21.24719 20.19535 8700.99638
v -765.88755 -996.37714 8852.73022
v -764.01795 -999.34184 8843.81810
v -757.78531 -1004.85346 8839.07607
v -750.10597 -1010.33306 8840.72296
v -744.57316 -1013.21666 8847.98818
v -743.77575 -1012.15501 8857.47225
v -748.08686 -1007.64485 8864.73747
v -755.48927 -1001.79655 8866.38436
v -762.51931 -997.34658 8861.64233
v -33.11537 -18.65831 8676.80000
v -23.70499 -17.24437 8652.60362
v -3.20279 -7.76160 8639.72899
v 18.79803 5.35291 8644.20030
v 32.00305 15.96273 8663.92537
v 30.23348 19.10342 8689.67463
v 14.31733 13.30540 8709.39970
v -8.29806 1.28164 8713.87101
v -27.03069 -11.34182 8700.99638
v 706.98021 -1283.29154 8881.91133
v 710.44628 -1282.77075 8872.99922
v 717.99773 -1279.27802 8868.25719
v 726.10117 -1274.44763 8869.90408
v 730.96489 -1270.53978 8877.16930
v 730.31312 -1269.38299 8886.65337
v 724.45082 -1271.51853 8893.91859
v 716.12102 -1275.94718 8895.56548
v 709.22134 -1280.59670 8890.82344
v 4.46500 -37.74684 8676.80000
v 6.78443 -28.51783 8652.60362
v 5.92935 -5.94501 8639.72899
v 2.29986 19.40954 8644.20030
v -2.40576 35.68216 8663.92537
v -5.98570 35.25869 8689.67463
v -6.76486 18.33730 8709.39970
v -4.37867 -7.16433 8713.87101
v 0.05635 -29.31368 8700.99638
v 1703.98025 187.46307 8916.78855
v 1704.83455 190.86233 8907.87644
v 1704.51960 199.17645 8903.13440
v 1703.18277 208.51514 8904.78129
v 1701.44958 214.50874 8912.04651
v 1700.13100 214.35277 8921.53058
v 1699.84402 208.12021 8928.79580
v 1700.72291 198.72734 8930.44270
v 1702.35644 190.56920 8925.70066
v -6.86024 32.89220 9248.00000
v -8.18664 24.58550 9226.61093
v -5.68242 4.77496 9215.23005
v -0.51933 -17.26983 9219.18259
v 4.88676 -31.23388 9236.61911
v 8.00628 -30.58325 9259.38089
v 7.37957 -15.62237 9276.81741
v 3.29988 6.64838 9280.76995
v -2.32386 25.80828 9269.38907
v -1399.21435 -277.52937 9447.69651
v -1399.76701 -280.99050 9438.78440
v -1398.72359 -289.24489 9434.04236
v -1396.57230 -298.43022 9435.68925
v -1394.31976 -304.24857 9442.95447
v -1393.01996 -303.97748 9452.43855
v -1393.28109 -297.74378 9459.70377
v -1394.98096 -288.46430 9461.35066
v -1397.32419 -280.48101 9456.60862
v -33.51099 2.44415 9248.00000
v -25.88873 -1.11421 9226.61093
v -6.15285 -4.15122 9215.23005
v 16.46202 -5.24582 9219.18259
v 31.37412 -3.88585 9236.61911
v 31.60593 -0.70765 9259.38089
v 17.04897 2.80168 9276.81741
v -5.48539 5.00006 9280.76995
v -25.45308 4.85886 9269.38907
v -122.46625 -1486.63812 9456.82514
v -119.29031 -1488.12077 9447.91303
v -111.06702 -1489.38619 9443.17099
v -101.64416 -1489.84228 9444.81789
v -95.43078 -1489.27562 9452.08311
v -95.33420 -1487.95137 9461.56718
v -101.39960 -1486.48915 9468.83240
v -110.78892 -1485.57316 9470.47929
v -119.10879 -1485.63199 9465.73725
v -20.04637 -26.96485 9248.00000
v -12.95328 -22.44283 9226.61093
v 0.20080 -7.41956 9215.23005
v 13.26092 11.07540 9219.18259
v 20.11611 24.38806 9236.61911
v 17.55875 26.28927 9259.38089
v 6.78545 15.88944 9276.81741
v -7.16284 -1.94523 9280.76995
v -17.75955 -18.86971 9269.38907
v 1001.62404 -762.07855 9424.18979
v 1004.57950 -760.19437 9415.27768
v 1010.06037 -753.93468 9410.53564
v 1015.50208 -746.22844 9412.18253
v 1018.35841 -740.68150 9419.44775
v 1017.29284 -739.88933 9428.93182
v 1012.80397 -744.22259 9436.19704
v 1006.99218 -751.65371 9437.84393
v 1002.57689 -758.70558 9433.10190
v 19.06455 -27.66772 9248.00000
v 17.07007 -19.49565 9226.61093
v 7.08832 -2.20135 9215.23005
v -6.21014 16.12299 9219.18259
v -16.60280 26.90320 9236.61911
v -19.22683 25.09511 9259.38089
v -12.85441 11.54473 9276.81741
v -0.46727 -7.40755 9280.76995
v 12.13851 -22.89376 9269.38907
v 1324.18001 895.42952 9471.78336
v 1323.34898 898.83455 9462.87125
v 1319.18991 906.04051 9458.12922
v 1313.64889 913.67566 9459.77611
v 1309.31861 918.16741 9467.04133
v 1308.22527 917.41404 9476.52540
v 1310.88044 911.76805 9483.79062
v 1316.04175 903.87126 9485.43751
v 1321.29416 897.41868 9480.69548
v 28.08664 18.44182 9248.00000
v 19.87206 16.63036 9226.61093
v 2.35912 7.03738 9215.23005
v -16.25768 -5.84847 9219.18259
v -27.26733 -15.99776 9236.61911
v -25.51829 -18.66152 9259.38089
v -11.82896 -12.59334 9276.81741
v 7.39527 -0.63260 9280.76995
v 23.15917 11.62414 9269.38907
v -766.64036 1193.09017 9446.53390
v -770.06310 1192.33540 9437.62179
v -777.36016 1188.33832 9432.87975
v -785.11716 1182.96921 9434.52664
v -789.70451 1178.74034 9441.79186
v -788.97575 1177.63045 9451.27594
v -783.27186 1180.15885 9458.54116
v -775.26177 1185.14249 9460.18805
v -768.69347 1190.24947 9455.44601
v -31.14069 -7.36598 9819.20000
v -23.19869 -8.41796 9798.82946
v -4.40176 -5.53108 9787.99052
v 16.45480 -0.05615 9791.75484
v 29.61197 5.44505 9808.36106
v 28.91338 8.39846 9830.03894
v 14.68589 7.42213 9846.64516
v -6.41328 2.97291 9850.40948
v -24.51161 -2.86737 9839.57054
v 317.66972 -1403.81287 10020.69345
v 321.14434 -1404.27312 10011.78134
v 329.36800 -1403.01011 10007.03930
v 338.49274 -1400.61483 10008.68619
v 344.24901 -1398.20805 10015.95141
v 343.94337 -1396.91593 10025.43548
v 337.71885 -1397.34308 10032.70070
v 328.48796 -1399.28961 10034.34759
v 320.56994 -1401.84473 10029.60556
v 3.50558 -31.80740 9819.20000
v 5.52014 -24.05346 9798.82946
v 4.95177 -5.04464 9787.99052
v 2.06641 16.32463 9791.75484
v -1.78585 30.05542 9808.36106
v -4.80249 29.72295 9830.03894
v -5.57199 15.48278 9846.64516
v -3.73429 -6.00195 9850.40948
v -0.14928 -24.67831 9839.57054
v 1328.83583 132.36979 10006.14747
v 1329.71720 135.76213 9997.23536
v 1329.46853 144.07849 9992.49332
v 1328.20619 153.42755 9994.14021
v 1326.52083 159.43477 10001.40543
v 1325.20105 159.28931 10010.88950
v 1324.86439 153.05924 10018.15472
v 1325.66838 143.65967 10019.80162
v 1327.23683 135.48877 10015.05958
v 31.87414 -2.83531 9819.20000
v 24.66970 0.66868 9798.82946
v 5.92202 3.85980 9787.99052
v -15.59663 5.24487 9791.75484
v -29.81745 4.17580 9808.36106
v -30.08635 1.15284 9830.03894
v -16.27751 -2.40955 9846.64516
v 5.14775 -4.84449 9850.40948
v 24.16432 -5.01263 9839.57054
v 103.32281 1003.53206 9960.42359
v 100.17086 1005.06506 9951.51147
v 91.96875 1006.46117 9946.76944
v 82.55434 1007.06713 9948.41633
v 76.33274 1006.59942 9955.68155
v 76.21509 1005.27687 9965.16562
v 82.25646 1003.71833 9972.43084
v 91.63001 1002.65304 9974.07773
v 99.94976 1002.57948 9969.33570
v 8.07719 30.96383 9819.20000
v 3.42796 24.43952 9798.82946
v -2.82526 6.47968 9787.99052
v -7.75650 -14.51207 9791.75484
v -9.05839 -28.71346 9808.36106
v -6.12176 -29.47951 9830.03894
v -0.32069 -16.45177 9846.64516
v 5.63044 4.27394 9850.40948
v 8.94702 22.99982 9839.57054
v -1144.23241 312.95175 9985.26447
v -1146.26645 310.09736 9976.35236
v -1149.00223 302.23994 9971.61032
v -1151.15965 293.05605 9973.25721
v -1151.72922 286.84294 9980.52243
v -1150.44445 286.50779 9990.00650
v -1147.90648 292.20743 9997.27172
v -1145.30286 301.27492 9998.91862
v -1143.85186 309.46750 9994.17658
v -18.38163 26.19381 9819.20000
v -16.41557 18.42743 9798.82946
v -6.76848 2.03865 9787.99052
v 6.04566 -15.30403 9791.75484
v 16.03096 -25.48579 9808.36106
v 18.51520 -23.74247 9830.03894
v 12.33597 -10.88978 9846.64516
v 0.38461 7.05836 9850.40948
v -11.74672 21.70381 9839.57054
v -970.96592 -664.27654 9983.89155
v -970.10577 -667.67433 9974.97944
v -965.88517 -674.84442 9970.23740
v -960.27898 -682.43184 9971.88429
v -955.91041 -686.88636 9979.14951
v -954.82356 -686.12366 9988.63358
v -957.52697 -680.50061 9995.89880
v -962.75569 -672.64830 9997.54569
v -968.06315 -666.24091 9992.80366
v 21.98830 -23.24897 10390.40000
v 18.91599 -15.85012 10370.02946
v 6.99268 -1.03483 10359.19052
v -8.20259 14.26468 10362.95484
v -19.55977 22.88958 10379.56106
v -21.76472 20.80419 10401.23894
v -13.78571 8.98429 10417.84516
v 0.64378 -7.03946 10421.60948
v 14.77204 -19.76937 10410.77054
v 739.95103 680.55760 10531.13240
v 738.60690 683.79459 10522.22028
v 733.39045 690.27629 10517.47825
v 726.74252 696.96982 10519.12514
v 721.77375 700.74321 10526.39036
v 720.80909 699.83086 10535.87443
v 724.29990 694.65965 10543.13965
v 730.61280 687.64926 10544.78654
v 736.79392 682.07992 10540.04451
v 31.02023 7.85780 10390.40000
v 23.06258 8.78399 10370.02946
v 4.31369 5.60004 10359.19052
v -16.45362 -0.20422 10362.95484
v -29.52210 -5.91293 10379.56106
v -28.77687 -8.85491 10401.23894
v -14.56661 -7.65358 10417.84516
v 6.45952 -2.87106 10421.60948
v 24.46317 3.25487 10410.77054
v -264.31174 1100.43617 10548.83055
v -267.79321 1100.84138 10539.91844
v -275.99585 1099.44840 10535.17640
v -285.08155 1096.90904 10536.82330
v -290.79901 1094.41148 10544.08852
v -290.47297 1093.12436 10553.57259
v -284.25598 1093.64994 10560.83781
v -275.05705 1095.74230 10562.48470
v -267.18045 1098.42239 10557.74266
v -8.38389 30.88220 10390.40000
v -9.17469 22.90996 10370.02946
v -5.67255 4.21789 10359.19052
v 0.48384 -16.44778 10362.95484
v 6.41383 -29.41734 10379.56106
v 9.34272 -28.62221 10401.23894
v 7.90005 -14.43443 10417.84516
v 2.76085 6.50739 10421.60948
v -3.67017 24.40432 10410.77054
v -1341.28373 -349.62440 10584.44441
v -1341.62971 -353.11226 10575.53230
v -1340.09752 -361.29004 10570.79026
v -1337.40410 -370.33127 10572.43715
v -1334.80973 -376.00545 10579.70237
v -1333.52834 -375.65758 10589.18644
v -1334.15951 -369.45043 10596.45166
v -1336.40791 -360.28838 10598.09855
v -1339.22148 -352.45847 10593.35652
v -29.76859 11.74015 10390.40000
v -23.85036 6.34047 10370.02946
v -6.77228 -2.02599 10359.19052
v 13.47462 -9.44447 10362.95484
v 27.41660 -12.44377 10379.56106
v 28.53004 -9.62050 10401.23894
v 16.29396 -2.29569 10417.84516
v -3.56624 6.10330 10421.60948
v -21.75777 11.64649 10410.77054
v -515.34703 -1268.56550 10582.08475
v -512.75780 -1270.92786 10573.17263
v -505.28614 -1274.58819 10568.43060
v -496.42812 -1277.83377 10570.07749
v -490.32851 -1279.14596 10577.34271
v -489.84138 -1277.91078 10586.82678
v -495.19466 -1274.70618 10594.09200
v -503.88350 -1271.03162 10595.73889
v -511.84229 -1268.60648 10590.99686
v -16.17274 -27.61236 10390.40000
v -9.92819 -22.59363 10370.02946
v 0.96187 -7.00309 10359.19052
v 11.40186 11.86428 10362.95484
v 16.50679 25.18022 10379.56106
v 13.88801 26.71405 10401.23894
v 4.77088 15.74808 10417.84516
v -6.57860 -2.58659 10421.60948
v -14.84988 -19.71096 10410.77054
v 1094.26936 -657.14524 10569.08900
v 1097.00135 -654.94954 10560.17689
v 1101.76575 -648.12868 10555.43485
v 1106.33325 -639.87421 10557.08174
v 1108.56666 -634.04849 10564.34696
v 1107.42094 -633.37743 10573.83103
v 1103.43220 -638.17504 10581.09625
v 1098.46680 -646.19646 10582.74315
v 1094.84811 -653.68838 10578.00111
v 18.33672 26.22527 10961.60000
v 11.70952 21.72391 10941.22946
v -0.39670 7.05769 10930.39052
v -12.31729 -10.91090 10934.15484
v -18.47449 -23.77416 10950.76106
v -15.98727 -25.51323 10972.43894
v -6.01942 -15.31437 10989.04516
v 6.76497 2.05025 10992.80948
v 16.38397 18.45553 10981.97054
v -806.27714 580.83200 11100.70482
v -809.17654 578.86265 11091.79271
v -814.47301 572.44618 11087.05068
v -819.68827 564.58492 11088.69757
v -822.38205 558.95725 11095.96279
v -821.29388 558.19641 11105.44686
v -816.93295 562.65840 11112.71208
v -811.33978 570.25543 11114.35897
v -807.13147 577.43274 11109.61693
v -22.58711 22.66765 10961.60000
v -19.32290 15.35144 10941.22946
v -7.01729 0.85212 10930.39052
v 8.57179 -14.04592 10934.15484
v 20.15003 -22.37172 10950.76106
v 22.29985 -20.22954 10972.43894
v 14.01532 -8.62174 10989.04516
v -0.82714 7.02027 10992.80948
v -15.28256 19.37742 10981.97054
v -872.63356 -849.76894 11132.11291
v -871.20546 -852.96978 11123.20079
v -865.82176 -859.31323 11118.45876
v -859.00154 -865.83112 11120.10565
v -853.93606 -869.47366 11127.37087
v -852.99551 -868.53646 11136.85494
v -856.62000 -863.45804 11144.12016
v -863.11357 -856.61466 11145.76705
v -869.43782 -851.20841 11141.02502
v -24.17870 -20.96164 10961.60000
v -16.65383 -18.21238 10941.22946
v -1.33645 -6.94135 10930.39052
v 14.60627 7.57762 10934.15484
v 23.71456 18.55094 10950.76106
v 21.72654 20.84406 10972.43894
v 9.57243 13.38402 10989.04516
v -7.06072 -0.33856 10992.80948
v -20.39008 -13.90272 10981.97054
v 668.78179 -792.79456 11106.79534
v 672.07392 -791.59176 11097.88323
v 678.77527 -786.66068 11093.14119
v 685.75021 -780.30863 11094.78809
v 689.73509 -775.50781 11102.05331
v 688.86533 -774.50456 11111.53738
v 683.54791 -777.76833 11118.80260
v 676.27091 -783.77196 11120.44949
v 670.43931 -789.70628 11115.70745
v 12.07138 -29.63582 10961.60000
v 11.88839 -21.62654 10941.22946
v 6.14269 -3.49796 10930.39052
v -2.47724 16.26735 10934.15484
v -9.93804 28.42099 10950.76106
v -12.74872 27.27613 10972.43894
v -9.59414 13.36847 10989.04516
v -1.95035 -6.79445 10992.80948
v 6.60603 -23.77817 10981.97054
v 1056.07245 415.04666 11120.44644
v 1055.99239 418.55072 11111.53433
v 1053.47865 426.48197 11106.79229
v 1049.70743 435.12930 11108.43919
v 1046.44333 440.44652 11115.70441
v 1045.21365 439.94564 11125.18848
v 1046.59378 433.86104 11132.45370
v 1049.93794 425.03976 11134.10059
v 1053.68136 417.60938 11129.35855
v 31.93853 -1.98254 10961.60000
v 24.64302 1.32768 10941.22946
v 5.81677 4.01667 10930.39052
v -15.73122 4.82621 10934.15484
v -29.91839 3.37751 10950.76106
v -30.10641 0.34844 10972.43894
v -16.20731 -2.84367 10989.04516
v 5.27537 -4.70520 10992.80948
v 24.28965 -4.36511 10981.97054
v 82.41905 1101.78986 11116.26913
v 79.22726 1103.23808 11107.35702
v 70.99078 1104.41451 11102.61499
v 61.56353 1104.76869 11104.26188
v 55.35665 1104.13488 11111.52710
v 55.27439 1102.80966 11121.01117
v 61.35524 1101.41311 11128.27639
v 70.75391 1100.59869 11129.92328
v 79.07266 1100.74748 11125.18124
v -31.90078 -2.51800 11532.80000
v -24.21301 -4.77193 11512.42946
v -5.19570 -4.79303 11501.59052
v 16.25273 -2.57141 11505.35484
v 30.09633 0.85340 11521.96106
v 29.85752 3.87889 11543.63894
v 15.64805 5.08941 11560.24516
v -5.88332 3.91853 11564.00948
v -24.66182 0.91413 11553.17054
v 85.98779 -1267.30720 11710.62014
v 89.35119 -1268.29330 11701.70803
v 97.67126 -1268.30252 11696.96599
v 107.05495 -1267.33057 11698.61289
v 113.11153 -1265.83221 11705.87811
v 113.00705 -1264.50856 11715.36218
v 106.79040 -1263.97896 11722.62740
v 97.37043 -1264.49122 11724.27429
v 89.15484 -1265.80564 11719.53225
v -16.29503 -27.54037 11532.80000
v -10.02829 -22.54938 11512.42946
v 0.93080 -7.00728 11501.59052
v 11.45436 11.81360 11505.35484
v 16.61829 25.10677 11521.96106
v 14.00635 26.65220 11543.63894
v 4.84067 15.72677 11560.24516
v -6.59001 -2.55739 11564.00948
v -14.93715 -19.64492 11553.17054
v 987.93969 -600.80918 11694.66812
v 990.68138 -598.62562 11685.75601
v 995.47599 -591.82595 11681.01398
v 1000.08004 -583.59182 11682.66087
v 1002.33926 -577.77605 11689.92609
v 1001.19654 -577.09993 11699.41016
v 997.18656 -581.87980 11706.67538
v 992.18563 -589.87912 11708.32227
v 988.53376 -597.35492 11703.58024
v 27.55528 -16.26981 11532.80000
v 22.55855 -10.00764 11512.42946
v 7.00643 0.93721 11501.59052
v -11.82408 11.44354 11505.35484
v -25.12197 16.59530 11521.96106
v -26.66501 13.98194 11543.63894
v -15.73120 4.82627 11560.24516
v 2.56342 -6.58766 11564.00948
v 19.65858 -14.91916 11553.17054
v 624.77097 1030.60409 11701.51525
v 622.58490 1033.34379 11692.60314
v 615.78085 1038.13217 11687.86110
v 607.54250 1042.72868 11689.50800
v 601.72467 1044.98258 11696.77322
v 601.04959 1043.83923 11706.25729
v 605.83314 1039.83363 11713.52251
v 613.83703 1034.84003 11715.16940
v 621.31616 1031.19500 11710.42736
v 29.28138 12.90738 11532.80000
v 21.28052 12.49722 11512.42946
v 3.32227 6.23947 11501.59052
v -16.19051 -2.93780 11505.35484
v -28.12757 -10.74044 11521.96106
v -26.90343 -13.51751 11543.63894
v -13.09087 -9.96958 11560.24516
v 6.84705 -1.75678 11564.00948
v 23.58116 7.27804 11553.17054
v -411.44365 968.10026 11680.05365
v -414.94403 967.92081 11671.14154
v -422.80077 965.18305 11666.39950
v -431.33761 961.16799 11668.04639
v -436.56007 957.75434 11675.31161
v -436.02451 956.53937 11684.79568
v -429.98152 958.09159 11692.06090
v -421.25868 961.68469 11693.70779
v -413.93750 965.63742 11688.96576
v -3.37672 31.82134 11532.80000
v -5.42267 24.07563 11512.42946
v -4.93129 5.06466 11501.59052
v -2.13251 -16.31612 11505.35484
v 1.66410 -30.06241 11521.96106
v 4.68205 -29.74216 11543.63894
v 5.50923 -15.50522 11560.24516
v 3.75857 5.98678 11564.00948
v 0.24924 24.67750 11553.17054
v -886.81958 -80.02608 11657.44381
v -887.71468 -83.41483 11648.53170
v -887.49971 -91.73213 11643.78966
v -886.27524 -101.08622 11645.43656
v -884.61422 -107.10022 11652.70178
v -883.29387 -106.96011 11662.18585
v -882.93198 -100.73145 11669.45107
v -883.69789 -91.32870 11671.09796
v -885.23322 -83.15151 11666.35592
v 1.53417 -31.96320 12104.00000
v 4.02384 -24.34851 12083.62946
v 4.63071 -5.34087 12072.79052
v 3.07082 16.16581 12076.55484
v 0.07406 30.10834 12093.16106
v -2.95735 29.96283 12114.83894
v -4.60499 15.79739 12131.44516
v -4.09790 -5.75983 12135.20948
v -1.67336 -24.62196 12124.37054
v 961.09198 32.11432 12238.61370
v 962.18122 35.44575 12229.70159
v 962.44672 43.76159 12224.95956
v 961.76427 53.17077 12226.60645
v 960.45319 59.27062 12233.87167
v 959.12694 59.20697 12243.35574
v 958.40610 53.00958 12250.62096
v 958.62796 43.57830 12252.26785
v 959.68869 35.32612 12247.52582
v 30.75080 -8.85370 12104.00000
v 24.34553 -4.04178 12083.62946
v 6.54872 2.66133 12072.79052
v -14.31232 8.11918 12076.55484
v -28.47646 9.77797 12093.16106
v -29.31615 6.86154 12114.83894
v -16.43849 0.73452 12131.44516
v 4.13092 -5.73619 12135.20948
v 22.76743 -9.52287 12124.37054
v 274.12076 901.47994 12235.89845
v 271.31846 903.58515 12226.98634
v 263.53235 906.51776 12222.24430
v 254.40565 908.90557 12223.89119
v 248.20883 909.63129 12231.15641
v 247.84147 908.35536 12240.64048
v 253.47544 905.67478 12247.90570
v 262.47456 902.84385 12249.55259
v 270.62803 901.18717 12244.81056
v 15.62287 27.92715 12104.00000
v 9.47891 22.78577 12083.62946
v -1.10033 6.98267 12072.79052
v -11.16472 -12.08770 12076.55484
v -16.00501 -25.50210 12093.16106
v -13.35638 -26.98378 12114.83894
v -4.45815 -15.83946 12131.44516
v 6.52610 2.71633 12135.20948
v 14.45671 20.00111 12124.37054
v -787.42937 456.54153 12231.41378
v -790.11735 454.29217 12222.50167
v -794.74577 447.37832 12217.75963
v -799.14894 439.03503 12219.40653
v -801.26656 433.16623 12226.67175
v -800.10779 432.51799 12236.15582
v -796.21481 437.39364 12243.42104
v -791.40920 445.51179 12245.06793
v -787.93956 453.07389 12240.32589
v -20.77216 24.34168 12104.00000
v -18.08175 16.79557 12083.62946
v -6.93070 1.39063 12072.79052
v 7.46331 -14.66501 12076.55484
v 18.36515 -23.85872 12093.16106
v 20.67373 -21.88868 12114.83894
v 13.30885 -9.67668 12131.44516
v -0.28340 7.06315 12135.20948
v -13.74304 20.49805 12124.37054
v -725.32917 -600.56039 12235.82167
v -724.15212 -603.86181 12226.90956
v -719.27353 -610.60147 12222.16752
v -712.97615 -617.62581 12223.81441
v -708.20660 -621.64807 12231.07963
v -707.19659 -620.78617 12240.56370
v -710.41873 -615.44342 12247.82892
v -716.36534 -608.11975 12249.47581
v -722.25393 -602.24198 12244.73378
v -23.64827 -21.55827 12104.00000
v -16.19433 -18.62216 12083.62946
v -1.16288 -6.97253 12072.79052
v 14.41269 7.93963 12076.55484
v 23.24441 19.13674 12093.16106
v 21.19981 21.37956 12114.83894
v 9.23558 13.61865 12131.44516
v -7.05008 -0.51458 12135.20948
v -20.03693 -14.40704 12124.37054
v 660.83307 -745.67940 12243.47697
v 664.09417 -744.39485 12234.56486
v 670.67043 -739.29814 12229.82282
v 677.48474 -732.77407 12231.46972
v 681.34862 -727.87533 12238.73494
v 680.45410 -726.89410 12248.21901
v 675.21975 -730.28950 12255.48423
v 668.09478 -736.47279 12257.13112
v 662.41303 -742.55074 12252.38908
v 24.33304 20.78227 12675.20000
v 16.78805 18.08873 12654.82946
v 1.38775 6.93127 12643.99052
v -14.66190 -7.46941 12647.75484
v -23.85109 -18.37507 12664.36106
v -21.88008 -20.68283 12686.03894
v -9.67114 -13.31287 12702.64516
v 7.06303 0.28633 12706.40948
v 20.49233 13.75156 12695.57054
v -641.67461 772.86523 12815.81960
v -644.97554 771.68681 12806.90749
v -651.71318 766.80542 12802.16545
v -658.73490 760.50512 12803.81234
v -662.75517 755.73389 12811.07756
v -661.89285 754.72425 12820.56163
v -656.55144 757.94860 12827.82685
v -649.23024 763.89826 12829.47374
v -643.35492 769.78929 12824.73171
v -11.67684 29.79348 12675.20000
v -11.60021 21.78248 12654.82946
v -6.09571 3.57921 12643.99052
v 2.26104 -16.29881 12647.75484
v 9.55982 -28.55043 12664.36106
v 12.38546 -27.44299 12686.03894
v 9.41580 -13.49467 12702.64516
v 2.04038 6.76796 12706.40948
v -6.28975 23.86378 12695.57054
v -651.14208 -240.16266 12772.34307
v -651.10856 -243.66748 12763.43095
v -648.70034 -251.63141 12758.68892
v -645.04426 -260.32804 12760.33581
v -641.85105 -265.68812 12767.60103
v -640.61483 -265.20362 12777.08510
v -641.91406 -259.10123 12784.35032
v -645.14080 -250.23633 12785.99721
v -648.78523 -242.75691 12781.25518
v -31.99860 0.29956 12675.20000
v -24.53905 -2.62227 12654.82946
v -5.59740 -4.31712 12643.99052
v 15.96333 -3.99194 12647.75484
v 30.05464 -1.79888 12664.36106
v 30.08305 1.23589 12686.03894
v 16.03527 3.69237 12702.64516
v -5.51560 4.42115 12706.40948
v -24.48565 3.08123 12695.57054
v -22.75831 -935.47339 12806.19036
v -19.49475 -936.75169 12797.27825
v -11.20779 -937.49318 12792.53621
v -1.77497 -937.35092 12794.18311
v 4.38998 -936.39146 12801.44833
v 4.40241 -935.06374 12810.93240
v -1.74349 -933.98903 12818.19762
v -11.17200 -933.67019 12819.84451
v -19.47139 -934.25641 12815.10247
v -6.99844 -31.22534 12675.20000
v -2.57828 -24.54371 12654.82946
v 3.04829 -6.37780 12643.99052
v 7.24852 14.77235 12647.75484
v 8.05710 29.01035 12664.36106
v 5.09566 29.67409 12686.03894
v -0.25009 16.45299 12702.64516
v -5.47882 -4.46665 12706.40948
v -8.14395 -23.29629 12695.57054
v 691.03226 -169.22617 12774.78391
v 692.96608 -166.30296 12765.87180
v 695.42770 -158.35537 12761.12976
v 697.26531 -149.10218 12762.77665
v 697.61906 -142.87305 12770.04187
v 696.32343 -142.58267 12779.52594
v 693.98466 -148.36690 12786.79116
v 691.69709 -157.51924 12788.43806
v 690.53110 -165.75721 12783.69602
v 27.46900 -16.41506 12675.20000
v 22.50540 -10.12660 12654.82946
v 7.01128 0.90021 12643.99052
v -11.76350 11.50580 12647.75484
v -25.03401 16.72770 12664.36106
v -26.59082 14.12252 12686.03894
v -15.70550 4.90926 12702.64516
v 2.52861 -6.60110 12706.40948
v 19.57955 -15.02273 12695.57054
v 466.29426 753.00593 12799.18123
v 464.12269 755.75714 12790.26912
v 457.34401 760.58137 12785.52708
v 449.13004 765.22131 12787.17397
v 443.32419 767.50589 12794.43919
v 442.64309 766.36612 12803.92326
v 447.40542 762.33532 12811.18848
v 455.38284 757.29954 12812.83537
v 462.84262 753.61508 12808.09334
vt 0.874846 0.000000
vt 0.842208 0.000000
vt 0.671445 0.000000
vt 0.626980 0.000000
vt 0.679557 0.000000
vt 0.673004 0.000000
vt 0.647095 0.000000
vt 0.549300 0.000000
vt 0.385335 0.000000
vt 0.310952 0.000000
vt 0.281135 0.000000
vt 0.200891 0.000000
vt 0.102327 0.000000
vt -0.000000 0.000000
vt -0.080843 0.000000
vt -0.161246 0.000000
vt -0.289738 0.000000
vt -0.398418 0.000000
vt -0.470925 0.000000
vt -0.517356 0.000000
vt -0.500804 0.000000
vt -0.563151 0.000000
vt -0.742760 0.000000
vt -0.813819 0.000000
vt -0.782470 0.000000
vt -0.749345 0.000000
vt -0.673554 0.000000
vt -0.694903 0.000000
vt -0.831961 0.000000
vt -0.820799 0.000000
vt -0.691483 0.000000
vt -0.601304 0.000000
vt -0.511899 0.000000
vt -0.477479 0.000000
vt -0.494256 0.000000
vt -0.408625 0.000000
vt -0.267936 0.000000
vt -0.169666 0.000000
vt -0.084312 0.000000
vt -0.000000 0.000000
vt 0.105796 0.000000
vt 0.209311 0.000000
vt 0.259332 0.000000
vt 0.321159 0.000000
vt 0.408666 0.000000
vt 0.509423 0.000000
vt 0.658190 0.000000
vt 0.711157 0.000000
vt 0.628280 0.000000
vt 0.633960 0.000000
vt 0.720937 0.000000
vt 0.787766 0.000000
vt 0.766455 0.425000
vt 0.702784 0.425000
vt 0.572587 0.425000
vt 0.558102 0.425000
vt 0.569657 0.425000
vt 0.572391 0.425000
vt 0.571633 0.425000
vt 0.465035 0.425000
vt 0.331290 0.425000
vt 0.283796 0.425000
vt 0.244899 0.425000
vt 0.178879 0.425000
vt 0.101411 0.425000
vt 0.012986 0.425000
vt -0.053249 0.425000
vt -0.127336 0.425000
vt -0.227814 0.425000
vt -0.314241 0.425000
vt -0.393723 0.425000
vt -0.418459 0.425000
vt -0.394560 0.425000
vt -0.475563 0.425000
vt -0.608967 0.425000
vt -0.652644 0.425000
vt -0.661290 0.425000
vt -0.616915 0.425000
vt -0.532572 0.425000
vt -0.586771 0.425000
vt -0.688693 0.425000
vt -0.656509 0.425000
vt -0.580575 0.425000
vt -0.496688 0.425000
vt -0.400703 0.425000
vt -0.396379 0.425000
vt -0.406641 0.425000
vt -0.319892 0.425000
vt -0.215742 0.425000
vt -0.131998 0.425000
vt -0.055170 0.425000
vt 0.012986 0.425000
vt 0.103332 0.425000
vt 0.183541 0.425000
vt 0.232827 0.425000
vt 0.289447 0.425000
vt 0.344208 0.425000
vt 0.442955 0.425000
vt 0.577776 0.425000
vt 0.593516 0.425000
vt 0.541265 0.425000
vt 0.561967 0.425000
vt 0.599990 0.425000
vt 0.672641 0.425000
vt 0.691223 0.850000
vt 0.611693 0.850000
vt 0.527294 0.850000
vt 0.510383 0.850000
vt 0.496826 0.850000
vt 0.523869 0.850000
vt 0.522324 0.850000
vt 0.409354 0.850000
vt 0.309084 0.850000
vt 0.268388 0.850000
vt 0.222437 0.850000
vt 0.172534 0.850000
vt 0.104915 0.850000
vt 0.025886 0.850000
vt -0.032542 0.850000
vt -0.100522 0.850000
vt -0.178916 0.850000
vt -0.261272 0.850000
vt -0.339385 0.850000
vt -0.341274 0.850000
vt -0.330272 0.850000
vt -0.416013 0.850000
vt -0.505661 0.850000
vt -0.554001 0.850000
vt -0.581985 0.850000
vt -0.512511 0.850000
vt -0.446430 0.850000
vt -0.517665 0.850000
vt -0.577300 0.850000
vt -0.553340 0.850000
vt -0.510515 0.850000
vt -0.412401 0.850000
vt -0.329222 0.850000
vt -0.345049 0.850000
vt -0.337177 0.850000
vt -0.260306 0.850000
vt -0.180980 0.850000
vt -0.099725 0.850000
vt -0.032214 0.850000
vt 0.025886 0.850000
vt 0.104587 0.850000
vt 0.171736 0.850000
vt 0.224501 0.850000
vt 0.267422 0.850000
vt 0.306875 0.850000
vt 0.413129 0.850000
vt 0.521273 0.850000
vt 0.520257 0.850000
vt 0.501680 0.850000
vt 0.509723 0.850000
vt 0.522609 0.850000
vt 0.616847 0.850000
vt 0.631853 1.275000
vt 0.560240 1.275000
vt 0.508891 1.275000
vt 0.470450 1.275000
vt 0.455699 1.275000
vt 0.503096 1.275000
vt 0.484016 1.275000
vt 0.377801 1.275000
vt 0.304168 1.275000
vt 0.256592 1.275000
vt 0.211806 1.275000
vt 0.175064 1.275000
vt 0.109997 1.275000
vt 0.038615 1.275000
vt -0.016029 1.275000
vt -0.075995 1.275000
vt -0.141279 1.275000
vt -0.227545 1.275000
vt -0.293619 1.275000
vt -0.282974 1.275000
vt -0.292813 1.275000
vt -0.365351 1.275000
vt -0.427709 1.275000
vt -0.496144 1.275000
vt -0.518159 1.275000
vt -0.431855 1.275000
vt -0.397799 1.275000
vt -0.461905 1.275000
vt -0.490841 1.275000
vt -0.492291 1.275000
vt -0.456013 1.275000
vt -0.344291 1.275000
vt -0.286689 1.275000
vt -0.304985 1.275000
vt -0.280741 1.275000
vt -0.221911 1.275000
vt -0.153314 1.275000
vt -0.071348 1.275000
vt -0.014114 1.275000
vt 0.038615 1.275000
vt 0.108082 1.275000
vt 0.170417 1.275000
vt 0.223840 1.275000
vt 0.250958 1.275000
vt 0.291290 1.275000
vt 0.399812 1.275000
vt 0.477892 1.275000
vt 0.482036 1.275000
vt 0.484002 1.275000
vt 0.466597 1.275000
vt 0.481574 1.275000
vt 0.590290 1.275000
vt 0.585237 1.700000
vt 0.539266 1.700000
vt 0.497467 1.700000
vt 0.437098 1.700000
vt 0.440250 1.700000
vt 0.491529 1.700000
vt 0.452967 1.700000
vt 0.366145 1.700000
vt 0.304718 1.700000
vt 0.246744 1.700000
vt 0.211304 1.700000
vt 0.180927 1.700000
vt 0.115718 1.700000
vt 0.051089 1.700000
vt -0.001343 1.700000
vt -0.052401 1.700000
vt -0.114010 1.700000
vt -0.202693 1.700000
vt -0.251128 1.700000
vt -0.242736 1.700000
vt -0.267740 1.700000
vt -0.316344 1.700000
vt -0.373951 1.700000
vt -0.459089 1.700000
vt -0.458316 1.700000
vt -0.375373 1.700000
vt -0.368787 1.700000
vt -0.407802 1.700000
vt -0.428835 1.700000
vt -0.454931 1.700000
vt -0.404496 1.700000
vt -0.293617 1.700000
vt -0.261131 1.700000
vt -0.266491 1.700000
vt -0.237230 1.700000
vt -0.196614 1.700000
vt -0.126997 1.700000
vt -0.047386 1.700000
vt 0.000723 1.700000
vt 0.051089 1.700000
vt 0.113652 1.700000
vt 0.175912 1.700000
vt 0.224292 1.700000
vt 0.240664 1.700000
vt 0.290820 1.700000
vt 0.389899 1.700000
vt 0.446358 1.700000
vt 0.468802 1.700000
vt 0.470795 1.700000
vt 0.432940 1.700000
vt 0.467986 1.700000
vt 0.571696 1.700000
vt 0.554540 2.125000
vt 0.536271 2.125000
vt 0.482268 2.125000
vt 0.414866 2.125000
vt 0.440897 2.125000
vt 0.478324 2.125000
vt 0.431495 2.125000
vt 0.367635 2.125000
vt 0.303330 2.125000
vt 0.240866 2.125000
vt 0.217822 2.125000
vt 0.186435 2.125000
vt 0.122313 2.125000
vt 0.063227 2.125000
vt 0.013169 2.125000
vt -0.030657 2.125000
vt -0.094984 2.125000
vt -0.179111 2.125000
vt -0.212847 2.125000
vt -0.217553 2.125000
vt -0.243562 2.125000
vt -0.270613 2.125000
vt -0.341005 2.125000
vt -0.426615 2.125000
vt -0.402473 2.125000
vt -0.341128 2.125000
vt -0.343492 2.125000
vt -0.355213 2.125000
vt -0.389669 2.125000
vt -0.424809 2.125000
vt -0.354271 2.125000
vt -0.260742 2.125000
vt -0.240691 2.125000
vt -0.227870 2.125000
vt -0.206810 2.125000
vt -0.176470 2.125000
vt -0.100625 2.125000
vt -0.028478 2.125000
vt 0.014067 2.125000
vt 0.063227 2.125000
vt 0.121415 2.125000
vt 0.184257 2.125000
vt 0.223463 2.125000
vt 0.238226 2.125000
vt 0.297294 2.125000
vt 0.377952 2.125000
vt 0.428625 2.125000
vt 0.468453 2.125000
vt 0.454163 2.125000
vt 0.413060 2.125000
vt 0.469464 2.125000
vt 0.550356 2.125000
vt 0.541616 2.550000
vt 0.537384 2.550000
vt 0.462462 2.550000
vt 0.407250 2.550000
vt 0.445895 2.550000
vt 0.461285 2.550000
vt 0.422234 2.550000
vt 0.373558 2.550000
vt 0.298186 2.550000
vt 0.241318 2.550000
vt 0.226930 2.550000
vt 0.190297 2.550000
vt 0.130288 2.550000
vt 0.074947 2.550000
vt 0.028079 2.550000
vt -0.012311 2.550000
vt -0.080429 2.550000
vt -0.153404 2.550000
vt -0.182049 2.550000
vt -0.201028 2.550000
vt -0.214643 2.550000
vt -0.233548 2.550000
vt -0.320928 2.550000
vt -0.389751 2.550000
vt -0.356356 2.550000
vt -0.321687 2.550000
vt -0.312333 2.550000
vt -0.310338 2.550000
vt -0.366673 2.550000
vt -0.391207 2.550000
vt -0.310239 2.550000
vt -0.241501 2.550000
vt -0.216956 2.550000
vt -0.192715 2.550000
vt -0.186912 2.550000
vt -0.155531 2.550000
vt -0.075884 2.550000
vt -0.014066 2.550000
vt 0.027356 2.550000
vt 0.074947 2.550000
vt 0.131011 2.550000
vt 0.192053 2.550000
vt 0.222385 2.550000
vt 0.243446 2.550000
vt 0.303050 2.550000
vt 0.365245 2.550000
vt 0.424547 2.550000
vt 0.469238 2.550000
vt 0.435206 2.550000
vt 0.408705 2.550000
vt 0.472779 2.550000
vt 0.526036 2.550000
vt 0.542483 2.975000
vt 0.532281 2.975000
vt 0.444160 2.975000
vt 0.412170 2.975000
vt 0.445709 2.975000
vt 0.444787 2.975000
vt 0.423921 2.975000
vt 0.376308 2.975000
vt 0.292125 2.975000
vt 0.248088 2.975000
vt 0.234439 2.975000
vt 0.193357 2.975000
vt 0.139650 2.975000
vt 0.086173 2.975000
vt 0.042891 2.975000
vt 0.002014 2.975000
vt -0.066177 2.975000
vt -0.126543 2.975000
vt -0.160400 2.975000
vt -0.185409 2.975000
vt -0.182146 2.975000
vt -0.208638 2.975000
vt -0.303359 2.975000
vt -0.348341 2.975000
vt -0.324506 2.975000
vt -0.306000 2.975000
vt -0.274606 2.975000
vt -0.278851 2.975000
vt -0.349186 2.975000
vt -0.351822 2.975000
vt -0.277788 2.975000
vt -0.227665 2.975000
vt -0.187679 2.975000
vt -0.165523 2.975000
vt -0.172035 2.975000
vt -0.131633 2.975000
vt -0.055305 2.975000
vt -0.002185 2.975000
vt 0.041161 2.975000
vt 0.086173 2.975000
vt 0.141380 2.975000
vt 0.197556 2.975000
vt 0.223567 2.975000
vt 0.253177 2.975000
vt 0.303760 2.975000
vt 0.356421 2.975000
vt 0.429454 2.975000
vt 0.463813 2.975000
vt 0.420137 2.975000
vt 0.415651 2.975000
vt 0.468840 2.975000
vt 0.505132 2.975000
vt 0.547889 3.400000
vt 0.518218 3.400000
vt 0.434428 3.400000
vt 0.421963 3.400000
vt 0.437046 3.400000
vt 0.434888 3.400000
vt 0.430730 3.400000
vt 0.372623 3.400000
vt 0.289563 3.400000
vt 0.258104 3.400000
vt 0.238234 3.400000
vt 0.197377 3.400000
vt 0.149624 3.400000
vt 0.096830 3.400000
vt 0.056578 3.400000
vt 0.013317 3.400000
vt -0.049597 3.400000
vt -0.102027 3.400000
vt -0.145868 3.400000
vt -0.165238 3.400000
vt -0.151671 3.400000
vt -0.194026 3.400000
vt -0.280282 3.400000
vt -0.308585 3.400000
vt -0.305580 3.400000
vt -0.284656 3.400000
vt -0.236722 3.400000
vt -0.260672 3.400000
vt -0.327383 3.400000
vt -0.311660 3.400000
vt -0.257692 3.400000
vt -0.210834 3.400000
vt -0.156559 3.400000
vt -0.147670 3.400000
vt -0.156146 3.400000
vt -0.106523 3.400000
vt -0.039992 3.400000
vt 0.009608 3.400000
vt 0.055049 3.400000
vt 0.096830 3.400000
vt 0.151152 3.400000
vt 0.201087 3.400000
vt 0.228629 3.400000
vt 0.262600 3.400000
vt 0.299842 3.400000
vt 0.355055 3.400000
vt 0.435618 3.400000
vt 0.451696 3.400000
vt 0.414456 3.400000
vt 0.425038 3.400000
vt 0.456231 3.400000
vt 0.494234 3.400000
vt 0.548087 3.825000
vt 0.499993 3.825000
vt 0.435619 3.825000
vt 0.427556 3.825000
vt 0.423500 3.825000
vt 0.434261 3.825000
vt 0.435184 3.825000
vt 0.364516 3.825000
vt 0.292934 3.825000
vt 0.266833 3.825000
vt 0.239022 3.825000
vt 0.203500 3.825000
vt 0.158981 3.825000
vt 0.106848 3.825000
vt 0.068344 3.825000
vt 0.023699 3.825000
vt -0.030783 3.825000
vt -0.082927 3.825000
vt -0.133531 3.825000
vt -0.139940 3.825000
vt -0.128689 3.825000
vt -0.183151 3.825000
vt -0.249896 3.825000
vt -0.277495 3.825000
vt -0.292350 3.825000
vt -0.254669 3.825000
vt -0.206702 3.825000
vt -0.249293 3.825000
vt -0.297237 3.825000
vt -0.278184 3.825000
vt -0.244833 3.825000
vt -0.186918 3.825000
vt -0.129784 3.825000
vt -0.136002 3.825000
vt -0.135835 3.825000
vt -0.083935 3.825000
vt -0.028630 3.825000
vt 0.022867 3.825000
vt 0.068001 3.825000
vt 0.106848 3.825000
vt 0.159323 3.825000
vt 0.204332 3.825000
vt 0.236869 3.825000
vt 0.267841 3.825000
vt 0.295238 3.825000
vt 0.360578 3.825000
vt 0.436279 3.825000
vt 0.438029 3.825000
vt 0.418437 3.825000
vt 0.428246 3.825000
vt 0.440506 3.825000
vt 0.494617 3.825000
vt 0.538282 4.250000
vt 0.485548 4.250000
vt 0.443436 4.250000
vt 0.423763 4.250000
vt 0.412124 4.250000
vt 0.439974 4.250000
vt 0.432411 4.250000
vt 0.357088 4.250000
vt 0.300814 4.250000
vt 0.270953 4.250000
vt 0.239392 4.250000
vt 0.211308 4.250000
vt 0.166720 4.250000
vt 0.116161 4.250000
vt 0.078161 4.250000
vt 0.035047 4.250000
vt -0.012098 4.250000
vt -0.069589 4.250000
vt -0.118521 4.250000
vt -0.113458 4.250000
vt -0.114576 4.250000
vt -0.168768 4.250000
vt -0.216745 4.250000
vt -0.257573 4.250000
vt -0.276011 4.250000
vt -0.220355 4.250000
vt -0.188298 4.250000
vt -0.235735 4.250000
vt -0.262030 4.250000
vt -0.255601 4.250000
vt -0.231231 4.250000
vt -0.157990 4.250000
vt -0.111442 4.250000
vt -0.124724 4.250000
vt -0.111930 4.250000
vt -0.066706 4.250000
vt -0.018257 4.250000
vt 0.037426 4.250000
vt 0.079141 4.250000
vt 0.116161 4.250000
vt 0.165740 4.250000
vt 0.208929 4.250000
vt 0.245551 4.250000
vt 0.268069 4.250000
vt 0.294223 4.250000
vt 0.368353 4.250000
vt 0.429277 4.250000
vt 0.429196 4.250000
vt 0.426609 4.250000
vt 0.421791 4.250000
vt 0.429456 4.250000
vt 0.500927 4.250000
vt 0.520885 4.675000
vt 0.480062 4.675000
vt 0.449718 4.675000
vt 0.412007 4.675000
vt 0.408180 4.675000
vt 0.445314 4.675000
vt 0.422738 4.675000
vt 0.354653 4.675000
vt 0.308827 4.675000
vt 0.270210 4.675000
vt 0.241807 4.675000
vt 0.219034 4.675000
vt 0.172601 4.675000
vt 0.124708 4.675000
vt 0.086742 4.675000
vt 0.047877 4.675000
vt 0.003634 4.675000
vt -0.059390 4.675000
vt -0.098956 4.675000
vt -0.091140 4.675000
vt -0.105729 4.675000
vt -0.147422 4.675000
vt -0.187966 4.675000
vt -0.245038 4.675000
vt -0.251599 4.675000
vt -0.189667 4.675000
vt -0.178463 4.675000
vt -0.214187 4.675000
vt -0.229308 4.675000
vt -0.241894 4.675000
vt -0.211062 4.675000
vt -0.130238 4.675000
vt -0.100732 4.675000
vt -0.109101 4.675000
vt -0.088448 4.675000
vt -0.054793 4.675000
vt -0.006185 4.675000
vt 0.051669 4.675000
vt 0.088304 4.675000
vt 0.124708 4.675000
vt 0.171039 4.675000
vt 0.215242 4.675000
vt 0.251627 4.675000
vt 0.265613 4.675000
vt 0.298319 4.675000
vt 0.372613 4.675000
vt 0.417741 4.675000
vt 0.428130 4.675000
vt 0.431276 4.675000
vt 0.408863 4.675000
vt 0.427427 4.675000
vt 0.504582 4.675000
vt 0.503097 5.100000
vt 0.482404 5.100000
vt 0.447768 5.100000
vt 0.398686 5.100000
vt 0.411530 5.100000
vt 0.444168 5.100000
vt 0.410854 5.100000
vt 0.357723 5.100000
vt 0.312535 5.100000
vt 0.267236 5.100000
vt 0.246856 5.100000
vt 0.224700 5.100000
vt 0.177176 5.100000
vt 0.132432 5.100000
vt 0.095013 5.100000
vt 0.061098 5.100000
vt 0.015076 5.100000
vt -0.048555 5.100000
vt -0.076847 5.100000
vt -0.075991 5.100000
vt -0.096119 5.100000
vt -0.121300 5.100000
vt -0.168211 5.100000
vt -0.232474 5.100000
vt -0.220751 5.100000
vt -0.168506 5.100000
vt -0.169612 5.100000
vt -0.185400 5.100000
vt -0.205393 5.100000
vt -0.230308 5.100000
vt -0.184124 5.100000
vt -0.109460 5.100000
vt -0.092676 5.100000
vt -0.088366 5.100000
vt -0.069607 5.100000
vt -0.045387 5.100000
vt 0.008310 5.100000
vt 0.063710 5.100000
vt 0.096089 5.100000
vt 0.132432 5.100000
vt 0.176099 5.100000
vt 0.222087 5.100000
vt 0.253622 5.100000
vt 0.264069 5.100000
vt 0.305295 5.100000
vt 0.370097 5.100000
vt 0.407411 5.100000
vt 0.432329 5.100000
vt 0.427443 5.100000
vt 0.396519 5.100000
vt 0.432410 5.100000
vt 0.499298 5.100000
vt 0.491606 5.525000
vt 0.486099 5.525000
vt 0.436488 5.525000
vt 0.390431 5.525000
vt 0.416918 5.525000
vt 0.434826 5.525000
vt 0.402241 5.525000
vt 0.362783 5.525000
vt 0.310248 5.525000
vt 0.265505 5.525000
vt 0.252900 5.525000
vt 0.227355 5.525000
vt 0.181309 5.525000
vt 0.139283 5.525000
vt 0.103469 5.525000
vt 0.072846 5.525000
vt 0.023177 5.525000
vt -0.034674 5.525000
vt -0.056436 5.525000
vt -0.066785 5.525000
vt -0.081366 5.525000
vt -0.096309 5.525000
vt -0.156632 5.525000
vt -0.213833 5.525000
vt -0.190033 5.525000
vt -0.156854 5.525000
vt -0.154824 5.525000
vt -0.155617 5.525000
vt -0.191157 5.525000
vt -0.213991 5.525000
vt -0.155467 5.525000
vt -0.097175 5.525000
vt -0.081618 5.525000
vt -0.065879 5.525000
vt -0.056966 5.525000
vt -0.034906 5.525000
vt 0.023672 5.525000
vt 0.072655 5.525000
vt 0.103391 5.525000
vt 0.139283 5.525000
vt 0.181388 5.525000
vt 0.227547 5.525000
vt 0.252404 5.525000
vt 0.265737 5.525000
vt 0.310777 5.525000
vt 0.361878 5.525000
vt 0.402493 5.525000
vt 0.435692 5.525000
vt 0.415753 5.525000
vt 0.390589 5.525000
vt 0.437612 5.525000
vt 0.484862 5.525000
vt 0.488053 5.950000
vt 0.483850 5.950000
vt 0.420580 5.950000
vt 0.389594 5.950000
vt 0.417690 5.950000
vt 0.420674 5.950000
vt 0.399375 5.950000
vt 0.364800 5.950000
vt 0.303860 5.950000
vt 0.266902 5.950000
vt 0.257244 5.950000
vt 0.227572 5.950000
vt 0.185541 5.950000
vt 0.145214 5.950000
vt 0.111857 5.950000
vt 0.081760 5.950000
vt 0.030392 5.950000
vt -0.018183 5.950000
vt -0.041202 5.950000
vt -0.059139 5.950000
vt -0.061483 5.950000
vt -0.077863 5.950000
vt -0.147768 5.950000
vt -0.188262 5.950000
vt -0.166174 5.950000
vt -0.149141 5.950000
vt -0.132316 5.950000
vt -0.131995 5.950000
vt -0.181761 5.950000
vt -0.190460 5.950000
vt -0.131619 5.950000
vt -0.089879 5.950000
vt -0.064977 5.950000
vt -0.046580 5.950000
vt -0.048550 5.950000
vt -0.021397 5.950000
vt 0.037259 5.950000
vt 0.079108 5.950000
vt 0.110764 5.950000
vt 0.145214 5.950000
vt 0.186634 5.950000
vt 0.230224 5.950000
vt 0.250378 5.950000
vt 0.270117 5.950000
vt 0.311208 5.950000
vt 0.352241 5.950000
vt 0.402869 5.950000
vt 0.432690 5.950000
vt 0.401540 5.950000
vt 0.391793 5.950000
vt 0.436167 5.950000
vt 0.466705 5.950000
vt 0.488216 6.375000
vt 0.472338 6.375000
vt 0.406921 6.375000
vt 0.392926 6.375000
vt 0.410226 6.375000
vt 0.407495 6.375000
vt 0.400224 6.375000
vt 0.360593 6.375000
vt 0.297272 6.375000
vt 0.270540 6.375000
vt 0.257953 6.375000
vt 0.226910 6.375000
vt 0.189714 6.375000
vt 0.150187 6.375000
vt 0.119372 6.375000
vt 0.087829 6.375000
vt 0.038932 6.375000
vt -0.001858 6.375000
vt -0.031602 6.375000
vt -0.048645 6.375000
vt -0.040533 6.375000
vt -0.067318 6.375000
vt -0.135479 6.375000
vt -0.160250 6.375000
vt -0.151564 6.375000
vt -0.138316 6.375000
vt -0.106223 6.375000
vt -0.117767 6.375000
vt -0.170245 6.375000
vt -0.162885 6.375000
vt -0.116124 6.375000
vt -0.081719 6.375000
vt -0.044720 6.375000
vt -0.033593 6.375000
vt -0.040408 6.375000
vt -0.005710 6.375000
vt 0.047162 6.375000
vt 0.084651 6.375000
vt 0.118062 6.375000
vt 0.150187 6.375000
vt 0.191023 6.375000
vt 0.230088 6.375000
vt 0.249724 6.375000
vt 0.274392 6.375000
vt 0.306078 6.375000
vt 0.345541 6.375000
vt 0.404412 6.375000
vt 0.421896 6.375000
vt 0.390871 6.375000
vt 0.395560 6.375000
vt 0.425602 6.375000
vt 0.451789 6.375000
vt 0.485193 6.800000
vt 0.454050 6.800000
vt 0.399780 6.800000
vt 0.394098 6.800000
vt 0.396046 6.800000
vt 0.399393 6.800000
vt 0.399886 6.800000
vt 0.350753 6.800000
vt 0.293606 6.800000
vt 0.273515 6.800000
vt 0.255033 6.800000
vt 0.226769 6.800000
vt 0.193099 6.800000
vt 0.154169 6.800000
vt 0.125215 6.800000
vt 0.092279 6.800000
vt 0.049311 6.800000
vt 0.011196 6.800000
vt -0.025006 6.800000
vt -0.033785 6.800000
vt -0.023626 6.800000
vt -0.061379 6.800000
vt -0.117052 6.800000
vt -0.136232 6.800000
vt -0.142989 6.800000
vt -0.120625 6.800000
vt -0.083397 6.800000
vt -0.110395 6.800000
vt -0.152288 6.800000
vt -0.137543 6.800000
vt -0.107416 6.800000
vt -0.068548 6.800000
vt -0.025711 6.800000
vt -0.026292 6.800000
vt -0.029390 6.800000
vt 0.009278 6.800000
vt 0.053408 6.800000
vt 0.090697 6.800000
vt 0.124563 6.800000
vt 0.154169 6.800000
vt 0.193751 6.800000
vt 0.228352 6.800000
vt 0.250936 6.800000
vt 0.275433 6.800000
vt 0.297990 6.800000
vt 0.343260 6.800000
vt 0.401970 6.800000
vt 0.406562 6.800000
vt 0.386411 6.800000
vt 0.395410 6.800000
vt 0.409080 6.800000
vt 0.443820 6.800000
vt 0.474140 7.225000
vt 0.435126 7.225000
vt 0.398156 7.225000
vt 0.388109 7.225000
vt 0.380356 7.225000
vt 0.396164 7.225000
vt 0.394023 7.225000
vt 0.338912 7.225000
vt 0.293169 7.225000
vt 0.272966 7.225000
vt 0.250247 7.225000
vt 0.227452 7.225000
vt 0.194903 7.225000
vt 0.157134 7.225000
vt 0.129102 7.225000
vt 0.096645 7.225000
vt 0.060123 7.225000
vt 0.019618 7.225000
vt -0.017688 7.225000
vt -0.016723 7.225000
vt -0.013459 7.225000
vt -0.054660 7.225000
vt -0.094729 7.225000
vt -0.120162 7.225000
vt -0.134201 7.225000
vt -0.097834 7.225000
vt -0.068651 7.225000
vt -0.103707 7.225000
vt -0.128862 7.225000
vt -0.119409 7.225000
vt -0.100261 7.225000
vt -0.050544 7.225000
vt -0.012262 7.225000
vt -0.021025 7.225000
vt -0.015171 7.225000
vt 0.020719 7.225000
vt 0.057771 7.225000
vt 0.097554 7.225000
vt 0.129476 7.225000
vt 0.157134 7.225000
vt 0.194528 7.225000
vt 0.226544 7.225000
vt 0.252599 7.225000
vt 0.271865 7.225000
vt 0.290652 7.225000
vt 0.343214 7.225000
vt 0.392826 7.225000
vt 0.392048 7.225000
vt 0.385888 7.225000
vt 0.387356 7.225000
vt 0.392817 7.225000
vt 0.440999 7.225000
vt 0.455282 7.650000
vt 0.420956 7.650000
vt 0.396847 7.650000
vt 0.374458 7.650000
vt 0.368264 7.650000
vt 0.393761 7.650000
vt 0.381666 7.650000
vt 0.329057 7.650000
vt 0.293455 7.650000
vt 0.267942 7.650000
vt 0.245779 7.650000
vt 0.228029 7.650000
vt 0.194779 7.650000
vt 0.159063 7.650000
vt 0.131396 7.650000
vt 0.101718 7.650000
vt 0.069123 7.650000
vt 0.024543 7.650000
vt -0.007397 7.650000
vt -0.001568 7.650000
vt -0.008730 7.650000
vt -0.043433 7.650000
vt -0.073818 7.650000
vt -0.111104 7.650000
vt -0.120319 7.650000
vt -0.075608 7.650000
vt -0.061739 7.650000
vt -0.092295 7.650000
vt -0.105150 7.650000
vt -0.108964 7.650000
vt -0.089535 7.650000
vt -0.031738 7.650000
vt -0.005329 7.650000
vt -0.013790 7.650000
vt -0.000246 7.650000
vt 0.027671 7.650000
vt 0.062441 7.650000
vt 0.104298 7.650000
vt 0.132459 7.650000
vt 0.159063 7.650000
vt 0.193716 7.650000
vt 0.225449 7.650000
vt 0.252461 7.650000
vt 0.264814 7.650000
vt 0.286304 7.650000
vt 0.341280 7.650000
vt 0.378265 7.650000
vt 0.382067 7.650000
vt 0.383980 7.650000
vt 0.372319 7.650000
vt 0.381678 7.650000
vt 0.437642 7.650000
vt 0.433305 8.075000
vt 0.412649 8.075000
vt 0.390240 8.075000
vt 0.357073 8.075000
vt 0.361380 8.075000
vt 0.387285 8.075000
vt 0.365544 8.075000
vt 0.322843 8.075000
vt 0.291032 8.075000
vt 0.259855 8.075000
vt 0.242733 8.075000
vt 0.227050 8.075000
vt 0.193006 8.075000
vt 0.159941 8.075000
vt 0.132796 8.075000
vt 0.107067 8.075000
vt 0.074780 8.075000
vt 0.028625 8.075000
vt 0.005270 8.075000
vt 0.008509 8.075000
vt -0.005356 8.075000
vt -0.027961 8.075000
vt -0.058910 8.075000
vt -0.104272 8.075000
vt -0.100945 8.075000
vt -0.059424 8.075000
vt -0.057963 8.075000
vt -0.075037 8.075000
vt -0.086752 8.075000
vt -0.102270 8.075000
vt -0.073616 8.075000
vt -0.017020 8.075000
vt -0.002175 8.075000
vt -0.002927 8.075000
vt 0.011960 8.075000
vt 0.031552 8.075000
vt 0.068527 8.075000
vt 0.109482 8.075000
vt 0.133791 8.075000
vt 0.159941 8.075000
vt 0.192011 8.075000
vt 0.224635 8.075000
vt 0.248985 8.075000
vt 0.256928 8.075000
vt 0.284341 8.075000
vt 0.334279 8.075000
vt 0.362363 8.075000
vt 0.376344 8.075000
vt 0.376085 8.075000
vt 0.355071 8.075000
vt 0.376047 8.075000
vt 0.428261 8.075000
vt 0.413836 8.500000
vt 0.406668 8.500000
vt 0.376059 8.500000
vt 0.341296 8.500000
vt 0.357055 8.500000
vt 0.374302 8.500000
vt 0.349935 8.500000
vt 0.318688 8.500000
vt 0.283894 8.500000
vt 0.251320 8.500000
vt 0.240491 8.500000
vt 0.223540 8.500000
vt 0.190239 8.500000
vt 0.159765 8.500000
vt 0.133839 8.500000
vt 0.111436 8.500000
vt 0.077217 8.500000
vt 0.034135 8.500000
vt 0.017515 8.500000
vt 0.013287 8.500000
vt 0.000566 8.500000
vt -0.011975 8.500000
vt -0.050906 8.500000
vt -0.094556 8.500000
vt -0.080034 8.500000
vt -0.050960 8.500000
vt -0.051690 8.500000
vt -0.055464 8.500000
vt -0.075940 8.500000
vt -0.093978 8.500000
vt -0.055148 8.500000
vt -0.008818 8.500000
vt 0.001484 8.500000
vt 0.009988 8.500000
vt 0.019445 8.500000
vt 0.034979 8.500000
vt 0.075414 8.500000
vt 0.112132 8.500000
vt 0.134126 8.500000
vt 0.159765 8.500000
vt 0.189952 8.500000
vt 0.222843 8.500000
vt 0.242295 8.500000
vt 0.250475 8.500000
vt 0.281964 8.500000
vt 0.321987 8.500000
vt 0.349017 8.500000
vt 0.371146 8.500000
vt 0.361297 8.500000
vt 0.340718 8.500000
vt 0.371964 8.500000
vt 0.411172 8.500000
vt 0.399617 8.925000
vt 0.397608 8.925000
vt 0.356554 8.925000
vt 0.330202 8.925000
vt 0.350527 8.925000
vt 0.356214 8.925000
vt 0.337674 8.925000
vt 0.313125 8.925000
vt 0.272649 8.925000
vt 0.244305 8.925000
vt 0.237279 8.925000
vt 0.217600 8.925000
vt 0.187035 8.925000
vt 0.158534 8.925000
vt 0.134557 8.925000
vt 0.113644 8.925000
vt 0.077979 8.925000
vt 0.041491 8.925000
vt 0.026402 8.925000
vt 0.015366 8.925000
vt 0.010190 8.925000
vt 0.000132 8.925000
vt -0.046763 8.925000
vt -0.079937 8.925000
vt -0.062857 8.925000
vt -0.047336 8.925000
vt -0.040174 8.925000
vt -0.038976 8.925000
vt -0.070457 8.925000
vt -0.081009 8.925000
vt -0.038888 8.925000
vt -0.005727 8.925000
vt 0.008486 8.925000
vt 0.021490 8.925000
vt 0.022819 8.925000
vt 0.039924 8.925000
vt 0.081327 8.925000
vt 0.112351 8.925000
vt 0.134024 8.925000
vt 0.158534 8.925000
vt 0.187568 8.925000
vt 0.218893 8.925000
vt 0.233931 8.925000
vt 0.245872 8.925000
vt 0.276232 8.925000
vt 0.307001 8.925000
vt 0.339378 8.925000
vt 0.362073 8.925000
vt 0.342652 8.925000
vt 0.331274 8.925000
vt 0.364154 8.925000
vt 0.389248 8.925000
vt 0.388968 9.350000
vt 0.381962 9.350000
vt 0.336564 9.350000
vt 0.322784 9.350000
vt 0.338290 9.350000
vt 0.336957 9.350000
vt 0.328418 9.350000
vt 0.303283 9.350000
vt 0.259860 9.350000
vt 0.238889 9.350000
vt 0.231457 9.350000
vt 0.210234 9.350000
vt 0.183495 9.350000
vt 0.156258 9.350000
vt 0.134503 9.350000
vt 0.113369 9.350000
vt 0.078864 9.350000
vt 0.049165 9.350000
vt 0.030817 9.350000
vt 0.018166 9.350000
vt 0.021424 9.350000
vt 0.006281 9.350000
vt -0.041901 9.350000
vt -0.062522 9.350000
vt -0.052377 9.350000
vt -0.043475 9.350000
vt -0.025092 9.350000
vt -0.029079 9.350000
vt -0.065463 9.350000
vt -0.064368 9.350000
vt -0.028341 9.350000
vt -0.003807 9.350000
vt 0.018490 9.350000
vt 0.028711 9.350000
vt 0.024648 9.350000
vt 0.046466 9.350000
vt 0.084629 9.350000
vt 0.111143 9.350000
vt 0.133585 9.350000
vt 0.156258 9.350000
vt 0.184412 9.350000
vt 0.212460 9.350000
vt 0.225691 9.350000
vt 0.241588 9.350000
vt 0.266030 9.350000
vt 0.292739 9.350000
vt 0.331352 9.350000
vt 0.347046 9.350000
vt 0.324731 9.350000
vt 0.324630 9.350000
vt 0.349651 9.350000
vt 0.367566 9.350000
vt 0.377363 9.775000
vt 0.360255 9.775000
vt 0.320045 9.775000
vt 0.315046 9.775000
vt 0.320294 9.775000
vt 0.320131 9.775000
vt 0.319204 9.775000
vt 0.288740 9.775000
vt 0.248151 9.775000
vt 0.233412 9.775000
vt 0.222600 9.775000
vt 0.202595 9.775000
vt 0.179250 9.775000
vt 0.152950 9.775000
vt 0.133107 9.775000
vt 0.111276 9.775000
vt 0.080715 9.775000
vt 0.054903 9.775000
vt 0.032027 9.775000
vt 0.023583 9.775000
vt 0.030662 9.775000
vt 0.007856 9.775000
vt -0.033388 9.775000
vt -0.046711 9.775000
vt -0.047511 9.775000
vt -0.035684 9.775000
vt -0.010968 9.775000
vt -0.025245 9.775000
vt -0.057001 9.775000
vt -0.048049 9.775000
vt -0.023556 9.775000
vt 0.000541 9.775000
vt 0.028534 9.775000
vt 0.031229 9.775000
vt 0.027554 9.775000
vt 0.052946 9.775000
vt 0.084896 9.775000
vt 0.109662 9.775000
vt 0.132442 9.775000
vt 0.152950 9.775000
vt 0.179915 9.775000
vt 0.204210 9.775000
vt 0.218419 9.775000
vt 0.235369 9.775000
vt 0.252624 9.775000
vt 0.281094 9.775000
vt 0.321332 9.775000
vt 0.327446 9.775000
vt 0.310462 9.775000
vt 0.316385 9.775000
vt 0.329535 9.775000
vt 0.349816 9.775000
vt 0.360755 10.200000
vt 0.336272 10.200000
vt 0.307550 10.200000
vt 0.302990 10.200000
vt 0.299613 10.200000
vt 0.306657 10.200000
vt 0.306712 10.200000
vt 0.271544 10.200000
vt 0.238464 10.200000
vt 0.225774 10.200000
vt 0.211659 10.200000
vt 0.195216 10.200000
vt 0.173768 10.200000
vt 0.148634 10.200000
vt 0.130078 10.200000
vt 0.108479 10.200000
vt 0.082974 10.200000
vt 0.057312 10.200000
vt 0.032593 10.200000
vt 0.030903 10.200000
vt 0.035352 10.200000
vt 0.008422 10.200000
vt -0.021700 10.200000
vt -0.036017 10.200000
vt -0.044281 10.200000
vt -0.023948 10.200000
vt -0.001848 10.200000
vt -0.023688 10.200000
vt -0.044517 10.200000
vt -0.036050 10.200000
vt -0.021456 10.200000
vt 0.008240 10.200000
vt 0.035299 10.200000
vt 0.031093 10.200000
vt 0.032482 10.200000
vt 0.057263 10.200000
vt 0.083078 10.200000
vt 0.108439 10.200000
vt 0.130061 10.200000
vt 0.148634 10.200000
vt 0.173785 10.200000
vt 0.195256 10.200000
vt 0.211555 10.200000
vt 0.225822 10.200000
vt 0.238576 10.200000
vt 0.271354 10.200000
vt 0.306765 10.200000
vt 0.306839 10.200000
vt 0.299369 10.200000
vt 0.303023 10.200000
vt 0.307786 10.200000
vt 0.336012 10.200000
vt 0.338220 10.625000
vt 0.314181 10.625000
vt 0.296265 10.625000
vt 0.285286 10.625000
vt 0.280063 10.625000
vt 0.294488 10.625000
vt 0.289524 10.625000
vt 0.254585 10.625000
vt 0.229648 10.625000
vt 0.214894 10.625000
vt 0.200185 10.625000
vt 0.187739 10.625000
vt 0.166740 10.625000
vt 0.143336 10.625000
vt 0.125577 10.625000
vt 0.105767 10.625000
vt 0.084226 10.625000
vt 0.056702 10.625000
vt 0.034535 10.625000
vt 0.037594 10.625000
vt 0.035588 10.625000
vt 0.011120 10.625000
vt -0.009997 10.625000
vt -0.030819 10.625000
vt -0.038766 10.625000
vt -0.011502 10.625000
vt 0.001343 10.625000
vt -0.020240 10.625000
vt -0.030823 10.625000
vt -0.029699 10.625000
vt -0.018227 10.625000
vt 0.017243 10.625000
vt 0.037368 10.625000
vt 0.031194 10.625000
vt 0.038280 10.625000
vt 0.058340 10.625000
vt 0.080727 10.625000
vt 0.107119 10.625000
vt 0.126134 10.625000
vt 0.143336 10.625000
vt 0.166183 10.625000
vt 0.186387 10.625000
vt 0.203685 10.625000
vt 0.213256 10.625000
vt 0.225903 10.625000
vt 0.260985 10.625000
vt 0.287744 10.625000
vt 0.288364 10.625000
vt 0.288292 10.625000
vt 0.284166 10.625000
vt 0.288322 10.625000
vt 0.322919 10.625000
vt 0.312217 11.050000
vt 0.295739 11.050000
vt 0.282309 11.050000
vt 0.263856 11.050000
vt 0.263589 11.050000
vt 0.280346 11.050000
vt 0.268859 11.050000
vt 0.239593 11.050000
vt 0.219488 11.050000
vt 0.201330 11.050000
vt 0.189248 11.050000
vt 0.179282 11.050000
vt 0.158279 11.050000
vt 0.137093 11.050000
vt 0.120080 11.050000
vt 0.103137 11.050000
vt 0.083267 11.050000
vt 0.054692 11.050000
vt 0.038073 11.050000
vt 0.041227 11.050000
vt 0.033742 11.050000
vt 0.016652 11.050000
vt -0.001679 11.050000
vt -0.028470 11.050000
vt -0.029687 11.050000
vt -0.002268 11.050000
vt 0.001066 11.050000
vt -0.013144 11.050000
vt -0.019801 11.050000
vt -0.027076 11.050000
vt -0.011922 11.050000
vt 0.024274 11.050000
vt 0.035958 11.050000
vt 0.033261 11.050000
vt 0.042734 11.050000
vt 0.056731 11.050000
vt 0.078912 11.050000
vt 0.104819 11.050000
vt 0.120773 11.050000
vt 0.137093 11.050000
vt 0.157586 11.050000
vt 0.177600 11.050000
vt 0.193603 11.050000
vt 0.199291 11.050000
vt 0.214828 11.050000
vt 0.247559 11.050000
vt 0.266642 11.050000
vt 0.272725 11.050000
vt 0.273832 11.050000
vt 0.262461 11.050000
vt 0.272422 11.050000
vt 0.306614 11.050000
vt 0.286538 11.475000
vt 0.279450 11.475000
vt 0.263476 11.475000
vt 0.242196 11.475000
vt 0.249238 11.475000
vt 0.262091 11.475000
vt 0.247442 11.475000
vt 0.226156 11.475000
vt 0.206349 11.475000
vt 0.186716 11.475000
vt 0.178804 11.475000
vt 0.169119 11.475000
vt 0.148813 11.475000
vt 0.129945 11.475000
vt 0.114041 11.475000
vt 0.099920 11.475000
vt 0.079900 11.475000
vt 0.052991 11.475000
vt 0.041738 11.475000
vt 0.041106 11.475000
vt 0.032623 11.475000
vt 0.023150 11.475000
vt 0.001936 11.475000
vt -0.025421 11.475000
vt -0.018897 11.475000
vt 0.001870 11.475000
vt 0.001113 11.475000
vt -0.003895 11.475000
vt -0.013656 11.475000
vt -0.024682 11.475000
vt -0.003494 11.475000
vt 0.027190 11.475000
vt 0.033798 11.475000
vt 0.036884 11.475000
vt 0.044209 11.475000
vt 0.054072 11.475000
vt 0.077591 11.475000
vt 0.100812 11.475000
vt 0.114408 11.475000
vt 0.129945 11.475000
vt 0.148445 11.475000
vt 0.168227 11.475000
vt 0.181113 11.475000
vt 0.185635 11.475000
vt 0.203878 11.475000
vt 0.230379 11.475000
vt 0.246268 11.475000
vt 0.258051 11.475000
vt 0.254668 11.475000
vt 0.241457 11.475000
vt 0.258235 11.475000
vt 0.285215 11.475000
vt 0.263624 11.900000
vt 0.262037 11.900000
vt 0.240512 11.900000
vt 0.222861 11.900000
vt 0.234216 11.900000
vt 0.240018 11.900000
vt 0.227515 11.900000
vt 0.212316 11.900000
vt 0.190211 11.900000
vt 0.172555 11.900000
vt 0.167911 11.900000
vt 0.157168 11.900000
vt 0.138786 11.900000
vt 0.121940 11.900000
vt 0.107620 11.900000
vt 0.095350 11.900000
vt 0.074958 11.900000
vt 0.052270 11.900000
vt 0.043607 11.900000
vt 0.038525 11.900000
vt 0.033565 11.900000
vt 0.027797 11.900000
vt 0.002234 11.900000
vt -0.019687 11.900000
vt -0.009685 11.900000
vt 0.002076 11.900000
vt 0.003923 11.900000
vt 0.004230 11.900000
vt -0.011642 11.900000
vt -0.019963 11.900000
vt 0.004262 11.900000
vt 0.026288 11.900000
vt 0.033126 11.900000
vt 0.040102 11.900000
vt 0.042684 11.900000
vt 0.051866 11.900000
vt 0.075820 11.900000
vt 0.095017 11.900000
vt 0.107483 11.900000
vt 0.121940 11.900000
vt 0.138924 11.900000
vt 0.157501 11.900000
vt 0.167049 11.900000
vt 0.172958 11.900000
vt 0.191134 11.900000
vt 0.210738 11.900000
vt 0.227954 11.900000
vt 0.241527 11.900000
vt 0.232188 11.900000
vt 0.223137 11.900000
vt 0.242470 11.900000
vt 0.259883 11.900000
vt 0.243155 12.325000
vt 0.240927 12.325000
vt 0.216217 12.325000
vt 0.205916 12.325000
vt 0.216057 12.325000
vt 0.216342 12.325000
vt 0.209429 12.325000
vt 0.196135 12.325000
vt 0.172483 12.325000
vt 0.159262 12.325000
vt 0.155517 12.325000
vt 0.143987 12.325000
vt 0.128391 12.325000
vt 0.113131 12.325000
vt 0.100653 12.325000
vt 0.089120 12.325000
vt 0.069630 12.325000
vt 0.051895 12.325000
vt 0.042693 12.325000
vt 0.035643 12.325000
vt 0.035781 12.325000
vt 0.028890 12.325000
vt 0.002019 12.325000
vt -0.011920 12.325000
vt -0.004336 12.325000
vt 0.001371 12.325000
vt 0.009179 12.325000
vt 0.008658 12.325000
vt -0.010960 12.325000
vt -0.012854 12.325000
vt 0.008882 12.325000
vt 0.023784 12.325000
vt 0.034296 12.325000
vt 0.040981 12.325000
vt 0.039570 12.325000
vt 0.050529 12.325000
vt 0.072548 12.325000
vt 0.087994 12.325000
vt 0.100189 12.325000
vt 0.113131 12.325000
vt 0.128856 12.325000
vt 0.145114 12.325000
vt 0.152599 12.325000
vt 0.160628 12.325000
vt 0.175606 12.325000
vt 0.190798 12.325000
vt 0.210914 12.325000
vt 0.221448 12.325000
vt 0.209194 12.325000
vt 0.206851 12.325000
vt 0.222841 12.325000
vt 0.233641 12.325000
vt 0.222732 12.750000
vt 0.215912 12.750000
vt 0.193277 12.750000
vt 0.189319 12.750000
vt 0.194272 12.750000
vt 0.193445 12.750000
vt 0.191742 12.750000
vt 0.177036 12.750000
vt 0.154869 12.750000
vt 0.146092 12.750000
vt 0.141224 12.750000
vt 0.130337 12.750000
vt 0.117512 12.750000
vt 0.103575 12.750000
vt 0.092846 12.750000
vt 0.081556 12.750000
vt 0.064641 12.750000
vt 0.050594 12.750000
vt 0.039498 12.750000
vt 0.033935 12.750000
vt 0.037257 12.750000
vt 0.026847 12.750000
vt 0.003439 12.750000
vt -0.004522 12.750000
vt -0.002709 12.750000
vt 0.002347 12.750000
vt 0.014481 12.750000
vt 0.009181 12.750000
vt -0.008922 12.750000
vt -0.005398 12.750000
vt 0.009875 12.750000
vt 0.022058 12.750000
vt 0.035864 12.750000
vt 0.038941 12.750000
vt 0.036569 12.750000
vt 0.049313 12.750000
vt 0.067377 12.750000
vt 0.080499 12.750000
vt 0.092410 12.750000
vt 0.103575 12.750000
vt 0.117948 12.750000
vt 0.131393 12.750000
vt 0.138487 12.750000
vt 0.147373 12.750000
vt 0.157797 12.750000
vt 0.172031 12.750000
vt 0.193134 12.750000
vt 0.198234 12.750000
vt 0.187835 12.750000
vt 0.190195 12.750000
vt 0.199490 12.750000
vt 0.209079 12.750000
vt 0.199887 13.175000
vt 0.188937 13.175000
vt 0.172503 13.175000
vt 0.170692 13.175000
vt 0.170390 13.175000
vt 0.172270 13.175000
vt 0.172531 13.175000
vt 0.156007 13.175000
vt 0.138201 13.175000
vt 0.131872 13.175000
vt 0.125489 13.175000
vt 0.116666 13.175000
vt 0.105897 13.175000
vt 0.093335 13.175000
vt 0.084038 13.175000
vt 0.073329 13.175000
vt 0.059875 13.175000
vt 0.047465 13.175000
vt 0.035468 13.175000
vt 0.033343 13.175000
vt 0.036362 13.175000
vt 0.023612 13.175000
vt 0.006680 13.175000
vt 0.000312 13.175000
vt -0.002698 13.175000
vt 0.005521 13.175000
vt 0.017362 13.175000
vt 0.007743 13.175000
vt -0.004718 13.175000
vt 0.000028 13.175000
vt 0.008772 13.175000
vt 0.022055 13.175000
vt 0.035909 13.175000
vt 0.034970 13.175000
vt 0.034515 13.175000
vt 0.047048 13.175000
vt 0.060765 13.175000
vt 0.072985 13.175000
vt 0.083896 13.175000
vt 0.093335 13.175000
vt 0.106038 13.175000
vt 0.117010 13.175000
vt 0.124599 13.175000
vt 0.132288 13.175000
vt 0.139154 13.175000
vt 0.154379 13.175000
vt 0.172984 13.175000
vt 0.173827 13.175000
vt 0.168298 13.175000
vt 0.170976 13.175000
vt 0.174523 13.175000
vt 0.186715 13.175000
vt 0.173830 13.600000
vt 0.162425 13.600000
vt 0.152653 13.600000
vt 0.149053 13.600000
vt 0.146597 13.600000
vt 0.151980 13.600000
vt 0.150842 13.600000
vt 0.134687 13.600000
vt 0.122073 13.600000
vt 0.115930 13.600000
vt 0.109202 13.600000
vt 0.102910 13.600000
vt 0.093396 13.600000
vt 0.082480 13.600000
vt 0.074329 13.600000
vt 0.064979 13.600000
vt 0.054652 13.600000
vt 0.042569 13.600000
vt 0.031875 13.600000
vt 0.032633 13.600000
vt 0.032940 13.600000
vt 0.021095 13.600000
vt 0.010231 13.600000
vt 0.002106 13.600000
vt -0.001978 13.600000
vt 0.009395 13.600000
vt 0.017030 13.600000
vt 0.006769 13.600000
vt 0.000410 13.600000
vt 0.002442 13.600000
vt 0.007758 13.600000
vt 0.022936 13.600000
vt 0.033476 13.600000
vt 0.030709 13.600000
vt 0.033000 13.600000
vt 0.043062 13.600000
vt 0.053600 13.600000
vt 0.065385 13.600000
vt 0.074496 13.600000
vt 0.082480 13.600000
vt 0.093229 13.600000
vt 0.102504 13.600000
vt 0.110254 13.600000
vt 0.115438 13.600000
vt 0.120948 13.600000
vt 0.136611 13.600000
vt 0.150307 13.600000
vt 0.150139 13.600000
vt 0.149071 13.600000
vt 0.148716 13.600000
vt 0.150266 13.600000
vt 0.165051 13.600000
vt 0.222909 1.100000
vt 0.160383 1.029785
vt 0.121444 0.981863
vt 0.118456 0.971448
vt 0.152367 1.001848
vt 0.212410 1.063410
vt 0.279523 1.136590
vt 0.332397 1.198152
vt 0.354245 1.228552
vt 0.338131 1.218137
vt 0.289171 1.170215
vt 1.511281 -0.080000
vt 1.488241 -0.105873
vt 1.473893 -0.123531
vt 1.472792 -0.127369
vt 1.485287 -0.116167
vt 1.507412 -0.093483
vt 1.532142 -0.066517
vt 1.551625 -0.043833
vt 1.559675 -0.032631
vt 1.553738 -0.036469
vt 1.535697 -0.054127
vt 0.291367 1.100000
vt 0.221368 1.029785
vt 0.146275 0.981863
vt 0.089927 0.971448
vt 0.070216 1.001848
vt 0.093399 1.063410
vt 0.152116 1.136590
vt 0.227725 1.198152
vt 0.296220 1.228552
vt 0.335855 1.218137
vt 0.334046 1.170215
vt 1.357729 -0.080000
vt 1.331936 -0.105873
vt 1.304266 -0.123531
vt 1.283503 -0.127369
vt 1.276239 -0.116167
vt 1.284782 -0.093483
vt 1.306418 -0.066517
vt 1.334279 -0.043833
vt 1.359518 -0.032631
vt 1.374122 -0.036469
vt 1.373456 -0.054127
vt 0.252338 1.100000
vt 0.201978 1.029785
vt 0.115774 0.981863
vt 0.021094 0.971448
vt -0.052001 1.001848
vt -0.080304 1.063410
vt -0.054829 1.136590
vt 0.016335 1.198152
vt 0.110595 1.228552
vt 0.198024 1.218137
vt 0.250864 1.170215
vt 0.635459 -0.080000
vt 0.616903 -0.105873
vt 0.585138 -0.123531
vt 0.550251 -0.127369
vt 0.523316 -0.116167
vt 0.512887 -0.093483
vt 0.522274 -0.066517
vt 0.548497 -0.043833
vt 0.583230 -0.032631
vt 0.615446 -0.036469
vt 0.634916 -0.054127
vt 0.123570 1.100000
vt 0.109616 1.029785
vt 0.045314 0.981863
vt -0.048921 0.971448
vt -0.143170 1.001848
vt -0.207510 1.063410
vt -0.221513 1.136590
vt -0.180733 1.198152
vt -0.098118 1.228552
vt 0.000103 1.218137
vt 0.082745 1.170215
vt -0.252658 -0.080000
vt -0.257800 -0.105873
vt -0.281494 -0.123531
vt -0.316217 -0.127369
vt -0.350946 -0.116167
vt -0.374654 -0.093483
vt -0.379814 -0.066517
vt -0.364788 -0.043833
vt -0.334346 -0.032631
vt -0.298153 -0.036469
vt -0.267701 -0.054127
vt -0.027427 1.100000
vt -0.004794 1.029785
vt -0.030821 0.981863
vt -0.097245 0.971448
vt -0.182977 1.001848
vt -0.260797 1.063410
vt -0.305998 1.136590
vt -0.304230 1.198152
vt -0.256053 1.228552
vt -0.176763 1.218137
vt -0.091535 1.170215
vt -0.972657 -0.080000
vt -0.964317 -0.105873
vt -0.973908 -0.123531
vt -0.998384 -0.127369
vt -1.029974 -0.116167
vt -1.058649 -0.093483
vt -1.075305 -0.066517
vt -1.074654 -0.043833
vt -1.056901 -0.032631
vt -1.027685 -0.036469
vt -0.996280 -0.054127
vt -0.167568 1.100000
vt -0.115155 1.029785
vt -0.097044 0.981863
vt -0.118987 0.971448
vt -0.174016 1.001848
vt -0.244659 1.063410
vt -0.308490 1.136590
vt -0.345240 1.198152
vt -0.343243 1.228552
vt -0.303133 1.218137
vt -0.237644 1.170215
vt -1.420990 -0.080000
vt -1.401676 -0.105873
vt -1.395003 -0.123531
vt -1.403088 -0.127369
vt -1.423365 -0.116167
vt -1.449396 -0.093483
vt -1.472916 -0.066517
vt -1.486458 -0.043833
vt -1.485722 -0.032631
vt -1.470943 -0.036469
vt -1.446811 -0.054127
vt -0.263852 1.100000
vt -0.195239 1.029785
vt -0.138015 0.981863
vt -0.110350 0.971448
vt -0.121026 1.001848
vt -0.166655 1.063410
vt -0.232749 1.136590
vt -0.298323 1.198152
vt -0.342560 1.228552
vt -0.351413 1.218137
vt -0.322072 1.170215
vt -1.504674 -0.080000
vt -1.479391 -0.105873
vt -1.458305 -0.123531
vt -1.448111 -0.127369
vt -1.452045 -0.116167
vt -1.468859 -0.093483
vt -1.493213 -0.066517
vt -1.517376 -0.043833
vt -1.533676 -0.032631
vt -1.536938 -0.036469
vt -1.526127 -0.054127
vt -0.282421 1.100000
vt -0.221219 1.029785
vt -0.134718 0.981863
vt -0.050382 0.971448
vt 0.005015 1.001848
vt 0.013883 1.063410
vt -0.026593 1.136590
vt -0.103563 1.198152
vt -0.192587 1.228552
vt -0.265404 1.218137
vt -0.298892 1.170215
vt -0.965992 -0.080000
vt -0.943441 -0.105873
vt -0.911567 -0.123531
vt -0.880490 -0.127369
vt -0.860078 -0.116167
vt -0.856810 -0.093483
vt -0.871725 -0.066517
vt -0.900086 -0.043833
vt -0.932890 -0.032631
vt -0.959722 -0.036469
vt -0.972062 -0.054127
vt -0.224452 1.100000
vt -0.182749 1.029785
vt -0.099694 0.981863
vt -0.001656 0.971448
vt 0.080238 1.001848
vt 0.119988 1.063410
vt 0.104973 1.136590
vt 0.039961 1.198152
vt -0.054408 1.228552
vt -0.148172 1.218137
vt -0.211562 1.170215
vt -0.402441 -0.080000
vt -0.387075 -0.105873
vt -0.356471 -0.123531
vt -0.320345 -0.127369
vt -0.290169 -0.116167
vt -0.275522 -0.093483
vt -0.281055 -0.066517
vt -0.305010 -0.043833
vt -0.339784 -0.032631
vt -0.374334 -0.036469
vt -0.397692 -0.054127
vt -0.082224 1.100000
vt -0.078754 1.029785
vt -0.023972 0.981863
vt 0.064731 0.971448
vt 0.159191 1.001848
vt 0.229418 1.063410
vt 0.253116 1.136590
vt 0.222761 1.198152
vt 0.147989 1.228552
vt 0.052541 1.218137
vt -0.033279 1.170215
vt 0.474340 -0.080000
vt 0.475618 -0.105873
vt 0.495805 -0.123531
vt 0.528490 -0.127369
vt 0.563297 -0.116167
vt 0.589174 -0.093483
vt 0.597906 -0.066517
vt 0.586721 -0.043833
vt 0.559169 -0.032631
vt 0.523998 -0.036469
vt 0.492375 -0.054127
vt 0.088099 1.100000
vt 0.052022 1.029785
vt 0.060076 0.981863
vt 0.109703 0.971448
vt 0.185147 1.001848
vt 0.262455 1.063410
vt 0.317083 1.136590
vt 0.331685 1.198152
vt 0.301627 1.228552
vt 0.236452 1.218137
vt 0.156851 1.170215
vt 1.195736 -0.080000
vt 1.182442 -0.105873
vt 1.185410 -0.123531
vt 1.203697 -0.127369
vt 1.231496 -0.116167
vt 1.259983 -0.093483
vt 1.280112 -0.066517
vt 1.285493 -0.043833
vt 1.274417 -0.032631
vt 1.250401 -0.036469
vt 1.221070 -0.054127
vt -0.004598 6.392000
vt 0.001420 6.356574
vt 0.006774 6.337725
vt 0.008958 6.344271
vt 0.006950 6.373150
vt 0.001691 6.410850
vt -0.004360 6.439729
vt -0.008371 6.446275
vt -0.008465 6.427426
vt 1.956988 6.667081
vt 1.958502 6.658169
vt 1.959849 6.653427
vt 1.960398 6.655073
vt 1.959893 6.662339
vt 1.958570 6.671823
vt 1.957048 6.679088
vt 1.956039 6.680735
vt 1.956015 6.675993
vt 0.050814 6.392000
vt 0.040948 6.356574
vt 0.011922 6.337725
vt -0.022682 6.344271
vt -0.046673 6.373150
vt -0.048825 6.410850
vt -0.028131 6.439729
vt 0.005725 6.446275
vt 0.036903 6.427426
vt 0.747519 6.644274
vt 0.745037 6.635361
vt 0.737734 6.630619
vt 0.729029 6.632266
vt 0.722993 6.639532
vt 0.722452 6.649016
vt 0.727658 6.656281
vt 0.736176 6.657928
vt 0.744019 6.653186
vt 0.030110 6.392000
vt 0.018895 6.356574
vt -0.001162 6.337725
vt -0.020675 6.344271
vt -0.030514 6.373150
vt -0.026075 6.410850
vt -0.009436 6.439729
vt 0.011619 6.446275
vt 0.027237 6.427426
vt -1.311808 6.611641
vt -1.314630 6.602729
vt -1.319675 6.597987
vt -1.324584 6.599634
vt -1.327060 6.606899
vt -1.325943 6.616383
vt -1.321757 6.623648
vt -1.316460 6.625295
vt -1.312531 6.620553
vt -0.028801 6.392000
vt -0.026307 6.356574
vt -0.011503 6.337725
vt 0.008683 6.344271
vt 0.024806 6.373150
vt 0.029322 6.410850
vt 0.020118 6.439729
vt 0.001500 6.446275
vt -0.017819 6.427426
vt -1.398256 6.619593
vt -1.397629 6.610681
vt -1.393905 6.605939
vt -1.388826 6.607586
vt -1.384770 6.614851
vt -1.383634 6.624335
vt -1.385950 6.631600
vt -1.390633 6.633247
vt -1.395494 6.628505
vt -0.055320 6.392000
vt -0.041839 6.356574
vt -0.008781 6.337725
vt 0.028386 6.344271
vt 0.052271 6.373150
vt 0.051697 6.410850
vt 0.026934 6.439729
vt -0.010432 6.446275
vt -0.042917 6.427426
vt 0.173754 6.633791
vt 0.177146 6.624879
vt 0.185462 6.620137
vt 0.194812 6.621784
vt 0.200821 6.629049
vt 0.200677 6.638533
vt 0.194447 6.645798
vt 0.185047 6.647445
vt 0.176874 6.642703
vt 0.050874 6.963200
vt 0.038427 6.930582
vt 0.008000 6.913226
vt -0.026171 6.919253
vt -0.048096 6.945844
vt -0.047516 6.980556
vt -0.024703 7.007147
vt 0.009669 7.013174
vt 0.039517 6.995818
vt -0.185420 7.197162
vt -0.188821 7.188250
vt -0.197135 7.183508
vt -0.206471 7.185155
vt -0.212461 7.192420
vt -0.212303 7.201904
vt -0.206070 7.209170
vt -0.196679 7.210817
vt -0.188523 7.206075
vt -0.009832 6.963200
vt -0.012014 6.930582
vt -0.008574 6.913226
vt -0.001122 6.919253
vt 0.006855 6.945844
vt 0.011624 6.980556
vt 0.010954 7.007147
vt 0.005159 7.013174
vt -0.003050 6.995818
vt -1.884914 7.231702
vt -1.885510 7.222789
vt -1.884570 7.218047
vt -1.882534 7.219694
vt -1.880355 7.226960
vt -1.879052 7.236444
vt -1.879235 7.243709
vt -1.880818 7.245356
vt -1.883061 7.240614
vt -0.049572 6.963200
vt -0.039130 6.930582
vt -0.010379 6.913226
vt 0.023229 6.919253
vt 0.045968 6.945844
vt 0.047198 6.980556
vt 0.026343 7.007147
vt -0.006838 7.013174
vt -0.036819 6.995818
vt -0.413427 7.184445
vt -0.410574 7.175533
vt -0.402718 7.170791
vt -0.393536 7.172438
vt -0.387323 7.179703
vt -0.386987 7.189187
vt -0.392685 7.196452
vt -0.401751 7.198099
vt -0.409943 7.193357
vt -0.029689 6.963200
vt -0.019021 6.930582
vt 0.000547 6.913226
vt 0.019859 6.919253
vt 0.029878 6.945844
vt 0.025918 6.980556
vt 0.009830 7.007147
vt -0.010858 7.013174
vt -0.026465 6.995818
vt 1.382469 7.202060
vt 1.385383 7.193148
vt 1.390730 7.188406
vt 1.396006 7.190053
vt 1.398744 7.197318
vt 1.397661 7.206802
vt 1.393266 7.214067
vt 1.387614 7.215714
vt 1.383349 7.210972
vt 0.037308 6.963200
vt 0.031710 6.930582
vt 0.011274 6.913226
vt -0.014437 6.919253
vt -0.033393 6.945844
vt -0.036724 6.980556
vt -0.022871 7.007147
vt 0.001683 7.013174
vt 0.025450 6.995818
vt 0.957148 7.156608
vt 0.955619 7.147696
vt 0.950035 7.142954
vt 0.943010 7.144600
vt 0.937831 7.151866
vt 0.936921 7.161350
vt 0.940706 7.168615
vt 0.947415 7.170262
vt 0.953908 7.165520
vt -0.035634 7.534400
vt -0.030005 7.504589
vt -0.010337 7.488727
vt 0.014168 7.494236
vt 0.032044 7.518538
vt 0.034926 7.550262
vt 0.021465 7.574564
vt -0.002039 7.580073
vt -0.024589 7.564211
vt -1.195311 7.790009
vt -1.193628 7.781097
vt -1.187748 7.776355
vt -1.180422 7.778002
vt -1.175078 7.785267
vt -1.174217 7.794751
vt -1.178241 7.802016
vt -1.185267 7.803663
vt -1.192009 7.798921
vt -0.044683 7.534400
vt -0.032980 7.504589
vt -0.005845 7.488727
vt 0.024025 7.494236
vt 0.042653 7.518538
vt 0.041323 7.550262
vt 0.020658 7.574564
vt -0.009673 7.580073
vt -0.035478 7.564211
vt 0.491020 7.770298
vt 0.494519 7.761386
vt 0.502631 7.756644
vt 0.511561 7.758291
vt 0.517130 7.765556
vt 0.516732 7.775040
vt 0.510554 7.782306
vt 0.501487 7.783952
vt 0.493772 7.779210
vt 0.000500 7.534400
vt 0.004556 7.504589
vt 0.006481 7.488727
vt 0.005373 7.494236
vt 0.001751 7.518538
vt -0.002690 7.550262
vt -0.005873 7.574564
vt -0.006307 7.580073
vt -0.003790 7.564211
vt 1.700368 7.772444
vt 1.701580 7.763532
vt 1.702156 7.758790
vt 1.701824 7.760437
vt 1.700742 7.767702
vt 1.699414 7.777186
vt 1.698463 7.784451
vt 1.698333 7.786098
vt 1.699085 7.781356
vt 0.046627 7.534400
vt 0.036107 7.504589
vt 0.008692 7.488727
vt -0.022790 7.494236
vt -0.043608 7.518538
vt -0.044021 7.550262
vt -0.023837 7.574564
vt 0.007501 7.580073
vt 0.035330 7.564211
vt 0.146362 7.733546
vt 0.143217 7.724634
vt 0.135021 7.719891
vt 0.125610 7.721538
vt 0.119386 7.728804
vt 0.119262 7.738288
vt 0.125297 7.745553
vt 0.134665 7.747200
vt 0.142985 7.742458
vt 0.028416 7.534400
vt 0.018450 7.504589
vt -0.000148 7.488727
vt -0.018677 7.494236
vt -0.028467 7.518538
vt -0.024937 7.550262
vt -0.009738 7.574564
vt 0.010017 7.580073
vt 0.025085 7.564211
vt -1.270451 7.759662
vt -1.273430 7.750750
vt -1.278990 7.746008
vt -1.284529 7.747654
vt -1.287456 7.754920
vt -1.286401 7.764404
vt -1.281857 7.771669
vt -1.275951 7.773316
vt -1.271446 7.768574
vt -0.019863 8.105600
vt -0.011875 8.078596
vt 0.001669 8.064228
vt 0.014432 8.069218
vt 0.020442 8.091232
vt 0.016888 8.119968
vt 0.005431 8.141982
vt -0.008567 8.146972
vt -0.018556 8.132604
vt 1.396190 8.327855
vt 1.398827 8.318943
vt 1.403297 8.314201
vt 1.407509 8.315848
vt 1.409493 8.323113
vt 1.408319 8.332597
vt 1.404538 8.339862
vt 1.399918 8.341509
vt 1.396622 8.336767
vt 0.027307 8.105600
vt 0.023811 8.078596
vt 0.009174 8.064228
vt -0.009755 8.069218
vt -0.024120 8.091232
vt -0.027199 8.119968
vt -0.017551 8.141982
vt 0.000309 8.146972
vt 0.018025 8.132604
vt 0.967949 8.281032
vt 0.966796 8.272120
vt 0.961965 8.267378
vt 0.955718 8.269025
vt 0.950977 8.276290
vt 0.949961 8.285774
vt 0.953145 8.293039
vt 0.959039 8.294686
vt 0.964886 8.289944
vt 0.038477 8.105600
vt 0.027884 8.078596
vt 0.004243 8.064228
vt -0.021383 8.069218
vt -0.037004 8.091232
vt -0.035310 8.119968
vt -0.017094 8.141982
vt 0.009120 8.146972
vt 0.031067 8.132604
vt -0.654319 8.327404
vt -0.657815 8.318492
vt -0.665617 8.313750
vt -0.674075 8.315397
vt -0.679230 8.322662
vt -0.678671 8.332146
vt -0.672659 8.339412
vt -0.664008 8.341058
vt -0.656765 8.336316
vt 0.003555 8.105600
vt -0.001044 8.078596
vt -0.005154 8.064228
vt -0.006853 8.069218
vt -0.005345 8.091232
vt -0.001336 8.119968
vt 0.003298 8.141982
vt 0.006389 8.146972
vt 0.006490 8.132604
vt -1.238054 8.279704
vt -1.239572 8.270792
vt -1.240929 8.266050
vt -1.241489 8.267697
vt -1.240991 8.274962
vt -1.239668 8.284446
vt -1.238139 8.291711
vt -1.237119 8.293358
vt -1.237085 8.288616
vt -0.042419 8.105600
vt -0.032521 8.078596
vt -0.007406 8.064228
vt 0.021174 8.069218
vt 0.039847 8.091232
vt 0.039875 8.119968
vt 0.021245 8.141982
vt -0.007325 8.146972
vt -0.032468 8.132604
vt -0.025905 8.344093
vt -0.022639 8.335181
vt -0.014350 8.330439
vt -0.004918 8.332086
vt 0.001245 8.339351
vt 0.001254 8.348835
vt -0.004894 8.356100
vt -0.014323 8.357747
vt -0.022621 8.353005
vt 0.036930 8.676800
vt 0.029092 8.652604
vt 0.007641 8.639729
vt -0.017384 8.644200
vt -0.034276 8.663925
vt -0.035129 8.689675
vt -0.019545 8.709400
vt 0.005184 8.713871
vt 0.027488 8.700996
vt 0.270464 8.828712
vt 0.267577 8.819800
vt 0.259677 8.815058
vt 0.250459 8.816704
vt 0.244238 8.823970
vt 0.243923 8.833454
vt 0.249663 8.840719
vt 0.258772 8.842366
vt 0.266987 8.837624
vt 0.025901 8.676800
vt 0.017362 8.652604
vt 0.000699 8.639729
vt -0.016291 8.644200
vt -0.025658 8.663925
vt -0.023019 8.689675
vt -0.009610 8.709400
vt 0.008296 8.713871
vt 0.022320 8.700996
vt -1.170024 8.902432
vt -1.173169 8.893520
vt -1.179306 8.888778
vt -1.185564 8.890425
vt -1.189014 8.897690
vt -1.188042 8.907174
vt -1.183103 8.914439
vt -1.176508 8.916086
vt -1.171343 8.911344
vt -0.030392 8.676800
vt -0.025316 8.652604
vt -0.008394 8.639729
vt 0.012455 8.644200
vt 0.027477 8.663925
vt 0.029642 8.689675
vt 0.017937 8.709400
vt -0.002161 8.713871
vt -0.021247 8.700996
vt -0.765888 8.852730
vt -0.764018 8.843818
vt -0.757785 8.839076
vt -0.750106 8.840723
vt -0.744573 8.847988
vt -0.743776 8.857472
vt -0.748087 8.864737
vt -0.755489 8.866384
vt -0.762519 8.861642
vt -0.033115 8.676800
vt -0.023705 8.652604
vt -0.003203 8.639729
vt 0.018798 8.644200
vt 0.032003 8.663925
vt 0.030233 8.689675
vt 0.014317 8.709400
vt -0.008298 8.713871
vt -0.027031 8.700996
vt 0.706980 8.881911
vt 0.710446 8.872999
vt 0.717998 8.868257
vt 0.726101 8.869904
vt 0.730965 8.877169
vt 0.730313 8.886653
vt 0.724451 8.893919
vt 0.716121 8.895565
vt 0.709221 8.890823
vt 0.004465 8.676800
vt 0.006784 8.652604
vt 0.005929 8.639729
vt 0.002300 8.644200
vt -0.002406 8.663925
vt -0.005986 8.689675
vt -0.006765 8.709400
vt -0.004379 8.713871
vt 0.000056 8.700996
vt 1.703980 8.916789
vt 1.704835 8.907876
vt 1.704520 8.903134
vt 1.703183 8.904781
vt 1.701450 8.912047
vt 1.700131 8.921531
vt 1.699844 8.928796
vt 1.700723 8.930443
vt 1.702356 8.925701
vt -0.006860 9.248000
vt -0.008187 9.226611
vt -0.005682 9.215230
vt -0.000519 9.219183
vt 0.004887 9.236619
vt 0.008006 9.259381
vt 0.007380 9.276817
vt 0.003300 9.280770
vt -0.002324 9.269389
vt -1.399214 9.447697
vt -1.399767 9.438784
vt -1.398724 9.434042
vt -1.396572 9.435689
vt -1.394320 9.442954
vt -1.393020 9.452439
vt -1.393281 9.459704
vt -1.394981 9.461351
vt -1.397324 9.456609
vt -0.033511 9.248000
vt -0.025889 9.226611
vt -0.006153 9.215230
vt 0.016462 9.219183
vt 0.031374 9.236619
vt 0.031606 9.259381
vt 0.017049 9.276817
vt -0.005485 9.280770
vt -0.025453 9.269389
vt -0.122466 9.456825
vt -0.119290 9.447913
vt -0.111067 9.443171
vt -0.101644 9.444818
vt -0.095431 9.452083
vt -0.095334 9.461567
vt -0.101400 9.468832
vt -0.110789 9.470479
vt -0.119109 9.465737
vt -0.020046 9.248000
vt -0.012953 9.226611
vt 0.000201 9.215230
vt 0.013261 9.219183
vt 0.020116 9.236619
vt 0.017559 9.259381
vt 0.006785 9.276817
vt -0.007163 9.280770
vt -0.017760 9.269389
vt 1.001624 9.424190
vt 1.004579 9.415278
vt 1.010060 9.410536
vt 1.015502 9.412183
vt 1.018358 9.419448
vt 1.017293 9.428932
vt 1.012804 9.436197
vt 1.006992 9.437844
vt 1.002577 9.433102
vt 0.019065 9.248000
vt 0.017070 9.226611
vt 0.007088 9.215230
vt -0.006210 9.219183
vt -0.016603 9.236619
vt -0.019227 9.259381
vt -0.012854 9.276817
vt -0.000467 9.280770
vt 0.012139 9.269389
vt 1.324180 9.471783
vt 1.323349 9.462871
vt 1.319190 9.458129
vt 1.313649 9.459776
vt 1.309319 9.467041
vt 1.308225 9.476525
vt 1.310880 9.483791
vt 1.316042 9.485438
vt 1.321294 9.480695
vt 0.028087 9.248000
vt 0.019872 9.226611
vt 0.002359 9.215230
vt -0.016258 9.219183
vt -0.027267 9.236619
vt -0.025518 9.259381
vt -0.011829 9.276817
vt 0.007395 9.280770
vt 0.023159 9.269389
vt -0.766640 9.446534
vt -0.770063 9.437622
vt -0.777360 9.432880
vt -0.785117 9.434527
vt -0.789705 9.441792
vt -0.788976 9.451276
vt -0.783272 9.458541
vt -0.775262 9.460188
vt -0.768693 9.455446
vt -0.031141 9.819200
vt -0.023199 9.798829
vt -0.004402 9.787991
vt 0.016455 9.791755
vt 0.029612 9.808361
vt 0.028913 9.830039
vt 0.014686 9.846645
vt -0.006413 9.850409
vt -0.024512 9.839571
vt 0.317670 10.020693
vt 0.321144 10.011781
vt 0.329368 10.007039
vt 0.338493 10.008686
vt 0.344249 10.015951
vt 0.343943 10.025435
vt 0.337719 10.032701
vt 0.328488 10.034348
vt 0.320570 10.029606
vt 0.003506 9.819200
vt 0.005520 9.798829
vt 0.004952 9.787991
vt 0.002066 9.791755
vt -0.001786 9.808361
vt -0.004802 9.830039
vt -0.005572 9.846645
vt -0.003734 9.850409
vt -0.000149 9.839571
vt 1.328836 10.006147
vt 1.329717 9.997235
vt 1.329469 9.992493
vt 1.328206 9.994140
vt 1.326521 10.001405
vt 1.325201 10.010890
vt 1.324864 10.018155
vt 1.325668 10.019802
vt 1.327237 10.015060
vt 0.031874 9.819200
vt 0.024670 9.798829
vt 0.005922 9.787991
vt -0.015597 9.791755
vt -0.029817 9.808361
vt -0.030086 9.830039
vt -0.016278 9.846645
vt 0.005148 9.850409
vt 0.024164 9.839571
vt 0.103323 9.960424
vt 0.100171 9.951511
vt 0.091969 9.946769
vt 0.082554 9.948416
vt 0.076333 9.955682
vt 0.076215 9.965166
vt 0.082256 9.972431
vt 0.091630 9.974078
vt 0.099950 9.969336
vt 0.008077 9.819200
vt 0.003428 9.798829
vt -0.002825 9.787991
vt -0.007757 9.791755
vt -0.009058 9.808361
vt -0.006122 9.830039
vt -0.000321 9.846645
vt 0.005630 9.850409
vt 0.008947 9.839571
vt -1.144232 9.985264
vt -1.146266 9.976352
vt -1.149002 9.971610
vt -1.151160 9.973257
vt -1.151729 9.980522
vt -1.150444 9.990007
vt -1.147906 9.997272
vt -1.145303 9.998919
vt -1.143852 9.994177
vt -0.018382 9.819200
vt -0.016416 9.798829
vt -0.006768 9.787991
vt 0.006046 9.791755
vt 0.016031 9.808361
vt 0.018515 9.830039
vt 0.012336 9.846645
vt 0.000385 9.850409
vt -0.011747 9.839571
vt -0.970966 9.983892
vt -0.970106 9.974979
vt -0.965885 9.970237
vt -0.960279 9.971884
vt -0.955910 9.979150
vt -0.954824 9.988634
vt -0.957527 9.995899
vt -0.962756 9.997546
vt -0.968063 9.992804
vt 0.021988 10.390400
vt 0.018916 10.370029
vt 0.006993 10.359191
vt -0.008203 10.362955
vt -0.019560 10.379561
vt -0.021765 10.401239
vt -0.013786 10.417845
vt 0.000644 10.421609
vt 0.014772 10.410771
vt 0.739951 10.531132
vt 0.738607 10.522220
vt 0.733390 10.517478
vt 0.726743 10.519125
vt 0.721774 10.526390
vt 0.720809 10.535874
vt 0.724300 10.543140
vt 0.730613 10.544787
vt 0.736794 10.540045
vt 0.031020 10.390400
vt 0.023063 10.370029
vt 0.004314 10.359191
vt -0.016454 10.362955
vt -0.029522 10.379561
vt -0.028777 10.401239
vt -0.014567 10.417845
vt 0.006460 10.421609
vt 0.024463 10.410771
vt -0.264312 10.548831
vt -0.267793 10.539918
vt -0.275996 10.535176
vt -0.285082 10.536823
vt -0.290799 10.544089
vt -0.290473 10.553573
vt -0.284256 10.560838
vt -0.275057 10.562485
vt -0.267180 10.557743
vt -0.008384 10.390400
vt -0.009175 10.370029
vt -0.005673 10.359191
vt 0.000484 10.362955
vt 0.006414 10.379561
vt 0.009343 10.401239
vt 0.007900 10.417845
vt 0.002761 10.421609
vt -0.003670 10.410771
vt -1.341284 10.584444
vt -1.341630 10.575532
vt -1.340098 10.570790
vt -1.337404 10.572437
vt -1.334810 10.579702
vt -1.333528 10.589186
vt -1.334160 10.596452
vt -1.336408 10.598099
vt -1.339221 10.593357
vt -0.029769 10.390400
vt -0.023850 10.370029
vt -0.006772 10.359191
vt 0.013475 10.362955
vt 0.027417 10.379561
vt 0.028530 10.401239
vt 0.016294 10.417845
vt -0.003566 10.421609
vt -0.021758 10.410771
vt -0.515347 10.582085
vt -0.512758 10.573173
vt -0.505286 10.568431
vt -0.496428 10.570077
vt -0.490329 10.577343
vt -0.489841 10.586827
vt -0.495195 10.594092
vt -0.503884 10.595739
vt -0.511842 10.590997
vt -0.016173 10.390400
vt -0.009928 10.370029
vt 0.000962 10.359191
vt 0.011402 10.362955
vt 0.016507 10.379561
vt 0.013888 10.401239
vt 0.004771 10.417845
vt -0.006579 10.421609
vt -0.014850 10.410771
vt 1.094269 10.569089
vt 1.097001 10.560177
vt 1.101766 10.555435
vt 1.106333 10.557082
vt 1.108567 10.564347
vt 1.107421 10.573831
vt 1.103432 10.581096
vt 1.098467 10.582743
vt 1.094848 10.578001
vt 0.018337 10.961600
vt 0.011710 10.941229
vt -0.000397 10.930391
vt -0.012317 10.934155
vt -0.018474 10.950761
vt -0.015987 10.972439
vt -0.006019 10.989045
vt 0.006765 10.992809
vt 0.016384 10.981971
vt -0.806277 11.100705
vt -0.809177 11.091793
vt -0.814473 11.087051
vt -0.819688 11.088698
vt -0.822382 11.095963
vt -0.821294 11.105447
vt -0.816933 11.112712
vt -0.811340 11.114359
vt -0.807131 11.109617
vt -0.022587 10.961600
vt -0.019323 10.941229
vt -0.007017 10.930391
vt 0.008572 10.934155
vt 0.020150 10.950761
vt 0.022300 10.972439
vt 0.014015 10.989045
vt -0.000827 10.992809
vt -0.015283 10.981971
vt -0.872634 11.132113
vt -0.871205 11.123201
vt -0.865822 11.118459
vt -0.859002 11.120106
vt -0.853936 11.127371
vt -0.852996 11.136855
vt -0.856620 11.144120
vt -0.863114 11.145767
vt -0.869438 11.141025
vt -0.024179 10.961600
vt -0.016654 10.941229
vt -0.001336 10.930391
vt 0.014606 10.934155
vt 0.023715 10.950761
vt 0.021727 10.972439
vt 0.009572 10.989045
vt -0.007061 10.992809
vt -0.020390 10.981971
vt 0.668782 11.106795
vt 0.672074 11.097883
vt 0.678775 11.093141
vt 0.685750 11.094788
vt 0.689735 11.102053
vt 0.688865 11.111537
vt 0.683548 11.118803
vt 0.676271 11.120449
vt 0.670439 11.115707
vt 0.012071 10.961600
vt 0.011888 10.941229
vt 0.006143 10.930391
vt -0.002477 10.934155
vt -0.009938 10.950761
vt -0.012749 10.972439
vt -0.009594 10.989045
vt -0.001950 10.992809
vt 0.006606 10.981971
vt 1.056072 11.120446
vt 1.055992 11.111534
vt 1.053479 11.106792
vt 1.049707 11.108439
vt 1.046443 11.115704
vt 1.045214 11.125188
vt 1.046594 11.132454
vt 1.049938 11.134101
vt 1.053681 11.129359
vt 0.031939 10.961600
vt 0.024643 10.941229
vt 0.005817 10.930391
vt -0.015731 10.934155
vt -0.029918 10.950761
vt -0.030106 10.972439
vt -0.016207 10.989045
vt 0.005275 10.992809
vt 0.024290 10.981971
vt 0.082419 11.116269
vt 0.079227 11.107357
vt 0.070991 11.102615
vt 0.061564 11.104262
vt 0.055357 11.111527
vt 0.055274 11.121011
vt 0.061355 11.128276
vt 0.070754 11.129923
vt 0.079073 11.125181
vt -0.031901 11.532800
vt -0.024213 11.512429
vt -0.005196 11.501591
vt 0.016253 11.505355
vt 0.030096 11.521961
vt 0.029858 11.543639
vt 0.015648 11.560245
vt -0.005883 11.564009
vt -0.024662 11.553171
vt 0.085988 11.710620
vt 0.089351 11.701708
vt 0.097671 11.696966
vt 0.107055 11.698613
vt 0.113112 11.705878
vt 0.113007 11.715362
vt 0.106790 11.722627
vt 0.097370 11.724274
vt 0.089155 11.719532
vt -0.016295 11.532800
vt -0.010028 11.512429
vt 0.000931 11.501591
vt 0.011454 11.505355
vt 0.016618 11.521961
vt 0.014006 11.543639
vt 0.004841 11.560245
vt -0.006590 11.564009
vt -0.014937 11.553171
vt 0.987940 11.694668
vt 0.990681 11.685756
vt 0.995476 11.681014
vt 1.000080 11.682661
vt 1.002339 11.689926
vt 1.001197 11.699410
vt 0.997187 11.706675
vt 0.992186 11.708322
vt 0.988534 11.703580
vt 0.027555 11.532800
vt 0.022559 11.512429
vt 0.007006 11.501591
vt -0.011824 11.505355
vt -0.025122 11.521961
vt -0.026665 11.543639
vt -0.015731 11.560245
vt 0.002563 11.564009
vt 0.019659 11.553171
vt 0.624771 11.701515
vt 0.622585 11.692603
vt 0.615781 11.687861
vt 0.607543 11.689508
vt 0.601725 11.696773
vt 0.601050 11.706257
vt 0.605833 11.713523
vt 0.613837 11.715169
vt 0.621316 11.710427
vt 0.029281 11.532800
vt 0.021281 11.512429
vt 0.003322 11.501591
vt -0.016191 11.505355
vt -0.028128 11.521961
vt -0.026903 11.543639
vt -0.013091 11.560245
vt 0.006847 11.564009
vt 0.023581 11.553171
vt -0.411444 11.680054
vt -0.414944 11.671142
vt -0.422801 11.666400
vt -0.431338 11.668046
vt -0.436560 11.675312
vt -0.436025 11.684796
vt -0.429982 11.692061
vt -0.421259 11.693708
vt -0.413938 11.688966
vt -0.003377 11.532800
vt -0.005423 11.512429
vt -0.004931 11.501591
vt -0.002133 11.505355
vt 0.001664 11.521961
vt 0.004682 11.543639
vt 0.005509 11.560245
vt 0.003759 11.564009
vt 0.000249 11.553171
vt -0.886820 11.657444
vt -0.887715 11.648532
vt -0.887500 11.643790
vt -0.886275 11.645437
vt -0.884614 11.652702
vt -0.883294 11.662186
vt -0.882932 11.669451
vt -0.883698 11.671098
vt -0.885233 11.666356
vt 0.001534 12.104000
vt 0.004024 12.083629
vt 0.004631 12.072791
vt 0.003071 12.076555
vt 0.000074 12.093161
vt -0.002957 12.114839
vt -0.004605 12.131445
vt -0.004098 12.135209
vt -0.001673 12.124371
vt 0.961092 12.238614
vt 0.962181 12.229702
vt 0.962447 12.224960
vt 0.961764 12.226606
vt 0.960453 12.233872
vt 0.959127 12.243356
vt 0.958406 12.250621
vt 0.958628 12.252268
vt 0.959689 12.247526
vt 0.030751 12.104000
vt 0.024346 12.083629
vt 0.006549 12.072791
vt -0.014312 12.076555
vt -0.028476 12.093161
vt -0.029316 12.114839
vt -0.016438 12.131445
vt 0.004131 12.135209
vt 0.022767 12.124371
vt 0.274121 12.235898
vt 0.271318 12.226986
vt 0.263532 12.222244
vt 0.254406 12.223891
vt 0.248209 12.231156
vt 0.247841 12.240640
vt 0.253475 12.247906
vt 0.262475 12.249553
vt 0.270628 12.244811
vt 0.015623 12.104000
vt 0.009479 12.083629
vt -0.001100 12.072791
vt -0.011165 12.076555
vt -0.016005 12.093161
vt -0.013356 12.114839
vt -0.004458 12.131445
vt 0.006526 12.135209
vt 0.014457 12.124371
vt -0.787429 12.231414
vt -0.790117 12.222502
vt -0.794746 12.217760
vt -0.799149 12.219407
vt -0.801267 12.226672
vt -0.800108 12.236156
vt -0.796215 12.243421
vt -0.791409 12.245068
vt -0.787940 12.240326
vt -0.020772 12.104000
vt -0.018082 12.083629
vt -0.006931 12.072791
vt 0.007463 12.076555
vt 0.018365 12.093161
vt 0.020674 12.114839
vt 0.013309 12.131445
vt -0.000283 12.135209
vt -0.013743 12.124371
vt -0.725329 12.235822
vt -0.724152 12.226910
vt -0.719274 12.222168
vt -0.712976 12.223814
vt -0.708207 12.231080
vt -0.707197 12.240564
vt -0.710419 12.247829
vt -0.716365 12.249476
vt -0.722254 12.244734
vt -0.023648 12.104000
vt -0.016194 12.083629
vt -0.001163 12.072791
vt 0.014413 12.076555
vt 0.023244 12.093161
vt 0.021200 12.114839
vt 0.009236 12.131445
vt -0.007050 12.135209
vt -0.020037 12.124371
vt 0.660833 12.243477
vt 0.664094 12.234565
vt 0.670670 12.229823
vt 0.677485 12.231470
vt 0.681349 12.238735
vt 0.680454 12.248219
vt 0.675220 12.255484
vt 0.668095 12.257131
vt 0.662413 12.252389
vt 0.024333 12.675200
vt 0.016788 12.654829
vt 0.001388 12.643991
vt -0.014662 12.647755
vt -0.023851 12.664361
vt -0.021880 12.686039
vt -0.009671 12.702645
vt 0.007063 12.706409
vt 0.020492 12.695571
vt -0.641675 12.815820
vt -0.644976 12.806907
vt -0.651713 12.802165
vt -0.658735 12.803812
vt -0.662755 12.811078
vt -0.661893 12.820562
vt -0.656551 12.827827
vt -0.649230 12.829474
vt -0.643355 12.824732
vt -0.011677 12.675200
vt -0.011600 12.654829
vt -0.006096 12.643991
vt 0.002261 12.647755
vt 0.009560 12.664361
vt 0.012385 12.686039
vt 0.009416 12.702645
vt 0.002040 12.706409
vt -0.006290 12.695571
vt -0.651142 12.772343
vt -0.651109 12.763431
vt -0.648700 12.758689
vt -0.645044 12.760336
vt -0.641851 12.767601
vt -0.640615 12.777085
vt -0.641914 12.784350
vt -0.645141 12.785997
vt -0.648785 12.781255
vt -0.031999 12.675200
vt -0.024539 12.654829
vt -0.005597 12.643991
vt 0.015963 12.647755
vt 0.030055 12.664361
vt 0.030083 12.686039
vt 0.016035 12.702645
vt -0.005516 12.706409
vt -0.024486 12.695571
vt -0.022758 12.806190
vt -0.019495 12.797278
vt -0.011208 12.792536
vt -0.001775 12.794183
vt 0.004390 12.801448
vt 0.004402 12.810932
vt -0.001743 12.818198
vt -0.011172 12.819845
vt -0.019471 12.815102
vt -0.006998 12.675200
vt -0.002578 12.654829
vt 0.003048 12.643991
vt 0.007249 12.647755
vt 0.008057 12.664361
vt 0.005096 12.686039
vt -0.000250 12.702645
vt -0.005479 12.706409
vt -0.008144 12.695571
vt 0.691032 12.774784
vt 0.692966 12.765872
vt 0.695428 12.761130
vt 0.697265 12.762777
vt 0.697619 12.770042
vt 0.696323 12.779526
vt 0.693985 12.786791
vt 0.691697 12.788438
vt 0.690531 12.783696
vt 0.027469 12.675200
vt 0.022505 12.654829
vt 0.007011 12.643991
vt -0.011764 12.647755
vt -0.025034 12.664361
vt -0.026591 12.686039
vt -0.015705 12.702645
vt 0.002529 12.706409
vt 0.019580 12.695571
vt 0.466294 12.799181
vt 0.464123 12.790269
vt 0.457344 12.785527
vt 0.449130 12.787174
vt 0.443324 12.794439
vt 0.442643 12.803923
vt 0.447405 12.811188
vt 0.455383 12.812835
vt 0.462843 12.808093
f 1/1 2/2 54/54
f 1/1 54/54 53/53
f 2/2 3/3 55/55
f 2/2 55/55 54/54
f 3/3 4/4 56/56
f 3/3 56/56 55/55
f 4/4 5/5 57/57
f 4/4 57/57 56/56
f 5/5 6/6 58/58
f 5/5 58/58 57/57
f 6/6 7/7 59/59
f 6/6 59/59 58/58
f 7/7 8/8 60/60
f 7/7 60/60 59/59
f 8/8 9/9 61/61
f 8/8 61/61 60/60
f 9/9 10/10 62/62
f 9/9 62/62 61/61
f 10/10 11/11 63/63
f 10/10 63/63 62/62
f 11/11 12/12 64/64
f 11/11 64/64 63/63
f 12/12 13/13 65/65
f 12/12 65/65 64/64
f 13/13 14/14 66/66
f 13/13 66/66 65/65
f 14/14 15/15 67/67
f 14/14 67/67 66/66
f 15/15 16/16 68/68
f 15/15 68/68 67/67
f 16/16 17/17 69/69
f 16/16 69/69 68/68
f 17/17 18/18 70/70
f 17/17 70/70 69/69
f 18/18 19/19 71/71
f 18/18 71/71 70/70
f 19/19 20/20 72/72
f 19/19 72/72 71/71
f 20/20 21/21 73/73
f 20/20 73/73 72/72
f 21/21 22/22 74/74
f 21/21 74/74 73/73
f 22/22 23/23 75/75
f 22/22 75/75 74/74
f 23/23 24/24 76/76
f 23/23 76/76 75/75
f 24/24 25/25 77/77
f 24/24 77/77 76/76
f 25/25 26/26 78/78
f 25/25 78/78 77/77
f 26/26 27/27 79/79
f 26/26 79/79 78/78
f 27/27 28/28 80/80
f 27/27 80/80 79/79
f 28/28 29/29 81/81
f 28/28 81/81 80/80
f 29/29 30/30 82/82
f 29/29 82/82 81/81
f 30/30 31/31 83/83
f 30/30 83/83 82/82
f 31/31 32/32 84/84
f 31/31 84/84 83/83
f 32/32 33/33 85/85
f 32/32 85/85 84/84
f 33/33 34/34 86/86
f 33/33 86/86 85/85
f 34/34 35/35 87/87
f 34/34 87/87 86/86
f 35/35 36/36 88/88
f 35/35 88/88 87/87
f 36/36 37/37 89/89
f 36/36 89/89 88/88
f 37/37 38/38 90/90
f 37/37 90/90 89/89
f 38/38 39/39 91/91
f 38/38 91/91 90/90
f 39/39 40/40 92/92
f 39/39 92/92 91/91
f 40/40 41/41 93/93
f 40/40 93/93 92/92
f 41/41 42/42 94/94
f 41/41 94/94 93/93
f 42/42 43/43 95/95
f 42/42 95/95 94/94
f 43/43 44/44 96/96
f 43/43 96/96 95/95
f 44/44 45/45 97/97
f 44/44 97/97 96/96
f 45/45 46/46 98/98
f 45/45 98/98 97/97
f 46/46 47/47 99/99
f 46/46 99/99 98/98
f 47/47 48/48 100/100
f 47/47 100/100 99/99
f 48/48 49/49 101/101
f 48/48 101/101 100/100
f 49/49 50/50 102/102
f 49/49 102/102 101/101
f 50/50 51/51 103/103
f 50/50 103/103 102/102
f 51/51 52/52 104/104
f 51/51 104/104 103/103
f 52/52 1/1 53/53
f 52/52 53/53 104/104
f 53/53 54/54 106/106
f 53/53 106/106 105/105
f 54/54 55/55 107/107
f 54/54 107/107 106/106
f 55/55 56/56 108/108
f 55/55 108/108 107/107
f 56/56 57/57 109/109
f 56/56 109/109 108/108
f 57/57 58/58 110/110
f 57/57 110/110 109/109
f 58/58 59/59 111/111
f 58/58 111/111 110/110
f 59/59 60/60 112/112
f 59/59 112/112 111/111
f 60/60 61/61 113/113
f 60/60 113/113 112/112
f 61/61 62/62 114/114
f 61/61 114/114 113/113
f 62/62 63/63 115/115
f 62/62 115/115 114/114
f 63/63 64/64 116/116
f 63/63 116/116 115/115
f 64/64 65/65 117/117
f 64/64 117/117 116/116
f 65/65 66/66 118/118
f 65/65 118/118 117/117
f 66/66 67/67 119/119
f 66/66 119/119 118/118
f 67/67 68/68 120/120
f 67/67 120/120 119/119
f 68/68 69/69 121/121
f 68/68 121/121 120/120
f 69/69 70/70 122/122
f 69/69 122/122 121/121
f 70/70 71/71 123/123
f 70/70 123/123 122/122
f 71/71 72/72 124/124
f 71/71 124/124 123/123
f 72/72 73/73 125/125
f 72/72 125/125 124/124
f 73/73 74/74 126/126
f 73/73 126/126 125/125
f 74/74 75/75 127/127
f 74/74 127/127 126/126
f 75/75 76/76 128/128
f 75/75 128/128 127/127
f 76/76 77/77 129/129
f 76/76 129/129 128/128
f 77/77 78/78 130/130
f 77/77 130/130 129/129
f 78/78 79/79 131/131
f 78/78 131/131 130/130
f 79/79 80/80 132/132
f 79/79 132/132 131/131
f 80/80 81/81 133/133
f 80/80 133/133 132/132
f 81/81 82/82 134/134
f 81/81 134/134 133/133
f 82/82 83/83 135/135
f 82/82 135/135 134/134
f 83/83 84/84 136/136
f 83/83 136/136 135/135
f 84/84 85/85 137/137
f 84/84 137/137 136/136
f 85/85 86/86 138/138
f 85/85 138/138 137/137
f 86/86 87/87 139/139
f 86/86 139/139 138/138
f 87/87 88/88 140/140
f 87/87 140/140 139/139
f 88/88 89/89 141/141
f 88/88 141/141 140/140
f 89/89 90/90 142/142
f 89/89 142/142 141/141
f 90/90 91/91 143/143
f 90/90 143/143 142/142
f 91/91 92/92 144/144
f 91/91 144/144 143/143
f 92/92 93/93 145/145
f 92/92 145/145 144/144
f 93/93 94/94 146/146
f 93/93 146/146 145/145
f 94/94 95/95 147/147
f 94/94 147/147 146/146
f 95/95 96/96 148/148
f 95/95 148/148 147/147
f 96/96 97/97 149/149
f 96/96 149/149 148/148
f 97/97 98/98 150/150
f 97/97 150/150 149/149
f 98/98 99/99 151/151
f 98/98 151/151 150/150
f 99/99 100/100 152/152
f 99/99 152/152 151/151
f 100/100 101/101 153/153
f 100/100 153/153 152/152
f 101/101 102/102 154/154
f 101/101 154/154 153/153
f 102/102 103/103 155/155
f 102/102 155/155 154/154
f 103/103 104/104 156/156
f 103/103 156/156 155/155
f 104/104 53/53 105/105
f 104/104 105/105 156/156
f 105/105 106/106 158/158
f 105/105 158/158 157/157
f 106/106 107/107 159/159
f 106/106 159/159 158/158
f 107/107 108/108 160/160
f 107/107 160/160 159/159
f 108/108 109/109 161/161
f 108/108 161/161 160/160
f 109/109 110/110 162/162
f 109/109 162/162 161/161
f 110/110 111/111 163/163
f 110/110 163/163 162/162
f 111/111 112/112 164/164
f 111/111 164/164 163/163
f 112/112 113/113 165/165
f 112/112 165/165 164/164
f 113/113 114/114 166/166
f 113/113 166/166 165/165
f 114/114 115/115 167/167
f 114/114 167/167 166/166
f 115/115 116/116 168/168
f 115/115 168/168 167/167
f 116/116 117/117 169/169
f 116/116 169/169 168/168
f 117/117 118/118 170/170
f 117/117 170/170 169/169
f 118/118 119/119 171/171
f 118/118 171/171 170/170
f 119/119 120/120 172/172
f 119/119 172/172 171/171
f 120/120 121/121 173/173
f 120/120 173/173 172/172
f 121/121 122/122 174/174
f 121/121 174/174 173/173
f 122/122 123/123 175/175
f 122/122 175/175 174/174
f 123/123 124/124 176/176
f 123/123 176/176 175/175
f 124/124 125/125 177/177
f 124/124 177/177 176/176
f 125/125 126/126 178/178
f 125/125 178/178 177/177
f 126/126 127/127 179/179
f 126/126 179/179 178/178
f 127/127 128/128 180/180
f 127/127 180/180 179/179
f 128/128 129/129 181/181
f 128/128 181/181 180/180
f 129/129 130/130 182/182
f 129/129 182/182 181/181
f 130/130 131/131 183/183
f 130/130 183/183 182/182
f 131/131 132/132 184/184
f 131/131 184/184 183/183
f 132/132 133/133 185/185
f 132/132 185/185 184/184
f 133/133 134/134 186/186
f 133/133 186/186 185/185
f 134/134 135/135 187/187
f 134/134 187/187 186/186
f 135/135 136/136 188/188
f 135/135 188/188 187/187
f 136/136 137/137 189/189
f 136/136 189/189 188/188
f 137/137 138/138 190/190
f 137/137 190/190 189/189
f 138/138 139/139 191/191
f 138/138 191/191 190/190
f 139/139 140/140 192/192
f 139/139 192/192 191/191
f 140/140 141/141 193/193
f 140/140 193/193 192/192
f 141/141 142/142 194/194
f 141/141 194/194 193/193
f 142/142 143/143 195/195
f 142/142 195/195 194/194
f 143/143 144/144 196/196
f 143/143 196/196 195/195
f 144/144 145/145 197/197
f 144/144 197/197 196/196
f 145/145 146/146 198/198
f 145/145 198/198 197/197
f 146/146 147/147 199/199
f 146/146 199/199 198/198
f 147/147 148/148 200/200
f 147/147 200/200 199/199
f 148/148 149/149 201/201
f 148/148 201/201 200/200
f 149/149 150/150 202/202
f 149/149 202/202 201/201
f 150/150 151/151 203/203
f 150/150 203/203 202/202
f 151/151 152/152 204/204
f 151/151 204/204 203/203
f 152/152 153/153 205/205
f 152/152 205/205 204/204
f 153/153 154/154 206/206
f 153/153 206/206 205/205
f 154/154 155/155 207/207
f 154/154 207/207 206/206
f 155/155 156/156 208/208
f 155/155 208/208 207/207
f 156/156 105/105 157/157
f 156/156 157/157 208/208
f 157/157 158/158 210/210
f 157/157 210/210 209/209
f 158/158 159/159 211/211
f 158/158 211/211 210/210
f 159/159 160/160 212/212
f 159/159 212/212 211/211
f 160/160 161/161 213/213
f 160/160 213/213 212/212
f 161/161 162/162 214/214
f 161/161 214/214 213/213
f 162/162 163/163 215/215
f 162/162 215/215 214/214
f 163/163 164/164 216/216
f 163/163 216/216 215/215
f 164/164 165/165 217/217
f 164/164 217/217 216/216
f 165/165 166/166 218/218
f 165/165 218/218 217/217
f 166/166 167/167 219/219
f 166/166 219/219 218/218
f 167/167 168/168 220/220
f 167/167 220/220 219/219
f 168/168 169/169 221/221
f 168/168 221/221 220/220
f 169/169 170/170 222/222
f 169/169 222/222 221/221
f 170/170 171/171 223/223
f 170/170 223/223 222/222
f 171/171 172/172 224/224
f 171/171 224/224 223/223
f 172/172 173/173 225/225
f 172/172 225/225 224/224
f 173/173 174/174 226/226
f 173/173 226/226 225/225
f 174/174 175/175 227/227
f 174/174 227/227 226/226
f 175/175 176/176 228/228
f 175/175 228/228 227/227
f 176/176 177/177 229/229
f 176/176 229/229 228/228
f 177/177 178/178 230/230
f 177/177 230/230 229/229
f 178/178 179/179 231/231
f 178/178 231/231 230/230
f 179/179 180/180 232/232
f 179/179 232/232 231/231
f 180/180 181/181 233/233
f 180/180 233/233 232/232
f 181/181 182/182 234/234
f 181/181 234/234 233/233
f 182/182 183/183 235/235
f 182/182 235/235 234/234
f 183/183 184/184 236/236
f 183/183 236/236 235/235
f 184/184 185/185 237/237
f 184/184 237/237 236/236
f 185/185 186/186 238/238
f 185/185 238/238 237/237
f 186/186 187/187 239/239
f 186/186 239/239 238/238
f 187/187 188/188 240/240
f 187/187 240/240 239/239
f 188/188 189/189 241/241
f 188/188 241/241 240/240
f 189/189 190/190 242/242
f 189/189 242/242 241/241
f 190/190 191/191 243/243
f 190/190 243/243 242/242
f 191/191 192/192 244/244
f 191/191 244/244 243/243
f 192/192 193/193 245/245
f 192/192 245/245 244/244
f 193/193 194/194 246/246
f 193/193 246/246 245/245
f 194/194 195/195 247/247
f 194/194 247/247 246/246
f 195/195 196/196 248/248
f 195/195 248/248 247/247
f 196/196 197/197 249/249
f 196/196 249/249 248/248
f 197/197 198/198 250/250
f 197/197 250/250 249/249
f 198/198 199/199 251/251
f 198/198 251/251 250/250
f 199/199 200/200 252/252
f 199/199 252/252 251/251
f 200/200 201/201 253/253
f 200/200 253/253 252/252
f 201/201 202/202 254/254
f 201/201 254/254 253/253
f 202/202 203/203 255/255
f 202/202 255/255 254/254
f 203/203 204/204 256/256
f 203/203 256/256 255/255
f 204/204 205/205 257/257
f 204/204 257/257 256/256
f 205/205 206/206 258/258
f 205/205 258/258 257/257
f 206/206 207/207 259/259
f 206/206 259/259 258/258
f 207/207 208/208 260/260
f 207/207 260/260 259/259
f 208/208 157/157 209/209
f 208/208 209/209 260/260
f 209/209 210/210 262/262
f 209/209 262/262 261/261
f 210/210 211/211 263/263
f 210/210 263/263 262/262
f 211/211 212/212 264/264
f 211/211 264/264 263/263
f 212/212 213/213 265/265
f 212/212 265/265 264/264
f 213/213 214/214 266/266
f 213/213 266/266 265/265
f 214/214 215/215 267/267
f 214/214 267/267 266/266
f 215/215 216/216 268/268
f 215/215 268/268 267/267
f 216/216 217/217 269/269
f 216/216 269/269 268/268
f 217/217 218/218 270/270
f 217/217 270/270 269/269
f 218/218 219/219 271/271
f 218/218 271/271 270/270
f 219/219 220/220 272/272
f 219/219 272/272 271/271
f 220/220 221/221 273/273
f 220/220 273/273 272/272
f 221/221 222/222 274/274
f 221/221 274/274 273/273
f 222/222 223/223 275/275
f 222/222 275/275 274/274
f 223/223 224/224 276/276
f 223/223 276/276 275/275
f 224/224 225/225 277/277
f 224/224 277/277 276/276
f 225/225 226/226 278/278
f 225/225 278/278 277/277
f 226/226 227/227 279/279
f 226/226 279/279 278/278
f 227/227 228/228 280/280
f 227/227 280/280 279/279
f 228/228 229/229 281/281
f 228/228 281/281 280/280
f 229/229 230/230 282/282
f 229/229 282/282 281/281
f 230/230 231/231 283/283
f 230/230 283/283 282/282
f 231/231 232/232 284/284
f 231/231 284/284 283/283
f 232/232 233/233 285/285
f 232/232 285/285 284/284
f 233/233 234/234 286/286
f 233/233 286/286 285/285
f 234/234 235/235 287/287
f 234/234 287/287 286/286
f 235/235 236/236 288/288
f 235/235 288/288 287/287
f 236/236 237/237 289/289
f 236/236 289/289 288/288
f 237/237 238/238 290/290
f 237/237 290/290 289/289
f 238/238 239/239 291/291
f 238/238 291/291 290/290
f 239/239 240/240 292/292
f 239/239 292/292 291/291
f 240/240 241/241 293/293
f 240/240 293/293 292/292
f 241/241 242/242 294/294
f 241/241 294/294 293/293
f 242/242 243/243 295/295
f 242/242 295/295 294/294
f 243/243 244/244 296/296
f 243/243 296/296 295/295
f 244/244 245/245 297/297
f 244/244 297/297 296/296
f 245/245 246/246 298/298
f 245/245 298/298 297/297
f 246/246 247/247 299/299
f 246/246 299/299 298/298
f 247/247 248/248 300/300
f 247/247 300/300 299/299
f 248/248 249/249 301/301
f 248/248 301/301 300/300
f 249/249 250/250 302/302
f 249/249 302/302 301/301
f 250/250 251/251 303/303
f 250/250 303/303 302/302
f 251/251 252/252 304/304
f 251/251 304/304 303/303
f 252/252 253/253 305/305
f 252/252 305/305 304/304
f 253/253 254/254 306/306
f 253/253 306/306 305/305
f 254/254 255/255 307/307
f 254/254 307/307 306/306
f 255/255 256/256 308/308
f 255/255 308/308 307/307
f 256/256 257/257 309/309
f 256/256 309/309 308/308
f 257/257 258/258 310/310
f 257/257 310/310 309/309
f 258/258 259/259 311/311
f 258/258 311/311 310/310
f 259/259 260/260 312/312
f 259/259 312/312 311/311
f 260/260 209/209 261/261
f 260/260 261/261 312/312
f 261/261 262/262 314/314
f 261/261 314/314 313/313
f 262/262 263/263 315/315
f 262/262 315/315 314/314
f 263/263 264/264 316/316
f 263/263 316/316 315/315
f 264/264 265/265 317/317
f 264/264 317/317 316/316
f 265/265 266/266 318/318
f 265/265 318/318 317/317
f 266/266 267/267 319/319
f 266/266 319/319 318/318
f 267/267 268/268 320/320
f 267/267 320/320 319/319
f 268/268 269/269 321/321
f 268/268 321/321 320/320
f 269/269 270/270 322/322
f 269/269 322/322 321/321
f 270/270 271/271 323/323
f 270/270 323/323 322/322
f 271/271 272/272 324/324
f 271/271 324/324 323/323
f 272/272 273/273 325/325
f 272/272 325/325 324/324
f 273/273 274/274 326/326
f 273/273 326/326 325/325
f 274/274 275/275 327/327
f 274/274 327/327 326/326
f 275/275 276/276 328/328
f 275/275 328/328 327/327
f 276/276 277/277 329/329
f 276/276 329/329 328/328
f 277/277 278/278 330/330
f 277/277 330/330 329/329
f 278/278 279/279 331/331
f 278/278 331/331 330/330
f 279/279 280/280 332/332
f 279/279 332/332 331/331
f 280/280 281/281 333/333
f 280/280 333/333 332/332
f 281/281 282/282 334/334
f 281/281 334/334 333/333
f 282/282 283/283 335/335
f 282/282 335/335 334/334
f 283/283 284/284 336/336
f 283/283 336/336 335/335
f 284/284 285/285 337/337
f 284/284 337/337 336/336
f 285/285 286/286 338/338
f 285/285 338/338 337/337
f 286/286 287/287 339/339
f 286/286 339/339 338/338
f 287/287 288/288 340/340
f 287/287 340/340 339/339
f 288/288 289/289 341/341
f 288/288 341/341 340/340
f 289/289 290/290 342/342
f 289/289 342/342 341/341
f 290/290 291/291 343/343
f 290/290 343/343 342/342
f 291/291 292/292 344/344
f 291/291 344/344 343/343
f 292/292 293/293 345/345
f 292/292 345/345 344/344
f 293/293 294/294 346/346
f 293/293 346/346 345/345
f 294/294 295/295 347/347
f 294/294 347/347 346/346
f 295/295 296/296 348/348
f 295/295 348/348 347/347
f 296/296 297/297 349/349
f 296/296 349/349 348/348
f 297/297 298/298 350/350
f 297/297 350/350 349/349
f 298/298 299/299 351/351
f 298/298 351/351 350/350
f 299/299 300/300 352/352
f 299/299 352/352 351/351
f 300/300 301/301 353/353
f 300/300 353/353 352/352
f 301/301 302/302 354/354
f 301/301 354/354 353/353
f 302/302 303/303 355/355
f 302/302 355/355 354/354
f 303/303 304/304 356/356
f 303/303 356/356 355/355
f 304/304 305/305 357/357
f 304/304 357/357 356/356
f 305/305 306/306 358/358
f 305/305 358/358 357/357
f 306/306 307/307 359/359
f 306/306 359/359 358/358
f 307/307 308/308 360/360
f 307/307 360/360 359/359
f 308/308 309/309 361/361
f 308/308 361/361 360/360
f 309/309 310/310 362/362
f 309/309 362/362 361/361
f 310/310 311/311 363/363
f 310/310 363/363 362/362
f 311/311 312/312 364/364
f 311/311 364/364 363/363
f 312/312 261/261 313/313
f 312/312 313/313 364/364
f 313/313 314/314 366/366
f 313/313 366/366 365/365
f 314/314 315/315 367/367
f 314/314 367/367 366/366
f 315/315 316/316 368/368
f 315/315 368/368 367/367
f 316/316 317/317 369/369
f 316/316 369/369 368/368
f 317/317 318/318 370/370
f 317/317 370/370 369/369
f 318/318 319/319 371/371
f 318/318 371/371 370/370
f 319/319 320/320 372/372
f 319/319 372/372 371/371
f 320/320 321/321 373/373
f 320/320 373/373 372/372
f 321/321 322/322 374/374
f 321/321 374/374 373/373
f 322/322 323/323 375/375
f 322/322 375/375 374/374
f 323/323 324/324 376/376
f 323/323 376/376 375/375
f 324/324 325/325 377/377
f 324/324 377/377 376/376
f 325/325 326/326 378/378
f 325/325 378/378 377/377
f 326/326 327/327 379/379
f 326/326 379/379 378/378
f 327/327 328/328 380/380
f 327/327 380/380 379/379
f 328/328 329/329 381/381
f 328/328 381/381 380/380
f 329/329 330/330 382/382
f 329/329 382/382 381/381
f 330/330 331/331 383/383
f 330/330 383/383 382/382
f 331/331 332/332 384/384
f 331/331 384/384 383/383
f 332/332 333/333 385/385
f 332/332 385/385 384/384
f 333/333 334/334 386/386
f 333/333 386/386 385/385
f 334/334 335/335 387/387
f 334/334 387/387 386/386
f 335/335 336/336 388/388
f 335/335 388/388 387/387
f 336/336 337/337 389/389
f 336/336 389/389 388/388
f 337/337 338/338 390/390
f 337/337 390/390 389/389
f 338/338 339/339 391/391
f 338/338 391/391 390/390
f 339/339 340/340 392/392
f 339/339 392/392 391/391
f 340/340 341/341 393/393
f 340/340 393/393 392/392
f 341/341 342/342 394/394
f 341/341 394/394 393/393
f 342/342 343/343 395/395
f 342/342 395/395 394/394
f 343/343 344/344 396/396
f 343/343 396/396 395/395
f 344/344 345/345 397/397
f 344/344 397/397 396/396
f 345/345 346/346 398/398
f 345/345 398/398 397/397
f 346/346 347/347 399/399
f 346/346 399/399 398/398
f 347/347 348/348 400/400
f 347/347 400/400 399/399
f 348/348 349/349 401/401
f 348/348 401/401 400/400
f 349/349 350/350 402/402
f 349/349 402/402 401/401
f 350/350 351/351 403/403
f 350/350 403/403 402/402
f 351/351 352/352 404/404
f 351/351 404/404 403/403
f 352/352 353/353 405/405
f 352/352 405/405 404/404
f 353/353 354/354 406/406
f 353/353 406/406 405/405
f 354/354 355/355 407/407
f 354/354 407/407 406/406
f 355/355 356/356 408/408
f 355/355 408/408 407/407
f 356/356 357/357 409/409
f 356/356 409/409 408/408
f 357/357 358/358 410/410
f 357/357 410/410 409/409
f 358/358 359/359 411/411
f 358/358 411/411 410/410
f 359/359 360/360 412/412
f 359/359 412/412 411/411
f 360/360 361/361 413/413
f 360/360 413/413 412/412
f 361/361 362/362 414/414
f 361/361 414/414 413/413
f 362/362 363/363 415/415
f 362/362 415/415 414/414
f 363/363 364/364 416/416
f 363/363 416/416 415/415
f 364/364 313/313 365/365
f 364/364 365/365 416/416
f 365/365 366/366 418/418
f 365/365 418/418 417/417
f 366/366 367/367 419/419
f 366/366 419/419 418/418
f 367/367 368/368 420/420
f 367/367 420/420 419/419
f 368/368 369/369 421/421
f 368/368 421/421 420/420
f 369/369 370/370 422/422
f 369/369 422/422 421/421
f 370/370 371/371 423/423
f 370/370 423/423 422/422
f 371/371 372/372 424/424
f 371/371 424/424 423/423
f 372/372 373/373 425/425
f 372/372 425/425 424/424
f 373/373 374/374 426/426
f 373/373 426/426 425/425
f 374/374 375/375 427/427
f 374/374 427/427 426/426
f 375/375 376/376 428/428
f 375/375 428/428 427/427
f 376/376 377/377 429/429
f 376/376 429/429 428/428
f 377/377 378/378 430/430
f 377/377 430/430 429/429
f 378/378 379/379 431/431
f 378/378 431/431 430/430
f 379/379 380/380 432/432
f 379/379 432/432 431/431
f 380/380 381/381 433/433
f 380/380 433/433 432/432
f 381/381 382/382 434/434
f 381/381 434/434 433/433
f 382/382 383/383 435/435
f 382/382 435/435 434/434
f 383/383 384/384 436/436
f 383/383 436/436 435/435
f 384/384 385/385 437/437
f 384/384 437/437 436/436
f 385/385 386/386 438/438
f 385/385 438/438 437/437
f 386/386 387/387 439/439
f 386/386 439/439 438/438
f 387/387 388/388 440/440
f 387/387 440/440 439/439
f 388/388 389/389 441/441
f 388/388 441/441 440/440
f 389/389 390/390 442/442
f 389/389 442/442 441/441
f 390/390 391/391 443/443
f 390/390 443/443 442/442
f 391/391 392/392 444/444
f 391/391 444/444 443/443
f 392/392 393/393 445/445
f 392/392 445/445 444/444
f 393/393 394/394 446/446
f 393/393 446/446 445/445
f 394/394 395/395 447/447
f 394/394 447/447 446/446
f 395/395 396/396 448/448
f 395/395 448/448 447/447
f 396/396 397/397 449/449
f 396/396 449/449 448/448
f 397/397 398/398 450/450
f 397/397 450/450 449/449
f 398/398 399/399 451/451
f 398/398 451/451 450/450
f 399/399 400/400 452/452
f 399/399 452/452 451/451
f 400/400 401/401 453/453
f 400/400 453/453 452/452
f 401/401 402/402 454/454
f 401/401 454/454 453/453
f 402/402 403/403 455/455
f 402/402 455/455 454/454
f 403/403 404/404 456/456
f 403/403 456/456 455/455
f 404/404 405/405 457/457
f 404/404 457/457 456/456
f 405/405 406/406 458/458
f 405/405 458/458 457/457
f 406/406 407/407 459/459
f 406/406 459/459 458/458
f 407/407 408/408 460/460
f 407/407 460/460 459/459
f 408/408 409/409 461/461
f 408/408 461/461 460/460
f 409/409 410/410 462/462
f 409/409 462/462 461/461
f 410/410 411/411 463/463
f 410/410 463/463 462/462
f 411/411 412/412 464/464
f 411/411 464/464 463/463
f 412/412 413/413 465/465
f 412/412 465/465 464/464
f 413/413 414/414 466/466
f 413/413 466/466 465/465
f 414/414 415/415 467/467
f 414/414 467/467 466/466
f 415/415 416/416 468/468
f 415/415 468/468 467/467
f 416/416 365/365 417/417
f 416/416 417/417 468/468
f 417/417 418/418 470/470
f 417/417 470/470 469/469
f 418/418 419/419 471/471
f 418/418 471/471 470/470
f 419/419 420/420 472/472
f 419/419 472/472 471/471
f 420/420 421/421 473/473
f 420/420 473/473 472/472
f 421/421 422/422 474/474
f 421/421 474/474 473/473
f 422/422 423/423 475/475
f 422/422 475/475 474/474
f 423/423 424/424 476/476
f 423/423 476/476 475/475
f 424/424 425/425 477/477
f 424/424 477/477 476/476
f 425/425 426/426 478/478
f 425/425 478/478 477/477
f 426/426 427/427 479/479
f 426/426 479/479 478/478
f 427/427 428/428 480/480
f 427/427 480/480 479/479
f 428/428 429/429 481/481
f 428/428 481/481 480/480
f 429/429 430/430 482/482
f 429/429 482/482 481/481
f 430/430 431/431 483/483
f 430/430 483/483 482/482
f 431/431 432/432 484/484
f 431/431 484/484 483/483
f 432/432 433/433 485/485
f 432/432 485/485 484/484
f 433/433 434/434 486/486
f 433/433 486/486 485/485
f 434/434 435/435 487/487
f 434/434 487/487 486/486
f 435/435 436/436 488/488
f 435/435 488/488 487/487
f 436/436 437/437 489/489
f 436/436 489/489 488/488
f 437/437 438/438 490/490
f 437/437 490/490 489/489
f 438/438 439/439 491/491
f 438/438 491/491 490/490
f 439/439 440/440 492/492
f 439/439 492/492 491/491
f 440/440 441/441 493/493
f 440/440 493/493 492/492
f 441/441 442/442 494/494
f 441/441 494/494 493/493
f 442/442 443/443 495/495
f 442/442 495/495 494/494
f 443/443 444/444 496/496
f 443/443 496/496 495/495
f 444/444 445/445 497/497
f 444/444 497/497 496/496
f 445/445 446/446 498/498
f 445/445 498/498 497/497
f 446/446 447/447 499/499
f 446/446 499/499 498/498
f 447/447 448/448 500/500
f 447/447 500/500 499/499
f 448/448 449/449 501/501
f 448/448 501/501 500/500
f 449/449 450/450 502/502
f 449/449 502/502 501/501
f 450/450 451/451 503/503
f 450/450 503/503 502/502
f 451/451 452/452 504/504
f 451/451 504/504 503/503
f 452/452 453/453 505/505
f 452/452 505/505 504/504
f 453/453 454/454 506/506
f 453/453 506/506 505/505
f 454/454 455/455 507/507
f 454/454 507/507 506/506
f 455/455 456/456 508/508
f 455/455 508/508 507/507
f 456/456 457/457 509/509
f 456/456 509/509 508/508
f 457/457 458/458 510/510
f 457/457 510/510 509/509
f 458/458 459/459 511/511
f 458/458 511/511 510/510
f 459/459 460/460 512/512
f 459/459 512/512 511/511
f 460/460 461/461 513/513
f 460/460 513/513 512/512
f 461/461 462/462 514/514
f 461/461 514/514 513/513
f 462/462 463/463 515/515
f 462/462 515/515 514/514
f 463/463 464/464 516/516
f 463/463 516/516 515/515
f 464/464 465/465 517/517
f 464/464 517/517 516/516
f 465/465 466/466 518/518
f 465/465 518/518 517/517
f 466/466 467/467 519/519
f 466/466 519/519 518/518
f 467/467 468/468 520/520
f 467/467 520/520 519/519
f 468/468 417/417 469/469
f 468/468 469/469 520/520
f 469/469 470/470 522/522
f 469/469 522/522 521/521
f 470/470 471/471 523/523
f 470/470 523/523 522/522
f 471/471 472/472 524/524
f 471/471 524/524 523/523
f 472/472 473/473 525/525
f 472/472 525/525 524/524
f 473/473 474/474 526/526
f 473/473 526/526 525/525
f 474/474 475/475 527/527
f 474/474 527/527 526/526
f 475/475 476/476 528/528
f 475/475 528/528 527/527
f 476/476 477/477 529/529
f 476/476 529/529 528/528
f 477/477 478/478 530/530
f 477/477 530/530 529/529
f 478/478 479/479 531/531
f 478/478 531/531 530/530
f 479/479 480/480 532/532
f 479/479 532/532 531/531
f 480/480 481/481 533/533
f 480/480 533/533 532/532
f 481/481 482/482 534/534
f 481/481 534/534 533/533
f 482/482 483/483 535/535
f 482/482 535/535 534/534
f 483/483 484/484 536/536
f 483/483 536/536 535/535
f 484/484 485/485 537/537
f 484/484 537/537 536/536
f 485/485 486/486 538/538
f 485/485 538/538 537/537
f 486/486 487/487 539/539
f 486/486 539/539 538/538
f 487/487 488/488 540/540
f 487/487 540/540 539/539
f 488/488 489/489 541/541
f 488/488 541/541 540/540
f 489/489 490/490 542/542
f 489/489 542/542 541/541
f 490/490 491/491 543/543
f 490/490 543/543 542/542
f 491/491 492/492 544/544
f 491/491 544/544 543/543
f 492/492 493/493 545/545
f 492/492 545/545 544/544
f 493/493 494/494 546/546
f 493/493 546/546 545/545
f 494/494 495/495 547/547
f 494/494 547/547 546/546
f 495/495 496/496 548/548
f 495/495 548/548 547/547
f 496/496 497/497 549/549
f 496/496 549/549 548/548
f 497/497 498/498 550/550
f 497/497 550/550 549/549
f 498/498 499/499 551/551
f 498/498 551/551 550/550
f 499/499 500/500 552/552
f 499/499 552/552 551/551
f 500/500 501/501 553/553
f 500/500 553/553 552/552
f 501/501 502/502 554/554
f 501/501 554/554 553/553
f 502/502 503/503 555/555
f 502/502 555/555 554/554
f 503/503 504/504 556/556
f 503/503 556/556 555/555
f 504/504 505/505 557/557
f 504/504 557/557 556/556
f 505/505 506/506 558/558
f 505/505 558/558 557/557
f 506/506 507/507 559/559
f 506/506 559/559 558/558
f 507/507 508/508 560/560
f 507/507 560/560 559/559
f 508/508 509/509 561/561
f 508/508 561/561 560/560
f 509/509 510/510 562/562
f 509/509 562/562 561/561
f 510/510 511/511 563/563
f 510/510 563/563 562/562
f 511/511 512/512 564/564
f 511/511 564/564 563/563
f 512/512 513/513 565/565
f 512/512 565/565 564/564
f 513/513 514/514 566/566
f 513/513 566/566 565/565
f 514/514 515/515 567/567
f 514/514 567/567 566/566
f 515/515 516/516 568/568
f 515/515 568/568 567/567
f 516/516 517/517 569/569
f 516/516 569/569 568/568
f 517/517 518/518 570/570
f 517/517 570/570 569/569
f 518/518 519/519 571/571
f 518/518 571/571 570/570
f 519/519 520/520 572/572
f 519/519 572/572 571/571
f 520/520 469/469 521/521
f 520/520 521/521 572/572
f 521/521 522/522 574/574
f 521/521 574/574 573/573
f 522/522 523/523 575/575
f 522/522 575/575 574/574
f 523/523 524/524 576/576
f 523/523 576/576 575/575
f 524/524 525/525 577/577
f 524/524 577/577 576/576
f 525/525 526/526 578/578
f 525/525 578/578 577/577
f 526/526 527/527 579/579
f 526/526 579/579 578/578
f 527/527 528/528 580/580
f 527/527 580/580 579/579
f 528/528 529/529 581/581
f 528/528 581/581 580/580
f 529/529 530/530 582/582
f 529/529 582/582 581/581
f 530/530 531/531 583/583
f 530/530 583/583 582/582
f 531/531 532/532 584/584
f 531/531 584/584 583/583
f 532/532 533/533 585/585
f 532/532 585/585 584/584
f 533/533 534/534 586/586
f 533/533 586/586 585/585
f 534/534 535/535 587/587
f 534/534 587/587 586/586
f 535/535 536/536 588/588
f 535/535 588/588 587/587
f 536/536 537/537 589/589
f 536/536 589/589 588/588
f 537/537 538/538 590/590
f 537/537 590/590 589/589
f 538/538 539/539 591/591
f 538/538 591/591 590/590
f 539/539 540/540 592/592
f 539/539 592/592 591/591
f 540/540 541/541 593/593
f 540/540 593/593 592/592
f 541/541 542/542 594/594
f 541/541 594/594 593/593
f 542/542 543/543 595/595
f 542/542 595/595 594/594
f 543/543 544/544 596/596
f 543/543 596/596 595/595
f 544/544 545/545 597/597
f 544/544 597/597 596/596
f 545/545 546/546 598/598
f 545/545 598/598 597/597
f 546/546 547/547 599/599
f 546/546 599/599 598/598
f 547/547 548/548 600/600
f 547/547 600/600 599/599
f 548/548 549/549 601/601
f 548/548 601/601 600/600
f 549/549 550/550 602/602
f 549/549 602/602 601/601
f 550/550 551/551 603/603
f 550/550 603/603 602/602
f 551/551 552/552 604/604
f 551/551 604/604 603/603
f 552/552 553/553 605/605
f 552/552 605/605 604/604
f 553/553 554/554 606/606
f 553/553 606/606 605/605
f 554/554 555/555 607/607
f 554/554 607/607 606/606
f 555/555 556/556 608/608
f 555/555 608/608 607/607
f 556/556 557/557 609/609
f 556/556 609/609 608/608
f 557/557 558/558 610/610
f 557/557 610/610 609/609
f 558/558 559/559 611/611
f 558/558 611/611 610/610
f 559/559 560/560 612/612
f 559/559 612/612 611/611
f 560/560 561/561 613/613
f 560/560 613/613 612/612
f 561/561 562/562 614/614
f 561/561 614/614 613/613
f 562/562 563/563 615/615
f 562/562 615/615 614/614
f 563/563 564/564 616/616
f 563/563 616/616 615/615
f 564/564 565/565 617/617
f 564/564 617/617 616/616
f 565/565 566/566 618/618
f 565/565 618/618 617/617
f 566/566 567/567 619/619
f 566/566 619/619 618/618
f 567/567 568/568 620/620
f 567/567 620/620 619/619
f 568/568 569/569 621/621
f 568/568 621/621 620/620
f 569/569 570/570 622/622
f 569/569 622/622 621/621
f 570/570 571/571 623/623
f 570/570 623/623 622/622
f 571/571 572/572 624/624
f 571/571 624/624 623/623
f 572/572 521/521 573/573
f 572/572 573/573 624/624
f 573/573 574/574 626/626
f 573/573 626/626 625/625
f 574/574 575/575 627/627
f 574/574 627/627 626/626
f 575/575 576/576 628/628
f 575/575 628/628 627/627
f 576/576 577/577 629/629
f 576/576 629/629 628/628
f 577/577 578/578 630/630
f 577/577 630/630 629/629
f 578/578 579/579 631/631
f 578/578 631/631 630/630
f 579/579 580/580 632/632
f 579/579 632/632 631/631
f 580/580 581/581 633/633
f 580/580 633/633 632/632
f 581/581 582/582 634/634
f 581/581 634/634 633/633
f 582/582 583/583 635/635
f 582/582 635/635 634/634
f 583/583 584/584 636/636
f 583/583 636/636 635/635
f 584/584 585/585 637/637
f 584/584 637/637 636/636
f 585/585 586/586 638/638
f 585/585 638/638 637/637
f 586/586 587/587 639/639
f 586/586 639/639 638/638
f 587/587 588/588 640/640
f 587/587 640/640 639/639
f 588/588 589/589 641/641
f 588/588 641/641 640/640
f 589/589 590/590 642/642
f 589/589 642/642 641/641
f 590/590 591/591 643/643
f 590/590 643/643 642/642
f 591/591 592/592 644/644
f 591/591 644/644 643/643
f 592/592 593/593 645/645
f 592/592 645/645 644/644
f 593/593 594/594 646/646
f 593/593 646/646 645/645
f 594/594 595/595 647/647
f 594/594 647/647 646/646
f 595/595 596/596 648/648
f 595/595 648/648 647/647
f 596/596 597/597 649/649
f 596/596 649/649 648/648
f 597/597 598/598 650/650
f 597/597 650/650 649/649
f 598/598 599/599 651/651
f 598/598 651/651 650/650
f 599/599 600/600 652/652
f 599/599 652/652 651/651
f 600/600 601/601 653/653
f 600/600 653/653 652/652
f 601/601 602/602 654/654
f 601/601 654/654 653/653
f 602/602 603/603 655/655
f 602/602 655/655 654/654
f 603/603 604/604 656/656
f 603/603 656/656 655/655
f 604/604 605/605 657/657
f 604/604 657/657 656/656
f 605/605 606/606 658/658
f 605/605 658/658 657/657
f 606/606 607/607 659/659
f 606/606 659/659 658/658
f 607/607 608/608 660/660
f 607/607 660/660 659/659
f 608/608 609/609 661/661
f 608/608 661/661 660/660
f 609/609 610/610 662/662
f 609/609 662/662 661/661
f 610/610 611/611 663/663
f 610/610 663/663 662/662
f 611/611 612/612 664/664
f 611/611 664/664 663/663
f 612/612 613/613 665/665
f 612/612 665/665 664/664
f 613/613 614/614 666/666
f 613/613 666/666 665/665
f 614/614 615/615 667/667
f 614/614 667/667 666/666
f 615/615 616/616 668/668
f 615/615 668/668 667/667
f 616/616 617/617 669/669
f 616/616 669/669 668/668
f 617/617 618/618 670/670
f 617/617 670/670 669/669
f 618/618 619/619 671/671
f 618/618 671/671 670/670
f 619/619 620/620 672/672
f 619/619 672/672 671/671
f 620/620 621/621 673/673
f 620/620 673/673 672/672
f 621/621 622/622 674/674
f 621/621 674/674 673/673
f 622/622 623/623 675/675
f 622/622 675/675 674/674
f 623/623 624/624 676/676
f 623/623 676/676 675/675
f 624/624 573/573 625/625
f 624/624 625/625 676/676
f 625/625 626/626 678/678
f 625/625 678/678 677/677
f 626/626 627/627 679/679
f 626/626 679/679 678/678
f 627/627 628/628 680/680
f 627/627 680/680 679/679
f 628/628 629/629 681/681
f 628/628 681/681 680/680
f 629/629 630/630 682/682
f 629/629 682/682 681/681
f 630/630 631/631 683/683
f 630/630 683/683 682/682
f 631/631 632/632 684/684
f 631/631 684/684 683/683
f 632/632 633/633 685/685
f 632/632 685/685 684/684
f 633/633 634/634 686/686
f 633/633 686/686 685/685
f 634/634 635/635 687/687
f 634/634 687/687 686/686
f 635/635 636/636 688/688
f 635/635 688/688 687/687
f 636/636 637/637 689/689
f 636/636 689/689 688/688
f 637/637 638/638 690/690
f 637/637 690/690 689/689
f 638/638 639/639 691/691
f 638/638 691/691 690/690
f 639/639 640/640 692/692
f 639/639 692/692 691/691
f 640/640 641/641 693/693
f 640/640 693/693 692/692
f 641/641 642/642 694/694
f 641/641 694/694 693/693
f 642/642 643/643 695/695
f 642/642 695/695 694/694
f 643/643 644/644 696/696
f 643/643 696/696 695/695
f 644/644 645/645 697/697
f 644/644 697/697 696/696
f 645/645 646/646 698/698
f 645/645 698/698 697/697
f 646/646 647/647 699/699
f 646/646 699/699 698/698
f 647/647 648/648 700/700
f 647/647 700/700 699/699
f 648/648 649/649 701/701
f 648/648 701/701 700/700
f 649/649 650/650 702/702
f 649/649 702/702 701/701
f 650/650 651/651 703/703
f 650/650 703/703 702/702
f 651/651 652/652 704/704
f 651/651 704/704 703/703
f 652/652 653/653 705/705
f 652/652 705/705 704/704
f 653/653 654/654 706/706
f 653/653 706/706 705/705
f 654/654 655/655 707/707
f 654/654 707/707 706/706
f 655/655 656/656 708/708
f 655/655 708/708 707/707
f 656/656 657/657 709/709
f 656/656 709/709 708/708
f 657/657 658/658 710/710
f 657/657 710/710 709/709
f 658/658 659/659 711/711
f 658/658 711/711 710/710
f 659/659 660/660 712/712
f 659/659 712/712 711/711
f 660/660 661/661 713/713
f 660/660 713/713 712/712
f 661/661 662/662 714/714
f 661/661 714/714 713/713
f 662/662 663/663 715/715
f 662/662 715/715 714/714
f 663/663 664/664 716/716
f 663/663 716/716 715/715
f 664/664 665/665 717/717
f 664/664 717/717 716/716
f 665/665 666/666 718/718
f 665/665 718/718 717/717
f 666/666 667/667 719/719
f 666/666 719/719 718/718
f 667/667 668/668 720/720
f 667/667 720/720 719/719
f 668/668 669/669 721/721
f 668/668 721/721 720/720
f 669/669 670/670 722/722
f 669/669 722/722 721/721
f 670/670 671/671 723/723
f 670/670 723/723 722/722
f 671/671 672/672 724/724
f 671/671 724/724 723/723
f 672/672 673/673 725/725
f 672/672 725/725 724/724
f 673/673 674/674 726/726
f 673/673 726/726 725/725
f 674/674 675/675 727/727
f 674/674 727/727 726/726
f 675/675 676/676 728/728
f 675/675 728/728 727/727
f 676/676 625/625 677/677
f 676/676 677/677 728/728
f 677/677 678/678 730/730
f 677/677 730/730 729/729
f 678/678 679/679 731/731
f 678/678 731/731 730/730
f 679/679 680/680 732/732
f 679/679 732/732 731/731
f 680/680 681/681 733/733
f 680/680 733/733 732/732
f 681/681 682/682 734/734
f 681/681 734/734 733/733
f 682/682 683/683 735/735
f 682/682 735/735 734/734
f 683/683 684/684 736/736
f 683/683 736/736 735/735
f 684/684 685/685 737/737
f 684/684 737/737 736/736
f 685/685 686/686 738/738
f 685/685 738/738 737/737
f 686/686 687/687 739/739
f 686/686 739/739 738/738
f 687/687 688/688 740/740
f 687/687 740/740 739/739
f 688/688 689/689 741/741
f 688/688 741/741 740/740
f 689/689 690/690 742/742
f 689/689 742/742 741/741
f 690/690 691/691 743/743
f 690/690 743/743 742/742
f 691/691 692/692 744/744
f 691/691 744/744 743/743
f 692/692 693/693 745/745
f 692/692 745/745 744/744
f 693/693 694/694 746/746
f 693/693 746/746 745/745
f 694/694 695/695 747/747
f 694/694 747/747 746/746
f 695/695 696/696 748/748
f 695/695 748/748 747/747
f 696/696 697/697 749/749
f 696/696 749/749 748/748
f 697/697 698/698 750/750
f 697/697 750/750 749/749
f 698/698 699/699 751/751
f 698/698 751/751 750/750
f 699/699 700/700 752/752
f 699/699 752/752 751/751
f 700/700 701/701 753/753
f 700/700 753/753 752/752
f 701/701 702/702 754/754
f 701/701 754/754 753/753
f 702/702 703/703 755/755
f 702/702 755/755 754/754
f 703/703 704/704 756/756
f 703/703 756/756 755/755
f 704/704 705/705 757/757
f 704/704 757/757 756/756
f 705/705 706/706 758/758
f 705/705 758/758 757/757
f 706/706 707/707 759/759
f 706/706 759/759 758/758
f 707/707 708/708 760/760
f 707/707 760/760 759/759
f 708/708 709/709 761/761
f 708/708 761/761 760/760
f 709/709 710/710 762/762
f 709/709 762/762 761/761
f 710/710 711/711 763/763
f 710/710 763/763 762/762
f 711/711 712/712 764/764
f 711/711 764/764 763/763
f 712/712 713/713 765/765
f 712/712 765/765 764/764
f 713/713 714/714 766/766
f 713/713 766/766 765/765
f 714/714 715/715 767/767
f 714/714 767/767 766/766
f 715/715 716/716 768/768
f 715/715 768/768 767/767
f 716/716 717/717 769/769
f 716/716 769/769 768/768
f 717/717 718/718 770/770
f 717/717 770/770 769/769
f 718/718 719/719 771/771
f 718/718 771/771 770/770
f 719/719 720/720 772/772
f 719/719 772/772 771/771
f 720/720 721/721 773/773
f 720/720 773/773 772/772
f 721/721 722/722 774/774
f 721/721 774/774 773/773
f 722/722 723/723 775/775
f 722/722 775/775 774/774
f 723/723 724/724 776/776
f 723/723 776/776 775/775
f 724/724 725/725 777/777
f 724/724 777/777 776/776
f 725/725 726/726 778/778
f 725/725 778/778 777/777
f 726/726 727/727 779/779
f 726/726 779/779 778/778
f 727/727 728/728 780/780
f 727/727 780/780 779/779
f 728/728 677/677 729/729
f 728/728 729/729 780/780
f 729/729 730/730 782/782
f 729/729 782/782 781/781
f 730/730 731/731 783/783
f 730/730 783/783 782/782
f 731/731 732/732 784/784
f 731/731 784/784 783/783
f 732/732 733/733 785/785
f 732/732 785/785 784/784
f 733/733 734/734 786/786
f 733/733 786/786 785/785
f 734/734 735/735 787/787
f 734/734 787/787 786/786
f 735/735 736/736 788/788
f 735/735 788/788 787/787
f 736/736 737/737 789/789
f 736/736 789/789 788/788
f 737/737 738/738 790/790
f 737/737 790/790 789/789
f 738/738 739/739 791/791
f 738/738 791/791 790/790
f 739/739 740/740 792/792
f 739/739 792/792 791/791
f 740/740 741/741 793/793
f 740/740 793/793 792/792
f 741/741 742/742 794/794
f 741/741 794/794 793/793
f 742/742 743/743 795/795
f 742/742 795/795 794/794
f 743/743 744/744 796/796
f 743/743 796/796 795/795
f 744/744 745/745 797/797
f 744/744 797/797 796/796
f 745/745 746/746 798/798
f 745/745 798/798 797/797
f 746/746 747/747 799/799
f 746/746 799/799 798/798
f 747/747 748/748 800/800
f 747/747 800/800 799/799
f 748/748 749/749 801/801
f 748/748 801/801 800/800
f 749/749 750/750 802/802
f 749/749 802/802 801/801
f 750/750 751/751 803/803
f 750/750 803/803 802/802
f 751/751 752/752 804/804
f 751/751 804/804 803/803
f 752/752 753/753 805/805
f 752/752 805/805 804/804
f 753/753 754/754 806/806
f 753/753 806/806 805/805
f 754/754 755/755 807/807
f 754/754 807/807 806/806
f 755/755 756/756 808/808
f 755/755 808/808 807/807
f 756/756 757/757 809/809
f 756/756 809/809 808/808
f 757/757 758/758 810/810
f 757/757 810/810 809/809
f 758/758 759/759 811/811
f 758/758 811/811 810/810
f 759/759 760/760 812/812
f 759/759 812/812 811/811
f 760/760 761/761 813/813
f 760/760 813/813 812/812
f 761/761 762/762 814/814
f 761/761 814/814 813/813
f 762/762 763/763 815/815
f 762/762 815/815 814/814
f 763/763 764/764 816/816
f 763/763 816/816 815/815
f 764/764 765/765 817/817
f 764/764 817/817 816/816
f 765/765 766/766 818/818
f 765/765 818/818 817/817
f 766/766 767/767 819/819
f 766/766 819/819 818/818
f 767/767 768/768 820/820
f 767/767 820/820 819/819
f 768/768 769/769 821/821
f 768/768 821/821 820/820
f 769/769 770/770 822/822
f 769/769 822/822 821/821
f 770/770 771/771 823/823
f 770/770 823/823 822/822
f 771/771 772/772 824/824
f 771/771 824/824 823/823
f 772/772 773/773 825/825
f 772/772 825/825 824/824
f 773/773 774/774 826/826
f 773/773 826/826 825/825
f 774/774 775/775 827/827
f 774/774 827/827 826/826
f 775/775 776/776 828/828
f 775/775 828/828 827/827
f 776/776 777/777 829/829
f 776/776 829/829 828/828
f 777/777 778/778 830/830
f 777/777 830/830 829/829
f 778/778 779/779 831/831
f 778/778 831/831 830/830
f 779/779 780/780 832/832
f 779/779 832/832 831/831
f 780/780 729/729 781/781
f 780/780 781/781 832/832
f 781/781 782/782 834/834
f 781/781 834/834 833/833
f 782/782 783/783 835/835
f 782/782 835/835 834/834
f 783/783 784/784 836/836
f 783/783 836/836 835/835
f 784/784 785/785 837/837
f 784/784 837/837 836/836
f 785/785 786/786 838/838
f 785/785 838/838 837/837
f 786/786 787/787 839/839
f 786/786 839/839 838/838
f 787/787 788/788 840/840
f 787/787 840/840 839/839
f 788/788 789/789 841/841
f 788/788 841/841 840/840
f 789/789 790/790 842/842
f 789/789 842/842 841/841
f 790/790 791/791 843/843
f 790/790 843/843 842/842
f 791/791 792/792 844/844
f 791/791 844/844 843/843
f 792/792 793/793 845/845
f 792/792 845/845 844/844
f 793/793 794/794 846/846
f 793/793 846/846 845/845
f 794/794 795/795 847/847
f 794/794 847/847 846/846
f 795/795 796/796 848/848
f 795/795 848/848 847/847
f 796/796 797/797 849/849
f 796/796 849/849 848/848
f 797/797 798/798 850/850
f 797/797 850/850 849/849
f 798/798 799/799 851/851
f 798/798 851/851 850/850
f 799/799 800/800 852/852
f 799/799 852/852 851/851
f 800/800 801/801 853/853
f 800/800 853/853 852/852
f 801/801 802/802 854/854
f 801/801 854/854 853/853
f 802/802 803/803 855/855
f 802/802 855/855 854/854
f 803/803 804/804 856/856
f 803/803 856/856 855/855
f 804/804 805/805 857/857
f 804/804 857/857 856/856
f 805/805 806/806 858/858
f 805/805 858/858 857/857
f 806/806 807/807 859/859
f 806/806 859/859 858/858
f 807/807 808/808 860/860
f 807/807 860/860 859/859
f 808/808 809/809 861/861
f 808/808 861/861 860/860
f 809/809 810/810 862/862
f 809/809 862/862 861/861
f 810/810 811/811 863/863
f 810/810 863/863 862/862
f 811/811 812/812 864/864
f 811/811 864/864 863/863
f 812/812 813/813 865/865
f 812/812 865/865 864/864
f 813/813 814/814 866/866
f 813/813 866/866 865/865
f 814/814 815/815 867/867
f 814/814 867/867 866/866
f 815/815 816/816 868/868
f 815/815 868/868 867/867
f 816/816 817/817 869/869
f 816/816 869/869 868/868
f 817/817 818/818 870/870
f 817/817 870/870 869/869
f 818/818 819/819 871/871
f 818/818 871/871 870/870
f 819/819 820/820 872/872
f 819/819 872/872 871/871
f 820/820 821/821 873/873
f 820/820 873/873 872/872
f 821/821 822/822 874/874
f 821/821 874/874 873/873
f 822/822 823/823 875/875
f 822/822 875/875 874/874
f 823/823 824/824 876/876
f 823/823 876/876 875/875
f 824/824 825/825 877/877
f 824/824 877/877 876/876
f 825/825 826/826 878/878
f 825/825 878/878 877/877
f 826/826 827/827 879/879
f 826/826 879/879 878/878
f 827/827 828/828 880/880
f 827/827 880/880 879/879
f 828/828 829/829 881/881
f 828/828 881/881 880/880
f 829/829 830/830 882/882
f 829/829 882/882 881/881
f 830/830 831/831 883/883
f 830/830 883/883 882/882
f 831/831 832/832 884/884
f 831/831 884/884 883/883
f 832/832 781/781 833/833
f 832/832 833/833 884/884
f 833/833 834/834 886/886
f 833/833 886/886 885/885
f 834/834 835/835 887/887
f 834/834 887/887 886/886
f 835/835 836/836 888/888
f 835/835 888/888 887/887
f 836/836 837/837 889/889
f 836/836 889/889 888/888
f 837/837 838/838 890/890
f 837/837 890/890 889/889
f 838/838 839/839 891/891
f 838/838 891/891 890/890
f 839/839 840/840 892/892
f 839/839 892/892 891/891
f 840/840 841/841 893/893
f 840/840 893/893 892/892
f 841/841 842/842 894/894
f 841/841 894/894 893/893
f 842/842 843/843 895/895
f 842/842 895/895 894/894
f 843/843 844/844 896/896
f 843/843 896/896 895/895
f 844/844 845/845 897/897
f 844/844 897/897 896/896
f 845/845 846/846 898/898
f 845/845 898/898 897/897
f 846/846 847/847 899/899
f 846/846 899/899 898/898
f 847/847 848/848 900/900
f 847/847 900/900 899/899
f 848/848 849/849 901/901
f 848/848 901/901 900/900
f 849/849 850/850 902/902
f 849/849 902/902 901/901
f 850/850 851/851 903/903
f 850/850 903/903 902/902
f 851/851 852/852 904/904
f 851/851 904/904 903/903
f 852/852 853/853 905/905
f 852/852 905/905 904/904
f 853/853 854/854 906/906
f 853/853 906/906 905/905
f 854/854 855/855 907/907
f 854/854 907/907 906/906
f 855/855 856/856 908/908
f 855/855 908/908 907/907
f 856/856 857/857 909/909
f 856/856 909/909 908/908
f 857/857 858/858 910/910
f 857/857 910/910 909/909
f 858/858 859/859 911/911
f 858/858 911/911 910/910
f 859/859 860/860 912/912
f 859/859 912/912 911/911
f 860/860 861/861 913/913
f 860/860 913/913 912/912
f 861/861 862/862 914/914
f 861/861 914/914 913/913
f 862/862 863/863 915/915
f 862/862 915/915 914/914
f 863/863 864/864 916/916
f 863/863 916/916 915/915
f 864/864 865/865 917/917
f 864/864 917/917 916/916
f 865/865 866/866 918/918
f 865/865 918/918 917/917
f 866/866 867/867 919/919
f 866/866 919/919 918/918
f 867/867 868/868 920/920
f 867/867 920/920 919/919
f 868/868 869/869 921/921
f 868/868 921/921 920/920
f 869/869 870/870 922/922
f 869/869 922/922 921/921
f 870/870 871/871 923/923
f 870/870 923/923 922/922
f 871/871 872/872 924/924
f 871/871 924/924 923/923
f 872/872 873/873 925/925
f 872/872 925/925 924/924
f 873/873 874/874 926/926
f 873/873 926/926 925/925
f 874/874 875/875 927/927
f 874/874 927/927 926/926
f 875/875 876/876 928/928
f 875/875 928/928 927/927
f 876/876 877/877 929/929
f 876/876 929/929 928/928
f 877/877 878/878 930/930
f 877/877 930/930 929/929
f 878/878 879/879 931/931
f 878/878 931/931 930/930
f 879/879 880/880 932/932
f 879/879 932/932 931/931
f 880/880 881/881 933/933
f 880/880 933/933 932/932
f 881/881 882/882 934/934
f 881/881 934/934 933/933
f 882/882 883/883 935/935
f 882/882 935/935 934/934
f 883/883 884/884 936/936
f 883/883 936/936 935/935
f 884/884 833/833 885/885
f 884/884 885/885 936/936
f 885/885 886/886 938/938
f 885/885 938/938 937/937
f 886/886 887/887 939/939
f 886/886 939/939 938/938
f 887/887 888/888 940/940
f 887/887 940/940 939/939
f 888/888 889/889 941/941
f 888/888 941/941 940/940
f 889/889 890/890 942/942
f 889/889 942/942 941/941
f 890/890 891/891 943/943
f 890/890 943/943 942/942
f 891/891 892/892 944/944
f 891/891 944/944 943/943
f 892/892 893/893 945/945
f 892/892 945/945 944/944
f 893/893 894/894 946/946
f 893/893 946/946 945/945
f 894/894 895/895 947/947
f 894/894 947/947 946/946
f 895/895 896/896 948/948
f 895/895 948/948 947/947
f 896/896 897/897 949/949
f 896/896 949/949 948/948
f 897/897 898/898 950/950
f 897/897 950/950 949/949
f 898/898 899/899 951/951
f 898/898 951/951 950/950
f 899/899 900/900 952/952
f 899/899 952/952 951/951
f 900/900 901/901 953/953
f 900/900 953/953 952/952
f 901/901 902/902 954/954
f 901/901 954/954 953/953
f 902/902 903/903 955/955
f 902/902 955/955 954/954
f 903/903 904/904 956/956
f 903/903 956/956 955/955
f 904/904 905/905 957/957
f 904/904 957/957 956/956
f 905/905 906/906 958/958
f 905/905 958/958 957/957
f 906/906 907/907 959/959
f 906/906 959/959 958/958
f 907/907 908/908 960/960
f 907/907 960/960 959/959
f 908/908 909/909 961/961
f 908/908 961/961 960/960
f 909/909 910/910 962/962
f 909/909 962/962 961/961
f 910/910 911/911 963/963
f 910/910 963/963 962/962
f 911/911 912/912 964/964
f 911/911 964/964 963/963
f 912/912 913/913 965/965
f 912/912 965/965 964/964
f 913/913 914/914 966/966
f 913/913 966/966 965/965
f 914/914 915/915 967/967
f 914/914 967/967 966/966
f 915/915 916/916 968/968
f 915/915 968/968 967/967
f 916/916 917/917 969/969
f 916/916 969/969 968/968
f 917/917 918/918 970/970
f 917/917 970/970 969/969
f 918/918 919/919 971/971
f 918/918 971/971 970/970
f 919/919 920/920 972/972
f 919/919 972/972 971/971
f 920/920 921/921 973/973
f 920/920 973/973 972/972
f 921/921 922/922 974/974
f 921/921 974/974 973/973
f 922/922 923/923 975/975
f 922/922 975/975 974/974
f 923/923 924/924 976/976
f 923/923 976/976 975/975
f 924/924 925/925 977/977
f 924/924 977/977 976/976
f 925/925 926/926 978/978
f 925/925 978/978 977/977
f 926/926 927/927 979/979
f 926/926 979/979 978/978
f 927/927 928/928 980/980
f 927/927 980/980 979/979
f 928/928 929/929 981/981
f 928/928 981/981 980/980
f 929/929 930/930 982/982
f 929/929 982/982 981/981
f 930/930 931/931 983/983
f 930/930 983/983 982/982
f 931/931 932/932 984/984
f 931/931 984/984 983/983
f 932/932 933/933 985/985
f 932/932 985/985 984/984
f 933/933 934/934 986/986
f 933/933 986/986 985/985
f 934/934 935/935 987/987
f 934/934 987/987 986/986
f 935/935 936/936 988/988
f 935/935 988/988 987/987
f 936/936 885/885 937/937
f 936/936 937/937 988/988
f 937/937 938/938 990/990
f 937/937 990/990 989/989
f 938/938 939/939 991/991
f 938/938 991/991 990/990
f 939/939 940/940 992/992
f 939/939 992/992 991/991
f 940/940 941/941 993/993
f 940/940 993/993 992/992
f 941/941 942/942 994/994
f 941/941 994/994 993/993
f 942/942 943/943 995/995
f 942/942 995/995 994/994
f 943/943 944/944 996/996
f 943/943 996/996 995/995
f 944/944 945/945 997/997
f 944/944 997/997 996/996
f 945/945 946/946 998/998
f 945/945 998/998 997/997
f 946/946 947/947 999/999
f 946/946 999/999 998/998
f 947/947 948/948 1000/1000
f 947/947 1000/1000 999/999
f 948/948 949/949 1001/1001
f 948/948 1001/1001 1000/1000
f 949/949 950/950 1002/1002
f 949/949 1002/1002 1001/1001
f 950/950 951/951 1003/1003
f 950/950 1003/1003 1002/1002
f 951/951 952/952 1004/1004
f 951/951 1004/1004 1003/1003
f 952/952 953/953 1005/1005
f 952/952 1005/1005 1004/1004
f 953/953 954/954 1006/1006
f 953/953 1006/1006 1005/1005
f 954/954 955/955 1007/1007
f 954/954 1007/1007 1006/1006
f 955/955 956/956 1008/1008
f 955/955 1008/1008 1007/1007
f 956/956 957/957 1009/1009
f 956/956 1009/1009 1008/1008
f 957/957 958/958 1010/1010
f 957/957 1010/1010 1009/1009
f 958/958 959/959 1011/1011
f 958/958 1011/1011 1010/1010
f 959/959 960/960 1012/1012
f 959/959 1012/1012 1011/1011
f 960/960 961/961 1013/1013
f 960/960 1013/1013 1012/1012
f 961/961 962/962 1014/1014
f 961/961 1014/1014 1013/1013
f 962/962 963/963 1015/1015
f 962/962 1015/1015 1014/1014
f 963/963 964/964 1016/1016
f 963/963 1016/1016 1015/1015
f 964/964 965/965 1017/1017
f 964/964 1017/1017 1016/1016
f 965/965 966/966 1018/1018
f 965/965 1018/1018 1017/1017
f 966/966 967/967 1019/1019
f 966/966 1019/1019 1018/1018
f 967/967 968/968 1020/1020
f 967/967 1020/1020 1019/1019
f 968/968 969/969 1021/1021
f 968/968 1021/1021 1020/1020
f 969/969 970/970 1022/1022
f 969/969 1022/1022 1021/1021
f 970/970 971/971 1023/1023
f 970/970 1023/1023 1022/1022
f 971/971 972/972 1024/1024
f 971/971 1024/1024 1023/1023
f 972/972 973/973 1025/1025
f 972/972 1025/1025 1024/1024
f 973/973 974/974 1026/1026
f 973/973 1026/1026 1025/1025
f 974/974 975/975 1027/1027
f 974/974 1027/1027 1026/1026
f 975/975 976/976 1028/1028
f 975/975 1028/1028 1027/1027
f 976/976 977/977 1029/1029
f 976/976 1029/1029 1028/1028
f 977/977 978/978 1030/1030
f 977/977 1030/1030 1029/1029
f 978/978 979/979 1031/1031
f 978/978 1031/1031 1030/1030
f 979/979 980/980 1032/1032
f 979/979 1032/1032 1031/1031
f 980/980 981/981 1033/1033
f 980/980 1033/1033 1032/1032
f 981/981 982/982 1034/1034
f 981/981 1034/1034 1033/1033
f 982/982 983/983 1035/1035
f 982/982 1035/1035 1034/1034
f 983/983 984/984 1036/1036
f 983/983 1036/1036 1035/1035
f 984/984 985/985 1037/1037
f 984/984 1037/1037 1036/1036
f 985/985 986/986 1038/1038
f 985/985 1038/1038 1037/1037
f 986/986 987/987 1039/1039
f 986/986 1039/1039 1038/1038
f 987/987 988/988 1040/1040
f 987/987 1040/1040 1039/1039
f 988/988 937/937 989/989
f 988/988 989/989 1040/1040
f 989/989 990/990 1042/1042
f 989/989 1042/1042 1041/1041
f 990/990 991/991 1043/1043
f 990/990 1043/1043 1042/1042
f 991/991 992/992 1044/1044
f 991/991 1044/1044 1043/1043
f 992/992 993/993 1045/1045
f 992/992 1045/1045 1044/1044
f 993/993 994/994 1046/1046
f 993/993 1046/1046 1045/1045
f 994/994 995/995 1047/1047
f 994/994 1047/1047 1046/1046
f 995/995 996/996 1048/1048
f 995/995 1048/1048 1047/1047
f 996/996 997/997 1049/1049
f 996/996 1049/1049 1048/1048
f 997/997 998/998 1050/1050
f 997/997 1050/1050 1049/1049
f 998/998 999/999 1051/1051
f 998/998 1051/1051 1050/1050
f 999/999 1000/1000 1052/1052
f 999/999 1052/1052 1051/1051
f 1000/1000 1001/1001 1053/1053
f 1000/1000 1053/1053 1052/1052
f 1001/1001 1002/1002 1054/1054
f 1001/1001 1054/1054 1053/1053
f 1002/1002 1003/1003 1055/1055
f 1002/1002 1055/1055 1054/1054
f 1003/1003 1004/1004 1056/1056
f 1003/1003 1056/1056 1055/1055
f 1004/1004 1005/1005 1057/1057
f 1004/1004 1057/1057 1056/1056
f 1005/1005 1006/1006 1058/1058
f 1005/1005 1058/1058 1057/1057
f 1006/1006 1007/1007 1059/1059
f 1006/1006 1059/1059 1058/1058
f 1007/1007 1008/1008 1060/1060
f 1007/1007 1060/1060 1059/1059
f 1008/1008 1009/1009 1061/1061
f 1008/1008 1061/1061 1060/1060
f 1009/1009 1010/1010 1062/1062
f 1009/1009 1062/1062 1061/1061
f 1010/1010 1011/1011 1063/1063
f 1010/1010 1063/1063 1062/1062
f 1011/1011 1012/1012 1064/1064
f 1011/1011 1064/1064 1063/1063
f 1012/1012 1013/1013 1065/1065
f 1012/1012 1065/1065 1064/1064
f 1013/1013 1014/1014 1066/1066
f 1013/1013 1066/1066 1065/1065
f 1014/1014 1015/1015 1067/1067
f 1014/1014 1067/1067 1066/1066
f 1015/1015 1016/1016 1068/1068
f 1015/1015 1068/1068 1067/1067
f 1016/1016 1017/1017 1069/1069
f 1016/1016 1069/1069 1068/1068
f 1017/1017 1018/1018 1070/1070
f 1017/1017 1070/1070 1069/1069
f 1018/1018 1019/1019 1071/1071
f 1018/1018 1071/1071 1070/1070
f 1019/1019 1020/1020 1072/1072
f 1019/1019 1072/1072 1071/1071
f 1020/1020 1021/1021 1073/1073
f 1020/1020 1073/1073 1072/1072
f 1021/1021 1022/1022 1074/1074
f 1021/1021 1074/1074 1073/1073
f 1022/1022 1023/1023 1075/1075
f 1022/1022 1075/1075 1074/1074
f 1023/1023 1024/1024 1076/1076
f 1023/1023 1076/1076 1075/1075
f 1024/1024 1025/1025 1077/1077
f 1024/1024 1077/1077 1076/1076
f 1025/1025 1026/1026 1078/1078
f 1025/1025 1078/1078 1077/1077
f 1026/1026 1027/1027 1079/1079
f 1026/1026 1079/1079 1078/1078
f 1027/1027 1028/1028 1080/1080
f 1027/1027 1080/1080 1079/1079
f 1028/1028 1029/1029 1081/1081
f 1028/1028 1081/1081 1080/1080
f 1029/1029 1030/1030 1082/1082
f 1029/1029 1082/1082 1081/1081
f 1030/1030 1031/1031 1083/1083
f 1030/1030 1083/1083 1082/1082
f 1031/1031 1032/1032 1084/1084
f 1031/1031 1084/1084 1083/1083
f 1032/1032 1033/1033 1085/1085
f 1032/1032 1085/1085 1084/1084
f 1033/1033 1034/1034 1086/1086
f 1033/1033 1086/1086 1085/1085
f 1034/1034 1035/1035 1087/1087
f 1034/1034 1087/1087 1086/1086
f 1035/1035 1036/1036 1088/1088
f 1035/1035 1088/1088 1087/1087
f 1036/1036 1037/1037 1089/1089
f 1036/1036 1089/1089 1088/1088
f 1037/1037 1038/1038 1090/1090
f 1037/1037 1090/1090 1089/1089
f 1038/1038 1039/1039 1091/1091
f 1038/1038 1091/1091 1090/1090
f 1039/1039 1040/1040 1092/1092
f 1039/1039 1092/1092 1091/1091
f 1040/1040 989/989 1041/1041
f 1040/1040 1041/1041 1092/1092
f 1041/1041 1042/1042 1094/1094
f 1041/1041 1094/1094 1093/1093
f 1042/1042 1043/1043 1095/1095
f 1042/1042 1095/1095 1094/1094
f 1043/1043 1044/1044 1096/1096
f 1043/1043 1096/1096 1095/1095
f 1044/1044 1045/1045 1097/1097
f 1044/1044 1097/1097 1096/1096
f 1045/1045 1046/1046 1098/1098
f 1045/1045 1098/1098 1097/1097
f 1046/1046 1047/1047 1099/1099
f 1046/1046 1099/1099 1098/1098
f 1047/1047 1048/1048 1100/1100
f 1047/1047 1100/1100 1099/1099
f 1048/1048 1049/1049 1101/1101
f 1048/1048 1101/1101 1100/1100
f 1049/1049 1050/1050 1102/1102
f 1049/1049 1102/1102 1101/1101
f 1050/1050 1051/1051 1103/1103
f 1050/1050 1103/1103 1102/1102
f 1051/1051 1052/1052 1104/1104
f 1051/1051 1104/1104 1103/1103
f 1052/1052 1053/1053 1105/1105
f 1052/1052 1105/1105 1104/1104
f 1053/1053 1054/1054 1106/1106
f 1053/1053 1106/1106 1105/1105
f 1054/1054 1055/1055 1107/1107
f 1054/1054 1107/1107 1106/1106
f 1055/1055 1056/1056 1108/1108
f 1055/1055 1108/1108 1107/1107
f 1056/1056 1057/1057 1109/1109
f 1056/1056 1109/1109 1108/1108
f 1057/1057 1058/1058 1110/1110
f 1057/1057 1110/1110 1109/1109
f 1058/1058 1059/1059 1111/1111
f 1058/1058 1111/1111 1110/1110
f 1059/1059 1060/1060 1112/1112
f 1059/1059 1112/1112 1111/1111
f 1060/1060 1061/1061 1113/1113
f 1060/1060 1113/1113 1112/1112
f 1061/1061 1062/1062 1114/1114
f 1061/1061 1114/1114 1113/1113
f 1062/1062 1063/1063 1115/1115
f 1062/1062 1115/1115 1114/1114
f 1063/1063 1064/1064 1116/1116
f 1063/1063 1116/1116 1115/1115
f 1064/1064 1065/1065 1117/1117
f 1064/1064 1117/1117 1116/1116
f 1065/1065 1066/1066 1118/1118
f 1065/1065 1118/1118 1117/1117
f 1066/1066 1067/1067 1119/1119
f 1066/1066 1119/1119 1118/1118
f 1067/1067 1068/1068 1120/1120
f 1067/1067 1120/1120 1119/1119
f 1068/1068 1069/1069 1121/1121
f 1068/1068 1121/1121 1120/1120
f 1069/1069 1070/1070 1122/1122
f 1069/1069 1122/1122 1121/1121
f 1070/1070 1071/1071 1123/1123
f 1070/1070 1123/1123 1122/1122
f 1071/1071 1072/1072 1124/1124
f 1071/1071 1124/1124 1123/1123
f 1072/1072 1073/1073 1125/1125
f 1072/1072 1125/1125 1124/1124
f 1073/1073 1074/1074 1126/1126
f 1073/1073 1126/1126 1125/1125
f 1074/1074 1075/1075 1127/1127
f 1074/1074 1127/1127 1126/1126
f 1075/1075 1076/1076 1128/1128
f 1075/1075 1128/1128 1127/1127
f 1076/1076 1077/1077 1129/1129
f 1076/1076 1129/1129 1128/1128
f 1077/1077 1078/1078 1130/1130
f 1077/1077 1130/1130 1129/1129
f 1078/1078 1079/1079 1131/1131
f 1078/1078 1131/1131 1130/1130
f 1079/1079 1080/1080 1132/1132
f 1079/1079 1132/1132 1131/1131
f 1080/1080 1081/1081 1133/1133
f 1080/1080 1133/1133 1132/1132
f 1081/1081 1082/1082 1134/1134
f 1081/1081 1134/1134 1133/1133
f 1082/1082 1083/1083 1135/1135
f 1082/1082 1135/1135 1134/1134
f 1083/1083 1084/1084 1136/1136
f 1083/1083 1136/1136 1135/1135
f 1084/1084 1085/1085 1137/1137
f 1084/1084 1137/1137 1136/1136
f 1085/1085 1086/1086 1138/1138
f 1085/1085 1138/1138 1137/1137
f 1086/1086 1087/1087 1139/1139
f 1086/1086 1139/1139 1138/1138
f 1087/1087 1088/1088 1140/1140
f 1087/1087 1140/1140 1139/1139
f 1088/1088 1089/1089 1141/1141
f 1088/1088 1141/1141 1140/1140
f 1089/1089 1090/1090 1142/1142
f 1089/1089 1142/1142 1141/1141
f 1090/1090 1091/1091 1143/1143
f 1090/1090 1143/1143 1142/1142
f 1091/1091 1092/1092 1144/1144
f 1091/1091 1144/1144 1143/1143
f 1092/1092 1041/1041 1093/1093
f 1092/1092 1093/1093 1144/1144
f 1093/1093 1094/1094 1146/1146
f 1093/1093 1146/1146 1145/1145
f 1094/1094 1095/1095 1147/1147
f 1094/1094 1147/1147 1146/1146
f 1095/1095 1096/1096 1148/1148
f 1095/1095 1148/1148 1147/1147
f 1096/1096 1097/1097 1149/1149
f 1096/1096 1149/1149 1148/1148
f 1097/1097 1098/1098 1150/1150
f 1097/1097 1150/1150 1149/1149
f 1098/1098 1099/1099 1151/1151
f 1098/1098 1151/1151 1150/1150
f 1099/1099 1100/1100 1152/1152
f 1099/1099 1152/1152 1151/1151
f 1100/1100 1101/1101 1153/1153
f 1100/1100 1153/1153 1152/1152
f 1101/1101 1102/1102 1154/1154
f 1101/1101 1154/1154 1153/1153
f 1102/1102 1103/1103 1155/1155
f 1102/1102 1155/1155 1154/1154
f 1103/1103 1104/1104 1156/1156
f 1103/1103 1156/1156 1155/1155
f 1104/1104 1105/1105 1157/1157
f 1104/1104 1157/1157 1156/1156
f 1105/1105 1106/1106 1158/1158
f 1105/1105 1158/1158 1157/1157
f 1106/1106 1107/1107 1159/1159
f 1106/1106 1159/1159 1158/1158
f 1107/1107 1108/1108 1160/1160
f 1107/1107 1160/1160 1159/1159
f 1108/1108 1109/1109 1161/1161
f 1108/1108 1161/1161 1160/1160
f 1109/1109 1110/1110 1162/1162
f 1109/1109 1162/1162 1161/1161
f 1110/1110 1111/1111 1163/1163
f 1110/1110 1163/1163 1162/1162
f 1111/1111 1112/1112 1164/1164
f 1111/1111 1164/1164 1163/1163
f 1112/1112 1113/1113 1165/1165
f 1112/1112 1165/1165 1164/1164
f 1113/1113 1114/1114 1166/1166
f 1113/1113 1166/1166 1165/1165
f 1114/1114 1115/1115 1167/1167
f 1114/1114 1167/1167 1166/1166
f 1115/1115 1116/1116 1168/1168
f 1115/1115 1168/1168 1167/1167
f 1116/1116 1117/1117 1169/1169
f 1116/1116 1169/1169 1168/1168
f 1117/1117 1118/1118 1170/1170
f 1117/1117 1170/1170 1169/1169
f 1118/1118 1119/1119 1171/1171
f 1118/1118 1171/1171 1170/1170
f 1119/1119 1120/1120 1172/1172
f 1119/1119 1172/1172 1171/1171
f 1120/1120 1121/1121 1173/1173
f 1120/1120 1173/1173 1172/1172
f 1121/1121 1122/1122 1174/1174
f 1121/1121 1174/1174 1173/1173
f 1122/1122 1123/1123 1175/1175
f 1122/1122 1175/1175 1174/1174
f 1123/1123 1124/1124 1176/1176
f 1123/1123 1176/1176 1175/1175
f 1124/1124 1125/1125 1177/1177
f 1124/1124 1177/1177 1176/1176
f 1125/1125 1126/1126 1178/1178
f 1125/1125 1178/1178 1177/1177
f 1126/1126 1127/1127 1179/1179
f 1126/1126 1179/1179 1178/1178
f 1127/1127 1128/1128 1180/1180
f 1127/1127 1180/1180 1179/1179
f 1128/1128 1129/1129 1181/1181
f 1128/1128 1181/1181 1180/1180
f 1129/1129 1130/1130 1182/1182
f 1129/1129 1182/1182 1181/1181
f 1130/1130 1131/1131 1183/1183
f 1130/1130 1183/1183 1182/1182
f 1131/1131 1132/1132 1184/1184
f 1131/1131 1184/1184 1183/1183
f 1132/1132 1133/1133 1185/1185
f 1132/1132 1185/1185 1184/1184
f 1133/1133 1134/1134 1186/1186
f 1133/1133 1186/1186 1185/1185
f 1134/1134 1135/1135 1187/1187
f 1134/1134 1187/1187 1186/1186
f 1135/1135 1136/1136 1188/1188
f 1135/1135 1188/1188 1187/1187
f 1136/1136 1137/1137 1189/1189
f 1136/1136 1189/1189 1188/1188
f 1137/1137 1138/1138 1190/1190
f 1137/1137 1190/1190 1189/1189
f 1138/1138 1139/1139 1191/1191
f 1138/1138 1191/1191 1190/1190
f 1139/1139 1140/1140 1192/1192
f 1139/1139 1192/1192 1191/1191
f 1140/1140 1141/1141 1193/1193
f 1140/1140 1193/1193 1192/1192
f 1141/1141 1142/1142 1194/1194
f 1141/1141 1194/1194 1193/1193
f 1142/1142 1143/1143 1195/1195
f 1142/1142 1195/1195 1194/1194
f 1143/1143 1144/1144 1196/1196
f 1143/1143 1196/1196 1195/1195
f 1144/1144 1093/1093 1145/1145
f 1144/1144 1145/1145 1196/1196
f 1145/1145 1146/1146 1198/1198
f 1145/1145 1198/1198 1197/1197
f 1146/1146 1147/1147 1199/1199
f 1146/1146 1199/1199 1198/1198
f 1147/1147 1148/1148 1200/1200
f 1147/1147 1200/1200 1199/1199
f 1148/1148 1149/1149 1201/1201
f 1148/1148 1201/1201 1200/1200
f 1149/1149 1150/1150 1202/1202
f 1149/1149 1202/1202 1201/1201
f 1150/1150 1151/1151 1203/1203
f 1150/1150 1203/1203 1202/1202
f 1151/1151 1152/1152 1204/1204
f 1151/1151 1204/1204 1203/1203
f 1152/1152 1153/1153 1205/1205
f 1152/1152 1205/1205 1204/1204
f 1153/1153 1154/1154 1206/1206
f 1153/1153 1206/1206 1205/1205
f 1154/1154 1155/1155 1207/1207
f 1154/1154 1207/1207 1206/1206
f 1155/1155 1156/1156 1208/1208
f 1155/1155 1208/1208 1207/1207
f 1156/1156 1157/1157 1209/1209
f 1156/1156 1209/1209 1208/1208
f 1157/1157 1158/1158 1210/1210
f 1157/1157 1210/1210 1209/1209
f 1158/1158 1159/1159 1211/1211
f 1158/1158 1211/1211 1210/1210
f 1159/1159 1160/1160 1212/1212
f 1159/1159 1212/1212 1211/1211
f 1160/1160 1161/1161 1213/1213
f 1160/1160 1213/1213 1212/1212
f 1161/1161 1162/1162 1214/1214
f 1161/1161 1214/1214 1213/1213
f 1162/1162 1163/1163 1215/1215
f 1162/1162 1215/1215 1214/1214
f 1163/1163 1164/1164 1216/1216
f 1163/1163 1216/1216 1215/1215
f 1164/1164 1165/1165 1217/1217
f 1164/1164 1217/1217 1216/1216
f 1165/1165 1166/1166 1218/1218
f 1165/1165 1218/1218 1217/1217
f 1166/1166 1167/1167 1219/1219
f 1166/1166 1219/1219 1218/1218
f 1167/1167 1168/1168 1220/1220
f 1167/1167 1220/1220 1219/1219
f 1168/1168 1169/1169 1221/1221
f 1168/1168 1221/1221 1220/1220
f 1169/1169 1170/1170 1222/1222
f 1169/1169 1222/1222 1221/1221
f 1170/1170 1171/1171 1223/1223
f 1170/1170 1223/1223 1222/1222
f 1171/1171 1172/1172 1224/1224
f 1171/1171 1224/1224 1223/1223
f 1172/1172 1173/1173 1225/1225
f 1172/1172 1225/1225 1224/1224
f 1173/1173 1174/1174 1226/1226
f 1173/1173 1226/1226 1225/1225
f 1174/1174 1175/1175 1227/1227
f 1174/1174 1227/1227 1226/1226
f 1175/1175 1176/1176 1228/1228
f 1175/1175 1228/1228 1227/1227
f 1176/1176 1177/1177 1229/1229
f 1176/1176 1229/1229 1228/1228
f 1177/1177 1178/1178 1230/1230
f 1177/1177 1230/1230 1229/1229
f 1178/1178 1179/1179 1231/1231
f 1178/1178 1231/1231 1230/1230
f 1179/1179 1180/1180 1232/1232
f 1179/1179 1232/1232 1231/1231
f 1180/1180 1181/1181 1233/1233
f 1180/1180 1233/1233 1232/1232
f 1181/1181 1182/1182 1234/1234
f 1181/1181 1234/1234 1233/1233
f 1182/1182 1183/1183 1235/1235
f 1182/1182 1235/1235 1234/1234
f 1183/1183 1184/1184 1236/1236
f 1183/1183 1236/1236 1235/1235
f 1184/1184 1185/1185 1237/1237
f 1184/1184 1237/1237 1236/1236
f 1185/1185 1186/1186 1238/1238
f 1185/1185 1238/1238 1237/1237
f 1186/1186 1187/1187 1239/1239
f 1186/1186 1239/1239 1238/1238
f 1187/1187 1188/1188 1240/1240
f 1187/1187 1240/1240 1239/1239
f 1188/1188 1189/1189 1241/1241
f 1188/1188 1241/1241 1240/1240
f 1189/1189 1190/1190 1242/1242
f 1189/1189 1242/1242 1241/1241
f 1190/1190 1191/1191 1243/1243
f 1190/1190 1243/1243 1242/1242
f 1191/1191 1192/1192 1244/1244
f 1191/1191 1244/1244 1243/1243
f 1192/1192 1193/1193 1245/1245
f 1192/1192 1245/1245 1244/1244
f 1193/1193 1194/1194 1246/1246
f 1193/1193 1246/1246 1245/1245
f 1194/1194 1195/1195 1247/1247
f 1194/1194 1247/1247 1246/1246
f 1195/1195 1196/1196 1248/1248
f 1195/1195 1248/1248 1247/1247
f 1196/1196 1145/1145 1197/1197
f 1196/1196 1197/1197 1248/1248
f 1197/1197 1198/1198 1250/1250
f 1197/1197 1250/1250 1249/1249
f 1198/1198 1199/1199 1251/1251
f 1198/1198 1251/1251 1250/1250
f 1199/1199 1200/1200 1252/1252
f 1199/1199 1252/1252 1251/1251
f 1200/1200 1201/1201 1253/1253
f 1200/1200 1253/1253 1252/1252
f 1201/1201 1202/1202 1254/1254
f 1201/1201 1254/1254 1253/1253
f 1202/1202 1203/1203 1255/1255
f 1202/1202 1255/1255 1254/1254
f 1203/1203 1204/1204 1256/1256
f 1203/1203 1256/1256 1255/1255
f 1204/1204 1205/1205 1257/1257
f 1204/1204 1257/1257 1256/1256
f 1205/1205 1206/1206 1258/1258
f 1205/1205 1258/1258 1257/1257
f 1206/1206 1207/1207 1259/1259
f 1206/1206 1259/1259 1258/1258
f 1207/1207 1208/1208 1260/1260
f 1207/1207 1260/1260 1259/1259
f 1208/1208 1209/1209 1261/1261
f 1208/1208 1261/1261 1260/1260
f 1209/1209 1210/1210 1262/1262
f 1209/1209 1262/1262 1261/1261
f 1210/1210 1211/1211 1263/1263
f 1210/1210 1263/1263 1262/1262
f 1211/1211 1212/1212 1264/1264
f 1211/1211 1264/1264 1263/1263
f 1212/1212 1213/1213 1265/1265
f 1212/1212 1265/1265 1264/1264
f 1213/1213 1214/1214 1266/1266
f 1213/1213 1266/1266 1265/1265
f 1214/1214 1215/1215 1267/1267
f 1214/1214 1267/1267 1266/1266
f 1215/1215 1216/1216 1268/1268
f 1215/1215 1268/1268 1267/1267
f 1216/1216 1217/1217 1269/1269
f 1216/1216 1269/1269 1268/1268
f 1217/1217 1218/1218 1270/1270
f 1217/1217 1270/1270 1269/1269
f 1218/1218 1219/1219 1271/1271
f 1218/1218 1271/1271 1270/1270
f 1219/1219 1220/1220 1272/1272
f 1219/1219 1272/1272 1271/1271
f 1220/1220 1221/1221 1273/1273
f 1220/1220 1273/1273 1272/1272
f 1221/1221 1222/1222 1274/1274
f 1221/1221 1274/1274 1273/1273
f 1222/1222 1223/1223 1275/1275
f 1222/1222 1275/1275 1274/1274
f 1223/1223 1224/1224 1276/1276
f 1223/1223 1276/1276 1275/1275
f 1224/1224 1225/1225 1277/1277
f 1224/1224 1277/1277 1276/1276
f 1225/1225 1226/1226 1278/1278
f 1225/1225 1278/1278 1277/1277
f 1226/1226 1227/1227 1279/1279
f 1226/1226 1279/1279 1278/1278
f 1227/1227 1228/1228 1280/1280
f 1227/1227 1280/1280 1279/1279
f 1228/1228 1229/1229 1281/1281
f 1228/1228 1281/1281 1280/1280
f 1229/1229 1230/1230 1282/1282
f 1229/1229 1282/1282 1281/1281
f 1230/1230 1231/1231 1283/1283
f 1230/1230 1283/1283 1282/1282
f 1231/1231 1232/1232 1284/1284
f 1231/1231 1284/1284 1283/1283
f 1232/1232 1233/1233 1285/1285
f 1232/1232 1285/1285 1284/1284
f 1233/1233 1234/1234 1286/1286
f 1233/1233 1286/1286 1285/1285
f 1234/1234 1235/1235 1287/1287
f 1234/1234 1287/1287 1286/1286
f 1235/1235 1236/1236 1288/1288
f 1235/1235 1288/1288 1287/1287
f 1236/1236 1237/1237 1289/1289
f 1236/1236 1289/1289 1288/1288
f 1237/1237 1238/1238 1290/1290
f 1237/1237 1290/1290 1289/1289
f 1238/1238 1239/1239 1291/1291
f 1238/1238 1291/1291 1290/1290
f 1239/1239 1240/1240 1292/1292
f 1239/1239 1292/1292 1291/1291
f 1240/1240 1241/1241 1293/1293
f 1240/1240 1293/1293 1292/1292
f 1241/1241 1242/1242 1294/1294
f 1241/1241 1294/1294 1293/1293
f 1242/1242 1243/1243 1295/1295
f 1242/1242 1295/1295 1294/1294
f 1243/1243 1244/1244 1296/1296
f 1243/1243 1296/1296 1295/1295
f 1244/1244 1245/1245 1297/1297
f 1244/1244 1297/1297 1296/1296
f 1245/1245 1246/1246 1298/1298
f 1245/1245 1298/1298 1297/1297
f 1246/1246 1247/1247 1299/1299
f 1246/1246 1299/1299 1298/1298
f 1247/1247 1248/1248 1300/1300
f 1247/1247 1300/1300 1299/1299
f 1248/1248 1197/1197 1249/1249
f 1248/1248 1249/1249 1300/1300
f 1249/1249 1250/1250 1302/1302
f 1249/1249 1302/1302 1301/1301
f 1250/1250 1251/1251 1303/1303
f 1250/1250 1303/1303 1302/1302
f 1251/1251 1252/1252 1304/1304
f 1251/1251 1304/1304 1303/1303
f 1252/1252 1253/1253 1305/1305
f 1252/1252 1305/1305 1304/1304
f 1253/1253 1254/1254 1306/1306
f 1253/1253 1306/1306 1305/1305
f 1254/1254 1255/1255 1307/1307
f 1254/1254 1307/1307 1306/1306
f 1255/1255 1256/1256 1308/1308
f 1255/1255 1308/1308 1307/1307
f 1256/1256 1257/1257 1309/1309
f 1256/1256 1309/1309 1308/1308
f 1257/1257 1258/1258 1310/1310
f 1257/1257 1310/1310 1309/1309
f 1258/1258 1259/1259 1311/1311
f 1258/1258 1311/1311 1310/1310
f 1259/1259 1260/1260 1312/1312
f 1259/1259 1312/1312 1311/1311
f 1260/1260 1261/1261 1313/1313
f 1260/1260 1313/1313 1312/1312
f 1261/1261 1262/1262 1314/1314
f 1261/1261 1314/1314 1313/1313
f 1262/1262 1263/1263 1315/1315
f 1262/1262 1315/1315 1314/1314
f 1263/1263 1264/1264 1316/1316
f 1263/1263 1316/1316 1315/1315
f 1264/1264 1265/1265 1317/1317
f 1264/1264 1317/1317 1316/1316
f 1265/1265 1266/1266 1318/1318
f 1265/1265 1318/1318 1317/1317
f 1266/1266 1267/1267 1319/1319
f 1266/1266 1319/1319 1318/1318
f 1267/1267 1268/1268 1320/1320
f 1267/1267 1320/1320 1319/1319
f 1268/1268 1269/1269 1321/1321
f 1268/1268 1321/1321 1320/1320
f 1269/1269 1270/1270 1322/1322
f 1269/1269 1322/1322 1321/1321
f 1270/1270 1271/1271 1323/1323
f 1270/1270 1323/1323 1322/1322
f 1271/1271 1272/1272 1324/1324
f 1271/1271 1324/1324 1323/1323
f 1272/1272 1273/1273 1325/1325
f 1272/1272 1325/1325 1324/1324
f 1273/1273 1274/1274 1326/1326
f 1273/1273 1326/1326 1325/1325
f 1274/1274 1275/1275 1327/1327
f 1274/1274 1327/1327 1326/1326
f 1275/1275 1276/1276 1328/1328
f 1275/1275 1328/1328 1327/1327
f 1276/1276 1277/1277 1329/1329
f 1276/1276 1329/1329 1328/1328
f 1277/1277 1278/1278 1330/1330
f 1277/1277 1330/1330 1329/1329
f 1278/1278 1279/1279 1331/1331
f 1278/1278 1331/1331 1330/1330
f 1279/1279 1280/1280 1332/1332
f 1279/1279 1332/1332 1331/1331
f 1280/1280 1281/1281 1333/1333
f 1280/1280 1333/1333 1332/1332
f 1281/1281 1282/1282 1334/1334
f 1281/1281 1334/1334 1333/1333
f 1282/1282 1283/1283 1335/1335
f 1282/1282 1335/1335 1334/1334
f 1283/1283 1284/1284 1336/1336
f 1283/1283 1336/1336 1335/1335
f 1284/1284 1285/1285 1337/1337
f 1284/1284 1337/1337 1336/1336
f 1285/1285 1286/1286 1338/1338
f 1285/1285 1338/1338 1337/1337
f 1286/1286 1287/1287 1339/1339
f 1286/1286 1339/1339 1338/1338
f 1287/1287 1288/1288 1340/1340
f 1287/1287 1340/1340 1339/1339
f 1288/1288 1289/1289 1341/1341
f 1288/1288 1341/1341 1340/1340
f 1289/1289 1290/1290 1342/1342
f 1289/1289 1342/1342 1341/1341
f 1290/1290 1291/1291 1343/1343
f 1290/1290 1343/1343 1342/1342
f 1291/1291 1292/1292 1344/1344
f 1291/1291 1344/1344 1343/1343
f 1292/1292 1293/1293 1345/1345
f 1292/1292 1345/1345 1344/1344
f 1293/1293 1294/1294 1346/1346
f 1293/1293 1346/1346 1345/1345
f 1294/1294 1295/1295 1347/1347
f 1294/1294 1347/1347 1346/1346
f 1295/1295 1296/1296 1348/1348
f 1295/1295 1348/1348 1347/1347
f 1296/1296 1297/1297 1349/1349
f 1296/1296 1349/1349 1348/1348
f 1297/1297 1298/1298 1350/1350
f 1297/1297 1350/1350 1349/1349
f 1298/1298 1299/1299 1351/1351
f 1298/1298 1351/1351 1350/1350
f 1299/1299 1300/1300 1352/1352
f 1299/1299 1352/1352 1351/1351
f 1300/1300 1249/1249 1301/1301
f 1300/1300 1301/1301 1352/1352
f 1301/1301 1302/1302 1354/1354
f 1301/1301 1354/1354 1353/1353
f 1302/1302 1303/1303 1355/1355
f 1302/1302 1355/1355 1354/1354
f 1303/1303 1304/1304 1356/1356
f 1303/1303 1356/1356 1355/1355
f 1304/1304 1305/1305 1357/1357
f 1304/1304 1357/1357 1356/1356
f 1305/1305 1306/1306 1358/1358
f 1305/1305 1358/1358 1357/1357
f 1306/1306 1307/1307 1359/1359
f 1306/1306 1359/1359 1358/1358
f 1307/1307 1308/1308 1360/1360
f 1307/1307 1360/1360 1359/1359
f 1308/1308 1309/1309 1361/1361
f 1308/1308 1361/1361 1360/1360
f 1309/1309 1310/1310 1362/1362
f 1309/1309 1362/1362 1361/1361
f 1310/1310 1311/1311 1363/1363
f 1310/1310 1363/1363 1362/1362
f 1311/1311 1312/1312 1364/1364
f 1311/1311 1364/1364 1363/1363
f 1312/1312 1313/1313 1365/1365
f 1312/1312 1365/1365 1364/1364
f 1313/1313 1314/1314 1366/1366
f 1313/1313 1366/1366 1365/1365
f 1314/1314 1315/1315 1367/1367
f 1314/1314 1367/1367 1366/1366
f 1315/1315 1316/1316 1368/1368
f 1315/1315 1368/1368 1367/1367
f 1316/1316 1317/1317 1369/1369
f 1316/1316 1369/1369 1368/1368
f 1317/1317 1318/1318 1370/1370
f 1317/1317 1370/1370 1369/1369
f 1318/1318 1319/1319 1371/1371
f 1318/1318 1371/1371 1370/1370
f 1319/1319 1320/1320 1372/1372
f 1319/1319 1372/1372 1371/1371
f 1320/1320 1321/1321 1373/1373
f 1320/1320 1373/1373 1372/1372
f 1321/1321 1322/1322 1374/1374
f 1321/1321 1374/1374 1373/1373
f 1322/1322 1323/1323 1375/1375
f 1322/1322 1375/1375 1374/1374
f 1323/1323 1324/1324 1376/1376
f 1323/1323 1376/1376 1375/1375
f 1324/1324 1325/1325 1377/1377
f 1324/1324 1377/1377 1376/1376
f 1325/1325 1326/1326 1378/1378
f 1325/1325 1378/1378 1377/1377
f 1326/1326 1327/1327 1379/1379
f 1326/1326 1379/1379 1378/1378
f 1327/1327 1328/1328 1380/1380
f 1327/1327 1380/1380 1379/1379
f 1328/1328 1329/1329 1381/1381
f 1328/1328 1381/1381 1380/1380
f 1329/1329 1330/1330 1382/1382
f 1329/1329 1382/1382 1381/1381
f 1330/1330 1331/1331 1383/1383
f 1330/1330 1383/1383 1382/1382
f 1331/1331 1332/1332 1384/1384
f 1331/1331 1384/1384 1383/1383
f 1332/1332 1333/1333 1385/1385
f 1332/1332 1385/1385 1384/1384
f 1333/1333 1334/1334 1386/1386
f 1333/1333 1386/1386 1385/1385
f 1334/1334 1335/1335 1387/1387
f 1334/1334 1387/1387 1386/1386
f 1335/1335 1336/1336 1388/1388
f 1335/1335 1388/1388 1387/1387
f 1336/1336 1337/1337 1389/1389
f 1336/1336 1389/1389 1388/1388
f 1337/1337 1338/1338 1390/1390
f 1337/1337 1390/1390 1389/1389
f 1338/1338 1339/1339 1391/1391
f 1338/1338 1391/1391 1390/1390
f 1339/1339 1340/1340 1392/1392
f 1339/1339 1392/1392 1391/1391
f 1340/1340 1341/1341 1393/1393
f 1340/1340 1393/1393 1392/1392
f 1341/1341 1342/1342 1394/1394
f 1341/1341 1394/1394 1393/1393
f 1342/1342 1343/1343 1395/1395
f 1342/1342 1395/1395 1394/1394
f 1343/1343 1344/1344 1396/1396
f 1343/1343 1396/1396 1395/1395
f 1344/1344 1345/1345 1397/1397
f 1344/1344 1397/1397 1396/1396
f 1345/1345 1346/1346 1398/1398
f 1345/1345 1398/1398 1397/1397
f 1346/1346 1347/1347 1399/1399
f 1346/1346 1399/1399 1398/1398
f 1347/1347 1348/1348 1400/1400
f 1347/1347 1400/1400 1399/1399
f 1348/1348 1349/1349 1401/1401
f 1348/1348 1401/1401 1400/1400
f 1349/1349 1350/1350 1402/1402
f 1349/1349 1402/1402 1401/1401
f 1350/1350 1351/1351 1403/1403
f 1350/1350 1403/1403 1402/1402
f 1351/1351 1352/1352 1404/1404
f 1351/1351 1404/1404 1403/1403
f 1352/1352 1301/1301 1353/1353
f 1352/1352 1353/1353 1404/1404
f 1353/1353 1354/1354 1406/1406
f 1353/1353 1406/1406 1405/1405
f 1354/1354 1355/1355 1407/1407
f 1354/1354 1407/1407 1406/1406
f 1355/1355 1356/1356 1408/1408
f 1355/1355 1408/1408 1407/1407
f 1356/1356 1357/1357 1409/1409
f 1356/1356 1409/1409 1408/1408
f 1357/1357 1358/1358 1410/1410
f 1357/1357 1410/1410 1409/1409
f 1358/1358 1359/1359 1411/1411
f 1358/1358 1411/1411 1410/1410
f 1359/1359 1360/1360 1412/1412
f 1359/1359 1412/1412 1411/1411
f 1360/1360 1361/1361 1413/1413
f 1360/1360 1413/1413 1412/1412
f 1361/1361 1362/1362 1414/1414
f 1361/1361 1414/1414 1413/1413
f 1362/1362 1363/1363 1415/1415
f 1362/1362 1415/1415 1414/1414
f 1363/1363 1364/1364 1416/1416
f 1363/1363 1416/1416 1415/1415
f 1364/1364 1365/1365 1417/1417
f 1364/1364 1417/1417 1416/1416
f 1365/1365 1366/1366 1418/1418
f 1365/1365 1418/1418 1417/1417
f 1366/1366 1367/1367 1419/1419
f 1366/1366 1419/1419 1418/1418
f 1367/1367 1368/1368 1420/1420
f 1367/1367 1420/1420 1419/1419
f 1368/1368 1369/1369 1421/1421
f 1368/1368 1421/1421 1420/1420
f 1369/1369 1370/1370 1422/1422
f 1369/1369 1422/1422 1421/1421
f 1370/1370 1371/1371 1423/1423
f 1370/1370 1423/1423 1422/1422
f 1371/1371 1372/1372 1424/1424
f 1371/1371 1424/1424 1423/1423
f 1372/1372 1373/1373 1425/1425
f 1372/1372 1425/1425 1424/1424
f 1373/1373 1374/1374 1426/1426
f 1373/1373 1426/1426 1425/1425
f 1374/1374 1375/1375 1427/1427
f 1374/1374 1427/1427 1426/1426
f 1375/1375 1376/1376 1428/1428
f 1375/1375 1428/1428 1427/1427
f 1376/1376 1377/1377 1429/1429
f 1376/1376 1429/1429 1428/1428
f 1377/1377 1378/1378 1430/1430
f 1377/1377 1430/1430 1429/1429
f 1378/1378 1379/1379 1431/1431
f 1378/1378 1431/1431 1430/1430
f 1379/1379 1380/1380 1432/1432
f 1379/1379 1432/1432 1431/1431
f 1380/1380 1381/1381 1433/1433
f 1380/1380 1433/1433 1432/1432
f 1381/1381 1382/1382 1434/1434
f 1381/1381 1434/1434 1433/1433
f 1382/1382 1383/1383 1435/1435
f 1382/1382 1435/1435 1434/1434
f 1383/1383 1384/1384 1436/1436
f 1383/1383 1436/1436 1435/1435
f 1384/1384 1385/1385 1437/1437
f 1384/1384 1437/1437 1436/1436
f 1385/1385 1386/1386 1438/1438
f 1385/1385 1438/1438 1437/1437
f 1386/1386 1387/1387 1439/1439
f 1386/1386 1439/1439 1438/1438
f 1387/1387 1388/1388 1440/1440
f 1387/1387 1440/1440 1439/1439
f 1388/1388 1389/1389 1441/1441
f 1388/1388 1441/1441 1440/1440
f 1389/1389 1390/1390 1442/1442
f 1389/1389 1442/1442 1441/1441
f 1390/1390 1391/1391 1443/1443
f 1390/1390 1443/1443 1442/1442
f 1391/1391 1392/1392 1444/1444
f 1391/1391 1444/1444 1443/1443
f 1392/1392 1393/1393 1445/1445
f 1392/1392 1445/1445 1444/1444
f 1393/1393 1394/1394 1446/1446
f 1393/1393 1446/1446 1445/1445
f 1394/1394 1395/1395 1447/1447
f 1394/1394 1447/1447 1446/1446
f 1395/1395 1396/1396 1448/1448
f 1395/1395 1448/1448 1447/1447
f 1396/1396 1397/1397 1449/1449
f 1396/1396 1449/1449 1448/1448
f 1397/1397 1398/1398 1450/1450
f 1397/1397 1450/1450 1449/1449
f 1398/1398 1399/1399 1451/1451
f 1398/1398 1451/1451 1450/1450
f 1399/1399 1400/1400 1452/1452
f 1399/1399 1452/1452 1451/1451
f 1400/1400 1401/1401 1453/1453
f 1400/1400 1453/1453 1452/1452
f 1401/1401 1402/1402 1454/1454
f 1401/1401 1454/1454 1453/1453
f 1402/1402 1403/1403 1455/1455
f 1402/1402 1455/1455 1454/1454
f 1403/1403 1404/1404 1456/1456
f 1403/1403 1456/1456 1455/1455
f 1404/1404 1353/1353 1405/1405
f 1404/1404 1405/1405 1456/1456
f 1405/1405 1406/1406 1458/1458
f 1405/1405 1458/1458 1457/1457
f 1406/1406 1407/1407 1459/1459
f 1406/1406 1459/1459 1458/1458
f 1407/1407 1408/1408 1460/1460
f 1407/1407 1460/1460 1459/1459
f 1408/1408 1409/1409 1461/1461
f 1408/1408 1461/1461 1460/1460
f 1409/1409 1410/1410 1462/1462
f 1409/1409 1462/1462 1461/1461
f 1410/1410 1411/1411 1463/1463
f 1410/1410 1463/1463 1462/1462
f 1411/1411 1412/1412 1464/1464
f 1411/1411 1464/1464 1463/1463
f 1412/1412 1413/1413 1465/1465
f 1412/1412 1465/1465 1464/1464
f 1413/1413 1414/1414 1466/1466
f 1413/1413 1466/1466 1465/1465
f 1414/1414 1415/1415 1467/1467
f 1414/1414 1467/1467 1466/1466
f 1415/1415 1416/1416 1468/1468
f 1415/1415 1468/1468 1467/1467
f 1416/1416 1417/1417 1469/1469
f 1416/1416 1469/1469 1468/1468
f 1417/1417 1418/1418 1470/1470
f 1417/1417 1470/1470 1469/1469
f 1418/1418 1419/1419 1471/1471
f 1418/1418 1471/1471 1470/1470
f 1419/1419 1420/1420 1472/1472
f 1419/1419 1472/1472 1471/1471
f 1420/1420 1421/1421 1473/1473
f 1420/1420 1473/1473 1472/1472
f 1421/1421 1422/1422 1474/1474
f 1421/1421 1474/1474 1473/1473
f 1422/1422 1423/1423 1475/1475
f 1422/1422 1475/1475 1474/1474
f 1423/1423 1424/1424 1476/1476
f 1423/1423 1476/1476 1475/1475
f 1424/1424 1425/1425 1477/1477
f 1424/1424 1477/1477 1476/1476
f 1425/1425 1426/1426 1478/1478
f 1425/1425 1478/1478 1477/1477
f 1426/1426 1427/1427 1479/1479
f 1426/1426 1479/1479 1478/1478
f 1427/1427 1428/1428 1480/1480
f 1427/1427 1480/1480 1479/1479
f 1428/1428 1429/1429 1481/1481
f 1428/1428 1481/1481 1480/1480
f 1429/1429 1430/1430 1482/1482
f 1429/1429 1482/1482 1481/1481
f 1430/1430 1431/1431 1483/1483
f 1430/1430 1483/1483 1482/1482
f 1431/1431 1432/1432 1484/1484
f 1431/1431 1484/1484 1483/1483
f 1432/1432 1433/1433 1485/1485
f 1432/1432 1485/1485 1484/1484
f 1433/1433 1434/1434 1486/1486
f 1433/1433 1486/1486 1485/1485
f 1434/1434 1435/1435 1487/1487
f 1434/1434 1487/1487 1486/1486
f 1435/1435 1436/1436 1488/1488
f 1435/1435 1488/1488 1487/1487
f 1436/1436 1437/1437 1489/1489
f 1436/1436 1489/1489 1488/1488
f 1437/1437 1438/1438 1490/1490
f 1437/1437 1490/1490 1489/1489
f 1438/1438 1439/1439 1491/1491
f 1438/1438 1491/1491 1490/1490
f 1439/1439 1440/1440 1492/1492
f 1439/1439 1492/1492 1491/1491
f 1440/1440 1441/1441 1493/1493
f 1440/1440 1493/1493 1492/1492
f 1441/1441 1442/1442 1494/1494
f 1441/1441 1494/1494 1493/1493
f 1442/1442 1443/1443 1495/1495
f 1442/1442 1495/1495 1494/1494
f 1443/1443 1444/1444 1496/1496
f 1443/1443 1496/1496 1495/1495
f 1444/1444 1445/1445 1497/1497
f 1444/1444 1497/1497 1496/1496
f 1445/1445 1446/1446 1498/1498
f 1445/1445 1498/1498 1497/1497
f 1446/1446 1447/1447 1499/1499
f 1446/1446 1499/1499 1498/1498
f 1447/1447 1448/1448 1500/1500
f 1447/1447 1500/1500 1499/1499
f 1448/1448 1449/1449 1501/1501
f 1448/1448 1501/1501 1500/1500
f 1449/1449 1450/1450 1502/1502
f 1449/1449 1502/1502 1501/1501
f 1450/1450 1451/1451 1503/1503
f 1450/1450 1503/1503 1502/1502
f 1451/1451 1452/1452 1504/1504
f 1451/1451 1504/1504 1503/1503
f 1452/1452 1453/1453 1505/1505
f 1452/1452 1505/1505 1504/1504
f 1453/1453 1454/1454 1506/1506
f 1453/1453 1506/1506 1505/1505
f 1454/1454 1455/1455 1507/1507
f 1454/1454 1507/1507 1506/1506
f 1455/1455 1456/1456 1508/1508
f 1455/1455 1508/1508 1507/1507
f 1456/1456 1405/1405 1457/1457
f 1456/1456 1457/1457 1508/1508
f 1457/1457 1458/1458 1510/1510
f 1457/1457 1510/1510 1509/1509
f 1458/1458 1459/1459 1511/1511
f 1458/1458 1511/1511 1510/1510
f 1459/1459 1460/1460 1512/1512
f 1459/1459 1512/1512 1511/1511
f 1460/1460 1461/1461 1513/1513
f 1460/1460 1513/1513 1512/1512
f 1461/1461 1462/1462 1514/1514
f 1461/1461 1514/1514 1513/1513
f 1462/1462 1463/1463 1515/1515
f 1462/1462 1515/1515 1514/1514
f 1463/1463 1464/1464 1516/1516
f 1463/1463 1516/1516 1515/1515
f 1464/1464 1465/1465 1517/1517
f 1464/1464 1517/1517 1516/1516
f 1465/1465 1466/1466 1518/1518
f 1465/1465 1518/1518 1517/1517
f 1466/1466 1467/1467 1519/1519
f 1466/1466 1519/1519 1518/1518
f 1467/1467 1468/1468 1520/1520
f 1467/1467 1520/1520 1519/1519
f 1468/1468 1469/1469 1521/1521
f 1468/1468 1521/1521 1520/1520
f 1469/1469 1470/1470 1522/1522
f 1469/1469 1522/1522 1521/1521
f 1470/1470 1471/1471 1523/1523
f 1470/1470 1523/1523 1522/1522
f 1471/1471 1472/1472 1524/1524
f 1471/1471 1524/1524 1523/1523
f 1472/1472 1473/1473 1525/1525
f 1472/1472 1525/1525 1524/1524
f 1473/1473 1474/1474 1526/1526
f 1473/1473 1526/1526 1525/1525
f 1474/1474 1475/1475 1527/1527
f 1474/1474 1527/1527 1526/1526
f 1475/1475 1476/1476 1528/1528
f 1475/1475 1528/1528 1527/1527
f 1476/1476 1477/1477 1529/1529
f 1476/1476 1529/1529 1528/1528
f 1477/1477 1478/1478 1530/1530
f 1477/1477 1530/1530 1529/1529
f 1478/1478 1479/1479 1531/1531
f 1478/1478 1531/1531 1530/1530
f 1479/1479 1480/1480 1532/1532
f 1479/1479 1532/1532 1531/1531
f 1480/1480 1481/1481 1533/1533
f 1480/1480 1533/1533 1532/1532
f 1481/1481 1482/1482 1534/1534
f 1481/1481 1534/1534 1533/1533
f 1482/1482 1483/1483 1535/1535
f 1482/1482 1535/1535 1534/1534
f 1483/1483 1484/1484 1536/1536
f 1483/1483 1536/1536 1535/1535
f 1484/1484 1485/1485 1537/1537
f 1484/1484 1537/1537 1536/1536
f 1485/1485 1486/1486 1538/1538
f 1485/1485 1538/1538 1537/1537
f 1486/1486 1487/1487 1539/1539
f 1486/1486 1539/1539 1538/1538
f 1487/1487 1488/1488 1540/1540
f 1487/1487 1540/1540 1539/1539
f 1488/1488 1489/1489 1541/1541
f 1488/1488 1541/1541 1540/1540
f 1489/1489 1490/1490 1542/1542
f 1489/1489 1542/1542 1541/1541
f 1490/1490 1491/1491 1543/1543
f 1490/1490 1543/1543 1542/1542
f 1491/1491 1492/1492 1544/1544
f 1491/1491 1544/1544 1543/1543
f 1492/1492 1493/1493 1545/1545
f 1492/1492 1545/1545 1544/1544
f 1493/1493 1494/1494 1546/1546
f 1493/1493 1546/1546 1545/1545
f 1494/1494 1495/1495 1547/1547
f 1494/1494 1547/1547 1546/1546
f 1495/1495 1496/1496 1548/1548
f 1495/1495 1548/1548 1547/1547
f 1496/1496 1497/1497 1549/1549
f 1496/1496 1549/1549 1548/1548
f 1497/1497 1498/1498 1550/1550
f 1497/1497 1550/1550 1549/1549
f 1498/1498 1499/1499 1551/1551
f 1498/1498 1551/1551 1550/1550
f 1499/1499 1500/1500 1552/1552
f 1499/1499 1552/1552 1551/1551
f 1500/1500 1501/1501 1553/1553
f 1500/1500 1553/1553 1552/1552
f 1501/1501 1502/1502 1554/1554
f 1501/1501 1554/1554 1553/1553
f 1502/1502 1503/1503 1555/1555
f 1502/1502 1555/1555 1554/1554
f 1503/1503 1504/1504 1556/1556
f 1503/1503 1556/1556 1555/1555
f 1504/1504 1505/1505 1557/1557
f 1504/1504 1557/1557 1556/1556
f 1505/1505 1506/1506 1558/1558
f 1505/1505 1558/1558 1557/1557
f 1506/1506 1507/1507 1559/1559
f 1506/1506 1559/1559 1558/1558
f 1507/1507 1508/1508 1560/1560
f 1507/1507 1560/1560 1559/1559
f 1508/1508 1457/1457 1509/1509
f 1508/1508 1509/1509 1560/1560
f 1509/1509 1510/1510 1562/1562
f 1509/1509 1562/1562 1561/1561
f 1510/1510 1511/1511 1563/1563
f 1510/1510 1563/1563 1562/1562
f 1511/1511 1512/1512 1564/1564
f 1511/1511 1564/1564 1563/1563
f 1512/1512 1513/1513 1565/1565
f 1512/1512 1565/1565 1564/1564
f 1513/1513 1514/1514 1566/1566
f 1513/1513 1566/1566 1565/1565
f 1514/1514 1515/1515 1567/1567
f 1514/1514 1567/1567 1566/1566
f 1515/1515 1516/1516 1568/1568
f 1515/1515 1568/1568 1567/1567
f 1516/1516 1517/1517 1569/1569
f 1516/1516 1569/1569 1568/1568
f 1517/1517 1518/1518 1570/1570
f 1517/1517 1570/1570 1569/1569
f 1518/1518 1519/1519 1571/1571
f 1518/1518 1571/1571 1570/1570
f 1519/1519 1520/1520 1572/1572
f 1519/1519 1572/1572 1571/1571
f 1520/1520 1521/1521 1573/1573
f 1520/1520 1573/1573 1572/1572
f 1521/1521 1522/1522 1574/1574
f 1521/1521 1574/1574 1573/1573
f 1522/1522 1523/1523 1575/1575
f 1522/1522 1575/1575 1574/1574
f 1523/1523 1524/1524 1576/1576
f 1523/1523 1576/1576 1575/1575
f 1524/1524 1525/1525 1577/1577
f 1524/1524 1577/1577 1576/1576
f 1525/1525 1526/1526 1578/1578
f 1525/1525 1578/1578 1577/1577
f 1526/1526 1527/1527 1579/1579
f 1526/1526 1579/1579 1578/1578
f 1527/1527 1528/1528 1580/1580
f 1527/1527 1580/1580 1579/1579
f 1528/1528 1529/1529 1581/1581
f 1528/1528 1581/1581 1580/1580
f 1529/1529 1530/1530 1582/1582
f 1529/1529 1582/1582 1581/1581
f 1530/1530 1531/1531 1583/1583
f 1530/1530 1583/1583 1582/1582
f 1531/1531 1532/1532 1584/1584
f 1531/1531 1584/1584 1583/1583
f 1532/1532 1533/1533 1585/1585
f 1532/1532 1585/1585 1584/1584
f 1533/1533 1534/1534 1586/1586
f 1533/1533 1586/1586 1585/1585
f 1534/1534 1535/1535 1587/1587
f 1534/1534 1587/1587 1586/1586
f 1535/1535 1536/1536 1588/1588
f 1535/1535 1588/1588 1587/1587
f 1536/1536 1537/1537 1589/1589
f 1536/1536 1589/1589 1588/1588
f 1537/1537 1538/1538 1590/1590
f 1537/1537 1590/1590 1589/1589
f 1538/1538 1539/1539 1591/1591
f 1538/1538 1591/1591 1590/1590
f 1539/1539 1540/1540 1592/1592
f 1539/1539 1592/1592 1591/1591
f 1540/1540 1541/1541 1593/1593
f 1540/1540 1593/1593 1592/1592
f 1541/1541 1542/1542 1594/1594
f 1541/1541 1594/1594 1593/1593
f 1542/1542 1543/1543 1595/1595
f 1542/1542 1595/1595 1594/1594
f 1543/1543 1544/1544 1596/1596
f 1543/1543 1596/1596 1595/1595
f 1544/1544 1545/1545 1597/1597
f 1544/1544 1597/1597 1596/1596
f 1545/1545 1546/1546 1598/1598
f 1545/1545 1598/1598 1597/1597
f 1546/1546 1547/1547 1599/1599
f 1546/1546 1599/1599 1598/1598
f 1547/1547 1548/1548 1600/1600
f 1547/1547 1600/1600 1599/1599
f 1548/1548 1549/1549 1601/1601
f 1548/1548 1601/1601 1600/1600
f 1549/1549 1550/1550 1602/1602
f 1549/1549 1602/1602 1601/1601
f 1550/1550 1551/1551 1603/1603
f 1550/1550 1603/1603 1602/1602
f 1551/1551 1552/1552 1604/1604
f 1551/1551 1604/1604 1603/1603
f 1552/1552 1553/1553 1605/1605
f 1552/1552 1605/1605 1604/1604
f 1553/1553 1554/1554 1606/1606
f 1553/1553 1606/1606 1605/1605
f 1554/1554 1555/1555 1607/1607
f 1554/1554 1607/1607 1606/1606
f 1555/1555 1556/1556 1608/1608
f 1555/1555 1608/1608 1607/1607
f 1556/1556 1557/1557 1609/1609
f 1556/1556 1609/1609 1608/1608
f 1557/1557 1558/1558 1610/1610
f 1557/1557 1610/1610 1609/1609
f 1558/1558 1559/1559 1611/1611
f 1558/1558 1611/1611 1610/1610
f 1559/1559 1560/1560 1612/1612
f 1559/1559 1612/1612 1611/1611
f 1560/1560 1509/1509 1561/1561
f 1560/1560 1561/1561 1612/1612
f 1561/1561 1562/1562 1614/1614
f 1561/1561 1614/1614 1613/1613
f 1562/1562 1563/1563 1615/1615
f 1562/1562 1615/1615 1614/1614
f 1563/1563 1564/1564 1616/1616
f 1563/1563 1616/1616 1615/1615
f 1564/1564 1565/1565 1617/1617
f 1564/1564 1617/1617 1616/1616
f 1565/1565 1566/1566 1618/1618
f 1565/1565 1618/1618 1617/1617
f 1566/1566 1567/1567 1619/1619
f 1566/1566 1619/1619 1618/1618
f 1567/1567 1568/1568 1620/1620
f 1567/1567 1620/1620 1619/1619
f 1568/1568 1569/1569 1621/1621
f 1568/1568 1621/1621 1620/1620
f 1569/1569 1570/1570 1622/1622
f 1569/1569 1622/1622 1621/1621
f 1570/1570 1571/1571 1623/1623
f 1570/1570 1623/1623 1622/1622
f 1571/1571 1572/1572 1624/1624
f 1571/1571 1624/1624 1623/1623
f 1572/1572 1573/1573 1625/1625
f 1572/1572 1625/1625 1624/1624
f 1573/1573 1574/1574 1626/1626
f 1573/1573 1626/1626 1625/1625
f 1574/1574 1575/1575 1627/1627
f 1574/1574 1627/1627 1626/1626
f 1575/1575 1576/1576 1628/1628
f 1575/1575 1628/1628 1627/1627
f 1576/1576 1577/1577 1629/1629
f 1576/1576 1629/1629 1628/1628
f 1577/1577 1578/1578 1630/1630
f 1577/1577 1630/1630 1629/1629
f 1578/1578 1579/1579 1631/1631
f 1578/1578 1631/1631 1630/1630
f 1579/1579 1580/1580 1632/1632
f 1579/1579 1632/1632 1631/1631
f 1580/1580 1581/1581 1633/1633
f 1580/1580 1633/1633 1632/1632
f 1581/1581 1582/1582 1634/1634
f 1581/1581 1634/1634 1633/1633
f 1582/1582 1583/1583 1635/1635
f 1582/1582 1635/1635 1634/1634
f 1583/1583 1584/1584 1636/1636
f 1583/1583 1636/1636 1635/1635
f 1584/1584 1585/1585 1637/1637
f 1584/1584 1637/1637 1636/1636
f 1585/1585 1586/1586 1638/1638
f 1585/1585 1638/1638 1637/1637
f 1586/1586 1587/1587 1639/1639
f 1586/1586 1639/1639 1638/1638
f 1587/1587 1588/1588 1640/1640
f 1587/1587 1640/1640 1639/1639
f 1588/1588 1589/1589 1641/1641
f 1588/1588 1641/1641 1640/1640
f 1589/1589 1590/1590 1642/1642
f 1589/1589 1642/1642 1641/1641
f 1590/1590 1591/1591 1643/1643
f 1590/1590 1643/1643 1642/1642
f 1591/1591 1592/1592 1644/1644
f 1591/1591 1644/1644 1643/1643
f 1592/1592 1593/1593 1645/1645
f 1592/1592 1645/1645 1644/1644
f 1593/1593 1594/1594 1646/1646
f 1593/1593 1646/1646 1645/1645
f 1594/1594 1595/1595 1647/1647
f 1594/1594 1647/1647 1646/1646
f 1595/1595 1596/1596 1648/1648
f 1595/1595 1648/1648 1647/1647
f 1596/1596 1597/1597 1649/1649
f 1596/1596 1649/1649 1648/1648
f 1597/1597 1598/1598 1650/1650
f 1597/1597 1650/1650 1649/1649
f 1598/1598 1599/1599 1651/1651
f 1598/1598 1651/1651 1650/1650
f 1599/1599 1600/1600 1652/1652
f 1599/1599 1652/1652 1651/1651
f 1600/1600 1601/1601 1653/1653
f 1600/1600 1653/1653 1652/1652
f 1601/1601 1602/1602 1654/1654
f 1601/1601 1654/1654 1653/1653
f 1602/1602 1603/1603 1655/1655
f 1602/1602 1655/1655 1654/1654
f 1603/1603 1604/1604 1656/1656
f 1603/1603 1656/1656 1655/1655
f 1604/1604 1605/1605 1657/1657
f 1604/1604 1657/1657 1656/1656
f 1605/1605 1606/1606 1658/1658
f 1605/1605 1658/1658 1657/1657
f 1606/1606 1607/1607 1659/1659
f 1606/1606 1659/1659 1658/1658
f 1607/1607 1608/1608 1660/1660
f 1607/1607 1660/1660 1659/1659
f 1608/1608 1609/1609 1661/1661
f 1608/1608 1661/1661 1660/1660
f 1609/1609 1610/1610 1662/1662
f 1609/1609 1662/1662 1661/1661
f 1610/1610 1611/1611 1663/1663
f 1610/1610 1663/1663 1662/1662
f 1611/1611 1612/1612 1664/1664
f 1611/1611 1664/1664 1663/1663
f 1612/1612 1561/1561 1613/1613
f 1612/1612 1613/1613 1664/1664
f 1613/1613 1614/1614 1666/1666
f 1613/1613 1666/1666 1665/1665
f 1614/1614 1615/1615 1667/1667
f 1614/1614 1667/1667 1666/1666
f 1615/1615 1616/1616 1668/1668
f 1615/1615 1668/1668 1667/1667
f 1616/1616 1617/1617 1669/1669
f 1616/1616 1669/1669 1668/1668
f 1617/1617 1618/1618 1670/1670
f 1617/1617 1670/1670 1669/1669
f 1618/1618 1619/1619 1671/1671
f 1618/1618 1671/1671 1670/1670
f 1619/1619 1620/1620 1672/1672
f 1619/1619 1672/1672 1671/1671
f 1620/1620 1621/1621 1673/1673
f 1620/1620 1673/1673 1672/1672
f 1621/1621 1622/1622 1674/1674
f 1621/1621 1674/1674 1673/1673
f 1622/1622 1623/1623 1675/1675
f 1622/1622 1675/1675 1674/1674
f 1623/1623 1624/1624 1676/1676
f 1623/1623 1676/1676 1675/1675
f 1624/1624 1625/1625 1677/1677
f 1624/1624 1677/1677 1676/1676
f 1625/1625 1626/1626 1678/1678
f 1625/1625 1678/1678 1677/1677
f 1626/1626 1627/1627 1679/1679
f 1626/1626 1679/1679 1678/1678
f 1627/1627 1628/1628 1680/1680
f 1627/1627 1680/1680 1679/1679
f 1628/1628 1629/1629 1681/1681
f 1628/1628 1681/1681 1680/1680
f 1629/1629 1630/1630 1682/1682
f 1629/1629 1682/1682 1681/1681
f 1630/1630 1631/1631 1683/1683
f 1630/1630 1683/1683 1682/1682
f 1631/1631 1632/1632 1684/1684
f 1631/1631 1684/1684 1683/1683
f 1632/1632 1633/1633 1685/1685
f 1632/1632 1685/1685 1684/1684
f 1633/1633 1634/1634 1686/1686
f 1633/1633 1686/1686 1685/1685
f 1634/1634 1635/1635 1687/1687
f 1634/1634 1687/1687 1686/1686
f 1635/1635 1636/1636 1688/1688
f 1635/1635 1688/1688 1687/1687
f 1636/1636 1637/1637 1689/1689
f 1636/1636 1689/1689 1688/1688
f 1637/1637 1638/1638 1690/1690
f 1637/1637 1690/1690 1689/1689
f 1638/1638 1639/1639 1691/1691
f 1638/1638 1691/1691 1690/1690
f 1639/1639 1640/1640 1692/1692
f 1639/1639 1692/1692 1691/1691
f 1640/1640 1641/1641 1693/1693
f 1640/1640 1693/1693 1692/1692
f 1641/1641 1642/1642 1694/1694
f 1641/1641 1694/1694 1693/1693
f 1642/1642 1643/1643 1695/1695
f 1642/1642 1695/1695 1694/1694
f 1643/1643 1644/1644 1696/1696
f 1643/1643 1696/1696 1695/1695
f 1644/1644 1645/1645 1697/1697
f 1644/1644 1697/1697 1696/1696
f 1645/1645 1646/1646 1698/1698
f 1645/1645 1698/1698 1697/1697
f 1646/1646 1647/1647 1699/1699
f 1646/1646 1699/1699 1698/1698
f 1647/1647 1648/1648 1700/1700
f 1647/1647 1700/1700 1699/1699
f 1648/1648 1649/1649 1701/1701
f 1648/1648 1701/1701 1700/1700
f 1649/1649 1650/1650 1702/1702
f 1649/1649 1702/1702 1701/1701
f 1650/1650 1651/1651 1703/1703
f 1650/1650 1703/1703 1702/1702
f 1651/1651 1652/1652 1704/1704
f 1651/1651 1704/1704 1703/1703
f 1652/1652 1653/1653 1705/1705
f 1652/1652 1705/1705 1704/1704
f 1653/1653 1654/1654 1706/1706
f 1653/1653 1706/1706 1705/1705
f 1654/1654 1655/1655 1707/1707
f 1654/1654 1707/1707 1706/1706
f 1655/1655 1656/1656 1708/1708
f 1655/1655 1708/1708 1707/1707
f 1656/1656 1657/1657 1709/1709
f 1656/1656 1709/1709 1708/1708
f 1657/1657 1658/1658 1710/1710
f 1657/1657 1710/1710 1709/1709
f 1658/1658 1659/1659 1711/1711
f 1658/1658 1711/1711 1710/1710
f 1659/1659 1660/1660 1712/1712
f 1659/1659 1712/1712 1711/1711
f 1660/1660 1661/1661 1713/1713
f 1660/1660 1713/1713 1712/1712
f 1661/1661 1662/1662 1714/1714
f 1661/1661 1714/1714 1713/1713
f 1662/1662 1663/1663 1715/1715
f 1662/1662 1715/1715 1714/1714
f 1663/1663 1664/1664 1716/1716
f 1663/1663 1716/1716 1715/1715
f 1664/1664 1613/1613 1665/1665
f 1664/1664 1665/1665 1716/1716
f 1717/1717 1718/1718 1729/1729
f 1717/1717 1729/1729 1728/1728
f 1718/1718 1719/1719 1730/1730
f 1718/1718 1730/1730 1729/1729
f 1719/1719 1720/1720 1731/1731
f 1719/1719 1731/1731 1730/1730
f 1720/1720 1721/1721 1732/1732
f 1720/1720 1732/1732 1731/1731
f 1721/1721 1722/1722 1733/1733
f 1721/1721 1733/1733 1732/1732
f 1722/1722 1723/1723 1734/1734
f 1722/1722 1734/1734 1733/1733
f 1723/1723 1724/1724 1735/1735
f 1723/1723 1735/1735 1734/1734
f 1724/1724 1725/1725 1736/1736
f 1724/1724 1736/1736 1735/1735
f 1725/1725 1726/1726 1737/1737
f 1725/1725 1737/1737 1736/1736
f 1726/1726 1727/1727 1738/1738
f 1726/1726 1738/1738 1737/1737
f 1727/1727 1717/1717 1728/1728
f 1727/1727 1728/1728 1738/1738
f 1727/1727 1726/1726 1725/1725
f 1727/1727 1725/1725 1724/1724
f 1727/1727 1724/1724 1723/1723
f 1727/1727 1723/1723 1722/1722
f 1727/1727 1722/1722 1721/1721
f 1727/1727 1721/1721 1720/1720
f 1727/1727 1720/1720 1719/1719
f 1727/1727 1719/1719 1718/1718
f 1727/1727 1718/1718 1717/1717
f 1728/1728 1729/1729 1730/1730
f 1728/1728 1730/1730 1731/1731
f 1728/1728 1731/1731 1732/1732
f 1728/1728 1732/1732 1733/1733
f 1728/1728 1733/1733 1734/1734
f 1728/1728 1734/1734 1735/1735
f 1728/1728 1735/1735 1736/1736
f 1728/1728 1736/1736 1737/1737
f 1728/1728 1737/1737 1738/1738
f 1739/1739 1740/1740 1751/1751
f 1739/1739 1751/1751 1750/1750
f 1740/1740 1741/1741 1752/1752
f 1740/1740 1752/1752 1751/1751
f 1741/1741 1742/1742 1753/1753
f 1741/1741 1753/1753 1752/1752
f 1742/1742 1743/1743 1754/1754
f 1742/1742 1754/1754 1753/1753
f 1743/1743 1744/1744 1755/1755
f 1743/1743 1755/1755 1754/1754
f 1744/1744 1745/1745 1756/1756
f 1744/1744 1756/1756 1755/1755
f 1745/1745 1746/1746 1757/1757
f 1745/1745 1757/1757 1756/1756
f 1746/1746 1747/1747 1758/1758
f 1746/1746 1758/1758 1757/1757
f 1747/1747 1748/1748 1759/1759
f 1747/1747 1759/1759 1758/1758
f 1748/1748 1749/1749 1760/1760
f 1748/1748 1760/1760 1759/1759
f 1749/1749 1739/1739 1750/1750
f 1749/1749 1750/1750 1760/1760
f 1749/1749 1748/1748 1747/1747
f 1749/1749 1747/1747 1746/1746
f 1749/1749 1746/1746 1745/1745
f 1749/1749 1745/1745 1744/1744
f 1749/1749 1744/1744 1743/1743
f 1749/1749 1743/1743 1742/1742
f 1749/1749 1742/1742 1741/1741
f 1749/1749 1741/1741 1740/1740
f 1749/1749 1740/1740 1739/1739
f 1750/1750 1751/1751 1752/1752
f 1750/1750 1752/1752 1753/1753
f 1750/1750 1753/1753 1754/1754
f 1750/1750 1754/1754 1755/1755
f 1750/1750 1755/1755 1756/1756
f 1750/1750 1756/1756 1757/1757
f 1750/1750 1757/1757 1758/1758
f 1750/1750 1758/1758 1759/1759
f 1750/1750 1759/1759 1760/1760
f 1761/1761 1762/1762 1773/1773
f 1761/1761 1773/1773 1772/1772
f 1762/1762 1763/1763 1774/1774
f 1762/1762 1774/1774 1773/1773
f 1763/1763 1764/1764 1775/1775
f 1763/1763 1775/1775 1774/1774
f 1764/1764 1765/1765 1776/1776
f 1764/1764 1776/1776 1775/1775
f 1765/1765 1766/1766 1777/1777
f 1765/1765 1777/1777 1776/1776
f 1766/1766 1767/1767 1778/1778
f 1766/1766 1778/1778 1777/1777
f 1767/1767 1768/1768 1779/1779
f 1767/1767 1779/1779 1778/1778
f 1768/1768 1769/1769 1780/1780
f 1768/1768 1780/1780 1779/1779
f 1769/1769 1770/1770 1781/1781
f 1769/1769 1781/1781 1780/1780
f 1770/1770 1771/1771 1782/1782
f 1770/1770 1782/1782 1781/1781
f 1771/1771 1761/1761 1772/1772
f 1771/1771 1772/1772 1782/1782
f 1771/1771 1770/1770 1769/1769
f 1771/1771 1769/1769 1768/1768
f 1771/1771 1768/1768 1767/1767
f 1771/1771 1767/1767 1766/1766
f 1771/1771 1766/1766 1765/1765
f 1771/1771 1765/1765 1764/1764
f 1771/1771 1764/1764 1763/1763
f 1771/1771 1763/1763 1762/1762
f 1771/1771 1762/1762 1761/1761
f 1772/1772 1773/1773 1774/1774
f 1772/1772 1774/1774 1775/1775
f 1772/1772 1775/1775 1776/1776
f 1772/1772 1776/1776 1777/1777
f 1772/1772 1777/1777 1778/1778
f 1772/1772 1778/1778 1779/1779
f 1772/1772 1779/1779 1780/1780
f 1772/1772 1780/1780 1781/1781
f 1772/1772 1781/1781 1782/1782
f 1783/1783 1784/1784 1795/1795
f 1783/1783 1795/1795 1794/1794
f 1784/1784 1785/1785 1796/1796
f 1784/1784 1796/1796 1795/1795
f 1785/1785 1786/1786 1797/1797
f 1785/1785 1797/1797 1796/1796
f 1786/1786 1787/1787 1798/1798
f 1786/1786 1798/1798 1797/1797
f 1787/1787 1788/1788 1799/1799
f 1787/1787 1799/1799 1798/1798
f 1788/1788 1789/1789 1800/1800
f 1788/1788 1800/1800 1799/1799
f 1789/1789 1790/1790 1801/1801
f 1789/1789 1801/1801 1800/1800
f 1790/1790 1791/1791 1802/1802
f 1790/1790 1802/1802 1801/1801
f 1791/1791 1792/1792 1803/1803
f 1791/1791 1803/1803 1802/1802
f 1792/1792 1793/1793 1804/1804
f 1792/1792 1804/1804 1803/1803
f 1793/1793 1783/1783 1794/1794
f 1793/1793 1794/1794 1804/1804
f 1793/1793 1792/1792 1791/1791
f 1793/1793 1791/1791 1790/1790
f 1793/1793 1790/1790 1789/1789
f 1793/1793 1789/1789 1788/1788
f 1793/1793 1788/1788 1787/1787
f 1793/1793 1787/1787 1786/1786
f 1793/1793 1786/1786 1785/1785
f 1793/1793 1785/1785 1784/1784
f 1793/1793 1784/1784 1783/1783
f 1794/1794 1795/1795 1796/1796
f 1794/1794 1796/1796 1797/1797
f 1794/1794 1797/1797 1798/1798
f 1794/1794 1798/1798 1799/1799
f 1794/1794 1799/1799 1800/1800
f 1794/1794 1800/1800 1801/1801
f 1794/1794 1801/1801 1802/1802
f 1794/1794 1802/1802 1803/1803
f 1794/1794 1803/1803 1804/1804
f 1805/1805 1806/1806 1817/1817
f 1805/1805 1817/1817 1816/1816
f 1806/1806 1807/1807 1818/1818
f 1806/1806 1818/1818 1817/1817
f 1807/1807 1808/1808 1819/1819
f 1807/1807 1819/1819 1818/1818
f 1808/1808 1809/1809 1820/1820
f 1808/1808 1820/1820 1819/1819
f 1809/1809 1810/1810 1821/1821
f 1809/1809 1821/1821 1820/1820
f 1810/1810 1811/1811 1822/1822
f 1810/1810 1822/1822 1821/1821
f 1811/1811 1812/1812 1823/1823
f 1811/1811 1823/1823 1822/1822
f 1812/1812 1813/1813 1824/1824
f 1812/1812 1824/1824 1823/1823
f 1813/1813 1814/1814 1825/1825
f 1813/1813 1825/1825 1824/1824
f 1814/1814 1815/1815 1826/1826
f 1814/1814 1826/1826 1825/1825
f 1815/1815 1805/1805 1816/1816
f 1815/1815 1816/1816 1826/1826
f 1815/1815 1814/1814 1813/1813
f 1815/1815 1813/1813 1812/1812
f 1815/1815 1812/1812 1811/1811
f 1815/1815 1811/1811 1810/1810
f 1815/1815 1810/1810 1809/1809
f 1815/1815 1809/1809 1808/1808
f 1815/1815 1808/1808 1807/1807
f 1815/1815 1807/1807 1806/1806
f 1815/1815 1806/1806 1805/1805
f 1816/1816 1817/1817 1818/1818
f 1816/1816 1818/1818 1819/1819
f 1816/1816 1819/1819 1820/1820
f 1816/1816 1820/1820 1821/1821
f 1816/1816 1821/1821 1822/1822
f 1816/1816 1822/1822 1823/1823
f 1816/1816 1823/1823 1824/1824
f 1816/1816 1824/1824 1825/1825
f 1816/1816 1825/1825 1826/1826
f 1827/1827 1828/1828 1839/1839
f 1827/1827 1839/1839 1838/1838
f 1828/1828 1829/1829 1840/1840
f 1828/1828 1840/1840 1839/1839
f 1829/1829 1830/1830 1841/1841
f 1829/1829 1841/1841 1840/1840
f 1830/1830 1831/1831 1842/1842
f 1830/1830 1842/1842 1841/1841
f 1831/1831 1832/1832 1843/1843
f 1831/1831 1843/1843 1842/1842
f 1832/1832 1833/1833 1844/1844
f 1832/1832 1844/1844 1843/1843
f 1833/1833 1834/1834 1845/1845
f 1833/1833 1845/1845 1844/1844
f 1834/1834 1835/1835 1846/1846
f 1834/1834 1846/1846 1845/1845
f 1835/1835 1836/1836 1847/1847
f 1835/1835 1847/1847 1846/1846
f 1836/1836 1837/1837 1848/1848
f 1836/1836 1848/1848 1847/1847
f 1837/1837 1827/1827 1838/1838
f 1837/1837 1838/1838 1848/1848
f 1837/1837 1836/1836 1835/1835
f 1837/1837 1835/1835 1834/1834
f 1837/1837 1834/1834 1833/1833
f 1837/1837 1833/1833 1832/1832
f 1837/1837 1832/1832 1831/1831
f 1837/1837 1831/1831 1830/1830
f 1837/1837 1830/1830 1829/1829
f 1837/1837 1829/1829 1828/1828
f 1837/1837 1828/1828 1827/1827
f 1838/1838 1839/1839 1840/1840
f 1838/1838 1840/1840 1841/1841
f 1838/1838 1841/1841 1842/1842
f 1838/1838 1842/1842 1843/1843
f 1838/1838 1843/1843 1844/1844
f 1838/1838 1844/1844 1845/1845
f 1838/1838 1845/1845 1846/1846
f 1838/1838 1846/1846 1847/1847
f 1838/1838 1847/1847 1848/1848
f 1849/1849 1850/1850 1861/1861
f 1849/1849 1861/1861 1860/1860
f 1850/1850 1851/1851 1862/1862
f 1850/1850 1862/1862 1861/1861
f 1851/1851 1852/1852 1863/1863
f 1851/1851 1863/1863 1862/1862
f 1852/1852 1853/1853 1864/1864
f 1852/1852 1864/1864 1863/1863
f 1853/1853 1854/1854 1865/1865
f 1853/1853 1865/1865 1864/1864
f 1854/1854 1855/1855 1866/1866
f 1854/1854 1866/1866 1865/1865
f 1855/1855 1856/1856 1867/1867
f 1855/1855 1867/1867 1866/1866
f 1856/1856 1857/1857 1868/1868
f 1856/1856 1868/1868 1867/1867
f 1857/1857 1858/1858 1869/1869
f 1857/1857 1869/1869 1868/1868
f 1858/1858 1859/1859 1870/1870
f 1858/1858 1870/1870 1869/1869
f 1859/1859 1849/1849 1860/1860
f 1859/1859 1860/1860 1870/1870
f 1859/1859 1858/1858 1857/1857
f 1859/1859 1857/1857 1856/1856
f 1859/1859 1856/1856 1855/1855
f 1859/1859 1855/1855 1854/1854
f 1859/1859 1854/1854 1853/1853
f 1859/1859 1853/1853 1852/1852
f 1859/1859 1852/1852 1851/1851
f 1859/1859 1851/1851 1850/1850
f 1859/1859 1850/1850 1849/1849
f 1860/1860 1861/1861 1862/1862
f 1860/1860 1862/1862 1863/1863
f 1860/1860 1863/1863 1864/1864
f 1860/1860 1864/1864 1865/1865
f 1860/1860 1865/1865 1866/1866
f 1860/1860 1866/1866 1867/1867
f 1860/1860 1867/1867 1868/1868
f 1860/1860 1868/1868 1869/1869
f 1860/1860 1869/1869 1870/1870
f 1871/1871 1872/1872 1883/1883
f 1871/1871 1883/1883 1882/1882
f 1872/1872 1873/1873 1884/1884
f 1872/1872 1884/1884 1883/1883
f 1873/1873 1874/1874 1885/1885
f 1873/1873 1885/1885 1884/1884
f 1874/1874 1875/1875 1886/1886
f 1874/1874 1886/1886 1885/1885
f 1875/1875 1876/1876 1887/1887
f 1875/1875 1887/1887 1886/1886
f 1876/1876 1877/1877 1888/1888
f 1876/1876 1888/1888 1887/1887
f 1877/1877 1878/1878 1889/1889
f 1877/1877 1889/1889 1888/1888
f 1878/1878 1879/1879 1890/1890
f 1878/1878 1890/1890 1889/1889
f 1879/1879 1880/1880 1891/1891
f 1879/1879 1891/1891 1890/1890
f 1880/1880 1881/1881 1892/1892
f 1880/1880 1892/1892 1891/1891
f 1881/1881 1871/1871 1882/1882
f 1881/1881 1882/1882 1892/1892
f 1881/1881 1880/1880 1879/1879
f 1881/1881 1879/1879 1878/1878
f 1881/1881 1878/1878 1877/1877
f 1881/1881 1877/1877 1876/1876
f 1881/1881 1876/1876 1875/1875
f 1881/1881 1875/1875 1874/1874
f 1881/1881 1874/1874 1873/1873
f 1881/1881 1873/1873 1872/1872
f 1881/1881 1872/1872 1871/1871
f 1882/1882 1883/1883 1884/1884
f 1882/1882 1884/1884 1885/1885
f 1882/1882 1885/1885 1886/1886
f 1882/1882 1886/1886 1887/1887
f 1882/1882 1887/1887 1888/1888
f 1882/1882 1888/1888 1889/1889
f 1882/1882 1889/1889 1890/1890
f 1882/1882 1890/1890 1891/1891
f 1882/1882 1891/1891 1892/1892
f 1893/1893 1894/1894 1905/1905
f 1893/1893 1905/1905 1904/1904
f 1894/1894 1895/1895 1906/1906
f 1894/1894 1906/1906 1905/1905
f 1895/1895 1896/1896 1907/1907
f 1895/1895 1907/1907 1906/1906
f 1896/1896 1897/1897 1908/1908
f 1896/1896 1908/1908 1907/1907
f 1897/1897 1898/1898 1909/1909
f 1897/1897 1909/1909 1908/1908
f 1898/1898 1899/1899 1910/1910
f 1898/1898 1910/1910 1909/1909
f 1899/1899 1900/1900 1911/1911
f 1899/1899 1911/1911 1910/1910
f 1900/1900 1901/1901 1912/1912
f 1900/1900 1912/1912 1911/1911
f 1901/1901 1902/1902 1913/1913
f 1901/1901 1913/1913 1912/1912
f 1902/1902 1903/1903 1914/1914
f 1902/1902 1914/1914 1913/1913
f 1903/1903 1893/1893 1904/1904
f 1903/1903 1904/1904 1914/1914
f 1903/1903 1902/1902 1901/1901
f 1903/1903 1901/1901 1900/1900
f 1903/1903 1900/1900 1899/1899
f 1903/1903 1899/1899 1898/1898
f 1903/1903 1898/1898 1897/1897
f 1903/1903 1897/1897 1896/1896
f 1903/1903 1896/1896 1895/1895
f 1903/1903 1895/1895 1894/1894
f 1903/1903 1894/1894 1893/1893
f 1904/1904 1905/1905 1906/1906
f 1904/1904 1906/1906 1907/1907
f 1904/1904 1907/1907 1908/1908
f 1904/1904 1908/1908 1909/1909
f 1904/1904 1909/1909 1910/1910
f 1904/1904 1910/1910 1911/1911
f 1904/1904 1911/1911 1912/1912
f 1904/1904 1912/1912 1913/1913
f 1904/1904 1913/1913 1914/1914
f 1915/1915 1916/1916 1927/1927
f 1915/1915 1927/1927 1926/1926
f 1916/1916 1917/1917 1928/1928
f 1916/1916 1928/1928 1927/1927
f 1917/1917 1918/1918 1929/1929
f 1917/1917 1929/1929 1928/1928
f 1918/1918 1919/1919 1930/1930
f 1918/1918 1930/1930 1929/1929
f 1919/1919 1920/1920 1931/1931
f 1919/1919 1931/1931 1930/1930
f 1920/1920 1921/1921 1932/1932
f 1920/1920 1932/1932 1931/1931
f 1921/1921 1922/1922 1933/1933
f 1921/1921 1933/1933 1932/1932
f 1922/1922 1923/1923 1934/1934
f 1922/1922 1934/1934 1933/1933
f 1923/1923 1924/1924 1935/1935
f 1923/1923 1935/1935 1934/1934
f 1924/1924 1925/1925 1936/1936
f 1924/1924 1936/1936 1935/1935
f 1925/1925 1915/1915 1926/1926
f 1925/1925 1926/1926 1936/1936
f 1925/1925 1924/1924 1923/1923
f 1925/1925 1923/1923 1922/1922
f 1925/1925 1922/1922 1921/1921
f 1925/1925 1921/1921 1920/1920
f 1925/1925 1920/1920 1919/1919
f 1925/1925 1919/1919 1918/1918
f 1925/1925 1918/1918 1917/1917
f 1925/1925 1917/1917 1916/1916
f 1925/1925 1916/1916 1915/1915
f 1926/1926 1927/1927 1928/1928
f 1926/1926 1928/1928 1929/1929
f 1926/1926 1929/1929 1930/1930
f 1926/1926 1930/1930 1931/1931
f 1926/1926 1931/1931 1932/1932
f 1926/1926 1932/1932 1933/1933
f 1926/1926 1933/1933 1934/1934
f 1926/1926 1934/1934 1935/1935
f 1926/1926 1935/1935 1936/1936
f 1937/1937 1938/1938 1949/1949
f 1937/1937 1949/1949 1948/1948
f 1938/1938 1939/1939 1950/1950
f 1938/1938 1950/1950 1949/1949
f 1939/1939 1940/1940 1951/1951
f 1939/1939 1951/1951 1950/1950
f 1940/1940 1941/1941 1952/1952
f 1940/1940 1952/1952 1951/1951
f 1941/1941 1942/1942 1953/1953
f 1941/1941 1953/1953 1952/1952
f 1942/1942 1943/1943 1954/1954
f 1942/1942 1954/1954 1953/1953
f 1943/1943 1944/1944 1955/1955
f 1943/1943 1955/1955 1954/1954
f 1944/1944 1945/1945 1956/1956
f 1944/1944 1956/1956 1955/1955
f 1945/1945 1946/1946 1957/1957
f 1945/1945 1957/1957 1956/1956
f 1946/1946 1947/1947 1958/1958
f 1946/1946 1958/1958 1957/1957
f 1947/1947 1937/1937 1948/1948
f 1947/1947 1948/1948 1958/1958
f 1947/1947 1946/1946 1945/1945
f 1947/1947 1945/1945 1944/1944
f 1947/1947 1944/1944 1943/1943
f 1947/1947 1943/1943 1942/1942
f 1947/1947 1942/1942 1941/1941
f 1947/1947 1941/1941 1940/1940
f 1947/1947 1940/1940 1939/1939
f 1947/1947 1939/1939 1938/1938
f 1947/1947 1938/1938 1937/1937
f 1948/1948 1949/1949 1950/1950
f 1948/1948 1950/1950 1951/1951
f 1948/1948 1951/1951 1952/1952
f 1948/1948 1952/1952 1953/1953
f 1948/1948 1953/1953 1954/1954
f 1948/1948 1954/1954 1955/1955
f 1948/1948 1955/1955 1956/1956
f 1948/1948 1956/1956 1957/1957
f 1948/1948 1957/1957 1958/1958
f 1959/1959 1960/1960 1969/1969
f 1959/1959 1969/1969 1968/1968
f 1960/1960 1961/1961 1970/1970
f 1960/1960 1970/1970 1969/1969
f 1961/1961 1962/1962 1971/1971
f 1961/1961 1971/1971 1970/1970
f 1962/1962 1963/1963 1972/1972
f 1962/1962 1972/1972 1971/1971
f 1963/1963 1964/1964 1973/1973
f 1963/1963 1973/1973 1972/1972
f 1964/1964 1965/1965 1974/1974
f 1964/1964 1974/1974 1973/1973
f 1965/1965 1966/1966 1975/1975
f 1965/1965 1975/1975 1974/1974
f 1966/1966 1967/1967 1976/1976
f 1966/1966 1976/1976 1975/1975
f 1967/1967 1959/1959 1968/1968
f 1967/1967 1968/1968 1976/1976
f 1967/1967 1966/1966 1965/1965
f 1967/1967 1965/1965 1964/1964
f 1967/1967 1964/1964 1963/1963
f 1967/1967 1963/1963 1962/1962
f 1967/1967 1962/1962 1961/1961
f 1967/1967 1961/1961 1960/1960
f 1967/1967 1960/1960 1959/1959
f 1968/1968 1969/1969 1970/1970
f 1968/1968 1970/1970 1971/1971
f 1968/1968 1971/1971 1972/1972
f 1968/1968 1972/1972 1973/1973
f 1968/1968 1973/1973 1974/1974
f 1968/1968 1974/1974 1975/1975
f 1968/1968 1975/1975 1976/1976
f 1977/1977 1978/1978 1987/1987
f 1977/1977 1987/1987 1986/1986
f 1978/1978 1979/1979 1988/1988
f 1978/1978 1988/1988 1987/1987
f 1979/1979 1980/1980 1989/1989
f 1979/1979 1989/1989 1988/1988
f 1980/1980 1981/1981 1990/1990
f 1980/1980 1990/1990 1989/1989
f 1981/1981 1982/1982 1991/1991
f 1981/1981 1991/1991 1990/1990
f 1982/1982 1983/1983 1992/1992
f 1982/1982 1992/1992 1991/1991
f 1983/1983 1984/1984 1993/1993
f 1983/1983 1993/1993 1992/1992
f 1984/1984 1985/1985 1994/1994
f 1984/1984 1994/1994 1993/1993
f 1985/1985 1977/1977 1986/1986
f 1985/1985 1986/1986 1994/1994
f 1985/1985 1984/1984 1983/1983
f 1985/1985 1983/1983 1982/1982
f 1985/1985 1982/1982 1981/1981
f 1985/1985 1981/1981 1980/1980
f 1985/1985 1980/1980 1979/1979
f 1985/1985 1979/1979 1978/1978
f 1985/1985 1978/1978 1977/1977
f 1986/1986 1987/1987 1988/1988
f 1986/1986 1988/1988 1989/1989
f 1986/1986 1989/1989 1990/1990
f 1986/1986 1990/1990 1991/1991
f 1986/1986 1991/1991 1992/1992
f 1986/1986 1992/1992 1993/1993
f 1986/1986 1993/1993 1994/1994
f 1995/1995 1996/1996 2005/2005
f 1995/1995 2005/2005 2004/2004
f 1996/1996 1997/1997 2006/2006
f 1996/1996 2006/2006 2005/2005
f 1997/1997 1998/1998 2007/2007
f 1997/1997 2007/2007 2006/2006
f 1998/1998 1999/1999 2008/2008
f 1998/1998 2008/2008 2007/2007
f 1999/1999 2000/2000 2009/2009
f 1999/1999 2009/2009 2008/2008
f 2000/2000 2001/2001 2010/2010
f 2000/2000 2010/2010 2009/2009
f 2001/2001 2002/2002 2011/2011
f 2001/2001 2011/2011 2010/2010
f 2002/2002 2003/2003 2012/2012
f 2002/2002 2012/2012 2011/2011
f 2003/2003 1995/1995 2004/2004
f 2003/2003 2004/2004 2012/2012
f 2003/2003 2002/2002 2001/2001
f 2003/2003 2001/2001 2000/2000
f 2003/2003 2000/2000 1999/1999
f 2003/2003 1999/1999 1998/1998
f 2003/2003 1998/1998 1997/1997
f 2003/2003 1997/1997 1996/1996
f 2003/2003 1996/1996 1995/1995
f 2004/2004 2005/2005 2006/2006
f 2004/2004 2006/2006 2007/2007
f 2004/2004 2007/2007 2008/2008
f 2004/2004 2008/2008 2009/2009
f 2004/2004 2009/2009 2010/2010
f 2004/2004 2010/2010 2011/2011
f 2004/2004 2011/2011 2012/2012
f 2013/2013 2014/2014 2023/2023
f 2013/2013 2023/2023 2022/2022
f 2014/2014 2015/2015 2024/2024
f 2014/2014 2024/2024 2023/2023
f 2015/2015 2016/2016 2025/2025
f 2015/2015 2025/2025 2024/2024
f 2016/2016 2017/2017 2026/2026
f 2016/2016 2026/2026 2025/2025
f 2017/2017 2018/2018 2027/2027
f 2017/2017 2027/2027 2026/2026
f 2018/2018 2019/2019 2028/2028
f 2018/2018 2028/2028 2027/2027
f 2019/2019 2020/2020 2029/2029
f 2019/2019 2029/2029 2028/2028
f 2020/2020 2021/2021 2030/2030
f 2020/2020 2030/2030 2029/2029
f 2021/2021 2013/2013 2022/2022
f 2021/2021 2022/2022 2030/2030
f 2021/2021 2020/2020 2019/2019
f 2021/2021 2019/2019 2018/2018
f 2021/2021 2018/2018 2017/2017
f 2021/2021 2017/2017 2016/2016
f 2021/2021 2016/2016 2015/2015
f 2021/2021 2015/2015 2014/2014
f 2021/2021 2014/2014 2013/2013
f 2022/2022 2023/2023 2024/2024
f 2022/2022 2024/2024 2025/2025
f 2022/2022 2025/2025 2026/2026
f 2022/2022 2026/2026 2027/2027
f 2022/2022 2027/2027 2028/2028
f 2022/2022 2028/2028 2029/2029
f 2022/2022 2029/2029 2030/2030
f 2031/2031 2032/2032 2041/2041
f 2031/2031 2041/2041 2040/2040
f 2032/2032 2033/2033 2042/2042
f 2032/2032 2042/2042 2041/2041
f 2033/2033 2034/2034 2043/2043
f 2033/2033 2043/2043 2042/2042
f 2034/2034 2035/2035 2044/2044
f 2034/2034 2044/2044 2043/2043
f 2035/2035 2036/2036 2045/2045
f 2035/2035 2045/2045 2044/2044
f 2036/2036 2037/2037 2046/2046
f 2036/2036 2046/2046 2045/2045
f 2037/2037 2038/2038 2047/2047
f 2037/2037 2047/2047 2046/2046
f 2038/2038 2039/2039 2048/2048
f 2038/2038 2048/2048 2047/2047
f 2039/2039 2031/2031 2040/2040
f 2039/2039 2040/2040 2048/2048
f 2039/2039 2038/2038 2037/2037
f 2039/2039 2037/2037 2036/2036
f 2039/2039 2036/2036 2035/2035
f 2039/2039 2035/2035 2034/2034
f 2039/2039 2034/2034 2033/2033
f 2039/2039 2033/2033 2032/2032
f 2039/2039 2032/2032 2031/2031
f 2040/2040 2041/2041 2042/2042
f 2040/2040 2042/2042 2043/2043
f 2040/2040 2043/2043 2044/2044
f 2040/2040 2044/2044 2045/2045
f 2040/2040 2045/2045 2046/2046
f 2040/2040 2046/2046 2047/2047
f 2040/2040 2047/2047 2048/2048
f 2049/2049 2050/2050 2059/2059
f 2049/2049 2059/2059 2058/2058
f 2050/2050 2051/2051 2060/2060
f 2050/2050 2060/2060 2059/2059
f 2051/2051 2052/2052 2061/2061
f 2051/2051 2061/2061 2060/2060
f 2052/2052 2053/2053 2062/2062
f 2052/2052 2062/2062 2061/2061
f 2053/2053 2054/2054 2063/2063
f 2053/2053 2063/2063 2062/2062
f 2054/2054 2055/2055 2064/2064
f 2054/2054 2064/2064 2063/2063
f 2055/2055 2056/2056 2065/2065
f 2055/2055 2065/2065 2064/2064
f 2056/2056 2057/2057 2066/2066
f 2056/2056 2066/2066 2065/2065
f 2057/2057 2049/2049 2058/2058
f 2057/2057 2058/2058 2066/2066
f 2057/2057 2056/2056 2055/2055
f 2057/2057 2055/2055 2054/2054
f 2057/2057 2054/2054 2053/2053
f 2057/2057 2053/2053 2052/2052
f 2057/2057 2052/2052 2051/2051
f 2057/2057 2051/2051 2050/2050
f 2057/2057 2050/2050 2049/2049
f 2058/2058 2059/2059 2060/2060
f 2058/2058 2060/2060 2061/2061
f 2058/2058 2061/2061 2062/2062
f 2058/2058 2062/2062 2063/2063
f 2058/2058 2063/2063 2064/2064
f 2058/2058 2064/2064 2065/2065
f 2058/2058 2065/2065 2066/2066
f 2067/2067 2068/2068 2077/2077
f 2067/2067 2077/2077 2076/2076
f 2068/2068 2069/2069 2078/2078
f 2068/2068 2078/2078 2077/2077
f 2069/2069 2070/2070 2079/2079
f 2069/2069 2079/2079 2078/2078
f 2070/2070 2071/2071 2080/2080
f 2070/2070 2080/2080 2079/2079
f 2071/2071 2072/2072 2081/2081
f 2071/2071 2081/2081 2080/2080
f 2072/2072 2073/2073 2082/2082
f 2072/2072 2082/2082 2081/2081
f 2073/2073 2074/2074 2083/2083
f 2073/2073 2083/2083 2082/2082
f 2074/2074 2075/2075 2084/2084
f 2074/2074 2084/2084 2083/2083
f 2075/2075 2067/2067 2076/2076
f 2075/2075 2076/2076 2084/2084
f 2075/2075 2074/2074 2073/2073
f 2075/2075 2073/2073 2072/2072
f 2075/2075 2072/2072 2071/2071
f 2075/2075 2071/2071 2070/2070
f 2075/2075 2070/2070 2069/2069
f 2075/2075 2069/2069 2068/2068
f 2075/2075 2068/2068 2067/2067
f 2076/2076 2077/2077 2078/2078
f 2076/2076 2078/2078 2079/2079
f 2076/2076 2079/2079 2080/2080
f 2076/2076 2080/2080 2081/2081
f 2076/2076 2081/2081 2082/2082
f 2076/2076 2082/2082 2083/2083
f 2076/2076 2083/2083 2084/2084
f 2085/2085 2086/2086 2095/2095
f 2085/2085 2095/2095 2094/2094
f 2086/2086 2087/2087 2096/2096
f 2086/2086 2096/2096 2095/2095
f 2087/2087 2088/2088 2097/2097
f 2087/2087 2097/2097 2096/2096
f 2088/2088 2089/2089 2098/2098
f 2088/2088 2098/2098 2097/2097
f 2089/2089 2090/2090 2099/2099
f 2089/2089 2099/2099 2098/2098
f 2090/2090 2091/2091 2100/2100
f 2090/2090 2100/2100 2099/2099
f 2091/2091 2092/2092 2101/2101
f 2091/2091 2101/2101 2100/2100
f 2092/2092 2093/2093 2102/2102
f 2092/2092 2102/2102 2101/2101
f 2093/2093 2085/2085 2094/2094
f 2093/2093 2094/2094 2102/2102
f 2093/2093 2092/2092 2091/2091
f 2093/2093 2091/2091 2090/2090
f 2093/2093 2090/2090 2089/2089
f 2093/2093 2089/2089 2088/2088
f 2093/2093 2088/2088 2087/2087
f 2093/2093 2087/2087 2086/2086
f 2093/2093 2086/2086 2085/2085
f 2094/2094 2095/2095 2096/2096
f 2094/2094 2096/2096 2097/2097
f 2094/2094 2097/2097 2098/2098
f 2094/2094 2098/2098 2099/2099
f 2094/2094 2099/2099 2100/2100
f 2094/2094 2100/2100 2101/2101
f 2094/2094 2101/2101 2102/2102
f 2103/2103 2104/2104 2113/2113
f 2103/2103 2113/2113 2112/2112
f 2104/2104 2105/2105 2114/2114
f 2104/2104 2114/2114 2113/2113
f 2105/2105 2106/2106 2115/2115
f 2105/2105 2115/2115 2114/2114
f 2106/2106 2107/2107 2116/2116
f 2106/2106 2116/2116 2115/2115
f 2107/2107 2108/2108 2117/2117
f 2107/2107 2117/2117 2116/2116
f 2108/2108 2109/2109 2118/2118
f 2108/2108 2118/2118 2117/2117
f 2109/2109 2110/2110 2119/2119
f 2109/2109 2119/2119 2118/2118
f 2110/2110 2111/2111 2120/2120
f 2110/2110 2120/2120 2119/2119
f 2111/2111 2103/2103 2112/2112
f 2111/2111 2112/2112 2120/2120
f 2111/2111 2110/2110 2109/2109
f 2111/2111 2109/2109 2108/2108
f 2111/2111 2108/2108 2107/2107
f 2111/2111 2107/2107 2106/2106
f 2111/2111 2106/2106 2105/2105
f 2111/2111 2105/2105 2104/2104
f 2111/2111 2104/2104 2103/2103
f 2112/2112 2113/2113 2114/2114
f 2112/2112 2114/2114 2115/2115
f 2112/2112 2115/2115 2116/2116
f 2112/2112 2116/2116 2117/2117
f 2112/2112 2117/2117 2118/2118
f 2112/2112 2118/2118 2119/2119
f 2112/2112 2119/2119 2120/2120
f 2121/2121 2122/2122 2131/2131
f 2121/2121 2131/2131 2130/2130
f 2122/2122 2123/2123 2132/2132
f 2122/2122 2132/2132 2131/2131
f 2123/2123 2124/2124 2133/2133
f 2123/2123 2133/2133 2132/2132
f 2124/2124 2125/2125 2134/2134
f 2124/2124 2134/2134 2133/2133
f 2125/2125 2126/2126 2135/2135
f 2125/2125 2135/2135 2134/2134
f 2126/2126 2127/2127 2136/2136
f 2126/2126 2136/2136 2135/2135
f 2127/2127 2128/2128 2137/2137
f 2127/2127 2137/2137 2136/2136
f 2128/2128 2129/2129 2138/2138
f 2128/2128 2138/2138 2137/2137
f 2129/2129 2121/2121 2130/2130
f 2129/2129 2130/2130 2138/2138
f 2129/2129 2128/2128 2127/2127
f 2129/2129 2127/2127 2126/2126
f 2129/2129 2126/2126 2125/2125
f 2129/2129 2125/2125 2124/2124
f 2129/2129 2124/2124 2123/2123
f 2129/2129 2123/2123 2122/2122
f 2129/2129 2122/2122 2121/2121
f 2130/2130 2131/2131 2132/2132
f 2130/2130 2132/2132 2133/2133
f 2130/2130 2133/2133 2134/2134
f 2130/2130 2134/2134 2135/2135
f 2130/2130 2135/2135 2136/2136
f 2130/2130 2136/2136 2137/2137
f 2130/2130 2137/2137 2138/2138
f 2139/2139 2140/2140 2149/2149
f 2139/2139 2149/2149 2148/2148
f 2140/2140 2141/2141 2150/2150
f 2140/2140 2150/2150 2149/2149
f 2141/2141 2142/2142 2151/2151
f 2141/2141 2151/2151 2150/2150
f 2142/2142 2143/2143 2152/2152
f 2142/2142 2152/2152 2151/2151
f 2143/2143 2144/2144 2153/2153
f 2143/2143 2153/2153 2152/2152
f 2144/2144 2145/2145 2154/2154
f 2144/2144 2154/2154 2153/2153
f 2145/2145 2146/2146 2155/2155
f 2145/2145 2155/2155 2154/2154
f 2146/2146 2147/2147 2156/2156
f 2146/2146 2156/2156 2155/2155
f 2147/2147 2139/2139 2148/2148
f 2147/2147 2148/2148 2156/2156
f 2147/2147 2146/2146 2145/2145
f 2147/2147 2145/2145 2144/2144
f 2147/2147 2144/2144 2143/2143
f 2147/2147 2143/2143 2142/2142
f 2147/2147 2142/2142 2141/2141
f 2147/2147 2141/2141 2140/2140
f 2147/2147 2140/2140 2139/2139
f 2148/2148 2149/2149 2150/2150
f 2148/2148 2150/2150 2151/2151
f 2148/2148 2151/2151 2152/2152
f 2148/2148 2152/2152 2153/2153
f 2148/2148 2153/2153 2154/2154
f 2148/2148 2154/2154 2155/2155
f 2148/2148 2155/2155 2156/2156
f 2157/2157 2158/2158 2167/2167
f 2157/2157 2167/2167 2166/2166
f 2158/2158 2159/2159 2168/2168
f 2158/2158 2168/2168 2167/2167
f 2159/2159 2160/2160 2169/2169
f 2159/2159 2169/2169 2168/2168
f 2160/2160 2161/2161 2170/2170
f 2160/2160 2170/2170 2169/2169
f 2161/2161 2162/2162 2171/2171
f 2161/2161 2171/2171 2170/2170
f 2162/2162 2163/2163 2172/2172
f 2162/2162 2172/2172 2171/2171
f 2163/2163 2164/2164 2173/2173
f 2163/2163 2173/2173 2172/2172
f 2164/2164 2165/2165 2174/2174
f 2164/2164 2174/2174 2173/2173
f 2165/2165 2157/2157 2166/2166
f 2165/2165 2166/2166 2174/2174
f 2165/2165 2164/2164 2163/2163
f 2165/2165 2163/2163 2162/2162
f 2165/2165 2162/2162 2161/2161
f 2165/2165 2161/2161 2160/2160
f 2165/2165 2160/2160 2159/2159
f 2165/2165 2159/2159 2158/2158
f 2165/2165 2158/2158 2157/2157
f 2166/2166 2167/2167 2168/2168
f 2166/2166 2168/2168 2169/2169
f 2166/2166 2169/2169 2170/2170
f 2166/2166 2170/2170 2171/2171
f 2166/2166 2171/2171 2172/2172
f 2166/2166 2172/2172 2173/2173
f 2166/2166 2173/2173 2174/2174
f 2175/2175 2176/2176 2185/2185
f 2175/2175 2185/2185 2184/2184
f 2176/2176 2177/2177 2186/2186
f 2176/2176 2186/2186 2185/2185
f 2177/2177 2178/2178 2187/2187
f 2177/2177 2187/2187 2186/2186
f 2178/2178 2179/2179 2188/2188
f 2178/2178 2188/2188 2187/2187
f 2179/2179 2180/2180 2189/2189
f 2179/2179 2189/2189 2188/2188
f 2180/2180 2181/2181 2190/2190
f 2180/2180 2190/2190 2189/2189
f 2181/2181 2182/2182 2191/2191
f 2181/2181 2191/2191 2190/2190
f 2182/2182 2183/2183 2192/2192
f 2182/2182 2192/2192 2191/2191
f 2183/2183 2175/2175 2184/2184
f 2183/2183 2184/2184 2192/2192
f 2183/2183 2182/2182 2181/2181
f 2183/2183 2181/2181 2180/2180
f 2183/2183 2180/2180 2179/2179
f 2183/2183 2179/2179 2178/2178
f 2183/2183 2178/2178 2177/2177
f 2183/2183 2177/2177 2176/2176
f 2183/2183 2176/2176 2175/2175
f 2184/2184 2185/2185 2186/2186
f 2184/2184 2186/2186 2187/2187
f 2184/2184 2187/2187 2188/2188
f 2184/2184 2188/2188 2189/2189
f 2184/2184 2189/2189 2190/2190
f 2184/2184 2190/2190 2191/2191
f 2184/2184 2191/2191 2192/2192
f 2193/2193 2194/2194 2203/2203
f 2193/2193 2203/2203 2202/2202
f 2194/2194 2195/2195 2204/2204
f 2194/2194 2204/2204 2203/2203
f 2195/2195 2196/2196 2205/2205
f 2195/2195 2205/2205 2204/2204
f 2196/2196 2197/2197 2206/2206
f 2196/2196 2206/2206 2205/2205
f 2197/2197 2198/2198 2207/2207
f 2197/2197 2207/2207 2206/2206
f 2198/2198 2199/2199 2208/2208
f 2198/2198 2208/2208 2207/2207
f 2199/2199 2200/2200 2209/2209
f 2199/2199 2209/2209 2208/2208
f 2200/2200 2201/2201 2210/2210
f 2200/2200 2210/2210 2209/2209
f 2201/2201 2193/2193 2202/2202
f 2201/2201 2202/2202 2210/2210
f 2201/2201 2200/2200 2199/2199
f 2201/2201 2199/2199 2198/2198
f 2201/2201 2198/2198 2197/2197
f 2201/2201 2197/2197 2196/2196
f 2201/2201 2196/2196 2195/2195
f 2201/2201 2195/2195 2194/2194
f 2201/2201 2194/2194 2193/2193
f 2202/2202 2203/2203 2204/2204
f 2202/2202 2204/2204 2205/2205
f 2202/2202 2205/2205 2206/2206
f 2202/2202 2206/2206 2207/2207
f 2202/2202 2207/2207 2208/2208
f 2202/2202 2208/2208 2209/2209
f 2202/2202 2209/2209 2210/2210
f 2211/2211 2212/2212 2221/2221
f 2211/2211 2221/2221 2220/2220
f 2212/2212 2213/2213 2222/2222
f 2212/2212 2222/2222 2221/2221
f 2213/2213 2214/2214 2223/2223
f 2213/2213 2223/2223 2222/2222
f 2214/2214 2215/2215 2224/2224
f 2214/2214 2224/2224 2223/2223
f 2215/2215 2216/2216 2225/2225
f 2215/2215 2225/2225 2224/2224
f 2216/2216 2217/2217 2226/2226
f 2216/2216 2226/2226 2225/2225
f 2217/2217 2218/2218 2227/2227
f 2217/2217 2227/2227 2226/2226
f 2218/2218 2219/2219 2228/2228
f 2218/2218 2228/2228 2227/2227
f 2219/2219 2211/2211 2220/2220
f 2219/2219 2220/2220 2228/2228
f 2219/2219 2218/2218 2217/2217
f 2219/2219 2217/2217 2216/2216
f 2219/2219 2216/2216 2215/2215
f 2219/2219 2215/2215 2214/2214
f 2219/2219 2214/2214 2213/2213
f 2219/2219 2213/2213 2212/2212
f 2219/2219 2212/2212 2211/2211
f 2220/2220 2221/2221 2222/2222
f 2220/2220 2222/2222 2223/2223
f 2220/2220 2223/2223 2224/2224
f 2220/2220 2224/2224 2225/2225
f 2220/2220 2225/2225 2226/2226
f 2220/2220 2226/2226 2227/2227
f 2220/2220 2227/2227 2228/2228
f 2229/2229 2230/2230 2239/2239
f 2229/2229 2239/2239 2238/2238
f 2230/2230 2231/2231 2240/2240
f 2230/2230 2240/2240 2239/2239
f 2231/2231 2232/2232 2241/2241
f 2231/2231 2241/2241 2240/2240
f 2232/2232 2233/2233 2242/2242
f 2232/2232 2242/2242 2241/2241
f 2233/2233 2234/2234 2243/2243
f 2233/2233 2243/2243 2242/2242
f 2234/2234 2235/2235 2244/2244
f 2234/2234 2244/2244 2243/2243
f 2235/2235 2236/2236 2245/2245
f 2235/2235 2245/2245 2244/2244
f 2236/2236 2237/2237 2246/2246
f 2236/2236 2246/2246 2245/2245
f 2237/2237 2229/2229 2238/2238
f 2237/2237 2238/2238 2246/2246
f 2237/2237 2236/2236 2235/2235
f 2237/2237 2235/2235 2234/2234
f 2237/2237 2234/2234 2233/2233
f 2237/2237 2233/2233 2232/2232
f 2237/2237 2232/2232 2231/2231
f 2237/2237 2231/2231 2230/2230
f 2237/2237 2230/2230 2229/2229
f 2238/2238 2239/2239 2240/2240
f 2238/2238 2240/2240 2241/2241
f 2238/2238 2241/2241 2242/2242
f 2238/2238 2242/2242 2243/2243
f 2238/2238 2243/2243 2244/2244
f 2238/2238 2244/2244 2245/2245
f 2238/2238 2245/2245 2246/2246
f 2247/2247 2248/2248 2257/2257
f 2247/2247 2257/2257 2256/2256
f 2248/2248 2249/2249 2258/2258
f 2248/2248 2258/2258 2257/2257
f 2249/2249 2250/2250 2259/2259
f 2249/2249 2259/2259 2258/2258
f 2250/2250 2251/2251 2260/2260
f 2250/2250 2260/2260 2259/2259
f 2251/2251 2252/2252 2261/2261
f 2251/2251 2261/2261 2260/2260
f 2252/2252 2253/2253 2262/2262
f 2252/2252 2262/2262 2261/2261
f 2253/2253 2254/2254 2263/2263
f 2253/2253 2263/2263 2262/2262
f 2254/2254 2255/2255 2264/2264
f 2254/2254 2264/2264 2263/2263
f 2255/2255 2247/2247 2256/2256
f 2255/2255 2256/2256 2264/2264
f 2255/2255 2254/2254 2253/2253
f 2255/2255 2253/2253 2252/2252
f 2255/2255 2252/2252 2251/2251
f 2255/2255 2251/2251 2250/2250
f 2255/2255 2250/2250 2249/2249
f 2255/2255 2249/2249 2248/2248
f 2255/2255 2248/2248 2247/2247
f 2256/2256 2257/2257 2258/2258
f 2256/2256 2258/2258 2259/2259
f 2256/2256 2259/2259 2260/2260
f 2256/2256 2260/2260 2261/2261
f 2256/2256 2261/2261 2262/2262
f 2256/2256 2262/2262 2263/2263
f 2256/2256 2263/2263 2264/2264
f 2265/2265 2266/2266 2275/2275
f 2265/2265 2275/2275 2274/2274
f 2266/2266 2267/2267 2276/2276
f 2266/2266 2276/2276 2275/2275
f 2267/2267 2268/2268 2277/2277
f 2267/2267 2277/2277 2276/2276
f 2268/2268 2269/2269 2278/2278
f 2268/2268 2278/2278 2277/2277
f 2269/2269 2270/2270 2279/2279
f 2269/2269 2279/2279 2278/2278
f 2270/2270 2271/2271 2280/2280
f 2270/2270 2280/2280 2279/2279
f 2271/2271 2272/2272 2281/2281
f 2271/2271 2281/2281 2280/2280
f 2272/2272 2273/2273 2282/2282
f 2272/2272 2282/2282 2281/2281
f 2273/2273 2265/2265 2274/2274
f 2273/2273 2274/2274 2282/2282
f 2273/2273 2272/2272 2271/2271
f 2273/2273 2271/2271 2270/2270
f 2273/2273 2270/2270 2269/2269
f 2273/2273 2269/2269 2268/2268
f 2273/2273 2268/2268 2267/2267
f 2273/2273 2267/2267 2266/2266
f 2273/2273 2266/2266 2265/2265
f 2274/2274 2275/2275 2276/2276
f 2274/2274 2276/2276 2277/2277
f 2274/2274 2277/2277 2278/2278
f 2274/2274 2278/2278 2279/2279
f 2274/2274 2279/2279 2280/2280
f 2274/2274 2280/2280 2281/2281
f 2274/2274 2281/2281 2282/2282
f 2283/2283 2284/2284 2293/2293
f 2283/2283 2293/2293 2292/2292
f 2284/2284 2285/2285 2294/2294
f 2284/2284 2294/2294 2293/2293
f 2285/2285 2286/2286 2295/2295
f 2285/2285 2295/2295 2294/2294
f 2286/2286 2287/2287 2296/2296
f 2286/2286 2296/2296 2295/2295
f 2287/2287 2288/2288 2297/2297
f 2287/2287 2297/2297 2296/2296
f 2288/2288 2289/2289 2298/2298
f 2288/2288 2298/2298 2297/2297
f 2289/2289 2290/2290 2299/2299
f 2289/2289 2299/2299 2298/2298
f 2290/2290 2291/2291 2300/2300
f 2290/2290 2300/2300 2299/2299
f 2291/2291 2283/2283 2292/2292
f 2291/2291 2292/2292 2300/2300
f 2291/2291 2290/2290 2289/2289
f 2291/2291 2289/2289 2288/2288
f 2291/2291 2288/2288 2287/2287
f 2291/2291 2287/2287 2286/2286
f 2291/2291 2286/2286 2285/2285
f 2291/2291 2285/2285 2284/2284
f 2291/2291 2284/2284 2283/2283
f 2292/2292 2293/2293 2294/2294
f 2292/2292 2294/2294 2295/2295
f 2292/2292 2295/2295 2296/2296
f 2292/2292 2296/2296 2297/2297
f 2292/2292 2297/2297 2298/2298
f 2292/2292 2298/2298 2299/2299
f 2292/2292 2299/2299 2300/2300
f 2301/2301 2302/2302 2311/2311
f 2301/2301 2311/2311 2310/2310
f 2302/2302 2303/2303 2312/2312
f 2302/2302 2312/2312 2311/2311
f 2303/2303 2304/2304 2313/2313
f 2303/2303 2313/2313 2312/2312
f 2304/2304 2305/2305 2314/2314
f 2304/2304 2314/2314 2313/2313
f 2305/2305 2306/2306 2315/2315
f 2305/2305 2315/2315 2314/2314
f 2306/2306 2307/2307 2316/2316
f 2306/2306 2316/2316 2315/2315
f 2307/2307 2308/2308 2317/2317
f 2307/2307 2317/2317 2316/2316
f 2308/2308 2309/2309 2318/2318
f 2308/2308 2318/2318 2317/2317
f 2309/2309 2301/2301 2310/2310
f 2309/2309 2310/2310 2318/2318
f 2309/2309 2308/2308 2307/2307
f 2309/2309 2307/2307 2306/2306
f 2309/2309 2306/2306 2305/2305
f 2309/2309 2305/2305 2304/2304
f 2309/2309 2304/2304 2303/2303
f 2309/2309 2303/2303 2302/2302
f 2309/2309 2302/2302 2301/2301
f 2310/2310 2311/2311 2312/2312
f 2310/2310 2312/2312 2313/2313
f 2310/2310 2313/2313 2314/2314
f 2310/2310 2314/2314 2315/2315
f 2310/2310 2315/2315 2316/2316
f 2310/2310 2316/2316 2317/2317
f 2310/2310 2317/2317 2318/2318
f 2319/2319 2320/2320 2329/2329
f 2319/2319 2329/2329 2328/2328
f 2320/2320 2321/2321 2330/2330
f 2320/2320 2330/2330 2329/2329
f 2321/2321 2322/2322 2331/2331
f 2321/2321 2331/2331 2330/2330
f 2322/2322 2323/2323 2332/2332
f 2322/2322 2332/2332 2331/2331
f 2323/2323 2324/2324 2333/2333
f 2323/2323 2333/2333 2332/2332
f 2324/2324 2325/2325 2334/2334
f 2324/2324 2334/2334 2333/2333
f 2325/2325 2326/2326 2335/2335
f 2325/2325 2335/2335 2334/2334
f 2326/2326 2327/2327 2336/2336
f 2326/2326 2336/2336 2335/2335
f 2327/2327 2319/2319 2328/2328
f 2327/2327 2328/2328 2336/2336
f 2327/2327 2326/2326 2325/2325
f 2327/2327 2325/2325 2324/2324
f 2327/2327 2324/2324 2323/2323
f 2327/2327 2323/2323 2322/2322
f 2327/2327 2322/2322 2321/2321
f 2327/2327 2321/2321 2320/2320
f 2327/2327 2320/2320 2319/2319
f 2328/2328 2329/2329 2330/2330
f 2328/2328 2330/2330 2331/2331
f 2328/2328 2331/2331 2332/2332
f 2328/2328 2332/2332 2333/2333
f 2328/2328 2333/2333 2334/2334
f 2328/2328 2334/2334 2335/2335
f 2328/2328 2335/2335 2336/2336
f 2337/2337 2338/2338 2347/2347
f 2337/2337 2347/2347 2346/2346
f 2338/2338 2339/2339 2348/2348
f 2338/2338 2348/2348 2347/2347
f 2339/2339 2340/2340 2349/2349
f 2339/2339 2349/2349 2348/2348
f 2340/2340 2341/2341 2350/2350
f 2340/2340 2350/2350 2349/2349
f 2341/2341 2342/2342 2351/2351
f 2341/2341 2351/2351 2350/2350
f 2342/2342 2343/2343 2352/2352
f 2342/2342 2352/2352 2351/2351
f 2343/2343 2344/2344 2353/2353
f 2343/2343 2353/2353 2352/2352
f 2344/2344 2345/2345 2354/2354
f 2344/2344 2354/2354 2353/2353
f 2345/2345 2337/2337 2346/2346
f 2345/2345 2346/2346 2354/2354
f 2345/2345 2344/2344 2343/2343
f 2345/2345 2343/2343 2342/2342
f 2345/2345 2342/2342 2341/2341
f 2345/2345 2341/2341 2340/2340
f 2345/2345 2340/2340 2339/2339
f 2345/2345 2339/2339 2338/2338
f 2345/2345 2338/2338 2337/2337
f 2346/2346 2347/2347 2348/2348
f 2346/2346 2348/2348 2349/2349
f 2346/2346 2349/2349 2350/2350
f 2346/2346 2350/2350 2351/2351
f 2346/2346 2351/2351 2352/2352
f 2346/2346 2352/2352 2353/2353
f 2346/2346 2353/2353 2354/2354
f 2355/2355 2356/2356 2365/2365
f 2355/2355 2365/2365 2364/2364
f 2356/2356 2357/2357 2366/2366
f 2356/2356 2366/2366 2365/2365
f 2357/2357 2358/2358 2367/2367
f 2357/2357 2367/2367 2366/2366
f 2358/2358 2359/2359 2368/2368
f 2358/2358 2368/2368 2367/2367
f 2359/2359 2360/2360 2369/2369
f 2359/2359 2369/2369 2368/2368
f 2360/2360 2361/2361 2370/2370
f 2360/2360 2370/2370 2369/2369
f 2361/2361 2362/2362 2371/2371
f 2361/2361 2371/2371 2370/2370
f 2362/2362 2363/2363 2372/2372
f 2362/2362 2372/2372 2371/2371
f 2363/2363 2355/2355 2364/2364
f 2363/2363 2364/2364 2372/2372
f 2363/2363 2362/2362 2361/2361
f 2363/2363 2361/2361 2360/2360
f 2363/2363 2360/2360 2359/2359
f 2363/2363 2359/2359 2358/2358
f 2363/2363 2358/2358 2357/2357
f 2363/2363 2357/2357 2356/2356
f 2363/2363 2356/2356 2355/2355
f 2364/2364 2365/2365 2366/2366
f 2364/2364 2366/2366 2367/2367
f 2364/2364 2367/2367 2368/2368
f 2364/2364 2368/2368 2369/2369
f 2364/2364 2369/2369 2370/2370
f 2364/2364 2370/2370 2371/2371
f 2364/2364 2371/2371 2372/2372
f 2373/2373 2374/2374 2383/2383
f 2373/2373 2383/2383 2382/2382
f 2374/2374 2375/2375 2384/2384
f 2374/2374 2384/2384 2383/2383
f 2375/2375 2376/2376 2385/2385
f 2375/2375 2385/2385 2384/2384
f 2376/2376 2377/2377 2386/2386
f 2376/2376 2386/2386 2385/2385
f 2377/2377 2378/2378 2387/2387
f 2377/2377 2387/2387 2386/2386
f 2378/2378 2379/2379 2388/2388
f 2378/2378 2388/2388 2387/2387
f 2379/2379 2380/2380 2389/2389
f 2379/2379 2389/2389 2388/2388
f 2380/2380 2381/2381 2390/2390
f 2380/2380 2390/2390 2389/2389
f 2381/2381 2373/2373 2382/2382
f 2381/2381 2382/2382 2390/2390
f 2381/2381 2380/2380 2379/2379
f 2381/2381 2379/2379 2378/2378
f 2381/2381 2378/2378 2377/2377
f 2381/2381 2377/2377 2376/2376
f 2381/2381 2376/2376 2375/2375
f 2381/2381 2375/2375 2374/2374
f 2381/2381 2374/2374 2373/2373
f 2382/2382 2383/2383 2384/2384
f 2382/2382 2384/2384 2385/2385
f 2382/2382 2385/2385 2386/2386
f 2382/2382 2386/2386 2387/2387
f 2382/2382 2387/2387 2388/2388
f 2382/2382 2388/2388 2389/2389
f 2382/2382 2389/2389 2390/2390
f 2391/2391 2392/2392 2401/2401
f 2391/2391 2401/2401 2400/2400
f 2392/2392 2393/2393 2402/2402
f 2392/2392 2402/2402 2401/2401
f 2393/2393 2394/2394 2403/2403
f 2393/2393 2403/2403 2402/2402
f 2394/2394 2395/2395 2404/2404
f 2394/2394 2404/2404 2403/2403
f 2395/2395 2396/2396 2405/2405
f 2395/2395 2405/2405 2404/2404
f 2396/2396 2397/2397 2406/2406
f 2396/2396 2406/2406 2405/2405
f 2397/2397 2398/2398 2407/2407
f 2397/2397 2407/2407 2406/2406
f 2398/2398 2399/2399 2408/2408
f 2398/2398 2408/2408 2407/2407
f 2399/2399 2391/2391 2400/2400
f 2399/2399 2400/2400 2408/2408
f 2399/2399 2398/2398 2397/2397
f 2399/2399 2397/2397 2396/2396
f 2399/2399 2396/2396 2395/2395
f 2399/2399 2395/2395 2394/2394
f 2399/2399 2394/2394 2393/2393
f 2399/2399 2393/2393 2392/2392
f 2399/2399 2392/2392 2391/2391
f 2400/2400 2401/2401 2402/2402
f 2400/2400 2402/2402 2403/2403
f 2400/2400 2403/2403 2404/2404
f 2400/2400 2404/2404 2405/2405
f 2400/2400 2405/2405 2406/2406
f 2400/2400 2406/2406 2407/2407
f 2400/2400 2407/2407 2408/2408
f 2409/2409 2410/2410 2419/2419
f 2409/2409 2419/2419 2418/2418
f 2410/2410 2411/2411 2420/2420
f 2410/2410 2420/2420 2419/2419
f 2411/2411 2412/2412 2421/2421
f 2411/2411 2421/2421 2420/2420
f 2412/2412 2413/2413 2422/2422
f 2412/2412 2422/2422 2421/2421
f 2413/2413 2414/2414 2423/2423
f 2413/2413 2423/2423 2422/2422
f 2414/2414 2415/2415 2424/2424
f 2414/2414 2424/2424 2423/2423
f 2415/2415 2416/2416 2425/2425
f 2415/2415 2425/2425 2424/2424
f 2416/2416 2417/2417 2426/2426
f 2416/2416 2426/2426 2425/2425
f 2417/2417 2409/2409 2418/2418
f 2417/2417 2418/2418 2426/2426
f 2417/2417 2416/2416 2415/2415
f 2417/2417 2415/2415 2414/2414
f 2417/2417 2414/2414 2413/2413
f 2417/2417 2413/2413 2412/2412
f 2417/2417 2412/2412 2411/2411
f 2417/2417 2411/2411 2410/2410
f 2417/2417 2410/2410 2409/2409
f 2418/2418 2419/2419 2420/2420
f 2418/2418 2420/2420 2421/2421
f 2418/2418 2421/2421 2422/2422
f 2418/2418 2422/2422 2423/2423
f 2418/2418 2423/2423 2424/2424
f 2418/2418 2424/2424 2425/2425
f 2418/2418 2425/2425 2426/2426
f 2427/2427 2428/2428 2437/2437
f 2427/2427 2437/2437 2436/2436
f 2428/2428 2429/2429 2438/2438
f 2428/2428 2438/2438 2437/2437
f 2429/2429 2430/2430 2439/2439
f 2429/2429 2439/2439 2438/2438
f 2430/2430 2431/2431 2440/2440
f 2430/2430 2440/2440 2439/2439
f 2431/2431 2432/2432 2441/2441
f 2431/2431 2441/2441 2440/2440
f 2432/2432 2433/2433 2442/2442
f 2432/2432 2442/2442 2441/2441
f 2433/2433 2434/2434 2443/2443
f 2433/2433 2443/2443 2442/2442
f 2434/2434 2435/2435 2444/2444
f 2434/2434 2444/2444 2443/2443
f 2435/2435 2427/2427 2436/2436
f 2435/2435 2436/2436 2444/2444
f 2435/2435 2434/2434 2433/2433
f 2435/2435 2433/2433 2432/2432
f 2435/2435 2432/2432 2431/2431
f 2435/2435 2431/2431 2430/2430
f 2435/2435 2430/2430 2429/2429
f 2435/2435 2429/2429 2428/2428
f 2435/2435 2428/2428 2427/2427
f 2436/2436 2437/2437 2438/2438
f 2436/2436 2438/2438 2439/2439
f 2436/2436 2439/2439 2440/2440
f 2436/2436 2440/2440 2441/2441
f 2436/2436 2441/2441 2442/2442
f 2436/2436 2442/2442 2443/2443
f 2436/2436 2443/2443 2444/2444
f 2445/2445 2446/2446 2455/2455
f 2445/2445 2455/2455 2454/2454
f 2446/2446 2447/2447 2456/2456
f 2446/2446 2456/2456 2455/2455
f 2447/2447 2448/2448 2457/2457
f 2447/2447 2457/2457 2456/2456
f 2448/2448 2449/2449 2458/2458
f 2448/2448 2458/2458 2457/2457
f 2449/2449 2450/2450 2459/2459
f 2449/2449 2459/2459 2458/2458
f 2450/2450 2451/2451 2460/2460
f 2450/2450 2460/2460 2459/2459
f 2451/2451 2452/2452 2461/2461
f 2451/2451 2461/2461 2460/2460
f 2452/2452 2453/2453 2462/2462
f 2452/2452 2462/2462 2461/2461
f 2453/2453 2445/2445 2454/2454
f 2453/2453 2454/2454 2462/2462
f 2453/2453 2452/2452 2451/2451
f 2453/2453 2451/2451 2450/2450
f 2453/2453 2450/2450 2449/2449
f 2453/2453 2449/2449 2448/2448
f 2453/2453 2448/2448 2447/2447
f 2453/2453 2447/2447 2446/2446
f 2453/2453 2446/2446 2445/2445
f 2454/2454 2455/2455 2456/2456
f 2454/2454 2456/2456 2457/2457
f 2454/2454 2457/2457 2458/2458
f 2454/2454 2458/2458 2459/2459
f 2454/2454 2459/2459 2460/2460
f 2454/2454 2460/2460 2461/2461
f 2454/2454 2461/2461 2462/2462
f 2463/2463 2464/2464 2473/2473
f 2463/2463 2473/2473 2472/2472
f 2464/2464 2465/2465 2474/2474
f 2464/2464 2474/2474 2473/2473
f 2465/2465 2466/2466 2475/2475
f 2465/2465 2475/2475 2474/2474
f 2466/2466 2467/2467 2476/2476
f 2466/2466 2476/2476 2475/2475
f 2467/2467 2468/2468 2477/2477
f 2467/2467 2477/2477 2476/2476
f 2468/2468 2469/2469 2478/2478
f 2468/2468 2478/2478 2477/2477
f 2469/2469 2470/2470 2479/2479
f 2469/2469 2479/2479 2478/2478
f 2470/2470 2471/2471 2480/2480
f 2470/2470 2480/2480 2479/2479
f 2471/2471 2463/2463 2472/2472
f 2471/2471 2472/2472 2480/2480
f 2471/2471 2470/2470 2469/2469
f 2471/2471 2469/2469 2468/2468
f 2471/2471 2468/2468 2467/2467
f 2471/2471 2467/2467 2466/2466
f 2471/2471 2466/2466 2465/2465
f 2471/2471 2465/2465 2464/2464
f 2471/2471 2464/2464 2463/2463
f 2472/2472 2473/2473 2474/2474
f 2472/2472 2474/2474 2475/2475
f 2472/2472 2475/2475 2476/2476
f 2472/2472 2476/2476 2477/2477
f 2472/2472 2477/2477 2478/2478
f 2472/2472 2478/2478 2479/2479
f 2472/2472 2479/2479 2480/2480
f 2481/2481 2482/2482 2491/2491
f 2481/2481 2491/2491 2490/2490
f 2482/2482 2483/2483 2492/2492
f 2482/2482 2492/2492 2491/2491
f 2483/2483 2484/2484 2493/2493
f 2483/2483 2493/2493 2492/2492
f 2484/2484 2485/2485 2494/2494
f 2484/2484 2494/2494 2493/2493
f 2485/2485 2486/2486 2495/2495
f 2485/2485 2495/2495 2494/2494
f 2486/2486 2487/2487 2496/2496
f 2486/2486 2496/2496 2495/2495
f 2487/2487 2488/2488 2497/2497
f 2487/2487 2497/2497 2496/2496
f 2488/2488 2489/2489 2498/2498
f 2488/2488 2498/2498 2497/2497
f 2489/2489 2481/2481 2490/2490
f 2489/2489 2490/2490 2498/2498
f 2489/2489 2488/2488 2487/2487
f 2489/2489 2487/2487 2486/2486
f 2489/2489 2486/2486 2485/2485
f 2489/2489 2485/2485 2484/2484
f 2489/2489 2484/2484 2483/2483
f 2489/2489 2483/2483 2482/2482
f 2489/2489 2482/2482 2481/2481
f 2490/2490 2491/2491 2492/2492
f 2490/2490 2492/2492 2493/2493
f 2490/2490 2493/2493 2494/2494
f 2490/2490 2494/2494 2495/2495
f 2490/2490 2495/2495 2496/2496
f 2490/2490 2496/2496 2497/2497
f 2490/2490 2497/2497 2498/2498
f 2499/2499 2500/2500 2509/2509
f 2499/2499 2509/2509 2508/2508
f 2500/2500 2501/2501 2510/2510
f 2500/2500 2510/2510 2509/2509
f 2501/2501 2502/2502 2511/2511
f 2501/2501 2511/2511 2510/2510
f 2502/2502 2503/2503 2512/2512
f 2502/2502 2512/2512 2511/2511
f 2503/2503 2504/2504 2513/2513
f 2503/2503 2513/2513 2512/2512
f 2504/2504 2505/2505 2514/2514
f 2504/2504 2514/2514 2513/2513
f 2505/2505 2506/2506 2515/2515
f 2505/2505 2515/2515 2514/2514
f 2506/2506 2507/2507 2516/2516
f 2506/2506 2516/2516 2515/2515
f 2507/2507 2499/2499 2508/2508
f 2507/2507 2508/2508 2516/2516
f 2507/2507 2506/2506 2505/2505
f 2507/2507 2505/2505 2504/2504
f 2507/2507 2504/2504 2503/2503
f 2507/2507 2503/2503 2502/2502
f 2507/2507 2502/2502 2501/2501
f 2507/2507 2501/2501 2500/2500
f 2507/2507 2500/2500 2499/2499
f 2508/2508 2509/2509 2510/2510
f 2508/2508 2510/2510 2511/2511
f 2508/2508 2511/2511 2512/2512
f 2508/2508 2512/2512 2513/2513
f 2508/2508 2513/2513 2514/2514
f 2508/2508 2514/2514 2515/2515
f 2508/2508 2515/2515 2516/2516
f 2517/2517 2518/2518 2527/2527
f 2517/2517 2527/2527 2526/2526
f 2518/2518 2519/2519 2528/2528
f 2518/2518 2528/2528 2527/2527
f 2519/2519 2520/2520 2529/2529
f 2519/2519 2529/2529 2528/2528
f 2520/2520 2521/2521 2530/2530
f 2520/2520 2530/2530 2529/2529
f 2521/2521 2522/2522 2531/2531
f 2521/2521 2531/2531 2530/2530
f 2522/2522 2523/2523 2532/2532
f 2522/2522 2532/2532 2531/2531
f 2523/2523 2524/2524 2533/2533
f 2523/2523 2533/2533 2532/2532
f 2524/2524 2525/2525 2534/2534
f 2524/2524 2534/2534 2533/2533
f 2525/2525 2517/2517 2526/2526
f 2525/2525 2526/2526 2534/2534
f 2525/2525 2524/2524 2523/2523
f 2525/2525 2523/2523 2522/2522
f 2525/2525 2522/2522 2521/2521
f 2525/2525 2521/2521 2520/2520
f 2525/2525 2520/2520 2519/2519
f 2525/2525 2519/2519 2518/2518
f 2525/2525 2518/2518 2517/2517
f 2526/2526 2527/2527 2528/2528
f 2526/2526 2528/2528 2529/2529
f 2526/2526 2529/2529 2530/2530
f 2526/2526 2530/2530 2531/2531
f 2526/2526 2531/2531 2532/2532
f 2526/2526 2532/2532 2533/2533
f 2526/2526 2533/2533 2534/2534
f 2535/2535 2536/2536 2545/2545
f 2535/2535 2545/2545 2544/2544
f 2536/2536 2537/2537 2546/2546
f 2536/2536 2546/2546 2545/2545
f 2537/2537 2538/2538 2547/2547
f 2537/2537 2547/2547 2546/2546
f 2538/2538 2539/2539 2548/2548
f 2538/2538 2548/2548 2547/2547
f 2539/2539 2540/2540 2549/2549
f 2539/2539 2549/2549 2548/2548
f 2540/2540 2541/2541 2550/2550
f 2540/2540 2550/2550 2549/2549
f 2541/2541 2542/2542 2551/2551
f 2541/2541 2551/2551 2550/2550
f 2542/2542 2543/2543 2552/2552
f 2542/2542 2552/2552 2551/2551
f 2543/2543 2535/2535 2544/2544
f 2543/2543 2544/2544 2552/2552
f 2543/2543 2542/2542 2541/2541
f 2543/2543 2541/2541 2540/2540
f 2543/2543 2540/2540 2539/2539
f 2543/2543 2539/2539 2538/2538
f 2543/2543 2538/2538 2537/2537
f 2543/2543 2537/2537 2536/2536
f 2543/2543 2536/2536 2535/2535
f 2544/2544 2545/2545 2546/2546
f 2544/2544 2546/2546 2547/2547
f 2544/2544 2547/2547 2548/2548
f 2544/2544 2548/2548 2549/2549
f 2544/2544 2549/2549 2550/2550
f 2544/2544 2550/2550 2551/2551
f 2544/2544 2551/2551 2552/2552
f 2553/2553 2554/2554 2563/2563
f 2553/2553 2563/2563 2562/2562
f 2554/2554 2555/2555 2564/2564
f 2554/2554 2564/2564 2563/2563
f 2555/2555 2556/2556 2565/2565
f 2555/2555 2565/2565 2564/2564
f 2556/2556 2557/2557 2566/2566
f 2556/2556 2566/2566 2565/2565
f 2557/2557 2558/2558 2567/2567
f 2557/2557 2567/2567 2566/2566
f 2558/2558 2559/2559 2568/2568
f 2558/2558 2568/2568 2567/2567
f 2559/2559 2560/2560 2569/2569
f 2559/2559 2569/2569 2568/2568
f 2560/2560 2561/2561 2570/2570
f 2560/2560 2570/2570 2569/2569
f 2561/2561 2553/2553 2562/2562
f 2561/2561 2562/2562 2570/2570
f 2561/2561 2560/2560 2559/2559
f 2561/2561 2559/2559 2558/2558
f 2561/2561 2558/2558 2557/2557
f 2561/2561 2557/2557 2556/2556
f 2561/2561 2556/2556 2555/2555
f 2561/2561 2555/2555 2554/2554
f 2561/2561 2554/2554 2553/2553
f 2562/2562 2563/2563 2564/2564
f 2562/2562 2564/2564 2565/2565
f 2562/2562 2565/2565 2566/2566
f 2562/2562 2566/2566 2567/2567
f 2562/2562 2567/2567 2568/2568
f 2562/2562 2568/2568 2569/2569
f 2562/2562 2569/2569 2570/2570
f 2571/2571 2572/2572 2581/2581
f 2571/2571 2581/2581 2580/2580
f 2572/2572 2573/2573 2582/2582
f 2572/2572 2582/2582 2581/2581
f 2573/2573 2574/2574 2583/2583
f 2573/2573 2583/2583 2582/2582
f 2574/2574 2575/2575 2584/2584
f 2574/2574 2584/2584 2583/2583
f 2575/2575 2576/2576 2585/2585
f 2575/2575 2585/2585 2584/2584
f 2576/2576 2577/2577 2586/2586
f 2576/2576 2586/2586 2585/2585
f 2577/2577 2578/2578 2587/2587
f 2577/2577 2587/2587 2586/2586
f 2578/2578 2579/2579 2588/2588
f 2578/2578 2588/2588 2587/2587
f 2579/2579 2571/2571 2580/2580
f 2579/2579 2580/2580 2588/2588
f 2579/2579 2578/2578 2577/2577
f 2579/2579 2577/2577 2576/2576
f 2579/2579 2576/2576 2575/2575
f 2579/2579 2575/2575 2574/2574
f 2579/2579 2574/2574 2573/2573
f 2579/2579 2573/2573 2572/2572
f 2579/2579 2572/2572 2571/2571
f 2580/2580 2581/2581 2582/2582
f 2580/2580 2582/2582 2583/2583
f 2580/2580 2583/2583 2584/2584
f 2580/2580 2584/2584 2585/2585
f 2580/2580 2585/2585 2586/2586
f 2580/2580 2586/2586 2587/2587
f 2580/2580 2587/2587 2588/2588
f 2589/2589 2590/2590 2599/2599
f 2589/2589 2599/2599 2598/2598
f 2590/2590 2591/2591 2600/2600
f 2590/2590 2600/2600 2599/2599
f 2591/2591 2592/2592 2601/2601
f 2591/2591 2601/2601 2600/2600
f 2592/2592 2593/2593 2602/2602
f 2592/2592 2602/2602 2601/2601
f 2593/2593 2594/2594 2603/2603
f 2593/2593 2603/2603 2602/2602
f 2594/2594 2595/2595 2604/2604
f 2594/2594 2604/2604 2603/2603
f 2595/2595 2596/2596 2605/2605
f 2595/2595 2605/2605 2604/2604
f 2596/2596 2597/2597 2606/2606
f 2596/2596 2606/2606 2605/2605
f 2597/2597 2589/2589 2598/2598
f 2597/2597 2598/2598 2606/2606
f 2597/2597 2596/2596 2595/2595
f 2597/2597 2595/2595 2594/2594
f 2597/2597 2594/2594 2593/2593
f 2597/2597 2593/2593 2592/2592
f 2597/2597 2592/2592 2591/2591
f 2597/2597 2591/2591 2590/2590
f 2597/2597 2590/2590 2589/2589
f 2598/2598 2599/2599 2600/2600
f 2598/2598 2600/2600 2601/2601
f 2598/2598 2601/2601 2602/2602
f 2598/2598 2602/2602 2603/2603
f 2598/2598 2603/2603 2604/2604
f 2598/2598 2604/2604 2605/2605
f 2598/2598 2605/2605 2606/2606
f 2607/2607 2608/2608 2617/2617
f 2607/2607 2617/2617 2616/2616
f 2608/2608 2609/2609 2618/2618
f 2608/2608 2618/2618 2617/2617
f 2609/2609 2610/2610 2619/2619
f 2609/2609 2619/2619 2618/2618
f 2610/2610 2611/2611 2620/2620
f 2610/2610 2620/2620 2619/2619
f 2611/2611 2612/2612 2621/2621
f 2611/2611 2621/2621 2620/2620
f 2612/2612 2613/2613 2622/2622
f 2612/2612 2622/2622 2621/2621
f 2613/2613 2614/2614 2623/2623
f 2613/2613 2623/2623 2622/2622
f 2614/2614 2615/2615 2624/2624
f 2614/2614 2624/2624 2623/2623
f 2615/2615 2607/2607 2616/2616
f 2615/2615 2616/2616 2624/2624
f 2615/2615 2614/2614 2613/2613
f 2615/2615 2613/2613 2612/2612
f 2615/2615 2612/2612 2611/2611
f 2615/2615 2611/2611 2610/2610
f 2615/2615 2610/2610 2609/2609
f 2615/2615 2609/2609 2608/2608
f 2615/2615 2608/2608 2607/2607
f 2616/2616 2617/2617 2618/2618
f 2616/2616 2618/2618 2619/2619
f 2616/2616 2619/2619 2620/2620
f 2616/2616 2620/2620 2621/2621
f 2616/2616 2621/2621 2622/2622
f 2616/2616 2622/2622 2623/2623
f 2616/2616 2623/2623 2624/2624
f 2625/2625 2626/2626 2635/2635
f 2625/2625 2635/2635 2634/2634
f 2626/2626 2627/2627 2636/2636
f 2626/2626 2636/2636 2635/2635
f 2627/2627 2628/2628 2637/2637
f 2627/2627 2637/2637 2636/2636
f 2628/2628 2629/2629 2638/2638
f 2628/2628 2638/2638 2637/2637
f 2629/2629 2630/2630 2639/2639
f 2629/2629 2639/2639 2638/2638
f 2630/2630 2631/2631 2640/2640
f 2630/2630 2640/2640 2639/2639
f 2631/2631 2632/2632 2641/2641
f 2631/2631 2641/2641 2640/2640
f 2632/2632 2633/2633 2642/2642
f 2632/2632 2642/2642 2641/2641
f 2633/2633 2625/2625 2634/2634
f 2633/2633 2634/2634 2642/2642
f 2633/2633 2632/2632 2631/2631
f 2633/2633 2631/2631 2630/2630
f 2633/2633 2630/2630 2629/2629
f 2633/2633 2629/2629 2628/2628
f 2633/2633 2628/2628 2627/2627
f 2633/2633 2627/2627 2626/2626
f 2633/2633 2626/2626 2625/2625
f 2634/2634 2635/2635 2636/2636
f 2634/2634 2636/2636 2637/2637
f 2634/2634 2637/2637 2638/2638
f 2634/2634 2638/2638 2639/2639
f 2634/2634 2639/2639 2640/2640
f 2634/2634 2640/2640 2641/2641
f 2634/2634 2641/2641 2642/2642
f 2643/2643 2644/2644 2653/2653
f 2643/2643 2653/2653 2652/2652
f 2644/2644 2645/2645 2654/2654
f 2644/2644 2654/2654 2653/2653
f 2645/2645 2646/2646 2655/2655
f 2645/2645 2655/2655 2654/2654
f 2646/2646 2647/2647 2656/2656
f 2646/2646 2656/2656 2655/2655
f 2647/2647 2648/2648 2657/2657
f 2647/2647 2657/2657 2656/2656
f 2648/2648 2649/2649 2658/2658
f 2648/2648 2658/2658 2657/2657
f 2649/2649 2650/2650 2659/2659
f 2649/2649 2659/2659 2658/2658
f 2650/2650 2651/2651 2660/2660
f 2650/2650 2660/2660 2659/2659
f 2651/2651 2643/2643 2652/2652
f 2651/2651 2652/2652 2660/2660
f 2651/2651 2650/2650 2649/2649
f 2651/2651 2649/2649 2648/2648
f 2651/2651 2648/2648 2647/2647
f 2651/2651 2647/2647 2646/2646
f 2651/2651 2646/2646 2645/2645
f 2651/2651 2645/2645 2644/2644
f 2651/2651 2644/2644 2643/2643
f 2652/2652 2653/2653 2654/2654
f 2652/2652 2654/2654 2655/2655
f 2652/2652 2655/2655 2656/2656
f 2652/2652 2656/2656 2657/2657
f 2652/2652 2657/2657 2658/2658
f 2652/2652 2658/2658 2659/2659
f 2652/2652 2659/2659 2660/2660
f 2661/2661 2662/2662 2671/2671
f 2661/2661 2671/2671 2670/2670
f 2662/2662 2663/2663 2672/2672
f 2662/2662 2672/2672 2671/2671
f 2663/2663 2664/2664 2673/2673
f 2663/2663 2673/2673 2672/2672
f 2664/2664 2665/2665 2674/2674
f 2664/2664 2674/2674 2673/2673
f 2665/2665 2666/2666 2675/2675
f 2665/2665 2675/2675 2674/2674
f 2666/2666 2667/2667 2676/2676
f 2666/2666 2676/2676 2675/2675
f 2667/2667 2668/2668 2677/2677
f 2667/2667 2677/2677 2676/2676
f 2668/2668 2669/2669 2678/2678
f 2668/2668 2678/2678 2677/2677
f 2669/2669 2661/2661 2670/2670
f 2669/2669 2670/2670 2678/2678
f 2669/2669 2668/2668 2667/2667
f 2669/2669 2667/2667 2666/2666
f 2669/2669 2666/2666 2665/2665
f 2669/2669 2665/2665 2664/2664
f 2669/2669 2664/2664 2663/2663
f 2669/2669 2663/2663 2662/2662
f 2669/2669 2662/2662 2661/2661
f 2670/2670 2671/2671 2672/2672
f 2670/2670 2672/2672 2673/2673
f 2670/2670 2673/2673 2674/2674
f 2670/2670 2674/2674 2675/2675
f 2670/2670 2675/2675 2676/2676
f 2670/2670 2676/2676 2677/2677
f 2670/2670 2677/2677 2678/2678
f 2679/2679 2680/2680 2689/2689
f 2679/2679 2689/2689 2688/2688
f 2680/2680 2681/2681 2690/2690
f 2680/2680 2690/2690 2689/2689
f 2681/2681 2682/2682 2691/2691
f 2681/2681 2691/2691 2690/2690
f 2682/2682 2683/2683 2692/2692
f 2682/2682 2692/2692 2691/2691
f 2683/2683 2684/2684 2693/2693
f 2683/2683 2693/2693 2692/2692
f 2684/2684 2685/2685 2694/2694
f 2684/2684 2694/2694 2693/2693
f 2685/2685 2686/2686 2695/2695
f 2685/2685 2695/2695 2694/2694
f 2686/2686 2687/2687 2696/2696
f 2686/2686 2696/2696 2695/2695
f 2687/2687 2679/2679 2688/2688
f 2687/2687 2688/2688 2696/2696
f 2687/2687 2686/2686 2685/2685
f 2687/2687 2685/2685 2684/2684
f 2687/2687 2684/2684 2683/2683
f 2687/2687 2683/2683 2682/2682
f 2687/2687 2682/2682 2681/2681
f 2687/2687 2681/2681 2680/2680
f 2687/2687 2680/2680 2679/2679
f 2688/2688 2689/2689 2690/2690
f 2688/2688 2690/2690 2691/2691
f 2688/2688 2691/2691 2692/2692
f 2688/2688 2692/2692 2693/2693
f 2688/2688 2693/2693 2694/2694
f 2688/2688 2694/2694 2695/2695
f 2688/2688 2695/2695 2696/2696
f 2697/2697 2698/2698 2707/2707
f 2697/2697 2707/2707 2706/2706
f 2698/2698 2699/2699 2708/2708
f 2698/2698 2708/2708 2707/2707
f 2699/2699 2700/2700 2709/2709
f 2699/2699 2709/2709 2708/2708
f 2700/2700 2701/2701 2710/2710
f 2700/2700 2710/2710 2709/2709
f 2701/2701 2702/2702 2711/2711
f 2701/2701 2711/2711 2710/2710
f 2702/2702 2703/2703 2712/2712
f 2702/2702 2712/2712 2711/2711
f 2703/2703 2704/2704 2713/2713
f 2703/2703 2713/2713 2712/2712
f 2704/2704 2705/2705 2714/2714
f 2704/2704 2714/2714 2713/2713
f 2705/2705 2697/2697 2706/2706
f 2705/2705 2706/2706 2714/2714
f 2705/2705 2704/2704 2703/2703
f 2705/2705 2703/2703 2702/2702
f 2705/2705 2702/2702 2701/2701
f 2705/2705 2701/2701 2700/2700
f 2705/2705 2700/2700 2699/2699
f 2705/2705 2699/2699 2698/2698
f 2705/2705 2698/2698 2697/2697
f 2706/2706 2707/2707 2708/2708
f 2706/2706 2708/2708 2709/2709
f 2706/2706 2709/2709 2710/2710
f 2706/2706 2710/2710 2711/2711
f 2706/2706 2711/2711 2712/2712
f 2706/2706 2712/2712 2713/2713
f 2706/2706 2713/2713 2714/2714
f 2715/2715 2716/2716 2725/2725
f 2715/2715 2725/2725 2724/2724
f 2716/2716 2717/2717 2726/2726
f 2716/2716 2726/2726 2725/2725
f 2717/2717 2718/2718 2727/2727
f 2717/2717 2727/2727 2726/2726
f 2718/2718 2719/2719 2728/2728
f 2718/2718 2728/2728 2727/2727
f 2719/2719 2720/2720 2729/2729
f 2719/2719 2729/2729 2728/2728
f 2720/2720 2721/2721 2730/2730
f 2720/2720 2730/2730 2729/2729
f 2721/2721 2722/2722 2731/2731
f 2721/2721 2731/2731 2730/2730
f 2722/2722 2723/2723 2732/2732
f 2722/2722 2732/2732 2731/2731
f 2723/2723 2715/2715 2724/2724
f 2723/2723 2724/2724 2732/2732
f 2723/2723 2722/2722 2721/2721
f 2723/2723 2721/2721 2720/2720
f 2723/2723 2720/2720 2719/2719
f 2723/2723 2719/2719 2718/2718
f 2723/2723 2718/2718 2717/2717
f 2723/2723 2717/2717 2716/2716
f 2723/2723 2716/2716 2715/2715
f 2724/2724 2725/2725 2726/2726
f 2724/2724 2726/2726 2727/2727
f 2724/2724 2727/2727 2728/2728
f 2724/2724 2728/2728 2729/2729
f 2724/2724 2729/2729 2730/2730
f 2724/2724 2730/2730 2731/2731
f 2724/2724 2731/2731 2732/2732
f 2733/2733 2734/2734 2743/2743
f 2733/2733 2743/2743 2742/2742
f 2734/2734 2735/2735 2744/2744
f 2734/2734 2744/2744 2743/2743
f 2735/2735 2736/2736 2745/2745
f 2735/2735 2745/2745 2744/2744
f 2736/2736 2737/2737 2746/2746
f 2736/2736 2746/2746 2745/2745
f 2737/2737 2738/2738 2747/2747
f 2737/2737 2747/2747 2746/2746
f 2738/2738 2739/2739 2748/2748
f 2738/2738 2748/2748 2747/2747
f 2739/2739 2740/2740 2749/2749
f 2739/2739 2749/2749 2748/2748
f 2740/2740 2741/2741 2750/2750
f 2740/2740 2750/2750 2749/2749
f 2741/2741 2733/2733 2742/2742
f 2741/2741 2742/2742 2750/2750
f 2741/2741 2740/2740 2739/2739
f 2741/2741 2739/2739 2738/2738
f 2741/2741 2738/2738 2737/2737
f 2741/2741 2737/2737 2736/2736
f 2741/2741 2736/2736 2735/2735
f 2741/2741 2735/2735 2734/2734
f 2741/2741 2734/2734 2733/2733
f 2742/2742 2743/2743 2744/2744
f 2742/2742 2744/2744 2745/2745
f 2742/2742 2745/2745 2746/2746
f 2742/2742 2746/2746 2747/2747
f 2742/2742 2747/2747 2748/2748
f 2742/2742 2748/2748 2749/2749
f 2742/2742 2749/2749 2750/2750
f 2751/2751 2752/2752 2761/2761
f 2751/2751 2761/2761 2760/2760
f 2752/2752 2753/2753 2762/2762
f 2752/2752 2762/2762 2761/2761
f 2753/2753 2754/2754 2763/2763
f 2753/2753 2763/2763 2762/2762
f 2754/2754 2755/2755 2764/2764
f 2754/2754 2764/2764 2763/2763
f 2755/2755 2756/2756 2765/2765
f 2755/2755 2765/2765 2764/2764
f 2756/2756 2757/2757 2766/2766
f 2756/2756 2766/2766 2765/2765
f 2757/2757 2758/2758 2767/2767
f 2757/2757 2767/2767 2766/2766
f 2758/2758 2759/2759 2768/2768
f 2758/2758 2768/2768 2767/2767
f 2759/2759 2751/2751 2760/2760
f 2759/2759 2760/2760 2768/2768
f 2759/2759 2758/2758 2757/2757
f 2759/2759 2757/2757 2756/2756
f 2759/2759 2756/2756 2755/2755
f 2759/2759 2755/2755 2754/2754
f 2759/2759 2754/2754 2753/2753
f 2759/2759 2753/2753 2752/2752
f 2759/2759 2752/2752 2751/2751
f 2760/2760 2761/2761 2762/2762
f 2760/2760 2762/2762 2763/2763
f 2760/2760 2763/2763 2764/2764
f 2760/2760 2764/2764 2765/2765
f 2760/2760 2765/2765 2766/2766
f 2760/2760 2766/2766 2767/2767
f 2760/2760 2767/2767 2768/2768
f 2769/2769 2770/2770 2779/2779
f 2769/2769 2779/2779 2778/2778
f 2770/2770 2771/2771 2780/2780
f 2770/2770 2780/2780 2779/2779
f 2771/2771 2772/2772 2781/2781
f 2771/2771 2781/2781 2780/2780
f 2772/2772 2773/2773 2782/2782
f 2772/2772 2782/2782 2781/2781
f 2773/2773 2774/2774 2783/2783
f 2773/2773 2783/2783 2782/2782
f 2774/2774 2775/2775 2784/2784
f 2774/2774 2784/2784 2783/2783
f 2775/2775 2776/2776 2785/2785
f 2775/2775 2785/2785 2784/2784
f 2776/2776 2777/2777 2786/2786
f 2776/2776 2786/2786 2785/2785
f 2777/2777 2769/2769 2778/2778
f 2777/2777 2778/2778 2786/2786
f 2777/2777 2776/2776 2775/2775
f 2777/2777 2775/2775 2774/2774
f 2777/2777 2774/2774 2773/2773
f 2777/2777 2773/2773 2772/2772
f 2777/2777 2772/2772 2771/2771
f 2777/2777 2771/2771 2770/2770
f 2777/2777 2770/2770 2769/2769
f 2778/2778 2779/2779 2780/2780
f 2778/2778 2780/2780 2781/2781
f 2778/2778 2781/2781 2782/2782
f 2778/2778 2782/2782 2783/2783
f 2778/2778 2783/2783 2784/2784
f 2778/2778 2784/2784 2785/2785
f 2778/2778 2785/2785 2786/2786
f 2787/2787 2788/2788 2797/2797
f 2787/2787 2797/2797 2796/2796
f 2788/2788 2789/2789 2798/2798
f 2788/2788 2798/2798 2797/2797
f 2789/2789 2790/2790 2799/2799
f 2789/2789 2799/2799 2798/2798
f 2790/2790 2791/2791 2800/2800
f 2790/2790 2800/2800 2799/2799
f 2791/2791 2792/2792 2801/2801
f 2791/2791 2801/2801 2800/2800
f 2792/2792 2793/2793 2802/2802
f 2792/2792 2802/2802 2801/2801
f 2793/2793 2794/2794 2803/2803
f 2793/2793 2803/2803 2802/2802
f 2794/2794 2795/2795 2804/2804
f 2794/2794 2804/2804 2803/2803
f 2795/2795 2787/2787 2796/2796
f 2795/2795 2796/2796 2804/2804
f 2795/2795 2794/2794 2793/2793
f 2795/2795 2793/2793 2792/2792
f 2795/2795 2792/2792 2791/2791
f 2795/2795 2791/2791 2790/2790
f 2795/2795 2790/2790 2789/2789
f 2795/2795 2789/2789 2788/2788
f 2795/2795 2788/2788 2787/2787
f 2796/2796 2797/2797 2798/2798
f 2796/2796 2798/2798 2799/2799
f 2796/2796 2799/2799 2800/2800
f 2796/2796 2800/2800 2801/2801
f 2796/2796 2801/2801 2802/2802
f 2796/2796 2802/2802 2803/2803
f 2796/2796 2803/2803 2804/2804
f 2805/2805 2806/2806 2815/2815
f 2805/2805 2815/2815 2814/2814
f 2806/2806 2807/2807 2816/2816
f 2806/2806 2816/2816 2815/2815
f 2807/2807 2808/2808 2817/2817
f 2807/2807 2817/2817 2816/2816
f 2808/2808 2809/2809 2818/2818
f 2808/2808 2818/2818 2817/2817
f 2809/2809 2810/2810 2819/2819
f 2809/2809 2819/2819 2818/2818
f 2810/2810 2811/2811 2820/2820
f 2810/2810 2820/2820 2819/2819
f 2811/2811 2812/2812 2821/2821
f 2811/2811 2821/2821 2820/2820
f 2812/2812 2813/2813 2822/2822
f 2812/2812 2822/2822 2821/2821
f 2813/2813 2805/2805 2814/2814
f 2813/2813 2814/2814 2822/2822
f 2813/2813 2812/2812 2811/2811
f 2813/2813 2811/2811 2810/2810
f 2813/2813 2810/2810 2809/2809
f 2813/2813 2809/2809 2808/2808
f 2813/2813 2808/2808 2807/2807
f 2813/2813 2807/2807 2806/2806
f 2813/2813 2806/2806 2805/2805
f 2814/2814 2815/2815 2816/2816
f 2814/2814 2816/2816 2817/2817
f 2814/2814 2817/2817 2818/2818
f 2814/2814 2818/2818 2819/2819
f 2814/2814 2819/2819 2820/2820
f 2814/2814 2820/2820 2821/2821
f 2814/2814 2821/2821 2822/2822
f 2823/2823 2824/2824 2833/2833
f 2823/2823 2833/2833 2832/2832
f 2824/2824 2825/2825 2834/2834
f 2824/2824 2834/2834 2833/2833
f 2825/2825 2826/2826 2835/2835
f 2825/2825 2835/2835 2834/2834
f 2826/2826 2827/2827 2836/2836
f 2826/2826 2836/2836 2835/2835
f 2827/2827 2828/2828 2837/2837
f 2827/2827 2837/2837 2836/2836
f 2828/2828 2829/2829 2838/2838
f 2828/2828 2838/2838 2837/2837
f 2829/2829 2830/2830 2839/2839
f 2829/2829 2839/2839 2838/2838
f 2830/2830 2831/2831 2840/2840
f 2830/2830 2840/2840 2839/2839
f 2831/2831 2823/2823 2832/2832
f 2831/2831 2832/2832 2840/2840
f 2831/2831 2830/2830 2829/2829
f 2831/2831 2829/2829 2828/2828
f 2831/2831 2828/2828 2827/2827
f 2831/2831 2827/2827 2826/2826
f 2831/2831 2826/2826 2825/2825
f 2831/2831 2825/2825 2824/2824
f 2831/2831 2824/2824 2823/2823
f 2832/2832 2833/2833 2834/2834
f 2832/2832 2834/2834 2835/2835
f 2832/2832 2835/2835 2836/2836
f 2832/2832 2836/2836 2837/2837
f 2832/2832 2837/2837 2838/2838
f 2832/2832 2838/2838 2839/2839
f 2832/2832 2839/2839 2840/2840
f 2841/2841 2842/2842 2851/2851
f 2841/2841 2851/2851 2850/2850
f 2842/2842 2843/2843 2852/2852
f 2842/2842 2852/2852 2851/2851
f 2843/2843 2844/2844 2853/2853
f 2843/2843 2853/2853 2852/2852
f 2844/2844 2845/2845 2854/2854
f 2844/2844 2854/2854 2853/2853
f 2845/2845 2846/2846 2855/2855
f 2845/2845 2855/2855 2854/2854
f 2846/2846 2847/2847 2856/2856
f 2846/2846 2856/2856 2855/2855
f 2847/2847 2848/2848 2857/2857
f 2847/2847 2857/2857 2856/2856
f 2848/2848 2849/2849 2858/2858
f 2848/2848 2858/2858 2857/2857
f 2849/2849 2841/2841 2850/2850
f 2849/2849 2850/2850 2858/2858
f 2849/2849 2848/2848 2847/2847
f 2849/2849 2847/2847 2846/2846
f 2849/2849 2846/2846 2845/2845
f 2849/2849 2845/2845 2844/2844
f 2849/2849 2844/2844 2843/2843
f 2849/2849 2843/2843 2842/2842
f 2849/2849 2842/2842 2841/2841
f 2850/2850 2851/2851 2852/2852
f 2850/2850 2852/2852 2853/2853
f 2850/2850 2853/2853 2854/2854
f 2850/2850 2854/2854 2855/2855
f 2850/2850 2855/2855 2856/2856
f 2850/2850 2856/2856 2857/2857
f 2850/2850 2857/2857 2858/2858
f 2859/2859 2860/2860 2869/2869
f 2859/2859 2869/2869 2868/2868
f 2860/2860 2861/2861 2870/2870
f 2860/2860 2870/2870 2869/2869
f 2861/2861 2862/2862 2871/2871
f 2861/2861 2871/2871 2870/2870
f 2862/2862 2863/2863 2872/2872
f 2862/2862 2872/2872 2871/2871
f 2863/2863 2864/2864 2873/2873
f 2863/2863 2873/2873 2872/2872
f 2864/2864 2865/2865 2874/2874
f 2864/2864 2874/2874 2873/2873
f 2865/2865 2866/2866 2875/2875
f 2865/2865 2875/2875 2874/2874
f 2866/2866 2867/2867 2876/2876
f 2866/2866 2876/2876 2875/2875
f 2867/2867 2859/2859 2868/2868
f 2867/2867 2868/2868 2876/2876
f 2867/2867 2866/2866 2865/2865
f 2867/2867 2865/2865 2864/2864
f 2867/2867 2864/2864 2863/2863
f 2867/2867 2863/2863 2862/2862
f 2867/2867 2862/2862 2861/2861
f 2867/2867 2861/2861 2860/2860
f 2867/2867 2860/2860 2859/2859
f 2868/2868 2869/2869 2870/2870
f 2868/2868 2870/2870 2871/2871
f 2868/2868 2871/2871 2872/2872
f 2868/2868 2872/2872 2873/2873
f 2868/2868 2873/2873 2874/2874
f 2868/2868 2874/2874 2875/2875
f 2868/2868 2875/2875 2876/2876
f 2877/2877 2878/2878 2887/2887
f 2877/2877 2887/2887 2886/2886
f 2878/2878 2879/2879 2888/2888
f 2878/2878 2888/2888 2887/2887
f 2879/2879 2880/2880 2889/2889
f 2879/2879 2889/2889 2888/2888
f 2880/2880 2881/2881 2890/2890
f 2880/2880 2890/2890 2889/2889
f 2881/2881 2882/2882 2891/2891
f 2881/2881 2891/2891 2890/2890
f 2882/2882 2883/2883 2892/2892
f 2882/2882 2892/2892 2891/2891
f 2883/2883 2884/2884 2893/2893
f 2883/2883 2893/2893 2892/2892
f 2884/2884 2885/2885 2894/2894
f 2884/2884 2894/2894 2893/2893
f 2885/2885 2877/2877 2886/2886
f 2885/2885 2886/2886 2894/2894
f 2885/2885 2884/2884 2883/2883
f 2885/2885 2883/2883 2882/2882
f 2885/2885 2882/2882 2881/2881
f 2885/2885 2881/2881 2880/2880
f 2885/2885 2880/2880 2879/2879
f 2885/2885 2879/2879 2878/2878
f 2885/2885 2878/2878 2877/2877
f 2886/2886 2887/2887 2888/2888
f 2886/2886 2888/2888 2889/2889
f 2886/2886 2889/2889 2890/2890
f 2886/2886 2890/2890 2891/2891
f 2886/2886 2891/2891 2892/2892
f 2886/2886 2892/2892 2893/2893
f 2886/2886 2893/2893 2894/2894
f 2895/2895 2896/2896 2905/2905
f 2895/2895 2905/2905 2904/2904
f 2896/2896 2897/2897 2906/2906
f 2896/2896 2906/2906 2905/2905
f 2897/2897 2898/2898 2907/2907
f 2897/2897 2907/2907 2906/2906
f 2898/2898 2899/2899 2908/2908
f 2898/2898 2908/2908 2907/2907
f 2899/2899 2900/2900 2909/2909
f 2899/2899 2909/2909 2908/2908
f 2900/2900 2901/2901 2910/2910
f 2900/2900 2910/2910 2909/2909
f 2901/2901 2902/2902 2911/2911
f 2901/2901 2911/2911 2910/2910
f 2902/2902 2903/2903 2912/2912
f 2902/2902 2912/2912 2911/2911
f 2903/2903 2895/2895 2904/2904
f 2903/2903 2904/2904 2912/2912
f 2903/2903 2902/2902 2901/2901
f 2903/2903 2901/2901 2900/2900
f 2903/2903 2900/2900 2899/2899
f 2903/2903 2899/2899 2898/2898
f 2903/2903 2898/2898 2897/2897
f 2903/2903 2897/2897 2896/2896
f 2903/2903 2896/2896 2895/2895
f 2904/2904 2905/2905 2906/2906
f 2904/2904 2906/2906 2907/2907
f 2904/2904 2907/2907 2908/2908
f 2904/2904 2908/2908 2909/2909
f 2904/2904 2909/2909 2910/2910
f 2904/2904 2910/2910 2911/2911
f 2904/2904 2911/2911 2912/2912
f 2913/2913 2914/2914 2923/2923
f 2913/2913 2923/2923 2922/2922
f 2914/2914 2915/2915 2924/2924
f 2914/2914 2924/2924 2923/2923
f 2915/2915 2916/2916 2925/2925
f 2915/2915 2925/2925 2924/2924
f 2916/2916 2917/2917 2926/2926
f 2916/2916 2926/2926 2925/2925
f 2917/2917 2918/2918 2927/2927
f 2917/2917 2927/2927 2926/2926
f 2918/2918 2919/2919 2928/2928
f 2918/2918 2928/2928 2927/2927
f 2919/2919 2920/2920 2929/2929
f 2919/2919 2929/2929 2928/2928
f 2920/2920 2921/2921 2930/2930
f 2920/2920 2930/2930 2929/2929
f 2921/2921 2913/2913 2922/2922
f 2921/2921 2922/2922 2930/2930
f 2921/2921 2920/2920 2919/2919
f 2921/2921 2919/2919 2918/2918
f 2921/2921 2918/2918 2917/2917
f 2921/2921 2917/2917 2916/2916
f 2921/2921 2916/2916 2915/2915
f 2921/2921 2915/2915 2914/2914
f 2921/2921 2914/2914 2913/2913
f 2922/2922 2923/2923 2924/2924
f 2922/2922 2924/2924 2925/2925
f 2922/2922 2925/2925 2926/2926
f 2922/2922 2926/2926 2927/2927
f 2922/2922 2927/2927 2928/2928
f 2922/2922 2928/2928 2929/2929
f 2922/2922 2929/2929 2930/2930
f 2931/2931 2932/2932 2941/2941
f 2931/2931 2941/2941 2940/2940
f 2932/2932 2933/2933 2942/2942
f 2932/2932 2942/2942 2941/2941
f 2933/2933 2934/2934 2943/2943
f 2933/2933 2943/2943 2942/2942
f 2934/2934 2935/2935 2944/2944
f 2934/2934 2944/2944 2943/2943
f 2935/2935 2936/2936 2945/2945
f 2935/2935 2945/2945 2944/2944
f 2936/2936 2937/2937 2946/2946
f 2936/2936 2946/2946 2945/2945
f 2937/2937 2938/2938 2947/2947
f 2937/2937 2947/2947 2946/2946
f 2938/2938 2939/2939 2948/2948
f 2938/2938 2948/2948 2947/2947
f 2939/2939 2931/2931 2940/2940
f 2939/2939 2940/2940 2948/2948
f 2939/2939 2938/2938 2937/2937
f 2939/2939 2937/2937 2936/2936
f 2939/2939 2936/2936 2935/2935
f 2939/2939 2935/2935 2934/2934
f 2939/2939 2934/2934 2933/2933
f 2939/2939 2933/2933 2932/2932
f 2939/2939 2932/2932 2931/2931
f 2940/2940 2941/2941 2942/2942
f 2940/2940 2942/2942 2943/2943
f 2940/2940 2943/2943 2944/2944
f 2940/2940 2944/2944 2945/2945
f 2940/2940 2945/2945 2946/2946
f 2940/2940 2946/2946 2947/2947
f 2940/2940 2947/2947 2948/2948
f 2949/2949 2950/2950 2959/2959
f 2949/2949 2959/2959 2958/2958
f 2950/2950 2951/2951 2960/2960
f 2950/2950 2960/2960 2959/2959
f 2951/2951 2952/2952 2961/2961
f 2951/2951 2961/2961 2960/2960
f 2952/2952 2953/2953 2962/2962
f 2952/2952 2962/2962 2961/2961
f 2953/2953 2954/2954 2963/2963
f 2953/2953 2963/2963 2962/2962
f 2954/2954 2955/2955 2964/2964
f 2954/2954 2964/2964 2963/2963
f 2955/2955 2956/2956 2965/2965
f 2955/2955 2965/2965 2964/2964
f 2956/2956 2957/2957 2966/2966
f 2956/2956 2966/2966 2965/2965
f 2957/2957 2949/2949 2958/2958
f 2957/2957 2958/2958 2966/2966
f 2957/2957 2956/2956 2955/2955
f 2957/2957 2955/2955 2954/2954
f 2957/2957 2954/2954 2953/2953
f 2957/2957 2953/2953 2952/2952
f 2957/2957 2952/2952 2951/2951
f 2957/2957 2951/2951 2950/2950
f 2957/2957 2950/2950 2949/2949
f 2958/2958 2959/2959 2960/2960
f 2958/2958 2960/2960 2961/2961
f 2958/2958 2961/2961 2962/2962
f 2958/2958 2962/2962 2963/2963
f 2958/2958 2963/2963 2964/2964
f 2958/2958 2964/2964 2965/2965
f 2958/2958 2965/2965 2966/2966
f 2967/2967 2968/2968 2977/2977
f 2967/2967 2977/2977 2976/2976
f 2968/2968 2969/2969 2978/2978
f 2968/2968 2978/2978 2977/2977
f 2969/2969 2970/2970 2979/2979
f 2969/2969 2979/2979 2978/2978
f 2970/2970 2971/2971 2980/2980
f 2970/2970 2980/2980 2979/2979
f 2971/2971 2972/2972 2981/2981
f 2971/2971 2981/2981 2980/2980
f 2972/2972 2973/2973 2982/2982
f 2972/2972 2982/2982 2981/2981
f 2973/2973 2974/2974 2983/2983
f 2973/2973 2983/2983 2982/2982
f 2974/2974 2975/2975 2984/2984
f 2974/2974 2984/2984 2983/2983
f 2975/2975 2967/2967 2976/2976
f 2975/2975 2976/2976 2984/2984
f 2975/2975 2974/2974 2973/2973
f 2975/2975 2973/2973 2972/2972
f 2975/2975 2972/2972 2971/2971
f 2975/2975 2971/2971 2970/2970
f 2975/2975 2970/2970 2969/2969
f 2975/2975 2969/2969 2968/2968
f 2975/2975 2968/2968 2967/2967
f 2976/2976 2977/2977 2978/2978
f 2976/2976 2978/2978 2979/2979
f 2976/2976 2979/2979 2980/2980
f 2976/2976 2980/2980 2981/2981
f 2976/2976 2981/2981 2982/2982
f 2976/2976 2982/2982 2983/2983
f 2976/2976 2983/2983 2984/2984
f 2985/2985 2986/2986 2995/2995
f 2985/2985 2995/2995 2994/2994
f 2986/2986 2987/2987 2996/2996
f 2986/2986 2996/2996 2995/2995
f 2987/2987 2988/2988 2997/2997
f 2987/2987 2997/2997 2996/2996
f 2988/2988 2989/2989 2998/2998
f 2988/2988 2998/2998 2997/2997
f 2989/2989 2990/2990 2999/2999
f 2989/2989 2999/2999 2998/2998
f 2990/2990 2991/2991 3000/3000
f 2990/2990 3000/3000 2999/2999
f 2991/2991 2992/2992 3001/3001
f 2991/2991 3001/3001 3000/3000
f 2992/2992 2993/2993 3002/3002
f 2992/2992 3002/3002 3001/3001
f 2993/2993 2985/2985 2994/2994
f 2993/2993 2994/2994 3002/3002
f 2993/2993 2992/2992 2991/2991
f 2993/2993 2991/2991 2990/2990
f 2993/2993 2990/2990 2989/2989
f 2993/2993 2989/2989 2988/2988
f 2993/2993 2988/2988 2987/2987
f 2993/2993 2987/2987 2986/2986
f 2993/2993 2986/2986 2985/2985
f 2994/2994 2995/2995 2996/2996
f 2994/2994 2996/2996 2997/2997
f 2994/2994 2997/2997 2998/2998
f 2994/2994 2998/2998 2999/2999
f 2994/2994 2999/2999 3000/3000
f 2994/2994 3000/3000 3001/3001
f 2994/2994 3001/3001 3002/3002
f 3003/3003 3004/3004 3013/3013
f 3003/3003 3013/3013 3012/3012
f 3004/3004 3005/3005 3014/3014
f 3004/3004 3014/3014 3013/3013
f 3005/3005 3006/3006 3015/3015
f 3005/3005 3015/3015 3014/3014
f 3006/3006 3007/3007 3016/3016
f 3006/3006 3016/3016 3015/3015
f 3007/3007 3008/3008 3017/3017
f 3007/3007 3017/3017 3016/3016
f 3008/3008 3009/3009 3018/3018
f 3008/3008 3018/3018 3017/3017
f 3009/3009 3010/3010 3019/3019
f 3009/3009 3019/3019 3018/3018
f 3010/3010 3011/3011 3020/3020
f 3010/3010 3020/3020 3019/3019
f 3011/3011 3003/3003 3012/3012
f 3011/3011 3012/3012 3020/3020
f 3011/3011 3010/3010 3009/3009
f 3011/3011 3009/3009 3008/3008
f 3011/3011 3008/3008 3007/3007
f 3011/3011 3007/3007 3006/3006
f 3011/3011 3006/3006 3005/3005
f 3011/3011 3005/3005 3004/3004
f 3011/3011 3004/3004 3003/3003
f 3012/3012 3013/3013 3014/3014
f 3012/3012 3014/3014 3015/3015
f 3012/3012 3015/3015 3016/3016
f 3012/3012 3016/3016 3017/3017
f 3012/3012 3017/3017 3018/3018
f 3012/3012 3018/3018 3019/3019
f 3012/3012 3019/3019 3020/3020
f 3021/3021 3022/3022 3031/3031
f 3021/3021 3031/3031 3030/3030
f 3022/3022 3023/3023 3032/3032
f 3022/3022 3032/3032 3031/3031
f 3023/3023 3024/3024 3033/3033
f 3023/3023 3033/3033 3032/3032
f 3024/3024 3025/3025 3034/3034
f 3024/3024 3034/3034 3033/3033
f 3025/3025 3026/3026 3035/3035
f 3025/3025 3035/3035 3034/3034
f 3026/3026 3027/3027 3036/3036
f 3026/3026 3036/3036 3035/3035
f 3027/3027 3028/3028 3037/3037
f 3027/3027 3037/3037 3036/3036
f 3028/3028 3029/3029 3038/3038
f 3028/3028 3038/3038 3037/3037
f 3029/3029 3021/3021 3030/3030
f 3029/3029 3030/3030 3038/3038
f 3029/3029 3028/3028 3027/3027
f 3029/3029 3027/3027 3026/3026
f 3029/3029 3026/3026 3025/3025
f 3029/3029 3025/3025 3024/3024
f 3029/3029 3024/3024 3023/3023
f 3029/3029 3023/3023 3022/3022
f 3029/3029 3022/3022 3021/3021
f 3030/3030 3031/3031 3032/3032
f 3030/3030 3032/3032 3033/3033
f 3030/3030 3033/3033 3034/3034
f 3030/3030 3034/3034 3035/3035
f 3030/3030 3035/3035 3036/3036
f 3030/3030 3036/3036 3037/3037
f 3030/3030 3037/3037 3038/3038
