# Basketbroom original 3D environment. Centimetres, Z up.
o SM_BB_ENV_RR_Terrace
s 1
v 210.43093 2400.00000 -661.41778
v 208.35327 2411.50976 -687.58770
v 206.39337 2422.96064 -684.13522
v 203.83336 2434.41175 -664.55445
v 199.78423 2445.72401 -646.09714
v 193.75328 2456.65871 -639.49146
v 185.90753 2467.07208 -643.10785
v 176.89571 2477.04782 -644.68291
v 167.37012 2486.84626 -629.54511
v 157.53001 2496.67772 -590.70068
v 146.98028 2506.44209 -535.05610
v 134.98936 2515.62289 -482.06286
v 120.97422 2523.44322 -455.11400
v 104.90214 2529.22811 -469.95739
v 87.36100 2532.77535 -526.11883
v 69.26591 2534.50979 -605.91089
v 51.39753 2535.30950 -681.76084
v 34.06199 2536.08153 -728.32450
v 17.06753 2537.31632 -733.39793
v 0.00000 2538.86794 -702.27778
v -17.41081 2540.07816 -653.61773
v -35.08364 2540.16317 -609.19766
v -52.65982 2538.63262 -583.07541
v -69.77629 2535.50093 -575.74345
v -86.31464 2531.18504 -576.11139
v -102.42390 2526.17520 -569.88891
v -118.28395 2520.69804 -549.51341
v -133.77603 2514.58363 -519.97520
v -148.31786 2507.41076 -497.15340
v -161.03086 2498.82623 -499.37810
v -171.18832 2488.82748 -536.68611
v -178.68658 2477.82785 -603.62720
v -184.22881 2466.46643 -679.74119
v -189.05955 2455.28614 -737.85855
v -194.35515 2444.48147 -756.26088
v -200.59615 2433.86523 -728.64412
v -207.28050 2423.05933 -666.87410
v -213.15201 2411.77485 -595.17484
v -216.82286 2400.00000 -538.74408
v -217.44123 2387.98820 -512.57416
v -215.03323 2376.07820 -516.02664
v -210.34657 2364.48868 -535.60741
v -204.31977 2353.23796 -554.06472
v -197.51435 2342.24145 -560.67040
v -189.85096 2331.50520 -557.05401
v -180.78684 2321.25737 -555.47895
v -169.79315 2311.89646 -570.61675
v -156.81082 2303.76365 -609.46118
v -142.39084 2296.88154 -665.10576
v -127.43535 2290.84738 -718.09900
v -112.71145 2284.98819 -745.04787
v -98.44819 2278.72245 -730.20447
v -84.26489 2271.93027 -674.04304
v -69.46317 2265.10713 -594.25097
v -53.48707 2259.18955 -518.40102
v -36.26168 2255.13046 -471.83736
v -18.21481 2253.45332 -466.76393
v -0.00000 2254.03208 -497.88408
v 17.87153 2256.21516 -546.54413
v 35.24002 2259.21210 -590.96420
v 52.22478 2262.51266 -617.08645
v 68.95279 2266.09827 -624.41841
v 85.31125 2270.33995 -624.05047
v 100.92642 2275.66954 -630.27295
v 115.40172 2282.24301 -650.64845
v 128.64868 2289.80812 -680.18667
v 141.05326 2297.85021 -703.00846
v 153.30997 2305.91215 -700.78376
v 165.97495 2313.87767 -663.47576
v 178.99597 2322.03740 -596.53466
v 191.52969 2330.89954 -520.42067
v 202.20808 2340.86888 -462.30331
v 209.74885 2351.99542 -443.90098
v 213.58379 2363.94216 -471.51774
v 214.14610 2376.17689 -533.28776
v 212.64249 2388.25329 -604.98702
v 5317.27562 2400.00000 -794.67775
v 5281.76424 2691.77298 -807.46444
v 5271.36686 2986.42370 -774.86211
v 5267.79874 3289.32521 -708.88959
v 5235.98595 3598.34416 -634.07888
v 5141.76944 3903.59279 -576.25016
v 4967.98419 4192.35906 -551.17586
v 4720.38084 4455.98581 -558.73606
v 4421.11404 4694.06079 -585.23457
v 4094.76649 4912.99873 -612.27216
v 3755.72173 5119.86758 -627.21156
v 3404.00738 5315.64585 -629.57840
v 3030.86289 5492.72068 -630.06166
v 2629.12977 5638.80420 -642.85272
v 2200.99150 5745.17014 -675.71080
v 1758.02095 5813.96005 -723.41591
v 1314.06978 5859.42948 -768.48163
v 876.44574 5901.50093 -789.09576
v 441.83683 5954.78501 -770.31104
v 0.00000 6019.32667 -712.62809
v -457.23961 6078.70762 -633.31898
v -927.89340 6107.04020 -559.52438
v -1398.32623 6081.24361 -516.39777
v -1849.65458 5991.90648 -516.14374
v -2267.91328 5846.88100 -553.35113
v -2651.20500 5665.99850 -608.78728
v -3008.94740 5470.35790 -659.49049
v -3353.61305 5272.48143 -689.83859
v -3690.51491 5072.64525 -697.92330
v -4012.71945 4862.64566 -694.17816
v -4304.91006 4633.76399 -693.38653
v -4553.99278 4383.51465 -704.71090
v -4759.38797 4117.10131 -725.37711
v -4935.60054 3843.30342 -741.59965
v -5104.28363 3568.20186 -736.35021
v -5279.81957 3291.35460 -699.78210
v -5457.10219 3007.08620 -636.56082
v -5609.58521 2709.88232 -565.86812
v -5699.89262 2400.00000 -513.66116
v -5697.77479 2085.24595 -500.87448
v -5595.54157 1777.51284 -533.47681
v -5412.24709 1486.28860 -599.44932
v -5184.24173 1213.49838 -674.26003
v -4947.45938 953.22874 -732.08875
v -4721.32609 696.63073 -757.16305
v -4502.82310 438.77256 -749.60286
v -4272.97972 182.80426 -723.10435
v -4010.82761 -61.48461 -696.06675
v -3706.00329 -283.86183 -681.12735
v -3362.87741 -480.41666 -678.76052
v -2994.95698 -656.08195 -678.27725
v -2614.46273 -820.73599 -665.48619
v -2224.55458 -980.98241 -632.62811
v -1819.24773 -1132.85840 -584.92300
v -1390.48513 -1260.60107 -539.85728
v -936.92055 -1343.10469 -519.24315
v -467.95372 -1364.90768 -538.02787
v -0.00000 -1325.45216 -595.71082
v 452.55094 -1240.98506 -675.01993
v 885.47289 -1137.56542 -748.81453
v 1306.22868 -1038.78694 -791.94114
v 1727.61410 -954.91198 -792.19517
v 2157.63280 -879.27154 -754.98778
v 2592.38750 -793.54169 -699.55163
v 3016.87248 -678.44473 -648.84843
v 3413.27174 -523.58108 -618.50032
v 3771.21012 -331.08416 -610.41561
v 4092.87465 -111.83769 -614.16075
v 4389.18371 122.50746 -614.95238
v 4669.21116 366.30140 -603.62801
v 4929.92231 621.37298 -582.96181
v 5153.62827 892.93936 -566.73926
v 5315.94405 1183.35607 -571.98870
v 5400.22626 1488.31799 -608.55682
v 5409.80624 1798.17534 -671.77809
v 5369.95382 2103.35529 -742.47079
v 10481.47376 2400.00000 -875.50445
v 10464.79621 2978.09182 -868.50328
v 10448.63765 3562.37950 -834.76903
v 10420.04432 4159.14239 -777.90382
v 10329.17189 4764.00613 -715.16736
v 10113.14583 5357.35804 -670.50995
v 9729.26025 5910.14156 -663.46477
v 9178.53319 6397.75668 -699.50934
v 8506.29213 6813.80861 -766.87486
v 7779.95477 7174.63527 -841.53993
v 7057.19886 7510.77437 -897.97556
v 6362.46409 7849.66269 -920.29112
v 5683.68496 8199.68498 -908.28539
v 4988.50559 8545.30064 -875.59991
v 4248.03786 8856.36723 -841.27968
v 3453.24708 9105.97673 -819.40891
v 2615.53886 9285.68625 -812.34997
v 1754.27132 9408.51445 -811.04413
v 882.19905 9497.70612 -801.95404
v 0.00000 9568.32681 -776.61557
v -896.59454 9613.52461 -738.34676
v -1803.37389 9604.68481 -702.19113
v -2699.30713 9506.21519 -687.83960
v -3551.38617 9296.55633 -709.12497
v -4331.28902 8982.89624 -765.65820
v -5033.37075 8600.56967 -841.20438
v -5681.16719 8197.11581 -909.96506
v -6316.10135 7809.95145 -947.83354
v -6973.48636 7450.15035 -943.07518
v -7659.79141 7100.88982 -901.13482
v -8345.40543 6730.32651 -841.26539
v -8978.15972 6310.48300 -786.84270
v -9510.07196 5831.06238 -754.40296
v -9921.26649 5301.24731 -746.96251
v -10226.42948 4740.49178 -754.80377
v -10459.87680 4165.86703 -762.91090
v -10648.76173 3584.64270 -760.73777
v -10791.63585 2996.14696 -748.83683
v -10856.49116 2400.00000 -738.66755
v -10800.28875 1803.37504 -745.66873
v -10598.30525 1220.97043 -779.40297
v -10264.98455 667.03525 -836.26819
v -9852.64324 145.05553 -899.00464
v -9427.59329 -356.88389 -943.66206
v -9036.91981 -860.35762 -950.70723
v -8684.89576 -1382.75039 -914.66266
v -8332.36038 -1923.55760 -847.29714
v -7918.89623 -2459.90501 -772.63207
v -7394.61156 -2955.12630 -716.19645
v -6743.58523 -3376.10565 -693.88089
v -5987.07565 -3709.26766 -705.88661
v -5167.24319 -3965.48607 -738.57209
v -4323.32502 -4170.79219 -772.89232
v -3475.17881 -4348.56669 -794.76309
v -2622.62186 -4504.33300 -801.82203
v -1757.84227 -4622.78082 -803.12787
v -879.87613 -4679.01718 -812.21797
v -0.00000 -4656.98314 -837.55643
v 865.48064 -4563.19870 -875.82525
v 1708.73971 -4426.61045 -911.98088
v 2538.85359 -4283.80406 -926.33241
v 3377.03972 -4157.98709 -905.04703
v 4240.07387 -4044.26318 -848.51380
v 5122.37803 -3910.21703 -772.96762
v 5989.59343 -3711.83682 -704.20694
v 6789.94797 -3415.81689 -666.33846
v 7478.32407 -3015.75031 -671.09683
v 8039.05959 -2533.65046 -713.03718
v 8493.24709 -2007.03970 -772.90661
v 8885.26923 -1470.02408 -827.32930
v 9256.10810 -939.43680 -859.76905
v 9619.47264 -412.99461 -867.20950
v 9955.38565 121.54119 -859.36823
v 10225.15208 673.75989 -851.26110
v 10398.18117 1243.23363 -853.43423
v 10473.44911 1821.43018 -865.33517
v 15875.45527 2400.00000 -983.29477
v 15769.67310 3271.14158 -995.40705
v 15545.03163 4129.33799 -1010.33009
v 15252.12748 4974.90882 -1016.51231
v 14897.37149 5809.51606 -1012.48028
v 14444.35973 6623.92241 -1007.31522
v 13844.13658 7394.71470 -1014.68238
v 13074.16214 8094.51763 -1043.76613
v 12160.83393 8710.10465 -1092.21249
v 11171.21770 9255.88690 -1145.18032
v 10179.12987 9771.65511 -1181.37222
v 9226.54553 10302.84396 -1183.16285
v 8303.72619 10873.19940 -1145.66149
v 7359.36275 11465.94084 -1079.96151
v 6333.42672 12025.83905 -1008.74715
v 5192.14665 12482.80433 -956.33222
v 3944.63172 12784.66559 -938.05388
v 2633.43427 12920.87091 -954.24942
v 1308.03809 12923.78147 -991.64856
v 0.00000 12847.27680 -1031.18096
v -1284.65582 12735.66006 -1057.93845
v -2553.42987 12601.24419 -1068.04627
v -3807.34613 12423.24656 -1068.98144
v -5029.69871 12167.34121 -1073.46125
v -6193.16263 11812.65911 -1090.49598
v -7280.58932 11368.90047 -1118.70982
v -8303.44209 10872.90950 -1145.78310
v -9301.67234 10367.19258 -1154.52713
v -10320.64586 9874.14001 -1132.45428
v -11376.98257 9382.16684 -1079.70340
v -12434.88733 8852.30753 -1010.90833
v -13410.54764 8241.03204 -949.69478
v -14206.05922 7525.28986 -918.33835
v -14755.82868 6715.00438 -927.68852
v -15059.30000 5846.57615 -972.39840
v -15180.46601 4962.81072 -1033.81902
v -15213.51421 4092.45768 -1089.01695
v -15233.81421 3241.53989 -1121.29039
v -15262.08115 2400.00000 -1126.89574
v -15261.51285 1556.92999 -1114.78345
v -15167.82938 712.62462 -1099.86042
v -14932.60861 -120.96671 -1093.67819
v -14553.04732 -930.71164 -1097.71023
v -14070.56558 -1714.61487 -1102.87528
v -13540.50938 -2485.17149 -1095.50813
v -12993.13957 -3259.22784 -1066.42437
v -12411.05742 -4039.94249 -1017.97801
v -11737.41236 -4803.36617 -965.01018
v -10909.74973 -5500.76493 -928.81828
v -9898.52518 -6078.41694 -927.02766
v -8726.89201 -6505.00174 -964.52901
v -7460.46654 -6790.48980 -1030.22899
v -6174.37920 -6984.11116 -1101.44335
v -4918.19490 -7150.80822 -1153.85829
v -3699.18158 -7338.49180 -1172.13662
v -2491.63578 -7554.36976 -1155.94109
v -1263.27929 -7763.67583 -1118.54194
v -0.00000 -7911.08081 -1079.00954
v 1286.66156 -7951.79724 -1052.25206
v 2571.64018 -7873.99648 -1042.14423
v 3836.46717 -7699.91083 -1041.20906
v 5080.64284 -7466.27133 -1036.72925
v 6314.64328 -7197.29110 -1019.69453
v 7539.23997 -6887.53017 -991.48069
v 8727.17611 -6505.29163 -964.40740
v 9823.39837 -6014.06833 -955.66337
v 10768.23374 -5398.28004 -977.73623
v 11531.64749 -4677.08623 -1030.48711
v 12137.00403 -3897.73961 -1099.28217
v 12656.75407 -3112.71343 -1160.49572
v 13178.58674 -2354.59633 -1191.85215
v 13759.09663 -1623.53290 -1182.50198
v 14391.11881 -893.65155 -1137.79210
v 15004.27008 -133.06481 -1076.37148
v 15499.34680 675.74431 -1021.17355
v 15797.37174 1527.32830 -988.90012
v 20775.13925 2400.00000 -1279.03206
v 20431.47215 3528.66670 -1324.09206
v 19863.73219 4609.78043 -1383.88269
v 19210.61024 5643.19147 -1436.80455
v 18571.08585 6650.30788 -1466.78093
v 17964.65486 7653.35215 -1469.75139
v 17337.58852 8655.08914 -1453.83291
v 16607.45217 9633.46002 -1433.39787
v 15716.66499 10555.18092 -1420.47370
v 14663.06221 11398.86644 -1418.17917
v 13492.03888 12170.84079 -1419.70135
v 12259.72172 12900.86052 -1413.24849
v 10993.89506 13618.27273 -1390.13345
v 9678.69369 14323.10630 -1351.40323
v 8271.76511 14971.81667 -1309.16725
v 6740.60234 15489.80256 -1281.60544
v 5092.50359 15806.56126 -1284.05726
v 3377.74178 15894.46452 -1320.78403
v 1664.06964 15788.22265 -1381.78043
v 0.00000 15572.17190 -1446.47829
v -1608.46824 15340.88325 -1492.65178
v -3192.45817 15154.23532 -1506.14850
v -4790.48834 15011.47377 -1486.64264
v -6415.13675 14857.76997 -1446.66039
v -8038.99629 14618.04369 -1404.58584
v -9609.31376 14237.63772 -1375.40703
v -11080.64755 13706.79578 -1364.01540
v -12441.94964 13056.94482 -1364.39437
v -13717.73901 12334.29126 -1364.82722
v -14940.74270 11569.28171 -1356.02997
v -16113.90303 10761.30277 -1337.58381
v -17189.00028 9886.75625 -1319.01029
v -18080.27725 8923.03783 -1314.77715
v -18709.23240 7871.08681 -1335.86790
v -19055.16336 6761.09723 -1382.50322
v -19179.38132 5637.91931 -1442.10923
v -19204.54634 4536.44799 -1493.92936
v -19256.79615 3463.77575 -1518.18468
v -19401.36810 2400.00000 -1505.24605
v -19607.81206 1316.83358 -1460.18605
v -19764.81996 201.22326 -1400.39542
v -19736.50667 -931.97485 -1347.47356
v -19428.54751 -2046.55252 -1317.49718
v -18827.91893 -3105.79397 -1314.52672
v -17996.59510 -4092.84682 -1330.44520
v -17026.97299 -5016.18444 -1350.88024
v -15988.24448 -5896.10012 -1363.80441
v -14895.75490 -6741.67225 -1366.09894
v -13718.76916 -7535.03728 -1364.57676
v -12417.19985 -8235.74579 -1371.02962
v -10980.57164 -8804.67738 -1394.14466
v -9443.21025 -9233.01611 -1432.87488
v -7866.95407 -9556.56585 -1475.11086
v -6304.68827 -9843.28635 -1502.67267
v -4770.24589 -10158.18334 -1500.22085
v -3235.09398 -10524.57025 -1463.49408
v -1653.68004 -10904.63349 -1402.49768
v -0.00000 -11212.16633 -1337.79982
v 1709.28144 -11351.97289 -1291.62633
v 3420.37759 -11264.79945 -1278.12961
v 5072.26114 -10953.27084 -1297.63547
v 6630.15386 -10475.31894 -1337.61771
v 8099.72289 -9910.33884 -1379.69227
v 9512.59018 -9318.48470 -1408.87108
v 10893.81914 -8716.15433 -1420.26271
v 12234.97192 -8079.66150 -1419.88374
v 13493.06902 -7371.58681 -1419.45089
v 14618.07441 -6571.25699 -1428.24814
v 15591.00644 -5689.97827 -1446.69430
v 16445.42489 -4762.88822 -1465.26782
v 17253.90638 -3824.89813 -1469.50096
v 18083.34138 -2888.05931 -1448.41021
v 18944.47000 -1935.76318 -1401.77489
v 19767.73559 -937.24700 -1342.16888
v 20424.00581 127.89081 -1290.34875
v 20782.48806 1251.94263 -1266.09343
v 24422.33748 2400.00000 -1773.39981
v 24016.87923 3726.73023 -1812.12349
v 23369.36370 4999.77139 -1860.85855
v 22632.78839 6220.93361 -1902.23587
v 21946.04598 7422.72473 -1919.48510
v 21363.90860 8647.38611 -1904.43953
v 20830.80936 9915.38019 -1861.69259
v 20212.67356 11203.73248 -1806.73575
v 19367.70109 12449.65789 -1758.96695
v 18215.74702 13579.18429 -1733.06327
v 16769.11089 14544.07356 -1733.00410
v 15112.22712 15344.12653 -1751.60382
v 13348.05014 16020.47445 -1775.52553
v 11546.21493 16623.69097 -1792.92086
v 9722.65404 17176.94573 -1799.55846
v 7857.23594 17658.23092 -1800.22444
v 5931.01336 18014.02807 -1804.79547
v 3953.99847 18196.67584 -1821.29536
v 1964.06593 18201.83387 -1849.89543
v 0.00000 18081.13214 -1881.32605
v -1928.99266 17919.65295 -1900.79111
v -3852.09977 17789.57892 -1895.48260
v -5814.28777 17706.73544 -1861.77468
v -7835.56128 17616.14018 -1808.22365
v -9880.04707 17416.15903 -1752.60531
v -11858.50509 17008.39876 -1714.29317
v -13666.71948 16345.64761 -1705.70707
v -15237.98935 15451.84608 -1727.06760
v -16576.93110 14404.89829 -1767.00689
v -17752.04356 13294.60488 -1808.59017
v -18850.11704 12181.09000 -1837.56336
v -19920.30414 11076.38950 -1848.58583
v -20943.24121 9955.94357 -1846.37316
v -21845.44066 8788.19914 -1841.42897
v -22550.35235 7561.03049 -1842.92083
v -23033.26567 6288.54336 -1852.73066
v -23343.42247 4996.88550 -1864.01014
v -23576.46372 3702.40099 -1865.08065
v -23811.74414 2400.00000 -1846.56899
v -24052.45854 1071.30431 -1807.84531
v -24206.86791 -292.94121 -1759.11025
v -24125.34315 -1672.91107 -1717.73293
v -23674.58004 -3018.32906 -1700.48370
v -22807.57677 -4269.55382 -1715.52927
v -21589.79933 -5389.21008 -1758.27621
v -20167.28268 -6383.96225 -1813.23305
v -18695.76665 -7300.99951 -1861.00185
v -17271.22013 -8199.51878 -1886.90552
v -15898.94371 -9113.90454 -1886.96470
v -14513.75899 -10031.51862 -1868.36498
v -13033.49196 -10899.49637 -1844.44327
v -11410.67047 -11656.71482 -1827.04793
v -9652.75586 -12270.71119 -1820.41034
v -7804.34476 -12755.51977 -1819.74435
v -5909.75366 -13158.05963 -1815.17333
v -3985.07043 -13520.81190 -1798.67344
v -2019.07296 -13844.39131 -1770.07337
v -0.00000 -14074.92227 -1738.64275
v 2054.14623 -14126.57223 -1719.17768
v 4086.96913 -13927.90882 -1724.48620
v 6026.47925 -13465.35226 -1758.19411
v 7826.01941 -12797.61050 -1811.74515
v 9495.36283 -12031.49788 -1867.36349
v 11098.38031 -11272.00704 -1905.67562
v 12714.82262 -10574.32321 -1914.26173
v 14387.99676 -9923.79908 -1892.90120
v 16091.12350 -9253.07981 -1852.96191
v 17734.92359 -8484.09819 -1811.37863
v 19213.35069 -7569.56740 -1782.40544
v 20459.65209 -6511.30523 -1771.38297
v 21477.36748 -5348.64669 -1773.59564
v 22326.04471 -4128.74079 -1778.53983
v 23070.27368 -2880.02331 -1777.04796
v 23724.86587 -1605.30133 -1767.23814
v 24232.80914 -295.82710 -1755.95865
v 24492.87404 1046.97506 -1754.88815
v 27202.94377 2400.00000 -2329.25603
v 27156.78904 3900.18380 -2325.16717
v 26844.20257 5386.33676 -2328.17178
v 26320.05435 6843.42864 -2333.79484
v 25687.42971 8279.00384 -2333.08766
v 25026.17809 9718.33300 -2318.36452
v 24334.32549 11179.38560 -2288.62263
v 23519.81891 12644.17641 -2251.55195
v 22448.79606 14048.39954 -2220.82339
v 21021.79331 15301.28267 -2209.86071
v 19232.55980 16328.08614 -2225.22009
v 17175.37426 17111.28086 -2262.99647
v 14998.33289 17704.43832 -2310.17789
v 12831.96357 18207.59457 -2350.35141
v 10735.15733 18715.79572 -2370.94214
v 8686.93682 19269.45500 -2368.40114
v 6622.74759 19835.09254 -2348.84570
v 4487.34290 20327.44781 -2324.02181
v 2269.51943 20659.35090 -2304.85826
v 0.00000 20789.23687 -2296.05949
v -2279.30336 20738.06724 -2294.53277
v -4547.20209 20566.59211 -2292.32730
v -6810.16054 20328.47721 -2282.31187
v -9078.36109 20029.57495 -2263.34174
v -11329.71949 19619.43919 -2241.94825
v -13492.09441 19020.80453 -2229.47548
v -15463.37687 18178.97353 -2236.07816
v -17162.98543 17100.66942 -2264.75431
v -18584.05312 15858.44211 -2308.66770
v -19810.37398 14557.82263 -2353.35954
v -20981.05310 13286.80608 -2382.91644
v -22217.90680 12077.12199 -2387.08293
v -23555.71548 10898.47716 -2365.77795
v -24916.72882 9686.32707 -2328.78035
v -26146.25784 8384.01444 -2290.80994
v -27090.15554 6973.43938 -2264.56180
v -27669.65690 5478.16607 -2255.23850
v -27910.44312 3941.81684 -2259.26091
v -27910.49205 2400.00000 -2267.59301
v -27768.40645 866.02949 -2271.68187
v -27517.55782 -661.24550 -2268.67726
v -27106.92498 -2176.27045 -2263.05420
v -26439.80814 -3651.19840 -2263.76138
v -25445.23637 -5040.87700 -2278.48452
v -24136.49465 -6308.01180 -2308.22641
v -22619.30206 -7451.95173 -2345.29709
v -21043.44876 -8519.18240 -2376.02566
v -19526.47922 -9583.59361 -2386.98834
v -18094.75463 -10704.09555 -2371.62896
v -16675.99866 -11883.54901 -2333.85257
v -15145.85932 -13054.97566 -2286.67115
v -13399.13253 -14106.28553 -2246.49764
v -11403.65768 -14931.81392 -2225.90691
v -9208.36653 -15482.03690 -2228.44790
v -6906.80105 -15782.89369 -2248.00334
v -4584.03049 -15913.72578 -2272.82724
v -2281.71203 -15957.44609 -2291.99078
v -0.00000 -15953.05368 -2300.78955
v 2271.92810 -15878.72976 -2302.31627
v 4524.17130 -15674.58148 -2304.52174
v 6719.38810 -15289.50902 -2314.53717
v 8816.94227 -14721.91695 -2333.50730
v 10809.09551 -14028.17045 -2354.90080
v 12739.00169 -13293.07556 -2367.37357
v 14680.81533 -12580.44045 -2360.77088
v 16688.38749 -11894.16046 -2332.09473
v 18743.26131 -11173.73958 -2288.18134
v 20737.89855 -10327.05365 -2243.48950
v 22511.19172 -9280.77587 -2213.93260
v 23921.21417 -8019.00615 -2209.76611
v 24915.10466 -6588.92024 -2231.07110
v 25554.68564 -5072.88294 -2268.06870
v 25980.98000 -3546.18780 -2306.03911
v 26336.82380 -2046.25971 -2332.28725
v 26692.10348 -569.41619 -2341.61055
v 27014.75237 907.66253 -2337.58813
v 30023.79635 2400.00000 -2863.84267
v 30433.48844 4081.19383 -2832.40847
v 30465.82571 5789.23143 -2811.04674
v 30049.43783 7473.03408 -2804.26555
v 29237.76244 9091.55768 -2809.48037
v 28160.19715 10634.80514 -2819.41925
v 26938.88653 12119.06423 -2826.72713
v 25622.72228 13560.10664 -2828.20741
v 24176.14670 14944.70019 -2826.39935
v 22524.31037 16223.39227 -2827.67638
v 20621.14935 17333.69305 -2837.96477
v 18494.66227 18241.29505 -2858.49930
v 16240.76917 18972.23186 -2884.04654
v 13971.58970 19611.49100 -2904.72429
v 11753.20806 20263.07699 -2910.61487
v 9573.53527 20991.17036 -2896.83675
v 7360.05073 21776.12204 -2866.42250
v 5034.36625 22512.86861 -2829.43185
v 2567.37723 23055.75694 -2798.64797
v 0.00000 23286.65031 -2783.96102
v -2581.46397 23169.09137 -2788.21559
v -5095.98816 22759.05521 -2806.53563
v -7508.88412 22167.94188 -2829.34429
v -9835.96792 21500.79715 -2847.40789
v -12110.35128 20805.88001 -2856.24105
v -14338.13850 20063.03957 -2857.62470
v -16477.48509 19213.77898 -2857.57827
v -18459.09247 18210.82833 -2862.04096
v -20236.07253 17054.82309 -2872.73619
v -21827.80567 15795.94044 -2885.57303
v -23322.62691 14501.81945 -2892.54534
v -24829.29170 13214.52392 -2886.16914
v -26401.75346 11925.27631 -2864.07822
v -27983.17479 10583.03901 -2831.24107
v -29408.12385 9130.54778 -2798.46477
v -30469.16682 7543.89396 -2777.78603
v -31014.94751 5850.31958 -2776.99989
v -31025.68352 4113.90762 -2796.06763
v -30622.73075 2400.00000 -2827.21380
v -30005.90003 742.42682 -2858.64800
v -29353.56181 -865.49542 -2880.00973
v -28741.32167 -2452.19408 -2886.79092
v -28122.76855 -4036.37243 -2881.57610
v -27378.27473 -5606.14983 -2871.63722
v -26398.14216 -7123.97342 -2864.32934
v -25148.51724 -8553.56423 -2862.84906
v -23682.48459 -9888.54509 -2864.65712
v -22094.78972 -11159.79119 -2863.38010
v -20453.62584 -12412.37368 -2853.09170
v -18755.20566 -13664.45915 -2832.55717
v -16929.73712 -14875.26115 -2807.00993
v -14892.96677 -15946.52813 -2786.33218
v -12608.22439 -16762.57092 -2780.44160
v -10118.35989 -17249.18363 -2794.21972
v -7527.79152 -17417.71763 -2824.63397
v -4947.72404 -17366.72307 -2861.62462
v -2440.77329 -17237.16870 -2892.40850
v -0.00000 -17144.36776 -2907.09545
v 2426.68655 -17123.83427 -2902.84088
v 4886.10212 -17120.53647 -2884.52084
v 7378.95813 -17025.89779 -2861.71218
v 9855.92724 -16739.55684 -2843.64858
v 12251.08117 -16219.76790 -2834.81542
v 14526.41797 -15494.97956 -2833.43178
v 16693.02120 -14633.71403 -2833.47820
v 18790.77546 -13694.92587 -2829.01551
v 20838.70266 -12691.24364 -2818.32028
v 22791.29442 -11587.24302 -2805.48344
v 24536.00438 -10331.42584 -2798.51113
v 25941.94782 -8899.14694 -2804.88733
v 26935.27523 -7317.76134 -2826.97825
v 27555.29708 -5657.91596 -2859.81540
v 27952.40713 -3997.38233 -2892.59170
v 28321.59268 -2381.33421 -2913.27044
v 28804.44001 -804.40727 -2914.05658
v 29413.70495 775.14061 -2894.98884
v 32698.50163 2400.00000 -3424.29976
v 33117.80213 4229.47955 -3403.51300
v 33091.83629 6081.36721 -3391.10254
v 32494.33833 7885.78934 -3392.24814
v 31349.83218 9574.94065 -3406.85038
v 29822.39883 11120.87798 -3429.49795
v 28134.41037 12550.38766 -3451.93926
v 26461.74333 13925.54651 -3466.81735
v 24863.15466 15301.18003 -3470.79964
v 23278.68285 16686.35813 -3465.57611
v 21590.10554 18035.40438 -3456.32676
v 19701.64199 19275.11343 -3448.57621
v 17591.84781 20350.88506 -3445.16657
v 15310.64472 21261.06229 -3444.96652
v 12932.37769 22055.23431 -3443.96345
v 10502.51442 22795.18623 -3438.07806
v 8015.69899 23502.18632 -3426.09699
v 5437.92674 24125.13892 -3411.04255
v 2753.49054 24553.12603 -3399.13288
v 0.00000 24669.11364 -3396.78829
v -2736.37998 24415.46356 -3407.21664
v -5364.75623 23832.81434 -3428.38624
v -7843.18859 23048.03420 -3453.51338
v -10204.33304 22216.13779 -3473.90582
v -12532.67382 21447.74562 -3482.78405
v -14905.32651 20761.75399 -3478.19098
v -17333.90685 20087.67971 -3463.56560
v -19746.05923 19313.15828 -3445.75488
v -22020.33947 18346.97681 -3431.54363
v -24053.08214 17161.61464 -3424.51120
v -25813.77954 15794.44739 -3423.80205
v -27351.59371 14313.12536 -3425.34812
v -28746.92999 12771.37369 -3424.76750
v -30038.74908 11184.14466 -3420.28094
v -31176.41318 9535.25078 -3414.00374
v -32031.61229 7807.67058 -3410.87079
v -32468.54529 6012.02796 -3415.75587
v -32432.18111 4191.60476 -3430.35351
v -31999.69632 2400.00000 -3451.56297
v -31359.41867 667.65632 -3472.34973
v -30723.96257 -1017.94838 -3484.76020
v -30224.11197 -2702.52308 -3483.61460
v -29842.83894 -4430.03970 -3469.01236
v -29426.48514 -6205.10208 -3446.36478
v -28765.95647 -7978.23810 -3423.92347
v -27701.41919 -9665.49362 -3409.04539
v -26192.81423 -11191.12375 -3405.06309
v -24321.32835 -12526.24000 -3410.28662
v -22228.79165 -13697.93643 -3419.53598
v -20036.81368 -14762.19916 -3427.28652
v -17794.71239 -15757.88996 -3430.69616
v -15482.29393 -16672.51560 -3430.89621
v -13056.59241 -17444.02167 -3431.89929
v -10504.95611 -17999.92785 -3437.78468
v -7866.76965 -18310.11388 -3449.76574
v -5211.04664 -18418.72698 -3464.82018
v -2589.24430 -18431.68784 -3476.72985
v -0.00000 -18463.01832 -3479.07445
v 2606.35486 -18569.35031 -3468.64609
v 5284.21716 -18711.05156 -3447.47650
v 8039.28005 -18764.26600 -3422.34935
v 10803.13749 -18578.97630 -3401.95691
v 13456.29628 -18051.51036 -3393.07869
v 15887.61214 -17171.82390 -3397.67175
v 18052.65335 -16021.09531 -3412.29713
v 19992.39644 -14724.15431 -3430.10785
v 21798.55771 -13386.36400 -3444.31911
v 23546.92906 -12050.98348 -3451.35153
v 25242.18934 -10697.85639 -3452.06069
v 26811.56882 -9277.91478 -3450.51461
v 28153.43686 -7757.25208 -3451.09524
v 29210.13488 -6141.83540 -3455.58179
v 30016.25795 -4469.72958 -3461.85900
v 30686.83801 -2780.64185 -3464.99194
v 31347.25356 -1087.28763 -3460.10686
v 32045.03969 629.78154 -3445.50922
v 34006.53050 2400.00000 -4053.14004
v 33994.72270 4277.92202 -4051.14849
v 33692.53135 6148.19273 -4050.25109
v 32982.23048 7968.15673 -4052.82038
v 31833.59552 9685.65810 -4059.78417
v 30342.60378 11273.00001 -4069.75008
v 28695.74282 12752.90628 -4079.35604
v 27078.97541 14194.38507 -4084.72631
v 25583.96903 15675.20159 -4083.31764
v 24165.64518 17230.69569 -4075.21374
v 22674.07319 18820.40622 -4063.19241
v 20939.84874 20335.67881 -4051.51090
v 18862.36545 21647.33307 -4044.00892
v 16452.23721 22667.38107 -4042.47245
v 13809.84977 23388.85754 -4046.05682
v 11061.15339 23880.02605 -4052.01227
v 8294.66299 24236.58895 -4057.28140
v 5537.06679 24521.21473 -4060.09994
v 2775.16781 24727.52988 -4060.75733
v 0.00000 24790.49920 -4061.14400
v -2763.80269 24636.09211 -4063.37522
v -5466.26471 24238.35235 -4068.28230
v -8070.71071 23647.01056 -4074.63452
v -10590.91300 22966.85042 -4079.56003
v -13093.42495 22300.00149 -4079.98197
v -15655.25575 21685.58590 -4074.32449
v -18299.80281 21073.28892 -4063.57360
v -20953.32361 20347.22048 -4051.09359
v -23455.73003 19386.47667 -4041.23937
v -25626.97001 18127.52521 -4037.43219
v -27353.99673 16593.64683 -4040.65245
v -28647.14135 14877.40770 -4049.09530
v -29630.35101 13090.09606 -4059.14193
v -30468.73698 11309.88478 -4067.13015
v -31275.28753 9557.87985 -4071.01248
v -32052.07365 7811.12493 -4071.07198
v -32700.64317 6037.84815 -4069.37931
v -33093.80463 4228.15389 -4068.34416
v -33162.94716 2400.00000 -4069.18638
v -32945.33714 580.04769 -4071.17793
v -32560.84219 -1222.29571 -4072.07533
v -32131.87903 -3024.59790 -4069.50604
v -31696.45457 -4854.27107 -4062.54225
v -31169.41223 -6714.78122 -4052.57634
v -30378.04967 -8559.85224 -4042.97038
v -29153.05966 -10297.76299 -4037.60010
v -27422.18679 -11829.02980 -4039.00878
v -25252.54560 -13097.73724 -4047.11268
v -22818.57621 -14125.05430 -4059.13401
v -20316.49835 -15001.75841 -4070.81552
v -17875.85664 -15840.69031 -4078.31750
v -15516.90057 -16715.14725 -4079.85397
v -13171.82208 -17619.15313 -4076.26960
v -10748.74036 -18473.34068 -4070.31415
v -8194.46895 -19172.81740 -4065.04502
v -5518.66587 -19647.70096 -4062.22648
v -2771.64369 -19899.17668 -4061.56909
v -0.00000 -19989.15258 -4061.18242
v 2783.00882 -19990.61445 -4058.95120
v 5589.46794 -19930.56334 -4054.04412
v 8418.42124 -19762.39578 -4047.69190
v 11218.98075 -19386.51631 -4042.76639
v 13888.24690 -18708.00918 -4042.34445
v 16313.88204 -17696.94243 -4048.00193
v 18438.41928 -16414.73446 -4058.75282
v 20303.02348 -14990.21673 -4071.23283
v 22036.91937 -13558.98385 -4081.08705
v 23791.22078 -12200.90773 -4084.89423
v 25652.15910 -10910.58456 -4081.67397
v 27584.89371 -9614.74036 -4073.23111
v 29443.44148 -8222.66247 -4063.18449
v 31043.27904 -6677.89646 -4055.19627
v 32254.76256 -4982.04932 -4051.31394
v 33062.03586 -3181.62970 -4051.25444
v 33552.73038 -1332.64029 -4052.94710
v 33846.25522 530.27955 -4053.98226
v 33533.56960 2400.00000 -4700.00000
v 33206.42761 4234.37536 -4700.00000
v 32887.27276 6058.61013 -4700.00000
v 32462.13818 7880.35322 -4700.00000
v 31794.03710 9676.60448 -4700.00000
v 30811.66896 11410.16739 -4700.00000
v 29548.35950 13060.51500 -4700.00000
v 28110.90186 14643.84587 -4700.00000
v 26602.25441 16203.57714 -4700.00000
v 25049.76797 17773.29060 -4700.00000
v 23385.09104 19335.32041 -4700.00000
v 21487.67302 20804.90857 -4700.00000
v 19263.23310 22056.38215 -4700.00000
v 16707.37209 22981.67971 -4700.00000
v 13915.36482 23549.22426 -4700.00000
v 11034.10347 23827.49690 -4700.00000
v 8188.17692 23956.25294 -4700.00000
v 5426.27727 24078.59794 -4700.00000
v 2718.39181 24270.74029 -4700.00000
v 0.00000 24508.39714 -4700.00000
v -2770.22721 24687.78040 -4700.00000
v -5578.65707 24687.37266 -4700.00000
v -8369.46604 24433.51597 -4700.00000
v -11087.98338 23932.12812 -4700.00000
v -13718.94482 23250.69593 -4700.00000
v -16288.19341 22465.29681 -4700.00000
v -18823.66819 21607.84602 -4700.00000
v -21303.09328 20646.80987 -4700.00000
v -23629.31485 19512.18559 -4700.00000
v -25659.07679 18147.22946 -4700.00000
v -27275.81158 16553.07754 -4700.00000
v -28464.57261 14797.88896 -4700.00000
v -29339.83410 12985.28279 -4700.00000
v -30101.41459 11202.46976 -4700.00000
v -30936.48885 9480.34002 -4700.00000
v -31920.25486 7788.87089 -4700.00000
v -32971.99544 6068.03527 -4700.00000
v -33893.08443 4272.30736 -4700.00000
v -34466.43040 2400.00000 -4700.00000
v -34561.31792 490.77837 -4700.00000
v -34185.29588 -1403.01130 -4700.00000
v -33457.07990 -3248.32220 -4700.00000
v -32521.53533 -5043.10479 -4700.00000
v -31460.91725 -6800.02519 -4700.00000
v -30255.85558 -8515.76682 -4700.00000
v -28816.41866 -10151.13729 -4700.00000
v -27059.30023 -11640.73250 -4700.00000
v -24979.45796 -12930.14065 -4700.00000
v -22670.05583 -14017.49688 -4700.00000
v -20278.79145 -14969.46119 -4700.00000
v -17929.24165 -15895.16487 -4700.00000
v -15657.05064 -16887.79701 -4700.00000
v -13399.92406 -17965.83322 -4700.00000
v -11045.46044 -19049.55139 -4700.00000
v -8504.83621 -19989.89245 -4700.00000
v -5766.15487 -20636.44781 -4700.00000
v -2897.00368 -20907.75672 -4700.00000
v -0.00000 -20824.93619 -4700.00000
v 2845.16829 -20490.71662 -4700.00000
v 5613.77507 -20027.67309 -4700.00000
v 8323.54709 -19512.62942 -4700.00000
v 10991.58053 -18944.92017 -4700.00000
v 13596.34406 -18264.36155 -4700.00000
v 16076.22931 -17404.17991 -4700.00000
v 18368.80657 -16343.70100 -4700.00000
v 20463.37119 -15127.55989 -4700.00000
v 22425.83202 -13840.63169 -4700.00000
v 24370.14913 -12556.20179 -4700.00000
v 26385.74306 -11291.23211 -4700.00000
v 28462.74791 -9997.09420 -4700.00000
v 30464.38099 -8590.99902 -4700.00000
v 32171.17162 -7007.72283 -4700.00000
v 33379.08359 -5239.36925 -4700.00000
v 33998.96322 -3339.80452 -4700.00000
v 34100.57319 -1393.58615 -4700.00000
v 33874.66109 528.71037 -4700.00000
v 32423.41443 2400.00000 -5316.74650
v 32197.83954 4178.65937 -5314.55471
v 32125.73938 5973.89183 -5319.53386
v 32094.70124 7818.32144 -5329.76446
v 31891.74853 9698.96740 -5341.38537
v 31311.46137 11556.32024 -5350.37418
v 30252.59122 13314.58910 -5354.31615
v 28751.98817 14923.07427 -5353.28697
v 26943.34138 16380.56291 -5349.44901
v 24972.06930 17725.60616 -5345.63580
v 22920.15054 18998.61373 -5343.71874
v 20783.34230 20201.62582 -5343.64223
v 18507.02564 21284.74103 -5343.63315
v 16049.79247 22171.61257 -5341.44351
v 13429.19993 22810.32806 -5335.91812
v 10719.87321 23217.28259 -5327.99475
v 8008.46661 23483.14630 -5320.54244
v 5339.49395 23731.88867 -5317.06723
v 2691.33354 24053.04375 -5319.93197
v 0.00000 24445.72670 -5329.01879
v -2785.21185 24808.33887 -5341.55625
v -5652.51420 24982.44034 -5353.24192
v -8519.30241 24827.97626 -5360.12496
v -11271.65520 24288.80661 -5360.31941
v -13825.95579 23413.33622 -5354.70585
v -16171.31793 22321.31883 -5346.30037
v -18363.80067 21138.59293 -5338.65211
v -20475.79883 19938.20458 -5334.11788
v -22534.95623 18719.65869 -5332.90045
v -24495.36423 17433.04753 -5333.31092
v -26263.18167 16027.63653 -5333.05427
v -27761.97761 14491.87015 -5330.79249
v -28994.24024 12860.59877 -5327.09999
v -30054.45047 11188.73617 -5324.26465
v -31078.10447 9512.75116 -5325.02191
v -32152.60129 7828.09630 -5330.90058
v -33243.51905 6098.24146 -5341.08986
v -34184.88179 4288.42671 -5352.48105
v -34746.06324 2400.00000 -5360.92708
v -34742.22030 480.78503 -5363.11887
v -34127.63417 -1396.59660 -5358.13972
v -33019.40827 -3174.43319 -5347.90912
v -31638.30157 -4840.96177 -5336.28821
v -30200.55464 -6431.46099 -5327.29940
v -28821.20127 -7998.16943 -5323.35743
v -27480.04690 -9569.07379 -5324.38661
v -26062.81444 -11123.66849 -5328.22457
v -24446.12149 -12602.82678 -5332.03778
v -22572.49886 -13946.84679 -5333.95484
v -20473.00479 -15135.81139 -5334.03135
v -18231.19645 -16203.28235 -5334.04043
v -15919.34532 -17210.91575 -5336.23008
v -13552.47192 -18197.68261 -5341.75546
v -11090.02053 -19136.08414 -5349.67883
v -8480.66534 -19926.26004 -5357.13114
v -5716.23871 -20437.02703 -5360.60635
v -2855.47796 -20573.66281 -5357.74161
v -0.00000 -20333.92508 -5348.65479
v 2761.59966 -19818.36769 -5336.11733
v 5403.21846 -19186.47536 -5324.43166
v 7969.82954 -18581.43008 -5317.54862
v 10538.23854 -18064.56012 -5317.35418
v 13155.71607 -17594.67446 -5322.96773
v 15797.81985 -17061.20950 -5331.37321
v 18374.42143 -16349.43045 -5339.02147
v 20780.54826 -15399.23264 -5343.55570
v 22957.69317 -14225.80184 -5344.77313
v 24922.82656 -12895.38540 -5344.36266
v 26742.97416 -11476.59486 -5344.61931
v 28470.05745 -10000.27791 -5346.88109
v 30079.55225 -8452.15976 -5350.57359
v 31457.56554 -6799.04506 -5353.40893
v 32451.94563 -5027.17800 -5352.65167
v 32961.50822 -3164.65833 -5346.77300
v 33009.85449 -1272.24698 -5336.58372
v 32755.17805 590.55238 -5325.19253
v 31737.01389 2400.00000 -5938.18873
v 31685.26681 4150.34404 -5940.40648
v 31644.78125 5920.38669 -5951.66139
v 31571.73023 7730.03194 -5970.62101
v 31310.06583 9565.83945 -5991.50930
v 30666.07218 11367.59095 -6006.44445
v 29509.77328 13046.59379 -6009.07273
v 27845.46069 14528.23163 -5997.66730
v 25811.75444 15793.39659 -5976.09783
v 23612.93804 16891.49385 -5952.14880
v 21422.42395 17913.97054 -5934.01414
v 19312.69508 18941.96743 -5926.71836
v 17246.91312 19998.91049 -5930.22910
v 15128.82195 21037.07626 -5940.12923
v 12874.16840 21966.76510 -5950.38307
v 10458.73624 22710.17192 -5956.66181
v 7918.45078 23246.17000 -5958.44774
v 5310.84896 23617.44864 -5958.83607
v 2671.68471 23894.95968 -5962.21853
v 0.00000 24121.89248 -5971.18776
v -2718.69671 24273.19334 -5984.42902
v -5471.17376 24257.96456 -5996.83802
v -8191.86064 23965.95074 -6001.89967
v -10778.84536 23331.80260 -5995.12429
v -13145.40243 22378.99930 -5976.72624
v -15274.58753 21216.64373 -5952.07782
v -17238.13280 19989.95097 -5929.60280
v -19161.26331 18812.26107 -5917.09961
v -21149.74738 17716.50006 -5918.30692
v -23221.86548 16651.48875 -5931.41097
v -25287.96311 15521.60782 -5950.20231
v -27192.48536 14243.82491 -5967.23704
v -28794.71278 12788.61286 -5977.35218
v -30039.41810 11184.34030 -5979.74756
v -30973.90342 9488.90298 -5977.64293
v -31700.92482 7751.84295 -5975.82052
v -32297.51140 5993.00095 -5977.47914
v -32752.00643 4209.27242 -5982.16693
v -32961.18406 2400.00000 -5985.94854
v -32791.95399 588.52082 -5983.73078
v -32171.01761 -1178.92890 -5972.47587
v -31146.72007 -2858.28048 -5953.51625
v -29882.60530 -4439.14090 -5932.62796
v -28582.81178 -5958.38912 -5917.69282
v -27390.59357 -7482.03198 -5915.06454
v -26317.70184 -9062.80851 -5926.46996
v -25244.21444 -10698.90719 -5948.03943
v -23987.07317 -12321.10428 -5971.98847
v -22396.47323 -13819.37026 -5990.12313
v -20425.76059 -15095.34516 -5997.41890
v -18139.64709 -16109.86453 -5993.90817
v -15664.11670 -16896.50164 -5984.00804
v -13114.80170 -17532.49088 -5973.75420
v -10548.73429 -18084.94216 -5967.47546
v -7964.01786 -18566.13020 -5965.68953
v -5338.12443 -18926.41726 -5965.30120
v -2671.05013 -19089.85419 -5961.91873
v -0.00000 -19010.23948 -5952.94950
v 2624.03813 -18711.62053 -5939.70824
v 5177.79962 -18285.90134 -5927.29924
v 7690.60800 -17846.34946 -5922.23759
v 10228.62517 -17463.31148 -5929.01298
v 12843.56767 -17120.25668 -5947.41102
v 15518.35111 -16716.93416 -5972.05944
v 18148.42740 -16118.82405 -5994.53447
v 20577.19235 -15225.05152 -6007.03766
v 22669.14981 -14016.84074 -6005.83035
v 24378.14573 -12561.10938 -5992.72629
v 25768.00577 -10970.69596 -5973.93496
v 26970.67716 -9347.21522 -5956.90023
v 28105.65406 -7740.01291 -5946.78509
v 29209.46586 -6141.63976 -5944.38971
v 30218.76771 -4516.07737 -5946.49433
v 31017.52547 -2836.46947 -5948.31675
v 31518.28745 -1106.31463 -5946.65812
v 31725.21437 647.44919 -5941.97034
v 30880.70890 2400.00000 -6588.56330
v 30686.90395 4095.19291 -6583.14271
v 30269.54821 5767.39615 -6576.78359
v 29721.35456 7417.64610 -6575.03660
v 29048.02457 9048.13295 -6578.25114
v 28173.77348 10638.77523 -6581.48740
v 27002.16579 12141.89424 -6577.67318
v 25492.02845 13503.18228 -6562.24514
v 23699.59720 14697.42461 -6536.66907
v 21760.01460 15754.33639 -6508.79187
v 19819.51128 16753.15232 -6489.64943
v 17959.91863 17783.26929 -6488.25665
v 16160.94842 18890.78201 -6507.02834
v 14321.36616 20042.37785 -6540.22015
v 12323.83422 21130.34139 -6576.26098
v 10102.87062 22019.10450 -6602.86289
v 7676.35449 22608.82556 -6612.37688
v 5126.37726 22880.46311 -6604.75574
v 2547.64660 22897.01474 -6586.73989
v 0.00000 22761.21177 -6567.83782
v -2505.19722 22555.48956 -6555.30267
v -4981.05479 22299.88324 -6550.75975
v -7426.73296 21951.67015 -6550.18975
v -9806.99304 21444.52986 -6547.13473
v -12067.59898 20740.90306 -6537.25006
v -14176.49285 19863.90956 -6521.60469
v -16159.05083 18888.84570 -6506.81617
v -18096.25104 17900.04254 -6501.83117
v -20078.17805 16940.47700 -6513.00636
v -22136.91520 15985.64402 -6540.12157
v -24201.14916 14957.67365 -6575.53829
v -26106.17090 13770.67514 -6607.10951
v -27661.08257 12379.61953 -6623.49285
v -28739.16800 10804.11192 -6619.24530
v -29340.43275 9115.05552 -6597.15831
v -29589.05698 7395.31124 -6566.69032
v -29665.65357 5700.21469 -6539.34070
v -29712.50492 4041.36557 -6523.34742
v -29765.81821 2400.00000 -6520.38023
v -29752.48452 756.42590 -6525.80082
v -29549.83931 -887.33070 -6532.15994
v -29069.40494 -2507.58206 -6533.90693
v -28312.50642 -4079.79715 -6530.69239
v -27364.69840 -5602.17974 -6527.45613
v -26334.86290 -7101.14340 -6531.27035
v -25279.21107 -8610.48859 -6546.69839
v -24159.03410 -10135.82067 -6572.27446
v -22859.08549 -11628.84707 -6600.15166
v -21255.26391 -12992.91440 -6619.29410
v -19289.94930 -14122.48491 -6620.68688
v -17009.55788 -14956.71100 -6601.91519
v -14543.19032 -15515.64128 -6568.72338
v -12037.59824 -15895.30653 -6532.68255
v -9589.02454 -16221.24949 -6506.08063
v -7211.48776 -16585.01411 -6496.56665
v -4855.71302 -16999.12857 -6504.18779
v -2460.50392 -17395.91091 -6522.20364
v -0.00000 -17669.80630 -6541.10571
v 2502.95329 -17737.43608 -6553.64086
v 5001.03549 -17579.70845 -6558.18378
v 7461.10929 -17242.16952 -6558.75378
v 9884.90212 -16795.82413 -6561.80880
v 12293.83348 -16284.74486 -6571.69347
v 14688.06363 -15694.10957 -6587.33884
v 17011.45546 -14958.64731 -6602.12736
v 19153.61689 -14005.71165 -6607.11236
v 20996.59714 -12805.58972 -6595.93717
v 22482.18489 -11397.53944 -6568.82196
v 23657.48213 -9875.57163 -6533.40524
v 24665.06862 -8342.99573 -6501.83402
v 25675.94612 -6863.41812 -6485.45068
v 26799.30387 -5436.84305 -6489.69823
v 28020.09823 -4012.87458 -6511.78522
v 29201.70253 -2529.91693 -6542.25321
v 30153.73396 -954.51216 -6569.60283
v 30726.88355 702.59856 -6585.59611
v 28504.47644 2400.00000 -7184.17289
v 28041.46313 3949.05459 -7152.19665
v 27271.79818 5433.90548 -7109.60857
v 26383.55274 6854.14863 -7071.91374
v 25509.21812 8238.21709 -7050.49142
v 24672.94513 9615.03811 -7048.01979
v 23800.88342 10986.92932 -7058.51664
v 22782.85556 12323.18829 -7071.72907
v 21544.82856 13579.34211 -7079.34520
v 20088.71368 14728.64246 -7079.61122
v 18479.47621 15782.70824 -7077.87570
v 16793.62879 16784.30314 -7082.83789
v 15066.21806 17773.70898 -7100.63888
v 13271.54169 18749.10738 -7130.13932
v 11348.51119 19647.99969 -7162.12872
v 9251.46007 20365.72169 -7183.11852
v 6991.02035 20804.61002 -7181.89551
v 4637.47091 20927.22636 -7155.46863
v 2284.79483 20782.24867 -7111.26266
v 0.00000 20485.97163 -7064.29604
v -2208.40916 20167.69003 -7030.64889
v -4382.44583 19908.37202 -7020.43683
v -6573.74025 19706.07545 -7033.75611
v -8798.43695 19485.98085 -7061.52582
v -11018.96375 19147.13804 -7090.63140
v -13164.79514 18617.60715 -7110.59307
v -15176.92488 17886.67524 -7118.27881
v -17043.62787 16998.43569 -7118.31011
v -18800.28634 16015.03671 -7119.15645
v -20490.70540 14975.34877 -7127.22920
v -22115.22079 13875.31151 -7142.33758
v -23602.95640 12680.38736 -7157.10278
v -24832.62726 11359.16389 -7160.75592
v -25695.47144 9914.05252 -7145.32929
v -26164.64949 8388.22368 -7110.88472
v -26327.15963 6844.62818 -7066.84393
v -26353.68553 5331.76821 -7028.48843
v -26418.03304 3859.37375 -7010.22939
v -26608.95938 2400.00000 -7018.97806
v -26883.73236 914.90028 -7050.95430
v -27089.96221 -613.67678 -7093.54239
v -27043.42660 -2165.55047 -7131.23721
v -26618.01973 -3691.98514 -7152.65953
v -25798.46933 -5144.17190 -7155.13117
v -24669.93672 -6500.46807 -7144.63431
v -23356.26541 -7772.93985 -7131.42189
v -21947.41625 -8988.23983 -7123.80576
v -20459.55885 -10156.23382 -7123.53974
v -18847.83822 -11249.47345 -7125.27526
v -17057.74413 -12210.52674 -7120.31306
v -15077.97415 -12985.70500 -7102.51208
v -12959.55441 -13564.77272 -7073.01163
v -10790.30382 -13999.60995 -7041.02223
v -8643.84329 -14385.77021 -7020.03243
v -6538.52829 -14813.37620 -7021.25544
v -4433.90248 -15313.94723 -7047.68232
v -2266.43663 -15834.54833 -7091.88830
v -0.00000 -16256.31892 -7138.85492
v 2342.82230 -16449.10696 -7172.50206
v 4688.92756 -16332.80157 -7182.71413
v 6955.80839 -15911.91077 -7169.39485
v 9096.86641 -15265.51105 -7141.62514
v 11119.85125 -14500.47160 -7112.51956
v 13066.30096 -13696.27294 -7092.55789
v 14967.26733 -12872.73873 -7084.87215
v 16807.74505 -11996.39419 -7084.84084
v 18527.02809 -11017.14498 -7083.99451
v 20057.56713 -9909.52752 -7075.92175
v 21377.02403 -8692.27044 -7060.81338
v 22536.16457 -7415.74077 -7046.04817
v 23638.19288 -6128.23351 -7042.39504
v 24775.94302 -4845.15748 -7057.82166
v 25962.58836 -3541.97856 -7092.26624
v 27099.81971 -2175.07092 -7136.30702
v 28008.07486 -715.81405 -7174.66253
v 28507.16245 825.21945 -7192.92157
v 24452.26402 2400.00000 -7630.18638
v 24038.57554 3727.92877 -7590.48535
v 23381.16272 5001.08399 -7540.57492
v 22635.77132 6221.43720 -7498.13286
v 21942.24641 7421.85514 -7480.03351
v 21354.77321 8644.71467 -7494.36506
v 20816.83724 9910.33930 -7536.40364
v 20194.26874 11195.71617 -7590.62977
v 19346.42754 12438.61932 -7637.80261
v 18194.90988 13566.39632 -7663.54282
v 16753.05410 14532.44535 -7664.15494
v 15104.61636 15337.60766 -7646.91132
v 13350.12369 16022.59033 -7624.92877
v 11556.07376 16635.83599 -7609.56137
v 9736.07032 17197.33643 -7604.44386
v 7869.56708 17682.17718 -7604.32646
v 5939.17717 18035.52017 -7599.18966
v 3957.47853 18210.57910 -7581.23830
v 1964.53980 18205.64640 -7550.79222
v 0.00000 18075.50032 -7517.66164
v -1927.48440 17907.51827 -7497.02021
v -3848.33808 17774.55051 -7501.77870
v -5808.54905 17691.62765 -7535.42398
v -7828.48541 17602.39930 -7589.16495
v -9872.23542 17404.28653 -7645.06434
v -11850.75771 16998.85482 -7683.75621
v -13660.66756 16339.47218 -7692.96699
v -15236.41526 15450.49782 -7672.62529
v -16583.13923 14409.39418 -7634.09153
v -17768.25814 13304.55593 -7594.05082
v -18875.65267 12194.34012 -7566.31429
v -19950.64834 11089.60606 -7555.75767
v -20970.87809 9965.91446 -7557.39251
v -21862.34492 8793.14240 -7560.78303
v -22551.10378 7561.20247 -7557.17437
v -23017.27718 6285.84413 -7545.29291
v -23315.15200 4993.74050 -7532.55528
v -23543.50939 3700.58054 -7530.95680
v -23781.81759 2400.00000 -7549.84482
v -24030.76223 1072.50285 -7589.54585
v -24195.06889 -291.62861 -7639.45629
v -24122.36022 -1672.40749 -7681.89834
v -23678.37961 -3019.19866 -7699.99770
v -22816.71216 -4272.22526 -7685.66614
v -21603.77146 -5394.25097 -7643.62757
v -20185.68749 -6391.97856 -7589.40144
v -18717.04019 -7312.03809 -7542.22859
v -17292.05727 -8212.30674 -7516.48838
v -15915.00050 -9125.53275 -7515.87626
v -14521.36975 -10038.03749 -7533.11988
v -13031.41841 -10897.38049 -7555.10243
v -11400.81164 -11644.56981 -7570.46983
v -9639.33957 -12250.32049 -7575.58734
v -7792.01362 -12731.57350 -7575.70474
v -5901.58985 -13136.56753 -7580.84154
v -3981.59037 -13506.90864 -7598.79290
v -2018.59909 -13840.57878 -7629.23898
v -0.00000 -14080.55409 -7662.36956
v 2055.65449 -14138.70691 -7683.01099
v 4090.73082 -13942.93722 -7678.25250
v 6032.21797 -13480.46004 -7644.60722
v 7833.09529 -12811.35138 -7590.86626
v 9503.17447 -12043.37039 -7534.96686
v 11106.12768 -11281.55097 -7496.27499
v 12720.87453 -10580.49864 -7487.06421
v 14389.57085 -9925.14734 -7507.40591
v 16084.91537 -9248.58392 -7545.93968
v 17718.70901 -8474.14714 -7585.98038
v 19187.81507 -7556.31729 -7613.71692
v 20429.30790 -6498.08867 -7624.27353
v 21449.73060 -5338.67581 -7622.63869
v 22309.14046 -4123.79753 -7619.24817
v 23069.52224 -2879.85133 -7622.85683
v 23740.85436 -1608.00055 -7634.73829
v 24261.07960 -298.97210 -7647.47592
v 24525.82838 1045.15461 -7649.07440
v 19841.93408 2400.00000 -7967.30038
v 19793.29180 3493.41261 -7970.46091
v 19551.53205 4575.04911 -7963.99759
v 19160.73703 5634.77173 -7954.72378
v 18698.01397 6679.35754 -7955.31721
v 18220.81564 7728.26051 -7976.30923
v 17724.93747 8794.83765 -8018.69156
v 17140.02238 9865.42368 -8071.35601
v 16366.20718 10892.22024 -8115.06337
v 15330.32332 11808.37120 -8131.16422
v 14028.41143 12559.27806 -8110.70609
v 12530.10627 13132.45391 -8059.23985
v 10943.75856 13567.11298 -7994.77225
v 9364.22308 13935.71244 -7939.79745
v 7833.94663 14306.39960 -7911.35845
v 6337.68828 14707.37018 -7914.06279
v 4829.31752 15113.69574 -7939.40314
v 3270.01904 15464.09986 -7971.44622
v 1652.76723 15697.28946 -7995.68213
v 0.00000 15785.78815 -8006.28485
v -1658.95216 15747.05015 -8008.01513
v -3310.51333 15625.87915 -8011.95818
v -4960.86618 15460.01169 -8027.64318
v -6617.66806 15251.07233 -8056.05030
v -8263.71061 14959.57506 -8087.53098
v -9844.62133 14527.51126 -8106.00377
v -11284.50999 13914.81890 -8097.36025
v -12524.19082 13127.38713 -8057.65396
v -13559.17204 12219.45816 -7996.62063
v -14451.31138 11268.91286 -7934.42771
v -15302.24743 10340.14483 -7893.05164
v -16200.19996 9456.07926 -7886.49767
v -17169.64238 8594.49720 -7914.72204
v -18153.72765 7708.64216 -7964.24604
v -19041.03917 6757.86467 -8015.03776
v -19722.01601 5729.52849 -8050.06500
v -20142.43250 4640.78500 -8062.64447
v -20322.97832 3522.67333 -8057.98142
v -20334.57327 2400.00000 -8048.42151
v -20245.99241 1281.57949 -8045.26098
v -20077.02011 166.49193 -8051.72430
v -19786.37988 -940.39459 -8060.99811
v -19301.61939 -2017.50287 -8060.40468
v -18571.75814 -3030.88561 -8039.41267
v -17609.24616 -3953.09831 -7997.03034
v -16494.40278 -4784.22079 -7944.36588
v -15338.70230 -5559.06080 -7900.65852
v -14228.49378 -6332.16750 -7884.55767
v -13182.39660 -7146.60000 -7905.01580
v -12146.81529 -8004.15240 -7956.48204
v -11030.70813 -8855.83713 -8020.94964
v -9757.68086 -9620.40998 -8075.92444
v -8304.77255 -10221.98292 -8104.36344
v -6707.60233 -10625.71873 -8101.65911
v -5033.43196 -10851.04887 -8076.31875
v -3342.81672 -10954.93490 -8044.27567
v -1664.98245 -10995.56667 -8020.03976
v -0.00000 -10998.55008 -8009.43704
v 1658.79752 -10945.80599 -8007.70677
v 3302.32244 -10793.15562 -8003.76371
v 4901.88329 -10504.73291 -7988.07871
v 6427.62255 -10082.01657 -7959.67159
v 7875.00857 -9568.80747 -7928.19091
v 9277.28260 -9028.61116 -7909.71812
v 10689.95671 -8508.13121 -7918.36164
v 12152.73074 -8009.21919 -7958.06793
v 13651.63600 -7486.41991 -8019.10126
v 15107.50573 -6871.62583 -8081.29418
v 16402.66205 -6111.13621 -8122.67025
v 17434.22520 -5193.56521 -8129.22422
v 18164.54125 -4153.43876 -8100.99985
v 18638.84614 -3050.50396 -8051.47585
v 18958.59419 -1938.99574 -8000.68413
v 19225.10090 -845.63783 -7965.65689
v 19486.11966 232.22783 -7953.07742
v 19716.30589 1310.84021 -7957.74047
v 15404.36013 2400.00000 -8306.41411
v 15609.02702 3262.26724 -8366.85416
v 15621.96561 4137.89667 -8407.93047
v 15408.51769 5001.31107 -8421.25694
v 14996.98817 5832.31503 -8412.17766
v 14452.85096 6626.40548 -8394.85555
v 13836.21574 7391.85701 -8383.20909
v 13168.99194 8135.82123 -8382.75334
v 12430.50960 8850.03599 -8387.79292
v 11581.67497 9507.78859 -8385.43226
v 10600.01417 10076.45659 -8364.11518
v 9502.15492 10538.91259 -8321.88983
v 8339.53720 10909.74129 -8269.66710
v 7170.98290 11233.87720 -8227.37527
v 6030.53219 11565.48573 -8214.71962
v 4911.35954 11937.53440 -8241.21325
v 3775.52716 12339.47973 -8300.67321
v 2582.40760 12717.01354 -8373.17115
v 1316.95432 12995.51674 -8433.62939
v 0.00000 13115.02449 -8462.84525
v -1324.66603 13057.56102 -8455.49244
v -2616.19675 12852.00508 -8421.23225
v -3857.27407 12554.68721 -8378.63421
v -5055.69605 12217.82632 -8345.28348
v -6227.15697 11864.32530 -8329.31663
v -7372.94562 11482.67347 -8326.71985
v -8470.08795 11042.95649 -8325.54822
v -9482.72185 10522.26752 -8314.48262
v -10387.98676 9922.90782 -8290.82350
v -11198.04906 9272.35357 -8263.35774
v -11960.45544 8606.13076 -8248.34068
v -12732.23035 7945.58750 -8260.61148
v -13540.86763 7285.30074 -8304.58724
v -14355.98428 6598.07903 -8370.09169
v -15091.34111 5853.90930 -8435.53267
v -15639.82729 5040.36144 -8477.11971
v -15924.00013 4171.49710 -8479.61947
v -15934.31628 3280.23673 -8443.27073
v -15733.17629 2400.00000 -8383.39538
v -15422.15893 1548.05565 -8322.95533
v -15090.89540 721.18330 -8281.87902
v -14776.21840 -94.56446 -8268.55256
v -14453.43064 -907.91267 -8277.63184
v -14062.07436 -1712.13180 -8294.95394
v -13548.43022 -2488.02918 -8306.60041
v -12898.30977 -3217.92424 -8307.05616
v -12141.38175 -3900.01116 -8302.01658
v -11326.95510 -4551.46448 -8304.37724
v -10488.86544 -5195.96345 -8325.69431
v -9622.91579 -5842.34831 -8367.91966
v -8691.08100 -6468.45985 -8420.14240
v -7648.84638 -7022.55344 -8462.43423
v -6477.27373 -7444.46448 -8475.08988
v -5198.98200 -7696.07814 -8448.59625
v -3868.28613 -7783.67766 -8389.13629
v -2542.66245 -7758.22713 -8316.63835
v -1254.36306 -7691.94056 -8256.18011
v -0.00000 -7643.33312 -8226.96425
v 1246.65135 -7629.89628 -8234.31705
v 2508.87330 -7623.23559 -8268.57725
v 3786.53923 -7568.47018 -8311.17528
v 5054.64550 -7415.78622 -8344.52601
v 6280.64895 -7145.62491 -8360.49287
v 7446.88367 -6773.75717 -8363.08965
v 8560.53025 -6335.24465 -8364.26127
v 9642.34887 -5858.99338 -8375.32687
v 10700.89285 -5349.51223 -8398.98599
v 11710.58101 -4786.89950 -8426.45175
v 12611.43591 -4143.91638 -8441.46882
v 13335.07136 -3408.15796 -8429.19802
v 13843.77833 -2594.58545 -8385.22225
v 14158.94103 -1740.45825 -8319.71780
v 14359.07770 -886.31840 -8254.27682
v 14544.90879 -55.51409 -8212.68979
v 14788.86088 754.78373 -8210.19003
v 15096.86967 1566.02514 -8246.53876
v 10776.89336 2400.00000 -8632.28869
v 10919.01367 3003.18351 -8697.80027
v 10913.67606 3614.11362 -8737.26114
v 10719.33162 4209.66895 -8734.74768
v 10344.48570 4767.51095 -8690.74047
v 9843.40199 5278.47762 -8622.01310
v 9288.95609 5751.28776 -8553.85913
v 8738.22626 6205.97876 -8508.58159
v 8209.76152 6659.94258 -8496.01580
v 7683.66545 7115.54156 -8510.70548
v 7121.79380 7557.55358 -8536.82459
v 6494.08530 7962.40064 -8557.90026
v 5794.99034 8313.26202 -8565.96894
v 5041.79043 8610.94181 -8565.25050
v 4258.79169 8872.71140 -8568.48859
v 3459.95772 9119.00835 -8588.13219
v 2642.26190 9356.03753 -8627.37028
v 1793.60835 9565.67040 -8676.16016
v 908.60759 9710.17526 -8714.73359
v 0.00000 9750.38940 -8723.03133
v -903.29284 9667.41561 -8691.25008
v -1770.95300 9475.15966 -8625.93664
v -2589.03424 9215.91001 -8548.25445
v -3368.22536 8940.87019 -8485.04782
v -4136.10734 8686.24997 -8457.04783
v -4917.61240 8457.96788 -8470.05036
v -5716.14486 8232.80735 -8513.36934
v -6507.93403 7974.26254 -8566.12729
v -7253.81477 7653.16224 -8607.95011
v -7921.11939 7261.26939 -8628.47050
v -8501.32913 6811.23337 -8630.83035
v -9011.44250 6324.97948 -8627.66369
v -9477.49340 5819.30863 -8632.08065
v -9910.66024 5298.14576 -8648.81153
v -10292.06274 4755.51307 -8670.51651
v -10577.63154 4185.74673 -8681.41189
v -10721.95626 3592.78537 -8666.33885
v -10707.50231 2991.49929 -8620.35919
v -10561.07157 2400.00000 -8553.53931
v -10346.07129 1828.46673 -8488.02773
v -10133.26684 1272.70456 -8448.56686
v -9965.69726 717.56181 -8451.08032
v -9837.32943 148.56036 -8495.08753
v -9697.33714 -435.76430 -8563.81490
v -9477.22397 -1019.21142 -8631.96887
v -9125.20270 -1574.52831 -8677.24641
v -8628.89100 -2077.42363 -8689.81219
v -8015.18555 -2518.99872 -8675.12251
v -7330.01662 -2908.34709 -8649.00341
v -6611.96402 -3263.36770 -8627.92774
v -5875.77027 -3595.69061 -8619.85906
v -5113.95835 -3899.84490 -8620.57749
v -4312.57120 -4154.44802 -8617.33940
v -3468.46817 -4335.53507 -8597.69581
v -2595.89881 -4433.98172 -8558.45772
v -1718.50524 -4465.62487 -8509.66784
v -853.46759 -4466.54805 -8471.09441
v -0.00000 -4474.92056 -8462.79667
v 858.78234 -4509.30769 -8494.57792
v 1741.16060 -4556.13560 -8559.89136
v 2649.12647 -4574.10924 -8637.57354
v 3560.20053 -4513.67323 -8700.78018
v 4435.25555 -4340.90945 -8728.78017
v 5238.13638 -4052.81883 -8715.77764
v 5954.61576 -3676.14528 -8672.45866
v 6598.11529 -3251.50580 -8619.70070
v 7197.99565 -2812.73843 -8577.87789
v 7777.73161 -2373.27089 -8557.35749
v 8337.32338 -1926.13284 -8554.99765
v 8851.98645 -1455.52759 -8558.16431
v 9288.68665 -951.19056 -8553.74735
v 9630.07888 -416.09616 -8537.01647
v 9889.75239 136.56248 -8515.31148
v 10107.39733 693.63959 -8504.41611
v 10324.98664 1251.37631 -8519.48915
v 10557.58265 1816.78251 -8565.46881
v 5580.93753 2400.00000 -8798.97118
v 5582.14625 2708.36655 -8813.91001
v 5533.93351 3015.63345 -8820.64891
v 5416.87013 3314.49188 -8804.05329
v 5226.54681 3596.18386 -8758.59130
v 4979.57359 3856.16233 -8693.66717
v 4707.28872 4098.30484 -8631.11417
v 4440.54242 4334.10077 -8595.75733
v 4194.31278 4576.37645 -8603.67972
v 3960.96920 4830.88601 -8654.16054
v 3715.77759 5090.94030 -8729.47211
v 3431.03588 5338.79666 -8802.74156
v 3090.46645 5553.54070 -8849.97588
v 2695.95030 5721.11988 -8860.26152
v 2263.82052 5840.66063 -8839.16567
v 1814.32416 5923.29716 -8803.94005
v 1361.48381 5984.25199 -8773.37470
v 909.37395 6033.05289 -8757.83755
v 455.90031 6067.93238 -8754.76937
v 0.00000 6077.85410 -8751.85093
v -453.77454 6050.82950 -8735.86274
v -896.89621 5983.20289 -8702.15897
v -1323.36525 5883.90080 -8659.32915
v -1735.75182 5770.71488 -8626.21206
v -2145.36317 5660.62359 -8622.57845
v -2565.07387 5559.89425 -8658.29928
v -2998.72996 5459.93193 -8726.78921
v -3434.10882 5341.42873 -8806.41610
v -3844.88646 5184.44006 -8869.48066
v -4201.65571 4978.59771 -8894.43332
v -4486.13330 4727.79847 -8875.27936
v -4700.17329 4447.18432 -8823.53555
v -4863.90739 4154.81003 -8761.90833
v -5003.77177 3863.23853 -8713.07434
v -5137.39485 3575.77992 -8689.36178
v -5264.36062 3288.74477 -8688.50554
v -5368.32899 2997.21045 -8697.33734
v -5428.99377 2699.90617 -8701.04025
v -5436.23071 2400.00000 -8692.68991
v -5397.39278 2101.83952 -8677.75107
v -5332.97492 1806.72259 -8671.01217
v -5263.17570 1511.45527 -8687.60779
v -5193.68087 1211.33807 -8733.06979
v -5109.65522 905.79828 -8797.99392
v -4982.02157 602.57650 -8860.54692
v -4782.66152 316.88752 -8895.90376
v -4499.78098 65.11992 -8887.98137
v -4144.62490 -143.59734 -8837.50055
v -3745.94744 -312.78910 -8762.18897
v -3335.84892 -457.26585 -8688.91952
v -2935.35343 -595.26193 -8641.68521
v -2547.64221 -738.42031 -8631.39957
v -2161.72556 -885.49192 -8652.49542
v -1762.94452 -1023.52130 -8687.72103
v -1343.07110 -1135.77856 -8718.28639
v -903.99234 -1211.55273 -8733.82353
v -453.89023 -1251.76030 -8736.89171
v -0.00000 -1266.92473 -8739.81016
v 456.01601 -1268.86319 -8755.79834
v 916.47008 -1261.40273 -8789.50211
v 1381.18966 -1236.12975 -8832.33194
v 1841.51686 -1176.10357 -8865.44902
v 2280.18291 -1065.52896 -8869.08264
v 2678.51863 -899.64594 -8833.36180
v 3027.08992 -688.87070 -8764.87187
v 3332.77598 -454.63378 -8685.24498
v 3616.83856 -219.28935 -8622.18043
v 3903.93840 4.11436 -8597.22777
v 4207.96047 216.54194 -8616.38173
v 4523.03065 429.97106 -8668.12553
v 4825.40289 659.08170 -8729.75276
v 5085.45705 912.87448 -8778.58674
v 5282.83283 1190.93413 -8802.29931
v 5415.68521 1485.70817 -8803.15554
v 5498.57944 1788.29958 -8794.32375
v 5550.54526 2093.37914 -8790.62083
v 210.96350 2400.00000 -8748.80333
v 208.93504 2411.54190 -8723.61585
v 206.88747 2423.01561 -8725.47854
v 204.10640 2434.45784 -8740.85103
v 199.75967 2445.71839 -8753.40447
v 193.44434 2456.56837 -8754.03409
v 185.41241 2466.89345 -8746.08759
v 176.35737 2476.81335 -8742.97571
v 166.92101 2486.61322 -8759.53239
v 157.24837 2496.50488 -8801.95249
v 146.87638 2506.36685 -8861.99984
v 135.02245 2515.65123 -8918.97090
v 121.08517 2523.55643 -8948.77889
v 105.04169 2529.40003 -8935.66990
v 87.50057 2532.98747 -8880.54943
v 69.39160 2534.75388 -8801.51847
v 51.49891 2535.57639 -8726.16472
v 34.12798 2536.34518 -8679.37042
v 17.09368 2537.52667 -8672.67856
v 0.00000 2538.96144 -8700.41370
v -17.40157 2540.00378 -8744.23365
v -35.02054 2539.91107 -8783.44459
v -52.51399 2538.24869 -8805.52326
v -69.55801 2535.07704 -8811.35450
v -86.07938 2530.82748 -8812.64872
v -102.25401 2525.96591 -8823.26050
v -118.25346 2520.66693 -8849.41661
v -133.91705 2514.70442 -8884.43113
v -148.60688 2507.62007 -8911.03666
v -161.40196 2499.05398 -8910.30228
v -171.56438 2489.02261 -8872.45965
v -179.00956 2477.96852 -8803.77693
v -184.47170 2466.55406 -8725.55926
v -189.21571 2455.33180 -8665.41421
v -194.41597 2444.49539 -8644.97334
v -200.53625 2433.85512 -8670.17003
v -207.06454 2423.03531 -8728.92381
v -212.76214 2411.75332 -8797.31714
v -216.29029 2400.00000 -8851.03481
v -216.85946 2388.02034 -8876.22229
v -214.53914 2376.13317 -8874.35960
v -210.07354 2364.53477 -8858.98711
v -204.34433 2353.23234 -8846.43367
v -197.82328 2342.15111 -8845.80405
v -190.34608 2331.32657 -8853.75055
v -181.32518 2321.02290 -8856.86243
v -170.24227 2311.66342 -8840.30575
v -157.09246 2303.59080 -8797.88565
v -142.49474 2296.80630 -8737.83830
v -127.40226 2290.87571 -8680.86724
v -112.60051 2285.10139 -8651.05925
v -98.30864 2278.89437 -8664.16824
v -84.12532 2272.14239 -8719.28871
v -69.33748 2265.35121 -8798.31967
v -53.38570 2259.45643 -8873.67342
v -36.19568 2255.39411 -8920.46772
v -18.18866 2253.66367 -8927.15958
v -0.00000 2254.12558 -8899.42444
v 17.88077 2256.14077 -8855.60449
v 35.30312 2258.96000 -8816.39355
v 52.37062 2262.12874 -8794.31488
v 69.17107 2265.67437 -8788.48364
v 85.54651 2269.98240 -8787.18942
v 101.09631 2275.46025 -8776.57764
v 115.43222 2282.21189 -8750.42153
v 128.50766 2289.92890 -8715.40701
v 140.76424 2298.05952 -8688.80148
v 152.93887 2306.13990 -8689.53585
v 165.59889 2314.07281 -8727.37849
v 178.67299 2322.17807 -8796.06121
v 191.28679 2330.98718 -8874.27888
v 202.05191 2340.91454 -8934.42393
v 209.68803 2352.00934 -8954.86480
v 213.64369 2363.93205 -8929.66811
v 214.36207 2376.15286 -8870.91433
v 213.03236 2388.23176 -8802.52100
vt 0.210431 -0.661418
vt 0.208353 -0.687588
vt 0.206393 -0.684135
vt 0.203833 -0.664554
vt 0.199784 -0.646097
vt 0.193753 -0.639491
vt 0.185908 -0.643108
vt 0.176896 -0.644683
vt 0.167370 -0.629545
vt 0.157530 -0.590701
vt 0.146980 -0.535056
vt 0.134989 -0.482063
vt 0.120974 -0.455114
vt 0.104902 -0.469957
vt 0.087361 -0.526119
vt 0.069266 -0.605911
vt 0.051398 -0.681761
vt 0.034062 -0.728324
vt 0.017068 -0.733398
vt 0.000000 -0.702278
vt -0.017411 -0.653618
vt -0.035084 -0.609198
vt -0.052660 -0.583075
vt -0.069776 -0.575743
vt -0.086315 -0.576111
vt -0.102424 -0.569889
vt -0.118284 -0.549513
vt -0.133776 -0.519975
vt -0.148318 -0.497153
vt -0.161031 -0.499378
vt -0.171188 -0.536686
vt -0.178687 -0.603627
vt -0.184229 -0.679741
vt -0.189060 -0.737859
vt -0.194355 -0.756261
vt -0.200596 -0.728644
vt -0.207281 -0.666874
vt -0.213152 -0.595175
vt -0.216823 -0.538744
vt -0.217441 -0.512574
vt -0.215033 -0.516027
vt -0.210347 -0.535607
vt -0.204320 -0.554065
vt -0.197514 -0.560670
vt -0.189851 -0.557054
vt -0.180787 -0.555479
vt -0.169793 -0.570617
vt -0.156811 -0.609461
vt -0.142391 -0.665106
vt -0.127435 -0.718099
vt -0.112711 -0.745048
vt -0.098448 -0.730204
vt -0.084265 -0.674043
vt -0.069463 -0.594251
vt -0.053487 -0.518401
vt -0.036262 -0.471837
vt -0.018215 -0.466764
vt -0.000000 -0.497884
vt 0.017872 -0.546544
vt 0.035240 -0.590964
vt 0.052225 -0.617086
vt 0.068953 -0.624418
vt 0.085311 -0.624050
vt 0.100926 -0.630273
vt 0.115402 -0.650648
vt 0.128649 -0.680187
vt 0.141053 -0.703008
vt 0.153310 -0.700784
vt 0.165975 -0.663476
vt 0.178996 -0.596535
vt 0.191530 -0.520421
vt 0.202208 -0.462303
vt 0.209749 -0.443901
vt 0.213584 -0.471518
vt 0.214146 -0.533288
vt 0.212642 -0.604987
vt 5.317276 -0.794678
vt 5.281764 -0.807464
vt 5.271367 -0.774862
vt 5.267799 -0.708890
vt 5.235986 -0.634079
vt 5.141769 -0.576250
vt 4.967984 -0.551176
vt 4.720381 -0.558736
vt 4.421114 -0.585235
vt 4.094766 -0.612272
vt 3.755722 -0.627212
vt 3.404007 -0.629578
vt 3.030863 -0.630062
vt 2.629130 -0.642853
vt 2.200991 -0.675711
vt 1.758021 -0.723416
vt 1.314070 -0.768482
vt 0.876446 -0.789096
vt 0.441837 -0.770311
vt 0.000000 -0.712628
vt -0.457240 -0.633319
vt -0.927893 -0.559524
vt -1.398326 -0.516398
vt -1.849655 -0.516144
vt -2.267913 -0.553351
vt -2.651205 -0.608787
vt -3.008947 -0.659490
vt -3.353613 -0.689839
vt -3.690515 -0.697923
vt -4.012719 -0.694178
vt -4.304910 -0.693387
vt -4.553993 -0.704711
vt -4.759388 -0.725377
vt -4.935601 -0.741600
vt -5.104284 -0.736350
vt -5.279820 -0.699782
vt -5.457102 -0.636561
vt -5.609585 -0.565868
vt -5.699893 -0.513661
vt -5.697775 -0.500874
vt -5.595542 -0.533477
vt -5.412247 -0.599449
vt -5.184242 -0.674260
vt -4.947459 -0.732089
vt -4.721326 -0.757163
vt -4.502823 -0.749603
vt -4.272980 -0.723104
vt -4.010828 -0.696067
vt -3.706003 -0.681127
vt -3.362877 -0.678761
vt -2.994957 -0.678277
vt -2.614463 -0.665486
vt -2.224555 -0.632628
vt -1.819248 -0.584923
vt -1.390485 -0.539857
vt -0.936921 -0.519243
vt -0.467954 -0.538028
vt -0.000000 -0.595711
vt 0.452551 -0.675020
vt 0.885473 -0.748815
vt 1.306229 -0.791941
vt 1.727614 -0.792195
vt 2.157633 -0.754988
vt 2.592388 -0.699552
vt 3.016872 -0.648848
vt 3.413272 -0.618500
vt 3.771210 -0.610416
vt 4.092875 -0.614161
vt 4.389184 -0.614952
vt 4.669211 -0.603628
vt 4.929922 -0.582962
vt 5.153628 -0.566739
vt 5.315944 -0.571989
vt 5.400226 -0.608557
vt 5.409806 -0.671778
vt 5.369954 -0.742471
vt 10.481474 -0.875504
vt 10.464796 -0.868503
vt 10.448638 -0.834769
vt 10.420044 -0.777904
vt 10.329172 -0.715167
vt 10.113146 -0.670510
vt 9.729260 -0.663465
vt 9.178533 -0.699509
vt 8.506292 -0.766875
vt 7.779955 -0.841540
vt 7.057199 -0.897976
vt 6.362464 -0.920291
vt 5.683685 -0.908285
vt 4.988506 -0.875600
vt 4.248038 -0.841280
vt 3.453247 -0.819409
vt 2.615539 -0.812350
vt 1.754271 -0.811044
vt 0.882199 -0.801954
vt 0.000000 -0.776616
vt -0.896595 -0.738347
vt -1.803374 -0.702191
vt -2.699307 -0.687840
vt -3.551386 -0.709125
vt -4.331289 -0.765658
vt -5.033371 -0.841204
vt -5.681167 -0.909965
vt -6.316101 -0.947834
vt -6.973486 -0.943075
vt -7.659791 -0.901135
vt -8.345405 -0.841265
vt -8.978160 -0.786843
vt -9.510072 -0.754403
vt -9.921266 -0.746963
vt -10.226429 -0.754804
vt -10.459877 -0.762911
vt -10.648762 -0.760738
vt -10.791636 -0.748837
vt -10.856491 -0.738668
vt -10.800289 -0.745669
vt -10.598305 -0.779403
vt -10.264985 -0.836268
vt -9.852643 -0.899005
vt -9.427593 -0.943662
vt -9.036920 -0.950707
vt -8.684896 -0.914663
vt -8.332360 -0.847297
vt -7.918896 -0.772632
vt -7.394612 -0.716196
vt -6.743585 -0.693881
vt -5.987076 -0.705887
vt -5.167243 -0.738572
vt -4.323325 -0.772892
vt -3.475179 -0.794763
vt -2.622622 -0.801822
vt -1.757842 -0.803128
vt -0.879876 -0.812218
vt -0.000000 -0.837556
vt 0.865481 -0.875825
vt 1.708740 -0.911981
vt 2.538854 -0.926332
vt 3.377040 -0.905047
vt 4.240074 -0.848514
vt 5.122378 -0.772968
vt 5.989593 -0.704207
vt 6.789948 -0.666338
vt 7.478324 -0.671097
vt 8.039060 -0.713037
vt 8.493247 -0.772907
vt 8.885269 -0.827329
vt 9.256108 -0.859769
vt 9.619473 -0.867209
vt 9.955386 -0.859368
vt 10.225152 -0.851261
vt 10.398181 -0.853434
vt 10.473449 -0.865335
vt 15.875455 -0.983295
vt 15.769673 -0.995407
vt 15.545032 -1.010330
vt 15.252127 -1.016512
vt 14.897371 -1.012480
vt 14.444360 -1.007315
vt 13.844137 -1.014682
vt 13.074162 -1.043766
vt 12.160834 -1.092212
vt 11.171218 -1.145180
vt 10.179130 -1.181372
vt 9.226546 -1.183163
vt 8.303726 -1.145661
vt 7.359363 -1.079962
vt 6.333427 -1.008747
vt 5.192147 -0.956332
vt 3.944632 -0.938054
vt 2.633434 -0.954249
vt 1.308038 -0.991649
vt 0.000000 -1.031181
vt -1.284656 -1.057938
vt -2.553430 -1.068046
vt -3.807346 -1.068981
vt -5.029699 -1.073461
vt -6.193163 -1.090496
vt -7.280589 -1.118710
vt -8.303442 -1.145783
vt -9.301672 -1.154527
vt -10.320646 -1.132454
vt -11.376983 -1.079703
vt -12.434887 -1.010908
vt -13.410548 -0.949695
vt -14.206059 -0.918338
vt -14.755829 -0.927689
vt -15.059300 -0.972398
vt -15.180466 -1.033819
vt -15.213514 -1.089017
vt -15.233814 -1.121290
vt -15.262081 -1.126896
vt -15.261513 -1.114783
vt -15.167829 -1.099860
vt -14.932609 -1.093678
vt -14.553047 -1.097710
vt -14.070566 -1.102875
vt -13.540509 -1.095508
vt -12.993140 -1.066424
vt -12.411057 -1.017978
vt -11.737412 -0.965010
vt -10.909750 -0.928818
vt -9.898525 -0.927028
vt -8.726892 -0.964529
vt -7.460467 -1.030229
vt -6.174379 -1.101443
vt -4.918195 -1.153858
vt -3.699182 -1.172137
vt -2.491636 -1.155941
vt -1.263279 -1.118542
vt -0.000000 -1.079010
vt 1.286662 -1.052252
vt 2.571640 -1.042144
vt 3.836467 -1.041209
vt 5.080643 -1.036729
vt 6.314643 -1.019695
vt 7.539240 -0.991481
vt 8.727176 -0.964407
vt 9.823398 -0.955663
vt 10.768234 -0.977736
vt 11.531647 -1.030487
vt 12.137004 -1.099282
vt 12.656754 -1.160496
vt 13.178587 -1.191852
vt 13.759097 -1.182502
vt 14.391119 -1.137792
vt 15.004270 -1.076371
vt 15.499347 -1.021174
vt 15.797372 -0.988900
vt 20.775139 -1.279032
vt 20.431472 -1.324092
vt 19.863732 -1.383883
vt 19.210610 -1.436805
vt 18.571086 -1.466781
vt 17.964655 -1.469751
vt 17.337589 -1.453833
vt 16.607452 -1.433398
vt 15.716665 -1.420474
vt 14.663062 -1.418179
vt 13.492039 -1.419701
vt 12.259722 -1.413248
vt 10.993895 -1.390133
vt 9.678694 -1.351403
vt 8.271765 -1.309167
vt 6.740602 -1.281605
vt 5.092504 -1.284057
vt 3.377742 -1.320784
vt 1.664070 -1.381780
vt 0.000000 -1.446478
vt -1.608468 -1.492652
vt -3.192458 -1.506149
vt -4.790488 -1.486643
vt -6.415137 -1.446660
vt -8.038996 -1.404586
vt -9.609314 -1.375407
vt -11.080648 -1.364015
vt -12.441950 -1.364394
vt -13.717739 -1.364827
vt -14.940743 -1.356030
vt -16.113903 -1.337584
vt -17.189000 -1.319010
vt -18.080277 -1.314777
vt -18.709232 -1.335868
vt -19.055163 -1.382503
vt -19.179381 -1.442109
vt -19.204546 -1.493929
vt -19.256796 -1.518185
vt -19.401368 -1.505246
vt -19.607812 -1.460186
vt -19.764820 -1.400395
vt -19.736507 -1.347474
vt -19.428548 -1.317497
vt -18.827919 -1.314527
vt -17.996595 -1.330445
vt -17.026973 -1.350880
vt -15.988244 -1.363804
vt -14.895755 -1.366099
vt -13.718769 -1.364577
vt -12.417200 -1.371030
vt -10.980572 -1.394145
vt -9.443210 -1.432875
vt -7.866954 -1.475111
vt -6.304688 -1.502673
vt -4.770246 -1.500221
vt -3.235094 -1.463494
vt -1.653680 -1.402498
vt -0.000000 -1.337800
vt 1.709281 -1.291626
vt 3.420378 -1.278130
vt 5.072261 -1.297635
vt 6.630154 -1.337618
vt 8.099723 -1.379692
vt 9.512590 -1.408871
vt 10.893819 -1.420263
vt 12.234972 -1.419884
vt 13.493069 -1.419451
vt 14.618074 -1.428248
vt 15.591006 -1.446694
vt 16.445425 -1.465268
vt 17.253906 -1.469501
vt 18.083341 -1.448410
vt 18.944470 -1.401775
vt 19.767736 -1.342169
vt 20.424006 -1.290349
vt 20.782488 -1.266093
vt 24.422337 -1.773400
vt 24.016879 -1.812123
vt 23.369364 -1.860859
vt 22.632788 -1.902236
vt 21.946046 -1.919485
vt 21.363909 -1.904440
vt 20.830809 -1.861693
vt 20.212674 -1.806736
vt 19.367701 -1.758967
vt 18.215747 -1.733063
vt 16.769111 -1.733004
vt 15.112227 -1.751604
vt 13.348050 -1.775526
vt 11.546215 -1.792921
vt 9.722654 -1.799558
vt 7.857236 -1.800224
vt 5.931013 -1.804795
vt 3.953998 -1.821295
vt 1.964066 -1.849895
vt 0.000000 -1.881326
vt -1.928993 -1.900791
vt -3.852100 -1.895483
vt -5.814288 -1.861775
vt -7.835561 -1.808224
vt -9.880047 -1.752605
vt -11.858505 -1.714293
vt -13.666719 -1.705707
vt -15.237989 -1.727068
vt -16.576931 -1.767007
vt -17.752044 -1.808590
vt -18.850117 -1.837563
vt -19.920304 -1.848586
vt -20.943241 -1.846373
vt -21.845441 -1.841429
vt -22.550352 -1.842921
vt -23.033266 -1.852731
vt -23.343422 -1.864010
vt -23.576464 -1.865081
vt -23.811744 -1.846569
vt -24.052459 -1.807845
vt -24.206868 -1.759110
vt -24.125343 -1.717733
vt -23.674580 -1.700484
vt -22.807577 -1.715529
vt -21.589799 -1.758276
vt -20.167283 -1.813233
vt -18.695767 -1.861002
vt -17.271220 -1.886906
vt -15.898944 -1.886965
vt -14.513759 -1.868365
vt -13.033492 -1.844443
vt -11.410670 -1.827048
vt -9.652756 -1.820410
vt -7.804345 -1.819744
vt -5.909754 -1.815173
vt -3.985070 -1.798673
vt -2.019073 -1.770073
vt -0.000000 -1.738643
vt 2.054146 -1.719178
vt 4.086969 -1.724486
vt 6.026479 -1.758194
vt 7.826019 -1.811745
vt 9.495363 -1.867363
vt 11.098380 -1.905676
vt 12.714823 -1.914262
vt 14.387997 -1.892901
vt 16.091124 -1.852962
vt 17.734924 -1.811379
vt 19.213351 -1.782405
vt 20.459652 -1.771383
vt 21.477367 -1.773596
vt 22.326045 -1.778540
vt 23.070274 -1.777048
vt 23.724866 -1.767238
vt 24.232809 -1.755959
vt 24.492874 -1.754888
vt 27.202944 -2.329256
vt 27.156789 -2.325167
vt 26.844203 -2.328172
vt 26.320054 -2.333795
vt 25.687430 -2.333088
vt 25.026178 -2.318365
vt 24.334325 -2.288623
vt 23.519819 -2.251552
vt 22.448796 -2.220823
vt 21.021793 -2.209861
vt 19.232560 -2.225220
vt 17.175374 -2.262996
vt 14.998333 -2.310178
vt 12.831964 -2.350351
vt 10.735157 -2.370942
vt 8.686937 -2.368401
vt 6.622748 -2.348846
vt 4.487343 -2.324022
vt 2.269519 -2.304858
vt 0.000000 -2.296059
vt -2.279303 -2.294533
vt -4.547202 -2.292327
vt -6.810161 -2.282312
vt -9.078361 -2.263342
vt -11.329719 -2.241948
vt -13.492094 -2.229475
vt -15.463377 -2.236078
vt -17.162985 -2.264754
vt -18.584053 -2.308668
vt -19.810374 -2.353360
vt -20.981053 -2.382916
vt -22.217907 -2.387083
vt -23.555715 -2.365778
vt -24.916729 -2.328780
vt -26.146258 -2.290810
vt -27.090156 -2.264562
vt -27.669657 -2.255238
vt -27.910443 -2.259261
vt -27.910492 -2.267593
vt -27.768406 -2.271682
vt -27.517558 -2.268677
vt -27.106925 -2.263054
vt -26.439808 -2.263761
vt -25.445236 -2.278485
vt -24.136495 -2.308226
vt -22.619302 -2.345297
vt -21.043449 -2.376026
vt -19.526479 -2.386988
vt -18.094755 -2.371629
vt -16.675999 -2.333853
vt -15.145859 -2.286671
vt -13.399133 -2.246498
vt -11.403658 -2.225907
vt -9.208367 -2.228448
vt -6.906801 -2.248003
vt -4.584030 -2.272827
vt -2.281712 -2.291991
vt -0.000000 -2.300790
vt 2.271928 -2.302316
vt 4.524171 -2.304522
vt 6.719388 -2.314537
vt 8.816942 -2.333507
vt 10.809096 -2.354901
vt 12.739002 -2.367374
vt 14.680815 -2.360771
vt 16.688387 -2.332095
vt 18.743261 -2.288181
vt 20.737899 -2.243489
vt 22.511192 -2.213933
vt 23.921214 -2.209766
vt 24.915105 -2.231071
vt 25.554686 -2.268069
vt 25.980980 -2.306039
vt 26.336824 -2.332287
vt 26.692103 -2.341611
vt 27.014752 -2.337588
vt 30.023796 -2.863843
vt 30.433488 -2.832408
vt 30.465826 -2.811047
vt 30.049438 -2.804266
vt 29.237762 -2.809480
vt 28.160197 -2.819419
vt 26.938887 -2.826727
vt 25.622722 -2.828207
vt 24.176147 -2.826399
vt 22.524310 -2.827676
vt 20.621149 -2.837965
vt 18.494662 -2.858499
vt 16.240769 -2.884047
vt 13.971590 -2.904724
vt 11.753208 -2.910615
vt 9.573535 -2.896837
vt 7.360051 -2.866423
vt 5.034366 -2.829432
vt 2.567377 -2.798648
vt 0.000000 -2.783961
vt -2.581464 -2.788216
vt -5.095988 -2.806536
vt -7.508884 -2.829344
vt -9.835968 -2.847408
vt -12.110351 -2.856241
vt -14.338139 -2.857625
vt -16.477485 -2.857578
vt -18.459092 -2.862041
vt -20.236073 -2.872736
vt -21.827806 -2.885573
vt -23.322627 -2.892545
vt -24.829292 -2.886169
vt -26.401753 -2.864078
vt -27.983175 -2.831241
vt -29.408124 -2.798465
vt -30.469167 -2.777786
vt -31.014948 -2.777000
vt -31.025684 -2.796068
vt -30.622731 -2.827214
vt -30.005900 -2.858648
vt -29.353562 -2.880010
vt -28.741322 -2.886791
vt -28.122769 -2.881576
vt -27.378275 -2.871637
vt -26.398142 -2.864329
vt -25.148517 -2.862849
vt -23.682485 -2.864657
vt -22.094790 -2.863380
vt -20.453626 -2.853092
vt -18.755206 -2.832557
vt -16.929737 -2.807010
vt -14.892967 -2.786332
vt -12.608224 -2.780442
vt -10.118360 -2.794220
vt -7.527792 -2.824634
vt -4.947724 -2.861625
vt -2.440773 -2.892409
vt -0.000000 -2.907095
vt 2.426687 -2.902841
vt 4.886102 -2.884521
vt 7.378958 -2.861712
vt 9.855927 -2.843649
vt 12.251081 -2.834815
vt 14.526418 -2.833432
vt 16.693021 -2.833478
vt 18.790775 -2.829016
vt 20.838703 -2.818320
vt 22.791294 -2.805483
vt 24.536004 -2.798511
vt 25.941948 -2.804887
vt 26.935275 -2.826978
vt 27.555297 -2.859815
vt 27.952407 -2.892592
vt 28.321593 -2.913270
vt 28.804440 -2.914057
vt 29.413705 -2.894989
vt 32.698502 -3.424300
vt 33.117802 -3.403513
vt 33.091836 -3.391103
vt 32.494338 -3.392248
vt 31.349832 -3.406850
vt 29.822399 -3.429498
vt 28.134410 -3.451939
vt 26.461743 -3.466817
vt 24.863155 -3.470800
vt 23.278683 -3.465576
vt 21.590106 -3.456327
vt 19.701642 -3.448576
vt 17.591848 -3.445167
vt 15.310645 -3.444967
vt 12.932378 -3.443963
vt 10.502514 -3.438078
vt 8.015699 -3.426097
vt 5.437927 -3.411043
vt 2.753491 -3.399133
vt 0.000000 -3.396788
vt -2.736380 -3.407217
vt -5.364756 -3.428386
vt -7.843189 -3.453513
vt -10.204333 -3.473906
vt -12.532674 -3.482784
vt -14.905327 -3.478191
vt -17.333907 -3.463566
vt -19.746059 -3.445755
vt -22.020339 -3.431544
vt -24.053082 -3.424511
vt -25.813780 -3.423802
vt -27.351594 -3.425348
vt -28.746930 -3.424767
vt -30.038749 -3.420281
vt -31.176413 -3.414004
vt -32.031612 -3.410871
vt -32.468545 -3.415756
vt -32.432181 -3.430354
vt -31.999696 -3.451563
vt -31.359419 -3.472350
vt -30.723963 -3.484760
vt -30.224112 -3.483615
vt -29.842839 -3.469012
vt -29.426485 -3.446365
vt -28.765956 -3.423923
vt -27.701419 -3.409045
vt -26.192814 -3.405063
vt -24.321328 -3.410287
vt -22.228792 -3.419536
vt -20.036814 -3.427287
vt -17.794712 -3.430696
vt -15.482294 -3.430896
vt -13.056592 -3.431899
vt -10.504956 -3.437785
vt -7.866770 -3.449766
vt -5.211047 -3.464820
vt -2.589244 -3.476730
vt -0.000000 -3.479074
vt 2.606355 -3.468646
vt 5.284217 -3.447476
vt 8.039280 -3.422349
vt 10.803137 -3.401957
vt 13.456296 -3.393079
vt 15.887612 -3.397672
vt 18.052653 -3.412297
vt 19.992396 -3.430108
vt 21.798558 -3.444319
vt 23.546929 -3.451352
vt 25.242189 -3.452061
vt 26.811569 -3.450515
vt 28.153437 -3.451095
vt 29.210135 -3.455582
vt 30.016258 -3.461859
vt 30.686838 -3.464992
vt 31.347254 -3.460107
vt 32.045040 -3.445509
vt 34.006531 -4.053140
vt 33.994723 -4.051148
vt 33.692531 -4.050251
vt 32.982230 -4.052820
vt 31.833596 -4.059784
vt 30.342604 -4.069750
vt 28.695743 -4.079356
vt 27.078975 -4.084726
vt 25.583969 -4.083318
vt 24.165645 -4.075214
vt 22.674073 -4.063192
vt 20.939849 -4.051511
vt 18.862365 -4.044009
vt 16.452237 -4.042472
vt 13.809850 -4.046057
vt 11.061153 -4.052012
vt 8.294663 -4.057281
vt 5.537067 -4.060100
vt 2.775168 -4.060757
vt 0.000000 -4.061144
vt -2.763803 -4.063375
vt -5.466265 -4.068282
vt -8.070711 -4.074635
vt -10.590913 -4.079560
vt -13.093425 -4.079982
vt -15.655256 -4.074324
vt -18.299803 -4.063574
vt -20.953324 -4.051094
vt -23.455730 -4.041239
vt -25.626970 -4.037432
vt -27.353997 -4.040652
vt -28.647141 -4.049095
vt -29.630351 -4.059142
vt -30.468737 -4.067130
vt -31.275288 -4.071012
vt -32.052074 -4.071072
vt -32.700643 -4.069379
vt -33.093805 -4.068344
vt -33.162947 -4.069186
vt -32.945337 -4.071178
vt -32.560842 -4.072075
vt -32.131879 -4.069506
vt -31.696455 -4.062542
vt -31.169412 -4.052576
vt -30.378050 -4.042970
vt -29.153060 -4.037600
vt -27.422187 -4.039009
vt -25.252546 -4.047113
vt -22.818576 -4.059134
vt -20.316498 -4.070816
vt -17.875857 -4.078317
vt -15.516901 -4.079854
vt -13.171822 -4.076270
vt -10.748740 -4.070314
vt -8.194469 -4.065045
vt -5.518666 -4.062226
vt -2.771644 -4.061569
vt -0.000000 -4.061182
vt 2.783009 -4.058951
vt 5.589468 -4.054044
vt 8.418421 -4.047692
vt 11.218981 -4.042766
vt 13.888247 -4.042344
vt 16.313882 -4.048002
vt 18.438419 -4.058753
vt 20.303023 -4.071233
vt 22.036919 -4.081087
vt 23.791221 -4.084894
vt 25.652159 -4.081674
vt 27.584894 -4.073231
vt 29.443441 -4.063184
vt 31.043279 -4.055196
vt 32.254763 -4.051314
vt 33.062036 -4.051254
vt 33.552730 -4.052947
vt 33.846255 -4.053982
vt 33.533570 -4.700000
vt 33.206428 -4.700000
vt 32.887273 -4.700000
vt 32.462138 -4.700000
vt 31.794037 -4.700000
vt 30.811669 -4.700000
vt 29.548360 -4.700000
vt 28.110902 -4.700000
vt 26.602254 -4.700000
vt 25.049768 -4.700000
vt 23.385091 -4.700000
vt 21.487673 -4.700000
vt 19.263233 -4.700000
vt 16.707372 -4.700000
vt 13.915365 -4.700000
vt 11.034103 -4.700000
vt 8.188177 -4.700000
vt 5.426277 -4.700000
vt 2.718392 -4.700000
vt 0.000000 -4.700000
vt -2.770227 -4.700000
vt -5.578657 -4.700000
vt -8.369466 -4.700000
vt -11.087983 -4.700000
vt -13.718945 -4.700000
vt -16.288193 -4.700000
vt -18.823668 -4.700000
vt -21.303093 -4.700000
vt -23.629315 -4.700000
vt -25.659077 -4.700000
vt -27.275812 -4.700000
vt -28.464573 -4.700000
vt -29.339834 -4.700000
vt -30.101415 -4.700000
vt -30.936489 -4.700000
vt -31.920255 -4.700000
vt -32.971995 -4.700000
vt -33.893084 -4.700000
vt -34.466430 -4.700000
vt -34.561318 -4.700000
vt -34.185296 -4.700000
vt -33.457080 -4.700000
vt -32.521535 -4.700000
vt -31.460917 -4.700000
vt -30.255856 -4.700000
vt -28.816419 -4.700000
vt -27.059300 -4.700000
vt -24.979458 -4.700000
vt -22.670056 -4.700000
vt -20.278791 -4.700000
vt -17.929242 -4.700000
vt -15.657051 -4.700000
vt -13.399924 -4.700000
vt -11.045460 -4.700000
vt -8.504836 -4.700000
vt -5.766155 -4.700000
vt -2.897004 -4.700000
vt -0.000000 -4.700000
vt 2.845168 -4.700000
vt 5.613775 -4.700000
vt 8.323547 -4.700000
vt 10.991581 -4.700000
vt 13.596344 -4.700000
vt 16.076229 -4.700000
vt 18.368807 -4.700000
vt 20.463371 -4.700000
vt 22.425832 -4.700000
vt 24.370149 -4.700000
vt 26.385743 -4.700000
vt 28.462748 -4.700000
vt 30.464381 -4.700000
vt 32.171172 -4.700000
vt 33.379084 -4.700000
vt 33.998963 -4.700000
vt 34.100573 -4.700000
vt 33.874661 -4.700000
vt 32.423414 -5.316746
vt 32.197840 -5.314555
vt 32.125739 -5.319534
vt 32.094701 -5.329764
vt 31.891749 -5.341385
vt 31.311461 -5.350374
vt 30.252591 -5.354316
vt 28.751988 -5.353287
vt 26.943341 -5.349449
vt 24.972069 -5.345636
vt 22.920151 -5.343719
vt 20.783342 -5.343642
vt 18.507026 -5.343633
vt 16.049792 -5.341444
vt 13.429200 -5.335918
vt 10.719873 -5.327995
vt 8.008467 -5.320542
vt 5.339494 -5.317067
vt 2.691334 -5.319932
vt 0.000000 -5.329019
vt -2.785212 -5.341556
vt -5.652514 -5.353242
vt -8.519302 -5.360125
vt -11.271655 -5.360319
vt -13.825956 -5.354706
vt -16.171318 -5.346300
vt -18.363801 -5.338652
vt -20.475799 -5.334118
vt -22.534956 -5.332900
vt -24.495364 -5.333311
vt -26.263182 -5.333054
vt -27.761978 -5.330792
vt -28.994240 -5.327100
vt -30.054450 -5.324265
vt -31.078104 -5.325022
vt -32.152601 -5.330901
vt -33.243519 -5.341090
vt -34.184882 -5.352481
vt -34.746063 -5.360927
vt -34.742220 -5.363119
vt -34.127634 -5.358140
vt -33.019408 -5.347909
vt -31.638302 -5.336288
vt -30.200555 -5.327299
vt -28.821201 -5.323357
vt -27.480047 -5.324387
vt -26.062814 -5.328225
vt -24.446121 -5.332038
vt -22.572499 -5.333955
vt -20.473005 -5.334031
vt -18.231196 -5.334040
vt -15.919345 -5.336230
vt -13.552472 -5.341755
vt -11.090021 -5.349679
vt -8.480665 -5.357131
vt -5.716239 -5.360606
vt -2.855478 -5.357742
vt -0.000000 -5.348655
vt 2.761600 -5.336117
vt 5.403218 -5.324432
vt 7.969830 -5.317549
vt 10.538239 -5.317354
vt 13.155716 -5.322968
vt 15.797820 -5.331373
vt 18.374421 -5.339021
vt 20.780548 -5.343556
vt 22.957693 -5.344773
vt 24.922827 -5.344363
vt 26.742974 -5.344619
vt 28.470057 -5.346881
vt 30.079552 -5.350574
vt 31.457566 -5.353409
vt 32.451946 -5.352652
vt 32.961508 -5.346773
vt 33.009854 -5.336584
vt 32.755178 -5.325193
vt 31.737014 -5.938189
vt 31.685267 -5.940406
vt 31.644781 -5.951661
vt 31.571730 -5.970621
vt 31.310066 -5.991509
vt 30.666072 -6.006444
vt 29.509773 -6.009073
vt 27.845461 -5.997667
vt 25.811754 -5.976098
vt 23.612938 -5.952149
vt 21.422424 -5.934014
vt 19.312695 -5.926718
vt 17.246913 -5.930229
vt 15.128822 -5.940129
vt 12.874168 -5.950383
vt 10.458736 -5.956662
vt 7.918451 -5.958448
vt 5.310849 -5.958836
vt 2.671685 -5.962219
vt 0.000000 -5.971188
vt -2.718697 -5.984429
vt -5.471174 -5.996838
vt -8.191861 -6.001900
vt -10.778845 -5.995124
vt -13.145402 -5.976726
vt -15.274588 -5.952078
vt -17.238133 -5.929603
vt -19.161263 -5.917100
vt -21.149747 -5.918307
vt -23.221865 -5.931411
vt -25.287963 -5.950202
vt -27.192485 -5.967237
vt -28.794713 -5.977352
vt -30.039418 -5.979748
vt -30.973903 -5.977643
vt -31.700925 -5.975821
vt -32.297511 -5.977479
vt -32.752006 -5.982167
vt -32.961184 -5.985949
vt -32.791954 -5.983731
vt -32.171018 -5.972476
vt -31.146720 -5.953516
vt -29.882605 -5.932628
vt -28.582812 -5.917693
vt -27.390594 -5.915065
vt -26.317702 -5.926470
vt -25.244214 -5.948039
vt -23.987073 -5.971988
vt -22.396473 -5.990123
vt -20.425761 -5.997419
vt -18.139647 -5.993908
vt -15.664117 -5.984008
vt -13.114802 -5.973754
vt -10.548734 -5.967475
vt -7.964018 -5.965690
vt -5.338124 -5.965301
vt -2.671050 -5.961919
vt -0.000000 -5.952950
vt 2.624038 -5.939708
vt 5.177800 -5.927299
vt 7.690608 -5.922238
vt 10.228625 -5.929013
vt 12.843568 -5.947411
vt 15.518351 -5.972059
vt 18.148427 -5.994534
vt 20.577192 -6.007038
vt 22.669150 -6.005830
vt 24.378146 -5.992726
vt 25.768006 -5.973935
vt 26.970677 -5.956900
vt 28.105654 -5.946785
vt 29.209466 -5.944390
vt 30.218768 -5.946494
vt 31.017525 -5.948317
vt 31.518287 -5.946658
vt 31.725214 -5.941970
vt 30.880709 -6.588563
vt 30.686904 -6.583143
vt 30.269548 -6.576784
vt 29.721355 -6.575037
vt 29.048025 -6.578251
vt 28.173773 -6.581487
vt 27.002166 -6.577673
vt 25.492028 -6.562245
vt 23.699597 -6.536669
vt 21.760015 -6.508792
vt 19.819511 -6.489649
vt 17.959919 -6.488257
vt 16.160948 -6.507028
vt 14.321366 -6.540220
vt 12.323834 -6.576261
vt 10.102871 -6.602863
vt 7.676354 -6.612377
vt 5.126377 -6.604756
vt 2.547647 -6.586740
vt 0.000000 -6.567838
vt -2.505197 -6.555303
vt -4.981055 -6.550760
vt -7.426733 -6.550190
vt -9.806993 -6.547135
vt -12.067599 -6.537250
vt -14.176493 -6.521605
vt -16.159051 -6.506816
vt -18.096251 -6.501831
vt -20.078178 -6.513006
vt -22.136915 -6.540122
vt -24.201149 -6.575538
vt -26.106171 -6.607110
vt -27.661083 -6.623493
vt -28.739168 -6.619245
vt -29.340433 -6.597158
vt -29.589057 -6.566690
vt -29.665654 -6.539341
vt -29.712505 -6.523347
vt -29.765818 -6.520380
vt -29.752485 -6.525801
vt -29.549839 -6.532160
vt -29.069405 -6.533907
vt -28.312506 -6.530692
vt -27.364698 -6.527456
vt -26.334863 -6.531270
vt -25.279211 -6.546698
vt -24.159034 -6.572274
vt -22.859085 -6.600152
vt -21.255264 -6.619294
vt -19.289949 -6.620687
vt -17.009558 -6.601915
vt -14.543190 -6.568723
vt -12.037598 -6.532683
vt -9.589025 -6.506081
vt -7.211488 -6.496567
vt -4.855713 -6.504188
vt -2.460504 -6.522204
vt -0.000000 -6.541106
vt 2.502953 -6.553641
vt 5.001035 -6.558184
vt 7.461109 -6.558754
vt 9.884902 -6.561809
vt 12.293833 -6.571693
vt 14.688064 -6.587339
vt 17.011455 -6.602127
vt 19.153617 -6.607112
vt 20.996597 -6.595937
vt 22.482185 -6.568822
vt 23.657482 -6.533405
vt 24.665069 -6.501834
vt 25.675946 -6.485451
vt 26.799304 -6.489698
vt 28.020098 -6.511785
vt 29.201703 -6.542253
vt 30.153734 -6.569603
vt 30.726884 -6.585596
vt 28.504476 -7.184173
vt 28.041463 -7.152197
vt 27.271798 -7.109609
vt 26.383553 -7.071914
vt 25.509218 -7.050491
vt 24.672945 -7.048020
vt 23.800883 -7.058517
vt 22.782856 -7.071729
vt 21.544829 -7.079345
vt 20.088714 -7.079611
vt 18.479476 -7.077876
vt 16.793629 -7.082838
vt 15.066218 -7.100639
vt 13.271542 -7.130139
vt 11.348511 -7.162129
vt 9.251460 -7.183119
vt 6.991020 -7.181896
vt 4.637471 -7.155469
vt 2.284795 -7.111263
vt 0.000000 -7.064296
vt -2.208409 -7.030649
vt -4.382446 -7.020437
vt -6.573740 -7.033756
vt -8.798437 -7.061526
vt -11.018964 -7.090631
vt -13.164795 -7.110593
vt -15.176925 -7.118279
vt -17.043628 -7.118310
vt -18.800286 -7.119156
vt -20.490705 -7.127229
vt -22.115221 -7.142338
vt -23.602956 -7.157103
vt -24.832627 -7.160756
vt -25.695471 -7.145329
vt -26.164649 -7.110885
vt -26.327160 -7.066844
vt -26.353686 -7.028488
vt -26.418033 -7.010229
vt -26.608959 -7.018978
vt -26.883732 -7.050954
vt -27.089962 -7.093542
vt -27.043427 -7.131237
vt -26.618020 -7.152660
vt -25.798469 -7.155131
vt -24.669937 -7.144634
vt -23.356265 -7.131422
vt -21.947416 -7.123806
vt -20.459559 -7.123540
vt -18.847838 -7.125275
vt -17.057744 -7.120313
vt -15.077974 -7.102512
vt -12.959554 -7.073012
vt -10.790304 -7.041022
vt -8.643843 -7.020032
vt -6.538528 -7.021255
vt -4.433902 -7.047682
vt -2.266437 -7.091888
vt -0.000000 -7.138855
vt 2.342822 -7.172502
vt 4.688928 -7.182714
vt 6.955808 -7.169395
vt 9.096866 -7.141625
vt 11.119851 -7.112520
vt 13.066301 -7.092558
vt 14.967267 -7.084872
vt 16.807745 -7.084841
vt 18.527028 -7.083995
vt 20.057567 -7.075922
vt 21.377024 -7.060813
vt 22.536165 -7.046048
vt 23.638193 -7.042395
vt 24.775943 -7.057822
vt 25.962588 -7.092266
vt 27.099820 -7.136307
vt 28.008075 -7.174663
vt 28.507162 -7.192922
vt 24.452264 -7.630186
vt 24.038576 -7.590485
vt 23.381163 -7.540575
vt 22.635771 -7.498133
vt 21.942246 -7.480034
vt 21.354773 -7.494365
vt 20.816837 -7.536404
vt 20.194269 -7.590630
vt 19.346428 -7.637803
vt 18.194910 -7.663543
vt 16.753054 -7.664155
vt 15.104616 -7.646911
vt 13.350124 -7.624929
vt 11.556074 -7.609561
vt 9.736070 -7.604444
vt 7.869567 -7.604326
vt 5.939177 -7.599190
vt 3.957479 -7.581238
vt 1.964540 -7.550792
vt 0.000000 -7.517662
vt -1.927484 -7.497020
vt -3.848338 -7.501779
vt -5.808549 -7.535424
vt -7.828485 -7.589165
vt -9.872235 -7.645064
vt -11.850758 -7.683756
vt -13.660668 -7.692967
vt -15.236415 -7.672625
vt -16.583139 -7.634092
vt -17.768258 -7.594051
vt -18.875653 -7.566314
vt -19.950648 -7.555758
vt -20.970878 -7.557393
vt -21.862345 -7.560783
vt -22.551104 -7.557174
vt -23.017277 -7.545293
vt -23.315152 -7.532555
vt -23.543509 -7.530957
vt -23.781818 -7.549845
vt -24.030762 -7.589546
vt -24.195069 -7.639456
vt -24.122360 -7.681898
vt -23.678380 -7.699998
vt -22.816712 -7.685666
vt -21.603771 -7.643628
vt -20.185687 -7.589401
vt -18.717040 -7.542229
vt -17.292057 -7.516488
vt -15.915000 -7.515876
vt -14.521370 -7.533120
vt -13.031418 -7.555102
vt -11.400812 -7.570470
vt -9.639340 -7.575587
vt -7.792014 -7.575705
vt -5.901590 -7.580842
vt -3.981590 -7.598793
vt -2.018599 -7.629239
vt -0.000000 -7.662370
vt 2.055654 -7.683011
vt 4.090731 -7.678252
vt 6.032218 -7.644607
vt 7.833095 -7.590866
vt 9.503174 -7.534967
vt 11.106128 -7.496275
vt 12.720875 -7.487064
vt 14.389571 -7.507406
vt 16.084915 -7.545940
vt 17.718709 -7.585980
vt 19.187815 -7.613717
vt 20.429308 -7.624274
vt 21.449731 -7.622639
vt 22.309140 -7.619248
vt 23.069522 -7.622857
vt 23.740854 -7.634738
vt 24.261080 -7.647476
vt 24.525828 -7.649074
vt 19.841934 -7.967300
vt 19.793292 -7.970461
vt 19.551532 -7.963998
vt 19.160737 -7.954724
vt 18.698014 -7.955317
vt 18.220816 -7.976309
vt 17.724937 -8.018692
vt 17.140022 -8.071356
vt 16.366207 -8.115063
vt 15.330323 -8.131164
vt 14.028411 -8.110706
vt 12.530106 -8.059240
vt 10.943759 -7.994772
vt 9.364223 -7.939797
vt 7.833947 -7.911358
vt 6.337688 -7.914063
vt 4.829318 -7.939403
vt 3.270019 -7.971446
vt 1.652767 -7.995682
vt 0.000000 -8.006285
vt -1.658952 -8.008015
vt -3.310513 -8.011958
vt -4.960866 -8.027643
vt -6.617668 -8.056050
vt -8.263711 -8.087531
vt -9.844621 -8.106004
vt -11.284510 -8.097360
vt -12.524191 -8.057654
vt -13.559172 -7.996621
vt -14.451311 -7.934428
vt -15.302247 -7.893052
vt -16.200200 -7.886498
vt -17.169642 -7.914722
vt -18.153728 -7.964246
vt -19.041039 -8.015038
vt -19.722016 -8.050065
vt -20.142432 -8.062644
vt -20.322978 -8.057981
vt -20.334573 -8.048422
vt -20.245992 -8.045261
vt -20.077020 -8.051724
vt -19.786380 -8.060998
vt -19.301619 -8.060405
vt -18.571758 -8.039413
vt -17.609246 -7.997030
vt -16.494403 -7.944366
vt -15.338702 -7.900659
vt -14.228494 -7.884558
vt -13.182397 -7.905016
vt -12.146815 -7.956482
vt -11.030708 -8.020950
vt -9.757681 -8.075924
vt -8.304773 -8.104363
vt -6.707602 -8.101659
vt -5.033432 -8.076319
vt -3.342817 -8.044276
vt -1.664982 -8.020040
vt -0.000000 -8.009437
vt 1.658798 -8.007707
vt 3.302322 -8.003764
vt 4.901883 -7.988079
vt 6.427623 -7.959672
vt 7.875009 -7.928191
vt 9.277283 -7.909718
vt 10.689957 -7.918362
vt 12.152731 -7.958068
vt 13.651636 -8.019101
vt 15.107506 -8.081294
vt 16.402662 -8.122670
vt 17.434225 -8.129224
vt 18.164541 -8.101000
vt 18.638846 -8.051476
vt 18.958594 -8.000684
vt 19.225101 -7.965657
vt 19.486120 -7.953077
vt 19.716306 -7.957740
vt 15.404360 -8.306414
vt 15.609027 -8.366854
vt 15.621966 -8.407930
vt 15.408518 -8.421257
vt 14.996988 -8.412178
vt 14.452851 -8.394856
vt 13.836216 -8.383209
vt 13.168992 -8.382753
vt 12.430510 -8.387793
vt 11.581675 -8.385432
vt 10.600014 -8.364115
vt 9.502155 -8.321890
vt 8.339537 -8.269667
vt 7.170983 -8.227375
vt 6.030532 -8.214720
vt 4.911360 -8.241213
vt 3.775527 -8.300673
vt 2.582408 -8.373171
vt 1.316954 -8.433629
vt 0.000000 -8.462845
vt -1.324666 -8.455492
vt -2.616197 -8.421232
vt -3.857274 -8.378634
vt -5.055696 -8.345283
vt -6.227157 -8.329317
vt -7.372946 -8.326720
vt -8.470088 -8.325548
vt -9.482722 -8.314483
vt -10.387987 -8.290824
vt -11.198049 -8.263358
vt -11.960455 -8.248341
vt -12.732230 -8.260611
vt -13.540868 -8.304587
vt -14.355984 -8.370092
vt -15.091341 -8.435533
vt -15.639827 -8.477120
vt -15.924000 -8.479619
vt -15.934316 -8.443271
vt -15.733176 -8.383395
vt -15.422159 -8.322955
vt -15.090895 -8.281879
vt -14.776218 -8.268553
vt -14.453431 -8.277632
vt -14.062074 -8.294954
vt -13.548430 -8.306600
vt -12.898310 -8.307056
vt -12.141382 -8.302017
vt -11.326955 -8.304377
vt -10.488865 -8.325694
vt -9.622916 -8.367920
vt -8.691081 -8.420142
vt -7.648846 -8.462434
vt -6.477274 -8.475090
vt -5.198982 -8.448596
vt -3.868286 -8.389136
vt -2.542662 -8.316638
vt -1.254363 -8.256180
vt -0.000000 -8.226964
vt 1.246651 -8.234317
vt 2.508873 -8.268577
vt 3.786539 -8.311175
vt 5.054646 -8.344526
vt 6.280649 -8.360493
vt 7.446884 -8.363090
vt 8.560530 -8.364261
vt 9.642349 -8.375327
vt 10.700893 -8.398986
vt 11.710581 -8.426452
vt 12.611436 -8.441469
vt 13.335071 -8.429198
vt 13.843778 -8.385222
vt 14.158941 -8.319718
vt 14.359078 -8.254277
vt 14.544909 -8.212690
vt 14.788861 -8.210190
vt 15.096870 -8.246539
vt 10.776893 -8.632289
vt 10.919014 -8.697800
vt 10.913676 -8.737261
vt 10.719332 -8.734748
vt 10.344486 -8.690740
vt 9.843402 -8.622013
vt 9.288956 -8.553859
vt 8.738226 -8.508582
vt 8.209762 -8.496016
vt 7.683665 -8.510705
vt 7.121794 -8.536825
vt 6.494085 -8.557900
vt 5.794990 -8.565969
vt 5.041790 -8.565251
vt 4.258792 -8.568489
vt 3.459958 -8.588132
vt 2.642262 -8.627370
vt 1.793608 -8.676160
vt 0.908608 -8.714734
vt 0.000000 -8.723031
vt -0.903293 -8.691250
vt -1.770953 -8.625937
vt -2.589034 -8.548254
vt -3.368225 -8.485048
vt -4.136107 -8.457048
vt -4.917612 -8.470050
vt -5.716145 -8.513369
vt -6.507934 -8.566127
vt -7.253815 -8.607950
vt -7.921119 -8.628471
vt -8.501329 -8.630830
vt -9.011443 -8.627664
vt -9.477493 -8.632081
vt -9.910660 -8.648812
vt -10.292063 -8.670517
vt -10.577632 -8.681412
vt -10.721956 -8.666339
vt -10.707502 -8.620359
vt -10.561072 -8.553539
vt -10.346071 -8.488028
vt -10.133267 -8.448567
vt -9.965697 -8.451080
vt -9.837329 -8.495088
vt -9.697337 -8.563815
vt -9.477224 -8.631969
vt -9.125203 -8.677246
vt -8.628891 -8.689812
vt -8.015186 -8.675123
vt -7.330017 -8.649003
vt -6.611964 -8.627928
vt -5.875770 -8.619859
vt -5.113958 -8.620577
vt -4.312571 -8.617339
vt -3.468468 -8.597696
vt -2.595899 -8.558458
vt -1.718505 -8.509668
vt -0.853468 -8.471094
vt -0.000000 -8.462797
vt 0.858782 -8.494578
vt 1.741161 -8.559891
vt 2.649126 -8.637574
vt 3.560201 -8.700780
vt 4.435256 -8.728780
vt 5.238136 -8.715778
vt 5.954616 -8.672459
vt 6.598115 -8.619701
vt 7.197996 -8.577878
vt 7.777732 -8.557357
vt 8.337323 -8.554998
vt 8.851986 -8.558164
vt 9.288687 -8.553747
vt 9.630079 -8.537016
vt 9.889752 -8.515311
vt 10.107397 -8.504416
vt 10.324987 -8.519489
vt 10.557583 -8.565469
vt 5.580938 -8.798971
vt 5.582146 -8.813910
vt 5.533934 -8.820649
vt 5.416870 -8.804053
vt 5.226547 -8.758591
vt 4.979574 -8.693667
vt 4.707289 -8.631114
vt 4.440542 -8.595757
vt 4.194313 -8.603680
vt 3.960969 -8.654161
vt 3.715778 -8.729472
vt 3.431036 -8.802742
vt 3.090466 -8.849976
vt 2.695950 -8.860262
vt 2.263821 -8.839166
vt 1.814324 -8.803940
vt 1.361484 -8.773375
vt 0.909374 -8.757838
vt 0.455900 -8.754769
vt 0.000000 -8.751851
vt -0.453775 -8.735863
vt -0.896896 -8.702159
vt -1.323365 -8.659329
vt -1.735752 -8.626212
vt -2.145363 -8.622578
vt -2.565074 -8.658299
vt -2.998730 -8.726789
vt -3.434109 -8.806416
vt -3.844886 -8.869481
vt -4.201656 -8.894433
vt -4.486133 -8.875279
vt -4.700173 -8.823536
vt -4.863907 -8.761908
vt -5.003772 -8.713074
vt -5.137395 -8.689362
vt -5.264361 -8.688506
vt -5.368329 -8.697337
vt -5.428994 -8.701040
vt -5.436231 -8.692690
vt -5.397393 -8.677751
vt -5.332975 -8.671012
vt -5.263176 -8.687608
vt -5.193681 -8.733070
vt -5.109655 -8.797994
vt -4.982022 -8.860547
vt -4.782662 -8.895904
vt -4.499781 -8.887981
vt -4.144625 -8.837501
vt -3.745947 -8.762189
vt -3.335849 -8.688920
vt -2.935353 -8.641685
vt -2.547642 -8.631400
vt -2.161726 -8.652495
vt -1.762945 -8.687721
vt -1.343071 -8.718286
vt -0.903992 -8.733824
vt -0.453890 -8.736892
vt -0.000000 -8.739810
vt 0.456016 -8.755798
vt 0.916470 -8.789502
vt 1.381190 -8.832332
vt 1.841517 -8.865449
vt 2.280183 -8.869083
vt 2.678519 -8.833362
vt 3.027090 -8.764872
vt 3.332776 -8.685245
vt 3.616839 -8.622180
vt 3.903938 -8.597228
vt 4.207960 -8.616382
vt 4.523031 -8.668126
vt 4.825403 -8.729753
vt 5.085457 -8.778587
vt 5.282833 -8.802299
vt 5.415685 -8.803156
vt 5.498579 -8.794324
vt 5.550545 -8.790621
vt 0.210964 -8.748803
vt 0.208935 -8.723616
vt 0.206887 -8.725479
vt 0.204106 -8.740851
vt 0.199760 -8.753404
vt 0.193444 -8.754034
vt 0.185412 -8.746088
vt 0.176357 -8.742976
vt 0.166921 -8.759532
vt 0.157248 -8.801952
vt 0.146876 -8.862000
vt 0.135022 -8.918971
vt 0.121085 -8.948779
vt 0.105042 -8.935670
vt 0.087501 -8.880549
vt 0.069392 -8.801518
vt 0.051499 -8.726165
vt 0.034128 -8.679370
vt 0.017094 -8.672679
vt 0.000000 -8.700414
vt -0.017402 -8.744234
vt -0.035021 -8.783445
vt -0.052514 -8.805523
vt -0.069558 -8.811354
vt -0.086079 -8.812649
vt -0.102254 -8.823260
vt -0.118253 -8.849417
vt -0.133917 -8.884431
vt -0.148607 -8.911037
vt -0.161402 -8.910302
vt -0.171564 -8.872460
vt -0.179010 -8.803777
vt -0.184472 -8.725559
vt -0.189216 -8.665414
vt -0.194416 -8.644973
vt -0.200536 -8.670170
vt -0.207065 -8.728924
vt -0.212762 -8.797317
vt -0.216290 -8.851035
vt -0.216859 -8.876222
vt -0.214539 -8.874360
vt -0.210074 -8.858987
vt -0.204344 -8.846434
vt -0.197823 -8.845804
vt -0.190346 -8.853751
vt -0.181325 -8.856862
vt -0.170242 -8.840306
vt -0.157092 -8.797886
vt -0.142495 -8.737838
vt -0.127402 -8.680867
vt -0.112601 -8.651059
vt -0.098309 -8.664168
vt -0.084125 -8.719289
vt -0.069337 -8.798320
vt -0.053386 -8.873673
vt -0.036196 -8.920468
vt -0.018189 -8.927160
vt -0.000000 -8.899424
vt 0.017881 -8.855604
vt 0.035303 -8.816394
vt 0.052371 -8.794315
vt 0.069171 -8.788484
vt 0.085547 -8.787189
vt 0.101096 -8.776578
vt 0.115432 -8.750422
vt 0.128508 -8.715407
vt 0.140764 -8.688801
vt 0.152939 -8.689536
vt 0.165599 -8.727378
vt 0.178673 -8.796061
vt 0.191287 -8.874279
vt 0.202052 -8.934424
vt 0.209688 -8.954865
vt 0.213644 -8.929668
vt 0.214362 -8.870914
vt 0.213032 -8.802521
f 1/1 77/77 78/78
f 1/1 78/78 2/2
f 2/2 78/78 79/79
f 2/2 79/79 3/3
f 3/3 79/79 80/80
f 3/3 80/80 4/4
f 4/4 80/80 81/81
f 4/4 81/81 5/5
f 5/5 81/81 82/82
f 5/5 82/82 6/6
f 6/6 82/82 83/83
f 6/6 83/83 7/7
f 7/7 83/83 84/84
f 7/7 84/84 8/8
f 8/8 84/84 85/85
f 8/8 85/85 9/9
f 9/9 85/85 86/86
f 9/9 86/86 10/10
f 10/10 86/86 87/87
f 10/10 87/87 11/11
f 11/11 87/87 88/88
f 11/11 88/88 12/12
f 12/12 88/88 89/89
f 12/12 89/89 13/13
f 13/13 89/89 90/90
f 13/13 90/90 14/14
f 14/14 90/90 91/91
f 14/14 91/91 15/15
f 15/15 91/91 92/92
f 15/15 92/92 16/16
f 16/16 92/92 93/93
f 16/16 93/93 17/17
f 17/17 93/93 94/94
f 17/17 94/94 18/18
f 18/18 94/94 95/95
f 18/18 95/95 19/19
f 19/19 95/95 96/96
f 19/19 96/96 20/20
f 20/20 96/96 97/97
f 20/20 97/97 21/21
f 21/21 97/97 98/98
f 21/21 98/98 22/22
f 22/22 98/98 99/99
f 22/22 99/99 23/23
f 23/23 99/99 100/100
f 23/23 100/100 24/24
f 24/24 100/100 101/101
f 24/24 101/101 25/25
f 25/25 101/101 102/102
f 25/25 102/102 26/26
f 26/26 102/102 103/103
f 26/26 103/103 27/27
f 27/27 103/103 104/104
f 27/27 104/104 28/28
f 28/28 104/104 105/105
f 28/28 105/105 29/29
f 29/29 105/105 106/106
f 29/29 106/106 30/30
f 30/30 106/106 107/107
f 30/30 107/107 31/31
f 31/31 107/107 108/108
f 31/31 108/108 32/32
f 32/32 108/108 109/109
f 32/32 109/109 33/33
f 33/33 109/109 110/110
f 33/33 110/110 34/34
f 34/34 110/110 111/111
f 34/34 111/111 35/35
f 35/35 111/111 112/112
f 35/35 112/112 36/36
f 36/36 112/112 113/113
f 36/36 113/113 37/37
f 37/37 113/113 114/114
f 37/37 114/114 38/38
f 38/38 114/114 115/115
f 38/38 115/115 39/39
f 39/39 115/115 116/116
f 39/39 116/116 40/40
f 40/40 116/116 117/117
f 40/40 117/117 41/41
f 41/41 117/117 118/118
f 41/41 118/118 42/42
f 42/42 118/118 119/119
f 42/42 119/119 43/43
f 43/43 119/119 120/120
f 43/43 120/120 44/44
f 44/44 120/120 121/121
f 44/44 121/121 45/45
f 45/45 121/121 122/122
f 45/45 122/122 46/46
f 46/46 122/122 123/123
f 46/46 123/123 47/47
f 47/47 123/123 124/124
f 47/47 124/124 48/48
f 48/48 124/124 125/125
f 48/48 125/125 49/49
f 49/49 125/125 126/126
f 49/49 126/126 50/50
f 50/50 126/126 127/127
f 50/50 127/127 51/51
f 51/51 127/127 128/128
f 51/51 128/128 52/52
f 52/52 128/128 129/129
f 52/52 129/129 53/53
f 53/53 129/129 130/130
f 53/53 130/130 54/54
f 54/54 130/130 131/131
f 54/54 131/131 55/55
f 55/55 131/131 132/132
f 55/55 132/132 56/56
f 56/56 132/132 133/133
f 56/56 133/133 57/57
f 57/57 133/133 134/134
f 57/57 134/134 58/58
f 58/58 134/134 135/135
f 58/58 135/135 59/59
f 59/59 135/135 136/136
f 59/59 136/136 60/60
f 60/60 136/136 137/137
f 60/60 137/137 61/61
f 61/61 137/137 138/138
f 61/61 138/138 62/62
f 62/62 138/138 139/139
f 62/62 139/139 63/63
f 63/63 139/139 140/140
f 63/63 140/140 64/64
f 64/64 140/140 141/141
f 64/64 141/141 65/65
f 65/65 141/141 142/142
f 65/65 142/142 66/66
f 66/66 142/142 143/143
f 66/66 143/143 67/67
f 67/67 143/143 144/144
f 67/67 144/144 68/68
f 68/68 144/144 145/145
f 68/68 145/145 69/69
f 69/69 145/145 146/146
f 69/69 146/146 70/70
f 70/70 146/146 147/147
f 70/70 147/147 71/71
f 71/71 147/147 148/148
f 71/71 148/148 72/72
f 72/72 148/148 149/149
f 72/72 149/149 73/73
f 73/73 149/149 150/150
f 73/73 150/150 74/74
f 74/74 150/150 151/151
f 74/74 151/151 75/75
f 75/75 151/151 152/152
f 75/75 152/152 76/76
f 76/76 152/152 77/77
f 76/76 77/77 1/1
f 77/77 153/153 154/154
f 77/77 154/154 78/78
f 78/78 154/154 155/155
f 78/78 155/155 79/79
f 79/79 155/155 156/156
f 79/79 156/156 80/80
f 80/80 156/156 157/157
f 80/80 157/157 81/81
f 81/81 157/157 158/158
f 81/81 158/158 82/82
f 82/82 158/158 159/159
f 82/82 159/159 83/83
f 83/83 159/159 160/160
f 83/83 160/160 84/84
f 84/84 160/160 161/161
f 84/84 161/161 85/85
f 85/85 161/161 162/162
f 85/85 162/162 86/86
f 86/86 162/162 163/163
f 86/86 163/163 87/87
f 87/87 163/163 164/164
f 87/87 164/164 88/88
f 88/88 164/164 165/165
f 88/88 165/165 89/89
f 89/89 165/165 166/166
f 89/89 166/166 90/90
f 90/90 166/166 167/167
f 90/90 167/167 91/91
f 91/91 167/167 168/168
f 91/91 168/168 92/92
f 92/92 168/168 169/169
f 92/92 169/169 93/93
f 93/93 169/169 170/170
f 93/93 170/170 94/94
f 94/94 170/170 171/171
f 94/94 171/171 95/95
f 95/95 171/171 172/172
f 95/95 172/172 96/96
f 96/96 172/172 173/173
f 96/96 173/173 97/97
f 97/97 173/173 174/174
f 97/97 174/174 98/98
f 98/98 174/174 175/175
f 98/98 175/175 99/99
f 99/99 175/175 176/176
f 99/99 176/176 100/100
f 100/100 176/176 177/177
f 100/100 177/177 101/101
f 101/101 177/177 178/178
f 101/101 178/178 102/102
f 102/102 178/178 179/179
f 102/102 179/179 103/103
f 103/103 179/179 180/180
f 103/103 180/180 104/104
f 104/104 180/180 181/181
f 104/104 181/181 105/105
f 105/105 181/181 182/182
f 105/105 182/182 106/106
f 106/106 182/182 183/183
f 106/106 183/183 107/107
f 107/107 183/183 184/184
f 107/107 184/184 108/108
f 108/108 184/184 185/185
f 108/108 185/185 109/109
f 109/109 185/185 186/186
f 109/109 186/186 110/110
f 110/110 186/186 187/187
f 110/110 187/187 111/111
f 111/111 187/187 188/188
f 111/111 188/188 112/112
f 112/112 188/188 189/189
f 112/112 189/189 113/113
f 113/113 189/189 190/190
f 113/113 190/190 114/114
f 114/114 190/190 191/191
f 114/114 191/191 115/115
f 115/115 191/191 192/192
f 115/115 192/192 116/116
f 116/116 192/192 193/193
f 116/116 193/193 117/117
f 117/117 193/193 194/194
f 117/117 194/194 118/118
f 118/118 194/194 195/195
f 118/118 195/195 119/119
f 119/119 195/195 196/196
f 119/119 196/196 120/120
f 120/120 196/196 197/197
f 120/120 197/197 121/121
f 121/121 197/197 198/198
f 121/121 198/198 122/122
f 122/122 198/198 199/199
f 122/122 199/199 123/123
f 123/123 199/199 200/200
f 123/123 200/200 124/124
f 124/124 200/200 201/201
f 124/124 201/201 125/125
f 125/125 201/201 202/202
f 125/125 202/202 126/126
f 126/126 202/202 203/203
f 126/126 203/203 127/127
f 127/127 203/203 204/204
f 127/127 204/204 128/128
f 128/128 204/204 205/205
f 128/128 205/205 129/129
f 129/129 205/205 206/206
f 129/129 206/206 130/130
f 130/130 206/206 207/207
f 130/130 207/207 131/131
f 131/131 207/207 208/208
f 131/131 208/208 132/132
f 132/132 208/208 209/209
f 132/132 209/209 133/133
f 133/133 209/209 210/210
f 133/133 210/210 134/134
f 134/134 210/210 211/211
f 134/134 211/211 135/135
f 135/135 211/211 212/212
f 135/135 212/212 136/136
f 136/136 212/212 213/213
f 136/136 213/213 137/137
f 137/137 213/213 214/214
f 137/137 214/214 138/138
f 138/138 214/214 215/215
f 138/138 215/215 139/139
f 139/139 215/215 216/216
f 139/139 216/216 140/140
f 140/140 216/216 217/217
f 140/140 217/217 141/141
f 141/141 217/217 218/218
f 141/141 218/218 142/142
f 142/142 218/218 219/219
f 142/142 219/219 143/143
f 143/143 219/219 220/220
f 143/143 220/220 144/144
f 144/144 220/220 221/221
f 144/144 221/221 145/145
f 145/145 221/221 222/222
f 145/145 222/222 146/146
f 146/146 222/222 223/223
f 146/146 223/223 147/147
f 147/147 223/223 224/224
f 147/147 224/224 148/148
f 148/148 224/224 225/225
f 148/148 225/225 149/149
f 149/149 225/225 226/226
f 149/149 226/226 150/150
f 150/150 226/226 227/227
f 150/150 227/227 151/151
f 151/151 227/227 228/228
f 151/151 228/228 152/152
f 152/152 228/228 153/153
f 152/152 153/153 77/77
f 153/153 229/229 230/230
f 153/153 230/230 154/154
f 154/154 230/230 231/231
f 154/154 231/231 155/155
f 155/155 231/231 232/232
f 155/155 232/232 156/156
f 156/156 232/232 233/233
f 156/156 233/233 157/157
f 157/157 233/233 234/234
f 157/157 234/234 158/158
f 158/158 234/234 235/235
f 158/158 235/235 159/159
f 159/159 235/235 236/236
f 159/159 236/236 160/160
f 160/160 236/236 237/237
f 160/160 237/237 161/161
f 161/161 237/237 238/238
f 161/161 238/238 162/162
f 162/162 238/238 239/239
f 162/162 239/239 163/163
f 163/163 239/239 240/240
f 163/163 240/240 164/164
f 164/164 240/240 241/241
f 164/164 241/241 165/165
f 165/165 241/241 242/242
f 165/165 242/242 166/166
f 166/166 242/242 243/243
f 166/166 243/243 167/167
f 167/167 243/243 244/244
f 167/167 244/244 168/168
f 168/168 244/244 245/245
f 168/168 245/245 169/169
f 169/169 245/245 246/246
f 169/169 246/246 170/170
f 170/170 246/246 247/247
f 170/170 247/247 171/171
f 171/171 247/247 248/248
f 171/171 248/248 172/172
f 172/172 248/248 249/249
f 172/172 249/249 173/173
f 173/173 249/249 250/250
f 173/173 250/250 174/174
f 174/174 250/250 251/251
f 174/174 251/251 175/175
f 175/175 251/251 252/252
f 175/175 252/252 176/176
f 176/176 252/252 253/253
f 176/176 253/253 177/177
f 177/177 253/253 254/254
f 177/177 254/254 178/178
f 178/178 254/254 255/255
f 178/178 255/255 179/179
f 179/179 255/255 256/256
f 179/179 256/256 180/180
f 180/180 256/256 257/257
f 180/180 257/257 181/181
f 181/181 257/257 258/258
f 181/181 258/258 182/182
f 182/182 258/258 259/259
f 182/182 259/259 183/183
f 183/183 259/259 260/260
f 183/183 260/260 184/184
f 184/184 260/260 261/261
f 184/184 261/261 185/185
f 185/185 261/261 262/262
f 185/185 262/262 186/186
f 186/186 262/262 263/263
f 186/186 263/263 187/187
f 187/187 263/263 264/264
f 187/187 264/264 188/188
f 188/188 264/264 265/265
f 188/188 265/265 189/189
f 189/189 265/265 266/266
f 189/189 266/266 190/190
f 190/190 266/266 267/267
f 190/190 267/267 191/191
f 191/191 267/267 268/268
f 191/191 268/268 192/192
f 192/192 268/268 269/269
f 192/192 269/269 193/193
f 193/193 269/269 270/270
f 193/193 270/270 194/194
f 194/194 270/270 271/271
f 194/194 271/271 195/195
f 195/195 271/271 272/272
f 195/195 272/272 196/196
f 196/196 272/272 273/273
f 196/196 273/273 197/197
f 197/197 273/273 274/274
f 197/197 274/274 198/198
f 198/198 274/274 275/275
f 198/198 275/275 199/199
f 199/199 275/275 276/276
f 199/199 276/276 200/200
f 200/200 276/276 277/277
f 200/200 277/277 201/201
f 201/201 277/277 278/278
f 201/201 278/278 202/202
f 202/202 278/278 279/279
f 202/202 279/279 203/203
f 203/203 279/279 280/280
f 203/203 280/280 204/204
f 204/204 280/280 281/281
f 204/204 281/281 205/205
f 205/205 281/281 282/282
f 205/205 282/282 206/206
f 206/206 282/282 283/283
f 206/206 283/283 207/207
f 207/207 283/283 284/284
f 207/207 284/284 208/208
f 208/208 284/284 285/285
f 208/208 285/285 209/209
f 209/209 285/285 286/286
f 209/209 286/286 210/210
f 210/210 286/286 287/287
f 210/210 287/287 211/211
f 211/211 287/287 288/288
f 211/211 288/288 212/212
f 212/212 288/288 289/289
f 212/212 289/289 213/213
f 213/213 289/289 290/290
f 213/213 290/290 214/214
f 214/214 290/290 291/291
f 214/214 291/291 215/215
f 215/215 291/291 292/292
f 215/215 292/292 216/216
f 216/216 292/292 293/293
f 216/216 293/293 217/217
f 217/217 293/293 294/294
f 217/217 294/294 218/218
f 218/218 294/294 295/295
f 218/218 295/295 219/219
f 219/219 295/295 296/296
f 219/219 296/296 220/220
f 220/220 296/296 297/297
f 220/220 297/297 221/221
f 221/221 297/297 298/298
f 221/221 298/298 222/222
f 222/222 298/298 299/299
f 222/222 299/299 223/223
f 223/223 299/299 300/300
f 223/223 300/300 224/224
f 224/224 300/300 301/301
f 224/224 301/301 225/225
f 225/225 301/301 302/302
f 225/225 302/302 226/226
f 226/226 302/302 303/303
f 226/226 303/303 227/227
f 227/227 303/303 304/304
f 227/227 304/304 228/228
f 228/228 304/304 229/229
f 228/228 229/229 153/153
f 229/229 305/305 306/306
f 229/229 306/306 230/230
f 230/230 306/306 307/307
f 230/230 307/307 231/231
f 231/231 307/307 308/308
f 231/231 308/308 232/232
f 232/232 308/308 309/309
f 232/232 309/309 233/233
f 233/233 309/309 310/310
f 233/233 310/310 234/234
f 234/234 310/310 311/311
f 234/234 311/311 235/235
f 235/235 311/311 312/312
f 235/235 312/312 236/236
f 236/236 312/312 313/313
f 236/236 313/313 237/237
f 237/237 313/313 314/314
f 237/237 314/314 238/238
f 238/238 314/314 315/315
f 238/238 315/315 239/239
f 239/239 315/315 316/316
f 239/239 316/316 240/240
f 240/240 316/316 317/317
f 240/240 317/317 241/241
f 241/241 317/317 318/318
f 241/241 318/318 242/242
f 242/242 318/318 319/319
f 242/242 319/319 243/243
f 243/243 319/319 320/320
f 243/243 320/320 244/244
f 244/244 320/320 321/321
f 244/244 321/321 245/245
f 245/245 321/321 322/322
f 245/245 322/322 246/246
f 246/246 322/322 323/323
f 246/246 323/323 247/247
f 247/247 323/323 324/324
f 247/247 324/324 248/248
f 248/248 324/324 325/325
f 248/248 325/325 249/249
f 249/249 325/325 326/326
f 249/249 326/326 250/250
f 250/250 326/326 327/327
f 250/250 327/327 251/251
f 251/251 327/327 328/328
f 251/251 328/328 252/252
f 252/252 328/328 329/329
f 252/252 329/329 253/253
f 253/253 329/329 330/330
f 253/253 330/330 254/254
f 254/254 330/330 331/331
f 254/254 331/331 255/255
f 255/255 331/331 332/332
f 255/255 332/332 256/256
f 256/256 332/332 333/333
f 256/256 333/333 257/257
f 257/257 333/333 334/334
f 257/257 334/334 258/258
f 258/258 334/334 335/335
f 258/258 335/335 259/259
f 259/259 335/335 336/336
f 259/259 336/336 260/260
f 260/260 336/336 337/337
f 260/260 337/337 261/261
f 261/261 337/337 338/338
f 261/261 338/338 262/262
f 262/262 338/338 339/339
f 262/262 339/339 263/263
f 263/263 339/339 340/340
f 263/263 340/340 264/264
f 264/264 340/340 341/341
f 264/264 341/341 265/265
f 265/265 341/341 342/342
f 265/265 342/342 266/266
f 266/266 342/342 343/343
f 266/266 343/343 267/267
f 267/267 343/343 344/344
f 267/267 344/344 268/268
f 268/268 344/344 345/345
f 268/268 345/345 269/269
f 269/269 345/345 346/346
f 269/269 346/346 270/270
f 270/270 346/346 347/347
f 270/270 347/347 271/271
f 271/271 347/347 348/348
f 271/271 348/348 272/272
f 272/272 348/348 349/349
f 272/272 349/349 273/273
f 273/273 349/349 350/350
f 273/273 350/350 274/274
f 274/274 350/350 351/351
f 274/274 351/351 275/275
f 275/275 351/351 352/352
f 275/275 352/352 276/276
f 276/276 352/352 353/353
f 276/276 353/353 277/277
f 277/277 353/353 354/354
f 277/277 354/354 278/278
f 278/278 354/354 355/355
f 278/278 355/355 279/279
f 279/279 355/355 356/356
f 279/279 356/356 280/280
f 280/280 356/356 357/357
f 280/280 357/357 281/281
f 281/281 357/357 358/358
f 281/281 358/358 282/282
f 282/282 358/358 359/359
f 282/282 359/359 283/283
f 283/283 359/359 360/360
f 283/283 360/360 284/284
f 284/284 360/360 361/361
f 284/284 361/361 285/285
f 285/285 361/361 362/362
f 285/285 362/362 286/286
f 286/286 362/362 363/363
f 286/286 363/363 287/287
f 287/287 363/363 364/364
f 287/287 364/364 288/288
f 288/288 364/364 365/365
f 288/288 365/365 289/289
f 289/289 365/365 366/366
f 289/289 366/366 290/290
f 290/290 366/366 367/367
f 290/290 367/367 291/291
f 291/291 367/367 368/368
f 291/291 368/368 292/292
f 292/292 368/368 369/369
f 292/292 369/369 293/293
f 293/293 369/369 370/370
f 293/293 370/370 294/294
f 294/294 370/370 371/371
f 294/294 371/371 295/295
f 295/295 371/371 372/372
f 295/295 372/372 296/296
f 296/296 372/372 373/373
f 296/296 373/373 297/297
f 297/297 373/373 374/374
f 297/297 374/374 298/298
f 298/298 374/374 375/375
f 298/298 375/375 299/299
f 299/299 375/375 376/376
f 299/299 376/376 300/300
f 300/300 376/376 377/377
f 300/300 377/377 301/301
f 301/301 377/377 378/378
f 301/301 378/378 302/302
f 302/302 378/378 379/379
f 302/302 379/379 303/303
f 303/303 379/379 380/380
f 303/303 380/380 304/304
f 304/304 380/380 305/305
f 304/304 305/305 229/229
f 305/305 381/381 382/382
f 305/305 382/382 306/306
f 306/306 382/382 383/383
f 306/306 383/383 307/307
f 307/307 383/383 384/384
f 307/307 384/384 308/308
f 308/308 384/384 385/385
f 308/308 385/385 309/309
f 309/309 385/385 386/386
f 309/309 386/386 310/310
f 310/310 386/386 387/387
f 310/310 387/387 311/311
f 311/311 387/387 388/388
f 311/311 388/388 312/312
f 312/312 388/388 389/389
f 312/312 389/389 313/313
f 313/313 389/389 390/390
f 313/313 390/390 314/314
f 314/314 390/390 391/391
f 314/314 391/391 315/315
f 315/315 391/391 392/392
f 315/315 392/392 316/316
f 316/316 392/392 393/393
f 316/316 393/393 317/317
f 317/317 393/393 394/394
f 317/317 394/394 318/318
f 318/318 394/394 395/395
f 318/318 395/395 319/319
f 319/319 395/395 396/396
f 319/319 396/396 320/320
f 320/320 396/396 397/397
f 320/320 397/397 321/321
f 321/321 397/397 398/398
f 321/321 398/398 322/322
f 322/322 398/398 399/399
f 322/322 399/399 323/323
f 323/323 399/399 400/400
f 323/323 400/400 324/324
f 324/324 400/400 401/401
f 324/324 401/401 325/325
f 325/325 401/401 402/402
f 325/325 402/402 326/326
f 326/326 402/402 403/403
f 326/326 403/403 327/327
f 327/327 403/403 404/404
f 327/327 404/404 328/328
f 328/328 404/404 405/405
f 328/328 405/405 329/329
f 329/329 405/405 406/406
f 329/329 406/406 330/330
f 330/330 406/406 407/407
f 330/330 407/407 331/331
f 331/331 407/407 408/408
f 331/331 408/408 332/332
f 332/332 408/408 409/409
f 332/332 409/409 333/333
f 333/333 409/409 410/410
f 333/333 410/410 334/334
f 334/334 410/410 411/411
f 334/334 411/411 335/335
f 335/335 411/411 412/412
f 335/335 412/412 336/336
f 336/336 412/412 413/413
f 336/336 413/413 337/337
f 337/337 413/413 414/414
f 337/337 414/414 338/338
f 338/338 414/414 415/415
f 338/338 415/415 339/339
f 339/339 415/415 416/416
f 339/339 416/416 340/340
f 340/340 416/416 417/417
f 340/340 417/417 341/341
f 341/341 417/417 418/418
f 341/341 418/418 342/342
f 342/342 418/418 419/419
f 342/342 419/419 343/343
f 343/343 419/419 420/420
f 343/343 420/420 344/344
f 344/344 420/420 421/421
f 344/344 421/421 345/345
f 345/345 421/421 422/422
f 345/345 422/422 346/346
f 346/346 422/422 423/423
f 346/346 423/423 347/347
f 347/347 423/423 424/424
f 347/347 424/424 348/348
f 348/348 424/424 425/425
f 348/348 425/425 349/349
f 349/349 425/425 426/426
f 349/349 426/426 350/350
f 350/350 426/426 427/427
f 350/350 427/427 351/351
f 351/351 427/427 428/428
f 351/351 428/428 352/352
f 352/352 428/428 429/429
f 352/352 429/429 353/353
f 353/353 429/429 430/430
f 353/353 430/430 354/354
f 354/354 430/430 431/431
f 354/354 431/431 355/355
f 355/355 431/431 432/432
f 355/355 432/432 356/356
f 356/356 432/432 433/433
f 356/356 433/433 357/357
f 357/357 433/433 434/434
f 357/357 434/434 358/358
f 358/358 434/434 435/435
f 358/358 435/435 359/359
f 359/359 435/435 436/436
f 359/359 436/436 360/360
f 360/360 436/436 437/437
f 360/360 437/437 361/361
f 361/361 437/437 438/438
f 361/361 438/438 362/362
f 362/362 438/438 439/439
f 362/362 439/439 363/363
f 363/363 439/439 440/440
f 363/363 440/440 364/364
f 364/364 440/440 441/441
f 364/364 441/441 365/365
f 365/365 441/441 442/442
f 365/365 442/442 366/366
f 366/366 442/442 443/443
f 366/366 443/443 367/367
f 367/367 443/443 444/444
f 367/367 444/444 368/368
f 368/368 444/444 445/445
f 368/368 445/445 369/369
f 369/369 445/445 446/446
f 369/369 446/446 370/370
f 370/370 446/446 447/447
f 370/370 447/447 371/371
f 371/371 447/447 448/448
f 371/371 448/448 372/372
f 372/372 448/448 449/449
f 372/372 449/449 373/373
f 373/373 449/449 450/450
f 373/373 450/450 374/374
f 374/374 450/450 451/451
f 374/374 451/451 375/375
f 375/375 451/451 452/452
f 375/375 452/452 376/376
f 376/376 452/452 453/453
f 376/376 453/453 377/377
f 377/377 453/453 454/454
f 377/377 454/454 378/378
f 378/378 454/454 455/455
f 378/378 455/455 379/379
f 379/379 455/455 456/456
f 379/379 456/456 380/380
f 380/380 456/456 381/381
f 380/380 381/381 305/305
f 381/381 457/457 458/458
f 381/381 458/458 382/382
f 382/382 458/458 459/459
f 382/382 459/459 383/383
f 383/383 459/459 460/460
f 383/383 460/460 384/384
f 384/384 460/460 461/461
f 384/384 461/461 385/385
f 385/385 461/461 462/462
f 385/385 462/462 386/386
f 386/386 462/462 463/463
f 386/386 463/463 387/387
f 387/387 463/463 464/464
f 387/387 464/464 388/388
f 388/388 464/464 465/465
f 388/388 465/465 389/389
f 389/389 465/465 466/466
f 389/389 466/466 390/390
f 390/390 466/466 467/467
f 390/390 467/467 391/391
f 391/391 467/467 468/468
f 391/391 468/468 392/392
f 392/392 468/468 469/469
f 392/392 469/469 393/393
f 393/393 469/469 470/470
f 393/393 470/470 394/394
f 394/394 470/470 471/471
f 394/394 471/471 395/395
f 395/395 471/471 472/472
f 395/395 472/472 396/396
f 396/396 472/472 473/473
f 396/396 473/473 397/397
f 397/397 473/473 474/474
f 397/397 474/474 398/398
f 398/398 474/474 475/475
f 398/398 475/475 399/399
f 399/399 475/475 476/476
f 399/399 476/476 400/400
f 400/400 476/476 477/477
f 400/400 477/477 401/401
f 401/401 477/477 478/478
f 401/401 478/478 402/402
f 402/402 478/478 479/479
f 402/402 479/479 403/403
f 403/403 479/479 480/480
f 403/403 480/480 404/404
f 404/404 480/480 481/481
f 404/404 481/481 405/405
f 405/405 481/481 482/482
f 405/405 482/482 406/406
f 406/406 482/482 483/483
f 406/406 483/483 407/407
f 407/407 483/483 484/484
f 407/407 484/484 408/408
f 408/408 484/484 485/485
f 408/408 485/485 409/409
f 409/409 485/485 486/486
f 409/409 486/486 410/410
f 410/410 486/486 487/487
f 410/410 487/487 411/411
f 411/411 487/487 488/488
f 411/411 488/488 412/412
f 412/412 488/488 489/489
f 412/412 489/489 413/413
f 413/413 489/489 490/490
f 413/413 490/490 414/414
f 414/414 490/490 491/491
f 414/414 491/491 415/415
f 415/415 491/491 492/492
f 415/415 492/492 416/416
f 416/416 492/492 493/493
f 416/416 493/493 417/417
f 417/417 493/493 494/494
f 417/417 494/494 418/418
f 418/418 494/494 495/495
f 418/418 495/495 419/419
f 419/419 495/495 496/496
f 419/419 496/496 420/420
f 420/420 496/496 497/497
f 420/420 497/497 421/421
f 421/421 497/497 498/498
f 421/421 498/498 422/422
f 422/422 498/498 499/499
f 422/422 499/499 423/423
f 423/423 499/499 500/500
f 423/423 500/500 424/424
f 424/424 500/500 501/501
f 424/424 501/501 425/425
f 425/425 501/501 502/502
f 425/425 502/502 426/426
f 426/426 502/502 503/503
f 426/426 503/503 427/427
f 427/427 503/503 504/504
f 427/427 504/504 428/428
f 428/428 504/504 505/505
f 428/428 505/505 429/429
f 429/429 505/505 506/506
f 429/429 506/506 430/430
f 430/430 506/506 507/507
f 430/430 507/507 431/431
f 431/431 507/507 508/508
f 431/431 508/508 432/432
f 432/432 508/508 509/509
f 432/432 509/509 433/433
f 433/433 509/509 510/510
f 433/433 510/510 434/434
f 434/434 510/510 511/511
f 434/434 511/511 435/435
f 435/435 511/511 512/512
f 435/435 512/512 436/436
f 436/436 512/512 513/513
f 436/436 513/513 437/437
f 437/437 513/513 514/514
f 437/437 514/514 438/438
f 438/438 514/514 515/515
f 438/438 515/515 439/439
f 439/439 515/515 516/516
f 439/439 516/516 440/440
f 440/440 516/516 517/517
f 440/440 517/517 441/441
f 441/441 517/517 518/518
f 441/441 518/518 442/442
f 442/442 518/518 519/519
f 442/442 519/519 443/443
f 443/443 519/519 520/520
f 443/443 520/520 444/444
f 444/444 520/520 521/521
f 444/444 521/521 445/445
f 445/445 521/521 522/522
f 445/445 522/522 446/446
f 446/446 522/522 523/523
f 446/446 523/523 447/447
f 447/447 523/523 524/524
f 447/447 524/524 448/448
f 448/448 524/524 525/525
f 448/448 525/525 449/449
f 449/449 525/525 526/526
f 449/449 526/526 450/450
f 450/450 526/526 527/527
f 450/450 527/527 451/451
f 451/451 527/527 528/528
f 451/451 528/528 452/452
f 452/452 528/528 529/529
f 452/452 529/529 453/453
f 453/453 529/529 530/530
f 453/453 530/530 454/454
f 454/454 530/530 531/531
f 454/454 531/531 455/455
f 455/455 531/531 532/532
f 455/455 532/532 456/456
f 456/456 532/532 457/457
f 456/456 457/457 381/381
f 457/457 533/533 534/534
f 457/457 534/534 458/458
f 458/458 534/534 535/535
f 458/458 535/535 459/459
f 459/459 535/535 536/536
f 459/459 536/536 460/460
f 460/460 536/536 537/537
f 460/460 537/537 461/461
f 461/461 537/537 538/538
f 461/461 538/538 462/462
f 462/462 538/538 539/539
f 462/462 539/539 463/463
f 463/463 539/539 540/540
f 463/463 540/540 464/464
f 464/464 540/540 541/541
f 464/464 541/541 465/465
f 465/465 541/541 542/542
f 465/465 542/542 466/466
f 466/466 542/542 543/543
f 466/466 543/543 467/467
f 467/467 543/543 544/544
f 467/467 544/544 468/468
f 468/468 544/544 545/545
f 468/468 545/545 469/469
f 469/469 545/545 546/546
f 469/469 546/546 470/470
f 470/470 546/546 547/547
f 470/470 547/547 471/471
f 471/471 547/547 548/548
f 471/471 548/548 472/472
f 472/472 548/548 549/549
f 472/472 549/549 473/473
f 473/473 549/549 550/550
f 473/473 550/550 474/474
f 474/474 550/550 551/551
f 474/474 551/551 475/475
f 475/475 551/551 552/552
f 475/475 552/552 476/476
f 476/476 552/552 553/553
f 476/476 553/553 477/477
f 477/477 553/553 554/554
f 477/477 554/554 478/478
f 478/478 554/554 555/555
f 478/478 555/555 479/479
f 479/479 555/555 556/556
f 479/479 556/556 480/480
f 480/480 556/556 557/557
f 480/480 557/557 481/481
f 481/481 557/557 558/558
f 481/481 558/558 482/482
f 482/482 558/558 559/559
f 482/482 559/559 483/483
f 483/483 559/559 560/560
f 483/483 560/560 484/484
f 484/484 560/560 561/561
f 484/484 561/561 485/485
f 485/485 561/561 562/562
f 485/485 562/562 486/486
f 486/486 562/562 563/563
f 486/486 563/563 487/487
f 487/487 563/563 564/564
f 487/487 564/564 488/488
f 488/488 564/564 565/565
f 488/488 565/565 489/489
f 489/489 565/565 566/566
f 489/489 566/566 490/490
f 490/490 566/566 567/567
f 490/490 567/567 491/491
f 491/491 567/567 568/568
f 491/491 568/568 492/492
f 492/492 568/568 569/569
f 492/492 569/569 493/493
f 493/493 569/569 570/570
f 493/493 570/570 494/494
f 494/494 570/570 571/571
f 494/494 571/571 495/495
f 495/495 571/571 572/572
f 495/495 572/572 496/496
f 496/496 572/572 573/573
f 496/496 573/573 497/497
f 497/497 573/573 574/574
f 497/497 574/574 498/498
f 498/498 574/574 575/575
f 498/498 575/575 499/499
f 499/499 575/575 576/576
f 499/499 576/576 500/500
f 500/500 576/576 577/577
f 500/500 577/577 501/501
f 501/501 577/577 578/578
f 501/501 578/578 502/502
f 502/502 578/578 579/579
f 502/502 579/579 503/503
f 503/503 579/579 580/580
f 503/503 580/580 504/504
f 504/504 580/580 581/581
f 504/504 581/581 505/505
f 505/505 581/581 582/582
f 505/505 582/582 506/506
f 506/506 582/582 583/583
f 506/506 583/583 507/507
f 507/507 583/583 584/584
f 507/507 584/584 508/508
f 508/508 584/584 585/585
f 508/508 585/585 509/509
f 509/509 585/585 586/586
f 509/509 586/586 510/510
f 510/510 586/586 587/587
f 510/510 587/587 511/511
f 511/511 587/587 588/588
f 511/511 588/588 512/512
f 512/512 588/588 589/589
f 512/512 589/589 513/513
f 513/513 589/589 590/590
f 513/513 590/590 514/514
f 514/514 590/590 591/591
f 514/514 591/591 515/515
f 515/515 591/591 592/592
f 515/515 592/592 516/516
f 516/516 592/592 593/593
f 516/516 593/593 517/517
f 517/517 593/593 594/594
f 517/517 594/594 518/518
f 518/518 594/594 595/595
f 518/518 595/595 519/519
f 519/519 595/595 596/596
f 519/519 596/596 520/520
f 520/520 596/596 597/597
f 520/520 597/597 521/521
f 521/521 597/597 598/598
f 521/521 598/598 522/522
f 522/522 598/598 599/599
f 522/522 599/599 523/523
f 523/523 599/599 600/600
f 523/523 600/600 524/524
f 524/524 600/600 601/601
f 524/524 601/601 525/525
f 525/525 601/601 602/602
f 525/525 602/602 526/526
f 526/526 602/602 603/603
f 526/526 603/603 527/527
f 527/527 603/603 604/604
f 527/527 604/604 528/528
f 528/528 604/604 605/605
f 528/528 605/605 529/529
f 529/529 605/605 606/606
f 529/529 606/606 530/530
f 530/530 606/606 607/607
f 530/530 607/607 531/531
f 531/531 607/607 608/608
f 531/531 608/608 532/532
f 532/532 608/608 533/533
f 532/532 533/533 457/457
f 533/533 609/609 610/610
f 533/533 610/610 534/534
f 534/534 610/610 611/611
f 534/534 611/611 535/535
f 535/535 611/611 612/612
f 535/535 612/612 536/536
f 536/536 612/612 613/613
f 536/536 613/613 537/537
f 537/537 613/613 614/614
f 537/537 614/614 538/538
f 538/538 614/614 615/615
f 538/538 615/615 539/539
f 539/539 615/615 616/616
f 539/539 616/616 540/540
f 540/540 616/616 617/617
f 540/540 617/617 541/541
f 541/541 617/617 618/618
f 541/541 618/618 542/542
f 542/542 618/618 619/619
f 542/542 619/619 543/543
f 543/543 619/619 620/620
f 543/543 620/620 544/544
f 544/544 620/620 621/621
f 544/544 621/621 545/545
f 545/545 621/621 622/622
f 545/545 622/622 546/546
f 546/546 622/622 623/623
f 546/546 623/623 547/547
f 547/547 623/623 624/624
f 547/547 624/624 548/548
f 548/548 624/624 625/625
f 548/548 625/625 549/549
f 549/549 625/625 626/626
f 549/549 626/626 550/550
f 550/550 626/626 627/627
f 550/550 627/627 551/551
f 551/551 627/627 628/628
f 551/551 628/628 552/552
f 552/552 628/628 629/629
f 552/552 629/629 553/553
f 553/553 629/629 630/630
f 553/553 630/630 554/554
f 554/554 630/630 631/631
f 554/554 631/631 555/555
f 555/555 631/631 632/632
f 555/555 632/632 556/556
f 556/556 632/632 633/633
f 556/556 633/633 557/557
f 557/557 633/633 634/634
f 557/557 634/634 558/558
f 558/558 634/634 635/635
f 558/558 635/635 559/559
f 559/559 635/635 636/636
f 559/559 636/636 560/560
f 560/560 636/636 637/637
f 560/560 637/637 561/561
f 561/561 637/637 638/638
f 561/561 638/638 562/562
f 562/562 638/638 639/639
f 562/562 639/639 563/563
f 563/563 639/639 640/640
f 563/563 640/640 564/564
f 564/564 640/640 641/641
f 564/564 641/641 565/565
f 565/565 641/641 642/642
f 565/565 642/642 566/566
f 566/566 642/642 643/643
f 566/566 643/643 567/567
f 567/567 643/643 644/644
f 567/567 644/644 568/568
f 568/568 644/644 645/645
f 568/568 645/645 569/569
f 569/569 645/645 646/646
f 569/569 646/646 570/570
f 570/570 646/646 647/647
f 570/570 647/647 571/571
f 571/571 647/647 648/648
f 571/571 648/648 572/572
f 572/572 648/648 649/649
f 572/572 649/649 573/573
f 573/573 649/649 650/650
f 573/573 650/650 574/574
f 574/574 650/650 651/651
f 574/574 651/651 575/575
f 575/575 651/651 652/652
f 575/575 652/652 576/576
f 576/576 652/652 653/653
f 576/576 653/653 577/577
f 577/577 653/653 654/654
f 577/577 654/654 578/578
f 578/578 654/654 655/655
f 578/578 655/655 579/579
f 579/579 655/655 656/656
f 579/579 656/656 580/580
f 580/580 656/656 657/657
f 580/580 657/657 581/581
f 581/581 657/657 658/658
f 581/581 658/658 582/582
f 582/582 658/658 659/659
f 582/582 659/659 583/583
f 583/583 659/659 660/660
f 583/583 660/660 584/584
f 584/584 660/660 661/661
f 584/584 661/661 585/585
f 585/585 661/661 662/662
f 585/585 662/662 586/586
f 586/586 662/662 663/663
f 586/586 663/663 587/587
f 587/587 663/663 664/664
f 587/587 664/664 588/588
f 588/588 664/664 665/665
f 588/588 665/665 589/589
f 589/589 665/665 666/666
f 589/589 666/666 590/590
f 590/590 666/666 667/667
f 590/590 667/667 591/591
f 591/591 667/667 668/668
f 591/591 668/668 592/592
f 592/592 668/668 669/669
f 592/592 669/669 593/593
f 593/593 669/669 670/670
f 593/593 670/670 594/594
f 594/594 670/670 671/671
f 594/594 671/671 595/595
f 595/595 671/671 672/672
f 595/595 672/672 596/596
f 596/596 672/672 673/673
f 596/596 673/673 597/597
f 597/597 673/673 674/674
f 597/597 674/674 598/598
f 598/598 674/674 675/675
f 598/598 675/675 599/599
f 599/599 675/675 676/676
f 599/599 676/676 600/600
f 600/600 676/676 677/677
f 600/600 677/677 601/601
f 601/601 677/677 678/678
f 601/601 678/678 602/602
f 602/602 678/678 679/679
f 602/602 679/679 603/603
f 603/603 679/679 680/680
f 603/603 680/680 604/604
f 604/604 680/680 681/681
f 604/604 681/681 605/605
f 605/605 681/681 682/682
f 605/605 682/682 606/606
f 606/606 682/682 683/683
f 606/606 683/683 607/607
f 607/607 683/683 684/684
f 607/607 684/684 608/608
f 608/608 684/684 609/609
f 608/608 609/609 533/533
f 609/609 685/685 686/686
f 609/609 686/686 610/610
f 610/610 686/686 687/687
f 610/610 687/687 611/611
f 611/611 687/687 688/688
f 611/611 688/688 612/612
f 612/612 688/688 689/689
f 612/612 689/689 613/613
f 613/613 689/689 690/690
f 613/613 690/690 614/614
f 614/614 690/690 691/691
f 614/614 691/691 615/615
f 615/615 691/691 692/692
f 615/615 692/692 616/616
f 616/616 692/692 693/693
f 616/616 693/693 617/617
f 617/617 693/693 694/694
f 617/617 694/694 618/618
f 618/618 694/694 695/695
f 618/618 695/695 619/619
f 619/619 695/695 696/696
f 619/619 696/696 620/620
f 620/620 696/696 697/697
f 620/620 697/697 621/621
f 621/621 697/697 698/698
f 621/621 698/698 622/622
f 622/622 698/698 699/699
f 622/622 699/699 623/623
f 623/623 699/699 700/700
f 623/623 700/700 624/624
f 624/624 700/700 701/701
f 624/624 701/701 625/625
f 625/625 701/701 702/702
f 625/625 702/702 626/626
f 626/626 702/702 703/703
f 626/626 703/703 627/627
f 627/627 703/703 704/704
f 627/627 704/704 628/628
f 628/628 704/704 705/705
f 628/628 705/705 629/629
f 629/629 705/705 706/706
f 629/629 706/706 630/630
f 630/630 706/706 707/707
f 630/630 707/707 631/631
f 631/631 707/707 708/708
f 631/631 708/708 632/632
f 632/632 708/708 709/709
f 632/632 709/709 633/633
f 633/633 709/709 710/710
f 633/633 710/710 634/634
f 634/634 710/710 711/711
f 634/634 711/711 635/635
f 635/635 711/711 712/712
f 635/635 712/712 636/636
f 636/636 712/712 713/713
f 636/636 713/713 637/637
f 637/637 713/713 714/714
f 637/637 714/714 638/638
f 638/638 714/714 715/715
f 638/638 715/715 639/639
f 639/639 715/715 716/716
f 639/639 716/716 640/640
f 640/640 716/716 717/717
f 640/640 717/717 641/641
f 641/641 717/717 718/718
f 641/641 718/718 642/642
f 642/642 718/718 719/719
f 642/642 719/719 643/643
f 643/643 719/719 720/720
f 643/643 720/720 644/644
f 644/644 720/720 721/721
f 644/644 721/721 645/645
f 645/645 721/721 722/722
f 645/645 722/722 646/646
f 646/646 722/722 723/723
f 646/646 723/723 647/647
f 647/647 723/723 724/724
f 647/647 724/724 648/648
f 648/648 724/724 725/725
f 648/648 725/725 649/649
f 649/649 725/725 726/726
f 649/649 726/726 650/650
f 650/650 726/726 727/727
f 650/650 727/727 651/651
f 651/651 727/727 728/728
f 651/651 728/728 652/652
f 652/652 728/728 729/729
f 652/652 729/729 653/653
f 653/653 729/729 730/730
f 653/653 730/730 654/654
f 654/654 730/730 731/731
f 654/654 731/731 655/655
f 655/655 731/731 732/732
f 655/655 732/732 656/656
f 656/656 732/732 733/733
f 656/656 733/733 657/657
f 657/657 733/733 734/734
f 657/657 734/734 658/658
f 658/658 734/734 735/735
f 658/658 735/735 659/659
f 659/659 735/735 736/736
f 659/659 736/736 660/660
f 660/660 736/736 737/737
f 660/660 737/737 661/661
f 661/661 737/737 738/738
f 661/661 738/738 662/662
f 662/662 738/738 739/739
f 662/662 739/739 663/663
f 663/663 739/739 740/740
f 663/663 740/740 664/664
f 664/664 740/740 741/741
f 664/664 741/741 665/665
f 665/665 741/741 742/742
f 665/665 742/742 666/666
f 666/666 742/742 743/743
f 666/666 743/743 667/667
f 667/667 743/743 744/744
f 667/667 744/744 668/668
f 668/668 744/744 745/745
f 668/668 745/745 669/669
f 669/669 745/745 746/746
f 669/669 746/746 670/670
f 670/670 746/746 747/747
f 670/670 747/747 671/671
f 671/671 747/747 748/748
f 671/671 748/748 672/672
f 672/672 748/748 749/749
f 672/672 749/749 673/673
f 673/673 749/749 750/750
f 673/673 750/750 674/674
f 674/674 750/750 751/751
f 674/674 751/751 675/675
f 675/675 751/751 752/752
f 675/675 752/752 676/676
f 676/676 752/752 753/753
f 676/676 753/753 677/677
f 677/677 753/753 754/754
f 677/677 754/754 678/678
f 678/678 754/754 755/755
f 678/678 755/755 679/679
f 679/679 755/755 756/756
f 679/679 756/756 680/680
f 680/680 756/756 757/757
f 680/680 757/757 681/681
f 681/681 757/757 758/758
f 681/681 758/758 682/682
f 682/682 758/758 759/759
f 682/682 759/759 683/683
f 683/683 759/759 760/760
f 683/683 760/760 684/684
f 684/684 760/760 685/685
f 684/684 685/685 609/609
f 685/685 761/761 762/762
f 685/685 762/762 686/686
f 686/686 762/762 763/763
f 686/686 763/763 687/687
f 687/687 763/763 764/764
f 687/687 764/764 688/688
f 688/688 764/764 765/765
f 688/688 765/765 689/689
f 689/689 765/765 766/766
f 689/689 766/766 690/690
f 690/690 766/766 767/767
f 690/690 767/767 691/691
f 691/691 767/767 768/768
f 691/691 768/768 692/692
f 692/692 768/768 769/769
f 692/692 769/769 693/693
f 693/693 769/769 770/770
f 693/693 770/770 694/694
f 694/694 770/770 771/771
f 694/694 771/771 695/695
f 695/695 771/771 772/772
f 695/695 772/772 696/696
f 696/696 772/772 773/773
f 696/696 773/773 697/697
f 697/697 773/773 774/774
f 697/697 774/774 698/698
f 698/698 774/774 775/775
f 698/698 775/775 699/699
f 699/699 775/775 776/776
f 699/699 776/776 700/700
f 700/700 776/776 777/777
f 700/700 777/777 701/701
f 701/701 777/777 778/778
f 701/701 778/778 702/702
f 702/702 778/778 779/779
f 702/702 779/779 703/703
f 703/703 779/779 780/780
f 703/703 780/780 704/704
f 704/704 780/780 781/781
f 704/704 781/781 705/705
f 705/705 781/781 782/782
f 705/705 782/782 706/706
f 706/706 782/782 783/783
f 706/706 783/783 707/707
f 707/707 783/783 784/784
f 707/707 784/784 708/708
f 708/708 784/784 785/785
f 708/708 785/785 709/709
f 709/709 785/785 786/786
f 709/709 786/786 710/710
f 710/710 786/786 787/787
f 710/710 787/787 711/711
f 711/711 787/787 788/788
f 711/711 788/788 712/712
f 712/712 788/788 789/789
f 712/712 789/789 713/713
f 713/713 789/789 790/790
f 713/713 790/790 714/714
f 714/714 790/790 791/791
f 714/714 791/791 715/715
f 715/715 791/791 792/792
f 715/715 792/792 716/716
f 716/716 792/792 793/793
f 716/716 793/793 717/717
f 717/717 793/793 794/794
f 717/717 794/794 718/718
f 718/718 794/794 795/795
f 718/718 795/795 719/719
f 719/719 795/795 796/796
f 719/719 796/796 720/720
f 720/720 796/796 797/797
f 720/720 797/797 721/721
f 721/721 797/797 798/798
f 721/721 798/798 722/722
f 722/722 798/798 799/799
f 722/722 799/799 723/723
f 723/723 799/799 800/800
f 723/723 800/800 724/724
f 724/724 800/800 801/801
f 724/724 801/801 725/725
f 725/725 801/801 802/802
f 725/725 802/802 726/726
f 726/726 802/802 803/803
f 726/726 803/803 727/727
f 727/727 803/803 804/804
f 727/727 804/804 728/728
f 728/728 804/804 805/805
f 728/728 805/805 729/729
f 729/729 805/805 806/806
f 729/729 806/806 730/730
f 730/730 806/806 807/807
f 730/730 807/807 731/731
f 731/731 807/807 808/808
f 731/731 808/808 732/732
f 732/732 808/808 809/809
f 732/732 809/809 733/733
f 733/733 809/809 810/810
f 733/733 810/810 734/734
f 734/734 810/810 811/811
f 734/734 811/811 735/735
f 735/735 811/811 812/812
f 735/735 812/812 736/736
f 736/736 812/812 813/813
f 736/736 813/813 737/737
f 737/737 813/813 814/814
f 737/737 814/814 738/738
f 738/738 814/814 815/815
f 738/738 815/815 739/739
f 739/739 815/815 816/816
f 739/739 816/816 740/740
f 740/740 816/816 817/817
f 740/740 817/817 741/741
f 741/741 817/817 818/818
f 741/741 818/818 742/742
f 742/742 818/818 819/819
f 742/742 819/819 743/743
f 743/743 819/819 820/820
f 743/743 820/820 744/744
f 744/744 820/820 821/821
f 744/744 821/821 745/745
f 745/745 821/821 822/822
f 745/745 822/822 746/746
f 746/746 822/822 823/823
f 746/746 823/823 747/747
f 747/747 823/823 824/824
f 747/747 824/824 748/748
f 748/748 824/824 825/825
f 748/748 825/825 749/749
f 749/749 825/825 826/826
f 749/749 826/826 750/750
f 750/750 826/826 827/827
f 750/750 827/827 751/751
f 751/751 827/827 828/828
f 751/751 828/828 752/752
f 752/752 828/828 829/829
f 752/752 829/829 753/753
f 753/753 829/829 830/830
f 753/753 830/830 754/754
f 754/754 830/830 831/831
f 754/754 831/831 755/755
f 755/755 831/831 832/832
f 755/755 832/832 756/756
f 756/756 832/832 833/833
f 756/756 833/833 757/757
f 757/757 833/833 834/834
f 757/757 834/834 758/758
f 758/758 834/834 835/835
f 758/758 835/835 759/759
f 759/759 835/835 836/836
f 759/759 836/836 760/760
f 760/760 836/836 761/761
f 760/760 761/761 685/685
f 761/761 837/837 838/838
f 761/761 838/838 762/762
f 762/762 838/838 839/839
f 762/762 839/839 763/763
f 763/763 839/839 840/840
f 763/763 840/840 764/764
f 764/764 840/840 841/841
f 764/764 841/841 765/765
f 765/765 841/841 842/842
f 765/765 842/842 766/766
f 766/766 842/842 843/843
f 766/766 843/843 767/767
f 767/767 843/843 844/844
f 767/767 844/844 768/768
f 768/768 844/844 845/845
f 768/768 845/845 769/769
f 769/769 845/845 846/846
f 769/769 846/846 770/770
f 770/770 846/846 847/847
f 770/770 847/847 771/771
f 771/771 847/847 848/848
f 771/771 848/848 772/772
f 772/772 848/848 849/849
f 772/772 849/849 773/773
f 773/773 849/849 850/850
f 773/773 850/850 774/774
f 774/774 850/850 851/851
f 774/774 851/851 775/775
f 775/775 851/851 852/852
f 775/775 852/852 776/776
f 776/776 852/852 853/853
f 776/776 853/853 777/777
f 777/777 853/853 854/854
f 777/777 854/854 778/778
f 778/778 854/854 855/855
f 778/778 855/855 779/779
f 779/779 855/855 856/856
f 779/779 856/856 780/780
f 780/780 856/856 857/857
f 780/780 857/857 781/781
f 781/781 857/857 858/858
f 781/781 858/858 782/782
f 782/782 858/858 859/859
f 782/782 859/859 783/783
f 783/783 859/859 860/860
f 783/783 860/860 784/784
f 784/784 860/860 861/861
f 784/784 861/861 785/785
f 785/785 861/861 862/862
f 785/785 862/862 786/786
f 786/786 862/862 863/863
f 786/786 863/863 787/787
f 787/787 863/863 864/864
f 787/787 864/864 788/788
f 788/788 864/864 865/865
f 788/788 865/865 789/789
f 789/789 865/865 866/866
f 789/789 866/866 790/790
f 790/790 866/866 867/867
f 790/790 867/867 791/791
f 791/791 867/867 868/868
f 791/791 868/868 792/792
f 792/792 868/868 869/869
f 792/792 869/869 793/793
f 793/793 869/869 870/870
f 793/793 870/870 794/794
f 794/794 870/870 871/871
f 794/794 871/871 795/795
f 795/795 871/871 872/872
f 795/795 872/872 796/796
f 796/796 872/872 873/873
f 796/796 873/873 797/797
f 797/797 873/873 874/874
f 797/797 874/874 798/798
f 798/798 874/874 875/875
f 798/798 875/875 799/799
f 799/799 875/875 876/876
f 799/799 876/876 800/800
f 800/800 876/876 877/877
f 800/800 877/877 801/801
f 801/801 877/877 878/878
f 801/801 878/878 802/802
f 802/802 878/878 879/879
f 802/802 879/879 803/803
f 803/803 879/879 880/880
f 803/803 880/880 804/804
f 804/804 880/880 881/881
f 804/804 881/881 805/805
f 805/805 881/881 882/882
f 805/805 882/882 806/806
f 806/806 882/882 883/883
f 806/806 883/883 807/807
f 807/807 883/883 884/884
f 807/807 884/884 808/808
f 808/808 884/884 885/885
f 808/808 885/885 809/809
f 809/809 885/885 886/886
f 809/809 886/886 810/810
f 810/810 886/886 887/887
f 810/810 887/887 811/811
f 811/811 887/887 888/888
f 811/811 888/888 812/812
f 812/812 888/888 889/889
f 812/812 889/889 813/813
f 813/813 889/889 890/890
f 813/813 890/890 814/814
f 814/814 890/890 891/891
f 814/814 891/891 815/815
f 815/815 891/891 892/892
f 815/815 892/892 816/816
f 816/816 892/892 893/893
f 816/816 893/893 817/817
f 817/817 893/893 894/894
f 817/817 894/894 818/818
f 818/818 894/894 895/895
f 818/818 895/895 819/819
f 819/819 895/895 896/896
f 819/819 896/896 820/820
f 820/820 896/896 897/897
f 820/820 897/897 821/821
f 821/821 897/897 898/898
f 821/821 898/898 822/822
f 822/822 898/898 899/899
f 822/822 899/899 823/823
f 823/823 899/899 900/900
f 823/823 900/900 824/824
f 824/824 900/900 901/901
f 824/824 901/901 825/825
f 825/825 901/901 902/902
f 825/825 902/902 826/826
f 826/826 902/902 903/903
f 826/826 903/903 827/827
f 827/827 903/903 904/904
f 827/827 904/904 828/828
f 828/828 904/904 905/905
f 828/828 905/905 829/829
f 829/829 905/905 906/906
f 829/829 906/906 830/830
f 830/830 906/906 907/907
f 830/830 907/907 831/831
f 831/831 907/907 908/908
f 831/831 908/908 832/832
f 832/832 908/908 909/909
f 832/832 909/909 833/833
f 833/833 909/909 910/910
f 833/833 910/910 834/834
f 834/834 910/910 911/911
f 834/834 911/911 835/835
f 835/835 911/911 912/912
f 835/835 912/912 836/836
f 836/836 912/912 837/837
f 836/836 837/837 761/761
f 837/837 913/913 914/914
f 837/837 914/914 838/838
f 838/838 914/914 915/915
f 838/838 915/915 839/839
f 839/839 915/915 916/916
f 839/839 916/916 840/840
f 840/840 916/916 917/917
f 840/840 917/917 841/841
f 841/841 917/917 918/918
f 841/841 918/918 842/842
f 842/842 918/918 919/919
f 842/842 919/919 843/843
f 843/843 919/919 920/920
f 843/843 920/920 844/844
f 844/844 920/920 921/921
f 844/844 921/921 845/845
f 845/845 921/921 922/922
f 845/845 922/922 846/846
f 846/846 922/922 923/923
f 846/846 923/923 847/847
f 847/847 923/923 924/924
f 847/847 924/924 848/848
f 848/848 924/924 925/925
f 848/848 925/925 849/849
f 849/849 925/925 926/926
f 849/849 926/926 850/850
f 850/850 926/926 927/927
f 850/850 927/927 851/851
f 851/851 927/927 928/928
f 851/851 928/928 852/852
f 852/852 928/928 929/929
f 852/852 929/929 853/853
f 853/853 929/929 930/930
f 853/853 930/930 854/854
f 854/854 930/930 931/931
f 854/854 931/931 855/855
f 855/855 931/931 932/932
f 855/855 932/932 856/856
f 856/856 932/932 933/933
f 856/856 933/933 857/857
f 857/857 933/933 934/934
f 857/857 934/934 858/858
f 858/858 934/934 935/935
f 858/858 935/935 859/859
f 859/859 935/935 936/936
f 859/859 936/936 860/860
f 860/860 936/936 937/937
f 860/860 937/937 861/861
f 861/861 937/937 938/938
f 861/861 938/938 862/862
f 862/862 938/938 939/939
f 862/862 939/939 863/863
f 863/863 939/939 940/940
f 863/863 940/940 864/864
f 864/864 940/940 941/941
f 864/864 941/941 865/865
f 865/865 941/941 942/942
f 865/865 942/942 866/866
f 866/866 942/942 943/943
f 866/866 943/943 867/867
f 867/867 943/943 944/944
f 867/867 944/944 868/868
f 868/868 944/944 945/945
f 868/868 945/945 869/869
f 869/869 945/945 946/946
f 869/869 946/946 870/870
f 870/870 946/946 947/947
f 870/870 947/947 871/871
f 871/871 947/947 948/948
f 871/871 948/948 872/872
f 872/872 948/948 949/949
f 872/872 949/949 873/873
f 873/873 949/949 950/950
f 873/873 950/950 874/874
f 874/874 950/950 951/951
f 874/874 951/951 875/875
f 875/875 951/951 952/952
f 875/875 952/952 876/876
f 876/876 952/952 953/953
f 876/876 953/953 877/877
f 877/877 953/953 954/954
f 877/877 954/954 878/878
f 878/878 954/954 955/955
f 878/878 955/955 879/879
f 879/879 955/955 956/956
f 879/879 956/956 880/880
f 880/880 956/956 957/957
f 880/880 957/957 881/881
f 881/881 957/957 958/958
f 881/881 958/958 882/882
f 882/882 958/958 959/959
f 882/882 959/959 883/883
f 883/883 959/959 960/960
f 883/883 960/960 884/884
f 884/884 960/960 961/961
f 884/884 961/961 885/885
f 885/885 961/961 962/962
f 885/885 962/962 886/886
f 886/886 962/962 963/963
f 886/886 963/963 887/887
f 887/887 963/963 964/964
f 887/887 964/964 888/888
f 888/888 964/964 965/965
f 888/888 965/965 889/889
f 889/889 965/965 966/966
f 889/889 966/966 890/890
f 890/890 966/966 967/967
f 890/890 967/967 891/891
f 891/891 967/967 968/968
f 891/891 968/968 892/892
f 892/892 968/968 969/969
f 892/892 969/969 893/893
f 893/893 969/969 970/970
f 893/893 970/970 894/894
f 894/894 970/970 971/971
f 894/894 971/971 895/895
f 895/895 971/971 972/972
f 895/895 972/972 896/896
f 896/896 972/972 973/973
f 896/896 973/973 897/897
f 897/897 973/973 974/974
f 897/897 974/974 898/898
f 898/898 974/974 975/975
f 898/898 975/975 899/899
f 899/899 975/975 976/976
f 899/899 976/976 900/900
f 900/900 976/976 977/977
f 900/900 977/977 901/901
f 901/901 977/977 978/978
f 901/901 978/978 902/902
f 902/902 978/978 979/979
f 902/902 979/979 903/903
f 903/903 979/979 980/980
f 903/903 980/980 904/904
f 904/904 980/980 981/981
f 904/904 981/981 905/905
f 905/905 981/981 982/982
f 905/905 982/982 906/906
f 906/906 982/982 983/983
f 906/906 983/983 907/907
f 907/907 983/983 984/984
f 907/907 984/984 908/908
f 908/908 984/984 985/985
f 908/908 985/985 909/909
f 909/909 985/985 986/986
f 909/909 986/986 910/910
f 910/910 986/986 987/987
f 910/910 987/987 911/911
f 911/911 987/987 988/988
f 911/911 988/988 912/912
f 912/912 988/988 913/913
f 912/912 913/913 837/837
f 913/913 989/989 990/990
f 913/913 990/990 914/914
f 914/914 990/990 991/991
f 914/914 991/991 915/915
f 915/915 991/991 992/992
f 915/915 992/992 916/916
f 916/916 992/992 993/993
f 916/916 993/993 917/917
f 917/917 993/993 994/994
f 917/917 994/994 918/918
f 918/918 994/994 995/995
f 918/918 995/995 919/919
f 919/919 995/995 996/996
f 919/919 996/996 920/920
f 920/920 996/996 997/997
f 920/920 997/997 921/921
f 921/921 997/997 998/998
f 921/921 998/998 922/922
f 922/922 998/998 999/999
f 922/922 999/999 923/923
f 923/923 999/999 1000/1000
f 923/923 1000/1000 924/924
f 924/924 1000/1000 1001/1001
f 924/924 1001/1001 925/925
f 925/925 1001/1001 1002/1002
f 925/925 1002/1002 926/926
f 926/926 1002/1002 1003/1003
f 926/926 1003/1003 927/927
f 927/927 1003/1003 1004/1004
f 927/927 1004/1004 928/928
f 928/928 1004/1004 1005/1005
f 928/928 1005/1005 929/929
f 929/929 1005/1005 1006/1006
f 929/929 1006/1006 930/930
f 930/930 1006/1006 1007/1007
f 930/930 1007/1007 931/931
f 931/931 1007/1007 1008/1008
f 931/931 1008/1008 932/932
f 932/932 1008/1008 1009/1009
f 932/932 1009/1009 933/933
f 933/933 1009/1009 1010/1010
f 933/933 1010/1010 934/934
f 934/934 1010/1010 1011/1011
f 934/934 1011/1011 935/935
f 935/935 1011/1011 1012/1012
f 935/935 1012/1012 936/936
f 936/936 1012/1012 1013/1013
f 936/936 1013/1013 937/937
f 937/937 1013/1013 1014/1014
f 937/937 1014/1014 938/938
f 938/938 1014/1014 1015/1015
f 938/938 1015/1015 939/939
f 939/939 1015/1015 1016/1016
f 939/939 1016/1016 940/940
f 940/940 1016/1016 1017/1017
f 940/940 1017/1017 941/941
f 941/941 1017/1017 1018/1018
f 941/941 1018/1018 942/942
f 942/942 1018/1018 1019/1019
f 942/942 1019/1019 943/943
f 943/943 1019/1019 1020/1020
f 943/943 1020/1020 944/944
f 944/944 1020/1020 1021/1021
f 944/944 1021/1021 945/945
f 945/945 1021/1021 1022/1022
f 945/945 1022/1022 946/946
f 946/946 1022/1022 1023/1023
f 946/946 1023/1023 947/947
f 947/947 1023/1023 1024/1024
f 947/947 1024/1024 948/948
f 948/948 1024/1024 1025/1025
f 948/948 1025/1025 949/949
f 949/949 1025/1025 1026/1026
f 949/949 1026/1026 950/950
f 950/950 1026/1026 1027/1027
f 950/950 1027/1027 951/951
f 951/951 1027/1027 1028/1028
f 951/951 1028/1028 952/952
f 952/952 1028/1028 1029/1029
f 952/952 1029/1029 953/953
f 953/953 1029/1029 1030/1030
f 953/953 1030/1030 954/954
f 954/954 1030/1030 1031/1031
f 954/954 1031/1031 955/955
f 955/955 1031/1031 1032/1032
f 955/955 1032/1032 956/956
f 956/956 1032/1032 1033/1033
f 956/956 1033/1033 957/957
f 957/957 1033/1033 1034/1034
f 957/957 1034/1034 958/958
f 958/958 1034/1034 1035/1035
f 958/958 1035/1035 959/959
f 959/959 1035/1035 1036/1036
f 959/959 1036/1036 960/960
f 960/960 1036/1036 1037/1037
f 960/960 1037/1037 961/961
f 961/961 1037/1037 1038/1038
f 961/961 1038/1038 962/962
f 962/962 1038/1038 1039/1039
f 962/962 1039/1039 963/963
f 963/963 1039/1039 1040/1040
f 963/963 1040/1040 964/964
f 964/964 1040/1040 1041/1041
f 964/964 1041/1041 965/965
f 965/965 1041/1041 1042/1042
f 965/965 1042/1042 966/966
f 966/966 1042/1042 1043/1043
f 966/966 1043/1043 967/967
f 967/967 1043/1043 1044/1044
f 967/967 1044/1044 968/968
f 968/968 1044/1044 1045/1045
f 968/968 1045/1045 969/969
f 969/969 1045/1045 1046/1046
f 969/969 1046/1046 970/970
f 970/970 1046/1046 1047/1047
f 970/970 1047/1047 971/971
f 971/971 1047/1047 1048/1048
f 971/971 1048/1048 972/972
f 972/972 1048/1048 1049/1049
f 972/972 1049/1049 973/973
f 973/973 1049/1049 1050/1050
f 973/973 1050/1050 974/974
f 974/974 1050/1050 1051/1051
f 974/974 1051/1051 975/975
f 975/975 1051/1051 1052/1052
f 975/975 1052/1052 976/976
f 976/976 1052/1052 1053/1053
f 976/976 1053/1053 977/977
f 977/977 1053/1053 1054/1054
f 977/977 1054/1054 978/978
f 978/978 1054/1054 1055/1055
f 978/978 1055/1055 979/979
f 979/979 1055/1055 1056/1056
f 979/979 1056/1056 980/980
f 980/980 1056/1056 1057/1057
f 980/980 1057/1057 981/981
f 981/981 1057/1057 1058/1058
f 981/981 1058/1058 982/982
f 982/982 1058/1058 1059/1059
f 982/982 1059/1059 983/983
f 983/983 1059/1059 1060/1060
f 983/983 1060/1060 984/984
f 984/984 1060/1060 1061/1061
f 984/984 1061/1061 985/985
f 985/985 1061/1061 1062/1062
f 985/985 1062/1062 986/986
f 986/986 1062/1062 1063/1063
f 986/986 1063/1063 987/987
f 987/987 1063/1063 1064/1064
f 987/987 1064/1064 988/988
f 988/988 1064/1064 989/989
f 988/988 989/989 913/913
f 989/989 1065/1065 1066/1066
f 989/989 1066/1066 990/990
f 990/990 1066/1066 1067/1067
f 990/990 1067/1067 991/991
f 991/991 1067/1067 1068/1068
f 991/991 1068/1068 992/992
f 992/992 1068/1068 1069/1069
f 992/992 1069/1069 993/993
f 993/993 1069/1069 1070/1070
f 993/993 1070/1070 994/994
f 994/994 1070/1070 1071/1071
f 994/994 1071/1071 995/995
f 995/995 1071/1071 1072/1072
f 995/995 1072/1072 996/996
f 996/996 1072/1072 1073/1073
f 996/996 1073/1073 997/997
f 997/997 1073/1073 1074/1074
f 997/997 1074/1074 998/998
f 998/998 1074/1074 1075/1075
f 998/998 1075/1075 999/999
f 999/999 1075/1075 1076/1076
f 999/999 1076/1076 1000/1000
f 1000/1000 1076/1076 1077/1077
f 1000/1000 1077/1077 1001/1001
f 1001/1001 1077/1077 1078/1078
f 1001/1001 1078/1078 1002/1002
f 1002/1002 1078/1078 1079/1079
f 1002/1002 1079/1079 1003/1003
f 1003/1003 1079/1079 1080/1080
f 1003/1003 1080/1080 1004/1004
f 1004/1004 1080/1080 1081/1081
f 1004/1004 1081/1081 1005/1005
f 1005/1005 1081/1081 1082/1082
f 1005/1005 1082/1082 1006/1006
f 1006/1006 1082/1082 1083/1083
f 1006/1006 1083/1083 1007/1007
f 1007/1007 1083/1083 1084/1084
f 1007/1007 1084/1084 1008/1008
f 1008/1008 1084/1084 1085/1085
f 1008/1008 1085/1085 1009/1009
f 1009/1009 1085/1085 1086/1086
f 1009/1009 1086/1086 1010/1010
f 1010/1010 1086/1086 1087/1087
f 1010/1010 1087/1087 1011/1011
f 1011/1011 1087/1087 1088/1088
f 1011/1011 1088/1088 1012/1012
f 1012/1012 1088/1088 1089/1089
f 1012/1012 1089/1089 1013/1013
f 1013/1013 1089/1089 1090/1090
f 1013/1013 1090/1090 1014/1014
f 1014/1014 1090/1090 1091/1091
f 1014/1014 1091/1091 1015/1015
f 1015/1015 1091/1091 1092/1092
f 1015/1015 1092/1092 1016/1016
f 1016/1016 1092/1092 1093/1093
f 1016/1016 1093/1093 1017/1017
f 1017/1017 1093/1093 1094/1094
f 1017/1017 1094/1094 1018/1018
f 1018/1018 1094/1094 1095/1095
f 1018/1018 1095/1095 1019/1019
f 1019/1019 1095/1095 1096/1096
f 1019/1019 1096/1096 1020/1020
f 1020/1020 1096/1096 1097/1097
f 1020/1020 1097/1097 1021/1021
f 1021/1021 1097/1097 1098/1098
f 1021/1021 1098/1098 1022/1022
f 1022/1022 1098/1098 1099/1099
f 1022/1022 1099/1099 1023/1023
f 1023/1023 1099/1099 1100/1100
f 1023/1023 1100/1100 1024/1024
f 1024/1024 1100/1100 1101/1101
f 1024/1024 1101/1101 1025/1025
f 1025/1025 1101/1101 1102/1102
f 1025/1025 1102/1102 1026/1026
f 1026/1026 1102/1102 1103/1103
f 1026/1026 1103/1103 1027/1027
f 1027/1027 1103/1103 1104/1104
f 1027/1027 1104/1104 1028/1028
f 1028/1028 1104/1104 1105/1105
f 1028/1028 1105/1105 1029/1029
f 1029/1029 1105/1105 1106/1106
f 1029/1029 1106/1106 1030/1030
f 1030/1030 1106/1106 1107/1107
f 1030/1030 1107/1107 1031/1031
f 1031/1031 1107/1107 1108/1108
f 1031/1031 1108/1108 1032/1032
f 1032/1032 1108/1108 1109/1109
f 1032/1032 1109/1109 1033/1033
f 1033/1033 1109/1109 1110/1110
f 1033/1033 1110/1110 1034/1034
f 1034/1034 1110/1110 1111/1111
f 1034/1034 1111/1111 1035/1035
f 1035/1035 1111/1111 1112/1112
f 1035/1035 1112/1112 1036/1036
f 1036/1036 1112/1112 1113/1113
f 1036/1036 1113/1113 1037/1037
f 1037/1037 1113/1113 1114/1114
f 1037/1037 1114/1114 1038/1038
f 1038/1038 1114/1114 1115/1115
f 1038/1038 1115/1115 1039/1039
f 1039/1039 1115/1115 1116/1116
f 1039/1039 1116/1116 1040/1040
f 1040/1040 1116/1116 1117/1117
f 1040/1040 1117/1117 1041/1041
f 1041/1041 1117/1117 1118/1118
f 1041/1041 1118/1118 1042/1042
f 1042/1042 1118/1118 1119/1119
f 1042/1042 1119/1119 1043/1043
f 1043/1043 1119/1119 1120/1120
f 1043/1043 1120/1120 1044/1044
f 1044/1044 1120/1120 1121/1121
f 1044/1044 1121/1121 1045/1045
f 1045/1045 1121/1121 1122/1122
f 1045/1045 1122/1122 1046/1046
f 1046/1046 1122/1122 1123/1123
f 1046/1046 1123/1123 1047/1047
f 1047/1047 1123/1123 1124/1124
f 1047/1047 1124/1124 1048/1048
f 1048/1048 1124/1124 1125/1125
f 1048/1048 1125/1125 1049/1049
f 1049/1049 1125/1125 1126/1126
f 1049/1049 1126/1126 1050/1050
f 1050/1050 1126/1126 1127/1127
f 1050/1050 1127/1127 1051/1051
f 1051/1051 1127/1127 1128/1128
f 1051/1051 1128/1128 1052/1052
f 1052/1052 1128/1128 1129/1129
f 1052/1052 1129/1129 1053/1053
f 1053/1053 1129/1129 1130/1130
f 1053/1053 1130/1130 1054/1054
f 1054/1054 1130/1130 1131/1131
f 1054/1054 1131/1131 1055/1055
f 1055/1055 1131/1131 1132/1132
f 1055/1055 1132/1132 1056/1056
f 1056/1056 1132/1132 1133/1133
f 1056/1056 1133/1133 1057/1057
f 1057/1057 1133/1133 1134/1134
f 1057/1057 1134/1134 1058/1058
f 1058/1058 1134/1134 1135/1135
f 1058/1058 1135/1135 1059/1059
f 1059/1059 1135/1135 1136/1136
f 1059/1059 1136/1136 1060/1060
f 1060/1060 1136/1136 1137/1137
f 1060/1060 1137/1137 1061/1061
f 1061/1061 1137/1137 1138/1138
f 1061/1061 1138/1138 1062/1062
f 1062/1062 1138/1138 1139/1139
f 1062/1062 1139/1139 1063/1063
f 1063/1063 1139/1139 1140/1140
f 1063/1063 1140/1140 1064/1064
f 1064/1064 1140/1140 1065/1065
f 1064/1064 1065/1065 989/989
f 1065/1065 1141/1141 1142/1142
f 1065/1065 1142/1142 1066/1066
f 1066/1066 1142/1142 1143/1143
f 1066/1066 1143/1143 1067/1067
f 1067/1067 1143/1143 1144/1144
f 1067/1067 1144/1144 1068/1068
f 1068/1068 1144/1144 1145/1145
f 1068/1068 1145/1145 1069/1069
f 1069/1069 1145/1145 1146/1146
f 1069/1069 1146/1146 1070/1070
f 1070/1070 1146/1146 1147/1147
f 1070/1070 1147/1147 1071/1071
f 1071/1071 1147/1147 1148/1148
f 1071/1071 1148/1148 1072/1072
f 1072/1072 1148/1148 1149/1149
f 1072/1072 1149/1149 1073/1073
f 1073/1073 1149/1149 1150/1150
f 1073/1073 1150/1150 1074/1074
f 1074/1074 1150/1150 1151/1151
f 1074/1074 1151/1151 1075/1075
f 1075/1075 1151/1151 1152/1152
f 1075/1075 1152/1152 1076/1076
f 1076/1076 1152/1152 1153/1153
f 1076/1076 1153/1153 1077/1077
f 1077/1077 1153/1153 1154/1154
f 1077/1077 1154/1154 1078/1078
f 1078/1078 1154/1154 1155/1155
f 1078/1078 1155/1155 1079/1079
f 1079/1079 1155/1155 1156/1156
f 1079/1079 1156/1156 1080/1080
f 1080/1080 1156/1156 1157/1157
f 1080/1080 1157/1157 1081/1081
f 1081/1081 1157/1157 1158/1158
f 1081/1081 1158/1158 1082/1082
f 1082/1082 1158/1158 1159/1159
f 1082/1082 1159/1159 1083/1083
f 1083/1083 1159/1159 1160/1160
f 1083/1083 1160/1160 1084/1084
f 1084/1084 1160/1160 1161/1161
f 1084/1084 1161/1161 1085/1085
f 1085/1085 1161/1161 1162/1162
f 1085/1085 1162/1162 1086/1086
f 1086/1086 1162/1162 1163/1163
f 1086/1086 1163/1163 1087/1087
f 1087/1087 1163/1163 1164/1164
f 1087/1087 1164/1164 1088/1088
f 1088/1088 1164/1164 1165/1165
f 1088/1088 1165/1165 1089/1089
f 1089/1089 1165/1165 1166/1166
f 1089/1089 1166/1166 1090/1090
f 1090/1090 1166/1166 1167/1167
f 1090/1090 1167/1167 1091/1091
f 1091/1091 1167/1167 1168/1168
f 1091/1091 1168/1168 1092/1092
f 1092/1092 1168/1168 1169/1169
f 1092/1092 1169/1169 1093/1093
f 1093/1093 1169/1169 1170/1170
f 1093/1093 1170/1170 1094/1094
f 1094/1094 1170/1170 1171/1171
f 1094/1094 1171/1171 1095/1095
f 1095/1095 1171/1171 1172/1172
f 1095/1095 1172/1172 1096/1096
f 1096/1096 1172/1172 1173/1173
f 1096/1096 1173/1173 1097/1097
f 1097/1097 1173/1173 1174/1174
f 1097/1097 1174/1174 1098/1098
f 1098/1098 1174/1174 1175/1175
f 1098/1098 1175/1175 1099/1099
f 1099/1099 1175/1175 1176/1176
f 1099/1099 1176/1176 1100/1100
f 1100/1100 1176/1176 1177/1177
f 1100/1100 1177/1177 1101/1101
f 1101/1101 1177/1177 1178/1178
f 1101/1101 1178/1178 1102/1102
f 1102/1102 1178/1178 1179/1179
f 1102/1102 1179/1179 1103/1103
f 1103/1103 1179/1179 1180/1180
f 1103/1103 1180/1180 1104/1104
f 1104/1104 1180/1180 1181/1181
f 1104/1104 1181/1181 1105/1105
f 1105/1105 1181/1181 1182/1182
f 1105/1105 1182/1182 1106/1106
f 1106/1106 1182/1182 1183/1183
f 1106/1106 1183/1183 1107/1107
f 1107/1107 1183/1183 1184/1184
f 1107/1107 1184/1184 1108/1108
f 1108/1108 1184/1184 1185/1185
f 1108/1108 1185/1185 1109/1109
f 1109/1109 1185/1185 1186/1186
f 1109/1109 1186/1186 1110/1110
f 1110/1110 1186/1186 1187/1187
f 1110/1110 1187/1187 1111/1111
f 1111/1111 1187/1187 1188/1188
f 1111/1111 1188/1188 1112/1112
f 1112/1112 1188/1188 1189/1189
f 1112/1112 1189/1189 1113/1113
f 1113/1113 1189/1189 1190/1190
f 1113/1113 1190/1190 1114/1114
f 1114/1114 1190/1190 1191/1191
f 1114/1114 1191/1191 1115/1115
f 1115/1115 1191/1191 1192/1192
f 1115/1115 1192/1192 1116/1116
f 1116/1116 1192/1192 1193/1193
f 1116/1116 1193/1193 1117/1117
f 1117/1117 1193/1193 1194/1194
f 1117/1117 1194/1194 1118/1118
f 1118/1118 1194/1194 1195/1195
f 1118/1118 1195/1195 1119/1119
f 1119/1119 1195/1195 1196/1196
f 1119/1119 1196/1196 1120/1120
f 1120/1120 1196/1196 1197/1197
f 1120/1120 1197/1197 1121/1121
f 1121/1121 1197/1197 1198/1198
f 1121/1121 1198/1198 1122/1122
f 1122/1122 1198/1198 1199/1199
f 1122/1122 1199/1199 1123/1123
f 1123/1123 1199/1199 1200/1200
f 1123/1123 1200/1200 1124/1124
f 1124/1124 1200/1200 1201/1201
f 1124/1124 1201/1201 1125/1125
f 1125/1125 1201/1201 1202/1202
f 1125/1125 1202/1202 1126/1126
f 1126/1126 1202/1202 1203/1203
f 1126/1126 1203/1203 1127/1127
f 1127/1127 1203/1203 1204/1204
f 1127/1127 1204/1204 1128/1128
f 1128/1128 1204/1204 1205/1205
f 1128/1128 1205/1205 1129/1129
f 1129/1129 1205/1205 1206/1206
f 1129/1129 1206/1206 1130/1130
f 1130/1130 1206/1206 1207/1207
f 1130/1130 1207/1207 1131/1131
f 1131/1131 1207/1207 1208/1208
f 1131/1131 1208/1208 1132/1132
f 1132/1132 1208/1208 1209/1209
f 1132/1132 1209/1209 1133/1133
f 1133/1133 1209/1209 1210/1210
f 1133/1133 1210/1210 1134/1134
f 1134/1134 1210/1210 1211/1211
f 1134/1134 1211/1211 1135/1135
f 1135/1135 1211/1211 1212/1212
f 1135/1135 1212/1212 1136/1136
f 1136/1136 1212/1212 1213/1213
f 1136/1136 1213/1213 1137/1137
f 1137/1137 1213/1213 1214/1214
f 1137/1137 1214/1214 1138/1138
f 1138/1138 1214/1214 1215/1215
f 1138/1138 1215/1215 1139/1139
f 1139/1139 1215/1215 1216/1216
f 1139/1139 1216/1216 1140/1140
f 1140/1140 1216/1216 1141/1141
f 1140/1140 1141/1141 1065/1065
f 1141/1141 1217/1217 1218/1218
f 1141/1141 1218/1218 1142/1142
f 1142/1142 1218/1218 1219/1219
f 1142/1142 1219/1219 1143/1143
f 1143/1143 1219/1219 1220/1220
f 1143/1143 1220/1220 1144/1144
f 1144/1144 1220/1220 1221/1221
f 1144/1144 1221/1221 1145/1145
f 1145/1145 1221/1221 1222/1222
f 1145/1145 1222/1222 1146/1146
f 1146/1146 1222/1222 1223/1223
f 1146/1146 1223/1223 1147/1147
f 1147/1147 1223/1223 1224/1224
f 1147/1147 1224/1224 1148/1148
f 1148/1148 1224/1224 1225/1225
f 1148/1148 1225/1225 1149/1149
f 1149/1149 1225/1225 1226/1226
f 1149/1149 1226/1226 1150/1150
f 1150/1150 1226/1226 1227/1227
f 1150/1150 1227/1227 1151/1151
f 1151/1151 1227/1227 1228/1228
f 1151/1151 1228/1228 1152/1152
f 1152/1152 1228/1228 1229/1229
f 1152/1152 1229/1229 1153/1153
f 1153/1153 1229/1229 1230/1230
f 1153/1153 1230/1230 1154/1154
f 1154/1154 1230/1230 1231/1231
f 1154/1154 1231/1231 1155/1155
f 1155/1155 1231/1231 1232/1232
f 1155/1155 1232/1232 1156/1156
f 1156/1156 1232/1232 1233/1233
f 1156/1156 1233/1233 1157/1157
f 1157/1157 1233/1233 1234/1234
f 1157/1157 1234/1234 1158/1158
f 1158/1158 1234/1234 1235/1235
f 1158/1158 1235/1235 1159/1159
f 1159/1159 1235/1235 1236/1236
f 1159/1159 1236/1236 1160/1160
f 1160/1160 1236/1236 1237/1237
f 1160/1160 1237/1237 1161/1161
f 1161/1161 1237/1237 1238/1238
f 1161/1161 1238/1238 1162/1162
f 1162/1162 1238/1238 1239/1239
f 1162/1162 1239/1239 1163/1163
f 1163/1163 1239/1239 1240/1240
f 1163/1163 1240/1240 1164/1164
f 1164/1164 1240/1240 1241/1241
f 1164/1164 1241/1241 1165/1165
f 1165/1165 1241/1241 1242/1242
f 1165/1165 1242/1242 1166/1166
f 1166/1166 1242/1242 1243/1243
f 1166/1166 1243/1243 1167/1167
f 1167/1167 1243/1243 1244/1244
f 1167/1167 1244/1244 1168/1168
f 1168/1168 1244/1244 1245/1245
f 1168/1168 1245/1245 1169/1169
f 1169/1169 1245/1245 1246/1246
f 1169/1169 1246/1246 1170/1170
f 1170/1170 1246/1246 1247/1247
f 1170/1170 1247/1247 1171/1171
f 1171/1171 1247/1247 1248/1248
f 1171/1171 1248/1248 1172/1172
f 1172/1172 1248/1248 1249/1249
f 1172/1172 1249/1249 1173/1173
f 1173/1173 1249/1249 1250/1250
f 1173/1173 1250/1250 1174/1174
f 1174/1174 1250/1250 1251/1251
f 1174/1174 1251/1251 1175/1175
f 1175/1175 1251/1251 1252/1252
f 1175/1175 1252/1252 1176/1176
f 1176/1176 1252/1252 1253/1253
f 1176/1176 1253/1253 1177/1177
f 1177/1177 1253/1253 1254/1254
f 1177/1177 1254/1254 1178/1178
f 1178/1178 1254/1254 1255/1255
f 1178/1178 1255/1255 1179/1179
f 1179/1179 1255/1255 1256/1256
f 1179/1179 1256/1256 1180/1180
f 1180/1180 1256/1256 1257/1257
f 1180/1180 1257/1257 1181/1181
f 1181/1181 1257/1257 1258/1258
f 1181/1181 1258/1258 1182/1182
f 1182/1182 1258/1258 1259/1259
f 1182/1182 1259/1259 1183/1183
f 1183/1183 1259/1259 1260/1260
f 1183/1183 1260/1260 1184/1184
f 1184/1184 1260/1260 1261/1261
f 1184/1184 1261/1261 1185/1185
f 1185/1185 1261/1261 1262/1262
f 1185/1185 1262/1262 1186/1186
f 1186/1186 1262/1262 1263/1263
f 1186/1186 1263/1263 1187/1187
f 1187/1187 1263/1263 1264/1264
f 1187/1187 1264/1264 1188/1188
f 1188/1188 1264/1264 1265/1265
f 1188/1188 1265/1265 1189/1189
f 1189/1189 1265/1265 1266/1266
f 1189/1189 1266/1266 1190/1190
f 1190/1190 1266/1266 1267/1267
f 1190/1190 1267/1267 1191/1191
f 1191/1191 1267/1267 1268/1268
f 1191/1191 1268/1268 1192/1192
f 1192/1192 1268/1268 1269/1269
f 1192/1192 1269/1269 1193/1193
f 1193/1193 1269/1269 1270/1270
f 1193/1193 1270/1270 1194/1194
f 1194/1194 1270/1270 1271/1271
f 1194/1194 1271/1271 1195/1195
f 1195/1195 1271/1271 1272/1272
f 1195/1195 1272/1272 1196/1196
f 1196/1196 1272/1272 1273/1273
f 1196/1196 1273/1273 1197/1197
f 1197/1197 1273/1273 1274/1274
f 1197/1197 1274/1274 1198/1198
f 1198/1198 1274/1274 1275/1275
f 1198/1198 1275/1275 1199/1199
f 1199/1199 1275/1275 1276/1276
f 1199/1199 1276/1276 1200/1200
f 1200/1200 1276/1276 1277/1277
f 1200/1200 1277/1277 1201/1201
f 1201/1201 1277/1277 1278/1278
f 1201/1201 1278/1278 1202/1202
f 1202/1202 1278/1278 1279/1279
f 1202/1202 1279/1279 1203/1203
f 1203/1203 1279/1279 1280/1280
f 1203/1203 1280/1280 1204/1204
f 1204/1204 1280/1280 1281/1281
f 1204/1204 1281/1281 1205/1205
f 1205/1205 1281/1281 1282/1282
f 1205/1205 1282/1282 1206/1206
f 1206/1206 1282/1282 1283/1283
f 1206/1206 1283/1283 1207/1207
f 1207/1207 1283/1283 1284/1284
f 1207/1207 1284/1284 1208/1208
f 1208/1208 1284/1284 1285/1285
f 1208/1208 1285/1285 1209/1209
f 1209/1209 1285/1285 1286/1286
f 1209/1209 1286/1286 1210/1210
f 1210/1210 1286/1286 1287/1287
f 1210/1210 1287/1287 1211/1211
f 1211/1211 1287/1287 1288/1288
f 1211/1211 1288/1288 1212/1212
f 1212/1212 1288/1288 1289/1289
f 1212/1212 1289/1289 1213/1213
f 1213/1213 1289/1289 1290/1290
f 1213/1213 1290/1290 1214/1214
f 1214/1214 1290/1290 1291/1291
f 1214/1214 1291/1291 1215/1215
f 1215/1215 1291/1291 1292/1292
f 1215/1215 1292/1292 1216/1216
f 1216/1216 1292/1292 1217/1217
f 1216/1216 1217/1217 1141/1141
f 1217/1217 1293/1293 1294/1294
f 1217/1217 1294/1294 1218/1218
f 1218/1218 1294/1294 1295/1295
f 1218/1218 1295/1295 1219/1219
f 1219/1219 1295/1295 1296/1296
f 1219/1219 1296/1296 1220/1220
f 1220/1220 1296/1296 1297/1297
f 1220/1220 1297/1297 1221/1221
f 1221/1221 1297/1297 1298/1298
f 1221/1221 1298/1298 1222/1222
f 1222/1222 1298/1298 1299/1299
f 1222/1222 1299/1299 1223/1223
f 1223/1223 1299/1299 1300/1300
f 1223/1223 1300/1300 1224/1224
f 1224/1224 1300/1300 1301/1301
f 1224/1224 1301/1301 1225/1225
f 1225/1225 1301/1301 1302/1302
f 1225/1225 1302/1302 1226/1226
f 1226/1226 1302/1302 1303/1303
f 1226/1226 1303/1303 1227/1227
f 1227/1227 1303/1303 1304/1304
f 1227/1227 1304/1304 1228/1228
f 1228/1228 1304/1304 1305/1305
f 1228/1228 1305/1305 1229/1229
f 1229/1229 1305/1305 1306/1306
f 1229/1229 1306/1306 1230/1230
f 1230/1230 1306/1306 1307/1307
f 1230/1230 1307/1307 1231/1231
f 1231/1231 1307/1307 1308/1308
f 1231/1231 1308/1308 1232/1232
f 1232/1232 1308/1308 1309/1309
f 1232/1232 1309/1309 1233/1233
f 1233/1233 1309/1309 1310/1310
f 1233/1233 1310/1310 1234/1234
f 1234/1234 1310/1310 1311/1311
f 1234/1234 1311/1311 1235/1235
f 1235/1235 1311/1311 1312/1312
f 1235/1235 1312/1312 1236/1236
f 1236/1236 1312/1312 1313/1313
f 1236/1236 1313/1313 1237/1237
f 1237/1237 1313/1313 1314/1314
f 1237/1237 1314/1314 1238/1238
f 1238/1238 1314/1314 1315/1315
f 1238/1238 1315/1315 1239/1239
f 1239/1239 1315/1315 1316/1316
f 1239/1239 1316/1316 1240/1240
f 1240/1240 1316/1316 1317/1317
f 1240/1240 1317/1317 1241/1241
f 1241/1241 1317/1317 1318/1318
f 1241/1241 1318/1318 1242/1242
f 1242/1242 1318/1318 1319/1319
f 1242/1242 1319/1319 1243/1243
f 1243/1243 1319/1319 1320/1320
f 1243/1243 1320/1320 1244/1244
f 1244/1244 1320/1320 1321/1321
f 1244/1244 1321/1321 1245/1245
f 1245/1245 1321/1321 1322/1322
f 1245/1245 1322/1322 1246/1246
f 1246/1246 1322/1322 1323/1323
f 1246/1246 1323/1323 1247/1247
f 1247/1247 1323/1323 1324/1324
f 1247/1247 1324/1324 1248/1248
f 1248/1248 1324/1324 1325/1325
f 1248/1248 1325/1325 1249/1249
f 1249/1249 1325/1325 1326/1326
f 1249/1249 1326/1326 1250/1250
f 1250/1250 1326/1326 1327/1327
f 1250/1250 1327/1327 1251/1251
f 1251/1251 1327/1327 1328/1328
f 1251/1251 1328/1328 1252/1252
f 1252/1252 1328/1328 1329/1329
f 1252/1252 1329/1329 1253/1253
f 1253/1253 1329/1329 1330/1330
f 1253/1253 1330/1330 1254/1254
f 1254/1254 1330/1330 1331/1331
f 1254/1254 1331/1331 1255/1255
f 1255/1255 1331/1331 1332/1332
f 1255/1255 1332/1332 1256/1256
f 1256/1256 1332/1332 1333/1333
f 1256/1256 1333/1333 1257/1257
f 1257/1257 1333/1333 1334/1334
f 1257/1257 1334/1334 1258/1258
f 1258/1258 1334/1334 1335/1335
f 1258/1258 1335/1335 1259/1259
f 1259/1259 1335/1335 1336/1336
f 1259/1259 1336/1336 1260/1260
f 1260/1260 1336/1336 1337/1337
f 1260/1260 1337/1337 1261/1261
f 1261/1261 1337/1337 1338/1338
f 1261/1261 1338/1338 1262/1262
f 1262/1262 1338/1338 1339/1339
f 1262/1262 1339/1339 1263/1263
f 1263/1263 1339/1339 1340/1340
f 1263/1263 1340/1340 1264/1264
f 1264/1264 1340/1340 1341/1341
f 1264/1264 1341/1341 1265/1265
f 1265/1265 1341/1341 1342/1342
f 1265/1265 1342/1342 1266/1266
f 1266/1266 1342/1342 1343/1343
f 1266/1266 1343/1343 1267/1267
f 1267/1267 1343/1343 1344/1344
f 1267/1267 1344/1344 1268/1268
f 1268/1268 1344/1344 1345/1345
f 1268/1268 1345/1345 1269/1269
f 1269/1269 1345/1345 1346/1346
f 1269/1269 1346/1346 1270/1270
f 1270/1270 1346/1346 1347/1347
f 1270/1270 1347/1347 1271/1271
f 1271/1271 1347/1347 1348/1348
f 1271/1271 1348/1348 1272/1272
f 1272/1272 1348/1348 1349/1349
f 1272/1272 1349/1349 1273/1273
f 1273/1273 1349/1349 1350/1350
f 1273/1273 1350/1350 1274/1274
f 1274/1274 1350/1350 1351/1351
f 1274/1274 1351/1351 1275/1275
f 1275/1275 1351/1351 1352/1352
f 1275/1275 1352/1352 1276/1276
f 1276/1276 1352/1352 1353/1353
f 1276/1276 1353/1353 1277/1277
f 1277/1277 1353/1353 1354/1354
f 1277/1277 1354/1354 1278/1278
f 1278/1278 1354/1354 1355/1355
f 1278/1278 1355/1355 1279/1279
f 1279/1279 1355/1355 1356/1356
f 1279/1279 1356/1356 1280/1280
f 1280/1280 1356/1356 1357/1357
f 1280/1280 1357/1357 1281/1281
f 1281/1281 1357/1357 1358/1358
f 1281/1281 1358/1358 1282/1282
f 1282/1282 1358/1358 1359/1359
f 1282/1282 1359/1359 1283/1283
f 1283/1283 1359/1359 1360/1360
f 1283/1283 1360/1360 1284/1284
f 1284/1284 1360/1360 1361/1361
f 1284/1284 1361/1361 1285/1285
f 1285/1285 1361/1361 1362/1362
f 1285/1285 1362/1362 1286/1286
f 1286/1286 1362/1362 1363/1363
f 1286/1286 1363/1363 1287/1287
f 1287/1287 1363/1363 1364/1364
f 1287/1287 1364/1364 1288/1288
f 1288/1288 1364/1364 1365/1365
f 1288/1288 1365/1365 1289/1289
f 1289/1289 1365/1365 1366/1366
f 1289/1289 1366/1366 1290/1290
f 1290/1290 1366/1366 1367/1367
f 1290/1290 1367/1367 1291/1291
f 1291/1291 1367/1367 1368/1368
f 1291/1291 1368/1368 1292/1292
f 1292/1292 1368/1368 1293/1293
f 1292/1292 1293/1293 1217/1217
f 1293/1293 1369/1369 1370/1370
f 1293/1293 1370/1370 1294/1294
f 1294/1294 1370/1370 1371/1371
f 1294/1294 1371/1371 1295/1295
f 1295/1295 1371/1371 1372/1372
f 1295/1295 1372/1372 1296/1296
f 1296/1296 1372/1372 1373/1373
f 1296/1296 1373/1373 1297/1297
f 1297/1297 1373/1373 1374/1374
f 1297/1297 1374/1374 1298/1298
f 1298/1298 1374/1374 1375/1375
f 1298/1298 1375/1375 1299/1299
f 1299/1299 1375/1375 1376/1376
f 1299/1299 1376/1376 1300/1300
f 1300/1300 1376/1376 1377/1377
f 1300/1300 1377/1377 1301/1301
f 1301/1301 1377/1377 1378/1378
f 1301/1301 1378/1378 1302/1302
f 1302/1302 1378/1378 1379/1379
f 1302/1302 1379/1379 1303/1303
f 1303/1303 1379/1379 1380/1380
f 1303/1303 1380/1380 1304/1304
f 1304/1304 1380/1380 1381/1381
f 1304/1304 1381/1381 1305/1305
f 1305/1305 1381/1381 1382/1382
f 1305/1305 1382/1382 1306/1306
f 1306/1306 1382/1382 1383/1383
f 1306/1306 1383/1383 1307/1307
f 1307/1307 1383/1383 1384/1384
f 1307/1307 1384/1384 1308/1308
f 1308/1308 1384/1384 1385/1385
f 1308/1308 1385/1385 1309/1309
f 1309/1309 1385/1385 1386/1386
f 1309/1309 1386/1386 1310/1310
f 1310/1310 1386/1386 1387/1387
f 1310/1310 1387/1387 1311/1311
f 1311/1311 1387/1387 1388/1388
f 1311/1311 1388/1388 1312/1312
f 1312/1312 1388/1388 1389/1389
f 1312/1312 1389/1389 1313/1313
f 1313/1313 1389/1389 1390/1390
f 1313/1313 1390/1390 1314/1314
f 1314/1314 1390/1390 1391/1391
f 1314/1314 1391/1391 1315/1315
f 1315/1315 1391/1391 1392/1392
f 1315/1315 1392/1392 1316/1316
f 1316/1316 1392/1392 1393/1393
f 1316/1316 1393/1393 1317/1317
f 1317/1317 1393/1393 1394/1394
f 1317/1317 1394/1394 1318/1318
f 1318/1318 1394/1394 1395/1395
f 1318/1318 1395/1395 1319/1319
f 1319/1319 1395/1395 1396/1396
f 1319/1319 1396/1396 1320/1320
f 1320/1320 1396/1396 1397/1397
f 1320/1320 1397/1397 1321/1321
f 1321/1321 1397/1397 1398/1398
f 1321/1321 1398/1398 1322/1322
f 1322/1322 1398/1398 1399/1399
f 1322/1322 1399/1399 1323/1323
f 1323/1323 1399/1399 1400/1400
f 1323/1323 1400/1400 1324/1324
f 1324/1324 1400/1400 1401/1401
f 1324/1324 1401/1401 1325/1325
f 1325/1325 1401/1401 1402/1402
f 1325/1325 1402/1402 1326/1326
f 1326/1326 1402/1402 1403/1403
f 1326/1326 1403/1403 1327/1327
f 1327/1327 1403/1403 1404/1404
f 1327/1327 1404/1404 1328/1328
f 1328/1328 1404/1404 1405/1405
f 1328/1328 1405/1405 1329/1329
f 1329/1329 1405/1405 1406/1406
f 1329/1329 1406/1406 1330/1330
f 1330/1330 1406/1406 1407/1407
f 1330/1330 1407/1407 1331/1331
f 1331/1331 1407/1407 1408/1408
f 1331/1331 1408/1408 1332/1332
f 1332/1332 1408/1408 1409/1409
f 1332/1332 1409/1409 1333/1333
f 1333/1333 1409/1409 1410/1410
f 1333/1333 1410/1410 1334/1334
f 1334/1334 1410/1410 1411/1411
f 1334/1334 1411/1411 1335/1335
f 1335/1335 1411/1411 1412/1412
f 1335/1335 1412/1412 1336/1336
f 1336/1336 1412/1412 1413/1413
f 1336/1336 1413/1413 1337/1337
f 1337/1337 1413/1413 1414/1414
f 1337/1337 1414/1414 1338/1338
f 1338/1338 1414/1414 1415/1415
f 1338/1338 1415/1415 1339/1339
f 1339/1339 1415/1415 1416/1416
f 1339/1339 1416/1416 1340/1340
f 1340/1340 1416/1416 1417/1417
f 1340/1340 1417/1417 1341/1341
f 1341/1341 1417/1417 1418/1418
f 1341/1341 1418/1418 1342/1342
f 1342/1342 1418/1418 1419/1419
f 1342/1342 1419/1419 1343/1343
f 1343/1343 1419/1419 1420/1420
f 1343/1343 1420/1420 1344/1344
f 1344/1344 1420/1420 1421/1421
f 1344/1344 1421/1421 1345/1345
f 1345/1345 1421/1421 1422/1422
f 1345/1345 1422/1422 1346/1346
f 1346/1346 1422/1422 1423/1423
f 1346/1346 1423/1423 1347/1347
f 1347/1347 1423/1423 1424/1424
f 1347/1347 1424/1424 1348/1348
f 1348/1348 1424/1424 1425/1425
f 1348/1348 1425/1425 1349/1349
f 1349/1349 1425/1425 1426/1426
f 1349/1349 1426/1426 1350/1350
f 1350/1350 1426/1426 1427/1427
f 1350/1350 1427/1427 1351/1351
f 1351/1351 1427/1427 1428/1428
f 1351/1351 1428/1428 1352/1352
f 1352/1352 1428/1428 1429/1429
f 1352/1352 1429/1429 1353/1353
f 1353/1353 1429/1429 1430/1430
f 1353/1353 1430/1430 1354/1354
f 1354/1354 1430/1430 1431/1431
f 1354/1354 1431/1431 1355/1355
f 1355/1355 1431/1431 1432/1432
f 1355/1355 1432/1432 1356/1356
f 1356/1356 1432/1432 1433/1433
f 1356/1356 1433/1433 1357/1357
f 1357/1357 1433/1433 1434/1434
f 1357/1357 1434/1434 1358/1358
f 1358/1358 1434/1434 1435/1435
f 1358/1358 1435/1435 1359/1359
f 1359/1359 1435/1435 1436/1436
f 1359/1359 1436/1436 1360/1360
f 1360/1360 1436/1436 1437/1437
f 1360/1360 1437/1437 1361/1361
f 1361/1361 1437/1437 1438/1438
f 1361/1361 1438/1438 1362/1362
f 1362/1362 1438/1438 1439/1439
f 1362/1362 1439/1439 1363/1363
f 1363/1363 1439/1439 1440/1440
f 1363/1363 1440/1440 1364/1364
f 1364/1364 1440/1440 1441/1441
f 1364/1364 1441/1441 1365/1365
f 1365/1365 1441/1441 1442/1442
f 1365/1365 1442/1442 1366/1366
f 1366/1366 1442/1442 1443/1443
f 1366/1366 1443/1443 1367/1367
f 1367/1367 1443/1443 1444/1444
f 1367/1367 1444/1444 1368/1368
f 1368/1368 1444/1444 1369/1369
f 1368/1368 1369/1369 1293/1293
f 1369/1369 1445/1445 1446/1446
f 1369/1369 1446/1446 1370/1370
f 1370/1370 1446/1446 1447/1447
f 1370/1370 1447/1447 1371/1371
f 1371/1371 1447/1447 1448/1448
f 1371/1371 1448/1448 1372/1372
f 1372/1372 1448/1448 1449/1449
f 1372/1372 1449/1449 1373/1373
f 1373/1373 1449/1449 1450/1450
f 1373/1373 1450/1450 1374/1374
f 1374/1374 1450/1450 1451/1451
f 1374/1374 1451/1451 1375/1375
f 1375/1375 1451/1451 1452/1452
f 1375/1375 1452/1452 1376/1376
f 1376/1376 1452/1452 1453/1453
f 1376/1376 1453/1453 1377/1377
f 1377/1377 1453/1453 1454/1454
f 1377/1377 1454/1454 1378/1378
f 1378/1378 1454/1454 1455/1455
f 1378/1378 1455/1455 1379/1379
f 1379/1379 1455/1455 1456/1456
f 1379/1379 1456/1456 1380/1380
f 1380/1380 1456/1456 1457/1457
f 1380/1380 1457/1457 1381/1381
f 1381/1381 1457/1457 1458/1458
f 1381/1381 1458/1458 1382/1382
f 1382/1382 1458/1458 1459/1459
f 1382/1382 1459/1459 1383/1383
f 1383/1383 1459/1459 1460/1460
f 1383/1383 1460/1460 1384/1384
f 1384/1384 1460/1460 1461/1461
f 1384/1384 1461/1461 1385/1385
f 1385/1385 1461/1461 1462/1462
f 1385/1385 1462/1462 1386/1386
f 1386/1386 1462/1462 1463/1463
f 1386/1386 1463/1463 1387/1387
f 1387/1387 1463/1463 1464/1464
f 1387/1387 1464/1464 1388/1388
f 1388/1388 1464/1464 1465/1465
f 1388/1388 1465/1465 1389/1389
f 1389/1389 1465/1465 1466/1466
f 1389/1389 1466/1466 1390/1390
f 1390/1390 1466/1466 1467/1467
f 1390/1390 1467/1467 1391/1391
f 1391/1391 1467/1467 1468/1468
f 1391/1391 1468/1468 1392/1392
f 1392/1392 1468/1468 1469/1469
f 1392/1392 1469/1469 1393/1393
f 1393/1393 1469/1469 1470/1470
f 1393/1393 1470/1470 1394/1394
f 1394/1394 1470/1470 1471/1471
f 1394/1394 1471/1471 1395/1395
f 1395/1395 1471/1471 1472/1472
f 1395/1395 1472/1472 1396/1396
f 1396/1396 1472/1472 1473/1473
f 1396/1396 1473/1473 1397/1397
f 1397/1397 1473/1473 1474/1474
f 1397/1397 1474/1474 1398/1398
f 1398/1398 1474/1474 1475/1475
f 1398/1398 1475/1475 1399/1399
f 1399/1399 1475/1475 1476/1476
f 1399/1399 1476/1476 1400/1400
f 1400/1400 1476/1476 1477/1477
f 1400/1400 1477/1477 1401/1401
f 1401/1401 1477/1477 1478/1478
f 1401/1401 1478/1478 1402/1402
f 1402/1402 1478/1478 1479/1479
f 1402/1402 1479/1479 1403/1403
f 1403/1403 1479/1479 1480/1480
f 1403/1403 1480/1480 1404/1404
f 1404/1404 1480/1480 1481/1481
f 1404/1404 1481/1481 1405/1405
f 1405/1405 1481/1481 1482/1482
f 1405/1405 1482/1482 1406/1406
f 1406/1406 1482/1482 1483/1483
f 1406/1406 1483/1483 1407/1407
f 1407/1407 1483/1483 1484/1484
f 1407/1407 1484/1484 1408/1408
f 1408/1408 1484/1484 1485/1485
f 1408/1408 1485/1485 1409/1409
f 1409/1409 1485/1485 1486/1486
f 1409/1409 1486/1486 1410/1410
f 1410/1410 1486/1486 1487/1487
f 1410/1410 1487/1487 1411/1411
f 1411/1411 1487/1487 1488/1488
f 1411/1411 1488/1488 1412/1412
f 1412/1412 1488/1488 1489/1489
f 1412/1412 1489/1489 1413/1413
f 1413/1413 1489/1489 1490/1490
f 1413/1413 1490/1490 1414/1414
f 1414/1414 1490/1490 1491/1491
f 1414/1414 1491/1491 1415/1415
f 1415/1415 1491/1491 1492/1492
f 1415/1415 1492/1492 1416/1416
f 1416/1416 1492/1492 1493/1493
f 1416/1416 1493/1493 1417/1417
f 1417/1417 1493/1493 1494/1494
f 1417/1417 1494/1494 1418/1418
f 1418/1418 1494/1494 1495/1495
f 1418/1418 1495/1495 1419/1419
f 1419/1419 1495/1495 1496/1496
f 1419/1419 1496/1496 1420/1420
f 1420/1420 1496/1496 1497/1497
f 1420/1420 1497/1497 1421/1421
f 1421/1421 1497/1497 1498/1498
f 1421/1421 1498/1498 1422/1422
f 1422/1422 1498/1498 1499/1499
f 1422/1422 1499/1499 1423/1423
f 1423/1423 1499/1499 1500/1500
f 1423/1423 1500/1500 1424/1424
f 1424/1424 1500/1500 1501/1501
f 1424/1424 1501/1501 1425/1425
f 1425/1425 1501/1501 1502/1502
f 1425/1425 1502/1502 1426/1426
f 1426/1426 1502/1502 1503/1503
f 1426/1426 1503/1503 1427/1427
f 1427/1427 1503/1503 1504/1504
f 1427/1427 1504/1504 1428/1428
f 1428/1428 1504/1504 1505/1505
f 1428/1428 1505/1505 1429/1429
f 1429/1429 1505/1505 1506/1506
f 1429/1429 1506/1506 1430/1430
f 1430/1430 1506/1506 1507/1507
f 1430/1430 1507/1507 1431/1431
f 1431/1431 1507/1507 1508/1508
f 1431/1431 1508/1508 1432/1432
f 1432/1432 1508/1508 1509/1509
f 1432/1432 1509/1509 1433/1433
f 1433/1433 1509/1509 1510/1510
f 1433/1433 1510/1510 1434/1434
f 1434/1434 1510/1510 1511/1511
f 1434/1434 1511/1511 1435/1435
f 1435/1435 1511/1511 1512/1512
f 1435/1435 1512/1512 1436/1436
f 1436/1436 1512/1512 1513/1513
f 1436/1436 1513/1513 1437/1437
f 1437/1437 1513/1513 1514/1514
f 1437/1437 1514/1514 1438/1438
f 1438/1438 1514/1514 1515/1515
f 1438/1438 1515/1515 1439/1439
f 1439/1439 1515/1515 1516/1516
f 1439/1439 1516/1516 1440/1440
f 1440/1440 1516/1516 1517/1517
f 1440/1440 1517/1517 1441/1441
f 1441/1441 1517/1517 1518/1518
f 1441/1441 1518/1518 1442/1442
f 1442/1442 1518/1518 1519/1519
f 1442/1442 1519/1519 1443/1443
f 1443/1443 1519/1519 1520/1520
f 1443/1443 1520/1520 1444/1444
f 1444/1444 1520/1520 1445/1445
f 1444/1444 1445/1445 1369/1369
f 1445/1445 1521/1521 1522/1522
f 1445/1445 1522/1522 1446/1446
f 1446/1446 1522/1522 1523/1523
f 1446/1446 1523/1523 1447/1447
f 1447/1447 1523/1523 1524/1524
f 1447/1447 1524/1524 1448/1448
f 1448/1448 1524/1524 1525/1525
f 1448/1448 1525/1525 1449/1449
f 1449/1449 1525/1525 1526/1526
f 1449/1449 1526/1526 1450/1450
f 1450/1450 1526/1526 1527/1527
f 1450/1450 1527/1527 1451/1451
f 1451/1451 1527/1527 1528/1528
f 1451/1451 1528/1528 1452/1452
f 1452/1452 1528/1528 1529/1529
f 1452/1452 1529/1529 1453/1453
f 1453/1453 1529/1529 1530/1530
f 1453/1453 1530/1530 1454/1454
f 1454/1454 1530/1530 1531/1531
f 1454/1454 1531/1531 1455/1455
f 1455/1455 1531/1531 1532/1532
f 1455/1455 1532/1532 1456/1456
f 1456/1456 1532/1532 1533/1533
f 1456/1456 1533/1533 1457/1457
f 1457/1457 1533/1533 1534/1534
f 1457/1457 1534/1534 1458/1458
f 1458/1458 1534/1534 1535/1535
f 1458/1458 1535/1535 1459/1459
f 1459/1459 1535/1535 1536/1536
f 1459/1459 1536/1536 1460/1460
f 1460/1460 1536/1536 1537/1537
f 1460/1460 1537/1537 1461/1461
f 1461/1461 1537/1537 1538/1538
f 1461/1461 1538/1538 1462/1462
f 1462/1462 1538/1538 1539/1539
f 1462/1462 1539/1539 1463/1463
f 1463/1463 1539/1539 1540/1540
f 1463/1463 1540/1540 1464/1464
f 1464/1464 1540/1540 1541/1541
f 1464/1464 1541/1541 1465/1465
f 1465/1465 1541/1541 1542/1542
f 1465/1465 1542/1542 1466/1466
f 1466/1466 1542/1542 1543/1543
f 1466/1466 1543/1543 1467/1467
f 1467/1467 1543/1543 1544/1544
f 1467/1467 1544/1544 1468/1468
f 1468/1468 1544/1544 1545/1545
f 1468/1468 1545/1545 1469/1469
f 1469/1469 1545/1545 1546/1546
f 1469/1469 1546/1546 1470/1470
f 1470/1470 1546/1546 1547/1547
f 1470/1470 1547/1547 1471/1471
f 1471/1471 1547/1547 1548/1548
f 1471/1471 1548/1548 1472/1472
f 1472/1472 1548/1548 1549/1549
f 1472/1472 1549/1549 1473/1473
f 1473/1473 1549/1549 1550/1550
f 1473/1473 1550/1550 1474/1474
f 1474/1474 1550/1550 1551/1551
f 1474/1474 1551/1551 1475/1475
f 1475/1475 1551/1551 1552/1552
f 1475/1475 1552/1552 1476/1476
f 1476/1476 1552/1552 1553/1553
f 1476/1476 1553/1553 1477/1477
f 1477/1477 1553/1553 1554/1554
f 1477/1477 1554/1554 1478/1478
f 1478/1478 1554/1554 1555/1555
f 1478/1478 1555/1555 1479/1479
f 1479/1479 1555/1555 1556/1556
f 1479/1479 1556/1556 1480/1480
f 1480/1480 1556/1556 1557/1557
f 1480/1480 1557/1557 1481/1481
f 1481/1481 1557/1557 1558/1558
f 1481/1481 1558/1558 1482/1482
f 1482/1482 1558/1558 1559/1559
f 1482/1482 1559/1559 1483/1483
f 1483/1483 1559/1559 1560/1560
f 1483/1483 1560/1560 1484/1484
f 1484/1484 1560/1560 1561/1561
f 1484/1484 1561/1561 1485/1485
f 1485/1485 1561/1561 1562/1562
f 1485/1485 1562/1562 1486/1486
f 1486/1486 1562/1562 1563/1563
f 1486/1486 1563/1563 1487/1487
f 1487/1487 1563/1563 1564/1564
f 1487/1487 1564/1564 1488/1488
f 1488/1488 1564/1564 1565/1565
f 1488/1488 1565/1565 1489/1489
f 1489/1489 1565/1565 1566/1566
f 1489/1489 1566/1566 1490/1490
f 1490/1490 1566/1566 1567/1567
f 1490/1490 1567/1567 1491/1491
f 1491/1491 1567/1567 1568/1568
f 1491/1491 1568/1568 1492/1492
f 1492/1492 1568/1568 1569/1569
f 1492/1492 1569/1569 1493/1493
f 1493/1493 1569/1569 1570/1570
f 1493/1493 1570/1570 1494/1494
f 1494/1494 1570/1570 1571/1571
f 1494/1494 1571/1571 1495/1495
f 1495/1495 1571/1571 1572/1572
f 1495/1495 1572/1572 1496/1496
f 1496/1496 1572/1572 1573/1573
f 1496/1496 1573/1573 1497/1497
f 1497/1497 1573/1573 1574/1574
f 1497/1497 1574/1574 1498/1498
f 1498/1498 1574/1574 1575/1575
f 1498/1498 1575/1575 1499/1499
f 1499/1499 1575/1575 1576/1576
f 1499/1499 1576/1576 1500/1500
f 1500/1500 1576/1576 1577/1577
f 1500/1500 1577/1577 1501/1501
f 1501/1501 1577/1577 1578/1578
f 1501/1501 1578/1578 1502/1502
f 1502/1502 1578/1578 1579/1579
f 1502/1502 1579/1579 1503/1503
f 1503/1503 1579/1579 1580/1580
f 1503/1503 1580/1580 1504/1504
f 1504/1504 1580/1580 1581/1581
f 1504/1504 1581/1581 1505/1505
f 1505/1505 1581/1581 1582/1582
f 1505/1505 1582/1582 1506/1506
f 1506/1506 1582/1582 1583/1583
f 1506/1506 1583/1583 1507/1507
f 1507/1507 1583/1583 1584/1584
f 1507/1507 1584/1584 1508/1508
f 1508/1508 1584/1584 1585/1585
f 1508/1508 1585/1585 1509/1509
f 1509/1509 1585/1585 1586/1586
f 1509/1509 1586/1586 1510/1510
f 1510/1510 1586/1586 1587/1587
f 1510/1510 1587/1587 1511/1511
f 1511/1511 1587/1587 1588/1588
f 1511/1511 1588/1588 1512/1512
f 1512/1512 1588/1588 1589/1589
f 1512/1512 1589/1589 1513/1513
f 1513/1513 1589/1589 1590/1590
f 1513/1513 1590/1590 1514/1514
f 1514/1514 1590/1590 1591/1591
f 1514/1514 1591/1591 1515/1515
f 1515/1515 1591/1591 1592/1592
f 1515/1515 1592/1592 1516/1516
f 1516/1516 1592/1592 1593/1593
f 1516/1516 1593/1593 1517/1517
f 1517/1517 1593/1593 1594/1594
f 1517/1517 1594/1594 1518/1518
f 1518/1518 1594/1594 1595/1595
f 1518/1518 1595/1595 1519/1519
f 1519/1519 1595/1595 1596/1596
f 1519/1519 1596/1596 1520/1520
f 1520/1520 1596/1596 1521/1521
f 1520/1520 1521/1521 1445/1445
f 1/1 2/2 3/3
f 1/1 3/3 4/4
f 1/1 4/4 5/5
f 1/1 5/5 6/6
f 1/1 6/6 7/7
f 1/1 7/7 8/8
f 1/1 8/8 9/9
f 1/1 9/9 10/10
f 1/1 10/10 11/11
f 1/1 11/11 12/12
f 1/1 12/12 13/13
f 1/1 13/13 14/14
f 1/1 14/14 15/15
f 1/1 15/15 16/16
f 1/1 16/16 17/17
f 1/1 17/17 18/18
f 1/1 18/18 19/19
f 1/1 19/19 20/20
f 1/1 20/20 21/21
f 1/1 21/21 22/22
f 1/1 22/22 23/23
f 1/1 23/23 24/24
f 1/1 24/24 25/25
f 1/1 25/25 26/26
f 1/1 26/26 27/27
f 1/1 27/27 28/28
f 1/1 28/28 29/29
f 1/1 29/29 30/30
f 1/1 30/30 31/31
f 1/1 31/31 32/32
f 1/1 32/32 33/33
f 1/1 33/33 34/34
f 1/1 34/34 35/35
f 1/1 35/35 36/36
f 1/1 36/36 37/37
f 1/1 37/37 38/38
f 1/1 38/38 39/39
f 1/1 39/39 40/40
f 1/1 40/40 41/41
f 1/1 41/41 42/42
f 1/1 42/42 43/43
f 1/1 43/43 44/44
f 1/1 44/44 45/45
f 1/1 45/45 46/46
f 1/1 46/46 47/47
f 1/1 47/47 48/48
f 1/1 48/48 49/49
f 1/1 49/49 50/50
f 1/1 50/50 51/51
f 1/1 51/51 52/52
f 1/1 52/52 53/53
f 1/1 53/53 54/54
f 1/1 54/54 55/55
f 1/1 55/55 56/56
f 1/1 56/56 57/57
f 1/1 57/57 58/58
f 1/1 58/58 59/59
f 1/1 59/59 60/60
f 1/1 60/60 61/61
f 1/1 61/61 62/62
f 1/1 62/62 63/63
f 1/1 63/63 64/64
f 1/1 64/64 65/65
f 1/1 65/65 66/66
f 1/1 66/66 67/67
f 1/1 67/67 68/68
f 1/1 68/68 69/69
f 1/1 69/69 70/70
f 1/1 70/70 71/71
f 1/1 71/71 72/72
f 1/1 72/72 73/73
f 1/1 73/73 74/74
f 1/1 74/74 75/75
f 1/1 75/75 76/76
f 1596/1596 1595/1595 1594/1594
f 1596/1596 1594/1594 1593/1593
f 1596/1596 1593/1593 1592/1592
f 1596/1596 1592/1592 1591/1591
f 1596/1596 1591/1591 1590/1590
f 1596/1596 1590/1590 1589/1589
f 1596/1596 1589/1589 1588/1588
f 1596/1596 1588/1588 1587/1587
f 1596/1596 1587/1587 1586/1586
f 1596/1596 1586/1586 1585/1585
f 1596/1596 1585/1585 1584/1584
f 1596/1596 1584/1584 1583/1583
f 1596/1596 1583/1583 1582/1582
f 1596/1596 1582/1582 1581/1581
f 1596/1596 1581/1581 1580/1580
f 1596/1596 1580/1580 1579/1579
f 1596/1596 1579/1579 1578/1578
f 1596/1596 1578/1578 1577/1577
f 1596/1596 1577/1577 1576/1576
f 1596/1596 1576/1576 1575/1575
f 1596/1596 1575/1575 1574/1574
f 1596/1596 1574/1574 1573/1573
f 1596/1596 1573/1573 1572/1572
f 1596/1596 1572/1572 1571/1571
f 1596/1596 1571/1571 1570/1570
f 1596/1596 1570/1570 1569/1569
f 1596/1596 1569/1569 1568/1568
f 1596/1596 1568/1568 1567/1567
f 1596/1596 1567/1567 1566/1566
f 1596/1596 1566/1566 1565/1565
f 1596/1596 1565/1565 1564/1564
f 1596/1596 1564/1564 1563/1563
f 1596/1596 1563/1563 1562/1562
f 1596/1596 1562/1562 1561/1561
f 1596/1596 1561/1561 1560/1560
f 1596/1596 1560/1560 1559/1559
f 1596/1596 1559/1559 1558/1558
f 1596/1596 1558/1558 1557/1557
f 1596/1596 1557/1557 1556/1556
f 1596/1596 1556/1556 1555/1555
f 1596/1596 1555/1555 1554/1554
f 1596/1596 1554/1554 1553/1553
f 1596/1596 1553/1553 1552/1552
f 1596/1596 1552/1552 1551/1551
f 1596/1596 1551/1551 1550/1550
f 1596/1596 1550/1550 1549/1549
f 1596/1596 1549/1549 1548/1548
f 1596/1596 1548/1548 1547/1547
f 1596/1596 1547/1547 1546/1546
f 1596/1596 1546/1546 1545/1545
f 1596/1596 1545/1545 1544/1544
f 1596/1596 1544/1544 1543/1543
f 1596/1596 1543/1543 1542/1542
f 1596/1596 1542/1542 1541/1541
f 1596/1596 1541/1541 1540/1540
f 1596/1596 1540/1540 1539/1539
f 1596/1596 1539/1539 1538/1538
f 1596/1596 1538/1538 1537/1537
f 1596/1596 1537/1537 1536/1536
f 1596/1596 1536/1536 1535/1535
f 1596/1596 1535/1535 1534/1534
f 1596/1596 1534/1534 1533/1533
f 1596/1596 1533/1533 1532/1532
f 1596/1596 1532/1532 1531/1531
f 1596/1596 1531/1531 1530/1530
f 1596/1596 1530/1530 1529/1529
f 1596/1596 1529/1529 1528/1528
f 1596/1596 1528/1528 1527/1527
f 1596/1596 1527/1527 1526/1526
f 1596/1596 1526/1526 1525/1525
f 1596/1596 1525/1525 1524/1524
f 1596/1596 1524/1524 1523/1523
f 1596/1596 1523/1523 1522/1522
f 1596/1596 1522/1522 1521/1521
