# Basketbroom original 3D environment. Centimetres, Z up.
o SM_BB_ENV_RR_VigasLadders
s 1
v -36590.81111 13617.82105 820.91786
v -36602.50889 13617.82105 788.77848
v -36632.12870 13617.82105 771.67747
v -36665.81111 13617.82105 777.61659
v -36687.79574 13617.82105 803.81685
v -36687.79574 13617.82105 838.01887
v -36665.81111 13617.82105 864.21913
v -36632.12870 13617.82105 870.15825
v -36602.50889 13617.82105 853.05724
v -36590.81111 15737.82105 820.91786
v -36602.50889 15737.82105 788.77848
v -36632.12870 15737.82105 771.67747
v -36665.81111 15737.82105 777.61659
v -36687.79574 15737.82105 803.81685
v -36687.79574 15737.82105 838.01887
v -36665.81111 15737.82105 864.21913
v -36632.12870 15737.82105 870.15825
v -36602.50889 15737.82105 853.05724
v -36276.16496 13617.82105 820.91786
v -36287.86274 13617.82105 788.77848
v -36317.48255 13617.82105 771.67747
v -36351.16496 13617.82105 777.61659
v -36373.14959 13617.82105 803.81685
v -36373.14959 13617.82105 838.01887
v -36351.16496 13617.82105 864.21913
v -36317.48255 13617.82105 870.15825
v -36287.86274 13617.82105 853.05724
v -36276.16496 15737.82105 820.91786
v -36287.86274 15737.82105 788.77848
v -36317.48255 15737.82105 771.67747
v -36351.16496 15737.82105 777.61659
v -36373.14959 15737.82105 803.81685
v -36373.14959 15737.82105 838.01887
v -36351.16496 15737.82105 864.21913
v -36317.48255 15737.82105 870.15825
v -36287.86274 15737.82105 853.05724
v -35961.51881 13617.82105 820.91786
v -35973.21659 13617.82105 788.77848
v -36002.83640 13617.82105 771.67747
v -36036.51881 13617.82105 777.61659
v -36058.50344 13617.82105 803.81685
v -36058.50344 13617.82105 838.01887
v -36036.51881 13617.82105 864.21913
v -36002.83640 13617.82105 870.15825
v -35973.21659 13617.82105 853.05724
v -35961.51881 15737.82105 820.91786
v -35973.21659 15737.82105 788.77848
v -36002.83640 15737.82105 771.67747
v -36036.51881 15737.82105 777.61659
v -36058.50344 15737.82105 803.81685
v -36058.50344 15737.82105 838.01887
v -36036.51881 15737.82105 864.21913
v -36002.83640 15737.82105 870.15825
v -35973.21659 15737.82105 853.05724
v -35646.87266 13617.82105 820.91786
v -35658.57044 13617.82105 788.77848
v -35688.19025 13617.82105 771.67747
v -35721.87266 13617.82105 777.61659
v -35743.85729 13617.82105 803.81685
v -35743.85729 13617.82105 838.01887
v -35721.87266 13617.82105 864.21913
v -35688.19025 13617.82105 870.15825
v -35658.57044 13617.82105 853.05724
v -35646.87266 15737.82105 820.91786
v -35658.57044 15737.82105 788.77848
v -35688.19025 15737.82105 771.67747
v -35721.87266 15737.82105 777.61659
v -35743.85729 15737.82105 803.81685
v -35743.85729 15737.82105 838.01887
v -35721.87266 15737.82105 864.21913
v -35688.19025 15737.82105 870.15825
v -35658.57044 15737.82105 853.05724
v -35332.22651 13617.82105 820.91786
v -35343.92429 13617.82105 788.77848
v -35373.54410 13617.82105 771.67747
v -35407.22651 13617.82105 777.61659
v -35429.21114 13617.82105 803.81685
v -35429.21114 13617.82105 838.01887
v -35407.22651 13617.82105 864.21913
v -35373.54410 13617.82105 870.15825
v -35343.92429 13617.82105 853.05724
v -35332.22651 15737.82105 820.91786
v -35343.92429 15737.82105 788.77848
v -35373.54410 15737.82105 771.67747
v -35407.22651 15737.82105 777.61659
v -35429.21114 15737.82105 803.81685
v -35429.21114 15737.82105 838.01887
v -35407.22651 15737.82105 864.21913
v -35373.54410 15737.82105 870.15825
v -35343.92429 15737.82105 853.05724
v -35696.54958 13387.82105 -300.00000
v -35688.64147 13368.93835 -297.18154
v -35669.54958 13361.11688 -296.01409
v -35650.45770 13368.93835 -297.18154
v -35642.54958 13387.82105 -300.00000
v -35650.45770 13406.70375 -302.81846
v -35669.54958 13414.52522 -303.98591
v -35688.64147 13406.70375 -302.81846
v -35696.54958 13617.82105 1240.91786
v -35688.64147 13598.93835 1243.73632
v -35669.54958 13591.11688 1244.90377
v -35650.45770 13598.93835 1243.73632
v -35642.54958 13617.82105 1240.91786
v -35650.45770 13636.70375 1238.09940
v -35669.54958 13644.52522 1236.93195
v -35688.64147 13636.70375 1238.09940
v -35436.54958 13387.82105 -300.00000
v -35428.64147 13368.93835 -297.18154
v -35409.54958 13361.11688 -296.01409
v -35390.45770 13368.93835 -297.18154
v -35382.54958 13387.82105 -300.00000
v -35390.45770 13406.70375 -302.81846
v -35409.54958 13414.52522 -303.98591
v -35428.64147 13406.70375 -302.81846
v -35436.54958 13617.82105 1240.91786
v -35428.64147 13598.93835 1243.73632
v -35409.54958 13591.11688 1244.90377
v -35390.45770 13598.93835 1243.73632
v -35382.54958 13617.82105 1240.91786
v -35390.45770 13636.70375 1238.09940
v -35409.54958 13644.52522 1236.93195
v -35428.64147 13636.70375 1238.09940
v -35689.54958 13389.77622 -152.90821
v -35689.54958 13397.30642 -168.54484
v -35689.54958 13414.22664 -172.40677
v -35689.54958 13427.79559 -161.58589
v -35689.54958 13427.79559 -144.23054
v -35689.54958 13414.22664 -133.40966
v -35689.54958 13397.30642 -137.27158
v -35389.54958 13389.77622 -152.90821
v -35389.54958 13397.30642 -168.54484
v -35389.54958 13414.22664 -172.40677
v -35389.54958 13427.79559 -161.58589
v -35389.54958 13427.79559 -144.23054
v -35389.54958 13414.22664 -133.40966
v -35389.54958 13397.30642 -137.27158
v -35689.54958 13411.73139 -5.81643
v -35689.54958 13419.26159 -21.45306
v -35689.54958 13436.18180 -25.31499
v -35689.54958 13449.75076 -14.49410
v -35689.54958 13449.75076 2.86125
v -35689.54958 13436.18180 13.68213
v -35689.54958 13419.26159 9.82020
v -35389.54958 13411.73139 -5.81643
v -35389.54958 13419.26159 -21.45306
v -35389.54958 13436.18180 -25.31499
v -35389.54958 13449.75076 -14.49410
v -35389.54958 13449.75076 2.86125
v -35389.54958 13436.18180 13.68213
v -35389.54958 13419.26159 9.82020
v -35689.54958 13433.68655 141.27536
v -35689.54958 13441.21676 125.63873
v -35689.54958 13458.13697 121.77680
v -35689.54958 13471.70593 132.59768
v -35689.54958 13471.70593 149.95303
v -35689.54958 13458.13697 160.77392
v -35689.54958 13441.21676 156.91199
v -35389.54958 13433.68655 141.27536
v -35389.54958 13441.21676 125.63873
v -35389.54958 13458.13697 121.77680
v -35389.54958 13471.70593 132.59768
v -35389.54958 13471.70593 149.95303
v -35389.54958 13458.13697 160.77392
v -35389.54958 13441.21676 156.91199
v -35689.54958 13455.64172 288.36714
v -35689.54958 13463.17193 272.73051
v -35689.54958 13480.09214 268.86859
v -35689.54958 13493.66110 279.68947
v -35689.54958 13493.66110 297.04482
v -35689.54958 13480.09214 307.86570
v -35689.54958 13463.17193 304.00377
v -35389.54958 13455.64172 288.36714
v -35389.54958 13463.17193 272.73051
v -35389.54958 13480.09214 268.86859
v -35389.54958 13493.66110 279.68947
v -35389.54958 13493.66110 297.04482
v -35389.54958 13480.09214 307.86570
v -35389.54958 13463.17193 304.00377
v -35689.54958 13477.59689 435.45893
v -35689.54958 13485.12709 419.82230
v -35689.54958 13502.04731 415.96037
v -35689.54958 13515.61627 426.78125
v -35689.54958 13515.61627 444.13660
v -35689.54958 13502.04731 454.95749
v -35689.54958 13485.12709 451.09556
v -35389.54958 13477.59689 435.45893
v -35389.54958 13485.12709 419.82230
v -35389.54958 13502.04731 415.96037
v -35389.54958 13515.61627 426.78125
v -35389.54958 13515.61627 444.13660
v -35389.54958 13502.04731 454.95749
v -35389.54958 13485.12709 451.09556
v -35689.54958 13499.55206 582.55072
v -35689.54958 13507.08226 566.91409
v -35689.54958 13524.00248 563.05216
v -35689.54958 13537.57144 573.87304
v -35689.54958 13537.57144 591.22839
v -35689.54958 13524.00248 602.04927
v -35689.54958 13507.08226 598.18735
v -35389.54958 13499.55206 582.55072
v -35389.54958 13507.08226 566.91409
v -35389.54958 13524.00248 563.05216
v -35389.54958 13537.57144 573.87304
v -35389.54958 13537.57144 591.22839
v -35389.54958 13524.00248 602.04927
v -35389.54958 13507.08226 598.18735
v -35689.54958 13521.50723 729.64250
v -35689.54958 13529.03743 714.00587
v -35689.54958 13545.95764 710.14394
v -35689.54958 13559.52660 720.96483
v -35689.54958 13559.52660 738.32018
v -35689.54958 13545.95764 749.14106
v -35689.54958 13529.03743 745.27913
v -35389.54958 13521.50723 729.64250
v -35389.54958 13529.03743 714.00587
v -35389.54958 13545.95764 710.14394
v -35389.54958 13559.52660 720.96483
v -35389.54958 13559.52660 738.32018
v -35389.54958 13545.95764 749.14106
v -35389.54958 13529.03743 745.27913
v -35689.54958 13543.46239 876.73429
v -35689.54958 13550.99260 861.09766
v -35689.54958 13567.91281 857.23573
v -35689.54958 13581.48177 868.05661
v -35689.54958 13581.48177 885.41196
v -35689.54958 13567.91281 896.23285
v -35689.54958 13550.99260 892.37092
v -35389.54958 13543.46239 876.73429
v -35389.54958 13550.99260 861.09766
v -35389.54958 13567.91281 857.23573
v -35389.54958 13581.48177 868.05661
v -35389.54958 13581.48177 885.41196
v -35389.54958 13567.91281 896.23285
v -35389.54958 13550.99260 892.37092
v -35689.54958 13565.41756 1023.82607
v -35689.54958 13572.94777 1008.18944
v -35689.54958 13589.86798 1004.32751
v -35689.54958 13603.43694 1015.14840
v -35689.54958 13603.43694 1032.50375
v -35689.54958 13589.86798 1043.32463
v -35689.54958 13572.94777 1039.46270
v -35389.54958 13565.41756 1023.82607
v -35389.54958 13572.94777 1008.18944
v -35389.54958 13589.86798 1004.32751
v -35389.54958 13603.43694 1015.14840
v -35389.54958 13603.43694 1032.50375
v -35389.54958 13589.86798 1043.32463
v -35389.54958 13572.94777 1039.46270
v -31412.78321 13617.82105 937.27170
v -31424.48099 13617.82105 905.13232
v -31454.10080 13617.82105 888.03131
v -31487.78321 13617.82105 893.97043
v -31509.76784 13617.82105 920.17069
v -31509.76784 13617.82105 954.37271
v -31487.78321 13617.82105 980.57297
v -31454.10080 13617.82105 986.51209
v -31424.48099 13617.82105 969.41108
v -31412.78321 15737.82105 937.27170
v -31424.48099 15737.82105 905.13232
v -31454.10080 15737.82105 888.03131
v -31487.78321 15737.82105 893.97043
v -31509.76784 15737.82105 920.17069
v -31509.76784 15737.82105 954.37271
v -31487.78321 15737.82105 980.57297
v -31454.10080 15737.82105 986.51209
v -31424.48099 15737.82105 969.41108
v -31067.87258 13617.82105 937.27170
v -31079.57036 13617.82105 905.13232
v -31109.19017 13617.82105 888.03131
v -31142.87258 13617.82105 893.97043
v -31164.85721 13617.82105 920.17069
v -31164.85721 13617.82105 954.37271
v -31142.87258 13617.82105 980.57297
v -31109.19017 13617.82105 986.51209
v -31079.57036 13617.82105 969.41108
v -31067.87258 15737.82105 937.27170
v -31079.57036 15737.82105 905.13232
v -31109.19017 15737.82105 888.03131
v -31142.87258 15737.82105 893.97043
v -31164.85721 15737.82105 920.17069
v -31164.85721 15737.82105 954.37271
v -31142.87258 15737.82105 980.57297
v -31109.19017 15737.82105 986.51209
v -31079.57036 15737.82105 969.41108
v -30722.96195 13617.82105 937.27170
v -30734.65973 13617.82105 905.13232
v -30764.27954 13617.82105 888.03131
v -30797.96195 13617.82105 893.97043
v -30819.94658 13617.82105 920.17069
v -30819.94658 13617.82105 954.37271
v -30797.96195 13617.82105 980.57297
v -30764.27954 13617.82105 986.51209
v -30734.65973 13617.82105 969.41108
v -30722.96195 15737.82105 937.27170
v -30734.65973 15737.82105 905.13232
v -30764.27954 15737.82105 888.03131
v -30797.96195 15737.82105 893.97043
v -30819.94658 15737.82105 920.17069
v -30819.94658 15737.82105 954.37271
v -30797.96195 15737.82105 980.57297
v -30764.27954 15737.82105 986.51209
v -30734.65973 15737.82105 969.41108
v -30378.05132 13617.82105 937.27170
v -30389.74909 13617.82105 905.13232
v -30419.36891 13617.82105 888.03131
v -30453.05132 13617.82105 893.97043
v -30475.03595 13617.82105 920.17069
v -30475.03595 13617.82105 954.37271
v -30453.05132 13617.82105 980.57297
v -30419.36891 13617.82105 986.51209
v -30389.74909 13617.82105 969.41108
v -30378.05132 15737.82105 937.27170
v -30389.74909 15737.82105 905.13232
v -30419.36891 15737.82105 888.03131
v -30453.05132 15737.82105 893.97043
v -30475.03595 15737.82105 920.17069
v -30475.03595 15737.82105 954.37271
v -30453.05132 15737.82105 980.57297
v -30419.36891 15737.82105 986.51209
v -30389.74909 15737.82105 969.41108
v -30033.14068 13617.82105 937.27170
v -30044.83846 13617.82105 905.13232
v -30074.45827 13617.82105 888.03131
v -30108.14068 13617.82105 893.97043
v -30130.12531 13617.82105 920.17069
v -30130.12531 13617.82105 954.37271
v -30108.14068 13617.82105 980.57297
v -30074.45827 13617.82105 986.51209
v -30044.83846 13617.82105 969.41108
v -30033.14068 15737.82105 937.27170
v -30044.83846 15737.82105 905.13232
v -30074.45827 15737.82105 888.03131
v -30108.14068 15737.82105 893.97043
v -30130.12531 15737.82105 920.17069
v -30130.12531 15737.82105 954.37271
v -30108.14068 15737.82105 980.57297
v -30074.45827 15737.82105 986.51209
v -30044.83846 15737.82105 969.41108
v -25882.05576 13617.82105 977.49236
v -25893.75353 13617.82105 945.35298
v -25923.37335 13617.82105 928.25198
v -25957.05576 13617.82105 934.19109
v -25979.04039 13617.82105 960.39136
v -25979.04039 13617.82105 994.59337
v -25957.05576 13617.82105 1020.79363
v -25923.37335 13617.82105 1026.73275
v -25893.75353 13617.82105 1009.63175
v -25882.05576 15737.82105 977.49236
v -25893.75353 15737.82105 945.35298
v -25923.37335 15737.82105 928.25198
v -25957.05576 15737.82105 934.19109
v -25979.04039 15737.82105 960.39136
v -25979.04039 15737.82105 994.59337
v -25957.05576 15737.82105 1020.79363
v -25923.37335 15737.82105 1026.73275
v -25893.75353 15737.82105 1009.63175
v -25507.80826 13617.82105 977.49236
v -25519.50603 13617.82105 945.35298
v -25549.12585 13617.82105 928.25198
v -25582.80826 13617.82105 934.19109
v -25604.79289 13617.82105 960.39136
v -25604.79289 13617.82105 994.59337
v -25582.80826 13617.82105 1020.79363
v -25549.12585 13617.82105 1026.73275
v -25519.50603 13617.82105 1009.63175
v -25507.80826 15737.82105 977.49236
v -25519.50603 15737.82105 945.35298
v -25549.12585 15737.82105 928.25198
v -25582.80826 15737.82105 934.19109
v -25604.79289 15737.82105 960.39136
v -25604.79289 15737.82105 994.59337
v -25582.80826 15737.82105 1020.79363
v -25549.12585 15737.82105 1026.73275
v -25519.50603 15737.82105 1009.63175
v -25133.56076 13617.82105 977.49236
v -25145.25853 13617.82105 945.35298
v -25174.87835 13617.82105 928.25198
v -25208.56076 13617.82105 934.19109
v -25230.54539 13617.82105 960.39136
v -25230.54539 13617.82105 994.59337
v -25208.56076 13617.82105 1020.79363
v -25174.87835 13617.82105 1026.73275
v -25145.25853 13617.82105 1009.63175
v -25133.56076 15737.82105 977.49236
v -25145.25853 15737.82105 945.35298
v -25174.87835 15737.82105 928.25198
v -25208.56076 15737.82105 934.19109
v -25230.54539 15737.82105 960.39136
v -25230.54539 15737.82105 994.59337
v -25208.56076 15737.82105 1020.79363
v -25174.87835 15737.82105 1026.73275
v -25145.25853 15737.82105 1009.63175
v -24759.31326 13617.82105 977.49236
v -24771.01103 13617.82105 945.35298
v -24800.63085 13617.82105 928.25198
v -24834.31326 13617.82105 934.19109
v -24856.29789 13617.82105 960.39136
v -24856.29789 13617.82105 994.59337
v -24834.31326 13617.82105 1020.79363
v -24800.63085 13617.82105 1026.73275
v -24771.01103 13617.82105 1009.63175
v -24759.31326 15737.82105 977.49236
v -24771.01103 15737.82105 945.35298
v -24800.63085 15737.82105 928.25198
v -24834.31326 15737.82105 934.19109
v -24856.29789 15737.82105 960.39136
v -24856.29789 15737.82105 994.59337
v -24834.31326 15737.82105 1020.79363
v -24800.63085 15737.82105 1026.73275
v -24771.01103 15737.82105 1009.63175
v -24385.06576 13617.82105 977.49236
v -24396.76353 13617.82105 945.35298
v -24426.38335 13617.82105 928.25198
v -24460.06576 13617.82105 934.19109
v -24482.05039 13617.82105 960.39136
v -24482.05039 13617.82105 994.59337
v -24460.06576 13617.82105 1020.79363
v -24426.38335 13617.82105 1026.73275
v -24396.76353 13617.82105 1009.63175
v -24385.06576 15737.82105 977.49236
v -24396.76353 15737.82105 945.35298
v -24426.38335 15737.82105 928.25198
v -24460.06576 15737.82105 934.19109
v -24482.05039 15737.82105 960.39136
v -24482.05039 15737.82105 994.59337
v -24460.06576 15737.82105 1020.79363
v -24426.38335 15737.82105 1026.73275
v -24396.76353 15737.82105 1009.63175
v -20403.34339 13617.82105 717.41372
v -20415.04117 13617.82105 685.27434
v -20444.66098 13617.82105 668.17334
v -20478.34339 13617.82105 674.11245
v -20500.32802 13617.82105 700.31272
v -20500.32802 13617.82105 734.51473
v -20478.34339 13617.82105 760.71499
v -20444.66098 13617.82105 766.65411
v -20415.04117 13617.82105 749.55310
v -20403.34339 15737.82105 717.41372
v -20415.04117 15737.82105 685.27434
v -20444.66098 15737.82105 668.17334
v -20478.34339 15737.82105 674.11245
v -20500.32802 15737.82105 700.31272
v -20500.32802 15737.82105 734.51473
v -20478.34339 15737.82105 760.71499
v -20444.66098 15737.82105 766.65411
v -20415.04117 15737.82105 749.55310
v -20064.39379 13617.82105 717.41372
v -20076.09157 13617.82105 685.27434
v -20105.71138 13617.82105 668.17334
v -20139.39379 13617.82105 674.11245
v -20161.37842 13617.82105 700.31272
v -20161.37842 13617.82105 734.51473
v -20139.39379 13617.82105 760.71499
v -20105.71138 13617.82105 766.65411
v -20076.09157 13617.82105 749.55310
v -20064.39379 15737.82105 717.41372
v -20076.09157 15737.82105 685.27434
v -20105.71138 15737.82105 668.17334
v -20139.39379 15737.82105 674.11245
v -20161.37842 15737.82105 700.31272
v -20161.37842 15737.82105 734.51473
v -20139.39379 15737.82105 760.71499
v -20105.71138 15737.82105 766.65411
v -20076.09157 15737.82105 749.55310
v -19725.44419 13617.82105 717.41372
v -19737.14197 13617.82105 685.27434
v -19766.76178 13617.82105 668.17334
v -19800.44419 13617.82105 674.11245
v -19822.42882 13617.82105 700.31272
v -19822.42882 13617.82105 734.51473
v -19800.44419 13617.82105 760.71499
v -19766.76178 13617.82105 766.65411
v -19737.14197 13617.82105 749.55310
v -19725.44419 15737.82105 717.41372
v -19737.14197 15737.82105 685.27434
v -19766.76178 15737.82105 668.17334
v -19800.44419 15737.82105 674.11245
v -19822.42882 15737.82105 700.31272
v -19822.42882 15737.82105 734.51473
v -19800.44419 15737.82105 760.71499
v -19766.76178 15737.82105 766.65411
v -19737.14197 15737.82105 749.55310
v -19386.49459 13617.82105 717.41372
v -19398.19237 13617.82105 685.27434
v -19427.81218 13617.82105 668.17334
v -19461.49459 13617.82105 674.11245
v -19483.47922 13617.82105 700.31272
v -19483.47922 13617.82105 734.51473
v -19461.49459 13617.82105 760.71499
v -19427.81218 13617.82105 766.65411
v -19398.19237 13617.82105 749.55310
v -19386.49459 15737.82105 717.41372
v -19398.19237 15737.82105 685.27434
v -19427.81218 15737.82105 668.17334
v -19461.49459 15737.82105 674.11245
v -19483.47922 15737.82105 700.31272
v -19483.47922 15737.82105 734.51473
v -19461.49459 15737.82105 760.71499
v -19427.81218 15737.82105 766.65411
v -19398.19237 15737.82105 749.55310
v -19047.54499 13617.82105 717.41372
v -19059.24277 13617.82105 685.27434
v -19088.86258 13617.82105 668.17334
v -19122.54499 13617.82105 674.11245
v -19144.52962 13617.82105 700.31272
v -19144.52962 13617.82105 734.51473
v -19122.54499 13617.82105 760.71499
v -19088.86258 13617.82105 766.65411
v -19059.24277 13617.82105 749.55310
v -19047.54499 15737.82105 717.41372
v -19059.24277 15737.82105 685.27434
v -19088.86258 15737.82105 668.17334
v -19122.54499 15737.82105 674.11245
v -19144.52962 15737.82105 700.31272
v -19144.52962 15737.82105 734.51473
v -19122.54499 15737.82105 760.71499
v -19088.86258 15737.82105 766.65411
v -19059.24277 15737.82105 749.55310
v -19424.01979 13387.82105 -300.00000
v -19416.11167 13368.96898 -296.98349
v -19397.01979 13361.16019 -295.73401
v -19377.92791 13368.96898 -296.98349
v -19370.01979 13387.82105 -300.00000
v -19377.92791 13406.67312 -303.01651
v -19397.01979 13414.48191 -304.26599
v -19416.11167 13406.67312 -303.01651
v -19424.01979 13617.82105 1137.41372
v -19416.11167 13598.96898 1140.43024
v -19397.01979 13591.16019 1141.67972
v -19377.92791 13598.96898 1140.43024
v -19370.01979 13617.82105 1137.41372
v -19377.92791 13636.67312 1134.39721
v -19397.01979 13644.48191 1133.14773
v -19416.11167 13636.67312 1134.39721
v -19164.01979 13387.82105 -300.00000
v -19156.11167 13368.96898 -296.98349
v -19137.01979 13361.16019 -295.73401
v -19117.92791 13368.96898 -296.98349
v -19110.01979 13387.82105 -300.00000
v -19117.92791 13406.67312 -303.01651
v -19137.01979 13414.48191 -304.26599
v -19156.11167 13406.67312 -303.01651
v -19164.01979 13617.82105 1137.41372
v -19156.11167 13598.96898 1140.43024
v -19137.01979 13591.16019 1141.67972
v -19117.92791 13598.96898 1140.43024
v -19110.01979 13617.82105 1137.41372
v -19117.92791 13636.67312 1134.39721
v -19137.01979 13644.48191 1133.14773
v -19156.11167 13636.67312 1134.39721
v -19417.01979 13389.70098 -163.25863
v -19417.01979 13397.23119 -178.89526
v -19417.01979 13414.15140 -182.75719
v -19417.01979 13427.72036 -171.93630
v -19417.01979 13427.72036 -154.58095
v -19417.01979 13414.15140 -143.76007
v -19417.01979 13397.23119 -147.62200
v -19117.01979 13389.70098 -163.25863
v -19117.01979 13397.23119 -178.89526
v -19117.01979 13414.15140 -182.75719
v -19117.01979 13427.72036 -171.93630
v -19117.01979 13427.72036 -154.58095
v -19117.01979 13414.15140 -143.76007
v -19117.01979 13397.23119 -147.62200
v -19417.01979 13411.58091 -26.51726
v -19417.01979 13419.11112 -42.15389
v -19417.01979 13436.03133 -46.01581
v -19417.01979 13449.60029 -35.19493
v -19417.01979 13449.60029 -17.83958
v -19417.01979 13436.03133 -7.01870
v -19417.01979 13419.11112 -10.88063
v -19117.01979 13411.58091 -26.51726
v -19117.01979 13419.11112 -42.15389
v -19117.01979 13436.03133 -46.01581
v -19117.01979 13449.60029 -35.19493
v -19117.01979 13449.60029 -17.83958
v -19117.01979 13436.03133 -7.01870
v -19117.01979 13419.11112 -10.88063
v -19417.01979 13433.46085 110.22412
v -19417.01979 13440.99105 94.58749
v -19417.01979 13457.91127 90.72556
v -19417.01979 13471.48022 101.54644
v -19417.01979 13471.48022 118.90179
v -19417.01979 13457.91127 129.72268
v -19417.01979 13440.99105 125.86075
v -19117.01979 13433.46085 110.22412
v -19117.01979 13440.99105 94.58749
v -19117.01979 13457.91127 90.72556
v -19117.01979 13471.48022 101.54644
v -19117.01979 13471.48022 118.90179
v -19117.01979 13457.91127 129.72268
v -19117.01979 13440.99105 125.86075
v -19417.01979 13455.34078 246.96549
v -19417.01979 13462.87098 231.32886
v -19417.01979 13479.79120 227.46693
v -19417.01979 13493.36016 238.28781
v -19417.01979 13493.36016 255.64316
v -19417.01979 13479.79120 266.46405
v -19417.01979 13462.87098 262.60212
v -19117.01979 13455.34078 246.96549
v -19117.01979 13462.87098 231.32886
v -19117.01979 13479.79120 227.46693
v -19117.01979 13493.36016 238.28781
v -19117.01979 13493.36016 255.64316
v -19117.01979 13479.79120 266.46405
v -19117.01979 13462.87098 262.60212
v -19417.01979 13477.22071 383.70686
v -19417.01979 13484.75092 368.07023
v -19417.01979 13501.67113 364.20830
v -19417.01979 13515.24009 375.02919
v -19417.01979 13515.24009 392.38454
v -19417.01979 13501.67113 403.20542
v -19417.01979 13484.75092 399.34349
v -19117.01979 13477.22071 383.70686
v -19117.01979 13484.75092 368.07023
v -19117.01979 13501.67113 364.20830
v -19117.01979 13515.24009 375.02919
v -19117.01979 13515.24009 392.38454
v -19117.01979 13501.67113 403.20542
v -19117.01979 13484.75092 399.34349
v -19417.01979 13499.10065 520.44823
v -19417.01979 13506.63085 504.81160
v -19417.01979 13523.55106 500.94968
v -19417.01979 13537.12002 511.77056
v -19417.01979 13537.12002 529.12591
v -19417.01979 13523.55106 539.94679
v -19417.01979 13506.63085 536.08486
v -19117.01979 13499.10065 520.44823
v -19117.01979 13506.63085 504.81160
v -19117.01979 13523.55106 500.94968
v -19117.01979 13537.12002 511.77056
v -19117.01979 13537.12002 529.12591
v -19117.01979 13523.55106 539.94679
v -19117.01979 13506.63085 536.08486
v -19417.01979 13520.98058 657.18961
v -19417.01979 13528.51078 641.55298
v -19417.01979 13545.43100 637.69105
v -19417.01979 13558.99996 648.51193
v -19417.01979 13558.99996 665.86728
v -19417.01979 13545.43100 676.68816
v -19417.01979 13528.51078 672.82624
v -19117.01979 13520.98058 657.18961
v -19117.01979 13528.51078 641.55298
v -19117.01979 13545.43100 637.69105
v -19117.01979 13558.99996 648.51193
v -19117.01979 13558.99996 665.86728
v -19117.01979 13545.43100 676.68816
v -19117.01979 13528.51078 672.82624
v -19417.01979 13542.86051 793.93098
v -19417.01979 13550.39071 778.29435
v -19417.01979 13567.31093 774.43242
v -19417.01979 13580.87989 785.25330
v -19417.01979 13580.87989 802.60865
v -19417.01979 13567.31093 813.42954
v -19417.01979 13550.39071 809.56761
v -19117.01979 13542.86051 793.93098
v -19117.01979 13550.39071 778.29435
v -19117.01979 13567.31093 774.43242
v -19117.01979 13580.87989 785.25330
v -19117.01979 13580.87989 802.60865
v -19117.01979 13567.31093 813.42954
v -19117.01979 13550.39071 809.56761
v -19417.01979 13564.74044 930.67235
v -19417.01979 13572.27065 915.03572
v -19417.01979 13589.19086 911.17379
v -19417.01979 13602.75982 921.99468
v -19417.01979 13602.75982 939.35003
v -19417.01979 13589.19086 950.17091
v -19417.01979 13572.27065 946.30898
v -19117.01979 13564.74044 930.67235
v -19117.01979 13572.27065 915.03572
v -19117.01979 13589.19086 911.17379
v -19117.01979 13602.75982 921.99468
v -19117.01979 13602.75982 939.35003
v -19117.01979 13589.19086 950.17091
v -19117.01979 13572.27065 946.30898
v -15060.20458 13617.82105 1121.29740
v -15071.90235 13617.82105 1089.15802
v -15101.52217 13617.82105 1072.05701
v -15135.20458 13617.82105 1077.99613
v -15157.18921 13617.82105 1104.19639
v -15157.18921 13617.82105 1138.39841
v -15135.20458 13617.82105 1164.59867
v -15101.52217 13617.82105 1170.53779
v -15071.90235 13617.82105 1153.43678
v -15060.20458 15737.82105 1121.29740
v -15071.90235 15737.82105 1089.15802
v -15101.52217 15737.82105 1072.05701
v -15135.20458 15737.82105 1077.99613
v -15157.18921 15737.82105 1104.19639
v -15157.18921 15737.82105 1138.39841
v -15135.20458 15737.82105 1164.59867
v -15101.52217 15737.82105 1170.53779
v -15071.90235 15737.82105 1153.43678
v -14719.03995 13617.82105 1121.29740
v -14730.73772 13617.82105 1089.15802
v -14760.35754 13617.82105 1072.05701
v -14794.03995 13617.82105 1077.99613
v -14816.02458 13617.82105 1104.19639
v -14816.02458 13617.82105 1138.39841
v -14794.03995 13617.82105 1164.59867
v -14760.35754 13617.82105 1170.53779
v -14730.73772 13617.82105 1153.43678
v -14719.03995 15737.82105 1121.29740
v -14730.73772 15737.82105 1089.15802
v -14760.35754 15737.82105 1072.05701
v -14794.03995 15737.82105 1077.99613
v -14816.02458 15737.82105 1104.19639
v -14816.02458 15737.82105 1138.39841
v -14794.03995 15737.82105 1164.59867
v -14760.35754 15737.82105 1170.53779
v -14730.73772 15737.82105 1153.43678
v -14377.87532 13617.82105 1121.29740
v -14389.57309 13617.82105 1089.15802
v -14419.19291 13617.82105 1072.05701
v -14452.87532 13617.82105 1077.99613
v -14474.85995 13617.82105 1104.19639
v -14474.85995 13617.82105 1138.39841
v -14452.87532 13617.82105 1164.59867
v -14419.19291 13617.82105 1170.53779
v -14389.57309 13617.82105 1153.43678
v -14377.87532 15737.82105 1121.29740
v -14389.57309 15737.82105 1089.15802
v -14419.19291 15737.82105 1072.05701
v -14452.87532 15737.82105 1077.99613
v -14474.85995 15737.82105 1104.19639
v -14474.85995 15737.82105 1138.39841
v -14452.87532 15737.82105 1164.59867
v -14419.19291 15737.82105 1170.53779
v -14389.57309 15737.82105 1153.43678
v -14036.71068 13617.82105 1121.29740
v -14048.40846 13617.82105 1089.15802
v -14078.02828 13617.82105 1072.05701
v -14111.71068 13617.82105 1077.99613
v -14133.69532 13617.82105 1104.19639
v -14133.69532 13617.82105 1138.39841
v -14111.71068 13617.82105 1164.59867
v -14078.02828 13617.82105 1170.53779
v -14048.40846 13617.82105 1153.43678
v -14036.71068 15737.82105 1121.29740
v -14048.40846 15737.82105 1089.15802
v -14078.02828 15737.82105 1072.05701
v -14111.71068 15737.82105 1077.99613
v -14133.69532 15737.82105 1104.19639
v -14133.69532 15737.82105 1138.39841
v -14111.71068 15737.82105 1164.59867
v -14078.02828 15737.82105 1170.53779
v -14048.40846 15737.82105 1153.43678
v -13695.54605 13617.82105 1121.29740
v -13707.24383 13617.82105 1089.15802
v -13736.86365 13617.82105 1072.05701
v -13770.54605 13617.82105 1077.99613
v -13792.53069 13617.82105 1104.19639
v -13792.53069 13617.82105 1138.39841
v -13770.54605 13617.82105 1164.59867
v -13736.86365 13617.82105 1170.53779
v -13707.24383 13617.82105 1153.43678
v -13695.54605 15737.82105 1121.29740
v -13707.24383 15737.82105 1089.15802
v -13736.86365 15737.82105 1072.05701
v -13770.54605 15737.82105 1077.99613
v -13792.53069 15737.82105 1104.19639
v -13792.53069 15737.82105 1138.39841
v -13770.54605 15737.82105 1164.59867
v -13736.86365 15737.82105 1170.53779
v -13707.24383 15737.82105 1153.43678
v -9262.29593 13617.82105 847.62568
v -9273.99371 13617.82105 815.48630
v -9303.61352 13617.82105 798.38529
v -9337.29593 13617.82105 804.32441
v -9359.28056 13617.82105 830.52467
v -9359.28056 13617.82105 864.72669
v -9337.29593 13617.82105 890.92695
v -9303.61352 13617.82105 896.86607
v -9273.99371 13617.82105 879.76506
v -9262.29593 15737.82105 847.62568
v -9273.99371 15737.82105 815.48630
v -9303.61352 15737.82105 798.38529
v -9337.29593 15737.82105 804.32441
v -9359.28056 15737.82105 830.52467
v -9359.28056 15737.82105 864.72669
v -9337.29593 15737.82105 890.92695
v -9303.61352 15737.82105 896.86607
v -9273.99371 15737.82105 879.76506
v -8950.03482 13617.82105 847.62568
v -8961.73260 13617.82105 815.48630
v -8991.35241 13617.82105 798.38529
v -9025.03482 13617.82105 804.32441
v -9047.01945 13617.82105 830.52467
v -9047.01945 13617.82105 864.72669
v -9025.03482 13617.82105 890.92695
v -8991.35241 13617.82105 896.86607
v -8961.73260 13617.82105 879.76506
v -8950.03482 15737.82105 847.62568
v -8961.73260 15737.82105 815.48630
v -8991.35241 15737.82105 798.38529
v -9025.03482 15737.82105 804.32441
v -9047.01945 15737.82105 830.52467
v -9047.01945 15737.82105 864.72669
v -9025.03482 15737.82105 890.92695
v -8991.35241 15737.82105 896.86607
v -8961.73260 15737.82105 879.76506
v -8637.77372 13617.82105 847.62568
v -8649.47149 13617.82105 815.48630
v -8679.09131 13617.82105 798.38529
v -8712.77372 13617.82105 804.32441
v -8734.75835 13617.82105 830.52467
v -8734.75835 13617.82105 864.72669
v -8712.77372 13617.82105 890.92695
v -8679.09131 13617.82105 896.86607
v -8649.47149 13617.82105 879.76506
v -8637.77372 15737.82105 847.62568
v -8649.47149 15737.82105 815.48630
v -8679.09131 15737.82105 798.38529
v -8712.77372 15737.82105 804.32441
v -8734.75835 15737.82105 830.52467
v -8734.75835 15737.82105 864.72669
v -8712.77372 15737.82105 890.92695
v -8679.09131 15737.82105 896.86607
v -8649.47149 15737.82105 879.76506
v -8325.51261 13617.82105 847.62568
v -8337.21039 13617.82105 815.48630
v -8366.83020 13617.82105 798.38529
v -8400.51261 13617.82105 804.32441
v -8422.49724 13617.82105 830.52467
v -8422.49724 13617.82105 864.72669
v -8400.51261 13617.82105 890.92695
v -8366.83020 13617.82105 896.86607
v -8337.21039 13617.82105 879.76506
v -8325.51261 15737.82105 847.62568
v -8337.21039 15737.82105 815.48630
v -8366.83020 15737.82105 798.38529
v -8400.51261 15737.82105 804.32441
v -8422.49724 15737.82105 830.52467
v -8422.49724 15737.82105 864.72669
v -8400.51261 15737.82105 890.92695
v -8366.83020 15737.82105 896.86607
v -8337.21039 15737.82105 879.76506
v -8013.25150 13617.82105 847.62568
v -8024.94928 13617.82105 815.48630
v -8054.56910 13617.82105 798.38529
v -8088.25150 13617.82105 804.32441
v -8110.23614 13617.82105 830.52467
v -8110.23614 13617.82105 864.72669
v -8088.25150 13617.82105 890.92695
v -8054.56910 13617.82105 896.86607
v -8024.94928 13617.82105 879.76506
v -8013.25150 15737.82105 847.62568
v -8024.94928 15737.82105 815.48630
v -8054.56910 15737.82105 798.38529
v -8088.25150 15737.82105 804.32441
v -8110.23614 15737.82105 830.52467
v -8110.23614 15737.82105 864.72669
v -8088.25150 15737.82105 890.92695
v -8054.56910 15737.82105 896.86607
v -8024.94928 15737.82105 879.76506
v -3944.89021 13617.82105 920.00900
v -3956.58799 13617.82105 887.86962
v -3986.20780 13617.82105 870.76861
v -4019.89021 13617.82105 876.70773
v -4041.87484 13617.82105 902.90799
v -4041.87484 13617.82105 937.11001
v -4019.89021 13617.82105 963.31027
v -3986.20780 13617.82105 969.24939
v -3956.58799 13617.82105 952.14838
v -3944.89021 15737.82105 920.00900
v -3956.58799 15737.82105 887.86962
v -3986.20780 15737.82105 870.76861
v -4019.89021 15737.82105 876.70773
v -4041.87484 15737.82105 902.90799
v -4041.87484 15737.82105 937.11001
v -4019.89021 15737.82105 963.31027
v -3986.20780 15737.82105 969.24939
v -3956.58799 15737.82105 952.14838
v -3567.47821 13617.82105 920.00900
v -3579.17599 13617.82105 887.86962
v -3608.79580 13617.82105 870.76861
v -3642.47821 13617.82105 876.70773
v -3664.46284 13617.82105 902.90799
v -3664.46284 13617.82105 937.11001
v -3642.47821 13617.82105 963.31027
v -3608.79580 13617.82105 969.24939
v -3579.17599 13617.82105 952.14838
v -3567.47821 15737.82105 920.00900
v -3579.17599 15737.82105 887.86962
v -3608.79580 15737.82105 870.76861
v -3642.47821 15737.82105 876.70773
v -3664.46284 15737.82105 902.90799
v -3664.46284 15737.82105 937.11001
v -3642.47821 15737.82105 963.31027
v -3608.79580 15737.82105 969.24939
v -3579.17599 15737.82105 952.14838
v -3190.06621 13617.82105 920.00900
v -3201.76399 13617.82105 887.86962
v -3231.38381 13617.82105 870.76861
v -3265.06621 13617.82105 876.70773
v -3287.05085 13617.82105 902.90799
v -3287.05085 13617.82105 937.11001
v -3265.06621 13617.82105 963.31027
v -3231.38381 13617.82105 969.24939
v -3201.76399 13617.82105 952.14838
v -3190.06621 15737.82105 920.00900
v -3201.76399 15737.82105 887.86962
v -3231.38381 15737.82105 870.76861
v -3265.06621 15737.82105 876.70773
v -3287.05085 15737.82105 902.90799
v -3287.05085 15737.82105 937.11001
v -3265.06621 15737.82105 963.31027
v -3231.38381 15737.82105 969.24939
v -3201.76399 15737.82105 952.14838
v -2812.65422 13617.82105 920.00900
v -2824.35200 13617.82105 887.86962
v -2853.97181 13617.82105 870.76861
v -2887.65422 13617.82105 876.70773
v -2909.63885 13617.82105 902.90799
v -2909.63885 13617.82105 937.11001
v -2887.65422 13617.82105 963.31027
v -2853.97181 13617.82105 969.24939
v -2824.35200 13617.82105 952.14838
v -2812.65422 15737.82105 920.00900
v -2824.35200 15737.82105 887.86962
v -2853.97181 15737.82105 870.76861
v -2887.65422 15737.82105 876.70773
v -2909.63885 15737.82105 902.90799
v -2909.63885 15737.82105 937.11001
v -2887.65422 15737.82105 963.31027
v -2853.97181 15737.82105 969.24939
v -2824.35200 15737.82105 952.14838
v -2435.24222 13617.82105 920.00900
v -2446.94000 13617.82105 887.86962
v -2476.55981 13617.82105 870.76861
v -2510.24222 13617.82105 876.70773
v -2532.22685 13617.82105 902.90799
v -2532.22685 13617.82105 937.11001
v -2510.24222 13617.82105 963.31027
v -2476.55981 13617.82105 969.24939
v -2446.94000 13617.82105 952.14838
v -2435.24222 15737.82105 920.00900
v -2446.94000 15737.82105 887.86962
v -2476.55981 15737.82105 870.76861
v -2510.24222 15737.82105 876.70773
v -2532.22685 15737.82105 902.90799
v -2532.22685 15737.82105 937.11001
v -2510.24222 15737.82105 963.31027
v -2476.55981 15737.82105 969.24939
v -2446.94000 15737.82105 952.14838
v -2830.94822 13387.82105 -300.00000
v -2823.04010 13368.91419 -297.34844
v -2803.94822 13361.08271 -296.25013
v -2784.85634 13368.91419 -297.34844
v -2776.94822 13387.82105 -300.00000
v -2784.85634 13406.72791 -302.65156
v -2803.94822 13414.55938 -303.74987
v -2823.04010 13406.72791 -302.65156
v -2830.94822 13617.82105 1340.00900
v -2823.04010 13598.91419 1342.66056
v -2803.94822 13591.08271 1343.75887
v -2784.85634 13598.91419 1342.66056
v -2776.94822 13617.82105 1340.00900
v -2784.85634 13636.72791 1337.35744
v -2803.94822 13644.55938 1336.25913
v -2823.04010 13636.72791 1337.35744
v -2570.94822 13387.82105 -300.00000
v -2563.04010 13368.91419 -297.34844
v -2543.94822 13361.08271 -296.25013
v -2524.85634 13368.91419 -297.34844
v -2516.94822 13387.82105 -300.00000
v -2524.85634 13406.72791 -302.65156
v -2543.94822 13414.55938 -303.74987
v -2563.04010 13406.72791 -302.65156
v -2570.94822 13617.82105 1340.00900
v -2563.04010 13598.91419 1342.66056
v -2543.94822 13591.08271 1343.75887
v -2524.85634 13598.91419 1342.66056
v -2516.94822 13617.82105 1340.00900
v -2524.85634 13636.72791 1337.35744
v -2543.94822 13644.55938 1336.25913
v -2563.04010 13636.72791 1337.35744
v -2823.94822 13389.83935 -142.99910
v -2823.94822 13397.36955 -158.63573
v -2823.94822 13414.28977 -162.49766
v -2823.94822 13427.85872 -151.67677
v -2823.94822 13427.85872 -134.32143
v -2823.94822 13414.28977 -123.50054
v -2823.94822 13397.36955 -127.36247
v -2523.94822 13389.83935 -142.99910
v -2523.94822 13397.36955 -158.63573
v -2523.94822 13414.28977 -162.49766
v -2523.94822 13427.85872 -151.67677
v -2523.94822 13427.85872 -134.32143
v -2523.94822 13414.28977 -123.50054
v -2523.94822 13397.36955 -127.36247
v -2823.94822 13411.85764 14.00180
v -2823.94822 13419.38785 -1.63483
v -2823.94822 13436.30806 -5.49676
v -2823.94822 13449.87702 5.32413
v -2823.94822 13449.87702 22.67947
v -2823.94822 13436.30806 33.50036
v -2823.94822 13419.38785 29.63843
v -2523.94822 13411.85764 14.00180
v -2523.94822 13419.38785 -1.63483
v -2523.94822 13436.30806 -5.49676
v -2523.94822 13449.87702 5.32413
v -2523.94822 13449.87702 22.67947
v -2523.94822 13436.30806 33.50036
v -2523.94822 13419.38785 29.63843
v -2823.94822 13433.87594 171.00270
v -2823.94822 13441.40615 155.36607
v -2823.94822 13458.32636 151.50414
v -2823.94822 13471.89532 162.32503
v -2823.94822 13471.89532 179.68037
v -2823.94822 13458.32636 190.50126
v -2823.94822 13441.40615 186.63933
v -2523.94822 13433.87594 171.00270
v -2523.94822 13441.40615 155.36607
v -2523.94822 13458.32636 151.50414
v -2523.94822 13471.89532 162.32503
v -2523.94822 13471.89532 179.68037
v -2523.94822 13458.32636 190.50126
v -2523.94822 13441.40615 186.63933
v -2823.94822 13455.89424 328.00360
v -2823.94822 13463.42444 312.36697
v -2823.94822 13480.34466 308.50504
v -2823.94822 13493.91362 319.32593
v -2823.94822 13493.91362 336.68127
v -2823.94822 13480.34466 347.50216
v -2823.94822 13463.42444 343.64023
v -2523.94822 13455.89424 328.00360
v -2523.94822 13463.42444 312.36697
v -2523.94822 13480.34466 308.50504
v -2523.94822 13493.91362 319.32593
v -2523.94822 13493.91362 336.68127
v -2523.94822 13480.34466 347.50216
v -2523.94822 13463.42444 343.64023
v -2823.94822 13477.91254 485.00450
v -2823.94822 13485.44274 469.36787
v -2823.94822 13502.36296 465.50594
v -2823.94822 13515.93192 476.32683
v -2823.94822 13515.93192 493.68217
v -2823.94822 13502.36296 504.50306
v -2823.94822 13485.44274 500.64113
v -2523.94822 13477.91254 485.00450
v -2523.94822 13485.44274 469.36787
v -2523.94822 13502.36296 465.50594
v -2523.94822 13515.93192 476.32683
v -2523.94822 13515.93192 493.68217
v -2523.94822 13502.36296 504.50306
v -2523.94822 13485.44274 500.64113
v -2823.94822 13499.93084 642.00540
v -2823.94822 13507.46104 626.36877
v -2823.94822 13524.38126 622.50684
v -2823.94822 13537.95021 633.32773
v -2823.94822 13537.95021 650.68307
v -2823.94822 13524.38126 661.50396
v -2823.94822 13507.46104 657.64203
v -2523.94822 13499.93084 642.00540
v -2523.94822 13507.46104 626.36877
v -2523.94822 13524.38126 622.50684
v -2523.94822 13537.95021 633.32773
v -2523.94822 13537.95021 650.68307
v -2523.94822 13524.38126 661.50396
v -2523.94822 13507.46104 657.64203
v -2823.94822 13521.94914 799.00630
v -2823.94822 13529.47934 783.36967
v -2823.94822 13546.39955 779.50774
v -2823.94822 13559.96851 790.32863
v -2823.94822 13559.96851 807.68397
v -2823.94822 13546.39955 818.50486
v -2823.94822 13529.47934 814.64293
v -2523.94822 13521.94914 799.00630
v -2523.94822 13529.47934 783.36967
v -2523.94822 13546.39955 779.50774
v -2523.94822 13559.96851 790.32863
v -2523.94822 13559.96851 807.68397
v -2523.94822 13546.39955 818.50486
v -2523.94822 13529.47934 814.64293
v -2823.94822 13543.96743 956.00720
v -2823.94822 13551.49764 940.37057
v -2823.94822 13568.41785 936.50864
v -2823.94822 13581.98681 947.32953
v -2823.94822 13581.98681 964.68487
v -2823.94822 13568.41785 975.50576
v -2823.94822 13551.49764 971.64383
v -2523.94822 13543.96743 956.00720
v -2523.94822 13551.49764 940.37057
v -2523.94822 13568.41785 936.50864
v -2523.94822 13581.98681 947.32953
v -2523.94822 13581.98681 964.68487
v -2523.94822 13568.41785 975.50576
v -2523.94822 13551.49764 971.64383
v -2823.94822 13565.98573 1113.00810
v -2823.94822 13573.51594 1097.37147
v -2823.94822 13590.43615 1093.50954
v -2823.94822 13604.00511 1104.33043
v -2823.94822 13604.00511 1121.68577
v -2823.94822 13590.43615 1132.50666
v -2823.94822 13573.51594 1128.64473
v -2523.94822 13565.98573 1113.00810
v -2523.94822 13573.51594 1097.37147
v -2523.94822 13590.43615 1093.50954
v -2523.94822 13604.00511 1104.33043
v -2523.94822 13604.00511 1121.68577
v -2523.94822 13590.43615 1132.50666
v -2523.94822 13573.51594 1128.64473
v 1746.39605 13617.82105 1221.12233
v 1734.69827 13617.82105 1188.98295
v 1705.07846 13617.82105 1171.88195
v 1671.39605 13617.82105 1177.82106
v 1649.41142 13617.82105 1204.02133
v 1649.41142 13617.82105 1238.22334
v 1671.39605 13617.82105 1264.42360
v 1705.07846 13617.82105 1270.36272
v 1734.69827 13617.82105 1253.26171
v 1746.39605 15737.82105 1221.12233
v 1734.69827 15737.82105 1188.98295
v 1705.07846 15737.82105 1171.88195
v 1671.39605 15737.82105 1177.82106
v 1649.41142 15737.82105 1204.02133
v 1649.41142 15737.82105 1238.22334
v 1671.39605 15737.82105 1264.42360
v 1705.07846 15737.82105 1270.36272
v 1734.69827 15737.82105 1253.26171
v 2104.18410 13617.82105 1221.12233
v 2092.48632 13617.82105 1188.98295
v 2062.86651 13617.82105 1171.88195
v 2029.18410 13617.82105 1177.82106
v 2007.19947 13617.82105 1204.02133
v 2007.19947 13617.82105 1238.22334
v 2029.18410 13617.82105 1264.42360
v 2062.86651 13617.82105 1270.36272
v 2092.48632 13617.82105 1253.26171
v 2104.18410 15737.82105 1221.12233
v 2092.48632 15737.82105 1188.98295
v 2062.86651 15737.82105 1171.88195
v 2029.18410 15737.82105 1177.82106
v 2007.19947 15737.82105 1204.02133
v 2007.19947 15737.82105 1238.22334
v 2029.18410 15737.82105 1264.42360
v 2062.86651 15737.82105 1270.36272
v 2092.48632 15737.82105 1253.26171
v 2461.97216 13617.82105 1221.12233
v 2450.27438 13617.82105 1188.98295
v 2420.65457 13617.82105 1171.88195
v 2386.97216 13617.82105 1177.82106
v 2364.98753 13617.82105 1204.02133
v 2364.98753 13617.82105 1238.22334
v 2386.97216 13617.82105 1264.42360
v 2420.65457 13617.82105 1270.36272
v 2450.27438 13617.82105 1253.26171
v 2461.97216 15737.82105 1221.12233
v 2450.27438 15737.82105 1188.98295
v 2420.65457 15737.82105 1171.88195
v 2386.97216 15737.82105 1177.82106
v 2364.98753 15737.82105 1204.02133
v 2364.98753 15737.82105 1238.22334
v 2386.97216 15737.82105 1264.42360
v 2420.65457 15737.82105 1270.36272
v 2450.27438 15737.82105 1253.26171
v 2819.76021 13617.82105 1221.12233
v 2808.06243 13617.82105 1188.98295
v 2778.44262 13617.82105 1171.88195
v 2744.76021 13617.82105 1177.82106
v 2722.77558 13617.82105 1204.02133
v 2722.77558 13617.82105 1238.22334
v 2744.76021 13617.82105 1264.42360
v 2778.44262 13617.82105 1270.36272
v 2808.06243 13617.82105 1253.26171
v 2819.76021 15737.82105 1221.12233
v 2808.06243 15737.82105 1188.98295
v 2778.44262 15737.82105 1171.88195
v 2744.76021 15737.82105 1177.82106
v 2722.77558 15737.82105 1204.02133
v 2722.77558 15737.82105 1238.22334
v 2744.76021 15737.82105 1264.42360
v 2778.44262 15737.82105 1270.36272
v 2808.06243 15737.82105 1253.26171
v 3177.54826 13617.82105 1221.12233
v 3165.85049 13617.82105 1188.98295
v 3136.23067 13617.82105 1171.88195
v 3102.54826 13617.82105 1177.82106
v 3080.56363 13617.82105 1204.02133
v 3080.56363 13617.82105 1238.22334
v 3102.54826 13617.82105 1264.42360
v 3136.23067 13617.82105 1270.36272
v 3165.85049 13617.82105 1253.26171
v 3177.54826 15737.82105 1221.12233
v 3165.85049 15737.82105 1188.98295
v 3136.23067 15737.82105 1171.88195
v 3102.54826 15737.82105 1177.82106
v 3080.56363 15737.82105 1204.02133
v 3080.56363 15737.82105 1238.22334
v 3102.54826 15737.82105 1264.42360
v 3136.23067 15737.82105 1270.36272
v 3165.85049 15737.82105 1253.26171
v 7089.24072 13617.82105 1063.12532
v 7077.54294 13617.82105 1030.98594
v 7047.92313 13617.82105 1013.88493
v 7014.24072 13617.82105 1019.82405
v 6992.25609 13617.82105 1046.02431
v 6992.25609 13617.82105 1080.22633
v 7014.24072 13617.82105 1106.42659
v 7047.92313 13617.82105 1112.36571
v 7077.54294 13617.82105 1095.26470
v 7089.24072 15737.82105 1063.12532
v 7077.54294 15737.82105 1030.98594
v 7047.92313 15737.82105 1013.88493
v 7014.24072 15737.82105 1019.82405
v 6992.25609 15737.82105 1046.02431
v 6992.25609 15737.82105 1080.22633
v 7014.24072 15737.82105 1106.42659
v 7047.92313 15737.82105 1112.36571
v 7077.54294 15737.82105 1095.26470
v 7454.54104 13617.82105 1063.12532
v 7442.84326 13617.82105 1030.98594
v 7413.22345 13617.82105 1013.88493
v 7379.54104 13617.82105 1019.82405
v 7357.55641 13617.82105 1046.02431
v 7357.55641 13617.82105 1080.22633
v 7379.54104 13617.82105 1106.42659
v 7413.22345 13617.82105 1112.36571
v 7442.84326 13617.82105 1095.26470
v 7454.54104 15737.82105 1063.12532
v 7442.84326 15737.82105 1030.98594
v 7413.22345 15737.82105 1013.88493
v 7379.54104 15737.82105 1019.82405
v 7357.55641 15737.82105 1046.02431
v 7357.55641 15737.82105 1080.22633
v 7379.54104 15737.82105 1106.42659
v 7413.22345 15737.82105 1112.36571
v 7442.84326 15737.82105 1095.26470
v 7819.84135 13617.82105 1063.12532
v 7808.14358 13617.82105 1030.98594
v 7778.52376 13617.82105 1013.88493
v 7744.84135 13617.82105 1019.82405
v 7722.85672 13617.82105 1046.02431
v 7722.85672 13617.82105 1080.22633
v 7744.84135 13617.82105 1106.42659
v 7778.52376 13617.82105 1112.36571
v 7808.14358 13617.82105 1095.26470
v 7819.84135 15737.82105 1063.12532
v 7808.14358 15737.82105 1030.98594
v 7778.52376 15737.82105 1013.88493
v 7744.84135 15737.82105 1019.82405
v 7722.85672 15737.82105 1046.02431
v 7722.85672 15737.82105 1080.22633
v 7744.84135 15737.82105 1106.42659
v 7778.52376 15737.82105 1112.36571
v 7808.14358 15737.82105 1095.26470
v 8185.14167 13617.82105 1063.12532
v 8173.44389 13617.82105 1030.98594
v 8143.82408 13617.82105 1013.88493
v 8110.14167 13617.82105 1019.82405
v 8088.15704 13617.82105 1046.02431
v 8088.15704 13617.82105 1080.22633
v 8110.14167 13617.82105 1106.42659
v 8143.82408 13617.82105 1112.36571
v 8173.44389 13617.82105 1095.26470
v 8185.14167 15737.82105 1063.12532
v 8173.44389 15737.82105 1030.98594
v 8143.82408 15737.82105 1013.88493
v 8110.14167 15737.82105 1019.82405
v 8088.15704 15737.82105 1046.02431
v 8088.15704 15737.82105 1080.22633
v 8110.14167 15737.82105 1106.42659
v 8143.82408 15737.82105 1112.36571
v 8173.44389 15737.82105 1095.26470
v 8550.44198 13617.82105 1063.12532
v 8538.74421 13617.82105 1030.98594
v 8509.12439 13617.82105 1013.88493
v 8475.44198 13617.82105 1019.82405
v 8453.45735 13617.82105 1046.02431
v 8453.45735 13617.82105 1080.22633
v 8475.44198 13617.82105 1106.42659
v 8509.12439 13617.82105 1112.36571
v 8538.74421 13617.82105 1095.26470
v 8550.44198 15737.82105 1063.12532
v 8538.74421 15737.82105 1030.98594
v 8509.12439 15737.82105 1013.88493
v 8475.44198 15737.82105 1019.82405
v 8453.45735 15737.82105 1046.02431
v 8453.45735 15737.82105 1080.22633
v 8475.44198 15737.82105 1106.42659
v 8509.12439 15737.82105 1112.36571
v 8538.74421 15737.82105 1095.26470
v 12655.81353 13617.82105 1079.97579
v 12644.11575 13617.82105 1047.83641
v 12614.49594 13617.82105 1030.73541
v 12580.81353 13617.82105 1036.67452
v 12558.82890 13617.82105 1062.87479
v 12558.82890 13617.82105 1097.07680
v 12580.81353 13617.82105 1123.27706
v 12614.49594 13617.82105 1129.21618
v 12644.11575 13617.82105 1112.11517
v 12655.81353 15737.82105 1079.97579
v 12644.11575 15737.82105 1047.83641
v 12614.49594 15737.82105 1030.73541
v 12580.81353 15737.82105 1036.67452
v 12558.82890 15737.82105 1062.87479
v 12558.82890 15737.82105 1097.07680
v 12580.81353 15737.82105 1123.27706
v 12614.49594 15737.82105 1129.21618
v 12644.11575 15737.82105 1112.11517
v 13002.91745 13617.82105 1079.97579
v 12991.21967 13617.82105 1047.83641
v 12961.59986 13617.82105 1030.73541
v 12927.91745 13617.82105 1036.67452
v 12905.93282 13617.82105 1062.87479
v 12905.93282 13617.82105 1097.07680
v 12927.91745 13617.82105 1123.27706
v 12961.59986 13617.82105 1129.21618
v 12991.21967 13617.82105 1112.11517
v 13002.91745 15737.82105 1079.97579
v 12991.21967 15737.82105 1047.83641
v 12961.59986 15737.82105 1030.73541
v 12927.91745 15737.82105 1036.67452
v 12905.93282 15737.82105 1062.87479
v 12905.93282 15737.82105 1097.07680
v 12927.91745 15737.82105 1123.27706
v 12961.59986 15737.82105 1129.21618
v 12991.21967 15737.82105 1112.11517
v 13350.02137 13617.82105 1079.97579
v 13338.32359 13617.82105 1047.83641
v 13308.70378 13617.82105 1030.73541
v 13275.02137 13617.82105 1036.67452
v 13253.03674 13617.82105 1062.87479
v 13253.03674 13617.82105 1097.07680
v 13275.02137 13617.82105 1123.27706
v 13308.70378 13617.82105 1129.21618
v 13338.32359 13617.82105 1112.11517
v 13350.02137 15737.82105 1079.97579
v 13338.32359 15737.82105 1047.83641
v 13308.70378 15737.82105 1030.73541
v 13275.02137 15737.82105 1036.67452
v 13253.03674 15737.82105 1062.87479
v 13253.03674 15737.82105 1097.07680
v 13275.02137 15737.82105 1123.27706
v 13308.70378 15737.82105 1129.21618
v 13338.32359 15737.82105 1112.11517
v 13697.12529 13617.82105 1079.97579
v 13685.42751 13617.82105 1047.83641
v 13655.80769 13617.82105 1030.73541
v 13622.12529 13617.82105 1036.67452
v 13600.14065 13617.82105 1062.87479
v 13600.14065 13617.82105 1097.07680
v 13622.12529 13617.82105 1123.27706
v 13655.80769 13617.82105 1129.21618
v 13685.42751 13617.82105 1112.11517
v 13697.12529 15737.82105 1079.97579
v 13685.42751 15737.82105 1047.83641
v 13655.80769 15737.82105 1030.73541
v 13622.12529 15737.82105 1036.67452
v 13600.14065 15737.82105 1062.87479
v 13600.14065 15737.82105 1097.07680
v 13622.12529 15737.82105 1123.27706
v 13655.80769 15737.82105 1129.21618
v 13685.42751 15737.82105 1112.11517
v 14044.22921 13617.82105 1079.97579
v 14032.53143 13617.82105 1047.83641
v 14002.91161 13617.82105 1030.73541
v 13969.22921 13617.82105 1036.67452
v 13947.24457 13617.82105 1062.87479
v 13947.24457 13617.82105 1097.07680
v 13969.22921 13617.82105 1123.27706
v 14002.91161 13617.82105 1129.21618
v 14032.53143 13617.82105 1112.11517
v 14044.22921 15737.82105 1079.97579
v 14032.53143 15737.82105 1047.83641
v 14002.91161 15737.82105 1030.73541
v 13969.22921 15737.82105 1036.67452
v 13947.24457 15737.82105 1062.87479
v 13947.24457 15737.82105 1097.07680
v 13969.22921 15737.82105 1123.27706
v 14002.91161 15737.82105 1129.21618
v 14032.53143 15737.82105 1112.11517
v 13663.67725 13387.82105 -300.00000
v 13671.58536 13368.88314 -297.58012
v 13690.67725 13361.03881 -296.57778
v 13709.76913 13368.88314 -297.58012
v 13717.67725 13387.82105 -300.00000
v 13709.76913 13406.75895 -302.41988
v 13690.67725 13414.60329 -303.42222
v 13671.58536 13406.75895 -302.41988
v 13663.67725 13617.82105 1499.97579
v 13671.58536 13598.88314 1502.39567
v 13690.67725 13591.03881 1503.39802
v 13709.76913 13598.88314 1502.39567
v 13717.67725 13617.82105 1499.97579
v 13709.76913 13636.75895 1497.55592
v 13690.67725 13644.60329 1496.55357
v 13671.58536 13636.75895 1497.55592
v 13923.67725 13387.82105 -300.00000
v 13931.58536 13368.88314 -297.58012
v 13950.67725 13361.03881 -296.57778
v 13969.76913 13368.88314 -297.58012
v 13977.67725 13387.82105 -300.00000
v 13969.76913 13406.75895 -302.41988
v 13950.67725 13414.60329 -303.42222
v 13931.58536 13406.75895 -302.41988
v 13923.67725 13617.82105 1499.97579
v 13931.58536 13598.88314 1502.39567
v 13950.67725 13591.03881 1503.39802
v 13969.76913 13598.88314 1502.39567
v 13977.67725 13617.82105 1499.97579
v 13969.76913 13636.75895 1497.55592
v 13950.67725 13644.60329 1496.55357
v 13931.58536 13636.75895 1497.55592
v 13670.67725 13389.92659 -127.00242
v 13670.67725 13397.45680 -142.63905
v 13670.67725 13414.37701 -146.50098
v 13670.67725 13427.94597 -135.68010
v 13670.67725 13427.94597 -118.32475
v 13670.67725 13414.37701 -107.50386
v 13670.67725 13397.45680 -111.36579
v 13970.67725 13389.92659 -127.00242
v 13970.67725 13397.45680 -142.63905
v 13970.67725 13414.37701 -146.50098
v 13970.67725 13427.94597 -135.68010
v 13970.67725 13427.94597 -118.32475
v 13970.67725 13414.37701 -107.50386
v 13970.67725 13397.45680 -111.36579
v 13670.67725 13412.03214 45.99516
v 13670.67725 13419.56234 30.35853
v 13670.67725 13436.48255 26.49660
v 13670.67725 13450.05151 37.31748
v 13670.67725 13450.05151 54.67283
v 13670.67725 13436.48255 65.49372
v 13670.67725 13419.56234 61.63179
v 13970.67725 13412.03214 45.99516
v 13970.67725 13419.56234 30.35853
v 13970.67725 13436.48255 26.49660
v 13970.67725 13450.05151 37.31748
v 13970.67725 13450.05151 54.67283
v 13970.67725 13436.48255 65.49372
v 13970.67725 13419.56234 61.63179
v 13670.67725 13434.13768 218.99274
v 13670.67725 13441.66788 203.35611
v 13670.67725 13458.58810 199.49418
v 13670.67725 13472.15706 210.31506
v 13670.67725 13472.15706 227.67041
v 13670.67725 13458.58810 238.49130
v 13670.67725 13441.66788 234.62937
v 13970.67725 13434.13768 218.99274
v 13970.67725 13441.66788 203.35611
v 13970.67725 13458.58810 199.49418
v 13970.67725 13472.15706 210.31506
v 13970.67725 13472.15706 227.67041
v 13970.67725 13458.58810 238.49130
v 13970.67725 13441.66788 234.62937
v 13670.67725 13456.24322 391.99032
v 13670.67725 13463.77343 376.35369
v 13670.67725 13480.69364 372.49176
v 13670.67725 13494.26260 383.31264
v 13670.67725 13494.26260 400.66799
v 13670.67725 13480.69364 411.48888
v 13670.67725 13463.77343 407.62695
v 13970.67725 13456.24322 391.99032
v 13970.67725 13463.77343 376.35369
v 13970.67725 13480.69364 372.49176
v 13970.67725 13494.26260 383.31264
v 13970.67725 13494.26260 400.66799
v 13970.67725 13480.69364 411.48888
v 13970.67725 13463.77343 407.62695
v 13670.67725 13478.34877 564.98790
v 13670.67725 13485.87897 549.35127
v 13670.67725 13502.79918 545.48934
v 13670.67725 13516.36814 556.31022
v 13670.67725 13516.36814 573.66557
v 13670.67725 13502.79918 584.48646
v 13670.67725 13485.87897 580.62453
v 13970.67725 13478.34877 564.98790
v 13970.67725 13485.87897 549.35127
v 13970.67725 13502.79918 545.48934
v 13970.67725 13516.36814 556.31022
v 13970.67725 13516.36814 573.66557
v 13970.67725 13502.79918 584.48646
v 13970.67725 13485.87897 580.62453
v 13670.67725 13500.45431 737.98548
v 13670.67725 13507.98451 722.34885
v 13670.67725 13524.90473 718.48692
v 13670.67725 13538.47369 729.30780
v 13670.67725 13538.47369 746.66315
v 13670.67725 13524.90473 757.48403
v 13670.67725 13507.98451 753.62211
v 13970.67725 13500.45431 737.98548
v 13970.67725 13507.98451 722.34885
v 13970.67725 13524.90473 718.48692
v 13970.67725 13538.47369 729.30780
v 13970.67725 13538.47369 746.66315
v 13970.67725 13524.90473 757.48403
v 13970.67725 13507.98451 753.62211
v 13670.67725 13522.55985 910.98306
v 13670.67725 13530.09006 895.34643
v 13670.67725 13547.01027 891.48450
v 13670.67725 13560.57923 902.30538
v 13670.67725 13560.57923 919.66073
v 13670.67725 13547.01027 930.48161
v 13670.67725 13530.09006 926.61969
v 13970.67725 13522.55985 910.98306
v 13970.67725 13530.09006 895.34643
v 13970.67725 13547.01027 891.48450
v 13970.67725 13560.57923 902.30538
v 13970.67725 13560.57923 919.66073
v 13970.67725 13547.01027 930.48161
v 13970.67725 13530.09006 926.61969
v 13670.67725 13544.66540 1083.98064
v 13670.67725 13552.19560 1068.34401
v 13670.67725 13569.11582 1064.48208
v 13670.67725 13582.68477 1075.30296
v 13670.67725 13582.68477 1092.65831
v 13670.67725 13569.11582 1103.47919
v 13670.67725 13552.19560 1099.61727
v 13970.67725 13544.66540 1083.98064
v 13970.67725 13552.19560 1068.34401
v 13970.67725 13569.11582 1064.48208
v 13970.67725 13582.68477 1075.30296
v 13970.67725 13582.68477 1092.65831
v 13970.67725 13569.11582 1103.47919
v 13970.67725 13552.19560 1099.61727
v 13670.67725 13566.77094 1256.97822
v 13670.67725 13574.30114 1241.34159
v 13670.67725 13591.22136 1237.47966
v 13670.67725 13604.79032 1248.30054
v 13670.67725 13604.79032 1265.65589
v 13670.67725 13591.22136 1276.47677
v 13670.67725 13574.30114 1272.61484
v 13970.67725 13566.77094 1256.97822
v 13970.67725 13574.30114 1241.34159
v 13970.67725 13591.22136 1237.47966
v 13970.67725 13604.79032 1248.30054
v 13970.67725 13604.79032 1265.65589
v 13970.67725 13591.22136 1276.47677
v 13970.67725 13574.30114 1272.61484
v 18156.46307 13617.82105 919.18867
v 18144.76529 13617.82105 887.04929
v 18115.14548 13617.82105 869.94829
v 18081.46307 13617.82105 875.88740
v 18059.47844 13617.82105 902.08767
v 18059.47844 13617.82105 936.28968
v 18081.46307 13617.82105 962.48994
v 18115.14548 13617.82105 968.42906
v 18144.76529 13617.82105 951.32805
v 18156.46307 15737.82105 919.18867
v 18144.76529 15737.82105 887.04929
v 18115.14548 15737.82105 869.94829
v 18081.46307 15737.82105 875.88740
v 18059.47844 15737.82105 902.08767
v 18059.47844 15737.82105 936.28968
v 18081.46307 15737.82105 962.48994
v 18115.14548 15737.82105 968.42906
v 18144.76529 15737.82105 951.32805
v 18509.67717 13617.82105 919.18867
v 18497.97940 13617.82105 887.04929
v 18468.35958 13617.82105 869.94829
v 18434.67717 13617.82105 875.88740
v 18412.69254 13617.82105 902.08767
v 18412.69254 13617.82105 936.28968
v 18434.67717 13617.82105 962.48994
v 18468.35958 13617.82105 968.42906
v 18497.97940 13617.82105 951.32805
v 18509.67717 15737.82105 919.18867
v 18497.97940 15737.82105 887.04929
v 18468.35958 15737.82105 869.94829
v 18434.67717 15737.82105 875.88740
v 18412.69254 15737.82105 902.08767
v 18412.69254 15737.82105 936.28968
v 18434.67717 15737.82105 962.48994
v 18468.35958 15737.82105 968.42906
v 18497.97940 15737.82105 951.32805
v 18862.89128 13617.82105 919.18867
v 18851.19350 13617.82105 887.04929
v 18821.57369 13617.82105 869.94829
v 18787.89128 13617.82105 875.88740
v 18765.90665 13617.82105 902.08767
v 18765.90665 13617.82105 936.28968
v 18787.89128 13617.82105 962.48994
v 18821.57369 13617.82105 968.42906
v 18851.19350 13617.82105 951.32805
v 18862.89128 15737.82105 919.18867
v 18851.19350 15737.82105 887.04929
v 18821.57369 15737.82105 869.94829
v 18787.89128 15737.82105 875.88740
v 18765.90665 15737.82105 902.08767
v 18765.90665 15737.82105 936.28968
v 18787.89128 15737.82105 962.48994
v 18821.57369 15737.82105 968.42906
v 18851.19350 15737.82105 951.32805
v 19216.10539 13617.82105 919.18867
v 19204.40761 13617.82105 887.04929
v 19174.78780 13617.82105 869.94829
v 19141.10539 13617.82105 875.88740
v 19119.12076 13617.82105 902.08767
v 19119.12076 13617.82105 936.28968
v 19141.10539 13617.82105 962.48994
v 19174.78780 13617.82105 968.42906
v 19204.40761 13617.82105 951.32805
v 19216.10539 15737.82105 919.18867
v 19204.40761 15737.82105 887.04929
v 19174.78780 15737.82105 869.94829
v 19141.10539 15737.82105 875.88740
v 19119.12076 15737.82105 902.08767
v 19119.12076 15737.82105 936.28968
v 19141.10539 15737.82105 962.48994
v 19174.78780 15737.82105 968.42906
v 19204.40761 15737.82105 951.32805
v 19569.31949 13617.82105 919.18867
v 19557.62172 13617.82105 887.04929
v 19528.00190 13617.82105 869.94829
v 19494.31949 13617.82105 875.88740
v 19472.33486 13617.82105 902.08767
v 19472.33486 13617.82105 936.28968
v 19494.31949 13617.82105 962.48994
v 19528.00190 13617.82105 968.42906
v 19557.62172 13617.82105 951.32805
v 19569.31949 15737.82105 919.18867
v 19557.62172 15737.82105 887.04929
v 19528.00190 15737.82105 869.94829
v 19494.31949 15737.82105 875.88740
v 19472.33486 15737.82105 902.08767
v 19472.33486 15737.82105 936.28968
v 19494.31949 15737.82105 962.48994
v 19528.00190 15737.82105 968.42906
v 19557.62172 15737.82105 951.32805
v 23949.36134 13617.82105 1131.26033
v 23937.66356 13617.82105 1099.12095
v 23908.04375 13617.82105 1082.01994
v 23874.36134 13617.82105 1087.95906
v 23852.37671 13617.82105 1114.15932
v 23852.37671 13617.82105 1148.36133
v 23874.36134 13617.82105 1174.56160
v 23908.04375 13617.82105 1180.50071
v 23937.66356 13617.82105 1163.39971
v 23949.36134 15737.82105 1131.26033
v 23937.66356 15737.82105 1099.12095
v 23908.04375 15737.82105 1082.01994
v 23874.36134 15737.82105 1087.95906
v 23852.37671 15737.82105 1114.15932
v 23852.37671 15737.82105 1148.36133
v 23874.36134 15737.82105 1174.56160
v 23908.04375 15737.82105 1180.50071
v 23937.66356 15737.82105 1163.39971
v 24311.67540 13617.82105 1131.26033
v 24299.97762 13617.82105 1099.12095
v 24270.35781 13617.82105 1082.01994
v 24236.67540 13617.82105 1087.95906
v 24214.69077 13617.82105 1114.15932
v 24214.69077 13617.82105 1148.36133
v 24236.67540 13617.82105 1174.56160
v 24270.35781 13617.82105 1180.50071
v 24299.97762 13617.82105 1163.39971
v 24311.67540 15737.82105 1131.26033
v 24299.97762 15737.82105 1099.12095
v 24270.35781 15737.82105 1082.01994
v 24236.67540 15737.82105 1087.95906
v 24214.69077 15737.82105 1114.15932
v 24214.69077 15737.82105 1148.36133
v 24236.67540 15737.82105 1174.56160
v 24270.35781 15737.82105 1180.50071
v 24299.97762 15737.82105 1163.39971
v 24673.98946 13617.82105 1131.26033
v 24662.29168 13617.82105 1099.12095
v 24632.67187 13617.82105 1082.01994
v 24598.98946 13617.82105 1087.95906
v 24577.00483 13617.82105 1114.15932
v 24577.00483 13617.82105 1148.36133
v 24598.98946 13617.82105 1174.56160
v 24632.67187 13617.82105 1180.50071
v 24662.29168 13617.82105 1163.39971
v 24673.98946 15737.82105 1131.26033
v 24662.29168 15737.82105 1099.12095
v 24632.67187 15737.82105 1082.01994
v 24598.98946 15737.82105 1087.95906
v 24577.00483 15737.82105 1114.15932
v 24577.00483 15737.82105 1148.36133
v 24598.98946 15737.82105 1174.56160
v 24632.67187 15737.82105 1180.50071
v 24662.29168 15737.82105 1163.39971
v 25036.30352 13617.82105 1131.26033
v 25024.60575 13617.82105 1099.12095
v 24994.98593 13617.82105 1082.01994
v 24961.30352 13617.82105 1087.95906
v 24939.31889 13617.82105 1114.15932
v 24939.31889 13617.82105 1148.36133
v 24961.30352 13617.82105 1174.56160
v 24994.98593 13617.82105 1180.50071
v 25024.60575 13617.82105 1163.39971
v 25036.30352 15737.82105 1131.26033
v 25024.60575 15737.82105 1099.12095
v 24994.98593 15737.82105 1082.01994
v 24961.30352 15737.82105 1087.95906
v 24939.31889 15737.82105 1114.15932
v 24939.31889 15737.82105 1148.36133
v 24961.30352 15737.82105 1174.56160
v 24994.98593 15737.82105 1180.50071
v 25024.60575 15737.82105 1163.39971
v 25398.61759 13617.82105 1131.26033
v 25386.91981 13617.82105 1099.12095
v 25357.30000 13617.82105 1082.01994
v 25323.61759 13617.82105 1087.95906
v 25301.63296 13617.82105 1114.15932
v 25301.63296 13617.82105 1148.36133
v 25323.61759 13617.82105 1174.56160
v 25357.30000 13617.82105 1180.50071
v 25386.91981 13617.82105 1163.39971
v 25398.61759 15737.82105 1131.26033
v 25386.91981 15737.82105 1099.12095
v 25357.30000 15737.82105 1082.01994
v 25323.61759 15737.82105 1087.95906
v 25301.63296 15737.82105 1114.15932
v 25301.63296 15737.82105 1148.36133
v 25323.61759 15737.82105 1174.56160
v 25357.30000 15737.82105 1180.50071
v 25386.91981 15737.82105 1163.39971
v 29163.20849 13617.82105 1062.30664
v 29151.51072 13617.82105 1030.16726
v 29121.89090 13617.82105 1013.06625
v 29088.20849 13617.82105 1019.00537
v 29066.22386 13617.82105 1045.20563
v 29066.22386 13617.82105 1079.40765
v 29088.20849 13617.82105 1105.60791
v 29121.89090 13617.82105 1111.54703
v 29151.51072 13617.82105 1094.44602
v 29163.20849 15737.82105 1062.30664
v 29151.51072 15737.82105 1030.16726
v 29121.89090 15737.82105 1013.06625
v 29088.20849 15737.82105 1019.00537
v 29066.22386 15737.82105 1045.20563
v 29066.22386 15737.82105 1079.40765
v 29088.20849 15737.82105 1105.60791
v 29121.89090 15737.82105 1111.54703
v 29151.51072 15737.82105 1094.44602
v 29544.56865 13617.82105 1062.30664
v 29532.87087 13617.82105 1030.16726
v 29503.25106 13617.82105 1013.06625
v 29469.56865 13617.82105 1019.00537
v 29447.58402 13617.82105 1045.20563
v 29447.58402 13617.82105 1079.40765
v 29469.56865 13617.82105 1105.60791
v 29503.25106 13617.82105 1111.54703
v 29532.87087 13617.82105 1094.44602
v 29544.56865 15737.82105 1062.30664
v 29532.87087 15737.82105 1030.16726
v 29503.25106 15737.82105 1013.06625
v 29469.56865 15737.82105 1019.00537
v 29447.58402 15737.82105 1045.20563
v 29447.58402 15737.82105 1079.40765
v 29469.56865 15737.82105 1105.60791
v 29503.25106 15737.82105 1111.54703
v 29532.87087 15737.82105 1094.44602
v 29925.92881 13617.82105 1062.30664
v 29914.23103 13617.82105 1030.16726
v 29884.61122 13617.82105 1013.06625
v 29850.92881 13617.82105 1019.00537
v 29828.94418 13617.82105 1045.20563
v 29828.94418 13617.82105 1079.40765
v 29850.92881 13617.82105 1105.60791
v 29884.61122 13617.82105 1111.54703
v 29914.23103 13617.82105 1094.44602
v 29925.92881 15737.82105 1062.30664
v 29914.23103 15737.82105 1030.16726
v 29884.61122 15737.82105 1013.06625
v 29850.92881 15737.82105 1019.00537
v 29828.94418 15737.82105 1045.20563
v 29828.94418 15737.82105 1079.40765
v 29850.92881 15737.82105 1105.60791
v 29884.61122 15737.82105 1111.54703
v 29914.23103 15737.82105 1094.44602
v 30307.28896 13617.82105 1062.30664
v 30295.59119 13617.82105 1030.16726
v 30265.97137 13617.82105 1013.06625
v 30232.28896 13617.82105 1019.00537
v 30210.30433 13617.82105 1045.20563
v 30210.30433 13617.82105 1079.40765
v 30232.28896 13617.82105 1105.60791
v 30265.97137 13617.82105 1111.54703
v 30295.59119 13617.82105 1094.44602
v 30307.28896 15737.82105 1062.30664
v 30295.59119 15737.82105 1030.16726
v 30265.97137 15737.82105 1013.06625
v 30232.28896 15737.82105 1019.00537
v 30210.30433 15737.82105 1045.20563
v 30210.30433 15737.82105 1079.40765
v 30232.28896 15737.82105 1105.60791
v 30265.97137 15737.82105 1111.54703
v 30295.59119 15737.82105 1094.44602
v 30688.64912 13617.82105 1062.30664
v 30676.95134 13617.82105 1030.16726
v 30647.33153 13617.82105 1013.06625
v 30613.64912 13617.82105 1019.00537
v 30591.66449 13617.82105 1045.20563
v 30591.66449 13617.82105 1079.40765
v 30613.64912 13617.82105 1105.60791
v 30647.33153 13617.82105 1111.54703
v 30676.95134 13617.82105 1094.44602
v 30688.64912 15737.82105 1062.30664
v 30676.95134 15737.82105 1030.16726
v 30647.33153 15737.82105 1013.06625
v 30613.64912 15737.82105 1019.00537
v 30591.66449 15737.82105 1045.20563
v 30591.66449 15737.82105 1079.40765
v 30613.64912 15737.82105 1105.60791
v 30647.33153 15737.82105 1111.54703
v 30676.95134 15737.82105 1094.44602
v 30290.96904 13387.82105 -300.00000
v 30298.87716 13368.88618 -297.55653
v 30317.96904 13361.04309 -296.54441
v 30337.06092 13368.88618 -297.55653
v 30344.96904 13387.82105 -300.00000
v 30337.06092 13406.75592 -302.44347
v 30317.96904 13414.59900 -303.45559
v 30298.87716 13406.75592 -302.44347
v 30290.96904 13617.82105 1482.30664
v 30298.87716 13598.88618 1484.75011
v 30317.96904 13591.04309 1485.76223
v 30337.06092 13598.88618 1484.75011
v 30344.96904 13617.82105 1482.30664
v 30337.06092 13636.75592 1479.86317
v 30317.96904 13644.59900 1478.85105
v 30298.87716 13636.75592 1479.86317
v 30550.96904 13387.82105 -300.00000
v 30558.87716 13368.88618 -297.55653
v 30577.96904 13361.04309 -296.54441
v 30597.06092 13368.88618 -297.55653
v 30604.96904 13387.82105 -300.00000
v 30597.06092 13406.75592 -302.44347
v 30577.96904 13414.59900 -303.45559
v 30558.87716 13406.75592 -302.44347
v 30550.96904 13617.82105 1482.30664
v 30558.87716 13598.88618 1484.75011
v 30577.96904 13591.04309 1485.76223
v 30597.06092 13598.88618 1484.75011
v 30604.96904 13617.82105 1482.30664
v 30597.06092 13636.75592 1479.86317
v 30577.96904 13644.59900 1478.85105
v 30558.87716 13636.75592 1479.86317
v 30297.96904 13389.91772 -128.76934
v 30297.96904 13397.44793 -144.40597
v 30297.96904 13414.36814 -148.26789
v 30297.96904 13427.93710 -137.44701
v 30297.96904 13427.93710 -120.09166
v 30297.96904 13414.36814 -109.27078
v 30297.96904 13397.44793 -113.13271
v 30597.96904 13389.91772 -128.76934
v 30597.96904 13397.44793 -144.40597
v 30597.96904 13414.36814 -148.26789
v 30597.96904 13427.93710 -137.44701
v 30597.96904 13427.93710 -120.09166
v 30597.96904 13414.36814 -109.27078
v 30597.96904 13397.44793 -113.13271
v 30297.96904 13412.01440 42.46133
v 30297.96904 13419.54461 26.82470
v 30297.96904 13436.46482 22.96277
v 30297.96904 13450.03378 33.78365
v 30297.96904 13450.03378 51.13900
v 30297.96904 13436.46482 61.95989
v 30297.96904 13419.54461 58.09796
v 30597.96904 13412.01440 42.46133
v 30597.96904 13419.54461 26.82470
v 30597.96904 13436.46482 22.96277
v 30597.96904 13450.03378 33.78365
v 30597.96904 13450.03378 51.13900
v 30597.96904 13436.46482 61.95989
v 30597.96904 13419.54461 58.09796
v 30297.96904 13434.11108 213.69199
v 30297.96904 13441.64128 198.05536
v 30297.96904 13458.56150 194.19343
v 30297.96904 13472.13045 205.01432
v 30297.96904 13472.13045 222.36967
v 30297.96904 13458.56150 233.19055
v 30297.96904 13441.64128 229.32862
v 30597.96904 13434.11108 213.69199
v 30597.96904 13441.64128 198.05536
v 30597.96904 13458.56150 194.19343
v 30597.96904 13472.13045 205.01432
v 30597.96904 13472.13045 222.36967
v 30597.96904 13458.56150 233.19055
v 30597.96904 13441.64128 229.32862
v 30297.96904 13456.20775 384.92266
v 30297.96904 13463.73796 369.28603
v 30297.96904 13480.65817 365.42410
v 30297.96904 13494.22713 376.24498
v 30297.96904 13494.22713 393.60033
v 30297.96904 13480.65817 404.42121
v 30297.96904 13463.73796 400.55929
v 30597.96904 13456.20775 384.92266
v 30597.96904 13463.73796 369.28603
v 30597.96904 13480.65817 365.42410
v 30597.96904 13494.22713 376.24498
v 30597.96904 13494.22713 393.60033
v 30597.96904 13480.65817 404.42121
v 30597.96904 13463.73796 400.55929
v 30297.96904 13478.30443 556.15332
v 30297.96904 13485.83463 540.51669
v 30297.96904 13502.75485 536.65476
v 30297.96904 13516.32381 547.47565
v 30297.96904 13516.32381 564.83099
v 30297.96904 13502.75485 575.65188
v 30297.96904 13485.83463 571.78995
v 30597.96904 13478.30443 556.15332
v 30597.96904 13485.83463 540.51669
v 30597.96904 13502.75485 536.65476
v 30597.96904 13516.32381 547.47565
v 30597.96904 13516.32381 564.83099
v 30597.96904 13502.75485 575.65188
v 30597.96904 13485.83463 571.78995
v 30297.96904 13500.40111 727.38398
v 30297.96904 13507.93131 711.74735
v 30297.96904 13524.85152 707.88543
v 30297.96904 13538.42048 718.70631
v 30297.96904 13538.42048 736.06166
v 30297.96904 13524.85152 746.88254
v 30297.96904 13507.93131 743.02061
v 30597.96904 13500.40111 727.38398
v 30597.96904 13507.93131 711.74735
v 30597.96904 13524.85152 707.88543
v 30597.96904 13538.42048 718.70631
v 30597.96904 13538.42048 736.06166
v 30597.96904 13524.85152 746.88254
v 30597.96904 13507.93131 743.02061
v 30297.96904 13522.49778 898.61465
v 30297.96904 13530.02799 882.97802
v 30297.96904 13546.94820 879.11609
v 30297.96904 13560.51716 889.93697
v 30297.96904 13560.51716 907.29232
v 30297.96904 13546.94820 918.11321
v 30297.96904 13530.02799 914.25128
v 30597.96904 13522.49778 898.61465
v 30597.96904 13530.02799 882.97802
v 30597.96904 13546.94820 879.11609
v 30597.96904 13560.51716 889.93697
v 30597.96904 13560.51716 907.29232
v 30597.96904 13546.94820 918.11321
v 30597.96904 13530.02799 914.25128
v 30297.96904 13544.59446 1069.84531
v 30297.96904 13552.12466 1054.20868
v 30297.96904 13569.04488 1050.34675
v 30297.96904 13582.61384 1061.16764
v 30297.96904 13582.61384 1078.52299
v 30297.96904 13569.04488 1089.34387
v 30297.96904 13552.12466 1085.48194
v 30597.96904 13544.59446 1069.84531
v 30597.96904 13552.12466 1054.20868
v 30597.96904 13569.04488 1050.34675
v 30597.96904 13582.61384 1061.16764
v 30597.96904 13582.61384 1078.52299
v 30597.96904 13569.04488 1089.34387
v 30597.96904 13552.12466 1085.48194
v 30297.96904 13566.69113 1241.07598
v 30297.96904 13574.22134 1225.43935
v 30297.96904 13591.14155 1221.57742
v 30297.96904 13604.71051 1232.39830
v 30297.96904 13604.71051 1249.75365
v 30297.96904 13591.14155 1260.57453
v 30297.96904 13574.22134 1256.71261
v 30597.96904 13566.69113 1241.07598
v 30597.96904 13574.22134 1225.43935
v 30597.96904 13591.14155 1221.57742
v 30597.96904 13604.71051 1232.39830
v 30597.96904 13604.71051 1249.75365
v 30597.96904 13591.14155 1260.57453
v 30597.96904 13574.22134 1256.71261
v 34645.79119 13617.82105 1119.31013
v 34634.09341 13617.82105 1087.17075
v 34604.47360 13617.82105 1070.06974
v 34570.79119 13617.82105 1076.00886
v 34548.80656 13617.82105 1102.20912
v 34548.80656 13617.82105 1136.41114
v 34570.79119 13617.82105 1162.61140
v 34604.47360 13617.82105 1168.55052
v 34634.09341 13617.82105 1151.44951
v 34645.79119 15737.82105 1119.31013
v 34634.09341 15737.82105 1087.17075
v 34604.47360 15737.82105 1070.06974
v 34570.79119 15737.82105 1076.00886
v 34548.80656 15737.82105 1102.20912
v 34548.80656 15737.82105 1136.41114
v 34570.79119 15737.82105 1162.61140
v 34604.47360 15737.82105 1168.55052
v 34634.09341 15737.82105 1151.44951
v 34994.31393 13617.82105 1119.31013
v 34982.61615 13617.82105 1087.17075
v 34952.99633 13617.82105 1070.06974
v 34919.31393 13617.82105 1076.00886
v 34897.32929 13617.82105 1102.20912
v 34897.32929 13617.82105 1136.41114
v 34919.31393 13617.82105 1162.61140
v 34952.99633 13617.82105 1168.55052
v 34982.61615 13617.82105 1151.44951
v 34994.31393 15737.82105 1119.31013
v 34982.61615 15737.82105 1087.17075
v 34952.99633 15737.82105 1070.06974
v 34919.31393 15737.82105 1076.00886
v 34897.32929 15737.82105 1102.20912
v 34897.32929 15737.82105 1136.41114
v 34919.31393 15737.82105 1162.61140
v 34952.99633 15737.82105 1168.55052
v 34982.61615 15737.82105 1151.44951
v 35342.83666 13617.82105 1119.31013
v 35331.13889 13617.82105 1087.17075
v 35301.51907 13617.82105 1070.06974
v 35267.83666 13617.82105 1076.00886
v 35245.85203 13617.82105 1102.20912
v 35245.85203 13617.82105 1136.41114
v 35267.83666 13617.82105 1162.61140
v 35301.51907 13617.82105 1168.55052
v 35331.13889 13617.82105 1151.44951
v 35342.83666 15737.82105 1119.31013
v 35331.13889 15737.82105 1087.17075
v 35301.51907 15737.82105 1070.06974
v 35267.83666 15737.82105 1076.00886
v 35245.85203 15737.82105 1102.20912
v 35245.85203 15737.82105 1136.41114
v 35267.83666 15737.82105 1162.61140
v 35301.51907 15737.82105 1168.55052
v 35331.13889 15737.82105 1151.44951
v 35691.35940 13617.82105 1119.31013
v 35679.66162 13617.82105 1087.17075
v 35650.04181 13617.82105 1070.06974
v 35616.35940 13617.82105 1076.00886
v 35594.37477 13617.82105 1102.20912
v 35594.37477 13617.82105 1136.41114
v 35616.35940 13617.82105 1162.61140
v 35650.04181 13617.82105 1168.55052
v 35679.66162 13617.82105 1151.44951
v 35691.35940 15737.82105 1119.31013
v 35679.66162 15737.82105 1087.17075
v 35650.04181 15737.82105 1070.06974
v 35616.35940 15737.82105 1076.00886
v 35594.37477 15737.82105 1102.20912
v 35594.37477 15737.82105 1136.41114
v 35616.35940 15737.82105 1162.61140
v 35650.04181 15737.82105 1168.55052
v 35679.66162 15737.82105 1151.44951
v 36039.88214 13617.82105 1119.31013
v 36028.18436 13617.82105 1087.17075
v 35998.56455 13617.82105 1070.06974
v 35964.88214 13617.82105 1076.00886
v 35942.89751 13617.82105 1102.20912
v 35942.89751 13617.82105 1136.41114
v 35964.88214 13617.82105 1162.61140
v 35998.56455 13617.82105 1168.55052
v 36028.18436 13617.82105 1151.44951
v 36039.88214 15737.82105 1119.31013
v 36028.18436 15737.82105 1087.17075
v 35998.56455 15737.82105 1070.06974
v 35964.88214 15737.82105 1076.00886
v 35942.89751 15737.82105 1102.20912
v 35942.89751 15737.82105 1136.41114
v 35964.88214 15737.82105 1162.61140
v 35998.56455 15737.82105 1168.55052
v 36028.18436 15737.82105 1151.44951
v -36952.90563 17483.33812 1856.46332
v -36964.60340 17483.33812 1824.32394
v -36994.22322 17483.33812 1807.22293
v -37027.90563 17483.33812 1813.16205
v -37049.89026 17483.33812 1839.36231
v -37049.89026 17483.33812 1873.56432
v -37027.90563 17483.33812 1899.76459
v -36994.22322 17483.33812 1905.70370
v -36964.60340 17483.33812 1888.60270
v -36952.90563 19603.33812 1856.46332
v -36964.60340 19603.33812 1824.32394
v -36994.22322 19603.33812 1807.22293
v -37027.90563 19603.33812 1813.16205
v -37049.89026 19603.33812 1839.36231
v -37049.89026 19603.33812 1873.56432
v -37027.90563 19603.33812 1899.76459
v -36994.22322 19603.33812 1905.70370
v -36964.60340 19603.33812 1888.60270
v -36577.69860 17483.33812 1856.46332
v -36589.39638 17483.33812 1824.32394
v -36619.01619 17483.33812 1807.22293
v -36652.69860 17483.33812 1813.16205
v -36674.68323 17483.33812 1839.36231
v -36674.68323 17483.33812 1873.56432
v -36652.69860 17483.33812 1899.76459
v -36619.01619 17483.33812 1905.70370
v -36589.39638 17483.33812 1888.60270
v -36577.69860 19603.33812 1856.46332
v -36589.39638 19603.33812 1824.32394
v -36619.01619 19603.33812 1807.22293
v -36652.69860 19603.33812 1813.16205
v -36674.68323 19603.33812 1839.36231
v -36674.68323 19603.33812 1873.56432
v -36652.69860 19603.33812 1899.76459
v -36619.01619 19603.33812 1905.70370
v -36589.39638 19603.33812 1888.60270
v -36202.49158 17483.33812 1856.46332
v -36214.18936 17483.33812 1824.32394
v -36243.80917 17483.33812 1807.22293
v -36277.49158 17483.33812 1813.16205
v -36299.47621 17483.33812 1839.36231
v -36299.47621 17483.33812 1873.56432
v -36277.49158 17483.33812 1899.76459
v -36243.80917 17483.33812 1905.70370
v -36214.18936 17483.33812 1888.60270
v -36202.49158 19603.33812 1856.46332
v -36214.18936 19603.33812 1824.32394
v -36243.80917 19603.33812 1807.22293
v -36277.49158 19603.33812 1813.16205
v -36299.47621 19603.33812 1839.36231
v -36299.47621 19603.33812 1873.56432
v -36277.49158 19603.33812 1899.76459
v -36243.80917 19603.33812 1905.70370
v -36214.18936 19603.33812 1888.60270
v -35827.28455 17483.33812 1856.46332
v -35838.98233 17483.33812 1824.32394
v -35868.60214 17483.33812 1807.22293
v -35902.28455 17483.33812 1813.16205
v -35924.26918 17483.33812 1839.36231
v -35924.26918 17483.33812 1873.56432
v -35902.28455 17483.33812 1899.76459
v -35868.60214 17483.33812 1905.70370
v -35838.98233 17483.33812 1888.60270
v -35827.28455 19603.33812 1856.46332
v -35838.98233 19603.33812 1824.32394
v -35868.60214 19603.33812 1807.22293
v -35902.28455 19603.33812 1813.16205
v -35924.26918 19603.33812 1839.36231
v -35924.26918 19603.33812 1873.56432
v -35902.28455 19603.33812 1899.76459
v -35868.60214 19603.33812 1905.70370
v -35838.98233 19603.33812 1888.60270
v -35452.07753 17483.33812 1856.46332
v -35463.77531 17483.33812 1824.32394
v -35493.39512 17483.33812 1807.22293
v -35527.07753 17483.33812 1813.16205
v -35549.06216 17483.33812 1839.36231
v -35549.06216 17483.33812 1873.56432
v -35527.07753 17483.33812 1899.76459
v -35493.39512 17483.33812 1905.70370
v -35463.77531 17483.33812 1888.60270
v -35452.07753 19603.33812 1856.46332
v -35463.77531 19603.33812 1824.32394
v -35493.39512 19603.33812 1807.22293
v -35527.07753 19603.33812 1813.16205
v -35549.06216 19603.33812 1839.36231
v -35549.06216 19603.33812 1873.56432
v -35527.07753 19603.33812 1899.76459
v -35493.39512 19603.33812 1905.70370
v -35463.77531 19603.33812 1888.60270
v -31446.90348 17483.33812 1873.39511
v -31458.60126 17483.33812 1841.25573
v -31488.22107 17483.33812 1824.15472
v -31521.90348 17483.33812 1830.09384
v -31543.88811 17483.33812 1856.29410
v -31543.88811 17483.33812 1890.49611
v -31521.90348 17483.33812 1916.69638
v -31488.22107 17483.33812 1922.63549
v -31458.60126 17483.33812 1905.53449
v -31446.90348 19603.33812 1873.39511
v -31458.60126 19603.33812 1841.25573
v -31488.22107 19603.33812 1824.15472
v -31521.90348 19603.33812 1830.09384
v -31543.88811 19603.33812 1856.29410
v -31543.88811 19603.33812 1890.49611
v -31521.90348 19603.33812 1916.69638
v -31488.22107 19603.33812 1922.63549
v -31458.60126 19603.33812 1905.53449
v -31092.03120 17483.33812 1873.39511
v -31103.72897 17483.33812 1841.25573
v -31133.34879 17483.33812 1824.15472
v -31167.03120 17483.33812 1830.09384
v -31189.01583 17483.33812 1856.29410
v -31189.01583 17483.33812 1890.49611
v -31167.03120 17483.33812 1916.69638
v -31133.34879 17483.33812 1922.63549
v -31103.72897 17483.33812 1905.53449
v -31092.03120 19603.33812 1873.39511
v -31103.72897 19603.33812 1841.25573
v -31133.34879 19603.33812 1824.15472
v -31167.03120 19603.33812 1830.09384
v -31189.01583 19603.33812 1856.29410
v -31189.01583 19603.33812 1890.49611
v -31167.03120 19603.33812 1916.69638
v -31133.34879 19603.33812 1922.63549
v -31103.72897 19603.33812 1905.53449
v -30737.15891 17483.33812 1873.39511
v -30748.85669 17483.33812 1841.25573
v -30778.47650 17483.33812 1824.15472
v -30812.15891 17483.33812 1830.09384
v -30834.14354 17483.33812 1856.29410
v -30834.14354 17483.33812 1890.49611
v -30812.15891 17483.33812 1916.69638
v -30778.47650 17483.33812 1922.63549
v -30748.85669 17483.33812 1905.53449
v -30737.15891 19603.33812 1873.39511
v -30748.85669 19603.33812 1841.25573
v -30778.47650 19603.33812 1824.15472
v -30812.15891 19603.33812 1830.09384
v -30834.14354 19603.33812 1856.29410
v -30834.14354 19603.33812 1890.49611
v -30812.15891 19603.33812 1916.69638
v -30778.47650 19603.33812 1922.63549
v -30748.85669 19603.33812 1905.53449
v -30382.28662 17483.33812 1873.39511
v -30393.98440 17483.33812 1841.25573
v -30423.60421 17483.33812 1824.15472
v -30457.28662 17483.33812 1830.09384
v -30479.27125 17483.33812 1856.29410
v -30479.27125 17483.33812 1890.49611
v -30457.28662 17483.33812 1916.69638
v -30423.60421 17483.33812 1922.63549
v -30393.98440 17483.33812 1905.53449
v -30382.28662 19603.33812 1873.39511
v -30393.98440 19603.33812 1841.25573
v -30423.60421 19603.33812 1824.15472
v -30457.28662 19603.33812 1830.09384
v -30479.27125 19603.33812 1856.29410
v -30479.27125 19603.33812 1890.49611
v -30457.28662 19603.33812 1916.69638
v -30423.60421 19603.33812 1922.63549
v -30393.98440 19603.33812 1905.53449
v -30027.41433 17483.33812 1873.39511
v -30039.11211 17483.33812 1841.25573
v -30068.73192 17483.33812 1824.15472
v -30102.41433 17483.33812 1830.09384
v -30124.39896 17483.33812 1856.29410
v -30124.39896 17483.33812 1890.49611
v -30102.41433 17483.33812 1916.69638
v -30068.73192 17483.33812 1922.63549
v -30039.11211 17483.33812 1905.53449
v -30027.41433 19603.33812 1873.39511
v -30039.11211 19603.33812 1841.25573
v -30068.73192 19603.33812 1824.15472
v -30102.41433 19603.33812 1830.09384
v -30124.39896 19603.33812 1856.29410
v -30124.39896 19603.33812 1890.49611
v -30102.41433 19603.33812 1916.69638
v -30068.73192 19603.33812 1922.63549
v -30039.11211 19603.33812 1905.53449
v -26050.90685 17483.33812 1697.36651
v -26062.60462 17483.33812 1665.22713
v -26092.22444 17483.33812 1648.12612
v -26125.90685 17483.33812 1654.06524
v -26147.89148 17483.33812 1680.26550
v -26147.89148 17483.33812 1714.46752
v -26125.90685 17483.33812 1740.66778
v -26092.22444 17483.33812 1746.60690
v -26062.60462 17483.33812 1729.50589
v -26050.90685 19603.33812 1697.36651
v -26062.60462 19603.33812 1665.22713
v -26092.22444 19603.33812 1648.12612
v -26125.90685 19603.33812 1654.06524
v -26147.89148 19603.33812 1680.26550
v -26147.89148 19603.33812 1714.46752
v -26125.90685 19603.33812 1740.66778
v -26092.22444 19603.33812 1746.60690
v -26062.60462 19603.33812 1729.50589
v -25682.43843 17483.33812 1697.36651
v -25694.13621 17483.33812 1665.22713
v -25723.75603 17483.33812 1648.12612
v -25757.43843 17483.33812 1654.06524
v -25779.42307 17483.33812 1680.26550
v -25779.42307 17483.33812 1714.46752
v -25757.43843 17483.33812 1740.66778
v -25723.75603 17483.33812 1746.60690
v -25694.13621 17483.33812 1729.50589
v -25682.43843 19603.33812 1697.36651
v -25694.13621 19603.33812 1665.22713
v -25723.75603 19603.33812 1648.12612
v -25757.43843 19603.33812 1654.06524
v -25779.42307 19603.33812 1680.26550
v -25779.42307 19603.33812 1714.46752
v -25757.43843 19603.33812 1740.66778
v -25723.75603 19603.33812 1746.60690
v -25694.13621 19603.33812 1729.50589
v -25313.97002 17483.33812 1697.36651
v -25325.66780 17483.33812 1665.22713
v -25355.28761 17483.33812 1648.12612
v -25388.97002 17483.33812 1654.06524
v -25410.95465 17483.33812 1680.26550
v -25410.95465 17483.33812 1714.46752
v -25388.97002 17483.33812 1740.66778
v -25355.28761 17483.33812 1746.60690
v -25325.66780 17483.33812 1729.50589
v -25313.97002 19603.33812 1697.36651
v -25325.66780 19603.33812 1665.22713
v -25355.28761 19603.33812 1648.12612
v -25388.97002 19603.33812 1654.06524
v -25410.95465 19603.33812 1680.26550
v -25410.95465 19603.33812 1714.46752
v -25388.97002 19603.33812 1740.66778
v -25355.28761 19603.33812 1746.60690
v -25325.66780 19603.33812 1729.50589
v -24945.50161 17483.33812 1697.36651
v -24957.19939 17483.33812 1665.22713
v -24986.81920 17483.33812 1648.12612
v -25020.50161 17483.33812 1654.06524
v -25042.48624 17483.33812 1680.26550
v -25042.48624 17483.33812 1714.46752
v -25020.50161 17483.33812 1740.66778
v -24986.81920 17483.33812 1746.60690
v -24957.19939 17483.33812 1729.50589
v -24945.50161 19603.33812 1697.36651
v -24957.19939 19603.33812 1665.22713
v -24986.81920 19603.33812 1648.12612
v -25020.50161 19603.33812 1654.06524
v -25042.48624 19603.33812 1680.26550
v -25042.48624 19603.33812 1714.46752
v -25020.50161 19603.33812 1740.66778
v -24986.81920 19603.33812 1746.60690
v -24957.19939 19603.33812 1729.50589
v -24577.03320 17483.33812 1697.36651
v -24588.73098 17483.33812 1665.22713
v -24618.35079 17483.33812 1648.12612
v -24652.03320 17483.33812 1654.06524
v -24674.01783 17483.33812 1680.26550
v -24674.01783 17483.33812 1714.46752
v -24652.03320 17483.33812 1740.66778
v -24618.35079 17483.33812 1746.60690
v -24588.73098 17483.33812 1729.50589
v -24577.03320 19603.33812 1697.36651
v -24588.73098 19603.33812 1665.22713
v -24618.35079 19603.33812 1648.12612
v -24652.03320 19603.33812 1654.06524
v -24674.01783 19603.33812 1680.26550
v -24674.01783 19603.33812 1714.46752
v -24652.03320 19603.33812 1740.66778
v -24618.35079 19603.33812 1746.60690
v -24588.73098 19603.33812 1729.50589
v -24968.26740 17253.33812 550.00000
v -24960.35929 17234.44853 552.77191
v -24941.26740 17226.62421 553.92008
v -24922.17552 17234.44853 552.77191
v -24914.26740 17253.33812 550.00000
v -24922.17552 17272.22771 547.22809
v -24941.26740 17280.05203 546.07992
v -24960.35929 17272.22771 547.22809
v -24968.26740 17483.33812 2117.36651
v -24960.35929 17464.44853 2120.13842
v -24941.26740 17456.62421 2121.28659
v -24922.17552 17464.44853 2120.13842
v -24914.26740 17483.33812 2117.36651
v -24922.17552 17502.22771 2114.59460
v -24941.26740 17510.05203 2113.44643
v -24960.35929 17502.22771 2114.59460
v -24708.26740 17253.33812 550.00000
v -24700.35929 17234.44853 552.77191
v -24681.26740 17226.62421 553.92008
v -24662.17552 17234.44853 552.77191
v -24654.26740 17253.33812 550.00000
v -24662.17552 17272.22771 547.22809
v -24681.26740 17280.05203 546.07992
v -24700.35929 17272.22771 547.22809
v -24708.26740 17483.33812 2117.36651
v -24700.35929 17464.44853 2120.13842
v -24681.26740 17456.62421 2121.28659
v -24662.17552 17464.44853 2120.13842
v -24654.26740 17483.33812 2117.36651
v -24662.17552 17502.22771 2114.59460
v -24681.26740 17510.05203 2113.44643
v -24700.35929 17502.22771 2114.59460
v -24961.26740 17255.31092 699.73665
v -24961.26740 17262.84112 684.10002
v -24961.26740 17279.76134 680.23809
v -24961.26740 17293.33030 691.05898
v -24961.26740 17293.33030 708.41433
v -24961.26740 17279.76134 719.23521
v -24961.26740 17262.84112 715.37328
v -24661.26740 17255.31092 699.73665
v -24661.26740 17262.84112 684.10002
v -24661.26740 17279.76134 680.23809
v -24661.26740 17293.33030 691.05898
v -24661.26740 17293.33030 708.41433
v -24661.26740 17279.76134 719.23521
v -24661.26740 17262.84112 715.37328
v -24961.26740 17277.28372 849.47330
v -24961.26740 17284.81392 833.83667
v -24961.26740 17301.73414 829.97474
v -24961.26740 17315.30310 840.79563
v -24961.26740 17315.30310 858.15098
v -24961.26740 17301.73414 868.97186
v -24961.26740 17284.81392 865.10993
v -24661.26740 17277.28372 849.47330
v -24661.26740 17284.81392 833.83667
v -24661.26740 17301.73414 829.97474
v -24661.26740 17315.30310 840.79563
v -24661.26740 17315.30310 858.15098
v -24661.26740 17301.73414 868.97186
v -24661.26740 17284.81392 865.10993
v -24961.26740 17299.25652 999.20995
v -24961.26740 17306.78672 983.57332
v -24961.26740 17323.70694 979.71139
v -24961.26740 17337.27589 990.53228
v -24961.26740 17337.27589 1007.88763
v -24961.26740 17323.70694 1018.70851
v -24961.26740 17306.78672 1014.84658
v -24661.26740 17299.25652 999.20995
v -24661.26740 17306.78672 983.57332
v -24661.26740 17323.70694 979.71139
v -24661.26740 17337.27589 990.53228
v -24661.26740 17337.27589 1007.88763
v -24661.26740 17323.70694 1018.70851
v -24661.26740 17306.78672 1014.84658
v -24961.26740 17321.22932 1148.94660
v -24961.26740 17328.75952 1133.30997
v -24961.26740 17345.67973 1129.44805
v -24961.26740 17359.24869 1140.26893
v -24961.26740 17359.24869 1157.62428
v -24961.26740 17345.67973 1168.44516
v -24961.26740 17328.75952 1164.58323
v -24661.26740 17321.22932 1148.94660
v -24661.26740 17328.75952 1133.30997
v -24661.26740 17345.67973 1129.44805
v -24661.26740 17359.24869 1140.26893
v -24661.26740 17359.24869 1157.62428
v -24661.26740 17345.67973 1168.44516
v -24661.26740 17328.75952 1164.58323
v -24961.26740 17343.20212 1298.68325
v -24961.26740 17350.73232 1283.04663
v -24961.26740 17367.65253 1279.18470
v -24961.26740 17381.22149 1290.00558
v -24961.26740 17381.22149 1307.36093
v -24961.26740 17367.65253 1318.18181
v -24961.26740 17350.73232 1314.31988
v -24661.26740 17343.20212 1298.68325
v -24661.26740 17350.73232 1283.04663
v -24661.26740 17367.65253 1279.18470
v -24661.26740 17381.22149 1290.00558
v -24661.26740 17381.22149 1307.36093
v -24661.26740 17367.65253 1318.18181
v -24661.26740 17350.73232 1314.31988
v -24961.26740 17365.17491 1448.41991
v -24961.26740 17372.70512 1432.78328
v -24961.26740 17389.62533 1428.92135
v -24961.26740 17403.19429 1439.74223
v -24961.26740 17403.19429 1457.09758
v -24961.26740 17389.62533 1467.91846
v -24961.26740 17372.70512 1464.05654
v -24661.26740 17365.17491 1448.41991
v -24661.26740 17372.70512 1432.78328
v -24661.26740 17389.62533 1428.92135
v -24661.26740 17403.19429 1439.74223
v -24661.26740 17403.19429 1457.09758
v -24661.26740 17389.62533 1467.91846
v -24661.26740 17372.70512 1464.05654
v -24961.26740 17387.14771 1598.15656
v -24961.26740 17394.67792 1582.51993
v -24961.26740 17411.59813 1578.65800
v -24961.26740 17425.16709 1589.47888
v -24961.26740 17425.16709 1606.83423
v -24961.26740 17411.59813 1617.65511
v -24961.26740 17394.67792 1613.79319
v -24661.26740 17387.14771 1598.15656
v -24661.26740 17394.67792 1582.51993
v -24661.26740 17411.59813 1578.65800
v -24661.26740 17425.16709 1589.47888
v -24661.26740 17425.16709 1606.83423
v -24661.26740 17411.59813 1617.65511
v -24661.26740 17394.67792 1613.79319
v -24961.26740 17409.12051 1747.89321
v -24961.26740 17416.65072 1732.25658
v -24961.26740 17433.57093 1728.39465
v -24961.26740 17447.13989 1739.21553
v -24961.26740 17447.13989 1756.57088
v -24961.26740 17433.57093 1767.39177
v -24961.26740 17416.65072 1763.52984
v -24661.26740 17409.12051 1747.89321
v -24661.26740 17416.65072 1732.25658
v -24661.26740 17433.57093 1728.39465
v -24661.26740 17447.13989 1739.21553
v -24661.26740 17447.13989 1756.57088
v -24661.26740 17433.57093 1767.39177
v -24661.26740 17416.65072 1763.52984
v -24961.26740 17431.09331 1897.62986
v -24961.26740 17438.62352 1881.99323
v -24961.26740 17455.54373 1878.13130
v -24961.26740 17469.11269 1888.95218
v -24961.26740 17469.11269 1906.30753
v -24961.26740 17455.54373 1917.12842
v -24961.26740 17438.62352 1913.26649
v -24661.26740 17431.09331 1897.62986
v -24661.26740 17438.62352 1881.99323
v -24661.26740 17455.54373 1878.13130
v -24661.26740 17469.11269 1888.95218
v -24661.26740 17469.11269 1906.30753
v -24661.26740 17455.54373 1917.12842
v -24661.26740 17438.62352 1913.26649
v -20575.35322 17483.33812 1647.98083
v -20587.05100 17483.33812 1615.84145
v -20616.67081 17483.33812 1598.74045
v -20650.35322 17483.33812 1604.67956
v -20672.33785 17483.33812 1630.87983
v -20672.33785 17483.33812 1665.08184
v -20650.35322 17483.33812 1691.28210
v -20616.67081 17483.33812 1697.22122
v -20587.05100 17483.33812 1680.12021
v -20575.35322 19603.33812 1647.98083
v -20587.05100 19603.33812 1615.84145
v -20616.67081 19603.33812 1598.74045
v -20650.35322 19603.33812 1604.67956
v -20672.33785 19603.33812 1630.87983
v -20672.33785 19603.33812 1665.08184
v -20650.35322 19603.33812 1691.28210
v -20616.67081 19603.33812 1697.22122
v -20587.05100 19603.33812 1680.12021
v -20212.90735 17483.33812 1647.98083
v -20224.60512 17483.33812 1615.84145
v -20254.22494 17483.33812 1598.74045
v -20287.90735 17483.33812 1604.67956
v -20309.89198 17483.33812 1630.87983
v -20309.89198 17483.33812 1665.08184
v -20287.90735 17483.33812 1691.28210
v -20254.22494 17483.33812 1697.22122
v -20224.60512 17483.33812 1680.12021
v -20212.90735 19603.33812 1647.98083
v -20224.60512 19603.33812 1615.84145
v -20254.22494 19603.33812 1598.74045
v -20287.90735 19603.33812 1604.67956
v -20309.89198 19603.33812 1630.87983
v -20309.89198 19603.33812 1665.08184
v -20287.90735 19603.33812 1691.28210
v -20254.22494 19603.33812 1697.22122
v -20224.60512 19603.33812 1680.12021
v -19850.46147 17483.33812 1647.98083
v -19862.15925 17483.33812 1615.84145
v -19891.77906 17483.33812 1598.74045
v -19925.46147 17483.33812 1604.67956
v -19947.44610 17483.33812 1630.87983
v -19947.44610 17483.33812 1665.08184
v -19925.46147 17483.33812 1691.28210
v -19891.77906 17483.33812 1697.22122
v -19862.15925 17483.33812 1680.12021
v -19850.46147 19603.33812 1647.98083
v -19862.15925 19603.33812 1615.84145
v -19891.77906 19603.33812 1598.74045
v -19925.46147 19603.33812 1604.67956
v -19947.44610 19603.33812 1630.87983
v -19947.44610 19603.33812 1665.08184
v -19925.46147 19603.33812 1691.28210
v -19891.77906 19603.33812 1697.22122
v -19862.15925 19603.33812 1680.12021
v -19488.01560 17483.33812 1647.98083
v -19499.71338 17483.33812 1615.84145
v -19529.33319 17483.33812 1598.74045
v -19563.01560 17483.33812 1604.67956
v -19585.00023 17483.33812 1630.87983
v -19585.00023 17483.33812 1665.08184
v -19563.01560 17483.33812 1691.28210
v -19529.33319 17483.33812 1697.22122
v -19499.71338 17483.33812 1680.12021
v -19488.01560 19603.33812 1647.98083
v -19499.71338 19603.33812 1615.84145
v -19529.33319 19603.33812 1598.74045
v -19563.01560 19603.33812 1604.67956
v -19585.00023 19603.33812 1630.87983
v -19585.00023 19603.33812 1665.08184
v -19563.01560 19603.33812 1691.28210
v -19529.33319 19603.33812 1697.22122
v -19499.71338 19603.33812 1680.12021
v -19125.56973 17483.33812 1647.98083
v -19137.26751 17483.33812 1615.84145
v -19166.88732 17483.33812 1598.74045
v -19200.56973 17483.33812 1604.67956
v -19222.55436 17483.33812 1630.87983
v -19222.55436 17483.33812 1665.08184
v -19200.56973 17483.33812 1691.28210
v -19166.88732 17483.33812 1697.22122
v -19137.26751 17483.33812 1680.12021
v -19125.56973 19603.33812 1647.98083
v -19137.26751 19603.33812 1615.84145
v -19166.88732 19603.33812 1598.74045
v -19200.56973 19603.33812 1604.67956
v -19222.55436 19603.33812 1630.87983
v -19222.55436 19603.33812 1665.08184
v -19200.56973 19603.33812 1691.28210
v -19166.88732 19603.33812 1697.22122
v -19137.26751 19603.33812 1680.12021
v -14574.03210 17483.33812 1774.18289
v -14585.72988 17483.33812 1742.04351
v -14615.34969 17483.33812 1724.94250
v -14649.03210 17483.33812 1730.88162
v -14671.01673 17483.33812 1757.08188
v -14671.01673 17483.33812 1791.28390
v -14649.03210 17483.33812 1817.48416
v -14615.34969 17483.33812 1823.42328
v -14585.72988 17483.33812 1806.32227
v -14574.03210 19603.33812 1774.18289
v -14585.72988 19603.33812 1742.04351
v -14615.34969 19603.33812 1724.94250
v -14649.03210 19603.33812 1730.88162
v -14671.01673 19603.33812 1757.08188
v -14671.01673 19603.33812 1791.28390
v -14649.03210 19603.33812 1817.48416
v -14615.34969 19603.33812 1823.42328
v -14585.72988 19603.33812 1806.32227
v -14259.67285 17483.33812 1774.18289
v -14271.37063 17483.33812 1742.04351
v -14300.99044 17483.33812 1724.94250
v -14334.67285 17483.33812 1730.88162
v -14356.65748 17483.33812 1757.08188
v -14356.65748 17483.33812 1791.28390
v -14334.67285 17483.33812 1817.48416
v -14300.99044 17483.33812 1823.42328
v -14271.37063 17483.33812 1806.32227
v -14259.67285 19603.33812 1774.18289
v -14271.37063 19603.33812 1742.04351
v -14300.99044 19603.33812 1724.94250
v -14334.67285 19603.33812 1730.88162
v -14356.65748 19603.33812 1757.08188
v -14356.65748 19603.33812 1791.28390
v -14334.67285 19603.33812 1817.48416
v -14300.99044 19603.33812 1823.42328
v -14271.37063 19603.33812 1806.32227
v -13945.31359 17483.33812 1774.18289
v -13957.01137 17483.33812 1742.04351
v -13986.63118 17483.33812 1724.94250
v -14020.31359 17483.33812 1730.88162
v -14042.29822 17483.33812 1757.08188
v -14042.29822 17483.33812 1791.28390
v -14020.31359 17483.33812 1817.48416
v -13986.63118 17483.33812 1823.42328
v -13957.01137 17483.33812 1806.32227
v -13945.31359 19603.33812 1774.18289
v -13957.01137 19603.33812 1742.04351
v -13986.63118 19603.33812 1724.94250
v -14020.31359 19603.33812 1730.88162
v -14042.29822 19603.33812 1757.08188
v -14042.29822 19603.33812 1791.28390
v -14020.31359 19603.33812 1817.48416
v -13986.63118 19603.33812 1823.42328
v -13957.01137 19603.33812 1806.32227
v -13630.95434 17483.33812 1774.18289
v -13642.65211 17483.33812 1742.04351
v -13672.27193 17483.33812 1724.94250
v -13705.95434 17483.33812 1730.88162
v -13727.93897 17483.33812 1757.08188
v -13727.93897 17483.33812 1791.28390
v -13705.95434 17483.33812 1817.48416
v -13672.27193 17483.33812 1823.42328
v -13642.65211 17483.33812 1806.32227
v -13630.95434 19603.33812 1774.18289
v -13642.65211 19603.33812 1742.04351
v -13672.27193 19603.33812 1724.94250
v -13705.95434 19603.33812 1730.88162
v -13727.93897 19603.33812 1757.08188
v -13727.93897 19603.33812 1791.28390
v -13705.95434 19603.33812 1817.48416
v -13672.27193 19603.33812 1823.42328
v -13642.65211 19603.33812 1806.32227
v -13316.59508 17483.33812 1774.18289
v -13328.29286 17483.33812 1742.04351
v -13357.91267 17483.33812 1724.94250
v -13391.59508 17483.33812 1730.88162
v -13413.57971 17483.33812 1757.08188
v -13413.57971 17483.33812 1791.28390
v -13391.59508 17483.33812 1817.48416
v -13357.91267 17483.33812 1823.42328
v -13328.29286 17483.33812 1806.32227
v -13316.59508 19603.33812 1774.18289
v -13328.29286 19603.33812 1742.04351
v -13357.91267 19603.33812 1724.94250
v -13391.59508 19603.33812 1730.88162
v -13413.57971 19603.33812 1757.08188
v -13413.57971 19603.33812 1791.28390
v -13391.59508 19603.33812 1817.48416
v -13357.91267 19603.33812 1823.42328
v -13328.29286 19603.33812 1806.32227
v -9356.35390 17483.33812 2033.04092
v -9368.05168 17483.33812 2000.90154
v -9397.67149 17483.33812 1983.80053
v -9431.35390 17483.33812 1989.73965
v -9453.33853 17483.33812 2015.93991
v -9453.33853 17483.33812 2050.14193
v -9431.35390 17483.33812 2076.34219
v -9397.67149 17483.33812 2082.28131
v -9368.05168 17483.33812 2065.18030
v -9356.35390 19603.33812 2033.04092
v -9368.05168 19603.33812 2000.90154
v -9397.67149 19603.33812 1983.80053
v -9431.35390 19603.33812 1989.73965
v -9453.33853 19603.33812 2015.93991
v -9453.33853 19603.33812 2050.14193
v -9431.35390 19603.33812 2076.34219
v -9397.67149 19603.33812 2082.28131
v -9368.05168 19603.33812 2065.18030
v -8985.00032 17483.33812 2033.04092
v -8996.69809 17483.33812 2000.90154
v -9026.31791 17483.33812 1983.80053
v -9060.00032 17483.33812 1989.73965
v -9081.98495 17483.33812 2015.93991
v -9081.98495 17483.33812 2050.14193
v -9060.00032 17483.33812 2076.34219
v -9026.31791 17483.33812 2082.28131
v -8996.69809 17483.33812 2065.18030
v -8985.00032 19603.33812 2033.04092
v -8996.69809 19603.33812 2000.90154
v -9026.31791 19603.33812 1983.80053
v -9060.00032 19603.33812 1989.73965
v -9081.98495 19603.33812 2015.93991
v -9081.98495 19603.33812 2050.14193
v -9060.00032 19603.33812 2076.34219
v -9026.31791 19603.33812 2082.28131
v -8996.69809 19603.33812 2065.18030
v -8613.64673 17483.33812 2033.04092
v -8625.34451 17483.33812 2000.90154
v -8654.96432 17483.33812 1983.80053
v -8688.64673 17483.33812 1989.73965
v -8710.63136 17483.33812 2015.93991
v -8710.63136 17483.33812 2050.14193
v -8688.64673 17483.33812 2076.34219
v -8654.96432 17483.33812 2082.28131
v -8625.34451 17483.33812 2065.18030
v -8613.64673 19603.33812 2033.04092
v -8625.34451 19603.33812 2000.90154
v -8654.96432 19603.33812 1983.80053
v -8688.64673 19603.33812 1989.73965
v -8710.63136 19603.33812 2015.93991
v -8710.63136 19603.33812 2050.14193
v -8688.64673 19603.33812 2076.34219
v -8654.96432 19603.33812 2082.28131
v -8625.34451 19603.33812 2065.18030
v -8242.29314 17483.33812 2033.04092
v -8253.99092 17483.33812 2000.90154
v -8283.61073 17483.33812 1983.80053
v -8317.29314 17483.33812 1989.73965
v -8339.27777 17483.33812 2015.93991
v -8339.27777 17483.33812 2050.14193
v -8317.29314 17483.33812 2076.34219
v -8283.61073 17483.33812 2082.28131
v -8253.99092 17483.33812 2065.18030
v -8242.29314 19603.33812 2033.04092
v -8253.99092 19603.33812 2000.90154
v -8283.61073 19603.33812 1983.80053
v -8317.29314 19603.33812 1989.73965
v -8339.27777 19603.33812 2015.93991
v -8339.27777 19603.33812 2050.14193
v -8317.29314 19603.33812 2076.34219
v -8283.61073 19603.33812 2082.28131
v -8253.99092 19603.33812 2065.18030
v -7870.93955 17483.33812 2033.04092
v -7882.63733 17483.33812 2000.90154
v -7912.25714 17483.33812 1983.80053
v -7945.93955 17483.33812 1989.73965
v -7967.92418 17483.33812 2015.93991
v -7967.92418 17483.33812 2050.14193
v -7945.93955 17483.33812 2076.34219
v -7912.25714 17483.33812 2082.28131
v -7882.63733 17483.33812 2065.18030
v -7870.93955 19603.33812 2033.04092
v -7882.63733 19603.33812 2000.90154
v -7912.25714 19603.33812 1983.80053
v -7945.93955 19603.33812 1989.73965
v -7967.92418 19603.33812 2015.93991
v -7967.92418 19603.33812 2050.14193
v -7945.93955 19603.33812 2076.34219
v -7912.25714 19603.33812 2082.28131
v -7882.63733 19603.33812 2065.18030
v -8263.61635 17253.33812 550.00000
v -8255.70823 17234.38416 552.29076
v -8236.61635 17226.53318 553.23962
v -8217.52446 17234.38416 552.29076
v -8209.61635 17253.33812 550.00000
v -8217.52446 17272.29207 547.70924
v -8236.61635 17280.14306 546.76038
v -8255.70823 17272.29207 547.70924
v -8263.61635 17483.33812 2453.04092
v -8255.70823 17464.38416 2455.33168
v -8236.61635 17456.53318 2456.28054
v -8217.52446 17464.38416 2455.33168
v -8209.61635 17483.33812 2453.04092
v -8217.52446 17502.29207 2450.75016
v -8236.61635 17510.14306 2449.80130
v -8255.70823 17502.29207 2450.75016
v -8003.61635 17253.33812 550.00000
v -7995.70823 17234.38416 552.29076
v -7976.61635 17226.53318 553.23962
v -7957.52446 17234.38416 552.29076
v -7949.61635 17253.33812 550.00000
v -7957.52446 17272.29207 547.70924
v -7976.61635 17280.14306 546.76038
v -7995.70823 17272.29207 547.70924
v -8003.61635 17483.33812 2453.04092
v -7995.70823 17464.38416 2455.33168
v -7976.61635 17456.53318 2456.28054
v -7957.52446 17464.38416 2455.33168
v -7949.61635 17483.33812 2453.04092
v -7957.52446 17502.29207 2450.75016
v -7976.61635 17510.14306 2449.80130
v -7995.70823 17502.29207 2450.75016
v -8256.61635 17255.49210 733.30409
v -8256.61635 17263.02231 717.66746
v -8256.61635 17279.94252 713.80553
v -8256.61635 17293.51148 724.62642
v -8256.61635 17293.51148 741.98177
v -8256.61635 17279.94252 752.80265
v -8256.61635 17263.02231 748.94072
v -7956.61635 17255.49210 733.30409
v -7956.61635 17263.02231 717.66746
v -7956.61635 17279.94252 713.80553
v -7956.61635 17293.51148 724.62642
v -7956.61635 17293.51148 741.98177
v -7956.61635 17279.94252 752.80265
v -7956.61635 17263.02231 748.94072
v -8256.61635 17277.64609 916.60818
v -8256.61635 17285.17629 900.97155
v -8256.61635 17302.09651 897.10963
v -8256.61635 17315.66547 907.93051
v -8256.61635 17315.66547 925.28586
v -8256.61635 17302.09651 936.10674
v -8256.61635 17285.17629 932.24481
v -7956.61635 17277.64609 916.60818
v -7956.61635 17285.17629 900.97155
v -7956.61635 17302.09651 897.10963
v -7956.61635 17315.66547 907.93051
v -7956.61635 17315.66547 925.28586
v -7956.61635 17302.09651 936.10674
v -7956.61635 17285.17629 932.24481
v -8256.61635 17299.80008 1099.91228
v -8256.61635 17307.33028 1084.27565
v -8256.61635 17324.25049 1080.41372
v -8256.61635 17337.81945 1091.23460
v -8256.61635 17337.81945 1108.58995
v -8256.61635 17324.25049 1119.41083
v -8256.61635 17307.33028 1115.54891
v -7956.61635 17299.80008 1099.91228
v -7956.61635 17307.33028 1084.27565
v -7956.61635 17324.25049 1080.41372
v -7956.61635 17337.81945 1091.23460
v -7956.61635 17337.81945 1108.58995
v -7956.61635 17324.25049 1119.41083
v -7956.61635 17307.33028 1115.54891
v -8256.61635 17321.95406 1283.21637
v -8256.61635 17329.48427 1267.57974
v -8256.61635 17346.40448 1263.71781
v -8256.61635 17359.97344 1274.53869
v -8256.61635 17359.97344 1291.89404
v -8256.61635 17346.40448 1302.71493
v -8256.61635 17329.48427 1298.85300
v -7956.61635 17321.95406 1283.21637
v -7956.61635 17329.48427 1267.57974
v -7956.61635 17346.40448 1263.71781
v -7956.61635 17359.97344 1274.53869
v -7956.61635 17359.97344 1291.89404
v -7956.61635 17346.40448 1302.71493
v -7956.61635 17329.48427 1298.85300
v -8256.61635 17344.10805 1466.52046
v -8256.61635 17351.63825 1450.88383
v -8256.61635 17368.55847 1447.02190
v -8256.61635 17382.12742 1457.84279
v -8256.61635 17382.12742 1475.19814
v -8256.61635 17368.55847 1486.01902
v -8256.61635 17351.63825 1482.15709
v -7956.61635 17344.10805 1466.52046
v -7956.61635 17351.63825 1450.88383
v -7956.61635 17368.55847 1447.02190
v -7956.61635 17382.12742 1457.84279
v -7956.61635 17382.12742 1475.19814
v -7956.61635 17368.55847 1486.01902
v -7956.61635 17351.63825 1482.15709
v -8256.61635 17366.26203 1649.82455
v -8256.61635 17373.79224 1634.18792
v -8256.61635 17390.71245 1630.32599
v -8256.61635 17404.28141 1641.14688
v -8256.61635 17404.28141 1658.50223
v -8256.61635 17390.71245 1669.32311
v -8256.61635 17373.79224 1665.46118
v -7956.61635 17366.26203 1649.82455
v -7956.61635 17373.79224 1634.18792
v -7956.61635 17390.71245 1630.32599
v -7956.61635 17404.28141 1641.14688
v -7956.61635 17404.28141 1658.50223
v -7956.61635 17390.71245 1669.32311
v -7956.61635 17373.79224 1665.46118
v -8256.61635 17388.41602 1833.12864
v -8256.61635 17395.94622 1817.49201
v -8256.61635 17412.86644 1813.63009
v -8256.61635 17426.43540 1824.45097
v -8256.61635 17426.43540 1841.80632
v -8256.61635 17412.86644 1852.62720
v -8256.61635 17395.94622 1848.76527
v -7956.61635 17388.41602 1833.12864
v -7956.61635 17395.94622 1817.49201
v -7956.61635 17412.86644 1813.63009
v -7956.61635 17426.43540 1824.45097
v -7956.61635 17426.43540 1841.80632
v -7956.61635 17412.86644 1852.62720
v -7956.61635 17395.94622 1848.76527
v -8256.61635 17410.57000 2016.43274
v -8256.61635 17418.10021 2000.79611
v -8256.61635 17435.02042 1996.93418
v -8256.61635 17448.58938 2007.75506
v -8256.61635 17448.58938 2025.11041
v -8256.61635 17435.02042 2035.93129
v -8256.61635 17418.10021 2032.06937
v -7956.61635 17410.57000 2016.43274
v -7956.61635 17418.10021 2000.79611
v -7956.61635 17435.02042 1996.93418
v -7956.61635 17448.58938 2007.75506
v -7956.61635 17448.58938 2025.11041
v -7956.61635 17435.02042 2035.93129
v -7956.61635 17418.10021 2032.06937
v -8256.61635 17432.72399 2199.73683
v -8256.61635 17440.25419 2184.10020
v -8256.61635 17457.17441 2180.23827
v -8256.61635 17470.74337 2191.05915
v -8256.61635 17470.74337 2208.41450
v -8256.61635 17457.17441 2219.23539
v -8256.61635 17440.25419 2215.37346
v -7956.61635 17432.72399 2199.73683
v -7956.61635 17440.25419 2184.10020
v -7956.61635 17457.17441 2180.23827
v -7956.61635 17470.74337 2191.05915
v -7956.61635 17470.74337 2208.41450
v -7956.61635 17457.17441 2219.23539
v -7956.61635 17440.25419 2215.37346
v -3796.57224 17483.33812 1770.13378
v -3808.27002 17483.33812 1737.99440
v -3837.88984 17483.33812 1720.89340
v -3871.57224 17483.33812 1726.83251
v -3893.55688 17483.33812 1753.03278
v -3893.55688 17483.33812 1787.23479
v -3871.57224 17483.33812 1813.43505
v -3837.88984 17483.33812 1819.37417
v -3808.27002 17483.33812 1802.27316
v -3796.57224 19603.33812 1770.13378
v -3808.27002 19603.33812 1737.99440
v -3837.88984 19603.33812 1720.89340
v -3871.57224 19603.33812 1726.83251
v -3893.55688 19603.33812 1753.03278
v -3893.55688 19603.33812 1787.23479
v -3871.57224 19603.33812 1813.43505
v -3837.88984 19603.33812 1819.37417
v -3808.27002 19603.33812 1802.27316
v -3439.66444 17483.33812 1770.13378
v -3451.36221 17483.33812 1737.99440
v -3480.98203 17483.33812 1720.89340
v -3514.66444 17483.33812 1726.83251
v -3536.64907 17483.33812 1753.03278
v -3536.64907 17483.33812 1787.23479
v -3514.66444 17483.33812 1813.43505
v -3480.98203 17483.33812 1819.37417
v -3451.36221 17483.33812 1802.27316
v -3439.66444 19603.33812 1770.13378
v -3451.36221 19603.33812 1737.99440
v -3480.98203 19603.33812 1720.89340
v -3514.66444 19603.33812 1726.83251
v -3536.64907 19603.33812 1753.03278
v -3536.64907 19603.33812 1787.23479
v -3514.66444 19603.33812 1813.43505
v -3480.98203 19603.33812 1819.37417
v -3451.36221 19603.33812 1802.27316
v -3082.75663 17483.33812 1770.13378
v -3094.45441 17483.33812 1737.99440
v -3124.07422 17483.33812 1720.89340
v -3157.75663 17483.33812 1726.83251
v -3179.74126 17483.33812 1753.03278
v -3179.74126 17483.33812 1787.23479
v -3157.75663 17483.33812 1813.43505
v -3124.07422 17483.33812 1819.37417
v -3094.45441 17483.33812 1802.27316
v -3082.75663 19603.33812 1770.13378
v -3094.45441 19603.33812 1737.99440
v -3124.07422 19603.33812 1720.89340
v -3157.75663 19603.33812 1726.83251
v -3179.74126 19603.33812 1753.03278
v -3179.74126 19603.33812 1787.23479
v -3157.75663 19603.33812 1813.43505
v -3124.07422 19603.33812 1819.37417
v -3094.45441 19603.33812 1802.27316
v -2725.84882 17483.33812 1770.13378
v -2737.54660 17483.33812 1737.99440
v -2767.16641 17483.33812 1720.89340
v -2800.84882 17483.33812 1726.83251
v -2822.83345 17483.33812 1753.03278
v -2822.83345 17483.33812 1787.23479
v -2800.84882 17483.33812 1813.43505
v -2767.16641 17483.33812 1819.37417
v -2737.54660 17483.33812 1802.27316
v -2725.84882 19603.33812 1770.13378
v -2737.54660 19603.33812 1737.99440
v -2767.16641 19603.33812 1720.89340
v -2800.84882 19603.33812 1726.83251
v -2822.83345 19603.33812 1753.03278
v -2822.83345 19603.33812 1787.23479
v -2800.84882 19603.33812 1813.43505
v -2767.16641 19603.33812 1819.37417
v -2737.54660 19603.33812 1802.27316
v -2368.94101 17483.33812 1770.13378
v -2380.63879 17483.33812 1737.99440
v -2410.25860 17483.33812 1720.89340
v -2443.94101 17483.33812 1726.83251
v -2465.92564 17483.33812 1753.03278
v -2465.92564 17483.33812 1787.23479
v -2443.94101 17483.33812 1813.43505
v -2410.25860 17483.33812 1819.37417
v -2380.63879 17483.33812 1802.27316
v -2368.94101 19603.33812 1770.13378
v -2380.63879 19603.33812 1737.99440
v -2410.25860 19603.33812 1720.89340
v -2443.94101 19603.33812 1726.83251
v -2465.92564 19603.33812 1753.03278
v -2465.92564 19603.33812 1787.23479
v -2443.94101 19603.33812 1813.43505
v -2410.25860 19603.33812 1819.37417
v -2380.63879 19603.33812 1802.27316
v 1477.75526 17483.33812 1893.49694
v 1466.05748 17483.33812 1861.35756
v 1436.43766 17483.33812 1844.25655
v 1402.75526 17483.33812 1850.19567
v 1380.77062 17483.33812 1876.39593
v 1380.77062 17483.33812 1910.59795
v 1402.75526 17483.33812 1936.79821
v 1436.43766 17483.33812 1942.73733
v 1466.05748 17483.33812 1925.63632
v 1477.75526 19603.33812 1893.49694
v 1466.05748 19603.33812 1861.35756
v 1436.43766 19603.33812 1844.25655
v 1402.75526 19603.33812 1850.19567
v 1380.77062 19603.33812 1876.39593
v 1380.77062 19603.33812 1910.59795
v 1402.75526 19603.33812 1936.79821
v 1436.43766 19603.33812 1942.73733
v 1466.05748 19603.33812 1925.63632
v 1816.97502 17483.33812 1893.49694
v 1805.27724 17483.33812 1861.35756
v 1775.65743 17483.33812 1844.25655
v 1741.97502 17483.33812 1850.19567
v 1719.99039 17483.33812 1876.39593
v 1719.99039 17483.33812 1910.59795
v 1741.97502 17483.33812 1936.79821
v 1775.65743 17483.33812 1942.73733
v 1805.27724 17483.33812 1925.63632
v 1816.97502 19603.33812 1893.49694
v 1805.27724 19603.33812 1861.35756
v 1775.65743 19603.33812 1844.25655
v 1741.97502 19603.33812 1850.19567
v 1719.99039 19603.33812 1876.39593
v 1719.99039 19603.33812 1910.59795
v 1741.97502 19603.33812 1936.79821
v 1775.65743 19603.33812 1942.73733
v 1805.27724 19603.33812 1925.63632
v 2156.19478 17483.33812 1893.49694
v 2144.49701 17483.33812 1861.35756
v 2114.87719 17483.33812 1844.25655
v 2081.19478 17483.33812 1850.19567
v 2059.21015 17483.33812 1876.39593
v 2059.21015 17483.33812 1910.59795
v 2081.19478 17483.33812 1936.79821
v 2114.87719 17483.33812 1942.73733
v 2144.49701 17483.33812 1925.63632
v 2156.19478 19603.33812 1893.49694
v 2144.49701 19603.33812 1861.35756
v 2114.87719 19603.33812 1844.25655
v 2081.19478 19603.33812 1850.19567
v 2059.21015 19603.33812 1876.39593
v 2059.21015 19603.33812 1910.59795
v 2081.19478 19603.33812 1936.79821
v 2114.87719 19603.33812 1942.73733
v 2144.49701 19603.33812 1925.63632
v 2495.41455 17483.33812 1893.49694
v 2483.71677 17483.33812 1861.35756
v 2454.09696 17483.33812 1844.25655
v 2420.41455 17483.33812 1850.19567
v 2398.42992 17483.33812 1876.39593
v 2398.42992 17483.33812 1910.59795
v 2420.41455 17483.33812 1936.79821
v 2454.09696 17483.33812 1942.73733
v 2483.71677 17483.33812 1925.63632
v 2495.41455 19603.33812 1893.49694
v 2483.71677 19603.33812 1861.35756
v 2454.09696 19603.33812 1844.25655
v 2420.41455 19603.33812 1850.19567
v 2398.42992 19603.33812 1876.39593
v 2398.42992 19603.33812 1910.59795
v 2420.41455 19603.33812 1936.79821
v 2454.09696 19603.33812 1942.73733
v 2483.71677 19603.33812 1925.63632
v 2834.63431 17483.33812 1893.49694
v 2822.93653 17483.33812 1861.35756
v 2793.31672 17483.33812 1844.25655
v 2759.63431 17483.33812 1850.19567
v 2737.64968 17483.33812 1876.39593
v 2737.64968 17483.33812 1910.59795
v 2759.63431 17483.33812 1936.79821
v 2793.31672 17483.33812 1942.73733
v 2822.93653 17483.33812 1925.63632
v 2834.63431 19603.33812 1893.49694
v 2822.93653 19603.33812 1861.35756
v 2793.31672 19603.33812 1844.25655
v 2759.63431 19603.33812 1850.19567
v 2737.64968 19603.33812 1876.39593
v 2737.64968 19603.33812 1910.59795
v 2759.63431 19603.33812 1936.79821
v 2793.31672 19603.33812 1942.73733
v 2822.93653 19603.33812 1925.63632
v 7004.54128 17483.33812 1992.04426
v 6992.84350 17483.33812 1959.90488
v 6963.22369 17483.33812 1942.80387
v 6929.54128 17483.33812 1948.74299
v 6907.55665 17483.33812 1974.94325
v 6907.55665 17483.33812 2009.14527
v 6929.54128 17483.33812 2035.34553
v 6963.22369 17483.33812 2041.28465
v 6992.84350 17483.33812 2024.18364
v 7004.54128 19603.33812 1992.04426
v 6992.84350 19603.33812 1959.90488
v 6963.22369 19603.33812 1942.80387
v 6929.54128 19603.33812 1948.74299
v 6907.55665 19603.33812 1974.94325
v 6907.55665 19603.33812 2009.14527
v 6929.54128 19603.33812 2035.34553
v 6963.22369 19603.33812 2041.28465
v 6992.84350 19603.33812 2024.18364
v 7371.49164 17483.33812 1992.04426
v 7359.79386 17483.33812 1959.90488
v 7330.17405 17483.33812 1942.80387
v 7296.49164 17483.33812 1948.74299
v 7274.50701 17483.33812 1974.94325
v 7274.50701 17483.33812 2009.14527
v 7296.49164 17483.33812 2035.34553
v 7330.17405 17483.33812 2041.28465
v 7359.79386 17483.33812 2024.18364
v 7371.49164 19603.33812 1992.04426
v 7359.79386 19603.33812 1959.90488
v 7330.17405 19603.33812 1942.80387
v 7296.49164 19603.33812 1948.74299
v 7274.50701 19603.33812 1974.94325
v 7274.50701 19603.33812 2009.14527
v 7296.49164 19603.33812 2035.34553
v 7330.17405 19603.33812 2041.28465
v 7359.79386 19603.33812 2024.18364
v 7738.44200 17483.33812 1992.04426
v 7726.74422 17483.33812 1959.90488
v 7697.12441 17483.33812 1942.80387
v 7663.44200 17483.33812 1948.74299
v 7641.45737 17483.33812 1974.94325
v 7641.45737 17483.33812 2009.14527
v 7663.44200 17483.33812 2035.34553
v 7697.12441 17483.33812 2041.28465
v 7726.74422 17483.33812 2024.18364
v 7738.44200 19603.33812 1992.04426
v 7726.74422 19603.33812 1959.90488
v 7697.12441 19603.33812 1942.80387
v 7663.44200 19603.33812 1948.74299
v 7641.45737 19603.33812 1974.94325
v 7641.45737 19603.33812 2009.14527
v 7663.44200 19603.33812 2035.34553
v 7697.12441 19603.33812 2041.28465
v 7726.74422 19603.33812 2024.18364
v 8105.39236 17483.33812 1992.04426
v 8093.69458 17483.33812 1959.90488
v 8064.07477 17483.33812 1942.80387
v 8030.39236 17483.33812 1948.74299
v 8008.40773 17483.33812 1974.94325
v 8008.40773 17483.33812 2009.14527
v 8030.39236 17483.33812 2035.34553
v 8064.07477 17483.33812 2041.28465
v 8093.69458 17483.33812 2024.18364
v 8105.39236 19603.33812 1992.04426
v 8093.69458 19603.33812 1959.90488
v 8064.07477 19603.33812 1942.80387
v 8030.39236 19603.33812 1948.74299
v 8008.40773 19603.33812 1974.94325
v 8008.40773 19603.33812 2009.14527
v 8030.39236 19603.33812 2035.34553
v 8064.07477 19603.33812 2041.28465
v 8093.69458 19603.33812 2024.18364
v 8472.34272 17483.33812 1992.04426
v 8460.64494 17483.33812 1959.90488
v 8431.02513 17483.33812 1942.80387
v 8397.34272 17483.33812 1948.74299
v 8375.35809 17483.33812 1974.94325
v 8375.35809 17483.33812 2009.14527
v 8397.34272 17483.33812 2035.34553
v 8431.02513 17483.33812 2041.28465
v 8460.64494 17483.33812 2024.18364
v 8472.34272 19603.33812 1992.04426
v 8460.64494 19603.33812 1959.90488
v 8431.02513 19603.33812 1942.80387
v 8397.34272 19603.33812 1948.74299
v 8375.35809 19603.33812 1974.94325
v 8375.35809 19603.33812 2009.14527
v 8397.34272 19603.33812 2035.34553
v 8431.02513 19603.33812 2041.28465
v 8460.64494 19603.33812 2024.18364
v 8081.86754 17253.33812 550.00000
v 8089.77566 17234.39024 552.34045
v 8108.86754 17226.54176 553.30989
v 8127.95942 17234.39024 552.34045
v 8135.86754 17253.33812 550.00000
v 8127.95942 17272.28600 547.65955
v 8108.86754 17280.13447 546.69011
v 8089.77566 17272.28600 547.65955
v 8081.86754 17483.33812 2412.04426
v 8089.77566 17464.39024 2414.38471
v 8108.86754 17456.54176 2415.35415
v 8127.95942 17464.39024 2414.38471
v 8135.86754 17483.33812 2412.04426
v 8127.95942 17502.28600 2409.70381
v 8108.86754 17510.13447 2408.73437
v 8089.77566 17502.28600 2409.70381
v 8341.86754 17253.33812 550.00000
v 8349.77566 17234.39024 552.34045
v 8368.86754 17226.54176 553.30989
v 8387.95942 17234.39024 552.34045
v 8395.86754 17253.33812 550.00000
v 8387.95942 17272.28600 547.65955
v 8368.86754 17280.13447 546.69011
v 8349.77566 17272.28600 547.65955
v 8341.86754 17483.33812 2412.04426
v 8349.77566 17464.39024 2414.38471
v 8368.86754 17456.54176 2415.35415
v 8387.95942 17464.39024 2414.38471
v 8395.86754 17483.33812 2412.04426
v 8387.95942 17502.28600 2409.70381
v 8368.86754 17510.13447 2408.73437
v 8349.77566 17502.28600 2409.70381
v 8088.86754 17255.47348 729.20443
v 8088.86754 17263.00368 713.56780
v 8088.86754 17279.92390 709.70587
v 8088.86754 17293.49286 720.52675
v 8088.86754 17293.49286 737.88210
v 8088.86754 17279.92390 748.70298
v 8088.86754 17263.00368 744.84106
v 8388.86754 17255.47348 729.20443
v 8388.86754 17263.00368 713.56780
v 8388.86754 17279.92390 709.70587
v 8388.86754 17293.49286 720.52675
v 8388.86754 17293.49286 737.88210
v 8388.86754 17279.92390 748.70298
v 8388.86754 17263.00368 744.84106
v 8088.86754 17277.60884 908.40885
v 8088.86754 17285.13904 892.77222
v 8088.86754 17302.05926 888.91029
v 8088.86754 17315.62821 899.73118
v 8088.86754 17315.62821 917.08653
v 8088.86754 17302.05926 927.90741
v 8088.86754 17285.13904 924.04548
v 8388.86754 17277.60884 908.40885
v 8388.86754 17285.13904 892.77222
v 8388.86754 17302.05926 888.91029
v 8388.86754 17315.62821 899.73118
v 8388.86754 17315.62821 917.08653
v 8388.86754 17302.05926 927.90741
v 8388.86754 17285.13904 924.04548
v 8088.86754 17299.74420 1087.61328
v 8088.86754 17307.27440 1071.97665
v 8088.86754 17324.19461 1068.11472
v 8088.86754 17337.76357 1078.93560
v 8088.86754 17337.76357 1096.29095
v 8088.86754 17324.19461 1107.11184
v 8088.86754 17307.27440 1103.24991
v 8388.86754 17299.74420 1087.61328
v 8388.86754 17307.27440 1071.97665
v 8388.86754 17324.19461 1068.11472
v 8388.86754 17337.76357 1078.93560
v 8388.86754 17337.76357 1096.29095
v 8388.86754 17324.19461 1107.11184
v 8388.86754 17307.27440 1103.24991
v 8088.86754 17321.87955 1266.81770
v 8088.86754 17329.40976 1251.18107
v 8088.86754 17346.32997 1247.31915
v 8088.86754 17359.89893 1258.14003
v 8088.86754 17359.89893 1275.49538
v 8088.86754 17346.32997 1286.31626
v 8088.86754 17329.40976 1282.45433
v 8388.86754 17321.87955 1266.81770
v 8388.86754 17329.40976 1251.18107
v 8388.86754 17346.32997 1247.31915
v 8388.86754 17359.89893 1258.14003
v 8388.86754 17359.89893 1275.49538
v 8388.86754 17346.32997 1286.31626
v 8388.86754 17329.40976 1282.45433
v 8088.86754 17344.01491 1446.02213
v 8088.86754 17351.54512 1430.38550
v 8088.86754 17368.46533 1426.52357
v 8088.86754 17382.03429 1437.34446
v 8088.86754 17382.03429 1454.69980
v 8088.86754 17368.46533 1465.52069
v 8088.86754 17351.54512 1461.65876
v 8388.86754 17344.01491 1446.02213
v 8388.86754 17351.54512 1430.38550
v 8388.86754 17368.46533 1426.52357
v 8388.86754 17382.03429 1437.34446
v 8388.86754 17382.03429 1454.69980
v 8388.86754 17368.46533 1465.52069
v 8388.86754 17351.54512 1461.65876
v 8088.86754 17366.15027 1625.22656
v 8088.86754 17373.68048 1609.58993
v 8088.86754 17390.60069 1605.72800
v 8088.86754 17404.16965 1616.54888
v 8088.86754 17404.16965 1633.90423
v 8088.86754 17390.60069 1644.72511
v 8088.86754 17373.68048 1640.86319
v 8388.86754 17366.15027 1625.22656
v 8388.86754 17373.68048 1609.58993
v 8388.86754 17390.60069 1605.72800
v 8388.86754 17404.16965 1616.54888
v 8388.86754 17404.16965 1633.90423
v 8388.86754 17390.60069 1644.72511
v 8388.86754 17373.68048 1640.86319
v 8088.86754 17388.28563 1804.43098
v 8088.86754 17395.81584 1788.79435
v 8088.86754 17412.73605 1784.93242
v 8088.86754 17426.30501 1795.75331
v 8088.86754 17426.30501 1813.10866
v 8088.86754 17412.73605 1823.92954
v 8088.86754 17395.81584 1820.06761
v 8388.86754 17388.28563 1804.43098
v 8388.86754 17395.81584 1788.79435
v 8388.86754 17412.73605 1784.93242
v 8388.86754 17426.30501 1795.75331
v 8388.86754 17426.30501 1813.10866
v 8388.86754 17412.73605 1823.92954
v 8388.86754 17395.81584 1820.06761
v 8088.86754 17410.42099 1983.63541
v 8088.86754 17417.95119 1967.99878
v 8088.86754 17434.87141 1964.13685
v 8088.86754 17448.44037 1974.95773
v 8088.86754 17448.44037 1992.31308
v 8088.86754 17434.87141 2003.13397
v 8088.86754 17417.95119 1999.27204
v 8388.86754 17410.42099 1983.63541
v 8388.86754 17417.95119 1967.99878
v 8388.86754 17434.87141 1964.13685
v 8388.86754 17448.44037 1974.95773
v 8388.86754 17448.44037 1992.31308
v 8388.86754 17434.87141 2003.13397
v 8388.86754 17417.95119 1999.27204
v 8088.86754 17432.55635 2162.83983
v 8088.86754 17440.08655 2147.20320
v 8088.86754 17457.00677 2143.34128
v 8088.86754 17470.57573 2154.16216
v 8088.86754 17470.57573 2171.51751
v 8088.86754 17457.00677 2182.33839
v 8088.86754 17440.08655 2178.47646
v 8388.86754 17432.55635 2162.83983
v 8388.86754 17440.08655 2147.20320
v 8388.86754 17457.00677 2143.34128
v 8388.86754 17470.57573 2154.16216
v 8388.86754 17470.57573 2171.51751
v 8388.86754 17457.00677 2182.33839
v 8388.86754 17440.08655 2178.47646
v 12660.84236 17483.33812 1866.64945
v 12649.14458 17483.33812 1834.51007
v 12619.52477 17483.33812 1817.40906
v 12585.84236 17483.33812 1823.34818
v 12563.85773 17483.33812 1849.54844
v 12563.85773 17483.33812 1883.75046
v 12585.84236 17483.33812 1909.95072
v 12619.52477 17483.33812 1915.88984
v 12649.14458 17483.33812 1898.78883
v 12660.84236 19603.33812 1866.64945
v 12649.14458 19603.33812 1834.51007
v 12619.52477 19603.33812 1817.40906
v 12585.84236 19603.33812 1823.34818
v 12563.85773 19603.33812 1849.54844
v 12563.85773 19603.33812 1883.75046
v 12585.84236 19603.33812 1909.95072
v 12619.52477 19603.33812 1915.88984
v 12649.14458 19603.33812 1898.78883
v 13019.52063 17483.33812 1866.64945
v 13007.82286 17483.33812 1834.51007
v 12978.20304 17483.33812 1817.40906
v 12944.52063 17483.33812 1823.34818
v 12922.53600 17483.33812 1849.54844
v 12922.53600 17483.33812 1883.75046
v 12944.52063 17483.33812 1909.95072
v 12978.20304 17483.33812 1915.88984
v 13007.82286 17483.33812 1898.78883
v 13019.52063 19603.33812 1866.64945
v 13007.82286 19603.33812 1834.51007
v 12978.20304 19603.33812 1817.40906
v 12944.52063 19603.33812 1823.34818
v 12922.53600 19603.33812 1849.54844
v 12922.53600 19603.33812 1883.75046
v 12944.52063 19603.33812 1909.95072
v 12978.20304 19603.33812 1915.88984
v 13007.82286 19603.33812 1898.78883
v 13378.19891 17483.33812 1866.64945
v 13366.50113 17483.33812 1834.51007
v 13336.88132 17483.33812 1817.40906
v 13303.19891 17483.33812 1823.34818
v 13281.21428 17483.33812 1849.54844
v 13281.21428 17483.33812 1883.75046
v 13303.19891 17483.33812 1909.95072
v 13336.88132 17483.33812 1915.88984
v 13366.50113 17483.33812 1898.78883
v 13378.19891 19603.33812 1866.64945
v 13366.50113 19603.33812 1834.51007
v 13336.88132 19603.33812 1817.40906
v 13303.19891 19603.33812 1823.34818
v 13281.21428 19603.33812 1849.54844
v 13281.21428 19603.33812 1883.75046
v 13303.19891 19603.33812 1909.95072
v 13336.88132 19603.33812 1915.88984
v 13366.50113 19603.33812 1898.78883
v 13736.87718 17483.33812 1866.64945
v 13725.17940 17483.33812 1834.51007
v 13695.55959 17483.33812 1817.40906
v 13661.87718 17483.33812 1823.34818
v 13639.89255 17483.33812 1849.54844
v 13639.89255 17483.33812 1883.75046
v 13661.87718 17483.33812 1909.95072
v 13695.55959 17483.33812 1915.88984
v 13725.17940 17483.33812 1898.78883
v 13736.87718 19603.33812 1866.64945
v 13725.17940 19603.33812 1834.51007
v 13695.55959 19603.33812 1817.40906
v 13661.87718 19603.33812 1823.34818
v 13639.89255 19603.33812 1849.54844
v 13639.89255 19603.33812 1883.75046
v 13661.87718 19603.33812 1909.95072
v 13695.55959 19603.33812 1915.88984
v 13725.17940 19603.33812 1898.78883
v 14095.55545 17483.33812 1866.64945
v 14083.85768 17483.33812 1834.51007
v 14054.23786 17483.33812 1817.40906
v 14020.55545 17483.33812 1823.34818
v 13998.57082 17483.33812 1849.54844
v 13998.57082 17483.33812 1883.75046
v 14020.55545 17483.33812 1909.95072
v 14054.23786 17483.33812 1915.88984
v 14083.85768 17483.33812 1898.78883
v 14095.55545 19603.33812 1866.64945
v 14083.85768 19603.33812 1834.51007
v 14054.23786 19603.33812 1817.40906
v 14020.55545 19603.33812 1823.34818
v 13998.57082 19603.33812 1849.54844
v 13998.57082 19603.33812 1883.75046
v 14020.55545 19603.33812 1909.95072
v 14054.23786 19603.33812 1915.88984
v 14083.85768 19603.33812 1898.78883
v 18371.79664 17483.33812 1551.99191
v 18360.09886 17483.33812 1519.85253
v 18330.47905 17483.33812 1502.75152
v 18296.79664 17483.33812 1508.69064
v 18274.81201 17483.33812 1534.89090
v 18274.81201 17483.33812 1569.09291
v 18296.79664 17483.33812 1595.29318
v 18330.47905 17483.33812 1601.23230
v 18360.09886 17483.33812 1584.13129
v 18371.79664 19603.33812 1551.99191
v 18360.09886 19603.33812 1519.85253
v 18330.47905 19603.33812 1502.75152
v 18296.79664 19603.33812 1508.69064
v 18274.81201 19603.33812 1534.89090
v 18274.81201 19603.33812 1569.09291
v 18296.79664 19603.33812 1595.29318
v 18330.47905 19603.33812 1601.23230
v 18360.09886 19603.33812 1584.13129
v 18688.29676 17483.33812 1551.99191
v 18676.59898 17483.33812 1519.85253
v 18646.97917 17483.33812 1502.75152
v 18613.29676 17483.33812 1508.69064
v 18591.31213 17483.33812 1534.89090
v 18591.31213 17483.33812 1569.09291
v 18613.29676 17483.33812 1595.29318
v 18646.97917 17483.33812 1601.23230
v 18676.59898 17483.33812 1584.13129
v 18688.29676 19603.33812 1551.99191
v 18676.59898 19603.33812 1519.85253
v 18646.97917 19603.33812 1502.75152
v 18613.29676 19603.33812 1508.69064
v 18591.31213 19603.33812 1534.89090
v 18591.31213 19603.33812 1569.09291
v 18613.29676 19603.33812 1595.29318
v 18646.97917 19603.33812 1601.23230
v 18676.59898 19603.33812 1584.13129
v 19004.79687 17483.33812 1551.99191
v 18993.09910 17483.33812 1519.85253
v 18963.47928 17483.33812 1502.75152
v 18929.79687 17483.33812 1508.69064
v 18907.81224 17483.33812 1534.89090
v 18907.81224 17483.33812 1569.09291
v 18929.79687 17483.33812 1595.29318
v 18963.47928 17483.33812 1601.23230
v 18993.09910 17483.33812 1584.13129
v 19004.79687 19603.33812 1551.99191
v 18993.09910 19603.33812 1519.85253
v 18963.47928 19603.33812 1502.75152
v 18929.79687 19603.33812 1508.69064
v 18907.81224 19603.33812 1534.89090
v 18907.81224 19603.33812 1569.09291
v 18929.79687 19603.33812 1595.29318
v 18963.47928 19603.33812 1601.23230
v 18993.09910 19603.33812 1584.13129
v 19321.29699 17483.33812 1551.99191
v 19309.59921 17483.33812 1519.85253
v 19279.97940 17483.33812 1502.75152
v 19246.29699 17483.33812 1508.69064
v 19224.31236 17483.33812 1534.89090
v 19224.31236 17483.33812 1569.09291
v 19246.29699 17483.33812 1595.29318
v 19279.97940 17483.33812 1601.23230
v 19309.59921 17483.33812 1584.13129
v 19321.29699 19603.33812 1551.99191
v 19309.59921 19603.33812 1519.85253
v 19279.97940 19603.33812 1502.75152
v 19246.29699 19603.33812 1508.69064
v 19224.31236 19603.33812 1534.89090
v 19224.31236 19603.33812 1569.09291
v 19246.29699 19603.33812 1595.29318
v 19279.97940 19603.33812 1601.23230
v 19309.59921 19603.33812 1584.13129
v 19637.79711 17483.33812 1551.99191
v 19626.09933 17483.33812 1519.85253
v 19596.47951 17483.33812 1502.75152
v 19562.79711 17483.33812 1508.69064
v 19540.81247 17483.33812 1534.89090
v 19540.81247 17483.33812 1569.09291
v 19562.79711 17483.33812 1595.29318
v 19596.47951 17483.33812 1601.23230
v 19626.09933 17483.33812 1584.13129
v 19637.79711 19603.33812 1551.99191
v 19626.09933 19603.33812 1519.85253
v 19596.47951 19603.33812 1502.75152
v 19562.79711 19603.33812 1508.69064
v 19540.81247 19603.33812 1534.89090
v 19540.81247 19603.33812 1569.09291
v 19562.79711 19603.33812 1595.29318
v 19596.47951 19603.33812 1601.23230
v 19626.09933 19603.33812 1584.13129
v 23616.98498 17483.33812 2072.30894
v 23605.28721 17483.33812 2040.16956
v 23575.66739 17483.33812 2023.06855
v 23541.98498 17483.33812 2029.00767
v 23520.00035 17483.33812 2055.20793
v 23520.00035 17483.33812 2089.40995
v 23541.98498 17483.33812 2115.61021
v 23575.66739 17483.33812 2121.54933
v 23605.28721 17483.33812 2104.44832
v 23616.98498 19603.33812 2072.30894
v 23605.28721 19603.33812 2040.16956
v 23575.66739 19603.33812 2023.06855
v 23541.98498 19603.33812 2029.00767
v 23520.00035 19603.33812 2055.20793
v 23520.00035 19603.33812 2089.40995
v 23541.98498 19603.33812 2115.61021
v 23575.66739 19603.33812 2121.54933
v 23605.28721 19603.33812 2104.44832
v 23985.44899 17483.33812 2072.30894
v 23973.75121 17483.33812 2040.16956
v 23944.13140 17483.33812 2023.06855
v 23910.44899 17483.33812 2029.00767
v 23888.46436 17483.33812 2055.20793
v 23888.46436 17483.33812 2089.40995
v 23910.44899 17483.33812 2115.61021
v 23944.13140 17483.33812 2121.54933
v 23973.75121 17483.33812 2104.44832
v 23985.44899 19603.33812 2072.30894
v 23973.75121 19603.33812 2040.16956
v 23944.13140 19603.33812 2023.06855
v 23910.44899 19603.33812 2029.00767
v 23888.46436 19603.33812 2055.20793
v 23888.46436 19603.33812 2089.40995
v 23910.44899 19603.33812 2115.61021
v 23944.13140 19603.33812 2121.54933
v 23973.75121 19603.33812 2104.44832
v 24353.91299 17483.33812 2072.30894
v 24342.21522 17483.33812 2040.16956
v 24312.59540 17483.33812 2023.06855
v 24278.91299 17483.33812 2029.00767
v 24256.92836 17483.33812 2055.20793
v 24256.92836 17483.33812 2089.40995
v 24278.91299 17483.33812 2115.61021
v 24312.59540 17483.33812 2121.54933
v 24342.21522 17483.33812 2104.44832
v 24353.91299 19603.33812 2072.30894
v 24342.21522 19603.33812 2040.16956
v 24312.59540 19603.33812 2023.06855
v 24278.91299 19603.33812 2029.00767
v 24256.92836 19603.33812 2055.20793
v 24256.92836 19603.33812 2089.40995
v 24278.91299 19603.33812 2115.61021
v 24312.59540 19603.33812 2121.54933
v 24342.21522 19603.33812 2104.44832
v 24722.37700 17483.33812 2072.30894
v 24710.67922 17483.33812 2040.16956
v 24681.05941 17483.33812 2023.06855
v 24647.37700 17483.33812 2029.00767
v 24625.39237 17483.33812 2055.20793
v 24625.39237 17483.33812 2089.40995
v 24647.37700 17483.33812 2115.61021
v 24681.05941 17483.33812 2121.54933
v 24710.67922 17483.33812 2104.44832
v 24722.37700 19603.33812 2072.30894
v 24710.67922 19603.33812 2040.16956
v 24681.05941 19603.33812 2023.06855
v 24647.37700 19603.33812 2029.00767
v 24625.39237 19603.33812 2055.20793
v 24625.39237 19603.33812 2089.40995
v 24647.37700 19603.33812 2115.61021
v 24681.05941 19603.33812 2121.54933
v 24710.67922 19603.33812 2104.44832
v 25090.84101 17483.33812 2072.30894
v 25079.14323 17483.33812 2040.16956
v 25049.52341 17483.33812 2023.06855
v 25015.84101 17483.33812 2029.00767
v 24993.85637 17483.33812 2055.20793
v 24993.85637 17483.33812 2089.40995
v 25015.84101 17483.33812 2115.61021
v 25049.52341 17483.33812 2121.54933
v 25079.14323 17483.33812 2104.44832
v 25090.84101 19603.33812 2072.30894
v 25079.14323 19603.33812 2040.16956
v 25049.52341 19603.33812 2023.06855
v 25015.84101 19603.33812 2029.00767
v 24993.85637 19603.33812 2055.20793
v 24993.85637 19603.33812 2089.40995
v 25015.84101 19603.33812 2115.61021
v 25049.52341 19603.33812 2121.54933
v 25079.14323 19603.33812 2104.44832
v 24699.60900 17253.33812 550.00000
v 24707.51712 17234.37870 552.24509
v 24726.60900 17226.52545 553.17504
v 24745.70089 17234.37870 552.24509
v 24753.60900 17253.33812 550.00000
v 24745.70089 17272.29754 547.75491
v 24726.60900 17280.15079 546.82496
v 24707.51712 17272.29754 547.75491
v 24699.60900 17483.33812 2492.30894
v 24707.51712 17464.37870 2494.55403
v 24726.60900 17456.52545 2495.48398
v 24745.70089 17464.37870 2494.55403
v 24753.60900 17483.33812 2492.30894
v 24745.70089 17502.29754 2490.06385
v 24726.60900 17510.15079 2489.13390
v 24707.51712 17502.29754 2490.06385
v 24959.60900 17253.33812 550.00000
v 24967.51712 17234.37870 552.24509
v 24986.60900 17226.52545 553.17504
v 25005.70089 17234.37870 552.24509
v 25013.60900 17253.33812 550.00000
v 25005.70089 17272.29754 547.75491
v 24986.60900 17280.15079 546.82496
v 24967.51712 17272.29754 547.75491
v 24959.60900 17483.33812 2492.30894
v 24967.51712 17464.37870 2494.55403
v 24986.60900 17456.52545 2495.48398
v 25005.70089 17464.37870 2494.55403
v 25013.60900 17483.33812 2492.30894
v 25005.70089 17502.29754 2490.06385
v 24986.60900 17510.15079 2489.13390
v 24967.51712 17502.29754 2490.06385
v 24706.60900 17255.50921 737.23089
v 24706.60900 17263.03941 721.59426
v 24706.60900 17279.95963 717.73234
v 24706.60900 17293.52859 728.55322
v 24706.60900 17293.52859 745.90857
v 24706.60900 17279.95963 756.72945
v 24706.60900 17263.03941 752.86752
v 25006.60900 17255.50921 737.23089
v 25006.60900 17263.03941 721.59426
v 25006.60900 17279.95963 717.73234
v 25006.60900 17293.52859 728.55322
v 25006.60900 17293.52859 745.90857
v 25006.60900 17279.95963 756.72945
v 25006.60900 17263.03941 752.86752
v 24706.60900 17277.68030 924.46179
v 24706.60900 17285.21050 908.82516
v 24706.60900 17302.13072 904.96323
v 24706.60900 17315.69968 915.78411
v 24706.60900 17315.69968 933.13946
v 24706.60900 17302.13072 943.96035
v 24706.60900 17285.21050 940.09842
v 25006.60900 17277.68030 924.46179
v 25006.60900 17285.21050 908.82516
v 25006.60900 17302.13072 904.96323
v 25006.60900 17315.69968 915.78411
v 25006.60900 17315.69968 933.13946
v 25006.60900 17302.13072 943.96035
v 25006.60900 17285.21050 940.09842
v 24706.60900 17299.85139 1111.69268
v 24706.60900 17307.38159 1096.05605
v 24706.60900 17324.30181 1092.19412
v 24706.60900 17337.87077 1103.01501
v 24706.60900 17337.87077 1120.37036
v 24706.60900 17324.30181 1131.19124
v 24706.60900 17307.38159 1127.32931
v 25006.60900 17299.85139 1111.69268
v 25006.60900 17307.38159 1096.05605
v 25006.60900 17324.30181 1092.19412
v 25006.60900 17337.87077 1103.01501
v 25006.60900 17337.87077 1120.37036
v 25006.60900 17324.30181 1131.19124
v 25006.60900 17307.38159 1127.32931
v 24706.60900 17322.02248 1298.92358
v 24706.60900 17329.55268 1283.28695
v 24706.60900 17346.47290 1279.42502
v 24706.60900 17360.04186 1290.24590
v 24706.60900 17360.04186 1307.60125
v 24706.60900 17346.47290 1318.42213
v 24706.60900 17329.55268 1314.56021
v 25006.60900 17322.02248 1298.92358
v 25006.60900 17329.55268 1283.28695
v 25006.60900 17346.47290 1279.42502
v 25006.60900 17360.04186 1290.24590
v 25006.60900 17360.04186 1307.60125
v 25006.60900 17346.47290 1318.42213
v 25006.60900 17329.55268 1314.56021
v 24706.60900 17344.19357 1486.15447
v 24706.60900 17351.72377 1470.51784
v 24706.60900 17368.64399 1466.65591
v 24706.60900 17382.21294 1477.47680
v 24706.60900 17382.21294 1494.83214
v 24706.60900 17368.64399 1505.65303
v 24706.60900 17351.72377 1501.79110
v 25006.60900 17344.19357 1486.15447
v 25006.60900 17351.72377 1470.51784
v 25006.60900 17368.64399 1466.65591
v 25006.60900 17382.21294 1477.47680
v 25006.60900 17382.21294 1494.83214
v 25006.60900 17368.64399 1505.65303
v 25006.60900 17351.72377 1501.79110
v 24706.60900 17366.36466 1673.38536
v 24706.60900 17373.89486 1657.74873
v 24706.60900 17390.81508 1653.88681
v 24706.60900 17404.38403 1664.70769
v 24706.60900 17404.38403 1682.06304
v 24706.60900 17390.81508 1692.88392
v 24706.60900 17373.89486 1689.02199
v 25006.60900 17366.36466 1673.38536
v 25006.60900 17373.89486 1657.74873
v 25006.60900 17390.81508 1653.88681
v 25006.60900 17404.38403 1664.70769
v 25006.60900 17404.38403 1682.06304
v 25006.60900 17390.81508 1692.88392
v 25006.60900 17373.89486 1689.02199
v 24706.60900 17388.53575 1860.61626
v 24706.60900 17396.06595 1844.97963
v 24706.60900 17412.98617 1841.11770
v 24706.60900 17426.55512 1851.93858
v 24706.60900 17426.55512 1869.29393
v 24706.60900 17412.98617 1880.11482
v 24706.60900 17396.06595 1876.25289
v 25006.60900 17388.53575 1860.61626
v 25006.60900 17396.06595 1844.97963
v 25006.60900 17412.98617 1841.11770
v 25006.60900 17426.55512 1851.93858
v 25006.60900 17426.55512 1869.29393
v 25006.60900 17412.98617 1880.11482
v 25006.60900 17396.06595 1876.25289
v 24706.60900 17410.70684 2047.84715
v 24706.60900 17418.23704 2032.21052
v 24706.60900 17435.15725 2028.34859
v 24706.60900 17448.72621 2039.16948
v 24706.60900 17448.72621 2056.52483
v 24706.60900 17435.15725 2067.34571
v 24706.60900 17418.23704 2063.48378
v 25006.60900 17410.70684 2047.84715
v 25006.60900 17418.23704 2032.21052
v 25006.60900 17435.15725 2028.34859
v 25006.60900 17448.72621 2039.16948
v 25006.60900 17448.72621 2056.52483
v 25006.60900 17435.15725 2067.34571
v 25006.60900 17418.23704 2063.48378
v 24706.60900 17432.87793 2235.07805
v 24706.60900 17440.40813 2219.44142
v 24706.60900 17457.32834 2215.57949
v 24706.60900 17470.89730 2226.40037
v 24706.60900 17470.89730 2243.75572
v 24706.60900 17457.32834 2254.57660
v 24706.60900 17440.40813 2250.71468
v 25006.60900 17432.87793 2235.07805
v 25006.60900 17440.40813 2219.44142
v 25006.60900 17457.32834 2215.57949
v 25006.60900 17470.89730 2226.40037
v 25006.60900 17470.89730 2243.75572
v 25006.60900 17457.32834 2254.57660
v 25006.60900 17440.40813 2250.71468
v 29011.34456 17483.33812 1790.52090
v 28999.64678 17483.33812 1758.38152
v 28970.02697 17483.33812 1741.28051
v 28936.34456 17483.33812 1747.21963
v 28914.35993 17483.33812 1773.41989
v 28914.35993 17483.33812 1807.62190
v 28936.34456 17483.33812 1833.82217
v 28970.02697 17483.33812 1839.76128
v 28999.64678 17483.33812 1822.66028
v 29011.34456 19603.33812 1790.52090
v 28999.64678 19603.33812 1758.38152
v 28970.02697 19603.33812 1741.28051
v 28936.34456 19603.33812 1747.21963
v 28914.35993 19603.33812 1773.41989
v 28914.35993 19603.33812 1807.62190
v 28936.34456 19603.33812 1833.82217
v 28970.02697 19603.33812 1839.76128
v 28999.64678 19603.33812 1822.66028
v 29388.38812 17483.33812 1790.52090
v 29376.69034 17483.33812 1758.38152
v 29347.07052 17483.33812 1741.28051
v 29313.38812 17483.33812 1747.21963
v 29291.40348 17483.33812 1773.41989
v 29291.40348 17483.33812 1807.62190
v 29313.38812 17483.33812 1833.82217
v 29347.07052 17483.33812 1839.76128
v 29376.69034 17483.33812 1822.66028
v 29388.38812 19603.33812 1790.52090
v 29376.69034 19603.33812 1758.38152
v 29347.07052 19603.33812 1741.28051
v 29313.38812 19603.33812 1747.21963
v 29291.40348 19603.33812 1773.41989
v 29291.40348 19603.33812 1807.62190
v 29313.38812 19603.33812 1833.82217
v 29347.07052 19603.33812 1839.76128
v 29376.69034 19603.33812 1822.66028
v 29765.43167 17483.33812 1790.52090
v 29753.73389 17483.33812 1758.38152
v 29724.11408 17483.33812 1741.28051
v 29690.43167 17483.33812 1747.21963
v 29668.44704 17483.33812 1773.41989
v 29668.44704 17483.33812 1807.62190
v 29690.43167 17483.33812 1833.82217
v 29724.11408 17483.33812 1839.76128
v 29753.73389 17483.33812 1822.66028
v 29765.43167 19603.33812 1790.52090
v 29753.73389 19603.33812 1758.38152
v 29724.11408 19603.33812 1741.28051
v 29690.43167 19603.33812 1747.21963
v 29668.44704 19603.33812 1773.41989
v 29668.44704 19603.33812 1807.62190
v 29690.43167 19603.33812 1833.82217
v 29724.11408 19603.33812 1839.76128
v 29753.73389 19603.33812 1822.66028
v 30142.47522 17483.33812 1790.52090
v 30130.77744 17483.33812 1758.38152
v 30101.15763 17483.33812 1741.28051
v 30067.47522 17483.33812 1747.21963
v 30045.49059 17483.33812 1773.41989
v 30045.49059 17483.33812 1807.62190
v 30067.47522 17483.33812 1833.82217
v 30101.15763 17483.33812 1839.76128
v 30130.77744 17483.33812 1822.66028
v 30142.47522 19603.33812 1790.52090
v 30130.77744 19603.33812 1758.38152
v 30101.15763 19603.33812 1741.28051
v 30067.47522 19603.33812 1747.21963
v 30045.49059 19603.33812 1773.41989
v 30045.49059 19603.33812 1807.62190
v 30067.47522 19603.33812 1833.82217
v 30101.15763 19603.33812 1839.76128
v 30130.77744 19603.33812 1822.66028
v 30519.51877 17483.33812 1790.52090
v 30507.82099 17483.33812 1758.38152
v 30478.20118 17483.33812 1741.28051
v 30444.51877 17483.33812 1747.21963
v 30422.53414 17483.33812 1773.41989
v 30422.53414 17483.33812 1807.62190
v 30444.51877 17483.33812 1833.82217
v 30478.20118 17483.33812 1839.76128
v 30507.82099 17483.33812 1822.66028
v 30519.51877 19603.33812 1790.52090
v 30507.82099 19603.33812 1758.38152
v 30478.20118 19603.33812 1741.28051
v 30444.51877 19603.33812 1747.21963
v 30422.53414 19603.33812 1773.41989
v 30422.53414 19603.33812 1807.62190
v 30444.51877 19603.33812 1833.82217
v 30478.20118 19603.33812 1839.76128
v 30507.82099 19603.33812 1822.66028
v 34686.07672 17483.33812 1602.68008
v 34674.37894 17483.33812 1570.54070
v 34644.75913 17483.33812 1553.43969
v 34611.07672 17483.33812 1559.37881
v 34589.09209 17483.33812 1585.57907
v 34589.09209 17483.33812 1619.78108
v 34611.07672 17483.33812 1645.98135
v 34644.75913 17483.33812 1651.92046
v 34674.37894 17483.33812 1634.81946
v 34686.07672 19603.33812 1602.68008
v 34674.37894 19603.33812 1570.54070
v 34644.75913 19603.33812 1553.43969
v 34611.07672 19603.33812 1559.37881
v 34589.09209 19603.33812 1585.57907
v 34589.09209 19603.33812 1619.78108
v 34611.07672 19603.33812 1645.98135
v 34644.75913 19603.33812 1651.92046
v 34674.37894 19603.33812 1634.81946
v 35047.47755 17483.33812 1602.68008
v 35035.77977 17483.33812 1570.54070
v 35006.15996 17483.33812 1553.43969
v 34972.47755 17483.33812 1559.37881
v 34950.49292 17483.33812 1585.57907
v 34950.49292 17483.33812 1619.78108
v 34972.47755 17483.33812 1645.98135
v 35006.15996 17483.33812 1651.92046
v 35035.77977 17483.33812 1634.81946
v 35047.47755 19603.33812 1602.68008
v 35035.77977 19603.33812 1570.54070
v 35006.15996 19603.33812 1553.43969
v 34972.47755 19603.33812 1559.37881
v 34950.49292 19603.33812 1585.57907
v 34950.49292 19603.33812 1619.78108
v 34972.47755 19603.33812 1645.98135
v 35006.15996 19603.33812 1651.92046
v 35035.77977 19603.33812 1634.81946
v 35408.87838 17483.33812 1602.68008
v 35397.18060 17483.33812 1570.54070
v 35367.56079 17483.33812 1553.43969
v 35333.87838 17483.33812 1559.37881
v 35311.89375 17483.33812 1585.57907
v 35311.89375 17483.33812 1619.78108
v 35333.87838 17483.33812 1645.98135
v 35367.56079 17483.33812 1651.92046
v 35397.18060 17483.33812 1634.81946
v 35408.87838 19603.33812 1602.68008
v 35397.18060 19603.33812 1570.54070
v 35367.56079 19603.33812 1553.43969
v 35333.87838 19603.33812 1559.37881
v 35311.89375 19603.33812 1585.57907
v 35311.89375 19603.33812 1619.78108
v 35333.87838 19603.33812 1645.98135
v 35367.56079 19603.33812 1651.92046
v 35397.18060 19603.33812 1634.81946
v 35770.27921 17483.33812 1602.68008
v 35758.58144 17483.33812 1570.54070
v 35728.96162 17483.33812 1553.43969
v 35695.27921 17483.33812 1559.37881
v 35673.29458 17483.33812 1585.57907
v 35673.29458 17483.33812 1619.78108
v 35695.27921 17483.33812 1645.98135
v 35728.96162 17483.33812 1651.92046
v 35758.58144 17483.33812 1634.81946
v 35770.27921 19603.33812 1602.68008
v 35758.58144 19603.33812 1570.54070
v 35728.96162 19603.33812 1553.43969
v 35695.27921 19603.33812 1559.37881
v 35673.29458 19603.33812 1585.57907
v 35673.29458 19603.33812 1619.78108
v 35695.27921 19603.33812 1645.98135
v 35728.96162 19603.33812 1651.92046
v 35758.58144 19603.33812 1634.81946
v 36131.68004 17483.33812 1602.68008
v 36119.98227 17483.33812 1570.54070
v 36090.36245 17483.33812 1553.43969
v 36056.68004 17483.33812 1559.37881
v 36034.69541 17483.33812 1585.57907
v 36034.69541 17483.33812 1619.78108
v 36056.68004 17483.33812 1645.98135
v 36090.36245 17483.33812 1651.92046
v 36119.98227 17483.33812 1634.81946
v 36131.68004 19603.33812 1602.68008
v 36119.98227 19603.33812 1570.54070
v 36090.36245 19603.33812 1553.43969
v 36056.68004 19603.33812 1559.37881
v 36034.69541 19603.33812 1585.57907
v 36034.69541 19603.33812 1619.78108
v 36056.68004 19603.33812 1645.98135
v 36090.36245 19603.33812 1651.92046
v 36119.98227 19603.33812 1634.81946
v -31582.34999 21348.85519 2650.25303
v -31594.04776 21348.85519 2618.11365
v -31623.66758 21348.85519 2601.01264
v -31657.34999 21348.85519 2606.95176
v -31679.33462 21348.85519 2633.15202
v -31679.33462 21348.85519 2667.35404
v -31657.34999 21348.85519 2693.55430
v -31623.66758 21348.85519 2699.49342
v -31594.04776 21348.85519 2682.39241
v -31582.34999 23468.85519 2650.25303
v -31594.04776 23468.85519 2618.11365
v -31623.66758 23468.85519 2601.01264
v -31657.34999 23468.85519 2606.95176
v -31679.33462 23468.85519 2633.15202
v -31679.33462 23468.85519 2667.35404
v -31657.34999 23468.85519 2693.55430
v -31623.66758 23468.85519 2699.49342
v -31594.04776 23468.85519 2682.39241
v -31207.79367 21348.85519 2650.25303
v -31219.49144 21348.85519 2618.11365
v -31249.11126 21348.85519 2601.01264
v -31282.79367 21348.85519 2606.95176
v -31304.77830 21348.85519 2633.15202
v -31304.77830 21348.85519 2667.35404
v -31282.79367 21348.85519 2693.55430
v -31249.11126 21348.85519 2699.49342
v -31219.49144 21348.85519 2682.39241
v -31207.79367 23468.85519 2650.25303
v -31219.49144 23468.85519 2618.11365
v -31249.11126 23468.85519 2601.01264
v -31282.79367 23468.85519 2606.95176
v -31304.77830 23468.85519 2633.15202
v -31304.77830 23468.85519 2667.35404
v -31282.79367 23468.85519 2693.55430
v -31249.11126 23468.85519 2699.49342
v -31219.49144 23468.85519 2682.39241
v -30833.23735 21348.85519 2650.25303
v -30844.93512 21348.85519 2618.11365
v -30874.55494 21348.85519 2601.01264
v -30908.23735 21348.85519 2606.95176
v -30930.22198 21348.85519 2633.15202
v -30930.22198 21348.85519 2667.35404
v -30908.23735 21348.85519 2693.55430
v -30874.55494 21348.85519 2699.49342
v -30844.93512 21348.85519 2682.39241
v -30833.23735 23468.85519 2650.25303
v -30844.93512 23468.85519 2618.11365
v -30874.55494 23468.85519 2601.01264
v -30908.23735 23468.85519 2606.95176
v -30930.22198 23468.85519 2633.15202
v -30930.22198 23468.85519 2667.35404
v -30908.23735 23468.85519 2693.55430
v -30874.55494 23468.85519 2699.49342
v -30844.93512 23468.85519 2682.39241
v -30458.68103 21348.85519 2650.25303
v -30470.37880 21348.85519 2618.11365
v -30499.99862 21348.85519 2601.01264
v -30533.68103 21348.85519 2606.95176
v -30555.66566 21348.85519 2633.15202
v -30555.66566 21348.85519 2667.35404
v -30533.68103 21348.85519 2693.55430
v -30499.99862 21348.85519 2699.49342
v -30470.37880 21348.85519 2682.39241
v -30458.68103 23468.85519 2650.25303
v -30470.37880 23468.85519 2618.11365
v -30499.99862 23468.85519 2601.01264
v -30533.68103 23468.85519 2606.95176
v -30555.66566 23468.85519 2633.15202
v -30555.66566 23468.85519 2667.35404
v -30533.68103 23468.85519 2693.55430
v -30499.99862 23468.85519 2699.49342
v -30470.37880 23468.85519 2682.39241
v -30084.12471 21348.85519 2650.25303
v -30095.82248 21348.85519 2618.11365
v -30125.44230 21348.85519 2601.01264
v -30159.12471 21348.85519 2606.95176
v -30181.10934 21348.85519 2633.15202
v -30181.10934 21348.85519 2667.35404
v -30159.12471 21348.85519 2693.55430
v -30125.44230 21348.85519 2699.49342
v -30095.82248 21348.85519 2682.39241
v -30084.12471 23468.85519 2650.25303
v -30095.82248 23468.85519 2618.11365
v -30125.44230 23468.85519 2601.01264
v -30159.12471 23468.85519 2606.95176
v -30181.10934 23468.85519 2633.15202
v -30181.10934 23468.85519 2667.35404
v -30159.12471 23468.85519 2693.55430
v -30125.44230 23468.85519 2699.49342
v -30095.82248 23468.85519 2682.39241
v -30478.40287 21118.85519 1400.00000
v -30470.49475 21099.94179 1402.60445
v -30451.40287 21092.10760 1403.68324
v -30432.31098 21099.94179 1402.60445
v -30424.40287 21118.85519 1400.00000
v -30432.31098 21137.76859 1397.39555
v -30451.40287 21145.60278 1396.31676
v -30470.49475 21137.76859 1397.39555
v -30478.40287 21348.85519 3070.25303
v -30470.49475 21329.94179 3072.85748
v -30451.40287 21322.10760 3073.93627
v -30432.31098 21329.94179 3072.85748
v -30424.40287 21348.85519 3070.25303
v -30432.31098 21367.76859 3067.64859
v -30451.40287 21375.60278 3066.56979
v -30470.49475 21367.76859 3067.64859
v -30218.40287 21118.85519 1400.00000
v -30210.49475 21099.94179 1402.60445
v -30191.40287 21092.10760 1403.68324
v -30172.31098 21099.94179 1402.60445
v -30164.40287 21118.85519 1400.00000
v -30172.31098 21137.76859 1397.39555
v -30191.40287 21145.60278 1396.31676
v -30210.49475 21137.76859 1397.39555
v -30218.40287 21348.85519 3070.25303
v -30210.49475 21329.94179 3072.85748
v -30191.40287 21322.10760 3073.93627
v -30172.31098 21329.94179 3072.85748
v -30164.40287 21348.85519 3070.25303
v -30172.31098 21367.76859 3067.64859
v -30191.40287 21375.60278 3066.56979
v -30210.49475 21367.76859 3067.64859
v -30471.40287 21120.89126 1560.02530
v -30471.40287 21128.42147 1544.38867
v -30471.40287 21145.34168 1540.52674
v -30471.40287 21158.91064 1551.34763
v -30471.40287 21158.91064 1568.70298
v -30471.40287 21145.34168 1579.52386
v -30471.40287 21128.42147 1575.66193
v -30171.40287 21120.89126 1560.02530
v -30171.40287 21128.42147 1544.38867
v -30171.40287 21145.34168 1540.52674
v -30171.40287 21158.91064 1551.34763
v -30171.40287 21158.91064 1568.70298
v -30171.40287 21145.34168 1579.52386
v -30171.40287 21128.42147 1575.66193
v -30471.40287 21142.92734 1720.05061
v -30471.40287 21150.45754 1704.41398
v -30471.40287 21167.37776 1700.55205
v -30471.40287 21180.94672 1711.37293
v -30471.40287 21180.94672 1728.72828
v -30471.40287 21167.37776 1739.54916
v -30471.40287 21150.45754 1735.68724
v -30171.40287 21142.92734 1720.05061
v -30171.40287 21150.45754 1704.41398
v -30171.40287 21167.37776 1700.55205
v -30171.40287 21180.94672 1711.37293
v -30171.40287 21180.94672 1728.72828
v -30171.40287 21167.37776 1739.54916
v -30171.40287 21150.45754 1735.68724
v -30471.40287 21164.96341 1880.07591
v -30471.40287 21172.49362 1864.43928
v -30471.40287 21189.41383 1860.57735
v -30471.40287 21202.98279 1871.39823
v -30471.40287 21202.98279 1888.75358
v -30471.40287 21189.41383 1899.57447
v -30471.40287 21172.49362 1895.71254
v -30171.40287 21164.96341 1880.07591
v -30171.40287 21172.49362 1864.43928
v -30171.40287 21189.41383 1860.57735
v -30171.40287 21202.98279 1871.39823
v -30171.40287 21202.98279 1888.75358
v -30171.40287 21189.41383 1899.57447
v -30171.40287 21172.49362 1895.71254
v -30471.40287 21186.99949 2040.10121
v -30471.40287 21194.52969 2024.46458
v -30471.40287 21211.44991 2020.60265
v -30471.40287 21225.01886 2031.42354
v -30471.40287 21225.01886 2048.77889
v -30471.40287 21211.44991 2059.59977
v -30471.40287 21194.52969 2055.73784
v -30171.40287 21186.99949 2040.10121
v -30171.40287 21194.52969 2024.46458
v -30171.40287 21211.44991 2020.60265
v -30171.40287 21225.01886 2031.42354
v -30171.40287 21225.01886 2048.77889
v -30171.40287 21211.44991 2059.59977
v -30171.40287 21194.52969 2055.73784
v -30471.40287 21209.03556 2200.12652
v -30471.40287 21216.56576 2184.48989
v -30471.40287 21233.48598 2180.62796
v -30471.40287 21247.05494 2191.44884
v -30471.40287 21247.05494 2208.80419
v -30471.40287 21233.48598 2219.62507
v -30471.40287 21216.56576 2215.76315
v -30171.40287 21209.03556 2200.12652
v -30171.40287 21216.56576 2184.48989
v -30171.40287 21233.48598 2180.62796
v -30171.40287 21247.05494 2191.44884
v -30171.40287 21247.05494 2208.80419
v -30171.40287 21233.48598 2219.62507
v -30171.40287 21216.56576 2215.76315
v -30471.40287 21231.07163 2360.15182
v -30471.40287 21238.60184 2344.51519
v -30471.40287 21255.52205 2340.65326
v -30471.40287 21269.09101 2351.47414
v -30471.40287 21269.09101 2368.82949
v -30471.40287 21255.52205 2379.65038
v -30471.40287 21238.60184 2375.78845
v -30171.40287 21231.07163 2360.15182
v -30171.40287 21238.60184 2344.51519
v -30171.40287 21255.52205 2340.65326
v -30171.40287 21269.09101 2351.47414
v -30171.40287 21269.09101 2368.82949
v -30171.40287 21255.52205 2379.65038
v -30171.40287 21238.60184 2375.78845
v -30471.40287 21253.10771 2520.17712
v -30471.40287 21260.63791 2504.54049
v -30471.40287 21277.55813 2500.67856
v -30471.40287 21291.12709 2511.49945
v -30471.40287 21291.12709 2528.85480
v -30471.40287 21277.55813 2539.67568
v -30471.40287 21260.63791 2535.81375
v -30171.40287 21253.10771 2520.17712
v -30171.40287 21260.63791 2504.54049
v -30171.40287 21277.55813 2500.67856
v -30171.40287 21291.12709 2511.49945
v -30171.40287 21291.12709 2528.85480
v -30171.40287 21277.55813 2539.67568
v -30171.40287 21260.63791 2535.81375
v -30471.40287 21275.14378 2680.20243
v -30471.40287 21282.67399 2664.56580
v -30471.40287 21299.59420 2660.70387
v -30471.40287 21313.16316 2671.52475
v -30471.40287 21313.16316 2688.88010
v -30471.40287 21299.59420 2699.70098
v -30471.40287 21282.67399 2695.83905
v -30171.40287 21275.14378 2680.20243
v -30171.40287 21282.67399 2664.56580
v -30171.40287 21299.59420 2660.70387
v -30171.40287 21313.16316 2671.52475
v -30171.40287 21313.16316 2688.88010
v -30171.40287 21299.59420 2699.70098
v -30171.40287 21282.67399 2695.83905
v -30471.40287 21297.17986 2840.22773
v -30471.40287 21304.71006 2824.59110
v -30471.40287 21321.63028 2820.72917
v -30471.40287 21335.19923 2831.55005
v -30471.40287 21335.19923 2848.90540
v -30471.40287 21321.63028 2859.72629
v -30471.40287 21304.71006 2855.86436
v -30171.40287 21297.17986 2840.22773
v -30171.40287 21304.71006 2824.59110
v -30171.40287 21321.63028 2820.72917
v -30171.40287 21335.19923 2831.55005
v -30171.40287 21335.19923 2848.90540
v -30171.40287 21321.63028 2859.72629
v -30171.40287 21304.71006 2855.86436
v -25922.43109 21348.85519 2444.75692
v -25934.12887 21348.85519 2412.61754
v -25963.74868 21348.85519 2395.51653
v -25997.43109 21348.85519 2401.45565
v -26019.41572 21348.85519 2427.65591
v -26019.41572 21348.85519 2461.85793
v -25997.43109 21348.85519 2488.05819
v -25963.74868 21348.85519 2493.99731
v -25934.12887 21348.85519 2476.89630
v -25922.43109 23468.85519 2444.75692
v -25934.12887 23468.85519 2412.61754
v -25963.74868 23468.85519 2395.51653
v -25997.43109 23468.85519 2401.45565
v -26019.41572 23468.85519 2427.65591
v -26019.41572 23468.85519 2461.85793
v -25997.43109 23468.85519 2488.05819
v -25963.74868 23468.85519 2493.99731
v -25934.12887 23468.85519 2476.89630
v -25538.49515 21348.85519 2444.75692
v -25550.19293 21348.85519 2412.61754
v -25579.81274 21348.85519 2395.51653
v -25613.49515 21348.85519 2401.45565
v -25635.47978 21348.85519 2427.65591
v -25635.47978 21348.85519 2461.85793
v -25613.49515 21348.85519 2488.05819
v -25579.81274 21348.85519 2493.99731
v -25550.19293 21348.85519 2476.89630
v -25538.49515 23468.85519 2444.75692
v -25550.19293 23468.85519 2412.61754
v -25579.81274 23468.85519 2395.51653
v -25613.49515 23468.85519 2401.45565
v -25635.47978 23468.85519 2427.65591
v -25635.47978 23468.85519 2461.85793
v -25613.49515 23468.85519 2488.05819
v -25579.81274 23468.85519 2493.99731
v -25550.19293 23468.85519 2476.89630
v -25154.55921 21348.85519 2444.75692
v -25166.25699 21348.85519 2412.61754
v -25195.87680 21348.85519 2395.51653
v -25229.55921 21348.85519 2401.45565
v -25251.54384 21348.85519 2427.65591
v -25251.54384 21348.85519 2461.85793
v -25229.55921 21348.85519 2488.05819
v -25195.87680 21348.85519 2493.99731
v -25166.25699 21348.85519 2476.89630
v -25154.55921 23468.85519 2444.75692
v -25166.25699 23468.85519 2412.61754
v -25195.87680 23468.85519 2395.51653
v -25229.55921 23468.85519 2401.45565
v -25251.54384 23468.85519 2427.65591
v -25251.54384 23468.85519 2461.85793
v -25229.55921 23468.85519 2488.05819
v -25195.87680 23468.85519 2493.99731
v -25166.25699 23468.85519 2476.89630
v -24770.62328 21348.85519 2444.75692
v -24782.32105 21348.85519 2412.61754
v -24811.94087 21348.85519 2395.51653
v -24845.62328 21348.85519 2401.45565
v -24867.60791 21348.85519 2427.65591
v -24867.60791 21348.85519 2461.85793
v -24845.62328 21348.85519 2488.05819
v -24811.94087 21348.85519 2493.99731
v -24782.32105 21348.85519 2476.89630
v -24770.62328 23468.85519 2444.75692
v -24782.32105 23468.85519 2412.61754
v -24811.94087 23468.85519 2395.51653
v -24845.62328 23468.85519 2401.45565
v -24867.60791 23468.85519 2427.65591
v -24867.60791 23468.85519 2461.85793
v -24845.62328 23468.85519 2488.05819
v -24811.94087 23468.85519 2493.99731
v -24782.32105 23468.85519 2476.89630
v -24386.68734 21348.85519 2444.75692
v -24398.38512 21348.85519 2412.61754
v -24428.00493 21348.85519 2395.51653
v -24461.68734 21348.85519 2401.45565
v -24483.67197 21348.85519 2427.65591
v -24483.67197 21348.85519 2461.85793
v -24461.68734 21348.85519 2488.05819
v -24428.00493 21348.85519 2493.99731
v -24398.38512 21348.85519 2476.89630
v -24386.68734 23468.85519 2444.75692
v -24398.38512 23468.85519 2412.61754
v -24428.00493 23468.85519 2395.51653
v -24461.68734 23468.85519 2401.45565
v -24483.67197 23468.85519 2427.65591
v -24483.67197 23468.85519 2461.85793
v -24461.68734 23468.85519 2488.05819
v -24428.00493 23468.85519 2493.99731
v -24398.38512 23468.85519 2476.89630
v -20289.00021 21348.85519 2574.00837
v -20300.69799 21348.85519 2541.86898
v -20330.31780 21348.85519 2524.76798
v -20364.00021 21348.85519 2530.70709
v -20385.98484 21348.85519 2556.90736
v -20385.98484 21348.85519 2591.10937
v -20364.00021 21348.85519 2617.30964
v -20330.31780 21348.85519 2623.24875
v -20300.69799 21348.85519 2606.14775
v -20289.00021 23468.85519 2574.00837
v -20300.69799 23468.85519 2541.86898
v -20330.31780 23468.85519 2524.76798
v -20364.00021 23468.85519 2530.70709
v -20385.98484 23468.85519 2556.90736
v -20385.98484 23468.85519 2591.10937
v -20364.00021 23468.85519 2617.30964
v -20330.31780 23468.85519 2623.24875
v -20300.69799 23468.85519 2606.14775
v -19914.97646 21348.85519 2574.00837
v -19926.67424 21348.85519 2541.86898
v -19956.29405 21348.85519 2524.76798
v -19989.97646 21348.85519 2530.70709
v -20011.96109 21348.85519 2556.90736
v -20011.96109 21348.85519 2591.10937
v -19989.97646 21348.85519 2617.30964
v -19956.29405 21348.85519 2623.24875
v -19926.67424 21348.85519 2606.14775
v -19914.97646 23468.85519 2574.00837
v -19926.67424 23468.85519 2541.86898
v -19956.29405 23468.85519 2524.76798
v -19989.97646 23468.85519 2530.70709
v -20011.96109 23468.85519 2556.90736
v -20011.96109 23468.85519 2591.10937
v -19989.97646 23468.85519 2617.30964
v -19956.29405 23468.85519 2623.24875
v -19926.67424 23468.85519 2606.14775
v -19540.95271 21348.85519 2574.00837
v -19552.65049 21348.85519 2541.86898
v -19582.27030 21348.85519 2524.76798
v -19615.95271 21348.85519 2530.70709
v -19637.93734 21348.85519 2556.90736
v -19637.93734 21348.85519 2591.10937
v -19615.95271 21348.85519 2617.30964
v -19582.27030 21348.85519 2623.24875
v -19552.65049 21348.85519 2606.14775
v -19540.95271 23468.85519 2574.00837
v -19552.65049 23468.85519 2541.86898
v -19582.27030 23468.85519 2524.76798
v -19615.95271 23468.85519 2530.70709
v -19637.93734 23468.85519 2556.90736
v -19637.93734 23468.85519 2591.10937
v -19615.95271 23468.85519 2617.30964
v -19582.27030 23468.85519 2623.24875
v -19552.65049 23468.85519 2606.14775
v -19166.92896 21348.85519 2574.00837
v -19178.62674 21348.85519 2541.86898
v -19208.24655 21348.85519 2524.76798
v -19241.92896 21348.85519 2530.70709
v -19263.91359 21348.85519 2556.90736
v -19263.91359 21348.85519 2591.10937
v -19241.92896 21348.85519 2617.30964
v -19208.24655 21348.85519 2623.24875
v -19178.62674 21348.85519 2606.14775
v -19166.92896 23468.85519 2574.00837
v -19178.62674 23468.85519 2541.86898
v -19208.24655 23468.85519 2524.76798
v -19241.92896 23468.85519 2530.70709
v -19263.91359 23468.85519 2556.90736
v -19263.91359 23468.85519 2591.10937
v -19241.92896 23468.85519 2617.30964
v -19208.24655 23468.85519 2623.24875
v -19178.62674 23468.85519 2606.14775
v -18792.90521 21348.85519 2574.00837
v -18804.60299 21348.85519 2541.86898
v -18834.22280 21348.85519 2524.76798
v -18867.90521 21348.85519 2530.70709
v -18889.88984 21348.85519 2556.90736
v -18889.88984 21348.85519 2591.10937
v -18867.90521 21348.85519 2617.30964
v -18834.22280 21348.85519 2623.24875
v -18804.60299 21348.85519 2606.14775
v -18792.90521 23468.85519 2574.00837
v -18804.60299 23468.85519 2541.86898
v -18834.22280 23468.85519 2524.76798
v -18867.90521 23468.85519 2530.70709
v -18889.88984 23468.85519 2556.90736
v -18889.88984 23468.85519 2591.10937
v -18867.90521 23468.85519 2617.30964
v -18834.22280 23468.85519 2623.24875
v -18804.60299 23468.85519 2606.14775
v -14877.61030 21348.85519 2536.36608
v -14889.30808 21348.85519 2504.22670
v -14918.92789 21348.85519 2487.12570
v -14952.61030 21348.85519 2493.06481
v -14974.59493 21348.85519 2519.26508
v -14974.59493 21348.85519 2553.46709
v -14952.61030 21348.85519 2579.66736
v -14918.92789 21348.85519 2585.60647
v -14889.30808 21348.85519 2568.50547
v -14877.61030 23468.85519 2536.36608
v -14889.30808 23468.85519 2504.22670
v -14918.92789 23468.85519 2487.12570
v -14952.61030 23468.85519 2493.06481
v -14974.59493 23468.85519 2519.26508
v -14974.59493 23468.85519 2553.46709
v -14952.61030 23468.85519 2579.66736
v -14918.92789 23468.85519 2585.60647
v -14889.30808 23468.85519 2568.50547
v -14504.14301 21348.85519 2536.36608
v -14515.84078 21348.85519 2504.22670
v -14545.46060 21348.85519 2487.12570
v -14579.14301 21348.85519 2493.06481
v -14601.12764 21348.85519 2519.26508
v -14601.12764 21348.85519 2553.46709
v -14579.14301 21348.85519 2579.66736
v -14545.46060 21348.85519 2585.60647
v -14515.84078 21348.85519 2568.50547
v -14504.14301 23468.85519 2536.36608
v -14515.84078 23468.85519 2504.22670
v -14545.46060 23468.85519 2487.12570
v -14579.14301 23468.85519 2493.06481
v -14601.12764 23468.85519 2519.26508
v -14601.12764 23468.85519 2553.46709
v -14579.14301 23468.85519 2579.66736
v -14545.46060 23468.85519 2585.60647
v -14515.84078 23468.85519 2568.50547
v -14130.67571 21348.85519 2536.36608
v -14142.37349 21348.85519 2504.22670
v -14171.99330 21348.85519 2487.12570
v -14205.67571 21348.85519 2493.06481
v -14227.66034 21348.85519 2519.26508
v -14227.66034 21348.85519 2553.46709
v -14205.67571 21348.85519 2579.66736
v -14171.99330 21348.85519 2585.60647
v -14142.37349 21348.85519 2568.50547
v -14130.67571 23468.85519 2536.36608
v -14142.37349 23468.85519 2504.22670
v -14171.99330 23468.85519 2487.12570
v -14205.67571 23468.85519 2493.06481
v -14227.66034 23468.85519 2519.26508
v -14227.66034 23468.85519 2553.46709
v -14205.67571 23468.85519 2579.66736
v -14171.99330 23468.85519 2585.60647
v -14142.37349 23468.85519 2568.50547
v -13757.20842 21348.85519 2536.36608
v -13768.90620 21348.85519 2504.22670
v -13798.52601 21348.85519 2487.12570
v -13832.20842 21348.85519 2493.06481
v -13854.19305 21348.85519 2519.26508
v -13854.19305 21348.85519 2553.46709
v -13832.20842 21348.85519 2579.66736
v -13798.52601 21348.85519 2585.60647
v -13768.90620 21348.85519 2568.50547
v -13757.20842 23468.85519 2536.36608
v -13768.90620 23468.85519 2504.22670
v -13798.52601 23468.85519 2487.12570
v -13832.20842 23468.85519 2493.06481
v -13854.19305 23468.85519 2519.26508
v -13854.19305 23468.85519 2553.46709
v -13832.20842 23468.85519 2579.66736
v -13798.52601 23468.85519 2585.60647
v -13768.90620 23468.85519 2568.50547
v -13383.74113 21348.85519 2536.36608
v -13395.43891 21348.85519 2504.22670
v -13425.05872 21348.85519 2487.12570
v -13458.74113 21348.85519 2493.06481
v -13480.72576 21348.85519 2519.26508
v -13480.72576 21348.85519 2553.46709
v -13458.74113 21348.85519 2579.66736
v -13425.05872 21348.85519 2585.60647
v -13395.43891 21348.85519 2568.50547
v -13383.74113 23468.85519 2536.36608
v -13395.43891 23468.85519 2504.22670
v -13425.05872 23468.85519 2487.12570
v -13458.74113 23468.85519 2493.06481
v -13480.72576 23468.85519 2519.26508
v -13480.72576 23468.85519 2553.46709
v -13458.74113 23468.85519 2579.66736
v -13425.05872 23468.85519 2585.60647
v -13395.43891 23468.85519 2568.50547
v -13777.47478 21118.85519 1400.00000
v -13769.56666 21099.96843 1402.79109
v -13750.47478 21092.14527 1403.94720
v -13731.38289 21099.96843 1402.79109
v -13723.47478 21118.85519 1400.00000
v -13731.38289 21137.74195 1397.20891
v -13750.47478 21145.56511 1396.05280
v -13769.56666 21137.74195 1397.20891
v -13777.47478 21348.85519 2956.36608
v -13769.56666 21329.96843 2959.15717
v -13750.47478 21322.14527 2960.31328
v -13731.38289 21329.96843 2959.15717
v -13723.47478 21348.85519 2956.36608
v -13731.38289 21367.74195 2953.57500
v -13750.47478 21375.56511 2952.41889
v -13769.56666 21367.74195 2953.57500
v -13517.47478 21118.85519 1400.00000
v -13509.56666 21099.96843 1402.79109
v -13490.47478 21092.14527 1403.94720
v -13471.38289 21099.96843 1402.79109
v -13463.47478 21118.85519 1400.00000
v -13471.38289 21137.74195 1397.20891
v -13490.47478 21145.56511 1396.05280
v -13509.56666 21137.74195 1397.20891
v -13517.47478 21348.85519 2956.36608
v -13509.56666 21329.96843 2959.15717
v -13490.47478 21322.14527 2960.31328
v -13471.38289 21329.96843 2959.15717
v -13463.47478 21348.85519 2956.36608
v -13471.38289 21367.74195 2953.57500
v -13490.47478 21375.56511 2952.41889
v -13509.56666 21367.74195 2953.57500
v -13770.47478 21120.82073 1548.63661
v -13770.47478 21128.35093 1532.99998
v -13770.47478 21145.27115 1529.13805
v -13770.47478 21158.84011 1539.95893
v -13770.47478 21158.84011 1557.31428
v -13770.47478 21145.27115 1568.13517
v -13770.47478 21128.35093 1564.27324
v -13470.47478 21120.82073 1548.63661
v -13470.47478 21128.35093 1532.99998
v -13470.47478 21145.27115 1529.13805
v -13470.47478 21158.84011 1539.95893
v -13470.47478 21158.84011 1557.31428
v -13470.47478 21145.27115 1568.13517
v -13470.47478 21128.35093 1564.27324
v -13770.47478 21142.78627 1697.27322
v -13770.47478 21150.31647 1681.63659
v -13770.47478 21167.23669 1677.77466
v -13770.47478 21180.80565 1688.59554
v -13770.47478 21180.80565 1705.95089
v -13770.47478 21167.23669 1716.77178
v -13770.47478 21150.31647 1712.90985
v -13470.47478 21142.78627 1697.27322
v -13470.47478 21150.31647 1681.63659
v -13470.47478 21167.23669 1677.77466
v -13470.47478 21180.80565 1688.59554
v -13470.47478 21180.80565 1705.95089
v -13470.47478 21167.23669 1716.77178
v -13470.47478 21150.31647 1712.90985
v -13770.47478 21164.75181 1845.90983
v -13770.47478 21172.28201 1830.27320
v -13770.47478 21189.20223 1826.41127
v -13770.47478 21202.77118 1837.23215
v -13770.47478 21202.77118 1854.58750
v -13770.47478 21189.20223 1865.40838
v -13770.47478 21172.28201 1861.54646
v -13470.47478 21164.75181 1845.90983
v -13470.47478 21172.28201 1830.27320
v -13470.47478 21189.20223 1826.41127
v -13470.47478 21202.77118 1837.23215
v -13470.47478 21202.77118 1854.58750
v -13470.47478 21189.20223 1865.40838
v -13470.47478 21172.28201 1861.54646
v -13770.47478 21186.71735 1994.54643
v -13770.47478 21194.24755 1978.90980
v -13770.47478 21211.16776 1975.04788
v -13770.47478 21224.73672 1985.86876
v -13770.47478 21224.73672 2003.22411
v -13770.47478 21211.16776 2014.04499
v -13770.47478 21194.24755 2010.18306
v -13470.47478 21186.71735 1994.54643
v -13470.47478 21194.24755 1978.90980
v -13470.47478 21211.16776 1975.04788
v -13470.47478 21224.73672 1985.86876
v -13470.47478 21224.73672 2003.22411
v -13470.47478 21211.16776 2014.04499
v -13470.47478 21194.24755 2010.18306
v -13770.47478 21208.68288 2143.18304
v -13770.47478 21216.21309 2127.54641
v -13770.47478 21233.13330 2123.68448
v -13770.47478 21246.70226 2134.50537
v -13770.47478 21246.70226 2151.86072
v -13770.47478 21233.13330 2162.68160
v -13770.47478 21216.21309 2158.81967
v -13470.47478 21208.68288 2143.18304
v -13470.47478 21216.21309 2127.54641
v -13470.47478 21233.13330 2123.68448
v -13470.47478 21246.70226 2134.50537
v -13470.47478 21246.70226 2151.86072
v -13470.47478 21233.13330 2162.68160
v -13470.47478 21216.21309 2158.81967
v -13770.47478 21230.64842 2291.81965
v -13770.47478 21238.17863 2276.18302
v -13770.47478 21255.09884 2272.32109
v -13770.47478 21268.66780 2283.14198
v -13770.47478 21268.66780 2300.49733
v -13770.47478 21255.09884 2311.31821
v -13770.47478 21238.17863 2307.45628
v -13470.47478 21230.64842 2291.81965
v -13470.47478 21238.17863 2276.18302
v -13470.47478 21255.09884 2272.32109
v -13470.47478 21268.66780 2283.14198
v -13470.47478 21268.66780 2300.49733
v -13470.47478 21255.09884 2311.31821
v -13470.47478 21238.17863 2307.45628
v -13770.47478 21252.61396 2440.45626
v -13770.47478 21260.14417 2424.81963
v -13770.47478 21277.06438 2420.95770
v -13770.47478 21290.63334 2431.77858
v -13770.47478 21290.63334 2449.13393
v -13770.47478 21277.06438 2459.95482
v -13770.47478 21260.14417 2456.09289
v -13470.47478 21252.61396 2440.45626
v -13470.47478 21260.14417 2424.81963
v -13470.47478 21277.06438 2420.95770
v -13470.47478 21290.63334 2431.77858
v -13470.47478 21290.63334 2449.13393
v -13470.47478 21277.06438 2459.95482
v -13470.47478 21260.14417 2456.09289
v -13770.47478 21274.57950 2589.09287
v -13770.47478 21282.10971 2573.45624
v -13770.47478 21299.02992 2569.59431
v -13770.47478 21312.59888 2580.41519
v -13770.47478 21312.59888 2597.77054
v -13770.47478 21299.02992 2608.59143
v -13770.47478 21282.10971 2604.72950
v -13470.47478 21274.57950 2589.09287
v -13470.47478 21282.10971 2573.45624
v -13470.47478 21299.02992 2569.59431
v -13470.47478 21312.59888 2580.41519
v -13470.47478 21312.59888 2597.77054
v -13470.47478 21299.02992 2608.59143
v -13470.47478 21282.10971 2604.72950
v -13770.47478 21296.54504 2737.72948
v -13770.47478 21304.07524 2722.09285
v -13770.47478 21320.99546 2718.23092
v -13770.47478 21334.56442 2729.05180
v -13770.47478 21334.56442 2746.40715
v -13770.47478 21320.99546 2757.22803
v -13770.47478 21304.07524 2753.36611
v -13470.47478 21296.54504 2737.72948
v -13470.47478 21304.07524 2722.09285
v -13470.47478 21320.99546 2718.23092
v -13470.47478 21334.56442 2729.05180
v -13470.47478 21334.56442 2746.40715
v -13470.47478 21320.99546 2757.22803
v -13470.47478 21304.07524 2753.36611
v -9001.82650 21348.85519 2401.70075
v -9013.52428 21348.85519 2369.56137
v -9043.14410 21348.85519 2352.46036
v -9076.82650 21348.85519 2358.39948
v -9098.81114 21348.85519 2384.59974
v -9098.81114 21348.85519 2418.80175
v -9076.82650 21348.85519 2445.00202
v -9043.14410 21348.85519 2450.94113
v -9013.52428 21348.85519 2433.84013
v -9001.82650 23468.85519 2401.70075
v -9013.52428 23468.85519 2369.56137
v -9043.14410 23468.85519 2352.46036
v -9076.82650 23468.85519 2358.39948
v -9098.81114 23468.85519 2384.59974
v -9098.81114 23468.85519 2418.80175
v -9076.82650 23468.85519 2445.00202
v -9043.14410 23468.85519 2450.94113
v -9013.52428 23468.85519 2433.84013
v -8681.01923 21348.85519 2401.70075
v -8692.71700 21348.85519 2369.56137
v -8722.33682 21348.85519 2352.46036
v -8756.01923 21348.85519 2358.39948
v -8778.00386 21348.85519 2384.59974
v -8778.00386 21348.85519 2418.80175
v -8756.01923 21348.85519 2445.00202
v -8722.33682 21348.85519 2450.94113
v -8692.71700 21348.85519 2433.84013
v -8681.01923 23468.85519 2401.70075
v -8692.71700 23468.85519 2369.56137
v -8722.33682 23468.85519 2352.46036
v -8756.01923 23468.85519 2358.39948
v -8778.00386 23468.85519 2384.59974
v -8778.00386 23468.85519 2418.80175
v -8756.01923 23468.85519 2445.00202
v -8722.33682 23468.85519 2450.94113
v -8692.71700 23468.85519 2433.84013
v -8360.21195 21348.85519 2401.70075
v -8371.90972 21348.85519 2369.56137
v -8401.52954 21348.85519 2352.46036
v -8435.21195 21348.85519 2358.39948
v -8457.19658 21348.85519 2384.59974
v -8457.19658 21348.85519 2418.80175
v -8435.21195 21348.85519 2445.00202
v -8401.52954 21348.85519 2450.94113
v -8371.90972 21348.85519 2433.84013
v -8360.21195 23468.85519 2401.70075
v -8371.90972 23468.85519 2369.56137
v -8401.52954 23468.85519 2352.46036
v -8435.21195 23468.85519 2358.39948
v -8457.19658 23468.85519 2384.59974
v -8457.19658 23468.85519 2418.80175
v -8435.21195 23468.85519 2445.00202
v -8401.52954 23468.85519 2450.94113
v -8371.90972 23468.85519 2433.84013
v -8039.40467 21348.85519 2401.70075
v -8051.10245 21348.85519 2369.56137
v -8080.72226 21348.85519 2352.46036
v -8114.40467 21348.85519 2358.39948
v -8136.38930 21348.85519 2384.59974
v -8136.38930 21348.85519 2418.80175
v -8114.40467 21348.85519 2445.00202
v -8080.72226 21348.85519 2450.94113
v -8051.10245 21348.85519 2433.84013
v -8039.40467 23468.85519 2401.70075
v -8051.10245 23468.85519 2369.56137
v -8080.72226 23468.85519 2352.46036
v -8114.40467 23468.85519 2358.39948
v -8136.38930 23468.85519 2384.59974
v -8136.38930 23468.85519 2418.80175
v -8114.40467 23468.85519 2445.00202
v -8080.72226 23468.85519 2450.94113
v -8051.10245 23468.85519 2433.84013
v -7718.59739 21348.85519 2401.70075
v -7730.29517 21348.85519 2369.56137
v -7759.91498 21348.85519 2352.46036
v -7793.59739 21348.85519 2358.39948
v -7815.58202 21348.85519 2384.59974
v -7815.58202 21348.85519 2418.80175
v -7793.59739 21348.85519 2445.00202
v -7759.91498 21348.85519 2450.94113
v -7730.29517 21348.85519 2433.84013
v -7718.59739 23468.85519 2401.70075
v -7730.29517 23468.85519 2369.56137
v -7759.91498 23468.85519 2352.46036
v -7793.59739 23468.85519 2358.39948
v -7815.58202 23468.85519 2384.59974
v -7815.58202 23468.85519 2418.80175
v -7793.59739 23468.85519 2445.00202
v -7759.91498 23468.85519 2450.94113
v -7730.29517 23468.85519 2433.84013
v -3903.24714 21348.85519 2488.89587
v -3914.94492 21348.85519 2456.75649
v -3944.56473 21348.85519 2439.65548
v -3978.24714 21348.85519 2445.59460
v -4000.23177 21348.85519 2471.79486
v -4000.23177 21348.85519 2505.99688
v -3978.24714 21348.85519 2532.19714
v -3944.56473 21348.85519 2538.13626
v -3914.94492 21348.85519 2521.03525
v -3903.24714 23468.85519 2488.89587
v -3914.94492 23468.85519 2456.75649
v -3944.56473 23468.85519 2439.65548
v -3978.24714 23468.85519 2445.59460
v -4000.23177 23468.85519 2471.79486
v -4000.23177 23468.85519 2505.99688
v -3978.24714 23468.85519 2532.19714
v -3944.56473 23468.85519 2538.13626
v -3914.94492 23468.85519 2521.03525
v -3545.61160 21348.85519 2488.89587
v -3557.30938 21348.85519 2456.75649
v -3586.92919 21348.85519 2439.65548
v -3620.61160 21348.85519 2445.59460
v -3642.59623 21348.85519 2471.79486
v -3642.59623 21348.85519 2505.99688
v -3620.61160 21348.85519 2532.19714
v -3586.92919 21348.85519 2538.13626
v -3557.30938 21348.85519 2521.03525
v -3545.61160 23468.85519 2488.89587
v -3557.30938 23468.85519 2456.75649
v -3586.92919 23468.85519 2439.65548
v -3620.61160 23468.85519 2445.59460
v -3642.59623 23468.85519 2471.79486
v -3642.59623 23468.85519 2505.99688
v -3620.61160 23468.85519 2532.19714
v -3586.92919 23468.85519 2538.13626
v -3557.30938 23468.85519 2521.03525
v -3187.97606 21348.85519 2488.89587
v -3199.67383 21348.85519 2456.75649
v -3229.29365 21348.85519 2439.65548
v -3262.97606 21348.85519 2445.59460
v -3284.96069 21348.85519 2471.79486
v -3284.96069 21348.85519 2505.99688
v -3262.97606 21348.85519 2532.19714
v -3229.29365 21348.85519 2538.13626
v -3199.67383 21348.85519 2521.03525
v -3187.97606 23468.85519 2488.89587
v -3199.67383 23468.85519 2456.75649
v -3229.29365 23468.85519 2439.65548
v -3262.97606 23468.85519 2445.59460
v -3284.96069 23468.85519 2471.79486
v -3284.96069 23468.85519 2505.99688
v -3262.97606 23468.85519 2532.19714
v -3229.29365 23468.85519 2538.13626
v -3199.67383 23468.85519 2521.03525
v -2830.34051 21348.85519 2488.89587
v -2842.03829 21348.85519 2456.75649
v -2871.65811 21348.85519 2439.65548
v -2905.34051 21348.85519 2445.59460
v -2927.32515 21348.85519 2471.79486
v -2927.32515 21348.85519 2505.99688
v -2905.34051 21348.85519 2532.19714
v -2871.65811 21348.85519 2538.13626
v -2842.03829 21348.85519 2521.03525
v -2830.34051 23468.85519 2488.89587
v -2842.03829 23468.85519 2456.75649
v -2871.65811 23468.85519 2439.65548
v -2905.34051 23468.85519 2445.59460
v -2927.32515 23468.85519 2471.79486
v -2927.32515 23468.85519 2505.99688
v -2905.34051 23468.85519 2532.19714
v -2871.65811 23468.85519 2538.13626
v -2842.03829 23468.85519 2521.03525
v -2472.70497 21348.85519 2488.89587
v -2484.40275 21348.85519 2456.75649
v -2514.02256 21348.85519 2439.65548
v -2547.70497 21348.85519 2445.59460
v -2569.68960 21348.85519 2471.79486
v -2569.68960 21348.85519 2505.99688
v -2547.70497 21348.85519 2532.19714
v -2514.02256 21348.85519 2538.13626
v -2484.40275 21348.85519 2521.03525
v -2472.70497 23468.85519 2488.89587
v -2484.40275 23468.85519 2456.75649
v -2514.02256 23468.85519 2439.65548
v -2547.70497 23468.85519 2445.59460
v -2569.68960 23468.85519 2471.79486
v -2569.68960 23468.85519 2505.99688
v -2547.70497 23468.85519 2532.19714
v -2514.02256 23468.85519 2538.13626
v -2484.40275 23468.85519 2521.03525
v 2070.73339 21348.85519 2718.76949
v 2059.03562 21348.85519 2686.63011
v 2029.41580 21348.85519 2669.52910
v 1995.73339 21348.85519 2675.46822
v 1973.74876 21348.85519 2701.66848
v 1973.74876 21348.85519 2735.87050
v 1995.73339 21348.85519 2762.07076
v 2029.41580 21348.85519 2768.00988
v 2059.03562 21348.85519 2750.90887
v 2070.73339 23468.85519 2718.76949
v 2059.03562 23468.85519 2686.63011
v 2029.41580 23468.85519 2669.52910
v 1995.73339 23468.85519 2675.46822
v 1973.74876 23468.85519 2701.66848
v 1973.74876 23468.85519 2735.87050
v 1995.73339 23468.85519 2762.07076
v 2029.41580 23468.85519 2768.00988
v 2059.03562 23468.85519 2750.90887
v 2408.10188 21348.85519 2718.76949
v 2396.40410 21348.85519 2686.63011
v 2366.78429 21348.85519 2669.52910
v 2333.10188 21348.85519 2675.46822
v 2311.11725 21348.85519 2701.66848
v 2311.11725 21348.85519 2735.87050
v 2333.10188 21348.85519 2762.07076
v 2366.78429 21348.85519 2768.00988
v 2396.40410 21348.85519 2750.90887
v 2408.10188 23468.85519 2718.76949
v 2396.40410 23468.85519 2686.63011
v 2366.78429 23468.85519 2669.52910
v 2333.10188 23468.85519 2675.46822
v 2311.11725 23468.85519 2701.66848
v 2311.11725 23468.85519 2735.87050
v 2333.10188 23468.85519 2762.07076
v 2366.78429 23468.85519 2768.00988
v 2396.40410 23468.85519 2750.90887
v 2745.47037 21348.85519 2718.76949
v 2733.77259 21348.85519 2686.63011
v 2704.15278 21348.85519 2669.52910
v 2670.47037 21348.85519 2675.46822
v 2648.48574 21348.85519 2701.66848
v 2648.48574 21348.85519 2735.87050
v 2670.47037 21348.85519 2762.07076
v 2704.15278 21348.85519 2768.00988
v 2733.77259 21348.85519 2750.90887
v 2745.47037 23468.85519 2718.76949
v 2733.77259 23468.85519 2686.63011
v 2704.15278 23468.85519 2669.52910
v 2670.47037 23468.85519 2675.46822
v 2648.48574 23468.85519 2701.66848
v 2648.48574 23468.85519 2735.87050
v 2670.47037 23468.85519 2762.07076
v 2704.15278 23468.85519 2768.00988
v 2733.77259 23468.85519 2750.90887
v 3082.83885 21348.85519 2718.76949
v 3071.14108 21348.85519 2686.63011
v 3041.52126 21348.85519 2669.52910
v 3007.83885 21348.85519 2675.46822
v 2985.85422 21348.85519 2701.66848
v 2985.85422 21348.85519 2735.87050
v 3007.83885 21348.85519 2762.07076
v 3041.52126 21348.85519 2768.00988
v 3071.14108 21348.85519 2750.90887
v 3082.83885 23468.85519 2718.76949
v 3071.14108 23468.85519 2686.63011
v 3041.52126 23468.85519 2669.52910
v 3007.83885 23468.85519 2675.46822
v 2985.85422 23468.85519 2701.66848
v 2985.85422 23468.85519 2735.87050
v 3007.83885 23468.85519 2762.07076
v 3041.52126 23468.85519 2768.00988
v 3071.14108 23468.85519 2750.90887
v 3420.20734 21348.85519 2718.76949
v 3408.50956 21348.85519 2686.63011
v 3378.88975 21348.85519 2669.52910
v 3345.20734 21348.85519 2675.46822
v 3323.22271 21348.85519 2701.66848
v 3323.22271 21348.85519 2735.87050
v 3345.20734 21348.85519 2762.07076
v 3378.88975 21348.85519 2768.00988
v 3408.50956 21348.85519 2750.90887
v 3420.20734 23468.85519 2718.76949
v 3408.50956 23468.85519 2686.63011
v 3378.88975 23468.85519 2669.52910
v 3345.20734 23468.85519 2675.46822
v 3323.22271 23468.85519 2701.66848
v 3323.22271 23468.85519 2735.87050
v 3345.20734 23468.85519 2762.07076
v 3378.88975 23468.85519 2768.00988
v 3408.50956 23468.85519 2750.90887
v 3044.52310 21118.85519 1400.00000
v 3052.43121 21099.92817 1402.50362
v 3071.52310 21092.08835 1403.54065
v 3090.61498 21099.92817 1402.50362
v 3098.52310 21118.85519 1400.00000
v 3090.61498 21137.78220 1397.49638
v 3071.52310 21145.62203 1396.45935
v 3052.43121 21137.78220 1397.49638
v 3044.52310 21348.85519 3138.76949
v 3052.43121 21329.92817 3141.27311
v 3071.52310 21322.08835 3142.31014
v 3090.61498 21329.92817 3141.27311
v 3098.52310 21348.85519 3138.76949
v 3090.61498 21367.78220 3136.26587
v 3071.52310 21375.62203 3135.22884
v 3052.43121 21367.78220 3136.26587
v 3304.52310 21118.85519 1400.00000
v 3312.43121 21099.92817 1402.50362
v 3331.52310 21092.08835 1403.54065
v 3350.61498 21099.92817 1402.50362
v 3358.52310 21118.85519 1400.00000
v 3350.61498 21137.78220 1397.49638
v 3331.52310 21145.62203 1396.45935
v 3312.43121 21137.78220 1397.49638
v 3304.52310 21348.85519 3138.76949
v 3312.43121 21329.92817 3141.27311
v 3331.52310 21322.08835 3142.31014
v 3350.61498 21329.92817 3141.27311
v 3358.52310 21348.85519 3138.76949
v 3350.61498 21367.78220 3136.26587
v 3331.52310 21375.62203 3135.22884
v 3312.43121 21367.78220 3136.26587
v 3051.52310 21120.92925 1566.87695
v 3051.52310 21128.45945 1551.24032
v 3051.52310 21145.37967 1547.37839
v 3051.52310 21158.94862 1558.19927
v 3051.52310 21158.94862 1575.55462
v 3051.52310 21145.37967 1586.37551
v 3051.52310 21128.45945 1582.51358
v 3351.52310 21120.92925 1566.87695
v 3351.52310 21128.45945 1551.24032
v 3351.52310 21145.37967 1547.37839
v 3351.52310 21158.94862 1558.19927
v 3351.52310 21158.94862 1575.55462
v 3351.52310 21145.37967 1586.37551
v 3351.52310 21128.45945 1582.51358
v 3051.52310 21143.00331 1733.75390
v 3051.52310 21150.53351 1718.11727
v 3051.52310 21167.45372 1714.25534
v 3051.52310 21181.02268 1725.07622
v 3051.52310 21181.02268 1742.43157
v 3051.52310 21167.45372 1753.25246
v 3051.52310 21150.53351 1749.39053
v 3351.52310 21143.00331 1733.75390
v 3351.52310 21150.53351 1718.11727
v 3351.52310 21167.45372 1714.25534
v 3351.52310 21181.02268 1725.07622
v 3351.52310 21181.02268 1742.43157
v 3351.52310 21167.45372 1753.25246
v 3351.52310 21150.53351 1749.39053
v 3051.52310 21165.07736 1900.63085
v 3051.52310 21172.60757 1884.99422
v 3051.52310 21189.52778 1881.13229
v 3051.52310 21203.09674 1891.95317
v 3051.52310 21203.09674 1909.30852
v 3051.52310 21189.52778 1920.12940
v 3051.52310 21172.60757 1916.26748
v 3351.52310 21165.07736 1900.63085
v 3351.52310 21172.60757 1884.99422
v 3351.52310 21189.52778 1881.13229
v 3351.52310 21203.09674 1891.95317
v 3351.52310 21203.09674 1909.30852
v 3351.52310 21189.52778 1920.12940
v 3351.52310 21172.60757 1916.26748
v 3051.52310 21187.15142 2067.50780
v 3051.52310 21194.68162 2051.87117
v 3051.52310 21211.60184 2048.00924
v 3051.52310 21225.17080 2058.83012
v 3051.52310 21225.17080 2076.18547
v 3051.52310 21211.60184 2087.00635
v 3051.52310 21194.68162 2083.14443
v 3351.52310 21187.15142 2067.50780
v 3351.52310 21194.68162 2051.87117
v 3351.52310 21211.60184 2048.00924
v 3351.52310 21225.17080 2058.83012
v 3351.52310 21225.17080 2076.18547
v 3351.52310 21211.60184 2087.00635
v 3351.52310 21194.68162 2083.14443
v 3051.52310 21209.22548 2234.38474
v 3051.52310 21216.75568 2218.74811
v 3051.52310 21233.67590 2214.88619
v 3051.52310 21247.24486 2225.70707
v 3051.52310 21247.24486 2243.06242
v 3051.52310 21233.67590 2253.88330
v 3051.52310 21216.75568 2250.02137
v 3351.52310 21209.22548 2234.38474
v 3351.52310 21216.75568 2218.74811
v 3351.52310 21233.67590 2214.88619
v 3351.52310 21247.24486 2225.70707
v 3351.52310 21247.24486 2243.06242
v 3351.52310 21233.67590 2253.88330
v 3351.52310 21216.75568 2250.02137
v 3051.52310 21231.29954 2401.26169
v 3051.52310 21238.82974 2385.62506
v 3051.52310 21255.74996 2381.76313
v 3051.52310 21269.31891 2392.58402
v 3051.52310 21269.31891 2409.93937
v 3051.52310 21255.74996 2420.76025
v 3051.52310 21238.82974 2416.89832
v 3351.52310 21231.29954 2401.26169
v 3351.52310 21238.82974 2385.62506
v 3351.52310 21255.74996 2381.76313
v 3351.52310 21269.31891 2392.58402
v 3351.52310 21269.31891 2409.93937
v 3351.52310 21255.74996 2420.76025
v 3351.52310 21238.82974 2416.89832
v 3051.52310 21253.37359 2568.13864
v 3051.52310 21260.90380 2552.50201
v 3051.52310 21277.82401 2548.64008
v 3051.52310 21291.39297 2559.46097
v 3051.52310 21291.39297 2576.81632
v 3051.52310 21277.82401 2587.63720
v 3051.52310 21260.90380 2583.77527
v 3351.52310 21253.37359 2568.13864
v 3351.52310 21260.90380 2552.50201
v 3351.52310 21277.82401 2548.64008
v 3351.52310 21291.39297 2559.46097
v 3351.52310 21291.39297 2576.81632
v 3351.52310 21277.82401 2587.63720
v 3351.52310 21260.90380 2583.77527
v 3051.52310 21275.44765 2735.01559
v 3051.52310 21282.97786 2719.37896
v 3051.52310 21299.89807 2715.51703
v 3051.52310 21313.46703 2726.33792
v 3051.52310 21313.46703 2743.69327
v 3051.52310 21299.89807 2754.51415
v 3051.52310 21282.97786 2750.65222
v 3351.52310 21275.44765 2735.01559
v 3351.52310 21282.97786 2719.37896
v 3351.52310 21299.89807 2715.51703
v 3351.52310 21313.46703 2726.33792
v 3351.52310 21313.46703 2743.69327
v 3351.52310 21299.89807 2754.51415
v 3351.52310 21282.97786 2750.65222
v 3051.52310 21297.52171 2901.89254
v 3051.52310 21305.05191 2886.25591
v 3051.52310 21321.97213 2882.39398
v 3051.52310 21335.54109 2893.21486
v 3051.52310 21335.54109 2910.57021
v 3051.52310 21321.97213 2921.39110
v 3051.52310 21305.05191 2917.52917
v 3351.52310 21297.52171 2901.89254
v 3351.52310 21305.05191 2886.25591
v 3351.52310 21321.97213 2882.39398
v 3351.52310 21335.54109 2893.21486
v 3351.52310 21335.54109 2910.57021
v 3351.52310 21321.97213 2921.39110
v 3351.52310 21305.05191 2917.52917
v 7219.31113 21348.85519 2382.52819
v 7207.61336 21348.85519 2350.38881
v 7177.99354 21348.85519 2333.28780
v 7144.31113 21348.85519 2339.22692
v 7122.32650 21348.85519 2365.42718
v 7122.32650 21348.85519 2399.62920
v 7144.31113 21348.85519 2425.82946
v 7177.99354 21348.85519 2431.76858
v 7207.61336 21348.85519 2414.66757
v 7219.31113 23468.85519 2382.52819
v 7207.61336 23468.85519 2350.38881
v 7177.99354 23468.85519 2333.28780
v 7144.31113 23468.85519 2339.22692
v 7122.32650 23468.85519 2365.42718
v 7122.32650 23468.85519 2399.62920
v 7144.31113 23468.85519 2425.82946
v 7177.99354 23468.85519 2431.76858
v 7207.61336 23468.85519 2414.66757
v 7544.84405 21348.85519 2382.52819
v 7533.14627 21348.85519 2350.38881
v 7503.52646 21348.85519 2333.28780
v 7469.84405 21348.85519 2339.22692
v 7447.85942 21348.85519 2365.42718
v 7447.85942 21348.85519 2399.62920
v 7469.84405 21348.85519 2425.82946
v 7503.52646 21348.85519 2431.76858
v 7533.14627 21348.85519 2414.66757
v 7544.84405 23468.85519 2382.52819
v 7533.14627 23468.85519 2350.38881
v 7503.52646 23468.85519 2333.28780
v 7469.84405 23468.85519 2339.22692
v 7447.85942 23468.85519 2365.42718
v 7447.85942 23468.85519 2399.62920
v 7469.84405 23468.85519 2425.82946
v 7503.52646 23468.85519 2431.76858
v 7533.14627 23468.85519 2414.66757
v 7870.37696 21348.85519 2382.52819
v 7858.67919 21348.85519 2350.38881
v 7829.05937 21348.85519 2333.28780
v 7795.37696 21348.85519 2339.22692
v 7773.39233 21348.85519 2365.42718
v 7773.39233 21348.85519 2399.62920
v 7795.37696 21348.85519 2425.82946
v 7829.05937 21348.85519 2431.76858
v 7858.67919 21348.85519 2414.66757
v 7870.37696 23468.85519 2382.52819
v 7858.67919 23468.85519 2350.38881
v 7829.05937 23468.85519 2333.28780
v 7795.37696 23468.85519 2339.22692
v 7773.39233 23468.85519 2365.42718
v 7773.39233 23468.85519 2399.62920
v 7795.37696 23468.85519 2425.82946
v 7829.05937 23468.85519 2431.76858
v 7858.67919 23468.85519 2414.66757
v 8195.90988 21348.85519 2382.52819
v 8184.21210 21348.85519 2350.38881
v 8154.59229 21348.85519 2333.28780
v 8120.90988 21348.85519 2339.22692
v 8098.92525 21348.85519 2365.42718
v 8098.92525 21348.85519 2399.62920
v 8120.90988 21348.85519 2425.82946
v 8154.59229 21348.85519 2431.76858
v 8184.21210 21348.85519 2414.66757
v 8195.90988 23468.85519 2382.52819
v 8184.21210 23468.85519 2350.38881
v 8154.59229 23468.85519 2333.28780
v 8120.90988 23468.85519 2339.22692
v 8098.92525 23468.85519 2365.42718
v 8098.92525 23468.85519 2399.62920
v 8120.90988 23468.85519 2425.82946
v 8154.59229 23468.85519 2431.76858
v 8184.21210 23468.85519 2414.66757
v 8521.44280 21348.85519 2382.52819
v 8509.74502 21348.85519 2350.38881
v 8480.12520 21348.85519 2333.28780
v 8446.44280 21348.85519 2339.22692
v 8424.45816 21348.85519 2365.42718
v 8424.45816 21348.85519 2399.62920
v 8446.44280 21348.85519 2425.82946
v 8480.12520 21348.85519 2431.76858
v 8509.74502 21348.85519 2414.66757
v 8521.44280 23468.85519 2382.52819
v 8509.74502 23468.85519 2350.38881
v 8480.12520 23468.85519 2333.28780
v 8446.44280 23468.85519 2339.22692
v 8424.45816 23468.85519 2365.42718
v 8424.45816 23468.85519 2399.62920
v 8446.44280 23468.85519 2425.82946
v 8480.12520 23468.85519 2431.76858
v 8509.74502 23468.85519 2414.66757
v 12510.18775 21348.85519 2531.20400
v 12498.48997 21348.85519 2499.06462
v 12468.87016 21348.85519 2481.96362
v 12435.18775 21348.85519 2487.90273
v 12413.20312 21348.85519 2514.10300
v 12413.20312 21348.85519 2548.30501
v 12435.18775 21348.85519 2574.50527
v 12468.87016 21348.85519 2580.44439
v 12498.48997 21348.85519 2563.34338
v 12510.18775 23468.85519 2531.20400
v 12498.48997 23468.85519 2499.06462
v 12468.87016 23468.85519 2481.96362
v 12435.18775 23468.85519 2487.90273
v 12413.20312 23468.85519 2514.10300
v 12413.20312 23468.85519 2548.30501
v 12435.18775 23468.85519 2574.50527
v 12468.87016 23468.85519 2580.44439
v 12498.48997 23468.85519 2563.34338
v 12859.86596 21348.85519 2531.20400
v 12848.16818 21348.85519 2499.06462
v 12818.54837 21348.85519 2481.96362
v 12784.86596 21348.85519 2487.90273
v 12762.88133 21348.85519 2514.10300
v 12762.88133 21348.85519 2548.30501
v 12784.86596 21348.85519 2574.50527
v 12818.54837 21348.85519 2580.44439
v 12848.16818 21348.85519 2563.34338
v 12859.86596 23468.85519 2531.20400
v 12848.16818 23468.85519 2499.06462
v 12818.54837 23468.85519 2481.96362
v 12784.86596 23468.85519 2487.90273
v 12762.88133 23468.85519 2514.10300
v 12762.88133 23468.85519 2548.30501
v 12784.86596 23468.85519 2574.50527
v 12818.54837 23468.85519 2580.44439
v 12848.16818 23468.85519 2563.34338
v 13209.54418 21348.85519 2531.20400
v 13197.84640 21348.85519 2499.06462
v 13168.22659 21348.85519 2481.96362
v 13134.54418 21348.85519 2487.90273
v 13112.55955 21348.85519 2514.10300
v 13112.55955 21348.85519 2548.30501
v 13134.54418 21348.85519 2574.50527
v 13168.22659 21348.85519 2580.44439
v 13197.84640 21348.85519 2563.34338
v 13209.54418 23468.85519 2531.20400
v 13197.84640 23468.85519 2499.06462
v 13168.22659 23468.85519 2481.96362
v 13134.54418 23468.85519 2487.90273
v 13112.55955 23468.85519 2514.10300
v 13112.55955 23468.85519 2548.30501
v 13134.54418 23468.85519 2574.50527
v 13168.22659 23468.85519 2580.44439
v 13197.84640 23468.85519 2563.34338
v 13559.22239 21348.85519 2531.20400
v 13547.52462 21348.85519 2499.06462
v 13517.90480 21348.85519 2481.96362
v 13484.22239 21348.85519 2487.90273
v 13462.23776 21348.85519 2514.10300
v 13462.23776 21348.85519 2548.30501
v 13484.22239 21348.85519 2574.50527
v 13517.90480 21348.85519 2580.44439
v 13547.52462 21348.85519 2563.34338
v 13559.22239 23468.85519 2531.20400
v 13547.52462 23468.85519 2499.06462
v 13517.90480 23468.85519 2481.96362
v 13484.22239 23468.85519 2487.90273
v 13462.23776 23468.85519 2514.10300
v 13462.23776 23468.85519 2548.30501
v 13484.22239 23468.85519 2574.50527
v 13517.90480 23468.85519 2580.44439
v 13547.52462 23468.85519 2563.34338
v 13908.90061 21348.85519 2531.20400
v 13897.20283 21348.85519 2499.06462
v 13867.58302 21348.85519 2481.96362
v 13833.90061 21348.85519 2487.90273
v 13811.91598 21348.85519 2514.10300
v 13811.91598 21348.85519 2548.30501
v 13833.90061 21348.85519 2574.50527
v 13867.58302 21348.85519 2580.44439
v 13897.20283 21348.85519 2563.34338
v 13908.90061 23468.85519 2531.20400
v 13897.20283 23468.85519 2499.06462
v 13867.58302 23468.85519 2481.96362
v 13833.90061 23468.85519 2487.90273
v 13811.91598 23468.85519 2514.10300
v 13811.91598 23468.85519 2548.30501
v 13833.90061 23468.85519 2574.50527
v 13867.58302 23468.85519 2580.44439
v 13897.20283 23468.85519 2563.34338
v 18159.47000 21348.85519 2386.02899
v 18147.77223 21348.85519 2353.88961
v 18118.15241 21348.85519 2336.78860
v 18084.47000 21348.85519 2342.72772
v 18062.48537 21348.85519 2368.92798
v 18062.48537 21348.85519 2403.13000
v 18084.47000 21348.85519 2429.33026
v 18118.15241 21348.85519 2435.26938
v 18147.77223 21348.85519 2418.16837
v 18159.47000 23468.85519 2386.02899
v 18147.77223 23468.85519 2353.88961
v 18118.15241 23468.85519 2336.78860
v 18084.47000 23468.85519 2342.72772
v 18062.48537 23468.85519 2368.92798
v 18062.48537 23468.85519 2403.13000
v 18084.47000 23468.85519 2429.33026
v 18118.15241 23468.85519 2435.26938
v 18147.77223 23468.85519 2418.16837
v 18504.11659 21348.85519 2386.02899
v 18492.41881 21348.85519 2353.88961
v 18462.79899 21348.85519 2336.78860
v 18429.11659 21348.85519 2342.72772
v 18407.13195 21348.85519 2368.92798
v 18407.13195 21348.85519 2403.13000
v 18429.11659 21348.85519 2429.33026
v 18462.79899 21348.85519 2435.26938
v 18492.41881 21348.85519 2418.16837
v 18504.11659 23468.85519 2386.02899
v 18492.41881 23468.85519 2353.88961
v 18462.79899 23468.85519 2336.78860
v 18429.11659 23468.85519 2342.72772
v 18407.13195 23468.85519 2368.92798
v 18407.13195 23468.85519 2403.13000
v 18429.11659 23468.85519 2429.33026
v 18462.79899 23468.85519 2435.26938
v 18492.41881 23468.85519 2418.16837
v 18848.76317 21348.85519 2386.02899
v 18837.06539 21348.85519 2353.88961
v 18807.44558 21348.85519 2336.78860
v 18773.76317 21348.85519 2342.72772
v 18751.77854 21348.85519 2368.92798
v 18751.77854 21348.85519 2403.13000
v 18773.76317 21348.85519 2429.33026
v 18807.44558 21348.85519 2435.26938
v 18837.06539 21348.85519 2418.16837
v 18848.76317 23468.85519 2386.02899
v 18837.06539 23468.85519 2353.88961
v 18807.44558 23468.85519 2336.78860
v 18773.76317 23468.85519 2342.72772
v 18751.77854 23468.85519 2368.92798
v 18751.77854 23468.85519 2403.13000
v 18773.76317 23468.85519 2429.33026
v 18807.44558 23468.85519 2435.26938
v 18837.06539 23468.85519 2418.16837
v 19193.40975 21348.85519 2386.02899
v 19181.71197 21348.85519 2353.88961
v 19152.09216 21348.85519 2336.78860
v 19118.40975 21348.85519 2342.72772
v 19096.42512 21348.85519 2368.92798
v 19096.42512 21348.85519 2403.13000
v 19118.40975 21348.85519 2429.33026
v 19152.09216 21348.85519 2435.26938
v 19181.71197 21348.85519 2418.16837
v 19193.40975 23468.85519 2386.02899
v 19181.71197 23468.85519 2353.88961
v 19152.09216 23468.85519 2336.78860
v 19118.40975 23468.85519 2342.72772
v 19096.42512 23468.85519 2368.92798
v 19096.42512 23468.85519 2403.13000
v 19118.40975 23468.85519 2429.33026
v 19152.09216 23468.85519 2435.26938
v 19181.71197 23468.85519 2418.16837
v 19538.05633 21348.85519 2386.02899
v 19526.35855 21348.85519 2353.88961
v 19496.73874 21348.85519 2336.78860
v 19463.05633 21348.85519 2342.72772
v 19441.07170 21348.85519 2368.92798
v 19441.07170 21348.85519 2403.13000
v 19463.05633 21348.85519 2429.33026
v 19496.73874 21348.85519 2435.26938
v 19526.35855 21348.85519 2418.16837
v 19538.05633 23468.85519 2386.02899
v 19526.35855 23468.85519 2353.88961
v 19496.73874 23468.85519 2336.78860
v 19463.05633 23468.85519 2342.72772
v 19441.07170 23468.85519 2368.92798
v 19441.07170 23468.85519 2403.13000
v 19463.05633 23468.85519 2429.33026
v 19496.73874 23468.85519 2435.26938
v 19526.35855 23468.85519 2418.16837
v 19158.73304 21118.85519 1400.00000
v 19166.64116 21100.01373 1403.08211
v 19185.73304 21092.20934 1404.35876
v 19204.82492 21100.01373 1403.08211
v 19212.73304 21118.85519 1400.00000
v 19204.82492 21137.69665 1396.91789
v 19185.73304 21145.50104 1395.64124
v 19166.64116 21137.69665 1396.91789
v 19158.73304 21348.85519 2806.02899
v 19166.64116 21330.01373 2809.11110
v 19185.73304 21322.20934 2810.38775
v 19204.82492 21330.01373 2809.11110
v 19212.73304 21348.85519 2806.02899
v 19204.82492 21367.69665 2802.94688
v 19185.73304 21375.50104 2801.67023
v 19166.64116 21367.69665 2802.94688
v 19418.73304 21118.85519 1400.00000
v 19426.64116 21100.01373 1403.08211
v 19445.73304 21092.20934 1404.35876
v 19464.82492 21100.01373 1403.08211
v 19472.73304 21118.85519 1400.00000
v 19464.82492 21137.69665 1396.91789
v 19445.73304 21145.50104 1395.64124
v 19426.64116 21137.69665 1396.91789
v 19418.73304 21348.85519 2806.02899
v 19426.64116 21330.01373 2809.11110
v 19445.73304 21322.20934 2810.38775
v 19464.82492 21330.01373 2809.11110
v 19472.73304 21348.85519 2806.02899
v 19464.82492 21367.69665 2802.94688
v 19445.73304 21375.50104 2801.67023
v 19426.64116 21367.69665 2802.94688
v 19165.73304 21120.71012 1533.60290
v 19165.73304 21128.24032 1517.96627
v 19165.73304 21145.16054 1514.10434
v 19165.73304 21158.72950 1524.92522
v 19165.73304 21158.72950 1542.28057
v 19165.73304 21145.16054 1553.10146
v 19165.73304 21128.24032 1549.23953
v 19465.73304 21120.71012 1533.60290
v 19465.73304 21128.24032 1517.96627
v 19465.73304 21145.16054 1514.10434
v 19465.73304 21158.72950 1524.92522
v 19465.73304 21158.72950 1542.28057
v 19465.73304 21145.16054 1553.10146
v 19465.73304 21128.24032 1549.23953
v 19165.73304 21142.56505 1667.20580
v 19165.73304 21150.09526 1651.56917
v 19165.73304 21167.01547 1647.70724
v 19165.73304 21180.58443 1658.52812
v 19165.73304 21180.58443 1675.88347
v 19165.73304 21167.01547 1686.70436
v 19165.73304 21150.09526 1682.84243
v 19465.73304 21142.56505 1667.20580
v 19465.73304 21150.09526 1651.56917
v 19465.73304 21167.01547 1647.70724
v 19465.73304 21180.58443 1658.52812
v 19465.73304 21180.58443 1675.88347
v 19465.73304 21167.01547 1686.70436
v 19465.73304 21150.09526 1682.84243
v 19165.73304 21164.41998 1800.80870
v 19165.73304 21171.95019 1785.17207
v 19165.73304 21188.87040 1781.31014
v 19165.73304 21202.43936 1792.13102
v 19165.73304 21202.43936 1809.48637
v 19165.73304 21188.87040 1820.30725
v 19165.73304 21171.95019 1816.44533
v 19465.73304 21164.41998 1800.80870
v 19465.73304 21171.95019 1785.17207
v 19465.73304 21188.87040 1781.31014
v 19465.73304 21202.43936 1792.13102
v 19465.73304 21202.43936 1809.48637
v 19465.73304 21188.87040 1820.30725
v 19465.73304 21171.95019 1816.44533
v 19165.73304 21186.27491 1934.41160
v 19165.73304 21193.80512 1918.77497
v 19165.73304 21210.72533 1914.91304
v 19165.73304 21224.29429 1925.73392
v 19165.73304 21224.29429 1943.08927
v 19165.73304 21210.72533 1953.91015
v 19165.73304 21193.80512 1950.04823
v 19465.73304 21186.27491 1934.41160
v 19465.73304 21193.80512 1918.77497
v 19465.73304 21210.72533 1914.91304
v 19465.73304 21224.29429 1925.73392
v 19465.73304 21224.29429 1943.08927
v 19465.73304 21210.72533 1953.91015
v 19465.73304 21193.80512 1950.04823
v 19165.73304 21208.12985 2068.01449
v 19165.73304 21215.66005 2052.37786
v 19165.73304 21232.58026 2048.51594
v 19165.73304 21246.14922 2059.33682
v 19165.73304 21246.14922 2076.69217
v 19165.73304 21232.58026 2087.51305
v 19165.73304 21215.66005 2083.65112
v 19465.73304 21208.12985 2068.01449
v 19465.73304 21215.66005 2052.37786
v 19465.73304 21232.58026 2048.51594
v 19465.73304 21246.14922 2059.33682
v 19465.73304 21246.14922 2076.69217
v 19465.73304 21232.58026 2087.51305
v 19465.73304 21215.66005 2083.65112
v 19165.73304 21229.98478 2201.61739
v 19165.73304 21237.51498 2185.98076
v 19165.73304 21254.43520 2182.11884
v 19165.73304 21268.00415 2192.93972
v 19165.73304 21268.00415 2210.29507
v 19165.73304 21254.43520 2221.11595
v 19165.73304 21237.51498 2217.25402
v 19465.73304 21229.98478 2201.61739
v 19465.73304 21237.51498 2185.98076
v 19465.73304 21254.43520 2182.11884
v 19465.73304 21268.00415 2192.93972
v 19465.73304 21268.00415 2210.29507
v 19465.73304 21254.43520 2221.11595
v 19465.73304 21237.51498 2217.25402
v 19165.73304 21251.83971 2335.22029
v 19165.73304 21259.36991 2319.58366
v 19165.73304 21276.29013 2315.72173
v 19165.73304 21289.85909 2326.54262
v 19165.73304 21289.85909 2343.89797
v 19165.73304 21276.29013 2354.71885
v 19165.73304 21259.36991 2350.85692
v 19465.73304 21251.83971 2335.22029
v 19465.73304 21259.36991 2319.58366
v 19465.73304 21276.29013 2315.72173
v 19465.73304 21289.85909 2326.54262
v 19465.73304 21289.85909 2343.89797
v 19465.73304 21276.29013 2354.71885
v 19465.73304 21259.36991 2350.85692
v 19165.73304 21273.69464 2468.82319
v 19165.73304 21281.22484 2453.18656
v 19165.73304 21298.14506 2449.32463
v 19165.73304 21311.71402 2460.14552
v 19165.73304 21311.71402 2477.50087
v 19165.73304 21298.14506 2488.32175
v 19165.73304 21281.22484 2484.45982
v 19465.73304 21273.69464 2468.82319
v 19465.73304 21281.22484 2453.18656
v 19465.73304 21298.14506 2449.32463
v 19465.73304 21311.71402 2460.14552
v 19465.73304 21311.71402 2477.50087
v 19465.73304 21298.14506 2488.32175
v 19465.73304 21281.22484 2484.45982
v 19165.73304 21295.54957 2602.42609
v 19165.73304 21303.07977 2586.78946
v 19165.73304 21319.99999 2582.92753
v 19165.73304 21333.56895 2593.74842
v 19165.73304 21333.56895 2611.10376
v 19165.73304 21319.99999 2621.92465
v 19165.73304 21303.07977 2618.06272
v 19465.73304 21295.54957 2602.42609
v 19465.73304 21303.07977 2586.78946
v 19465.73304 21319.99999 2582.92753
v 19465.73304 21333.56895 2593.74842
v 19465.73304 21333.56895 2611.10376
v 19465.73304 21319.99999 2621.92465
v 19465.73304 21303.07977 2618.06272
v 23866.41259 21348.85519 2559.16068
v 23854.71481 21348.85519 2527.02130
v 23825.09500 21348.85519 2509.92030
v 23791.41259 21348.85519 2515.85941
v 23769.42796 21348.85519 2542.05968
v 23769.42796 21348.85519 2576.26169
v 23791.41259 21348.85519 2602.46195
v 23825.09500 21348.85519 2608.40107
v 23854.71481 21348.85519 2591.30007
v 23866.41259 23468.85519 2559.16068
v 23854.71481 23468.85519 2527.02130
v 23825.09500 23468.85519 2509.92030
v 23791.41259 23468.85519 2515.85941
v 23769.42796 23468.85519 2542.05968
v 23769.42796 23468.85519 2576.26169
v 23791.41259 23468.85519 2602.46195
v 23825.09500 23468.85519 2608.40107
v 23854.71481 23468.85519 2591.30007
v 24230.28972 21348.85519 2559.16068
v 24218.59194 21348.85519 2527.02130
v 24188.97213 21348.85519 2509.92030
v 24155.28972 21348.85519 2515.85941
v 24133.30509 21348.85519 2542.05968
v 24133.30509 21348.85519 2576.26169
v 24155.28972 21348.85519 2602.46195
v 24188.97213 21348.85519 2608.40107
v 24218.59194 21348.85519 2591.30007
v 24230.28972 23468.85519 2559.16068
v 24218.59194 23468.85519 2527.02130
v 24188.97213 23468.85519 2509.92030
v 24155.28972 23468.85519 2515.85941
v 24133.30509 23468.85519 2542.05968
v 24133.30509 23468.85519 2576.26169
v 24155.28972 23468.85519 2602.46195
v 24188.97213 23468.85519 2608.40107
v 24218.59194 23468.85519 2591.30007
v 24594.16686 21348.85519 2559.16068
v 24582.46908 21348.85519 2527.02130
v 24552.84927 21348.85519 2509.92030
v 24519.16686 21348.85519 2515.85941
v 24497.18223 21348.85519 2542.05968
v 24497.18223 21348.85519 2576.26169
v 24519.16686 21348.85519 2602.46195
v 24552.84927 21348.85519 2608.40107
v 24582.46908 21348.85519 2591.30007
v 24594.16686 23468.85519 2559.16068
v 24582.46908 23468.85519 2527.02130
v 24552.84927 23468.85519 2509.92030
v 24519.16686 23468.85519 2515.85941
v 24497.18223 23468.85519 2542.05968
v 24497.18223 23468.85519 2576.26169
v 24519.16686 23468.85519 2602.46195
v 24552.84927 23468.85519 2608.40107
v 24582.46908 23468.85519 2591.30007
v 24958.04399 21348.85519 2559.16068
v 24946.34621 21348.85519 2527.02130
v 24916.72640 21348.85519 2509.92030
v 24883.04399 21348.85519 2515.85941
v 24861.05936 21348.85519 2542.05968
v 24861.05936 21348.85519 2576.26169
v 24883.04399 21348.85519 2602.46195
v 24916.72640 21348.85519 2608.40107
v 24946.34621 21348.85519 2591.30007
v 24958.04399 23468.85519 2559.16068
v 24946.34621 23468.85519 2527.02130
v 24916.72640 23468.85519 2509.92030
v 24883.04399 23468.85519 2515.85941
v 24861.05936 23468.85519 2542.05968
v 24861.05936 23468.85519 2576.26169
v 24883.04399 23468.85519 2602.46195
v 24916.72640 23468.85519 2608.40107
v 24946.34621 23468.85519 2591.30007
v 25321.92113 21348.85519 2559.16068
v 25310.22335 21348.85519 2527.02130
v 25280.60353 21348.85519 2509.92030
v 25246.92113 21348.85519 2515.85941
v 25224.93649 21348.85519 2542.05968
v 25224.93649 21348.85519 2576.26169
v 25246.92113 21348.85519 2602.46195
v 25280.60353 21348.85519 2608.40107
v 25310.22335 21348.85519 2591.30007
v 25321.92113 23468.85519 2559.16068
v 25310.22335 23468.85519 2527.02130
v 25280.60353 23468.85519 2509.92030
v 25246.92113 23468.85519 2515.85941
v 25224.93649 23468.85519 2542.05968
v 25224.93649 23468.85519 2576.26169
v 25246.92113 23468.85519 2602.46195
v 25280.60353 23468.85519 2608.40107
v 25310.22335 23468.85519 2591.30007
v 29659.95239 21348.85519 2858.24970
v 29648.25461 21348.85519 2826.11032
v 29618.63480 21348.85519 2809.00931
v 29584.95239 21348.85519 2814.94843
v 29562.96776 21348.85519 2841.14869
v 29562.96776 21348.85519 2875.35071
v 29584.95239 21348.85519 2901.55097
v 29618.63480 21348.85519 2907.49009
v 29648.25461 21348.85519 2890.38908
v 29659.95239 23468.85519 2858.24970
v 29648.25461 23468.85519 2826.11032
v 29618.63480 23468.85519 2809.00931
v 29584.95239 23468.85519 2814.94843
v 29562.96776 23468.85519 2841.14869
v 29562.96776 23468.85519 2875.35071
v 29584.95239 23468.85519 2901.55097
v 29618.63480 23468.85519 2907.49009
v 29648.25461 23468.85519 2890.38908
v 29989.50420 21348.85519 2858.24970
v 29977.80642 21348.85519 2826.11032
v 29948.18661 21348.85519 2809.00931
v 29914.50420 21348.85519 2814.94843
v 29892.51957 21348.85519 2841.14869
v 29892.51957 21348.85519 2875.35071
v 29914.50420 21348.85519 2901.55097
v 29948.18661 21348.85519 2907.49009
v 29977.80642 21348.85519 2890.38908
v 29989.50420 23468.85519 2858.24970
v 29977.80642 23468.85519 2826.11032
v 29948.18661 23468.85519 2809.00931
v 29914.50420 23468.85519 2814.94843
v 29892.51957 23468.85519 2841.14869
v 29892.51957 23468.85519 2875.35071
v 29914.50420 23468.85519 2901.55097
v 29948.18661 23468.85519 2907.49009
v 29977.80642 23468.85519 2890.38908
v 30319.05600 21348.85519 2858.24970
v 30307.35823 21348.85519 2826.11032
v 30277.73841 21348.85519 2809.00931
v 30244.05600 21348.85519 2814.94843
v 30222.07137 21348.85519 2841.14869
v 30222.07137 21348.85519 2875.35071
v 30244.05600 21348.85519 2901.55097
v 30277.73841 21348.85519 2907.49009
v 30307.35823 21348.85519 2890.38908
v 30319.05600 23468.85519 2858.24970
v 30307.35823 23468.85519 2826.11032
v 30277.73841 23468.85519 2809.00931
v 30244.05600 23468.85519 2814.94843
v 30222.07137 23468.85519 2841.14869
v 30222.07137 23468.85519 2875.35071
v 30244.05600 23468.85519 2901.55097
v 30277.73841 23468.85519 2907.49009
v 30307.35823 23468.85519 2890.38908
v 30648.60781 21348.85519 2858.24970
v 30636.91003 21348.85519 2826.11032
v 30607.29022 21348.85519 2809.00931
v 30573.60781 21348.85519 2814.94843
v 30551.62318 21348.85519 2841.14869
v 30551.62318 21348.85519 2875.35071
v 30573.60781 21348.85519 2901.55097
v 30607.29022 21348.85519 2907.49009
v 30636.91003 21348.85519 2890.38908
v 30648.60781 23468.85519 2858.24970
v 30636.91003 23468.85519 2826.11032
v 30607.29022 23468.85519 2809.00931
v 30573.60781 23468.85519 2814.94843
v 30551.62318 23468.85519 2841.14869
v 30551.62318 23468.85519 2875.35071
v 30573.60781 23468.85519 2901.55097
v 30607.29022 23468.85519 2907.49009
v 30636.91003 23468.85519 2890.38908
v 30978.15962 21348.85519 2858.24970
v 30966.46184 21348.85519 2826.11032
v 30936.84203 21348.85519 2809.00931
v 30903.15962 21348.85519 2814.94843
v 30881.17499 21348.85519 2841.14869
v 30881.17499 21348.85519 2875.35071
v 30903.15962 21348.85519 2901.55097
v 30936.84203 21348.85519 2907.49009
v 30966.46184 21348.85519 2890.38908
v 30978.15962 23468.85519 2858.24970
v 30966.46184 23468.85519 2826.11032
v 30936.84203 23468.85519 2809.00931
v 30903.15962 23468.85519 2814.94843
v 30881.17499 23468.85519 2841.14869
v 30881.17499 23468.85519 2875.35071
v 30903.15962 23468.85519 2901.55097
v 30936.84203 23468.85519 2907.49009
v 30966.46184 23468.85519 2890.38908
vt -36.590811 0.820918
vt -36.602509 0.788778
vt -36.632129 0.771677
vt -36.665811 0.777617
vt -36.687796 0.803817
vt -36.687796 0.838019
vt -36.665811 0.864219
vt -36.632129 0.870158
vt -36.602509 0.853057
vt -36.590811 0.820918
vt -36.602509 0.788778
vt -36.632129 0.771677
vt -36.665811 0.777617
vt -36.687796 0.803817
vt -36.687796 0.838019
vt -36.665811 0.864219
vt -36.632129 0.870158
vt -36.602509 0.853057
vt -36.276165 0.820918
vt -36.287863 0.788778
vt -36.317483 0.771677
vt -36.351165 0.777617
vt -36.373150 0.803817
vt -36.373150 0.838019
vt -36.351165 0.864219
vt -36.317483 0.870158
vt -36.287863 0.853057
vt -36.276165 0.820918
vt -36.287863 0.788778
vt -36.317483 0.771677
vt -36.351165 0.777617
vt -36.373150 0.803817
vt -36.373150 0.838019
vt -36.351165 0.864219
vt -36.317483 0.870158
vt -36.287863 0.853057
vt -35.961519 0.820918
vt -35.973217 0.788778
vt -36.002836 0.771677
vt -36.036519 0.777617
vt -36.058503 0.803817
vt -36.058503 0.838019
vt -36.036519 0.864219
vt -36.002836 0.870158
vt -35.973217 0.853057
vt -35.961519 0.820918
vt -35.973217 0.788778
vt -36.002836 0.771677
vt -36.036519 0.777617
vt -36.058503 0.803817
vt -36.058503 0.838019
vt -36.036519 0.864219
vt -36.002836 0.870158
vt -35.973217 0.853057
vt -35.646873 0.820918
vt -35.658570 0.788778
vt -35.688190 0.771677
vt -35.721873 0.777617
vt -35.743857 0.803817
vt -35.743857 0.838019
vt -35.721873 0.864219
vt -35.688190 0.870158
vt -35.658570 0.853057
vt -35.646873 0.820918
vt -35.658570 0.788778
vt -35.688190 0.771677
vt -35.721873 0.777617
vt -35.743857 0.803817
vt -35.743857 0.838019
vt -35.721873 0.864219
vt -35.688190 0.870158
vt -35.658570 0.853057
vt -35.332227 0.820918
vt -35.343924 0.788778
vt -35.373544 0.771677
vt -35.407227 0.777617
vt -35.429211 0.803817
vt -35.429211 0.838019
vt -35.407227 0.864219
vt -35.373544 0.870158
vt -35.343924 0.853057
vt -35.332227 0.820918
vt -35.343924 0.788778
vt -35.373544 0.771677
vt -35.407227 0.777617
vt -35.429211 0.803817
vt -35.429211 0.838019
vt -35.407227 0.864219
vt -35.373544 0.870158
vt -35.343924 0.853057
vt -35.696550 -0.300000
vt -35.688641 -0.297182
vt -35.669550 -0.296014
vt -35.650458 -0.297182
vt -35.642550 -0.300000
vt -35.650458 -0.302818
vt -35.669550 -0.303986
vt -35.688641 -0.302818
vt -35.696550 1.240918
vt -35.688641 1.243736
vt -35.669550 1.244904
vt -35.650458 1.243736
vt -35.642550 1.240918
vt -35.650458 1.238099
vt -35.669550 1.236932
vt -35.688641 1.238099
vt -35.436550 -0.300000
vt -35.428641 -0.297182
vt -35.409550 -0.296014
vt -35.390458 -0.297182
vt -35.382550 -0.300000
vt -35.390458 -0.302818
vt -35.409550 -0.303986
vt -35.428641 -0.302818
vt -35.436550 1.240918
vt -35.428641 1.243736
vt -35.409550 1.244904
vt -35.390458 1.243736
vt -35.382550 1.240918
vt -35.390458 1.238099
vt -35.409550 1.236932
vt -35.428641 1.238099
vt -35.689550 -0.152908
vt -35.689550 -0.168545
vt -35.689550 -0.172407
vt -35.689550 -0.161586
vt -35.689550 -0.144231
vt -35.689550 -0.133410
vt -35.689550 -0.137272
vt -35.389550 -0.152908
vt -35.389550 -0.168545
vt -35.389550 -0.172407
vt -35.389550 -0.161586
vt -35.389550 -0.144231
vt -35.389550 -0.133410
vt -35.389550 -0.137272
vt -35.689550 -0.005816
vt -35.689550 -0.021453
vt -35.689550 -0.025315
vt -35.689550 -0.014494
vt -35.689550 0.002861
vt -35.689550 0.013682
vt -35.689550 0.009820
vt -35.389550 -0.005816
vt -35.389550 -0.021453
vt -35.389550 -0.025315
vt -35.389550 -0.014494
vt -35.389550 0.002861
vt -35.389550 0.013682
vt -35.389550 0.009820
vt -35.689550 0.141275
vt -35.689550 0.125639
vt -35.689550 0.121777
vt -35.689550 0.132598
vt -35.689550 0.149953
vt -35.689550 0.160774
vt -35.689550 0.156912
vt -35.389550 0.141275
vt -35.389550 0.125639
vt -35.389550 0.121777
vt -35.389550 0.132598
vt -35.389550 0.149953
vt -35.389550 0.160774
vt -35.389550 0.156912
vt -35.689550 0.288367
vt -35.689550 0.272731
vt -35.689550 0.268869
vt -35.689550 0.279689
vt -35.689550 0.297045
vt -35.689550 0.307866
vt -35.689550 0.304004
vt -35.389550 0.288367
vt -35.389550 0.272731
vt -35.389550 0.268869
vt -35.389550 0.279689
vt -35.389550 0.297045
vt -35.389550 0.307866
vt -35.389550 0.304004
vt -35.689550 0.435459
vt -35.689550 0.419822
vt -35.689550 0.415960
vt -35.689550 0.426781
vt -35.689550 0.444137
vt -35.689550 0.454957
vt -35.689550 0.451096
vt -35.389550 0.435459
vt -35.389550 0.419822
vt -35.389550 0.415960
vt -35.389550 0.426781
vt -35.389550 0.444137
vt -35.389550 0.454957
vt -35.389550 0.451096
vt -35.689550 0.582551
vt -35.689550 0.566914
vt -35.689550 0.563052
vt -35.689550 0.573873
vt -35.689550 0.591228
vt -35.689550 0.602049
vt -35.689550 0.598187
vt -35.389550 0.582551
vt -35.389550 0.566914
vt -35.389550 0.563052
vt -35.389550 0.573873
vt -35.389550 0.591228
vt -35.389550 0.602049
vt -35.389550 0.598187
vt -35.689550 0.729643
vt -35.689550 0.714006
vt -35.689550 0.710144
vt -35.689550 0.720965
vt -35.689550 0.738320
vt -35.689550 0.749141
vt -35.689550 0.745279
vt -35.389550 0.729643
vt -35.389550 0.714006
vt -35.389550 0.710144
vt -35.389550 0.720965
vt -35.389550 0.738320
vt -35.389550 0.749141
vt -35.389550 0.745279
vt -35.689550 0.876734
vt -35.689550 0.861098
vt -35.689550 0.857236
vt -35.689550 0.868057
vt -35.689550 0.885412
vt -35.689550 0.896233
vt -35.689550 0.892371
vt -35.389550 0.876734
vt -35.389550 0.861098
vt -35.389550 0.857236
vt -35.389550 0.868057
vt -35.389550 0.885412
vt -35.389550 0.896233
vt -35.389550 0.892371
vt -35.689550 1.023826
vt -35.689550 1.008189
vt -35.689550 1.004328
vt -35.689550 1.015148
vt -35.689550 1.032504
vt -35.689550 1.043325
vt -35.689550 1.039463
vt -35.389550 1.023826
vt -35.389550 1.008189
vt -35.389550 1.004328
vt -35.389550 1.015148
vt -35.389550 1.032504
vt -35.389550 1.043325
vt -35.389550 1.039463
vt -31.412783 0.937272
vt -31.424481 0.905132
vt -31.454101 0.888031
vt -31.487783 0.893970
vt -31.509768 0.920171
vt -31.509768 0.954373
vt -31.487783 0.980573
vt -31.454101 0.986512
vt -31.424481 0.969411
vt -31.412783 0.937272
vt -31.424481 0.905132
vt -31.454101 0.888031
vt -31.487783 0.893970
vt -31.509768 0.920171
vt -31.509768 0.954373
vt -31.487783 0.980573
vt -31.454101 0.986512
vt -31.424481 0.969411
vt -31.067873 0.937272
vt -31.079570 0.905132
vt -31.109190 0.888031
vt -31.142873 0.893970
vt -31.164857 0.920171
vt -31.164857 0.954373
vt -31.142873 0.980573
vt -31.109190 0.986512
vt -31.079570 0.969411
vt -31.067873 0.937272
vt -31.079570 0.905132
vt -31.109190 0.888031
vt -31.142873 0.893970
vt -31.164857 0.920171
vt -31.164857 0.954373
vt -31.142873 0.980573
vt -31.109190 0.986512
vt -31.079570 0.969411
vt -30.722962 0.937272
vt -30.734660 0.905132
vt -30.764280 0.888031
vt -30.797962 0.893970
vt -30.819947 0.920171
vt -30.819947 0.954373
vt -30.797962 0.980573
vt -30.764280 0.986512
vt -30.734660 0.969411
vt -30.722962 0.937272
vt -30.734660 0.905132
vt -30.764280 0.888031
vt -30.797962 0.893970
vt -30.819947 0.920171
vt -30.819947 0.954373
vt -30.797962 0.980573
vt -30.764280 0.986512
vt -30.734660 0.969411
vt -30.378051 0.937272
vt -30.389749 0.905132
vt -30.419369 0.888031
vt -30.453051 0.893970
vt -30.475036 0.920171
vt -30.475036 0.954373
vt -30.453051 0.980573
vt -30.419369 0.986512
vt -30.389749 0.969411
vt -30.378051 0.937272
vt -30.389749 0.905132
vt -30.419369 0.888031
vt -30.453051 0.893970
vt -30.475036 0.920171
vt -30.475036 0.954373
vt -30.453051 0.980573
vt -30.419369 0.986512
vt -30.389749 0.969411
vt -30.033141 0.937272
vt -30.044838 0.905132
vt -30.074458 0.888031
vt -30.108141 0.893970
vt -30.130125 0.920171
vt -30.130125 0.954373
vt -30.108141 0.980573
vt -30.074458 0.986512
vt -30.044838 0.969411
vt -30.033141 0.937272
vt -30.044838 0.905132
vt -30.074458 0.888031
vt -30.108141 0.893970
vt -30.130125 0.920171
vt -30.130125 0.954373
vt -30.108141 0.980573
vt -30.074458 0.986512
vt -30.044838 0.969411
vt -25.882056 0.977492
vt -25.893754 0.945353
vt -25.923373 0.928252
vt -25.957056 0.934191
vt -25.979040 0.960391
vt -25.979040 0.994593
vt -25.957056 1.020794
vt -25.923373 1.026733
vt -25.893754 1.009632
vt -25.882056 0.977492
vt -25.893754 0.945353
vt -25.923373 0.928252
vt -25.957056 0.934191
vt -25.979040 0.960391
vt -25.979040 0.994593
vt -25.957056 1.020794
vt -25.923373 1.026733
vt -25.893754 1.009632
vt -25.507808 0.977492
vt -25.519506 0.945353
vt -25.549126 0.928252
vt -25.582808 0.934191
vt -25.604793 0.960391
vt -25.604793 0.994593
vt -25.582808 1.020794
vt -25.549126 1.026733
vt -25.519506 1.009632
vt -25.507808 0.977492
vt -25.519506 0.945353
vt -25.549126 0.928252
vt -25.582808 0.934191
vt -25.604793 0.960391
vt -25.604793 0.994593
vt -25.582808 1.020794
vt -25.549126 1.026733
vt -25.519506 1.009632
vt -25.133561 0.977492
vt -25.145259 0.945353
vt -25.174878 0.928252
vt -25.208561 0.934191
vt -25.230545 0.960391
vt -25.230545 0.994593
vt -25.208561 1.020794
vt -25.174878 1.026733
vt -25.145259 1.009632
vt -25.133561 0.977492
vt -25.145259 0.945353
vt -25.174878 0.928252
vt -25.208561 0.934191
vt -25.230545 0.960391
vt -25.230545 0.994593
vt -25.208561 1.020794
vt -25.174878 1.026733
vt -25.145259 1.009632
vt -24.759313 0.977492
vt -24.771011 0.945353
vt -24.800631 0.928252
vt -24.834313 0.934191
vt -24.856298 0.960391
vt -24.856298 0.994593
vt -24.834313 1.020794
vt -24.800631 1.026733
vt -24.771011 1.009632
vt -24.759313 0.977492
vt -24.771011 0.945353
vt -24.800631 0.928252
vt -24.834313 0.934191
vt -24.856298 0.960391
vt -24.856298 0.994593
vt -24.834313 1.020794
vt -24.800631 1.026733
vt -24.771011 1.009632
vt -24.385066 0.977492
vt -24.396764 0.945353
vt -24.426383 0.928252
vt -24.460066 0.934191
vt -24.482050 0.960391
vt -24.482050 0.994593
vt -24.460066 1.020794
vt -24.426383 1.026733
vt -24.396764 1.009632
vt -24.385066 0.977492
vt -24.396764 0.945353
vt -24.426383 0.928252
vt -24.460066 0.934191
vt -24.482050 0.960391
vt -24.482050 0.994593
vt -24.460066 1.020794
vt -24.426383 1.026733
vt -24.396764 1.009632
vt -20.403343 0.717414
vt -20.415041 0.685274
vt -20.444661 0.668173
vt -20.478343 0.674112
vt -20.500328 0.700313
vt -20.500328 0.734515
vt -20.478343 0.760715
vt -20.444661 0.766654
vt -20.415041 0.749553
vt -20.403343 0.717414
vt -20.415041 0.685274
vt -20.444661 0.668173
vt -20.478343 0.674112
vt -20.500328 0.700313
vt -20.500328 0.734515
vt -20.478343 0.760715
vt -20.444661 0.766654
vt -20.415041 0.749553
vt -20.064394 0.717414
vt -20.076092 0.685274
vt -20.105711 0.668173
vt -20.139394 0.674112
vt -20.161378 0.700313
vt -20.161378 0.734515
vt -20.139394 0.760715
vt -20.105711 0.766654
vt -20.076092 0.749553
vt -20.064394 0.717414
vt -20.076092 0.685274
vt -20.105711 0.668173
vt -20.139394 0.674112
vt -20.161378 0.700313
vt -20.161378 0.734515
vt -20.139394 0.760715
vt -20.105711 0.766654
vt -20.076092 0.749553
vt -19.725444 0.717414
vt -19.737142 0.685274
vt -19.766762 0.668173
vt -19.800444 0.674112
vt -19.822429 0.700313
vt -19.822429 0.734515
vt -19.800444 0.760715
vt -19.766762 0.766654
vt -19.737142 0.749553
vt -19.725444 0.717414
vt -19.737142 0.685274
vt -19.766762 0.668173
vt -19.800444 0.674112
vt -19.822429 0.700313
vt -19.822429 0.734515
vt -19.800444 0.760715
vt -19.766762 0.766654
vt -19.737142 0.749553
vt -19.386495 0.717414
vt -19.398192 0.685274
vt -19.427812 0.668173
vt -19.461495 0.674112
vt -19.483479 0.700313
vt -19.483479 0.734515
vt -19.461495 0.760715
vt -19.427812 0.766654
vt -19.398192 0.749553
vt -19.386495 0.717414
vt -19.398192 0.685274
vt -19.427812 0.668173
vt -19.461495 0.674112
vt -19.483479 0.700313
vt -19.483479 0.734515
vt -19.461495 0.760715
vt -19.427812 0.766654
vt -19.398192 0.749553
vt -19.047545 0.717414
vt -19.059243 0.685274
vt -19.088863 0.668173
vt -19.122545 0.674112
vt -19.144530 0.700313
vt -19.144530 0.734515
vt -19.122545 0.760715
vt -19.088863 0.766654
vt -19.059243 0.749553
vt -19.047545 0.717414
vt -19.059243 0.685274
vt -19.088863 0.668173
vt -19.122545 0.674112
vt -19.144530 0.700313
vt -19.144530 0.734515
vt -19.122545 0.760715
vt -19.088863 0.766654
vt -19.059243 0.749553
vt -19.424020 -0.300000
vt -19.416112 -0.296983
vt -19.397020 -0.295734
vt -19.377928 -0.296983
vt -19.370020 -0.300000
vt -19.377928 -0.303017
vt -19.397020 -0.304266
vt -19.416112 -0.303017
vt -19.424020 1.137414
vt -19.416112 1.140430
vt -19.397020 1.141680
vt -19.377928 1.140430
vt -19.370020 1.137414
vt -19.377928 1.134397
vt -19.397020 1.133148
vt -19.416112 1.134397
vt -19.164020 -0.300000
vt -19.156112 -0.296983
vt -19.137020 -0.295734
vt -19.117928 -0.296983
vt -19.110020 -0.300000
vt -19.117928 -0.303017
vt -19.137020 -0.304266
vt -19.156112 -0.303017
vt -19.164020 1.137414
vt -19.156112 1.140430
vt -19.137020 1.141680
vt -19.117928 1.140430
vt -19.110020 1.137414
vt -19.117928 1.134397
vt -19.137020 1.133148
vt -19.156112 1.134397
vt -19.417020 -0.163259
vt -19.417020 -0.178895
vt -19.417020 -0.182757
vt -19.417020 -0.171936
vt -19.417020 -0.154581
vt -19.417020 -0.143760
vt -19.417020 -0.147622
vt -19.117020 -0.163259
vt -19.117020 -0.178895
vt -19.117020 -0.182757
vt -19.117020 -0.171936
vt -19.117020 -0.154581
vt -19.117020 -0.143760
vt -19.117020 -0.147622
vt -19.417020 -0.026517
vt -19.417020 -0.042154
vt -19.417020 -0.046016
vt -19.417020 -0.035195
vt -19.417020 -0.017840
vt -19.417020 -0.007019
vt -19.417020 -0.010881
vt -19.117020 -0.026517
vt -19.117020 -0.042154
vt -19.117020 -0.046016
vt -19.117020 -0.035195
vt -19.117020 -0.017840
vt -19.117020 -0.007019
vt -19.117020 -0.010881
vt -19.417020 0.110224
vt -19.417020 0.094587
vt -19.417020 0.090726
vt -19.417020 0.101546
vt -19.417020 0.118902
vt -19.417020 0.129723
vt -19.417020 0.125861
vt -19.117020 0.110224
vt -19.117020 0.094587
vt -19.117020 0.090726
vt -19.117020 0.101546
vt -19.117020 0.118902
vt -19.117020 0.129723
vt -19.117020 0.125861
vt -19.417020 0.246965
vt -19.417020 0.231329
vt -19.417020 0.227467
vt -19.417020 0.238288
vt -19.417020 0.255643
vt -19.417020 0.266464
vt -19.417020 0.262602
vt -19.117020 0.246965
vt -19.117020 0.231329
vt -19.117020 0.227467
vt -19.117020 0.238288
vt -19.117020 0.255643
vt -19.117020 0.266464
vt -19.117020 0.262602
vt -19.417020 0.383707
vt -19.417020 0.368070
vt -19.417020 0.364208
vt -19.417020 0.375029
vt -19.417020 0.392385
vt -19.417020 0.403205
vt -19.417020 0.399343
vt -19.117020 0.383707
vt -19.117020 0.368070
vt -19.117020 0.364208
vt -19.117020 0.375029
vt -19.117020 0.392385
vt -19.117020 0.403205
vt -19.117020 0.399343
vt -19.417020 0.520448
vt -19.417020 0.504812
vt -19.417020 0.500950
vt -19.417020 0.511771
vt -19.417020 0.529126
vt -19.417020 0.539947
vt -19.417020 0.536085
vt -19.117020 0.520448
vt -19.117020 0.504812
vt -19.117020 0.500950
vt -19.117020 0.511771
vt -19.117020 0.529126
vt -19.117020 0.539947
vt -19.117020 0.536085
vt -19.417020 0.657190
vt -19.417020 0.641553
vt -19.417020 0.637691
vt -19.417020 0.648512
vt -19.417020 0.665867
vt -19.417020 0.676688
vt -19.417020 0.672826
vt -19.117020 0.657190
vt -19.117020 0.641553
vt -19.117020 0.637691
vt -19.117020 0.648512
vt -19.117020 0.665867
vt -19.117020 0.676688
vt -19.117020 0.672826
vt -19.417020 0.793931
vt -19.417020 0.778294
vt -19.417020 0.774432
vt -19.417020 0.785253
vt -19.417020 0.802609
vt -19.417020 0.813430
vt -19.417020 0.809568
vt -19.117020 0.793931
vt -19.117020 0.778294
vt -19.117020 0.774432
vt -19.117020 0.785253
vt -19.117020 0.802609
vt -19.117020 0.813430
vt -19.117020 0.809568
vt -19.417020 0.930672
vt -19.417020 0.915036
vt -19.417020 0.911174
vt -19.417020 0.921995
vt -19.417020 0.939350
vt -19.417020 0.950171
vt -19.417020 0.946309
vt -19.117020 0.930672
vt -19.117020 0.915036
vt -19.117020 0.911174
vt -19.117020 0.921995
vt -19.117020 0.939350
vt -19.117020 0.950171
vt -19.117020 0.946309
vt -15.060205 1.121297
vt -15.071902 1.089158
vt -15.101522 1.072057
vt -15.135205 1.077996
vt -15.157189 1.104196
vt -15.157189 1.138398
vt -15.135205 1.164599
vt -15.101522 1.170538
vt -15.071902 1.153437
vt -15.060205 1.121297
vt -15.071902 1.089158
vt -15.101522 1.072057
vt -15.135205 1.077996
vt -15.157189 1.104196
vt -15.157189 1.138398
vt -15.135205 1.164599
vt -15.101522 1.170538
vt -15.071902 1.153437
vt -14.719040 1.121297
vt -14.730738 1.089158
vt -14.760358 1.072057
vt -14.794040 1.077996
vt -14.816025 1.104196
vt -14.816025 1.138398
vt -14.794040 1.164599
vt -14.760358 1.170538
vt -14.730738 1.153437
vt -14.719040 1.121297
vt -14.730738 1.089158
vt -14.760358 1.072057
vt -14.794040 1.077996
vt -14.816025 1.104196
vt -14.816025 1.138398
vt -14.794040 1.164599
vt -14.760358 1.170538
vt -14.730738 1.153437
vt -14.377875 1.121297
vt -14.389573 1.089158
vt -14.419193 1.072057
vt -14.452875 1.077996
vt -14.474860 1.104196
vt -14.474860 1.138398
vt -14.452875 1.164599
vt -14.419193 1.170538
vt -14.389573 1.153437
vt -14.377875 1.121297
vt -14.389573 1.089158
vt -14.419193 1.072057
vt -14.452875 1.077996
vt -14.474860 1.104196
vt -14.474860 1.138398
vt -14.452875 1.164599
vt -14.419193 1.170538
vt -14.389573 1.153437
vt -14.036711 1.121297
vt -14.048408 1.089158
vt -14.078028 1.072057
vt -14.111711 1.077996
vt -14.133695 1.104196
vt -14.133695 1.138398
vt -14.111711 1.164599
vt -14.078028 1.170538
vt -14.048408 1.153437
vt -14.036711 1.121297
vt -14.048408 1.089158
vt -14.078028 1.072057
vt -14.111711 1.077996
vt -14.133695 1.104196
vt -14.133695 1.138398
vt -14.111711 1.164599
vt -14.078028 1.170538
vt -14.048408 1.153437
vt -13.695546 1.121297
vt -13.707244 1.089158
vt -13.736864 1.072057
vt -13.770546 1.077996
vt -13.792531 1.104196
vt -13.792531 1.138398
vt -13.770546 1.164599
vt -13.736864 1.170538
vt -13.707244 1.153437
vt -13.695546 1.121297
vt -13.707244 1.089158
vt -13.736864 1.072057
vt -13.770546 1.077996
vt -13.792531 1.104196
vt -13.792531 1.138398
vt -13.770546 1.164599
vt -13.736864 1.170538
vt -13.707244 1.153437
vt -9.262296 0.847626
vt -9.273994 0.815486
vt -9.303614 0.798385
vt -9.337296 0.804324
vt -9.359281 0.830525
vt -9.359281 0.864727
vt -9.337296 0.890927
vt -9.303614 0.896866
vt -9.273994 0.879765
vt -9.262296 0.847626
vt -9.273994 0.815486
vt -9.303614 0.798385
vt -9.337296 0.804324
vt -9.359281 0.830525
vt -9.359281 0.864727
vt -9.337296 0.890927
vt -9.303614 0.896866
vt -9.273994 0.879765
vt -8.950035 0.847626
vt -8.961733 0.815486
vt -8.991352 0.798385
vt -9.025035 0.804324
vt -9.047019 0.830525
vt -9.047019 0.864727
vt -9.025035 0.890927
vt -8.991352 0.896866
vt -8.961733 0.879765
vt -8.950035 0.847626
vt -8.961733 0.815486
vt -8.991352 0.798385
vt -9.025035 0.804324
vt -9.047019 0.830525
vt -9.047019 0.864727
vt -9.025035 0.890927
vt -8.991352 0.896866
vt -8.961733 0.879765
vt -8.637774 0.847626
vt -8.649471 0.815486
vt -8.679091 0.798385
vt -8.712774 0.804324
vt -8.734758 0.830525
vt -8.734758 0.864727
vt -8.712774 0.890927
vt -8.679091 0.896866
vt -8.649471 0.879765
vt -8.637774 0.847626
vt -8.649471 0.815486
vt -8.679091 0.798385
vt -8.712774 0.804324
vt -8.734758 0.830525
vt -8.734758 0.864727
vt -8.712774 0.890927
vt -8.679091 0.896866
vt -8.649471 0.879765
vt -8.325513 0.847626
vt -8.337210 0.815486
vt -8.366830 0.798385
vt -8.400513 0.804324
vt -8.422497 0.830525
vt -8.422497 0.864727
vt -8.400513 0.890927
vt -8.366830 0.896866
vt -8.337210 0.879765
vt -8.325513 0.847626
vt -8.337210 0.815486
vt -8.366830 0.798385
vt -8.400513 0.804324
vt -8.422497 0.830525
vt -8.422497 0.864727
vt -8.400513 0.890927
vt -8.366830 0.896866
vt -8.337210 0.879765
vt -8.013252 0.847626
vt -8.024949 0.815486
vt -8.054569 0.798385
vt -8.088252 0.804324
vt -8.110236 0.830525
vt -8.110236 0.864727
vt -8.088252 0.890927
vt -8.054569 0.896866
vt -8.024949 0.879765
vt -8.013252 0.847626
vt -8.024949 0.815486
vt -8.054569 0.798385
vt -8.088252 0.804324
vt -8.110236 0.830525
vt -8.110236 0.864727
vt -8.088252 0.890927
vt -8.054569 0.896866
vt -8.024949 0.879765
vt -3.944890 0.920009
vt -3.956588 0.887870
vt -3.986208 0.870769
vt -4.019890 0.876708
vt -4.041875 0.902908
vt -4.041875 0.937110
vt -4.019890 0.963310
vt -3.986208 0.969249
vt -3.956588 0.952148
vt -3.944890 0.920009
vt -3.956588 0.887870
vt -3.986208 0.870769
vt -4.019890 0.876708
vt -4.041875 0.902908
vt -4.041875 0.937110
vt -4.019890 0.963310
vt -3.986208 0.969249
vt -3.956588 0.952148
vt -3.567478 0.920009
vt -3.579176 0.887870
vt -3.608796 0.870769
vt -3.642478 0.876708
vt -3.664463 0.902908
vt -3.664463 0.937110
vt -3.642478 0.963310
vt -3.608796 0.969249
vt -3.579176 0.952148
vt -3.567478 0.920009
vt -3.579176 0.887870
vt -3.608796 0.870769
vt -3.642478 0.876708
vt -3.664463 0.902908
vt -3.664463 0.937110
vt -3.642478 0.963310
vt -3.608796 0.969249
vt -3.579176 0.952148
vt -3.190066 0.920009
vt -3.201764 0.887870
vt -3.231384 0.870769
vt -3.265066 0.876708
vt -3.287051 0.902908
vt -3.287051 0.937110
vt -3.265066 0.963310
vt -3.231384 0.969249
vt -3.201764 0.952148
vt -3.190066 0.920009
vt -3.201764 0.887870
vt -3.231384 0.870769
vt -3.265066 0.876708
vt -3.287051 0.902908
vt -3.287051 0.937110
vt -3.265066 0.963310
vt -3.231384 0.969249
vt -3.201764 0.952148
vt -2.812654 0.920009
vt -2.824352 0.887870
vt -2.853972 0.870769
vt -2.887654 0.876708
vt -2.909639 0.902908
vt -2.909639 0.937110
vt -2.887654 0.963310
vt -2.853972 0.969249
vt -2.824352 0.952148
vt -2.812654 0.920009
vt -2.824352 0.887870
vt -2.853972 0.870769
vt -2.887654 0.876708
vt -2.909639 0.902908
vt -2.909639 0.937110
vt -2.887654 0.963310
vt -2.853972 0.969249
vt -2.824352 0.952148
vt -2.435242 0.920009
vt -2.446940 0.887870
vt -2.476560 0.870769
vt -2.510242 0.876708
vt -2.532227 0.902908
vt -2.532227 0.937110
vt -2.510242 0.963310
vt -2.476560 0.969249
vt -2.446940 0.952148
vt -2.435242 0.920009
vt -2.446940 0.887870
vt -2.476560 0.870769
vt -2.510242 0.876708
vt -2.532227 0.902908
vt -2.532227 0.937110
vt -2.510242 0.963310
vt -2.476560 0.969249
vt -2.446940 0.952148
vt -2.830948 -0.300000
vt -2.823040 -0.297348
vt -2.803948 -0.296250
vt -2.784856 -0.297348
vt -2.776948 -0.300000
vt -2.784856 -0.302652
vt -2.803948 -0.303750
vt -2.823040 -0.302652
vt -2.830948 1.340009
vt -2.823040 1.342661
vt -2.803948 1.343759
vt -2.784856 1.342661
vt -2.776948 1.340009
vt -2.784856 1.337357
vt -2.803948 1.336259
vt -2.823040 1.337357
vt -2.570948 -0.300000
vt -2.563040 -0.297348
vt -2.543948 -0.296250
vt -2.524856 -0.297348
vt -2.516948 -0.300000
vt -2.524856 -0.302652
vt -2.543948 -0.303750
vt -2.563040 -0.302652
vt -2.570948 1.340009
vt -2.563040 1.342661
vt -2.543948 1.343759
vt -2.524856 1.342661
vt -2.516948 1.340009
vt -2.524856 1.337357
vt -2.543948 1.336259
vt -2.563040 1.337357
vt -2.823948 -0.142999
vt -2.823948 -0.158636
vt -2.823948 -0.162498
vt -2.823948 -0.151677
vt -2.823948 -0.134321
vt -2.823948 -0.123501
vt -2.823948 -0.127362
vt -2.523948 -0.142999
vt -2.523948 -0.158636
vt -2.523948 -0.162498
vt -2.523948 -0.151677
vt -2.523948 -0.134321
vt -2.523948 -0.123501
vt -2.523948 -0.127362
vt -2.823948 0.014002
vt -2.823948 -0.001635
vt -2.823948 -0.005497
vt -2.823948 0.005324
vt -2.823948 0.022679
vt -2.823948 0.033500
vt -2.823948 0.029638
vt -2.523948 0.014002
vt -2.523948 -0.001635
vt -2.523948 -0.005497
vt -2.523948 0.005324
vt -2.523948 0.022679
vt -2.523948 0.033500
vt -2.523948 0.029638
vt -2.823948 0.171003
vt -2.823948 0.155366
vt -2.823948 0.151504
vt -2.823948 0.162325
vt -2.823948 0.179680
vt -2.823948 0.190501
vt -2.823948 0.186639
vt -2.523948 0.171003
vt -2.523948 0.155366
vt -2.523948 0.151504
vt -2.523948 0.162325
vt -2.523948 0.179680
vt -2.523948 0.190501
vt -2.523948 0.186639
vt -2.823948 0.328004
vt -2.823948 0.312367
vt -2.823948 0.308505
vt -2.823948 0.319326
vt -2.823948 0.336681
vt -2.823948 0.347502
vt -2.823948 0.343640
vt -2.523948 0.328004
vt -2.523948 0.312367
vt -2.523948 0.308505
vt -2.523948 0.319326
vt -2.523948 0.336681
vt -2.523948 0.347502
vt -2.523948 0.343640
vt -2.823948 0.485004
vt -2.823948 0.469368
vt -2.823948 0.465506
vt -2.823948 0.476327
vt -2.823948 0.493682
vt -2.823948 0.504503
vt -2.823948 0.500641
vt -2.523948 0.485004
vt -2.523948 0.469368
vt -2.523948 0.465506
vt -2.523948 0.476327
vt -2.523948 0.493682
vt -2.523948 0.504503
vt -2.523948 0.500641
vt -2.823948 0.642005
vt -2.823948 0.626369
vt -2.823948 0.622507
vt -2.823948 0.633328
vt -2.823948 0.650683
vt -2.823948 0.661504
vt -2.823948 0.657642
vt -2.523948 0.642005
vt -2.523948 0.626369
vt -2.523948 0.622507
vt -2.523948 0.633328
vt -2.523948 0.650683
vt -2.523948 0.661504
vt -2.523948 0.657642
vt -2.823948 0.799006
vt -2.823948 0.783370
vt -2.823948 0.779508
vt -2.823948 0.790329
vt -2.823948 0.807684
vt -2.823948 0.818505
vt -2.823948 0.814643
vt -2.523948 0.799006
vt -2.523948 0.783370
vt -2.523948 0.779508
vt -2.523948 0.790329
vt -2.523948 0.807684
vt -2.523948 0.818505
vt -2.523948 0.814643
vt -2.823948 0.956007
vt -2.823948 0.940371
vt -2.823948 0.936509
vt -2.823948 0.947330
vt -2.823948 0.964685
vt -2.823948 0.975506
vt -2.823948 0.971644
vt -2.523948 0.956007
vt -2.523948 0.940371
vt -2.523948 0.936509
vt -2.523948 0.947330
vt -2.523948 0.964685
vt -2.523948 0.975506
vt -2.523948 0.971644
vt -2.823948 1.113008
vt -2.823948 1.097371
vt -2.823948 1.093510
vt -2.823948 1.104330
vt -2.823948 1.121686
vt -2.823948 1.132507
vt -2.823948 1.128645
vt -2.523948 1.113008
vt -2.523948 1.097371
vt -2.523948 1.093510
vt -2.523948 1.104330
vt -2.523948 1.121686
vt -2.523948 1.132507
vt -2.523948 1.128645
vt 1.746396 1.221122
vt 1.734698 1.188983
vt 1.705078 1.171882
vt 1.671396 1.177821
vt 1.649411 1.204021
vt 1.649411 1.238223
vt 1.671396 1.264424
vt 1.705078 1.270363
vt 1.734698 1.253262
vt 1.746396 1.221122
vt 1.734698 1.188983
vt 1.705078 1.171882
vt 1.671396 1.177821
vt 1.649411 1.204021
vt 1.649411 1.238223
vt 1.671396 1.264424
vt 1.705078 1.270363
vt 1.734698 1.253262
vt 2.104184 1.221122
vt 2.092486 1.188983
vt 2.062867 1.171882
vt 2.029184 1.177821
vt 2.007199 1.204021
vt 2.007199 1.238223
vt 2.029184 1.264424
vt 2.062867 1.270363
vt 2.092486 1.253262
vt 2.104184 1.221122
vt 2.092486 1.188983
vt 2.062867 1.171882
vt 2.029184 1.177821
vt 2.007199 1.204021
vt 2.007199 1.238223
vt 2.029184 1.264424
vt 2.062867 1.270363
vt 2.092486 1.253262
vt 2.461972 1.221122
vt 2.450274 1.188983
vt 2.420655 1.171882
vt 2.386972 1.177821
vt 2.364988 1.204021
vt 2.364988 1.238223
vt 2.386972 1.264424
vt 2.420655 1.270363
vt 2.450274 1.253262
vt 2.461972 1.221122
vt 2.450274 1.188983
vt 2.420655 1.171882
vt 2.386972 1.177821
vt 2.364988 1.204021
vt 2.364988 1.238223
vt 2.386972 1.264424
vt 2.420655 1.270363
vt 2.450274 1.253262
vt 2.819760 1.221122
vt 2.808062 1.188983
vt 2.778443 1.171882
vt 2.744760 1.177821
vt 2.722776 1.204021
vt 2.722776 1.238223
vt 2.744760 1.264424
vt 2.778443 1.270363
vt 2.808062 1.253262
vt 2.819760 1.221122
vt 2.808062 1.188983
vt 2.778443 1.171882
vt 2.744760 1.177821
vt 2.722776 1.204021
vt 2.722776 1.238223
vt 2.744760 1.264424
vt 2.778443 1.270363
vt 2.808062 1.253262
vt 3.177548 1.221122
vt 3.165850 1.188983
vt 3.136231 1.171882
vt 3.102548 1.177821
vt 3.080564 1.204021
vt 3.080564 1.238223
vt 3.102548 1.264424
vt 3.136231 1.270363
vt 3.165850 1.253262
vt 3.177548 1.221122
vt 3.165850 1.188983
vt 3.136231 1.171882
vt 3.102548 1.177821
vt 3.080564 1.204021
vt 3.080564 1.238223
vt 3.102548 1.264424
vt 3.136231 1.270363
vt 3.165850 1.253262
vt 7.089241 1.063125
vt 7.077543 1.030986
vt 7.047923 1.013885
vt 7.014241 1.019824
vt 6.992256 1.046024
vt 6.992256 1.080226
vt 7.014241 1.106427
vt 7.047923 1.112366
vt 7.077543 1.095265
vt 7.089241 1.063125
vt 7.077543 1.030986
vt 7.047923 1.013885
vt 7.014241 1.019824
vt 6.992256 1.046024
vt 6.992256 1.080226
vt 7.014241 1.106427
vt 7.047923 1.112366
vt 7.077543 1.095265
vt 7.454541 1.063125
vt 7.442843 1.030986
vt 7.413223 1.013885
vt 7.379541 1.019824
vt 7.357556 1.046024
vt 7.357556 1.080226
vt 7.379541 1.106427
vt 7.413223 1.112366
vt 7.442843 1.095265
vt 7.454541 1.063125
vt 7.442843 1.030986
vt 7.413223 1.013885
vt 7.379541 1.019824
vt 7.357556 1.046024
vt 7.357556 1.080226
vt 7.379541 1.106427
vt 7.413223 1.112366
vt 7.442843 1.095265
vt 7.819841 1.063125
vt 7.808144 1.030986
vt 7.778524 1.013885
vt 7.744841 1.019824
vt 7.722857 1.046024
vt 7.722857 1.080226
vt 7.744841 1.106427
vt 7.778524 1.112366
vt 7.808144 1.095265
vt 7.819841 1.063125
vt 7.808144 1.030986
vt 7.778524 1.013885
vt 7.744841 1.019824
vt 7.722857 1.046024
vt 7.722857 1.080226
vt 7.744841 1.106427
vt 7.778524 1.112366
vt 7.808144 1.095265
vt 8.185142 1.063125
vt 8.173444 1.030986
vt 8.143824 1.013885
vt 8.110142 1.019824
vt 8.088157 1.046024
vt 8.088157 1.080226
vt 8.110142 1.106427
vt 8.143824 1.112366
vt 8.173444 1.095265
vt 8.185142 1.063125
vt 8.173444 1.030986
vt 8.143824 1.013885
vt 8.110142 1.019824
vt 8.088157 1.046024
vt 8.088157 1.080226
vt 8.110142 1.106427
vt 8.143824 1.112366
vt 8.173444 1.095265
vt 8.550442 1.063125
vt 8.538744 1.030986
vt 8.509124 1.013885
vt 8.475442 1.019824
vt 8.453457 1.046024
vt 8.453457 1.080226
vt 8.475442 1.106427
vt 8.509124 1.112366
vt 8.538744 1.095265
vt 8.550442 1.063125
vt 8.538744 1.030986
vt 8.509124 1.013885
vt 8.475442 1.019824
vt 8.453457 1.046024
vt 8.453457 1.080226
vt 8.475442 1.106427
vt 8.509124 1.112366
vt 8.538744 1.095265
vt 12.655814 1.079976
vt 12.644116 1.047836
vt 12.614496 1.030735
vt 12.580814 1.036675
vt 12.558829 1.062875
vt 12.558829 1.097077
vt 12.580814 1.123277
vt 12.614496 1.129216
vt 12.644116 1.112115
vt 12.655814 1.079976
vt 12.644116 1.047836
vt 12.614496 1.030735
vt 12.580814 1.036675
vt 12.558829 1.062875
vt 12.558829 1.097077
vt 12.580814 1.123277
vt 12.614496 1.129216
vt 12.644116 1.112115
vt 13.002917 1.079976
vt 12.991220 1.047836
vt 12.961600 1.030735
vt 12.927917 1.036675
vt 12.905933 1.062875
vt 12.905933 1.097077
vt 12.927917 1.123277
vt 12.961600 1.129216
vt 12.991220 1.112115
vt 13.002917 1.079976
vt 12.991220 1.047836
vt 12.961600 1.030735
vt 12.927917 1.036675
vt 12.905933 1.062875
vt 12.905933 1.097077
vt 12.927917 1.123277
vt 12.961600 1.129216
vt 12.991220 1.112115
vt 13.350021 1.079976
vt 13.338324 1.047836
vt 13.308704 1.030735
vt 13.275021 1.036675
vt 13.253037 1.062875
vt 13.253037 1.097077
vt 13.275021 1.123277
vt 13.308704 1.129216
vt 13.338324 1.112115
vt 13.350021 1.079976
vt 13.338324 1.047836
vt 13.308704 1.030735
vt 13.275021 1.036675
vt 13.253037 1.062875
vt 13.253037 1.097077
vt 13.275021 1.123277
vt 13.308704 1.129216
vt 13.338324 1.112115
vt 13.697125 1.079976
vt 13.685428 1.047836
vt 13.655808 1.030735
vt 13.622125 1.036675
vt 13.600141 1.062875
vt 13.600141 1.097077
vt 13.622125 1.123277
vt 13.655808 1.129216
vt 13.685428 1.112115
vt 13.697125 1.079976
vt 13.685428 1.047836
vt 13.655808 1.030735
vt 13.622125 1.036675
vt 13.600141 1.062875
vt 13.600141 1.097077
vt 13.622125 1.123277
vt 13.655808 1.129216
vt 13.685428 1.112115
vt 14.044229 1.079976
vt 14.032531 1.047836
vt 14.002912 1.030735
vt 13.969229 1.036675
vt 13.947245 1.062875
vt 13.947245 1.097077
vt 13.969229 1.123277
vt 14.002912 1.129216
vt 14.032531 1.112115
vt 14.044229 1.079976
vt 14.032531 1.047836
vt 14.002912 1.030735
vt 13.969229 1.036675
vt 13.947245 1.062875
vt 13.947245 1.097077
vt 13.969229 1.123277
vt 14.002912 1.129216
vt 14.032531 1.112115
vt 13.663677 -0.300000
vt 13.671585 -0.297580
vt 13.690677 -0.296578
vt 13.709769 -0.297580
vt 13.717677 -0.300000
vt 13.709769 -0.302420
vt 13.690677 -0.303422
vt 13.671585 -0.302420
vt 13.663677 1.499976
vt 13.671585 1.502396
vt 13.690677 1.503398
vt 13.709769 1.502396
vt 13.717677 1.499976
vt 13.709769 1.497556
vt 13.690677 1.496554
vt 13.671585 1.497556
vt 13.923677 -0.300000
vt 13.931585 -0.297580
vt 13.950677 -0.296578
vt 13.969769 -0.297580
vt 13.977677 -0.300000
vt 13.969769 -0.302420
vt 13.950677 -0.303422
vt 13.931585 -0.302420
vt 13.923677 1.499976
vt 13.931585 1.502396
vt 13.950677 1.503398
vt 13.969769 1.502396
vt 13.977677 1.499976
vt 13.969769 1.497556
vt 13.950677 1.496554
vt 13.931585 1.497556
vt 13.670677 -0.127002
vt 13.670677 -0.142639
vt 13.670677 -0.146501
vt 13.670677 -0.135680
vt 13.670677 -0.118325
vt 13.670677 -0.107504
vt 13.670677 -0.111366
vt 13.970677 -0.127002
vt 13.970677 -0.142639
vt 13.970677 -0.146501
vt 13.970677 -0.135680
vt 13.970677 -0.118325
vt 13.970677 -0.107504
vt 13.970677 -0.111366
vt 13.670677 0.045995
vt 13.670677 0.030359
vt 13.670677 0.026497
vt 13.670677 0.037317
vt 13.670677 0.054673
vt 13.670677 0.065494
vt 13.670677 0.061632
vt 13.970677 0.045995
vt 13.970677 0.030359
vt 13.970677 0.026497
vt 13.970677 0.037317
vt 13.970677 0.054673
vt 13.970677 0.065494
vt 13.970677 0.061632
vt 13.670677 0.218993
vt 13.670677 0.203356
vt 13.670677 0.199494
vt 13.670677 0.210315
vt 13.670677 0.227670
vt 13.670677 0.238491
vt 13.670677 0.234629
vt 13.970677 0.218993
vt 13.970677 0.203356
vt 13.970677 0.199494
vt 13.970677 0.210315
vt 13.970677 0.227670
vt 13.970677 0.238491
vt 13.970677 0.234629
vt 13.670677 0.391990
vt 13.670677 0.376354
vt 13.670677 0.372492
vt 13.670677 0.383313
vt 13.670677 0.400668
vt 13.670677 0.411489
vt 13.670677 0.407627
vt 13.970677 0.391990
vt 13.970677 0.376354
vt 13.970677 0.372492
vt 13.970677 0.383313
vt 13.970677 0.400668
vt 13.970677 0.411489
vt 13.970677 0.407627
vt 13.670677 0.564988
vt 13.670677 0.549351
vt 13.670677 0.545489
vt 13.670677 0.556310
vt 13.670677 0.573666
vt 13.670677 0.584486
vt 13.670677 0.580625
vt 13.970677 0.564988
vt 13.970677 0.549351
vt 13.970677 0.545489
vt 13.970677 0.556310
vt 13.970677 0.573666
vt 13.970677 0.584486
vt 13.970677 0.580625
vt 13.670677 0.737985
vt 13.670677 0.722349
vt 13.670677 0.718487
vt 13.670677 0.729308
vt 13.670677 0.746663
vt 13.670677 0.757484
vt 13.670677 0.753622
vt 13.970677 0.737985
vt 13.970677 0.722349
vt 13.970677 0.718487
vt 13.970677 0.729308
vt 13.970677 0.746663
vt 13.970677 0.757484
vt 13.970677 0.753622
vt 13.670677 0.910983
vt 13.670677 0.895346
vt 13.670677 0.891484
vt 13.670677 0.902305
vt 13.670677 0.919661
vt 13.670677 0.930482
vt 13.670677 0.926620
vt 13.970677 0.910983
vt 13.970677 0.895346
vt 13.970677 0.891484
vt 13.970677 0.902305
vt 13.970677 0.919661
vt 13.970677 0.930482
vt 13.970677 0.926620
vt 13.670677 1.083981
vt 13.670677 1.068344
vt 13.670677 1.064482
vt 13.670677 1.075303
vt 13.670677 1.092658
vt 13.670677 1.103479
vt 13.670677 1.099617
vt 13.970677 1.083981
vt 13.970677 1.068344
vt 13.970677 1.064482
vt 13.970677 1.075303
vt 13.970677 1.092658
vt 13.970677 1.103479
vt 13.970677 1.099617
vt 13.670677 1.256978
vt 13.670677 1.241342
vt 13.670677 1.237480
vt 13.670677 1.248301
vt 13.670677 1.265656
vt 13.670677 1.276477
vt 13.670677 1.272615
vt 13.970677 1.256978
vt 13.970677 1.241342
vt 13.970677 1.237480
vt 13.970677 1.248301
vt 13.970677 1.265656
vt 13.970677 1.276477
vt 13.970677 1.272615
vt 18.156463 0.919189
vt 18.144765 0.887049
vt 18.115145 0.869948
vt 18.081463 0.875887
vt 18.059478 0.902088
vt 18.059478 0.936290
vt 18.081463 0.962490
vt 18.115145 0.968429
vt 18.144765 0.951328
vt 18.156463 0.919189
vt 18.144765 0.887049
vt 18.115145 0.869948
vt 18.081463 0.875887
vt 18.059478 0.902088
vt 18.059478 0.936290
vt 18.081463 0.962490
vt 18.115145 0.968429
vt 18.144765 0.951328
vt 18.509677 0.919189
vt 18.497979 0.887049
vt 18.468360 0.869948
vt 18.434677 0.875887
vt 18.412693 0.902088
vt 18.412693 0.936290
vt 18.434677 0.962490
vt 18.468360 0.968429
vt 18.497979 0.951328
vt 18.509677 0.919189
vt 18.497979 0.887049
vt 18.468360 0.869948
vt 18.434677 0.875887
vt 18.412693 0.902088
vt 18.412693 0.936290
vt 18.434677 0.962490
vt 18.468360 0.968429
vt 18.497979 0.951328
vt 18.862891 0.919189
vt 18.851194 0.887049
vt 18.821574 0.869948
vt 18.787891 0.875887
vt 18.765907 0.902088
vt 18.765907 0.936290
vt 18.787891 0.962490
vt 18.821574 0.968429
vt 18.851194 0.951328
vt 18.862891 0.919189
vt 18.851194 0.887049
vt 18.821574 0.869948
vt 18.787891 0.875887
vt 18.765907 0.902088
vt 18.765907 0.936290
vt 18.787891 0.962490
vt 18.821574 0.968429
vt 18.851194 0.951328
vt 19.216105 0.919189
vt 19.204408 0.887049
vt 19.174788 0.869948
vt 19.141105 0.875887
vt 19.119121 0.902088
vt 19.119121 0.936290
vt 19.141105 0.962490
vt 19.174788 0.968429
vt 19.204408 0.951328
vt 19.216105 0.919189
vt 19.204408 0.887049
vt 19.174788 0.869948
vt 19.141105 0.875887
vt 19.119121 0.902088
vt 19.119121 0.936290
vt 19.141105 0.962490
vt 19.174788 0.968429
vt 19.204408 0.951328
vt 19.569319 0.919189
vt 19.557622 0.887049
vt 19.528002 0.869948
vt 19.494319 0.875887
vt 19.472335 0.902088
vt 19.472335 0.936290
vt 19.494319 0.962490
vt 19.528002 0.968429
vt 19.557622 0.951328
vt 19.569319 0.919189
vt 19.557622 0.887049
vt 19.528002 0.869948
vt 19.494319 0.875887
vt 19.472335 0.902088
vt 19.472335 0.936290
vt 19.494319 0.962490
vt 19.528002 0.968429
vt 19.557622 0.951328
vt 23.949361 1.131260
vt 23.937664 1.099121
vt 23.908044 1.082020
vt 23.874361 1.087959
vt 23.852377 1.114159
vt 23.852377 1.148361
vt 23.874361 1.174562
vt 23.908044 1.180501
vt 23.937664 1.163400
vt 23.949361 1.131260
vt 23.937664 1.099121
vt 23.908044 1.082020
vt 23.874361 1.087959
vt 23.852377 1.114159
vt 23.852377 1.148361
vt 23.874361 1.174562
vt 23.908044 1.180501
vt 23.937664 1.163400
vt 24.311675 1.131260
vt 24.299978 1.099121
vt 24.270358 1.082020
vt 24.236675 1.087959
vt 24.214691 1.114159
vt 24.214691 1.148361
vt 24.236675 1.174562
vt 24.270358 1.180501
vt 24.299978 1.163400
vt 24.311675 1.131260
vt 24.299978 1.099121
vt 24.270358 1.082020
vt 24.236675 1.087959
vt 24.214691 1.114159
vt 24.214691 1.148361
vt 24.236675 1.174562
vt 24.270358 1.180501
vt 24.299978 1.163400
vt 24.673989 1.131260
vt 24.662292 1.099121
vt 24.632672 1.082020
vt 24.598989 1.087959
vt 24.577005 1.114159
vt 24.577005 1.148361
vt 24.598989 1.174562
vt 24.632672 1.180501
vt 24.662292 1.163400
vt 24.673989 1.131260
vt 24.662292 1.099121
vt 24.632672 1.082020
vt 24.598989 1.087959
vt 24.577005 1.114159
vt 24.577005 1.148361
vt 24.598989 1.174562
vt 24.632672 1.180501
vt 24.662292 1.163400
vt 25.036304 1.131260
vt 25.024606 1.099121
vt 24.994986 1.082020
vt 24.961304 1.087959
vt 24.939319 1.114159
vt 24.939319 1.148361
vt 24.961304 1.174562
vt 24.994986 1.180501
vt 25.024606 1.163400
vt 25.036304 1.131260
vt 25.024606 1.099121
vt 24.994986 1.082020
vt 24.961304 1.087959
vt 24.939319 1.114159
vt 24.939319 1.148361
vt 24.961304 1.174562
vt 24.994986 1.180501
vt 25.024606 1.163400
vt 25.398618 1.131260
vt 25.386920 1.099121
vt 25.357300 1.082020
vt 25.323618 1.087959
vt 25.301633 1.114159
vt 25.301633 1.148361
vt 25.323618 1.174562
vt 25.357300 1.180501
vt 25.386920 1.163400
vt 25.398618 1.131260
vt 25.386920 1.099121
vt 25.357300 1.082020
vt 25.323618 1.087959
vt 25.301633 1.114159
vt 25.301633 1.148361
vt 25.323618 1.174562
vt 25.357300 1.180501
vt 25.386920 1.163400
vt 29.163208 1.062307
vt 29.151511 1.030167
vt 29.121891 1.013066
vt 29.088208 1.019005
vt 29.066224 1.045206
vt 29.066224 1.079408
vt 29.088208 1.105608
vt 29.121891 1.111547
vt 29.151511 1.094446
vt 29.163208 1.062307
vt 29.151511 1.030167
vt 29.121891 1.013066
vt 29.088208 1.019005
vt 29.066224 1.045206
vt 29.066224 1.079408
vt 29.088208 1.105608
vt 29.121891 1.111547
vt 29.151511 1.094446
vt 29.544569 1.062307
vt 29.532871 1.030167
vt 29.503251 1.013066
vt 29.469569 1.019005
vt 29.447584 1.045206
vt 29.447584 1.079408
vt 29.469569 1.105608
vt 29.503251 1.111547
vt 29.532871 1.094446
vt 29.544569 1.062307
vt 29.532871 1.030167
vt 29.503251 1.013066
vt 29.469569 1.019005
vt 29.447584 1.045206
vt 29.447584 1.079408
vt 29.469569 1.105608
vt 29.503251 1.111547
vt 29.532871 1.094446
vt 29.925929 1.062307
vt 29.914231 1.030167
vt 29.884611 1.013066
vt 29.850929 1.019005
vt 29.828944 1.045206
vt 29.828944 1.079408
vt 29.850929 1.105608
vt 29.884611 1.111547
vt 29.914231 1.094446
vt 29.925929 1.062307
vt 29.914231 1.030167
vt 29.884611 1.013066
vt 29.850929 1.019005
vt 29.828944 1.045206
vt 29.828944 1.079408
vt 29.850929 1.105608
vt 29.884611 1.111547
vt 29.914231 1.094446
vt 30.307289 1.062307
vt 30.295591 1.030167
vt 30.265971 1.013066
vt 30.232289 1.019005
vt 30.210304 1.045206
vt 30.210304 1.079408
vt 30.232289 1.105608
vt 30.265971 1.111547
vt 30.295591 1.094446
vt 30.307289 1.062307
vt 30.295591 1.030167
vt 30.265971 1.013066
vt 30.232289 1.019005
vt 30.210304 1.045206
vt 30.210304 1.079408
vt 30.232289 1.105608
vt 30.265971 1.111547
vt 30.295591 1.094446
vt 30.688649 1.062307
vt 30.676951 1.030167
vt 30.647332 1.013066
vt 30.613649 1.019005
vt 30.591664 1.045206
vt 30.591664 1.079408
vt 30.613649 1.105608
vt 30.647332 1.111547
vt 30.676951 1.094446
vt 30.688649 1.062307
vt 30.676951 1.030167
vt 30.647332 1.013066
vt 30.613649 1.019005
vt 30.591664 1.045206
vt 30.591664 1.079408
vt 30.613649 1.105608
vt 30.647332 1.111547
vt 30.676951 1.094446
vt 30.290969 -0.300000
vt 30.298877 -0.297557
vt 30.317969 -0.296544
vt 30.337061 -0.297557
vt 30.344969 -0.300000
vt 30.337061 -0.302443
vt 30.317969 -0.303456
vt 30.298877 -0.302443
vt 30.290969 1.482307
vt 30.298877 1.484750
vt 30.317969 1.485762
vt 30.337061 1.484750
vt 30.344969 1.482307
vt 30.337061 1.479863
vt 30.317969 1.478851
vt 30.298877 1.479863
vt 30.550969 -0.300000
vt 30.558877 -0.297557
vt 30.577969 -0.296544
vt 30.597061 -0.297557
vt 30.604969 -0.300000
vt 30.597061 -0.302443
vt 30.577969 -0.303456
vt 30.558877 -0.302443
vt 30.550969 1.482307
vt 30.558877 1.484750
vt 30.577969 1.485762
vt 30.597061 1.484750
vt 30.604969 1.482307
vt 30.597061 1.479863
vt 30.577969 1.478851
vt 30.558877 1.479863
vt 30.297969 -0.128769
vt 30.297969 -0.144406
vt 30.297969 -0.148268
vt 30.297969 -0.137447
vt 30.297969 -0.120092
vt 30.297969 -0.109271
vt 30.297969 -0.113133
vt 30.597969 -0.128769
vt 30.597969 -0.144406
vt 30.597969 -0.148268
vt 30.597969 -0.137447
vt 30.597969 -0.120092
vt 30.597969 -0.109271
vt 30.597969 -0.113133
vt 30.297969 0.042461
vt 30.297969 0.026825
vt 30.297969 0.022963
vt 30.297969 0.033784
vt 30.297969 0.051139
vt 30.297969 0.061960
vt 30.297969 0.058098
vt 30.597969 0.042461
vt 30.597969 0.026825
vt 30.597969 0.022963
vt 30.597969 0.033784
vt 30.597969 0.051139
vt 30.597969 0.061960
vt 30.597969 0.058098
vt 30.297969 0.213692
vt 30.297969 0.198055
vt 30.297969 0.194193
vt 30.297969 0.205014
vt 30.297969 0.222370
vt 30.297969 0.233191
vt 30.297969 0.229329
vt 30.597969 0.213692
vt 30.597969 0.198055
vt 30.597969 0.194193
vt 30.597969 0.205014
vt 30.597969 0.222370
vt 30.597969 0.233191
vt 30.597969 0.229329
vt 30.297969 0.384923
vt 30.297969 0.369286
vt 30.297969 0.365424
vt 30.297969 0.376245
vt 30.297969 0.393600
vt 30.297969 0.404421
vt 30.297969 0.400559
vt 30.597969 0.384923
vt 30.597969 0.369286
vt 30.597969 0.365424
vt 30.597969 0.376245
vt 30.597969 0.393600
vt 30.597969 0.404421
vt 30.597969 0.400559
vt 30.297969 0.556153
vt 30.297969 0.540517
vt 30.297969 0.536655
vt 30.297969 0.547476
vt 30.297969 0.564831
vt 30.297969 0.575652
vt 30.297969 0.571790
vt 30.597969 0.556153
vt 30.597969 0.540517
vt 30.597969 0.536655
vt 30.597969 0.547476
vt 30.597969 0.564831
vt 30.597969 0.575652
vt 30.597969 0.571790
vt 30.297969 0.727384
vt 30.297969 0.711747
vt 30.297969 0.707885
vt 30.297969 0.718706
vt 30.297969 0.736062
vt 30.297969 0.746883
vt 30.297969 0.743021
vt 30.597969 0.727384
vt 30.597969 0.711747
vt 30.597969 0.707885
vt 30.597969 0.718706
vt 30.597969 0.736062
vt 30.597969 0.746883
vt 30.597969 0.743021
vt 30.297969 0.898615
vt 30.297969 0.882978
vt 30.297969 0.879116
vt 30.297969 0.889937
vt 30.297969 0.907292
vt 30.297969 0.918113
vt 30.297969 0.914251
vt 30.597969 0.898615
vt 30.597969 0.882978
vt 30.597969 0.879116
vt 30.597969 0.889937
vt 30.597969 0.907292
vt 30.597969 0.918113
vt 30.597969 0.914251
vt 30.297969 1.069845
vt 30.297969 1.054209
vt 30.297969 1.050347
vt 30.297969 1.061168
vt 30.297969 1.078523
vt 30.297969 1.089344
vt 30.297969 1.085482
vt 30.597969 1.069845
vt 30.597969 1.054209
vt 30.597969 1.050347
vt 30.597969 1.061168
vt 30.597969 1.078523
vt 30.597969 1.089344
vt 30.597969 1.085482
vt 30.297969 1.241076
vt 30.297969 1.225439
vt 30.297969 1.221577
vt 30.297969 1.232398
vt 30.297969 1.249754
vt 30.297969 1.260575
vt 30.297969 1.256713
vt 30.597969 1.241076
vt 30.597969 1.225439
vt 30.597969 1.221577
vt 30.597969 1.232398
vt 30.597969 1.249754
vt 30.597969 1.260575
vt 30.597969 1.256713
vt 34.645791 1.119310
vt 34.634093 1.087171
vt 34.604474 1.070070
vt 34.570791 1.076009
vt 34.548807 1.102209
vt 34.548807 1.136411
vt 34.570791 1.162611
vt 34.604474 1.168551
vt 34.634093 1.151450
vt 34.645791 1.119310
vt 34.634093 1.087171
vt 34.604474 1.070070
vt 34.570791 1.076009
vt 34.548807 1.102209
vt 34.548807 1.136411
vt 34.570791 1.162611
vt 34.604474 1.168551
vt 34.634093 1.151450
vt 34.994314 1.119310
vt 34.982616 1.087171
vt 34.952996 1.070070
vt 34.919314 1.076009
vt 34.897329 1.102209
vt 34.897329 1.136411
vt 34.919314 1.162611
vt 34.952996 1.168551
vt 34.982616 1.151450
vt 34.994314 1.119310
vt 34.982616 1.087171
vt 34.952996 1.070070
vt 34.919314 1.076009
vt 34.897329 1.102209
vt 34.897329 1.136411
vt 34.919314 1.162611
vt 34.952996 1.168551
vt 34.982616 1.151450
vt 35.342837 1.119310
vt 35.331139 1.087171
vt 35.301519 1.070070
vt 35.267837 1.076009
vt 35.245852 1.102209
vt 35.245852 1.136411
vt 35.267837 1.162611
vt 35.301519 1.168551
vt 35.331139 1.151450
vt 35.342837 1.119310
vt 35.331139 1.087171
vt 35.301519 1.070070
vt 35.267837 1.076009
vt 35.245852 1.102209
vt 35.245852 1.136411
vt 35.267837 1.162611
vt 35.301519 1.168551
vt 35.331139 1.151450
vt 35.691359 1.119310
vt 35.679662 1.087171
vt 35.650042 1.070070
vt 35.616359 1.076009
vt 35.594375 1.102209
vt 35.594375 1.136411
vt 35.616359 1.162611
vt 35.650042 1.168551
vt 35.679662 1.151450
vt 35.691359 1.119310
vt 35.679662 1.087171
vt 35.650042 1.070070
vt 35.616359 1.076009
vt 35.594375 1.102209
vt 35.594375 1.136411
vt 35.616359 1.162611
vt 35.650042 1.168551
vt 35.679662 1.151450
vt 36.039882 1.119310
vt 36.028184 1.087171
vt 35.998565 1.070070
vt 35.964882 1.076009
vt 35.942898 1.102209
vt 35.942898 1.136411
vt 35.964882 1.162611
vt 35.998565 1.168551
vt 36.028184 1.151450
vt 36.039882 1.119310
vt 36.028184 1.087171
vt 35.998565 1.070070
vt 35.964882 1.076009
vt 35.942898 1.102209
vt 35.942898 1.136411
vt 35.964882 1.162611
vt 35.998565 1.168551
vt 36.028184 1.151450
vt -36.952906 1.856463
vt -36.964603 1.824324
vt -36.994223 1.807223
vt -37.027906 1.813162
vt -37.049890 1.839362
vt -37.049890 1.873564
vt -37.027906 1.899765
vt -36.994223 1.905704
vt -36.964603 1.888603
vt -36.952906 1.856463
vt -36.964603 1.824324
vt -36.994223 1.807223
vt -37.027906 1.813162
vt -37.049890 1.839362
vt -37.049890 1.873564
vt -37.027906 1.899765
vt -36.994223 1.905704
vt -36.964603 1.888603
vt -36.577699 1.856463
vt -36.589396 1.824324
vt -36.619016 1.807223
vt -36.652699 1.813162
vt -36.674683 1.839362
vt -36.674683 1.873564
vt -36.652699 1.899765
vt -36.619016 1.905704
vt -36.589396 1.888603
vt -36.577699 1.856463
vt -36.589396 1.824324
vt -36.619016 1.807223
vt -36.652699 1.813162
vt -36.674683 1.839362
vt -36.674683 1.873564
vt -36.652699 1.899765
vt -36.619016 1.905704
vt -36.589396 1.888603
vt -36.202492 1.856463
vt -36.214189 1.824324
vt -36.243809 1.807223
vt -36.277492 1.813162
vt -36.299476 1.839362
vt -36.299476 1.873564
vt -36.277492 1.899765
vt -36.243809 1.905704
vt -36.214189 1.888603
vt -36.202492 1.856463
vt -36.214189 1.824324
vt -36.243809 1.807223
vt -36.277492 1.813162
vt -36.299476 1.839362
vt -36.299476 1.873564
vt -36.277492 1.899765
vt -36.243809 1.905704
vt -36.214189 1.888603
vt -35.827285 1.856463
vt -35.838982 1.824324
vt -35.868602 1.807223
vt -35.902285 1.813162
vt -35.924269 1.839362
vt -35.924269 1.873564
vt -35.902285 1.899765
vt -35.868602 1.905704
vt -35.838982 1.888603
vt -35.827285 1.856463
vt -35.838982 1.824324
vt -35.868602 1.807223
vt -35.902285 1.813162
vt -35.924269 1.839362
vt -35.924269 1.873564
vt -35.902285 1.899765
vt -35.868602 1.905704
vt -35.838982 1.888603
vt -35.452078 1.856463
vt -35.463775 1.824324
vt -35.493395 1.807223
vt -35.527078 1.813162
vt -35.549062 1.839362
vt -35.549062 1.873564
vt -35.527078 1.899765
vt -35.493395 1.905704
vt -35.463775 1.888603
vt -35.452078 1.856463
vt -35.463775 1.824324
vt -35.493395 1.807223
vt -35.527078 1.813162
vt -35.549062 1.839362
vt -35.549062 1.873564
vt -35.527078 1.899765
vt -35.493395 1.905704
vt -35.463775 1.888603
vt -31.446903 1.873395
vt -31.458601 1.841256
vt -31.488221 1.824155
vt -31.521903 1.830094
vt -31.543888 1.856294
vt -31.543888 1.890496
vt -31.521903 1.916696
vt -31.488221 1.922635
vt -31.458601 1.905534
vt -31.446903 1.873395
vt -31.458601 1.841256
vt -31.488221 1.824155
vt -31.521903 1.830094
vt -31.543888 1.856294
vt -31.543888 1.890496
vt -31.521903 1.916696
vt -31.488221 1.922635
vt -31.458601 1.905534
vt -31.092031 1.873395
vt -31.103729 1.841256
vt -31.133349 1.824155
vt -31.167031 1.830094
vt -31.189016 1.856294
vt -31.189016 1.890496
vt -31.167031 1.916696
vt -31.133349 1.922635
vt -31.103729 1.905534
vt -31.092031 1.873395
vt -31.103729 1.841256
vt -31.133349 1.824155
vt -31.167031 1.830094
vt -31.189016 1.856294
vt -31.189016 1.890496
vt -31.167031 1.916696
vt -31.133349 1.922635
vt -31.103729 1.905534
vt -30.737159 1.873395
vt -30.748857 1.841256
vt -30.778476 1.824155
vt -30.812159 1.830094
vt -30.834144 1.856294
vt -30.834144 1.890496
vt -30.812159 1.916696
vt -30.778476 1.922635
vt -30.748857 1.905534
vt -30.737159 1.873395
vt -30.748857 1.841256
vt -30.778476 1.824155
vt -30.812159 1.830094
vt -30.834144 1.856294
vt -30.834144 1.890496
vt -30.812159 1.916696
vt -30.778476 1.922635
vt -30.748857 1.905534
vt -30.382287 1.873395
vt -30.393984 1.841256
vt -30.423604 1.824155
vt -30.457287 1.830094
vt -30.479271 1.856294
vt -30.479271 1.890496
vt -30.457287 1.916696
vt -30.423604 1.922635
vt -30.393984 1.905534
vt -30.382287 1.873395
vt -30.393984 1.841256
vt -30.423604 1.824155
vt -30.457287 1.830094
vt -30.479271 1.856294
vt -30.479271 1.890496
vt -30.457287 1.916696
vt -30.423604 1.922635
vt -30.393984 1.905534
vt -30.027414 1.873395
vt -30.039112 1.841256
vt -30.068732 1.824155
vt -30.102414 1.830094
vt -30.124399 1.856294
vt -30.124399 1.890496
vt -30.102414 1.916696
vt -30.068732 1.922635
vt -30.039112 1.905534
vt -30.027414 1.873395
vt -30.039112 1.841256
vt -30.068732 1.824155
vt -30.102414 1.830094
vt -30.124399 1.856294
vt -30.124399 1.890496
vt -30.102414 1.916696
vt -30.068732 1.922635
vt -30.039112 1.905534
vt -26.050907 1.697367
vt -26.062605 1.665227
vt -26.092224 1.648126
vt -26.125907 1.654065
vt -26.147891 1.680266
vt -26.147891 1.714468
vt -26.125907 1.740668
vt -26.092224 1.746607
vt -26.062605 1.729506
vt -26.050907 1.697367
vt -26.062605 1.665227
vt -26.092224 1.648126
vt -26.125907 1.654065
vt -26.147891 1.680266
vt -26.147891 1.714468
vt -26.125907 1.740668
vt -26.092224 1.746607
vt -26.062605 1.729506
vt -25.682438 1.697367
vt -25.694136 1.665227
vt -25.723756 1.648126
vt -25.757438 1.654065
vt -25.779423 1.680266
vt -25.779423 1.714468
vt -25.757438 1.740668
vt -25.723756 1.746607
vt -25.694136 1.729506
vt -25.682438 1.697367
vt -25.694136 1.665227
vt -25.723756 1.648126
vt -25.757438 1.654065
vt -25.779423 1.680266
vt -25.779423 1.714468
vt -25.757438 1.740668
vt -25.723756 1.746607
vt -25.694136 1.729506
vt -25.313970 1.697367
vt -25.325668 1.665227
vt -25.355288 1.648126
vt -25.388970 1.654065
vt -25.410955 1.680266
vt -25.410955 1.714468
vt -25.388970 1.740668
vt -25.355288 1.746607
vt -25.325668 1.729506
vt -25.313970 1.697367
vt -25.325668 1.665227
vt -25.355288 1.648126
vt -25.388970 1.654065
vt -25.410955 1.680266
vt -25.410955 1.714468
vt -25.388970 1.740668
vt -25.355288 1.746607
vt -25.325668 1.729506
vt -24.945502 1.697367
vt -24.957199 1.665227
vt -24.986819 1.648126
vt -25.020502 1.654065
vt -25.042486 1.680266
vt -25.042486 1.714468
vt -25.020502 1.740668
vt -24.986819 1.746607
vt -24.957199 1.729506
vt -24.945502 1.697367
vt -24.957199 1.665227
vt -24.986819 1.648126
vt -25.020502 1.654065
vt -25.042486 1.680266
vt -25.042486 1.714468
vt -25.020502 1.740668
vt -24.986819 1.746607
vt -24.957199 1.729506
vt -24.577033 1.697367
vt -24.588731 1.665227
vt -24.618351 1.648126
vt -24.652033 1.654065
vt -24.674018 1.680266
vt -24.674018 1.714468
vt -24.652033 1.740668
vt -24.618351 1.746607
vt -24.588731 1.729506
vt -24.577033 1.697367
vt -24.588731 1.665227
vt -24.618351 1.648126
vt -24.652033 1.654065
vt -24.674018 1.680266
vt -24.674018 1.714468
vt -24.652033 1.740668
vt -24.618351 1.746607
vt -24.588731 1.729506
vt -24.968267 0.550000
vt -24.960359 0.552772
vt -24.941267 0.553920
vt -24.922176 0.552772
vt -24.914267 0.550000
vt -24.922176 0.547228
vt -24.941267 0.546080
vt -24.960359 0.547228
vt -24.968267 2.117367
vt -24.960359 2.120138
vt -24.941267 2.121287
vt -24.922176 2.120138
vt -24.914267 2.117367
vt -24.922176 2.114595
vt -24.941267 2.113446
vt -24.960359 2.114595
vt -24.708267 0.550000
vt -24.700359 0.552772
vt -24.681267 0.553920
vt -24.662176 0.552772
vt -24.654267 0.550000
vt -24.662176 0.547228
vt -24.681267 0.546080
vt -24.700359 0.547228
vt -24.708267 2.117367
vt -24.700359 2.120138
vt -24.681267 2.121287
vt -24.662176 2.120138
vt -24.654267 2.117367
vt -24.662176 2.114595
vt -24.681267 2.113446
vt -24.700359 2.114595
vt -24.961267 0.699737
vt -24.961267 0.684100
vt -24.961267 0.680238
vt -24.961267 0.691059
vt -24.961267 0.708414
vt -24.961267 0.719235
vt -24.961267 0.715373
vt -24.661267 0.699737
vt -24.661267 0.684100
vt -24.661267 0.680238
vt -24.661267 0.691059
vt -24.661267 0.708414
vt -24.661267 0.719235
vt -24.661267 0.715373
vt -24.961267 0.849473
vt -24.961267 0.833837
vt -24.961267 0.829975
vt -24.961267 0.840796
vt -24.961267 0.858151
vt -24.961267 0.868972
vt -24.961267 0.865110
vt -24.661267 0.849473
vt -24.661267 0.833837
vt -24.661267 0.829975
vt -24.661267 0.840796
vt -24.661267 0.858151
vt -24.661267 0.868972
vt -24.661267 0.865110
vt -24.961267 0.999210
vt -24.961267 0.983573
vt -24.961267 0.979711
vt -24.961267 0.990532
vt -24.961267 1.007888
vt -24.961267 1.018709
vt -24.961267 1.014847
vt -24.661267 0.999210
vt -24.661267 0.983573
vt -24.661267 0.979711
vt -24.661267 0.990532
vt -24.661267 1.007888
vt -24.661267 1.018709
vt -24.661267 1.014847
vt -24.961267 1.148947
vt -24.961267 1.133310
vt -24.961267 1.129448
vt -24.961267 1.140269
vt -24.961267 1.157624
vt -24.961267 1.168445
vt -24.961267 1.164583
vt -24.661267 1.148947
vt -24.661267 1.133310
vt -24.661267 1.129448
vt -24.661267 1.140269
vt -24.661267 1.157624
vt -24.661267 1.168445
vt -24.661267 1.164583
vt -24.961267 1.298683
vt -24.961267 1.283047
vt -24.961267 1.279185
vt -24.961267 1.290006
vt -24.961267 1.307361
vt -24.961267 1.318182
vt -24.961267 1.314320
vt -24.661267 1.298683
vt -24.661267 1.283047
vt -24.661267 1.279185
vt -24.661267 1.290006
vt -24.661267 1.307361
vt -24.661267 1.318182
vt -24.661267 1.314320
vt -24.961267 1.448420
vt -24.961267 1.432783
vt -24.961267 1.428921
vt -24.961267 1.439742
vt -24.961267 1.457098
vt -24.961267 1.467918
vt -24.961267 1.464057
vt -24.661267 1.448420
vt -24.661267 1.432783
vt -24.661267 1.428921
vt -24.661267 1.439742
vt -24.661267 1.457098
vt -24.661267 1.467918
vt -24.661267 1.464057
vt -24.961267 1.598157
vt -24.961267 1.582520
vt -24.961267 1.578658
vt -24.961267 1.589479
vt -24.961267 1.606834
vt -24.961267 1.617655
vt -24.961267 1.613793
vt -24.661267 1.598157
vt -24.661267 1.582520
vt -24.661267 1.578658
vt -24.661267 1.589479
vt -24.661267 1.606834
vt -24.661267 1.617655
vt -24.661267 1.613793
vt -24.961267 1.747893
vt -24.961267 1.732257
vt -24.961267 1.728395
vt -24.961267 1.739216
vt -24.961267 1.756571
vt -24.961267 1.767392
vt -24.961267 1.763530
vt -24.661267 1.747893
vt -24.661267 1.732257
vt -24.661267 1.728395
vt -24.661267 1.739216
vt -24.661267 1.756571
vt -24.661267 1.767392
vt -24.661267 1.763530
vt -24.961267 1.897630
vt -24.961267 1.881993
vt -24.961267 1.878131
vt -24.961267 1.888952
vt -24.961267 1.906308
vt -24.961267 1.917128
vt -24.961267 1.913266
vt -24.661267 1.897630
vt -24.661267 1.881993
vt -24.661267 1.878131
vt -24.661267 1.888952
vt -24.661267 1.906308
vt -24.661267 1.917128
vt -24.661267 1.913266
vt -20.575353 1.647981
vt -20.587051 1.615841
vt -20.616671 1.598740
vt -20.650353 1.604680
vt -20.672338 1.630880
vt -20.672338 1.665082
vt -20.650353 1.691282
vt -20.616671 1.697221
vt -20.587051 1.680120
vt -20.575353 1.647981
vt -20.587051 1.615841
vt -20.616671 1.598740
vt -20.650353 1.604680
vt -20.672338 1.630880
vt -20.672338 1.665082
vt -20.650353 1.691282
vt -20.616671 1.697221
vt -20.587051 1.680120
vt -20.212907 1.647981
vt -20.224605 1.615841
vt -20.254225 1.598740
vt -20.287907 1.604680
vt -20.309892 1.630880
vt -20.309892 1.665082
vt -20.287907 1.691282
vt -20.254225 1.697221
vt -20.224605 1.680120
vt -20.212907 1.647981
vt -20.224605 1.615841
vt -20.254225 1.598740
vt -20.287907 1.604680
vt -20.309892 1.630880
vt -20.309892 1.665082
vt -20.287907 1.691282
vt -20.254225 1.697221
vt -20.224605 1.680120
vt -19.850461 1.647981
vt -19.862159 1.615841
vt -19.891779 1.598740
vt -19.925461 1.604680
vt -19.947446 1.630880
vt -19.947446 1.665082
vt -19.925461 1.691282
vt -19.891779 1.697221
vt -19.862159 1.680120
vt -19.850461 1.647981
vt -19.862159 1.615841
vt -19.891779 1.598740
vt -19.925461 1.604680
vt -19.947446 1.630880
vt -19.947446 1.665082
vt -19.925461 1.691282
vt -19.891779 1.697221
vt -19.862159 1.680120
vt -19.488016 1.647981
vt -19.499713 1.615841
vt -19.529333 1.598740
vt -19.563016 1.604680
vt -19.585000 1.630880
vt -19.585000 1.665082
vt -19.563016 1.691282
vt -19.529333 1.697221
vt -19.499713 1.680120
vt -19.488016 1.647981
vt -19.499713 1.615841
vt -19.529333 1.598740
vt -19.563016 1.604680
vt -19.585000 1.630880
vt -19.585000 1.665082
vt -19.563016 1.691282
vt -19.529333 1.697221
vt -19.499713 1.680120
vt -19.125570 1.647981
vt -19.137268 1.615841
vt -19.166887 1.598740
vt -19.200570 1.604680
vt -19.222554 1.630880
vt -19.222554 1.665082
vt -19.200570 1.691282
vt -19.166887 1.697221
vt -19.137268 1.680120
vt -19.125570 1.647981
vt -19.137268 1.615841
vt -19.166887 1.598740
vt -19.200570 1.604680
vt -19.222554 1.630880
vt -19.222554 1.665082
vt -19.200570 1.691282
vt -19.166887 1.697221
vt -19.137268 1.680120
vt -14.574032 1.774183
vt -14.585730 1.742044
vt -14.615350 1.724943
vt -14.649032 1.730882
vt -14.671017 1.757082
vt -14.671017 1.791284
vt -14.649032 1.817484
vt -14.615350 1.823423
vt -14.585730 1.806322
vt -14.574032 1.774183
vt -14.585730 1.742044
vt -14.615350 1.724943
vt -14.649032 1.730882
vt -14.671017 1.757082
vt -14.671017 1.791284
vt -14.649032 1.817484
vt -14.615350 1.823423
vt -14.585730 1.806322
vt -14.259673 1.774183
vt -14.271371 1.742044
vt -14.300990 1.724943
vt -14.334673 1.730882
vt -14.356657 1.757082
vt -14.356657 1.791284
vt -14.334673 1.817484
vt -14.300990 1.823423
vt -14.271371 1.806322
vt -14.259673 1.774183
vt -14.271371 1.742044
vt -14.300990 1.724943
vt -14.334673 1.730882
vt -14.356657 1.757082
vt -14.356657 1.791284
vt -14.334673 1.817484
vt -14.300990 1.823423
vt -14.271371 1.806322
vt -13.945314 1.774183
vt -13.957011 1.742044
vt -13.986631 1.724943
vt -14.020314 1.730882
vt -14.042298 1.757082
vt -14.042298 1.791284
vt -14.020314 1.817484
vt -13.986631 1.823423
vt -13.957011 1.806322
vt -13.945314 1.774183
vt -13.957011 1.742044
vt -13.986631 1.724943
vt -14.020314 1.730882
vt -14.042298 1.757082
vt -14.042298 1.791284
vt -14.020314 1.817484
vt -13.986631 1.823423
vt -13.957011 1.806322
vt -13.630954 1.774183
vt -13.642652 1.742044
vt -13.672272 1.724943
vt -13.705954 1.730882
vt -13.727939 1.757082
vt -13.727939 1.791284
vt -13.705954 1.817484
vt -13.672272 1.823423
vt -13.642652 1.806322
vt -13.630954 1.774183
vt -13.642652 1.742044
vt -13.672272 1.724943
vt -13.705954 1.730882
vt -13.727939 1.757082
vt -13.727939 1.791284
vt -13.705954 1.817484
vt -13.672272 1.823423
vt -13.642652 1.806322
vt -13.316595 1.774183
vt -13.328293 1.742044
vt -13.357913 1.724943
vt -13.391595 1.730882
vt -13.413580 1.757082
vt -13.413580 1.791284
vt -13.391595 1.817484
vt -13.357913 1.823423
vt -13.328293 1.806322
vt -13.316595 1.774183
vt -13.328293 1.742044
vt -13.357913 1.724943
vt -13.391595 1.730882
vt -13.413580 1.757082
vt -13.413580 1.791284
vt -13.391595 1.817484
vt -13.357913 1.823423
vt -13.328293 1.806322
vt -9.356354 2.033041
vt -9.368052 2.000902
vt -9.397671 1.983801
vt -9.431354 1.989740
vt -9.453339 2.015940
vt -9.453339 2.050142
vt -9.431354 2.076342
vt -9.397671 2.082281
vt -9.368052 2.065180
vt -9.356354 2.033041
vt -9.368052 2.000902
vt -9.397671 1.983801
vt -9.431354 1.989740
vt -9.453339 2.015940
vt -9.453339 2.050142
vt -9.431354 2.076342
vt -9.397671 2.082281
vt -9.368052 2.065180
vt -8.985000 2.033041
vt -8.996698 2.000902
vt -9.026318 1.983801
vt -9.060000 1.989740
vt -9.081985 2.015940
vt -9.081985 2.050142
vt -9.060000 2.076342
vt -9.026318 2.082281
vt -8.996698 2.065180
vt -8.985000 2.033041
vt -8.996698 2.000902
vt -9.026318 1.983801
vt -9.060000 1.989740
vt -9.081985 2.015940
vt -9.081985 2.050142
vt -9.060000 2.076342
vt -9.026318 2.082281
vt -8.996698 2.065180
vt -8.613647 2.033041
vt -8.625345 2.000902
vt -8.654964 1.983801
vt -8.688647 1.989740
vt -8.710631 2.015940
vt -8.710631 2.050142
vt -8.688647 2.076342
vt -8.654964 2.082281
vt -8.625345 2.065180
vt -8.613647 2.033041
vt -8.625345 2.000902
vt -8.654964 1.983801
vt -8.688647 1.989740
vt -8.710631 2.015940
vt -8.710631 2.050142
vt -8.688647 2.076342
vt -8.654964 2.082281
vt -8.625345 2.065180
vt -8.242293 2.033041
vt -8.253991 2.000902
vt -8.283611 1.983801
vt -8.317293 1.989740
vt -8.339278 2.015940
vt -8.339278 2.050142
vt -8.317293 2.076342
vt -8.283611 2.082281
vt -8.253991 2.065180
vt -8.242293 2.033041
vt -8.253991 2.000902
vt -8.283611 1.983801
vt -8.317293 1.989740
vt -8.339278 2.015940
vt -8.339278 2.050142
vt -8.317293 2.076342
vt -8.283611 2.082281
vt -8.253991 2.065180
vt -7.870940 2.033041
vt -7.882637 2.000902
vt -7.912257 1.983801
vt -7.945940 1.989740
vt -7.967924 2.015940
vt -7.967924 2.050142
vt -7.945940 2.076342
vt -7.912257 2.082281
vt -7.882637 2.065180
vt -7.870940 2.033041
vt -7.882637 2.000902
vt -7.912257 1.983801
vt -7.945940 1.989740
vt -7.967924 2.015940
vt -7.967924 2.050142
vt -7.945940 2.076342
vt -7.912257 2.082281
vt -7.882637 2.065180
vt -8.263616 0.550000
vt -8.255708 0.552291
vt -8.236616 0.553240
vt -8.217524 0.552291
vt -8.209616 0.550000
vt -8.217524 0.547709
vt -8.236616 0.546760
vt -8.255708 0.547709
vt -8.263616 2.453041
vt -8.255708 2.455332
vt -8.236616 2.456281
vt -8.217524 2.455332
vt -8.209616 2.453041
vt -8.217524 2.450750
vt -8.236616 2.449801
vt -8.255708 2.450750
vt -8.003616 0.550000
vt -7.995708 0.552291
vt -7.976616 0.553240
vt -7.957524 0.552291
vt -7.949616 0.550000
vt -7.957524 0.547709
vt -7.976616 0.546760
vt -7.995708 0.547709
vt -8.003616 2.453041
vt -7.995708 2.455332
vt -7.976616 2.456281
vt -7.957524 2.455332
vt -7.949616 2.453041
vt -7.957524 2.450750
vt -7.976616 2.449801
vt -7.995708 2.450750
vt -8.256616 0.733304
vt -8.256616 0.717667
vt -8.256616 0.713806
vt -8.256616 0.724626
vt -8.256616 0.741982
vt -8.256616 0.752803
vt -8.256616 0.748941
vt -7.956616 0.733304
vt -7.956616 0.717667
vt -7.956616 0.713806
vt -7.956616 0.724626
vt -7.956616 0.741982
vt -7.956616 0.752803
vt -7.956616 0.748941
vt -8.256616 0.916608
vt -8.256616 0.900972
vt -8.256616 0.897110
vt -8.256616 0.907931
vt -8.256616 0.925286
vt -8.256616 0.936107
vt -8.256616 0.932245
vt -7.956616 0.916608
vt -7.956616 0.900972
vt -7.956616 0.897110
vt -7.956616 0.907931
vt -7.956616 0.925286
vt -7.956616 0.936107
vt -7.956616 0.932245
vt -8.256616 1.099912
vt -8.256616 1.084276
vt -8.256616 1.080414
vt -8.256616 1.091235
vt -8.256616 1.108590
vt -8.256616 1.119411
vt -8.256616 1.115549
vt -7.956616 1.099912
vt -7.956616 1.084276
vt -7.956616 1.080414
vt -7.956616 1.091235
vt -7.956616 1.108590
vt -7.956616 1.119411
vt -7.956616 1.115549
vt -8.256616 1.283216
vt -8.256616 1.267580
vt -8.256616 1.263718
vt -8.256616 1.274539
vt -8.256616 1.291894
vt -8.256616 1.302715
vt -8.256616 1.298853
vt -7.956616 1.283216
vt -7.956616 1.267580
vt -7.956616 1.263718
vt -7.956616 1.274539
vt -7.956616 1.291894
vt -7.956616 1.302715
vt -7.956616 1.298853
vt -8.256616 1.466520
vt -8.256616 1.450884
vt -8.256616 1.447022
vt -8.256616 1.457843
vt -8.256616 1.475198
vt -8.256616 1.486019
vt -8.256616 1.482157
vt -7.956616 1.466520
vt -7.956616 1.450884
vt -7.956616 1.447022
vt -7.956616 1.457843
vt -7.956616 1.475198
vt -7.956616 1.486019
vt -7.956616 1.482157
vt -8.256616 1.649825
vt -8.256616 1.634188
vt -8.256616 1.630326
vt -8.256616 1.641147
vt -8.256616 1.658502
vt -8.256616 1.669323
vt -8.256616 1.665461
vt -7.956616 1.649825
vt -7.956616 1.634188
vt -7.956616 1.630326
vt -7.956616 1.641147
vt -7.956616 1.658502
vt -7.956616 1.669323
vt -7.956616 1.665461
vt -8.256616 1.833129
vt -8.256616 1.817492
vt -8.256616 1.813630
vt -8.256616 1.824451
vt -8.256616 1.841806
vt -8.256616 1.852627
vt -8.256616 1.848765
vt -7.956616 1.833129
vt -7.956616 1.817492
vt -7.956616 1.813630
vt -7.956616 1.824451
vt -7.956616 1.841806
vt -7.956616 1.852627
vt -7.956616 1.848765
vt -8.256616 2.016433
vt -8.256616 2.000796
vt -8.256616 1.996934
vt -8.256616 2.007755
vt -8.256616 2.025110
vt -8.256616 2.035931
vt -8.256616 2.032069
vt -7.956616 2.016433
vt -7.956616 2.000796
vt -7.956616 1.996934
vt -7.956616 2.007755
vt -7.956616 2.025110
vt -7.956616 2.035931
vt -7.956616 2.032069
vt -8.256616 2.199737
vt -8.256616 2.184100
vt -8.256616 2.180238
vt -8.256616 2.191059
vt -8.256616 2.208415
vt -8.256616 2.219235
vt -8.256616 2.215373
vt -7.956616 2.199737
vt -7.956616 2.184100
vt -7.956616 2.180238
vt -7.956616 2.191059
vt -7.956616 2.208415
vt -7.956616 2.219235
vt -7.956616 2.215373
vt -3.796572 1.770134
vt -3.808270 1.737994
vt -3.837890 1.720893
vt -3.871572 1.726833
vt -3.893557 1.753033
vt -3.893557 1.787235
vt -3.871572 1.813435
vt -3.837890 1.819374
vt -3.808270 1.802273
vt -3.796572 1.770134
vt -3.808270 1.737994
vt -3.837890 1.720893
vt -3.871572 1.726833
vt -3.893557 1.753033
vt -3.893557 1.787235
vt -3.871572 1.813435
vt -3.837890 1.819374
vt -3.808270 1.802273
vt -3.439664 1.770134
vt -3.451362 1.737994
vt -3.480982 1.720893
vt -3.514664 1.726833
vt -3.536649 1.753033
vt -3.536649 1.787235
vt -3.514664 1.813435
vt -3.480982 1.819374
vt -3.451362 1.802273
vt -3.439664 1.770134
vt -3.451362 1.737994
vt -3.480982 1.720893
vt -3.514664 1.726833
vt -3.536649 1.753033
vt -3.536649 1.787235
vt -3.514664 1.813435
vt -3.480982 1.819374
vt -3.451362 1.802273
vt -3.082757 1.770134
vt -3.094454 1.737994
vt -3.124074 1.720893
vt -3.157757 1.726833
vt -3.179741 1.753033
vt -3.179741 1.787235
vt -3.157757 1.813435
vt -3.124074 1.819374
vt -3.094454 1.802273
vt -3.082757 1.770134
vt -3.094454 1.737994
vt -3.124074 1.720893
vt -3.157757 1.726833
vt -3.179741 1.753033
vt -3.179741 1.787235
vt -3.157757 1.813435
vt -3.124074 1.819374
vt -3.094454 1.802273
vt -2.725849 1.770134
vt -2.737547 1.737994
vt -2.767166 1.720893
vt -2.800849 1.726833
vt -2.822833 1.753033
vt -2.822833 1.787235
vt -2.800849 1.813435
vt -2.767166 1.819374
vt -2.737547 1.802273
vt -2.725849 1.770134
vt -2.737547 1.737994
vt -2.767166 1.720893
vt -2.800849 1.726833
vt -2.822833 1.753033
vt -2.822833 1.787235
vt -2.800849 1.813435
vt -2.767166 1.819374
vt -2.737547 1.802273
vt -2.368941 1.770134
vt -2.380639 1.737994
vt -2.410259 1.720893
vt -2.443941 1.726833
vt -2.465926 1.753033
vt -2.465926 1.787235
vt -2.443941 1.813435
vt -2.410259 1.819374
vt -2.380639 1.802273
vt -2.368941 1.770134
vt -2.380639 1.737994
vt -2.410259 1.720893
vt -2.443941 1.726833
vt -2.465926 1.753033
vt -2.465926 1.787235
vt -2.443941 1.813435
vt -2.410259 1.819374
vt -2.380639 1.802273
vt 1.477755 1.893497
vt 1.466057 1.861358
vt 1.436438 1.844257
vt 1.402755 1.850196
vt 1.380771 1.876396
vt 1.380771 1.910598
vt 1.402755 1.936798
vt 1.436438 1.942737
vt 1.466057 1.925636
vt 1.477755 1.893497
vt 1.466057 1.861358
vt 1.436438 1.844257
vt 1.402755 1.850196
vt 1.380771 1.876396
vt 1.380771 1.910598
vt 1.402755 1.936798
vt 1.436438 1.942737
vt 1.466057 1.925636
vt 1.816975 1.893497
vt 1.805277 1.861358
vt 1.775657 1.844257
vt 1.741975 1.850196
vt 1.719990 1.876396
vt 1.719990 1.910598
vt 1.741975 1.936798
vt 1.775657 1.942737
vt 1.805277 1.925636
vt 1.816975 1.893497
vt 1.805277 1.861358
vt 1.775657 1.844257
vt 1.741975 1.850196
vt 1.719990 1.876396
vt 1.719990 1.910598
vt 1.741975 1.936798
vt 1.775657 1.942737
vt 1.805277 1.925636
vt 2.156195 1.893497
vt 2.144497 1.861358
vt 2.114877 1.844257
vt 2.081195 1.850196
vt 2.059210 1.876396
vt 2.059210 1.910598
vt 2.081195 1.936798
vt 2.114877 1.942737
vt 2.144497 1.925636
vt 2.156195 1.893497
vt 2.144497 1.861358
vt 2.114877 1.844257
vt 2.081195 1.850196
vt 2.059210 1.876396
vt 2.059210 1.910598
vt 2.081195 1.936798
vt 2.114877 1.942737
vt 2.144497 1.925636
vt 2.495415 1.893497
vt 2.483717 1.861358
vt 2.454097 1.844257
vt 2.420415 1.850196
vt 2.398430 1.876396
vt 2.398430 1.910598
vt 2.420415 1.936798
vt 2.454097 1.942737
vt 2.483717 1.925636
vt 2.495415 1.893497
vt 2.483717 1.861358
vt 2.454097 1.844257
vt 2.420415 1.850196
vt 2.398430 1.876396
vt 2.398430 1.910598
vt 2.420415 1.936798
vt 2.454097 1.942737
vt 2.483717 1.925636
vt 2.834634 1.893497
vt 2.822937 1.861358
vt 2.793317 1.844257
vt 2.759634 1.850196
vt 2.737650 1.876396
vt 2.737650 1.910598
vt 2.759634 1.936798
vt 2.793317 1.942737
vt 2.822937 1.925636
vt 2.834634 1.893497
vt 2.822937 1.861358
vt 2.793317 1.844257
vt 2.759634 1.850196
vt 2.737650 1.876396
vt 2.737650 1.910598
vt 2.759634 1.936798
vt 2.793317 1.942737
vt 2.822937 1.925636
vt 7.004541 1.992044
vt 6.992844 1.959905
vt 6.963224 1.942804
vt 6.929541 1.948743
vt 6.907557 1.974943
vt 6.907557 2.009145
vt 6.929541 2.035346
vt 6.963224 2.041285
vt 6.992844 2.024184
vt 7.004541 1.992044
vt 6.992844 1.959905
vt 6.963224 1.942804
vt 6.929541 1.948743
vt 6.907557 1.974943
vt 6.907557 2.009145
vt 6.929541 2.035346
vt 6.963224 2.041285
vt 6.992844 2.024184
vt 7.371492 1.992044
vt 7.359794 1.959905
vt 7.330174 1.942804
vt 7.296492 1.948743
vt 7.274507 1.974943
vt 7.274507 2.009145
vt 7.296492 2.035346
vt 7.330174 2.041285
vt 7.359794 2.024184
vt 7.371492 1.992044
vt 7.359794 1.959905
vt 7.330174 1.942804
vt 7.296492 1.948743
vt 7.274507 1.974943
vt 7.274507 2.009145
vt 7.296492 2.035346
vt 7.330174 2.041285
vt 7.359794 2.024184
vt 7.738442 1.992044
vt 7.726744 1.959905
vt 7.697124 1.942804
vt 7.663442 1.948743
vt 7.641457 1.974943
vt 7.641457 2.009145
vt 7.663442 2.035346
vt 7.697124 2.041285
vt 7.726744 2.024184
vt 7.738442 1.992044
vt 7.726744 1.959905
vt 7.697124 1.942804
vt 7.663442 1.948743
vt 7.641457 1.974943
vt 7.641457 2.009145
vt 7.663442 2.035346
vt 7.697124 2.041285
vt 7.726744 2.024184
vt 8.105392 1.992044
vt 8.093695 1.959905
vt 8.064075 1.942804
vt 8.030392 1.948743
vt 8.008408 1.974943
vt 8.008408 2.009145
vt 8.030392 2.035346
vt 8.064075 2.041285
vt 8.093695 2.024184
vt 8.105392 1.992044
vt 8.093695 1.959905
vt 8.064075 1.942804
vt 8.030392 1.948743
vt 8.008408 1.974943
vt 8.008408 2.009145
vt 8.030392 2.035346
vt 8.064075 2.041285
vt 8.093695 2.024184
vt 8.472343 1.992044
vt 8.460645 1.959905
vt 8.431025 1.942804
vt 8.397343 1.948743
vt 8.375358 1.974943
vt 8.375358 2.009145
vt 8.397343 2.035346
vt 8.431025 2.041285
vt 8.460645 2.024184
vt 8.472343 1.992044
vt 8.460645 1.959905
vt 8.431025 1.942804
vt 8.397343 1.948743
vt 8.375358 1.974943
vt 8.375358 2.009145
vt 8.397343 2.035346
vt 8.431025 2.041285
vt 8.460645 2.024184
vt 8.081868 0.550000
vt 8.089776 0.552340
vt 8.108868 0.553310
vt 8.127959 0.552340
vt 8.135868 0.550000
vt 8.127959 0.547660
vt 8.108868 0.546690
vt 8.089776 0.547660
vt 8.081868 2.412044
vt 8.089776 2.414385
vt 8.108868 2.415354
vt 8.127959 2.414385
vt 8.135868 2.412044
vt 8.127959 2.409704
vt 8.108868 2.408734
vt 8.089776 2.409704
vt 8.341868 0.550000
vt 8.349776 0.552340
vt 8.368868 0.553310
vt 8.387959 0.552340
vt 8.395868 0.550000
vt 8.387959 0.547660
vt 8.368868 0.546690
vt 8.349776 0.547660
vt 8.341868 2.412044
vt 8.349776 2.414385
vt 8.368868 2.415354
vt 8.387959 2.414385
vt 8.395868 2.412044
vt 8.387959 2.409704
vt 8.368868 2.408734
vt 8.349776 2.409704
vt 8.088868 0.729204
vt 8.088868 0.713568
vt 8.088868 0.709706
vt 8.088868 0.720527
vt 8.088868 0.737882
vt 8.088868 0.748703
vt 8.088868 0.744841
vt 8.388868 0.729204
vt 8.388868 0.713568
vt 8.388868 0.709706
vt 8.388868 0.720527
vt 8.388868 0.737882
vt 8.388868 0.748703
vt 8.388868 0.744841
vt 8.088868 0.908409
vt 8.088868 0.892772
vt 8.088868 0.888910
vt 8.088868 0.899731
vt 8.088868 0.917087
vt 8.088868 0.927907
vt 8.088868 0.924045
vt 8.388868 0.908409
vt 8.388868 0.892772
vt 8.388868 0.888910
vt 8.388868 0.899731
vt 8.388868 0.917087
vt 8.388868 0.927907
vt 8.388868 0.924045
vt 8.088868 1.087613
vt 8.088868 1.071977
vt 8.088868 1.068115
vt 8.088868 1.078936
vt 8.088868 1.096291
vt 8.088868 1.107112
vt 8.088868 1.103250
vt 8.388868 1.087613
vt 8.388868 1.071977
vt 8.388868 1.068115
vt 8.388868 1.078936
vt 8.388868 1.096291
vt 8.388868 1.107112
vt 8.388868 1.103250
vt 8.088868 1.266818
vt 8.088868 1.251181
vt 8.088868 1.247319
vt 8.088868 1.258140
vt 8.088868 1.275495
vt 8.088868 1.286316
vt 8.088868 1.282454
vt 8.388868 1.266818
vt 8.388868 1.251181
vt 8.388868 1.247319
vt 8.388868 1.258140
vt 8.388868 1.275495
vt 8.388868 1.286316
vt 8.388868 1.282454
vt 8.088868 1.446022
vt 8.088868 1.430386
vt 8.088868 1.426524
vt 8.088868 1.437344
vt 8.088868 1.454700
vt 8.088868 1.465521
vt 8.088868 1.461659
vt 8.388868 1.446022
vt 8.388868 1.430386
vt 8.388868 1.426524
vt 8.388868 1.437344
vt 8.388868 1.454700
vt 8.388868 1.465521
vt 8.388868 1.461659
vt 8.088868 1.625227
vt 8.088868 1.609590
vt 8.088868 1.605728
vt 8.088868 1.616549
vt 8.088868 1.633904
vt 8.088868 1.644725
vt 8.088868 1.640863
vt 8.388868 1.625227
vt 8.388868 1.609590
vt 8.388868 1.605728
vt 8.388868 1.616549
vt 8.388868 1.633904
vt 8.388868 1.644725
vt 8.388868 1.640863
vt 8.088868 1.804431
vt 8.088868 1.788794
vt 8.088868 1.784932
vt 8.088868 1.795753
vt 8.088868 1.813109
vt 8.088868 1.823930
vt 8.088868 1.820068
vt 8.388868 1.804431
vt 8.388868 1.788794
vt 8.388868 1.784932
vt 8.388868 1.795753
vt 8.388868 1.813109
vt 8.388868 1.823930
vt 8.388868 1.820068
vt 8.088868 1.983635
vt 8.088868 1.967999
vt 8.088868 1.964137
vt 8.088868 1.974958
vt 8.088868 1.992313
vt 8.088868 2.003134
vt 8.088868 1.999272
vt 8.388868 1.983635
vt 8.388868 1.967999
vt 8.388868 1.964137
vt 8.388868 1.974958
vt 8.388868 1.992313
vt 8.388868 2.003134
vt 8.388868 1.999272
vt 8.088868 2.162840
vt 8.088868 2.147203
vt 8.088868 2.143341
vt 8.088868 2.154162
vt 8.088868 2.171518
vt 8.088868 2.182338
vt 8.088868 2.178476
vt 8.388868 2.162840
vt 8.388868 2.147203
vt 8.388868 2.143341
vt 8.388868 2.154162
vt 8.388868 2.171518
vt 8.388868 2.182338
vt 8.388868 2.178476
vt 12.660842 1.866649
vt 12.649145 1.834510
vt 12.619525 1.817409
vt 12.585842 1.823348
vt 12.563858 1.849548
vt 12.563858 1.883750
vt 12.585842 1.909951
vt 12.619525 1.915890
vt 12.649145 1.898789
vt 12.660842 1.866649
vt 12.649145 1.834510
vt 12.619525 1.817409
vt 12.585842 1.823348
vt 12.563858 1.849548
vt 12.563858 1.883750
vt 12.585842 1.909951
vt 12.619525 1.915890
vt 12.649145 1.898789
vt 13.019521 1.866649
vt 13.007823 1.834510
vt 12.978203 1.817409
vt 12.944521 1.823348
vt 12.922536 1.849548
vt 12.922536 1.883750
vt 12.944521 1.909951
vt 12.978203 1.915890
vt 13.007823 1.898789
vt 13.019521 1.866649
vt 13.007823 1.834510
vt 12.978203 1.817409
vt 12.944521 1.823348
vt 12.922536 1.849548
vt 12.922536 1.883750
vt 12.944521 1.909951
vt 12.978203 1.915890
vt 13.007823 1.898789
vt 13.378199 1.866649
vt 13.366501 1.834510
vt 13.336881 1.817409
vt 13.303199 1.823348
vt 13.281214 1.849548
vt 13.281214 1.883750
vt 13.303199 1.909951
vt 13.336881 1.915890
vt 13.366501 1.898789
vt 13.378199 1.866649
vt 13.366501 1.834510
vt 13.336881 1.817409
vt 13.303199 1.823348
vt 13.281214 1.849548
vt 13.281214 1.883750
vt 13.303199 1.909951
vt 13.336881 1.915890
vt 13.366501 1.898789
vt 13.736877 1.866649
vt 13.725179 1.834510
vt 13.695560 1.817409
vt 13.661877 1.823348
vt 13.639893 1.849548
vt 13.639893 1.883750
vt 13.661877 1.909951
vt 13.695560 1.915890
vt 13.725179 1.898789
vt 13.736877 1.866649
vt 13.725179 1.834510
vt 13.695560 1.817409
vt 13.661877 1.823348
vt 13.639893 1.849548
vt 13.639893 1.883750
vt 13.661877 1.909951
vt 13.695560 1.915890
vt 13.725179 1.898789
vt 14.095555 1.866649
vt 14.083858 1.834510
vt 14.054238 1.817409
vt 14.020555 1.823348
vt 13.998571 1.849548
vt 13.998571 1.883750
vt 14.020555 1.909951
vt 14.054238 1.915890
vt 14.083858 1.898789
vt 14.095555 1.866649
vt 14.083858 1.834510
vt 14.054238 1.817409
vt 14.020555 1.823348
vt 13.998571 1.849548
vt 13.998571 1.883750
vt 14.020555 1.909951
vt 14.054238 1.915890
vt 14.083858 1.898789
vt 18.371797 1.551992
vt 18.360099 1.519853
vt 18.330479 1.502752
vt 18.296797 1.508691
vt 18.274812 1.534891
vt 18.274812 1.569093
vt 18.296797 1.595293
vt 18.330479 1.601232
vt 18.360099 1.584131
vt 18.371797 1.551992
vt 18.360099 1.519853
vt 18.330479 1.502752
vt 18.296797 1.508691
vt 18.274812 1.534891
vt 18.274812 1.569093
vt 18.296797 1.595293
vt 18.330479 1.601232
vt 18.360099 1.584131
vt 18.688297 1.551992
vt 18.676599 1.519853
vt 18.646979 1.502752
vt 18.613297 1.508691
vt 18.591312 1.534891
vt 18.591312 1.569093
vt 18.613297 1.595293
vt 18.646979 1.601232
vt 18.676599 1.584131
vt 18.688297 1.551992
vt 18.676599 1.519853
vt 18.646979 1.502752
vt 18.613297 1.508691
vt 18.591312 1.534891
vt 18.591312 1.569093
vt 18.613297 1.595293
vt 18.646979 1.601232
vt 18.676599 1.584131
vt 19.004797 1.551992
vt 18.993099 1.519853
vt 18.963479 1.502752
vt 18.929797 1.508691
vt 18.907812 1.534891
vt 18.907812 1.569093
vt 18.929797 1.595293
vt 18.963479 1.601232
vt 18.993099 1.584131
vt 19.004797 1.551992
vt 18.993099 1.519853
vt 18.963479 1.502752
vt 18.929797 1.508691
vt 18.907812 1.534891
vt 18.907812 1.569093
vt 18.929797 1.595293
vt 18.963479 1.601232
vt 18.993099 1.584131
vt 19.321297 1.551992
vt 19.309599 1.519853
vt 19.279979 1.502752
vt 19.246297 1.508691
vt 19.224312 1.534891
vt 19.224312 1.569093
vt 19.246297 1.595293
vt 19.279979 1.601232
vt 19.309599 1.584131
vt 19.321297 1.551992
vt 19.309599 1.519853
vt 19.279979 1.502752
vt 19.246297 1.508691
vt 19.224312 1.534891
vt 19.224312 1.569093
vt 19.246297 1.595293
vt 19.279979 1.601232
vt 19.309599 1.584131
vt 19.637797 1.551992
vt 19.626099 1.519853
vt 19.596480 1.502752
vt 19.562797 1.508691
vt 19.540812 1.534891
vt 19.540812 1.569093
vt 19.562797 1.595293
vt 19.596480 1.601232
vt 19.626099 1.584131
vt 19.637797 1.551992
vt 19.626099 1.519853
vt 19.596480 1.502752
vt 19.562797 1.508691
vt 19.540812 1.534891
vt 19.540812 1.569093
vt 19.562797 1.595293
vt 19.596480 1.601232
vt 19.626099 1.584131
vt 23.616985 2.072309
vt 23.605287 2.040170
vt 23.575667 2.023069
vt 23.541985 2.029008
vt 23.520000 2.055208
vt 23.520000 2.089410
vt 23.541985 2.115610
vt 23.575667 2.121549
vt 23.605287 2.104448
vt 23.616985 2.072309
vt 23.605287 2.040170
vt 23.575667 2.023069
vt 23.541985 2.029008
vt 23.520000 2.055208
vt 23.520000 2.089410
vt 23.541985 2.115610
vt 23.575667 2.121549
vt 23.605287 2.104448
vt 23.985449 2.072309
vt 23.973751 2.040170
vt 23.944131 2.023069
vt 23.910449 2.029008
vt 23.888464 2.055208
vt 23.888464 2.089410
vt 23.910449 2.115610
vt 23.944131 2.121549
vt 23.973751 2.104448
vt 23.985449 2.072309
vt 23.973751 2.040170
vt 23.944131 2.023069
vt 23.910449 2.029008
vt 23.888464 2.055208
vt 23.888464 2.089410
vt 23.910449 2.115610
vt 23.944131 2.121549
vt 23.973751 2.104448
vt 24.353913 2.072309
vt 24.342215 2.040170
vt 24.312595 2.023069
vt 24.278913 2.029008
vt 24.256928 2.055208
vt 24.256928 2.089410
vt 24.278913 2.115610
vt 24.312595 2.121549
vt 24.342215 2.104448
vt 24.353913 2.072309
vt 24.342215 2.040170
vt 24.312595 2.023069
vt 24.278913 2.029008
vt 24.256928 2.055208
vt 24.256928 2.089410
vt 24.278913 2.115610
vt 24.312595 2.121549
vt 24.342215 2.104448
vt 24.722377 2.072309
vt 24.710679 2.040170
vt 24.681059 2.023069
vt 24.647377 2.029008
vt 24.625392 2.055208
vt 24.625392 2.089410
vt 24.647377 2.115610
vt 24.681059 2.121549
vt 24.710679 2.104448
vt 24.722377 2.072309
vt 24.710679 2.040170
vt 24.681059 2.023069
vt 24.647377 2.029008
vt 24.625392 2.055208
vt 24.625392 2.089410
vt 24.647377 2.115610
vt 24.681059 2.121549
vt 24.710679 2.104448
vt 25.090841 2.072309
vt 25.079143 2.040170
vt 25.049523 2.023069
vt 25.015841 2.029008
vt 24.993856 2.055208
vt 24.993856 2.089410
vt 25.015841 2.115610
vt 25.049523 2.121549
vt 25.079143 2.104448
vt 25.090841 2.072309
vt 25.079143 2.040170
vt 25.049523 2.023069
vt 25.015841 2.029008
vt 24.993856 2.055208
vt 24.993856 2.089410
vt 25.015841 2.115610
vt 25.049523 2.121549
vt 25.079143 2.104448
vt 24.699609 0.550000
vt 24.707517 0.552245
vt 24.726609 0.553175
vt 24.745701 0.552245
vt 24.753609 0.550000
vt 24.745701 0.547755
vt 24.726609 0.546825
vt 24.707517 0.547755
vt 24.699609 2.492309
vt 24.707517 2.494554
vt 24.726609 2.495484
vt 24.745701 2.494554
vt 24.753609 2.492309
vt 24.745701 2.490064
vt 24.726609 2.489134
vt 24.707517 2.490064
vt 24.959609 0.550000
vt 24.967517 0.552245
vt 24.986609 0.553175
vt 25.005701 0.552245
vt 25.013609 0.550000
vt 25.005701 0.547755
vt 24.986609 0.546825
vt 24.967517 0.547755
vt 24.959609 2.492309
vt 24.967517 2.494554
vt 24.986609 2.495484
vt 25.005701 2.494554
vt 25.013609 2.492309
vt 25.005701 2.490064
vt 24.986609 2.489134
vt 24.967517 2.490064
vt 24.706609 0.737231
vt 24.706609 0.721594
vt 24.706609 0.717732
vt 24.706609 0.728553
vt 24.706609 0.745909
vt 24.706609 0.756729
vt 24.706609 0.752868
vt 25.006609 0.737231
vt 25.006609 0.721594
vt 25.006609 0.717732
vt 25.006609 0.728553
vt 25.006609 0.745909
vt 25.006609 0.756729
vt 25.006609 0.752868
vt 24.706609 0.924462
vt 24.706609 0.908825
vt 24.706609 0.904963
vt 24.706609 0.915784
vt 24.706609 0.933139
vt 24.706609 0.943960
vt 24.706609 0.940098
vt 25.006609 0.924462
vt 25.006609 0.908825
vt 25.006609 0.904963
vt 25.006609 0.915784
vt 25.006609 0.933139
vt 25.006609 0.943960
vt 25.006609 0.940098
vt 24.706609 1.111693
vt 24.706609 1.096056
vt 24.706609 1.092194
vt 24.706609 1.103015
vt 24.706609 1.120370
vt 24.706609 1.131191
vt 24.706609 1.127329
vt 25.006609 1.111693
vt 25.006609 1.096056
vt 25.006609 1.092194
vt 25.006609 1.103015
vt 25.006609 1.120370
vt 25.006609 1.131191
vt 25.006609 1.127329
vt 24.706609 1.298924
vt 24.706609 1.283287
vt 24.706609 1.279425
vt 24.706609 1.290246
vt 24.706609 1.307601
vt 24.706609 1.318422
vt 24.706609 1.314560
vt 25.006609 1.298924
vt 25.006609 1.283287
vt 25.006609 1.279425
vt 25.006609 1.290246
vt 25.006609 1.307601
vt 25.006609 1.318422
vt 25.006609 1.314560
vt 24.706609 1.486154
vt 24.706609 1.470518
vt 24.706609 1.466656
vt 24.706609 1.477477
vt 24.706609 1.494832
vt 24.706609 1.505653
vt 24.706609 1.501791
vt 25.006609 1.486154
vt 25.006609 1.470518
vt 25.006609 1.466656
vt 25.006609 1.477477
vt 25.006609 1.494832
vt 25.006609 1.505653
vt 25.006609 1.501791
vt 24.706609 1.673385
vt 24.706609 1.657749
vt 24.706609 1.653887
vt 24.706609 1.664708
vt 24.706609 1.682063
vt 24.706609 1.692884
vt 24.706609 1.689022
vt 25.006609 1.673385
vt 25.006609 1.657749
vt 25.006609 1.653887
vt 25.006609 1.664708
vt 25.006609 1.682063
vt 25.006609 1.692884
vt 25.006609 1.689022
vt 24.706609 1.860616
vt 24.706609 1.844980
vt 24.706609 1.841118
vt 24.706609 1.851939
vt 24.706609 1.869294
vt 24.706609 1.880115
vt 24.706609 1.876253
vt 25.006609 1.860616
vt 25.006609 1.844980
vt 25.006609 1.841118
vt 25.006609 1.851939
vt 25.006609 1.869294
vt 25.006609 1.880115
vt 25.006609 1.876253
vt 24.706609 2.047847
vt 24.706609 2.032211
vt 24.706609 2.028349
vt 24.706609 2.039169
vt 24.706609 2.056525
vt 24.706609 2.067346
vt 24.706609 2.063484
vt 25.006609 2.047847
vt 25.006609 2.032211
vt 25.006609 2.028349
vt 25.006609 2.039169
vt 25.006609 2.056525
vt 25.006609 2.067346
vt 25.006609 2.063484
vt 24.706609 2.235078
vt 24.706609 2.219441
vt 24.706609 2.215579
vt 24.706609 2.226400
vt 24.706609 2.243756
vt 24.706609 2.254577
vt 24.706609 2.250715
vt 25.006609 2.235078
vt 25.006609 2.219441
vt 25.006609 2.215579
vt 25.006609 2.226400
vt 25.006609 2.243756
vt 25.006609 2.254577
vt 25.006609 2.250715
vt 29.011345 1.790521
vt 28.999647 1.758382
vt 28.970027 1.741281
vt 28.936345 1.747220
vt 28.914360 1.773420
vt 28.914360 1.807622
vt 28.936345 1.833822
vt 28.970027 1.839761
vt 28.999647 1.822660
vt 29.011345 1.790521
vt 28.999647 1.758382
vt 28.970027 1.741281
vt 28.936345 1.747220
vt 28.914360 1.773420
vt 28.914360 1.807622
vt 28.936345 1.833822
vt 28.970027 1.839761
vt 28.999647 1.822660
vt 29.388388 1.790521
vt 29.376690 1.758382
vt 29.347071 1.741281
vt 29.313388 1.747220
vt 29.291403 1.773420
vt 29.291403 1.807622
vt 29.313388 1.833822
vt 29.347071 1.839761
vt 29.376690 1.822660
vt 29.388388 1.790521
vt 29.376690 1.758382
vt 29.347071 1.741281
vt 29.313388 1.747220
vt 29.291403 1.773420
vt 29.291403 1.807622
vt 29.313388 1.833822
vt 29.347071 1.839761
vt 29.376690 1.822660
vt 29.765432 1.790521
vt 29.753734 1.758382
vt 29.724114 1.741281
vt 29.690432 1.747220
vt 29.668447 1.773420
vt 29.668447 1.807622
vt 29.690432 1.833822
vt 29.724114 1.839761
vt 29.753734 1.822660
vt 29.765432 1.790521
vt 29.753734 1.758382
vt 29.724114 1.741281
vt 29.690432 1.747220
vt 29.668447 1.773420
vt 29.668447 1.807622
vt 29.690432 1.833822
vt 29.724114 1.839761
vt 29.753734 1.822660
vt 30.142475 1.790521
vt 30.130777 1.758382
vt 30.101158 1.741281
vt 30.067475 1.747220
vt 30.045491 1.773420
vt 30.045491 1.807622
vt 30.067475 1.833822
vt 30.101158 1.839761
vt 30.130777 1.822660
vt 30.142475 1.790521
vt 30.130777 1.758382
vt 30.101158 1.741281
vt 30.067475 1.747220
vt 30.045491 1.773420
vt 30.045491 1.807622
vt 30.067475 1.833822
vt 30.101158 1.839761
vt 30.130777 1.822660
vt 30.519519 1.790521
vt 30.507821 1.758382
vt 30.478201 1.741281
vt 30.444519 1.747220
vt 30.422534 1.773420
vt 30.422534 1.807622
vt 30.444519 1.833822
vt 30.478201 1.839761
vt 30.507821 1.822660
vt 30.519519 1.790521
vt 30.507821 1.758382
vt 30.478201 1.741281
vt 30.444519 1.747220
vt 30.422534 1.773420
vt 30.422534 1.807622
vt 30.444519 1.833822
vt 30.478201 1.839761
vt 30.507821 1.822660
vt 34.686077 1.602680
vt 34.674379 1.570541
vt 34.644759 1.553440
vt 34.611077 1.559379
vt 34.589092 1.585579
vt 34.589092 1.619781
vt 34.611077 1.645981
vt 34.644759 1.651920
vt 34.674379 1.634819
vt 34.686077 1.602680
vt 34.674379 1.570541
vt 34.644759 1.553440
vt 34.611077 1.559379
vt 34.589092 1.585579
vt 34.589092 1.619781
vt 34.611077 1.645981
vt 34.644759 1.651920
vt 34.674379 1.634819
vt 35.047478 1.602680
vt 35.035780 1.570541
vt 35.006160 1.553440
vt 34.972478 1.559379
vt 34.950493 1.585579
vt 34.950493 1.619781
vt 34.972478 1.645981
vt 35.006160 1.651920
vt 35.035780 1.634819
vt 35.047478 1.602680
vt 35.035780 1.570541
vt 35.006160 1.553440
vt 34.972478 1.559379
vt 34.950493 1.585579
vt 34.950493 1.619781
vt 34.972478 1.645981
vt 35.006160 1.651920
vt 35.035780 1.634819
vt 35.408878 1.602680
vt 35.397181 1.570541
vt 35.367561 1.553440
vt 35.333878 1.559379
vt 35.311894 1.585579
vt 35.311894 1.619781
vt 35.333878 1.645981
vt 35.367561 1.651920
vt 35.397181 1.634819
vt 35.408878 1.602680
vt 35.397181 1.570541
vt 35.367561 1.553440
vt 35.333878 1.559379
vt 35.311894 1.585579
vt 35.311894 1.619781
vt 35.333878 1.645981
vt 35.367561 1.651920
vt 35.397181 1.634819
vt 35.770279 1.602680
vt 35.758581 1.570541
vt 35.728962 1.553440
vt 35.695279 1.559379
vt 35.673295 1.585579
vt 35.673295 1.619781
vt 35.695279 1.645981
vt 35.728962 1.651920
vt 35.758581 1.634819
vt 35.770279 1.602680
vt 35.758581 1.570541
vt 35.728962 1.553440
vt 35.695279 1.559379
vt 35.673295 1.585579
vt 35.673295 1.619781
vt 35.695279 1.645981
vt 35.728962 1.651920
vt 35.758581 1.634819
vt 36.131680 1.602680
vt 36.119982 1.570541
vt 36.090362 1.553440
vt 36.056680 1.559379
vt 36.034695 1.585579
vt 36.034695 1.619781
vt 36.056680 1.645981
vt 36.090362 1.651920
vt 36.119982 1.634819
vt 36.131680 1.602680
vt 36.119982 1.570541
vt 36.090362 1.553440
vt 36.056680 1.559379
vt 36.034695 1.585579
vt 36.034695 1.619781
vt 36.056680 1.645981
vt 36.090362 1.651920
vt 36.119982 1.634819
vt -31.582350 2.650253
vt -31.594048 2.618114
vt -31.623668 2.601013
vt -31.657350 2.606952
vt -31.679335 2.633152
vt -31.679335 2.667354
vt -31.657350 2.693554
vt -31.623668 2.699493
vt -31.594048 2.682392
vt -31.582350 2.650253
vt -31.594048 2.618114
vt -31.623668 2.601013
vt -31.657350 2.606952
vt -31.679335 2.633152
vt -31.679335 2.667354
vt -31.657350 2.693554
vt -31.623668 2.699493
vt -31.594048 2.682392
vt -31.207794 2.650253
vt -31.219491 2.618114
vt -31.249111 2.601013
vt -31.282794 2.606952
vt -31.304778 2.633152
vt -31.304778 2.667354
vt -31.282794 2.693554
vt -31.249111 2.699493
vt -31.219491 2.682392
vt -31.207794 2.650253
vt -31.219491 2.618114
vt -31.249111 2.601013
vt -31.282794 2.606952
vt -31.304778 2.633152
vt -31.304778 2.667354
vt -31.282794 2.693554
vt -31.249111 2.699493
vt -31.219491 2.682392
vt -30.833237 2.650253
vt -30.844935 2.618114
vt -30.874555 2.601013
vt -30.908237 2.606952
vt -30.930222 2.633152
vt -30.930222 2.667354
vt -30.908237 2.693554
vt -30.874555 2.699493
vt -30.844935 2.682392
vt -30.833237 2.650253
vt -30.844935 2.618114
vt -30.874555 2.601013
vt -30.908237 2.606952
vt -30.930222 2.633152
vt -30.930222 2.667354
vt -30.908237 2.693554
vt -30.874555 2.699493
vt -30.844935 2.682392
vt -30.458681 2.650253
vt -30.470379 2.618114
vt -30.499999 2.601013
vt -30.533681 2.606952
vt -30.555666 2.633152
vt -30.555666 2.667354
vt -30.533681 2.693554
vt -30.499999 2.699493
vt -30.470379 2.682392
vt -30.458681 2.650253
vt -30.470379 2.618114
vt -30.499999 2.601013
vt -30.533681 2.606952
vt -30.555666 2.633152
vt -30.555666 2.667354
vt -30.533681 2.693554
vt -30.499999 2.699493
vt -30.470379 2.682392
vt -30.084125 2.650253
vt -30.095822 2.618114
vt -30.125442 2.601013
vt -30.159125 2.606952
vt -30.181109 2.633152
vt -30.181109 2.667354
vt -30.159125 2.693554
vt -30.125442 2.699493
vt -30.095822 2.682392
vt -30.084125 2.650253
vt -30.095822 2.618114
vt -30.125442 2.601013
vt -30.159125 2.606952
vt -30.181109 2.633152
vt -30.181109 2.667354
vt -30.159125 2.693554
vt -30.125442 2.699493
vt -30.095822 2.682392
vt -30.478403 1.400000
vt -30.470495 1.402604
vt -30.451403 1.403683
vt -30.432311 1.402604
vt -30.424403 1.400000
vt -30.432311 1.397396
vt -30.451403 1.396317
vt -30.470495 1.397396
vt -30.478403 3.070253
vt -30.470495 3.072857
vt -30.451403 3.073936
vt -30.432311 3.072857
vt -30.424403 3.070253
vt -30.432311 3.067649
vt -30.451403 3.066570
vt -30.470495 3.067649
vt -30.218403 1.400000
vt -30.210495 1.402604
vt -30.191403 1.403683
vt -30.172311 1.402604
vt -30.164403 1.400000
vt -30.172311 1.397396
vt -30.191403 1.396317
vt -30.210495 1.397396
vt -30.218403 3.070253
vt -30.210495 3.072857
vt -30.191403 3.073936
vt -30.172311 3.072857
vt -30.164403 3.070253
vt -30.172311 3.067649
vt -30.191403 3.066570
vt -30.210495 3.067649
vt -30.471403 1.560025
vt -30.471403 1.544389
vt -30.471403 1.540527
vt -30.471403 1.551348
vt -30.471403 1.568703
vt -30.471403 1.579524
vt -30.471403 1.575662
vt -30.171403 1.560025
vt -30.171403 1.544389
vt -30.171403 1.540527
vt -30.171403 1.551348
vt -30.171403 1.568703
vt -30.171403 1.579524
vt -30.171403 1.575662
vt -30.471403 1.720051
vt -30.471403 1.704414
vt -30.471403 1.700552
vt -30.471403 1.711373
vt -30.471403 1.728728
vt -30.471403 1.739549
vt -30.471403 1.735687
vt -30.171403 1.720051
vt -30.171403 1.704414
vt -30.171403 1.700552
vt -30.171403 1.711373
vt -30.171403 1.728728
vt -30.171403 1.739549
vt -30.171403 1.735687
vt -30.471403 1.880076
vt -30.471403 1.864439
vt -30.471403 1.860577
vt -30.471403 1.871398
vt -30.471403 1.888754
vt -30.471403 1.899574
vt -30.471403 1.895713
vt -30.171403 1.880076
vt -30.171403 1.864439
vt -30.171403 1.860577
vt -30.171403 1.871398
vt -30.171403 1.888754
vt -30.171403 1.899574
vt -30.171403 1.895713
vt -30.471403 2.040101
vt -30.471403 2.024465
vt -30.471403 2.020603
vt -30.471403 2.031424
vt -30.471403 2.048779
vt -30.471403 2.059600
vt -30.471403 2.055738
vt -30.171403 2.040101
vt -30.171403 2.024465
vt -30.171403 2.020603
vt -30.171403 2.031424
vt -30.171403 2.048779
vt -30.171403 2.059600
vt -30.171403 2.055738
vt -30.471403 2.200127
vt -30.471403 2.184490
vt -30.471403 2.180628
vt -30.471403 2.191449
vt -30.471403 2.208804
vt -30.471403 2.219625
vt -30.471403 2.215763
vt -30.171403 2.200127
vt -30.171403 2.184490
vt -30.171403 2.180628
vt -30.171403 2.191449
vt -30.171403 2.208804
vt -30.171403 2.219625
vt -30.171403 2.215763
vt -30.471403 2.360152
vt -30.471403 2.344515
vt -30.471403 2.340653
vt -30.471403 2.351474
vt -30.471403 2.368829
vt -30.471403 2.379650
vt -30.471403 2.375788
vt -30.171403 2.360152
vt -30.171403 2.344515
vt -30.171403 2.340653
vt -30.171403 2.351474
vt -30.171403 2.368829
vt -30.171403 2.379650
vt -30.171403 2.375788
vt -30.471403 2.520177
vt -30.471403 2.504540
vt -30.471403 2.500679
vt -30.471403 2.511499
vt -30.471403 2.528855
vt -30.471403 2.539676
vt -30.471403 2.535814
vt -30.171403 2.520177
vt -30.171403 2.504540
vt -30.171403 2.500679
vt -30.171403 2.511499
vt -30.171403 2.528855
vt -30.171403 2.539676
vt -30.171403 2.535814
vt -30.471403 2.680202
vt -30.471403 2.664566
vt -30.471403 2.660704
vt -30.471403 2.671525
vt -30.471403 2.688880
vt -30.471403 2.699701
vt -30.471403 2.695839
vt -30.171403 2.680202
vt -30.171403 2.664566
vt -30.171403 2.660704
vt -30.171403 2.671525
vt -30.171403 2.688880
vt -30.171403 2.699701
vt -30.171403 2.695839
vt -30.471403 2.840228
vt -30.471403 2.824591
vt -30.471403 2.820729
vt -30.471403 2.831550
vt -30.471403 2.848905
vt -30.471403 2.859726
vt -30.471403 2.855864
vt -30.171403 2.840228
vt -30.171403 2.824591
vt -30.171403 2.820729
vt -30.171403 2.831550
vt -30.171403 2.848905
vt -30.171403 2.859726
vt -30.171403 2.855864
vt -25.922431 2.444757
vt -25.934129 2.412618
vt -25.963749 2.395517
vt -25.997431 2.401456
vt -26.019416 2.427656
vt -26.019416 2.461858
vt -25.997431 2.488058
vt -25.963749 2.493997
vt -25.934129 2.476896
vt -25.922431 2.444757
vt -25.934129 2.412618
vt -25.963749 2.395517
vt -25.997431 2.401456
vt -26.019416 2.427656
vt -26.019416 2.461858
vt -25.997431 2.488058
vt -25.963749 2.493997
vt -25.934129 2.476896
vt -25.538495 2.444757
vt -25.550193 2.412618
vt -25.579813 2.395517
vt -25.613495 2.401456
vt -25.635480 2.427656
vt -25.635480 2.461858
vt -25.613495 2.488058
vt -25.579813 2.493997
vt -25.550193 2.476896
vt -25.538495 2.444757
vt -25.550193 2.412618
vt -25.579813 2.395517
vt -25.613495 2.401456
vt -25.635480 2.427656
vt -25.635480 2.461858
vt -25.613495 2.488058
vt -25.579813 2.493997
vt -25.550193 2.476896
vt -25.154559 2.444757
vt -25.166257 2.412618
vt -25.195877 2.395517
vt -25.229559 2.401456
vt -25.251544 2.427656
vt -25.251544 2.461858
vt -25.229559 2.488058
vt -25.195877 2.493997
vt -25.166257 2.476896
vt -25.154559 2.444757
vt -25.166257 2.412618
vt -25.195877 2.395517
vt -25.229559 2.401456
vt -25.251544 2.427656
vt -25.251544 2.461858
vt -25.229559 2.488058
vt -25.195877 2.493997
vt -25.166257 2.476896
vt -24.770623 2.444757
vt -24.782321 2.412618
vt -24.811941 2.395517
vt -24.845623 2.401456
vt -24.867608 2.427656
vt -24.867608 2.461858
vt -24.845623 2.488058
vt -24.811941 2.493997
vt -24.782321 2.476896
vt -24.770623 2.444757
vt -24.782321 2.412618
vt -24.811941 2.395517
vt -24.845623 2.401456
vt -24.867608 2.427656
vt -24.867608 2.461858
vt -24.845623 2.488058
vt -24.811941 2.493997
vt -24.782321 2.476896
vt -24.386687 2.444757
vt -24.398385 2.412618
vt -24.428005 2.395517
vt -24.461687 2.401456
vt -24.483672 2.427656
vt -24.483672 2.461858
vt -24.461687 2.488058
vt -24.428005 2.493997
vt -24.398385 2.476896
vt -24.386687 2.444757
vt -24.398385 2.412618
vt -24.428005 2.395517
vt -24.461687 2.401456
vt -24.483672 2.427656
vt -24.483672 2.461858
vt -24.461687 2.488058
vt -24.428005 2.493997
vt -24.398385 2.476896
vt -20.289000 2.574008
vt -20.300698 2.541869
vt -20.330318 2.524768
vt -20.364000 2.530707
vt -20.385985 2.556907
vt -20.385985 2.591109
vt -20.364000 2.617310
vt -20.330318 2.623249
vt -20.300698 2.606148
vt -20.289000 2.574008
vt -20.300698 2.541869
vt -20.330318 2.524768
vt -20.364000 2.530707
vt -20.385985 2.556907
vt -20.385985 2.591109
vt -20.364000 2.617310
vt -20.330318 2.623249
vt -20.300698 2.606148
vt -19.914976 2.574008
vt -19.926674 2.541869
vt -19.956294 2.524768
vt -19.989976 2.530707
vt -20.011961 2.556907
vt -20.011961 2.591109
vt -19.989976 2.617310
vt -19.956294 2.623249
vt -19.926674 2.606148
vt -19.914976 2.574008
vt -19.926674 2.541869
vt -19.956294 2.524768
vt -19.989976 2.530707
vt -20.011961 2.556907
vt -20.011961 2.591109
vt -19.989976 2.617310
vt -19.956294 2.623249
vt -19.926674 2.606148
vt -19.540953 2.574008
vt -19.552650 2.541869
vt -19.582270 2.524768
vt -19.615953 2.530707
vt -19.637937 2.556907
vt -19.637937 2.591109
vt -19.615953 2.617310
vt -19.582270 2.623249
vt -19.552650 2.606148
vt -19.540953 2.574008
vt -19.552650 2.541869
vt -19.582270 2.524768
vt -19.615953 2.530707
vt -19.637937 2.556907
vt -19.637937 2.591109
vt -19.615953 2.617310
vt -19.582270 2.623249
vt -19.552650 2.606148
vt -19.166929 2.574008
vt -19.178627 2.541869
vt -19.208247 2.524768
vt -19.241929 2.530707
vt -19.263914 2.556907
vt -19.263914 2.591109
vt -19.241929 2.617310
vt -19.208247 2.623249
vt -19.178627 2.606148
vt -19.166929 2.574008
vt -19.178627 2.541869
vt -19.208247 2.524768
vt -19.241929 2.530707
vt -19.263914 2.556907
vt -19.263914 2.591109
vt -19.241929 2.617310
vt -19.208247 2.623249
vt -19.178627 2.606148
vt -18.792905 2.574008
vt -18.804603 2.541869
vt -18.834223 2.524768
vt -18.867905 2.530707
vt -18.889890 2.556907
vt -18.889890 2.591109
vt -18.867905 2.617310
vt -18.834223 2.623249
vt -18.804603 2.606148
vt -18.792905 2.574008
vt -18.804603 2.541869
vt -18.834223 2.524768
vt -18.867905 2.530707
vt -18.889890 2.556907
vt -18.889890 2.591109
vt -18.867905 2.617310
vt -18.834223 2.623249
vt -18.804603 2.606148
vt -14.877610 2.536366
vt -14.889308 2.504227
vt -14.918928 2.487126
vt -14.952610 2.493065
vt -14.974595 2.519265
vt -14.974595 2.553467
vt -14.952610 2.579667
vt -14.918928 2.585606
vt -14.889308 2.568505
vt -14.877610 2.536366
vt -14.889308 2.504227
vt -14.918928 2.487126
vt -14.952610 2.493065
vt -14.974595 2.519265
vt -14.974595 2.553467
vt -14.952610 2.579667
vt -14.918928 2.585606
vt -14.889308 2.568505
vt -14.504143 2.536366
vt -14.515841 2.504227
vt -14.545461 2.487126
vt -14.579143 2.493065
vt -14.601128 2.519265
vt -14.601128 2.553467
vt -14.579143 2.579667
vt -14.545461 2.585606
vt -14.515841 2.568505
vt -14.504143 2.536366
vt -14.515841 2.504227
vt -14.545461 2.487126
vt -14.579143 2.493065
vt -14.601128 2.519265
vt -14.601128 2.553467
vt -14.579143 2.579667
vt -14.545461 2.585606
vt -14.515841 2.568505
vt -14.130676 2.536366
vt -14.142373 2.504227
vt -14.171993 2.487126
vt -14.205676 2.493065
vt -14.227660 2.519265
vt -14.227660 2.553467
vt -14.205676 2.579667
vt -14.171993 2.585606
vt -14.142373 2.568505
vt -14.130676 2.536366
vt -14.142373 2.504227
vt -14.171993 2.487126
vt -14.205676 2.493065
vt -14.227660 2.519265
vt -14.227660 2.553467
vt -14.205676 2.579667
vt -14.171993 2.585606
vt -14.142373 2.568505
vt -13.757208 2.536366
vt -13.768906 2.504227
vt -13.798526 2.487126
vt -13.832208 2.493065
vt -13.854193 2.519265
vt -13.854193 2.553467
vt -13.832208 2.579667
vt -13.798526 2.585606
vt -13.768906 2.568505
vt -13.757208 2.536366
vt -13.768906 2.504227
vt -13.798526 2.487126
vt -13.832208 2.493065
vt -13.854193 2.519265
vt -13.854193 2.553467
vt -13.832208 2.579667
vt -13.798526 2.585606
vt -13.768906 2.568505
vt -13.383741 2.536366
vt -13.395439 2.504227
vt -13.425059 2.487126
vt -13.458741 2.493065
vt -13.480726 2.519265
vt -13.480726 2.553467
vt -13.458741 2.579667
vt -13.425059 2.585606
vt -13.395439 2.568505
vt -13.383741 2.536366
vt -13.395439 2.504227
vt -13.425059 2.487126
vt -13.458741 2.493065
vt -13.480726 2.519265
vt -13.480726 2.553467
vt -13.458741 2.579667
vt -13.425059 2.585606
vt -13.395439 2.568505
vt -13.777475 1.400000
vt -13.769567 1.402791
vt -13.750475 1.403947
vt -13.731383 1.402791
vt -13.723475 1.400000
vt -13.731383 1.397209
vt -13.750475 1.396053
vt -13.769567 1.397209
vt -13.777475 2.956366
vt -13.769567 2.959157
vt -13.750475 2.960313
vt -13.731383 2.959157
vt -13.723475 2.956366
vt -13.731383 2.953575
vt -13.750475 2.952419
vt -13.769567 2.953575
vt -13.517475 1.400000
vt -13.509567 1.402791
vt -13.490475 1.403947
vt -13.471383 1.402791
vt -13.463475 1.400000
vt -13.471383 1.397209
vt -13.490475 1.396053
vt -13.509567 1.397209
vt -13.517475 2.956366
vt -13.509567 2.959157
vt -13.490475 2.960313
vt -13.471383 2.959157
vt -13.463475 2.956366
vt -13.471383 2.953575
vt -13.490475 2.952419
vt -13.509567 2.953575
vt -13.770475 1.548637
vt -13.770475 1.533000
vt -13.770475 1.529138
vt -13.770475 1.539959
vt -13.770475 1.557314
vt -13.770475 1.568135
vt -13.770475 1.564273
vt -13.470475 1.548637
vt -13.470475 1.533000
vt -13.470475 1.529138
vt -13.470475 1.539959
vt -13.470475 1.557314
vt -13.470475 1.568135
vt -13.470475 1.564273
vt -13.770475 1.697273
vt -13.770475 1.681637
vt -13.770475 1.677775
vt -13.770475 1.688596
vt -13.770475 1.705951
vt -13.770475 1.716772
vt -13.770475 1.712910
vt -13.470475 1.697273
vt -13.470475 1.681637
vt -13.470475 1.677775
vt -13.470475 1.688596
vt -13.470475 1.705951
vt -13.470475 1.716772
vt -13.470475 1.712910
vt -13.770475 1.845910
vt -13.770475 1.830273
vt -13.770475 1.826411
vt -13.770475 1.837232
vt -13.770475 1.854588
vt -13.770475 1.865408
vt -13.770475 1.861546
vt -13.470475 1.845910
vt -13.470475 1.830273
vt -13.470475 1.826411
vt -13.470475 1.837232
vt -13.470475 1.854588
vt -13.470475 1.865408
vt -13.470475 1.861546
vt -13.770475 1.994546
vt -13.770475 1.978910
vt -13.770475 1.975048
vt -13.770475 1.985869
vt -13.770475 2.003224
vt -13.770475 2.014045
vt -13.770475 2.010183
vt -13.470475 1.994546
vt -13.470475 1.978910
vt -13.470475 1.975048
vt -13.470475 1.985869
vt -13.470475 2.003224
vt -13.470475 2.014045
vt -13.470475 2.010183
vt -13.770475 2.143183
vt -13.770475 2.127546
vt -13.770475 2.123684
vt -13.770475 2.134505
vt -13.770475 2.151861
vt -13.770475 2.162682
vt -13.770475 2.158820
vt -13.470475 2.143183
vt -13.470475 2.127546
vt -13.470475 2.123684
vt -13.470475 2.134505
vt -13.470475 2.151861
vt -13.470475 2.162682
vt -13.470475 2.158820
vt -13.770475 2.291820
vt -13.770475 2.276183
vt -13.770475 2.272321
vt -13.770475 2.283142
vt -13.770475 2.300497
vt -13.770475 2.311318
vt -13.770475 2.307456
vt -13.470475 2.291820
vt -13.470475 2.276183
vt -13.470475 2.272321
vt -13.470475 2.283142
vt -13.470475 2.300497
vt -13.470475 2.311318
vt -13.470475 2.307456
vt -13.770475 2.440456
vt -13.770475 2.424820
vt -13.770475 2.420958
vt -13.770475 2.431779
vt -13.770475 2.449134
vt -13.770475 2.459955
vt -13.770475 2.456093
vt -13.470475 2.440456
vt -13.470475 2.424820
vt -13.470475 2.420958
vt -13.470475 2.431779
vt -13.470475 2.449134
vt -13.470475 2.459955
vt -13.470475 2.456093
vt -13.770475 2.589093
vt -13.770475 2.573456
vt -13.770475 2.569594
vt -13.770475 2.580415
vt -13.770475 2.597771
vt -13.770475 2.608591
vt -13.770475 2.604729
vt -13.470475 2.589093
vt -13.470475 2.573456
vt -13.470475 2.569594
vt -13.470475 2.580415
vt -13.470475 2.597771
vt -13.470475 2.608591
vt -13.470475 2.604729
vt -13.770475 2.737729
vt -13.770475 2.722093
vt -13.770475 2.718231
vt -13.770475 2.729052
vt -13.770475 2.746407
vt -13.770475 2.757228
vt -13.770475 2.753366
vt -13.470475 2.737729
vt -13.470475 2.722093
vt -13.470475 2.718231
vt -13.470475 2.729052
vt -13.470475 2.746407
vt -13.470475 2.757228
vt -13.470475 2.753366
vt -9.001827 2.401701
vt -9.013524 2.369561
vt -9.043144 2.352460
vt -9.076827 2.358399
vt -9.098811 2.384600
vt -9.098811 2.418802
vt -9.076827 2.445002
vt -9.043144 2.450941
vt -9.013524 2.433840
vt -9.001827 2.401701
vt -9.013524 2.369561
vt -9.043144 2.352460
vt -9.076827 2.358399
vt -9.098811 2.384600
vt -9.098811 2.418802
vt -9.076827 2.445002
vt -9.043144 2.450941
vt -9.013524 2.433840
vt -8.681019 2.401701
vt -8.692717 2.369561
vt -8.722337 2.352460
vt -8.756019 2.358399
vt -8.778004 2.384600
vt -8.778004 2.418802
vt -8.756019 2.445002
vt -8.722337 2.450941
vt -8.692717 2.433840
vt -8.681019 2.401701
vt -8.692717 2.369561
vt -8.722337 2.352460
vt -8.756019 2.358399
vt -8.778004 2.384600
vt -8.778004 2.418802
vt -8.756019 2.445002
vt -8.722337 2.450941
vt -8.692717 2.433840
vt -8.360212 2.401701
vt -8.371910 2.369561
vt -8.401530 2.352460
vt -8.435212 2.358399
vt -8.457197 2.384600
vt -8.457197 2.418802
vt -8.435212 2.445002
vt -8.401530 2.450941
vt -8.371910 2.433840
vt -8.360212 2.401701
vt -8.371910 2.369561
vt -8.401530 2.352460
vt -8.435212 2.358399
vt -8.457197 2.384600
vt -8.457197 2.418802
vt -8.435212 2.445002
vt -8.401530 2.450941
vt -8.371910 2.433840
vt -8.039405 2.401701
vt -8.051102 2.369561
vt -8.080722 2.352460
vt -8.114405 2.358399
vt -8.136389 2.384600
vt -8.136389 2.418802
vt -8.114405 2.445002
vt -8.080722 2.450941
vt -8.051102 2.433840
vt -8.039405 2.401701
vt -8.051102 2.369561
vt -8.080722 2.352460
vt -8.114405 2.358399
vt -8.136389 2.384600
vt -8.136389 2.418802
vt -8.114405 2.445002
vt -8.080722 2.450941
vt -8.051102 2.433840
vt -7.718597 2.401701
vt -7.730295 2.369561
vt -7.759915 2.352460
vt -7.793597 2.358399
vt -7.815582 2.384600
vt -7.815582 2.418802
vt -7.793597 2.445002
vt -7.759915 2.450941
vt -7.730295 2.433840
vt -7.718597 2.401701
vt -7.730295 2.369561
vt -7.759915 2.352460
vt -7.793597 2.358399
vt -7.815582 2.384600
vt -7.815582 2.418802
vt -7.793597 2.445002
vt -7.759915 2.450941
vt -7.730295 2.433840
vt -3.903247 2.488896
vt -3.914945 2.456756
vt -3.944565 2.439655
vt -3.978247 2.445595
vt -4.000232 2.471795
vt -4.000232 2.505997
vt -3.978247 2.532197
vt -3.944565 2.538136
vt -3.914945 2.521035
vt -3.903247 2.488896
vt -3.914945 2.456756
vt -3.944565 2.439655
vt -3.978247 2.445595
vt -4.000232 2.471795
vt -4.000232 2.505997
vt -3.978247 2.532197
vt -3.944565 2.538136
vt -3.914945 2.521035
vt -3.545612 2.488896
vt -3.557309 2.456756
vt -3.586929 2.439655
vt -3.620612 2.445595
vt -3.642596 2.471795
vt -3.642596 2.505997
vt -3.620612 2.532197
vt -3.586929 2.538136
vt -3.557309 2.521035
vt -3.545612 2.488896
vt -3.557309 2.456756
vt -3.586929 2.439655
vt -3.620612 2.445595
vt -3.642596 2.471795
vt -3.642596 2.505997
vt -3.620612 2.532197
vt -3.586929 2.538136
vt -3.557309 2.521035
vt -3.187976 2.488896
vt -3.199674 2.456756
vt -3.229294 2.439655
vt -3.262976 2.445595
vt -3.284961 2.471795
vt -3.284961 2.505997
vt -3.262976 2.532197
vt -3.229294 2.538136
vt -3.199674 2.521035
vt -3.187976 2.488896
vt -3.199674 2.456756
vt -3.229294 2.439655
vt -3.262976 2.445595
vt -3.284961 2.471795
vt -3.284961 2.505997
vt -3.262976 2.532197
vt -3.229294 2.538136
vt -3.199674 2.521035
vt -2.830341 2.488896
vt -2.842038 2.456756
vt -2.871658 2.439655
vt -2.905341 2.445595
vt -2.927325 2.471795
vt -2.927325 2.505997
vt -2.905341 2.532197
vt -2.871658 2.538136
vt -2.842038 2.521035
vt -2.830341 2.488896
vt -2.842038 2.456756
vt -2.871658 2.439655
vt -2.905341 2.445595
vt -2.927325 2.471795
vt -2.927325 2.505997
vt -2.905341 2.532197
vt -2.871658 2.538136
vt -2.842038 2.521035
vt -2.472705 2.488896
vt -2.484403 2.456756
vt -2.514023 2.439655
vt -2.547705 2.445595
vt -2.569690 2.471795
vt -2.569690 2.505997
vt -2.547705 2.532197
vt -2.514023 2.538136
vt -2.484403 2.521035
vt -2.472705 2.488896
vt -2.484403 2.456756
vt -2.514023 2.439655
vt -2.547705 2.445595
vt -2.569690 2.471795
vt -2.569690 2.505997
vt -2.547705 2.532197
vt -2.514023 2.538136
vt -2.484403 2.521035
vt 2.070733 2.718769
vt 2.059036 2.686630
vt 2.029416 2.669529
vt 1.995733 2.675468
vt 1.973749 2.701668
vt 1.973749 2.735870
vt 1.995733 2.762071
vt 2.029416 2.768010
vt 2.059036 2.750909
vt 2.070733 2.718769
vt 2.059036 2.686630
vt 2.029416 2.669529
vt 1.995733 2.675468
vt 1.973749 2.701668
vt 1.973749 2.735870
vt 1.995733 2.762071
vt 2.029416 2.768010
vt 2.059036 2.750909
vt 2.408102 2.718769
vt 2.396404 2.686630
vt 2.366784 2.669529
vt 2.333102 2.675468
vt 2.311117 2.701668
vt 2.311117 2.735870
vt 2.333102 2.762071
vt 2.366784 2.768010
vt 2.396404 2.750909
vt 2.408102 2.718769
vt 2.396404 2.686630
vt 2.366784 2.669529
vt 2.333102 2.675468
vt 2.311117 2.701668
vt 2.311117 2.735870
vt 2.333102 2.762071
vt 2.366784 2.768010
vt 2.396404 2.750909
vt 2.745470 2.718769
vt 2.733773 2.686630
vt 2.704153 2.669529
vt 2.670470 2.675468
vt 2.648486 2.701668
vt 2.648486 2.735870
vt 2.670470 2.762071
vt 2.704153 2.768010
vt 2.733773 2.750909
vt 2.745470 2.718769
vt 2.733773 2.686630
vt 2.704153 2.669529
vt 2.670470 2.675468
vt 2.648486 2.701668
vt 2.648486 2.735870
vt 2.670470 2.762071
vt 2.704153 2.768010
vt 2.733773 2.750909
vt 3.082839 2.718769
vt 3.071141 2.686630
vt 3.041521 2.669529
vt 3.007839 2.675468
vt 2.985854 2.701668
vt 2.985854 2.735870
vt 3.007839 2.762071
vt 3.041521 2.768010
vt 3.071141 2.750909
vt 3.082839 2.718769
vt 3.071141 2.686630
vt 3.041521 2.669529
vt 3.007839 2.675468
vt 2.985854 2.701668
vt 2.985854 2.735870
vt 3.007839 2.762071
vt 3.041521 2.768010
vt 3.071141 2.750909
vt 3.420207 2.718769
vt 3.408510 2.686630
vt 3.378890 2.669529
vt 3.345207 2.675468
vt 3.323223 2.701668
vt 3.323223 2.735870
vt 3.345207 2.762071
vt 3.378890 2.768010
vt 3.408510 2.750909
vt 3.420207 2.718769
vt 3.408510 2.686630
vt 3.378890 2.669529
vt 3.345207 2.675468
vt 3.323223 2.701668
vt 3.323223 2.735870
vt 3.345207 2.762071
vt 3.378890 2.768010
vt 3.408510 2.750909
vt 3.044523 1.400000
vt 3.052431 1.402504
vt 3.071523 1.403541
vt 3.090615 1.402504
vt 3.098523 1.400000
vt 3.090615 1.397496
vt 3.071523 1.396459
vt 3.052431 1.397496
vt 3.044523 3.138769
vt 3.052431 3.141273
vt 3.071523 3.142310
vt 3.090615 3.141273
vt 3.098523 3.138769
vt 3.090615 3.136266
vt 3.071523 3.135229
vt 3.052431 3.136266
vt 3.304523 1.400000
vt 3.312431 1.402504
vt 3.331523 1.403541
vt 3.350615 1.402504
vt 3.358523 1.400000
vt 3.350615 1.397496
vt 3.331523 1.396459
vt 3.312431 1.397496
vt 3.304523 3.138769
vt 3.312431 3.141273
vt 3.331523 3.142310
vt 3.350615 3.141273
vt 3.358523 3.138769
vt 3.350615 3.136266
vt 3.331523 3.135229
vt 3.312431 3.136266
vt 3.051523 1.566877
vt 3.051523 1.551240
vt 3.051523 1.547378
vt 3.051523 1.558199
vt 3.051523 1.575555
vt 3.051523 1.586376
vt 3.051523 1.582514
vt 3.351523 1.566877
vt 3.351523 1.551240
vt 3.351523 1.547378
vt 3.351523 1.558199
vt 3.351523 1.575555
vt 3.351523 1.586376
vt 3.351523 1.582514
vt 3.051523 1.733754
vt 3.051523 1.718117
vt 3.051523 1.714255
vt 3.051523 1.725076
vt 3.051523 1.742432
vt 3.051523 1.753252
vt 3.051523 1.749391
vt 3.351523 1.733754
vt 3.351523 1.718117
vt 3.351523 1.714255
vt 3.351523 1.725076
vt 3.351523 1.742432
vt 3.351523 1.753252
vt 3.351523 1.749391
vt 3.051523 1.900631
vt 3.051523 1.884994
vt 3.051523 1.881132
vt 3.051523 1.891953
vt 3.051523 1.909309
vt 3.051523 1.920129
vt 3.051523 1.916267
vt 3.351523 1.900631
vt 3.351523 1.884994
vt 3.351523 1.881132
vt 3.351523 1.891953
vt 3.351523 1.909309
vt 3.351523 1.920129
vt 3.351523 1.916267
vt 3.051523 2.067508
vt 3.051523 2.051871
vt 3.051523 2.048009
vt 3.051523 2.058830
vt 3.051523 2.076185
vt 3.051523 2.087006
vt 3.051523 2.083144
vt 3.351523 2.067508
vt 3.351523 2.051871
vt 3.351523 2.048009
vt 3.351523 2.058830
vt 3.351523 2.076185
vt 3.351523 2.087006
vt 3.351523 2.083144
vt 3.051523 2.234385
vt 3.051523 2.218748
vt 3.051523 2.214886
vt 3.051523 2.225707
vt 3.051523 2.243062
vt 3.051523 2.253883
vt 3.051523 2.250021
vt 3.351523 2.234385
vt 3.351523 2.218748
vt 3.351523 2.214886
vt 3.351523 2.225707
vt 3.351523 2.243062
vt 3.351523 2.253883
vt 3.351523 2.250021
vt 3.051523 2.401262
vt 3.051523 2.385625
vt 3.051523 2.381763
vt 3.051523 2.392584
vt 3.051523 2.409939
vt 3.051523 2.420760
vt 3.051523 2.416898
vt 3.351523 2.401262
vt 3.351523 2.385625
vt 3.351523 2.381763
vt 3.351523 2.392584
vt 3.351523 2.409939
vt 3.351523 2.420760
vt 3.351523 2.416898
vt 3.051523 2.568139
vt 3.051523 2.552502
vt 3.051523 2.548640
vt 3.051523 2.559461
vt 3.051523 2.576816
vt 3.051523 2.587637
vt 3.051523 2.583775
vt 3.351523 2.568139
vt 3.351523 2.552502
vt 3.351523 2.548640
vt 3.351523 2.559461
vt 3.351523 2.576816
vt 3.351523 2.587637
vt 3.351523 2.583775
vt 3.051523 2.735016
vt 3.051523 2.719379
vt 3.051523 2.715517
vt 3.051523 2.726338
vt 3.051523 2.743693
vt 3.051523 2.754514
vt 3.051523 2.750652
vt 3.351523 2.735016
vt 3.351523 2.719379
vt 3.351523 2.715517
vt 3.351523 2.726338
vt 3.351523 2.743693
vt 3.351523 2.754514
vt 3.351523 2.750652
vt 3.051523 2.901893
vt 3.051523 2.886256
vt 3.051523 2.882394
vt 3.051523 2.893215
vt 3.051523 2.910570
vt 3.051523 2.921391
vt 3.051523 2.917529
vt 3.351523 2.901893
vt 3.351523 2.886256
vt 3.351523 2.882394
vt 3.351523 2.893215
vt 3.351523 2.910570
vt 3.351523 2.921391
vt 3.351523 2.917529
vt 7.219311 2.382528
vt 7.207613 2.350389
vt 7.177994 2.333288
vt 7.144311 2.339227
vt 7.122327 2.365427
vt 7.122327 2.399629
vt 7.144311 2.425829
vt 7.177994 2.431769
vt 7.207613 2.414668
vt 7.219311 2.382528
vt 7.207613 2.350389
vt 7.177994 2.333288
vt 7.144311 2.339227
vt 7.122327 2.365427
vt 7.122327 2.399629
vt 7.144311 2.425829
vt 7.177994 2.431769
vt 7.207613 2.414668
vt 7.544844 2.382528
vt 7.533146 2.350389
vt 7.503526 2.333288
vt 7.469844 2.339227
vt 7.447859 2.365427
vt 7.447859 2.399629
vt 7.469844 2.425829
vt 7.503526 2.431769
vt 7.533146 2.414668
vt 7.544844 2.382528
vt 7.533146 2.350389
vt 7.503526 2.333288
vt 7.469844 2.339227
vt 7.447859 2.365427
vt 7.447859 2.399629
vt 7.469844 2.425829
vt 7.503526 2.431769
vt 7.533146 2.414668
vt 7.870377 2.382528
vt 7.858679 2.350389
vt 7.829059 2.333288
vt 7.795377 2.339227
vt 7.773392 2.365427
vt 7.773392 2.399629
vt 7.795377 2.425829
vt 7.829059 2.431769
vt 7.858679 2.414668
vt 7.870377 2.382528
vt 7.858679 2.350389
vt 7.829059 2.333288
vt 7.795377 2.339227
vt 7.773392 2.365427
vt 7.773392 2.399629
vt 7.795377 2.425829
vt 7.829059 2.431769
vt 7.858679 2.414668
vt 8.195910 2.382528
vt 8.184212 2.350389
vt 8.154592 2.333288
vt 8.120910 2.339227
vt 8.098925 2.365427
vt 8.098925 2.399629
vt 8.120910 2.425829
vt 8.154592 2.431769
vt 8.184212 2.414668
vt 8.195910 2.382528
vt 8.184212 2.350389
vt 8.154592 2.333288
vt 8.120910 2.339227
vt 8.098925 2.365427
vt 8.098925 2.399629
vt 8.120910 2.425829
vt 8.154592 2.431769
vt 8.184212 2.414668
vt 8.521443 2.382528
vt 8.509745 2.350389
vt 8.480125 2.333288
vt 8.446443 2.339227
vt 8.424458 2.365427
vt 8.424458 2.399629
vt 8.446443 2.425829
vt 8.480125 2.431769
vt 8.509745 2.414668
vt 8.521443 2.382528
vt 8.509745 2.350389
vt 8.480125 2.333288
vt 8.446443 2.339227
vt 8.424458 2.365427
vt 8.424458 2.399629
vt 8.446443 2.425829
vt 8.480125 2.431769
vt 8.509745 2.414668
vt 12.510188 2.531204
vt 12.498490 2.499065
vt 12.468870 2.481964
vt 12.435188 2.487903
vt 12.413203 2.514103
vt 12.413203 2.548305
vt 12.435188 2.574505
vt 12.468870 2.580444
vt 12.498490 2.563343
vt 12.510188 2.531204
vt 12.498490 2.499065
vt 12.468870 2.481964
vt 12.435188 2.487903
vt 12.413203 2.514103
vt 12.413203 2.548305
vt 12.435188 2.574505
vt 12.468870 2.580444
vt 12.498490 2.563343
vt 12.859866 2.531204
vt 12.848168 2.499065
vt 12.818548 2.481964
vt 12.784866 2.487903
vt 12.762881 2.514103
vt 12.762881 2.548305
vt 12.784866 2.574505
vt 12.818548 2.580444
vt 12.848168 2.563343
vt 12.859866 2.531204
vt 12.848168 2.499065
vt 12.818548 2.481964
vt 12.784866 2.487903
vt 12.762881 2.514103
vt 12.762881 2.548305
vt 12.784866 2.574505
vt 12.818548 2.580444
vt 12.848168 2.563343
vt 13.209544 2.531204
vt 13.197846 2.499065
vt 13.168227 2.481964
vt 13.134544 2.487903
vt 13.112560 2.514103
vt 13.112560 2.548305
vt 13.134544 2.574505
vt 13.168227 2.580444
vt 13.197846 2.563343
vt 13.209544 2.531204
vt 13.197846 2.499065
vt 13.168227 2.481964
vt 13.134544 2.487903
vt 13.112560 2.514103
vt 13.112560 2.548305
vt 13.134544 2.574505
vt 13.168227 2.580444
vt 13.197846 2.563343
vt 13.559222 2.531204
vt 13.547525 2.499065
vt 13.517905 2.481964
vt 13.484222 2.487903
vt 13.462238 2.514103
vt 13.462238 2.548305
vt 13.484222 2.574505
vt 13.517905 2.580444
vt 13.547525 2.563343
vt 13.559222 2.531204
vt 13.547525 2.499065
vt 13.517905 2.481964
vt 13.484222 2.487903
vt 13.462238 2.514103
vt 13.462238 2.548305
vt 13.484222 2.574505
vt 13.517905 2.580444
vt 13.547525 2.563343
vt 13.908901 2.531204
vt 13.897203 2.499065
vt 13.867583 2.481964
vt 13.833901 2.487903
vt 13.811916 2.514103
vt 13.811916 2.548305
vt 13.833901 2.574505
vt 13.867583 2.580444
vt 13.897203 2.563343
vt 13.908901 2.531204
vt 13.897203 2.499065
vt 13.867583 2.481964
vt 13.833901 2.487903
vt 13.811916 2.514103
vt 13.811916 2.548305
vt 13.833901 2.574505
vt 13.867583 2.580444
vt 13.897203 2.563343
vt 18.159470 2.386029
vt 18.147772 2.353890
vt 18.118152 2.336789
vt 18.084470 2.342728
vt 18.062485 2.368928
vt 18.062485 2.403130
vt 18.084470 2.429330
vt 18.118152 2.435269
vt 18.147772 2.418168
vt 18.159470 2.386029
vt 18.147772 2.353890
vt 18.118152 2.336789
vt 18.084470 2.342728
vt 18.062485 2.368928
vt 18.062485 2.403130
vt 18.084470 2.429330
vt 18.118152 2.435269
vt 18.147772 2.418168
vt 18.504117 2.386029
vt 18.492419 2.353890
vt 18.462799 2.336789
vt 18.429117 2.342728
vt 18.407132 2.368928
vt 18.407132 2.403130
vt 18.429117 2.429330
vt 18.462799 2.435269
vt 18.492419 2.418168
vt 18.504117 2.386029
vt 18.492419 2.353890
vt 18.462799 2.336789
vt 18.429117 2.342728
vt 18.407132 2.368928
vt 18.407132 2.403130
vt 18.429117 2.429330
vt 18.462799 2.435269
vt 18.492419 2.418168
vt 18.848763 2.386029
vt 18.837065 2.353890
vt 18.807446 2.336789
vt 18.773763 2.342728
vt 18.751779 2.368928
vt 18.751779 2.403130
vt 18.773763 2.429330
vt 18.807446 2.435269
vt 18.837065 2.418168
vt 18.848763 2.386029
vt 18.837065 2.353890
vt 18.807446 2.336789
vt 18.773763 2.342728
vt 18.751779 2.368928
vt 18.751779 2.403130
vt 18.773763 2.429330
vt 18.807446 2.435269
vt 18.837065 2.418168
vt 19.193410 2.386029
vt 19.181712 2.353890
vt 19.152092 2.336789
vt 19.118410 2.342728
vt 19.096425 2.368928
vt 19.096425 2.403130
vt 19.118410 2.429330
vt 19.152092 2.435269
vt 19.181712 2.418168
vt 19.193410 2.386029
vt 19.181712 2.353890
vt 19.152092 2.336789
vt 19.118410 2.342728
vt 19.096425 2.368928
vt 19.096425 2.403130
vt 19.118410 2.429330
vt 19.152092 2.435269
vt 19.181712 2.418168
vt 19.538056 2.386029
vt 19.526359 2.353890
vt 19.496739 2.336789
vt 19.463056 2.342728
vt 19.441072 2.368928
vt 19.441072 2.403130
vt 19.463056 2.429330
vt 19.496739 2.435269
vt 19.526359 2.418168
vt 19.538056 2.386029
vt 19.526359 2.353890
vt 19.496739 2.336789
vt 19.463056 2.342728
vt 19.441072 2.368928
vt 19.441072 2.403130
vt 19.463056 2.429330
vt 19.496739 2.435269
vt 19.526359 2.418168
vt 19.158733 1.400000
vt 19.166641 1.403082
vt 19.185733 1.404359
vt 19.204825 1.403082
vt 19.212733 1.400000
vt 19.204825 1.396918
vt 19.185733 1.395641
vt 19.166641 1.396918
vt 19.158733 2.806029
vt 19.166641 2.809111
vt 19.185733 2.810388
vt 19.204825 2.809111
vt 19.212733 2.806029
vt 19.204825 2.802947
vt 19.185733 2.801670
vt 19.166641 2.802947
vt 19.418733 1.400000
vt 19.426641 1.403082
vt 19.445733 1.404359
vt 19.464825 1.403082
vt 19.472733 1.400000
vt 19.464825 1.396918
vt 19.445733 1.395641
vt 19.426641 1.396918
vt 19.418733 2.806029
vt 19.426641 2.809111
vt 19.445733 2.810388
vt 19.464825 2.809111
vt 19.472733 2.806029
vt 19.464825 2.802947
vt 19.445733 2.801670
vt 19.426641 2.802947
vt 19.165733 1.533603
vt 19.165733 1.517966
vt 19.165733 1.514104
vt 19.165733 1.524925
vt 19.165733 1.542281
vt 19.165733 1.553101
vt 19.165733 1.549240
vt 19.465733 1.533603
vt 19.465733 1.517966
vt 19.465733 1.514104
vt 19.465733 1.524925
vt 19.465733 1.542281
vt 19.465733 1.553101
vt 19.465733 1.549240
vt 19.165733 1.667206
vt 19.165733 1.651569
vt 19.165733 1.647707
vt 19.165733 1.658528
vt 19.165733 1.675883
vt 19.165733 1.686704
vt 19.165733 1.682842
vt 19.465733 1.667206
vt 19.465733 1.651569
vt 19.465733 1.647707
vt 19.465733 1.658528
vt 19.465733 1.675883
vt 19.465733 1.686704
vt 19.465733 1.682842
vt 19.165733 1.800809
vt 19.165733 1.785172
vt 19.165733 1.781310
vt 19.165733 1.792131
vt 19.165733 1.809486
vt 19.165733 1.820307
vt 19.165733 1.816445
vt 19.465733 1.800809
vt 19.465733 1.785172
vt 19.465733 1.781310
vt 19.465733 1.792131
vt 19.465733 1.809486
vt 19.465733 1.820307
vt 19.465733 1.816445
vt 19.165733 1.934412
vt 19.165733 1.918775
vt 19.165733 1.914913
vt 19.165733 1.925734
vt 19.165733 1.943089
vt 19.165733 1.953910
vt 19.165733 1.950048
vt 19.465733 1.934412
vt 19.465733 1.918775
vt 19.465733 1.914913
vt 19.465733 1.925734
vt 19.465733 1.943089
vt 19.465733 1.953910
vt 19.465733 1.950048
vt 19.165733 2.068014
vt 19.165733 2.052378
vt 19.165733 2.048516
vt 19.165733 2.059337
vt 19.165733 2.076692
vt 19.165733 2.087513
vt 19.165733 2.083651
vt 19.465733 2.068014
vt 19.465733 2.052378
vt 19.465733 2.048516
vt 19.465733 2.059337
vt 19.465733 2.076692
vt 19.465733 2.087513
vt 19.465733 2.083651
vt 19.165733 2.201617
vt 19.165733 2.185981
vt 19.165733 2.182119
vt 19.165733 2.192940
vt 19.165733 2.210295
vt 19.165733 2.221116
vt 19.165733 2.217254
vt 19.465733 2.201617
vt 19.465733 2.185981
vt 19.465733 2.182119
vt 19.465733 2.192940
vt 19.465733 2.210295
vt 19.465733 2.221116
vt 19.465733 2.217254
vt 19.165733 2.335220
vt 19.165733 2.319584
vt 19.165733 2.315722
vt 19.165733 2.326543
vt 19.165733 2.343898
vt 19.165733 2.354719
vt 19.165733 2.350857
vt 19.465733 2.335220
vt 19.465733 2.319584
vt 19.465733 2.315722
vt 19.465733 2.326543
vt 19.465733 2.343898
vt 19.465733 2.354719
vt 19.465733 2.350857
vt 19.165733 2.468823
vt 19.165733 2.453187
vt 19.165733 2.449325
vt 19.165733 2.460146
vt 19.165733 2.477501
vt 19.165733 2.488322
vt 19.165733 2.484460
vt 19.465733 2.468823
vt 19.465733 2.453187
vt 19.465733 2.449325
vt 19.465733 2.460146
vt 19.465733 2.477501
vt 19.465733 2.488322
vt 19.465733 2.484460
vt 19.165733 2.602426
vt 19.165733 2.586789
vt 19.165733 2.582928
vt 19.165733 2.593748
vt 19.165733 2.611104
vt 19.165733 2.621925
vt 19.165733 2.618063
vt 19.465733 2.602426
vt 19.465733 2.586789
vt 19.465733 2.582928
vt 19.465733 2.593748
vt 19.465733 2.611104
vt 19.465733 2.621925
vt 19.465733 2.618063
vt 23.866413 2.559161
vt 23.854715 2.527021
vt 23.825095 2.509920
vt 23.791413 2.515859
vt 23.769428 2.542060
vt 23.769428 2.576262
vt 23.791413 2.602462
vt 23.825095 2.608401
vt 23.854715 2.591300
vt 23.866413 2.559161
vt 23.854715 2.527021
vt 23.825095 2.509920
vt 23.791413 2.515859
vt 23.769428 2.542060
vt 23.769428 2.576262
vt 23.791413 2.602462
vt 23.825095 2.608401
vt 23.854715 2.591300
vt 24.230290 2.559161
vt 24.218592 2.527021
vt 24.188972 2.509920
vt 24.155290 2.515859
vt 24.133305 2.542060
vt 24.133305 2.576262
vt 24.155290 2.602462
vt 24.188972 2.608401
vt 24.218592 2.591300
vt 24.230290 2.559161
vt 24.218592 2.527021
vt 24.188972 2.509920
vt 24.155290 2.515859
vt 24.133305 2.542060
vt 24.133305 2.576262
vt 24.155290 2.602462
vt 24.188972 2.608401
vt 24.218592 2.591300
vt 24.594167 2.559161
vt 24.582469 2.527021
vt 24.552849 2.509920
vt 24.519167 2.515859
vt 24.497182 2.542060
vt 24.497182 2.576262
vt 24.519167 2.602462
vt 24.552849 2.608401
vt 24.582469 2.591300
vt 24.594167 2.559161
vt 24.582469 2.527021
vt 24.552849 2.509920
vt 24.519167 2.515859
vt 24.497182 2.542060
vt 24.497182 2.576262
vt 24.519167 2.602462
vt 24.552849 2.608401
vt 24.582469 2.591300
vt 24.958044 2.559161
vt 24.946346 2.527021
vt 24.916726 2.509920
vt 24.883044 2.515859
vt 24.861059 2.542060
vt 24.861059 2.576262
vt 24.883044 2.602462
vt 24.916726 2.608401
vt 24.946346 2.591300
vt 24.958044 2.559161
vt 24.946346 2.527021
vt 24.916726 2.509920
vt 24.883044 2.515859
vt 24.861059 2.542060
vt 24.861059 2.576262
vt 24.883044 2.602462
vt 24.916726 2.608401
vt 24.946346 2.591300
vt 25.321921 2.559161
vt 25.310223 2.527021
vt 25.280604 2.509920
vt 25.246921 2.515859
vt 25.224936 2.542060
vt 25.224936 2.576262
vt 25.246921 2.602462
vt 25.280604 2.608401
vt 25.310223 2.591300
vt 25.321921 2.559161
vt 25.310223 2.527021
vt 25.280604 2.509920
vt 25.246921 2.515859
vt 25.224936 2.542060
vt 25.224936 2.576262
vt 25.246921 2.602462
vt 25.280604 2.608401
vt 25.310223 2.591300
vt 29.659952 2.858250
vt 29.648255 2.826110
vt 29.618635 2.809009
vt 29.584952 2.814948
vt 29.562968 2.841149
vt 29.562968 2.875351
vt 29.584952 2.901551
vt 29.618635 2.907490
vt 29.648255 2.890389
vt 29.659952 2.858250
vt 29.648255 2.826110
vt 29.618635 2.809009
vt 29.584952 2.814948
vt 29.562968 2.841149
vt 29.562968 2.875351
vt 29.584952 2.901551
vt 29.618635 2.907490
vt 29.648255 2.890389
vt 29.989504 2.858250
vt 29.977806 2.826110
vt 29.948187 2.809009
vt 29.914504 2.814948
vt 29.892520 2.841149
vt 29.892520 2.875351
vt 29.914504 2.901551
vt 29.948187 2.907490
vt 29.977806 2.890389
vt 29.989504 2.858250
vt 29.977806 2.826110
vt 29.948187 2.809009
vt 29.914504 2.814948
vt 29.892520 2.841149
vt 29.892520 2.875351
vt 29.914504 2.901551
vt 29.948187 2.907490
vt 29.977806 2.890389
vt 30.319056 2.858250
vt 30.307358 2.826110
vt 30.277738 2.809009
vt 30.244056 2.814948
vt 30.222071 2.841149
vt 30.222071 2.875351
vt 30.244056 2.901551
vt 30.277738 2.907490
vt 30.307358 2.890389
vt 30.319056 2.858250
vt 30.307358 2.826110
vt 30.277738 2.809009
vt 30.244056 2.814948
vt 30.222071 2.841149
vt 30.222071 2.875351
vt 30.244056 2.901551
vt 30.277738 2.907490
vt 30.307358 2.890389
vt 30.648608 2.858250
vt 30.636910 2.826110
vt 30.607290 2.809009
vt 30.573608 2.814948
vt 30.551623 2.841149
vt 30.551623 2.875351
vt 30.573608 2.901551
vt 30.607290 2.907490
vt 30.636910 2.890389
vt 30.648608 2.858250
vt 30.636910 2.826110
vt 30.607290 2.809009
vt 30.573608 2.814948
vt 30.551623 2.841149
vt 30.551623 2.875351
vt 30.573608 2.901551
vt 30.607290 2.907490
vt 30.636910 2.890389
vt 30.978160 2.858250
vt 30.966462 2.826110
vt 30.936842 2.809009
vt 30.903160 2.814948
vt 30.881175 2.841149
vt 30.881175 2.875351
vt 30.903160 2.901551
vt 30.936842 2.907490
vt 30.966462 2.890389
vt 30.978160 2.858250
vt 30.966462 2.826110
vt 30.936842 2.809009
vt 30.903160 2.814948
vt 30.881175 2.841149
vt 30.881175 2.875351
vt 30.903160 2.901551
vt 30.936842 2.907490
vt 30.966462 2.890389
f 1/1 2/2 11/11
f 1/1 11/11 10/10
f 2/2 3/3 12/12
f 2/2 12/12 11/11
f 3/3 4/4 13/13
f 3/3 13/13 12/12
f 4/4 5/5 14/14
f 4/4 14/14 13/13
f 5/5 6/6 15/15
f 5/5 15/15 14/14
f 6/6 7/7 16/16
f 6/6 16/16 15/15
f 7/7 8/8 17/17
f 7/7 17/17 16/16
f 8/8 9/9 18/18
f 8/8 18/18 17/17
f 9/9 1/1 10/10
f 9/9 10/10 18/18
f 9/9 8/8 7/7
f 9/9 7/7 6/6
f 9/9 6/6 5/5
f 9/9 5/5 4/4
f 9/9 4/4 3/3
f 9/9 3/3 2/2
f 9/9 2/2 1/1
f 10/10 11/11 12/12
f 10/10 12/12 13/13
f 10/10 13/13 14/14
f 10/10 14/14 15/15
f 10/10 15/15 16/16
f 10/10 16/16 17/17
f 10/10 17/17 18/18
f 19/19 20/20 29/29
f 19/19 29/29 28/28
f 20/20 21/21 30/30
f 20/20 30/30 29/29
f 21/21 22/22 31/31
f 21/21 31/31 30/30
f 22/22 23/23 32/32
f 22/22 32/32 31/31
f 23/23 24/24 33/33
f 23/23 33/33 32/32
f 24/24 25/25 34/34
f 24/24 34/34 33/33
f 25/25 26/26 35/35
f 25/25 35/35 34/34
f 26/26 27/27 36/36
f 26/26 36/36 35/35
f 27/27 19/19 28/28
f 27/27 28/28 36/36
f 27/27 26/26 25/25
f 27/27 25/25 24/24
f 27/27 24/24 23/23
f 27/27 23/23 22/22
f 27/27 22/22 21/21
f 27/27 21/21 20/20
f 27/27 20/20 19/19
f 28/28 29/29 30/30
f 28/28 30/30 31/31
f 28/28 31/31 32/32
f 28/28 32/32 33/33
f 28/28 33/33 34/34
f 28/28 34/34 35/35
f 28/28 35/35 36/36
f 37/37 38/38 47/47
f 37/37 47/47 46/46
f 38/38 39/39 48/48
f 38/38 48/48 47/47
f 39/39 40/40 49/49
f 39/39 49/49 48/48
f 40/40 41/41 50/50
f 40/40 50/50 49/49
f 41/41 42/42 51/51
f 41/41 51/51 50/50
f 42/42 43/43 52/52
f 42/42 52/52 51/51
f 43/43 44/44 53/53
f 43/43 53/53 52/52
f 44/44 45/45 54/54
f 44/44 54/54 53/53
f 45/45 37/37 46/46
f 45/45 46/46 54/54
f 45/45 44/44 43/43
f 45/45 43/43 42/42
f 45/45 42/42 41/41
f 45/45 41/41 40/40
f 45/45 40/40 39/39
f 45/45 39/39 38/38
f 45/45 38/38 37/37
f 46/46 47/47 48/48
f 46/46 48/48 49/49
f 46/46 49/49 50/50
f 46/46 50/50 51/51
f 46/46 51/51 52/52
f 46/46 52/52 53/53
f 46/46 53/53 54/54
f 55/55 56/56 65/65
f 55/55 65/65 64/64
f 56/56 57/57 66/66
f 56/56 66/66 65/65
f 57/57 58/58 67/67
f 57/57 67/67 66/66
f 58/58 59/59 68/68
f 58/58 68/68 67/67
f 59/59 60/60 69/69
f 59/59 69/69 68/68
f 60/60 61/61 70/70
f 60/60 70/70 69/69
f 61/61 62/62 71/71
f 61/61 71/71 70/70
f 62/62 63/63 72/72
f 62/62 72/72 71/71
f 63/63 55/55 64/64
f 63/63 64/64 72/72
f 63/63 62/62 61/61
f 63/63 61/61 60/60
f 63/63 60/60 59/59
f 63/63 59/59 58/58
f 63/63 58/58 57/57
f 63/63 57/57 56/56
f 63/63 56/56 55/55
f 64/64 65/65 66/66
f 64/64 66/66 67/67
f 64/64 67/67 68/68
f 64/64 68/68 69/69
f 64/64 69/69 70/70
f 64/64 70/70 71/71
f 64/64 71/71 72/72
f 73/73 74/74 83/83
f 73/73 83/83 82/82
f 74/74 75/75 84/84
f 74/74 84/84 83/83
f 75/75 76/76 85/85
f 75/75 85/85 84/84
f 76/76 77/77 86/86
f 76/76 86/86 85/85
f 77/77 78/78 87/87
f 77/77 87/87 86/86
f 78/78 79/79 88/88
f 78/78 88/88 87/87
f 79/79 80/80 89/89
f 79/79 89/89 88/88
f 80/80 81/81 90/90
f 80/80 90/90 89/89
f 81/81 73/73 82/82
f 81/81 82/82 90/90
f 81/81 80/80 79/79
f 81/81 79/79 78/78
f 81/81 78/78 77/77
f 81/81 77/77 76/76
f 81/81 76/76 75/75
f 81/81 75/75 74/74
f 81/81 74/74 73/73
f 82/82 83/83 84/84
f 82/82 84/84 85/85
f 82/82 85/85 86/86
f 82/82 86/86 87/87
f 82/82 87/87 88/88
f 82/82 88/88 89/89
f 82/82 89/89 90/90
f 91/91 92/92 100/100
f 91/91 100/100 99/99
f 92/92 93/93 101/101
f 92/92 101/101 100/100
f 93/93 94/94 102/102
f 93/93 102/102 101/101
f 94/94 95/95 103/103
f 94/94 103/103 102/102
f 95/95 96/96 104/104
f 95/95 104/104 103/103
f 96/96 97/97 105/105
f 96/96 105/105 104/104
f 97/97 98/98 106/106
f 97/97 106/106 105/105
f 98/98 91/91 99/99
f 98/98 99/99 106/106
f 98/98 97/97 96/96
f 98/98 96/96 95/95
f 98/98 95/95 94/94
f 98/98 94/94 93/93
f 98/98 93/93 92/92
f 98/98 92/92 91/91
f 99/99 100/100 101/101
f 99/99 101/101 102/102
f 99/99 102/102 103/103
f 99/99 103/103 104/104
f 99/99 104/104 105/105
f 99/99 105/105 106/106
f 107/107 108/108 116/116
f 107/107 116/116 115/115
f 108/108 109/109 117/117
f 108/108 117/117 116/116
f 109/109 110/110 118/118
f 109/109 118/118 117/117
f 110/110 111/111 119/119
f 110/110 119/119 118/118
f 111/111 112/112 120/120
f 111/111 120/120 119/119
f 112/112 113/113 121/121
f 112/112 121/121 120/120
f 113/113 114/114 122/122
f 113/113 122/122 121/121
f 114/114 107/107 115/115
f 114/114 115/115 122/122
f 114/114 113/113 112/112
f 114/114 112/112 111/111
f 114/114 111/111 110/110
f 114/114 110/110 109/109
f 114/114 109/109 108/108
f 114/114 108/108 107/107
f 115/115 116/116 117/117
f 115/115 117/117 118/118
f 115/115 118/118 119/119
f 115/115 119/119 120/120
f 115/115 120/120 121/121
f 115/115 121/121 122/122
f 123/123 124/124 131/131
f 123/123 131/131 130/130
f 124/124 125/125 132/132
f 124/124 132/132 131/131
f 125/125 126/126 133/133
f 125/125 133/133 132/132
f 126/126 127/127 134/134
f 126/126 134/134 133/133
f 127/127 128/128 135/135
f 127/127 135/135 134/134
f 128/128 129/129 136/136
f 128/128 136/136 135/135
f 129/129 123/123 130/130
f 129/129 130/130 136/136
f 129/129 128/128 127/127
f 129/129 127/127 126/126
f 129/129 126/126 125/125
f 129/129 125/125 124/124
f 129/129 124/124 123/123
f 130/130 131/131 132/132
f 130/130 132/132 133/133
f 130/130 133/133 134/134
f 130/130 134/134 135/135
f 130/130 135/135 136/136
f 137/137 138/138 145/145
f 137/137 145/145 144/144
f 138/138 139/139 146/146
f 138/138 146/146 145/145
f 139/139 140/140 147/147
f 139/139 147/147 146/146
f 140/140 141/141 148/148
f 140/140 148/148 147/147
f 141/141 142/142 149/149
f 141/141 149/149 148/148
f 142/142 143/143 150/150
f 142/142 150/150 149/149
f 143/143 137/137 144/144
f 143/143 144/144 150/150
f 143/143 142/142 141/141
f 143/143 141/141 140/140
f 143/143 140/140 139/139
f 143/143 139/139 138/138
f 143/143 138/138 137/137
f 144/144 145/145 146/146
f 144/144 146/146 147/147
f 144/144 147/147 148/148
f 144/144 148/148 149/149
f 144/144 149/149 150/150
f 151/151 152/152 159/159
f 151/151 159/159 158/158
f 152/152 153/153 160/160
f 152/152 160/160 159/159
f 153/153 154/154 161/161
f 153/153 161/161 160/160
f 154/154 155/155 162/162
f 154/154 162/162 161/161
f 155/155 156/156 163/163
f 155/155 163/163 162/162
f 156/156 157/157 164/164
f 156/156 164/164 163/163
f 157/157 151/151 158/158
f 157/157 158/158 164/164
f 157/157 156/156 155/155
f 157/157 155/155 154/154
f 157/157 154/154 153/153
f 157/157 153/153 152/152
f 157/157 152/152 151/151
f 158/158 159/159 160/160
f 158/158 160/160 161/161
f 158/158 161/161 162/162
f 158/158 162/162 163/163
f 158/158 163/163 164/164
f 165/165 166/166 173/173
f 165/165 173/173 172/172
f 166/166 167/167 174/174
f 166/166 174/174 173/173
f 167/167 168/168 175/175
f 167/167 175/175 174/174
f 168/168 169/169 176/176
f 168/168 176/176 175/175
f 169/169 170/170 177/177
f 169/169 177/177 176/176
f 170/170 171/171 178/178
f 170/170 178/178 177/177
f 171/171 165/165 172/172
f 171/171 172/172 178/178
f 171/171 170/170 169/169
f 171/171 169/169 168/168
f 171/171 168/168 167/167
f 171/171 167/167 166/166
f 171/171 166/166 165/165
f 172/172 173/173 174/174
f 172/172 174/174 175/175
f 172/172 175/175 176/176
f 172/172 176/176 177/177
f 172/172 177/177 178/178
f 179/179 180/180 187/187
f 179/179 187/187 186/186
f 180/180 181/181 188/188
f 180/180 188/188 187/187
f 181/181 182/182 189/189
f 181/181 189/189 188/188
f 182/182 183/183 190/190
f 182/182 190/190 189/189
f 183/183 184/184 191/191
f 183/183 191/191 190/190
f 184/184 185/185 192/192
f 184/184 192/192 191/191
f 185/185 179/179 186/186
f 185/185 186/186 192/192
f 185/185 184/184 183/183
f 185/185 183/183 182/182
f 185/185 182/182 181/181
f 185/185 181/181 180/180
f 185/185 180/180 179/179
f 186/186 187/187 188/188
f 186/186 188/188 189/189
f 186/186 189/189 190/190
f 186/186 190/190 191/191
f 186/186 191/191 192/192
f 193/193 194/194 201/201
f 193/193 201/201 200/200
f 194/194 195/195 202/202
f 194/194 202/202 201/201
f 195/195 196/196 203/203
f 195/195 203/203 202/202
f 196/196 197/197 204/204
f 196/196 204/204 203/203
f 197/197 198/198 205/205
f 197/197 205/205 204/204
f 198/198 199/199 206/206
f 198/198 206/206 205/205
f 199/199 193/193 200/200
f 199/199 200/200 206/206
f 199/199 198/198 197/197
f 199/199 197/197 196/196
f 199/199 196/196 195/195
f 199/199 195/195 194/194
f 199/199 194/194 193/193
f 200/200 201/201 202/202
f 200/200 202/202 203/203
f 200/200 203/203 204/204
f 200/200 204/204 205/205
f 200/200 205/205 206/206
f 207/207 208/208 215/215
f 207/207 215/215 214/214
f 208/208 209/209 216/216
f 208/208 216/216 215/215
f 209/209 210/210 217/217
f 209/209 217/217 216/216
f 210/210 211/211 218/218
f 210/210 218/218 217/217
f 211/211 212/212 219/219
f 211/211 219/219 218/218
f 212/212 213/213 220/220
f 212/212 220/220 219/219
f 213/213 207/207 214/214
f 213/213 214/214 220/220
f 213/213 212/212 211/211
f 213/213 211/211 210/210
f 213/213 210/210 209/209
f 213/213 209/209 208/208
f 213/213 208/208 207/207
f 214/214 215/215 216/216
f 214/214 216/216 217/217
f 214/214 217/217 218/218
f 214/214 218/218 219/219
f 214/214 219/219 220/220
f 221/221 222/222 229/229
f 221/221 229/229 228/228
f 222/222 223/223 230/230
f 222/222 230/230 229/229
f 223/223 224/224 231/231
f 223/223 231/231 230/230
f 224/224 225/225 232/232
f 224/224 232/232 231/231
f 225/225 226/226 233/233
f 225/225 233/233 232/232
f 226/226 227/227 234/234
f 226/226 234/234 233/233
f 227/227 221/221 228/228
f 227/227 228/228 234/234
f 227/227 226/226 225/225
f 227/227 225/225 224/224
f 227/227 224/224 223/223
f 227/227 223/223 222/222
f 227/227 222/222 221/221
f 228/228 229/229 230/230
f 228/228 230/230 231/231
f 228/228 231/231 232/232
f 228/228 232/232 233/233
f 228/228 233/233 234/234
f 235/235 236/236 243/243
f 235/235 243/243 242/242
f 236/236 237/237 244/244
f 236/236 244/244 243/243
f 237/237 238/238 245/245
f 237/237 245/245 244/244
f 238/238 239/239 246/246
f 238/238 246/246 245/245
f 239/239 240/240 247/247
f 239/239 247/247 246/246
f 240/240 241/241 248/248
f 240/240 248/248 247/247
f 241/241 235/235 242/242
f 241/241 242/242 248/248
f 241/241 240/240 239/239
f 241/241 239/239 238/238
f 241/241 238/238 237/237
f 241/241 237/237 236/236
f 241/241 236/236 235/235
f 242/242 243/243 244/244
f 242/242 244/244 245/245
f 242/242 245/245 246/246
f 242/242 246/246 247/247
f 242/242 247/247 248/248
f 249/249 250/250 259/259
f 249/249 259/259 258/258
f 250/250 251/251 260/260
f 250/250 260/260 259/259
f 251/251 252/252 261/261
f 251/251 261/261 260/260
f 252/252 253/253 262/262
f 252/252 262/262 261/261
f 253/253 254/254 263/263
f 253/253 263/263 262/262
f 254/254 255/255 264/264
f 254/254 264/264 263/263
f 255/255 256/256 265/265
f 255/255 265/265 264/264
f 256/256 257/257 266/266
f 256/256 266/266 265/265
f 257/257 249/249 258/258
f 257/257 258/258 266/266
f 257/257 256/256 255/255
f 257/257 255/255 254/254
f 257/257 254/254 253/253
f 257/257 253/253 252/252
f 257/257 252/252 251/251
f 257/257 251/251 250/250
f 257/257 250/250 249/249
f 258/258 259/259 260/260
f 258/258 260/260 261/261
f 258/258 261/261 262/262
f 258/258 262/262 263/263
f 258/258 263/263 264/264
f 258/258 264/264 265/265
f 258/258 265/265 266/266
f 267/267 268/268 277/277
f 267/267 277/277 276/276
f 268/268 269/269 278/278
f 268/268 278/278 277/277
f 269/269 270/270 279/279
f 269/269 279/279 278/278
f 270/270 271/271 280/280
f 270/270 280/280 279/279
f 271/271 272/272 281/281
f 271/271 281/281 280/280
f 272/272 273/273 282/282
f 272/272 282/282 281/281
f 273/273 274/274 283/283
f 273/273 283/283 282/282
f 274/274 275/275 284/284
f 274/274 284/284 283/283
f 275/275 267/267 276/276
f 275/275 276/276 284/284
f 275/275 274/274 273/273
f 275/275 273/273 272/272
f 275/275 272/272 271/271
f 275/275 271/271 270/270
f 275/275 270/270 269/269
f 275/275 269/269 268/268
f 275/275 268/268 267/267
f 276/276 277/277 278/278
f 276/276 278/278 279/279
f 276/276 279/279 280/280
f 276/276 280/280 281/281
f 276/276 281/281 282/282
f 276/276 282/282 283/283
f 276/276 283/283 284/284
f 285/285 286/286 295/295
f 285/285 295/295 294/294
f 286/286 287/287 296/296
f 286/286 296/296 295/295
f 287/287 288/288 297/297
f 287/287 297/297 296/296
f 288/288 289/289 298/298
f 288/288 298/298 297/297
f 289/289 290/290 299/299
f 289/289 299/299 298/298
f 290/290 291/291 300/300
f 290/290 300/300 299/299
f 291/291 292/292 301/301
f 291/291 301/301 300/300
f 292/292 293/293 302/302
f 292/292 302/302 301/301
f 293/293 285/285 294/294
f 293/293 294/294 302/302
f 293/293 292/292 291/291
f 293/293 291/291 290/290
f 293/293 290/290 289/289
f 293/293 289/289 288/288
f 293/293 288/288 287/287
f 293/293 287/287 286/286
f 293/293 286/286 285/285
f 294/294 295/295 296/296
f 294/294 296/296 297/297
f 294/294 297/297 298/298
f 294/294 298/298 299/299
f 294/294 299/299 300/300
f 294/294 300/300 301/301
f 294/294 301/301 302/302
f 303/303 304/304 313/313
f 303/303 313/313 312/312
f 304/304 305/305 314/314
f 304/304 314/314 313/313
f 305/305 306/306 315/315
f 305/305 315/315 314/314
f 306/306 307/307 316/316
f 306/306 316/316 315/315
f 307/307 308/308 317/317
f 307/307 317/317 316/316
f 308/308 309/309 318/318
f 308/308 318/318 317/317
f 309/309 310/310 319/319
f 309/309 319/319 318/318
f 310/310 311/311 320/320
f 310/310 320/320 319/319
f 311/311 303/303 312/312
f 311/311 312/312 320/320
f 311/311 310/310 309/309
f 311/311 309/309 308/308
f 311/311 308/308 307/307
f 311/311 307/307 306/306
f 311/311 306/306 305/305
f 311/311 305/305 304/304
f 311/311 304/304 303/303
f 312/312 313/313 314/314
f 312/312 314/314 315/315
f 312/312 315/315 316/316
f 312/312 316/316 317/317
f 312/312 317/317 318/318
f 312/312 318/318 319/319
f 312/312 319/319 320/320
f 321/321 322/322 331/331
f 321/321 331/331 330/330
f 322/322 323/323 332/332
f 322/322 332/332 331/331
f 323/323 324/324 333/333
f 323/323 333/333 332/332
f 324/324 325/325 334/334
f 324/324 334/334 333/333
f 325/325 326/326 335/335
f 325/325 335/335 334/334
f 326/326 327/327 336/336
f 326/326 336/336 335/335
f 327/327 328/328 337/337
f 327/327 337/337 336/336
f 328/328 329/329 338/338
f 328/328 338/338 337/337
f 329/329 321/321 330/330
f 329/329 330/330 338/338
f 329/329 328/328 327/327
f 329/329 327/327 326/326
f 329/329 326/326 325/325
f 329/329 325/325 324/324
f 329/329 324/324 323/323
f 329/329 323/323 322/322
f 329/329 322/322 321/321
f 330/330 331/331 332/332
f 330/330 332/332 333/333
f 330/330 333/333 334/334
f 330/330 334/334 335/335
f 330/330 335/335 336/336
f 330/330 336/336 337/337
f 330/330 337/337 338/338
f 339/339 340/340 349/349
f 339/339 349/349 348/348
f 340/340 341/341 350/350
f 340/340 350/350 349/349
f 341/341 342/342 351/351
f 341/341 351/351 350/350
f 342/342 343/343 352/352
f 342/342 352/352 351/351
f 343/343 344/344 353/353
f 343/343 353/353 352/352
f 344/344 345/345 354/354
f 344/344 354/354 353/353
f 345/345 346/346 355/355
f 345/345 355/355 354/354
f 346/346 347/347 356/356
f 346/346 356/356 355/355
f 347/347 339/339 348/348
f 347/347 348/348 356/356
f 347/347 346/346 345/345
f 347/347 345/345 344/344
f 347/347 344/344 343/343
f 347/347 343/343 342/342
f 347/347 342/342 341/341
f 347/347 341/341 340/340
f 347/347 340/340 339/339
f 348/348 349/349 350/350
f 348/348 350/350 351/351
f 348/348 351/351 352/352
f 348/348 352/352 353/353
f 348/348 353/353 354/354
f 348/348 354/354 355/355
f 348/348 355/355 356/356
f 357/357 358/358 367/367
f 357/357 367/367 366/366
f 358/358 359/359 368/368
f 358/358 368/368 367/367
f 359/359 360/360 369/369
f 359/359 369/369 368/368
f 360/360 361/361 370/370
f 360/360 370/370 369/369
f 361/361 362/362 371/371
f 361/361 371/371 370/370
f 362/362 363/363 372/372
f 362/362 372/372 371/371
f 363/363 364/364 373/373
f 363/363 373/373 372/372
f 364/364 365/365 374/374
f 364/364 374/374 373/373
f 365/365 357/357 366/366
f 365/365 366/366 374/374
f 365/365 364/364 363/363
f 365/365 363/363 362/362
f 365/365 362/362 361/361
f 365/365 361/361 360/360
f 365/365 360/360 359/359
f 365/365 359/359 358/358
f 365/365 358/358 357/357
f 366/366 367/367 368/368
f 366/366 368/368 369/369
f 366/366 369/369 370/370
f 366/366 370/370 371/371
f 366/366 371/371 372/372
f 366/366 372/372 373/373
f 366/366 373/373 374/374
f 375/375 376/376 385/385
f 375/375 385/385 384/384
f 376/376 377/377 386/386
f 376/376 386/386 385/385
f 377/377 378/378 387/387
f 377/377 387/387 386/386
f 378/378 379/379 388/388
f 378/378 388/388 387/387
f 379/379 380/380 389/389
f 379/379 389/389 388/388
f 380/380 381/381 390/390
f 380/380 390/390 389/389
f 381/381 382/382 391/391
f 381/381 391/391 390/390
f 382/382 383/383 392/392
f 382/382 392/392 391/391
f 383/383 375/375 384/384
f 383/383 384/384 392/392
f 383/383 382/382 381/381
f 383/383 381/381 380/380
f 383/383 380/380 379/379
f 383/383 379/379 378/378
f 383/383 378/378 377/377
f 383/383 377/377 376/376
f 383/383 376/376 375/375
f 384/384 385/385 386/386
f 384/384 386/386 387/387
f 384/384 387/387 388/388
f 384/384 388/388 389/389
f 384/384 389/389 390/390
f 384/384 390/390 391/391
f 384/384 391/391 392/392
f 393/393 394/394 403/403
f 393/393 403/403 402/402
f 394/394 395/395 404/404
f 394/394 404/404 403/403
f 395/395 396/396 405/405
f 395/395 405/405 404/404
f 396/396 397/397 406/406
f 396/396 406/406 405/405
f 397/397 398/398 407/407
f 397/397 407/407 406/406
f 398/398 399/399 408/408
f 398/398 408/408 407/407
f 399/399 400/400 409/409
f 399/399 409/409 408/408
f 400/400 401/401 410/410
f 400/400 410/410 409/409
f 401/401 393/393 402/402
f 401/401 402/402 410/410
f 401/401 400/400 399/399
f 401/401 399/399 398/398
f 401/401 398/398 397/397
f 401/401 397/397 396/396
f 401/401 396/396 395/395
f 401/401 395/395 394/394
f 401/401 394/394 393/393
f 402/402 403/403 404/404
f 402/402 404/404 405/405
f 402/402 405/405 406/406
f 402/402 406/406 407/407
f 402/402 407/407 408/408
f 402/402 408/408 409/409
f 402/402 409/409 410/410
f 411/411 412/412 421/421
f 411/411 421/421 420/420
f 412/412 413/413 422/422
f 412/412 422/422 421/421
f 413/413 414/414 423/423
f 413/413 423/423 422/422
f 414/414 415/415 424/424
f 414/414 424/424 423/423
f 415/415 416/416 425/425
f 415/415 425/425 424/424
f 416/416 417/417 426/426
f 416/416 426/426 425/425
f 417/417 418/418 427/427
f 417/417 427/427 426/426
f 418/418 419/419 428/428
f 418/418 428/428 427/427
f 419/419 411/411 420/420
f 419/419 420/420 428/428
f 419/419 418/418 417/417
f 419/419 417/417 416/416
f 419/419 416/416 415/415
f 419/419 415/415 414/414
f 419/419 414/414 413/413
f 419/419 413/413 412/412
f 419/419 412/412 411/411
f 420/420 421/421 422/422
f 420/420 422/422 423/423
f 420/420 423/423 424/424
f 420/420 424/424 425/425
f 420/420 425/425 426/426
f 420/420 426/426 427/427
f 420/420 427/427 428/428
f 429/429 430/430 439/439
f 429/429 439/439 438/438
f 430/430 431/431 440/440
f 430/430 440/440 439/439
f 431/431 432/432 441/441
f 431/431 441/441 440/440
f 432/432 433/433 442/442
f 432/432 442/442 441/441
f 433/433 434/434 443/443
f 433/433 443/443 442/442
f 434/434 435/435 444/444
f 434/434 444/444 443/443
f 435/435 436/436 445/445
f 435/435 445/445 444/444
f 436/436 437/437 446/446
f 436/436 446/446 445/445
f 437/437 429/429 438/438
f 437/437 438/438 446/446
f 437/437 436/436 435/435
f 437/437 435/435 434/434
f 437/437 434/434 433/433
f 437/437 433/433 432/432
f 437/437 432/432 431/431
f 437/437 431/431 430/430
f 437/437 430/430 429/429
f 438/438 439/439 440/440
f 438/438 440/440 441/441
f 438/438 441/441 442/442
f 438/438 442/442 443/443
f 438/438 443/443 444/444
f 438/438 444/444 445/445
f 438/438 445/445 446/446
f 447/447 448/448 457/457
f 447/447 457/457 456/456
f 448/448 449/449 458/458
f 448/448 458/458 457/457
f 449/449 450/450 459/459
f 449/449 459/459 458/458
f 450/450 451/451 460/460
f 450/450 460/460 459/459
f 451/451 452/452 461/461
f 451/451 461/461 460/460
f 452/452 453/453 462/462
f 452/452 462/462 461/461
f 453/453 454/454 463/463
f 453/453 463/463 462/462
f 454/454 455/455 464/464
f 454/454 464/464 463/463
f 455/455 447/447 456/456
f 455/455 456/456 464/464
f 455/455 454/454 453/453
f 455/455 453/453 452/452
f 455/455 452/452 451/451
f 455/455 451/451 450/450
f 455/455 450/450 449/449
f 455/455 449/449 448/448
f 455/455 448/448 447/447
f 456/456 457/457 458/458
f 456/456 458/458 459/459
f 456/456 459/459 460/460
f 456/456 460/460 461/461
f 456/456 461/461 462/462
f 456/456 462/462 463/463
f 456/456 463/463 464/464
f 465/465 466/466 475/475
f 465/465 475/475 474/474
f 466/466 467/467 476/476
f 466/466 476/476 475/475
f 467/467 468/468 477/477
f 467/467 477/477 476/476
f 468/468 469/469 478/478
f 468/468 478/478 477/477
f 469/469 470/470 479/479
f 469/469 479/479 478/478
f 470/470 471/471 480/480
f 470/470 480/480 479/479
f 471/471 472/472 481/481
f 471/471 481/481 480/480
f 472/472 473/473 482/482
f 472/472 482/482 481/481
f 473/473 465/465 474/474
f 473/473 474/474 482/482
f 473/473 472/472 471/471
f 473/473 471/471 470/470
f 473/473 470/470 469/469
f 473/473 469/469 468/468
f 473/473 468/468 467/467
f 473/473 467/467 466/466
f 473/473 466/466 465/465
f 474/474 475/475 476/476
f 474/474 476/476 477/477
f 474/474 477/477 478/478
f 474/474 478/478 479/479
f 474/474 479/479 480/480
f 474/474 480/480 481/481
f 474/474 481/481 482/482
f 483/483 484/484 493/493
f 483/483 493/493 492/492
f 484/484 485/485 494/494
f 484/484 494/494 493/493
f 485/485 486/486 495/495
f 485/485 495/495 494/494
f 486/486 487/487 496/496
f 486/486 496/496 495/495
f 487/487 488/488 497/497
f 487/487 497/497 496/496
f 488/488 489/489 498/498
f 488/488 498/498 497/497
f 489/489 490/490 499/499
f 489/489 499/499 498/498
f 490/490 491/491 500/500
f 490/490 500/500 499/499
f 491/491 483/483 492/492
f 491/491 492/492 500/500
f 491/491 490/490 489/489
f 491/491 489/489 488/488
f 491/491 488/488 487/487
f 491/491 487/487 486/486
f 491/491 486/486 485/485
f 491/491 485/485 484/484
f 491/491 484/484 483/483
f 492/492 493/493 494/494
f 492/492 494/494 495/495
f 492/492 495/495 496/496
f 492/492 496/496 497/497
f 492/492 497/497 498/498
f 492/492 498/498 499/499
f 492/492 499/499 500/500
f 501/501 502/502 511/511
f 501/501 511/511 510/510
f 502/502 503/503 512/512
f 502/502 512/512 511/511
f 503/503 504/504 513/513
f 503/503 513/513 512/512
f 504/504 505/505 514/514
f 504/504 514/514 513/513
f 505/505 506/506 515/515
f 505/505 515/515 514/514
f 506/506 507/507 516/516
f 506/506 516/516 515/515
f 507/507 508/508 517/517
f 507/507 517/517 516/516
f 508/508 509/509 518/518
f 508/508 518/518 517/517
f 509/509 501/501 510/510
f 509/509 510/510 518/518
f 509/509 508/508 507/507
f 509/509 507/507 506/506
f 509/509 506/506 505/505
f 509/509 505/505 504/504
f 509/509 504/504 503/503
f 509/509 503/503 502/502
f 509/509 502/502 501/501
f 510/510 511/511 512/512
f 510/510 512/512 513/513
f 510/510 513/513 514/514
f 510/510 514/514 515/515
f 510/510 515/515 516/516
f 510/510 516/516 517/517
f 510/510 517/517 518/518
f 519/519 520/520 528/528
f 519/519 528/528 527/527
f 520/520 521/521 529/529
f 520/520 529/529 528/528
f 521/521 522/522 530/530
f 521/521 530/530 529/529
f 522/522 523/523 531/531
f 522/522 531/531 530/530
f 523/523 524/524 532/532
f 523/523 532/532 531/531
f 524/524 525/525 533/533
f 524/524 533/533 532/532
f 525/525 526/526 534/534
f 525/525 534/534 533/533
f 526/526 519/519 527/527
f 526/526 527/527 534/534
f 526/526 525/525 524/524
f 526/526 524/524 523/523
f 526/526 523/523 522/522
f 526/526 522/522 521/521
f 526/526 521/521 520/520
f 526/526 520/520 519/519
f 527/527 528/528 529/529
f 527/527 529/529 530/530
f 527/527 530/530 531/531
f 527/527 531/531 532/532
f 527/527 532/532 533/533
f 527/527 533/533 534/534
f 535/535 536/536 544/544
f 535/535 544/544 543/543
f 536/536 537/537 545/545
f 536/536 545/545 544/544
f 537/537 538/538 546/546
f 537/537 546/546 545/545
f 538/538 539/539 547/547
f 538/538 547/547 546/546
f 539/539 540/540 548/548
f 539/539 548/548 547/547
f 540/540 541/541 549/549
f 540/540 549/549 548/548
f 541/541 542/542 550/550
f 541/541 550/550 549/549
f 542/542 535/535 543/543
f 542/542 543/543 550/550
f 542/542 541/541 540/540
f 542/542 540/540 539/539
f 542/542 539/539 538/538
f 542/542 538/538 537/537
f 542/542 537/537 536/536
f 542/542 536/536 535/535
f 543/543 544/544 545/545
f 543/543 545/545 546/546
f 543/543 546/546 547/547
f 543/543 547/547 548/548
f 543/543 548/548 549/549
f 543/543 549/549 550/550
f 551/551 552/552 559/559
f 551/551 559/559 558/558
f 552/552 553/553 560/560
f 552/552 560/560 559/559
f 553/553 554/554 561/561
f 553/553 561/561 560/560
f 554/554 555/555 562/562
f 554/554 562/562 561/561
f 555/555 556/556 563/563
f 555/555 563/563 562/562
f 556/556 557/557 564/564
f 556/556 564/564 563/563
f 557/557 551/551 558/558
f 557/557 558/558 564/564
f 557/557 556/556 555/555
f 557/557 555/555 554/554
f 557/557 554/554 553/553
f 557/557 553/553 552/552
f 557/557 552/552 551/551
f 558/558 559/559 560/560
f 558/558 560/560 561/561
f 558/558 561/561 562/562
f 558/558 562/562 563/563
f 558/558 563/563 564/564
f 565/565 566/566 573/573
f 565/565 573/573 572/572
f 566/566 567/567 574/574
f 566/566 574/574 573/573
f 567/567 568/568 575/575
f 567/567 575/575 574/574
f 568/568 569/569 576/576
f 568/568 576/576 575/575
f 569/569 570/570 577/577
f 569/569 577/577 576/576
f 570/570 571/571 578/578
f 570/570 578/578 577/577
f 571/571 565/565 572/572
f 571/571 572/572 578/578
f 571/571 570/570 569/569
f 571/571 569/569 568/568
f 571/571 568/568 567/567
f 571/571 567/567 566/566
f 571/571 566/566 565/565
f 572/572 573/573 574/574
f 572/572 574/574 575/575
f 572/572 575/575 576/576
f 572/572 576/576 577/577
f 572/572 577/577 578/578
f 579/579 580/580 587/587
f 579/579 587/587 586/586
f 580/580 581/581 588/588
f 580/580 588/588 587/587
f 581/581 582/582 589/589
f 581/581 589/589 588/588
f 582/582 583/583 590/590
f 582/582 590/590 589/589
f 583/583 584/584 591/591
f 583/583 591/591 590/590
f 584/584 585/585 592/592
f 584/584 592/592 591/591
f 585/585 579/579 586/586
f 585/585 586/586 592/592
f 585/585 584/584 583/583
f 585/585 583/583 582/582
f 585/585 582/582 581/581
f 585/585 581/581 580/580
f 585/585 580/580 579/579
f 586/586 587/587 588/588
f 586/586 588/588 589/589
f 586/586 589/589 590/590
f 586/586 590/590 591/591
f 586/586 591/591 592/592
f 593/593 594/594 601/601
f 593/593 601/601 600/600
f 594/594 595/595 602/602
f 594/594 602/602 601/601
f 595/595 596/596 603/603
f 595/595 603/603 602/602
f 596/596 597/597 604/604
f 596/596 604/604 603/603
f 597/597 598/598 605/605
f 597/597 605/605 604/604
f 598/598 599/599 606/606
f 598/598 606/606 605/605
f 599/599 593/593 600/600
f 599/599 600/600 606/606
f 599/599 598/598 597/597
f 599/599 597/597 596/596
f 599/599 596/596 595/595
f 599/599 595/595 594/594
f 599/599 594/594 593/593
f 600/600 601/601 602/602
f 600/600 602/602 603/603
f 600/600 603/603 604/604
f 600/600 604/604 605/605
f 600/600 605/605 606/606
f 607/607 608/608 615/615
f 607/607 615/615 614/614
f 608/608 609/609 616/616
f 608/608 616/616 615/615
f 609/609 610/610 617/617
f 609/609 617/617 616/616
f 610/610 611/611 618/618
f 610/610 618/618 617/617
f 611/611 612/612 619/619
f 611/611 619/619 618/618
f 612/612 613/613 620/620
f 612/612 620/620 619/619
f 613/613 607/607 614/614
f 613/613 614/614 620/620
f 613/613 612/612 611/611
f 613/613 611/611 610/610
f 613/613 610/610 609/609
f 613/613 609/609 608/608
f 613/613 608/608 607/607
f 614/614 615/615 616/616
f 614/614 616/616 617/617
f 614/614 617/617 618/618
f 614/614 618/618 619/619
f 614/614 619/619 620/620
f 621/621 622/622 629/629
f 621/621 629/629 628/628
f 622/622 623/623 630/630
f 622/622 630/630 629/629
f 623/623 624/624 631/631
f 623/623 631/631 630/630
f 624/624 625/625 632/632
f 624/624 632/632 631/631
f 625/625 626/626 633/633
f 625/625 633/633 632/632
f 626/626 627/627 634/634
f 626/626 634/634 633/633
f 627/627 621/621 628/628
f 627/627 628/628 634/634
f 627/627 626/626 625/625
f 627/627 625/625 624/624
f 627/627 624/624 623/623
f 627/627 623/623 622/622
f 627/627 622/622 621/621
f 628/628 629/629 630/630
f 628/628 630/630 631/631
f 628/628 631/631 632/632
f 628/628 632/632 633/633
f 628/628 633/633 634/634
f 635/635 636/636 643/643
f 635/635 643/643 642/642
f 636/636 637/637 644/644
f 636/636 644/644 643/643
f 637/637 638/638 645/645
f 637/637 645/645 644/644
f 638/638 639/639 646/646
f 638/638 646/646 645/645
f 639/639 640/640 647/647
f 639/639 647/647 646/646
f 640/640 641/641 648/648
f 640/640 648/648 647/647
f 641/641 635/635 642/642
f 641/641 642/642 648/648
f 641/641 640/640 639/639
f 641/641 639/639 638/638
f 641/641 638/638 637/637
f 641/641 637/637 636/636
f 641/641 636/636 635/635
f 642/642 643/643 644/644
f 642/642 644/644 645/645
f 642/642 645/645 646/646
f 642/642 646/646 647/647
f 642/642 647/647 648/648
f 649/649 650/650 657/657
f 649/649 657/657 656/656
f 650/650 651/651 658/658
f 650/650 658/658 657/657
f 651/651 652/652 659/659
f 651/651 659/659 658/658
f 652/652 653/653 660/660
f 652/652 660/660 659/659
f 653/653 654/654 661/661
f 653/653 661/661 660/660
f 654/654 655/655 662/662
f 654/654 662/662 661/661
f 655/655 649/649 656/656
f 655/655 656/656 662/662
f 655/655 654/654 653/653
f 655/655 653/653 652/652
f 655/655 652/652 651/651
f 655/655 651/651 650/650
f 655/655 650/650 649/649
f 656/656 657/657 658/658
f 656/656 658/658 659/659
f 656/656 659/659 660/660
f 656/656 660/660 661/661
f 656/656 661/661 662/662
f 663/663 664/664 671/671
f 663/663 671/671 670/670
f 664/664 665/665 672/672
f 664/664 672/672 671/671
f 665/665 666/666 673/673
f 665/665 673/673 672/672
f 666/666 667/667 674/674
f 666/666 674/674 673/673
f 667/667 668/668 675/675
f 667/667 675/675 674/674
f 668/668 669/669 676/676
f 668/668 676/676 675/675
f 669/669 663/663 670/670
f 669/669 670/670 676/676
f 669/669 668/668 667/667
f 669/669 667/667 666/666
f 669/669 666/666 665/665
f 669/669 665/665 664/664
f 669/669 664/664 663/663
f 670/670 671/671 672/672
f 670/670 672/672 673/673
f 670/670 673/673 674/674
f 670/670 674/674 675/675
f 670/670 675/675 676/676
f 677/677 678/678 687/687
f 677/677 687/687 686/686
f 678/678 679/679 688/688
f 678/678 688/688 687/687
f 679/679 680/680 689/689
f 679/679 689/689 688/688
f 680/680 681/681 690/690
f 680/680 690/690 689/689
f 681/681 682/682 691/691
f 681/681 691/691 690/690
f 682/682 683/683 692/692
f 682/682 692/692 691/691
f 683/683 684/684 693/693
f 683/683 693/693 692/692
f 684/684 685/685 694/694
f 684/684 694/694 693/693
f 685/685 677/677 686/686
f 685/685 686/686 694/694
f 685/685 684/684 683/683
f 685/685 683/683 682/682
f 685/685 682/682 681/681
f 685/685 681/681 680/680
f 685/685 680/680 679/679
f 685/685 679/679 678/678
f 685/685 678/678 677/677
f 686/686 687/687 688/688
f 686/686 688/688 689/689
f 686/686 689/689 690/690
f 686/686 690/690 691/691
f 686/686 691/691 692/692
f 686/686 692/692 693/693
f 686/686 693/693 694/694
f 695/695 696/696 705/705
f 695/695 705/705 704/704
f 696/696 697/697 706/706
f 696/696 706/706 705/705
f 697/697 698/698 707/707
f 697/697 707/707 706/706
f 698/698 699/699 708/708
f 698/698 708/708 707/707
f 699/699 700/700 709/709
f 699/699 709/709 708/708
f 700/700 701/701 710/710
f 700/700 710/710 709/709
f 701/701 702/702 711/711
f 701/701 711/711 710/710
f 702/702 703/703 712/712
f 702/702 712/712 711/711
f 703/703 695/695 704/704
f 703/703 704/704 712/712
f 703/703 702/702 701/701
f 703/703 701/701 700/700
f 703/703 700/700 699/699
f 703/703 699/699 698/698
f 703/703 698/698 697/697
f 703/703 697/697 696/696
f 703/703 696/696 695/695
f 704/704 705/705 706/706
f 704/704 706/706 707/707
f 704/704 707/707 708/708
f 704/704 708/708 709/709
f 704/704 709/709 710/710
f 704/704 710/710 711/711
f 704/704 711/711 712/712
f 713/713 714/714 723/723
f 713/713 723/723 722/722
f 714/714 715/715 724/724
f 714/714 724/724 723/723
f 715/715 716/716 725/725
f 715/715 725/725 724/724
f 716/716 717/717 726/726
f 716/716 726/726 725/725
f 717/717 718/718 727/727
f 717/717 727/727 726/726
f 718/718 719/719 728/728
f 718/718 728/728 727/727
f 719/719 720/720 729/729
f 719/719 729/729 728/728
f 720/720 721/721 730/730
f 720/720 730/730 729/729
f 721/721 713/713 722/722
f 721/721 722/722 730/730
f 721/721 720/720 719/719
f 721/721 719/719 718/718
f 721/721 718/718 717/717
f 721/721 717/717 716/716
f 721/721 716/716 715/715
f 721/721 715/715 714/714
f 721/721 714/714 713/713
f 722/722 723/723 724/724
f 722/722 724/724 725/725
f 722/722 725/725 726/726
f 722/722 726/726 727/727
f 722/722 727/727 728/728
f 722/722 728/728 729/729
f 722/722 729/729 730/730
f 731/731 732/732 741/741
f 731/731 741/741 740/740
f 732/732 733/733 742/742
f 732/732 742/742 741/741
f 733/733 734/734 743/743
f 733/733 743/743 742/742
f 734/734 735/735 744/744
f 734/734 744/744 743/743
f 735/735 736/736 745/745
f 735/735 745/745 744/744
f 736/736 737/737 746/746
f 736/736 746/746 745/745
f 737/737 738/738 747/747
f 737/737 747/747 746/746
f 738/738 739/739 748/748
f 738/738 748/748 747/747
f 739/739 731/731 740/740
f 739/739 740/740 748/748
f 739/739 738/738 737/737
f 739/739 737/737 736/736
f 739/739 736/736 735/735
f 739/739 735/735 734/734
f 739/739 734/734 733/733
f 739/739 733/733 732/732
f 739/739 732/732 731/731
f 740/740 741/741 742/742
f 740/740 742/742 743/743
f 740/740 743/743 744/744
f 740/740 744/744 745/745
f 740/740 745/745 746/746
f 740/740 746/746 747/747
f 740/740 747/747 748/748
f 749/749 750/750 759/759
f 749/749 759/759 758/758
f 750/750 751/751 760/760
f 750/750 760/760 759/759
f 751/751 752/752 761/761
f 751/751 761/761 760/760
f 752/752 753/753 762/762
f 752/752 762/762 761/761
f 753/753 754/754 763/763
f 753/753 763/763 762/762
f 754/754 755/755 764/764
f 754/754 764/764 763/763
f 755/755 756/756 765/765
f 755/755 765/765 764/764
f 756/756 757/757 766/766
f 756/756 766/766 765/765
f 757/757 749/749 758/758
f 757/757 758/758 766/766
f 757/757 756/756 755/755
f 757/757 755/755 754/754
f 757/757 754/754 753/753
f 757/757 753/753 752/752
f 757/757 752/752 751/751
f 757/757 751/751 750/750
f 757/757 750/750 749/749
f 758/758 759/759 760/760
f 758/758 760/760 761/761
f 758/758 761/761 762/762
f 758/758 762/762 763/763
f 758/758 763/763 764/764
f 758/758 764/764 765/765
f 758/758 765/765 766/766
f 767/767 768/768 777/777
f 767/767 777/777 776/776
f 768/768 769/769 778/778
f 768/768 778/778 777/777
f 769/769 770/770 779/779
f 769/769 779/779 778/778
f 770/770 771/771 780/780
f 770/770 780/780 779/779
f 771/771 772/772 781/781
f 771/771 781/781 780/780
f 772/772 773/773 782/782
f 772/772 782/782 781/781
f 773/773 774/774 783/783
f 773/773 783/783 782/782
f 774/774 775/775 784/784
f 774/774 784/784 783/783
f 775/775 767/767 776/776
f 775/775 776/776 784/784
f 775/775 774/774 773/773
f 775/775 773/773 772/772
f 775/775 772/772 771/771
f 775/775 771/771 770/770
f 775/775 770/770 769/769
f 775/775 769/769 768/768
f 775/775 768/768 767/767
f 776/776 777/777 778/778
f 776/776 778/778 779/779
f 776/776 779/779 780/780
f 776/776 780/780 781/781
f 776/776 781/781 782/782
f 776/776 782/782 783/783
f 776/776 783/783 784/784
f 785/785 786/786 795/795
f 785/785 795/795 794/794
f 786/786 787/787 796/796
f 786/786 796/796 795/795
f 787/787 788/788 797/797
f 787/787 797/797 796/796
f 788/788 789/789 798/798
f 788/788 798/798 797/797
f 789/789 790/790 799/799
f 789/789 799/799 798/798
f 790/790 791/791 800/800
f 790/790 800/800 799/799
f 791/791 792/792 801/801
f 791/791 801/801 800/800
f 792/792 793/793 802/802
f 792/792 802/802 801/801
f 793/793 785/785 794/794
f 793/793 794/794 802/802
f 793/793 792/792 791/791
f 793/793 791/791 790/790
f 793/793 790/790 789/789
f 793/793 789/789 788/788
f 793/793 788/788 787/787
f 793/793 787/787 786/786
f 793/793 786/786 785/785
f 794/794 795/795 796/796
f 794/794 796/796 797/797
f 794/794 797/797 798/798
f 794/794 798/798 799/799
f 794/794 799/799 800/800
f 794/794 800/800 801/801
f 794/794 801/801 802/802
f 803/803 804/804 813/813
f 803/803 813/813 812/812
f 804/804 805/805 814/814
f 804/804 814/814 813/813
f 805/805 806/806 815/815
f 805/805 815/815 814/814
f 806/806 807/807 816/816
f 806/806 816/816 815/815
f 807/807 808/808 817/817
f 807/807 817/817 816/816
f 808/808 809/809 818/818
f 808/808 818/818 817/817
f 809/809 810/810 819/819
f 809/809 819/819 818/818
f 810/810 811/811 820/820
f 810/810 820/820 819/819
f 811/811 803/803 812/812
f 811/811 812/812 820/820
f 811/811 810/810 809/809
f 811/811 809/809 808/808
f 811/811 808/808 807/807
f 811/811 807/807 806/806
f 811/811 806/806 805/805
f 811/811 805/805 804/804
f 811/811 804/804 803/803
f 812/812 813/813 814/814
f 812/812 814/814 815/815
f 812/812 815/815 816/816
f 812/812 816/816 817/817
f 812/812 817/817 818/818
f 812/812 818/818 819/819
f 812/812 819/819 820/820
f 821/821 822/822 831/831
f 821/821 831/831 830/830
f 822/822 823/823 832/832
f 822/822 832/832 831/831
f 823/823 824/824 833/833
f 823/823 833/833 832/832
f 824/824 825/825 834/834
f 824/824 834/834 833/833
f 825/825 826/826 835/835
f 825/825 835/835 834/834
f 826/826 827/827 836/836
f 826/826 836/836 835/835
f 827/827 828/828 837/837
f 827/827 837/837 836/836
f 828/828 829/829 838/838
f 828/828 838/838 837/837
f 829/829 821/821 830/830
f 829/829 830/830 838/838
f 829/829 828/828 827/827
f 829/829 827/827 826/826
f 829/829 826/826 825/825
f 829/829 825/825 824/824
f 829/829 824/824 823/823
f 829/829 823/823 822/822
f 829/829 822/822 821/821
f 830/830 831/831 832/832
f 830/830 832/832 833/833
f 830/830 833/833 834/834
f 830/830 834/834 835/835
f 830/830 835/835 836/836
f 830/830 836/836 837/837
f 830/830 837/837 838/838
f 839/839 840/840 849/849
f 839/839 849/849 848/848
f 840/840 841/841 850/850
f 840/840 850/850 849/849
f 841/841 842/842 851/851
f 841/841 851/851 850/850
f 842/842 843/843 852/852
f 842/842 852/852 851/851
f 843/843 844/844 853/853
f 843/843 853/853 852/852
f 844/844 845/845 854/854
f 844/844 854/854 853/853
f 845/845 846/846 855/855
f 845/845 855/855 854/854
f 846/846 847/847 856/856
f 846/846 856/856 855/855
f 847/847 839/839 848/848
f 847/847 848/848 856/856
f 847/847 846/846 845/845
f 847/847 845/845 844/844
f 847/847 844/844 843/843
f 847/847 843/843 842/842
f 847/847 842/842 841/841
f 847/847 841/841 840/840
f 847/847 840/840 839/839
f 848/848 849/849 850/850
f 848/848 850/850 851/851
f 848/848 851/851 852/852
f 848/848 852/852 853/853
f 848/848 853/853 854/854
f 848/848 854/854 855/855
f 848/848 855/855 856/856
f 857/857 858/858 867/867
f 857/857 867/867 866/866
f 858/858 859/859 868/868
f 858/858 868/868 867/867
f 859/859 860/860 869/869
f 859/859 869/869 868/868
f 860/860 861/861 870/870
f 860/860 870/870 869/869
f 861/861 862/862 871/871
f 861/861 871/871 870/870
f 862/862 863/863 872/872
f 862/862 872/872 871/871
f 863/863 864/864 873/873
f 863/863 873/873 872/872
f 864/864 865/865 874/874
f 864/864 874/874 873/873
f 865/865 857/857 866/866
f 865/865 866/866 874/874
f 865/865 864/864 863/863
f 865/865 863/863 862/862
f 865/865 862/862 861/861
f 865/865 861/861 860/860
f 865/865 860/860 859/859
f 865/865 859/859 858/858
f 865/865 858/858 857/857
f 866/866 867/867 868/868
f 866/866 868/868 869/869
f 866/866 869/869 870/870
f 866/866 870/870 871/871
f 866/866 871/871 872/872
f 866/866 872/872 873/873
f 866/866 873/873 874/874
f 875/875 876/876 885/885
f 875/875 885/885 884/884
f 876/876 877/877 886/886
f 876/876 886/886 885/885
f 877/877 878/878 887/887
f 877/877 887/887 886/886
f 878/878 879/879 888/888
f 878/878 888/888 887/887
f 879/879 880/880 889/889
f 879/879 889/889 888/888
f 880/880 881/881 890/890
f 880/880 890/890 889/889
f 881/881 882/882 891/891
f 881/881 891/891 890/890
f 882/882 883/883 892/892
f 882/882 892/892 891/891
f 883/883 875/875 884/884
f 883/883 884/884 892/892
f 883/883 882/882 881/881
f 883/883 881/881 880/880
f 883/883 880/880 879/879
f 883/883 879/879 878/878
f 883/883 878/878 877/877
f 883/883 877/877 876/876
f 883/883 876/876 875/875
f 884/884 885/885 886/886
f 884/884 886/886 887/887
f 884/884 887/887 888/888
f 884/884 888/888 889/889
f 884/884 889/889 890/890
f 884/884 890/890 891/891
f 884/884 891/891 892/892
f 893/893 894/894 903/903
f 893/893 903/903 902/902
f 894/894 895/895 904/904
f 894/894 904/904 903/903
f 895/895 896/896 905/905
f 895/895 905/905 904/904
f 896/896 897/897 906/906
f 896/896 906/906 905/905
f 897/897 898/898 907/907
f 897/897 907/907 906/906
f 898/898 899/899 908/908
f 898/898 908/908 907/907
f 899/899 900/900 909/909
f 899/899 909/909 908/908
f 900/900 901/901 910/910
f 900/900 910/910 909/909
f 901/901 893/893 902/902
f 901/901 902/902 910/910
f 901/901 900/900 899/899
f 901/901 899/899 898/898
f 901/901 898/898 897/897
f 901/901 897/897 896/896
f 901/901 896/896 895/895
f 901/901 895/895 894/894
f 901/901 894/894 893/893
f 902/902 903/903 904/904
f 902/902 904/904 905/905
f 902/902 905/905 906/906
f 902/902 906/906 907/907
f 902/902 907/907 908/908
f 902/902 908/908 909/909
f 902/902 909/909 910/910
f 911/911 912/912 921/921
f 911/911 921/921 920/920
f 912/912 913/913 922/922
f 912/912 922/922 921/921
f 913/913 914/914 923/923
f 913/913 923/923 922/922
f 914/914 915/915 924/924
f 914/914 924/924 923/923
f 915/915 916/916 925/925
f 915/915 925/925 924/924
f 916/916 917/917 926/926
f 916/916 926/926 925/925
f 917/917 918/918 927/927
f 917/917 927/927 926/926
f 918/918 919/919 928/928
f 918/918 928/928 927/927
f 919/919 911/911 920/920
f 919/919 920/920 928/928
f 919/919 918/918 917/917
f 919/919 917/917 916/916
f 919/919 916/916 915/915
f 919/919 915/915 914/914
f 919/919 914/914 913/913
f 919/919 913/913 912/912
f 919/919 912/912 911/911
f 920/920 921/921 922/922
f 920/920 922/922 923/923
f 920/920 923/923 924/924
f 920/920 924/924 925/925
f 920/920 925/925 926/926
f 920/920 926/926 927/927
f 920/920 927/927 928/928
f 929/929 930/930 939/939
f 929/929 939/939 938/938
f 930/930 931/931 940/940
f 930/930 940/940 939/939
f 931/931 932/932 941/941
f 931/931 941/941 940/940
f 932/932 933/933 942/942
f 932/932 942/942 941/941
f 933/933 934/934 943/943
f 933/933 943/943 942/942
f 934/934 935/935 944/944
f 934/934 944/944 943/943
f 935/935 936/936 945/945
f 935/935 945/945 944/944
f 936/936 937/937 946/946
f 936/936 946/946 945/945
f 937/937 929/929 938/938
f 937/937 938/938 946/946
f 937/937 936/936 935/935
f 937/937 935/935 934/934
f 937/937 934/934 933/933
f 937/937 933/933 932/932
f 937/937 932/932 931/931
f 937/937 931/931 930/930
f 937/937 930/930 929/929
f 938/938 939/939 940/940
f 938/938 940/940 941/941
f 938/938 941/941 942/942
f 938/938 942/942 943/943
f 938/938 943/943 944/944
f 938/938 944/944 945/945
f 938/938 945/945 946/946
f 947/947 948/948 956/956
f 947/947 956/956 955/955
f 948/948 949/949 957/957
f 948/948 957/957 956/956
f 949/949 950/950 958/958
f 949/949 958/958 957/957
f 950/950 951/951 959/959
f 950/950 959/959 958/958
f 951/951 952/952 960/960
f 951/951 960/960 959/959
f 952/952 953/953 961/961
f 952/952 961/961 960/960
f 953/953 954/954 962/962
f 953/953 962/962 961/961
f 954/954 947/947 955/955
f 954/954 955/955 962/962
f 954/954 953/953 952/952
f 954/954 952/952 951/951
f 954/954 951/951 950/950
f 954/954 950/950 949/949
f 954/954 949/949 948/948
f 954/954 948/948 947/947
f 955/955 956/956 957/957
f 955/955 957/957 958/958
f 955/955 958/958 959/959
f 955/955 959/959 960/960
f 955/955 960/960 961/961
f 955/955 961/961 962/962
f 963/963 964/964 972/972
f 963/963 972/972 971/971
f 964/964 965/965 973/973
f 964/964 973/973 972/972
f 965/965 966/966 974/974
f 965/965 974/974 973/973
f 966/966 967/967 975/975
f 966/966 975/975 974/974
f 967/967 968/968 976/976
f 967/967 976/976 975/975
f 968/968 969/969 977/977
f 968/968 977/977 976/976
f 969/969 970/970 978/978
f 969/969 978/978 977/977
f 970/970 963/963 971/971
f 970/970 971/971 978/978
f 970/970 969/969 968/968
f 970/970 968/968 967/967
f 970/970 967/967 966/966
f 970/970 966/966 965/965
f 970/970 965/965 964/964
f 970/970 964/964 963/963
f 971/971 972/972 973/973
f 971/971 973/973 974/974
f 971/971 974/974 975/975
f 971/971 975/975 976/976
f 971/971 976/976 977/977
f 971/971 977/977 978/978
f 979/979 980/980 987/987
f 979/979 987/987 986/986
f 980/980 981/981 988/988
f 980/980 988/988 987/987
f 981/981 982/982 989/989
f 981/981 989/989 988/988
f 982/982 983/983 990/990
f 982/982 990/990 989/989
f 983/983 984/984 991/991
f 983/983 991/991 990/990
f 984/984 985/985 992/992
f 984/984 992/992 991/991
f 985/985 979/979 986/986
f 985/985 986/986 992/992
f 985/985 984/984 983/983
f 985/985 983/983 982/982
f 985/985 982/982 981/981
f 985/985 981/981 980/980
f 985/985 980/980 979/979
f 986/986 987/987 988/988
f 986/986 988/988 989/989
f 986/986 989/989 990/990
f 986/986 990/990 991/991
f 986/986 991/991 992/992
f 993/993 994/994 1001/1001
f 993/993 1001/1001 1000/1000
f 994/994 995/995 1002/1002
f 994/994 1002/1002 1001/1001
f 995/995 996/996 1003/1003
f 995/995 1003/1003 1002/1002
f 996/996 997/997 1004/1004
f 996/996 1004/1004 1003/1003
f 997/997 998/998 1005/1005
f 997/997 1005/1005 1004/1004
f 998/998 999/999 1006/1006
f 998/998 1006/1006 1005/1005
f 999/999 993/993 1000/1000
f 999/999 1000/1000 1006/1006
f 999/999 998/998 997/997
f 999/999 997/997 996/996
f 999/999 996/996 995/995
f 999/999 995/995 994/994
f 999/999 994/994 993/993
f 1000/1000 1001/1001 1002/1002
f 1000/1000 1002/1002 1003/1003
f 1000/1000 1003/1003 1004/1004
f 1000/1000 1004/1004 1005/1005
f 1000/1000 1005/1005 1006/1006
f 1007/1007 1008/1008 1015/1015
f 1007/1007 1015/1015 1014/1014
f 1008/1008 1009/1009 1016/1016
f 1008/1008 1016/1016 1015/1015
f 1009/1009 1010/1010 1017/1017
f 1009/1009 1017/1017 1016/1016
f 1010/1010 1011/1011 1018/1018
f 1010/1010 1018/1018 1017/1017
f 1011/1011 1012/1012 1019/1019
f 1011/1011 1019/1019 1018/1018
f 1012/1012 1013/1013 1020/1020
f 1012/1012 1020/1020 1019/1019
f 1013/1013 1007/1007 1014/1014
f 1013/1013 1014/1014 1020/1020
f 1013/1013 1012/1012 1011/1011
f 1013/1013 1011/1011 1010/1010
f 1013/1013 1010/1010 1009/1009
f 1013/1013 1009/1009 1008/1008
f 1013/1013 1008/1008 1007/1007
f 1014/1014 1015/1015 1016/1016
f 1014/1014 1016/1016 1017/1017
f 1014/1014 1017/1017 1018/1018
f 1014/1014 1018/1018 1019/1019
f 1014/1014 1019/1019 1020/1020
f 1021/1021 1022/1022 1029/1029
f 1021/1021 1029/1029 1028/1028
f 1022/1022 1023/1023 1030/1030
f 1022/1022 1030/1030 1029/1029
f 1023/1023 1024/1024 1031/1031
f 1023/1023 1031/1031 1030/1030
f 1024/1024 1025/1025 1032/1032
f 1024/1024 1032/1032 1031/1031
f 1025/1025 1026/1026 1033/1033
f 1025/1025 1033/1033 1032/1032
f 1026/1026 1027/1027 1034/1034
f 1026/1026 1034/1034 1033/1033
f 1027/1027 1021/1021 1028/1028
f 1027/1027 1028/1028 1034/1034
f 1027/1027 1026/1026 1025/1025
f 1027/1027 1025/1025 1024/1024
f 1027/1027 1024/1024 1023/1023
f 1027/1027 1023/1023 1022/1022
f 1027/1027 1022/1022 1021/1021
f 1028/1028 1029/1029 1030/1030
f 1028/1028 1030/1030 1031/1031
f 1028/1028 1031/1031 1032/1032
f 1028/1028 1032/1032 1033/1033
f 1028/1028 1033/1033 1034/1034
f 1035/1035 1036/1036 1043/1043
f 1035/1035 1043/1043 1042/1042
f 1036/1036 1037/1037 1044/1044
f 1036/1036 1044/1044 1043/1043
f 1037/1037 1038/1038 1045/1045
f 1037/1037 1045/1045 1044/1044
f 1038/1038 1039/1039 1046/1046
f 1038/1038 1046/1046 1045/1045
f 1039/1039 1040/1040 1047/1047
f 1039/1039 1047/1047 1046/1046
f 1040/1040 1041/1041 1048/1048
f 1040/1040 1048/1048 1047/1047
f 1041/1041 1035/1035 1042/1042
f 1041/1041 1042/1042 1048/1048
f 1041/1041 1040/1040 1039/1039
f 1041/1041 1039/1039 1038/1038
f 1041/1041 1038/1038 1037/1037
f 1041/1041 1037/1037 1036/1036
f 1041/1041 1036/1036 1035/1035
f 1042/1042 1043/1043 1044/1044
f 1042/1042 1044/1044 1045/1045
f 1042/1042 1045/1045 1046/1046
f 1042/1042 1046/1046 1047/1047
f 1042/1042 1047/1047 1048/1048
f 1049/1049 1050/1050 1057/1057
f 1049/1049 1057/1057 1056/1056
f 1050/1050 1051/1051 1058/1058
f 1050/1050 1058/1058 1057/1057
f 1051/1051 1052/1052 1059/1059
f 1051/1051 1059/1059 1058/1058
f 1052/1052 1053/1053 1060/1060
f 1052/1052 1060/1060 1059/1059
f 1053/1053 1054/1054 1061/1061
f 1053/1053 1061/1061 1060/1060
f 1054/1054 1055/1055 1062/1062
f 1054/1054 1062/1062 1061/1061
f 1055/1055 1049/1049 1056/1056
f 1055/1055 1056/1056 1062/1062
f 1055/1055 1054/1054 1053/1053
f 1055/1055 1053/1053 1052/1052
f 1055/1055 1052/1052 1051/1051
f 1055/1055 1051/1051 1050/1050
f 1055/1055 1050/1050 1049/1049
f 1056/1056 1057/1057 1058/1058
f 1056/1056 1058/1058 1059/1059
f 1056/1056 1059/1059 1060/1060
f 1056/1056 1060/1060 1061/1061
f 1056/1056 1061/1061 1062/1062
f 1063/1063 1064/1064 1071/1071
f 1063/1063 1071/1071 1070/1070
f 1064/1064 1065/1065 1072/1072
f 1064/1064 1072/1072 1071/1071
f 1065/1065 1066/1066 1073/1073
f 1065/1065 1073/1073 1072/1072
f 1066/1066 1067/1067 1074/1074
f 1066/1066 1074/1074 1073/1073
f 1067/1067 1068/1068 1075/1075
f 1067/1067 1075/1075 1074/1074
f 1068/1068 1069/1069 1076/1076
f 1068/1068 1076/1076 1075/1075
f 1069/1069 1063/1063 1070/1070
f 1069/1069 1070/1070 1076/1076
f 1069/1069 1068/1068 1067/1067
f 1069/1069 1067/1067 1066/1066
f 1069/1069 1066/1066 1065/1065
f 1069/1069 1065/1065 1064/1064
f 1069/1069 1064/1064 1063/1063
f 1070/1070 1071/1071 1072/1072
f 1070/1070 1072/1072 1073/1073
f 1070/1070 1073/1073 1074/1074
f 1070/1070 1074/1074 1075/1075
f 1070/1070 1075/1075 1076/1076
f 1077/1077 1078/1078 1085/1085
f 1077/1077 1085/1085 1084/1084
f 1078/1078 1079/1079 1086/1086
f 1078/1078 1086/1086 1085/1085
f 1079/1079 1080/1080 1087/1087
f 1079/1079 1087/1087 1086/1086
f 1080/1080 1081/1081 1088/1088
f 1080/1080 1088/1088 1087/1087
f 1081/1081 1082/1082 1089/1089
f 1081/1081 1089/1089 1088/1088
f 1082/1082 1083/1083 1090/1090
f 1082/1082 1090/1090 1089/1089
f 1083/1083 1077/1077 1084/1084
f 1083/1083 1084/1084 1090/1090
f 1083/1083 1082/1082 1081/1081
f 1083/1083 1081/1081 1080/1080
f 1083/1083 1080/1080 1079/1079
f 1083/1083 1079/1079 1078/1078
f 1083/1083 1078/1078 1077/1077
f 1084/1084 1085/1085 1086/1086
f 1084/1084 1086/1086 1087/1087
f 1084/1084 1087/1087 1088/1088
f 1084/1084 1088/1088 1089/1089
f 1084/1084 1089/1089 1090/1090
f 1091/1091 1092/1092 1099/1099
f 1091/1091 1099/1099 1098/1098
f 1092/1092 1093/1093 1100/1100
f 1092/1092 1100/1100 1099/1099
f 1093/1093 1094/1094 1101/1101
f 1093/1093 1101/1101 1100/1100
f 1094/1094 1095/1095 1102/1102
f 1094/1094 1102/1102 1101/1101
f 1095/1095 1096/1096 1103/1103
f 1095/1095 1103/1103 1102/1102
f 1096/1096 1097/1097 1104/1104
f 1096/1096 1104/1104 1103/1103
f 1097/1097 1091/1091 1098/1098
f 1097/1097 1098/1098 1104/1104
f 1097/1097 1096/1096 1095/1095
f 1097/1097 1095/1095 1094/1094
f 1097/1097 1094/1094 1093/1093
f 1097/1097 1093/1093 1092/1092
f 1097/1097 1092/1092 1091/1091
f 1098/1098 1099/1099 1100/1100
f 1098/1098 1100/1100 1101/1101
f 1098/1098 1101/1101 1102/1102
f 1098/1098 1102/1102 1103/1103
f 1098/1098 1103/1103 1104/1104
f 1105/1105 1106/1106 1115/1115
f 1105/1105 1115/1115 1114/1114
f 1106/1106 1107/1107 1116/1116
f 1106/1106 1116/1116 1115/1115
f 1107/1107 1108/1108 1117/1117
f 1107/1107 1117/1117 1116/1116
f 1108/1108 1109/1109 1118/1118
f 1108/1108 1118/1118 1117/1117
f 1109/1109 1110/1110 1119/1119
f 1109/1109 1119/1119 1118/1118
f 1110/1110 1111/1111 1120/1120
f 1110/1110 1120/1120 1119/1119
f 1111/1111 1112/1112 1121/1121
f 1111/1111 1121/1121 1120/1120
f 1112/1112 1113/1113 1122/1122
f 1112/1112 1122/1122 1121/1121
f 1113/1113 1105/1105 1114/1114
f 1113/1113 1114/1114 1122/1122
f 1113/1113 1112/1112 1111/1111
f 1113/1113 1111/1111 1110/1110
f 1113/1113 1110/1110 1109/1109
f 1113/1113 1109/1109 1108/1108
f 1113/1113 1108/1108 1107/1107
f 1113/1113 1107/1107 1106/1106
f 1113/1113 1106/1106 1105/1105
f 1114/1114 1115/1115 1116/1116
f 1114/1114 1116/1116 1117/1117
f 1114/1114 1117/1117 1118/1118
f 1114/1114 1118/1118 1119/1119
f 1114/1114 1119/1119 1120/1120
f 1114/1114 1120/1120 1121/1121
f 1114/1114 1121/1121 1122/1122
f 1123/1123 1124/1124 1133/1133
f 1123/1123 1133/1133 1132/1132
f 1124/1124 1125/1125 1134/1134
f 1124/1124 1134/1134 1133/1133
f 1125/1125 1126/1126 1135/1135
f 1125/1125 1135/1135 1134/1134
f 1126/1126 1127/1127 1136/1136
f 1126/1126 1136/1136 1135/1135
f 1127/1127 1128/1128 1137/1137
f 1127/1127 1137/1137 1136/1136
f 1128/1128 1129/1129 1138/1138
f 1128/1128 1138/1138 1137/1137
f 1129/1129 1130/1130 1139/1139
f 1129/1129 1139/1139 1138/1138
f 1130/1130 1131/1131 1140/1140
f 1130/1130 1140/1140 1139/1139
f 1131/1131 1123/1123 1132/1132
f 1131/1131 1132/1132 1140/1140
f 1131/1131 1130/1130 1129/1129
f 1131/1131 1129/1129 1128/1128
f 1131/1131 1128/1128 1127/1127
f 1131/1131 1127/1127 1126/1126
f 1131/1131 1126/1126 1125/1125
f 1131/1131 1125/1125 1124/1124
f 1131/1131 1124/1124 1123/1123
f 1132/1132 1133/1133 1134/1134
f 1132/1132 1134/1134 1135/1135
f 1132/1132 1135/1135 1136/1136
f 1132/1132 1136/1136 1137/1137
f 1132/1132 1137/1137 1138/1138
f 1132/1132 1138/1138 1139/1139
f 1132/1132 1139/1139 1140/1140
f 1141/1141 1142/1142 1151/1151
f 1141/1141 1151/1151 1150/1150
f 1142/1142 1143/1143 1152/1152
f 1142/1142 1152/1152 1151/1151
f 1143/1143 1144/1144 1153/1153
f 1143/1143 1153/1153 1152/1152
f 1144/1144 1145/1145 1154/1154
f 1144/1144 1154/1154 1153/1153
f 1145/1145 1146/1146 1155/1155
f 1145/1145 1155/1155 1154/1154
f 1146/1146 1147/1147 1156/1156
f 1146/1146 1156/1156 1155/1155
f 1147/1147 1148/1148 1157/1157
f 1147/1147 1157/1157 1156/1156
f 1148/1148 1149/1149 1158/1158
f 1148/1148 1158/1158 1157/1157
f 1149/1149 1141/1141 1150/1150
f 1149/1149 1150/1150 1158/1158
f 1149/1149 1148/1148 1147/1147
f 1149/1149 1147/1147 1146/1146
f 1149/1149 1146/1146 1145/1145
f 1149/1149 1145/1145 1144/1144
f 1149/1149 1144/1144 1143/1143
f 1149/1149 1143/1143 1142/1142
f 1149/1149 1142/1142 1141/1141
f 1150/1150 1151/1151 1152/1152
f 1150/1150 1152/1152 1153/1153
f 1150/1150 1153/1153 1154/1154
f 1150/1150 1154/1154 1155/1155
f 1150/1150 1155/1155 1156/1156
f 1150/1150 1156/1156 1157/1157
f 1150/1150 1157/1157 1158/1158
f 1159/1159 1160/1160 1169/1169
f 1159/1159 1169/1169 1168/1168
f 1160/1160 1161/1161 1170/1170
f 1160/1160 1170/1170 1169/1169
f 1161/1161 1162/1162 1171/1171
f 1161/1161 1171/1171 1170/1170
f 1162/1162 1163/1163 1172/1172
f 1162/1162 1172/1172 1171/1171
f 1163/1163 1164/1164 1173/1173
f 1163/1163 1173/1173 1172/1172
f 1164/1164 1165/1165 1174/1174
f 1164/1164 1174/1174 1173/1173
f 1165/1165 1166/1166 1175/1175
f 1165/1165 1175/1175 1174/1174
f 1166/1166 1167/1167 1176/1176
f 1166/1166 1176/1176 1175/1175
f 1167/1167 1159/1159 1168/1168
f 1167/1167 1168/1168 1176/1176
f 1167/1167 1166/1166 1165/1165
f 1167/1167 1165/1165 1164/1164
f 1167/1167 1164/1164 1163/1163
f 1167/1167 1163/1163 1162/1162
f 1167/1167 1162/1162 1161/1161
f 1167/1167 1161/1161 1160/1160
f 1167/1167 1160/1160 1159/1159
f 1168/1168 1169/1169 1170/1170
f 1168/1168 1170/1170 1171/1171
f 1168/1168 1171/1171 1172/1172
f 1168/1168 1172/1172 1173/1173
f 1168/1168 1173/1173 1174/1174
f 1168/1168 1174/1174 1175/1175
f 1168/1168 1175/1175 1176/1176
f 1177/1177 1178/1178 1187/1187
f 1177/1177 1187/1187 1186/1186
f 1178/1178 1179/1179 1188/1188
f 1178/1178 1188/1188 1187/1187
f 1179/1179 1180/1180 1189/1189
f 1179/1179 1189/1189 1188/1188
f 1180/1180 1181/1181 1190/1190
f 1180/1180 1190/1190 1189/1189
f 1181/1181 1182/1182 1191/1191
f 1181/1181 1191/1191 1190/1190
f 1182/1182 1183/1183 1192/1192
f 1182/1182 1192/1192 1191/1191
f 1183/1183 1184/1184 1193/1193
f 1183/1183 1193/1193 1192/1192
f 1184/1184 1185/1185 1194/1194
f 1184/1184 1194/1194 1193/1193
f 1185/1185 1177/1177 1186/1186
f 1185/1185 1186/1186 1194/1194
f 1185/1185 1184/1184 1183/1183
f 1185/1185 1183/1183 1182/1182
f 1185/1185 1182/1182 1181/1181
f 1185/1185 1181/1181 1180/1180
f 1185/1185 1180/1180 1179/1179
f 1185/1185 1179/1179 1178/1178
f 1185/1185 1178/1178 1177/1177
f 1186/1186 1187/1187 1188/1188
f 1186/1186 1188/1188 1189/1189
f 1186/1186 1189/1189 1190/1190
f 1186/1186 1190/1190 1191/1191
f 1186/1186 1191/1191 1192/1192
f 1186/1186 1192/1192 1193/1193
f 1186/1186 1193/1193 1194/1194
f 1195/1195 1196/1196 1205/1205
f 1195/1195 1205/1205 1204/1204
f 1196/1196 1197/1197 1206/1206
f 1196/1196 1206/1206 1205/1205
f 1197/1197 1198/1198 1207/1207
f 1197/1197 1207/1207 1206/1206
f 1198/1198 1199/1199 1208/1208
f 1198/1198 1208/1208 1207/1207
f 1199/1199 1200/1200 1209/1209
f 1199/1199 1209/1209 1208/1208
f 1200/1200 1201/1201 1210/1210
f 1200/1200 1210/1210 1209/1209
f 1201/1201 1202/1202 1211/1211
f 1201/1201 1211/1211 1210/1210
f 1202/1202 1203/1203 1212/1212
f 1202/1202 1212/1212 1211/1211
f 1203/1203 1195/1195 1204/1204
f 1203/1203 1204/1204 1212/1212
f 1203/1203 1202/1202 1201/1201
f 1203/1203 1201/1201 1200/1200
f 1203/1203 1200/1200 1199/1199
f 1203/1203 1199/1199 1198/1198
f 1203/1203 1198/1198 1197/1197
f 1203/1203 1197/1197 1196/1196
f 1203/1203 1196/1196 1195/1195
f 1204/1204 1205/1205 1206/1206
f 1204/1204 1206/1206 1207/1207
f 1204/1204 1207/1207 1208/1208
f 1204/1204 1208/1208 1209/1209
f 1204/1204 1209/1209 1210/1210
f 1204/1204 1210/1210 1211/1211
f 1204/1204 1211/1211 1212/1212
f 1213/1213 1214/1214 1223/1223
f 1213/1213 1223/1223 1222/1222
f 1214/1214 1215/1215 1224/1224
f 1214/1214 1224/1224 1223/1223
f 1215/1215 1216/1216 1225/1225
f 1215/1215 1225/1225 1224/1224
f 1216/1216 1217/1217 1226/1226
f 1216/1216 1226/1226 1225/1225
f 1217/1217 1218/1218 1227/1227
f 1217/1217 1227/1227 1226/1226
f 1218/1218 1219/1219 1228/1228
f 1218/1218 1228/1228 1227/1227
f 1219/1219 1220/1220 1229/1229
f 1219/1219 1229/1229 1228/1228
f 1220/1220 1221/1221 1230/1230
f 1220/1220 1230/1230 1229/1229
f 1221/1221 1213/1213 1222/1222
f 1221/1221 1222/1222 1230/1230
f 1221/1221 1220/1220 1219/1219
f 1221/1221 1219/1219 1218/1218
f 1221/1221 1218/1218 1217/1217
f 1221/1221 1217/1217 1216/1216
f 1221/1221 1216/1216 1215/1215
f 1221/1221 1215/1215 1214/1214
f 1221/1221 1214/1214 1213/1213
f 1222/1222 1223/1223 1224/1224
f 1222/1222 1224/1224 1225/1225
f 1222/1222 1225/1225 1226/1226
f 1222/1222 1226/1226 1227/1227
f 1222/1222 1227/1227 1228/1228
f 1222/1222 1228/1228 1229/1229
f 1222/1222 1229/1229 1230/1230
f 1231/1231 1232/1232 1241/1241
f 1231/1231 1241/1241 1240/1240
f 1232/1232 1233/1233 1242/1242
f 1232/1232 1242/1242 1241/1241
f 1233/1233 1234/1234 1243/1243
f 1233/1233 1243/1243 1242/1242
f 1234/1234 1235/1235 1244/1244
f 1234/1234 1244/1244 1243/1243
f 1235/1235 1236/1236 1245/1245
f 1235/1235 1245/1245 1244/1244
f 1236/1236 1237/1237 1246/1246
f 1236/1236 1246/1246 1245/1245
f 1237/1237 1238/1238 1247/1247
f 1237/1237 1247/1247 1246/1246
f 1238/1238 1239/1239 1248/1248
f 1238/1238 1248/1248 1247/1247
f 1239/1239 1231/1231 1240/1240
f 1239/1239 1240/1240 1248/1248
f 1239/1239 1238/1238 1237/1237
f 1239/1239 1237/1237 1236/1236
f 1239/1239 1236/1236 1235/1235
f 1239/1239 1235/1235 1234/1234
f 1239/1239 1234/1234 1233/1233
f 1239/1239 1233/1233 1232/1232
f 1239/1239 1232/1232 1231/1231
f 1240/1240 1241/1241 1242/1242
f 1240/1240 1242/1242 1243/1243
f 1240/1240 1243/1243 1244/1244
f 1240/1240 1244/1244 1245/1245
f 1240/1240 1245/1245 1246/1246
f 1240/1240 1246/1246 1247/1247
f 1240/1240 1247/1247 1248/1248
f 1249/1249 1250/1250 1259/1259
f 1249/1249 1259/1259 1258/1258
f 1250/1250 1251/1251 1260/1260
f 1250/1250 1260/1260 1259/1259
f 1251/1251 1252/1252 1261/1261
f 1251/1251 1261/1261 1260/1260
f 1252/1252 1253/1253 1262/1262
f 1252/1252 1262/1262 1261/1261
f 1253/1253 1254/1254 1263/1263
f 1253/1253 1263/1263 1262/1262
f 1254/1254 1255/1255 1264/1264
f 1254/1254 1264/1264 1263/1263
f 1255/1255 1256/1256 1265/1265
f 1255/1255 1265/1265 1264/1264
f 1256/1256 1257/1257 1266/1266
f 1256/1256 1266/1266 1265/1265
f 1257/1257 1249/1249 1258/1258
f 1257/1257 1258/1258 1266/1266
f 1257/1257 1256/1256 1255/1255
f 1257/1257 1255/1255 1254/1254
f 1257/1257 1254/1254 1253/1253
f 1257/1257 1253/1253 1252/1252
f 1257/1257 1252/1252 1251/1251
f 1257/1257 1251/1251 1250/1250
f 1257/1257 1250/1250 1249/1249
f 1258/1258 1259/1259 1260/1260
f 1258/1258 1260/1260 1261/1261
f 1258/1258 1261/1261 1262/1262
f 1258/1258 1262/1262 1263/1263
f 1258/1258 1263/1263 1264/1264
f 1258/1258 1264/1264 1265/1265
f 1258/1258 1265/1265 1266/1266
f 1267/1267 1268/1268 1277/1277
f 1267/1267 1277/1277 1276/1276
f 1268/1268 1269/1269 1278/1278
f 1268/1268 1278/1278 1277/1277
f 1269/1269 1270/1270 1279/1279
f 1269/1269 1279/1279 1278/1278
f 1270/1270 1271/1271 1280/1280
f 1270/1270 1280/1280 1279/1279
f 1271/1271 1272/1272 1281/1281
f 1271/1271 1281/1281 1280/1280
f 1272/1272 1273/1273 1282/1282
f 1272/1272 1282/1282 1281/1281
f 1273/1273 1274/1274 1283/1283
f 1273/1273 1283/1283 1282/1282
f 1274/1274 1275/1275 1284/1284
f 1274/1274 1284/1284 1283/1283
f 1275/1275 1267/1267 1276/1276
f 1275/1275 1276/1276 1284/1284
f 1275/1275 1274/1274 1273/1273
f 1275/1275 1273/1273 1272/1272
f 1275/1275 1272/1272 1271/1271
f 1275/1275 1271/1271 1270/1270
f 1275/1275 1270/1270 1269/1269
f 1275/1275 1269/1269 1268/1268
f 1275/1275 1268/1268 1267/1267
f 1276/1276 1277/1277 1278/1278
f 1276/1276 1278/1278 1279/1279
f 1276/1276 1279/1279 1280/1280
f 1276/1276 1280/1280 1281/1281
f 1276/1276 1281/1281 1282/1282
f 1276/1276 1282/1282 1283/1283
f 1276/1276 1283/1283 1284/1284
f 1285/1285 1286/1286 1295/1295
f 1285/1285 1295/1295 1294/1294
f 1286/1286 1287/1287 1296/1296
f 1286/1286 1296/1296 1295/1295
f 1287/1287 1288/1288 1297/1297
f 1287/1287 1297/1297 1296/1296
f 1288/1288 1289/1289 1298/1298
f 1288/1288 1298/1298 1297/1297
f 1289/1289 1290/1290 1299/1299
f 1289/1289 1299/1299 1298/1298
f 1290/1290 1291/1291 1300/1300
f 1290/1290 1300/1300 1299/1299
f 1291/1291 1292/1292 1301/1301
f 1291/1291 1301/1301 1300/1300
f 1292/1292 1293/1293 1302/1302
f 1292/1292 1302/1302 1301/1301
f 1293/1293 1285/1285 1294/1294
f 1293/1293 1294/1294 1302/1302
f 1293/1293 1292/1292 1291/1291
f 1293/1293 1291/1291 1290/1290
f 1293/1293 1290/1290 1289/1289
f 1293/1293 1289/1289 1288/1288
f 1293/1293 1288/1288 1287/1287
f 1293/1293 1287/1287 1286/1286
f 1293/1293 1286/1286 1285/1285
f 1294/1294 1295/1295 1296/1296
f 1294/1294 1296/1296 1297/1297
f 1294/1294 1297/1297 1298/1298
f 1294/1294 1298/1298 1299/1299
f 1294/1294 1299/1299 1300/1300
f 1294/1294 1300/1300 1301/1301
f 1294/1294 1301/1301 1302/1302
f 1303/1303 1304/1304 1313/1313
f 1303/1303 1313/1313 1312/1312
f 1304/1304 1305/1305 1314/1314
f 1304/1304 1314/1314 1313/1313
f 1305/1305 1306/1306 1315/1315
f 1305/1305 1315/1315 1314/1314
f 1306/1306 1307/1307 1316/1316
f 1306/1306 1316/1316 1315/1315
f 1307/1307 1308/1308 1317/1317
f 1307/1307 1317/1317 1316/1316
f 1308/1308 1309/1309 1318/1318
f 1308/1308 1318/1318 1317/1317
f 1309/1309 1310/1310 1319/1319
f 1309/1309 1319/1319 1318/1318
f 1310/1310 1311/1311 1320/1320
f 1310/1310 1320/1320 1319/1319
f 1311/1311 1303/1303 1312/1312
f 1311/1311 1312/1312 1320/1320
f 1311/1311 1310/1310 1309/1309
f 1311/1311 1309/1309 1308/1308
f 1311/1311 1308/1308 1307/1307
f 1311/1311 1307/1307 1306/1306
f 1311/1311 1306/1306 1305/1305
f 1311/1311 1305/1305 1304/1304
f 1311/1311 1304/1304 1303/1303
f 1312/1312 1313/1313 1314/1314
f 1312/1312 1314/1314 1315/1315
f 1312/1312 1315/1315 1316/1316
f 1312/1312 1316/1316 1317/1317
f 1312/1312 1317/1317 1318/1318
f 1312/1312 1318/1318 1319/1319
f 1312/1312 1319/1319 1320/1320
f 1321/1321 1322/1322 1331/1331
f 1321/1321 1331/1331 1330/1330
f 1322/1322 1323/1323 1332/1332
f 1322/1322 1332/1332 1331/1331
f 1323/1323 1324/1324 1333/1333
f 1323/1323 1333/1333 1332/1332
f 1324/1324 1325/1325 1334/1334
f 1324/1324 1334/1334 1333/1333
f 1325/1325 1326/1326 1335/1335
f 1325/1325 1335/1335 1334/1334
f 1326/1326 1327/1327 1336/1336
f 1326/1326 1336/1336 1335/1335
f 1327/1327 1328/1328 1337/1337
f 1327/1327 1337/1337 1336/1336
f 1328/1328 1329/1329 1338/1338
f 1328/1328 1338/1338 1337/1337
f 1329/1329 1321/1321 1330/1330
f 1329/1329 1330/1330 1338/1338
f 1329/1329 1328/1328 1327/1327
f 1329/1329 1327/1327 1326/1326
f 1329/1329 1326/1326 1325/1325
f 1329/1329 1325/1325 1324/1324
f 1329/1329 1324/1324 1323/1323
f 1329/1329 1323/1323 1322/1322
f 1329/1329 1322/1322 1321/1321
f 1330/1330 1331/1331 1332/1332
f 1330/1330 1332/1332 1333/1333
f 1330/1330 1333/1333 1334/1334
f 1330/1330 1334/1334 1335/1335
f 1330/1330 1335/1335 1336/1336
f 1330/1330 1336/1336 1337/1337
f 1330/1330 1337/1337 1338/1338
f 1339/1339 1340/1340 1349/1349
f 1339/1339 1349/1349 1348/1348
f 1340/1340 1341/1341 1350/1350
f 1340/1340 1350/1350 1349/1349
f 1341/1341 1342/1342 1351/1351
f 1341/1341 1351/1351 1350/1350
f 1342/1342 1343/1343 1352/1352
f 1342/1342 1352/1352 1351/1351
f 1343/1343 1344/1344 1353/1353
f 1343/1343 1353/1353 1352/1352
f 1344/1344 1345/1345 1354/1354
f 1344/1344 1354/1354 1353/1353
f 1345/1345 1346/1346 1355/1355
f 1345/1345 1355/1355 1354/1354
f 1346/1346 1347/1347 1356/1356
f 1346/1346 1356/1356 1355/1355
f 1347/1347 1339/1339 1348/1348
f 1347/1347 1348/1348 1356/1356
f 1347/1347 1346/1346 1345/1345
f 1347/1347 1345/1345 1344/1344
f 1347/1347 1344/1344 1343/1343
f 1347/1347 1343/1343 1342/1342
f 1347/1347 1342/1342 1341/1341
f 1347/1347 1341/1341 1340/1340
f 1347/1347 1340/1340 1339/1339
f 1348/1348 1349/1349 1350/1350
f 1348/1348 1350/1350 1351/1351
f 1348/1348 1351/1351 1352/1352
f 1348/1348 1352/1352 1353/1353
f 1348/1348 1353/1353 1354/1354
f 1348/1348 1354/1354 1355/1355
f 1348/1348 1355/1355 1356/1356
f 1357/1357 1358/1358 1367/1367
f 1357/1357 1367/1367 1366/1366
f 1358/1358 1359/1359 1368/1368
f 1358/1358 1368/1368 1367/1367
f 1359/1359 1360/1360 1369/1369
f 1359/1359 1369/1369 1368/1368
f 1360/1360 1361/1361 1370/1370
f 1360/1360 1370/1370 1369/1369
f 1361/1361 1362/1362 1371/1371
f 1361/1361 1371/1371 1370/1370
f 1362/1362 1363/1363 1372/1372
f 1362/1362 1372/1372 1371/1371
f 1363/1363 1364/1364 1373/1373
f 1363/1363 1373/1373 1372/1372
f 1364/1364 1365/1365 1374/1374
f 1364/1364 1374/1374 1373/1373
f 1365/1365 1357/1357 1366/1366
f 1365/1365 1366/1366 1374/1374
f 1365/1365 1364/1364 1363/1363
f 1365/1365 1363/1363 1362/1362
f 1365/1365 1362/1362 1361/1361
f 1365/1365 1361/1361 1360/1360
f 1365/1365 1360/1360 1359/1359
f 1365/1365 1359/1359 1358/1358
f 1365/1365 1358/1358 1357/1357
f 1366/1366 1367/1367 1368/1368
f 1366/1366 1368/1368 1369/1369
f 1366/1366 1369/1369 1370/1370
f 1366/1366 1370/1370 1371/1371
f 1366/1366 1371/1371 1372/1372
f 1366/1366 1372/1372 1373/1373
f 1366/1366 1373/1373 1374/1374
f 1375/1375 1376/1376 1384/1384
f 1375/1375 1384/1384 1383/1383
f 1376/1376 1377/1377 1385/1385
f 1376/1376 1385/1385 1384/1384
f 1377/1377 1378/1378 1386/1386
f 1377/1377 1386/1386 1385/1385
f 1378/1378 1379/1379 1387/1387
f 1378/1378 1387/1387 1386/1386
f 1379/1379 1380/1380 1388/1388
f 1379/1379 1388/1388 1387/1387
f 1380/1380 1381/1381 1389/1389
f 1380/1380 1389/1389 1388/1388
f 1381/1381 1382/1382 1390/1390
f 1381/1381 1390/1390 1389/1389
f 1382/1382 1375/1375 1383/1383
f 1382/1382 1383/1383 1390/1390
f 1382/1382 1381/1381 1380/1380
f 1382/1382 1380/1380 1379/1379
f 1382/1382 1379/1379 1378/1378
f 1382/1382 1378/1378 1377/1377
f 1382/1382 1377/1377 1376/1376
f 1382/1382 1376/1376 1375/1375
f 1383/1383 1384/1384 1385/1385
f 1383/1383 1385/1385 1386/1386
f 1383/1383 1386/1386 1387/1387
f 1383/1383 1387/1387 1388/1388
f 1383/1383 1388/1388 1389/1389
f 1383/1383 1389/1389 1390/1390
f 1391/1391 1392/1392 1400/1400
f 1391/1391 1400/1400 1399/1399
f 1392/1392 1393/1393 1401/1401
f 1392/1392 1401/1401 1400/1400
f 1393/1393 1394/1394 1402/1402
f 1393/1393 1402/1402 1401/1401
f 1394/1394 1395/1395 1403/1403
f 1394/1394 1403/1403 1402/1402
f 1395/1395 1396/1396 1404/1404
f 1395/1395 1404/1404 1403/1403
f 1396/1396 1397/1397 1405/1405
f 1396/1396 1405/1405 1404/1404
f 1397/1397 1398/1398 1406/1406
f 1397/1397 1406/1406 1405/1405
f 1398/1398 1391/1391 1399/1399
f 1398/1398 1399/1399 1406/1406
f 1398/1398 1397/1397 1396/1396
f 1398/1398 1396/1396 1395/1395
f 1398/1398 1395/1395 1394/1394
f 1398/1398 1394/1394 1393/1393
f 1398/1398 1393/1393 1392/1392
f 1398/1398 1392/1392 1391/1391
f 1399/1399 1400/1400 1401/1401
f 1399/1399 1401/1401 1402/1402
f 1399/1399 1402/1402 1403/1403
f 1399/1399 1403/1403 1404/1404
f 1399/1399 1404/1404 1405/1405
f 1399/1399 1405/1405 1406/1406
f 1407/1407 1408/1408 1415/1415
f 1407/1407 1415/1415 1414/1414
f 1408/1408 1409/1409 1416/1416
f 1408/1408 1416/1416 1415/1415
f 1409/1409 1410/1410 1417/1417
f 1409/1409 1417/1417 1416/1416
f 1410/1410 1411/1411 1418/1418
f 1410/1410 1418/1418 1417/1417
f 1411/1411 1412/1412 1419/1419
f 1411/1411 1419/1419 1418/1418
f 1412/1412 1413/1413 1420/1420
f 1412/1412 1420/1420 1419/1419
f 1413/1413 1407/1407 1414/1414
f 1413/1413 1414/1414 1420/1420
f 1413/1413 1412/1412 1411/1411
f 1413/1413 1411/1411 1410/1410
f 1413/1413 1410/1410 1409/1409
f 1413/1413 1409/1409 1408/1408
f 1413/1413 1408/1408 1407/1407
f 1414/1414 1415/1415 1416/1416
f 1414/1414 1416/1416 1417/1417
f 1414/1414 1417/1417 1418/1418
f 1414/1414 1418/1418 1419/1419
f 1414/1414 1419/1419 1420/1420
f 1421/1421 1422/1422 1429/1429
f 1421/1421 1429/1429 1428/1428
f 1422/1422 1423/1423 1430/1430
f 1422/1422 1430/1430 1429/1429
f 1423/1423 1424/1424 1431/1431
f 1423/1423 1431/1431 1430/1430
f 1424/1424 1425/1425 1432/1432
f 1424/1424 1432/1432 1431/1431
f 1425/1425 1426/1426 1433/1433
f 1425/1425 1433/1433 1432/1432
f 1426/1426 1427/1427 1434/1434
f 1426/1426 1434/1434 1433/1433
f 1427/1427 1421/1421 1428/1428
f 1427/1427 1428/1428 1434/1434
f 1427/1427 1426/1426 1425/1425
f 1427/1427 1425/1425 1424/1424
f 1427/1427 1424/1424 1423/1423
f 1427/1427 1423/1423 1422/1422
f 1427/1427 1422/1422 1421/1421
f 1428/1428 1429/1429 1430/1430
f 1428/1428 1430/1430 1431/1431
f 1428/1428 1431/1431 1432/1432
f 1428/1428 1432/1432 1433/1433
f 1428/1428 1433/1433 1434/1434
f 1435/1435 1436/1436 1443/1443
f 1435/1435 1443/1443 1442/1442
f 1436/1436 1437/1437 1444/1444
f 1436/1436 1444/1444 1443/1443
f 1437/1437 1438/1438 1445/1445
f 1437/1437 1445/1445 1444/1444
f 1438/1438 1439/1439 1446/1446
f 1438/1438 1446/1446 1445/1445
f 1439/1439 1440/1440 1447/1447
f 1439/1439 1447/1447 1446/1446
f 1440/1440 1441/1441 1448/1448
f 1440/1440 1448/1448 1447/1447
f 1441/1441 1435/1435 1442/1442
f 1441/1441 1442/1442 1448/1448
f 1441/1441 1440/1440 1439/1439
f 1441/1441 1439/1439 1438/1438
f 1441/1441 1438/1438 1437/1437
f 1441/1441 1437/1437 1436/1436
f 1441/1441 1436/1436 1435/1435
f 1442/1442 1443/1443 1444/1444
f 1442/1442 1444/1444 1445/1445
f 1442/1442 1445/1445 1446/1446
f 1442/1442 1446/1446 1447/1447
f 1442/1442 1447/1447 1448/1448
f 1449/1449 1450/1450 1457/1457
f 1449/1449 1457/1457 1456/1456
f 1450/1450 1451/1451 1458/1458
f 1450/1450 1458/1458 1457/1457
f 1451/1451 1452/1452 1459/1459
f 1451/1451 1459/1459 1458/1458
f 1452/1452 1453/1453 1460/1460
f 1452/1452 1460/1460 1459/1459
f 1453/1453 1454/1454 1461/1461
f 1453/1453 1461/1461 1460/1460
f 1454/1454 1455/1455 1462/1462
f 1454/1454 1462/1462 1461/1461
f 1455/1455 1449/1449 1456/1456
f 1455/1455 1456/1456 1462/1462
f 1455/1455 1454/1454 1453/1453
f 1455/1455 1453/1453 1452/1452
f 1455/1455 1452/1452 1451/1451
f 1455/1455 1451/1451 1450/1450
f 1455/1455 1450/1450 1449/1449
f 1456/1456 1457/1457 1458/1458
f 1456/1456 1458/1458 1459/1459
f 1456/1456 1459/1459 1460/1460
f 1456/1456 1460/1460 1461/1461
f 1456/1456 1461/1461 1462/1462
f 1463/1463 1464/1464 1471/1471
f 1463/1463 1471/1471 1470/1470
f 1464/1464 1465/1465 1472/1472
f 1464/1464 1472/1472 1471/1471
f 1465/1465 1466/1466 1473/1473
f 1465/1465 1473/1473 1472/1472
f 1466/1466 1467/1467 1474/1474
f 1466/1466 1474/1474 1473/1473
f 1467/1467 1468/1468 1475/1475
f 1467/1467 1475/1475 1474/1474
f 1468/1468 1469/1469 1476/1476
f 1468/1468 1476/1476 1475/1475
f 1469/1469 1463/1463 1470/1470
f 1469/1469 1470/1470 1476/1476
f 1469/1469 1468/1468 1467/1467
f 1469/1469 1467/1467 1466/1466
f 1469/1469 1466/1466 1465/1465
f 1469/1469 1465/1465 1464/1464
f 1469/1469 1464/1464 1463/1463
f 1470/1470 1471/1471 1472/1472
f 1470/1470 1472/1472 1473/1473
f 1470/1470 1473/1473 1474/1474
f 1470/1470 1474/1474 1475/1475
f 1470/1470 1475/1475 1476/1476
f 1477/1477 1478/1478 1485/1485
f 1477/1477 1485/1485 1484/1484
f 1478/1478 1479/1479 1486/1486
f 1478/1478 1486/1486 1485/1485
f 1479/1479 1480/1480 1487/1487
f 1479/1479 1487/1487 1486/1486
f 1480/1480 1481/1481 1488/1488
f 1480/1480 1488/1488 1487/1487
f 1481/1481 1482/1482 1489/1489
f 1481/1481 1489/1489 1488/1488
f 1482/1482 1483/1483 1490/1490
f 1482/1482 1490/1490 1489/1489
f 1483/1483 1477/1477 1484/1484
f 1483/1483 1484/1484 1490/1490
f 1483/1483 1482/1482 1481/1481
f 1483/1483 1481/1481 1480/1480
f 1483/1483 1480/1480 1479/1479
f 1483/1483 1479/1479 1478/1478
f 1483/1483 1478/1478 1477/1477
f 1484/1484 1485/1485 1486/1486
f 1484/1484 1486/1486 1487/1487
f 1484/1484 1487/1487 1488/1488
f 1484/1484 1488/1488 1489/1489
f 1484/1484 1489/1489 1490/1490
f 1491/1491 1492/1492 1499/1499
f 1491/1491 1499/1499 1498/1498
f 1492/1492 1493/1493 1500/1500
f 1492/1492 1500/1500 1499/1499
f 1493/1493 1494/1494 1501/1501
f 1493/1493 1501/1501 1500/1500
f 1494/1494 1495/1495 1502/1502
f 1494/1494 1502/1502 1501/1501
f 1495/1495 1496/1496 1503/1503
f 1495/1495 1503/1503 1502/1502
f 1496/1496 1497/1497 1504/1504
f 1496/1496 1504/1504 1503/1503
f 1497/1497 1491/1491 1498/1498
f 1497/1497 1498/1498 1504/1504
f 1497/1497 1496/1496 1495/1495
f 1497/1497 1495/1495 1494/1494
f 1497/1497 1494/1494 1493/1493
f 1497/1497 1493/1493 1492/1492
f 1497/1497 1492/1492 1491/1491
f 1498/1498 1499/1499 1500/1500
f 1498/1498 1500/1500 1501/1501
f 1498/1498 1501/1501 1502/1502
f 1498/1498 1502/1502 1503/1503
f 1498/1498 1503/1503 1504/1504
f 1505/1505 1506/1506 1513/1513
f 1505/1505 1513/1513 1512/1512
f 1506/1506 1507/1507 1514/1514
f 1506/1506 1514/1514 1513/1513
f 1507/1507 1508/1508 1515/1515
f 1507/1507 1515/1515 1514/1514
f 1508/1508 1509/1509 1516/1516
f 1508/1508 1516/1516 1515/1515
f 1509/1509 1510/1510 1517/1517
f 1509/1509 1517/1517 1516/1516
f 1510/1510 1511/1511 1518/1518
f 1510/1510 1518/1518 1517/1517
f 1511/1511 1505/1505 1512/1512
f 1511/1511 1512/1512 1518/1518
f 1511/1511 1510/1510 1509/1509
f 1511/1511 1509/1509 1508/1508
f 1511/1511 1508/1508 1507/1507
f 1511/1511 1507/1507 1506/1506
f 1511/1511 1506/1506 1505/1505
f 1512/1512 1513/1513 1514/1514
f 1512/1512 1514/1514 1515/1515
f 1512/1512 1515/1515 1516/1516
f 1512/1512 1516/1516 1517/1517
f 1512/1512 1517/1517 1518/1518
f 1519/1519 1520/1520 1527/1527
f 1519/1519 1527/1527 1526/1526
f 1520/1520 1521/1521 1528/1528
f 1520/1520 1528/1528 1527/1527
f 1521/1521 1522/1522 1529/1529
f 1521/1521 1529/1529 1528/1528
f 1522/1522 1523/1523 1530/1530
f 1522/1522 1530/1530 1529/1529
f 1523/1523 1524/1524 1531/1531
f 1523/1523 1531/1531 1530/1530
f 1524/1524 1525/1525 1532/1532
f 1524/1524 1532/1532 1531/1531
f 1525/1525 1519/1519 1526/1526
f 1525/1525 1526/1526 1532/1532
f 1525/1525 1524/1524 1523/1523
f 1525/1525 1523/1523 1522/1522
f 1525/1525 1522/1522 1521/1521
f 1525/1525 1521/1521 1520/1520
f 1525/1525 1520/1520 1519/1519
f 1526/1526 1527/1527 1528/1528
f 1526/1526 1528/1528 1529/1529
f 1526/1526 1529/1529 1530/1530
f 1526/1526 1530/1530 1531/1531
f 1526/1526 1531/1531 1532/1532
f 1533/1533 1534/1534 1543/1543
f 1533/1533 1543/1543 1542/1542
f 1534/1534 1535/1535 1544/1544
f 1534/1534 1544/1544 1543/1543
f 1535/1535 1536/1536 1545/1545
f 1535/1535 1545/1545 1544/1544
f 1536/1536 1537/1537 1546/1546
f 1536/1536 1546/1546 1545/1545
f 1537/1537 1538/1538 1547/1547
f 1537/1537 1547/1547 1546/1546
f 1538/1538 1539/1539 1548/1548
f 1538/1538 1548/1548 1547/1547
f 1539/1539 1540/1540 1549/1549
f 1539/1539 1549/1549 1548/1548
f 1540/1540 1541/1541 1550/1550
f 1540/1540 1550/1550 1549/1549
f 1541/1541 1533/1533 1542/1542
f 1541/1541 1542/1542 1550/1550
f 1541/1541 1540/1540 1539/1539
f 1541/1541 1539/1539 1538/1538
f 1541/1541 1538/1538 1537/1537
f 1541/1541 1537/1537 1536/1536
f 1541/1541 1536/1536 1535/1535
f 1541/1541 1535/1535 1534/1534
f 1541/1541 1534/1534 1533/1533
f 1542/1542 1543/1543 1544/1544
f 1542/1542 1544/1544 1545/1545
f 1542/1542 1545/1545 1546/1546
f 1542/1542 1546/1546 1547/1547
f 1542/1542 1547/1547 1548/1548
f 1542/1542 1548/1548 1549/1549
f 1542/1542 1549/1549 1550/1550
f 1551/1551 1552/1552 1561/1561
f 1551/1551 1561/1561 1560/1560
f 1552/1552 1553/1553 1562/1562
f 1552/1552 1562/1562 1561/1561
f 1553/1553 1554/1554 1563/1563
f 1553/1553 1563/1563 1562/1562
f 1554/1554 1555/1555 1564/1564
f 1554/1554 1564/1564 1563/1563
f 1555/1555 1556/1556 1565/1565
f 1555/1555 1565/1565 1564/1564
f 1556/1556 1557/1557 1566/1566
f 1556/1556 1566/1566 1565/1565
f 1557/1557 1558/1558 1567/1567
f 1557/1557 1567/1567 1566/1566
f 1558/1558 1559/1559 1568/1568
f 1558/1558 1568/1568 1567/1567
f 1559/1559 1551/1551 1560/1560
f 1559/1559 1560/1560 1568/1568
f 1559/1559 1558/1558 1557/1557
f 1559/1559 1557/1557 1556/1556
f 1559/1559 1556/1556 1555/1555
f 1559/1559 1555/1555 1554/1554
f 1559/1559 1554/1554 1553/1553
f 1559/1559 1553/1553 1552/1552
f 1559/1559 1552/1552 1551/1551
f 1560/1560 1561/1561 1562/1562
f 1560/1560 1562/1562 1563/1563
f 1560/1560 1563/1563 1564/1564
f 1560/1560 1564/1564 1565/1565
f 1560/1560 1565/1565 1566/1566
f 1560/1560 1566/1566 1567/1567
f 1560/1560 1567/1567 1568/1568
f 1569/1569 1570/1570 1579/1579
f 1569/1569 1579/1579 1578/1578
f 1570/1570 1571/1571 1580/1580
f 1570/1570 1580/1580 1579/1579
f 1571/1571 1572/1572 1581/1581
f 1571/1571 1581/1581 1580/1580
f 1572/1572 1573/1573 1582/1582
f 1572/1572 1582/1582 1581/1581
f 1573/1573 1574/1574 1583/1583
f 1573/1573 1583/1583 1582/1582
f 1574/1574 1575/1575 1584/1584
f 1574/1574 1584/1584 1583/1583
f 1575/1575 1576/1576 1585/1585
f 1575/1575 1585/1585 1584/1584
f 1576/1576 1577/1577 1586/1586
f 1576/1576 1586/1586 1585/1585
f 1577/1577 1569/1569 1578/1578
f 1577/1577 1578/1578 1586/1586
f 1577/1577 1576/1576 1575/1575
f 1577/1577 1575/1575 1574/1574
f 1577/1577 1574/1574 1573/1573
f 1577/1577 1573/1573 1572/1572
f 1577/1577 1572/1572 1571/1571
f 1577/1577 1571/1571 1570/1570
f 1577/1577 1570/1570 1569/1569
f 1578/1578 1579/1579 1580/1580
f 1578/1578 1580/1580 1581/1581
f 1578/1578 1581/1581 1582/1582
f 1578/1578 1582/1582 1583/1583
f 1578/1578 1583/1583 1584/1584
f 1578/1578 1584/1584 1585/1585
f 1578/1578 1585/1585 1586/1586
f 1587/1587 1588/1588 1597/1597
f 1587/1587 1597/1597 1596/1596
f 1588/1588 1589/1589 1598/1598
f 1588/1588 1598/1598 1597/1597
f 1589/1589 1590/1590 1599/1599
f 1589/1589 1599/1599 1598/1598
f 1590/1590 1591/1591 1600/1600
f 1590/1590 1600/1600 1599/1599
f 1591/1591 1592/1592 1601/1601
f 1591/1591 1601/1601 1600/1600
f 1592/1592 1593/1593 1602/1602
f 1592/1592 1602/1602 1601/1601
f 1593/1593 1594/1594 1603/1603
f 1593/1593 1603/1603 1602/1602
f 1594/1594 1595/1595 1604/1604
f 1594/1594 1604/1604 1603/1603
f 1595/1595 1587/1587 1596/1596
f 1595/1595 1596/1596 1604/1604
f 1595/1595 1594/1594 1593/1593
f 1595/1595 1593/1593 1592/1592
f 1595/1595 1592/1592 1591/1591
f 1595/1595 1591/1591 1590/1590
f 1595/1595 1590/1590 1589/1589
f 1595/1595 1589/1589 1588/1588
f 1595/1595 1588/1588 1587/1587
f 1596/1596 1597/1597 1598/1598
f 1596/1596 1598/1598 1599/1599
f 1596/1596 1599/1599 1600/1600
f 1596/1596 1600/1600 1601/1601
f 1596/1596 1601/1601 1602/1602
f 1596/1596 1602/1602 1603/1603
f 1596/1596 1603/1603 1604/1604
f 1605/1605 1606/1606 1615/1615
f 1605/1605 1615/1615 1614/1614
f 1606/1606 1607/1607 1616/1616
f 1606/1606 1616/1616 1615/1615
f 1607/1607 1608/1608 1617/1617
f 1607/1607 1617/1617 1616/1616
f 1608/1608 1609/1609 1618/1618
f 1608/1608 1618/1618 1617/1617
f 1609/1609 1610/1610 1619/1619
f 1609/1609 1619/1619 1618/1618
f 1610/1610 1611/1611 1620/1620
f 1610/1610 1620/1620 1619/1619
f 1611/1611 1612/1612 1621/1621
f 1611/1611 1621/1621 1620/1620
f 1612/1612 1613/1613 1622/1622
f 1612/1612 1622/1622 1621/1621
f 1613/1613 1605/1605 1614/1614
f 1613/1613 1614/1614 1622/1622
f 1613/1613 1612/1612 1611/1611
f 1613/1613 1611/1611 1610/1610
f 1613/1613 1610/1610 1609/1609
f 1613/1613 1609/1609 1608/1608
f 1613/1613 1608/1608 1607/1607
f 1613/1613 1607/1607 1606/1606
f 1613/1613 1606/1606 1605/1605
f 1614/1614 1615/1615 1616/1616
f 1614/1614 1616/1616 1617/1617
f 1614/1614 1617/1617 1618/1618
f 1614/1614 1618/1618 1619/1619
f 1614/1614 1619/1619 1620/1620
f 1614/1614 1620/1620 1621/1621
f 1614/1614 1621/1621 1622/1622
f 1623/1623 1624/1624 1633/1633
f 1623/1623 1633/1633 1632/1632
f 1624/1624 1625/1625 1634/1634
f 1624/1624 1634/1634 1633/1633
f 1625/1625 1626/1626 1635/1635
f 1625/1625 1635/1635 1634/1634
f 1626/1626 1627/1627 1636/1636
f 1626/1626 1636/1636 1635/1635
f 1627/1627 1628/1628 1637/1637
f 1627/1627 1637/1637 1636/1636
f 1628/1628 1629/1629 1638/1638
f 1628/1628 1638/1638 1637/1637
f 1629/1629 1630/1630 1639/1639
f 1629/1629 1639/1639 1638/1638
f 1630/1630 1631/1631 1640/1640
f 1630/1630 1640/1640 1639/1639
f 1631/1631 1623/1623 1632/1632
f 1631/1631 1632/1632 1640/1640
f 1631/1631 1630/1630 1629/1629
f 1631/1631 1629/1629 1628/1628
f 1631/1631 1628/1628 1627/1627
f 1631/1631 1627/1627 1626/1626
f 1631/1631 1626/1626 1625/1625
f 1631/1631 1625/1625 1624/1624
f 1631/1631 1624/1624 1623/1623
f 1632/1632 1633/1633 1634/1634
f 1632/1632 1634/1634 1635/1635
f 1632/1632 1635/1635 1636/1636
f 1632/1632 1636/1636 1637/1637
f 1632/1632 1637/1637 1638/1638
f 1632/1632 1638/1638 1639/1639
f 1632/1632 1639/1639 1640/1640
f 1641/1641 1642/1642 1651/1651
f 1641/1641 1651/1651 1650/1650
f 1642/1642 1643/1643 1652/1652
f 1642/1642 1652/1652 1651/1651
f 1643/1643 1644/1644 1653/1653
f 1643/1643 1653/1653 1652/1652
f 1644/1644 1645/1645 1654/1654
f 1644/1644 1654/1654 1653/1653
f 1645/1645 1646/1646 1655/1655
f 1645/1645 1655/1655 1654/1654
f 1646/1646 1647/1647 1656/1656
f 1646/1646 1656/1656 1655/1655
f 1647/1647 1648/1648 1657/1657
f 1647/1647 1657/1657 1656/1656
f 1648/1648 1649/1649 1658/1658
f 1648/1648 1658/1658 1657/1657
f 1649/1649 1641/1641 1650/1650
f 1649/1649 1650/1650 1658/1658
f 1649/1649 1648/1648 1647/1647
f 1649/1649 1647/1647 1646/1646
f 1649/1649 1646/1646 1645/1645
f 1649/1649 1645/1645 1644/1644
f 1649/1649 1644/1644 1643/1643
f 1649/1649 1643/1643 1642/1642
f 1649/1649 1642/1642 1641/1641
f 1650/1650 1651/1651 1652/1652
f 1650/1650 1652/1652 1653/1653
f 1650/1650 1653/1653 1654/1654
f 1650/1650 1654/1654 1655/1655
f 1650/1650 1655/1655 1656/1656
f 1650/1650 1656/1656 1657/1657
f 1650/1650 1657/1657 1658/1658
f 1659/1659 1660/1660 1669/1669
f 1659/1659 1669/1669 1668/1668
f 1660/1660 1661/1661 1670/1670
f 1660/1660 1670/1670 1669/1669
f 1661/1661 1662/1662 1671/1671
f 1661/1661 1671/1671 1670/1670
f 1662/1662 1663/1663 1672/1672
f 1662/1662 1672/1672 1671/1671
f 1663/1663 1664/1664 1673/1673
f 1663/1663 1673/1673 1672/1672
f 1664/1664 1665/1665 1674/1674
f 1664/1664 1674/1674 1673/1673
f 1665/1665 1666/1666 1675/1675
f 1665/1665 1675/1675 1674/1674
f 1666/1666 1667/1667 1676/1676
f 1666/1666 1676/1676 1675/1675
f 1667/1667 1659/1659 1668/1668
f 1667/1667 1668/1668 1676/1676
f 1667/1667 1666/1666 1665/1665
f 1667/1667 1665/1665 1664/1664
f 1667/1667 1664/1664 1663/1663
f 1667/1667 1663/1663 1662/1662
f 1667/1667 1662/1662 1661/1661
f 1667/1667 1661/1661 1660/1660
f 1667/1667 1660/1660 1659/1659
f 1668/1668 1669/1669 1670/1670
f 1668/1668 1670/1670 1671/1671
f 1668/1668 1671/1671 1672/1672
f 1668/1668 1672/1672 1673/1673
f 1668/1668 1673/1673 1674/1674
f 1668/1668 1674/1674 1675/1675
f 1668/1668 1675/1675 1676/1676
f 1677/1677 1678/1678 1687/1687
f 1677/1677 1687/1687 1686/1686
f 1678/1678 1679/1679 1688/1688
f 1678/1678 1688/1688 1687/1687
f 1679/1679 1680/1680 1689/1689
f 1679/1679 1689/1689 1688/1688
f 1680/1680 1681/1681 1690/1690
f 1680/1680 1690/1690 1689/1689
f 1681/1681 1682/1682 1691/1691
f 1681/1681 1691/1691 1690/1690
f 1682/1682 1683/1683 1692/1692
f 1682/1682 1692/1692 1691/1691
f 1683/1683 1684/1684 1693/1693
f 1683/1683 1693/1693 1692/1692
f 1684/1684 1685/1685 1694/1694
f 1684/1684 1694/1694 1693/1693
f 1685/1685 1677/1677 1686/1686
f 1685/1685 1686/1686 1694/1694
f 1685/1685 1684/1684 1683/1683
f 1685/1685 1683/1683 1682/1682
f 1685/1685 1682/1682 1681/1681
f 1685/1685 1681/1681 1680/1680
f 1685/1685 1680/1680 1679/1679
f 1685/1685 1679/1679 1678/1678
f 1685/1685 1678/1678 1677/1677
f 1686/1686 1687/1687 1688/1688
f 1686/1686 1688/1688 1689/1689
f 1686/1686 1689/1689 1690/1690
f 1686/1686 1690/1690 1691/1691
f 1686/1686 1691/1691 1692/1692
f 1686/1686 1692/1692 1693/1693
f 1686/1686 1693/1693 1694/1694
f 1695/1695 1696/1696 1705/1705
f 1695/1695 1705/1705 1704/1704
f 1696/1696 1697/1697 1706/1706
f 1696/1696 1706/1706 1705/1705
f 1697/1697 1698/1698 1707/1707
f 1697/1697 1707/1707 1706/1706
f 1698/1698 1699/1699 1708/1708
f 1698/1698 1708/1708 1707/1707
f 1699/1699 1700/1700 1709/1709
f 1699/1699 1709/1709 1708/1708
f 1700/1700 1701/1701 1710/1710
f 1700/1700 1710/1710 1709/1709
f 1701/1701 1702/1702 1711/1711
f 1701/1701 1711/1711 1710/1710
f 1702/1702 1703/1703 1712/1712
f 1702/1702 1712/1712 1711/1711
f 1703/1703 1695/1695 1704/1704
f 1703/1703 1704/1704 1712/1712
f 1703/1703 1702/1702 1701/1701
f 1703/1703 1701/1701 1700/1700
f 1703/1703 1700/1700 1699/1699
f 1703/1703 1699/1699 1698/1698
f 1703/1703 1698/1698 1697/1697
f 1703/1703 1697/1697 1696/1696
f 1703/1703 1696/1696 1695/1695
f 1704/1704 1705/1705 1706/1706
f 1704/1704 1706/1706 1707/1707
f 1704/1704 1707/1707 1708/1708
f 1704/1704 1708/1708 1709/1709
f 1704/1704 1709/1709 1710/1710
f 1704/1704 1710/1710 1711/1711
f 1704/1704 1711/1711 1712/1712
f 1713/1713 1714/1714 1723/1723
f 1713/1713 1723/1723 1722/1722
f 1714/1714 1715/1715 1724/1724
f 1714/1714 1724/1724 1723/1723
f 1715/1715 1716/1716 1725/1725
f 1715/1715 1725/1725 1724/1724
f 1716/1716 1717/1717 1726/1726
f 1716/1716 1726/1726 1725/1725
f 1717/1717 1718/1718 1727/1727
f 1717/1717 1727/1727 1726/1726
f 1718/1718 1719/1719 1728/1728
f 1718/1718 1728/1728 1727/1727
f 1719/1719 1720/1720 1729/1729
f 1719/1719 1729/1729 1728/1728
f 1720/1720 1721/1721 1730/1730
f 1720/1720 1730/1730 1729/1729
f 1721/1721 1713/1713 1722/1722
f 1721/1721 1722/1722 1730/1730
f 1721/1721 1720/1720 1719/1719
f 1721/1721 1719/1719 1718/1718
f 1721/1721 1718/1718 1717/1717
f 1721/1721 1717/1717 1716/1716
f 1721/1721 1716/1716 1715/1715
f 1721/1721 1715/1715 1714/1714
f 1721/1721 1714/1714 1713/1713
f 1722/1722 1723/1723 1724/1724
f 1722/1722 1724/1724 1725/1725
f 1722/1722 1725/1725 1726/1726
f 1722/1722 1726/1726 1727/1727
f 1722/1722 1727/1727 1728/1728
f 1722/1722 1728/1728 1729/1729
f 1722/1722 1729/1729 1730/1730
f 1731/1731 1732/1732 1741/1741
f 1731/1731 1741/1741 1740/1740
f 1732/1732 1733/1733 1742/1742
f 1732/1732 1742/1742 1741/1741
f 1733/1733 1734/1734 1743/1743
f 1733/1733 1743/1743 1742/1742
f 1734/1734 1735/1735 1744/1744
f 1734/1734 1744/1744 1743/1743
f 1735/1735 1736/1736 1745/1745
f 1735/1735 1745/1745 1744/1744
f 1736/1736 1737/1737 1746/1746
f 1736/1736 1746/1746 1745/1745
f 1737/1737 1738/1738 1747/1747
f 1737/1737 1747/1747 1746/1746
f 1738/1738 1739/1739 1748/1748
f 1738/1738 1748/1748 1747/1747
f 1739/1739 1731/1731 1740/1740
f 1739/1739 1740/1740 1748/1748
f 1739/1739 1738/1738 1737/1737
f 1739/1739 1737/1737 1736/1736
f 1739/1739 1736/1736 1735/1735
f 1739/1739 1735/1735 1734/1734
f 1739/1739 1734/1734 1733/1733
f 1739/1739 1733/1733 1732/1732
f 1739/1739 1732/1732 1731/1731
f 1740/1740 1741/1741 1742/1742
f 1740/1740 1742/1742 1743/1743
f 1740/1740 1743/1743 1744/1744
f 1740/1740 1744/1744 1745/1745
f 1740/1740 1745/1745 1746/1746
f 1740/1740 1746/1746 1747/1747
f 1740/1740 1747/1747 1748/1748
f 1749/1749 1750/1750 1759/1759
f 1749/1749 1759/1759 1758/1758
f 1750/1750 1751/1751 1760/1760
f 1750/1750 1760/1760 1759/1759
f 1751/1751 1752/1752 1761/1761
f 1751/1751 1761/1761 1760/1760
f 1752/1752 1753/1753 1762/1762
f 1752/1752 1762/1762 1761/1761
f 1753/1753 1754/1754 1763/1763
f 1753/1753 1763/1763 1762/1762
f 1754/1754 1755/1755 1764/1764
f 1754/1754 1764/1764 1763/1763
f 1755/1755 1756/1756 1765/1765
f 1755/1755 1765/1765 1764/1764
f 1756/1756 1757/1757 1766/1766
f 1756/1756 1766/1766 1765/1765
f 1757/1757 1749/1749 1758/1758
f 1757/1757 1758/1758 1766/1766
f 1757/1757 1756/1756 1755/1755
f 1757/1757 1755/1755 1754/1754
f 1757/1757 1754/1754 1753/1753
f 1757/1757 1753/1753 1752/1752
f 1757/1757 1752/1752 1751/1751
f 1757/1757 1751/1751 1750/1750
f 1757/1757 1750/1750 1749/1749
f 1758/1758 1759/1759 1760/1760
f 1758/1758 1760/1760 1761/1761
f 1758/1758 1761/1761 1762/1762
f 1758/1758 1762/1762 1763/1763
f 1758/1758 1763/1763 1764/1764
f 1758/1758 1764/1764 1765/1765
f 1758/1758 1765/1765 1766/1766
f 1767/1767 1768/1768 1777/1777
f 1767/1767 1777/1777 1776/1776
f 1768/1768 1769/1769 1778/1778
f 1768/1768 1778/1778 1777/1777
f 1769/1769 1770/1770 1779/1779
f 1769/1769 1779/1779 1778/1778
f 1770/1770 1771/1771 1780/1780
f 1770/1770 1780/1780 1779/1779
f 1771/1771 1772/1772 1781/1781
f 1771/1771 1781/1781 1780/1780
f 1772/1772 1773/1773 1782/1782
f 1772/1772 1782/1782 1781/1781
f 1773/1773 1774/1774 1783/1783
f 1773/1773 1783/1783 1782/1782
f 1774/1774 1775/1775 1784/1784
f 1774/1774 1784/1784 1783/1783
f 1775/1775 1767/1767 1776/1776
f 1775/1775 1776/1776 1784/1784
f 1775/1775 1774/1774 1773/1773
f 1775/1775 1773/1773 1772/1772
f 1775/1775 1772/1772 1771/1771
f 1775/1775 1771/1771 1770/1770
f 1775/1775 1770/1770 1769/1769
f 1775/1775 1769/1769 1768/1768
f 1775/1775 1768/1768 1767/1767
f 1776/1776 1777/1777 1778/1778
f 1776/1776 1778/1778 1779/1779
f 1776/1776 1779/1779 1780/1780
f 1776/1776 1780/1780 1781/1781
f 1776/1776 1781/1781 1782/1782
f 1776/1776 1782/1782 1783/1783
f 1776/1776 1783/1783 1784/1784
f 1785/1785 1786/1786 1795/1795
f 1785/1785 1795/1795 1794/1794
f 1786/1786 1787/1787 1796/1796
f 1786/1786 1796/1796 1795/1795
f 1787/1787 1788/1788 1797/1797
f 1787/1787 1797/1797 1796/1796
f 1788/1788 1789/1789 1798/1798
f 1788/1788 1798/1798 1797/1797
f 1789/1789 1790/1790 1799/1799
f 1789/1789 1799/1799 1798/1798
f 1790/1790 1791/1791 1800/1800
f 1790/1790 1800/1800 1799/1799
f 1791/1791 1792/1792 1801/1801
f 1791/1791 1801/1801 1800/1800
f 1792/1792 1793/1793 1802/1802
f 1792/1792 1802/1802 1801/1801
f 1793/1793 1785/1785 1794/1794
f 1793/1793 1794/1794 1802/1802
f 1793/1793 1792/1792 1791/1791
f 1793/1793 1791/1791 1790/1790
f 1793/1793 1790/1790 1789/1789
f 1793/1793 1789/1789 1788/1788
f 1793/1793 1788/1788 1787/1787
f 1793/1793 1787/1787 1786/1786
f 1793/1793 1786/1786 1785/1785
f 1794/1794 1795/1795 1796/1796
f 1794/1794 1796/1796 1797/1797
f 1794/1794 1797/1797 1798/1798
f 1794/1794 1798/1798 1799/1799
f 1794/1794 1799/1799 1800/1800
f 1794/1794 1800/1800 1801/1801
f 1794/1794 1801/1801 1802/1802
f 1803/1803 1804/1804 1812/1812
f 1803/1803 1812/1812 1811/1811
f 1804/1804 1805/1805 1813/1813
f 1804/1804 1813/1813 1812/1812
f 1805/1805 1806/1806 1814/1814
f 1805/1805 1814/1814 1813/1813
f 1806/1806 1807/1807 1815/1815
f 1806/1806 1815/1815 1814/1814
f 1807/1807 1808/1808 1816/1816
f 1807/1807 1816/1816 1815/1815
f 1808/1808 1809/1809 1817/1817
f 1808/1808 1817/1817 1816/1816
f 1809/1809 1810/1810 1818/1818
f 1809/1809 1818/1818 1817/1817
f 1810/1810 1803/1803 1811/1811
f 1810/1810 1811/1811 1818/1818
f 1810/1810 1809/1809 1808/1808
f 1810/1810 1808/1808 1807/1807
f 1810/1810 1807/1807 1806/1806
f 1810/1810 1806/1806 1805/1805
f 1810/1810 1805/1805 1804/1804
f 1810/1810 1804/1804 1803/1803
f 1811/1811 1812/1812 1813/1813
f 1811/1811 1813/1813 1814/1814
f 1811/1811 1814/1814 1815/1815
f 1811/1811 1815/1815 1816/1816
f 1811/1811 1816/1816 1817/1817
f 1811/1811 1817/1817 1818/1818
f 1819/1819 1820/1820 1828/1828
f 1819/1819 1828/1828 1827/1827
f 1820/1820 1821/1821 1829/1829
f 1820/1820 1829/1829 1828/1828
f 1821/1821 1822/1822 1830/1830
f 1821/1821 1830/1830 1829/1829
f 1822/1822 1823/1823 1831/1831
f 1822/1822 1831/1831 1830/1830
f 1823/1823 1824/1824 1832/1832
f 1823/1823 1832/1832 1831/1831
f 1824/1824 1825/1825 1833/1833
f 1824/1824 1833/1833 1832/1832
f 1825/1825 1826/1826 1834/1834
f 1825/1825 1834/1834 1833/1833
f 1826/1826 1819/1819 1827/1827
f 1826/1826 1827/1827 1834/1834
f 1826/1826 1825/1825 1824/1824
f 1826/1826 1824/1824 1823/1823
f 1826/1826 1823/1823 1822/1822
f 1826/1826 1822/1822 1821/1821
f 1826/1826 1821/1821 1820/1820
f 1826/1826 1820/1820 1819/1819
f 1827/1827 1828/1828 1829/1829
f 1827/1827 1829/1829 1830/1830
f 1827/1827 1830/1830 1831/1831
f 1827/1827 1831/1831 1832/1832
f 1827/1827 1832/1832 1833/1833
f 1827/1827 1833/1833 1834/1834
f 1835/1835 1836/1836 1843/1843
f 1835/1835 1843/1843 1842/1842
f 1836/1836 1837/1837 1844/1844
f 1836/1836 1844/1844 1843/1843
f 1837/1837 1838/1838 1845/1845
f 1837/1837 1845/1845 1844/1844
f 1838/1838 1839/1839 1846/1846
f 1838/1838 1846/1846 1845/1845
f 1839/1839 1840/1840 1847/1847
f 1839/1839 1847/1847 1846/1846
f 1840/1840 1841/1841 1848/1848
f 1840/1840 1848/1848 1847/1847
f 1841/1841 1835/1835 1842/1842
f 1841/1841 1842/1842 1848/1848
f 1841/1841 1840/1840 1839/1839
f 1841/1841 1839/1839 1838/1838
f 1841/1841 1838/1838 1837/1837
f 1841/1841 1837/1837 1836/1836
f 1841/1841 1836/1836 1835/1835
f 1842/1842 1843/1843 1844/1844
f 1842/1842 1844/1844 1845/1845
f 1842/1842 1845/1845 1846/1846
f 1842/1842 1846/1846 1847/1847
f 1842/1842 1847/1847 1848/1848
f 1849/1849 1850/1850 1857/1857
f 1849/1849 1857/1857 1856/1856
f 1850/1850 1851/1851 1858/1858
f 1850/1850 1858/1858 1857/1857
f 1851/1851 1852/1852 1859/1859
f 1851/1851 1859/1859 1858/1858
f 1852/1852 1853/1853 1860/1860
f 1852/1852 1860/1860 1859/1859
f 1853/1853 1854/1854 1861/1861
f 1853/1853 1861/1861 1860/1860
f 1854/1854 1855/1855 1862/1862
f 1854/1854 1862/1862 1861/1861
f 1855/1855 1849/1849 1856/1856
f 1855/1855 1856/1856 1862/1862
f 1855/1855 1854/1854 1853/1853
f 1855/1855 1853/1853 1852/1852
f 1855/1855 1852/1852 1851/1851
f 1855/1855 1851/1851 1850/1850
f 1855/1855 1850/1850 1849/1849
f 1856/1856 1857/1857 1858/1858
f 1856/1856 1858/1858 1859/1859
f 1856/1856 1859/1859 1860/1860
f 1856/1856 1860/1860 1861/1861
f 1856/1856 1861/1861 1862/1862
f 1863/1863 1864/1864 1871/1871
f 1863/1863 1871/1871 1870/1870
f 1864/1864 1865/1865 1872/1872
f 1864/1864 1872/1872 1871/1871
f 1865/1865 1866/1866 1873/1873
f 1865/1865 1873/1873 1872/1872
f 1866/1866 1867/1867 1874/1874
f 1866/1866 1874/1874 1873/1873
f 1867/1867 1868/1868 1875/1875
f 1867/1867 1875/1875 1874/1874
f 1868/1868 1869/1869 1876/1876
f 1868/1868 1876/1876 1875/1875
f 1869/1869 1863/1863 1870/1870
f 1869/1869 1870/1870 1876/1876
f 1869/1869 1868/1868 1867/1867
f 1869/1869 1867/1867 1866/1866
f 1869/1869 1866/1866 1865/1865
f 1869/1869 1865/1865 1864/1864
f 1869/1869 1864/1864 1863/1863
f 1870/1870 1871/1871 1872/1872
f 1870/1870 1872/1872 1873/1873
f 1870/1870 1873/1873 1874/1874
f 1870/1870 1874/1874 1875/1875
f 1870/1870 1875/1875 1876/1876
f 1877/1877 1878/1878 1885/1885
f 1877/1877 1885/1885 1884/1884
f 1878/1878 1879/1879 1886/1886
f 1878/1878 1886/1886 1885/1885
f 1879/1879 1880/1880 1887/1887
f 1879/1879 1887/1887 1886/1886
f 1880/1880 1881/1881 1888/1888
f 1880/1880 1888/1888 1887/1887
f 1881/1881 1882/1882 1889/1889
f 1881/1881 1889/1889 1888/1888
f 1882/1882 1883/1883 1890/1890
f 1882/1882 1890/1890 1889/1889
f 1883/1883 1877/1877 1884/1884
f 1883/1883 1884/1884 1890/1890
f 1883/1883 1882/1882 1881/1881
f 1883/1883 1881/1881 1880/1880
f 1883/1883 1880/1880 1879/1879
f 1883/1883 1879/1879 1878/1878
f 1883/1883 1878/1878 1877/1877
f 1884/1884 1885/1885 1886/1886
f 1884/1884 1886/1886 1887/1887
f 1884/1884 1887/1887 1888/1888
f 1884/1884 1888/1888 1889/1889
f 1884/1884 1889/1889 1890/1890
f 1891/1891 1892/1892 1899/1899
f 1891/1891 1899/1899 1898/1898
f 1892/1892 1893/1893 1900/1900
f 1892/1892 1900/1900 1899/1899
f 1893/1893 1894/1894 1901/1901
f 1893/1893 1901/1901 1900/1900
f 1894/1894 1895/1895 1902/1902
f 1894/1894 1902/1902 1901/1901
f 1895/1895 1896/1896 1903/1903
f 1895/1895 1903/1903 1902/1902
f 1896/1896 1897/1897 1904/1904
f 1896/1896 1904/1904 1903/1903
f 1897/1897 1891/1891 1898/1898
f 1897/1897 1898/1898 1904/1904
f 1897/1897 1896/1896 1895/1895
f 1897/1897 1895/1895 1894/1894
f 1897/1897 1894/1894 1893/1893
f 1897/1897 1893/1893 1892/1892
f 1897/1897 1892/1892 1891/1891
f 1898/1898 1899/1899 1900/1900
f 1898/1898 1900/1900 1901/1901
f 1898/1898 1901/1901 1902/1902
f 1898/1898 1902/1902 1903/1903
f 1898/1898 1903/1903 1904/1904
f 1905/1905 1906/1906 1913/1913
f 1905/1905 1913/1913 1912/1912
f 1906/1906 1907/1907 1914/1914
f 1906/1906 1914/1914 1913/1913
f 1907/1907 1908/1908 1915/1915
f 1907/1907 1915/1915 1914/1914
f 1908/1908 1909/1909 1916/1916
f 1908/1908 1916/1916 1915/1915
f 1909/1909 1910/1910 1917/1917
f 1909/1909 1917/1917 1916/1916
f 1910/1910 1911/1911 1918/1918
f 1910/1910 1918/1918 1917/1917
f 1911/1911 1905/1905 1912/1912
f 1911/1911 1912/1912 1918/1918
f 1911/1911 1910/1910 1909/1909
f 1911/1911 1909/1909 1908/1908
f 1911/1911 1908/1908 1907/1907
f 1911/1911 1907/1907 1906/1906
f 1911/1911 1906/1906 1905/1905
f 1912/1912 1913/1913 1914/1914
f 1912/1912 1914/1914 1915/1915
f 1912/1912 1915/1915 1916/1916
f 1912/1912 1916/1916 1917/1917
f 1912/1912 1917/1917 1918/1918
f 1919/1919 1920/1920 1927/1927
f 1919/1919 1927/1927 1926/1926
f 1920/1920 1921/1921 1928/1928
f 1920/1920 1928/1928 1927/1927
f 1921/1921 1922/1922 1929/1929
f 1921/1921 1929/1929 1928/1928
f 1922/1922 1923/1923 1930/1930
f 1922/1922 1930/1930 1929/1929
f 1923/1923 1924/1924 1931/1931
f 1923/1923 1931/1931 1930/1930
f 1924/1924 1925/1925 1932/1932
f 1924/1924 1932/1932 1931/1931
f 1925/1925 1919/1919 1926/1926
f 1925/1925 1926/1926 1932/1932
f 1925/1925 1924/1924 1923/1923
f 1925/1925 1923/1923 1922/1922
f 1925/1925 1922/1922 1921/1921
f 1925/1925 1921/1921 1920/1920
f 1925/1925 1920/1920 1919/1919
f 1926/1926 1927/1927 1928/1928
f 1926/1926 1928/1928 1929/1929
f 1926/1926 1929/1929 1930/1930
f 1926/1926 1930/1930 1931/1931
f 1926/1926 1931/1931 1932/1932
f 1933/1933 1934/1934 1941/1941
f 1933/1933 1941/1941 1940/1940
f 1934/1934 1935/1935 1942/1942
f 1934/1934 1942/1942 1941/1941
f 1935/1935 1936/1936 1943/1943
f 1935/1935 1943/1943 1942/1942
f 1936/1936 1937/1937 1944/1944
f 1936/1936 1944/1944 1943/1943
f 1937/1937 1938/1938 1945/1945
f 1937/1937 1945/1945 1944/1944
f 1938/1938 1939/1939 1946/1946
f 1938/1938 1946/1946 1945/1945
f 1939/1939 1933/1933 1940/1940
f 1939/1939 1940/1940 1946/1946
f 1939/1939 1938/1938 1937/1937
f 1939/1939 1937/1937 1936/1936
f 1939/1939 1936/1936 1935/1935
f 1939/1939 1935/1935 1934/1934
f 1939/1939 1934/1934 1933/1933
f 1940/1940 1941/1941 1942/1942
f 1940/1940 1942/1942 1943/1943
f 1940/1940 1943/1943 1944/1944
f 1940/1940 1944/1944 1945/1945
f 1940/1940 1945/1945 1946/1946
f 1947/1947 1948/1948 1955/1955
f 1947/1947 1955/1955 1954/1954
f 1948/1948 1949/1949 1956/1956
f 1948/1948 1956/1956 1955/1955
f 1949/1949 1950/1950 1957/1957
f 1949/1949 1957/1957 1956/1956
f 1950/1950 1951/1951 1958/1958
f 1950/1950 1958/1958 1957/1957
f 1951/1951 1952/1952 1959/1959
f 1951/1951 1959/1959 1958/1958
f 1952/1952 1953/1953 1960/1960
f 1952/1952 1960/1960 1959/1959
f 1953/1953 1947/1947 1954/1954
f 1953/1953 1954/1954 1960/1960
f 1953/1953 1952/1952 1951/1951
f 1953/1953 1951/1951 1950/1950
f 1953/1953 1950/1950 1949/1949
f 1953/1953 1949/1949 1948/1948
f 1953/1953 1948/1948 1947/1947
f 1954/1954 1955/1955 1956/1956
f 1954/1954 1956/1956 1957/1957
f 1954/1954 1957/1957 1958/1958
f 1954/1954 1958/1958 1959/1959
f 1954/1954 1959/1959 1960/1960
f 1961/1961 1962/1962 1971/1971
f 1961/1961 1971/1971 1970/1970
f 1962/1962 1963/1963 1972/1972
f 1962/1962 1972/1972 1971/1971
f 1963/1963 1964/1964 1973/1973
f 1963/1963 1973/1973 1972/1972
f 1964/1964 1965/1965 1974/1974
f 1964/1964 1974/1974 1973/1973
f 1965/1965 1966/1966 1975/1975
f 1965/1965 1975/1975 1974/1974
f 1966/1966 1967/1967 1976/1976
f 1966/1966 1976/1976 1975/1975
f 1967/1967 1968/1968 1977/1977
f 1967/1967 1977/1977 1976/1976
f 1968/1968 1969/1969 1978/1978
f 1968/1968 1978/1978 1977/1977
f 1969/1969 1961/1961 1970/1970
f 1969/1969 1970/1970 1978/1978
f 1969/1969 1968/1968 1967/1967
f 1969/1969 1967/1967 1966/1966
f 1969/1969 1966/1966 1965/1965
f 1969/1969 1965/1965 1964/1964
f 1969/1969 1964/1964 1963/1963
f 1969/1969 1963/1963 1962/1962
f 1969/1969 1962/1962 1961/1961
f 1970/1970 1971/1971 1972/1972
f 1970/1970 1972/1972 1973/1973
f 1970/1970 1973/1973 1974/1974
f 1970/1970 1974/1974 1975/1975
f 1970/1970 1975/1975 1976/1976
f 1970/1970 1976/1976 1977/1977
f 1970/1970 1977/1977 1978/1978
f 1979/1979 1980/1980 1989/1989
f 1979/1979 1989/1989 1988/1988
f 1980/1980 1981/1981 1990/1990
f 1980/1980 1990/1990 1989/1989
f 1981/1981 1982/1982 1991/1991
f 1981/1981 1991/1991 1990/1990
f 1982/1982 1983/1983 1992/1992
f 1982/1982 1992/1992 1991/1991
f 1983/1983 1984/1984 1993/1993
f 1983/1983 1993/1993 1992/1992
f 1984/1984 1985/1985 1994/1994
f 1984/1984 1994/1994 1993/1993
f 1985/1985 1986/1986 1995/1995
f 1985/1985 1995/1995 1994/1994
f 1986/1986 1987/1987 1996/1996
f 1986/1986 1996/1996 1995/1995
f 1987/1987 1979/1979 1988/1988
f 1987/1987 1988/1988 1996/1996
f 1987/1987 1986/1986 1985/1985
f 1987/1987 1985/1985 1984/1984
f 1987/1987 1984/1984 1983/1983
f 1987/1987 1983/1983 1982/1982
f 1987/1987 1982/1982 1981/1981
f 1987/1987 1981/1981 1980/1980
f 1987/1987 1980/1980 1979/1979
f 1988/1988 1989/1989 1990/1990
f 1988/1988 1990/1990 1991/1991
f 1988/1988 1991/1991 1992/1992
f 1988/1988 1992/1992 1993/1993
f 1988/1988 1993/1993 1994/1994
f 1988/1988 1994/1994 1995/1995
f 1988/1988 1995/1995 1996/1996
f 1997/1997 1998/1998 2007/2007
f 1997/1997 2007/2007 2006/2006
f 1998/1998 1999/1999 2008/2008
f 1998/1998 2008/2008 2007/2007
f 1999/1999 2000/2000 2009/2009
f 1999/1999 2009/2009 2008/2008
f 2000/2000 2001/2001 2010/2010
f 2000/2000 2010/2010 2009/2009
f 2001/2001 2002/2002 2011/2011
f 2001/2001 2011/2011 2010/2010
f 2002/2002 2003/2003 2012/2012
f 2002/2002 2012/2012 2011/2011
f 2003/2003 2004/2004 2013/2013
f 2003/2003 2013/2013 2012/2012
f 2004/2004 2005/2005 2014/2014
f 2004/2004 2014/2014 2013/2013
f 2005/2005 1997/1997 2006/2006
f 2005/2005 2006/2006 2014/2014
f 2005/2005 2004/2004 2003/2003
f 2005/2005 2003/2003 2002/2002
f 2005/2005 2002/2002 2001/2001
f 2005/2005 2001/2001 2000/2000
f 2005/2005 2000/2000 1999/1999
f 2005/2005 1999/1999 1998/1998
f 2005/2005 1998/1998 1997/1997
f 2006/2006 2007/2007 2008/2008
f 2006/2006 2008/2008 2009/2009
f 2006/2006 2009/2009 2010/2010
f 2006/2006 2010/2010 2011/2011
f 2006/2006 2011/2011 2012/2012
f 2006/2006 2012/2012 2013/2013
f 2006/2006 2013/2013 2014/2014
f 2015/2015 2016/2016 2025/2025
f 2015/2015 2025/2025 2024/2024
f 2016/2016 2017/2017 2026/2026
f 2016/2016 2026/2026 2025/2025
f 2017/2017 2018/2018 2027/2027
f 2017/2017 2027/2027 2026/2026
f 2018/2018 2019/2019 2028/2028
f 2018/2018 2028/2028 2027/2027
f 2019/2019 2020/2020 2029/2029
f 2019/2019 2029/2029 2028/2028
f 2020/2020 2021/2021 2030/2030
f 2020/2020 2030/2030 2029/2029
f 2021/2021 2022/2022 2031/2031
f 2021/2021 2031/2031 2030/2030
f 2022/2022 2023/2023 2032/2032
f 2022/2022 2032/2032 2031/2031
f 2023/2023 2015/2015 2024/2024
f 2023/2023 2024/2024 2032/2032
f 2023/2023 2022/2022 2021/2021
f 2023/2023 2021/2021 2020/2020
f 2023/2023 2020/2020 2019/2019
f 2023/2023 2019/2019 2018/2018
f 2023/2023 2018/2018 2017/2017
f 2023/2023 2017/2017 2016/2016
f 2023/2023 2016/2016 2015/2015
f 2024/2024 2025/2025 2026/2026
f 2024/2024 2026/2026 2027/2027
f 2024/2024 2027/2027 2028/2028
f 2024/2024 2028/2028 2029/2029
f 2024/2024 2029/2029 2030/2030
f 2024/2024 2030/2030 2031/2031
f 2024/2024 2031/2031 2032/2032
f 2033/2033 2034/2034 2043/2043
f 2033/2033 2043/2043 2042/2042
f 2034/2034 2035/2035 2044/2044
f 2034/2034 2044/2044 2043/2043
f 2035/2035 2036/2036 2045/2045
f 2035/2035 2045/2045 2044/2044
f 2036/2036 2037/2037 2046/2046
f 2036/2036 2046/2046 2045/2045
f 2037/2037 2038/2038 2047/2047
f 2037/2037 2047/2047 2046/2046
f 2038/2038 2039/2039 2048/2048
f 2038/2038 2048/2048 2047/2047
f 2039/2039 2040/2040 2049/2049
f 2039/2039 2049/2049 2048/2048
f 2040/2040 2041/2041 2050/2050
f 2040/2040 2050/2050 2049/2049
f 2041/2041 2033/2033 2042/2042
f 2041/2041 2042/2042 2050/2050
f 2041/2041 2040/2040 2039/2039
f 2041/2041 2039/2039 2038/2038
f 2041/2041 2038/2038 2037/2037
f 2041/2041 2037/2037 2036/2036
f 2041/2041 2036/2036 2035/2035
f 2041/2041 2035/2035 2034/2034
f 2041/2041 2034/2034 2033/2033
f 2042/2042 2043/2043 2044/2044
f 2042/2042 2044/2044 2045/2045
f 2042/2042 2045/2045 2046/2046
f 2042/2042 2046/2046 2047/2047
f 2042/2042 2047/2047 2048/2048
f 2042/2042 2048/2048 2049/2049
f 2042/2042 2049/2049 2050/2050
f 2051/2051 2052/2052 2061/2061
f 2051/2051 2061/2061 2060/2060
f 2052/2052 2053/2053 2062/2062
f 2052/2052 2062/2062 2061/2061
f 2053/2053 2054/2054 2063/2063
f 2053/2053 2063/2063 2062/2062
f 2054/2054 2055/2055 2064/2064
f 2054/2054 2064/2064 2063/2063
f 2055/2055 2056/2056 2065/2065
f 2055/2055 2065/2065 2064/2064
f 2056/2056 2057/2057 2066/2066
f 2056/2056 2066/2066 2065/2065
f 2057/2057 2058/2058 2067/2067
f 2057/2057 2067/2067 2066/2066
f 2058/2058 2059/2059 2068/2068
f 2058/2058 2068/2068 2067/2067
f 2059/2059 2051/2051 2060/2060
f 2059/2059 2060/2060 2068/2068
f 2059/2059 2058/2058 2057/2057
f 2059/2059 2057/2057 2056/2056
f 2059/2059 2056/2056 2055/2055
f 2059/2059 2055/2055 2054/2054
f 2059/2059 2054/2054 2053/2053
f 2059/2059 2053/2053 2052/2052
f 2059/2059 2052/2052 2051/2051
f 2060/2060 2061/2061 2062/2062
f 2060/2060 2062/2062 2063/2063
f 2060/2060 2063/2063 2064/2064
f 2060/2060 2064/2064 2065/2065
f 2060/2060 2065/2065 2066/2066
f 2060/2060 2066/2066 2067/2067
f 2060/2060 2067/2067 2068/2068
f 2069/2069 2070/2070 2079/2079
f 2069/2069 2079/2079 2078/2078
f 2070/2070 2071/2071 2080/2080
f 2070/2070 2080/2080 2079/2079
f 2071/2071 2072/2072 2081/2081
f 2071/2071 2081/2081 2080/2080
f 2072/2072 2073/2073 2082/2082
f 2072/2072 2082/2082 2081/2081
f 2073/2073 2074/2074 2083/2083
f 2073/2073 2083/2083 2082/2082
f 2074/2074 2075/2075 2084/2084
f 2074/2074 2084/2084 2083/2083
f 2075/2075 2076/2076 2085/2085
f 2075/2075 2085/2085 2084/2084
f 2076/2076 2077/2077 2086/2086
f 2076/2076 2086/2086 2085/2085
f 2077/2077 2069/2069 2078/2078
f 2077/2077 2078/2078 2086/2086
f 2077/2077 2076/2076 2075/2075
f 2077/2077 2075/2075 2074/2074
f 2077/2077 2074/2074 2073/2073
f 2077/2077 2073/2073 2072/2072
f 2077/2077 2072/2072 2071/2071
f 2077/2077 2071/2071 2070/2070
f 2077/2077 2070/2070 2069/2069
f 2078/2078 2079/2079 2080/2080
f 2078/2078 2080/2080 2081/2081
f 2078/2078 2081/2081 2082/2082
f 2078/2078 2082/2082 2083/2083
f 2078/2078 2083/2083 2084/2084
f 2078/2078 2084/2084 2085/2085
f 2078/2078 2085/2085 2086/2086
f 2087/2087 2088/2088 2097/2097
f 2087/2087 2097/2097 2096/2096
f 2088/2088 2089/2089 2098/2098
f 2088/2088 2098/2098 2097/2097
f 2089/2089 2090/2090 2099/2099
f 2089/2089 2099/2099 2098/2098
f 2090/2090 2091/2091 2100/2100
f 2090/2090 2100/2100 2099/2099
f 2091/2091 2092/2092 2101/2101
f 2091/2091 2101/2101 2100/2100
f 2092/2092 2093/2093 2102/2102
f 2092/2092 2102/2102 2101/2101
f 2093/2093 2094/2094 2103/2103
f 2093/2093 2103/2103 2102/2102
f 2094/2094 2095/2095 2104/2104
f 2094/2094 2104/2104 2103/2103
f 2095/2095 2087/2087 2096/2096
f 2095/2095 2096/2096 2104/2104
f 2095/2095 2094/2094 2093/2093
f 2095/2095 2093/2093 2092/2092
f 2095/2095 2092/2092 2091/2091
f 2095/2095 2091/2091 2090/2090
f 2095/2095 2090/2090 2089/2089
f 2095/2095 2089/2089 2088/2088
f 2095/2095 2088/2088 2087/2087
f 2096/2096 2097/2097 2098/2098
f 2096/2096 2098/2098 2099/2099
f 2096/2096 2099/2099 2100/2100
f 2096/2096 2100/2100 2101/2101
f 2096/2096 2101/2101 2102/2102
f 2096/2096 2102/2102 2103/2103
f 2096/2096 2103/2103 2104/2104
f 2105/2105 2106/2106 2115/2115
f 2105/2105 2115/2115 2114/2114
f 2106/2106 2107/2107 2116/2116
f 2106/2106 2116/2116 2115/2115
f 2107/2107 2108/2108 2117/2117
f 2107/2107 2117/2117 2116/2116
f 2108/2108 2109/2109 2118/2118
f 2108/2108 2118/2118 2117/2117
f 2109/2109 2110/2110 2119/2119
f 2109/2109 2119/2119 2118/2118
f 2110/2110 2111/2111 2120/2120
f 2110/2110 2120/2120 2119/2119
f 2111/2111 2112/2112 2121/2121
f 2111/2111 2121/2121 2120/2120
f 2112/2112 2113/2113 2122/2122
f 2112/2112 2122/2122 2121/2121
f 2113/2113 2105/2105 2114/2114
f 2113/2113 2114/2114 2122/2122
f 2113/2113 2112/2112 2111/2111
f 2113/2113 2111/2111 2110/2110
f 2113/2113 2110/2110 2109/2109
f 2113/2113 2109/2109 2108/2108
f 2113/2113 2108/2108 2107/2107
f 2113/2113 2107/2107 2106/2106
f 2113/2113 2106/2106 2105/2105
f 2114/2114 2115/2115 2116/2116
f 2114/2114 2116/2116 2117/2117
f 2114/2114 2117/2117 2118/2118
f 2114/2114 2118/2118 2119/2119
f 2114/2114 2119/2119 2120/2120
f 2114/2114 2120/2120 2121/2121
f 2114/2114 2121/2121 2122/2122
f 2123/2123 2124/2124 2133/2133
f 2123/2123 2133/2133 2132/2132
f 2124/2124 2125/2125 2134/2134
f 2124/2124 2134/2134 2133/2133
f 2125/2125 2126/2126 2135/2135
f 2125/2125 2135/2135 2134/2134
f 2126/2126 2127/2127 2136/2136
f 2126/2126 2136/2136 2135/2135
f 2127/2127 2128/2128 2137/2137
f 2127/2127 2137/2137 2136/2136
f 2128/2128 2129/2129 2138/2138
f 2128/2128 2138/2138 2137/2137
f 2129/2129 2130/2130 2139/2139
f 2129/2129 2139/2139 2138/2138
f 2130/2130 2131/2131 2140/2140
f 2130/2130 2140/2140 2139/2139
f 2131/2131 2123/2123 2132/2132
f 2131/2131 2132/2132 2140/2140
f 2131/2131 2130/2130 2129/2129
f 2131/2131 2129/2129 2128/2128
f 2131/2131 2128/2128 2127/2127
f 2131/2131 2127/2127 2126/2126
f 2131/2131 2126/2126 2125/2125
f 2131/2131 2125/2125 2124/2124
f 2131/2131 2124/2124 2123/2123
f 2132/2132 2133/2133 2134/2134
f 2132/2132 2134/2134 2135/2135
f 2132/2132 2135/2135 2136/2136
f 2132/2132 2136/2136 2137/2137
f 2132/2132 2137/2137 2138/2138
f 2132/2132 2138/2138 2139/2139
f 2132/2132 2139/2139 2140/2140
f 2141/2141 2142/2142 2151/2151
f 2141/2141 2151/2151 2150/2150
f 2142/2142 2143/2143 2152/2152
f 2142/2142 2152/2152 2151/2151
f 2143/2143 2144/2144 2153/2153
f 2143/2143 2153/2153 2152/2152
f 2144/2144 2145/2145 2154/2154
f 2144/2144 2154/2154 2153/2153
f 2145/2145 2146/2146 2155/2155
f 2145/2145 2155/2155 2154/2154
f 2146/2146 2147/2147 2156/2156
f 2146/2146 2156/2156 2155/2155
f 2147/2147 2148/2148 2157/2157
f 2147/2147 2157/2157 2156/2156
f 2148/2148 2149/2149 2158/2158
f 2148/2148 2158/2158 2157/2157
f 2149/2149 2141/2141 2150/2150
f 2149/2149 2150/2150 2158/2158
f 2149/2149 2148/2148 2147/2147
f 2149/2149 2147/2147 2146/2146
f 2149/2149 2146/2146 2145/2145
f 2149/2149 2145/2145 2144/2144
f 2149/2149 2144/2144 2143/2143
f 2149/2149 2143/2143 2142/2142
f 2149/2149 2142/2142 2141/2141
f 2150/2150 2151/2151 2152/2152
f 2150/2150 2152/2152 2153/2153
f 2150/2150 2153/2153 2154/2154
f 2150/2150 2154/2154 2155/2155
f 2150/2150 2155/2155 2156/2156
f 2150/2150 2156/2156 2157/2157
f 2150/2150 2157/2157 2158/2158
f 2159/2159 2160/2160 2169/2169
f 2159/2159 2169/2169 2168/2168
f 2160/2160 2161/2161 2170/2170
f 2160/2160 2170/2170 2169/2169
f 2161/2161 2162/2162 2171/2171
f 2161/2161 2171/2171 2170/2170
f 2162/2162 2163/2163 2172/2172
f 2162/2162 2172/2172 2171/2171
f 2163/2163 2164/2164 2173/2173
f 2163/2163 2173/2173 2172/2172
f 2164/2164 2165/2165 2174/2174
f 2164/2164 2174/2174 2173/2173
f 2165/2165 2166/2166 2175/2175
f 2165/2165 2175/2175 2174/2174
f 2166/2166 2167/2167 2176/2176
f 2166/2166 2176/2176 2175/2175
f 2167/2167 2159/2159 2168/2168
f 2167/2167 2168/2168 2176/2176
f 2167/2167 2166/2166 2165/2165
f 2167/2167 2165/2165 2164/2164
f 2167/2167 2164/2164 2163/2163
f 2167/2167 2163/2163 2162/2162
f 2167/2167 2162/2162 2161/2161
f 2167/2167 2161/2161 2160/2160
f 2167/2167 2160/2160 2159/2159
f 2168/2168 2169/2169 2170/2170
f 2168/2168 2170/2170 2171/2171
f 2168/2168 2171/2171 2172/2172
f 2168/2168 2172/2172 2173/2173
f 2168/2168 2173/2173 2174/2174
f 2168/2168 2174/2174 2175/2175
f 2168/2168 2175/2175 2176/2176
f 2177/2177 2178/2178 2187/2187
f 2177/2177 2187/2187 2186/2186
f 2178/2178 2179/2179 2188/2188
f 2178/2178 2188/2188 2187/2187
f 2179/2179 2180/2180 2189/2189
f 2179/2179 2189/2189 2188/2188
f 2180/2180 2181/2181 2190/2190
f 2180/2180 2190/2190 2189/2189
f 2181/2181 2182/2182 2191/2191
f 2181/2181 2191/2191 2190/2190
f 2182/2182 2183/2183 2192/2192
f 2182/2182 2192/2192 2191/2191
f 2183/2183 2184/2184 2193/2193
f 2183/2183 2193/2193 2192/2192
f 2184/2184 2185/2185 2194/2194
f 2184/2184 2194/2194 2193/2193
f 2185/2185 2177/2177 2186/2186
f 2185/2185 2186/2186 2194/2194
f 2185/2185 2184/2184 2183/2183
f 2185/2185 2183/2183 2182/2182
f 2185/2185 2182/2182 2181/2181
f 2185/2185 2181/2181 2180/2180
f 2185/2185 2180/2180 2179/2179
f 2185/2185 2179/2179 2178/2178
f 2185/2185 2178/2178 2177/2177
f 2186/2186 2187/2187 2188/2188
f 2186/2186 2188/2188 2189/2189
f 2186/2186 2189/2189 2190/2190
f 2186/2186 2190/2190 2191/2191
f 2186/2186 2191/2191 2192/2192
f 2186/2186 2192/2192 2193/2193
f 2186/2186 2193/2193 2194/2194
f 2195/2195 2196/2196 2205/2205
f 2195/2195 2205/2205 2204/2204
f 2196/2196 2197/2197 2206/2206
f 2196/2196 2206/2206 2205/2205
f 2197/2197 2198/2198 2207/2207
f 2197/2197 2207/2207 2206/2206
f 2198/2198 2199/2199 2208/2208
f 2198/2198 2208/2208 2207/2207
f 2199/2199 2200/2200 2209/2209
f 2199/2199 2209/2209 2208/2208
f 2200/2200 2201/2201 2210/2210
f 2200/2200 2210/2210 2209/2209
f 2201/2201 2202/2202 2211/2211
f 2201/2201 2211/2211 2210/2210
f 2202/2202 2203/2203 2212/2212
f 2202/2202 2212/2212 2211/2211
f 2203/2203 2195/2195 2204/2204
f 2203/2203 2204/2204 2212/2212
f 2203/2203 2202/2202 2201/2201
f 2203/2203 2201/2201 2200/2200
f 2203/2203 2200/2200 2199/2199
f 2203/2203 2199/2199 2198/2198
f 2203/2203 2198/2198 2197/2197
f 2203/2203 2197/2197 2196/2196
f 2203/2203 2196/2196 2195/2195
f 2204/2204 2205/2205 2206/2206
f 2204/2204 2206/2206 2207/2207
f 2204/2204 2207/2207 2208/2208
f 2204/2204 2208/2208 2209/2209
f 2204/2204 2209/2209 2210/2210
f 2204/2204 2210/2210 2211/2211
f 2204/2204 2211/2211 2212/2212
f 2213/2213 2214/2214 2223/2223
f 2213/2213 2223/2223 2222/2222
f 2214/2214 2215/2215 2224/2224
f 2214/2214 2224/2224 2223/2223
f 2215/2215 2216/2216 2225/2225
f 2215/2215 2225/2225 2224/2224
f 2216/2216 2217/2217 2226/2226
f 2216/2216 2226/2226 2225/2225
f 2217/2217 2218/2218 2227/2227
f 2217/2217 2227/2227 2226/2226
f 2218/2218 2219/2219 2228/2228
f 2218/2218 2228/2228 2227/2227
f 2219/2219 2220/2220 2229/2229
f 2219/2219 2229/2229 2228/2228
f 2220/2220 2221/2221 2230/2230
f 2220/2220 2230/2230 2229/2229
f 2221/2221 2213/2213 2222/2222
f 2221/2221 2222/2222 2230/2230
f 2221/2221 2220/2220 2219/2219
f 2221/2221 2219/2219 2218/2218
f 2221/2221 2218/2218 2217/2217
f 2221/2221 2217/2217 2216/2216
f 2221/2221 2216/2216 2215/2215
f 2221/2221 2215/2215 2214/2214
f 2221/2221 2214/2214 2213/2213
f 2222/2222 2223/2223 2224/2224
f 2222/2222 2224/2224 2225/2225
f 2222/2222 2225/2225 2226/2226
f 2222/2222 2226/2226 2227/2227
f 2222/2222 2227/2227 2228/2228
f 2222/2222 2228/2228 2229/2229
f 2222/2222 2229/2229 2230/2230
f 2231/2231 2232/2232 2241/2241
f 2231/2231 2241/2241 2240/2240
f 2232/2232 2233/2233 2242/2242
f 2232/2232 2242/2242 2241/2241
f 2233/2233 2234/2234 2243/2243
f 2233/2233 2243/2243 2242/2242
f 2234/2234 2235/2235 2244/2244
f 2234/2234 2244/2244 2243/2243
f 2235/2235 2236/2236 2245/2245
f 2235/2235 2245/2245 2244/2244
f 2236/2236 2237/2237 2246/2246
f 2236/2236 2246/2246 2245/2245
f 2237/2237 2238/2238 2247/2247
f 2237/2237 2247/2247 2246/2246
f 2238/2238 2239/2239 2248/2248
f 2238/2238 2248/2248 2247/2247
f 2239/2239 2231/2231 2240/2240
f 2239/2239 2240/2240 2248/2248
f 2239/2239 2238/2238 2237/2237
f 2239/2239 2237/2237 2236/2236
f 2239/2239 2236/2236 2235/2235
f 2239/2239 2235/2235 2234/2234
f 2239/2239 2234/2234 2233/2233
f 2239/2239 2233/2233 2232/2232
f 2239/2239 2232/2232 2231/2231
f 2240/2240 2241/2241 2242/2242
f 2240/2240 2242/2242 2243/2243
f 2240/2240 2243/2243 2244/2244
f 2240/2240 2244/2244 2245/2245
f 2240/2240 2245/2245 2246/2246
f 2240/2240 2246/2246 2247/2247
f 2240/2240 2247/2247 2248/2248
f 2249/2249 2250/2250 2259/2259
f 2249/2249 2259/2259 2258/2258
f 2250/2250 2251/2251 2260/2260
f 2250/2250 2260/2260 2259/2259
f 2251/2251 2252/2252 2261/2261
f 2251/2251 2261/2261 2260/2260
f 2252/2252 2253/2253 2262/2262
f 2252/2252 2262/2262 2261/2261
f 2253/2253 2254/2254 2263/2263
f 2253/2253 2263/2263 2262/2262
f 2254/2254 2255/2255 2264/2264
f 2254/2254 2264/2264 2263/2263
f 2255/2255 2256/2256 2265/2265
f 2255/2255 2265/2265 2264/2264
f 2256/2256 2257/2257 2266/2266
f 2256/2256 2266/2266 2265/2265
f 2257/2257 2249/2249 2258/2258
f 2257/2257 2258/2258 2266/2266
f 2257/2257 2256/2256 2255/2255
f 2257/2257 2255/2255 2254/2254
f 2257/2257 2254/2254 2253/2253
f 2257/2257 2253/2253 2252/2252
f 2257/2257 2252/2252 2251/2251
f 2257/2257 2251/2251 2250/2250
f 2257/2257 2250/2250 2249/2249
f 2258/2258 2259/2259 2260/2260
f 2258/2258 2260/2260 2261/2261
f 2258/2258 2261/2261 2262/2262
f 2258/2258 2262/2262 2263/2263
f 2258/2258 2263/2263 2264/2264
f 2258/2258 2264/2264 2265/2265
f 2258/2258 2265/2265 2266/2266
f 2267/2267 2268/2268 2277/2277
f 2267/2267 2277/2277 2276/2276
f 2268/2268 2269/2269 2278/2278
f 2268/2268 2278/2278 2277/2277
f 2269/2269 2270/2270 2279/2279
f 2269/2269 2279/2279 2278/2278
f 2270/2270 2271/2271 2280/2280
f 2270/2270 2280/2280 2279/2279
f 2271/2271 2272/2272 2281/2281
f 2271/2271 2281/2281 2280/2280
f 2272/2272 2273/2273 2282/2282
f 2272/2272 2282/2282 2281/2281
f 2273/2273 2274/2274 2283/2283
f 2273/2273 2283/2283 2282/2282
f 2274/2274 2275/2275 2284/2284
f 2274/2274 2284/2284 2283/2283
f 2275/2275 2267/2267 2276/2276
f 2275/2275 2276/2276 2284/2284
f 2275/2275 2274/2274 2273/2273
f 2275/2275 2273/2273 2272/2272
f 2275/2275 2272/2272 2271/2271
f 2275/2275 2271/2271 2270/2270
f 2275/2275 2270/2270 2269/2269
f 2275/2275 2269/2269 2268/2268
f 2275/2275 2268/2268 2267/2267
f 2276/2276 2277/2277 2278/2278
f 2276/2276 2278/2278 2279/2279
f 2276/2276 2279/2279 2280/2280
f 2276/2276 2280/2280 2281/2281
f 2276/2276 2281/2281 2282/2282
f 2276/2276 2282/2282 2283/2283
f 2276/2276 2283/2283 2284/2284
f 2285/2285 2286/2286 2295/2295
f 2285/2285 2295/2295 2294/2294
f 2286/2286 2287/2287 2296/2296
f 2286/2286 2296/2296 2295/2295
f 2287/2287 2288/2288 2297/2297
f 2287/2287 2297/2297 2296/2296
f 2288/2288 2289/2289 2298/2298
f 2288/2288 2298/2298 2297/2297
f 2289/2289 2290/2290 2299/2299
f 2289/2289 2299/2299 2298/2298
f 2290/2290 2291/2291 2300/2300
f 2290/2290 2300/2300 2299/2299
f 2291/2291 2292/2292 2301/2301
f 2291/2291 2301/2301 2300/2300
f 2292/2292 2293/2293 2302/2302
f 2292/2292 2302/2302 2301/2301
f 2293/2293 2285/2285 2294/2294
f 2293/2293 2294/2294 2302/2302
f 2293/2293 2292/2292 2291/2291
f 2293/2293 2291/2291 2290/2290
f 2293/2293 2290/2290 2289/2289
f 2293/2293 2289/2289 2288/2288
f 2293/2293 2288/2288 2287/2287
f 2293/2293 2287/2287 2286/2286
f 2293/2293 2286/2286 2285/2285
f 2294/2294 2295/2295 2296/2296
f 2294/2294 2296/2296 2297/2297
f 2294/2294 2297/2297 2298/2298
f 2294/2294 2298/2298 2299/2299
f 2294/2294 2299/2299 2300/2300
f 2294/2294 2300/2300 2301/2301
f 2294/2294 2301/2301 2302/2302
f 2303/2303 2304/2304 2313/2313
f 2303/2303 2313/2313 2312/2312
f 2304/2304 2305/2305 2314/2314
f 2304/2304 2314/2314 2313/2313
f 2305/2305 2306/2306 2315/2315
f 2305/2305 2315/2315 2314/2314
f 2306/2306 2307/2307 2316/2316
f 2306/2306 2316/2316 2315/2315
f 2307/2307 2308/2308 2317/2317
f 2307/2307 2317/2317 2316/2316
f 2308/2308 2309/2309 2318/2318
f 2308/2308 2318/2318 2317/2317
f 2309/2309 2310/2310 2319/2319
f 2309/2309 2319/2319 2318/2318
f 2310/2310 2311/2311 2320/2320
f 2310/2310 2320/2320 2319/2319
f 2311/2311 2303/2303 2312/2312
f 2311/2311 2312/2312 2320/2320
f 2311/2311 2310/2310 2309/2309
f 2311/2311 2309/2309 2308/2308
f 2311/2311 2308/2308 2307/2307
f 2311/2311 2307/2307 2306/2306
f 2311/2311 2306/2306 2305/2305
f 2311/2311 2305/2305 2304/2304
f 2311/2311 2304/2304 2303/2303
f 2312/2312 2313/2313 2314/2314
f 2312/2312 2314/2314 2315/2315
f 2312/2312 2315/2315 2316/2316
f 2312/2312 2316/2316 2317/2317
f 2312/2312 2317/2317 2318/2318
f 2312/2312 2318/2318 2319/2319
f 2312/2312 2319/2319 2320/2320
f 2321/2321 2322/2322 2330/2330
f 2321/2321 2330/2330 2329/2329
f 2322/2322 2323/2323 2331/2331
f 2322/2322 2331/2331 2330/2330
f 2323/2323 2324/2324 2332/2332
f 2323/2323 2332/2332 2331/2331
f 2324/2324 2325/2325 2333/2333
f 2324/2324 2333/2333 2332/2332
f 2325/2325 2326/2326 2334/2334
f 2325/2325 2334/2334 2333/2333
f 2326/2326 2327/2327 2335/2335
f 2326/2326 2335/2335 2334/2334
f 2327/2327 2328/2328 2336/2336
f 2327/2327 2336/2336 2335/2335
f 2328/2328 2321/2321 2329/2329
f 2328/2328 2329/2329 2336/2336
f 2328/2328 2327/2327 2326/2326
f 2328/2328 2326/2326 2325/2325
f 2328/2328 2325/2325 2324/2324
f 2328/2328 2324/2324 2323/2323
f 2328/2328 2323/2323 2322/2322
f 2328/2328 2322/2322 2321/2321
f 2329/2329 2330/2330 2331/2331
f 2329/2329 2331/2331 2332/2332
f 2329/2329 2332/2332 2333/2333
f 2329/2329 2333/2333 2334/2334
f 2329/2329 2334/2334 2335/2335
f 2329/2329 2335/2335 2336/2336
f 2337/2337 2338/2338 2346/2346
f 2337/2337 2346/2346 2345/2345
f 2338/2338 2339/2339 2347/2347
f 2338/2338 2347/2347 2346/2346
f 2339/2339 2340/2340 2348/2348
f 2339/2339 2348/2348 2347/2347
f 2340/2340 2341/2341 2349/2349
f 2340/2340 2349/2349 2348/2348
f 2341/2341 2342/2342 2350/2350
f 2341/2341 2350/2350 2349/2349
f 2342/2342 2343/2343 2351/2351
f 2342/2342 2351/2351 2350/2350
f 2343/2343 2344/2344 2352/2352
f 2343/2343 2352/2352 2351/2351
f 2344/2344 2337/2337 2345/2345
f 2344/2344 2345/2345 2352/2352
f 2344/2344 2343/2343 2342/2342
f 2344/2344 2342/2342 2341/2341
f 2344/2344 2341/2341 2340/2340
f 2344/2344 2340/2340 2339/2339
f 2344/2344 2339/2339 2338/2338
f 2344/2344 2338/2338 2337/2337
f 2345/2345 2346/2346 2347/2347
f 2345/2345 2347/2347 2348/2348
f 2345/2345 2348/2348 2349/2349
f 2345/2345 2349/2349 2350/2350
f 2345/2345 2350/2350 2351/2351
f 2345/2345 2351/2351 2352/2352
f 2353/2353 2354/2354 2361/2361
f 2353/2353 2361/2361 2360/2360
f 2354/2354 2355/2355 2362/2362
f 2354/2354 2362/2362 2361/2361
f 2355/2355 2356/2356 2363/2363
f 2355/2355 2363/2363 2362/2362
f 2356/2356 2357/2357 2364/2364
f 2356/2356 2364/2364 2363/2363
f 2357/2357 2358/2358 2365/2365
f 2357/2357 2365/2365 2364/2364
f 2358/2358 2359/2359 2366/2366
f 2358/2358 2366/2366 2365/2365
f 2359/2359 2353/2353 2360/2360
f 2359/2359 2360/2360 2366/2366
f 2359/2359 2358/2358 2357/2357
f 2359/2359 2357/2357 2356/2356
f 2359/2359 2356/2356 2355/2355
f 2359/2359 2355/2355 2354/2354
f 2359/2359 2354/2354 2353/2353
f 2360/2360 2361/2361 2362/2362
f 2360/2360 2362/2362 2363/2363
f 2360/2360 2363/2363 2364/2364
f 2360/2360 2364/2364 2365/2365
f 2360/2360 2365/2365 2366/2366
f 2367/2367 2368/2368 2375/2375
f 2367/2367 2375/2375 2374/2374
f 2368/2368 2369/2369 2376/2376
f 2368/2368 2376/2376 2375/2375
f 2369/2369 2370/2370 2377/2377
f 2369/2369 2377/2377 2376/2376
f 2370/2370 2371/2371 2378/2378
f 2370/2370 2378/2378 2377/2377
f 2371/2371 2372/2372 2379/2379
f 2371/2371 2379/2379 2378/2378
f 2372/2372 2373/2373 2380/2380
f 2372/2372 2380/2380 2379/2379
f 2373/2373 2367/2367 2374/2374
f 2373/2373 2374/2374 2380/2380
f 2373/2373 2372/2372 2371/2371
f 2373/2373 2371/2371 2370/2370
f 2373/2373 2370/2370 2369/2369
f 2373/2373 2369/2369 2368/2368
f 2373/2373 2368/2368 2367/2367
f 2374/2374 2375/2375 2376/2376
f 2374/2374 2376/2376 2377/2377
f 2374/2374 2377/2377 2378/2378
f 2374/2374 2378/2378 2379/2379
f 2374/2374 2379/2379 2380/2380
f 2381/2381 2382/2382 2389/2389
f 2381/2381 2389/2389 2388/2388
f 2382/2382 2383/2383 2390/2390
f 2382/2382 2390/2390 2389/2389
f 2383/2383 2384/2384 2391/2391
f 2383/2383 2391/2391 2390/2390
f 2384/2384 2385/2385 2392/2392
f 2384/2384 2392/2392 2391/2391
f 2385/2385 2386/2386 2393/2393
f 2385/2385 2393/2393 2392/2392
f 2386/2386 2387/2387 2394/2394
f 2386/2386 2394/2394 2393/2393
f 2387/2387 2381/2381 2388/2388
f 2387/2387 2388/2388 2394/2394
f 2387/2387 2386/2386 2385/2385
f 2387/2387 2385/2385 2384/2384
f 2387/2387 2384/2384 2383/2383
f 2387/2387 2383/2383 2382/2382
f 2387/2387 2382/2382 2381/2381
f 2388/2388 2389/2389 2390/2390
f 2388/2388 2390/2390 2391/2391
f 2388/2388 2391/2391 2392/2392
f 2388/2388 2392/2392 2393/2393
f 2388/2388 2393/2393 2394/2394
f 2395/2395 2396/2396 2403/2403
f 2395/2395 2403/2403 2402/2402
f 2396/2396 2397/2397 2404/2404
f 2396/2396 2404/2404 2403/2403
f 2397/2397 2398/2398 2405/2405
f 2397/2397 2405/2405 2404/2404
f 2398/2398 2399/2399 2406/2406
f 2398/2398 2406/2406 2405/2405
f 2399/2399 2400/2400 2407/2407
f 2399/2399 2407/2407 2406/2406
f 2400/2400 2401/2401 2408/2408
f 2400/2400 2408/2408 2407/2407
f 2401/2401 2395/2395 2402/2402
f 2401/2401 2402/2402 2408/2408
f 2401/2401 2400/2400 2399/2399
f 2401/2401 2399/2399 2398/2398
f 2401/2401 2398/2398 2397/2397
f 2401/2401 2397/2397 2396/2396
f 2401/2401 2396/2396 2395/2395
f 2402/2402 2403/2403 2404/2404
f 2402/2402 2404/2404 2405/2405
f 2402/2402 2405/2405 2406/2406
f 2402/2402 2406/2406 2407/2407
f 2402/2402 2407/2407 2408/2408
f 2409/2409 2410/2410 2417/2417
f 2409/2409 2417/2417 2416/2416
f 2410/2410 2411/2411 2418/2418
f 2410/2410 2418/2418 2417/2417
f 2411/2411 2412/2412 2419/2419
f 2411/2411 2419/2419 2418/2418
f 2412/2412 2413/2413 2420/2420
f 2412/2412 2420/2420 2419/2419
f 2413/2413 2414/2414 2421/2421
f 2413/2413 2421/2421 2420/2420
f 2414/2414 2415/2415 2422/2422
f 2414/2414 2422/2422 2421/2421
f 2415/2415 2409/2409 2416/2416
f 2415/2415 2416/2416 2422/2422
f 2415/2415 2414/2414 2413/2413
f 2415/2415 2413/2413 2412/2412
f 2415/2415 2412/2412 2411/2411
f 2415/2415 2411/2411 2410/2410
f 2415/2415 2410/2410 2409/2409
f 2416/2416 2417/2417 2418/2418
f 2416/2416 2418/2418 2419/2419
f 2416/2416 2419/2419 2420/2420
f 2416/2416 2420/2420 2421/2421
f 2416/2416 2421/2421 2422/2422
f 2423/2423 2424/2424 2431/2431
f 2423/2423 2431/2431 2430/2430
f 2424/2424 2425/2425 2432/2432
f 2424/2424 2432/2432 2431/2431
f 2425/2425 2426/2426 2433/2433
f 2425/2425 2433/2433 2432/2432
f 2426/2426 2427/2427 2434/2434
f 2426/2426 2434/2434 2433/2433
f 2427/2427 2428/2428 2435/2435
f 2427/2427 2435/2435 2434/2434
f 2428/2428 2429/2429 2436/2436
f 2428/2428 2436/2436 2435/2435
f 2429/2429 2423/2423 2430/2430
f 2429/2429 2430/2430 2436/2436
f 2429/2429 2428/2428 2427/2427
f 2429/2429 2427/2427 2426/2426
f 2429/2429 2426/2426 2425/2425
f 2429/2429 2425/2425 2424/2424
f 2429/2429 2424/2424 2423/2423
f 2430/2430 2431/2431 2432/2432
f 2430/2430 2432/2432 2433/2433
f 2430/2430 2433/2433 2434/2434
f 2430/2430 2434/2434 2435/2435
f 2430/2430 2435/2435 2436/2436
f 2437/2437 2438/2438 2445/2445
f 2437/2437 2445/2445 2444/2444
f 2438/2438 2439/2439 2446/2446
f 2438/2438 2446/2446 2445/2445
f 2439/2439 2440/2440 2447/2447
f 2439/2439 2447/2447 2446/2446
f 2440/2440 2441/2441 2448/2448
f 2440/2440 2448/2448 2447/2447
f 2441/2441 2442/2442 2449/2449
f 2441/2441 2449/2449 2448/2448
f 2442/2442 2443/2443 2450/2450
f 2442/2442 2450/2450 2449/2449
f 2443/2443 2437/2437 2444/2444
f 2443/2443 2444/2444 2450/2450
f 2443/2443 2442/2442 2441/2441
f 2443/2443 2441/2441 2440/2440
f 2443/2443 2440/2440 2439/2439
f 2443/2443 2439/2439 2438/2438
f 2443/2443 2438/2438 2437/2437
f 2444/2444 2445/2445 2446/2446
f 2444/2444 2446/2446 2447/2447
f 2444/2444 2447/2447 2448/2448
f 2444/2444 2448/2448 2449/2449
f 2444/2444 2449/2449 2450/2450
f 2451/2451 2452/2452 2459/2459
f 2451/2451 2459/2459 2458/2458
f 2452/2452 2453/2453 2460/2460
f 2452/2452 2460/2460 2459/2459
f 2453/2453 2454/2454 2461/2461
f 2453/2453 2461/2461 2460/2460
f 2454/2454 2455/2455 2462/2462
f 2454/2454 2462/2462 2461/2461
f 2455/2455 2456/2456 2463/2463
f 2455/2455 2463/2463 2462/2462
f 2456/2456 2457/2457 2464/2464
f 2456/2456 2464/2464 2463/2463
f 2457/2457 2451/2451 2458/2458
f 2457/2457 2458/2458 2464/2464
f 2457/2457 2456/2456 2455/2455
f 2457/2457 2455/2455 2454/2454
f 2457/2457 2454/2454 2453/2453
f 2457/2457 2453/2453 2452/2452
f 2457/2457 2452/2452 2451/2451
f 2458/2458 2459/2459 2460/2460
f 2458/2458 2460/2460 2461/2461
f 2458/2458 2461/2461 2462/2462
f 2458/2458 2462/2462 2463/2463
f 2458/2458 2463/2463 2464/2464
f 2465/2465 2466/2466 2473/2473
f 2465/2465 2473/2473 2472/2472
f 2466/2466 2467/2467 2474/2474
f 2466/2466 2474/2474 2473/2473
f 2467/2467 2468/2468 2475/2475
f 2467/2467 2475/2475 2474/2474
f 2468/2468 2469/2469 2476/2476
f 2468/2468 2476/2476 2475/2475
f 2469/2469 2470/2470 2477/2477
f 2469/2469 2477/2477 2476/2476
f 2470/2470 2471/2471 2478/2478
f 2470/2470 2478/2478 2477/2477
f 2471/2471 2465/2465 2472/2472
f 2471/2471 2472/2472 2478/2478
f 2471/2471 2470/2470 2469/2469
f 2471/2471 2469/2469 2468/2468
f 2471/2471 2468/2468 2467/2467
f 2471/2471 2467/2467 2466/2466
f 2471/2471 2466/2466 2465/2465
f 2472/2472 2473/2473 2474/2474
f 2472/2472 2474/2474 2475/2475
f 2472/2472 2475/2475 2476/2476
f 2472/2472 2476/2476 2477/2477
f 2472/2472 2477/2477 2478/2478
f 2479/2479 2480/2480 2489/2489
f 2479/2479 2489/2489 2488/2488
f 2480/2480 2481/2481 2490/2490
f 2480/2480 2490/2490 2489/2489
f 2481/2481 2482/2482 2491/2491
f 2481/2481 2491/2491 2490/2490
f 2482/2482 2483/2483 2492/2492
f 2482/2482 2492/2492 2491/2491
f 2483/2483 2484/2484 2493/2493
f 2483/2483 2493/2493 2492/2492
f 2484/2484 2485/2485 2494/2494
f 2484/2484 2494/2494 2493/2493
f 2485/2485 2486/2486 2495/2495
f 2485/2485 2495/2495 2494/2494
f 2486/2486 2487/2487 2496/2496
f 2486/2486 2496/2496 2495/2495
f 2487/2487 2479/2479 2488/2488
f 2487/2487 2488/2488 2496/2496
f 2487/2487 2486/2486 2485/2485
f 2487/2487 2485/2485 2484/2484
f 2487/2487 2484/2484 2483/2483
f 2487/2487 2483/2483 2482/2482
f 2487/2487 2482/2482 2481/2481
f 2487/2487 2481/2481 2480/2480
f 2487/2487 2480/2480 2479/2479
f 2488/2488 2489/2489 2490/2490
f 2488/2488 2490/2490 2491/2491
f 2488/2488 2491/2491 2492/2492
f 2488/2488 2492/2492 2493/2493
f 2488/2488 2493/2493 2494/2494
f 2488/2488 2494/2494 2495/2495
f 2488/2488 2495/2495 2496/2496
f 2497/2497 2498/2498 2507/2507
f 2497/2497 2507/2507 2506/2506
f 2498/2498 2499/2499 2508/2508
f 2498/2498 2508/2508 2507/2507
f 2499/2499 2500/2500 2509/2509
f 2499/2499 2509/2509 2508/2508
f 2500/2500 2501/2501 2510/2510
f 2500/2500 2510/2510 2509/2509
f 2501/2501 2502/2502 2511/2511
f 2501/2501 2511/2511 2510/2510
f 2502/2502 2503/2503 2512/2512
f 2502/2502 2512/2512 2511/2511
f 2503/2503 2504/2504 2513/2513
f 2503/2503 2513/2513 2512/2512
f 2504/2504 2505/2505 2514/2514
f 2504/2504 2514/2514 2513/2513
f 2505/2505 2497/2497 2506/2506
f 2505/2505 2506/2506 2514/2514
f 2505/2505 2504/2504 2503/2503
f 2505/2505 2503/2503 2502/2502
f 2505/2505 2502/2502 2501/2501
f 2505/2505 2501/2501 2500/2500
f 2505/2505 2500/2500 2499/2499
f 2505/2505 2499/2499 2498/2498
f 2505/2505 2498/2498 2497/2497
f 2506/2506 2507/2507 2508/2508
f 2506/2506 2508/2508 2509/2509
f 2506/2506 2509/2509 2510/2510
f 2506/2506 2510/2510 2511/2511
f 2506/2506 2511/2511 2512/2512
f 2506/2506 2512/2512 2513/2513
f 2506/2506 2513/2513 2514/2514
f 2515/2515 2516/2516 2525/2525
f 2515/2515 2525/2525 2524/2524
f 2516/2516 2517/2517 2526/2526
f 2516/2516 2526/2526 2525/2525
f 2517/2517 2518/2518 2527/2527
f 2517/2517 2527/2527 2526/2526
f 2518/2518 2519/2519 2528/2528
f 2518/2518 2528/2528 2527/2527
f 2519/2519 2520/2520 2529/2529
f 2519/2519 2529/2529 2528/2528
f 2520/2520 2521/2521 2530/2530
f 2520/2520 2530/2530 2529/2529
f 2521/2521 2522/2522 2531/2531
f 2521/2521 2531/2531 2530/2530
f 2522/2522 2523/2523 2532/2532
f 2522/2522 2532/2532 2531/2531
f 2523/2523 2515/2515 2524/2524
f 2523/2523 2524/2524 2532/2532
f 2523/2523 2522/2522 2521/2521
f 2523/2523 2521/2521 2520/2520
f 2523/2523 2520/2520 2519/2519
f 2523/2523 2519/2519 2518/2518
f 2523/2523 2518/2518 2517/2517
f 2523/2523 2517/2517 2516/2516
f 2523/2523 2516/2516 2515/2515
f 2524/2524 2525/2525 2526/2526
f 2524/2524 2526/2526 2527/2527
f 2524/2524 2527/2527 2528/2528
f 2524/2524 2528/2528 2529/2529
f 2524/2524 2529/2529 2530/2530
f 2524/2524 2530/2530 2531/2531
f 2524/2524 2531/2531 2532/2532
f 2533/2533 2534/2534 2543/2543
f 2533/2533 2543/2543 2542/2542
f 2534/2534 2535/2535 2544/2544
f 2534/2534 2544/2544 2543/2543
f 2535/2535 2536/2536 2545/2545
f 2535/2535 2545/2545 2544/2544
f 2536/2536 2537/2537 2546/2546
f 2536/2536 2546/2546 2545/2545
f 2537/2537 2538/2538 2547/2547
f 2537/2537 2547/2547 2546/2546
f 2538/2538 2539/2539 2548/2548
f 2538/2538 2548/2548 2547/2547
f 2539/2539 2540/2540 2549/2549
f 2539/2539 2549/2549 2548/2548
f 2540/2540 2541/2541 2550/2550
f 2540/2540 2550/2550 2549/2549
f 2541/2541 2533/2533 2542/2542
f 2541/2541 2542/2542 2550/2550
f 2541/2541 2540/2540 2539/2539
f 2541/2541 2539/2539 2538/2538
f 2541/2541 2538/2538 2537/2537
f 2541/2541 2537/2537 2536/2536
f 2541/2541 2536/2536 2535/2535
f 2541/2541 2535/2535 2534/2534
f 2541/2541 2534/2534 2533/2533
f 2542/2542 2543/2543 2544/2544
f 2542/2542 2544/2544 2545/2545
f 2542/2542 2545/2545 2546/2546
f 2542/2542 2546/2546 2547/2547
f 2542/2542 2547/2547 2548/2548
f 2542/2542 2548/2548 2549/2549
f 2542/2542 2549/2549 2550/2550
f 2551/2551 2552/2552 2561/2561
f 2551/2551 2561/2561 2560/2560
f 2552/2552 2553/2553 2562/2562
f 2552/2552 2562/2562 2561/2561
f 2553/2553 2554/2554 2563/2563
f 2553/2553 2563/2563 2562/2562
f 2554/2554 2555/2555 2564/2564
f 2554/2554 2564/2564 2563/2563
f 2555/2555 2556/2556 2565/2565
f 2555/2555 2565/2565 2564/2564
f 2556/2556 2557/2557 2566/2566
f 2556/2556 2566/2566 2565/2565
f 2557/2557 2558/2558 2567/2567
f 2557/2557 2567/2567 2566/2566
f 2558/2558 2559/2559 2568/2568
f 2558/2558 2568/2568 2567/2567
f 2559/2559 2551/2551 2560/2560
f 2559/2559 2560/2560 2568/2568
f 2559/2559 2558/2558 2557/2557
f 2559/2559 2557/2557 2556/2556
f 2559/2559 2556/2556 2555/2555
f 2559/2559 2555/2555 2554/2554
f 2559/2559 2554/2554 2553/2553
f 2559/2559 2553/2553 2552/2552
f 2559/2559 2552/2552 2551/2551
f 2560/2560 2561/2561 2562/2562
f 2560/2560 2562/2562 2563/2563
f 2560/2560 2563/2563 2564/2564
f 2560/2560 2564/2564 2565/2565
f 2560/2560 2565/2565 2566/2566
f 2560/2560 2566/2566 2567/2567
f 2560/2560 2567/2567 2568/2568
f 2569/2569 2570/2570 2579/2579
f 2569/2569 2579/2579 2578/2578
f 2570/2570 2571/2571 2580/2580
f 2570/2570 2580/2580 2579/2579
f 2571/2571 2572/2572 2581/2581
f 2571/2571 2581/2581 2580/2580
f 2572/2572 2573/2573 2582/2582
f 2572/2572 2582/2582 2581/2581
f 2573/2573 2574/2574 2583/2583
f 2573/2573 2583/2583 2582/2582
f 2574/2574 2575/2575 2584/2584
f 2574/2574 2584/2584 2583/2583
f 2575/2575 2576/2576 2585/2585
f 2575/2575 2585/2585 2584/2584
f 2576/2576 2577/2577 2586/2586
f 2576/2576 2586/2586 2585/2585
f 2577/2577 2569/2569 2578/2578
f 2577/2577 2578/2578 2586/2586
f 2577/2577 2576/2576 2575/2575
f 2577/2577 2575/2575 2574/2574
f 2577/2577 2574/2574 2573/2573
f 2577/2577 2573/2573 2572/2572
f 2577/2577 2572/2572 2571/2571
f 2577/2577 2571/2571 2570/2570
f 2577/2577 2570/2570 2569/2569
f 2578/2578 2579/2579 2580/2580
f 2578/2578 2580/2580 2581/2581
f 2578/2578 2581/2581 2582/2582
f 2578/2578 2582/2582 2583/2583
f 2578/2578 2583/2583 2584/2584
f 2578/2578 2584/2584 2585/2585
f 2578/2578 2585/2585 2586/2586
f 2587/2587 2588/2588 2597/2597
f 2587/2587 2597/2597 2596/2596
f 2588/2588 2589/2589 2598/2598
f 2588/2588 2598/2598 2597/2597
f 2589/2589 2590/2590 2599/2599
f 2589/2589 2599/2599 2598/2598
f 2590/2590 2591/2591 2600/2600
f 2590/2590 2600/2600 2599/2599
f 2591/2591 2592/2592 2601/2601
f 2591/2591 2601/2601 2600/2600
f 2592/2592 2593/2593 2602/2602
f 2592/2592 2602/2602 2601/2601
f 2593/2593 2594/2594 2603/2603
f 2593/2593 2603/2603 2602/2602
f 2594/2594 2595/2595 2604/2604
f 2594/2594 2604/2604 2603/2603
f 2595/2595 2587/2587 2596/2596
f 2595/2595 2596/2596 2604/2604
f 2595/2595 2594/2594 2593/2593
f 2595/2595 2593/2593 2592/2592
f 2595/2595 2592/2592 2591/2591
f 2595/2595 2591/2591 2590/2590
f 2595/2595 2590/2590 2589/2589
f 2595/2595 2589/2589 2588/2588
f 2595/2595 2588/2588 2587/2587
f 2596/2596 2597/2597 2598/2598
f 2596/2596 2598/2598 2599/2599
f 2596/2596 2599/2599 2600/2600
f 2596/2596 2600/2600 2601/2601
f 2596/2596 2601/2601 2602/2602
f 2596/2596 2602/2602 2603/2603
f 2596/2596 2603/2603 2604/2604
f 2605/2605 2606/2606 2615/2615
f 2605/2605 2615/2615 2614/2614
f 2606/2606 2607/2607 2616/2616
f 2606/2606 2616/2616 2615/2615
f 2607/2607 2608/2608 2617/2617
f 2607/2607 2617/2617 2616/2616
f 2608/2608 2609/2609 2618/2618
f 2608/2608 2618/2618 2617/2617
f 2609/2609 2610/2610 2619/2619
f 2609/2609 2619/2619 2618/2618
f 2610/2610 2611/2611 2620/2620
f 2610/2610 2620/2620 2619/2619
f 2611/2611 2612/2612 2621/2621
f 2611/2611 2621/2621 2620/2620
f 2612/2612 2613/2613 2622/2622
f 2612/2612 2622/2622 2621/2621
f 2613/2613 2605/2605 2614/2614
f 2613/2613 2614/2614 2622/2622
f 2613/2613 2612/2612 2611/2611
f 2613/2613 2611/2611 2610/2610
f 2613/2613 2610/2610 2609/2609
f 2613/2613 2609/2609 2608/2608
f 2613/2613 2608/2608 2607/2607
f 2613/2613 2607/2607 2606/2606
f 2613/2613 2606/2606 2605/2605
f 2614/2614 2615/2615 2616/2616
f 2614/2614 2616/2616 2617/2617
f 2614/2614 2617/2617 2618/2618
f 2614/2614 2618/2618 2619/2619
f 2614/2614 2619/2619 2620/2620
f 2614/2614 2620/2620 2621/2621
f 2614/2614 2621/2621 2622/2622
f 2623/2623 2624/2624 2633/2633
f 2623/2623 2633/2633 2632/2632
f 2624/2624 2625/2625 2634/2634
f 2624/2624 2634/2634 2633/2633
f 2625/2625 2626/2626 2635/2635
f 2625/2625 2635/2635 2634/2634
f 2626/2626 2627/2627 2636/2636
f 2626/2626 2636/2636 2635/2635
f 2627/2627 2628/2628 2637/2637
f 2627/2627 2637/2637 2636/2636
f 2628/2628 2629/2629 2638/2638
f 2628/2628 2638/2638 2637/2637
f 2629/2629 2630/2630 2639/2639
f 2629/2629 2639/2639 2638/2638
f 2630/2630 2631/2631 2640/2640
f 2630/2630 2640/2640 2639/2639
f 2631/2631 2623/2623 2632/2632
f 2631/2631 2632/2632 2640/2640
f 2631/2631 2630/2630 2629/2629
f 2631/2631 2629/2629 2628/2628
f 2631/2631 2628/2628 2627/2627
f 2631/2631 2627/2627 2626/2626
f 2631/2631 2626/2626 2625/2625
f 2631/2631 2625/2625 2624/2624
f 2631/2631 2624/2624 2623/2623
f 2632/2632 2633/2633 2634/2634
f 2632/2632 2634/2634 2635/2635
f 2632/2632 2635/2635 2636/2636
f 2632/2632 2636/2636 2637/2637
f 2632/2632 2637/2637 2638/2638
f 2632/2632 2638/2638 2639/2639
f 2632/2632 2639/2639 2640/2640
f 2641/2641 2642/2642 2651/2651
f 2641/2641 2651/2651 2650/2650
f 2642/2642 2643/2643 2652/2652
f 2642/2642 2652/2652 2651/2651
f 2643/2643 2644/2644 2653/2653
f 2643/2643 2653/2653 2652/2652
f 2644/2644 2645/2645 2654/2654
f 2644/2644 2654/2654 2653/2653
f 2645/2645 2646/2646 2655/2655
f 2645/2645 2655/2655 2654/2654
f 2646/2646 2647/2647 2656/2656
f 2646/2646 2656/2656 2655/2655
f 2647/2647 2648/2648 2657/2657
f 2647/2647 2657/2657 2656/2656
f 2648/2648 2649/2649 2658/2658
f 2648/2648 2658/2658 2657/2657
f 2649/2649 2641/2641 2650/2650
f 2649/2649 2650/2650 2658/2658
f 2649/2649 2648/2648 2647/2647
f 2649/2649 2647/2647 2646/2646
f 2649/2649 2646/2646 2645/2645
f 2649/2649 2645/2645 2644/2644
f 2649/2649 2644/2644 2643/2643
f 2649/2649 2643/2643 2642/2642
f 2649/2649 2642/2642 2641/2641
f 2650/2650 2651/2651 2652/2652
f 2650/2650 2652/2652 2653/2653
f 2650/2650 2653/2653 2654/2654
f 2650/2650 2654/2654 2655/2655
f 2650/2650 2655/2655 2656/2656
f 2650/2650 2656/2656 2657/2657
f 2650/2650 2657/2657 2658/2658
f 2659/2659 2660/2660 2669/2669
f 2659/2659 2669/2669 2668/2668
f 2660/2660 2661/2661 2670/2670
f 2660/2660 2670/2670 2669/2669
f 2661/2661 2662/2662 2671/2671
f 2661/2661 2671/2671 2670/2670
f 2662/2662 2663/2663 2672/2672
f 2662/2662 2672/2672 2671/2671
f 2663/2663 2664/2664 2673/2673
f 2663/2663 2673/2673 2672/2672
f 2664/2664 2665/2665 2674/2674
f 2664/2664 2674/2674 2673/2673
f 2665/2665 2666/2666 2675/2675
f 2665/2665 2675/2675 2674/2674
f 2666/2666 2667/2667 2676/2676
f 2666/2666 2676/2676 2675/2675
f 2667/2667 2659/2659 2668/2668
f 2667/2667 2668/2668 2676/2676
f 2667/2667 2666/2666 2665/2665
f 2667/2667 2665/2665 2664/2664
f 2667/2667 2664/2664 2663/2663
f 2667/2667 2663/2663 2662/2662
f 2667/2667 2662/2662 2661/2661
f 2667/2667 2661/2661 2660/2660
f 2667/2667 2660/2660 2659/2659
f 2668/2668 2669/2669 2670/2670
f 2668/2668 2670/2670 2671/2671
f 2668/2668 2671/2671 2672/2672
f 2668/2668 2672/2672 2673/2673
f 2668/2668 2673/2673 2674/2674
f 2668/2668 2674/2674 2675/2675
f 2668/2668 2675/2675 2676/2676
f 2677/2677 2678/2678 2687/2687
f 2677/2677 2687/2687 2686/2686
f 2678/2678 2679/2679 2688/2688
f 2678/2678 2688/2688 2687/2687
f 2679/2679 2680/2680 2689/2689
f 2679/2679 2689/2689 2688/2688
f 2680/2680 2681/2681 2690/2690
f 2680/2680 2690/2690 2689/2689
f 2681/2681 2682/2682 2691/2691
f 2681/2681 2691/2691 2690/2690
f 2682/2682 2683/2683 2692/2692
f 2682/2682 2692/2692 2691/2691
f 2683/2683 2684/2684 2693/2693
f 2683/2683 2693/2693 2692/2692
f 2684/2684 2685/2685 2694/2694
f 2684/2684 2694/2694 2693/2693
f 2685/2685 2677/2677 2686/2686
f 2685/2685 2686/2686 2694/2694
f 2685/2685 2684/2684 2683/2683
f 2685/2685 2683/2683 2682/2682
f 2685/2685 2682/2682 2681/2681
f 2685/2685 2681/2681 2680/2680
f 2685/2685 2680/2680 2679/2679
f 2685/2685 2679/2679 2678/2678
f 2685/2685 2678/2678 2677/2677
f 2686/2686 2687/2687 2688/2688
f 2686/2686 2688/2688 2689/2689
f 2686/2686 2689/2689 2690/2690
f 2686/2686 2690/2690 2691/2691
f 2686/2686 2691/2691 2692/2692
f 2686/2686 2692/2692 2693/2693
f 2686/2686 2693/2693 2694/2694
f 2695/2695 2696/2696 2705/2705
f 2695/2695 2705/2705 2704/2704
f 2696/2696 2697/2697 2706/2706
f 2696/2696 2706/2706 2705/2705
f 2697/2697 2698/2698 2707/2707
f 2697/2697 2707/2707 2706/2706
f 2698/2698 2699/2699 2708/2708
f 2698/2698 2708/2708 2707/2707
f 2699/2699 2700/2700 2709/2709
f 2699/2699 2709/2709 2708/2708
f 2700/2700 2701/2701 2710/2710
f 2700/2700 2710/2710 2709/2709
f 2701/2701 2702/2702 2711/2711
f 2701/2701 2711/2711 2710/2710
f 2702/2702 2703/2703 2712/2712
f 2702/2702 2712/2712 2711/2711
f 2703/2703 2695/2695 2704/2704
f 2703/2703 2704/2704 2712/2712
f 2703/2703 2702/2702 2701/2701
f 2703/2703 2701/2701 2700/2700
f 2703/2703 2700/2700 2699/2699
f 2703/2703 2699/2699 2698/2698
f 2703/2703 2698/2698 2697/2697
f 2703/2703 2697/2697 2696/2696
f 2703/2703 2696/2696 2695/2695
f 2704/2704 2705/2705 2706/2706
f 2704/2704 2706/2706 2707/2707
f 2704/2704 2707/2707 2708/2708
f 2704/2704 2708/2708 2709/2709
f 2704/2704 2709/2709 2710/2710
f 2704/2704 2710/2710 2711/2711
f 2704/2704 2711/2711 2712/2712
f 2713/2713 2714/2714 2723/2723
f 2713/2713 2723/2723 2722/2722
f 2714/2714 2715/2715 2724/2724
f 2714/2714 2724/2724 2723/2723
f 2715/2715 2716/2716 2725/2725
f 2715/2715 2725/2725 2724/2724
f 2716/2716 2717/2717 2726/2726
f 2716/2716 2726/2726 2725/2725
f 2717/2717 2718/2718 2727/2727
f 2717/2717 2727/2727 2726/2726
f 2718/2718 2719/2719 2728/2728
f 2718/2718 2728/2728 2727/2727
f 2719/2719 2720/2720 2729/2729
f 2719/2719 2729/2729 2728/2728
f 2720/2720 2721/2721 2730/2730
f 2720/2720 2730/2730 2729/2729
f 2721/2721 2713/2713 2722/2722
f 2721/2721 2722/2722 2730/2730
f 2721/2721 2720/2720 2719/2719
f 2721/2721 2719/2719 2718/2718
f 2721/2721 2718/2718 2717/2717
f 2721/2721 2717/2717 2716/2716
f 2721/2721 2716/2716 2715/2715
f 2721/2721 2715/2715 2714/2714
f 2721/2721 2714/2714 2713/2713
f 2722/2722 2723/2723 2724/2724
f 2722/2722 2724/2724 2725/2725
f 2722/2722 2725/2725 2726/2726
f 2722/2722 2726/2726 2727/2727
f 2722/2722 2727/2727 2728/2728
f 2722/2722 2728/2728 2729/2729
f 2722/2722 2729/2729 2730/2730
f 2731/2731 2732/2732 2741/2741
f 2731/2731 2741/2741 2740/2740
f 2732/2732 2733/2733 2742/2742
f 2732/2732 2742/2742 2741/2741
f 2733/2733 2734/2734 2743/2743
f 2733/2733 2743/2743 2742/2742
f 2734/2734 2735/2735 2744/2744
f 2734/2734 2744/2744 2743/2743
f 2735/2735 2736/2736 2745/2745
f 2735/2735 2745/2745 2744/2744
f 2736/2736 2737/2737 2746/2746
f 2736/2736 2746/2746 2745/2745
f 2737/2737 2738/2738 2747/2747
f 2737/2737 2747/2747 2746/2746
f 2738/2738 2739/2739 2748/2748
f 2738/2738 2748/2748 2747/2747
f 2739/2739 2731/2731 2740/2740
f 2739/2739 2740/2740 2748/2748
f 2739/2739 2738/2738 2737/2737
f 2739/2739 2737/2737 2736/2736
f 2739/2739 2736/2736 2735/2735
f 2739/2739 2735/2735 2734/2734
f 2739/2739 2734/2734 2733/2733
f 2739/2739 2733/2733 2732/2732
f 2739/2739 2732/2732 2731/2731
f 2740/2740 2741/2741 2742/2742
f 2740/2740 2742/2742 2743/2743
f 2740/2740 2743/2743 2744/2744
f 2740/2740 2744/2744 2745/2745
f 2740/2740 2745/2745 2746/2746
f 2740/2740 2746/2746 2747/2747
f 2740/2740 2747/2747 2748/2748
f 2749/2749 2750/2750 2758/2758
f 2749/2749 2758/2758 2757/2757
f 2750/2750 2751/2751 2759/2759
f 2750/2750 2759/2759 2758/2758
f 2751/2751 2752/2752 2760/2760
f 2751/2751 2760/2760 2759/2759
f 2752/2752 2753/2753 2761/2761
f 2752/2752 2761/2761 2760/2760
f 2753/2753 2754/2754 2762/2762
f 2753/2753 2762/2762 2761/2761
f 2754/2754 2755/2755 2763/2763
f 2754/2754 2763/2763 2762/2762
f 2755/2755 2756/2756 2764/2764
f 2755/2755 2764/2764 2763/2763
f 2756/2756 2749/2749 2757/2757
f 2756/2756 2757/2757 2764/2764
f 2756/2756 2755/2755 2754/2754
f 2756/2756 2754/2754 2753/2753
f 2756/2756 2753/2753 2752/2752
f 2756/2756 2752/2752 2751/2751
f 2756/2756 2751/2751 2750/2750
f 2756/2756 2750/2750 2749/2749
f 2757/2757 2758/2758 2759/2759
f 2757/2757 2759/2759 2760/2760
f 2757/2757 2760/2760 2761/2761
f 2757/2757 2761/2761 2762/2762
f 2757/2757 2762/2762 2763/2763
f 2757/2757 2763/2763 2764/2764
f 2765/2765 2766/2766 2774/2774
f 2765/2765 2774/2774 2773/2773
f 2766/2766 2767/2767 2775/2775
f 2766/2766 2775/2775 2774/2774
f 2767/2767 2768/2768 2776/2776
f 2767/2767 2776/2776 2775/2775
f 2768/2768 2769/2769 2777/2777
f 2768/2768 2777/2777 2776/2776
f 2769/2769 2770/2770 2778/2778
f 2769/2769 2778/2778 2777/2777
f 2770/2770 2771/2771 2779/2779
f 2770/2770 2779/2779 2778/2778
f 2771/2771 2772/2772 2780/2780
f 2771/2771 2780/2780 2779/2779
f 2772/2772 2765/2765 2773/2773
f 2772/2772 2773/2773 2780/2780
f 2772/2772 2771/2771 2770/2770
f 2772/2772 2770/2770 2769/2769
f 2772/2772 2769/2769 2768/2768
f 2772/2772 2768/2768 2767/2767
f 2772/2772 2767/2767 2766/2766
f 2772/2772 2766/2766 2765/2765
f 2773/2773 2774/2774 2775/2775
f 2773/2773 2775/2775 2776/2776
f 2773/2773 2776/2776 2777/2777
f 2773/2773 2777/2777 2778/2778
f 2773/2773 2778/2778 2779/2779
f 2773/2773 2779/2779 2780/2780
f 2781/2781 2782/2782 2789/2789
f 2781/2781 2789/2789 2788/2788
f 2782/2782 2783/2783 2790/2790
f 2782/2782 2790/2790 2789/2789
f 2783/2783 2784/2784 2791/2791
f 2783/2783 2791/2791 2790/2790
f 2784/2784 2785/2785 2792/2792
f 2784/2784 2792/2792 2791/2791
f 2785/2785 2786/2786 2793/2793
f 2785/2785 2793/2793 2792/2792
f 2786/2786 2787/2787 2794/2794
f 2786/2786 2794/2794 2793/2793
f 2787/2787 2781/2781 2788/2788
f 2787/2787 2788/2788 2794/2794
f 2787/2787 2786/2786 2785/2785
f 2787/2787 2785/2785 2784/2784
f 2787/2787 2784/2784 2783/2783
f 2787/2787 2783/2783 2782/2782
f 2787/2787 2782/2782 2781/2781
f 2788/2788 2789/2789 2790/2790
f 2788/2788 2790/2790 2791/2791
f 2788/2788 2791/2791 2792/2792
f 2788/2788 2792/2792 2793/2793
f 2788/2788 2793/2793 2794/2794
f 2795/2795 2796/2796 2803/2803
f 2795/2795 2803/2803 2802/2802
f 2796/2796 2797/2797 2804/2804
f 2796/2796 2804/2804 2803/2803
f 2797/2797 2798/2798 2805/2805
f 2797/2797 2805/2805 2804/2804
f 2798/2798 2799/2799 2806/2806
f 2798/2798 2806/2806 2805/2805
f 2799/2799 2800/2800 2807/2807
f 2799/2799 2807/2807 2806/2806
f 2800/2800 2801/2801 2808/2808
f 2800/2800 2808/2808 2807/2807
f 2801/2801 2795/2795 2802/2802
f 2801/2801 2802/2802 2808/2808
f 2801/2801 2800/2800 2799/2799
f 2801/2801 2799/2799 2798/2798
f 2801/2801 2798/2798 2797/2797
f 2801/2801 2797/2797 2796/2796
f 2801/2801 2796/2796 2795/2795
f 2802/2802 2803/2803 2804/2804
f 2802/2802 2804/2804 2805/2805
f 2802/2802 2805/2805 2806/2806
f 2802/2802 2806/2806 2807/2807
f 2802/2802 2807/2807 2808/2808
f 2809/2809 2810/2810 2817/2817
f 2809/2809 2817/2817 2816/2816
f 2810/2810 2811/2811 2818/2818
f 2810/2810 2818/2818 2817/2817
f 2811/2811 2812/2812 2819/2819
f 2811/2811 2819/2819 2818/2818
f 2812/2812 2813/2813 2820/2820
f 2812/2812 2820/2820 2819/2819
f 2813/2813 2814/2814 2821/2821
f 2813/2813 2821/2821 2820/2820
f 2814/2814 2815/2815 2822/2822
f 2814/2814 2822/2822 2821/2821
f 2815/2815 2809/2809 2816/2816
f 2815/2815 2816/2816 2822/2822
f 2815/2815 2814/2814 2813/2813
f 2815/2815 2813/2813 2812/2812
f 2815/2815 2812/2812 2811/2811
f 2815/2815 2811/2811 2810/2810
f 2815/2815 2810/2810 2809/2809
f 2816/2816 2817/2817 2818/2818
f 2816/2816 2818/2818 2819/2819
f 2816/2816 2819/2819 2820/2820
f 2816/2816 2820/2820 2821/2821
f 2816/2816 2821/2821 2822/2822
f 2823/2823 2824/2824 2831/2831
f 2823/2823 2831/2831 2830/2830
f 2824/2824 2825/2825 2832/2832
f 2824/2824 2832/2832 2831/2831
f 2825/2825 2826/2826 2833/2833
f 2825/2825 2833/2833 2832/2832
f 2826/2826 2827/2827 2834/2834
f 2826/2826 2834/2834 2833/2833
f 2827/2827 2828/2828 2835/2835
f 2827/2827 2835/2835 2834/2834
f 2828/2828 2829/2829 2836/2836
f 2828/2828 2836/2836 2835/2835
f 2829/2829 2823/2823 2830/2830
f 2829/2829 2830/2830 2836/2836
f 2829/2829 2828/2828 2827/2827
f 2829/2829 2827/2827 2826/2826
f 2829/2829 2826/2826 2825/2825
f 2829/2829 2825/2825 2824/2824
f 2829/2829 2824/2824 2823/2823
f 2830/2830 2831/2831 2832/2832
f 2830/2830 2832/2832 2833/2833
f 2830/2830 2833/2833 2834/2834
f 2830/2830 2834/2834 2835/2835
f 2830/2830 2835/2835 2836/2836
f 2837/2837 2838/2838 2845/2845
f 2837/2837 2845/2845 2844/2844
f 2838/2838 2839/2839 2846/2846
f 2838/2838 2846/2846 2845/2845
f 2839/2839 2840/2840 2847/2847
f 2839/2839 2847/2847 2846/2846
f 2840/2840 2841/2841 2848/2848
f 2840/2840 2848/2848 2847/2847
f 2841/2841 2842/2842 2849/2849
f 2841/2841 2849/2849 2848/2848
f 2842/2842 2843/2843 2850/2850
f 2842/2842 2850/2850 2849/2849
f 2843/2843 2837/2837 2844/2844
f 2843/2843 2844/2844 2850/2850
f 2843/2843 2842/2842 2841/2841
f 2843/2843 2841/2841 2840/2840
f 2843/2843 2840/2840 2839/2839
f 2843/2843 2839/2839 2838/2838
f 2843/2843 2838/2838 2837/2837
f 2844/2844 2845/2845 2846/2846
f 2844/2844 2846/2846 2847/2847
f 2844/2844 2847/2847 2848/2848
f 2844/2844 2848/2848 2849/2849
f 2844/2844 2849/2849 2850/2850
f 2851/2851 2852/2852 2859/2859
f 2851/2851 2859/2859 2858/2858
f 2852/2852 2853/2853 2860/2860
f 2852/2852 2860/2860 2859/2859
f 2853/2853 2854/2854 2861/2861
f 2853/2853 2861/2861 2860/2860
f 2854/2854 2855/2855 2862/2862
f 2854/2854 2862/2862 2861/2861
f 2855/2855 2856/2856 2863/2863
f 2855/2855 2863/2863 2862/2862
f 2856/2856 2857/2857 2864/2864
f 2856/2856 2864/2864 2863/2863
f 2857/2857 2851/2851 2858/2858
f 2857/2857 2858/2858 2864/2864
f 2857/2857 2856/2856 2855/2855
f 2857/2857 2855/2855 2854/2854
f 2857/2857 2854/2854 2853/2853
f 2857/2857 2853/2853 2852/2852
f 2857/2857 2852/2852 2851/2851
f 2858/2858 2859/2859 2860/2860
f 2858/2858 2860/2860 2861/2861
f 2858/2858 2861/2861 2862/2862
f 2858/2858 2862/2862 2863/2863
f 2858/2858 2863/2863 2864/2864
f 2865/2865 2866/2866 2873/2873
f 2865/2865 2873/2873 2872/2872
f 2866/2866 2867/2867 2874/2874
f 2866/2866 2874/2874 2873/2873
f 2867/2867 2868/2868 2875/2875
f 2867/2867 2875/2875 2874/2874
f 2868/2868 2869/2869 2876/2876
f 2868/2868 2876/2876 2875/2875
f 2869/2869 2870/2870 2877/2877
f 2869/2869 2877/2877 2876/2876
f 2870/2870 2871/2871 2878/2878
f 2870/2870 2878/2878 2877/2877
f 2871/2871 2865/2865 2872/2872
f 2871/2871 2872/2872 2878/2878
f 2871/2871 2870/2870 2869/2869
f 2871/2871 2869/2869 2868/2868
f 2871/2871 2868/2868 2867/2867
f 2871/2871 2867/2867 2866/2866
f 2871/2871 2866/2866 2865/2865
f 2872/2872 2873/2873 2874/2874
f 2872/2872 2874/2874 2875/2875
f 2872/2872 2875/2875 2876/2876
f 2872/2872 2876/2876 2877/2877
f 2872/2872 2877/2877 2878/2878
f 2879/2879 2880/2880 2887/2887
f 2879/2879 2887/2887 2886/2886
f 2880/2880 2881/2881 2888/2888
f 2880/2880 2888/2888 2887/2887
f 2881/2881 2882/2882 2889/2889
f 2881/2881 2889/2889 2888/2888
f 2882/2882 2883/2883 2890/2890
f 2882/2882 2890/2890 2889/2889
f 2883/2883 2884/2884 2891/2891
f 2883/2883 2891/2891 2890/2890
f 2884/2884 2885/2885 2892/2892
f 2884/2884 2892/2892 2891/2891
f 2885/2885 2879/2879 2886/2886
f 2885/2885 2886/2886 2892/2892
f 2885/2885 2884/2884 2883/2883
f 2885/2885 2883/2883 2882/2882
f 2885/2885 2882/2882 2881/2881
f 2885/2885 2881/2881 2880/2880
f 2885/2885 2880/2880 2879/2879
f 2886/2886 2887/2887 2888/2888
f 2886/2886 2888/2888 2889/2889
f 2886/2886 2889/2889 2890/2890
f 2886/2886 2890/2890 2891/2891
f 2886/2886 2891/2891 2892/2892
f 2893/2893 2894/2894 2901/2901
f 2893/2893 2901/2901 2900/2900
f 2894/2894 2895/2895 2902/2902
f 2894/2894 2902/2902 2901/2901
f 2895/2895 2896/2896 2903/2903
f 2895/2895 2903/2903 2902/2902
f 2896/2896 2897/2897 2904/2904
f 2896/2896 2904/2904 2903/2903
f 2897/2897 2898/2898 2905/2905
f 2897/2897 2905/2905 2904/2904
f 2898/2898 2899/2899 2906/2906
f 2898/2898 2906/2906 2905/2905
f 2899/2899 2893/2893 2900/2900
f 2899/2899 2900/2900 2906/2906
f 2899/2899 2898/2898 2897/2897
f 2899/2899 2897/2897 2896/2896
f 2899/2899 2896/2896 2895/2895
f 2899/2899 2895/2895 2894/2894
f 2899/2899 2894/2894 2893/2893
f 2900/2900 2901/2901 2902/2902
f 2900/2900 2902/2902 2903/2903
f 2900/2900 2903/2903 2904/2904
f 2900/2900 2904/2904 2905/2905
f 2900/2900 2905/2905 2906/2906
f 2907/2907 2908/2908 2917/2917
f 2907/2907 2917/2917 2916/2916
f 2908/2908 2909/2909 2918/2918
f 2908/2908 2918/2918 2917/2917
f 2909/2909 2910/2910 2919/2919
f 2909/2909 2919/2919 2918/2918
f 2910/2910 2911/2911 2920/2920
f 2910/2910 2920/2920 2919/2919
f 2911/2911 2912/2912 2921/2921
f 2911/2911 2921/2921 2920/2920
f 2912/2912 2913/2913 2922/2922
f 2912/2912 2922/2922 2921/2921
f 2913/2913 2914/2914 2923/2923
f 2913/2913 2923/2923 2922/2922
f 2914/2914 2915/2915 2924/2924
f 2914/2914 2924/2924 2923/2923
f 2915/2915 2907/2907 2916/2916
f 2915/2915 2916/2916 2924/2924
f 2915/2915 2914/2914 2913/2913
f 2915/2915 2913/2913 2912/2912
f 2915/2915 2912/2912 2911/2911
f 2915/2915 2911/2911 2910/2910
f 2915/2915 2910/2910 2909/2909
f 2915/2915 2909/2909 2908/2908
f 2915/2915 2908/2908 2907/2907
f 2916/2916 2917/2917 2918/2918
f 2916/2916 2918/2918 2919/2919
f 2916/2916 2919/2919 2920/2920
f 2916/2916 2920/2920 2921/2921
f 2916/2916 2921/2921 2922/2922
f 2916/2916 2922/2922 2923/2923
f 2916/2916 2923/2923 2924/2924
f 2925/2925 2926/2926 2935/2935
f 2925/2925 2935/2935 2934/2934
f 2926/2926 2927/2927 2936/2936
f 2926/2926 2936/2936 2935/2935
f 2927/2927 2928/2928 2937/2937
f 2927/2927 2937/2937 2936/2936
f 2928/2928 2929/2929 2938/2938
f 2928/2928 2938/2938 2937/2937
f 2929/2929 2930/2930 2939/2939
f 2929/2929 2939/2939 2938/2938
f 2930/2930 2931/2931 2940/2940
f 2930/2930 2940/2940 2939/2939
f 2931/2931 2932/2932 2941/2941
f 2931/2931 2941/2941 2940/2940
f 2932/2932 2933/2933 2942/2942
f 2932/2932 2942/2942 2941/2941
f 2933/2933 2925/2925 2934/2934
f 2933/2933 2934/2934 2942/2942
f 2933/2933 2932/2932 2931/2931
f 2933/2933 2931/2931 2930/2930
f 2933/2933 2930/2930 2929/2929
f 2933/2933 2929/2929 2928/2928
f 2933/2933 2928/2928 2927/2927
f 2933/2933 2927/2927 2926/2926
f 2933/2933 2926/2926 2925/2925
f 2934/2934 2935/2935 2936/2936
f 2934/2934 2936/2936 2937/2937
f 2934/2934 2937/2937 2938/2938
f 2934/2934 2938/2938 2939/2939
f 2934/2934 2939/2939 2940/2940
f 2934/2934 2940/2940 2941/2941
f 2934/2934 2941/2941 2942/2942
f 2943/2943 2944/2944 2953/2953
f 2943/2943 2953/2953 2952/2952
f 2944/2944 2945/2945 2954/2954
f 2944/2944 2954/2954 2953/2953
f 2945/2945 2946/2946 2955/2955
f 2945/2945 2955/2955 2954/2954
f 2946/2946 2947/2947 2956/2956
f 2946/2946 2956/2956 2955/2955
f 2947/2947 2948/2948 2957/2957
f 2947/2947 2957/2957 2956/2956
f 2948/2948 2949/2949 2958/2958
f 2948/2948 2958/2958 2957/2957
f 2949/2949 2950/2950 2959/2959
f 2949/2949 2959/2959 2958/2958
f 2950/2950 2951/2951 2960/2960
f 2950/2950 2960/2960 2959/2959
f 2951/2951 2943/2943 2952/2952
f 2951/2951 2952/2952 2960/2960
f 2951/2951 2950/2950 2949/2949
f 2951/2951 2949/2949 2948/2948
f 2951/2951 2948/2948 2947/2947
f 2951/2951 2947/2947 2946/2946
f 2951/2951 2946/2946 2945/2945
f 2951/2951 2945/2945 2944/2944
f 2951/2951 2944/2944 2943/2943
f 2952/2952 2953/2953 2954/2954
f 2952/2952 2954/2954 2955/2955
f 2952/2952 2955/2955 2956/2956
f 2952/2952 2956/2956 2957/2957
f 2952/2952 2957/2957 2958/2958
f 2952/2952 2958/2958 2959/2959
f 2952/2952 2959/2959 2960/2960
f 2961/2961 2962/2962 2971/2971
f 2961/2961 2971/2971 2970/2970
f 2962/2962 2963/2963 2972/2972
f 2962/2962 2972/2972 2971/2971
f 2963/2963 2964/2964 2973/2973
f 2963/2963 2973/2973 2972/2972
f 2964/2964 2965/2965 2974/2974
f 2964/2964 2974/2974 2973/2973
f 2965/2965 2966/2966 2975/2975
f 2965/2965 2975/2975 2974/2974
f 2966/2966 2967/2967 2976/2976
f 2966/2966 2976/2976 2975/2975
f 2967/2967 2968/2968 2977/2977
f 2967/2967 2977/2977 2976/2976
f 2968/2968 2969/2969 2978/2978
f 2968/2968 2978/2978 2977/2977
f 2969/2969 2961/2961 2970/2970
f 2969/2969 2970/2970 2978/2978
f 2969/2969 2968/2968 2967/2967
f 2969/2969 2967/2967 2966/2966
f 2969/2969 2966/2966 2965/2965
f 2969/2969 2965/2965 2964/2964
f 2969/2969 2964/2964 2963/2963
f 2969/2969 2963/2963 2962/2962
f 2969/2969 2962/2962 2961/2961
f 2970/2970 2971/2971 2972/2972
f 2970/2970 2972/2972 2973/2973
f 2970/2970 2973/2973 2974/2974
f 2970/2970 2974/2974 2975/2975
f 2970/2970 2975/2975 2976/2976
f 2970/2970 2976/2976 2977/2977
f 2970/2970 2977/2977 2978/2978
f 2979/2979 2980/2980 2989/2989
f 2979/2979 2989/2989 2988/2988
f 2980/2980 2981/2981 2990/2990
f 2980/2980 2990/2990 2989/2989
f 2981/2981 2982/2982 2991/2991
f 2981/2981 2991/2991 2990/2990
f 2982/2982 2983/2983 2992/2992
f 2982/2982 2992/2992 2991/2991
f 2983/2983 2984/2984 2993/2993
f 2983/2983 2993/2993 2992/2992
f 2984/2984 2985/2985 2994/2994
f 2984/2984 2994/2994 2993/2993
f 2985/2985 2986/2986 2995/2995
f 2985/2985 2995/2995 2994/2994
f 2986/2986 2987/2987 2996/2996
f 2986/2986 2996/2996 2995/2995
f 2987/2987 2979/2979 2988/2988
f 2987/2987 2988/2988 2996/2996
f 2987/2987 2986/2986 2985/2985
f 2987/2987 2985/2985 2984/2984
f 2987/2987 2984/2984 2983/2983
f 2987/2987 2983/2983 2982/2982
f 2987/2987 2982/2982 2981/2981
f 2987/2987 2981/2981 2980/2980
f 2987/2987 2980/2980 2979/2979
f 2988/2988 2989/2989 2990/2990
f 2988/2988 2990/2990 2991/2991
f 2988/2988 2991/2991 2992/2992
f 2988/2988 2992/2992 2993/2993
f 2988/2988 2993/2993 2994/2994
f 2988/2988 2994/2994 2995/2995
f 2988/2988 2995/2995 2996/2996
f 2997/2997 2998/2998 3007/3007
f 2997/2997 3007/3007 3006/3006
f 2998/2998 2999/2999 3008/3008
f 2998/2998 3008/3008 3007/3007
f 2999/2999 3000/3000 3009/3009
f 2999/2999 3009/3009 3008/3008
f 3000/3000 3001/3001 3010/3010
f 3000/3000 3010/3010 3009/3009
f 3001/3001 3002/3002 3011/3011
f 3001/3001 3011/3011 3010/3010
f 3002/3002 3003/3003 3012/3012
f 3002/3002 3012/3012 3011/3011
f 3003/3003 3004/3004 3013/3013
f 3003/3003 3013/3013 3012/3012
f 3004/3004 3005/3005 3014/3014
f 3004/3004 3014/3014 3013/3013
f 3005/3005 2997/2997 3006/3006
f 3005/3005 3006/3006 3014/3014
f 3005/3005 3004/3004 3003/3003
f 3005/3005 3003/3003 3002/3002
f 3005/3005 3002/3002 3001/3001
f 3005/3005 3001/3001 3000/3000
f 3005/3005 3000/3000 2999/2999
f 3005/3005 2999/2999 2998/2998
f 3005/3005 2998/2998 2997/2997
f 3006/3006 3007/3007 3008/3008
f 3006/3006 3008/3008 3009/3009
f 3006/3006 3009/3009 3010/3010
f 3006/3006 3010/3010 3011/3011
f 3006/3006 3011/3011 3012/3012
f 3006/3006 3012/3012 3013/3013
f 3006/3006 3013/3013 3014/3014
f 3015/3015 3016/3016 3025/3025
f 3015/3015 3025/3025 3024/3024
f 3016/3016 3017/3017 3026/3026
f 3016/3016 3026/3026 3025/3025
f 3017/3017 3018/3018 3027/3027
f 3017/3017 3027/3027 3026/3026
f 3018/3018 3019/3019 3028/3028
f 3018/3018 3028/3028 3027/3027
f 3019/3019 3020/3020 3029/3029
f 3019/3019 3029/3029 3028/3028
f 3020/3020 3021/3021 3030/3030
f 3020/3020 3030/3030 3029/3029
f 3021/3021 3022/3022 3031/3031
f 3021/3021 3031/3031 3030/3030
f 3022/3022 3023/3023 3032/3032
f 3022/3022 3032/3032 3031/3031
f 3023/3023 3015/3015 3024/3024
f 3023/3023 3024/3024 3032/3032
f 3023/3023 3022/3022 3021/3021
f 3023/3023 3021/3021 3020/3020
f 3023/3023 3020/3020 3019/3019
f 3023/3023 3019/3019 3018/3018
f 3023/3023 3018/3018 3017/3017
f 3023/3023 3017/3017 3016/3016
f 3023/3023 3016/3016 3015/3015
f 3024/3024 3025/3025 3026/3026
f 3024/3024 3026/3026 3027/3027
f 3024/3024 3027/3027 3028/3028
f 3024/3024 3028/3028 3029/3029
f 3024/3024 3029/3029 3030/3030
f 3024/3024 3030/3030 3031/3031
f 3024/3024 3031/3031 3032/3032
f 3033/3033 3034/3034 3043/3043
f 3033/3033 3043/3043 3042/3042
f 3034/3034 3035/3035 3044/3044
f 3034/3034 3044/3044 3043/3043
f 3035/3035 3036/3036 3045/3045
f 3035/3035 3045/3045 3044/3044
f 3036/3036 3037/3037 3046/3046
f 3036/3036 3046/3046 3045/3045
f 3037/3037 3038/3038 3047/3047
f 3037/3037 3047/3047 3046/3046
f 3038/3038 3039/3039 3048/3048
f 3038/3038 3048/3048 3047/3047
f 3039/3039 3040/3040 3049/3049
f 3039/3039 3049/3049 3048/3048
f 3040/3040 3041/3041 3050/3050
f 3040/3040 3050/3050 3049/3049
f 3041/3041 3033/3033 3042/3042
f 3041/3041 3042/3042 3050/3050
f 3041/3041 3040/3040 3039/3039
f 3041/3041 3039/3039 3038/3038
f 3041/3041 3038/3038 3037/3037
f 3041/3041 3037/3037 3036/3036
f 3041/3041 3036/3036 3035/3035
f 3041/3041 3035/3035 3034/3034
f 3041/3041 3034/3034 3033/3033
f 3042/3042 3043/3043 3044/3044
f 3042/3042 3044/3044 3045/3045
f 3042/3042 3045/3045 3046/3046
f 3042/3042 3046/3046 3047/3047
f 3042/3042 3047/3047 3048/3048
f 3042/3042 3048/3048 3049/3049
f 3042/3042 3049/3049 3050/3050
f 3051/3051 3052/3052 3061/3061
f 3051/3051 3061/3061 3060/3060
f 3052/3052 3053/3053 3062/3062
f 3052/3052 3062/3062 3061/3061
f 3053/3053 3054/3054 3063/3063
f 3053/3053 3063/3063 3062/3062
f 3054/3054 3055/3055 3064/3064
f 3054/3054 3064/3064 3063/3063
f 3055/3055 3056/3056 3065/3065
f 3055/3055 3065/3065 3064/3064
f 3056/3056 3057/3057 3066/3066
f 3056/3056 3066/3066 3065/3065
f 3057/3057 3058/3058 3067/3067
f 3057/3057 3067/3067 3066/3066
f 3058/3058 3059/3059 3068/3068
f 3058/3058 3068/3068 3067/3067
f 3059/3059 3051/3051 3060/3060
f 3059/3059 3060/3060 3068/3068
f 3059/3059 3058/3058 3057/3057
f 3059/3059 3057/3057 3056/3056
f 3059/3059 3056/3056 3055/3055
f 3059/3059 3055/3055 3054/3054
f 3059/3059 3054/3054 3053/3053
f 3059/3059 3053/3053 3052/3052
f 3059/3059 3052/3052 3051/3051
f 3060/3060 3061/3061 3062/3062
f 3060/3060 3062/3062 3063/3063
f 3060/3060 3063/3063 3064/3064
f 3060/3060 3064/3064 3065/3065
f 3060/3060 3065/3065 3066/3066
f 3060/3060 3066/3066 3067/3067
f 3060/3060 3067/3067 3068/3068
f 3069/3069 3070/3070 3079/3079
f 3069/3069 3079/3079 3078/3078
f 3070/3070 3071/3071 3080/3080
f 3070/3070 3080/3080 3079/3079
f 3071/3071 3072/3072 3081/3081
f 3071/3071 3081/3081 3080/3080
f 3072/3072 3073/3073 3082/3082
f 3072/3072 3082/3082 3081/3081
f 3073/3073 3074/3074 3083/3083
f 3073/3073 3083/3083 3082/3082
f 3074/3074 3075/3075 3084/3084
f 3074/3074 3084/3084 3083/3083
f 3075/3075 3076/3076 3085/3085
f 3075/3075 3085/3085 3084/3084
f 3076/3076 3077/3077 3086/3086
f 3076/3076 3086/3086 3085/3085
f 3077/3077 3069/3069 3078/3078
f 3077/3077 3078/3078 3086/3086
f 3077/3077 3076/3076 3075/3075
f 3077/3077 3075/3075 3074/3074
f 3077/3077 3074/3074 3073/3073
f 3077/3077 3073/3073 3072/3072
f 3077/3077 3072/3072 3071/3071
f 3077/3077 3071/3071 3070/3070
f 3077/3077 3070/3070 3069/3069
f 3078/3078 3079/3079 3080/3080
f 3078/3078 3080/3080 3081/3081
f 3078/3078 3081/3081 3082/3082
f 3078/3078 3082/3082 3083/3083
f 3078/3078 3083/3083 3084/3084
f 3078/3078 3084/3084 3085/3085
f 3078/3078 3085/3085 3086/3086
f 3087/3087 3088/3088 3097/3097
f 3087/3087 3097/3097 3096/3096
f 3088/3088 3089/3089 3098/3098
f 3088/3088 3098/3098 3097/3097
f 3089/3089 3090/3090 3099/3099
f 3089/3089 3099/3099 3098/3098
f 3090/3090 3091/3091 3100/3100
f 3090/3090 3100/3100 3099/3099
f 3091/3091 3092/3092 3101/3101
f 3091/3091 3101/3101 3100/3100
f 3092/3092 3093/3093 3102/3102
f 3092/3092 3102/3102 3101/3101
f 3093/3093 3094/3094 3103/3103
f 3093/3093 3103/3103 3102/3102
f 3094/3094 3095/3095 3104/3104
f 3094/3094 3104/3104 3103/3103
f 3095/3095 3087/3087 3096/3096
f 3095/3095 3096/3096 3104/3104
f 3095/3095 3094/3094 3093/3093
f 3095/3095 3093/3093 3092/3092
f 3095/3095 3092/3092 3091/3091
f 3095/3095 3091/3091 3090/3090
f 3095/3095 3090/3090 3089/3089
f 3095/3095 3089/3089 3088/3088
f 3095/3095 3088/3088 3087/3087
f 3096/3096 3097/3097 3098/3098
f 3096/3096 3098/3098 3099/3099
f 3096/3096 3099/3099 3100/3100
f 3096/3096 3100/3100 3101/3101
f 3096/3096 3101/3101 3102/3102
f 3096/3096 3102/3102 3103/3103
f 3096/3096 3103/3103 3104/3104
f 3105/3105 3106/3106 3115/3115
f 3105/3105 3115/3115 3114/3114
f 3106/3106 3107/3107 3116/3116
f 3106/3106 3116/3116 3115/3115
f 3107/3107 3108/3108 3117/3117
f 3107/3107 3117/3117 3116/3116
f 3108/3108 3109/3109 3118/3118
f 3108/3108 3118/3118 3117/3117
f 3109/3109 3110/3110 3119/3119
f 3109/3109 3119/3119 3118/3118
f 3110/3110 3111/3111 3120/3120
f 3110/3110 3120/3120 3119/3119
f 3111/3111 3112/3112 3121/3121
f 3111/3111 3121/3121 3120/3120
f 3112/3112 3113/3113 3122/3122
f 3112/3112 3122/3122 3121/3121
f 3113/3113 3105/3105 3114/3114
f 3113/3113 3114/3114 3122/3122
f 3113/3113 3112/3112 3111/3111
f 3113/3113 3111/3111 3110/3110
f 3113/3113 3110/3110 3109/3109
f 3113/3113 3109/3109 3108/3108
f 3113/3113 3108/3108 3107/3107
f 3113/3113 3107/3107 3106/3106
f 3113/3113 3106/3106 3105/3105
f 3114/3114 3115/3115 3116/3116
f 3114/3114 3116/3116 3117/3117
f 3114/3114 3117/3117 3118/3118
f 3114/3114 3118/3118 3119/3119
f 3114/3114 3119/3119 3120/3120
f 3114/3114 3120/3120 3121/3121
f 3114/3114 3121/3121 3122/3122
f 3123/3123 3124/3124 3133/3133
f 3123/3123 3133/3133 3132/3132
f 3124/3124 3125/3125 3134/3134
f 3124/3124 3134/3134 3133/3133
f 3125/3125 3126/3126 3135/3135
f 3125/3125 3135/3135 3134/3134
f 3126/3126 3127/3127 3136/3136
f 3126/3126 3136/3136 3135/3135
f 3127/3127 3128/3128 3137/3137
f 3127/3127 3137/3137 3136/3136
f 3128/3128 3129/3129 3138/3138
f 3128/3128 3138/3138 3137/3137
f 3129/3129 3130/3130 3139/3139
f 3129/3129 3139/3139 3138/3138
f 3130/3130 3131/3131 3140/3140
f 3130/3130 3140/3140 3139/3139
f 3131/3131 3123/3123 3132/3132
f 3131/3131 3132/3132 3140/3140
f 3131/3131 3130/3130 3129/3129
f 3131/3131 3129/3129 3128/3128
f 3131/3131 3128/3128 3127/3127
f 3131/3131 3127/3127 3126/3126
f 3131/3131 3126/3126 3125/3125
f 3131/3131 3125/3125 3124/3124
f 3131/3131 3124/3124 3123/3123
f 3132/3132 3133/3133 3134/3134
f 3132/3132 3134/3134 3135/3135
f 3132/3132 3135/3135 3136/3136
f 3132/3132 3136/3136 3137/3137
f 3132/3132 3137/3137 3138/3138
f 3132/3132 3138/3138 3139/3139
f 3132/3132 3139/3139 3140/3140
f 3141/3141 3142/3142 3151/3151
f 3141/3141 3151/3151 3150/3150
f 3142/3142 3143/3143 3152/3152
f 3142/3142 3152/3152 3151/3151
f 3143/3143 3144/3144 3153/3153
f 3143/3143 3153/3153 3152/3152
f 3144/3144 3145/3145 3154/3154
f 3144/3144 3154/3154 3153/3153
f 3145/3145 3146/3146 3155/3155
f 3145/3145 3155/3155 3154/3154
f 3146/3146 3147/3147 3156/3156
f 3146/3146 3156/3156 3155/3155
f 3147/3147 3148/3148 3157/3157
f 3147/3147 3157/3157 3156/3156
f 3148/3148 3149/3149 3158/3158
f 3148/3148 3158/3158 3157/3157
f 3149/3149 3141/3141 3150/3150
f 3149/3149 3150/3150 3158/3158
f 3149/3149 3148/3148 3147/3147
f 3149/3149 3147/3147 3146/3146
f 3149/3149 3146/3146 3145/3145
f 3149/3149 3145/3145 3144/3144
f 3149/3149 3144/3144 3143/3143
f 3149/3149 3143/3143 3142/3142
f 3149/3149 3142/3142 3141/3141
f 3150/3150 3151/3151 3152/3152
f 3150/3150 3152/3152 3153/3153
f 3150/3150 3153/3153 3154/3154
f 3150/3150 3154/3154 3155/3155
f 3150/3150 3155/3155 3156/3156
f 3150/3150 3156/3156 3157/3157
f 3150/3150 3157/3157 3158/3158
f 3159/3159 3160/3160 3169/3169
f 3159/3159 3169/3169 3168/3168
f 3160/3160 3161/3161 3170/3170
f 3160/3160 3170/3170 3169/3169
f 3161/3161 3162/3162 3171/3171
f 3161/3161 3171/3171 3170/3170
f 3162/3162 3163/3163 3172/3172
f 3162/3162 3172/3172 3171/3171
f 3163/3163 3164/3164 3173/3173
f 3163/3163 3173/3173 3172/3172
f 3164/3164 3165/3165 3174/3174
f 3164/3164 3174/3174 3173/3173
f 3165/3165 3166/3166 3175/3175
f 3165/3165 3175/3175 3174/3174
f 3166/3166 3167/3167 3176/3176
f 3166/3166 3176/3176 3175/3175
f 3167/3167 3159/3159 3168/3168
f 3167/3167 3168/3168 3176/3176
f 3167/3167 3166/3166 3165/3165
f 3167/3167 3165/3165 3164/3164
f 3167/3167 3164/3164 3163/3163
f 3167/3167 3163/3163 3162/3162
f 3167/3167 3162/3162 3161/3161
f 3167/3167 3161/3161 3160/3160
f 3167/3167 3160/3160 3159/3159
f 3168/3168 3169/3169 3170/3170
f 3168/3168 3170/3170 3171/3171
f 3168/3168 3171/3171 3172/3172
f 3168/3168 3172/3172 3173/3173
f 3168/3168 3173/3173 3174/3174
f 3168/3168 3174/3174 3175/3175
f 3168/3168 3175/3175 3176/3176
f 3177/3177 3178/3178 3186/3186
f 3177/3177 3186/3186 3185/3185
f 3178/3178 3179/3179 3187/3187
f 3178/3178 3187/3187 3186/3186
f 3179/3179 3180/3180 3188/3188
f 3179/3179 3188/3188 3187/3187
f 3180/3180 3181/3181 3189/3189
f 3180/3180 3189/3189 3188/3188
f 3181/3181 3182/3182 3190/3190
f 3181/3181 3190/3190 3189/3189
f 3182/3182 3183/3183 3191/3191
f 3182/3182 3191/3191 3190/3190
f 3183/3183 3184/3184 3192/3192
f 3183/3183 3192/3192 3191/3191
f 3184/3184 3177/3177 3185/3185
f 3184/3184 3185/3185 3192/3192
f 3184/3184 3183/3183 3182/3182
f 3184/3184 3182/3182 3181/3181
f 3184/3184 3181/3181 3180/3180
f 3184/3184 3180/3180 3179/3179
f 3184/3184 3179/3179 3178/3178
f 3184/3184 3178/3178 3177/3177
f 3185/3185 3186/3186 3187/3187
f 3185/3185 3187/3187 3188/3188
f 3185/3185 3188/3188 3189/3189
f 3185/3185 3189/3189 3190/3190
f 3185/3185 3190/3190 3191/3191
f 3185/3185 3191/3191 3192/3192
f 3193/3193 3194/3194 3202/3202
f 3193/3193 3202/3202 3201/3201
f 3194/3194 3195/3195 3203/3203
f 3194/3194 3203/3203 3202/3202
f 3195/3195 3196/3196 3204/3204
f 3195/3195 3204/3204 3203/3203
f 3196/3196 3197/3197 3205/3205
f 3196/3196 3205/3205 3204/3204
f 3197/3197 3198/3198 3206/3206
f 3197/3197 3206/3206 3205/3205
f 3198/3198 3199/3199 3207/3207
f 3198/3198 3207/3207 3206/3206
f 3199/3199 3200/3200 3208/3208
f 3199/3199 3208/3208 3207/3207
f 3200/3200 3193/3193 3201/3201
f 3200/3200 3201/3201 3208/3208
f 3200/3200 3199/3199 3198/3198
f 3200/3200 3198/3198 3197/3197
f 3200/3200 3197/3197 3196/3196
f 3200/3200 3196/3196 3195/3195
f 3200/3200 3195/3195 3194/3194
f 3200/3200 3194/3194 3193/3193
f 3201/3201 3202/3202 3203/3203
f 3201/3201 3203/3203 3204/3204
f 3201/3201 3204/3204 3205/3205
f 3201/3201 3205/3205 3206/3206
f 3201/3201 3206/3206 3207/3207
f 3201/3201 3207/3207 3208/3208
f 3209/3209 3210/3210 3217/3217
f 3209/3209 3217/3217 3216/3216
f 3210/3210 3211/3211 3218/3218
f 3210/3210 3218/3218 3217/3217
f 3211/3211 3212/3212 3219/3219
f 3211/3211 3219/3219 3218/3218
f 3212/3212 3213/3213 3220/3220
f 3212/3212 3220/3220 3219/3219
f 3213/3213 3214/3214 3221/3221
f 3213/3213 3221/3221 3220/3220
f 3214/3214 3215/3215 3222/3222
f 3214/3214 3222/3222 3221/3221
f 3215/3215 3209/3209 3216/3216
f 3215/3215 3216/3216 3222/3222
f 3215/3215 3214/3214 3213/3213
f 3215/3215 3213/3213 3212/3212
f 3215/3215 3212/3212 3211/3211
f 3215/3215 3211/3211 3210/3210
f 3215/3215 3210/3210 3209/3209
f 3216/3216 3217/3217 3218/3218
f 3216/3216 3218/3218 3219/3219
f 3216/3216 3219/3219 3220/3220
f 3216/3216 3220/3220 3221/3221
f 3216/3216 3221/3221 3222/3222
f 3223/3223 3224/3224 3231/3231
f 3223/3223 3231/3231 3230/3230
f 3224/3224 3225/3225 3232/3232
f 3224/3224 3232/3232 3231/3231
f 3225/3225 3226/3226 3233/3233
f 3225/3225 3233/3233 3232/3232
f 3226/3226 3227/3227 3234/3234
f 3226/3226 3234/3234 3233/3233
f 3227/3227 3228/3228 3235/3235
f 3227/3227 3235/3235 3234/3234
f 3228/3228 3229/3229 3236/3236
f 3228/3228 3236/3236 3235/3235
f 3229/3229 3223/3223 3230/3230
f 3229/3229 3230/3230 3236/3236
f 3229/3229 3228/3228 3227/3227
f 3229/3229 3227/3227 3226/3226
f 3229/3229 3226/3226 3225/3225
f 3229/3229 3225/3225 3224/3224
f 3229/3229 3224/3224 3223/3223
f 3230/3230 3231/3231 3232/3232
f 3230/3230 3232/3232 3233/3233
f 3230/3230 3233/3233 3234/3234
f 3230/3230 3234/3234 3235/3235
f 3230/3230 3235/3235 3236/3236
f 3237/3237 3238/3238 3245/3245
f 3237/3237 3245/3245 3244/3244
f 3238/3238 3239/3239 3246/3246
f 3238/3238 3246/3246 3245/3245
f 3239/3239 3240/3240 3247/3247
f 3239/3239 3247/3247 3246/3246
f 3240/3240 3241/3241 3248/3248
f 3240/3240 3248/3248 3247/3247
f 3241/3241 3242/3242 3249/3249
f 3241/3241 3249/3249 3248/3248
f 3242/3242 3243/3243 3250/3250
f 3242/3242 3250/3250 3249/3249
f 3243/3243 3237/3237 3244/3244
f 3243/3243 3244/3244 3250/3250
f 3243/3243 3242/3242 3241/3241
f 3243/3243 3241/3241 3240/3240
f 3243/3243 3240/3240 3239/3239
f 3243/3243 3239/3239 3238/3238
f 3243/3243 3238/3238 3237/3237
f 3244/3244 3245/3245 3246/3246
f 3244/3244 3246/3246 3247/3247
f 3244/3244 3247/3247 3248/3248
f 3244/3244 3248/3248 3249/3249
f 3244/3244 3249/3249 3250/3250
f 3251/3251 3252/3252 3259/3259
f 3251/3251 3259/3259 3258/3258
f 3252/3252 3253/3253 3260/3260
f 3252/3252 3260/3260 3259/3259
f 3253/3253 3254/3254 3261/3261
f 3253/3253 3261/3261 3260/3260
f 3254/3254 3255/3255 3262/3262
f 3254/3254 3262/3262 3261/3261
f 3255/3255 3256/3256 3263/3263
f 3255/3255 3263/3263 3262/3262
f 3256/3256 3257/3257 3264/3264
f 3256/3256 3264/3264 3263/3263
f 3257/3257 3251/3251 3258/3258
f 3257/3257 3258/3258 3264/3264
f 3257/3257 3256/3256 3255/3255
f 3257/3257 3255/3255 3254/3254
f 3257/3257 3254/3254 3253/3253
f 3257/3257 3253/3253 3252/3252
f 3257/3257 3252/3252 3251/3251
f 3258/3258 3259/3259 3260/3260
f 3258/3258 3260/3260 3261/3261
f 3258/3258 3261/3261 3262/3262
f 3258/3258 3262/3262 3263/3263
f 3258/3258 3263/3263 3264/3264
f 3265/3265 3266/3266 3273/3273
f 3265/3265 3273/3273 3272/3272
f 3266/3266 3267/3267 3274/3274
f 3266/3266 3274/3274 3273/3273
f 3267/3267 3268/3268 3275/3275
f 3267/3267 3275/3275 3274/3274
f 3268/3268 3269/3269 3276/3276
f 3268/3268 3276/3276 3275/3275
f 3269/3269 3270/3270 3277/3277
f 3269/3269 3277/3277 3276/3276
f 3270/3270 3271/3271 3278/3278
f 3270/3270 3278/3278 3277/3277
f 3271/3271 3265/3265 3272/3272
f 3271/3271 3272/3272 3278/3278
f 3271/3271 3270/3270 3269/3269
f 3271/3271 3269/3269 3268/3268
f 3271/3271 3268/3268 3267/3267
f 3271/3271 3267/3267 3266/3266
f 3271/3271 3266/3266 3265/3265
f 3272/3272 3273/3273 3274/3274
f 3272/3272 3274/3274 3275/3275
f 3272/3272 3275/3275 3276/3276
f 3272/3272 3276/3276 3277/3277
f 3272/3272 3277/3277 3278/3278
f 3279/3279 3280/3280 3287/3287
f 3279/3279 3287/3287 3286/3286
f 3280/3280 3281/3281 3288/3288
f 3280/3280 3288/3288 3287/3287
f 3281/3281 3282/3282 3289/3289
f 3281/3281 3289/3289 3288/3288
f 3282/3282 3283/3283 3290/3290
f 3282/3282 3290/3290 3289/3289
f 3283/3283 3284/3284 3291/3291
f 3283/3283 3291/3291 3290/3290
f 3284/3284 3285/3285 3292/3292
f 3284/3284 3292/3292 3291/3291
f 3285/3285 3279/3279 3286/3286
f 3285/3285 3286/3286 3292/3292
f 3285/3285 3284/3284 3283/3283
f 3285/3285 3283/3283 3282/3282
f 3285/3285 3282/3282 3281/3281
f 3285/3285 3281/3281 3280/3280
f 3285/3285 3280/3280 3279/3279
f 3286/3286 3287/3287 3288/3288
f 3286/3286 3288/3288 3289/3289
f 3286/3286 3289/3289 3290/3290
f 3286/3286 3290/3290 3291/3291
f 3286/3286 3291/3291 3292/3292
f 3293/3293 3294/3294 3301/3301
f 3293/3293 3301/3301 3300/3300
f 3294/3294 3295/3295 3302/3302
f 3294/3294 3302/3302 3301/3301
f 3295/3295 3296/3296 3303/3303
f 3295/3295 3303/3303 3302/3302
f 3296/3296 3297/3297 3304/3304
f 3296/3296 3304/3304 3303/3303
f 3297/3297 3298/3298 3305/3305
f 3297/3297 3305/3305 3304/3304
f 3298/3298 3299/3299 3306/3306
f 3298/3298 3306/3306 3305/3305
f 3299/3299 3293/3293 3300/3300
f 3299/3299 3300/3300 3306/3306
f 3299/3299 3298/3298 3297/3297
f 3299/3299 3297/3297 3296/3296
f 3299/3299 3296/3296 3295/3295
f 3299/3299 3295/3295 3294/3294
f 3299/3299 3294/3294 3293/3293
f 3300/3300 3301/3301 3302/3302
f 3300/3300 3302/3302 3303/3303
f 3300/3300 3303/3303 3304/3304
f 3300/3300 3304/3304 3305/3305
f 3300/3300 3305/3305 3306/3306
f 3307/3307 3308/3308 3315/3315
f 3307/3307 3315/3315 3314/3314
f 3308/3308 3309/3309 3316/3316
f 3308/3308 3316/3316 3315/3315
f 3309/3309 3310/3310 3317/3317
f 3309/3309 3317/3317 3316/3316
f 3310/3310 3311/3311 3318/3318
f 3310/3310 3318/3318 3317/3317
f 3311/3311 3312/3312 3319/3319
f 3311/3311 3319/3319 3318/3318
f 3312/3312 3313/3313 3320/3320
f 3312/3312 3320/3320 3319/3319
f 3313/3313 3307/3307 3314/3314
f 3313/3313 3314/3314 3320/3320
f 3313/3313 3312/3312 3311/3311
f 3313/3313 3311/3311 3310/3310
f 3313/3313 3310/3310 3309/3309
f 3313/3313 3309/3309 3308/3308
f 3313/3313 3308/3308 3307/3307
f 3314/3314 3315/3315 3316/3316
f 3314/3314 3316/3316 3317/3317
f 3314/3314 3317/3317 3318/3318
f 3314/3314 3318/3318 3319/3319
f 3314/3314 3319/3319 3320/3320
f 3321/3321 3322/3322 3329/3329
f 3321/3321 3329/3329 3328/3328
f 3322/3322 3323/3323 3330/3330
f 3322/3322 3330/3330 3329/3329
f 3323/3323 3324/3324 3331/3331
f 3323/3323 3331/3331 3330/3330
f 3324/3324 3325/3325 3332/3332
f 3324/3324 3332/3332 3331/3331
f 3325/3325 3326/3326 3333/3333
f 3325/3325 3333/3333 3332/3332
f 3326/3326 3327/3327 3334/3334
f 3326/3326 3334/3334 3333/3333
f 3327/3327 3321/3321 3328/3328
f 3327/3327 3328/3328 3334/3334
f 3327/3327 3326/3326 3325/3325
f 3327/3327 3325/3325 3324/3324
f 3327/3327 3324/3324 3323/3323
f 3327/3327 3323/3323 3322/3322
f 3327/3327 3322/3322 3321/3321
f 3328/3328 3329/3329 3330/3330
f 3328/3328 3330/3330 3331/3331
f 3328/3328 3331/3331 3332/3332
f 3328/3328 3332/3332 3333/3333
f 3328/3328 3333/3333 3334/3334
f 3335/3335 3336/3336 3345/3345
f 3335/3335 3345/3345 3344/3344
f 3336/3336 3337/3337 3346/3346
f 3336/3336 3346/3346 3345/3345
f 3337/3337 3338/3338 3347/3347
f 3337/3337 3347/3347 3346/3346
f 3338/3338 3339/3339 3348/3348
f 3338/3338 3348/3348 3347/3347
f 3339/3339 3340/3340 3349/3349
f 3339/3339 3349/3349 3348/3348
f 3340/3340 3341/3341 3350/3350
f 3340/3340 3350/3350 3349/3349
f 3341/3341 3342/3342 3351/3351
f 3341/3341 3351/3351 3350/3350
f 3342/3342 3343/3343 3352/3352
f 3342/3342 3352/3352 3351/3351
f 3343/3343 3335/3335 3344/3344
f 3343/3343 3344/3344 3352/3352
f 3343/3343 3342/3342 3341/3341
f 3343/3343 3341/3341 3340/3340
f 3343/3343 3340/3340 3339/3339
f 3343/3343 3339/3339 3338/3338
f 3343/3343 3338/3338 3337/3337
f 3343/3343 3337/3337 3336/3336
f 3343/3343 3336/3336 3335/3335
f 3344/3344 3345/3345 3346/3346
f 3344/3344 3346/3346 3347/3347
f 3344/3344 3347/3347 3348/3348
f 3344/3344 3348/3348 3349/3349
f 3344/3344 3349/3349 3350/3350
f 3344/3344 3350/3350 3351/3351
f 3344/3344 3351/3351 3352/3352
f 3353/3353 3354/3354 3363/3363
f 3353/3353 3363/3363 3362/3362
f 3354/3354 3355/3355 3364/3364
f 3354/3354 3364/3364 3363/3363
f 3355/3355 3356/3356 3365/3365
f 3355/3355 3365/3365 3364/3364
f 3356/3356 3357/3357 3366/3366
f 3356/3356 3366/3366 3365/3365
f 3357/3357 3358/3358 3367/3367
f 3357/3357 3367/3367 3366/3366
f 3358/3358 3359/3359 3368/3368
f 3358/3358 3368/3368 3367/3367
f 3359/3359 3360/3360 3369/3369
f 3359/3359 3369/3369 3368/3368
f 3360/3360 3361/3361 3370/3370
f 3360/3360 3370/3370 3369/3369
f 3361/3361 3353/3353 3362/3362
f 3361/3361 3362/3362 3370/3370
f 3361/3361 3360/3360 3359/3359
f 3361/3361 3359/3359 3358/3358
f 3361/3361 3358/3358 3357/3357
f 3361/3361 3357/3357 3356/3356
f 3361/3361 3356/3356 3355/3355
f 3361/3361 3355/3355 3354/3354
f 3361/3361 3354/3354 3353/3353
f 3362/3362 3363/3363 3364/3364
f 3362/3362 3364/3364 3365/3365
f 3362/3362 3365/3365 3366/3366
f 3362/3362 3366/3366 3367/3367
f 3362/3362 3367/3367 3368/3368
f 3362/3362 3368/3368 3369/3369
f 3362/3362 3369/3369 3370/3370
f 3371/3371 3372/3372 3381/3381
f 3371/3371 3381/3381 3380/3380
f 3372/3372 3373/3373 3382/3382
f 3372/3372 3382/3382 3381/3381
f 3373/3373 3374/3374 3383/3383
f 3373/3373 3383/3383 3382/3382
f 3374/3374 3375/3375 3384/3384
f 3374/3374 3384/3384 3383/3383
f 3375/3375 3376/3376 3385/3385
f 3375/3375 3385/3385 3384/3384
f 3376/3376 3377/3377 3386/3386
f 3376/3376 3386/3386 3385/3385
f 3377/3377 3378/3378 3387/3387
f 3377/3377 3387/3387 3386/3386
f 3378/3378 3379/3379 3388/3388
f 3378/3378 3388/3388 3387/3387
f 3379/3379 3371/3371 3380/3380
f 3379/3379 3380/3380 3388/3388
f 3379/3379 3378/3378 3377/3377
f 3379/3379 3377/3377 3376/3376
f 3379/3379 3376/3376 3375/3375
f 3379/3379 3375/3375 3374/3374
f 3379/3379 3374/3374 3373/3373
f 3379/3379 3373/3373 3372/3372
f 3379/3379 3372/3372 3371/3371
f 3380/3380 3381/3381 3382/3382
f 3380/3380 3382/3382 3383/3383
f 3380/3380 3383/3383 3384/3384
f 3380/3380 3384/3384 3385/3385
f 3380/3380 3385/3385 3386/3386
f 3380/3380 3386/3386 3387/3387
f 3380/3380 3387/3387 3388/3388
f 3389/3389 3390/3390 3399/3399
f 3389/3389 3399/3399 3398/3398
f 3390/3390 3391/3391 3400/3400
f 3390/3390 3400/3400 3399/3399
f 3391/3391 3392/3392 3401/3401
f 3391/3391 3401/3401 3400/3400
f 3392/3392 3393/3393 3402/3402
f 3392/3392 3402/3402 3401/3401
f 3393/3393 3394/3394 3403/3403
f 3393/3393 3403/3403 3402/3402
f 3394/3394 3395/3395 3404/3404
f 3394/3394 3404/3404 3403/3403
f 3395/3395 3396/3396 3405/3405
f 3395/3395 3405/3405 3404/3404
f 3396/3396 3397/3397 3406/3406
f 3396/3396 3406/3406 3405/3405
f 3397/3397 3389/3389 3398/3398
f 3397/3397 3398/3398 3406/3406
f 3397/3397 3396/3396 3395/3395
f 3397/3397 3395/3395 3394/3394
f 3397/3397 3394/3394 3393/3393
f 3397/3397 3393/3393 3392/3392
f 3397/3397 3392/3392 3391/3391
f 3397/3397 3391/3391 3390/3390
f 3397/3397 3390/3390 3389/3389
f 3398/3398 3399/3399 3400/3400
f 3398/3398 3400/3400 3401/3401
f 3398/3398 3401/3401 3402/3402
f 3398/3398 3402/3402 3403/3403
f 3398/3398 3403/3403 3404/3404
f 3398/3398 3404/3404 3405/3405
f 3398/3398 3405/3405 3406/3406
f 3407/3407 3408/3408 3417/3417
f 3407/3407 3417/3417 3416/3416
f 3408/3408 3409/3409 3418/3418
f 3408/3408 3418/3418 3417/3417
f 3409/3409 3410/3410 3419/3419
f 3409/3409 3419/3419 3418/3418
f 3410/3410 3411/3411 3420/3420
f 3410/3410 3420/3420 3419/3419
f 3411/3411 3412/3412 3421/3421
f 3411/3411 3421/3421 3420/3420
f 3412/3412 3413/3413 3422/3422
f 3412/3412 3422/3422 3421/3421
f 3413/3413 3414/3414 3423/3423
f 3413/3413 3423/3423 3422/3422
f 3414/3414 3415/3415 3424/3424
f 3414/3414 3424/3424 3423/3423
f 3415/3415 3407/3407 3416/3416
f 3415/3415 3416/3416 3424/3424
f 3415/3415 3414/3414 3413/3413
f 3415/3415 3413/3413 3412/3412
f 3415/3415 3412/3412 3411/3411
f 3415/3415 3411/3411 3410/3410
f 3415/3415 3410/3410 3409/3409
f 3415/3415 3409/3409 3408/3408
f 3415/3415 3408/3408 3407/3407
f 3416/3416 3417/3417 3418/3418
f 3416/3416 3418/3418 3419/3419
f 3416/3416 3419/3419 3420/3420
f 3416/3416 3420/3420 3421/3421
f 3416/3416 3421/3421 3422/3422
f 3416/3416 3422/3422 3423/3423
f 3416/3416 3423/3423 3424/3424
f 3425/3425 3426/3426 3435/3435
f 3425/3425 3435/3435 3434/3434
f 3426/3426 3427/3427 3436/3436
f 3426/3426 3436/3436 3435/3435
f 3427/3427 3428/3428 3437/3437
f 3427/3427 3437/3437 3436/3436
f 3428/3428 3429/3429 3438/3438
f 3428/3428 3438/3438 3437/3437
f 3429/3429 3430/3430 3439/3439
f 3429/3429 3439/3439 3438/3438
f 3430/3430 3431/3431 3440/3440
f 3430/3430 3440/3440 3439/3439
f 3431/3431 3432/3432 3441/3441
f 3431/3431 3441/3441 3440/3440
f 3432/3432 3433/3433 3442/3442
f 3432/3432 3442/3442 3441/3441
f 3433/3433 3425/3425 3434/3434
f 3433/3433 3434/3434 3442/3442
f 3433/3433 3432/3432 3431/3431
f 3433/3433 3431/3431 3430/3430
f 3433/3433 3430/3430 3429/3429
f 3433/3433 3429/3429 3428/3428
f 3433/3433 3428/3428 3427/3427
f 3433/3433 3427/3427 3426/3426
f 3433/3433 3426/3426 3425/3425
f 3434/3434 3435/3435 3436/3436
f 3434/3434 3436/3436 3437/3437
f 3434/3434 3437/3437 3438/3438
f 3434/3434 3438/3438 3439/3439
f 3434/3434 3439/3439 3440/3440
f 3434/3434 3440/3440 3441/3441
f 3434/3434 3441/3441 3442/3442
f 3443/3443 3444/3444 3453/3453
f 3443/3443 3453/3453 3452/3452
f 3444/3444 3445/3445 3454/3454
f 3444/3444 3454/3454 3453/3453
f 3445/3445 3446/3446 3455/3455
f 3445/3445 3455/3455 3454/3454
f 3446/3446 3447/3447 3456/3456
f 3446/3446 3456/3456 3455/3455
f 3447/3447 3448/3448 3457/3457
f 3447/3447 3457/3457 3456/3456
f 3448/3448 3449/3449 3458/3458
f 3448/3448 3458/3458 3457/3457
f 3449/3449 3450/3450 3459/3459
f 3449/3449 3459/3459 3458/3458
f 3450/3450 3451/3451 3460/3460
f 3450/3450 3460/3460 3459/3459
f 3451/3451 3443/3443 3452/3452
f 3451/3451 3452/3452 3460/3460
f 3451/3451 3450/3450 3449/3449
f 3451/3451 3449/3449 3448/3448
f 3451/3451 3448/3448 3447/3447
f 3451/3451 3447/3447 3446/3446
f 3451/3451 3446/3446 3445/3445
f 3451/3451 3445/3445 3444/3444
f 3451/3451 3444/3444 3443/3443
f 3452/3452 3453/3453 3454/3454
f 3452/3452 3454/3454 3455/3455
f 3452/3452 3455/3455 3456/3456
f 3452/3452 3456/3456 3457/3457
f 3452/3452 3457/3457 3458/3458
f 3452/3452 3458/3458 3459/3459
f 3452/3452 3459/3459 3460/3460
f 3461/3461 3462/3462 3471/3471
f 3461/3461 3471/3471 3470/3470
f 3462/3462 3463/3463 3472/3472
f 3462/3462 3472/3472 3471/3471
f 3463/3463 3464/3464 3473/3473
f 3463/3463 3473/3473 3472/3472
f 3464/3464 3465/3465 3474/3474
f 3464/3464 3474/3474 3473/3473
f 3465/3465 3466/3466 3475/3475
f 3465/3465 3475/3475 3474/3474
f 3466/3466 3467/3467 3476/3476
f 3466/3466 3476/3476 3475/3475
f 3467/3467 3468/3468 3477/3477
f 3467/3467 3477/3477 3476/3476
f 3468/3468 3469/3469 3478/3478
f 3468/3468 3478/3478 3477/3477
f 3469/3469 3461/3461 3470/3470
f 3469/3469 3470/3470 3478/3478
f 3469/3469 3468/3468 3467/3467
f 3469/3469 3467/3467 3466/3466
f 3469/3469 3466/3466 3465/3465
f 3469/3469 3465/3465 3464/3464
f 3469/3469 3464/3464 3463/3463
f 3469/3469 3463/3463 3462/3462
f 3469/3469 3462/3462 3461/3461
f 3470/3470 3471/3471 3472/3472
f 3470/3470 3472/3472 3473/3473
f 3470/3470 3473/3473 3474/3474
f 3470/3470 3474/3474 3475/3475
f 3470/3470 3475/3475 3476/3476
f 3470/3470 3476/3476 3477/3477
f 3470/3470 3477/3477 3478/3478
f 3479/3479 3480/3480 3489/3489
f 3479/3479 3489/3489 3488/3488
f 3480/3480 3481/3481 3490/3490
f 3480/3480 3490/3490 3489/3489
f 3481/3481 3482/3482 3491/3491
f 3481/3481 3491/3491 3490/3490
f 3482/3482 3483/3483 3492/3492
f 3482/3482 3492/3492 3491/3491
f 3483/3483 3484/3484 3493/3493
f 3483/3483 3493/3493 3492/3492
f 3484/3484 3485/3485 3494/3494
f 3484/3484 3494/3494 3493/3493
f 3485/3485 3486/3486 3495/3495
f 3485/3485 3495/3495 3494/3494
f 3486/3486 3487/3487 3496/3496
f 3486/3486 3496/3496 3495/3495
f 3487/3487 3479/3479 3488/3488
f 3487/3487 3488/3488 3496/3496
f 3487/3487 3486/3486 3485/3485
f 3487/3487 3485/3485 3484/3484
f 3487/3487 3484/3484 3483/3483
f 3487/3487 3483/3483 3482/3482
f 3487/3487 3482/3482 3481/3481
f 3487/3487 3481/3481 3480/3480
f 3487/3487 3480/3480 3479/3479
f 3488/3488 3489/3489 3490/3490
f 3488/3488 3490/3490 3491/3491
f 3488/3488 3491/3491 3492/3492
f 3488/3488 3492/3492 3493/3493
f 3488/3488 3493/3493 3494/3494
f 3488/3488 3494/3494 3495/3495
f 3488/3488 3495/3495 3496/3496
f 3497/3497 3498/3498 3507/3507
f 3497/3497 3507/3507 3506/3506
f 3498/3498 3499/3499 3508/3508
f 3498/3498 3508/3508 3507/3507
f 3499/3499 3500/3500 3509/3509
f 3499/3499 3509/3509 3508/3508
f 3500/3500 3501/3501 3510/3510
f 3500/3500 3510/3510 3509/3509
f 3501/3501 3502/3502 3511/3511
f 3501/3501 3511/3511 3510/3510
f 3502/3502 3503/3503 3512/3512
f 3502/3502 3512/3512 3511/3511
f 3503/3503 3504/3504 3513/3513
f 3503/3503 3513/3513 3512/3512
f 3504/3504 3505/3505 3514/3514
f 3504/3504 3514/3514 3513/3513
f 3505/3505 3497/3497 3506/3506
f 3505/3505 3506/3506 3514/3514
f 3505/3505 3504/3504 3503/3503
f 3505/3505 3503/3503 3502/3502
f 3505/3505 3502/3502 3501/3501
f 3505/3505 3501/3501 3500/3500
f 3505/3505 3500/3500 3499/3499
f 3505/3505 3499/3499 3498/3498
f 3505/3505 3498/3498 3497/3497
f 3506/3506 3507/3507 3508/3508
f 3506/3506 3508/3508 3509/3509
f 3506/3506 3509/3509 3510/3510
f 3506/3506 3510/3510 3511/3511
f 3506/3506 3511/3511 3512/3512
f 3506/3506 3512/3512 3513/3513
f 3506/3506 3513/3513 3514/3514
f 3515/3515 3516/3516 3525/3525
f 3515/3515 3525/3525 3524/3524
f 3516/3516 3517/3517 3526/3526
f 3516/3516 3526/3526 3525/3525
f 3517/3517 3518/3518 3527/3527
f 3517/3517 3527/3527 3526/3526
f 3518/3518 3519/3519 3528/3528
f 3518/3518 3528/3528 3527/3527
f 3519/3519 3520/3520 3529/3529
f 3519/3519 3529/3529 3528/3528
f 3520/3520 3521/3521 3530/3530
f 3520/3520 3530/3530 3529/3529
f 3521/3521 3522/3522 3531/3531
f 3521/3521 3531/3531 3530/3530
f 3522/3522 3523/3523 3532/3532
f 3522/3522 3532/3532 3531/3531
f 3523/3523 3515/3515 3524/3524
f 3523/3523 3524/3524 3532/3532
f 3523/3523 3522/3522 3521/3521
f 3523/3523 3521/3521 3520/3520
f 3523/3523 3520/3520 3519/3519
f 3523/3523 3519/3519 3518/3518
f 3523/3523 3518/3518 3517/3517
f 3523/3523 3517/3517 3516/3516
f 3523/3523 3516/3516 3515/3515
f 3524/3524 3525/3525 3526/3526
f 3524/3524 3526/3526 3527/3527
f 3524/3524 3527/3527 3528/3528
f 3524/3524 3528/3528 3529/3529
f 3524/3524 3529/3529 3530/3530
f 3524/3524 3530/3530 3531/3531
f 3524/3524 3531/3531 3532/3532
f 3533/3533 3534/3534 3543/3543
f 3533/3533 3543/3543 3542/3542
f 3534/3534 3535/3535 3544/3544
f 3534/3534 3544/3544 3543/3543
f 3535/3535 3536/3536 3545/3545
f 3535/3535 3545/3545 3544/3544
f 3536/3536 3537/3537 3546/3546
f 3536/3536 3546/3546 3545/3545
f 3537/3537 3538/3538 3547/3547
f 3537/3537 3547/3547 3546/3546
f 3538/3538 3539/3539 3548/3548
f 3538/3538 3548/3548 3547/3547
f 3539/3539 3540/3540 3549/3549
f 3539/3539 3549/3549 3548/3548
f 3540/3540 3541/3541 3550/3550
f 3540/3540 3550/3550 3549/3549
f 3541/3541 3533/3533 3542/3542
f 3541/3541 3542/3542 3550/3550
f 3541/3541 3540/3540 3539/3539
f 3541/3541 3539/3539 3538/3538
f 3541/3541 3538/3538 3537/3537
f 3541/3541 3537/3537 3536/3536
f 3541/3541 3536/3536 3535/3535
f 3541/3541 3535/3535 3534/3534
f 3541/3541 3534/3534 3533/3533
f 3542/3542 3543/3543 3544/3544
f 3542/3542 3544/3544 3545/3545
f 3542/3542 3545/3545 3546/3546
f 3542/3542 3546/3546 3547/3547
f 3542/3542 3547/3547 3548/3548
f 3542/3542 3548/3548 3549/3549
f 3542/3542 3549/3549 3550/3550
f 3551/3551 3552/3552 3561/3561
f 3551/3551 3561/3561 3560/3560
f 3552/3552 3553/3553 3562/3562
f 3552/3552 3562/3562 3561/3561
f 3553/3553 3554/3554 3563/3563
f 3553/3553 3563/3563 3562/3562
f 3554/3554 3555/3555 3564/3564
f 3554/3554 3564/3564 3563/3563
f 3555/3555 3556/3556 3565/3565
f 3555/3555 3565/3565 3564/3564
f 3556/3556 3557/3557 3566/3566
f 3556/3556 3566/3566 3565/3565
f 3557/3557 3558/3558 3567/3567
f 3557/3557 3567/3567 3566/3566
f 3558/3558 3559/3559 3568/3568
f 3558/3558 3568/3568 3567/3567
f 3559/3559 3551/3551 3560/3560
f 3559/3559 3560/3560 3568/3568
f 3559/3559 3558/3558 3557/3557
f 3559/3559 3557/3557 3556/3556
f 3559/3559 3556/3556 3555/3555
f 3559/3559 3555/3555 3554/3554
f 3559/3559 3554/3554 3553/3553
f 3559/3559 3553/3553 3552/3552
f 3559/3559 3552/3552 3551/3551
f 3560/3560 3561/3561 3562/3562
f 3560/3560 3562/3562 3563/3563
f 3560/3560 3563/3563 3564/3564
f 3560/3560 3564/3564 3565/3565
f 3560/3560 3565/3565 3566/3566
f 3560/3560 3566/3566 3567/3567
f 3560/3560 3567/3567 3568/3568
f 3569/3569 3570/3570 3579/3579
f 3569/3569 3579/3579 3578/3578
f 3570/3570 3571/3571 3580/3580
f 3570/3570 3580/3580 3579/3579
f 3571/3571 3572/3572 3581/3581
f 3571/3571 3581/3581 3580/3580
f 3572/3572 3573/3573 3582/3582
f 3572/3572 3582/3582 3581/3581
f 3573/3573 3574/3574 3583/3583
f 3573/3573 3583/3583 3582/3582
f 3574/3574 3575/3575 3584/3584
f 3574/3574 3584/3584 3583/3583
f 3575/3575 3576/3576 3585/3585
f 3575/3575 3585/3585 3584/3584
f 3576/3576 3577/3577 3586/3586
f 3576/3576 3586/3586 3585/3585
f 3577/3577 3569/3569 3578/3578
f 3577/3577 3578/3578 3586/3586
f 3577/3577 3576/3576 3575/3575
f 3577/3577 3575/3575 3574/3574
f 3577/3577 3574/3574 3573/3573
f 3577/3577 3573/3573 3572/3572
f 3577/3577 3572/3572 3571/3571
f 3577/3577 3571/3571 3570/3570
f 3577/3577 3570/3570 3569/3569
f 3578/3578 3579/3579 3580/3580
f 3578/3578 3580/3580 3581/3581
f 3578/3578 3581/3581 3582/3582
f 3578/3578 3582/3582 3583/3583
f 3578/3578 3583/3583 3584/3584
f 3578/3578 3584/3584 3585/3585
f 3578/3578 3585/3585 3586/3586
f 3587/3587 3588/3588 3597/3597
f 3587/3587 3597/3597 3596/3596
f 3588/3588 3589/3589 3598/3598
f 3588/3588 3598/3598 3597/3597
f 3589/3589 3590/3590 3599/3599
f 3589/3589 3599/3599 3598/3598
f 3590/3590 3591/3591 3600/3600
f 3590/3590 3600/3600 3599/3599
f 3591/3591 3592/3592 3601/3601
f 3591/3591 3601/3601 3600/3600
f 3592/3592 3593/3593 3602/3602
f 3592/3592 3602/3602 3601/3601
f 3593/3593 3594/3594 3603/3603
f 3593/3593 3603/3603 3602/3602
f 3594/3594 3595/3595 3604/3604
f 3594/3594 3604/3604 3603/3603
f 3595/3595 3587/3587 3596/3596
f 3595/3595 3596/3596 3604/3604
f 3595/3595 3594/3594 3593/3593
f 3595/3595 3593/3593 3592/3592
f 3595/3595 3592/3592 3591/3591
f 3595/3595 3591/3591 3590/3590
f 3595/3595 3590/3590 3589/3589
f 3595/3595 3589/3589 3588/3588
f 3595/3595 3588/3588 3587/3587
f 3596/3596 3597/3597 3598/3598
f 3596/3596 3598/3598 3599/3599
f 3596/3596 3599/3599 3600/3600
f 3596/3596 3600/3600 3601/3601
f 3596/3596 3601/3601 3602/3602
f 3596/3596 3602/3602 3603/3603
f 3596/3596 3603/3603 3604/3604
f 3605/3605 3606/3606 3614/3614
f 3605/3605 3614/3614 3613/3613
f 3606/3606 3607/3607 3615/3615
f 3606/3606 3615/3615 3614/3614
f 3607/3607 3608/3608 3616/3616
f 3607/3607 3616/3616 3615/3615
f 3608/3608 3609/3609 3617/3617
f 3608/3608 3617/3617 3616/3616
f 3609/3609 3610/3610 3618/3618
f 3609/3609 3618/3618 3617/3617
f 3610/3610 3611/3611 3619/3619
f 3610/3610 3619/3619 3618/3618
f 3611/3611 3612/3612 3620/3620
f 3611/3611 3620/3620 3619/3619
f 3612/3612 3605/3605 3613/3613
f 3612/3612 3613/3613 3620/3620
f 3612/3612 3611/3611 3610/3610
f 3612/3612 3610/3610 3609/3609
f 3612/3612 3609/3609 3608/3608
f 3612/3612 3608/3608 3607/3607
f 3612/3612 3607/3607 3606/3606
f 3612/3612 3606/3606 3605/3605
f 3613/3613 3614/3614 3615/3615
f 3613/3613 3615/3615 3616/3616
f 3613/3613 3616/3616 3617/3617
f 3613/3613 3617/3617 3618/3618
f 3613/3613 3618/3618 3619/3619
f 3613/3613 3619/3619 3620/3620
f 3621/3621 3622/3622 3630/3630
f 3621/3621 3630/3630 3629/3629
f 3622/3622 3623/3623 3631/3631
f 3622/3622 3631/3631 3630/3630
f 3623/3623 3624/3624 3632/3632
f 3623/3623 3632/3632 3631/3631
f 3624/3624 3625/3625 3633/3633
f 3624/3624 3633/3633 3632/3632
f 3625/3625 3626/3626 3634/3634
f 3625/3625 3634/3634 3633/3633
f 3626/3626 3627/3627 3635/3635
f 3626/3626 3635/3635 3634/3634
f 3627/3627 3628/3628 3636/3636
f 3627/3627 3636/3636 3635/3635
f 3628/3628 3621/3621 3629/3629
f 3628/3628 3629/3629 3636/3636
f 3628/3628 3627/3627 3626/3626
f 3628/3628 3626/3626 3625/3625
f 3628/3628 3625/3625 3624/3624
f 3628/3628 3624/3624 3623/3623
f 3628/3628 3623/3623 3622/3622
f 3628/3628 3622/3622 3621/3621
f 3629/3629 3630/3630 3631/3631
f 3629/3629 3631/3631 3632/3632
f 3629/3629 3632/3632 3633/3633
f 3629/3629 3633/3633 3634/3634
f 3629/3629 3634/3634 3635/3635
f 3629/3629 3635/3635 3636/3636
f 3637/3637 3638/3638 3645/3645
f 3637/3637 3645/3645 3644/3644
f 3638/3638 3639/3639 3646/3646
f 3638/3638 3646/3646 3645/3645
f 3639/3639 3640/3640 3647/3647
f 3639/3639 3647/3647 3646/3646
f 3640/3640 3641/3641 3648/3648
f 3640/3640 3648/3648 3647/3647
f 3641/3641 3642/3642 3649/3649
f 3641/3641 3649/3649 3648/3648
f 3642/3642 3643/3643 3650/3650
f 3642/3642 3650/3650 3649/3649
f 3643/3643 3637/3637 3644/3644
f 3643/3643 3644/3644 3650/3650
f 3643/3643 3642/3642 3641/3641
f 3643/3643 3641/3641 3640/3640
f 3643/3643 3640/3640 3639/3639
f 3643/3643 3639/3639 3638/3638
f 3643/3643 3638/3638 3637/3637
f 3644/3644 3645/3645 3646/3646
f 3644/3644 3646/3646 3647/3647
f 3644/3644 3647/3647 3648/3648
f 3644/3644 3648/3648 3649/3649
f 3644/3644 3649/3649 3650/3650
f 3651/3651 3652/3652 3659/3659
f 3651/3651 3659/3659 3658/3658
f 3652/3652 3653/3653 3660/3660
f 3652/3652 3660/3660 3659/3659
f 3653/3653 3654/3654 3661/3661
f 3653/3653 3661/3661 3660/3660
f 3654/3654 3655/3655 3662/3662
f 3654/3654 3662/3662 3661/3661
f 3655/3655 3656/3656 3663/3663
f 3655/3655 3663/3663 3662/3662
f 3656/3656 3657/3657 3664/3664
f 3656/3656 3664/3664 3663/3663
f 3657/3657 3651/3651 3658/3658
f 3657/3657 3658/3658 3664/3664
f 3657/3657 3656/3656 3655/3655
f 3657/3657 3655/3655 3654/3654
f 3657/3657 3654/3654 3653/3653
f 3657/3657 3653/3653 3652/3652
f 3657/3657 3652/3652 3651/3651
f 3658/3658 3659/3659 3660/3660
f 3658/3658 3660/3660 3661/3661
f 3658/3658 3661/3661 3662/3662
f 3658/3658 3662/3662 3663/3663
f 3658/3658 3663/3663 3664/3664
f 3665/3665 3666/3666 3673/3673
f 3665/3665 3673/3673 3672/3672
f 3666/3666 3667/3667 3674/3674
f 3666/3666 3674/3674 3673/3673
f 3667/3667 3668/3668 3675/3675
f 3667/3667 3675/3675 3674/3674
f 3668/3668 3669/3669 3676/3676
f 3668/3668 3676/3676 3675/3675
f 3669/3669 3670/3670 3677/3677
f 3669/3669 3677/3677 3676/3676
f 3670/3670 3671/3671 3678/3678
f 3670/3670 3678/3678 3677/3677
f 3671/3671 3665/3665 3672/3672
f 3671/3671 3672/3672 3678/3678
f 3671/3671 3670/3670 3669/3669
f 3671/3671 3669/3669 3668/3668
f 3671/3671 3668/3668 3667/3667
f 3671/3671 3667/3667 3666/3666
f 3671/3671 3666/3666 3665/3665
f 3672/3672 3673/3673 3674/3674
f 3672/3672 3674/3674 3675/3675
f 3672/3672 3675/3675 3676/3676
f 3672/3672 3676/3676 3677/3677
f 3672/3672 3677/3677 3678/3678
f 3679/3679 3680/3680 3687/3687
f 3679/3679 3687/3687 3686/3686
f 3680/3680 3681/3681 3688/3688
f 3680/3680 3688/3688 3687/3687
f 3681/3681 3682/3682 3689/3689
f 3681/3681 3689/3689 3688/3688
f 3682/3682 3683/3683 3690/3690
f 3682/3682 3690/3690 3689/3689
f 3683/3683 3684/3684 3691/3691
f 3683/3683 3691/3691 3690/3690
f 3684/3684 3685/3685 3692/3692
f 3684/3684 3692/3692 3691/3691
f 3685/3685 3679/3679 3686/3686
f 3685/3685 3686/3686 3692/3692
f 3685/3685 3684/3684 3683/3683
f 3685/3685 3683/3683 3682/3682
f 3685/3685 3682/3682 3681/3681
f 3685/3685 3681/3681 3680/3680
f 3685/3685 3680/3680 3679/3679
f 3686/3686 3687/3687 3688/3688
f 3686/3686 3688/3688 3689/3689
f 3686/3686 3689/3689 3690/3690
f 3686/3686 3690/3690 3691/3691
f 3686/3686 3691/3691 3692/3692
f 3693/3693 3694/3694 3701/3701
f 3693/3693 3701/3701 3700/3700
f 3694/3694 3695/3695 3702/3702
f 3694/3694 3702/3702 3701/3701
f 3695/3695 3696/3696 3703/3703
f 3695/3695 3703/3703 3702/3702
f 3696/3696 3697/3697 3704/3704
f 3696/3696 3704/3704 3703/3703
f 3697/3697 3698/3698 3705/3705
f 3697/3697 3705/3705 3704/3704
f 3698/3698 3699/3699 3706/3706
f 3698/3698 3706/3706 3705/3705
f 3699/3699 3693/3693 3700/3700
f 3699/3699 3700/3700 3706/3706
f 3699/3699 3698/3698 3697/3697
f 3699/3699 3697/3697 3696/3696
f 3699/3699 3696/3696 3695/3695
f 3699/3699 3695/3695 3694/3694
f 3699/3699 3694/3694 3693/3693
f 3700/3700 3701/3701 3702/3702
f 3700/3700 3702/3702 3703/3703
f 3700/3700 3703/3703 3704/3704
f 3700/3700 3704/3704 3705/3705
f 3700/3700 3705/3705 3706/3706
f 3707/3707 3708/3708 3715/3715
f 3707/3707 3715/3715 3714/3714
f 3708/3708 3709/3709 3716/3716
f 3708/3708 3716/3716 3715/3715
f 3709/3709 3710/3710 3717/3717
f 3709/3709 3717/3717 3716/3716
f 3710/3710 3711/3711 3718/3718
f 3710/3710 3718/3718 3717/3717
f 3711/3711 3712/3712 3719/3719
f 3711/3711 3719/3719 3718/3718
f 3712/3712 3713/3713 3720/3720
f 3712/3712 3720/3720 3719/3719
f 3713/3713 3707/3707 3714/3714
f 3713/3713 3714/3714 3720/3720
f 3713/3713 3712/3712 3711/3711
f 3713/3713 3711/3711 3710/3710
f 3713/3713 3710/3710 3709/3709
f 3713/3713 3709/3709 3708/3708
f 3713/3713 3708/3708 3707/3707
f 3714/3714 3715/3715 3716/3716
f 3714/3714 3716/3716 3717/3717
f 3714/3714 3717/3717 3718/3718
f 3714/3714 3718/3718 3719/3719
f 3714/3714 3719/3719 3720/3720
f 3721/3721 3722/3722 3729/3729
f 3721/3721 3729/3729 3728/3728
f 3722/3722 3723/3723 3730/3730
f 3722/3722 3730/3730 3729/3729
f 3723/3723 3724/3724 3731/3731
f 3723/3723 3731/3731 3730/3730
f 3724/3724 3725/3725 3732/3732
f 3724/3724 3732/3732 3731/3731
f 3725/3725 3726/3726 3733/3733
f 3725/3725 3733/3733 3732/3732
f 3726/3726 3727/3727 3734/3734
f 3726/3726 3734/3734 3733/3733
f 3727/3727 3721/3721 3728/3728
f 3727/3727 3728/3728 3734/3734
f 3727/3727 3726/3726 3725/3725
f 3727/3727 3725/3725 3724/3724
f 3727/3727 3724/3724 3723/3723
f 3727/3727 3723/3723 3722/3722
f 3727/3727 3722/3722 3721/3721
f 3728/3728 3729/3729 3730/3730
f 3728/3728 3730/3730 3731/3731
f 3728/3728 3731/3731 3732/3732
f 3728/3728 3732/3732 3733/3733
f 3728/3728 3733/3733 3734/3734
f 3735/3735 3736/3736 3743/3743
f 3735/3735 3743/3743 3742/3742
f 3736/3736 3737/3737 3744/3744
f 3736/3736 3744/3744 3743/3743
f 3737/3737 3738/3738 3745/3745
f 3737/3737 3745/3745 3744/3744
f 3738/3738 3739/3739 3746/3746
f 3738/3738 3746/3746 3745/3745
f 3739/3739 3740/3740 3747/3747
f 3739/3739 3747/3747 3746/3746
f 3740/3740 3741/3741 3748/3748
f 3740/3740 3748/3748 3747/3747
f 3741/3741 3735/3735 3742/3742
f 3741/3741 3742/3742 3748/3748
f 3741/3741 3740/3740 3739/3739
f 3741/3741 3739/3739 3738/3738
f 3741/3741 3738/3738 3737/3737
f 3741/3741 3737/3737 3736/3736
f 3741/3741 3736/3736 3735/3735
f 3742/3742 3743/3743 3744/3744
f 3742/3742 3744/3744 3745/3745
f 3742/3742 3745/3745 3746/3746
f 3742/3742 3746/3746 3747/3747
f 3742/3742 3747/3747 3748/3748
f 3749/3749 3750/3750 3757/3757
f 3749/3749 3757/3757 3756/3756
f 3750/3750 3751/3751 3758/3758
f 3750/3750 3758/3758 3757/3757
f 3751/3751 3752/3752 3759/3759
f 3751/3751 3759/3759 3758/3758
f 3752/3752 3753/3753 3760/3760
f 3752/3752 3760/3760 3759/3759
f 3753/3753 3754/3754 3761/3761
f 3753/3753 3761/3761 3760/3760
f 3754/3754 3755/3755 3762/3762
f 3754/3754 3762/3762 3761/3761
f 3755/3755 3749/3749 3756/3756
f 3755/3755 3756/3756 3762/3762
f 3755/3755 3754/3754 3753/3753
f 3755/3755 3753/3753 3752/3752
f 3755/3755 3752/3752 3751/3751
f 3755/3755 3751/3751 3750/3750
f 3755/3755 3750/3750 3749/3749
f 3756/3756 3757/3757 3758/3758
f 3756/3756 3758/3758 3759/3759
f 3756/3756 3759/3759 3760/3760
f 3756/3756 3760/3760 3761/3761
f 3756/3756 3761/3761 3762/3762
f 3763/3763 3764/3764 3773/3773
f 3763/3763 3773/3773 3772/3772
f 3764/3764 3765/3765 3774/3774
f 3764/3764 3774/3774 3773/3773
f 3765/3765 3766/3766 3775/3775
f 3765/3765 3775/3775 3774/3774
f 3766/3766 3767/3767 3776/3776
f 3766/3766 3776/3776 3775/3775
f 3767/3767 3768/3768 3777/3777
f 3767/3767 3777/3777 3776/3776
f 3768/3768 3769/3769 3778/3778
f 3768/3768 3778/3778 3777/3777
f 3769/3769 3770/3770 3779/3779
f 3769/3769 3779/3779 3778/3778
f 3770/3770 3771/3771 3780/3780
f 3770/3770 3780/3780 3779/3779
f 3771/3771 3763/3763 3772/3772
f 3771/3771 3772/3772 3780/3780
f 3771/3771 3770/3770 3769/3769
f 3771/3771 3769/3769 3768/3768
f 3771/3771 3768/3768 3767/3767
f 3771/3771 3767/3767 3766/3766
f 3771/3771 3766/3766 3765/3765
f 3771/3771 3765/3765 3764/3764
f 3771/3771 3764/3764 3763/3763
f 3772/3772 3773/3773 3774/3774
f 3772/3772 3774/3774 3775/3775
f 3772/3772 3775/3775 3776/3776
f 3772/3772 3776/3776 3777/3777
f 3772/3772 3777/3777 3778/3778
f 3772/3772 3778/3778 3779/3779
f 3772/3772 3779/3779 3780/3780
f 3781/3781 3782/3782 3791/3791
f 3781/3781 3791/3791 3790/3790
f 3782/3782 3783/3783 3792/3792
f 3782/3782 3792/3792 3791/3791
f 3783/3783 3784/3784 3793/3793
f 3783/3783 3793/3793 3792/3792
f 3784/3784 3785/3785 3794/3794
f 3784/3784 3794/3794 3793/3793
f 3785/3785 3786/3786 3795/3795
f 3785/3785 3795/3795 3794/3794
f 3786/3786 3787/3787 3796/3796
f 3786/3786 3796/3796 3795/3795
f 3787/3787 3788/3788 3797/3797
f 3787/3787 3797/3797 3796/3796
f 3788/3788 3789/3789 3798/3798
f 3788/3788 3798/3798 3797/3797
f 3789/3789 3781/3781 3790/3790
f 3789/3789 3790/3790 3798/3798
f 3789/3789 3788/3788 3787/3787
f 3789/3789 3787/3787 3786/3786
f 3789/3789 3786/3786 3785/3785
f 3789/3789 3785/3785 3784/3784
f 3789/3789 3784/3784 3783/3783
f 3789/3789 3783/3783 3782/3782
f 3789/3789 3782/3782 3781/3781
f 3790/3790 3791/3791 3792/3792
f 3790/3790 3792/3792 3793/3793
f 3790/3790 3793/3793 3794/3794
f 3790/3790 3794/3794 3795/3795
f 3790/3790 3795/3795 3796/3796
f 3790/3790 3796/3796 3797/3797
f 3790/3790 3797/3797 3798/3798
f 3799/3799 3800/3800 3809/3809
f 3799/3799 3809/3809 3808/3808
f 3800/3800 3801/3801 3810/3810
f 3800/3800 3810/3810 3809/3809
f 3801/3801 3802/3802 3811/3811
f 3801/3801 3811/3811 3810/3810
f 3802/3802 3803/3803 3812/3812
f 3802/3802 3812/3812 3811/3811
f 3803/3803 3804/3804 3813/3813
f 3803/3803 3813/3813 3812/3812
f 3804/3804 3805/3805 3814/3814
f 3804/3804 3814/3814 3813/3813
f 3805/3805 3806/3806 3815/3815
f 3805/3805 3815/3815 3814/3814
f 3806/3806 3807/3807 3816/3816
f 3806/3806 3816/3816 3815/3815
f 3807/3807 3799/3799 3808/3808
f 3807/3807 3808/3808 3816/3816
f 3807/3807 3806/3806 3805/3805
f 3807/3807 3805/3805 3804/3804
f 3807/3807 3804/3804 3803/3803
f 3807/3807 3803/3803 3802/3802
f 3807/3807 3802/3802 3801/3801
f 3807/3807 3801/3801 3800/3800
f 3807/3807 3800/3800 3799/3799
f 3808/3808 3809/3809 3810/3810
f 3808/3808 3810/3810 3811/3811
f 3808/3808 3811/3811 3812/3812
f 3808/3808 3812/3812 3813/3813
f 3808/3808 3813/3813 3814/3814
f 3808/3808 3814/3814 3815/3815
f 3808/3808 3815/3815 3816/3816
f 3817/3817 3818/3818 3827/3827
f 3817/3817 3827/3827 3826/3826
f 3818/3818 3819/3819 3828/3828
f 3818/3818 3828/3828 3827/3827
f 3819/3819 3820/3820 3829/3829
f 3819/3819 3829/3829 3828/3828
f 3820/3820 3821/3821 3830/3830
f 3820/3820 3830/3830 3829/3829
f 3821/3821 3822/3822 3831/3831
f 3821/3821 3831/3831 3830/3830
f 3822/3822 3823/3823 3832/3832
f 3822/3822 3832/3832 3831/3831
f 3823/3823 3824/3824 3833/3833
f 3823/3823 3833/3833 3832/3832
f 3824/3824 3825/3825 3834/3834
f 3824/3824 3834/3834 3833/3833
f 3825/3825 3817/3817 3826/3826
f 3825/3825 3826/3826 3834/3834
f 3825/3825 3824/3824 3823/3823
f 3825/3825 3823/3823 3822/3822
f 3825/3825 3822/3822 3821/3821
f 3825/3825 3821/3821 3820/3820
f 3825/3825 3820/3820 3819/3819
f 3825/3825 3819/3819 3818/3818
f 3825/3825 3818/3818 3817/3817
f 3826/3826 3827/3827 3828/3828
f 3826/3826 3828/3828 3829/3829
f 3826/3826 3829/3829 3830/3830
f 3826/3826 3830/3830 3831/3831
f 3826/3826 3831/3831 3832/3832
f 3826/3826 3832/3832 3833/3833
f 3826/3826 3833/3833 3834/3834
f 3835/3835 3836/3836 3845/3845
f 3835/3835 3845/3845 3844/3844
f 3836/3836 3837/3837 3846/3846
f 3836/3836 3846/3846 3845/3845
f 3837/3837 3838/3838 3847/3847
f 3837/3837 3847/3847 3846/3846
f 3838/3838 3839/3839 3848/3848
f 3838/3838 3848/3848 3847/3847
f 3839/3839 3840/3840 3849/3849
f 3839/3839 3849/3849 3848/3848
f 3840/3840 3841/3841 3850/3850
f 3840/3840 3850/3850 3849/3849
f 3841/3841 3842/3842 3851/3851
f 3841/3841 3851/3851 3850/3850
f 3842/3842 3843/3843 3852/3852
f 3842/3842 3852/3852 3851/3851
f 3843/3843 3835/3835 3844/3844
f 3843/3843 3844/3844 3852/3852
f 3843/3843 3842/3842 3841/3841
f 3843/3843 3841/3841 3840/3840
f 3843/3843 3840/3840 3839/3839
f 3843/3843 3839/3839 3838/3838
f 3843/3843 3838/3838 3837/3837
f 3843/3843 3837/3837 3836/3836
f 3843/3843 3836/3836 3835/3835
f 3844/3844 3845/3845 3846/3846
f 3844/3844 3846/3846 3847/3847
f 3844/3844 3847/3847 3848/3848
f 3844/3844 3848/3848 3849/3849
f 3844/3844 3849/3849 3850/3850
f 3844/3844 3850/3850 3851/3851
f 3844/3844 3851/3851 3852/3852
f 3853/3853 3854/3854 3863/3863
f 3853/3853 3863/3863 3862/3862
f 3854/3854 3855/3855 3864/3864
f 3854/3854 3864/3864 3863/3863
f 3855/3855 3856/3856 3865/3865
f 3855/3855 3865/3865 3864/3864
f 3856/3856 3857/3857 3866/3866
f 3856/3856 3866/3866 3865/3865
f 3857/3857 3858/3858 3867/3867
f 3857/3857 3867/3867 3866/3866
f 3858/3858 3859/3859 3868/3868
f 3858/3858 3868/3868 3867/3867
f 3859/3859 3860/3860 3869/3869
f 3859/3859 3869/3869 3868/3868
f 3860/3860 3861/3861 3870/3870
f 3860/3860 3870/3870 3869/3869
f 3861/3861 3853/3853 3862/3862
f 3861/3861 3862/3862 3870/3870
f 3861/3861 3860/3860 3859/3859
f 3861/3861 3859/3859 3858/3858
f 3861/3861 3858/3858 3857/3857
f 3861/3861 3857/3857 3856/3856
f 3861/3861 3856/3856 3855/3855
f 3861/3861 3855/3855 3854/3854
f 3861/3861 3854/3854 3853/3853
f 3862/3862 3863/3863 3864/3864
f 3862/3862 3864/3864 3865/3865
f 3862/3862 3865/3865 3866/3866
f 3862/3862 3866/3866 3867/3867
f 3862/3862 3867/3867 3868/3868
f 3862/3862 3868/3868 3869/3869
f 3862/3862 3869/3869 3870/3870
f 3871/3871 3872/3872 3881/3881
f 3871/3871 3881/3881 3880/3880
f 3872/3872 3873/3873 3882/3882
f 3872/3872 3882/3882 3881/3881
f 3873/3873 3874/3874 3883/3883
f 3873/3873 3883/3883 3882/3882
f 3874/3874 3875/3875 3884/3884
f 3874/3874 3884/3884 3883/3883
f 3875/3875 3876/3876 3885/3885
f 3875/3875 3885/3885 3884/3884
f 3876/3876 3877/3877 3886/3886
f 3876/3876 3886/3886 3885/3885
f 3877/3877 3878/3878 3887/3887
f 3877/3877 3887/3887 3886/3886
f 3878/3878 3879/3879 3888/3888
f 3878/3878 3888/3888 3887/3887
f 3879/3879 3871/3871 3880/3880
f 3879/3879 3880/3880 3888/3888
f 3879/3879 3878/3878 3877/3877
f 3879/3879 3877/3877 3876/3876
f 3879/3879 3876/3876 3875/3875
f 3879/3879 3875/3875 3874/3874
f 3879/3879 3874/3874 3873/3873
f 3879/3879 3873/3873 3872/3872
f 3879/3879 3872/3872 3871/3871
f 3880/3880 3881/3881 3882/3882
f 3880/3880 3882/3882 3883/3883
f 3880/3880 3883/3883 3884/3884
f 3880/3880 3884/3884 3885/3885
f 3880/3880 3885/3885 3886/3886
f 3880/3880 3886/3886 3887/3887
f 3880/3880 3887/3887 3888/3888
f 3889/3889 3890/3890 3899/3899
f 3889/3889 3899/3899 3898/3898
f 3890/3890 3891/3891 3900/3900
f 3890/3890 3900/3900 3899/3899
f 3891/3891 3892/3892 3901/3901
f 3891/3891 3901/3901 3900/3900
f 3892/3892 3893/3893 3902/3902
f 3892/3892 3902/3902 3901/3901
f 3893/3893 3894/3894 3903/3903
f 3893/3893 3903/3903 3902/3902
f 3894/3894 3895/3895 3904/3904
f 3894/3894 3904/3904 3903/3903
f 3895/3895 3896/3896 3905/3905
f 3895/3895 3905/3905 3904/3904
f 3896/3896 3897/3897 3906/3906
f 3896/3896 3906/3906 3905/3905
f 3897/3897 3889/3889 3898/3898
f 3897/3897 3898/3898 3906/3906
f 3897/3897 3896/3896 3895/3895
f 3897/3897 3895/3895 3894/3894
f 3897/3897 3894/3894 3893/3893
f 3897/3897 3893/3893 3892/3892
f 3897/3897 3892/3892 3891/3891
f 3897/3897 3891/3891 3890/3890
f 3897/3897 3890/3890 3889/3889
f 3898/3898 3899/3899 3900/3900
f 3898/3898 3900/3900 3901/3901
f 3898/3898 3901/3901 3902/3902
f 3898/3898 3902/3902 3903/3903
f 3898/3898 3903/3903 3904/3904
f 3898/3898 3904/3904 3905/3905
f 3898/3898 3905/3905 3906/3906
f 3907/3907 3908/3908 3917/3917
f 3907/3907 3917/3917 3916/3916
f 3908/3908 3909/3909 3918/3918
f 3908/3908 3918/3918 3917/3917
f 3909/3909 3910/3910 3919/3919
f 3909/3909 3919/3919 3918/3918
f 3910/3910 3911/3911 3920/3920
f 3910/3910 3920/3920 3919/3919
f 3911/3911 3912/3912 3921/3921
f 3911/3911 3921/3921 3920/3920
f 3912/3912 3913/3913 3922/3922
f 3912/3912 3922/3922 3921/3921
f 3913/3913 3914/3914 3923/3923
f 3913/3913 3923/3923 3922/3922
f 3914/3914 3915/3915 3924/3924
f 3914/3914 3924/3924 3923/3923
f 3915/3915 3907/3907 3916/3916
f 3915/3915 3916/3916 3924/3924
f 3915/3915 3914/3914 3913/3913
f 3915/3915 3913/3913 3912/3912
f 3915/3915 3912/3912 3911/3911
f 3915/3915 3911/3911 3910/3910
f 3915/3915 3910/3910 3909/3909
f 3915/3915 3909/3909 3908/3908
f 3915/3915 3908/3908 3907/3907
f 3916/3916 3917/3917 3918/3918
f 3916/3916 3918/3918 3919/3919
f 3916/3916 3919/3919 3920/3920
f 3916/3916 3920/3920 3921/3921
f 3916/3916 3921/3921 3922/3922
f 3916/3916 3922/3922 3923/3923
f 3916/3916 3923/3923 3924/3924
f 3925/3925 3926/3926 3935/3935
f 3925/3925 3935/3935 3934/3934
f 3926/3926 3927/3927 3936/3936
f 3926/3926 3936/3936 3935/3935
f 3927/3927 3928/3928 3937/3937
f 3927/3927 3937/3937 3936/3936
f 3928/3928 3929/3929 3938/3938
f 3928/3928 3938/3938 3937/3937
f 3929/3929 3930/3930 3939/3939
f 3929/3929 3939/3939 3938/3938
f 3930/3930 3931/3931 3940/3940
f 3930/3930 3940/3940 3939/3939
f 3931/3931 3932/3932 3941/3941
f 3931/3931 3941/3941 3940/3940
f 3932/3932 3933/3933 3942/3942
f 3932/3932 3942/3942 3941/3941
f 3933/3933 3925/3925 3934/3934
f 3933/3933 3934/3934 3942/3942
f 3933/3933 3932/3932 3931/3931
f 3933/3933 3931/3931 3930/3930
f 3933/3933 3930/3930 3929/3929
f 3933/3933 3929/3929 3928/3928
f 3933/3933 3928/3928 3927/3927
f 3933/3933 3927/3927 3926/3926
f 3933/3933 3926/3926 3925/3925
f 3934/3934 3935/3935 3936/3936
f 3934/3934 3936/3936 3937/3937
f 3934/3934 3937/3937 3938/3938
f 3934/3934 3938/3938 3939/3939
f 3934/3934 3939/3939 3940/3940
f 3934/3934 3940/3940 3941/3941
f 3934/3934 3941/3941 3942/3942
f 3943/3943 3944/3944 3953/3953
f 3943/3943 3953/3953 3952/3952
f 3944/3944 3945/3945 3954/3954
f 3944/3944 3954/3954 3953/3953
f 3945/3945 3946/3946 3955/3955
f 3945/3945 3955/3955 3954/3954
f 3946/3946 3947/3947 3956/3956
f 3946/3946 3956/3956 3955/3955
f 3947/3947 3948/3948 3957/3957
f 3947/3947 3957/3957 3956/3956
f 3948/3948 3949/3949 3958/3958
f 3948/3948 3958/3958 3957/3957
f 3949/3949 3950/3950 3959/3959
f 3949/3949 3959/3959 3958/3958
f 3950/3950 3951/3951 3960/3960
f 3950/3950 3960/3960 3959/3959
f 3951/3951 3943/3943 3952/3952
f 3951/3951 3952/3952 3960/3960
f 3951/3951 3950/3950 3949/3949
f 3951/3951 3949/3949 3948/3948
f 3951/3951 3948/3948 3947/3947
f 3951/3951 3947/3947 3946/3946
f 3951/3951 3946/3946 3945/3945
f 3951/3951 3945/3945 3944/3944
f 3951/3951 3944/3944 3943/3943
f 3952/3952 3953/3953 3954/3954
f 3952/3952 3954/3954 3955/3955
f 3952/3952 3955/3955 3956/3956
f 3952/3952 3956/3956 3957/3957
f 3952/3952 3957/3957 3958/3958
f 3952/3952 3958/3958 3959/3959
f 3952/3952 3959/3959 3960/3960
f 3961/3961 3962/3962 3971/3971
f 3961/3961 3971/3971 3970/3970
f 3962/3962 3963/3963 3972/3972
f 3962/3962 3972/3972 3971/3971
f 3963/3963 3964/3964 3973/3973
f 3963/3963 3973/3973 3972/3972
f 3964/3964 3965/3965 3974/3974
f 3964/3964 3974/3974 3973/3973
f 3965/3965 3966/3966 3975/3975
f 3965/3965 3975/3975 3974/3974
f 3966/3966 3967/3967 3976/3976
f 3966/3966 3976/3976 3975/3975
f 3967/3967 3968/3968 3977/3977
f 3967/3967 3977/3977 3976/3976
f 3968/3968 3969/3969 3978/3978
f 3968/3968 3978/3978 3977/3977
f 3969/3969 3961/3961 3970/3970
f 3969/3969 3970/3970 3978/3978
f 3969/3969 3968/3968 3967/3967
f 3969/3969 3967/3967 3966/3966
f 3969/3969 3966/3966 3965/3965
f 3969/3969 3965/3965 3964/3964
f 3969/3969 3964/3964 3963/3963
f 3969/3969 3963/3963 3962/3962
f 3969/3969 3962/3962 3961/3961
f 3970/3970 3971/3971 3972/3972
f 3970/3970 3972/3972 3973/3973
f 3970/3970 3973/3973 3974/3974
f 3970/3970 3974/3974 3975/3975
f 3970/3970 3975/3975 3976/3976
f 3970/3970 3976/3976 3977/3977
f 3970/3970 3977/3977 3978/3978
f 3979/3979 3980/3980 3989/3989
f 3979/3979 3989/3989 3988/3988
f 3980/3980 3981/3981 3990/3990
f 3980/3980 3990/3990 3989/3989
f 3981/3981 3982/3982 3991/3991
f 3981/3981 3991/3991 3990/3990
f 3982/3982 3983/3983 3992/3992
f 3982/3982 3992/3992 3991/3991
f 3983/3983 3984/3984 3993/3993
f 3983/3983 3993/3993 3992/3992
f 3984/3984 3985/3985 3994/3994
f 3984/3984 3994/3994 3993/3993
f 3985/3985 3986/3986 3995/3995
f 3985/3985 3995/3995 3994/3994
f 3986/3986 3987/3987 3996/3996
f 3986/3986 3996/3996 3995/3995
f 3987/3987 3979/3979 3988/3988
f 3987/3987 3988/3988 3996/3996
f 3987/3987 3986/3986 3985/3985
f 3987/3987 3985/3985 3984/3984
f 3987/3987 3984/3984 3983/3983
f 3987/3987 3983/3983 3982/3982
f 3987/3987 3982/3982 3981/3981
f 3987/3987 3981/3981 3980/3980
f 3987/3987 3980/3980 3979/3979
f 3988/3988 3989/3989 3990/3990
f 3988/3988 3990/3990 3991/3991
f 3988/3988 3991/3991 3992/3992
f 3988/3988 3992/3992 3993/3993
f 3988/3988 3993/3993 3994/3994
f 3988/3988 3994/3994 3995/3995
f 3988/3988 3995/3995 3996/3996
f 3997/3997 3998/3998 4007/4007
f 3997/3997 4007/4007 4006/4006
f 3998/3998 3999/3999 4008/4008
f 3998/3998 4008/4008 4007/4007
f 3999/3999 4000/4000 4009/4009
f 3999/3999 4009/4009 4008/4008
f 4000/4000 4001/4001 4010/4010
f 4000/4000 4010/4010 4009/4009
f 4001/4001 4002/4002 4011/4011
f 4001/4001 4011/4011 4010/4010
f 4002/4002 4003/4003 4012/4012
f 4002/4002 4012/4012 4011/4011
f 4003/4003 4004/4004 4013/4013
f 4003/4003 4013/4013 4012/4012
f 4004/4004 4005/4005 4014/4014
f 4004/4004 4014/4014 4013/4013
f 4005/4005 3997/3997 4006/4006
f 4005/4005 4006/4006 4014/4014
f 4005/4005 4004/4004 4003/4003
f 4005/4005 4003/4003 4002/4002
f 4005/4005 4002/4002 4001/4001
f 4005/4005 4001/4001 4000/4000
f 4005/4005 4000/4000 3999/3999
f 4005/4005 3999/3999 3998/3998
f 4005/4005 3998/3998 3997/3997
f 4006/4006 4007/4007 4008/4008
f 4006/4006 4008/4008 4009/4009
f 4006/4006 4009/4009 4010/4010
f 4006/4006 4010/4010 4011/4011
f 4006/4006 4011/4011 4012/4012
f 4006/4006 4012/4012 4013/4013
f 4006/4006 4013/4013 4014/4014
f 4015/4015 4016/4016 4025/4025
f 4015/4015 4025/4025 4024/4024
f 4016/4016 4017/4017 4026/4026
f 4016/4016 4026/4026 4025/4025
f 4017/4017 4018/4018 4027/4027
f 4017/4017 4027/4027 4026/4026
f 4018/4018 4019/4019 4028/4028
f 4018/4018 4028/4028 4027/4027
f 4019/4019 4020/4020 4029/4029
f 4019/4019 4029/4029 4028/4028
f 4020/4020 4021/4021 4030/4030
f 4020/4020 4030/4030 4029/4029
f 4021/4021 4022/4022 4031/4031
f 4021/4021 4031/4031 4030/4030
f 4022/4022 4023/4023 4032/4032
f 4022/4022 4032/4032 4031/4031
f 4023/4023 4015/4015 4024/4024
f 4023/4023 4024/4024 4032/4032
f 4023/4023 4022/4022 4021/4021
f 4023/4023 4021/4021 4020/4020
f 4023/4023 4020/4020 4019/4019
f 4023/4023 4019/4019 4018/4018
f 4023/4023 4018/4018 4017/4017
f 4023/4023 4017/4017 4016/4016
f 4023/4023 4016/4016 4015/4015
f 4024/4024 4025/4025 4026/4026
f 4024/4024 4026/4026 4027/4027
f 4024/4024 4027/4027 4028/4028
f 4024/4024 4028/4028 4029/4029
f 4024/4024 4029/4029 4030/4030
f 4024/4024 4030/4030 4031/4031
f 4024/4024 4031/4031 4032/4032
f 4033/4033 4034/4034 4042/4042
f 4033/4033 4042/4042 4041/4041
f 4034/4034 4035/4035 4043/4043
f 4034/4034 4043/4043 4042/4042
f 4035/4035 4036/4036 4044/4044
f 4035/4035 4044/4044 4043/4043
f 4036/4036 4037/4037 4045/4045
f 4036/4036 4045/4045 4044/4044
f 4037/4037 4038/4038 4046/4046
f 4037/4037 4046/4046 4045/4045
f 4038/4038 4039/4039 4047/4047
f 4038/4038 4047/4047 4046/4046
f 4039/4039 4040/4040 4048/4048
f 4039/4039 4048/4048 4047/4047
f 4040/4040 4033/4033 4041/4041
f 4040/4040 4041/4041 4048/4048
f 4040/4040 4039/4039 4038/4038
f 4040/4040 4038/4038 4037/4037
f 4040/4040 4037/4037 4036/4036
f 4040/4040 4036/4036 4035/4035
f 4040/4040 4035/4035 4034/4034
f 4040/4040 4034/4034 4033/4033
f 4041/4041 4042/4042 4043/4043
f 4041/4041 4043/4043 4044/4044
f 4041/4041 4044/4044 4045/4045
f 4041/4041 4045/4045 4046/4046
f 4041/4041 4046/4046 4047/4047
f 4041/4041 4047/4047 4048/4048
f 4049/4049 4050/4050 4058/4058
f 4049/4049 4058/4058 4057/4057
f 4050/4050 4051/4051 4059/4059
f 4050/4050 4059/4059 4058/4058
f 4051/4051 4052/4052 4060/4060
f 4051/4051 4060/4060 4059/4059
f 4052/4052 4053/4053 4061/4061
f 4052/4052 4061/4061 4060/4060
f 4053/4053 4054/4054 4062/4062
f 4053/4053 4062/4062 4061/4061
f 4054/4054 4055/4055 4063/4063
f 4054/4054 4063/4063 4062/4062
f 4055/4055 4056/4056 4064/4064
f 4055/4055 4064/4064 4063/4063
f 4056/4056 4049/4049 4057/4057
f 4056/4056 4057/4057 4064/4064
f 4056/4056 4055/4055 4054/4054
f 4056/4056 4054/4054 4053/4053
f 4056/4056 4053/4053 4052/4052
f 4056/4056 4052/4052 4051/4051
f 4056/4056 4051/4051 4050/4050
f 4056/4056 4050/4050 4049/4049
f 4057/4057 4058/4058 4059/4059
f 4057/4057 4059/4059 4060/4060
f 4057/4057 4060/4060 4061/4061
f 4057/4057 4061/4061 4062/4062
f 4057/4057 4062/4062 4063/4063
f 4057/4057 4063/4063 4064/4064
f 4065/4065 4066/4066 4073/4073
f 4065/4065 4073/4073 4072/4072
f 4066/4066 4067/4067 4074/4074
f 4066/4066 4074/4074 4073/4073
f 4067/4067 4068/4068 4075/4075
f 4067/4067 4075/4075 4074/4074
f 4068/4068 4069/4069 4076/4076
f 4068/4068 4076/4076 4075/4075
f 4069/4069 4070/4070 4077/4077
f 4069/4069 4077/4077 4076/4076
f 4070/4070 4071/4071 4078/4078
f 4070/4070 4078/4078 4077/4077
f 4071/4071 4065/4065 4072/4072
f 4071/4071 4072/4072 4078/4078
f 4071/4071 4070/4070 4069/4069
f 4071/4071 4069/4069 4068/4068
f 4071/4071 4068/4068 4067/4067
f 4071/4071 4067/4067 4066/4066
f 4071/4071 4066/4066 4065/4065
f 4072/4072 4073/4073 4074/4074
f 4072/4072 4074/4074 4075/4075
f 4072/4072 4075/4075 4076/4076
f 4072/4072 4076/4076 4077/4077
f 4072/4072 4077/4077 4078/4078
f 4079/4079 4080/4080 4087/4087
f 4079/4079 4087/4087 4086/4086
f 4080/4080 4081/4081 4088/4088
f 4080/4080 4088/4088 4087/4087
f 4081/4081 4082/4082 4089/4089
f 4081/4081 4089/4089 4088/4088
f 4082/4082 4083/4083 4090/4090
f 4082/4082 4090/4090 4089/4089
f 4083/4083 4084/4084 4091/4091
f 4083/4083 4091/4091 4090/4090
f 4084/4084 4085/4085 4092/4092
f 4084/4084 4092/4092 4091/4091
f 4085/4085 4079/4079 4086/4086
f 4085/4085 4086/4086 4092/4092
f 4085/4085 4084/4084 4083/4083
f 4085/4085 4083/4083 4082/4082
f 4085/4085 4082/4082 4081/4081
f 4085/4085 4081/4081 4080/4080
f 4085/4085 4080/4080 4079/4079
f 4086/4086 4087/4087 4088/4088
f 4086/4086 4088/4088 4089/4089
f 4086/4086 4089/4089 4090/4090
f 4086/4086 4090/4090 4091/4091
f 4086/4086 4091/4091 4092/4092
f 4093/4093 4094/4094 4101/4101
f 4093/4093 4101/4101 4100/4100
f 4094/4094 4095/4095 4102/4102
f 4094/4094 4102/4102 4101/4101
f 4095/4095 4096/4096 4103/4103
f 4095/4095 4103/4103 4102/4102
f 4096/4096 4097/4097 4104/4104
f 4096/4096 4104/4104 4103/4103
f 4097/4097 4098/4098 4105/4105
f 4097/4097 4105/4105 4104/4104
f 4098/4098 4099/4099 4106/4106
f 4098/4098 4106/4106 4105/4105
f 4099/4099 4093/4093 4100/4100
f 4099/4099 4100/4100 4106/4106
f 4099/4099 4098/4098 4097/4097
f 4099/4099 4097/4097 4096/4096
f 4099/4099 4096/4096 4095/4095
f 4099/4099 4095/4095 4094/4094
f 4099/4099 4094/4094 4093/4093
f 4100/4100 4101/4101 4102/4102
f 4100/4100 4102/4102 4103/4103
f 4100/4100 4103/4103 4104/4104
f 4100/4100 4104/4104 4105/4105
f 4100/4100 4105/4105 4106/4106
f 4107/4107 4108/4108 4115/4115
f 4107/4107 4115/4115 4114/4114
f 4108/4108 4109/4109 4116/4116
f 4108/4108 4116/4116 4115/4115
f 4109/4109 4110/4110 4117/4117
f 4109/4109 4117/4117 4116/4116
f 4110/4110 4111/4111 4118/4118
f 4110/4110 4118/4118 4117/4117
f 4111/4111 4112/4112 4119/4119
f 4111/4111 4119/4119 4118/4118
f 4112/4112 4113/4113 4120/4120
f 4112/4112 4120/4120 4119/4119
f 4113/4113 4107/4107 4114/4114
f 4113/4113 4114/4114 4120/4120
f 4113/4113 4112/4112 4111/4111
f 4113/4113 4111/4111 4110/4110
f 4113/4113 4110/4110 4109/4109
f 4113/4113 4109/4109 4108/4108
f 4113/4113 4108/4108 4107/4107
f 4114/4114 4115/4115 4116/4116
f 4114/4114 4116/4116 4117/4117
f 4114/4114 4117/4117 4118/4118
f 4114/4114 4118/4118 4119/4119
f 4114/4114 4119/4119 4120/4120
f 4121/4121 4122/4122 4129/4129
f 4121/4121 4129/4129 4128/4128
f 4122/4122 4123/4123 4130/4130
f 4122/4122 4130/4130 4129/4129
f 4123/4123 4124/4124 4131/4131
f 4123/4123 4131/4131 4130/4130
f 4124/4124 4125/4125 4132/4132
f 4124/4124 4132/4132 4131/4131
f 4125/4125 4126/4126 4133/4133
f 4125/4125 4133/4133 4132/4132
f 4126/4126 4127/4127 4134/4134
f 4126/4126 4134/4134 4133/4133
f 4127/4127 4121/4121 4128/4128
f 4127/4127 4128/4128 4134/4134
f 4127/4127 4126/4126 4125/4125
f 4127/4127 4125/4125 4124/4124
f 4127/4127 4124/4124 4123/4123
f 4127/4127 4123/4123 4122/4122
f 4127/4127 4122/4122 4121/4121
f 4128/4128 4129/4129 4130/4130
f 4128/4128 4130/4130 4131/4131
f 4128/4128 4131/4131 4132/4132
f 4128/4128 4132/4132 4133/4133
f 4128/4128 4133/4133 4134/4134
f 4135/4135 4136/4136 4143/4143
f 4135/4135 4143/4143 4142/4142
f 4136/4136 4137/4137 4144/4144
f 4136/4136 4144/4144 4143/4143
f 4137/4137 4138/4138 4145/4145
f 4137/4137 4145/4145 4144/4144
f 4138/4138 4139/4139 4146/4146
f 4138/4138 4146/4146 4145/4145
f 4139/4139 4140/4140 4147/4147
f 4139/4139 4147/4147 4146/4146
f 4140/4140 4141/4141 4148/4148
f 4140/4140 4148/4148 4147/4147
f 4141/4141 4135/4135 4142/4142
f 4141/4141 4142/4142 4148/4148
f 4141/4141 4140/4140 4139/4139
f 4141/4141 4139/4139 4138/4138
f 4141/4141 4138/4138 4137/4137
f 4141/4141 4137/4137 4136/4136
f 4141/4141 4136/4136 4135/4135
f 4142/4142 4143/4143 4144/4144
f 4142/4142 4144/4144 4145/4145
f 4142/4142 4145/4145 4146/4146
f 4142/4142 4146/4146 4147/4147
f 4142/4142 4147/4147 4148/4148
f 4149/4149 4150/4150 4157/4157
f 4149/4149 4157/4157 4156/4156
f 4150/4150 4151/4151 4158/4158
f 4150/4150 4158/4158 4157/4157
f 4151/4151 4152/4152 4159/4159
f 4151/4151 4159/4159 4158/4158
f 4152/4152 4153/4153 4160/4160
f 4152/4152 4160/4160 4159/4159
f 4153/4153 4154/4154 4161/4161
f 4153/4153 4161/4161 4160/4160
f 4154/4154 4155/4155 4162/4162
f 4154/4154 4162/4162 4161/4161
f 4155/4155 4149/4149 4156/4156
f 4155/4155 4156/4156 4162/4162
f 4155/4155 4154/4154 4153/4153
f 4155/4155 4153/4153 4152/4152
f 4155/4155 4152/4152 4151/4151
f 4155/4155 4151/4151 4150/4150
f 4155/4155 4150/4150 4149/4149
f 4156/4156 4157/4157 4158/4158
f 4156/4156 4158/4158 4159/4159
f 4156/4156 4159/4159 4160/4160
f 4156/4156 4160/4160 4161/4161
f 4156/4156 4161/4161 4162/4162
f 4163/4163 4164/4164 4171/4171
f 4163/4163 4171/4171 4170/4170
f 4164/4164 4165/4165 4172/4172
f 4164/4164 4172/4172 4171/4171
f 4165/4165 4166/4166 4173/4173
f 4165/4165 4173/4173 4172/4172
f 4166/4166 4167/4167 4174/4174
f 4166/4166 4174/4174 4173/4173
f 4167/4167 4168/4168 4175/4175
f 4167/4167 4175/4175 4174/4174
f 4168/4168 4169/4169 4176/4176
f 4168/4168 4176/4176 4175/4175
f 4169/4169 4163/4163 4170/4170
f 4169/4169 4170/4170 4176/4176
f 4169/4169 4168/4168 4167/4167
f 4169/4169 4167/4167 4166/4166
f 4169/4169 4166/4166 4165/4165
f 4169/4169 4165/4165 4164/4164
f 4169/4169 4164/4164 4163/4163
f 4170/4170 4171/4171 4172/4172
f 4170/4170 4172/4172 4173/4173
f 4170/4170 4173/4173 4174/4174
f 4170/4170 4174/4174 4175/4175
f 4170/4170 4175/4175 4176/4176
f 4177/4177 4178/4178 4185/4185
f 4177/4177 4185/4185 4184/4184
f 4178/4178 4179/4179 4186/4186
f 4178/4178 4186/4186 4185/4185
f 4179/4179 4180/4180 4187/4187
f 4179/4179 4187/4187 4186/4186
f 4180/4180 4181/4181 4188/4188
f 4180/4180 4188/4188 4187/4187
f 4181/4181 4182/4182 4189/4189
f 4181/4181 4189/4189 4188/4188
f 4182/4182 4183/4183 4190/4190
f 4182/4182 4190/4190 4189/4189
f 4183/4183 4177/4177 4184/4184
f 4183/4183 4184/4184 4190/4190
f 4183/4183 4182/4182 4181/4181
f 4183/4183 4181/4181 4180/4180
f 4183/4183 4180/4180 4179/4179
f 4183/4183 4179/4179 4178/4178
f 4183/4183 4178/4178 4177/4177
f 4184/4184 4185/4185 4186/4186
f 4184/4184 4186/4186 4187/4187
f 4184/4184 4187/4187 4188/4188
f 4184/4184 4188/4188 4189/4189
f 4184/4184 4189/4189 4190/4190
f 4191/4191 4192/4192 4201/4201
f 4191/4191 4201/4201 4200/4200
f 4192/4192 4193/4193 4202/4202
f 4192/4192 4202/4202 4201/4201
f 4193/4193 4194/4194 4203/4203
f 4193/4193 4203/4203 4202/4202
f 4194/4194 4195/4195 4204/4204
f 4194/4194 4204/4204 4203/4203
f 4195/4195 4196/4196 4205/4205
f 4195/4195 4205/4205 4204/4204
f 4196/4196 4197/4197 4206/4206
f 4196/4196 4206/4206 4205/4205
f 4197/4197 4198/4198 4207/4207
f 4197/4197 4207/4207 4206/4206
f 4198/4198 4199/4199 4208/4208
f 4198/4198 4208/4208 4207/4207
f 4199/4199 4191/4191 4200/4200
f 4199/4199 4200/4200 4208/4208
f 4199/4199 4198/4198 4197/4197
f 4199/4199 4197/4197 4196/4196
f 4199/4199 4196/4196 4195/4195
f 4199/4199 4195/4195 4194/4194
f 4199/4199 4194/4194 4193/4193
f 4199/4199 4193/4193 4192/4192
f 4199/4199 4192/4192 4191/4191
f 4200/4200 4201/4201 4202/4202
f 4200/4200 4202/4202 4203/4203
f 4200/4200 4203/4203 4204/4204
f 4200/4200 4204/4204 4205/4205
f 4200/4200 4205/4205 4206/4206
f 4200/4200 4206/4206 4207/4207
f 4200/4200 4207/4207 4208/4208
f 4209/4209 4210/4210 4219/4219
f 4209/4209 4219/4219 4218/4218
f 4210/4210 4211/4211 4220/4220
f 4210/4210 4220/4220 4219/4219
f 4211/4211 4212/4212 4221/4221
f 4211/4211 4221/4221 4220/4220
f 4212/4212 4213/4213 4222/4222
f 4212/4212 4222/4222 4221/4221
f 4213/4213 4214/4214 4223/4223
f 4213/4213 4223/4223 4222/4222
f 4214/4214 4215/4215 4224/4224
f 4214/4214 4224/4224 4223/4223
f 4215/4215 4216/4216 4225/4225
f 4215/4215 4225/4225 4224/4224
f 4216/4216 4217/4217 4226/4226
f 4216/4216 4226/4226 4225/4225
f 4217/4217 4209/4209 4218/4218
f 4217/4217 4218/4218 4226/4226
f 4217/4217 4216/4216 4215/4215
f 4217/4217 4215/4215 4214/4214
f 4217/4217 4214/4214 4213/4213
f 4217/4217 4213/4213 4212/4212
f 4217/4217 4212/4212 4211/4211
f 4217/4217 4211/4211 4210/4210
f 4217/4217 4210/4210 4209/4209
f 4218/4218 4219/4219 4220/4220
f 4218/4218 4220/4220 4221/4221
f 4218/4218 4221/4221 4222/4222
f 4218/4218 4222/4222 4223/4223
f 4218/4218 4223/4223 4224/4224
f 4218/4218 4224/4224 4225/4225
f 4218/4218 4225/4225 4226/4226
f 4227/4227 4228/4228 4237/4237
f 4227/4227 4237/4237 4236/4236
f 4228/4228 4229/4229 4238/4238
f 4228/4228 4238/4238 4237/4237
f 4229/4229 4230/4230 4239/4239
f 4229/4229 4239/4239 4238/4238
f 4230/4230 4231/4231 4240/4240
f 4230/4230 4240/4240 4239/4239
f 4231/4231 4232/4232 4241/4241
f 4231/4231 4241/4241 4240/4240
f 4232/4232 4233/4233 4242/4242
f 4232/4232 4242/4242 4241/4241
f 4233/4233 4234/4234 4243/4243
f 4233/4233 4243/4243 4242/4242
f 4234/4234 4235/4235 4244/4244
f 4234/4234 4244/4244 4243/4243
f 4235/4235 4227/4227 4236/4236
f 4235/4235 4236/4236 4244/4244
f 4235/4235 4234/4234 4233/4233
f 4235/4235 4233/4233 4232/4232
f 4235/4235 4232/4232 4231/4231
f 4235/4235 4231/4231 4230/4230
f 4235/4235 4230/4230 4229/4229
f 4235/4235 4229/4229 4228/4228
f 4235/4235 4228/4228 4227/4227
f 4236/4236 4237/4237 4238/4238
f 4236/4236 4238/4238 4239/4239
f 4236/4236 4239/4239 4240/4240
f 4236/4236 4240/4240 4241/4241
f 4236/4236 4241/4241 4242/4242
f 4236/4236 4242/4242 4243/4243
f 4236/4236 4243/4243 4244/4244
f 4245/4245 4246/4246 4255/4255
f 4245/4245 4255/4255 4254/4254
f 4246/4246 4247/4247 4256/4256
f 4246/4246 4256/4256 4255/4255
f 4247/4247 4248/4248 4257/4257
f 4247/4247 4257/4257 4256/4256
f 4248/4248 4249/4249 4258/4258
f 4248/4248 4258/4258 4257/4257
f 4249/4249 4250/4250 4259/4259
f 4249/4249 4259/4259 4258/4258
f 4250/4250 4251/4251 4260/4260
f 4250/4250 4260/4260 4259/4259
f 4251/4251 4252/4252 4261/4261
f 4251/4251 4261/4261 4260/4260
f 4252/4252 4253/4253 4262/4262
f 4252/4252 4262/4262 4261/4261
f 4253/4253 4245/4245 4254/4254
f 4253/4253 4254/4254 4262/4262
f 4253/4253 4252/4252 4251/4251
f 4253/4253 4251/4251 4250/4250
f 4253/4253 4250/4250 4249/4249
f 4253/4253 4249/4249 4248/4248
f 4253/4253 4248/4248 4247/4247
f 4253/4253 4247/4247 4246/4246
f 4253/4253 4246/4246 4245/4245
f 4254/4254 4255/4255 4256/4256
f 4254/4254 4256/4256 4257/4257
f 4254/4254 4257/4257 4258/4258
f 4254/4254 4258/4258 4259/4259
f 4254/4254 4259/4259 4260/4260
f 4254/4254 4260/4260 4261/4261
f 4254/4254 4261/4261 4262/4262
f 4263/4263 4264/4264 4273/4273
f 4263/4263 4273/4273 4272/4272
f 4264/4264 4265/4265 4274/4274
f 4264/4264 4274/4274 4273/4273
f 4265/4265 4266/4266 4275/4275
f 4265/4265 4275/4275 4274/4274
f 4266/4266 4267/4267 4276/4276
f 4266/4266 4276/4276 4275/4275
f 4267/4267 4268/4268 4277/4277
f 4267/4267 4277/4277 4276/4276
f 4268/4268 4269/4269 4278/4278
f 4268/4268 4278/4278 4277/4277
f 4269/4269 4270/4270 4279/4279
f 4269/4269 4279/4279 4278/4278
f 4270/4270 4271/4271 4280/4280
f 4270/4270 4280/4280 4279/4279
f 4271/4271 4263/4263 4272/4272
f 4271/4271 4272/4272 4280/4280
f 4271/4271 4270/4270 4269/4269
f 4271/4271 4269/4269 4268/4268
f 4271/4271 4268/4268 4267/4267
f 4271/4271 4267/4267 4266/4266
f 4271/4271 4266/4266 4265/4265
f 4271/4271 4265/4265 4264/4264
f 4271/4271 4264/4264 4263/4263
f 4272/4272 4273/4273 4274/4274
f 4272/4272 4274/4274 4275/4275
f 4272/4272 4275/4275 4276/4276
f 4272/4272 4276/4276 4277/4277
f 4272/4272 4277/4277 4278/4278
f 4272/4272 4278/4278 4279/4279
f 4272/4272 4279/4279 4280/4280
f 4281/4281 4282/4282 4291/4291
f 4281/4281 4291/4291 4290/4290
f 4282/4282 4283/4283 4292/4292
f 4282/4282 4292/4292 4291/4291
f 4283/4283 4284/4284 4293/4293
f 4283/4283 4293/4293 4292/4292
f 4284/4284 4285/4285 4294/4294
f 4284/4284 4294/4294 4293/4293
f 4285/4285 4286/4286 4295/4295
f 4285/4285 4295/4295 4294/4294
f 4286/4286 4287/4287 4296/4296
f 4286/4286 4296/4296 4295/4295
f 4287/4287 4288/4288 4297/4297
f 4287/4287 4297/4297 4296/4296
f 4288/4288 4289/4289 4298/4298
f 4288/4288 4298/4298 4297/4297
f 4289/4289 4281/4281 4290/4290
f 4289/4289 4290/4290 4298/4298
f 4289/4289 4288/4288 4287/4287
f 4289/4289 4287/4287 4286/4286
f 4289/4289 4286/4286 4285/4285
f 4289/4289 4285/4285 4284/4284
f 4289/4289 4284/4284 4283/4283
f 4289/4289 4283/4283 4282/4282
f 4289/4289 4282/4282 4281/4281
f 4290/4290 4291/4291 4292/4292
f 4290/4290 4292/4292 4293/4293
f 4290/4290 4293/4293 4294/4294
f 4290/4290 4294/4294 4295/4295
f 4290/4290 4295/4295 4296/4296
f 4290/4290 4296/4296 4297/4297
f 4290/4290 4297/4297 4298/4298
f 4299/4299 4300/4300 4309/4309
f 4299/4299 4309/4309 4308/4308
f 4300/4300 4301/4301 4310/4310
f 4300/4300 4310/4310 4309/4309
f 4301/4301 4302/4302 4311/4311
f 4301/4301 4311/4311 4310/4310
f 4302/4302 4303/4303 4312/4312
f 4302/4302 4312/4312 4311/4311
f 4303/4303 4304/4304 4313/4313
f 4303/4303 4313/4313 4312/4312
f 4304/4304 4305/4305 4314/4314
f 4304/4304 4314/4314 4313/4313
f 4305/4305 4306/4306 4315/4315
f 4305/4305 4315/4315 4314/4314
f 4306/4306 4307/4307 4316/4316
f 4306/4306 4316/4316 4315/4315
f 4307/4307 4299/4299 4308/4308
f 4307/4307 4308/4308 4316/4316
f 4307/4307 4306/4306 4305/4305
f 4307/4307 4305/4305 4304/4304
f 4307/4307 4304/4304 4303/4303
f 4307/4307 4303/4303 4302/4302
f 4307/4307 4302/4302 4301/4301
f 4307/4307 4301/4301 4300/4300
f 4307/4307 4300/4300 4299/4299
f 4308/4308 4309/4309 4310/4310
f 4308/4308 4310/4310 4311/4311
f 4308/4308 4311/4311 4312/4312
f 4308/4308 4312/4312 4313/4313
f 4308/4308 4313/4313 4314/4314
f 4308/4308 4314/4314 4315/4315
f 4308/4308 4315/4315 4316/4316
f 4317/4317 4318/4318 4327/4327
f 4317/4317 4327/4327 4326/4326
f 4318/4318 4319/4319 4328/4328
f 4318/4318 4328/4328 4327/4327
f 4319/4319 4320/4320 4329/4329
f 4319/4319 4329/4329 4328/4328
f 4320/4320 4321/4321 4330/4330
f 4320/4320 4330/4330 4329/4329
f 4321/4321 4322/4322 4331/4331
f 4321/4321 4331/4331 4330/4330
f 4322/4322 4323/4323 4332/4332
f 4322/4322 4332/4332 4331/4331
f 4323/4323 4324/4324 4333/4333
f 4323/4323 4333/4333 4332/4332
f 4324/4324 4325/4325 4334/4334
f 4324/4324 4334/4334 4333/4333
f 4325/4325 4317/4317 4326/4326
f 4325/4325 4326/4326 4334/4334
f 4325/4325 4324/4324 4323/4323
f 4325/4325 4323/4323 4322/4322
f 4325/4325 4322/4322 4321/4321
f 4325/4325 4321/4321 4320/4320
f 4325/4325 4320/4320 4319/4319
f 4325/4325 4319/4319 4318/4318
f 4325/4325 4318/4318 4317/4317
f 4326/4326 4327/4327 4328/4328
f 4326/4326 4328/4328 4329/4329
f 4326/4326 4329/4329 4330/4330
f 4326/4326 4330/4330 4331/4331
f 4326/4326 4331/4331 4332/4332
f 4326/4326 4332/4332 4333/4333
f 4326/4326 4333/4333 4334/4334
f 4335/4335 4336/4336 4345/4345
f 4335/4335 4345/4345 4344/4344
f 4336/4336 4337/4337 4346/4346
f 4336/4336 4346/4346 4345/4345
f 4337/4337 4338/4338 4347/4347
f 4337/4337 4347/4347 4346/4346
f 4338/4338 4339/4339 4348/4348
f 4338/4338 4348/4348 4347/4347
f 4339/4339 4340/4340 4349/4349
f 4339/4339 4349/4349 4348/4348
f 4340/4340 4341/4341 4350/4350
f 4340/4340 4350/4350 4349/4349
f 4341/4341 4342/4342 4351/4351
f 4341/4341 4351/4351 4350/4350
f 4342/4342 4343/4343 4352/4352
f 4342/4342 4352/4352 4351/4351
f 4343/4343 4335/4335 4344/4344
f 4343/4343 4344/4344 4352/4352
f 4343/4343 4342/4342 4341/4341
f 4343/4343 4341/4341 4340/4340
f 4343/4343 4340/4340 4339/4339
f 4343/4343 4339/4339 4338/4338
f 4343/4343 4338/4338 4337/4337
f 4343/4343 4337/4337 4336/4336
f 4343/4343 4336/4336 4335/4335
f 4344/4344 4345/4345 4346/4346
f 4344/4344 4346/4346 4347/4347
f 4344/4344 4347/4347 4348/4348
f 4344/4344 4348/4348 4349/4349
f 4344/4344 4349/4349 4350/4350
f 4344/4344 4350/4350 4351/4351
f 4344/4344 4351/4351 4352/4352
f 4353/4353 4354/4354 4363/4363
f 4353/4353 4363/4363 4362/4362
f 4354/4354 4355/4355 4364/4364
f 4354/4354 4364/4364 4363/4363
f 4355/4355 4356/4356 4365/4365
f 4355/4355 4365/4365 4364/4364
f 4356/4356 4357/4357 4366/4366
f 4356/4356 4366/4366 4365/4365
f 4357/4357 4358/4358 4367/4367
f 4357/4357 4367/4367 4366/4366
f 4358/4358 4359/4359 4368/4368
f 4358/4358 4368/4368 4367/4367
f 4359/4359 4360/4360 4369/4369
f 4359/4359 4369/4369 4368/4368
f 4360/4360 4361/4361 4370/4370
f 4360/4360 4370/4370 4369/4369
f 4361/4361 4353/4353 4362/4362
f 4361/4361 4362/4362 4370/4370
f 4361/4361 4360/4360 4359/4359
f 4361/4361 4359/4359 4358/4358
f 4361/4361 4358/4358 4357/4357
f 4361/4361 4357/4357 4356/4356
f 4361/4361 4356/4356 4355/4355
f 4361/4361 4355/4355 4354/4354
f 4361/4361 4354/4354 4353/4353
f 4362/4362 4363/4363 4364/4364
f 4362/4362 4364/4364 4365/4365
f 4362/4362 4365/4365 4366/4366
f 4362/4362 4366/4366 4367/4367
f 4362/4362 4367/4367 4368/4368
f 4362/4362 4368/4368 4369/4369
f 4362/4362 4369/4369 4370/4370
f 4371/4371 4372/4372 4381/4381
f 4371/4371 4381/4381 4380/4380
f 4372/4372 4373/4373 4382/4382
f 4372/4372 4382/4382 4381/4381
f 4373/4373 4374/4374 4383/4383
f 4373/4373 4383/4383 4382/4382
f 4374/4374 4375/4375 4384/4384
f 4374/4374 4384/4384 4383/4383
f 4375/4375 4376/4376 4385/4385
f 4375/4375 4385/4385 4384/4384
f 4376/4376 4377/4377 4386/4386
f 4376/4376 4386/4386 4385/4385
f 4377/4377 4378/4378 4387/4387
f 4377/4377 4387/4387 4386/4386
f 4378/4378 4379/4379 4388/4388
f 4378/4378 4388/4388 4387/4387
f 4379/4379 4371/4371 4380/4380
f 4379/4379 4380/4380 4388/4388
f 4379/4379 4378/4378 4377/4377
f 4379/4379 4377/4377 4376/4376
f 4379/4379 4376/4376 4375/4375
f 4379/4379 4375/4375 4374/4374
f 4379/4379 4374/4374 4373/4373
f 4379/4379 4373/4373 4372/4372
f 4379/4379 4372/4372 4371/4371
f 4380/4380 4381/4381 4382/4382
f 4380/4380 4382/4382 4383/4383
f 4380/4380 4383/4383 4384/4384
f 4380/4380 4384/4384 4385/4385
f 4380/4380 4385/4385 4386/4386
f 4380/4380 4386/4386 4387/4387
f 4380/4380 4387/4387 4388/4388
f 4389/4389 4390/4390 4399/4399
f 4389/4389 4399/4399 4398/4398
f 4390/4390 4391/4391 4400/4400
f 4390/4390 4400/4400 4399/4399
f 4391/4391 4392/4392 4401/4401
f 4391/4391 4401/4401 4400/4400
f 4392/4392 4393/4393 4402/4402
f 4392/4392 4402/4402 4401/4401
f 4393/4393 4394/4394 4403/4403
f 4393/4393 4403/4403 4402/4402
f 4394/4394 4395/4395 4404/4404
f 4394/4394 4404/4404 4403/4403
f 4395/4395 4396/4396 4405/4405
f 4395/4395 4405/4405 4404/4404
f 4396/4396 4397/4397 4406/4406
f 4396/4396 4406/4406 4405/4405
f 4397/4397 4389/4389 4398/4398
f 4397/4397 4398/4398 4406/4406
f 4397/4397 4396/4396 4395/4395
f 4397/4397 4395/4395 4394/4394
f 4397/4397 4394/4394 4393/4393
f 4397/4397 4393/4393 4392/4392
f 4397/4397 4392/4392 4391/4391
f 4397/4397 4391/4391 4390/4390
f 4397/4397 4390/4390 4389/4389
f 4398/4398 4399/4399 4400/4400
f 4398/4398 4400/4400 4401/4401
f 4398/4398 4401/4401 4402/4402
f 4398/4398 4402/4402 4403/4403
f 4398/4398 4403/4403 4404/4404
f 4398/4398 4404/4404 4405/4405
f 4398/4398 4405/4405 4406/4406
f 4407/4407 4408/4408 4417/4417
f 4407/4407 4417/4417 4416/4416
f 4408/4408 4409/4409 4418/4418
f 4408/4408 4418/4418 4417/4417
f 4409/4409 4410/4410 4419/4419
f 4409/4409 4419/4419 4418/4418
f 4410/4410 4411/4411 4420/4420
f 4410/4410 4420/4420 4419/4419
f 4411/4411 4412/4412 4421/4421
f 4411/4411 4421/4421 4420/4420
f 4412/4412 4413/4413 4422/4422
f 4412/4412 4422/4422 4421/4421
f 4413/4413 4414/4414 4423/4423
f 4413/4413 4423/4423 4422/4422
f 4414/4414 4415/4415 4424/4424
f 4414/4414 4424/4424 4423/4423
f 4415/4415 4407/4407 4416/4416
f 4415/4415 4416/4416 4424/4424
f 4415/4415 4414/4414 4413/4413
f 4415/4415 4413/4413 4412/4412
f 4415/4415 4412/4412 4411/4411
f 4415/4415 4411/4411 4410/4410
f 4415/4415 4410/4410 4409/4409
f 4415/4415 4409/4409 4408/4408
f 4415/4415 4408/4408 4407/4407
f 4416/4416 4417/4417 4418/4418
f 4416/4416 4418/4418 4419/4419
f 4416/4416 4419/4419 4420/4420
f 4416/4416 4420/4420 4421/4421
f 4416/4416 4421/4421 4422/4422
f 4416/4416 4422/4422 4423/4423
f 4416/4416 4423/4423 4424/4424
f 4425/4425 4426/4426 4435/4435
f 4425/4425 4435/4435 4434/4434
f 4426/4426 4427/4427 4436/4436
f 4426/4426 4436/4436 4435/4435
f 4427/4427 4428/4428 4437/4437
f 4427/4427 4437/4437 4436/4436
f 4428/4428 4429/4429 4438/4438
f 4428/4428 4438/4438 4437/4437
f 4429/4429 4430/4430 4439/4439
f 4429/4429 4439/4439 4438/4438
f 4430/4430 4431/4431 4440/4440
f 4430/4430 4440/4440 4439/4439
f 4431/4431 4432/4432 4441/4441
f 4431/4431 4441/4441 4440/4440
f 4432/4432 4433/4433 4442/4442
f 4432/4432 4442/4442 4441/4441
f 4433/4433 4425/4425 4434/4434
f 4433/4433 4434/4434 4442/4442
f 4433/4433 4432/4432 4431/4431
f 4433/4433 4431/4431 4430/4430
f 4433/4433 4430/4430 4429/4429
f 4433/4433 4429/4429 4428/4428
f 4433/4433 4428/4428 4427/4427
f 4433/4433 4427/4427 4426/4426
f 4433/4433 4426/4426 4425/4425
f 4434/4434 4435/4435 4436/4436
f 4434/4434 4436/4436 4437/4437
f 4434/4434 4437/4437 4438/4438
f 4434/4434 4438/4438 4439/4439
f 4434/4434 4439/4439 4440/4440
f 4434/4434 4440/4440 4441/4441
f 4434/4434 4441/4441 4442/4442
f 4443/4443 4444/4444 4453/4453
f 4443/4443 4453/4453 4452/4452
f 4444/4444 4445/4445 4454/4454
f 4444/4444 4454/4454 4453/4453
f 4445/4445 4446/4446 4455/4455
f 4445/4445 4455/4455 4454/4454
f 4446/4446 4447/4447 4456/4456
f 4446/4446 4456/4456 4455/4455
f 4447/4447 4448/4448 4457/4457
f 4447/4447 4457/4457 4456/4456
f 4448/4448 4449/4449 4458/4458
f 4448/4448 4458/4458 4457/4457
f 4449/4449 4450/4450 4459/4459
f 4449/4449 4459/4459 4458/4458
f 4450/4450 4451/4451 4460/4460
f 4450/4450 4460/4460 4459/4459
f 4451/4451 4443/4443 4452/4452
f 4451/4451 4452/4452 4460/4460
f 4451/4451 4450/4450 4449/4449
f 4451/4451 4449/4449 4448/4448
f 4451/4451 4448/4448 4447/4447
f 4451/4451 4447/4447 4446/4446
f 4451/4451 4446/4446 4445/4445
f 4451/4451 4445/4445 4444/4444
f 4451/4451 4444/4444 4443/4443
f 4452/4452 4453/4453 4454/4454
f 4452/4452 4454/4454 4455/4455
f 4452/4452 4455/4455 4456/4456
f 4452/4452 4456/4456 4457/4457
f 4452/4452 4457/4457 4458/4458
f 4452/4452 4458/4458 4459/4459
f 4452/4452 4459/4459 4460/4460
f 4461/4461 4462/4462 4470/4470
f 4461/4461 4470/4470 4469/4469
f 4462/4462 4463/4463 4471/4471
f 4462/4462 4471/4471 4470/4470
f 4463/4463 4464/4464 4472/4472
f 4463/4463 4472/4472 4471/4471
f 4464/4464 4465/4465 4473/4473
f 4464/4464 4473/4473 4472/4472
f 4465/4465 4466/4466 4474/4474
f 4465/4465 4474/4474 4473/4473
f 4466/4466 4467/4467 4475/4475
f 4466/4466 4475/4475 4474/4474
f 4467/4467 4468/4468 4476/4476
f 4467/4467 4476/4476 4475/4475
f 4468/4468 4461/4461 4469/4469
f 4468/4468 4469/4469 4476/4476
f 4468/4468 4467/4467 4466/4466
f 4468/4468 4466/4466 4465/4465
f 4468/4468 4465/4465 4464/4464
f 4468/4468 4464/4464 4463/4463
f 4468/4468 4463/4463 4462/4462
f 4468/4468 4462/4462 4461/4461
f 4469/4469 4470/4470 4471/4471
f 4469/4469 4471/4471 4472/4472
f 4469/4469 4472/4472 4473/4473
f 4469/4469 4473/4473 4474/4474
f 4469/4469 4474/4474 4475/4475
f 4469/4469 4475/4475 4476/4476
f 4477/4477 4478/4478 4486/4486
f 4477/4477 4486/4486 4485/4485
f 4478/4478 4479/4479 4487/4487
f 4478/4478 4487/4487 4486/4486
f 4479/4479 4480/4480 4488/4488
f 4479/4479 4488/4488 4487/4487
f 4480/4480 4481/4481 4489/4489
f 4480/4480 4489/4489 4488/4488
f 4481/4481 4482/4482 4490/4490
f 4481/4481 4490/4490 4489/4489
f 4482/4482 4483/4483 4491/4491
f 4482/4482 4491/4491 4490/4490
f 4483/4483 4484/4484 4492/4492
f 4483/4483 4492/4492 4491/4491
f 4484/4484 4477/4477 4485/4485
f 4484/4484 4485/4485 4492/4492
f 4484/4484 4483/4483 4482/4482
f 4484/4484 4482/4482 4481/4481
f 4484/4484 4481/4481 4480/4480
f 4484/4484 4480/4480 4479/4479
f 4484/4484 4479/4479 4478/4478
f 4484/4484 4478/4478 4477/4477
f 4485/4485 4486/4486 4487/4487
f 4485/4485 4487/4487 4488/4488
f 4485/4485 4488/4488 4489/4489
f 4485/4485 4489/4489 4490/4490
f 4485/4485 4490/4490 4491/4491
f 4485/4485 4491/4491 4492/4492
f 4493/4493 4494/4494 4501/4501
f 4493/4493 4501/4501 4500/4500
f 4494/4494 4495/4495 4502/4502
f 4494/4494 4502/4502 4501/4501
f 4495/4495 4496/4496 4503/4503
f 4495/4495 4503/4503 4502/4502
f 4496/4496 4497/4497 4504/4504
f 4496/4496 4504/4504 4503/4503
f 4497/4497 4498/4498 4505/4505
f 4497/4497 4505/4505 4504/4504
f 4498/4498 4499/4499 4506/4506
f 4498/4498 4506/4506 4505/4505
f 4499/4499 4493/4493 4500/4500
f 4499/4499 4500/4500 4506/4506
f 4499/4499 4498/4498 4497/4497
f 4499/4499 4497/4497 4496/4496
f 4499/4499 4496/4496 4495/4495
f 4499/4499 4495/4495 4494/4494
f 4499/4499 4494/4494 4493/4493
f 4500/4500 4501/4501 4502/4502
f 4500/4500 4502/4502 4503/4503
f 4500/4500 4503/4503 4504/4504
f 4500/4500 4504/4504 4505/4505
f 4500/4500 4505/4505 4506/4506
f 4507/4507 4508/4508 4515/4515
f 4507/4507 4515/4515 4514/4514
f 4508/4508 4509/4509 4516/4516
f 4508/4508 4516/4516 4515/4515
f 4509/4509 4510/4510 4517/4517
f 4509/4509 4517/4517 4516/4516
f 4510/4510 4511/4511 4518/4518
f 4510/4510 4518/4518 4517/4517
f 4511/4511 4512/4512 4519/4519
f 4511/4511 4519/4519 4518/4518
f 4512/4512 4513/4513 4520/4520
f 4512/4512 4520/4520 4519/4519
f 4513/4513 4507/4507 4514/4514
f 4513/4513 4514/4514 4520/4520
f 4513/4513 4512/4512 4511/4511
f 4513/4513 4511/4511 4510/4510
f 4513/4513 4510/4510 4509/4509
f 4513/4513 4509/4509 4508/4508
f 4513/4513 4508/4508 4507/4507
f 4514/4514 4515/4515 4516/4516
f 4514/4514 4516/4516 4517/4517
f 4514/4514 4517/4517 4518/4518
f 4514/4514 4518/4518 4519/4519
f 4514/4514 4519/4519 4520/4520
f 4521/4521 4522/4522 4529/4529
f 4521/4521 4529/4529 4528/4528
f 4522/4522 4523/4523 4530/4530
f 4522/4522 4530/4530 4529/4529
f 4523/4523 4524/4524 4531/4531
f 4523/4523 4531/4531 4530/4530
f 4524/4524 4525/4525 4532/4532
f 4524/4524 4532/4532 4531/4531
f 4525/4525 4526/4526 4533/4533
f 4525/4525 4533/4533 4532/4532
f 4526/4526 4527/4527 4534/4534
f 4526/4526 4534/4534 4533/4533
f 4527/4527 4521/4521 4528/4528
f 4527/4527 4528/4528 4534/4534
f 4527/4527 4526/4526 4525/4525
f 4527/4527 4525/4525 4524/4524
f 4527/4527 4524/4524 4523/4523
f 4527/4527 4523/4523 4522/4522
f 4527/4527 4522/4522 4521/4521
f 4528/4528 4529/4529 4530/4530
f 4528/4528 4530/4530 4531/4531
f 4528/4528 4531/4531 4532/4532
f 4528/4528 4532/4532 4533/4533
f 4528/4528 4533/4533 4534/4534
f 4535/4535 4536/4536 4543/4543
f 4535/4535 4543/4543 4542/4542
f 4536/4536 4537/4537 4544/4544
f 4536/4536 4544/4544 4543/4543
f 4537/4537 4538/4538 4545/4545
f 4537/4537 4545/4545 4544/4544
f 4538/4538 4539/4539 4546/4546
f 4538/4538 4546/4546 4545/4545
f 4539/4539 4540/4540 4547/4547
f 4539/4539 4547/4547 4546/4546
f 4540/4540 4541/4541 4548/4548
f 4540/4540 4548/4548 4547/4547
f 4541/4541 4535/4535 4542/4542
f 4541/4541 4542/4542 4548/4548
f 4541/4541 4540/4540 4539/4539
f 4541/4541 4539/4539 4538/4538
f 4541/4541 4538/4538 4537/4537
f 4541/4541 4537/4537 4536/4536
f 4541/4541 4536/4536 4535/4535
f 4542/4542 4543/4543 4544/4544
f 4542/4542 4544/4544 4545/4545
f 4542/4542 4545/4545 4546/4546
f 4542/4542 4546/4546 4547/4547
f 4542/4542 4547/4547 4548/4548
f 4549/4549 4550/4550 4557/4557
f 4549/4549 4557/4557 4556/4556
f 4550/4550 4551/4551 4558/4558
f 4550/4550 4558/4558 4557/4557
f 4551/4551 4552/4552 4559/4559
f 4551/4551 4559/4559 4558/4558
f 4552/4552 4553/4553 4560/4560
f 4552/4552 4560/4560 4559/4559
f 4553/4553 4554/4554 4561/4561
f 4553/4553 4561/4561 4560/4560
f 4554/4554 4555/4555 4562/4562
f 4554/4554 4562/4562 4561/4561
f 4555/4555 4549/4549 4556/4556
f 4555/4555 4556/4556 4562/4562
f 4555/4555 4554/4554 4553/4553
f 4555/4555 4553/4553 4552/4552
f 4555/4555 4552/4552 4551/4551
f 4555/4555 4551/4551 4550/4550
f 4555/4555 4550/4550 4549/4549
f 4556/4556 4557/4557 4558/4558
f 4556/4556 4558/4558 4559/4559
f 4556/4556 4559/4559 4560/4560
f 4556/4556 4560/4560 4561/4561
f 4556/4556 4561/4561 4562/4562
f 4563/4563 4564/4564 4571/4571
f 4563/4563 4571/4571 4570/4570
f 4564/4564 4565/4565 4572/4572
f 4564/4564 4572/4572 4571/4571
f 4565/4565 4566/4566 4573/4573
f 4565/4565 4573/4573 4572/4572
f 4566/4566 4567/4567 4574/4574
f 4566/4566 4574/4574 4573/4573
f 4567/4567 4568/4568 4575/4575
f 4567/4567 4575/4575 4574/4574
f 4568/4568 4569/4569 4576/4576
f 4568/4568 4576/4576 4575/4575
f 4569/4569 4563/4563 4570/4570
f 4569/4569 4570/4570 4576/4576
f 4569/4569 4568/4568 4567/4567
f 4569/4569 4567/4567 4566/4566
f 4569/4569 4566/4566 4565/4565
f 4569/4569 4565/4565 4564/4564
f 4569/4569 4564/4564 4563/4563
f 4570/4570 4571/4571 4572/4572
f 4570/4570 4572/4572 4573/4573
f 4570/4570 4573/4573 4574/4574
f 4570/4570 4574/4574 4575/4575
f 4570/4570 4575/4575 4576/4576
f 4577/4577 4578/4578 4585/4585
f 4577/4577 4585/4585 4584/4584
f 4578/4578 4579/4579 4586/4586
f 4578/4578 4586/4586 4585/4585
f 4579/4579 4580/4580 4587/4587
f 4579/4579 4587/4587 4586/4586
f 4580/4580 4581/4581 4588/4588
f 4580/4580 4588/4588 4587/4587
f 4581/4581 4582/4582 4589/4589
f 4581/4581 4589/4589 4588/4588
f 4582/4582 4583/4583 4590/4590
f 4582/4582 4590/4590 4589/4589
f 4583/4583 4577/4577 4584/4584
f 4583/4583 4584/4584 4590/4590
f 4583/4583 4582/4582 4581/4581
f 4583/4583 4581/4581 4580/4580
f 4583/4583 4580/4580 4579/4579
f 4583/4583 4579/4579 4578/4578
f 4583/4583 4578/4578 4577/4577
f 4584/4584 4585/4585 4586/4586
f 4584/4584 4586/4586 4587/4587
f 4584/4584 4587/4587 4588/4588
f 4584/4584 4588/4588 4589/4589
f 4584/4584 4589/4589 4590/4590
f 4591/4591 4592/4592 4599/4599
f 4591/4591 4599/4599 4598/4598
f 4592/4592 4593/4593 4600/4600
f 4592/4592 4600/4600 4599/4599
f 4593/4593 4594/4594 4601/4601
f 4593/4593 4601/4601 4600/4600
f 4594/4594 4595/4595 4602/4602
f 4594/4594 4602/4602 4601/4601
f 4595/4595 4596/4596 4603/4603
f 4595/4595 4603/4603 4602/4602
f 4596/4596 4597/4597 4604/4604
f 4596/4596 4604/4604 4603/4603
f 4597/4597 4591/4591 4598/4598
f 4597/4597 4598/4598 4604/4604
f 4597/4597 4596/4596 4595/4595
f 4597/4597 4595/4595 4594/4594
f 4597/4597 4594/4594 4593/4593
f 4597/4597 4593/4593 4592/4592
f 4597/4597 4592/4592 4591/4591
f 4598/4598 4599/4599 4600/4600
f 4598/4598 4600/4600 4601/4601
f 4598/4598 4601/4601 4602/4602
f 4598/4598 4602/4602 4603/4603
f 4598/4598 4603/4603 4604/4604
f 4605/4605 4606/4606 4613/4613
f 4605/4605 4613/4613 4612/4612
f 4606/4606 4607/4607 4614/4614
f 4606/4606 4614/4614 4613/4613
f 4607/4607 4608/4608 4615/4615
f 4607/4607 4615/4615 4614/4614
f 4608/4608 4609/4609 4616/4616
f 4608/4608 4616/4616 4615/4615
f 4609/4609 4610/4610 4617/4617
f 4609/4609 4617/4617 4616/4616
f 4610/4610 4611/4611 4618/4618
f 4610/4610 4618/4618 4617/4617
f 4611/4611 4605/4605 4612/4612
f 4611/4611 4612/4612 4618/4618
f 4611/4611 4610/4610 4609/4609
f 4611/4611 4609/4609 4608/4608
f 4611/4611 4608/4608 4607/4607
f 4611/4611 4607/4607 4606/4606
f 4611/4611 4606/4606 4605/4605
f 4612/4612 4613/4613 4614/4614
f 4612/4612 4614/4614 4615/4615
f 4612/4612 4615/4615 4616/4616
f 4612/4612 4616/4616 4617/4617
f 4612/4612 4617/4617 4618/4618
f 4619/4619 4620/4620 4629/4629
f 4619/4619 4629/4629 4628/4628
f 4620/4620 4621/4621 4630/4630
f 4620/4620 4630/4630 4629/4629
f 4621/4621 4622/4622 4631/4631
f 4621/4621 4631/4631 4630/4630
f 4622/4622 4623/4623 4632/4632
f 4622/4622 4632/4632 4631/4631
f 4623/4623 4624/4624 4633/4633
f 4623/4623 4633/4633 4632/4632
f 4624/4624 4625/4625 4634/4634
f 4624/4624 4634/4634 4633/4633
f 4625/4625 4626/4626 4635/4635
f 4625/4625 4635/4635 4634/4634
f 4626/4626 4627/4627 4636/4636
f 4626/4626 4636/4636 4635/4635
f 4627/4627 4619/4619 4628/4628
f 4627/4627 4628/4628 4636/4636
f 4627/4627 4626/4626 4625/4625
f 4627/4627 4625/4625 4624/4624
f 4627/4627 4624/4624 4623/4623
f 4627/4627 4623/4623 4622/4622
f 4627/4627 4622/4622 4621/4621
f 4627/4627 4621/4621 4620/4620
f 4627/4627 4620/4620 4619/4619
f 4628/4628 4629/4629 4630/4630
f 4628/4628 4630/4630 4631/4631
f 4628/4628 4631/4631 4632/4632
f 4628/4628 4632/4632 4633/4633
f 4628/4628 4633/4633 4634/4634
f 4628/4628 4634/4634 4635/4635
f 4628/4628 4635/4635 4636/4636
f 4637/4637 4638/4638 4647/4647
f 4637/4637 4647/4647 4646/4646
f 4638/4638 4639/4639 4648/4648
f 4638/4638 4648/4648 4647/4647
f 4639/4639 4640/4640 4649/4649
f 4639/4639 4649/4649 4648/4648
f 4640/4640 4641/4641 4650/4650
f 4640/4640 4650/4650 4649/4649
f 4641/4641 4642/4642 4651/4651
f 4641/4641 4651/4651 4650/4650
f 4642/4642 4643/4643 4652/4652
f 4642/4642 4652/4652 4651/4651
f 4643/4643 4644/4644 4653/4653
f 4643/4643 4653/4653 4652/4652
f 4644/4644 4645/4645 4654/4654
f 4644/4644 4654/4654 4653/4653
f 4645/4645 4637/4637 4646/4646
f 4645/4645 4646/4646 4654/4654
f 4645/4645 4644/4644 4643/4643
f 4645/4645 4643/4643 4642/4642
f 4645/4645 4642/4642 4641/4641
f 4645/4645 4641/4641 4640/4640
f 4645/4645 4640/4640 4639/4639
f 4645/4645 4639/4639 4638/4638
f 4645/4645 4638/4638 4637/4637
f 4646/4646 4647/4647 4648/4648
f 4646/4646 4648/4648 4649/4649
f 4646/4646 4649/4649 4650/4650
f 4646/4646 4650/4650 4651/4651
f 4646/4646 4651/4651 4652/4652
f 4646/4646 4652/4652 4653/4653
f 4646/4646 4653/4653 4654/4654
f 4655/4655 4656/4656 4665/4665
f 4655/4655 4665/4665 4664/4664
f 4656/4656 4657/4657 4666/4666
f 4656/4656 4666/4666 4665/4665
f 4657/4657 4658/4658 4667/4667
f 4657/4657 4667/4667 4666/4666
f 4658/4658 4659/4659 4668/4668
f 4658/4658 4668/4668 4667/4667
f 4659/4659 4660/4660 4669/4669
f 4659/4659 4669/4669 4668/4668
f 4660/4660 4661/4661 4670/4670
f 4660/4660 4670/4670 4669/4669
f 4661/4661 4662/4662 4671/4671
f 4661/4661 4671/4671 4670/4670
f 4662/4662 4663/4663 4672/4672
f 4662/4662 4672/4672 4671/4671
f 4663/4663 4655/4655 4664/4664
f 4663/4663 4664/4664 4672/4672
f 4663/4663 4662/4662 4661/4661
f 4663/4663 4661/4661 4660/4660
f 4663/4663 4660/4660 4659/4659
f 4663/4663 4659/4659 4658/4658
f 4663/4663 4658/4658 4657/4657
f 4663/4663 4657/4657 4656/4656
f 4663/4663 4656/4656 4655/4655
f 4664/4664 4665/4665 4666/4666
f 4664/4664 4666/4666 4667/4667
f 4664/4664 4667/4667 4668/4668
f 4664/4664 4668/4668 4669/4669
f 4664/4664 4669/4669 4670/4670
f 4664/4664 4670/4670 4671/4671
f 4664/4664 4671/4671 4672/4672
f 4673/4673 4674/4674 4683/4683
f 4673/4673 4683/4683 4682/4682
f 4674/4674 4675/4675 4684/4684
f 4674/4674 4684/4684 4683/4683
f 4675/4675 4676/4676 4685/4685
f 4675/4675 4685/4685 4684/4684
f 4676/4676 4677/4677 4686/4686
f 4676/4676 4686/4686 4685/4685
f 4677/4677 4678/4678 4687/4687
f 4677/4677 4687/4687 4686/4686
f 4678/4678 4679/4679 4688/4688
f 4678/4678 4688/4688 4687/4687
f 4679/4679 4680/4680 4689/4689
f 4679/4679 4689/4689 4688/4688
f 4680/4680 4681/4681 4690/4690
f 4680/4680 4690/4690 4689/4689
f 4681/4681 4673/4673 4682/4682
f 4681/4681 4682/4682 4690/4690
f 4681/4681 4680/4680 4679/4679
f 4681/4681 4679/4679 4678/4678
f 4681/4681 4678/4678 4677/4677
f 4681/4681 4677/4677 4676/4676
f 4681/4681 4676/4676 4675/4675
f 4681/4681 4675/4675 4674/4674
f 4681/4681 4674/4674 4673/4673
f 4682/4682 4683/4683 4684/4684
f 4682/4682 4684/4684 4685/4685
f 4682/4682 4685/4685 4686/4686
f 4682/4682 4686/4686 4687/4687
f 4682/4682 4687/4687 4688/4688
f 4682/4682 4688/4688 4689/4689
f 4682/4682 4689/4689 4690/4690
f 4691/4691 4692/4692 4701/4701
f 4691/4691 4701/4701 4700/4700
f 4692/4692 4693/4693 4702/4702
f 4692/4692 4702/4702 4701/4701
f 4693/4693 4694/4694 4703/4703
f 4693/4693 4703/4703 4702/4702
f 4694/4694 4695/4695 4704/4704
f 4694/4694 4704/4704 4703/4703
f 4695/4695 4696/4696 4705/4705
f 4695/4695 4705/4705 4704/4704
f 4696/4696 4697/4697 4706/4706
f 4696/4696 4706/4706 4705/4705
f 4697/4697 4698/4698 4707/4707
f 4697/4697 4707/4707 4706/4706
f 4698/4698 4699/4699 4708/4708
f 4698/4698 4708/4708 4707/4707
f 4699/4699 4691/4691 4700/4700
f 4699/4699 4700/4700 4708/4708
f 4699/4699 4698/4698 4697/4697
f 4699/4699 4697/4697 4696/4696
f 4699/4699 4696/4696 4695/4695
f 4699/4699 4695/4695 4694/4694
f 4699/4699 4694/4694 4693/4693
f 4699/4699 4693/4693 4692/4692
f 4699/4699 4692/4692 4691/4691
f 4700/4700 4701/4701 4702/4702
f 4700/4700 4702/4702 4703/4703
f 4700/4700 4703/4703 4704/4704
f 4700/4700 4704/4704 4705/4705
f 4700/4700 4705/4705 4706/4706
f 4700/4700 4706/4706 4707/4707
f 4700/4700 4707/4707 4708/4708
f 4709/4709 4710/4710 4719/4719
f 4709/4709 4719/4719 4718/4718
f 4710/4710 4711/4711 4720/4720
f 4710/4710 4720/4720 4719/4719
f 4711/4711 4712/4712 4721/4721
f 4711/4711 4721/4721 4720/4720
f 4712/4712 4713/4713 4722/4722
f 4712/4712 4722/4722 4721/4721
f 4713/4713 4714/4714 4723/4723
f 4713/4713 4723/4723 4722/4722
f 4714/4714 4715/4715 4724/4724
f 4714/4714 4724/4724 4723/4723
f 4715/4715 4716/4716 4725/4725
f 4715/4715 4725/4725 4724/4724
f 4716/4716 4717/4717 4726/4726
f 4716/4716 4726/4726 4725/4725
f 4717/4717 4709/4709 4718/4718
f 4717/4717 4718/4718 4726/4726
f 4717/4717 4716/4716 4715/4715
f 4717/4717 4715/4715 4714/4714
f 4717/4717 4714/4714 4713/4713
f 4717/4717 4713/4713 4712/4712
f 4717/4717 4712/4712 4711/4711
f 4717/4717 4711/4711 4710/4710
f 4717/4717 4710/4710 4709/4709
f 4718/4718 4719/4719 4720/4720
f 4718/4718 4720/4720 4721/4721
f 4718/4718 4721/4721 4722/4722
f 4718/4718 4722/4722 4723/4723
f 4718/4718 4723/4723 4724/4724
f 4718/4718 4724/4724 4725/4725
f 4718/4718 4725/4725 4726/4726
f 4727/4727 4728/4728 4737/4737
f 4727/4727 4737/4737 4736/4736
f 4728/4728 4729/4729 4738/4738
f 4728/4728 4738/4738 4737/4737
f 4729/4729 4730/4730 4739/4739
f 4729/4729 4739/4739 4738/4738
f 4730/4730 4731/4731 4740/4740
f 4730/4730 4740/4740 4739/4739
f 4731/4731 4732/4732 4741/4741
f 4731/4731 4741/4741 4740/4740
f 4732/4732 4733/4733 4742/4742
f 4732/4732 4742/4742 4741/4741
f 4733/4733 4734/4734 4743/4743
f 4733/4733 4743/4743 4742/4742
f 4734/4734 4735/4735 4744/4744
f 4734/4734 4744/4744 4743/4743
f 4735/4735 4727/4727 4736/4736
f 4735/4735 4736/4736 4744/4744
f 4735/4735 4734/4734 4733/4733
f 4735/4735 4733/4733 4732/4732
f 4735/4735 4732/4732 4731/4731
f 4735/4735 4731/4731 4730/4730
f 4735/4735 4730/4730 4729/4729
f 4735/4735 4729/4729 4728/4728
f 4735/4735 4728/4728 4727/4727
f 4736/4736 4737/4737 4738/4738
f 4736/4736 4738/4738 4739/4739
f 4736/4736 4739/4739 4740/4740
f 4736/4736 4740/4740 4741/4741
f 4736/4736 4741/4741 4742/4742
f 4736/4736 4742/4742 4743/4743
f 4736/4736 4743/4743 4744/4744
f 4745/4745 4746/4746 4755/4755
f 4745/4745 4755/4755 4754/4754
f 4746/4746 4747/4747 4756/4756
f 4746/4746 4756/4756 4755/4755
f 4747/4747 4748/4748 4757/4757
f 4747/4747 4757/4757 4756/4756
f 4748/4748 4749/4749 4758/4758
f 4748/4748 4758/4758 4757/4757
f 4749/4749 4750/4750 4759/4759
f 4749/4749 4759/4759 4758/4758
f 4750/4750 4751/4751 4760/4760
f 4750/4750 4760/4760 4759/4759
f 4751/4751 4752/4752 4761/4761
f 4751/4751 4761/4761 4760/4760
f 4752/4752 4753/4753 4762/4762
f 4752/4752 4762/4762 4761/4761
f 4753/4753 4745/4745 4754/4754
f 4753/4753 4754/4754 4762/4762
f 4753/4753 4752/4752 4751/4751
f 4753/4753 4751/4751 4750/4750
f 4753/4753 4750/4750 4749/4749
f 4753/4753 4749/4749 4748/4748
f 4753/4753 4748/4748 4747/4747
f 4753/4753 4747/4747 4746/4746
f 4753/4753 4746/4746 4745/4745
f 4754/4754 4755/4755 4756/4756
f 4754/4754 4756/4756 4757/4757
f 4754/4754 4757/4757 4758/4758
f 4754/4754 4758/4758 4759/4759
f 4754/4754 4759/4759 4760/4760
f 4754/4754 4760/4760 4761/4761
f 4754/4754 4761/4761 4762/4762
f 4763/4763 4764/4764 4773/4773
f 4763/4763 4773/4773 4772/4772
f 4764/4764 4765/4765 4774/4774
f 4764/4764 4774/4774 4773/4773
f 4765/4765 4766/4766 4775/4775
f 4765/4765 4775/4775 4774/4774
f 4766/4766 4767/4767 4776/4776
f 4766/4766 4776/4776 4775/4775
f 4767/4767 4768/4768 4777/4777
f 4767/4767 4777/4777 4776/4776
f 4768/4768 4769/4769 4778/4778
f 4768/4768 4778/4778 4777/4777
f 4769/4769 4770/4770 4779/4779
f 4769/4769 4779/4779 4778/4778
f 4770/4770 4771/4771 4780/4780
f 4770/4770 4780/4780 4779/4779
f 4771/4771 4763/4763 4772/4772
f 4771/4771 4772/4772 4780/4780
f 4771/4771 4770/4770 4769/4769
f 4771/4771 4769/4769 4768/4768
f 4771/4771 4768/4768 4767/4767
f 4771/4771 4767/4767 4766/4766
f 4771/4771 4766/4766 4765/4765
f 4771/4771 4765/4765 4764/4764
f 4771/4771 4764/4764 4763/4763
f 4772/4772 4773/4773 4774/4774
f 4772/4772 4774/4774 4775/4775
f 4772/4772 4775/4775 4776/4776
f 4772/4772 4776/4776 4777/4777
f 4772/4772 4777/4777 4778/4778
f 4772/4772 4778/4778 4779/4779
f 4772/4772 4779/4779 4780/4780
f 4781/4781 4782/4782 4791/4791
f 4781/4781 4791/4791 4790/4790
f 4782/4782 4783/4783 4792/4792
f 4782/4782 4792/4792 4791/4791
f 4783/4783 4784/4784 4793/4793
f 4783/4783 4793/4793 4792/4792
f 4784/4784 4785/4785 4794/4794
f 4784/4784 4794/4794 4793/4793
f 4785/4785 4786/4786 4795/4795
f 4785/4785 4795/4795 4794/4794
f 4786/4786 4787/4787 4796/4796
f 4786/4786 4796/4796 4795/4795
f 4787/4787 4788/4788 4797/4797
f 4787/4787 4797/4797 4796/4796
f 4788/4788 4789/4789 4798/4798
f 4788/4788 4798/4798 4797/4797
f 4789/4789 4781/4781 4790/4790
f 4789/4789 4790/4790 4798/4798
f 4789/4789 4788/4788 4787/4787
f 4789/4789 4787/4787 4786/4786
f 4789/4789 4786/4786 4785/4785
f 4789/4789 4785/4785 4784/4784
f 4789/4789 4784/4784 4783/4783
f 4789/4789 4783/4783 4782/4782
f 4789/4789 4782/4782 4781/4781
f 4790/4790 4791/4791 4792/4792
f 4790/4790 4792/4792 4793/4793
f 4790/4790 4793/4793 4794/4794
f 4790/4790 4794/4794 4795/4795
f 4790/4790 4795/4795 4796/4796
f 4790/4790 4796/4796 4797/4797
f 4790/4790 4797/4797 4798/4798
f 4799/4799 4800/4800 4809/4809
f 4799/4799 4809/4809 4808/4808
f 4800/4800 4801/4801 4810/4810
f 4800/4800 4810/4810 4809/4809
f 4801/4801 4802/4802 4811/4811
f 4801/4801 4811/4811 4810/4810
f 4802/4802 4803/4803 4812/4812
f 4802/4802 4812/4812 4811/4811
f 4803/4803 4804/4804 4813/4813
f 4803/4803 4813/4813 4812/4812
f 4804/4804 4805/4805 4814/4814
f 4804/4804 4814/4814 4813/4813
f 4805/4805 4806/4806 4815/4815
f 4805/4805 4815/4815 4814/4814
f 4806/4806 4807/4807 4816/4816
f 4806/4806 4816/4816 4815/4815
f 4807/4807 4799/4799 4808/4808
f 4807/4807 4808/4808 4816/4816
f 4807/4807 4806/4806 4805/4805
f 4807/4807 4805/4805 4804/4804
f 4807/4807 4804/4804 4803/4803
f 4807/4807 4803/4803 4802/4802
f 4807/4807 4802/4802 4801/4801
f 4807/4807 4801/4801 4800/4800
f 4807/4807 4800/4800 4799/4799
f 4808/4808 4809/4809 4810/4810
f 4808/4808 4810/4810 4811/4811
f 4808/4808 4811/4811 4812/4812
f 4808/4808 4812/4812 4813/4813
f 4808/4808 4813/4813 4814/4814
f 4808/4808 4814/4814 4815/4815
f 4808/4808 4815/4815 4816/4816
f 4817/4817 4818/4818 4827/4827
f 4817/4817 4827/4827 4826/4826
f 4818/4818 4819/4819 4828/4828
f 4818/4818 4828/4828 4827/4827
f 4819/4819 4820/4820 4829/4829
f 4819/4819 4829/4829 4828/4828
f 4820/4820 4821/4821 4830/4830
f 4820/4820 4830/4830 4829/4829
f 4821/4821 4822/4822 4831/4831
f 4821/4821 4831/4831 4830/4830
f 4822/4822 4823/4823 4832/4832
f 4822/4822 4832/4832 4831/4831
f 4823/4823 4824/4824 4833/4833
f 4823/4823 4833/4833 4832/4832
f 4824/4824 4825/4825 4834/4834
f 4824/4824 4834/4834 4833/4833
f 4825/4825 4817/4817 4826/4826
f 4825/4825 4826/4826 4834/4834
f 4825/4825 4824/4824 4823/4823
f 4825/4825 4823/4823 4822/4822
f 4825/4825 4822/4822 4821/4821
f 4825/4825 4821/4821 4820/4820
f 4825/4825 4820/4820 4819/4819
f 4825/4825 4819/4819 4818/4818
f 4825/4825 4818/4818 4817/4817
f 4826/4826 4827/4827 4828/4828
f 4826/4826 4828/4828 4829/4829
f 4826/4826 4829/4829 4830/4830
f 4826/4826 4830/4830 4831/4831
f 4826/4826 4831/4831 4832/4832
f 4826/4826 4832/4832 4833/4833
f 4826/4826 4833/4833 4834/4834
f 4835/4835 4836/4836 4845/4845
f 4835/4835 4845/4845 4844/4844
f 4836/4836 4837/4837 4846/4846
f 4836/4836 4846/4846 4845/4845
f 4837/4837 4838/4838 4847/4847
f 4837/4837 4847/4847 4846/4846
f 4838/4838 4839/4839 4848/4848
f 4838/4838 4848/4848 4847/4847
f 4839/4839 4840/4840 4849/4849
f 4839/4839 4849/4849 4848/4848
f 4840/4840 4841/4841 4850/4850
f 4840/4840 4850/4850 4849/4849
f 4841/4841 4842/4842 4851/4851
f 4841/4841 4851/4851 4850/4850
f 4842/4842 4843/4843 4852/4852
f 4842/4842 4852/4852 4851/4851
f 4843/4843 4835/4835 4844/4844
f 4843/4843 4844/4844 4852/4852
f 4843/4843 4842/4842 4841/4841
f 4843/4843 4841/4841 4840/4840
f 4843/4843 4840/4840 4839/4839
f 4843/4843 4839/4839 4838/4838
f 4843/4843 4838/4838 4837/4837
f 4843/4843 4837/4837 4836/4836
f 4843/4843 4836/4836 4835/4835
f 4844/4844 4845/4845 4846/4846
f 4844/4844 4846/4846 4847/4847
f 4844/4844 4847/4847 4848/4848
f 4844/4844 4848/4848 4849/4849
f 4844/4844 4849/4849 4850/4850
f 4844/4844 4850/4850 4851/4851
f 4844/4844 4851/4851 4852/4852
f 4853/4853 4854/4854 4863/4863
f 4853/4853 4863/4863 4862/4862
f 4854/4854 4855/4855 4864/4864
f 4854/4854 4864/4864 4863/4863
f 4855/4855 4856/4856 4865/4865
f 4855/4855 4865/4865 4864/4864
f 4856/4856 4857/4857 4866/4866
f 4856/4856 4866/4866 4865/4865
f 4857/4857 4858/4858 4867/4867
f 4857/4857 4867/4867 4866/4866
f 4858/4858 4859/4859 4868/4868
f 4858/4858 4868/4868 4867/4867
f 4859/4859 4860/4860 4869/4869
f 4859/4859 4869/4869 4868/4868
f 4860/4860 4861/4861 4870/4870
f 4860/4860 4870/4870 4869/4869
f 4861/4861 4853/4853 4862/4862
f 4861/4861 4862/4862 4870/4870
f 4861/4861 4860/4860 4859/4859
f 4861/4861 4859/4859 4858/4858
f 4861/4861 4858/4858 4857/4857
f 4861/4861 4857/4857 4856/4856
f 4861/4861 4856/4856 4855/4855
f 4861/4861 4855/4855 4854/4854
f 4861/4861 4854/4854 4853/4853
f 4862/4862 4863/4863 4864/4864
f 4862/4862 4864/4864 4865/4865
f 4862/4862 4865/4865 4866/4866
f 4862/4862 4866/4866 4867/4867
f 4862/4862 4867/4867 4868/4868
f 4862/4862 4868/4868 4869/4869
f 4862/4862 4869/4869 4870/4870
f 4871/4871 4872/4872 4881/4881
f 4871/4871 4881/4881 4880/4880
f 4872/4872 4873/4873 4882/4882
f 4872/4872 4882/4882 4881/4881
f 4873/4873 4874/4874 4883/4883
f 4873/4873 4883/4883 4882/4882
f 4874/4874 4875/4875 4884/4884
f 4874/4874 4884/4884 4883/4883
f 4875/4875 4876/4876 4885/4885
f 4875/4875 4885/4885 4884/4884
f 4876/4876 4877/4877 4886/4886
f 4876/4876 4886/4886 4885/4885
f 4877/4877 4878/4878 4887/4887
f 4877/4877 4887/4887 4886/4886
f 4878/4878 4879/4879 4888/4888
f 4878/4878 4888/4888 4887/4887
f 4879/4879 4871/4871 4880/4880
f 4879/4879 4880/4880 4888/4888
f 4879/4879 4878/4878 4877/4877
f 4879/4879 4877/4877 4876/4876
f 4879/4879 4876/4876 4875/4875
f 4879/4879 4875/4875 4874/4874
f 4879/4879 4874/4874 4873/4873
f 4879/4879 4873/4873 4872/4872
f 4879/4879 4872/4872 4871/4871
f 4880/4880 4881/4881 4882/4882
f 4880/4880 4882/4882 4883/4883
f 4880/4880 4883/4883 4884/4884
f 4880/4880 4884/4884 4885/4885
f 4880/4880 4885/4885 4886/4886
f 4880/4880 4886/4886 4887/4887
f 4880/4880 4887/4887 4888/4888
f 4889/4889 4890/4890 4898/4898
f 4889/4889 4898/4898 4897/4897
f 4890/4890 4891/4891 4899/4899
f 4890/4890 4899/4899 4898/4898
f 4891/4891 4892/4892 4900/4900
f 4891/4891 4900/4900 4899/4899
f 4892/4892 4893/4893 4901/4901
f 4892/4892 4901/4901 4900/4900
f 4893/4893 4894/4894 4902/4902
f 4893/4893 4902/4902 4901/4901
f 4894/4894 4895/4895 4903/4903
f 4894/4894 4903/4903 4902/4902
f 4895/4895 4896/4896 4904/4904
f 4895/4895 4904/4904 4903/4903
f 4896/4896 4889/4889 4897/4897
f 4896/4896 4897/4897 4904/4904
f 4896/4896 4895/4895 4894/4894
f 4896/4896 4894/4894 4893/4893
f 4896/4896 4893/4893 4892/4892
f 4896/4896 4892/4892 4891/4891
f 4896/4896 4891/4891 4890/4890
f 4896/4896 4890/4890 4889/4889
f 4897/4897 4898/4898 4899/4899
f 4897/4897 4899/4899 4900/4900
f 4897/4897 4900/4900 4901/4901
f 4897/4897 4901/4901 4902/4902
f 4897/4897 4902/4902 4903/4903
f 4897/4897 4903/4903 4904/4904
f 4905/4905 4906/4906 4914/4914
f 4905/4905 4914/4914 4913/4913
f 4906/4906 4907/4907 4915/4915
f 4906/4906 4915/4915 4914/4914
f 4907/4907 4908/4908 4916/4916
f 4907/4907 4916/4916 4915/4915
f 4908/4908 4909/4909 4917/4917
f 4908/4908 4917/4917 4916/4916
f 4909/4909 4910/4910 4918/4918
f 4909/4909 4918/4918 4917/4917
f 4910/4910 4911/4911 4919/4919
f 4910/4910 4919/4919 4918/4918
f 4911/4911 4912/4912 4920/4920
f 4911/4911 4920/4920 4919/4919
f 4912/4912 4905/4905 4913/4913
f 4912/4912 4913/4913 4920/4920
f 4912/4912 4911/4911 4910/4910
f 4912/4912 4910/4910 4909/4909
f 4912/4912 4909/4909 4908/4908
f 4912/4912 4908/4908 4907/4907
f 4912/4912 4907/4907 4906/4906
f 4912/4912 4906/4906 4905/4905
f 4913/4913 4914/4914 4915/4915
f 4913/4913 4915/4915 4916/4916
f 4913/4913 4916/4916 4917/4917
f 4913/4913 4917/4917 4918/4918
f 4913/4913 4918/4918 4919/4919
f 4913/4913 4919/4919 4920/4920
f 4921/4921 4922/4922 4929/4929
f 4921/4921 4929/4929 4928/4928
f 4922/4922 4923/4923 4930/4930
f 4922/4922 4930/4930 4929/4929
f 4923/4923 4924/4924 4931/4931
f 4923/4923 4931/4931 4930/4930
f 4924/4924 4925/4925 4932/4932
f 4924/4924 4932/4932 4931/4931
f 4925/4925 4926/4926 4933/4933
f 4925/4925 4933/4933 4932/4932
f 4926/4926 4927/4927 4934/4934
f 4926/4926 4934/4934 4933/4933
f 4927/4927 4921/4921 4928/4928
f 4927/4927 4928/4928 4934/4934
f 4927/4927 4926/4926 4925/4925
f 4927/4927 4925/4925 4924/4924
f 4927/4927 4924/4924 4923/4923
f 4927/4927 4923/4923 4922/4922
f 4927/4927 4922/4922 4921/4921
f 4928/4928 4929/4929 4930/4930
f 4928/4928 4930/4930 4931/4931
f 4928/4928 4931/4931 4932/4932
f 4928/4928 4932/4932 4933/4933
f 4928/4928 4933/4933 4934/4934
f 4935/4935 4936/4936 4943/4943
f 4935/4935 4943/4943 4942/4942
f 4936/4936 4937/4937 4944/4944
f 4936/4936 4944/4944 4943/4943
f 4937/4937 4938/4938 4945/4945
f 4937/4937 4945/4945 4944/4944
f 4938/4938 4939/4939 4946/4946
f 4938/4938 4946/4946 4945/4945
f 4939/4939 4940/4940 4947/4947
f 4939/4939 4947/4947 4946/4946
f 4940/4940 4941/4941 4948/4948
f 4940/4940 4948/4948 4947/4947
f 4941/4941 4935/4935 4942/4942
f 4941/4941 4942/4942 4948/4948
f 4941/4941 4940/4940 4939/4939
f 4941/4941 4939/4939 4938/4938
f 4941/4941 4938/4938 4937/4937
f 4941/4941 4937/4937 4936/4936
f 4941/4941 4936/4936 4935/4935
f 4942/4942 4943/4943 4944/4944
f 4942/4942 4944/4944 4945/4945
f 4942/4942 4945/4945 4946/4946
f 4942/4942 4946/4946 4947/4947
f 4942/4942 4947/4947 4948/4948
f 4949/4949 4950/4950 4957/4957
f 4949/4949 4957/4957 4956/4956
f 4950/4950 4951/4951 4958/4958
f 4950/4950 4958/4958 4957/4957
f 4951/4951 4952/4952 4959/4959
f 4951/4951 4959/4959 4958/4958
f 4952/4952 4953/4953 4960/4960
f 4952/4952 4960/4960 4959/4959
f 4953/4953 4954/4954 4961/4961
f 4953/4953 4961/4961 4960/4960
f 4954/4954 4955/4955 4962/4962
f 4954/4954 4962/4962 4961/4961
f 4955/4955 4949/4949 4956/4956
f 4955/4955 4956/4956 4962/4962
f 4955/4955 4954/4954 4953/4953
f 4955/4955 4953/4953 4952/4952
f 4955/4955 4952/4952 4951/4951
f 4955/4955 4951/4951 4950/4950
f 4955/4955 4950/4950 4949/4949
f 4956/4956 4957/4957 4958/4958
f 4956/4956 4958/4958 4959/4959
f 4956/4956 4959/4959 4960/4960
f 4956/4956 4960/4960 4961/4961
f 4956/4956 4961/4961 4962/4962
f 4963/4963 4964/4964 4971/4971
f 4963/4963 4971/4971 4970/4970
f 4964/4964 4965/4965 4972/4972
f 4964/4964 4972/4972 4971/4971
f 4965/4965 4966/4966 4973/4973
f 4965/4965 4973/4973 4972/4972
f 4966/4966 4967/4967 4974/4974
f 4966/4966 4974/4974 4973/4973
f 4967/4967 4968/4968 4975/4975
f 4967/4967 4975/4975 4974/4974
f 4968/4968 4969/4969 4976/4976
f 4968/4968 4976/4976 4975/4975
f 4969/4969 4963/4963 4970/4970
f 4969/4969 4970/4970 4976/4976
f 4969/4969 4968/4968 4967/4967
f 4969/4969 4967/4967 4966/4966
f 4969/4969 4966/4966 4965/4965
f 4969/4969 4965/4965 4964/4964
f 4969/4969 4964/4964 4963/4963
f 4970/4970 4971/4971 4972/4972
f 4970/4970 4972/4972 4973/4973
f 4970/4970 4973/4973 4974/4974
f 4970/4970 4974/4974 4975/4975
f 4970/4970 4975/4975 4976/4976
f 4977/4977 4978/4978 4985/4985
f 4977/4977 4985/4985 4984/4984
f 4978/4978 4979/4979 4986/4986
f 4978/4978 4986/4986 4985/4985
f 4979/4979 4980/4980 4987/4987
f 4979/4979 4987/4987 4986/4986
f 4980/4980 4981/4981 4988/4988
f 4980/4980 4988/4988 4987/4987
f 4981/4981 4982/4982 4989/4989
f 4981/4981 4989/4989 4988/4988
f 4982/4982 4983/4983 4990/4990
f 4982/4982 4990/4990 4989/4989
f 4983/4983 4977/4977 4984/4984
f 4983/4983 4984/4984 4990/4990
f 4983/4983 4982/4982 4981/4981
f 4983/4983 4981/4981 4980/4980
f 4983/4983 4980/4980 4979/4979
f 4983/4983 4979/4979 4978/4978
f 4983/4983 4978/4978 4977/4977
f 4984/4984 4985/4985 4986/4986
f 4984/4984 4986/4986 4987/4987
f 4984/4984 4987/4987 4988/4988
f 4984/4984 4988/4988 4989/4989
f 4984/4984 4989/4989 4990/4990
f 4991/4991 4992/4992 4999/4999
f 4991/4991 4999/4999 4998/4998
f 4992/4992 4993/4993 5000/5000
f 4992/4992 5000/5000 4999/4999
f 4993/4993 4994/4994 5001/5001
f 4993/4993 5001/5001 5000/5000
f 4994/4994 4995/4995 5002/5002
f 4994/4994 5002/5002 5001/5001
f 4995/4995 4996/4996 5003/5003
f 4995/4995 5003/5003 5002/5002
f 4996/4996 4997/4997 5004/5004
f 4996/4996 5004/5004 5003/5003
f 4997/4997 4991/4991 4998/4998
f 4997/4997 4998/4998 5004/5004
f 4997/4997 4996/4996 4995/4995
f 4997/4997 4995/4995 4994/4994
f 4997/4997 4994/4994 4993/4993
f 4997/4997 4993/4993 4992/4992
f 4997/4997 4992/4992 4991/4991
f 4998/4998 4999/4999 5000/5000
f 4998/4998 5000/5000 5001/5001
f 4998/4998 5001/5001 5002/5002
f 4998/4998 5002/5002 5003/5003
f 4998/4998 5003/5003 5004/5004
f 5005/5005 5006/5006 5013/5013
f 5005/5005 5013/5013 5012/5012
f 5006/5006 5007/5007 5014/5014
f 5006/5006 5014/5014 5013/5013
f 5007/5007 5008/5008 5015/5015
f 5007/5007 5015/5015 5014/5014
f 5008/5008 5009/5009 5016/5016
f 5008/5008 5016/5016 5015/5015
f 5009/5009 5010/5010 5017/5017
f 5009/5009 5017/5017 5016/5016
f 5010/5010 5011/5011 5018/5018
f 5010/5010 5018/5018 5017/5017
f 5011/5011 5005/5005 5012/5012
f 5011/5011 5012/5012 5018/5018
f 5011/5011 5010/5010 5009/5009
f 5011/5011 5009/5009 5008/5008
f 5011/5011 5008/5008 5007/5007
f 5011/5011 5007/5007 5006/5006
f 5011/5011 5006/5006 5005/5005
f 5012/5012 5013/5013 5014/5014
f 5012/5012 5014/5014 5015/5015
f 5012/5012 5015/5015 5016/5016
f 5012/5012 5016/5016 5017/5017
f 5012/5012 5017/5017 5018/5018
f 5019/5019 5020/5020 5027/5027
f 5019/5019 5027/5027 5026/5026
f 5020/5020 5021/5021 5028/5028
f 5020/5020 5028/5028 5027/5027
f 5021/5021 5022/5022 5029/5029
f 5021/5021 5029/5029 5028/5028
f 5022/5022 5023/5023 5030/5030
f 5022/5022 5030/5030 5029/5029
f 5023/5023 5024/5024 5031/5031
f 5023/5023 5031/5031 5030/5030
f 5024/5024 5025/5025 5032/5032
f 5024/5024 5032/5032 5031/5031
f 5025/5025 5019/5019 5026/5026
f 5025/5025 5026/5026 5032/5032
f 5025/5025 5024/5024 5023/5023
f 5025/5025 5023/5023 5022/5022
f 5025/5025 5022/5022 5021/5021
f 5025/5025 5021/5021 5020/5020
f 5025/5025 5020/5020 5019/5019
f 5026/5026 5027/5027 5028/5028
f 5026/5026 5028/5028 5029/5029
f 5026/5026 5029/5029 5030/5030
f 5026/5026 5030/5030 5031/5031
f 5026/5026 5031/5031 5032/5032
f 5033/5033 5034/5034 5041/5041
f 5033/5033 5041/5041 5040/5040
f 5034/5034 5035/5035 5042/5042
f 5034/5034 5042/5042 5041/5041
f 5035/5035 5036/5036 5043/5043
f 5035/5035 5043/5043 5042/5042
f 5036/5036 5037/5037 5044/5044
f 5036/5036 5044/5044 5043/5043
f 5037/5037 5038/5038 5045/5045
f 5037/5037 5045/5045 5044/5044
f 5038/5038 5039/5039 5046/5046
f 5038/5038 5046/5046 5045/5045
f 5039/5039 5033/5033 5040/5040
f 5039/5039 5040/5040 5046/5046
f 5039/5039 5038/5038 5037/5037
f 5039/5039 5037/5037 5036/5036
f 5039/5039 5036/5036 5035/5035
f 5039/5039 5035/5035 5034/5034
f 5039/5039 5034/5034 5033/5033
f 5040/5040 5041/5041 5042/5042
f 5040/5040 5042/5042 5043/5043
f 5040/5040 5043/5043 5044/5044
f 5040/5040 5044/5044 5045/5045
f 5040/5040 5045/5045 5046/5046
f 5047/5047 5048/5048 5057/5057
f 5047/5047 5057/5057 5056/5056
f 5048/5048 5049/5049 5058/5058
f 5048/5048 5058/5058 5057/5057
f 5049/5049 5050/5050 5059/5059
f 5049/5049 5059/5059 5058/5058
f 5050/5050 5051/5051 5060/5060
f 5050/5050 5060/5060 5059/5059
f 5051/5051 5052/5052 5061/5061
f 5051/5051 5061/5061 5060/5060
f 5052/5052 5053/5053 5062/5062
f 5052/5052 5062/5062 5061/5061
f 5053/5053 5054/5054 5063/5063
f 5053/5053 5063/5063 5062/5062
f 5054/5054 5055/5055 5064/5064
f 5054/5054 5064/5064 5063/5063
f 5055/5055 5047/5047 5056/5056
f 5055/5055 5056/5056 5064/5064
f 5055/5055 5054/5054 5053/5053
f 5055/5055 5053/5053 5052/5052
f 5055/5055 5052/5052 5051/5051
f 5055/5055 5051/5051 5050/5050
f 5055/5055 5050/5050 5049/5049
f 5055/5055 5049/5049 5048/5048
f 5055/5055 5048/5048 5047/5047
f 5056/5056 5057/5057 5058/5058
f 5056/5056 5058/5058 5059/5059
f 5056/5056 5059/5059 5060/5060
f 5056/5056 5060/5060 5061/5061
f 5056/5056 5061/5061 5062/5062
f 5056/5056 5062/5062 5063/5063
f 5056/5056 5063/5063 5064/5064
f 5065/5065 5066/5066 5075/5075
f 5065/5065 5075/5075 5074/5074
f 5066/5066 5067/5067 5076/5076
f 5066/5066 5076/5076 5075/5075
f 5067/5067 5068/5068 5077/5077
f 5067/5067 5077/5077 5076/5076
f 5068/5068 5069/5069 5078/5078
f 5068/5068 5078/5078 5077/5077
f 5069/5069 5070/5070 5079/5079
f 5069/5069 5079/5079 5078/5078
f 5070/5070 5071/5071 5080/5080
f 5070/5070 5080/5080 5079/5079
f 5071/5071 5072/5072 5081/5081
f 5071/5071 5081/5081 5080/5080
f 5072/5072 5073/5073 5082/5082
f 5072/5072 5082/5082 5081/5081
f 5073/5073 5065/5065 5074/5074
f 5073/5073 5074/5074 5082/5082
f 5073/5073 5072/5072 5071/5071
f 5073/5073 5071/5071 5070/5070
f 5073/5073 5070/5070 5069/5069
f 5073/5073 5069/5069 5068/5068
f 5073/5073 5068/5068 5067/5067
f 5073/5073 5067/5067 5066/5066
f 5073/5073 5066/5066 5065/5065
f 5074/5074 5075/5075 5076/5076
f 5074/5074 5076/5076 5077/5077
f 5074/5074 5077/5077 5078/5078
f 5074/5074 5078/5078 5079/5079
f 5074/5074 5079/5079 5080/5080
f 5074/5074 5080/5080 5081/5081
f 5074/5074 5081/5081 5082/5082
f 5083/5083 5084/5084 5093/5093
f 5083/5083 5093/5093 5092/5092
f 5084/5084 5085/5085 5094/5094
f 5084/5084 5094/5094 5093/5093
f 5085/5085 5086/5086 5095/5095
f 5085/5085 5095/5095 5094/5094
f 5086/5086 5087/5087 5096/5096
f 5086/5086 5096/5096 5095/5095
f 5087/5087 5088/5088 5097/5097
f 5087/5087 5097/5097 5096/5096
f 5088/5088 5089/5089 5098/5098
f 5088/5088 5098/5098 5097/5097
f 5089/5089 5090/5090 5099/5099
f 5089/5089 5099/5099 5098/5098
f 5090/5090 5091/5091 5100/5100
f 5090/5090 5100/5100 5099/5099
f 5091/5091 5083/5083 5092/5092
f 5091/5091 5092/5092 5100/5100
f 5091/5091 5090/5090 5089/5089
f 5091/5091 5089/5089 5088/5088
f 5091/5091 5088/5088 5087/5087
f 5091/5091 5087/5087 5086/5086
f 5091/5091 5086/5086 5085/5085
f 5091/5091 5085/5085 5084/5084
f 5091/5091 5084/5084 5083/5083
f 5092/5092 5093/5093 5094/5094
f 5092/5092 5094/5094 5095/5095
f 5092/5092 5095/5095 5096/5096
f 5092/5092 5096/5096 5097/5097
f 5092/5092 5097/5097 5098/5098
f 5092/5092 5098/5098 5099/5099
f 5092/5092 5099/5099 5100/5100
f 5101/5101 5102/5102 5111/5111
f 5101/5101 5111/5111 5110/5110
f 5102/5102 5103/5103 5112/5112
f 5102/5102 5112/5112 5111/5111
f 5103/5103 5104/5104 5113/5113
f 5103/5103 5113/5113 5112/5112
f 5104/5104 5105/5105 5114/5114
f 5104/5104 5114/5114 5113/5113
f 5105/5105 5106/5106 5115/5115
f 5105/5105 5115/5115 5114/5114
f 5106/5106 5107/5107 5116/5116
f 5106/5106 5116/5116 5115/5115
f 5107/5107 5108/5108 5117/5117
f 5107/5107 5117/5117 5116/5116
f 5108/5108 5109/5109 5118/5118
f 5108/5108 5118/5118 5117/5117
f 5109/5109 5101/5101 5110/5110
f 5109/5109 5110/5110 5118/5118
f 5109/5109 5108/5108 5107/5107
f 5109/5109 5107/5107 5106/5106
f 5109/5109 5106/5106 5105/5105
f 5109/5109 5105/5105 5104/5104
f 5109/5109 5104/5104 5103/5103
f 5109/5109 5103/5103 5102/5102
f 5109/5109 5102/5102 5101/5101
f 5110/5110 5111/5111 5112/5112
f 5110/5110 5112/5112 5113/5113
f 5110/5110 5113/5113 5114/5114
f 5110/5110 5114/5114 5115/5115
f 5110/5110 5115/5115 5116/5116
f 5110/5110 5116/5116 5117/5117
f 5110/5110 5117/5117 5118/5118
f 5119/5119 5120/5120 5129/5129
f 5119/5119 5129/5129 5128/5128
f 5120/5120 5121/5121 5130/5130
f 5120/5120 5130/5130 5129/5129
f 5121/5121 5122/5122 5131/5131
f 5121/5121 5131/5131 5130/5130
f 5122/5122 5123/5123 5132/5132
f 5122/5122 5132/5132 5131/5131
f 5123/5123 5124/5124 5133/5133
f 5123/5123 5133/5133 5132/5132
f 5124/5124 5125/5125 5134/5134
f 5124/5124 5134/5134 5133/5133
f 5125/5125 5126/5126 5135/5135
f 5125/5125 5135/5135 5134/5134
f 5126/5126 5127/5127 5136/5136
f 5126/5126 5136/5136 5135/5135
f 5127/5127 5119/5119 5128/5128
f 5127/5127 5128/5128 5136/5136
f 5127/5127 5126/5126 5125/5125
f 5127/5127 5125/5125 5124/5124
f 5127/5127 5124/5124 5123/5123
f 5127/5127 5123/5123 5122/5122
f 5127/5127 5122/5122 5121/5121
f 5127/5127 5121/5121 5120/5120
f 5127/5127 5120/5120 5119/5119
f 5128/5128 5129/5129 5130/5130
f 5128/5128 5130/5130 5131/5131
f 5128/5128 5131/5131 5132/5132
f 5128/5128 5132/5132 5133/5133
f 5128/5128 5133/5133 5134/5134
f 5128/5128 5134/5134 5135/5135
f 5128/5128 5135/5135 5136/5136
f 5137/5137 5138/5138 5147/5147
f 5137/5137 5147/5147 5146/5146
f 5138/5138 5139/5139 5148/5148
f 5138/5138 5148/5148 5147/5147
f 5139/5139 5140/5140 5149/5149
f 5139/5139 5149/5149 5148/5148
f 5140/5140 5141/5141 5150/5150
f 5140/5140 5150/5150 5149/5149
f 5141/5141 5142/5142 5151/5151
f 5141/5141 5151/5151 5150/5150
f 5142/5142 5143/5143 5152/5152
f 5142/5142 5152/5152 5151/5151
f 5143/5143 5144/5144 5153/5153
f 5143/5143 5153/5153 5152/5152
f 5144/5144 5145/5145 5154/5154
f 5144/5144 5154/5154 5153/5153
f 5145/5145 5137/5137 5146/5146
f 5145/5145 5146/5146 5154/5154
f 5145/5145 5144/5144 5143/5143
f 5145/5145 5143/5143 5142/5142
f 5145/5145 5142/5142 5141/5141
f 5145/5145 5141/5141 5140/5140
f 5145/5145 5140/5140 5139/5139
f 5145/5145 5139/5139 5138/5138
f 5145/5145 5138/5138 5137/5137
f 5146/5146 5147/5147 5148/5148
f 5146/5146 5148/5148 5149/5149
f 5146/5146 5149/5149 5150/5150
f 5146/5146 5150/5150 5151/5151
f 5146/5146 5151/5151 5152/5152
f 5146/5146 5152/5152 5153/5153
f 5146/5146 5153/5153 5154/5154
f 5155/5155 5156/5156 5165/5165
f 5155/5155 5165/5165 5164/5164
f 5156/5156 5157/5157 5166/5166
f 5156/5156 5166/5166 5165/5165
f 5157/5157 5158/5158 5167/5167
f 5157/5157 5167/5167 5166/5166
f 5158/5158 5159/5159 5168/5168
f 5158/5158 5168/5168 5167/5167
f 5159/5159 5160/5160 5169/5169
f 5159/5159 5169/5169 5168/5168
f 5160/5160 5161/5161 5170/5170
f 5160/5160 5170/5170 5169/5169
f 5161/5161 5162/5162 5171/5171
f 5161/5161 5171/5171 5170/5170
f 5162/5162 5163/5163 5172/5172
f 5162/5162 5172/5172 5171/5171
f 5163/5163 5155/5155 5164/5164
f 5163/5163 5164/5164 5172/5172
f 5163/5163 5162/5162 5161/5161
f 5163/5163 5161/5161 5160/5160
f 5163/5163 5160/5160 5159/5159
f 5163/5163 5159/5159 5158/5158
f 5163/5163 5158/5158 5157/5157
f 5163/5163 5157/5157 5156/5156
f 5163/5163 5156/5156 5155/5155
f 5164/5164 5165/5165 5166/5166
f 5164/5164 5166/5166 5167/5167
f 5164/5164 5167/5167 5168/5168
f 5164/5164 5168/5168 5169/5169
f 5164/5164 5169/5169 5170/5170
f 5164/5164 5170/5170 5171/5171
f 5164/5164 5171/5171 5172/5172
f 5173/5173 5174/5174 5183/5183
f 5173/5173 5183/5183 5182/5182
f 5174/5174 5175/5175 5184/5184
f 5174/5174 5184/5184 5183/5183
f 5175/5175 5176/5176 5185/5185
f 5175/5175 5185/5185 5184/5184
f 5176/5176 5177/5177 5186/5186
f 5176/5176 5186/5186 5185/5185
f 5177/5177 5178/5178 5187/5187
f 5177/5177 5187/5187 5186/5186
f 5178/5178 5179/5179 5188/5188
f 5178/5178 5188/5188 5187/5187
f 5179/5179 5180/5180 5189/5189
f 5179/5179 5189/5189 5188/5188
f 5180/5180 5181/5181 5190/5190
f 5180/5180 5190/5190 5189/5189
f 5181/5181 5173/5173 5182/5182
f 5181/5181 5182/5182 5190/5190
f 5181/5181 5180/5180 5179/5179
f 5181/5181 5179/5179 5178/5178
f 5181/5181 5178/5178 5177/5177
f 5181/5181 5177/5177 5176/5176
f 5181/5181 5176/5176 5175/5175
f 5181/5181 5175/5175 5174/5174
f 5181/5181 5174/5174 5173/5173
f 5182/5182 5183/5183 5184/5184
f 5182/5182 5184/5184 5185/5185
f 5182/5182 5185/5185 5186/5186
f 5182/5182 5186/5186 5187/5187
f 5182/5182 5187/5187 5188/5188
f 5182/5182 5188/5188 5189/5189
f 5182/5182 5189/5189 5190/5190
f 5191/5191 5192/5192 5201/5201
f 5191/5191 5201/5201 5200/5200
f 5192/5192 5193/5193 5202/5202
f 5192/5192 5202/5202 5201/5201
f 5193/5193 5194/5194 5203/5203
f 5193/5193 5203/5203 5202/5202
f 5194/5194 5195/5195 5204/5204
f 5194/5194 5204/5204 5203/5203
f 5195/5195 5196/5196 5205/5205
f 5195/5195 5205/5205 5204/5204
f 5196/5196 5197/5197 5206/5206
f 5196/5196 5206/5206 5205/5205
f 5197/5197 5198/5198 5207/5207
f 5197/5197 5207/5207 5206/5206
f 5198/5198 5199/5199 5208/5208
f 5198/5198 5208/5208 5207/5207
f 5199/5199 5191/5191 5200/5200
f 5199/5199 5200/5200 5208/5208
f 5199/5199 5198/5198 5197/5197
f 5199/5199 5197/5197 5196/5196
f 5199/5199 5196/5196 5195/5195
f 5199/5199 5195/5195 5194/5194
f 5199/5199 5194/5194 5193/5193
f 5199/5199 5193/5193 5192/5192
f 5199/5199 5192/5192 5191/5191
f 5200/5200 5201/5201 5202/5202
f 5200/5200 5202/5202 5203/5203
f 5200/5200 5203/5203 5204/5204
f 5200/5200 5204/5204 5205/5205
f 5200/5200 5205/5205 5206/5206
f 5200/5200 5206/5206 5207/5207
f 5200/5200 5207/5207 5208/5208
f 5209/5209 5210/5210 5219/5219
f 5209/5209 5219/5219 5218/5218
f 5210/5210 5211/5211 5220/5220
f 5210/5210 5220/5220 5219/5219
f 5211/5211 5212/5212 5221/5221
f 5211/5211 5221/5221 5220/5220
f 5212/5212 5213/5213 5222/5222
f 5212/5212 5222/5222 5221/5221
f 5213/5213 5214/5214 5223/5223
f 5213/5213 5223/5223 5222/5222
f 5214/5214 5215/5215 5224/5224
f 5214/5214 5224/5224 5223/5223
f 5215/5215 5216/5216 5225/5225
f 5215/5215 5225/5225 5224/5224
f 5216/5216 5217/5217 5226/5226
f 5216/5216 5226/5226 5225/5225
f 5217/5217 5209/5209 5218/5218
f 5217/5217 5218/5218 5226/5226
f 5217/5217 5216/5216 5215/5215
f 5217/5217 5215/5215 5214/5214
f 5217/5217 5214/5214 5213/5213
f 5217/5217 5213/5213 5212/5212
f 5217/5217 5212/5212 5211/5211
f 5217/5217 5211/5211 5210/5210
f 5217/5217 5210/5210 5209/5209
f 5218/5218 5219/5219 5220/5220
f 5218/5218 5220/5220 5221/5221
f 5218/5218 5221/5221 5222/5222
f 5218/5218 5222/5222 5223/5223
f 5218/5218 5223/5223 5224/5224
f 5218/5218 5224/5224 5225/5225
f 5218/5218 5225/5225 5226/5226
f 5227/5227 5228/5228 5237/5237
f 5227/5227 5237/5237 5236/5236
f 5228/5228 5229/5229 5238/5238
f 5228/5228 5238/5238 5237/5237
f 5229/5229 5230/5230 5239/5239
f 5229/5229 5239/5239 5238/5238
f 5230/5230 5231/5231 5240/5240
f 5230/5230 5240/5240 5239/5239
f 5231/5231 5232/5232 5241/5241
f 5231/5231 5241/5241 5240/5240
f 5232/5232 5233/5233 5242/5242
f 5232/5232 5242/5242 5241/5241
f 5233/5233 5234/5234 5243/5243
f 5233/5233 5243/5243 5242/5242
f 5234/5234 5235/5235 5244/5244
f 5234/5234 5244/5244 5243/5243
f 5235/5235 5227/5227 5236/5236
f 5235/5235 5236/5236 5244/5244
f 5235/5235 5234/5234 5233/5233
f 5235/5235 5233/5233 5232/5232
f 5235/5235 5232/5232 5231/5231
f 5235/5235 5231/5231 5230/5230
f 5235/5235 5230/5230 5229/5229
f 5235/5235 5229/5229 5228/5228
f 5235/5235 5228/5228 5227/5227
f 5236/5236 5237/5237 5238/5238
f 5236/5236 5238/5238 5239/5239
f 5236/5236 5239/5239 5240/5240
f 5236/5236 5240/5240 5241/5241
f 5236/5236 5241/5241 5242/5242
f 5236/5236 5242/5242 5243/5243
f 5236/5236 5243/5243 5244/5244
f 5245/5245 5246/5246 5255/5255
f 5245/5245 5255/5255 5254/5254
f 5246/5246 5247/5247 5256/5256
f 5246/5246 5256/5256 5255/5255
f 5247/5247 5248/5248 5257/5257
f 5247/5247 5257/5257 5256/5256
f 5248/5248 5249/5249 5258/5258
f 5248/5248 5258/5258 5257/5257
f 5249/5249 5250/5250 5259/5259
f 5249/5249 5259/5259 5258/5258
f 5250/5250 5251/5251 5260/5260
f 5250/5250 5260/5260 5259/5259
f 5251/5251 5252/5252 5261/5261
f 5251/5251 5261/5261 5260/5260
f 5252/5252 5253/5253 5262/5262
f 5252/5252 5262/5262 5261/5261
f 5253/5253 5245/5245 5254/5254
f 5253/5253 5254/5254 5262/5262
f 5253/5253 5252/5252 5251/5251
f 5253/5253 5251/5251 5250/5250
f 5253/5253 5250/5250 5249/5249
f 5253/5253 5249/5249 5248/5248
f 5253/5253 5248/5248 5247/5247
f 5253/5253 5247/5247 5246/5246
f 5253/5253 5246/5246 5245/5245
f 5254/5254 5255/5255 5256/5256
f 5254/5254 5256/5256 5257/5257
f 5254/5254 5257/5257 5258/5258
f 5254/5254 5258/5258 5259/5259
f 5254/5254 5259/5259 5260/5260
f 5254/5254 5260/5260 5261/5261
f 5254/5254 5261/5261 5262/5262
f 5263/5263 5264/5264 5273/5273
f 5263/5263 5273/5273 5272/5272
f 5264/5264 5265/5265 5274/5274
f 5264/5264 5274/5274 5273/5273
f 5265/5265 5266/5266 5275/5275
f 5265/5265 5275/5275 5274/5274
f 5266/5266 5267/5267 5276/5276
f 5266/5266 5276/5276 5275/5275
f 5267/5267 5268/5268 5277/5277
f 5267/5267 5277/5277 5276/5276
f 5268/5268 5269/5269 5278/5278
f 5268/5268 5278/5278 5277/5277
f 5269/5269 5270/5270 5279/5279
f 5269/5269 5279/5279 5278/5278
f 5270/5270 5271/5271 5280/5280
f 5270/5270 5280/5280 5279/5279
f 5271/5271 5263/5263 5272/5272
f 5271/5271 5272/5272 5280/5280
f 5271/5271 5270/5270 5269/5269
f 5271/5271 5269/5269 5268/5268
f 5271/5271 5268/5268 5267/5267
f 5271/5271 5267/5267 5266/5266
f 5271/5271 5266/5266 5265/5265
f 5271/5271 5265/5265 5264/5264
f 5271/5271 5264/5264 5263/5263
f 5272/5272 5273/5273 5274/5274
f 5272/5272 5274/5274 5275/5275
f 5272/5272 5275/5275 5276/5276
f 5272/5272 5276/5276 5277/5277
f 5272/5272 5277/5277 5278/5278
f 5272/5272 5278/5278 5279/5279
f 5272/5272 5279/5279 5280/5280
f 5281/5281 5282/5282 5291/5291
f 5281/5281 5291/5291 5290/5290
f 5282/5282 5283/5283 5292/5292
f 5282/5282 5292/5292 5291/5291
f 5283/5283 5284/5284 5293/5293
f 5283/5283 5293/5293 5292/5292
f 5284/5284 5285/5285 5294/5294
f 5284/5284 5294/5294 5293/5293
f 5285/5285 5286/5286 5295/5295
f 5285/5285 5295/5295 5294/5294
f 5286/5286 5287/5287 5296/5296
f 5286/5286 5296/5296 5295/5295
f 5287/5287 5288/5288 5297/5297
f 5287/5287 5297/5297 5296/5296
f 5288/5288 5289/5289 5298/5298
f 5288/5288 5298/5298 5297/5297
f 5289/5289 5281/5281 5290/5290
f 5289/5289 5290/5290 5298/5298
f 5289/5289 5288/5288 5287/5287
f 5289/5289 5287/5287 5286/5286
f 5289/5289 5286/5286 5285/5285
f 5289/5289 5285/5285 5284/5284
f 5289/5289 5284/5284 5283/5283
f 5289/5289 5283/5283 5282/5282
f 5289/5289 5282/5282 5281/5281
f 5290/5290 5291/5291 5292/5292
f 5290/5290 5292/5292 5293/5293
f 5290/5290 5293/5293 5294/5294
f 5290/5290 5294/5294 5295/5295
f 5290/5290 5295/5295 5296/5296
f 5290/5290 5296/5296 5297/5297
f 5290/5290 5297/5297 5298/5298
f 5299/5299 5300/5300 5309/5309
f 5299/5299 5309/5309 5308/5308
f 5300/5300 5301/5301 5310/5310
f 5300/5300 5310/5310 5309/5309
f 5301/5301 5302/5302 5311/5311
f 5301/5301 5311/5311 5310/5310
f 5302/5302 5303/5303 5312/5312
f 5302/5302 5312/5312 5311/5311
f 5303/5303 5304/5304 5313/5313
f 5303/5303 5313/5313 5312/5312
f 5304/5304 5305/5305 5314/5314
f 5304/5304 5314/5314 5313/5313
f 5305/5305 5306/5306 5315/5315
f 5305/5305 5315/5315 5314/5314
f 5306/5306 5307/5307 5316/5316
f 5306/5306 5316/5316 5315/5315
f 5307/5307 5299/5299 5308/5308
f 5307/5307 5308/5308 5316/5316
f 5307/5307 5306/5306 5305/5305
f 5307/5307 5305/5305 5304/5304
f 5307/5307 5304/5304 5303/5303
f 5307/5307 5303/5303 5302/5302
f 5307/5307 5302/5302 5301/5301
f 5307/5307 5301/5301 5300/5300
f 5307/5307 5300/5300 5299/5299
f 5308/5308 5309/5309 5310/5310
f 5308/5308 5310/5310 5311/5311
f 5308/5308 5311/5311 5312/5312
f 5308/5308 5312/5312 5313/5313
f 5308/5308 5313/5313 5314/5314
f 5308/5308 5314/5314 5315/5315
f 5308/5308 5315/5315 5316/5316
f 5317/5317 5318/5318 5326/5326
f 5317/5317 5326/5326 5325/5325
f 5318/5318 5319/5319 5327/5327
f 5318/5318 5327/5327 5326/5326
f 5319/5319 5320/5320 5328/5328
f 5319/5319 5328/5328 5327/5327
f 5320/5320 5321/5321 5329/5329
f 5320/5320 5329/5329 5328/5328
f 5321/5321 5322/5322 5330/5330
f 5321/5321 5330/5330 5329/5329
f 5322/5322 5323/5323 5331/5331
f 5322/5322 5331/5331 5330/5330
f 5323/5323 5324/5324 5332/5332
f 5323/5323 5332/5332 5331/5331
f 5324/5324 5317/5317 5325/5325
f 5324/5324 5325/5325 5332/5332
f 5324/5324 5323/5323 5322/5322
f 5324/5324 5322/5322 5321/5321
f 5324/5324 5321/5321 5320/5320
f 5324/5324 5320/5320 5319/5319
f 5324/5324 5319/5319 5318/5318
f 5324/5324 5318/5318 5317/5317
f 5325/5325 5326/5326 5327/5327
f 5325/5325 5327/5327 5328/5328
f 5325/5325 5328/5328 5329/5329
f 5325/5325 5329/5329 5330/5330
f 5325/5325 5330/5330 5331/5331
f 5325/5325 5331/5331 5332/5332
f 5333/5333 5334/5334 5342/5342
f 5333/5333 5342/5342 5341/5341
f 5334/5334 5335/5335 5343/5343
f 5334/5334 5343/5343 5342/5342
f 5335/5335 5336/5336 5344/5344
f 5335/5335 5344/5344 5343/5343
f 5336/5336 5337/5337 5345/5345
f 5336/5336 5345/5345 5344/5344
f 5337/5337 5338/5338 5346/5346
f 5337/5337 5346/5346 5345/5345
f 5338/5338 5339/5339 5347/5347
f 5338/5338 5347/5347 5346/5346
f 5339/5339 5340/5340 5348/5348
f 5339/5339 5348/5348 5347/5347
f 5340/5340 5333/5333 5341/5341
f 5340/5340 5341/5341 5348/5348
f 5340/5340 5339/5339 5338/5338
f 5340/5340 5338/5338 5337/5337
f 5340/5340 5337/5337 5336/5336
f 5340/5340 5336/5336 5335/5335
f 5340/5340 5335/5335 5334/5334
f 5340/5340 5334/5334 5333/5333
f 5341/5341 5342/5342 5343/5343
f 5341/5341 5343/5343 5344/5344
f 5341/5341 5344/5344 5345/5345
f 5341/5341 5345/5345 5346/5346
f 5341/5341 5346/5346 5347/5347
f 5341/5341 5347/5347 5348/5348
f 5349/5349 5350/5350 5357/5357
f 5349/5349 5357/5357 5356/5356
f 5350/5350 5351/5351 5358/5358
f 5350/5350 5358/5358 5357/5357
f 5351/5351 5352/5352 5359/5359
f 5351/5351 5359/5359 5358/5358
f 5352/5352 5353/5353 5360/5360
f 5352/5352 5360/5360 5359/5359
f 5353/5353 5354/5354 5361/5361
f 5353/5353 5361/5361 5360/5360
f 5354/5354 5355/5355 5362/5362
f 5354/5354 5362/5362 5361/5361
f 5355/5355 5349/5349 5356/5356
f 5355/5355 5356/5356 5362/5362
f 5355/5355 5354/5354 5353/5353
f 5355/5355 5353/5353 5352/5352
f 5355/5355 5352/5352 5351/5351
f 5355/5355 5351/5351 5350/5350
f 5355/5355 5350/5350 5349/5349
f 5356/5356 5357/5357 5358/5358
f 5356/5356 5358/5358 5359/5359
f 5356/5356 5359/5359 5360/5360
f 5356/5356 5360/5360 5361/5361
f 5356/5356 5361/5361 5362/5362
f 5363/5363 5364/5364 5371/5371
f 5363/5363 5371/5371 5370/5370
f 5364/5364 5365/5365 5372/5372
f 5364/5364 5372/5372 5371/5371
f 5365/5365 5366/5366 5373/5373
f 5365/5365 5373/5373 5372/5372
f 5366/5366 5367/5367 5374/5374
f 5366/5366 5374/5374 5373/5373
f 5367/5367 5368/5368 5375/5375
f 5367/5367 5375/5375 5374/5374
f 5368/5368 5369/5369 5376/5376
f 5368/5368 5376/5376 5375/5375
f 5369/5369 5363/5363 5370/5370
f 5369/5369 5370/5370 5376/5376
f 5369/5369 5368/5368 5367/5367
f 5369/5369 5367/5367 5366/5366
f 5369/5369 5366/5366 5365/5365
f 5369/5369 5365/5365 5364/5364
f 5369/5369 5364/5364 5363/5363
f 5370/5370 5371/5371 5372/5372
f 5370/5370 5372/5372 5373/5373
f 5370/5370 5373/5373 5374/5374
f 5370/5370 5374/5374 5375/5375
f 5370/5370 5375/5375 5376/5376
f 5377/5377 5378/5378 5385/5385
f 5377/5377 5385/5385 5384/5384
f 5378/5378 5379/5379 5386/5386
f 5378/5378 5386/5386 5385/5385
f 5379/5379 5380/5380 5387/5387
f 5379/5379 5387/5387 5386/5386
f 5380/5380 5381/5381 5388/5388
f 5380/5380 5388/5388 5387/5387
f 5381/5381 5382/5382 5389/5389
f 5381/5381 5389/5389 5388/5388
f 5382/5382 5383/5383 5390/5390
f 5382/5382 5390/5390 5389/5389
f 5383/5383 5377/5377 5384/5384
f 5383/5383 5384/5384 5390/5390
f 5383/5383 5382/5382 5381/5381
f 5383/5383 5381/5381 5380/5380
f 5383/5383 5380/5380 5379/5379
f 5383/5383 5379/5379 5378/5378
f 5383/5383 5378/5378 5377/5377
f 5384/5384 5385/5385 5386/5386
f 5384/5384 5386/5386 5387/5387
f 5384/5384 5387/5387 5388/5388
f 5384/5384 5388/5388 5389/5389
f 5384/5384 5389/5389 5390/5390
f 5391/5391 5392/5392 5399/5399
f 5391/5391 5399/5399 5398/5398
f 5392/5392 5393/5393 5400/5400
f 5392/5392 5400/5400 5399/5399
f 5393/5393 5394/5394 5401/5401
f 5393/5393 5401/5401 5400/5400
f 5394/5394 5395/5395 5402/5402
f 5394/5394 5402/5402 5401/5401
f 5395/5395 5396/5396 5403/5403
f 5395/5395 5403/5403 5402/5402
f 5396/5396 5397/5397 5404/5404
f 5396/5396 5404/5404 5403/5403
f 5397/5397 5391/5391 5398/5398
f 5397/5397 5398/5398 5404/5404
f 5397/5397 5396/5396 5395/5395
f 5397/5397 5395/5395 5394/5394
f 5397/5397 5394/5394 5393/5393
f 5397/5397 5393/5393 5392/5392
f 5397/5397 5392/5392 5391/5391
f 5398/5398 5399/5399 5400/5400
f 5398/5398 5400/5400 5401/5401
f 5398/5398 5401/5401 5402/5402
f 5398/5398 5402/5402 5403/5403
f 5398/5398 5403/5403 5404/5404
f 5405/5405 5406/5406 5413/5413
f 5405/5405 5413/5413 5412/5412
f 5406/5406 5407/5407 5414/5414
f 5406/5406 5414/5414 5413/5413
f 5407/5407 5408/5408 5415/5415
f 5407/5407 5415/5415 5414/5414
f 5408/5408 5409/5409 5416/5416
f 5408/5408 5416/5416 5415/5415
f 5409/5409 5410/5410 5417/5417
f 5409/5409 5417/5417 5416/5416
f 5410/5410 5411/5411 5418/5418
f 5410/5410 5418/5418 5417/5417
f 5411/5411 5405/5405 5412/5412
f 5411/5411 5412/5412 5418/5418
f 5411/5411 5410/5410 5409/5409
f 5411/5411 5409/5409 5408/5408
f 5411/5411 5408/5408 5407/5407
f 5411/5411 5407/5407 5406/5406
f 5411/5411 5406/5406 5405/5405
f 5412/5412 5413/5413 5414/5414
f 5412/5412 5414/5414 5415/5415
f 5412/5412 5415/5415 5416/5416
f 5412/5412 5416/5416 5417/5417
f 5412/5412 5417/5417 5418/5418
f 5419/5419 5420/5420 5427/5427
f 5419/5419 5427/5427 5426/5426
f 5420/5420 5421/5421 5428/5428
f 5420/5420 5428/5428 5427/5427
f 5421/5421 5422/5422 5429/5429
f 5421/5421 5429/5429 5428/5428
f 5422/5422 5423/5423 5430/5430
f 5422/5422 5430/5430 5429/5429
f 5423/5423 5424/5424 5431/5431
f 5423/5423 5431/5431 5430/5430
f 5424/5424 5425/5425 5432/5432
f 5424/5424 5432/5432 5431/5431
f 5425/5425 5419/5419 5426/5426
f 5425/5425 5426/5426 5432/5432
f 5425/5425 5424/5424 5423/5423
f 5425/5425 5423/5423 5422/5422
f 5425/5425 5422/5422 5421/5421
f 5425/5425 5421/5421 5420/5420
f 5425/5425 5420/5420 5419/5419
f 5426/5426 5427/5427 5428/5428
f 5426/5426 5428/5428 5429/5429
f 5426/5426 5429/5429 5430/5430
f 5426/5426 5430/5430 5431/5431
f 5426/5426 5431/5431 5432/5432
f 5433/5433 5434/5434 5441/5441
f 5433/5433 5441/5441 5440/5440
f 5434/5434 5435/5435 5442/5442
f 5434/5434 5442/5442 5441/5441
f 5435/5435 5436/5436 5443/5443
f 5435/5435 5443/5443 5442/5442
f 5436/5436 5437/5437 5444/5444
f 5436/5436 5444/5444 5443/5443
f 5437/5437 5438/5438 5445/5445
f 5437/5437 5445/5445 5444/5444
f 5438/5438 5439/5439 5446/5446
f 5438/5438 5446/5446 5445/5445
f 5439/5439 5433/5433 5440/5440
f 5439/5439 5440/5440 5446/5446
f 5439/5439 5438/5438 5437/5437
f 5439/5439 5437/5437 5436/5436
f 5439/5439 5436/5436 5435/5435
f 5439/5439 5435/5435 5434/5434
f 5439/5439 5434/5434 5433/5433
f 5440/5440 5441/5441 5442/5442
f 5440/5440 5442/5442 5443/5443
f 5440/5440 5443/5443 5444/5444
f 5440/5440 5444/5444 5445/5445
f 5440/5440 5445/5445 5446/5446
f 5447/5447 5448/5448 5455/5455
f 5447/5447 5455/5455 5454/5454
f 5448/5448 5449/5449 5456/5456
f 5448/5448 5456/5456 5455/5455
f 5449/5449 5450/5450 5457/5457
f 5449/5449 5457/5457 5456/5456
f 5450/5450 5451/5451 5458/5458
f 5450/5450 5458/5458 5457/5457
f 5451/5451 5452/5452 5459/5459
f 5451/5451 5459/5459 5458/5458
f 5452/5452 5453/5453 5460/5460
f 5452/5452 5460/5460 5459/5459
f 5453/5453 5447/5447 5454/5454
f 5453/5453 5454/5454 5460/5460
f 5453/5453 5452/5452 5451/5451
f 5453/5453 5451/5451 5450/5450
f 5453/5453 5450/5450 5449/5449
f 5453/5453 5449/5449 5448/5448
f 5453/5453 5448/5448 5447/5447
f 5454/5454 5455/5455 5456/5456
f 5454/5454 5456/5456 5457/5457
f 5454/5454 5457/5457 5458/5458
f 5454/5454 5458/5458 5459/5459
f 5454/5454 5459/5459 5460/5460
f 5461/5461 5462/5462 5469/5469
f 5461/5461 5469/5469 5468/5468
f 5462/5462 5463/5463 5470/5470
f 5462/5462 5470/5470 5469/5469
f 5463/5463 5464/5464 5471/5471
f 5463/5463 5471/5471 5470/5470
f 5464/5464 5465/5465 5472/5472
f 5464/5464 5472/5472 5471/5471
f 5465/5465 5466/5466 5473/5473
f 5465/5465 5473/5473 5472/5472
f 5466/5466 5467/5467 5474/5474
f 5466/5466 5474/5474 5473/5473
f 5467/5467 5461/5461 5468/5468
f 5467/5467 5468/5468 5474/5474
f 5467/5467 5466/5466 5465/5465
f 5467/5467 5465/5465 5464/5464
f 5467/5467 5464/5464 5463/5463
f 5467/5467 5463/5463 5462/5462
f 5467/5467 5462/5462 5461/5461
f 5468/5468 5469/5469 5470/5470
f 5468/5468 5470/5470 5471/5471
f 5468/5468 5471/5471 5472/5472
f 5468/5468 5472/5472 5473/5473
f 5468/5468 5473/5473 5474/5474
f 5475/5475 5476/5476 5485/5485
f 5475/5475 5485/5485 5484/5484
f 5476/5476 5477/5477 5486/5486
f 5476/5476 5486/5486 5485/5485
f 5477/5477 5478/5478 5487/5487
f 5477/5477 5487/5487 5486/5486
f 5478/5478 5479/5479 5488/5488
f 5478/5478 5488/5488 5487/5487
f 5479/5479 5480/5480 5489/5489
f 5479/5479 5489/5489 5488/5488
f 5480/5480 5481/5481 5490/5490
f 5480/5480 5490/5490 5489/5489
f 5481/5481 5482/5482 5491/5491
f 5481/5481 5491/5491 5490/5490
f 5482/5482 5483/5483 5492/5492
f 5482/5482 5492/5492 5491/5491
f 5483/5483 5475/5475 5484/5484
f 5483/5483 5484/5484 5492/5492
f 5483/5483 5482/5482 5481/5481
f 5483/5483 5481/5481 5480/5480
f 5483/5483 5480/5480 5479/5479
f 5483/5483 5479/5479 5478/5478
f 5483/5483 5478/5478 5477/5477
f 5483/5483 5477/5477 5476/5476
f 5483/5483 5476/5476 5475/5475
f 5484/5484 5485/5485 5486/5486
f 5484/5484 5486/5486 5487/5487
f 5484/5484 5487/5487 5488/5488
f 5484/5484 5488/5488 5489/5489
f 5484/5484 5489/5489 5490/5490
f 5484/5484 5490/5490 5491/5491
f 5484/5484 5491/5491 5492/5492
f 5493/5493 5494/5494 5503/5503
f 5493/5493 5503/5503 5502/5502
f 5494/5494 5495/5495 5504/5504
f 5494/5494 5504/5504 5503/5503
f 5495/5495 5496/5496 5505/5505
f 5495/5495 5505/5505 5504/5504
f 5496/5496 5497/5497 5506/5506
f 5496/5496 5506/5506 5505/5505
f 5497/5497 5498/5498 5507/5507
f 5497/5497 5507/5507 5506/5506
f 5498/5498 5499/5499 5508/5508
f 5498/5498 5508/5508 5507/5507
f 5499/5499 5500/5500 5509/5509
f 5499/5499 5509/5509 5508/5508
f 5500/5500 5501/5501 5510/5510
f 5500/5500 5510/5510 5509/5509
f 5501/5501 5493/5493 5502/5502
f 5501/5501 5502/5502 5510/5510
f 5501/5501 5500/5500 5499/5499
f 5501/5501 5499/5499 5498/5498
f 5501/5501 5498/5498 5497/5497
f 5501/5501 5497/5497 5496/5496
f 5501/5501 5496/5496 5495/5495
f 5501/5501 5495/5495 5494/5494
f 5501/5501 5494/5494 5493/5493
f 5502/5502 5503/5503 5504/5504
f 5502/5502 5504/5504 5505/5505
f 5502/5502 5505/5505 5506/5506
f 5502/5502 5506/5506 5507/5507
f 5502/5502 5507/5507 5508/5508
f 5502/5502 5508/5508 5509/5509
f 5502/5502 5509/5509 5510/5510
f 5511/5511 5512/5512 5521/5521
f 5511/5511 5521/5521 5520/5520
f 5512/5512 5513/5513 5522/5522
f 5512/5512 5522/5522 5521/5521
f 5513/5513 5514/5514 5523/5523
f 5513/5513 5523/5523 5522/5522
f 5514/5514 5515/5515 5524/5524
f 5514/5514 5524/5524 5523/5523
f 5515/5515 5516/5516 5525/5525
f 5515/5515 5525/5525 5524/5524
f 5516/5516 5517/5517 5526/5526
f 5516/5516 5526/5526 5525/5525
f 5517/5517 5518/5518 5527/5527
f 5517/5517 5527/5527 5526/5526
f 5518/5518 5519/5519 5528/5528
f 5518/5518 5528/5528 5527/5527
f 5519/5519 5511/5511 5520/5520
f 5519/5519 5520/5520 5528/5528
f 5519/5519 5518/5518 5517/5517
f 5519/5519 5517/5517 5516/5516
f 5519/5519 5516/5516 5515/5515
f 5519/5519 5515/5515 5514/5514
f 5519/5519 5514/5514 5513/5513
f 5519/5519 5513/5513 5512/5512
f 5519/5519 5512/5512 5511/5511
f 5520/5520 5521/5521 5522/5522
f 5520/5520 5522/5522 5523/5523
f 5520/5520 5523/5523 5524/5524
f 5520/5520 5524/5524 5525/5525
f 5520/5520 5525/5525 5526/5526
f 5520/5520 5526/5526 5527/5527
f 5520/5520 5527/5527 5528/5528
f 5529/5529 5530/5530 5539/5539
f 5529/5529 5539/5539 5538/5538
f 5530/5530 5531/5531 5540/5540
f 5530/5530 5540/5540 5539/5539
f 5531/5531 5532/5532 5541/5541
f 5531/5531 5541/5541 5540/5540
f 5532/5532 5533/5533 5542/5542
f 5532/5532 5542/5542 5541/5541
f 5533/5533 5534/5534 5543/5543
f 5533/5533 5543/5543 5542/5542
f 5534/5534 5535/5535 5544/5544
f 5534/5534 5544/5544 5543/5543
f 5535/5535 5536/5536 5545/5545
f 5535/5535 5545/5545 5544/5544
f 5536/5536 5537/5537 5546/5546
f 5536/5536 5546/5546 5545/5545
f 5537/5537 5529/5529 5538/5538
f 5537/5537 5538/5538 5546/5546
f 5537/5537 5536/5536 5535/5535
f 5537/5537 5535/5535 5534/5534
f 5537/5537 5534/5534 5533/5533
f 5537/5537 5533/5533 5532/5532
f 5537/5537 5532/5532 5531/5531
f 5537/5537 5531/5531 5530/5530
f 5537/5537 5530/5530 5529/5529
f 5538/5538 5539/5539 5540/5540
f 5538/5538 5540/5540 5541/5541
f 5538/5538 5541/5541 5542/5542
f 5538/5538 5542/5542 5543/5543
f 5538/5538 5543/5543 5544/5544
f 5538/5538 5544/5544 5545/5545
f 5538/5538 5545/5545 5546/5546
f 5547/5547 5548/5548 5557/5557
f 5547/5547 5557/5557 5556/5556
f 5548/5548 5549/5549 5558/5558
f 5548/5548 5558/5558 5557/5557
f 5549/5549 5550/5550 5559/5559
f 5549/5549 5559/5559 5558/5558
f 5550/5550 5551/5551 5560/5560
f 5550/5550 5560/5560 5559/5559
f 5551/5551 5552/5552 5561/5561
f 5551/5551 5561/5561 5560/5560
f 5552/5552 5553/5553 5562/5562
f 5552/5552 5562/5562 5561/5561
f 5553/5553 5554/5554 5563/5563
f 5553/5553 5563/5563 5562/5562
f 5554/5554 5555/5555 5564/5564
f 5554/5554 5564/5564 5563/5563
f 5555/5555 5547/5547 5556/5556
f 5555/5555 5556/5556 5564/5564
f 5555/5555 5554/5554 5553/5553
f 5555/5555 5553/5553 5552/5552
f 5555/5555 5552/5552 5551/5551
f 5555/5555 5551/5551 5550/5550
f 5555/5555 5550/5550 5549/5549
f 5555/5555 5549/5549 5548/5548
f 5555/5555 5548/5548 5547/5547
f 5556/5556 5557/5557 5558/5558
f 5556/5556 5558/5558 5559/5559
f 5556/5556 5559/5559 5560/5560
f 5556/5556 5560/5560 5561/5561
f 5556/5556 5561/5561 5562/5562
f 5556/5556 5562/5562 5563/5563
f 5556/5556 5563/5563 5564/5564
f 5565/5565 5566/5566 5575/5575
f 5565/5565 5575/5575 5574/5574
f 5566/5566 5567/5567 5576/5576
f 5566/5566 5576/5576 5575/5575
f 5567/5567 5568/5568 5577/5577
f 5567/5567 5577/5577 5576/5576
f 5568/5568 5569/5569 5578/5578
f 5568/5568 5578/5578 5577/5577
f 5569/5569 5570/5570 5579/5579
f 5569/5569 5579/5579 5578/5578
f 5570/5570 5571/5571 5580/5580
f 5570/5570 5580/5580 5579/5579
f 5571/5571 5572/5572 5581/5581
f 5571/5571 5581/5581 5580/5580
f 5572/5572 5573/5573 5582/5582
f 5572/5572 5582/5582 5581/5581
f 5573/5573 5565/5565 5574/5574
f 5573/5573 5574/5574 5582/5582
f 5573/5573 5572/5572 5571/5571
f 5573/5573 5571/5571 5570/5570
f 5573/5573 5570/5570 5569/5569
f 5573/5573 5569/5569 5568/5568
f 5573/5573 5568/5568 5567/5567
f 5573/5573 5567/5567 5566/5566
f 5573/5573 5566/5566 5565/5565
f 5574/5574 5575/5575 5576/5576
f 5574/5574 5576/5576 5577/5577
f 5574/5574 5577/5577 5578/5578
f 5574/5574 5578/5578 5579/5579
f 5574/5574 5579/5579 5580/5580
f 5574/5574 5580/5580 5581/5581
f 5574/5574 5581/5581 5582/5582
f 5583/5583 5584/5584 5593/5593
f 5583/5583 5593/5593 5592/5592
f 5584/5584 5585/5585 5594/5594
f 5584/5584 5594/5594 5593/5593
f 5585/5585 5586/5586 5595/5595
f 5585/5585 5595/5595 5594/5594
f 5586/5586 5587/5587 5596/5596
f 5586/5586 5596/5596 5595/5595
f 5587/5587 5588/5588 5597/5597
f 5587/5587 5597/5597 5596/5596
f 5588/5588 5589/5589 5598/5598
f 5588/5588 5598/5598 5597/5597
f 5589/5589 5590/5590 5599/5599
f 5589/5589 5599/5599 5598/5598
f 5590/5590 5591/5591 5600/5600
f 5590/5590 5600/5600 5599/5599
f 5591/5591 5583/5583 5592/5592
f 5591/5591 5592/5592 5600/5600
f 5591/5591 5590/5590 5589/5589
f 5591/5591 5589/5589 5588/5588
f 5591/5591 5588/5588 5587/5587
f 5591/5591 5587/5587 5586/5586
f 5591/5591 5586/5586 5585/5585
f 5591/5591 5585/5585 5584/5584
f 5591/5591 5584/5584 5583/5583
f 5592/5592 5593/5593 5594/5594
f 5592/5592 5594/5594 5595/5595
f 5592/5592 5595/5595 5596/5596
f 5592/5592 5596/5596 5597/5597
f 5592/5592 5597/5597 5598/5598
f 5592/5592 5598/5598 5599/5599
f 5592/5592 5599/5599 5600/5600
f 5601/5601 5602/5602 5611/5611
f 5601/5601 5611/5611 5610/5610
f 5602/5602 5603/5603 5612/5612
f 5602/5602 5612/5612 5611/5611
f 5603/5603 5604/5604 5613/5613
f 5603/5603 5613/5613 5612/5612
f 5604/5604 5605/5605 5614/5614
f 5604/5604 5614/5614 5613/5613
f 5605/5605 5606/5606 5615/5615
f 5605/5605 5615/5615 5614/5614
f 5606/5606 5607/5607 5616/5616
f 5606/5606 5616/5616 5615/5615
f 5607/5607 5608/5608 5617/5617
f 5607/5607 5617/5617 5616/5616
f 5608/5608 5609/5609 5618/5618
f 5608/5608 5618/5618 5617/5617
f 5609/5609 5601/5601 5610/5610
f 5609/5609 5610/5610 5618/5618
f 5609/5609 5608/5608 5607/5607
f 5609/5609 5607/5607 5606/5606
f 5609/5609 5606/5606 5605/5605
f 5609/5609 5605/5605 5604/5604
f 5609/5609 5604/5604 5603/5603
f 5609/5609 5603/5603 5602/5602
f 5609/5609 5602/5602 5601/5601
f 5610/5610 5611/5611 5612/5612
f 5610/5610 5612/5612 5613/5613
f 5610/5610 5613/5613 5614/5614
f 5610/5610 5614/5614 5615/5615
f 5610/5610 5615/5615 5616/5616
f 5610/5610 5616/5616 5617/5617
f 5610/5610 5617/5617 5618/5618
f 5619/5619 5620/5620 5629/5629
f 5619/5619 5629/5629 5628/5628
f 5620/5620 5621/5621 5630/5630
f 5620/5620 5630/5630 5629/5629
f 5621/5621 5622/5622 5631/5631
f 5621/5621 5631/5631 5630/5630
f 5622/5622 5623/5623 5632/5632
f 5622/5622 5632/5632 5631/5631
f 5623/5623 5624/5624 5633/5633
f 5623/5623 5633/5633 5632/5632
f 5624/5624 5625/5625 5634/5634
f 5624/5624 5634/5634 5633/5633
f 5625/5625 5626/5626 5635/5635
f 5625/5625 5635/5635 5634/5634
f 5626/5626 5627/5627 5636/5636
f 5626/5626 5636/5636 5635/5635
f 5627/5627 5619/5619 5628/5628
f 5627/5627 5628/5628 5636/5636
f 5627/5627 5626/5626 5625/5625
f 5627/5627 5625/5625 5624/5624
f 5627/5627 5624/5624 5623/5623
f 5627/5627 5623/5623 5622/5622
f 5627/5627 5622/5622 5621/5621
f 5627/5627 5621/5621 5620/5620
f 5627/5627 5620/5620 5619/5619
f 5628/5628 5629/5629 5630/5630
f 5628/5628 5630/5630 5631/5631
f 5628/5628 5631/5631 5632/5632
f 5628/5628 5632/5632 5633/5633
f 5628/5628 5633/5633 5634/5634
f 5628/5628 5634/5634 5635/5635
f 5628/5628 5635/5635 5636/5636
f 5637/5637 5638/5638 5647/5647
f 5637/5637 5647/5647 5646/5646
f 5638/5638 5639/5639 5648/5648
f 5638/5638 5648/5648 5647/5647
f 5639/5639 5640/5640 5649/5649
f 5639/5639 5649/5649 5648/5648
f 5640/5640 5641/5641 5650/5650
f 5640/5640 5650/5650 5649/5649
f 5641/5641 5642/5642 5651/5651
f 5641/5641 5651/5651 5650/5650
f 5642/5642 5643/5643 5652/5652
f 5642/5642 5652/5652 5651/5651
f 5643/5643 5644/5644 5653/5653
f 5643/5643 5653/5653 5652/5652
f 5644/5644 5645/5645 5654/5654
f 5644/5644 5654/5654 5653/5653
f 5645/5645 5637/5637 5646/5646
f 5645/5645 5646/5646 5654/5654
f 5645/5645 5644/5644 5643/5643
f 5645/5645 5643/5643 5642/5642
f 5645/5645 5642/5642 5641/5641
f 5645/5645 5641/5641 5640/5640
f 5645/5645 5640/5640 5639/5639
f 5645/5645 5639/5639 5638/5638
f 5645/5645 5638/5638 5637/5637
f 5646/5646 5647/5647 5648/5648
f 5646/5646 5648/5648 5649/5649
f 5646/5646 5649/5649 5650/5650
f 5646/5646 5650/5650 5651/5651
f 5646/5646 5651/5651 5652/5652
f 5646/5646 5652/5652 5653/5653
f 5646/5646 5653/5653 5654/5654
