# Basketbroom original 3D environment. Centimetres, Z up.
o SM_BB_ENV_RR_DistantMesa
s 1
v -64957.01927 -66964.08758 7359.44819
v -64957.46964 -66953.43178 7431.65074
v -64961.40794 -66943.83438 7253.05316
v -64965.84625 -66934.83852 7249.01969
v -64974.37627 -66930.54338 6682.37514
v -64982.06876 -66927.47895 6331.08955
v -64987.15115 -66917.47526 7157.05083
v -64995.22789 -66910.56926 7745.59923
v -65004.42178 -66914.49808 7261.41969
v -65012.36297 -66919.23789 6929.90040
v -65019.80067 -66923.66229 6871.23518
v -65024.93412 -66931.44615 6533.48691
v -65031.88061 -66936.78521 6843.10234
v -65041.65378 -66942.22758 7737.23270
v -65043.53844 -66953.17921 7580.53897
v -65038.70014 -66964.08758 6741.04037
v -65037.36559 -66973.44937 6668.83782
v -65036.02713 -66982.99470 6847.43540
v -65031.92747 -66991.43008 6851.46887
v -65029.03144 -67002.09285 7418.11342
v -65022.90920 -67010.85928 7769.39901
v -65012.39193 -67009.04232 6943.43773
v -65003.76587 -67006.32114 6354.88933
v -64995.88381 -67010.24996 6839.06887
v -64987.12220 -67010.80496 7170.58815
v -64978.96023 -67007.04262 7229.25338
v -64970.27895 -67002.99562 7567.00165
v -64965.79940 -66993.37677 7257.38621
v -64967.03460 -66981.38790 6363.25586
v -64963.64249 -66973.19680 6519.94959
v -63240.40661 -66964.08758 7485.21383
v -63382.91087 -66558.93269 7102.22105
v -63715.82652 -66290.15036 6211.09590
v -63821.18661 -65954.55878 6396.11837
v -63898.55828 -65522.18243 7076.52542
v -64170.45965 -65270.48795 7123.33629
v -64483.93602 -65091.93984 7162.71448
v -64824.70336 -64998.16690 7187.93448
v -65154.76113 -65228.46900 6480.62145
v -65428.61253 -65409.19128 6143.82900
v -65807.26272 -65315.97022 6962.92328
v -66170.07922 -65432.32858 7445.83564
v -66331.81261 -65823.53116 7077.00105
v -66463.64730 -66195.96208 6918.40893
v -66516.75354 -66584.07135 6732.91083
v -66418.57265 -66964.08758 6257.43114
v -66491.62635 -67337.80830 6640.42392
v -66619.22566 -67813.86097 7531.54907
v -66392.37694 -68156.51094 7346.52660
v -66025.16645 -68306.14025 6666.11956
v -65759.54267 -68514.77912 6619.30869
v -65466.04334 -68654.77327 6579.93050
v -65156.91217 -68723.82967 6554.71050
v -64822.55232 -68954.13177 7262.02352
v -64446.50521 -68972.02470 7598.81597
v -64218.17970 -68560.26139 6779.72169
v -64043.47106 -68216.28640 6296.80933
v -63760.62228 -68025.48331 6665.64392
v -63560.24816 -67719.67270 6824.23605
v -63408.03806 -67362.94696 7009.73415
v -62193.10786 -66964.08758 5953.83798
v -62133.04506 -66245.78406 6166.24384
v -62319.85500 -65557.54126 6171.00072
v -62486.66792 -64811.68489 6466.84265
v -62712.46809 -63969.46335 7000.82281
v -63412.05165 -63722.11296 6585.35271
v -64160.94920 -63920.22649 5796.95949
v -64705.11764 -63657.03437 5978.10598
v -65323.34756 -63337.80222 6444.15480
v -65963.49580 -63468.77194 6486.16200
v -66626.03879 -63644.34707 6715.72872
v -67186.42669 -64101.82091 6742.23120
v -67285.60044 -65006.71292 5985.09734
v -67431.36823 -65688.09989 5704.95190
v -68014.75244 -66208.75402 6424.83545
v -68284.52314 -66964.08758 6771.25609
v -68091.34830 -67738.61192 6558.85023
v -67884.63976 -68477.95323 6554.09334
v -67414.72640 -69032.04496 6258.25142
v -66788.42049 -69305.32153 5724.27126
v -66457.75929 -69940.26664 6139.74136
v -66043.30004 -70748.91252 6928.13458
v -65341.84392 -70797.80640 6746.98808
v -64686.62128 -70478.57426 6280.93926
v -64081.14496 -70297.45797 6238.93207
v -63580.33115 -69862.50075 6009.36535
v -63110.47429 -69437.67909 5982.86287
v -62357.54196 -69227.07299 6739.99672
v -61866.58347 -68608.51186 7020.14216
v -62056.44919 -67701.58188 6300.25862
v -61043.32503 -66964.08758 5176.65877
v -60455.47594 -65825.47617 5878.20765
v -60575.99040 -64642.35707 6078.30954
v -61518.62552 -63982.65912 5529.31823
v -62258.73632 -63375.47988 5319.21149
v -62925.42693 -62728.61403 5372.52843
v -63747.92715 -62421.88845 5273.45616
v -64539.78123 -61802.81589 5630.66938
v -65511.96956 -61222.44001 6134.49922
v -66394.38795 -61905.60574 5742.12937
v -66956.14854 -62970.39099 5131.49730
v -67712.67439 -63412.90631 5275.73105
v -68474.75722 -63988.32610 5520.99442
v -68971.72420 -64879.71750 5574.47971
v -69586.31641 -65815.00527 5921.68808
v -69696.79141 -66964.08758 5929.84355
v -68919.84332 -67946.18787 5228.29468
v -68481.32531 -68791.09519 5028.19278
v -68519.42688 -69978.10390 5577.18410
v -68049.03553 -70955.60161 5787.29084
v -67252.16012 -71562.12502 5733.97389
v -66421.99533 -72122.72188 5833.04617
v -65444.31477 -71946.99879 5475.83294
v -64607.43601 -71366.62291 4972.00311
v -63720.31978 -71606.43917 5364.37296
v -62629.41535 -71803.90198 5975.00503
v -61922.37518 -70993.02804 5830.77128
v -61473.95586 -69983.77088 5585.50791
v -61066.38930 -69028.45562 5532.02262
v -61121.94903 -67935.71697 5184.81424
v -59363.45168 -66964.08758 4663.53253
v -59591.58686 -65609.03238 4596.64457
v -60047.78629 -64365.15433 4529.09617
v -61087.48903 -63613.43639 4164.60995
v -61748.40857 -62707.40619 4179.13199
v -62128.83167 -61102.27548 4729.47325
v -63166.78850 -60313.66648 4847.94300
v -64437.79524 -60659.06116 4502.67464
v -65545.45002 -60846.96261 4402.76232
v -66579.74001 -61233.19601 4336.65850
v -67445.75813 -61970.79811 4199.13400
v -68644.41178 -62193.16229 4545.06279
v -69921.37373 -62749.45230 4941.91293
v -70098.64481 -64288.30694 4629.00849
v -69834.18103 -65752.90383 4230.71377
v -70080.05696 -66964.08758 4316.65650
v -70074.00860 -68235.35913 4383.54446
v -69837.89236 -69503.02473 4451.09286
v -69757.40482 -71038.30087 4815.57908
v -68919.21716 -72094.76254 4801.05704
v -67487.13431 -72041.85118 4250.71578
v -66478.40165 -72327.34958 4132.24603
v -65557.98552 -73221.79605 4477.51439
v -64425.25973 -73409.69750 4577.42671
v -63268.12686 -73246.87911 4643.53053
v -62087.45549 -72910.37381 4781.05503
v -61473.60319 -71580.51864 4435.12624
v -61251.45794 -70174.31678 4038.27610
v -60308.53874 -69426.17735 4351.18054
v -59351.75929 -68379.23057 4749.47526
v -59016.27735 -66964.08758 3201.05112
v -59836.86167 -65670.48496 2959.33006
v -59665.16438 -64164.35346 3151.68870
v -59810.12570 -62519.51000 3348.88498
v -60762.63446 -61416.92232 3320.64430
v -61787.15773 -60404.70982 3352.53429
v -63073.70312 -59975.97659 3286.70648
v -64432.94518 -60604.66859 3009.50835
v -65574.83551 -60517.40948 3035.02146
v -67002.12359 -59700.89674 3370.81102
v -68316.74580 -60192.57910 3423.76051
v -69132.40310 -61554.32940 3266.87894
v -69924.67193 -62746.62774 3236.52819
v -70266.83483 -64200.04043 3126.17559
v -70316.57438 -65632.04220 3013.09542
v -71178.15987 -66964.08758 3267.69480
v -71732.97788 -68651.00692 3509.41587
v -70775.59691 -69995.13426 3317.05723
v -69649.29534 -70945.71655 3119.86095
v -68900.52228 -72070.28895 3148.10163
v -67868.09899 -72819.63329 3116.21163
v -66831.93150 -73609.86518 3182.03945
v -65704.20807 -74861.65594 3459.23758
v -64303.57262 -74774.39683 3433.72447
v -63243.89521 -73334.78532 3097.93491
v -62235.80454 -72607.50257 3044.98542
v -60994.51528 -72207.69603 3201.86699
v -60085.50229 -71172.83429 3232.21774
v -59156.40229 -70030.82123 3342.57034
v -58420.45817 -68612.56416 3455.65050
v -58738.56363 -66964.08758 1837.45769
v -58857.59058 -65425.13270 1839.45535
v -58761.26404 -63689.98446 1899.77702
v -59154.46180 -61958.00333 1943.28405
v -60748.64769 -61398.61215 1847.56888
v -62167.76476 -61181.76174 1771.92687
v -63081.58300 -60004.56279 1831.60584
v -64306.06899 -59181.77462 1878.86889
v -65696.21737 -59156.13355 1881.26996
v -67154.04430 -59149.76737 1915.30850
v -68339.82264 -60145.46515 1883.36578
v -68825.94096 -61955.52116 1777.77872
v -69732.00703 -62911.62482 1792.19230
v -71218.75395 -63700.47107 1897.37595
v -71764.28366 -65269.32472 1909.24551
v -71644.53484 -66964.08758 1879.51160
v -71481.53536 -68588.00905 1877.51394
v -70551.45542 -69877.50428 1817.19226
v -69595.61184 -70899.74231 1773.68524
v -69384.42803 -72703.77340 1869.40040
v -68620.75036 -74356.25547 1945.04241
v -67069.74744 -74472.60039 1885.36345
v -65655.11032 -74311.03343 1838.10040
v -64347.17603 -74285.39236 1835.69932
v -63165.87987 -73617.80497 1801.66078
v -61886.83703 -73319.95888 1833.60350
v -60190.16062 -73260.68241 1939.19057
v -59290.85699 -71853.36381 1924.77699
v -59428.56257 -69887.99089 1819.59333
v -59140.33888 -68432.20107 1807.72377
v -57806.38145 -66964.08758 360.45426
v -58134.85544 -65244.05445 379.67582
v -59341.07747 -63994.27190 470.13481
v -60045.00821 -62720.66199 477.79206
v -60877.99111 -61567.93653 473.89083
v -61934.71922 -60705.97313 477.14935
v -62877.81974 -59265.36192 396.25116
v -64239.72636 -58437.75383 351.70027
v -65665.12043 -59504.88023 451.62775
v -66781.68730 -60500.58305 517.20560
v -68106.77709 -60621.25376 468.03899
v -69320.34917 -61308.28787 441.35245
v -70349.76306 -62382.58222 424.22671
v -71490.53131 -63557.84168 370.20733
v -71575.20704 -65316.69707 412.21421
v -70712.35267 -66964.08758 523.05744
v -70758.80022 -68406.93079 503.83589
v -71131.26885 -70181.79172 413.37690
v -70486.15825 -71662.40098 405.71965
v -69513.77145 -72873.09778 409.62087
v -68387.70482 -73880.46686 406.36236
v -66865.98417 -73733.39952 487.26054
v -65588.76770 -73567.01264 531.81144
v -64316.07909 -74634.13904 431.88396
v -62793.52287 -74968.62065 366.30611
v -61653.79149 -73795.74749 415.47272
v -60684.56883 -72613.44912 442.15926
v -59908.61302 -71324.32121 459.28500
v -59700.33993 -69745.36150 513.30438
v -58951.26227 -68479.57342 471.29750
v -58748.11449 -66964.08758 -992.72389
v -59166.99234 -65502.65201 -893.81776
v -60098.61029 -64391.82688 -688.82433
v -60302.45060 -62941.13413 -840.06398
v -60483.82664 -61051.93303 -1163.21874
v -61720.11702 -60267.83868 -1098.25043
v -63161.02833 -60292.77005 -889.60768
v -64383.35002 -60048.46767 -871.89173
v -65596.40002 -60275.56734 -805.49157
v -66749.06462 -60618.92978 -789.88569
v -68249.70509 -60329.45024 -1077.56338
v -69590.64690 -60954.43919 -1201.36664
v -69866.24365 -62796.66537 -911.53372
v -70078.36788 -64298.94832 -755.22449
v -70724.14085 -65529.92813 -855.66986
v -70909.99701 -66964.08758 -875.54104
v -71063.10855 -68483.17397 -974.44717
v -71209.04282 -70222.60768 -1179.44061
v -70141.62024 -71367.34068 -1028.20096
v -68621.71446 -71705.29966 -705.04620
v -67801.05828 -72682.76216 -770.01451
v -66919.25671 -73926.65864 -978.65725
v -65654.61291 -74305.45502 -996.37321
v -64325.13713 -74532.55469 -1062.77336
v -62990.83624 -74252.81837 -1078.37925
v -62168.76383 -72744.37371 -790.70155
v -61452.75907 -71607.80582 -666.89830
v -60027.07401 -71222.87192 -956.73122
v -58967.93535 -70129.72912 -1113.04045
v -58828.02464 -68510.45009 -1012.59508
v -60301.65952 -66964.08758 -1778.48184
v -59729.66813 -65643.62807 -2208.41144
v -59804.39293 -64237.42093 -2394.92692
v -60492.43186 -63103.83295 -2322.84580
v -61215.08354 -62009.22662 -2375.70907
v -62363.38363 -61581.13961 -2136.82766
v -63558.04903 -61733.05931 -1758.47983
v -64465.64447 -60971.38528 -2036.36290
v -65615.67021 -60059.45557 -2521.26077
v -66768.32382 -60549.06234 -2416.81573
v -67680.31009 -61491.93398 -2191.29860
v -68549.95323 -62316.81865 -2156.82967
v -68998.37874 -63539.89974 -1930.52838
v -69484.94266 -64610.37926 -1910.02904
v -70613.80550 -65557.57219 -2427.29084
v -71018.26480 -66964.08758 -2601.22620
v -70212.08987 -68269.95481 -2171.29659
v -69594.49901 -69375.29134 -1984.78112
v -69162.34765 -70528.69743 -2056.86224
v -68385.89213 -71396.58297 -2003.99897
v -67721.68627 -72520.71530 -2242.88038
v -66869.66218 -73746.74241 -2621.22820
v -65585.83475 -73534.12017 -2343.34514
v -64495.47993 -72622.19047 -1858.44726
v -63456.71067 -72562.74543 -1962.89231
v -62322.00745 -72431.50968 -2188.40944
v -61379.14464 -71704.17500 -2222.87837
v -60328.46295 -70964.76422 -2449.17966
v -59694.83659 -69748.24967 -2469.67900
v -60131.38376 -68183.89894 -1952.41719
v -60707.81344 -66964.08758 -3217.85404
v -60378.77307 -65806.25858 -3657.76823
v -60678.80177 -64696.31272 -3663.54084
v -61745.39043 -64176.85925 -2943.83165
v -62430.76654 -63600.68585 -2757.33630
v -62841.54903 -62557.36790 -3243.00582
v -63616.64100 -61945.61596 -3405.56823
v -64528.01749 -61670.88760 -3444.95709
v -65488.66279 -61483.82126 -3607.35117
v -66318.31654 -62181.57332 -3191.36991
v -66872.27064 -63141.63712 -2660.53892
v -67765.14525 -63344.21634 -3055.29163
v -68790.86146 -63717.61631 -3618.37936
v -69175.41792 -64772.81856 -3501.14677
v -69334.83943 -65878.01177 -3359.81290
v -69361.27982 -66964.08758 -3288.16730
v -68843.14044 -67926.97028 -2848.25311
v -68584.13668 -68845.05084 -2842.48050
v -68746.19179 -70172.30403 -3562.18969
v -68221.06574 -71180.80758 -3748.68503
v -67168.28222 -71390.87889 -3263.01552
v -66290.70917 -71646.44939 -3100.45311
v -65432.55103 -71815.07050 -3061.06424
v -64584.12925 -71628.00416 -2898.67017
v -63644.24837 -71882.40674 -3314.65143
v -62545.53745 -71975.14811 -3845.48242
v -61974.84604 -70924.33807 -3450.72971
v -61790.06010 -69713.06108 -2887.64197
v -61270.08302 -68921.55668 -3004.87457
v -60870.47205 -67998.72347 -3146.20843
v -61823.89995 -66964.08758 -4285.46023
v -62205.08365 -66263.83303 -3739.96213
v -62342.68951 -65569.52487 -3827.98293
v -62656.23743 -64956.90321 -3807.89348
v -63008.79652 -64357.38900 -3942.67836
v -63319.74967 -63533.66812 -4601.04359
v -63967.05344 -63216.82243 -4570.55432
v -64702.50490 -63627.73296 -3720.64278
v -65287.36756 -63741.31148 -3554.82885
v -65929.20852 -63593.15741 -3996.03134
v -66533.73681 -63832.79190 -4099.55685
v -67137.14657 -64166.33386 -4315.94949
v -67713.42188 -64640.32918 -4589.87367
v -67745.82193 -65523.07386 -3993.79686
v -67581.57402 -66317.28506 -3366.69100
v -67915.31523 -66964.08758 -3839.15285
v -68163.38689 -67756.66088 -4384.65094
v -67907.47427 -68489.93684 -4296.63014
v -67584.29591 -69177.26328 -4316.71959
v -67084.74892 -69693.24717 -4181.93472
v -66365.45731 -69751.82180 -3523.56949
v -65849.40429 -70045.50846 -3554.05875
v -65339.23118 -70768.50499 -4403.97029
v -64650.64128 -70882.08352 -4569.78422
v -64046.85768 -70421.84344 -4128.58174
v -63488.02917 -70050.94558 -4025.05623
v -63061.19417 -69502.19203 -3808.66358
v -62785.36339 -68860.68924 -3534.73940
v -62181.03717 -68443.48583 -4130.81621
v -61623.27077 -67810.11291 -4757.92208
v -63497.45727 -66964.08758 -4259.50954
v -63627.10931 -66620.11559 -3903.14716
v -63530.02330 -66192.64039 -4643.11286
v -63552.66393 -65724.59756 -5290.86723
v -63893.60894 -65515.70320 -4802.91533
v -64234.72232 -65401.68738 -4360.36389
v -64525.93823 -65244.31309 -4373.11168
v -64845.96308 -65236.59094 -4155.43653
v -65160.37052 -65165.56074 -4373.58731
v -65545.47636 -64985.23927 -5205.15380
v -65871.52539 -65184.77078 -5125.41469
v -66003.02811 -65651.01638 -4246.76175
v -66184.41858 -65949.75853 -4120.82230
v -66414.62306 -66221.69012 -4424.96208
v -66523.98859 -66582.25864 -4459.30074
v -66675.62331 -66964.08758 -4882.65445
v -66735.82479 -67398.99119 -5239.01682
v -66433.42244 -67716.35101 -4499.05113
v -66123.85426 -67926.54971 -3851.29676
v -66020.21710 -68299.66102 -4339.24865
v -65823.80534 -68645.97856 -4781.80009
v -65508.04555 -68807.14652 -4769.05231
v -65178.17189 -68962.25371 -4986.72745
v -64828.16171 -68891.22351 -4768.57667
v -64563.36904 -68548.07270 -3937.01018
v -64282.44237 -68429.06195 -4016.74930
v -63876.41994 -68434.97420 -4895.40223
v -63613.22825 -68151.71068 -5021.34168
v -63511.22392 -67745.40073 -4717.20190
v -63415.27311 -67361.13425 -4682.86325
v -64957.38042 -66964.08758 -5007.03290
v -64957.73792 -66953.49900 -5091.78552
v -64961.19007 -66943.72004 -4987.26659
v -64965.50722 -66934.54817 -5009.32052
v -64974.31814 -66930.46728 -4394.68472
v -64982.15905 -66927.66329 -4004.76165
v -64987.23380 -66917.77508 -4818.17286
v -64995.25282 -66910.84883 -5410.90481
v -65004.43460 -66914.35429 -4978.90006
v -65012.50353 -66918.72798 -4695.37203
v -65019.89096 -66923.47796 -4597.08208
v -65024.75059 -66931.68641 -4193.62169
v -65031.63529 -66936.99531 -4499.05358
v -65041.54173 -66942.28639 -5419.27133
v -65043.62341 -66953.15792 -5292.84855
v -65039.06129 -66964.08758 -4492.97467
v -65037.63387 -66973.51659 -4408.22204
v -65035.80926 -66982.88036 -4512.74098
v -65031.58844 -66991.13973 -4490.68705
v -65028.97332 -67002.01676 -5105.32285
v -65022.99949 -67011.04362 -5495.24591
v -65012.47457 -67009.34214 -4681.83470
v -65003.79080 -67006.60071 -4089.10276
v -64995.89663 -67010.10617 -4521.10750
v -64987.26275 -67010.29505 -4804.63554
v -64979.05052 -67006.85829 -4902.92548
v -64970.09542 -67003.23588 -5306.38587
v -64965.55408 -66993.58687 -5000.95399
v -64966.92254 -66981.44671 -4080.73623
v -64963.72747 -66973.17551 -4207.15902
v -53454.94131 -64659.38973 7487.42569
v -53458.85487 -64651.82524 7062.71345
v -53462.64248 -64645.00347 6896.55929
v -53467.99021 -64639.27423 6708.39544
v -53475.55633 -64635.90877 6277.80668
v -53480.12442 -64629.61366 6734.61947
v -53485.83422 -64621.68018 7598.44741
v -53495.41289 -64621.64065 7320.79416
v -53504.07511 -64625.85417 6626.03492
v -53512.02864 -64627.36928 6617.50798
v -53519.41690 -64630.30082 6604.50259
v -53526.07497 -64634.34172 6623.59775
v -53535.61445 -64637.00901 7340.36669
v -53541.83231 -64643.28024 7591.31853
v -53538.76046 -64652.26366 6716.92238
v -53536.62218 -64659.38973 6290.81207
v -53538.75082 -64666.51404 6715.52431
v -53537.26167 -64673.73909 6881.67846
v -53534.07142 -64680.80080 7069.84232
v -53530.21150 -64688.41137 7500.43107
v -53520.96485 -64690.79767 7043.61829
v -53511.07500 -64688.87157 6179.79035
v -53503.95086 -64691.90285 6457.44360
v -53495.53713 -64696.11636 7152.20284
v -53486.78786 -64694.56068 7160.72978
v -53478.57646 -64691.48484 7173.73517
v -53471.41980 -64686.84432 7154.64001
v -53469.53323 -64678.53557 6437.87106
v -53467.21312 -64672.01586 6186.91922
v -53458.86452 -64666.95246 7061.31538
v -51811.57109 -64659.38973 7064.61943
v -52075.10236 -64397.42358 6245.61946
v -52223.83268 -64167.94153 6034.26971
v -52182.71516 -63831.58533 6851.91355
v -52349.30861 -63554.01783 7175.08943
v -52678.10273 -63428.08610 6906.84717
v -52994.26144 -63313.10467 6881.43158
v -53338.78172 -63332.66424 6548.22373
v -53645.90658 -63458.66999 6030.43783
v -53976.91078 -63389.84475 6551.67751
v -54386.62994 -63331.10857 7364.47738
v -54634.59062 -63569.48447 7090.03502
v -54754.78250 -63870.86287 6578.82731
v -54909.98675 -64116.40807 6552.05560
v -54948.43404 -64393.09644 6330.67387
v -54989.73712 -64659.38973 6362.28956
v -55183.81784 -64968.95813 7181.28953
v -55127.23182 -65286.03182 7392.63928
v -54753.90549 -65447.36546 6574.99544
v -54475.91677 -65596.87045 6251.81956
v -54267.18575 -65808.72875 6520.06182
v -53976.36875 -65927.49184 6545.47741
v -53670.99053 -66066.53467 6878.68526
v -53313.69777 -66192.54042 7396.47116
v -52994.80346 -66004.23192 6875.23147
v -52797.54692 -65711.75122 6062.43161
v -52507.98246 -65612.33709 6336.87397
v -52183.59217 -65486.64301 6848.08168
v -52006.58761 -65234.49836 6874.85339
v -51839.71856 -64964.63099 7096.23512
v -50632.58577 -64659.38973 5914.36533
v -50521.94466 -64111.87693 6212.05852
v -50684.20150 -63575.03418 6275.38407
v -50823.96783 -62977.72519 6654.24956
v -51309.84717 -62555.49512 6596.07008
v -52107.23994 -62572.86312 5776.76329
v -52667.02655 -62441.99957 5625.60619
v -53176.34316 -61995.89664 6299.03538
v -53836.80519 -61887.69400 6510.38855
v -54479.44572 -62052.08777 6422.03194
v -55109.34197 -62248.39667 6504.58398
v -55478.87056 -62758.45613 6065.52243
v -55638.87449 -63315.28430 5538.62933
v -56200.88615 -63619.28658 6064.03090
v -56786.91171 -64055.09397 6742.60617
v -56724.00105 -64659.38973 6513.51804
v -56480.24790 -65207.30563 6215.82485
v -56248.98626 -65718.01609 6152.49929
v -55752.02631 -66074.60172 5773.63381
v -55385.79957 -66470.91790 5831.81329
v -55152.94758 -67135.70938 6651.12007
v -54549.37739 -67452.85105 6802.27717
v -53813.06943 -67235.75508 6128.84798
v -53200.07891 -67127.55243 5917.49481
v -52597.09488 -67062.93925 6005.85142
v -52063.63433 -66811.24294 5923.29938
v -51402.91816 -66673.87891 6362.36094
v -50710.81601 -66412.16082 6889.25403
v -50636.10139 -65762.26849 6363.85246
v -50828.60846 -65150.52267 5685.27720
v -49046.06876 -64659.38973 5546.46704
v -48692.39745 -63775.51632 6007.14187
v -49432.98032 -63093.19266 5544.44484
v -50297.64976 -62646.97788 5051.28960
v -50749.51913 -62017.23536 5203.36374
v -51393.59014 -61503.72757 5305.56530
v -52166.24733 -61108.91636 5408.77002
v -53001.82469 -60559.71901 5858.19403
v -53989.38755 -60632.03676 5774.19669
v -54725.33954 -61397.51406 5058.24299
v -55438.13803 -61755.81956 4969.31446
v -56411.14414 -61862.89975 5443.26232
v -57112.41610 -62389.28546 5557.71786
v -57643.82189 -63063.61636 5628.44218
v -58072.74199 -63818.69523 5767.24330
v -57699.53514 -64659.38973 5292.29228
v -57156.76483 -65331.68266 4831.61744
v -57338.31523 -66137.51341 5294.31448
v -57298.45112 -67046.40161 5787.46971
v -56539.81834 -67579.48614 5635.39557
v -55720.32333 -67985.70835 5533.19402
v -54840.31550 -68227.33347 5429.98930
v -53906.35824 -68003.46347 4980.56529
v -53084.85401 -68075.78122 5064.56263
v -52051.27136 -68515.93117 5780.51632
v -51111.40484 -68237.80034 5869.44485
v -50620.84493 -67425.15052 5395.49700
v -50111.61474 -66788.70918 5281.04145
v -49738.48699 -66107.93711 5210.31714
v -49608.37461 -65374.86157 5071.51602
v -48096.23312 -64659.38973 4403.40173
v -48289.91470 -63701.52023 4356.10485
v -48883.74091 -62881.68221 4188.81614
v -49597.13994 -62206.76549 4048.71931
v -49807.45592 -61112.27490 4473.56734
v -50463.58661 -60110.46741 4812.85219
v -51796.97084 -60125.89578 4469.09841
v -52974.79812 -60337.30723 4171.29036
v -54036.48362 -60244.46562 4237.34109
v -55068.93805 -60482.84869 4203.54373
v -56141.38617 -60702.26698 4329.35564
v -57491.68226 -60824.91815 4747.15551
v -58202.90724 -61704.00211 4653.91290
v -58017.66033 -62919.65230 4122.76541
v -58272.79954 -63781.91483 4082.51668
v -58812.83840 -64659.38973 4347.75543
v -58772.33644 -65628.70405 4395.05232
v -58673.84698 -66651.82268 4562.34102
v -58267.05573 -67655.08937 4702.43785
v -56978.26450 -68000.66430 4277.58982
v -55821.88925 -68137.86665 3938.30497
v -55108.58400 -68941.46899 4282.05875
v -54094.98840 -69555.77157 4579.86680
v -52916.29333 -69462.92996 4513.81607
v -51757.32490 -69298.42190 4547.61344
v -50783.08353 -68729.66622 4421.80153
v -50320.87367 -67713.30755 4004.00165
v -49532.99145 -67152.32599 4097.24426
v -48227.55426 -66689.79277 4628.39176
v -47790.37779 -65709.09865 4668.64048
v -48151.15882 -64659.38973 2896.35822
v -48048.87193 -63657.20473 2971.75981
v -47578.74542 -62379.13237 3277.55147
v -48226.42351 -61345.38377 3289.96166
v -49329.71164 -60653.34638 3193.68540
v -50402.40994 -60018.81719 3181.16110
v -51744.25143 -59985.55577 3008.37638
v -52936.50040 -60022.14097 2910.50220
v -54154.47829 -59273.44339 3203.39259
v -55612.66750 -59035.43120 3397.05198
v -56628.04624 -59973.19008 3201.65881
v -57422.64409 -60891.23729 3069.14294
v -58243.88058 -61678.25376 3069.63400
v -58626.12988 -62685.33251 2984.66107
v -59313.13909 -63590.64933 3096.30227
v -60313.04133 -64659.38973 3389.07856
v -59944.98813 -65844.29501 3313.67697
v -58689.17795 -66657.72659 3007.88532
v -58065.59316 -67528.48683 2995.47513
v -57467.59947 -68470.72701 3091.75139
v -56483.35120 -69128.81835 3104.27569
v -55502.47982 -69990.02668 3277.06040
v -54207.76329 -70483.83825 3374.93459
v -52883.21540 -69735.14067 3082.04419
v -51854.43912 -69039.90211 2888.38481
v -50547.10498 -69083.19123 3083.77797
v -49284.75626 -68708.61792 3216.29385
v -48404.71094 -67861.35683 3215.80279
v -47515.69734 -66963.92673 3300.77572
v -47417.02288 -65777.73961 3189.13451
v -46998.22536 -64659.38973 1797.13738
v -46992.34328 -63462.96289 1813.44012
v -47020.38377 -62164.10897 1860.83739
v -48131.71670 -61285.86838 1811.55638
v -49708.62834 -61017.33961 1707.07459
v -50527.77380 -60206.62774 1737.07219
v -51406.07884 -59085.33431 1826.69959
v -52789.62101 -58813.41560 1828.85107
v -54203.49248 -58870.08731 1821.75069
v -55575.57863 -59134.16245 1820.30234
v -56489.31650 -60181.02436 1740.75599
v -57294.07482 -61014.74292 1707.50998
v -58866.27350 -61287.13137 1811.28864
v -60039.80218 -62140.93154 1867.93777
v -60003.70519 -63463.68938 1813.00474
v -59904.19657 -64659.38973 1786.62094
v -59616.28805 -65783.86380 1770.31820
v -58810.57514 -66704.47628 1722.92093
v -58572.86674 -67847.26625 1772.20194
v -58344.40868 -69313.00348 1876.68373
v -56980.75940 -69873.99728 1846.68613
v -55394.24327 -69701.89908 1757.05873
v -54138.66235 -69915.18079 1754.90725
v -52854.45114 -69971.85250 1762.00763
v -51587.41420 -69750.72722 1763.45598
v -50036.33090 -69848.39390 1843.00233
v -48658.29447 -69310.40678 1876.24834
v -48425.12347 -67848.52924 1772.46968
v -48249.61081 -66681.29885 1715.82055
v -47379.76042 -65784.59029 1770.75358
v -46253.20708 -64659.38973 315.39071
v -47339.27110 -63526.74526 417.60736
v -48132.62398 -62592.42934 463.20019
v -48454.91005 -61488.96863 424.32054
v -49274.05682 -60599.88350 415.75258
v -50182.88080 -59689.93543 381.40854
v -51272.93743 -58730.90950 319.68736
v -52804.37306 -58934.81576 379.18126
v -54095.27256 -59760.66946 482.65217
v -55351.34564 -59731.07467 450.72466
v -56823.73751 -59680.02038 379.98197
v -57965.84823 -60369.42701 377.11188
v -59042.07758 -61176.65307 358.11346
v -59744.44134 -62254.67412 359.72928
v -59310.03122 -63591.22071 456.24806
v -59159.17829 -64659.38973 486.49527
v -59963.21588 -65847.64617 384.27862
v -59922.81535 -67132.79665 338.68578
v -58896.06009 -68050.36650 377.56544
v -57909.83716 -68895.54737 386.13340
v -56635.86641 -69357.30497 420.47744
v -55261.10186 -69347.47427 482.19862
v -54153.41440 -70036.58095 422.70472
v -52746.23122 -70862.43465 319.23381
v -51363.18120 -70347.63944 351.16132
v -50370.75191 -69347.38992 421.90401
v -49330.06789 -68665.09087 424.77410
v -48600.92754 -67738.05094 443.77252
v -47954.24996 -66795.04143 442.15670
v -46686.08644 -65912.12162 345.63792
v -47518.97719 -64659.38973 -916.27253
v -48025.38045 -63652.88585 -787.01942
v -48351.60725 -62676.75914 -800.03962
v -48173.49064 -61312.11984 -1119.15700
v -48947.55099 -60286.23696 -1193.05517
v -50512.12413 -60183.18260 -914.49875
v -51744.90114 -59987.28530 -814.84672
v -52888.92289 -59630.60791 -870.84773
v -54104.49467 -59684.77725 -849.65669
v -55429.40685 -59523.27432 -1004.66366
v -56933.18016 -59516.06177 -1214.19887
v -57700.23676 -60624.57748 -1015.92456
v -57893.37449 -61898.51781 -731.01841
v -58705.92115 -62654.60512 -821.23066
v -59489.48998 -63558.22738 -964.15003
v -59680.85970 -64659.38973 -983.51996
v -59921.49666 -65839.97613 -1112.77306
v -59462.03979 -66955.35336 -1099.75286
v -58012.66028 -67495.22290 -780.63548
v -57085.43881 -68103.61759 -706.73732
v -56593.06539 -69293.18376 -985.29374
v -55503.12952 -69991.75622 -1084.94577
v -54160.18578 -70092.30520 -1028.94476
v -52833.23178 -70146.47454 -1050.13579
v -51671.17847 -69527.74523 -895.12882
v -50852.23890 -68626.06293 -685.59361
v -49562.34894 -68441.95811 -883.86792
v -48054.20485 -68081.62087 -1168.77407
v -47595.48862 -66933.19935 -1078.56183
v -47593.37377 -65745.31766 -935.64246
v -48312.99781 -64659.38973 -2077.92419
v -47783.45813 -63608.40865 -2480.14763
v -48342.08234 -62673.09113 -2358.84791
v -49085.72277 -61885.38216 -2242.75734
v -49916.79185 -61217.30469 -2180.74787
v -51077.24372 -61029.80156 -1868.93978
v -51980.66284 -60614.88714 -1912.49173
v -52893.84175 -59671.08704 -2452.44034
v -54121.35367 -59546.03820 -2541.40442
v -55143.12335 -60285.36611 -2157.63850
v -56071.33816 -60807.20755 -2050.79769
v -56923.16271 -61371.04680 -2034.37224
v -57514.30451 -62136.73189 -1940.19902
v -58525.11448 -62724.23323 -2269.88384
v -59450.49928 -63565.39579 -2626.52325
v -59029.60309 -64659.38973 -2287.58867
v -58265.87987 -65535.59247 -1885.36523
v -58132.18841 -66443.23159 -2006.66495
v -57755.63856 -67333.70604 -2122.75553
v -57087.60044 -68105.69408 -2184.76500
v -56435.54636 -69057.20080 -2496.57308
v -55292.27599 -69430.46035 -2453.02113
v -54014.03203 -68889.55138 -1913.07252
v -53001.16339 -68764.50254 -1824.10845
v -51831.51019 -69100.93933 -2207.87437
v -50713.03552 -68834.60679 -2314.71517
v -49752.35413 -68259.43620 -2331.14062
v -48844.38872 -67585.05576 -2425.31384
v -48735.00841 -66494.37370 -2095.62903
v -48968.07754 -65492.57961 -1738.98961
v -48943.83627 -64659.38973 -3455.78843
v -48866.21840 -63807.47315 -3636.77013
v -49653.47037 -63178.10272 -3110.47629
v -50471.90712 -62756.48420 -2643.26092
v -50695.21000 -61965.06517 -3091.63470
v -51186.49856 -61193.47880 -3526.56594
v -52102.86126 -60940.18152 -3420.89102
v -53027.71031 -60772.74145 -3417.94551
v -53957.92221 -60890.97677 -3280.61475
v -54691.78612 -61486.83385 -2756.93419
v -55475.54557 -61699.77844 -2851.24230
v -56619.44050 -61662.80705 -3561.46335
v -57334.94371 -62249.44529 -3639.71564
v -57472.09678 -63129.74719 -3247.80705
v -57673.81963 -63892.03674 -3166.94148
v -57597.30265 -64659.38973 -2997.32659
v -57330.58578 -65363.63949 -2816.34489
v -57558.80527 -66222.42346 -3342.63873
v -57472.70848 -67155.90792 -3809.85410
v -56485.50920 -67527.31595 -3361.48032
v -55513.23175 -67675.45958 -2926.54908
v -54776.92943 -68058.59864 -3032.22400
v -53932.24386 -68216.48592 -3035.16951
v -53053.38867 -68334.72123 -3172.50027
v -52017.71795 -68605.25096 -3696.18083
v -51148.81238 -68181.75922 -3601.87272
v -50829.14130 -67225.05782 -2891.65167
v -50334.14235 -66648.86902 -2813.39938
v -49566.76187 -66174.06793 -3205.30797
v -49209.45225 -65448.20308 -3286.17354
v -50661.59673 -64659.38973 -3672.79771
v -50754.97678 -64154.71968 -3618.93817
v -50773.45830 -63609.40671 -3918.39586
v -51065.13844 -63129.28094 -3960.54132
v -51337.16779 -62581.73973 -4334.64354
v -51808.59414 -62125.45482 -4587.53650
v -52584.08354 -62221.20381 -3883.77689
v -53222.37811 -62374.73547 -3366.22405
v -53808.56396 -62120.10160 -3863.60261
v -54482.73954 -62043.31957 -4247.11953
v -55079.75099 -62292.72762 -4212.32172
v -55679.52372 -62565.70561 -4376.55733
v -56019.57921 -63076.04292 -4136.49101
v -55956.11785 -63713.54612 -3421.01730
v -56220.62327 -64159.20559 -3577.02439
v -56753.01201 -64659.38973 -4369.44136
v -56713.28002 -65250.14838 -4423.30090
v -56338.24306 -65752.38862 -4123.84320
v -55993.19692 -66226.15747 -4081.69775
v -55413.12019 -66497.16251 -3707.59552
v -54854.30178 -66688.30109 -3454.70257
v -54466.43439 -67232.05529 -4158.46218
v -53859.10439 -67614.59390 -4676.01502
v -53171.83768 -67359.96003 -4178.63646
v -52600.38870 -67054.17105 -3795.11953
v -52034.04334 -66855.57389 -3829.91734
v -51603.57132 -66481.12839 -3665.68174
v -51091.52073 -66172.91944 -3905.74806
v -50391.33309 -65856.52803 -4621.22176
v -50262.32002 -65254.63429 -4465.21468
v -52057.62774 -64659.38973 -4002.04352
v -51991.42076 -64382.03880 -4355.20080
v -51873.10800 -64032.87851 -5198.50226
v -52107.77645 -63784.49257 -4986.51481
v -52494.13743 -63693.14263 -4217.19002
v -52752.89914 -63540.14036 -4185.24878
v -53027.18930 -63400.75924 -4311.95555
v -53339.75093 -63340.64023 -4322.62648
v -53677.58081 -63198.01092 -4908.72228
v -54050.28655 -63194.51713 -5198.18301
v -54274.10447 -63499.68562 -4376.15187
v -54441.14988 -63755.30663 -3875.33675
v -54745.28989 -63876.82820 -4344.52987
v -54975.41818 -64091.21062 -4612.40646
v -55103.17746 -64364.64700 -4697.05407
v -55235.79377 -64659.38973 -5039.22117
v -55100.13624 -64953.57334 -4686.06389
v -54776.50714 -65150.96880 -3842.76243
v -54678.96679 -65400.27270 -4054.74988
v -54620.74559 -65735.99525 -4824.07467
v -54341.98215 -65920.78301 -4856.01591
v -54009.29662 -66015.14641 -4729.30914
v -53671.95974 -66074.51065 -4718.63821
v -53345.37200 -65931.88135 -4132.54241
v -53068.17924 -65808.90430 -3843.08168
v -52685.02145 -65880.32827 -4665.11282
v -52314.54172 -65798.15925 -5165.92794
v -52174.09956 -65492.60833 -4696.73482
v -52072.01904 -65209.30092 -4428.85823
v -51994.46198 -64936.18155 -4344.21062
v -53455.21935 -64659.38973 -5255.16717
v -53458.71734 -64651.79995 -4889.83501
v -53462.22306 -64644.84195 -4768.85675
v -53467.86129 -64639.19322 -4538.17481
v -53475.71817 -64636.06424 -4050.67865
v -53480.26334 -64629.82178 -4502.38887
v -53485.88679 -64621.82012 -5381.49554
v -53495.40586 -64621.58280 -5137.51121
v -53504.11655 -64625.51307 -4489.45606
v -53512.11250 -64627.14604 -4463.17772
v -53519.29264 -64630.48698 -4376.43008
v -53525.81684 -64634.58968 -4376.06051
v -53535.53616 -64637.05820 -5133.81933
v -53541.95092 -64643.23456 -5416.91189
v -53539.03875 -64652.21250 -4564.45315
v -53536.90022 -64659.38973 -4137.42629
v -53538.61329 -64666.48875 -4502.75845
v -53536.84225 -64673.57758 -4623.73671
v -53533.94251 -64680.71979 -4854.41865
v -53530.37334 -64688.56684 -5341.91481
v -53521.10377 -64691.00580 -4890.20458
v -53511.12757 -64689.01152 -4011.09792
v -53503.94383 -64691.84499 -4255.08225
v -53495.57858 -64695.77526 -4903.13739
v -53486.87172 -64694.33744 -4929.41574
v -53478.45220 -64691.67100 -5016.16337
v -53471.16167 -64687.09228 -5016.53295
v -53469.45495 -64678.58477 -4258.77412
v -53467.33173 -64671.97019 -3975.68156
v -53459.14280 -64666.90129 -4828.14031
v -41956.74160 -65860.89271 8046.96131
v -41961.34077 -65852.19129 7469.32504
v -41963.92109 -65843.88291 7464.74517
v -41969.18644 -65837.18632 7247.38703
v -41974.08493 -65830.41534 7346.63221
v -41977.67934 -65819.95437 8260.80896
v -41985.93811 -65815.06480 8394.39640
v -41995.89036 -65819.48836 7437.32748
v -42003.90668 -65821.53312 7137.08566
v -42012.23836 -65821.00771 7481.88930
v -42019.95558 -65824.29218 7529.36135
v -42028.36746 -65827.53121 7913.37387
v -42036.98190 -65832.44071 8426.39396
v -42037.85267 -65843.04665 7764.98699
v -42035.07428 -65852.99819 6902.58338
v -42038.42247 -65860.89271 7299.16017
v -42041.23672 -65870.17427 7876.79644
v -42038.54028 -65879.06294 7881.37631
v -42035.26765 -65888.02585 8098.73445
v -42028.74010 -65894.69244 7999.48926
v -42018.51977 -65894.85983 7085.31252
v -42011.17889 -65897.32489 6951.72508
v -42004.42834 -65905.50792 7908.79400
v -41995.36871 -65907.55267 8209.03582
v -41986.99758 -65903.26780 7864.23217
v -41979.11514 -65899.19764 7816.76013
v -41973.71229 -65891.80831 7432.74761
v -41970.90069 -65883.28024 6919.72752
v -41963.23349 -65878.22668 7581.13449
v -41955.17833 -65870.98117 8443.53810
v -40474.07372 -65860.89271 7238.16181
v -40648.26883 -65556.64500 6683.24468
v -40570.45530 -65186.91838 7388.09009
v -40573.37905 -64763.32300 8153.31161
v -40880.40242 -64544.19225 7805.75525
v -41210.89657 -64413.59780 7439.63452
v -41518.08808 -64290.33427 7367.54312
v -41848.36780 -64333.20810 6947.99683
v -42155.62181 -64293.01304 7095.08295
v -42538.21193 -64106.85166 8069.64783
v -42881.33148 -64244.44231 8150.46945
v -43033.56151 -64645.37480 7310.25320
v -43206.08141 -64932.99492 7102.79097
v -43394.67678 -65203.35724 7241.00397
v -43477.50030 -65528.33688 7178.74673
v -43652.23975 -65860.89271 7724.93364
v -43756.98431 -66256.35481 8279.85076
v -43473.85444 -66555.75733 7575.00535
v -43144.56938 -66741.46626 6809.78383
v -43007.01059 -67045.18546 7157.34019
v -42799.97958 -67328.13556 7523.46093
v -42500.19540 -67491.03730 7595.55232
v -42180.57661 -67680.19032 8015.09861
v -41823.41300 -67639.99525 7868.01249
v -41556.10461 -67307.55469 6893.44761
v -41292.24846 -67158.98008 6812.62600
v -40906.95334 -67146.36801 7652.84224
v -40634.89108 -66911.13818 7860.30447
v -40491.27764 -66572.19619 7722.09147
v -40368.78482 -66228.04669 7784.34871
v -38908.14154 -65860.89271 7021.50908
v -38909.83634 -65165.35854 7144.86736
v -39079.26143 -64483.87889 7214.37943
v -39356.18225 -63826.87360 7344.05893
v -40047.13673 -63564.23183 6703.95996
v -40682.82062 -63445.05351 6183.44422
v -41073.62351 -62841.81731 6849.24101
v -41652.43568 -62359.20471 7448.71227
v -42333.30729 -62502.84342 7198.86103
v -42960.21010 -62731.55304 7049.80493
v -43513.12834 -63085.66343 6901.33734
v -43825.65589 -63713.83380 6355.71229
v -44291.09432 -64098.24109 6545.39610
v -45045.34052 -64425.13395 7464.23067
v -45276.11777 -65123.50398 7493.11503
v -44999.55683 -65860.89271 6852.42755
v -44868.13958 -66506.45369 6729.06927
v -44644.04619 -67107.45690 6659.55720
v -44284.24074 -67618.27152 6529.87770
v -44123.08913 -68357.74737 7169.97666
v -43728.52826 -69031.18705 7690.49241
v -42955.97435 -68976.42800 7024.69562
v -42289.16195 -68774.18063 6425.22436
v -41696.58101 -68917.81935 6675.07560
v -41077.85926 -68866.16374 6824.13170
v -40467.42070 -68671.79697 6972.59928
v -39749.70349 -68507.34935 7518.22433
v -39363.03584 -67889.63901 7328.54053
v -39480.55576 -67048.71196 6409.70596
v -39317.81453 -66464.59913 6380.82160
v -37165.75778 -65860.89271 6623.53566
v -37458.35640 -64838.65937 6415.33691
v -38395.10515 -64161.32601 5656.05086
v -38802.64780 -63401.01230 5662.69105
v -39107.29417 -62458.93189 6066.74183
v -39809.38759 -61843.08965 6130.07626
v -40581.55059 -61238.14398 6357.70580
v -41506.07625 -60884.64299 6504.81998
v -42432.67687 -61501.70134 5866.57714
v -43158.98257 -62083.75047 5443.09558
v -44127.20162 -61959.39140 5991.93301
v -45094.90859 -62221.13175 6395.90613
v -45647.08853 -63055.00802 6268.22273
v -46140.17307 -63908.96330 6294.29370
v -46246.05984 -64905.18938 6086.17261
v -45819.22416 -65860.89271 5517.90439
v -45922.72378 -66743.81954 5726.10315
v -46300.44005 -67888.38172 6485.38920
v -45803.44916 -68787.07333 6478.74901
v -44897.59338 -69268.60151 6074.69823
v -44136.12078 -69778.75264 6011.36380
v -43255.61876 -69952.97378 5783.73426
v -42410.60979 -69997.75972 5636.62007
v -41528.14333 -70614.81807 6274.86292
v -40484.91440 -70798.58026 6698.34448
v -39800.46843 -69895.05439 6149.50705
v -39304.60938 -69030.80137 5745.53393
v -38646.28716 -68441.06904 5873.21733
v -38234.83816 -67636.01901 5847.14636
v -37781.69246 -66810.34955 6055.26745
v -36870.81417 -65860.89271 4779.88113
v -36959.62583 -64726.40507 4795.75583
v -37463.37366 -63722.05112 4670.97531
v -37709.52209 -62560.01690 4896.06366
v -37965.00709 -61115.54749 5381.03226
v -39126.80665 -60591.16770 5191.67272
v -40470.56941 -60876.45460 4659.89031
v -41479.72029 -60619.10842 4678.60912
v -42549.22554 -60327.48101 4863.36678
v -43638.00261 -60522.61670 4894.30590
v -44871.73531 -60593.84188 5189.72714
v -45965.42265 -61197.36545 5311.66354
v -46146.14982 -62671.05560 4777.03702
v -46283.64896 -63841.32004 4486.21765
v -47142.07326 -64703.51464 4865.12454
v -47587.41945 -65860.89271 5085.61101
v -47442.04758 -67085.78901 5069.73632
v -47253.47973 -68337.70259 5194.51683
v -46379.43788 -69230.20980 4969.42849
v -45135.81568 -69548.76237 4484.45989
v -44485.10929 -70418.83260 4673.81942
v -43782.18256 -71669.05342 5205.60184
v -42599.91057 -71904.95279 5186.88303
v -41429.03526 -71613.32538 5002.12536
v -40326.38946 -71315.21552 4971.18624
v -39513.43267 -70421.50679 4675.76500
v -38794.61406 -69630.58033 4553.82860
v -37476.23403 -69341.24850 5088.45513
v -36493.54289 -68456.97151 5379.27450
v -36659.65152 -67062.89857 5000.36760
v -36612.95085 -65860.89271 3334.08626
v -35804.00700 -64466.29834 3681.64837
v -35828.86039 -62951.44214 3836.00543
v -36968.17963 -61989.66567 3639.55232
v -37989.96444 -61144.89853 3556.35751
v -39070.17748 -60487.30412 3507.46848
v -40301.37796 -60325.05705 3374.37146
v -41373.73793 -59551.34299 3555.77143
v -42716.79336 -58639.24611 3873.51647
v -44008.48358 -59315.21347 3742.24618
v -44858.83006 -60617.51140 3455.37818
v -45847.39246 -61336.17462 3467.18328
v -46724.63090 -62226.00164 3500.24841
v -47379.92497 -63324.46885 3518.26039
v -48433.74772 -64412.78449 3770.82261
v -48774.83337 -65860.89271 3843.22550
v -47700.12321 -67143.87668 3495.66339
v -46939.29293 -68189.57582 3341.30633
v -46807.34928 -69559.42309 3537.75944
v -46127.85227 -70715.44498 3620.95425
v -45151.11874 -71640.36079 3669.84328
v -44059.60635 -72573.18185 3802.94030
v -42645.00082 -72359.23410 3621.54034
v -41445.53047 -71447.13721 3303.79530
v -40250.25519 -71563.33827 3435.06558
v -38777.88880 -71770.56808 3721.93358
v -37709.50463 -70906.72107 3710.12849
v -36885.46126 -69795.75907 3677.06335
v -36269.49244 -68562.60252 3659.05137
v -36537.63151 -67090.36284 3406.48915
v -35302.74350 -65860.89271 2144.64383
v -35307.00725 -64354.43361 2161.71181
v -35816.90899 -62945.80752 2152.98376
v -37244.77391 -62202.46326 2048.35716
v -38184.53030 -61373.71731 2027.71829
v -38654.01130 -59724.01356 2144.02355
v -39822.36614 -58763.95007 2185.73467
v -41306.14101 -58870.30838 2137.68024
v -42684.13104 -58968.31690 2126.74525
v -43922.18553 -59596.46014 2088.60502
v -44856.86916 -60621.10789 2029.08225
v -46243.80209 -60869.97787 2102.93271
v -47866.58546 -61347.43979 2209.76624
v -48268.11024 -62905.72429 2163.91874
v -48066.84847 -64495.36619 2086.49739
v -48208.71471 -65860.89271 2087.24107
v -47930.95202 -67195.83164 2070.17308
v -47607.10036 -68504.42086 2078.90114
v -47685.92395 -70235.35383 2183.52774
v -46820.31064 -71529.80925 2204.16661
v -45106.99690 -71559.43691 2087.86135
v -43810.53058 -71761.44004 2046.15023
v -42655.18234 -72461.81229 2094.20466
v -41335.08970 -72559.82081 2105.13964
v -39934.02110 -72593.95011 2143.27987
v -38403.88356 -72456.53124 2202.80265
v -37608.02175 -71026.06981 2128.95218
v -37425.43543 -69380.33036 2022.11865
v -36477.91886 -68464.33763 2067.96615
v -35442.90370 -67336.76423 2145.38750
v -35429.85549 -65860.89271 585.74853
v -36404.63419 -64601.48753 685.59552
v -36438.98746 -63239.09315 642.48351
v -36703.47173 -61786.01285 588.48336
v -37585.58689 -60669.33114 582.56523
v -38514.36388 -59467.88617 538.61676
v -39882.25619 -58959.13266 552.49438
v -41388.42477 -59699.31198 670.27008
v -42598.28504 -59833.20980 685.20930
v -44052.23532 -59172.62584 577.40281
v -45451.29159 -59530.87749 546.68759
v -46475.31534 -60597.70719 571.87090
v -47438.80413 -61676.55302 567.81982
v -47677.16459 -63184.33201 627.54429
v -47506.33779 -64621.52596 696.28985
v -48335.82670 -65860.89271 613.28044
v -49028.57897 -67442.88556 513.43345
v -48229.17883 -68797.70649 556.54546
v -47144.62177 -69818.90342 610.54561
v -46221.36724 -70825.42307 616.46375
v -44967.34948 -71303.30952 660.41222
v -43870.42062 -71956.62263 646.53459
v -42737.46611 -73290.81589 528.75889
v -41249.24370 -73424.71371 513.81967
v -40064.07089 -72170.11581 621.62616
v -38998.30599 -71366.30084 652.34138
v -37839.53500 -70753.79913 627.15807
v -36997.65410 -69709.44359 631.20915
v -35886.97322 -68742.94535 571.48468
v -34882.39301 -67462.92399 502.73912
v -36197.97532 -65860.89271 -770.87225
v -36448.49133 -64611.35890 -724.46587
v -36230.57255 -63140.83369 -959.22433
v -36418.65522 -61566.88949 -1173.29306
v -37855.80769 -60987.12376 -914.45626
v -39255.77586 -60827.71017 -655.82983
v -40214.75483 -60042.75091 -761.75549
v -41371.92062 -59533.03373 -846.69285
v -42641.21632 -59400.67986 -892.80065
v -44063.51024 -59135.88070 -1092.11817
v -45255.59990 -59889.79569 -1031.04878
v -45689.11659 -61522.31463 -664.94658
v -46404.30067 -62472.44745 -639.52851
v -47654.61474 -63194.96338 -913.11652
v -48216.74684 -64461.62706 -973.97554
v -48359.85784 -65860.89271 -975.52565
v -48344.60754 -67288.93725 -1021.93203
v -47341.00508 -68378.96736 -787.17357
v -46257.82486 -69136.64691 -573.10484
v -45993.69552 -70557.67021 -831.94163
v -45336.71712 -71980.76684 -1090.56806
v -43972.98321 -72290.87571 -984.64240
v -42643.18351 -72340.92483 -899.70505
v -41369.95343 -72208.57096 -853.59724
v -40305.28186 -71384.00550 -654.27973
v -39174.65864 -71042.85237 -715.34911
v -37551.22876 -71092.86109 -1081.45131
v -36565.13103 -70042.20487 -1106.86938
v -36544.18220 -68433.09706 -833.28137
v -36320.63063 -67139.20541 -772.42235
v -36166.84325 -65860.89271 -2534.10808
v -36274.26525 -64572.14408 -2547.78173
v -37121.44827 -63560.84669 -2205.23769
v -37751.93951 -62592.65071 -2145.62529
v -38616.48103 -61881.71209 -2015.98866
v -39555.37540 -61377.20579 -1904.34036
v -40277.80730 -60248.23988 -2360.62204
v -41364.38924 -59457.15559 -2699.29592
v -42570.71632 -60110.96281 -2285.08282
v -43529.58378 -60875.95537 -1944.76411
v -44561.48915 -61162.86448 -2060.28258
v -45445.53636 -61808.77666 -2077.82640
v -46325.03753 -62533.42849 -2209.10786
v -47445.70841 -63293.45453 -2619.45080
v -47635.07657 -64592.54943 -2485.94400
v -46883.44853 -65860.89271 -1900.47019
v -46756.68699 -66931.52802 -1886.79654
v -46911.55434 -68176.49816 -2229.34058
v -46421.85530 -69262.84360 -2288.95298
v -45787.28962 -70314.92697 -2418.58961
v -44913.67804 -71204.87070 -2530.23792
v -43589.42045 -71040.83870 -2073.95623
v -42484.57952 -70742.99996 -1735.28236
v -41450.52604 -71396.80718 -2149.49546
v -40217.97062 -71668.55419 -2489.81417
v -39203.18651 -70990.52939 -2374.29570
v -38274.72778 -70241.99154 -2356.75188
v -37655.12173 -69203.62138 -2225.47042
v -37655.60234 -67909.10601 -1815.12748
v -37152.65482 -66951.93337 -1948.63427
v -37390.79648 -65860.89271 -3662.95027
v -37722.89100 -64898.20083 -3405.29226
v -38530.55634 -64225.18594 -2779.08772
v -38764.18619 -63371.42190 -2999.01939
v -38876.57726 -62187.59773 -3726.86717
v -39669.48137 -61586.48760 -3719.41133
v -40644.34146 -61442.78043 -3420.91354
v -41545.81212 -61284.97925 -3375.28267
v -42421.98205 -61609.45096 -3039.67139
v -43198.79601 -61953.99785 -2867.97942
v -44251.50228 -61731.41152 -3547.27066
v -45267.52374 -62018.12805 -3961.44806
v -45571.44864 -63113.20150 -3450.92313
v -45750.91240 -64092.48446 -3114.69900
v -46066.45948 -64945.61383 -3170.71137
v -46044.26286 -65860.89271 -3047.57593
v -46187.25838 -66803.36100 -3305.23393
v -46435.89125 -67952.24165 -3931.43847
v -45764.98755 -68757.48292 -3711.50680
v -44666.87646 -68997.26736 -2983.65902
v -43996.21456 -69522.15059 -2991.11486
v -43318.40963 -70157.61023 -3289.61265
v -42450.34566 -70398.09598 -3335.24352
v -41517.44851 -70722.56769 -3670.85480
v -40524.72784 -70668.82765 -3842.54678
v -39924.76909 -69667.07450 -3163.25553
v -39477.22453 -68827.79767 -2749.07813
v -38570.64728 -68499.26253 -3259.60307
v -37845.57750 -67819.54016 -3595.82719
v -37602.09210 -66850.77401 -3539.81482
v -39308.69883 -65860.89271 -3572.29652
v -39089.61334 -65205.82275 -4092.73102
v -39152.87823 -64518.58633 -4351.30645
v -39447.22282 -63896.91559 -4422.46112
v -39780.33109 -63250.45560 -4718.92012
v -40452.40457 -63022.44734 -4312.15656
v -41177.89067 -63181.62560 -3515.69369
v -41704.79400 -62886.71140 -3815.68794
v -42338.76968 -62447.81013 -4579.13132
v -42998.05670 -62608.21039 -4558.70069
v -43573.45417 -62975.01981 -4406.89457
v -44091.76273 -63400.87940 -4368.75939
v -44274.66416 -64110.88162 -3792.73677
v -44466.38907 -64698.08688 -3587.86307
v -45097.36229 -65163.73827 -4442.89175
v -45400.11411 -65860.89271 -4870.72625
v -45047.91658 -66546.91790 -4350.29174
v -44717.66299 -67142.16434 -4091.71631
v -44375.28130 -67688.31351 -4020.56164
v -43856.28350 -68043.97114 -3724.10264
v -43498.11221 -68608.58089 -4130.86620
v -43060.24151 -69316.23629 -4927.32908
v -42341.52028 -69301.68733 -4627.33482
v -41702.04341 -68862.78606 -3863.89144
v -41115.70586 -68742.82109 -3884.32207
v -40527.74653 -68561.15335 -4036.12819
v -40015.81033 -68194.39494 -4074.26337
v -39346.60568 -67902.27954 -4650.28599
v -38901.60431 -67321.66489 -4855.15969
v -39139.05905 -66504.83342 -4000.13101
v -40482.91302 -65860.89271 -4488.64104
v -40313.64367 -65481.32755 -5286.13550
v -40377.26382 -65095.83617 -5487.58807
v -40760.92262 -64907.60950 -4544.50742
v -41041.85446 -64734.06759 -4160.45791
v -41227.45924 -64443.97541 -4596.52302
v -41511.66788 -64269.41072 -4732.15112
v -41828.15540 -64129.56955 -4977.71607
v -42184.23975 -64004.68921 -5434.69167
v -42500.63829 -64229.30472 -4885.61862
v -42695.47327 -64585.32492 -4002.53599
v -42991.57966 -64694.74746 -4353.01293
v -43343.21768 -64827.48924 -5040.57054
v -43514.40652 -65146.90936 -5030.61247
v -43637.48170 -65492.32825 -5093.58048
v -43661.07905 -65860.89271 -5043.54054
v -43422.35915 -66181.03737 -4246.04607
v -43280.66296 -66464.67512 -4044.59351
v -43332.11295 -66885.75276 -4987.67415
v -43168.46262 -67235.06080 -5371.72366
v -42816.54226 -67358.51318 -4935.65856
v -42493.77519 -67470.11375 -4800.03046
v -42160.36421 -67476.55176 -4554.46550
v -41852.03094 -67351.67143 -4097.48990
v -41518.53098 -67430.00774 -4646.56296
v -41106.39025 -67499.86268 -5529.64558
v -40864.97150 -67195.74067 -5179.16864
v -40772.02735 -66805.63250 -4491.61103
v -40611.00738 -66515.74831 -4501.56911
v -40528.76623 -66192.03807 -4438.60110
v -41956.68090 -65860.89271 -5340.89095
v -41960.92386 -65852.09745 -4819.77698
v -41963.68573 -65843.77195 -4789.12696
v -41969.38616 -65837.33997 -4493.75511
v -41974.31794 -65830.68938 -4577.32633
v -41977.73917 -65820.06410 -5526.84826
v -41985.91228 -65814.98060 -5691.86879
v -41995.85784 -65819.16067 -4769.98720
v -42003.93865 -65821.21104 -4468.92089
v -42012.18842 -65821.17046 -4741.44312
v -42019.73101 -65824.70406 -4744.45280
v -42028.27206 -65827.64340 -5175.87042
v -42037.14263 -65832.31705 -5741.65856
v -42038.09290 -65842.93340 -5090.19327
v -42035.29002 -65852.94963 -4221.23289
v -42038.36177 -65860.89271 -4574.31666
v -42040.81981 -65870.08043 -5095.43063
v -42038.30492 -65878.95198 -5126.08065
v -42035.46737 -65888.17950 -5421.45250
v -42028.97311 -65894.96648 -5337.88128
v -42018.57960 -65894.96956 -4388.35935
v -42011.15305 -65897.24068 -4223.33882
v -42004.39581 -65905.18022 -5145.22041
v -41995.40068 -65907.23060 -5446.28672
v -41986.94764 -65903.43055 -5173.76449
v -41978.89057 -65899.60952 -5170.75481
v -41973.61689 -65891.92051 -4739.33719
v -41971.06142 -65883.15658 -4173.54905
v -41963.47371 -65878.11342 -4825.01434
v -41955.39407 -65870.93261 -5693.97472
v -30460.76495 -66274.62709 9058.71391
v -30462.64180 -66265.70932 8869.00196
v -30464.06821 -66256.66082 9076.40552
v -30468.33513 -66248.79053 9041.40032
v -30471.31487 -66238.84915 9720.22409
v -30476.98152 -66229.85233 10296.82076
v -30487.36731 -66230.96389 9358.17535
v -30496.22133 -66234.25192 8497.10052
v -30504.07136 -66231.12447 9006.79180
v -30512.79931 -66230.38796 9456.32540
v -30520.92144 -66233.93143 9533.40000
v -30529.70390 -66237.57848 9997.35931
v -30534.72575 -66246.29305 9730.07679
v -30533.37373 -66257.93988 8566.71423
v -30535.86895 -66266.06482 8591.86673
v -30542.44582 -66274.62709 9643.14948
v -30542.53775 -66284.78127 9832.86144
v -30538.68740 -66293.97119 9625.45788
v -30534.41634 -66302.70868 9660.46308
v -30525.97004 -66307.01859 8981.63931
v -30517.82195 -66309.29374 8405.04264
v -30512.60809 -66318.20528 9343.68804
v -30504.75931 -66325.48044 10204.76288
v -30495.53339 -66322.35298 9695.07159
v -30487.55854 -66317.62936 9245.53800
v -30480.08100 -66313.37283 9168.46340
v -30475.04873 -66305.74792 8704.50408
v -30468.64454 -66300.21119 8971.78661
v -30458.75454 -66295.25025 10135.14916
v -30455.97300 -66285.13677 10109.99667
v -29078.51034 -66274.62709 8365.25313
v -29035.14137 -65924.95084 8710.43781
v -28896.70883 -65472.96482 9878.23193
v -29093.70140 -65127.17519 9802.29511
v -29463.25222 -64981.52866 8945.46437
v -29738.69066 -64793.75452 8823.99924
v -30033.50986 -64662.26590 8764.91523
v -30344.64820 -64614.68868 8658.86444
v -30674.97470 -64405.01746 9510.44391
v -31056.15598 -64352.34784 10081.17397
v -31296.23872 -64725.81110 9140.89578
v -31459.87757 -65077.40612 8424.33713
v -31730.48490 -65270.62820 8816.48860
v -31931.79330 -65558.71554 9026.65246
v -32077.22894 -65898.12694 9231.56505
v -32256.67637 -66274.62709 9885.74256
v -32143.85685 -66667.03199 9540.55788
v -31800.10797 -66924.69461 8372.76377
v -31664.89173 -67225.10605 8448.70058
v -31589.86038 -67633.97096 9305.53132
v -31327.77368 -67884.78380 9426.99645
v -31015.61717 -68056.78934 9486.08046
v -30676.85701 -68164.34933 9592.13125
v -30342.76588 -67954.67811 8740.55178
v -30074.04867 -67746.87128 8169.82172
v -29707.15570 -67816.84038 9110.09991
v -29333.26941 -67729.84842 9826.65856
v -29159.29457 -67368.55906 9434.50709
v -29028.39416 -67010.44533 9224.34323
v -28968.51346 -66640.20808 9019.43064
v -27226.12816 -66274.62709 8976.45111
v -27399.79198 -65534.57676 8751.32702
v -27601.51621 -64825.35503 8758.47944
v -28053.69340 -64278.59356 8437.22581
v -28706.17386 -64037.25191 7697.68188
v -29069.30518 -63491.68904 8087.01891
v -29466.61440 -62702.86707 9127.89661
v -30155.37563 -62592.30585 9026.19895
v -30816.06980 -62897.41219 8437.15374
v -31423.47408 -63082.76162 8360.94407
v -31925.85628 -63501.10081 8066.15228
v -32367.64753 -63945.17713 7935.57341
v -33102.30972 -64151.30475 8853.02467
v -33648.04158 -64700.57354 9347.52465
v -33492.29453 -65560.33678 8513.43548
v -33317.54345 -66274.62709 7992.47367
v -33358.09522 -66956.88270 8217.59777
v -33166.30097 -67607.80532 8210.44535
v -32981.75188 -68299.58176 8531.69898
v -32782.12626 -69121.04155 9271.24291
v -32115.01282 -69416.09412 8881.90588
v -31348.96524 -69208.96265 7841.02818
v -30792.10191 -69395.74435 7942.72583
v -30179.34353 -69700.85069 8531.77104
v -29541.12324 -69588.85721 8607.98071
v -28880.14864 -69425.50589 8902.77251
v -28291.69513 -69028.96677 9033.35137
v -28174.25124 -68172.29295 8115.90011
v -28083.25682 -67483.02383 7621.40014
v -27533.99129 -66982.64272 8455.48931
v -25752.04827 -66274.62709 8004.87240
v -26508.83137 -65321.89565 7148.84941
v -27037.48945 -64543.33579 6776.82533
v -27029.02446 -63442.52765 7418.14831
v -27462.82242 -62486.46412 7736.94155
v -28250.23472 -61898.46153 7686.34561
v -29071.70672 -61337.92114 7843.44592
v -30048.62704 -61451.69413 7453.81997
v -30893.97706 -62064.97099 6749.76964
v -31756.32535 -61932.30545 7129.89908
v -32849.51513 -61704.43159 7942.14505
v -33595.01554 -62414.32490 7847.77209
v -34046.89682 -63380.58062 7538.47536
v -34464.13245 -64292.51962 7480.87566
v -34406.62002 -65342.07824 7038.01887
v -34405.51465 -66274.62709 6924.69558
v -34973.19875 -67342.42389 7780.71857
v -34942.82435 -68496.08550 8152.74265
v -34029.82582 -69154.74470 7511.41967
v -33253.12162 -69708.49722 7192.62643
v -32576.96791 -70314.67317 7243.22237
v -31745.77489 -70580.48249 7086.12206
v -30953.16058 -71116.66090 7475.74801
v -29989.44351 -71729.93776 8179.79834
v -29082.25718 -71174.86679 7799.66890
v -28522.78194 -70120.64323 6987.42293
v -27804.71634 -69636.35800 7081.79589
v -27046.09546 -69092.79767 7391.09262
v -26558.79754 -68245.26933 7448.69232
v -25942.25264 -67362.60648 7891.54911
v -25434.74628 -66274.62709 5895.10130
v -25444.68863 -65067.87424 5975.99104
v -25713.47056 -63881.31256 6031.95520
v -25781.00955 -62424.22535 6498.05718
v -26535.90797 -61330.35688 6569.72146
v -27968.42804 -61350.30093 5893.44434
v -29027.97848 -61186.78027 5658.16283
v -29948.03634 -60376.87961 6064.15662
v -31071.96093 -60163.20822 6214.40434
v -32223.43605 -60317.79936 6297.13183
v -33425.02362 -60584.97238 6511.45101
v -34089.77592 -61797.22798 6130.38281
v -34262.98167 -63204.26886 5569.99726
v -35111.75968 -63968.69926 5881.70747
v -36102.49365 -64937.25642 6415.32969
v -36151.35156 -66274.62709 6355.40228
v -35927.11037 -67570.13204 6274.51254
v -35503.57663 -68776.46748 6218.54839
v -34450.92534 -69498.33563 5752.44640
v -33706.71656 -70274.24996 5680.78212
v -33326.73068 -71773.08576 6357.05924
v -32339.59163 -72632.93114 6592.34075
v -31068.22662 -72346.14480 6186.34696
v -29951.77065 -72132.47341 6036.09924
v -28911.82290 -71763.95022 5953.37175
v -28066.72098 -71007.75721 5739.05258
v -26918.96733 -70741.12106 6120.12077
v -25593.06588 -70278.37914 6680.50632
v -25321.65361 -68863.85417 6368.79611
v -25620.07190 -67439.51421 5835.17389
v -24436.78168 -66274.62709 4535.44230
v -23787.09227 -64672.18959 4880.77739
v -24645.25245 -63347.19239 4684.69086
v -25813.12460 -62450.42923 4418.87593
v -26596.05717 -61405.37883 4436.60538
v -27636.21567 -60704.09293 4390.49115
v -28692.56084 -60027.45377 4442.92985
v -29802.36130 -58820.33765 4799.27492
v -31204.48854 -58747.14685 4827.57461
v -32285.35803 -60103.77426 4412.07138
v -33256.61339 -60912.55815 4297.92706
v -34475.83422 -61315.71128 4483.00361
v -35384.62095 -62289.08120 4524.43232
v -36294.88208 -63377.12575 4656.39117
v -37107.81556 -64697.27613 4834.37916
v -36598.66420 -66274.62709 4550.74969
v -35683.20848 -67511.91024 4205.41461
v -35755.68498 -68902.52427 4401.50114
v -35652.29424 -70478.57768 4667.31607
v -34733.94500 -71555.47525 4649.58662
v -33717.15693 -72532.52939 4695.70085
v -32450.78922 -73017.27084 4643.26215
v -31073.62419 -72403.81799 4286.91708
v -29933.22565 -72330.62719 4258.61738
v -28527.12965 -73093.59133 4674.12062
v -27175.67213 -72740.99460 4788.26493
v -26337.94639 -71465.80769 4603.18839
v -25545.45131 -70317.22965 4561.75968
v -25184.44955 -68932.45763 4429.80083
v -25211.69935 -67536.99678 4251.81284
v -23831.84318 -66274.62709 2839.29540
v -23971.97958 -64716.32402 2840.08424
v -24878.21578 -63463.67648 2768.15622
v -25929.99146 -62545.78530 2698.31440
v -26198.50919 -60909.53146 2806.14543
v -26890.11278 -59252.79941 2915.58934
v -28407.40998 -59041.86770 2853.62519
v -29840.44057 -59227.21573 2789.73884
v -31155.93387 -59265.95492 2784.94159
v -32334.89391 -59932.56007 2738.28586
v -33564.25209 -60314.14998 2764.65633
v -35261.64561 -60335.59683 2901.25955
v -36272.95840 -61564.25328 2903.97060
v -36153.47044 -63447.83304 2772.95347
v -36355.35755 -64876.89531 2744.97012
v -36737.81439 -66274.62709 2779.77497
v -36595.92436 -67729.78455 2778.98612
v -36668.40716 -69358.89486 2850.91415
v -36371.14150 -71065.11219 2920.75597
v -34834.28953 -71680.63140 2812.92494
v -33343.09838 -71804.92365 2703.48102
v -32395.57441 -72826.42818 2765.44517
v -31189.48191 -73641.76100 2829.33153
v -29806.89253 -73680.50019 2834.12877
v -28346.72948 -73717.12055 2880.78450
v -27111.26649 -72866.27422 2854.41404
v -26625.86527 -71106.69678 2717.81082
v -25831.80836 -70083.58017 2715.09977
v -24363.27906 -69343.05142 2846.11690
v -23731.41277 -67890.35584 2874.10024
v -24714.21926 -66274.62709 1116.79786
v -24811.15250 -64916.64290 1112.62659
v -24438.19643 -63243.66223 999.27778
v -25021.86447 -61804.81034 980.48459
v -25985.85971 -60644.30136 983.95216
v -27084.10213 -59630.14078 972.12408
v -28605.26885 -59725.74060 1068.98455
v -29914.60473 -60019.66193 1142.44564
v -31171.38820 -59100.82493 1028.66191
v -32699.65931 -58671.79694 932.50515
v -33872.16670 -59715.20515 984.22095
v -34840.04647 -60861.44236 1019.93740
v -35634.89184 -62084.87577 1039.16550
v -35810.25269 -63619.44549 1113.06150
v -36443.34109 -64855.89276 1076.64135
v -37620.19047 -66274.62709 932.23636
v -37435.09727 -67930.10343 936.40763
v -36228.38781 -69138.88061 1049.75644
v -35463.01451 -70324.13724 1068.54963
v -34621.64005 -71415.40131 1065.08206
v -33537.08773 -72182.26502 1076.91014
v -32593.43328 -73510.30108 980.04968
v -31263.64607 -74434.20721 906.58859
v -29822.34687 -73515.37020 1020.37231
v -28711.49488 -72456.35741 1116.52907
v -27419.18110 -72267.32938 1064.81327
v -26204.26613 -71632.54230 1029.09682
v -25193.74181 -70604.20266 1009.86872
v -24020.06131 -69514.66387 935.97272
v -23819.39632 -67869.35329 972.39287
v -24620.53884 -66274.62709 -622.03401
v -24507.01649 -64844.04263 -728.87829
v -24306.48262 -63177.80395 -1010.78233
v -25272.23886 -62009.10022 -873.54794
v -26833.24743 -61701.21776 -449.47204
v -27727.05994 -60880.80006 -477.97620
v -28598.30577 -59701.67367 -740.59940
v -29847.97501 -59307.72147 -776.77255
v -31172.80327 -59085.70494 -862.61666
v -32528.08076 -59264.83542 -917.22510
v -33380.23078 -60672.10187 -570.64374
v -34027.20790 -61875.26683 -359.41082
v -35388.97673 -62285.52716 -692.70513
v -36511.92183 -63268.60362 -924.93822
v -36696.97251 -64795.34843 -818.93951
v -36782.42136 -66274.62709 -796.05340
v -36403.13270 -67683.76328 -689.20912
v -35416.91515 -68733.13583 -407.30508
v -35111.40850 -70037.24867 -544.53947
v -34971.13525 -71851.31417 -968.61537
v -33808.00120 -72709.23652 -940.11121
v -32356.53416 -72691.49073 -677.48801
v -31119.23790 -72891.20180 -641.31486
v -29901.54038 -72669.18528 -555.47075
v -28769.85237 -72254.65248 -500.86231
v -27299.28952 -72500.53832 -847.44367
v -25889.32008 -72025.36325 -1058.67659
v -25549.80709 -70313.67561 -725.38228
v -25401.48929 -68823.93550 -493.14919
v -24800.85630 -67635.06908 -599.14790
v -24457.26738 -66274.62709 -2828.72714
v -25210.54140 -65011.98098 -2329.93813
v -25885.64297 -63967.40056 -2049.88809
v -26338.26318 -62878.90954 -2123.04253
v -27130.55777 -62072.04232 -2037.72261
v -27817.88429 -61057.46844 -2295.85576
v -28635.98686 -59831.91332 -2820.35564
v -29904.36544 -59910.25483 -2558.22177
v -31010.31390 -60821.90843 -1917.17255
v -32032.09287 -60979.15166 -1976.78161
v -33159.81820 -61100.84079 -2260.83237
v -34096.50394 -61788.83636 -2304.22727
v -35144.89128 -62484.68565 -2592.07200
v -35860.03233 -63594.55515 -2690.93731
v -35457.53555 -65091.21430 -2063.43347
v -35173.87266 -66274.62709 -1753.67185
v -35692.96314 -67514.23878 -2252.46086
v -35675.74905 -68862.55547 -2532.51091
v -35008.17897 -69953.01981 -2459.35646
v -34301.36636 -71015.93539 -2544.67638
v -33176.18693 -71480.25327 -2286.54323
v -31947.60001 -71278.06419 -1762.04336
v -31024.55573 -71879.52002 -2024.17723
v -29890.12362 -72791.17362 -2665.22644
v -28720.47971 -72425.30252 -2605.61738
v -27801.51556 -71523.62562 -2321.56662
v -26925.69535 -70732.72943 -2278.17173
v -26474.97549 -69558.79593 -1990.32700
v -26069.92625 -68489.71006 -1891.46169
v -24975.11381 -67593.47209 -2518.96552
v -26097.45861 -66274.62709 -3727.93334
v -26620.86773 -65348.63983 -3167.93426
v -26963.36859 -64506.27458 -3046.80521
v -26813.20531 -63266.43269 -3926.14611
v -27267.81779 -62243.24182 -4276.56198
v -28306.14299 -62007.21237 -3708.92160
v -29202.94490 -61791.52847 -3464.84682
v -30065.68018 -61633.90740 -3410.58432
v -30913.88552 -61852.24848 -3159.92574
v -31832.90135 -61667.63068 -3613.58372
v -32946.42745 -61515.92109 -4356.61564
v -33573.24791 -62441.47489 -3972.00812
v -33742.63241 -63628.84139 -3222.19676
v -34215.22069 -64416.97809 -3297.46380
v -34611.46540 -65293.17962 -3472.48813
v -34750.92499 -66274.62709 -3533.53006
v -35085.23510 -67369.16808 -4093.52913
v -34868.70349 -68459.02430 -4214.65818
v -33814.00667 -68978.64974 -3335.31728
v -33058.11699 -69465.27492 -2984.90141
v -32632.87618 -70423.42401 -3552.54179
v -31877.01307 -71034.08981 -3796.61657
v -30970.21372 -71298.87417 -3850.87907
v -30009.35198 -71517.21525 -4101.53765
v -29158.83318 -70910.19203 -3647.87968
v -28619.69426 -69932.13273 -2904.84775
v -27782.94871 -69663.50799 -3289.45528
v -26741.83105 -69341.05844 -4039.26663
v -26309.88578 -68369.72780 -3963.99959
v -26147.09802 -67313.70787 -3788.97526
v -27629.96126 -66274.62709 -4271.61659
v -27361.02771 -65525.32335 -5002.72921
v -27591.81006 -64820.50186 -4947.33711
v -27910.90165 -64162.08440 -4983.75981
v -28390.54184 -63643.57538 -4880.76275
v -29118.96233 -63588.28041 -4038.81593
v -29662.22898 -63378.98287 -3928.86363
v -30165.91932 -62704.96550 -4974.64340
v -30850.21372 -62532.58346 -5307.44806
v -31461.07747 -62952.79050 -4789.28481
v -32020.63563 -63316.73930 -4640.84396
v -32454.55065 -63836.78597 -4381.56890
v -32703.85049 -64476.42261 -3956.94944
v -33267.19228 -64891.00216 -4614.53245
v -33865.41897 -65471.26828 -5501.92306
v -33721.37654 -66274.62709 -5029.20360
v -33319.33095 -66947.62929 -4298.09099
v -33156.59482 -67602.95215 -4353.48309
v -32838.96013 -68183.07260 -4317.06039
v -32466.49424 -68727.36502 -4420.05745
v -32164.66997 -69512.68549 -5262.00427
v -31544.57982 -69885.07845 -5371.95657
v -30802.64560 -69508.40399 -4326.17680
v -30213.48744 -69336.02196 -3993.37214
v -29578.72663 -69458.88608 -4511.53539
v -28974.92799 -69241.14438 -4659.97624
v -28378.59825 -68920.57561 -4919.25130
v -27775.79201 -68497.41082 -5343.87076
v -27702.40752 -67673.45245 -4686.28775
v -27907.11573 -66893.57422 -3798.89714
v -28842.00547 -66274.62709 -5604.04514
v -28757.22548 -65858.60957 -6165.24508
v -29038.66991 -65543.94684 -5339.26630
v -29371.30055 -65353.67877 -4411.71426
v -29492.88921 -65018.49383 -4910.49359
v -29681.79196 -64683.07713 -5506.15997
v -29993.64429 -64524.47584 -5516.07363
v -30321.83739 -64370.95447 -5814.73841
v -30674.22514 -64413.02652 -5643.86284
v -30942.17797 -64746.29770 -4573.96991
v -31207.92495 -64897.59597 -4505.61753
v -31607.95254 -64892.71751 -5594.13148
v -31888.16760 -65141.96896 -5866.58030
v -31995.74238 -65526.74034 -5510.14186
v -32095.36216 -65893.79836 -5481.60719
v -32020.17150 -66274.62709 -4978.84597
v -31865.94095 -66600.69071 -4417.64602
v -31942.06905 -66995.67662 -5243.62481
v -31942.49088 -67451.60963 -6171.17685
v -31619.49738 -67670.93613 -5672.39752
v -31270.87498 -67774.10641 -5076.73113
v -30975.75160 -67918.99929 -5066.81747
v -30654.04620 -67920.61512 -4768.15270
v -30342.01633 -67962.68717 -4939.02826
v -29960.07065 -68140.82115 -6008.92119
v -29618.84194 -67988.62525 -6077.27357
v -29481.34438 -67545.15981 -4988.75963
v -29316.97726 -67239.89982 -4716.31080
v -29092.34324 -66978.47012 -5072.74924
v -28986.64668 -66635.87950 -5101.28392
v -30460.42132 -66274.62709 -5287.21090
v -30462.32882 -66265.63461 -5093.19166
v -30464.23330 -66256.74337 -5209.45877
v -30468.67987 -66249.07182 -5129.78438
v -30471.40482 -66238.96135 -5861.70132
v -30476.90725 -66229.70787 -6489.80534
v -30487.28682 -66230.68568 -5571.53537
v -30496.19322 -66233.95149 -4712.01083
v -30504.06446 -66231.19824 -5160.71701
v -30512.66149 -66230.86434 -5541.08927
v -30520.80304 -66234.16175 -5656.24268
v -30529.85894 -66237.38511 -6205.48087
v -30534.97772 -66246.08745 -5952.71620
v -30533.51471 -66257.86939 -4760.75260
v -30535.82379 -66266.07560 -4749.41211
v -30542.10219 -66274.62709 -5746.54791
v -30542.22477 -66284.70656 -5940.56715
v -30538.85249 -66294.05374 -5824.30004
v -30534.76108 -66302.98997 -5903.97443
v -30526.05999 -66307.13079 -5172.05749
v -30517.74768 -66309.14927 -4543.95347
v -30512.52760 -66317.92708 -5462.22344
v -30504.73119 -66325.18000 -6321.74798
v -30495.52648 -66322.42675 -5873.04180
v -30487.42071 -66318.10573 -5492.66954
v -30479.96260 -66313.60315 -5377.51613
v -30475.20376 -66305.55455 -4828.27794
v -30468.89651 -66300.00560 -5081.04261
v -30458.89552 -66295.17976 -6273.00621
v -30455.92785 -66285.14755 -6284.34670
v -18963.31232 -55381.02856 10779.26443
v -18961.56180 -55373.24293 11354.00453
v -18962.94858 -55365.30886 11631.74254
v -18966.21898 -55357.64073 11895.58541
v -18969.79293 -55349.05968 12641.88802
v -18978.67253 -55345.82747 12093.67476
v -18988.80782 -55348.20431 10675.95208
v -18996.10151 -55345.68316 10913.26166
v -19004.41774 -55340.97549 12007.44897
v -19013.19577 -55342.32822 12104.12894
v -19021.42648 -55345.66404 12137.29461
v -19028.85556 -55350.49002 12196.98711
v -19030.92028 -55359.62132 11116.69494
v -19032.51340 -55367.23419 10537.55523
v -19040.41385 -55372.84276 11798.90544
v -19044.99319 -55381.02856 12608.72235
v -19041.45775 -55389.42579 12033.98226
v -19037.56777 -55396.96732 11756.24424
v -19032.30019 -55403.39116 11492.40137
v -19024.44810 -55406.90257 10746.09876
v -19019.51297 -55413.23480 11294.31203
v -19014.04860 -55422.23006 12712.03471
v -19004.63948 -55423.09205 12474.72512
v -18995.87976 -55418.38438 11380.53782
v -18987.95499 -55416.35397 11283.85784
v -18980.58605 -55413.07138 11250.69218
v -18974.20039 -55408.33290 11190.99967
v -18964.83907 -55405.37175 12271.29184
v -18957.89421 -55398.89265 12850.43155
v -18960.51791 -55389.02563 11589.08134
v -17528.86240 -55381.02856 10773.73962
v -17339.72884 -55044.74187 12015.58228
v -17362.33498 -54686.22129 12538.64067
v -17724.99793 -54498.29818 11349.31361
v -18021.68627 -54345.65552 10723.94697
v -18235.93125 -54119.92950 11086.63562
v -18526.34805 -53991.90962 11112.06489
v -18831.04271 -53849.19047 11571.01288
v -19186.17227 -53693.11218 12475.07440
v -19514.24526 -53872.85821 11833.16912
v -19709.58555 -54209.85426 10488.47408
v -19981.28350 -54342.51254 10748.31035
v -20305.55651 -54477.14423 11556.63429
v -20487.21155 -54750.05374 11634.57915
v -20655.92990 -55045.62119 11991.21889
v -20707.02844 -55381.02856 12068.64200
v -20448.44432 -55674.40988 10826.79935
v -20265.73412 -55918.03781 10303.74096
v -20296.18826 -56278.42690 11493.06802
v -20148.29444 -56596.29628 12118.43466
v -19825.01427 -56742.71850 11755.74601
v -19508.45536 -56872.21839 11730.31673
v -19163.25152 -56861.13571 11271.36875
v -18853.96346 -56705.05741 10367.30723
v -18532.13795 -56753.16698 11009.21251
v -18120.50254 -56832.64326 12353.90754
v -17854.67533 -56593.15330 12094.07127
v -17734.36618 -56257.27295 11285.74734
v -17583.81241 -55981.87025 11207.80248
v -17547.21442 -55675.28920 10851.16274
v -15753.88789 -55381.02856 11168.39039
v -16001.04632 -54773.59271 10698.28482
v -16230.50490 -54206.02311 10608.62064
v -16734.91043 -53812.82455 10003.80562
v -17140.74055 -53413.32940 9948.52587
v -17371.05917 -52692.45405 11199.10158
v -17944.38290 -52285.13146 11611.81914
v -18682.46004 -52502.07731 10624.91011
v -19300.94080 -52652.57228 10210.53995
v -19903.01259 -52732.68753 10323.20772
v -20427.76331 -53024.49850 10149.20520
v -21066.23856 -53194.27840 10755.67283
v -21786.39068 -53451.90880 11685.19384
v -21914.56645 -54144.47412 11022.99080
v -21696.38776 -54834.87722 9891.13785
v -21845.30317 -55381.02856 10122.52839
v -21959.34956 -55980.44261 10592.63396
v -21795.28966 -56566.97778 10682.29813
v -21662.96891 -57224.69893 11287.11315
v -21216.69295 -57727.00822 11342.39290
v -20416.76681 -57719.40885 10091.81719
v -19826.73375 -57805.66019 9679.09964
v -19319.18632 -58274.90637 10666.00866
v -18664.21452 -58425.40133 11080.37882
v -18020.66175 -58253.21626 10967.71105
v -17382.05567 -58051.45330 11141.71357
v -16990.28616 -57507.95723 10535.24594
v -16858.33220 -56863.78318 9605.72493
v -16349.78169 -56505.42879 10267.92797
v -15738.08451 -56041.72712 11399.78092
v -14725.60514 -55381.02856 9330.31415
v -15337.71820 -54639.23610 8507.49448
v -15229.22576 -53781.21339 9102.58439
v -15228.34779 -52769.77635 9931.76065
v -15948.93053 -52152.00808 9773.08102
v -16770.51640 -51701.25538 9616.70118
v -17645.76614 -51409.35294 9497.88649
v -18590.35607 -51667.02383 8778.82845
v -19408.86854 -51674.05391 8767.31843
v -20427.87137 -51193.39004 9867.63243
v -21400.68453 -51418.68745 10147.98039
v -21911.36668 -52299.85892 9449.12884
v -22403.95678 -53024.34529 9226.55252
v -22777.55096 -53778.33825 9114.09441
v -22866.50194 -54597.87146 8831.44665
v -23379.07152 -55381.02856 9492.73305
v -23802.08558 -56353.68743 10315.55273
v -23134.56066 -57135.18630 9720.46282
v -22229.14915 -57616.68613 8891.28656
v -21739.22974 -58280.02152 9049.96619
v -21097.24959 -58842.54888 9206.34603
v -20319.83431 -59251.81771 9325.16072
v -19494.88961 -59867.90653 10044.21876
v -18504.33500 -59874.93660 10055.72877
v -17753.80319 -59035.85480 8955.41478
v -17073.95134 -58559.98094 8675.06682
v -16121.06747 -58427.87235 9373.91836
v -15403.15542 -57871.25507 9596.49469
v -14872.21606 -57132.31116 9708.95280
v -14402.13456 -56312.32279 9991.60056
v -13729.25057 -55381.02856 7707.31600
v -13758.83628 -54319.43474 7790.47973
v -13863.79136 -53201.90461 8041.40685
v -14205.57477 -52061.67334 8330.28233
v -15454.97260 -51629.24048 7733.17690
v -16674.36564 -51542.55810 7118.56872
v -17416.41641 -50736.71970 7568.40219
v -18408.87634 -50021.65211 8072.64144
v -19583.78696 -50088.16967 8005.93513
v -20746.69127 -50258.36008 8070.04335
v -21752.25807 -50838.41365 7929.48516
v -22210.10993 -51983.69172 7257.48252
v -22905.68583 -52676.98000 7286.24048
v -24200.32900 -53174.70045 8108.11317
v -24730.75231 -54220.26893 8266.17411
v -24445.85584 -55381.02856 7873.73509
v -24241.25802 -56442.64148 7790.57136
v -23653.89744 -57355.52377 7539.64424
v -22875.49056 -58064.17183 7250.76875
v -22625.78119 -59218.28032 7847.87419
v -22032.66828 -60386.46183 8462.48237
v -20728.02957 -60448.96629 8012.64889
v -19529.06662 -60177.76977 7508.40965
v -18463.59668 -60244.28733 7575.11596
v -17435.07811 -59970.60667 7511.00773
v -16393.95543 -59682.31738 7651.56593
v -15039.30134 -59572.73156 8323.56857
v -14235.77003 -58679.47850 8294.81061
v -14410.22293 -57328.31961 7472.93792
v -14248.33057 -56343.47567 7314.87698
v -12244.31812 -55381.02856 6228.53893
v -12473.37676 -54059.06586 6185.03294
v -13737.03219 -53148.12487 5708.74224
v -14444.11759 -52226.82522 5640.98517
v -15050.44867 -51201.12303 5782.67699
v -16039.80928 -50495.21984 5792.01554
v -17017.84602 -49567.79877 6050.17908
v -18287.99386 -48925.68049 6257.76174
v -19628.87683 -49679.36594 5842.15322
v -20648.43147 -50546.53486 5485.80385
v -21915.37375 -50569.19046 5745.17334
v -23189.88060 -50946.77677 5970.37539
v -24076.75663 -51866.20503 5977.45027
v -24989.49154 -52839.88481 6124.35076
v -25175.30543 -54130.22503 5997.33454
v -24406.20064 -55381.02856 5523.30750
v -24369.49297 -56468.61537 5566.81349
v -24847.46472 -57861.91501 6043.10419
v -24283.28724 -59038.84075 6110.86126
v -23188.33649 -59813.64618 5969.16944
v -22120.75054 -60531.84202 5959.83089
v -20776.07440 -60589.87143 5701.66735
v -19559.25675 -60451.48616 5494.08469
v -18357.61394 -61205.17161 5909.69321
v -16890.20309 -61568.60752 6266.04258
v -15834.43249 -60605.81263 6006.67309
v -15051.99277 -59559.29992 5781.47104
v -14237.58699 -58678.22055 5774.39616
v -13879.05901 -57553.67495 5627.49567
v -13279.18923 -56539.77453 5754.51189
v -12558.77028 -55381.02856 3776.13466
v -12835.58548 -54132.43097 3752.85355
v -13688.24127 -53127.42449 3671.22862
v -14017.08119 -51931.17237 3728.93536
v -14197.41059 -50298.33224 3899.34136
v -15478.70532 -49569.11511 3876.78507
v -17083.02143 -49758.94419 3736.34098
v -18360.98484 -49587.44755 3721.25069
v -19644.82532 -49534.77018 3730.55394
v -20893.95929 -49826.45476 3723.87315
v -22420.79838 -49734.98472 3843.14466
v -23871.50242 -50225.39994 3916.57875
v -24171.47260 -51800.62971 3767.94383
v -24260.97978 -53148.96833 3661.92537
v -25063.67620 -54152.83544 3735.61615
v -25464.74149 -55381.02856 3780.06986
v -25459.53026 -56689.40162 3803.35097
v -25478.43265 -58129.61389 3884.97590
v -24458.23123 -59159.96085 3827.26915
v -22833.19093 -59437.78706 3656.86316
v -21931.69092 -60219.79823 3679.41945
v -21071.18587 -61455.36965 3819.86354
v -19710.02618 -61818.42543 3834.95383
v -18295.78398 -61765.74806 3825.65057
v -16905.79486 -61522.88023 3832.33136
v -15967.81278 -60385.66784 3713.05986
v -15235.72208 -59364.85476 3639.62577
v -13730.32256 -59029.41819 3788.26069
v -12470.78840 -58151.15773 3894.27915
v -12439.73143 -56709.80609 3820.58836
v -13385.15795 -55381.02856 1758.29298
v -12644.77266 -54093.78198 1610.61034
v -12590.67587 -52661.76368 1523.79951
v -13577.05716 -51626.52771 1576.14537
v -14566.56398 -50689.01619 1589.10993
v -15827.97853 -50145.59218 1636.24560
v -17236.93860 -50210.35000 1743.13842
v -18358.84321 -49568.03064 1671.43410
v -19747.37135 -48605.04464 1501.36291
v -21158.07667 -49051.85550 1529.18818
v -22159.10990 -50166.90279 1640.56766
v -23184.40720 -50952.56940 1651.40017
v -23909.75627 -51981.82546 1682.31466
v -24481.04274 -53055.60287 1693.87070
v -25719.26231 -54020.04696 1548.32010
v -26291.12916 -55381.02856 1477.73045
v -25268.71743 -56650.75262 1625.41310
v -24380.86724 -57663.95309 1712.22393
v -24018.20720 -58855.31619 1659.87807
v -23202.34432 -59828.47100 1646.91351
v -22280.96413 -60796.27530 1599.77783
v -21225.10303 -61906.77547 1492.88501
v -19707.88455 -61799.00852 1564.58933
v -18398.33001 -60836.02253 1734.66052
v -17169.91223 -60748.28096 1706.83525
v -15706.12430 -60817.58591 1595.45578
v -14548.62686 -60092.02421 1584.62327
v -13468.60623 -59210.61394 1553.70878
v -12690.85137 -58057.79227 1542.15274
v -13095.31754 -56577.01761 1687.70333
v -12857.86248 -55381.02856 -511.79006
v -12606.84586 -54086.09993 -717.61049
v -12969.24379 -52822.37757 -751.84227
v -14409.15839 -52202.62169 -267.45353
v -15440.91430 -51614.36224 -81.60734
v -15952.37764 -50350.91351 -487.28414
v -17002.61670 -49523.13445 -679.82019
v -18339.10155 -49389.04443 -606.13268
v -19670.21461 -49304.58018 -652.70922
v -20855.69209 -49938.68418 -440.19893
v -21652.18544 -51003.58400 -73.97786
v -22863.36881 -51292.33208 -319.25402
v -24401.79372 -51641.17001 -791.29800
v -24949.33593 -52856.92151 -705.26573
v -24948.34743 -54176.19520 -479.96381
v -25019.74500 -55381.02856 -447.82841
v -24502.96207 -56495.64944 -242.00799
v -24079.67632 -57536.16771 -207.77621
v -24248.32803 -59014.63722 -692.16495
v -23578.80212 -60226.88538 -878.01113
v -22033.31890 -60387.53569 -472.33433
v -20760.84508 -60545.20711 -279.79829
v -19610.36444 -60914.85010 -353.48580
v -18398.95172 -60830.38585 -306.90926
v -17097.46371 -60960.75684 -519.41954
v -15571.24418 -61040.20618 -885.64061
v -14725.48098 -59904.85523 -640.36446
v -14562.62408 -58453.18553 -168.32048
v -13838.90340 -57570.71165 -254.35275
v -13052.23122 -56585.74471 -479.65466
v -13376.95327 -55381.02856 -2646.02127
v -14191.17628 -54407.00488 -1974.29529
v -14391.76706 -53425.90728 -2096.02413
v -14765.32819 -52449.21102 -2276.60102
v -15446.07999 -51619.82921 -2349.69339
v -16083.11863 -50566.70212 -2846.28332
v -17185.59057 -50059.75734 -2882.19803
v -18477.01642 -50639.43879 -2056.98772
v -19495.68013 -50886.98343 -1808.74064
v -20648.34377 -50546.79206 -2371.45955
v -21775.92203 -50799.35618 -2578.35109
v -22737.26656 -51425.78914 -2610.10657
v -23679.79371 -52141.03691 -2799.50559
v -23846.85643 -53324.66721 -2344.27121
v -23540.80432 -54461.29201 -1713.88211
v -24093.55855 -55381.02856 -2142.80186
v -24673.59802 -56530.21163 -2814.52784
v -24181.87313 -57579.52645 -2692.79900
v -23435.24398 -58451.70952 -2512.22211
v -22616.88858 -59208.86906 -2439.12974
v -21441.42127 -59410.60585 -1942.53981
v -20497.20373 -59772.00392 -1906.62511
v -19597.20670 -60795.55645 -2731.83541
v -18375.48984 -61043.10109 -2980.08249
v -17336.73062 -60259.03865 -2417.36358
v -16417.61939 -59643.25991 -2210.47205
v -15566.45797 -59014.82898 -2178.71656
v -15009.87792 -58143.53541 -1989.31754
v -14056.75036 -57478.28637 -2444.55192
v -13058.38257 -56584.49876 -3074.94102
v -14873.81845 -55381.02856 -3704.22873
v -15194.25061 -54610.17684 -3338.96157
v -15013.67922 -53689.76410 -4072.56862
v -15033.59423 -52634.94137 -4909.16720
v -15968.92455 -52173.16823 -4330.60358
v -16970.83736 -52031.88607 -3598.94126
v -17724.79184 -51641.11827 -3704.97154
v -18569.04790 -51473.83502 -3699.01376
v -19441.07654 -51382.04260 -3849.30131
v -20470.80631 -51067.47113 -4687.10180
v -21381.10777 -51450.99897 -4691.11486
v -21715.22932 -52507.43582 -3598.19844
v -22150.80713 -53199.61001 -3344.91935
v -22897.83643 -53727.30510 -3922.28107
v -23267.45916 -54516.65787 -4071.36672
v -23527.28483 -55381.02856 -4326.59052
v -23658.61799 -56324.62817 -4691.85768
v -22919.01412 -57043.73701 -3958.25063
v -22034.39559 -57481.85115 -3121.65205
v -21759.22375 -58301.18167 -3700.21567
v -21297.57055 -59173.17956 -4431.87799
v -20398.86001 -59483.58304 -4325.84771
v -19473.58144 -59674.71771 -4331.80549
v -18536.54299 -59582.92529 -4181.51793
v -17796.73813 -58909.93589 -3343.71745
v -17054.37458 -58592.29247 -3339.70439
v -15924.93012 -58635.44925 -4432.62081
v -15150.00577 -58046.51979 -4685.89990
v -14992.50153 -57081.27801 -4108.53818
v -14803.09178 -56231.10920 -3959.45253
v -15789.71451 -55381.02856 -5678.79122
v -15779.38047 -54728.69446 -5893.50284
v -16146.39959 -54170.34001 -5452.73831
v -16489.56844 -53642.96535 -5399.01000
v -17066.47277 -53334.73001 -4842.03055
v -17655.13497 -53161.32250 -4320.46535
v -18051.49776 -52599.27622 -5311.21396
v -18641.49528 -52130.67351 -6251.41275
v -19332.37448 -52367.58130 -5599.11507
v -19905.80039 -52724.51152 -4950.63427
v -20469.85648 -52955.02352 -4972.76523
v -20894.03964 -53376.52068 -4688.04260
v -21372.24396 -53738.63766 -4953.30406
v -22081.97038 -54073.45016 -6105.03598
v -22278.34323 -54717.00257 -6047.49080
v -21881.12979 -55381.02856 -4819.89960
v -21737.68371 -55935.54436 -4605.18798
v -21711.18435 -56531.29467 -5045.95251
v -21417.62692 -57054.83973 -5099.68082
v -21142.42517 -57648.40883 -5656.66026
v -20700.84261 -58188.27730 -6178.22547
v -19933.84860 -58119.80495 -5187.47685
v -19278.22156 -57903.50257 -4247.27807
v -18695.64820 -58140.41035 -4899.57574
v -18023.44955 -58245.04024 -5548.05654
v -17424.14884 -57981.97832 -5525.92559
v -16818.08724 -57690.19951 -5810.64822
v -16444.18548 -57150.51204 -5545.38676
v -16517.18562 -56434.40482 -4393.65483
v -16320.03999 -55923.85247 -4451.20002
v -17264.45485 -55381.02856 -6829.06804
v -17374.03681 -55051.69092 -6426.93024
v -17708.93025 -54833.27024 -5059.86649
v -17837.42928 -54576.13850 -5190.32050
v -17892.26011 -54208.68069 -6389.61931
v -18157.88358 -53991.11144 -6547.39360
v -18489.68933 -53884.39752 -6367.16057
v -18826.60563 -53808.96205 -6407.91635
v -19156.74436 -53959.91802 -5533.52520
v -19428.65372 -54123.87971 -4916.59722
v -19800.01150 -54060.60582 -6085.13090
v -20183.27583 -54128.73918 -7009.30107
v -20338.81289 -54454.11963 -6386.17446
v -20436.58549 -54771.53271 -5934.25764
v -20515.54334 -55074.05638 -5807.24848
v -20442.62089 -55381.02856 -5221.08563
v -20482.75229 -55681.35893 -5623.22343
v -20612.32939 -56065.08675 -6990.28718
v -20408.61961 -56356.26722 -6859.83317
v -20018.86827 -56459.32145 -5660.53436
v -19746.96659 -56613.90044 -5502.76007
v -19471.79665 -56764.70629 -5682.99310
v -19158.81444 -56820.90729 -5642.23732
v -18824.53555 -56971.86326 -6516.62847
v -18446.54641 -57004.18848 -7133.55645
v -18210.92848 -56683.39481 -5965.02277
v -18056.66767 -56379.37994 -5040.85260
v -17767.62256 -56234.24835 -5663.97921
v -17533.18634 -56003.34922 -6115.89603
v -17406.82786 -55703.72439 -6242.90519
v -18963.00169 -55381.02856 -5451.57308
v -18961.64051 -55373.25887 -5940.16698
v -18963.36234 -55365.48441 -6135.86501
v -18966.39178 -55357.76036 -6452.42297
v -18969.65712 -55348.91596 -7290.48054
v -18978.53245 -55345.59626 -6759.27380
v -18988.74668 -55348.02500 -5323.42015
v -18996.10365 -55345.70258 -5512.63408
v -19004.37831 -55341.33297 -6528.24781
v -19013.09677 -55342.61855 -6637.44998
v -19021.52310 -55345.50458 -6783.74477
v -19029.11849 -55350.21175 -6887.42672
v -19031.03184 -55359.54409 -5750.95306
v -19032.42552 -55367.27148 -5120.25128
v -19040.14932 -55372.89634 -6343.22080
v -19044.68256 -55381.02856 -7144.18575
v -19041.53646 -55389.44174 -6655.59184
v -19037.98153 -55397.14287 -6459.89381
v -19032.47299 -55403.51079 -6143.33586
v -19024.31229 -55406.75884 -5305.27829
v -19019.37288 -55413.00359 -5836.48503
v -19013.98746 -55422.05075 -7272.33867
v -19004.64162 -55423.11147 -7083.12475
v -18995.84033 -55418.74186 -6067.51102
v -18987.85599 -55416.64430 -5958.30885
v -18980.68267 -55412.91191 -5812.01406
v -18974.46332 -55408.05464 -5708.33210
v -18964.95062 -55405.29452 -6844.80576
v -18957.80633 -55398.92994 -7475.50755
v -18960.25337 -55389.07921 -6252.53803
v -7462.04166 -57477.15121 14057.01216
v -7459.09373 -57468.87531 15105.96410
v -7461.59159 -57460.87474 15166.56168
v -7464.78356 -57452.79794 15570.37540
v -7470.91837 -57446.40922 15551.87613
v -7481.19767 -57446.15397 13960.94749
v -7488.93524 -57444.73839 13472.47771
v -7495.64105 -57437.67708 15073.62836
v -7504.62735 -57435.24648 15771.08071
v -7513.06322 -57438.88416 15229.09782
v -7521.00637 -57442.52042 15158.27823
v -7526.60241 -57449.02998 14545.48194
v -7529.06423 -57457.05239 13504.81345
v -7536.06267 -57461.86880 14469.10932
v -7544.53043 -57468.14209 16112.35829
v -7543.72254 -57477.15121 15622.69572
v -7538.98968 -57485.03935 14573.74378
v -7536.21078 -57492.49638 14513.14620
v -7530.86477 -57498.49516 14109.33248
v -7525.57355 -57504.18483 14127.83175
v -7522.03810 -57513.48289 15718.76039
v -7514.17602 -57518.67804 16207.23017
v -7504.17902 -57514.99594 14606.07952
v -7496.08938 -57512.56533 13908.62716
v -7487.82244 -57512.82381 14450.61005
v -7480.16594 -57509.84935 14521.42964
v -7471.94724 -57506.80559 15134.22594
v -7462.98302 -57502.74960 16174.89443
v -7461.44348 -57493.49044 15210.59855
v -7464.63449 -57484.30613 13567.34959
v -5870.77599 -57477.15121 14775.17369
v -5741.69262 -57121.42161 15914.86384
v -5998.93691 -56841.04041 14869.22518
v -6346.55522 -56679.50825 13397.73130
v -6501.98059 -56422.15175 13843.00987
v -6705.15533 -56166.78230 14507.55709
v -7003.18719 -56021.80127 14629.60971
v -7320.06015 -55847.63819 15399.42315
v -7678.91955 -55856.87797 15333.34903
v -7951.01229 -56155.96807 13626.32768
v -8201.04050 -56321.42643 13237.60569
v -8578.09877 -56337.50041 14653.12107
v -8862.27575 -56535.09513 15145.05040
v -9009.98025 -56837.26155 14935.29930
v -9141.24589 -57145.10475 15104.75264
v -9048.94202 -57477.15121 14231.73186
v -8850.40810 -57750.35721 13092.04171
v -8902.33605 -58071.42410 14137.68037
v -8917.74555 -58457.56637 15609.17425
v -8628.58875 -58670.17462 15163.89569
v -8294.23835 -58786.52054 14499.34846
v -7985.29451 -58898.75974 14377.29584
v -7652.26896 -58856.08001 13607.48240
v -7346.71074 -58865.31979 13673.55653
v -6968.90497 -59032.92655 15380.57787
v -6611.95749 -58941.16468 15769.29987
v -6451.49060 -58585.52329 14353.78449
v -6291.08542 -58313.15326 13861.85515
v -6106.58111 -58067.64525 14071.60625
v -6032.53041 -57774.04035 13902.15291
v -4465.89856 -57477.15121 13509.52942
v -4620.50657 -56894.59036 13219.04026
v -4847.63589 -56353.14951 13088.88726
v -5233.22324 -55909.60454 12762.34241
v -5410.99588 -55268.87931 13792.25689
v -5770.34907 -54625.67483 14877.69824
v -6527.36856 -54627.95109 13874.41710
v -7208.78762 -54839.96800 12711.09194
v -7801.82982 -54743.81779 13037.92891
v -8417.63783 -54789.04788 13301.78473
v -9017.09611 -54976.08949 13509.82155
v -9738.84531 -55110.48321 14512.81056
v -10174.09402 -55627.93198 14382.36542
v -10059.57109 -56392.47274 12762.05028
v -10160.45278 -56938.90527 12498.48660
v -10557.31384 -57477.15121 13584.22007
v -10578.80982 -58100.03649 13874.70923
v -10412.42065 -58711.35798 14004.86223
v -10161.28173 -59317.51034 14331.40708
v -9486.94828 -59577.54058 13301.49260
v -8816.05671 -59646.78242 12216.05125
v -8409.71940 -60142.05849 13219.33239
v -7845.51390 -60606.08226 14382.65755
v -7165.10354 -60509.93205 14055.82058
v -6535.28699 -60303.15528 13791.96476
v -5971.38847 -59997.19707 13583.92794
v -5662.89291 -59419.14449 12580.93893
v -5246.03554 -59035.83777 12711.38407
v -4494.78633 -58750.68121 14331.69921
v -4202.14953 -58144.35140 14595.26289
v -3651.04239 -57477.15121 11111.11630
v -3642.63987 -56696.75457 11292.07813
v -3253.73028 -55677.69451 12640.19997
v -3677.05852 -54833.46821 12788.09217
v -4578.39065 -54388.73804 12100.93170
v -5351.58575 -53935.30795 11968.05266
v -6235.63895 -53773.36631 11575.29775
v -7092.89785 -53790.48459 11198.54890
v -7963.66016 -53278.30230 12233.82277
v -9015.90201 -53036.50906 13132.77632
v -9733.66492 -53794.76499 12294.28237
v -10212.80791 -54609.46061 11503.87121
v -10849.68682 -55160.73854 11668.82698
v -11251.97077 -55887.16532 11604.92610
v -11662.58997 -56635.00240 11889.13862
v -12304.50877 -57477.15121 12939.42565
v -12107.00724 -58409.21170 12758.46382
v -11159.06519 -59027.76617 11410.34198
v -10677.85988 -59674.74020 11262.44978
v -10368.68986 -60509.62355 11949.61025
v -9678.31894 -61068.29489 12082.48929
v -8909.70712 -61606.70894 12475.24420
v -7997.43139 -61981.82824 12851.99305
v -7059.12661 -61469.64595 11816.71918
v -6341.83384 -60869.85169 10917.76563
v -5406.93173 -60927.75193 11756.25958
v -4422.50870 -60730.34611 12546.67074
v -3848.88545 -60002.01053 12381.71497
v -3346.63587 -59237.23698 12445.61585
v -3198.22260 -58347.45953 12161.40333
v -1943.25884 -57477.15121 10258.92952
v -2072.94058 -56379.18296 10249.04058
v -2235.82951 -55246.33511 10499.89572
v -3052.57214 -54401.61645 10189.29443
v -4336.91490 -54133.47569 9286.69543
v -5055.28138 -53446.82504 9476.88079
v -5738.45287 -52316.92291 10427.39201
v -6898.24382 -52027.72182 10493.46442
v -8073.83085 -52280.61019 10180.37099
v -9186.38752 -52537.09345 10142.34773
v -10012.27851 -53335.44683 9635.23481
v -10675.48785 -54120.36482 9308.41831
v -11943.06074 -54404.63645 10182.96816
v -13008.22901 -55142.90957 10812.98914
v -12908.92884 -56382.85103 10227.31769
v -12659.86412 -57477.15121 9793.80834
v -12555.36232 -58499.92005 9803.69729
v -12025.93559 -59395.12290 9552.84215
v -11722.48793 -60397.13301 9863.44344
v -11507.72349 -61713.68817 10766.04244
v -10413.58402 -62280.44179 10575.85708
v -9050.06602 -62017.87248 9625.34586
v -8018.43410 -62172.02617 9559.27345
v -6953.64056 -62424.91454 9872.36688
v -5874.77436 -62238.04302 9910.39014
v -4653.97587 -62169.06357 10417.50306
v -3504.67926 -61700.57730 10744.31956
v -3273.14495 -60400.15300 9869.76970
v -3218.12294 -59291.69736 9239.74873
v -2426.50709 -58503.58812 9825.42018
v -672.20798 -57477.15121 8146.70543
v -1691.59137 -56302.03081 7573.41011
v -2560.12004 -55383.76085 7231.34810
v -2740.72427 -54185.96394 7537.71941
v -3395.07117 -53137.85915 7700.07093
v -4369.59392 -52316.41105 7781.32822
v -5437.86551 -51436.39048 8047.08690
v -6843.84496 -51535.09246 7791.94431
v -8059.47527 -52410.61246 7195.90507
v -9223.59354 -52428.10315 7341.09020
v -10689.14761 -52219.57066 7857.03749
v -11792.73835 -52939.32700 7880.94676
v -12624.38927 -53933.47657 7828.55269
v -13284.83032 -55025.69325 7827.38734
v -13033.86516 -56357.57470 7392.53427
v -12834.09050 -57477.15121 7184.12363
v -13587.70758 -58708.77760 7757.41896
v -13670.55258 -60092.06804 8099.48096
v -12579.89391 -60990.05592 7793.10966
v -11532.95900 -61740.36445 7630.75814
v -10450.53518 -62341.35891 7549.50084
v -9196.09389 -62445.64256 7283.74217
v -8115.10785 -63047.49164 7538.88475
v -6788.21238 -63923.01163 8134.92400
v -5465.36515 -63437.35523 7989.73886
v -4608.20635 -62244.51851 7473.79157
v -3654.85053 -61541.83229 7449.88231
v -2785.21963 -60737.56855 7502.27637
v -2174.39779 -59734.00045 7503.44172
v -1137.74896 -58764.32149 7938.29479
v -1274.88907 -57477.15121 5031.49643
v -1563.52736 -56276.12171 4999.29659
v -1961.94945 -55130.27199 4997.86302
v -1885.67089 -53594.66793 5178.97946
v -2641.94223 -52341.73172 5245.14029
v -4338.33735 -52264.88194 5051.76697
v -5687.74415 -52168.37817 4957.08682
v -6848.88551 -51580.73908 5032.31232
v -8161.01854 -51491.04928 5051.86779
v -9545.07722 -51486.35757 5112.58695
v -11098.70102 -51544.38710 5232.16835
v -11972.37068 -52749.43889 5126.17659
v -12115.13134 -54285.64427 4924.07110
v -12951.49236 -55166.95306 4978.30755
v -14000.27722 -56162.05634 5118.26030
v -14180.86029 -57477.15121 5125.55890
v -14187.47213 -58830.11816 5157.75874
v -13752.14083 -60126.64298 5159.19231
v -12326.82093 -60815.04808 4978.07587
v -11277.72257 -61470.55578 4911.91504
v -10791.32295 -62903.17648 5105.28835
v -9675.90858 -63851.19868 5199.96851
v -8197.92685 -63797.49023 5124.74301
v -6811.97720 -63707.80043 5105.18754
v -5556.91279 -63169.17808 5044.46838
v -4645.71541 -62182.68164 4924.88698
v -3336.59034 -61878.26295 5030.87874
v -1673.98130 -61506.02443 5232.98423
v -1161.30098 -60163.32405 5178.74778
v -1376.33245 -58716.05279 5038.79503
v -1285.51133 -57477.15121 2464.07784
v -518.16122 -56064.62986 2273.51135
v -1215.93456 -54814.13063 2326.97713
v -2318.30589 -53893.84849 2424.77330
v -3253.50057 -52988.20584 2436.87448
v -4521.77424 -52567.29323 2517.33433
v -5656.20888 -52075.99960 2515.23288
v -6772.40709 -50888.16001 2310.06348
v -8256.37591 -50627.50470 2253.23163
v -9465.71828 -51718.82950 2433.79840
v -10508.00463 -52518.20024 2505.04216
v -11651.49156 -53088.63801 2466.17929
v -12470.38602 -54039.97461 2478.68075
v -13532.51116 -54920.73267 2383.80898
v -14620.72305 -56036.53168 2244.20654
v -14191.48254 -57477.15121 2365.63071
v -13142.10600 -58618.62631 2556.19720
v -13006.12594 -59810.50162 2502.73142
v -12759.45593 -61114.22864 2404.93525
v -11889.28091 -62117.02990 2392.83408
v -10974.75984 -63205.58777 2312.37422
v -9644.37331 -63758.82010 2314.47567
v -8121.44843 -63104.91117 2519.64507
v -6907.33457 -62844.25586 2576.47692
v -5477.55385 -63401.65000 2395.91016
v -4055.01902 -63156.49478 2324.66639
v -3015.71122 -62217.46206 2363.52926
v -2029.23598 -61260.35476 2351.02780
v -1742.31979 -59917.10366 2445.89957
v -1996.77828 -58590.52813 2585.50202
v -1151.44968 -57477.15121 -344.48713
v -1115.89447 -56185.55946 -459.31111
v -2069.21419 -55175.72795 -84.25769
v -3243.83293 -54533.87923 356.41663
v -3579.81988 -53333.15574 -28.76097
v -4184.27062 -52010.88986 -526.80101
v -5515.66370 -51664.29037 -391.46384
v -6853.45846 -51622.15113 -239.29430
v -8135.83035 -51719.15038 -173.25885
v -9204.83760 -52483.04627 191.40556
v -10281.12771 -52892.22609 162.22264
v -11888.53451 -52838.06153 -479.82430
v -12971.27008 -53693.59770 -611.48065
v -13024.39823 -55136.05748 -150.29314
v -13199.45634 -56324.07335 -8.24778
v -13313.33220 -57477.15121 0.42195
v -13012.01068 -58592.30625 115.24593
v -13179.64672 -59884.03514 -259.80749
v -13083.00257 -61337.97121 -700.48181
v -11717.70771 -61935.66104 -315.30421
v -10265.21188 -62035.83771 182.73583
v -9273.89208 -62673.54245 47.39866
v -8124.72135 -63134.55030 -104.77088
v -6864.56746 -63231.54955 -170.80633
v -5446.60922 -63492.29836 -535.47074
v -4200.18645 -62917.17395 -506.28782
v -3750.64669 -61440.56683 135.75912
v -3132.10043 -60497.68968 267.41547
v -1913.96570 -59844.36467 -193.77204
v -1303.34013 -58730.82013 -335.81740
v -2540.04366 -57477.15121 -2066.14392
v -2774.27642 -56521.07278 -1915.36365
v -2634.19007 -55415.14977 -2495.47212
v -3100.19064 -54434.54612 -2626.93169
v -3732.65570 -53494.71744 -2851.64691
v -4566.92088 -52641.72130 -3128.16980
v -5881.01302 -52734.53474 -2393.34798
v -7015.54720 -53090.00667 -1684.89978
v -8040.26921 -52584.54016 -2310.70256
v -9271.45595 -52287.89630 -2971.58943
v -10303.05532 -52856.07658 -2823.40627
v -11238.40771 -53525.30611 -2800.96574
v -11897.65568 -54436.03546 -2623.81185
v -11877.99227 -55621.87398 -1869.66934
v -12268.02364 -56512.51490 -1966.04483
v -13256.64894 -57477.15121 -2999.83007
v -13256.69816 -58641.80987 -3150.61033
v -12424.29615 -59563.93756 -2570.50187
v -11770.10643 -60430.06268 -2439.04229
v -10903.46429 -61074.92992 -2214.32707
v -9925.22352 -61475.33805 -1937.80419
v -9192.62617 -62435.48432 -2672.62601
v -8135.73748 -63234.31102 -3381.07420
v -6920.07893 -62728.84451 -2755.27142
v -5959.84279 -61988.84588 -2094.38456
v -4944.75268 -61689.69333 -2242.56771
v -4067.59912 -61105.51859 -2265.00824
v -3227.73989 -60431.55202 -2442.16214
v -2087.88620 -59770.66177 -3196.30465
v -1785.60190 -58633.25199 -3099.92916
v -3465.79204 -57477.15121 -3972.18419
v -3375.57176 -56642.72304 -4321.10845
v -3094.93056 -55610.39939 -5479.41272
v -3682.42607 -54837.18004 -5282.01576
v -4795.00090 -54617.71525 -3988.16025
v -5512.14523 -54200.00388 -3860.25590
v -6189.79631 -53639.07613 -4365.76194
v -7052.81901 -53427.53558 -4438.79565
v -7978.55580 -53143.40916 -5013.10028
v -8985.72170 -53124.91843 -5452.52550
v -9615.59786 -53989.40855 -4349.09187
v -10022.62861 -54810.49784 -3466.67815
v -10880.39656 -55139.50180 -4248.07474
v -11630.86357 -55726.60058 -4905.10809
v -11891.02082 -56588.78772 -4842.59054
v -12119.25842 -57477.15121 -5091.59387
v -11839.93914 -58355.18017 -4742.66962
v -11000.26547 -58960.47105 -3584.36535
v -10683.22743 -59678.45203 -3781.76231
v -10585.30011 -60738.60075 -5075.61782
v -9838.87842 -61332.99082 -5203.52217
v -8863.86448 -61472.41876 -4698.01613
v -7957.35255 -61618.87924 -4624.98242
v -7074.02226 -61334.75282 -4050.67779
v -6311.65353 -60958.26106 -3611.25257
v -5288.86467 -61122.39549 -4714.68620
v -4232.32940 -60931.38334 -5597.09991
v -3879.59520 -59980.77379 -4815.70333
v -3725.52866 -59076.67224 -4158.66998
v -3426.65344 -58301.24485 -4221.18752
v -4100.77988 -57477.15121 -7190.99109
v -4419.73771 -56853.97208 -6386.10533
v -4766.45745 -56318.74824 -5881.43319
v -5110.89731 -55825.01235 -5755.48742
v -5646.37380 -55517.69569 -5166.99381
v -6027.66554 -55049.88287 -5728.38017
v -6447.50279 -54393.99448 -7212.65400
v -7153.97722 -54343.61180 -6904.94049
v -7801.65328 -54745.41652 -5539.11253
v -8383.04695 -54890.37747 -5448.21808
v -8967.80284 -55057.35363 -5699.21737
v -9465.86324 -55399.05069 -5706.71726
v -10125.02439 -55661.86515 -6693.81884
v -10621.31786 -56154.41933 -7247.26115
v -10416.19210 -56887.16572 -5846.38188
v -10192.19516 -57477.15121 -4915.99451
v -10378.04095 -58059.41820 -5720.88027
v -10331.24221 -58676.95671 -6225.55242
v -10038.95579 -59232.91814 -6351.49818
v -9722.32620 -59826.35696 -6939.99180
v -9073.37318 -60070.99045 -6378.60544
v -8329.85363 -59908.10187 -4894.33161
v -7790.70350 -60109.72607 -5202.04512
v -7164.92700 -60511.53078 -6567.87308
v -6500.69611 -60404.48487 -6658.76753
v -5922.09520 -60078.46121 -6407.76824
v -5389.91084 -59707.71196 -6400.26834
v -5196.96591 -59069.77095 -5413.16676
v -5056.53310 -58512.62780 -4859.72446
v -4457.88886 -58092.61184 -6260.60373
v -5821.56084 -57477.15121 -7614.93711
v -6056.68186 -57185.14824 -6241.63348
v -6231.50828 -56939.59800 -5652.54256
v -6190.44991 -56571.55657 -7210.50520
v -6332.48508 -56242.97921 -8064.30466
v -6677.71535 -56121.54516 -7385.66653
v -7003.43919 -56022.53945 -7130.70770
v -7338.07623 -56010.78965 -6739.33665
v -7647.86917 -56138.06633 -5829.17450
v -7972.49969 -56093.02345 -6603.63750
v -8387.06896 -56014.74273 -8262.73759
v -8648.29765 -56263.29366 -7869.89594
v -8740.53006 -56619.28607 -6633.00453
v -8891.32441 -56887.54475 -6562.70472
v -8971.41030 -57179.46481 -6436.04221
v -8999.72688 -57477.15121 -6405.20456
v -9165.39734 -57814.08384 -7778.50818
v -9134.90742 -58169.98169 -8367.59911
v -8761.64024 -58349.61469 -6809.63646
v -8459.09325 -58491.00209 -5955.83701
v -8266.79837 -58741.28341 -6634.47514
v -7985.54650 -58899.49793 -6889.43397
v -7670.28504 -59019.23147 -7280.80501
v -7315.66036 -59146.50815 -8190.96717
v -6990.39238 -58969.98193 -7416.50417
v -6797.98594 -58634.48097 -5757.40407
v -6521.68948 -58511.31653 -6150.24573
v -6169.33973 -58397.34419 -7387.13714
v -5987.92527 -58117.92845 -7457.43695
v -5862.69482 -57808.40041 -7584.09946
v -7462.04963 -57477.15121 -6561.46671
v -7459.49175 -57468.95584 -7502.05406
v -7461.87361 -57460.99425 -7589.32855
v -7464.62555 -57452.68868 -8130.04363
v -7470.68166 -57446.15900 -8154.58257
v -7481.12056 -57446.02685 -6509.45429
v -7488.94966 -57444.78064 -5966.41952
v -7495.67148 -57437.95267 -7501.16801
v -7504.59165 -57435.56980 -8184.92335
v -7513.09407 -57438.79380 -7762.83184
v -7521.22918 -57442.15310 -7785.93713
v -7526.73150 -57448.89352 -7104.50149
v -7528.93281 -57457.14327 -5967.30557
v -7535.82672 -57461.96879 -6905.57321
v -7544.28973 -57468.19079 -8552.13514
v -7543.73050 -57477.15121 -8131.47728
v -7539.38770 -57485.11988 -7190.88993
v -7536.49280 -57492.61589 -7103.61544
v -7530.70677 -57498.38589 -6562.90037
v -7525.33684 -57503.93460 -6538.36143
v -7521.96099 -57513.35577 -8183.48970
v -7514.19044 -57518.72029 -8726.52447
v -7504.20946 -57515.27152 -7191.77598
v -7496.05367 -57512.88865 -6508.02064
v -7487.85329 -57512.73344 -6930.11215
v -7480.38875 -57509.48202 -6907.00687
v -7472.07633 -57506.66913 -7588.44250
v -7462.85159 -57502.84049 -8725.63843
v -7461.20753 -57493.59043 -7787.37078
v -7464.39378 -57484.35483 -6140.80886
v 4041.87878 -56190.25690 12336.99491
v 4042.49329 -56179.41239 12691.86131
v 4038.75516 -56169.53987 12460.44388
v 4034.65141 -56160.02978 12553.18481
v 4026.34352 -56155.12907 11767.65103
v 4017.76467 -56153.31385 10896.17903
v 4012.36758 -56144.55612 11915.72863
v 4004.73670 -56136.14781 13116.71849
v 3995.49251 -56138.76613 12619.13398
v 3987.47646 -56143.97983 12030.25175
v 3979.95265 -56148.56684 11932.15133
v 3974.98402 -56156.89929 11317.44531
v 3969.13596 -56163.33357 11490.87145
v 3959.24165 -56168.46904 12958.02838
v 3955.56608 -56178.91714 13142.06704
v 3960.19791 -56190.25690 11865.75145
v 3962.59735 -56199.80225 11510.88505
v 3964.13597 -56209.42845 11742.30248
v 3968.57019 -56217.67376 11649.56155
v 3971.68835 -56228.00913 12435.09533
v 3976.92424 -56238.24479 13306.56734
v 3987.12680 -56237.82604 12287.01773
v 3996.19872 -56233.68037 11086.02787
v 4004.03049 -56236.29869 11583.61238
v 4012.71724 -56237.24975 12172.49461
v 4020.79308 -56233.49777 12270.59503
v 4029.63919 -56229.77935 12885.30106
v 4035.21717 -56220.97755 12711.87491
v 4033.86083 -56208.35762 11244.71798
v 4035.46203 -56199.30699 11060.67932
v 5750.40498 -56190.25690 12732.63262
v 5668.83324 -55764.36208 12482.17218
v 5319.07657 -55485.12877 10999.35617
v 5153.38595 -55184.13502 10896.17460
v 5077.74752 -54753.13207 11942.40306
v 4825.34187 -54473.89288 12168.69532
v 4514.67873 -54288.41207 12252.68326
v 4178.20217 -54154.58553 12474.84086
v 3840.11536 -54363.83369 11483.83654
v 3575.40683 -54621.29695 10604.08058
v 3221.54016 -54571.38778 11638.44672
v 2838.68813 -54641.70300 12648.64468
v 2651.50478 -55013.93726 12260.01457
v 2520.83403 -55399.55107 11990.36050
v 2453.32269 -55795.53690 11775.93056
v 2572.23895 -56190.25690 10908.03692
v 2560.11776 -56557.72225 11158.49736
v 2415.67743 -57037.17545 12641.31337
v 2582.19562 -57427.03633 12744.49494
v 2951.13936 -57588.86246 11698.26648
v 3236.25885 -57778.51733 11471.97422
v 3532.57142 -57917.50263 11387.98628
v 3845.99336 -57949.53353 11165.82868
v 4172.32417 -58158.78168 12156.83300
v 4557.51415 -58250.38751 13036.58896
v 4810.62317 -57876.01223 12002.22282
v 4965.29629 -57477.43339 10992.02486
v 5222.69511 -57256.83857 11380.65497
v 5424.23318 -56951.59775 11650.30904
v 5562.03817 -56588.89707 11864.73898
v 6832.76146 -56190.25690 10448.75203
v 6851.65845 -55462.49901 10670.80632
v 6654.78051 -54771.11228 10645.67977
v 6449.81697 -54053.23203 10973.96053
v 6271.83395 -53160.87485 11960.68054
v 5640.23272 -52779.26258 11652.24942
v 4860.72527 -53009.69822 10321.34433
v 4289.84708 -52879.22311 10287.83790
v 3682.08051 -52558.54126 11009.77496
v 3046.09658 -52665.38559 11131.90574
v 2388.27747 -52838.55179 11498.96984
v 1773.22608 -53220.96025 11779.65712
v 1631.33523 -54124.02273 10704.31275
v 1590.56341 -54902.26380 9923.74271
v 1082.47196 -55445.68875 10851.82975
v 741.34618 -56190.25690 11593.61644
v 893.35521 -56983.08862 11371.56215
v 1089.99575 -57745.83442 11396.68870
v 1521.75849 -58352.07708 11068.40794
v 2195.88155 -58595.96266 10081.68793
v 2594.52508 -59113.05372 10390.11905
v 2978.37443 -59965.37563 11721.02413
v 3653.12080 -60152.79031 11754.53057
v 4318.80679 -59832.10846 11032.59351
v 4928.44742 -59621.06301 10910.46273
v 5433.98511 -59172.34293 10543.39863
v 5849.17848 -58656.04806 10262.71135
v 6559.39371 -58422.86779 11338.05572
v 7155.34817 -57876.98595 12118.62576
v 7040.77520 -56966.27836 11190.53872
v 7862.78502 -56190.25690 9008.39002
v 8397.04952 -55068.10727 10019.41650
v 8451.82862 -53810.47875 10623.39904
v 7577.68822 -53069.36712 9902.70217
v 6767.82226 -52499.49814 9445.82745
v 6081.09201 -51862.46063 9486.96973
v 5241.30349 -51603.38262 9254.80577
v 4446.08451 -51094.46334 9655.45606
v 3492.02325 -50387.44469 10601.92322
v 2560.51769 -50871.07073 10279.93541
v 1997.98665 -52026.91099 9234.16032
v 1318.10675 -52614.08037 9240.55398
v 566.01751 -53194.72455 9618.76622
v 89.08982 -54099.63316 9676.93188
v -522.66215 -55036.05028 10224.68998
v -790.68135 -56190.25690 10491.60255
v -67.31786 -57228.25732 9480.57607
v 546.49372 -58036.36993 8876.59353
v 576.88686 -59176.30770 9597.29039
v 977.52305 -60220.58552 10054.16511
v 1754.35882 -60860.24624 10013.02284
v 2567.23532 -61484.62005 10245.18680
v 3541.55097 -61427.29510 9844.53651
v 4396.55679 -60720.27645 8898.06935
v 5234.58586 -60752.30815 9220.05716
v 6324.71984 -61024.69660 10265.83225
v 7108.40596 -60335.16775 10259.43859
v 7566.81888 -59301.66513 9881.22635
v 7994.42472 -58325.52434 9823.06069
v 7941.70523 -57196.20033 9275.30259
v 9660.28943 -56190.25690 8375.73008
v 9442.08682 -54801.40838 8281.12826
v 9052.76745 -53489.23972 8249.08911
v 7997.02612 -52703.57020 7671.09240
v 7169.42112 -51963.98525 7471.38893
v 6779.33922 -50410.40006 8276.24477
v 5842.29330 -49382.60043 8670.91979
v 4574.08574 -49632.25652 8211.10561
v 3448.75382 -49893.16142 7997.17578
v 2402.03221 -50285.43394 7896.80605
v 1574.27896 -51145.77718 7583.80355
v 482.25894 -51499.51725 7981.05506
v -881.04640 -51932.42143 8740.94244
v -1252.37785 -53382.53560 8463.01893
v -932.90623 -54931.35388 7771.46213
v -1056.31585 -56190.25690 7784.39143
v -1040.33492 -57476.57627 7878.99326
v -737.33862 -58722.65783 7911.03241
v -672.88967 -60266.51304 8489.02912
v -1.38747 -61525.91594 8688.73258
v 1421.03658 -61553.41633 7883.87675
v 2530.68015 -61619.69901 7489.20173
v 3453.89545 -62428.61748 7949.01591
v 4568.94410 -62689.52238 8162.94573
v 5713.64536 -62522.53253 8263.31547
v 6932.58160 -62288.79345 8576.31797
v 7653.06753 -61061.44794 8179.06646
v 7788.86939 -59495.36428 7419.17907
v 8537.72822 -58615.95371 7697.10259
v 9549.51551 -57606.52178 8388.65938
v 10213.25102 -56190.25690 6178.88893
v 9218.58711 -54858.44666 5706.15704
v 9182.52946 -53419.87389 5888.02501
v 9110.05649 -51732.65130 6234.40912
v 8227.22195 -50553.45837 6235.00503
v 7217.93521 -49498.30484 6298.74085
v 5973.84698 -48896.48224 6272.70123
v 4581.43464 -49548.30716 5828.51775
v 3439.90865 -49792.11968 5718.58964
v 2058.25942 -49015.12208 6216.76523
v 673.77146 -49273.10025 6415.34493
v -189.84053 -50603.30471 6204.92856
v -983.72564 -51842.85226 6150.34052
v -1369.06300 -53320.16016 5997.95312
v -1273.23197 -54844.50101 5736.23352
v -1948.63150 -56190.25690 6036.42534
v -2677.52910 -57894.39664 6509.15722
v -1927.90307 -59359.08828 6327.28926
v -729.11315 -60315.55792 5980.90515
v 89.33413 -61404.94302 5980.30924
v 1136.99395 -62144.10557 5916.57342
v 2215.61860 -62783.91687 5942.61304
v 3310.17175 -64070.42817 6386.79652
v 4711.17154 -64314.24069 6496.72463
v 5816.48781 -62902.55672 5998.54904
v 6754.71272 -61918.90098 5799.96934
v 7948.04730 -61454.78937 6010.38571
v 8855.44400 -60425.75888 6064.97375
v 9741.36954 -59259.37455 6217.36115
v 10622.88423 -57880.45099 6479.08075
v 10218.49906 -56190.25690 3906.07239
v 10053.76350 -54645.30535 3900.98744
v 10092.60802 -52933.38053 3983.78242
v 9883.72371 -51057.76574 4087.83922
v 8416.89853 -50300.53372 3972.01644
v 6861.63516 -50239.25911 3820.68292
v 5874.70346 -49262.83817 3879.89299
v 4684.73335 -48368.28655 3963.34984
v 3310.37445 -48312.40114 3971.41973
v 1850.68942 -48248.10779 4033.11739
v 565.60286 -49048.15505 4018.19908
v 68.78972 -50948.17580 3846.86232
v -615.43221 -52164.12207 3817.53059
v -2049.85180 -52956.23638 3975.71253
v -2763.75165 -54464.11273 4026.14157
v -2687.47215 -56190.25690 3986.93474
v -2570.18127 -57867.00092 3992.01969
v -1697.58335 -59235.96812 3909.22471
v -557.42633 -60165.79204 3805.16791
v -218.88181 -61815.93426 3920.99069
v 408.64956 -63658.75563 4072.32421
v 1886.53902 -63999.93428 4013.11414
v 3335.69202 -63778.90043 3929.65729
v 4659.41579 -63723.01502 3921.58740
v 5838.85385 -62985.20390 3859.88975
v 7018.58847 -62467.65157 3874.80805
v 8704.57007 -62463.57634 4046.14482
v 9825.71783 -61272.14836 4075.47654
v 9740.33958 -59258.82397 3917.29461
v 9860.19313 -57685.80830 3866.86556
v 11033.40828 -56190.25690 1621.12154
v 10992.57814 -54405.71503 1601.22581
v 9801.18975 -53089.16164 1738.92450
v 8976.19231 -51849.42373 1773.28535
v 8125.19916 -50689.50090 1770.85392
v 7012.68562 -49925.13767 1794.93162
v 6062.69778 -48568.16008 1682.91462
v 4765.23466 -47448.68947 1571.56380
v 3309.87686 -48306.71693 1695.46354
v 2200.56243 -49540.96127 1829.80770
v 942.22362 -49831.36786 1779.38214
v -271.56203 -50494.33299 1733.13854
v -1261.03838 -51600.94675 1712.57663
v -2457.64043 -52738.24809 1615.02475
v -2778.62216 -54460.31769 1638.94119
v -1872.56293 -56190.25690 1821.27949
v -1631.36663 -57627.41060 1841.17522
v -1989.00163 -59391.74924 1703.47653
v -1464.95773 -60957.45003 1669.11568
v -510.58119 -62204.90143 1671.54711
v 559.70002 -63344.63419 1647.46941
v 2074.53335 -63305.25619 1759.48640
v 3416.19332 -62859.30336 1870.83723
v 4658.91819 -63717.33082 1746.93748
v 6188.72687 -64278.05738 1612.59332
v 7395.20923 -63250.86438 1663.01889
v 8364.21831 -62009.73353 1709.26249
v 9180.11166 -60708.97304 1729.82439
v 9332.55094 -59040.83569 1827.37627
v 9845.32261 -57682.01327 1803.45984
v 10308.92459 -56190.25690 -562.69277
v 9974.15693 -54665.62136 -454.31782
v 8945.21620 -53546.73253 -80.46726
v 8531.43575 -52237.39387 -181.65394
v 8418.04728 -50299.00191 -720.83586
v 7330.76478 -49263.66677 -752.52522
v 5874.54858 -49263.41047 -431.99882
v 4622.15395 -49083.15502 -370.53750
v 3398.73678 -49321.79776 -262.94030
v 2285.78780 -49855.88670 -152.65972
v 851.49133 -49642.68285 -556.28224
v -619.87010 -50029.88083 -883.21917
v -1033.52955 -51799.40730 -515.77914
v -1127.79449 -53449.13312 -188.06447
v -1679.12857 -54740.91411 -291.93452
v -1852.95793 -56190.25690 -317.21334
v -1921.95928 -57701.57134 -425.58829
v -2165.21633 -59485.94692 -799.43885
v -1307.73389 -60820.30049 -698.25217
v 280.15946 -61150.48656 -159.07025
v 1249.82352 -61909.46750 -127.38089
v 2116.32020 -63150.84510 -447.90729
v 3350.89105 -63605.27603 -509.36861
v 4669.99967 -63843.91877 -616.96582
v 6044.01618 -63743.32134 -727.24639
v 6932.43259 -62288.48358 -323.62387
v 7518.01773 -60881.36548 3.31306
v 8805.64009 -60382.31392 -364.12698
v 9982.63804 -59388.34751 -691.84164
v 10216.98764 -57776.86409 -587.97160
v 8663.10370 -56190.25690 -1731.70107
v 9116.56009 -54884.48448 -2287.58703
v 9150.27289 -53437.11702 -2685.88521
v 8505.32277 -52260.17275 -2618.53393
v 7813.49379 -51105.14511 -2746.10010
v 6715.81682 -50542.49995 -2484.15362
v 5457.41630 -50804.80089 -1783.78278
v 4515.46724 -50301.87794 -1994.34328
v 3396.91383 -49300.97351 -2815.03810
v 2211.75938 -49582.33630 -2831.95680
v 1283.72816 -50541.55370 -2485.04462
v 401.12178 -51391.32472 -2432.07190
v -57.87360 -52650.49171 -2077.02653
v -384.51139 -53846.46398 -1865.19039
v -1430.28912 -54804.41921 -2601.61523
v -2053.50158 -56190.25690 -3093.01229
v -1365.86166 -57559.65237 -2537.12633
v -639.83318 -58670.53514 -2138.82816
v -164.59302 -59823.11560 -2206.17943
v 642.68520 -60667.07580 -2078.61326
v 1357.51418 -61685.51622 -2340.55975
v 2145.80315 -63041.89947 -3040.93058
v 3395.27696 -63098.23890 -2830.37008
v 4517.10411 -62097.33447 -2009.67526
v 5523.37253 -61819.43488 -1992.75656
v 6642.03080 -61684.56997 -2339.66874
v 7571.93036 -60953.25540 -2392.64146
v 8612.04220 -60213.43456 -2747.68683
v 9405.59468 -59079.88209 -2959.52297
v 9052.13262 -57479.58711 -2223.09813
v 8211.18072 -56190.25690 -3897.58528
v 8542.17695 -55031.07000 -4588.87657
v 8407.88179 -53833.97105 -4878.79939
v 7377.13446 -53244.31423 -3838.74096
v 6553.74624 -52784.95829 -3266.72298
v 6107.91166 -51806.68704 -3905.00634
v 5369.86696 -51128.31389 -4252.12850
v 4468.08572 -50843.13509 -4324.19846
v 3508.13494 -50571.49471 -4687.83625
v 2636.06561 -51150.23598 -4221.44078
v 2105.99370 -52251.52024 -3221.16463
v 1327.47802 -52626.57651 -3550.46312
v 279.68278 -52944.94897 -4516.80660
v -200.05801 -53945.06573 -4515.16161
v -368.54835 -55075.38091 -4305.13642
v -442.28566 -56190.25690 -4266.99913
v 77.80957 -57191.22005 -3575.70784
v 502.54689 -58059.86223 -3285.78502
v 376.33310 -59351.25481 -4325.84345
v 763.44703 -60506.04567 -4897.86143
v 1781.17847 -60804.47265 -4259.57807
v 2695.79879 -61009.55131 -3912.45592
v 3563.55218 -61175.96684 -3840.38595
v 4412.66849 -60904.32647 -3476.74817
v 5310.13378 -61031.47340 -3943.14363
v 6432.72689 -61249.30584 -4943.41978
v 7117.77723 -60347.66389 -4614.12129
v 7280.48414 -59051.88955 -3647.77781
v 7705.27689 -58170.95691 -3649.42280
v 8095.81903 -57235.53096 -3859.44799
v 7263.13701 -56190.25690 -5937.96385
v 6846.94437 -55463.70207 -4990.14695
v 6658.39699 -54769.17904 -4988.61738
v 6336.66094 -54151.94032 -4930.26823
v 5943.21571 -53599.07158 -4972.79092
v 5646.25116 -52766.74676 -6016.90233
v 5054.14345 -52294.97787 -6336.19467
v 4308.11069 -52670.59092 -5089.81838
v 3713.70496 -52919.79939 -4528.78622
v 3086.26345 -52813.81051 -5114.78808
v 2483.63718 -53036.85988 -5318.58253
v 1896.01284 -53384.69054 -5618.67150
v 1270.21337 -53809.00883 -6236.52324
v 1150.94119 -54667.25849 -5549.64954
v 1388.07434 -55523.68005 -4344.26636
v 1171.72172 -56190.25690 -4768.99647
v 888.64113 -56984.29167 -5716.81336
v 1093.61223 -57743.90119 -5718.34293
v 1408.60246 -58450.78537 -5776.69208
v 1867.26331 -59034.15939 -5734.16940
v 2600.54352 -59100.53790 -4690.05798
v 3171.79260 -59250.65529 -4370.76564
v 3671.38441 -59944.15812 -5617.14193
v 4350.43123 -60193.36659 -6178.17409
v 4968.61429 -59769.48792 -5592.17223
v 5529.34482 -59370.65103 -5388.37778
v 5971.96524 -58819.77835 -5088.28881
v 6198.27186 -58107.85389 -4470.43707
v 6715.72595 -57641.98064 -5157.31077
v 7346.37758 -57044.26966 -6362.69395
v 5539.17954 -56190.25690 -5870.41970
v 5362.76238 -55842.47294 -5044.92663
v 5414.35415 -55434.19700 -5921.45061
v 5434.50542 -54938.90882 -7193.53334
v 5131.47898 -54681.48373 -6728.80883
v 4776.94596 -54574.53602 -5953.62021
v 4477.74771 -54424.87987 -5909.12636
v 4154.29682 -54427.66541 -5513.82386
v 3844.24063 -54410.95822 -5592.94952
v 3466.59591 -54219.21797 -6927.66095
v 3110.94289 -54341.39197 -7221.62809
v 2964.82323 -54809.89813 -5914.91355
v 2816.32013 -55157.70901 -5440.22913
v 2598.42802 -55441.02986 -5842.32494
v 2496.46125 -55806.54609 -5858.82191
v 2361.01351 -56190.25690 -6434.84169
v 2254.04690 -56635.83310 -7260.33476
v 2510.95500 -56986.24369 -6383.81077
v 2863.31509 -57181.81013 -5111.72805
v 3004.87082 -57517.21413 -5576.45255
v 3187.86294 -57879.16047 -6351.64117
v 3495.64039 -58053.97043 -6396.13502
v 3822.08801 -58222.61341 -6791.43753
v 4176.44944 -58205.90622 -6712.31186
v 4448.70322 -57848.30853 -5377.60044
v 4700.02591 -57646.01642 -5083.63329
v 5091.43140 -57645.62853 -6390.34784
v 5387.51046 -57400.61033 -6865.03225
v 5501.82716 -56993.07655 -6462.93644
v 5605.17673 -56599.90625 -6446.43947
v 4041.55954 -56190.25690 -6596.84941
v 4042.14189 -56179.50208 -6942.63491
v 4038.86417 -56169.48160 -6819.81722
v 4034.99495 -56159.73010 -6981.84144
v 4026.46350 -56154.96908 -6140.63607
v 4017.70791 -56153.43189 -5202.71455
v 4012.29086 -56144.83964 -6191.68308
v 4004.70595 -56136.49900 -7382.27502
v 3995.49166 -56138.75645 -6953.27101
v 3987.34413 -56143.49084 -6459.72235
v 3979.80850 -56148.26706 -6329.86962
v 3975.10746 -56157.06388 -5607.88088
v 3969.38953 -56163.55477 -5752.04297
v 3959.40873 -56168.55835 -7248.82123
v 3955.56165 -56178.91601 -7475.39010
v 3959.87867 -56190.25690 -6270.48880
v 3962.24594 -56199.89193 -5924.70330
v 3964.24498 -56209.37018 -6047.52099
v 3968.91374 -56217.37408 -5885.49676
v 3971.80833 -56227.84914 -6726.70214
v 3976.86748 -56238.36283 -7664.62365
v 3987.05008 -56238.10955 -6675.65512
v 3996.16798 -56234.03156 -5485.06319
v 4004.02964 -56236.28900 -5914.06720
v 4012.58491 -56236.76076 -6407.61585
v 4020.64893 -56233.19800 -6537.46858
v 4029.76263 -56229.94394 -7259.45733
v 4035.47074 -56221.19875 -7115.29523
v 4034.02792 -56208.44693 -5618.51698
v 4035.45760 -56199.30586 -5391.94811
v 15544.84458 -55317.86520 17341.15735
v 15541.74016 -55308.09196 16704.17160
v 15537.77286 -55299.33958 16315.53801
v 15532.60541 -55291.77001 16009.04625
v 15524.51016 -55287.87921 14931.92384
v 15519.16851 -55281.29237 15432.60181
v 15513.90283 -55270.73093 17383.95450
v 15504.68443 -55268.76917 17332.45257
v 15495.83165 -55274.17807 15884.44187
v 15487.92710 -55276.93488 15647.19735
v 15480.56886 -55280.79127 15586.65490
v 15474.44517 -55286.60115 15389.80466
v 15465.33503 -55290.12168 16755.67353
v 15457.71674 -55297.12746 17763.54871
v 15459.78695 -55308.44953 16246.29077
v 15463.16371 -55317.86520 14992.46629
v 15461.84421 -55326.79917 15629.45204
v 15463.15367 -55335.93639 16018.08563
v 15466.52420 -55344.65698 16324.57739
v 15469.85499 -55354.74491 17401.69980
v 15478.32807 -55359.21446 16901.02183
v 15488.66205 -55356.30384 14949.66914
v 15496.14646 -55358.25295 15001.17107
v 15504.36963 -55363.66185 16449.18177
v 15513.16788 -55362.50779 16686.42629
v 15521.40929 -55358.71336 16746.96874
v 15529.10034 -55353.46686 16943.81898
v 15531.41624 -55343.00864 15577.95011
v 15532.33592 -55333.72428 14570.07493
v 15539.68290 -55327.15673 16087.33287
v 17223.26728 -55317.86520 16784.33351
v 16974.11085 -54972.71012 15203.95832
v 16759.02303 -54700.38019 14262.04280
v 16774.87966 -54297.53713 15706.77602
v 16644.19640 -53918.04343 16687.17827
v 16327.52136 -53738.98404 16285.68189
v 16010.82387 -53586.03724 16271.19583
v 15665.34186 -53584.97041 15750.26412
v 15353.43185 -53781.73154 14437.54494
v 15040.72249 -53760.79301 15052.00393
v 14629.33541 -53656.66829 16916.34754
v 14345.58293 -53905.53936 16798.81958
v 14223.11534 -54295.93245 15724.89003
v 14076.90080 -54619.90941 15574.76199
v 14040.82991 -54976.20842 15092.31702
v 14045.10125 -55317.86520 14822.83466
v 13865.39537 -55700.59902 16403.20985
v 13855.62388 -56124.34575 17345.12538
v 14203.68933 -56355.34521 15900.39216
v 14517.58823 -56519.75796 14919.98990
v 14738.43834 -56770.89760 15321.48629
v 15028.71655 -56915.64067 15335.97235
v 15333.13304 -57066.74405 15856.90405
v 15685.64066 -57263.50518 17169.62324
v 16022.82980 -57090.39644 16555.16425
v 16218.41842 -56688.58185 14690.82064
v 16472.19110 -56507.25389 14808.34860
v 16794.30567 -56353.74054 15882.27815
v 16980.29994 -56043.87496 16032.40619
v 17149.54539 -55704.09732 16514.85116
v 18327.20322 -55317.86520 14011.57274
v 18441.04011 -54629.23658 14635.35399
v 18274.52267 -53957.10681 14740.79375
v 18145.92388 -53200.24540 15551.86462
v 17739.65605 -52577.84671 15817.89768
v 16942.89689 -52564.86953 14215.13406
v 16322.78459 -52528.40792 13439.64592
v 15814.69932 -52019.60295 14648.94538
v 15165.58295 -51812.94768 15304.32063
v 14521.53305 -52000.60359 15189.99446
v 13875.35654 -52218.10357 15478.01885
v 13458.87722 -52820.73438 14787.06088
v 13349.08683 -53596.41873 13426.05453
v 12897.80407 -54041.62408 14085.41850
v 12268.74026 -54561.28322 15666.19079
v 12235.78793 -55317.86520 15529.87328
v 12482.73687 -56024.34102 14906.09203
v 12709.73791 -56686.34294 14800.65227
v 13217.86540 -57144.33249 13989.58141
v 13663.70365 -57564.40924 13723.54834
v 13897.18925 -58375.97078 15326.31197
v 14440.43375 -58910.07488 16101.80010
v 15177.97304 -58692.92616 14892.50064
v 15802.30923 -58486.27089 14237.12539
v 16403.88390 -58382.27055 14351.45156
v 16921.06418 -58029.20482 14063.42717
v 17534.82962 -57807.29690 14754.38515
v 18277.14531 -57540.50581 16115.39150
v 18462.58883 -56770.86020 15456.02752
v 18227.04350 -55956.38766 13875.25523
v 19803.16424 -55317.86520 13079.08581
v 20285.16202 -54197.44542 14295.71894
v 19698.46105 -53258.73945 13683.62783
v 18761.37716 -52707.67792 12517.39786
v 18231.09935 -51976.60987 12621.27333
v 17589.41265 -51331.34059 12822.20928
v 16806.26020 -50889.29780 12922.03851
v 15990.75081 -50174.46386 13888.39010
v 14998.92615 -50066.27148 14092.41820
v 14231.12782 -51016.05306 12672.08036
v 13581.29078 -51657.03663 12116.88393
v 12652.95450 -51834.76014 12979.25658
v 11920.65726 -52453.19962 13329.36735
v 11391.75897 -53302.98766 13479.59974
v 10884.33023 -54237.13111 13937.73570
v 11149.69786 -55317.86520 13176.46976
v 11820.79464 -56179.33121 11959.83663
v 11793.12614 -57135.89311 12571.92774
v 11760.57580 -58310.64922 13738.15771
v 12440.80014 -59060.52210 13634.28224
v 13262.67946 -59586.59277 13433.34629
v 14132.19203 -59955.09581 13333.51706
v 15086.21727 -59654.58882 12367.16547
v 15903.45970 -59546.39644 12163.13737
v 16905.19599 -60081.85107 13583.47521
v 17908.02397 -59912.28881 14138.67164
v 18443.25371 -58918.67236 13276.29899
v 18921.45862 -58056.17093 12926.18822
v 19297.09387 -57180.14131 12775.95583
v 19348.69761 -56219.01690 12317.81987
v 20986.19243 -55317.86520 11131.30494
v 20772.42980 -54083.35431 11009.85912
v 20196.36252 -53014.54480 10694.25263
v 19357.31730 -52230.72745 10222.37780
v 19058.21015 -50964.71392 10918.04419
v 18521.84753 -49552.28818 11836.77496
v 17251.58443 -49379.53093 11361.67791
v 16033.55240 -49725.87417 10648.14805
v 14963.20279 -49691.86636 10687.42939
v 13937.27522 -50019.81508 10588.30587
v 12927.83380 -50410.26408 10698.71145
v 11577.79647 -50519.40064 11606.40198
v 10683.03919 -51462.69323 11723.38898
v 10831.99609 -53028.45322 10654.97129
v 10759.66251 -54207.94084 10321.50133
v 10269.58715 -55317.86520 10807.63861
v 10290.00806 -56537.75660 10929.08443
v 10406.25644 -57816.08022 11244.69091
v 10687.40151 -59169.54586 11716.56574
v 11887.40156 -59737.55566 11020.89935
v 13163.54489 -59775.73798 10102.16859
v 13939.97128 -60606.77496 10577.26563
v 14913.36212 -61466.22801 11290.79550
v 16083.39307 -61432.22020 11251.51415
v 17248.88838 -61247.05912 11350.63768
v 18286.13644 -60633.71388 11240.23209
v 18748.60506 -59292.24238 10332.54156
v 19352.95499 -58401.51164 10215.55456
v 20622.10216 -57829.98864 11283.97226
v 21242.08425 -56662.34313 11617.44222
v 20977.06503 -55317.86520 8000.05362
v 20799.43785 -54077.03052 7958.83717
v 21267.82550 -52489.04820 8582.17870
v 20785.71848 -51087.53106 8735.14465
v 19703.99498 -50174.65405 8560.67855
v 18642.30422 -49322.46113 8561.95643
v 17298.46258 -49220.60160 8238.63701
v 16056.54253 -49484.92203 7893.76793
v 14869.84136 -48713.37524 8383.81031
v 13397.69079 -48190.48123 8922.81229
v 12299.41504 -49211.26355 8643.06196
v 11524.20909 -50453.84127 8323.37305
v 10715.90876 -51488.99982 8303.70625
v 10375.55587 -52804.59314 8092.13632
v 9866.96919 -53998.92153 8196.14267
v 8815.18251 -55317.86520 8840.42888
v 8903.32165 -56862.44171 8881.64534
v 10157.39297 -57938.13475 8258.30381
v 10946.54884 -58962.14174 8105.33786
v 11566.10716 -60130.63058 8279.80396
v 12561.36296 -60924.67957 8278.52608
v 13540.23420 -61961.98933 8601.84550
v 14785.27964 -62808.61926 8946.71458
v 16141.10425 -62037.07247 8456.67219
v 17155.91918 -60931.86896 7917.67022
v 18380.35630 -60813.48199 8197.42055
v 19662.09691 -60409.81781 8517.10946
v 20555.07840 -59363.61050 8536.77626
v 21485.98840 -58253.67969 8748.34619
v 21763.08539 -56784.33273 8644.33984
v 21927.47304 -55317.86520 5621.37565
v 21908.45042 -53817.36123 5649.04153
v 21965.57357 -52146.83924 5766.22304
v 21043.42247 -50881.28209 5715.99177
v 19384.71146 -50565.26883 5482.79378
v 18397.05611 -49790.38576 5480.23147
v 17546.90734 -48378.30819 5665.15629
v 16208.96272 -47887.45506 5700.48989
v 14795.65479 -47935.84976 5690.64557
v 13389.17230 -48161.60128 5711.25286
v 12421.05303 -49443.34450 5561.30006
v 11754.43842 -50735.50623 5436.45083
v 10327.90142 -51178.46480 5613.70793
v 8994.07082 -52127.04692 5776.06736
v 8888.13770 -53769.73344 5695.38448
v 9021.50183 -55317.86520 5632.74658
v 9284.50564 -56773.18954 5605.08070
v 10175.38219 -57929.31198 5487.89919
v 10602.27243 -59237.67746 5538.13046
v 10748.93112 -61130.37224 5771.32845
v 11944.07050 -62102.45150 5773.89076
v 13558.74291 -61899.23991 5588.96594
v 14859.92138 -62026.32317 5553.63234
v 16144.69613 -62074.71786 5563.47666
v 17377.33673 -61682.53301 5542.86937
v 18874.03864 -61755.41024 5692.82217
v 20390.21876 -61300.60965 5817.67140
v 20769.05146 -59534.86016 5640.41430
v 20784.26219 -57909.51966 5478.05487
v 21512.08247 -56725.56175 5558.73775
v 22818.68995 -55317.86520 2558.04922
v 21877.57171 -53824.59131 2736.02568
v 20904.65075 -52667.16644 2870.60981
v 20495.37485 -51319.90261 2813.00407
v 19681.05811 -50202.71525 2796.54208
v 18743.71882 -49128.96570 2743.29344
v 17718.51960 -47796.49726 2589.11661
v 16219.47438 -47777.28573 2655.13194
v 14890.47447 -48929.62424 2889.53750
v 13687.88775 -49174.32564 2882.19985
v 12237.33477 -49092.81663 2734.84904
v 11065.77362 -49892.98656 2712.22604
v 9985.51109 -50904.43857 2670.01035
v 9134.43134 -52195.88642 2636.20425
v 9492.51438 -53911.24497 2820.34171
v 9912.71874 -55317.86520 2943.89289
v 9253.62694 -56780.41962 2765.91643
v 9114.45937 -58449.63918 2631.33230
v 10054.22481 -59676.29797 2688.93804
v 11045.27777 -60767.81866 2705.40004
v 12290.73321 -61441.03145 2758.64868
v 13730.35517 -61317.42898 2912.82550
v 14870.43305 -61916.15384 2846.81017
v 16239.51580 -63068.49235 2612.40461
v 17676.05219 -62695.25737 2619.74226
v 18690.32038 -61404.88237 2767.09307
v 19701.55396 -60458.08997 2789.71607
v 20426.66112 -59260.83393 2831.93176
v 20924.62272 -57978.35916 2865.73786
v 22116.45915 -56867.07328 2681.60040
v 21559.69204 -55317.86520 -27.42350
v 21040.21319 -54020.65428 247.91647
v 20520.47784 -52855.58318 365.08356
v 20663.56689 -51185.29299 -252.05262
v 20094.95042 -49696.35511 -589.19425
v 18578.90508 -49443.42443 -95.69580
v 17268.95846 -49320.62839 205.82997
v 16110.15750 -48923.00081 127.36403
v 14901.70592 -49047.33752 206.33559
v 13624.80307 -48960.45188 -33.38854
v 12083.44005 -48799.19101 -565.58812
v 11155.31331 -50002.53035 -328.94928
v 11008.97123 -51723.54734 326.38242
v 10375.83964 -52804.73232 286.11200
v 9593.94663 -53934.99478 -12.32850
v 9397.80952 -55317.86520 -56.99467
v 9144.09698 -56806.06547 -332.33464
v 9410.04530 -58304.66973 -449.50172
v 10824.39725 -59059.90367 167.63445
v 11957.06259 -59652.33164 504.77608
v 12497.96382 -61045.64287 11.27763
v 13510.73008 -62062.01612 -290.24814
v 14838.89461 -62246.69804 -211.78220
v 16172.96881 -62371.03475 -290.75376
v 17383.03145 -61701.83961 -51.02963
v 18164.38131 -60401.40945 481.16995
v 19293.20114 -59958.50689 244.53111
v 20848.14088 -59598.15802 -410.80059
v 21486.27217 -58253.81887 -370.53016
v 21490.06283 -56720.40597 -72.08967
v 20505.41376 -55317.86520 -2144.89009
v 21121.99994 -54001.50435 -3084.05925
v 20700.08790 -52767.49382 -3013.96319
v 19954.20350 -51753.01981 -2777.95573
v 19149.93885 -50852.49208 -2713.48265
v 17964.84443 -50615.03018 -2049.06695
v 16978.24473 -50306.22479 -1864.33157
v 16087.51237 -49160.33717 -2923.34978
v 14873.62263 -48753.00557 -3393.84563
v 13816.73395 -49611.14831 -2703.88494
v 12904.64007 -50366.01128 -2379.37848
v 12053.03913 -51100.81744 -2329.62548
v 11527.15846 -52138.26961 -2025.04104
v 10639.57985 -52934.08311 -2543.46734
v 9581.28307 -53932.02968 -3467.91642
v 9788.80848 -55317.86520 -3037.98911
v 10639.57820 -56455.90664 -2098.81996
v 10909.98183 -57569.02925 -2168.91601
v 11284.28771 -58691.83823 -2404.92347
v 11979.13026 -59625.33383 -2469.39655
v 12606.54179 -60838.47998 -3133.81225
v 13666.63157 -61533.46883 -3318.54763
v 14967.32208 -60900.69100 -2259.52942
v 15993.81291 -60493.35940 -1789.03357
v 17128.34711 -60838.39235 -2478.99426
v 18262.94271 -60589.46108 -2803.50072
v 19223.84772 -59873.65919 -2853.25372
v 20197.07426 -59077.08802 -3157.83817
v 20429.68592 -57735.61853 -2639.41186
v 20063.70481 -56386.43196 -1714.96278
v 19994.39188 -55317.86520 -5096.11805
v 20174.91929 -54223.25816 -5684.84397
v 19492.17218 -53359.91336 -4839.08361
v 18550.02539 -52876.82968 -3599.64944
v 18216.37806 -51994.62005 -4197.78925
v 17778.95356 -50969.70331 -5227.33659
v 16899.34384 -50573.71965 -5166.31843
v 15974.44659 -50345.34322 -5188.11538
v 15031.23217 -50404.86045 -5075.87838
v 14282.58494 -51190.50630 -3950.03081
v 13579.93665 -51654.45299 -3744.44689
v 12472.90184 -51614.48185 -5157.13621
v 11641.95237 -52230.14294 -5663.04701
v 11458.19728 -53335.57218 -4951.32061
v 11279.29716 -54329.61048 -4725.49701
v 11340.92550 -55317.86520 -4403.37318
v 11710.55191 -56205.14395 -3814.64726
v 11586.83728 -57237.06702 -4660.40762
v 11549.22403 -58479.80099 -5899.84179
v 12426.07885 -59078.53227 -5301.70198
v 13452.22037 -59224.95549 -4272.15464
v 14225.27567 -59639.51766 -4333.17280
v 15069.91304 -59825.46818 -4311.37585
v 15935.76571 -59884.98541 -4423.61285
v 16956.65311 -60256.30431 -5549.46042
v 17906.66984 -59909.70517 -5755.04434
v 18263.20104 -58698.39407 -4342.35502
v 18642.75373 -57833.11425 -3836.44422
v 19363.53218 -57212.72583 -4548.17062
v 19743.66453 -56311.49627 -4773.99422
v 18427.15034 -55317.86520 -5980.78702
v 18235.17718 -54677.43827 -5526.11326
v 18197.25223 -53995.00393 -6068.89462
v 17901.32102 -53396.00910 -6123.39209
v 17619.92758 -52724.32377 -6818.20388
v 17206.71691 -52061.51037 -7670.28251
v 16451.92740 -52090.57967 -6513.57613
v 15779.62466 -52387.20915 -5105.10691
v 15199.57993 -52169.25913 -5796.30174
v 14530.34667 -52030.48409 -6712.87010
v 13929.10941 -52320.66213 -6726.47931
v 13318.57909 -52649.09218 -7137.49340
v 12909.78726 -53244.83285 -6934.58247
v 12984.49304 -54084.14049 -5377.69979
v 12854.71492 -54698.48602 -5206.82373
v 12335.73506 -55317.86520 -6804.59466
v 12276.87394 -56072.54271 -7259.26843
v 12632.46747 -56724.24005 -6716.48706
v 12973.26254 -57340.09619 -6661.98959
v 13543.97518 -57710.88629 -5967.17781
v 14161.00927 -57872.61162 -5115.09917
v 14569.57656 -58472.24663 -6271.80555
v 15142.89838 -59060.53236 -7680.27477
v 15836.30621 -58842.58234 -6989.07994
v 16412.69752 -58412.15105 -6072.51158
v 16974.81705 -58131.76338 -6058.90237
v 17394.53149 -57635.65471 -5647.88828
v 17837.84574 -57188.91994 -5850.79921
v 18549.27781 -56813.37661 -7407.68189
v 18813.01817 -56093.59046 -7578.55795
v 16945.80095 -55317.86520 -6378.30690
v 16958.35851 -54976.39845 -6708.22056
v 17094.55178 -54535.82087 -8568.46520
v 16922.55334 -54179.34902 -8662.88549
v 16532.76336 -54054.37177 -7091.95280
v 16247.78454 -53891.11905 -6742.06084
v 15971.16803 -53720.48102 -6955.21029
v 15657.52572 -53666.88885 -6825.70175
v 15326.83925 -53503.02315 -7918.95444
v 14944.62830 -53435.00833 -8946.82403
v 14695.85195 -53783.57947 -7565.97989
v 14552.08399 -54158.17490 -6165.15745
v 14279.46986 -54341.03483 -6837.72910
v 14042.09338 -54602.83818 -7475.21250
v 13917.61005 -54947.35716 -7635.01591
v 13767.63492 -55317.86520 -8472.79694
v 13849.64303 -55704.28734 -8142.88328
v 14191.15264 -55959.78643 -6282.63864
v 14351.36301 -56237.15711 -6188.21834
v 14406.15519 -56656.08630 -7759.15104
v 14658.70152 -56923.03261 -8109.04300
v 14989.06071 -57050.08444 -7895.89355
v 15325.31691 -57148.66248 -8025.40209
v 15659.04807 -56984.79679 -6932.14939
v 15926.73562 -56764.61175 -5904.27981
v 16284.93496 -56815.49303 -7285.12395
v 16678.69215 -56759.88942 -8685.94639
v 16850.66019 -56398.84292 -8013.37474
v 16945.49252 -56026.80374 -7375.89133
v 17026.32553 -55675.24605 -7216.08793
v 15544.50757 -55317.86520 -8864.28764
v 15541.75846 -55308.08768 -8331.62547
v 15538.17267 -55299.14349 -8065.86082
v 15532.81864 -55291.59936 -7708.31327
v 15524.40311 -55288.01018 -6506.96812
v 15519.03006 -55281.55652 -6973.36280
v 15513.83434 -55270.96312 -8940.92149
v 15504.68164 -55268.79840 -8946.59500
v 15495.79503 -55273.79428 -7609.15490
v 15487.81495 -55276.55467 -7375.60352
v 15480.63590 -55280.91918 -7169.29998
v 15474.70765 -55286.92227 -6896.72894
v 15465.47761 -55290.23579 -8325.95196
v 15457.66134 -55297.10029 -9403.30092
v 15459.54146 -55308.39205 -7941.86464
v 15462.82670 -55317.86520 -6713.27166
v 15461.86251 -55326.79488 -7245.93383
v 15463.55348 -55335.74031 -7511.69847
v 15466.73743 -55344.48632 -7869.24603
v 15469.74794 -55354.87589 -9070.59118
v 15478.18963 -55359.47861 -8604.19650
v 15488.59356 -55356.53603 -6636.63781
v 15496.14367 -55358.28218 -6630.96430
v 15504.33301 -55363.27806 -7968.40440
v 15513.05573 -55362.12758 -8201.95578
v 15521.47633 -55358.84127 -8408.25932
v 15529.36282 -55353.78797 -8680.83036
v 15531.55882 -55343.12276 -7251.60734
v 15532.28053 -55333.69711 -6174.25837
v 15539.43741 -55327.09925 -7635.69465
v 27044.12898 -64050.49729 11849.79248
v 27039.33930 -64041.44511 11022.80220
v 27036.36464 -64032.97002 10935.65705
v 27030.95953 -64026.14682 10610.43531
v 27025.26713 -64020.11850 10503.23343
v 27021.72316 -64009.76530 11705.43514
v 27014.25901 -64002.98945 12275.70618
v 27004.25021 -64006.72067 11116.40271
v 26996.07826 -64010.10392 10451.89505
v 26987.87438 -64010.09743 10815.81616
v 26980.27571 -64013.51329 10860.06308
v 26972.27646 -64017.16515 11279.52144
v 26963.02753 -64021.41749 12182.10568
v 26960.76459 -64031.58635 11600.16470
v 26964.25153 -64042.27138 10246.51420
v 26962.44811 -64050.49729 10458.98651
v 26959.44335 -64059.82959 11285.97679
v 26961.74545 -64068.93548 11373.12194
v 26964.87832 -64078.12140 11698.34368
v 26970.61196 -64085.83067 11805.54556
v 26980.88272 -64086.34312 10603.34385
v 26989.01823 -64087.08610 10033.07281
v 26995.71223 -64094.66072 11192.37628
v 27004.61624 -64098.04397 11856.88394
v 27013.11516 -64094.19407 11492.96283
v 27021.11615 -64090.09111 11448.71591
v 27026.93163 -64082.87732 11029.25755
v 27029.10874 -64073.39207 10126.67331
v 27035.38378 -64067.55181 10708.61429
v 27044.14748 -64060.65586 12062.26479
v 28572.76119 -64050.49729 10806.48146
v 28353.16708 -63739.12647 9808.55442
v 28376.11541 -63387.22787 10456.47923
v 28406.22516 -62944.46481 11678.27421
v 28136.27325 -62684.35063 11467.18228
v 27799.37932 -62551.62194 10943.48549
v 27488.79237 -62421.95008 10853.93235
v 27153.18263 -62472.73607 10241.03232
v 26848.78679 -62493.02082 10141.74231
v 26476.82330 -62307.38913 11440.31443
v 26107.11787 -62376.29961 11928.98643
v 25936.24660 -62771.54158 10896.03461
v 25786.71749 -63096.21920 10421.45445
v 25606.67251 -63378.93188 10555.76924
v 25540.82205 -63714.73281 10379.70209
v 25394.59516 -64050.49729 10978.51027
v 25244.45160 -64454.45816 11976.43732
v 25472.71626 -64786.62784 11328.51251
v 25835.03482 -64966.77255 10106.71753
v 26009.66509 -65241.18160 10317.80946
v 26210.29631 -65531.23035 10841.50624
v 26506.68505 -65694.11275 10931.05939
v 26820.97382 -65894.44379 11543.95942
v 27180.99560 -65914.72853 11643.24943
v 27458.93061 -65579.55180 10344.67731
v 27696.20089 -65355.90802 9856.00530
v 28062.85476 -65328.37256 10888.95713
v 28357.90782 -65118.52694 11363.53729
v 28510.07166 -64778.33185 11229.22249
v 28649.53753 -64430.06451 11405.28965
v 30022.53694 -64050.49729 10089.74136
v 30065.46132 -63345.11860 10368.82360
v 29901.50021 -62652.01258 10474.39031
v 29674.79770 -61946.69967 10800.40631
v 29022.05462 -61619.37154 10088.17892
v 28319.07310 -61577.17069 9126.82988
v 27893.69190 -61072.91509 9762.86160
v 27342.92005 -60518.46518 10736.29313
v 26663.84528 -60588.14722 10574.16141
v 26031.25519 -60822.85549 10371.27485
v 25456.02053 -61155.46023 10253.62564
v 25147.42131 -61823.13325 9453.70965
v 24778.96096 -62303.59260 9395.39207
v 24039.37295 -62623.51423 10636.52203
v 23686.79560 -63288.11162 11003.29287
v 23931.12165 -64050.49729 10205.82812
v 24107.15807 -64716.15536 9926.74588
v 24336.71545 -65334.16521 9821.17917
v 24746.73922 -65822.74522 9495.16317
v 24946.10222 -66519.90823 10207.39057
v 25273.36546 -67288.02155 11168.73960
v 26011.34106 -67344.48853 10532.70788
v 26706.19377 -67076.66335 9559.27635
v 27300.57156 -67146.34539 9721.40807
v 27913.60603 -67094.42894 9924.29464
v 28501.72817 -66866.31109 10041.94384
v 29223.37372 -66723.66994 10841.85984
v 29707.01944 -66179.63815 10900.17741
v 29604.15771 -65305.66685 9659.04746
v 29645.09884 -64659.14838 9292.27661
v 31765.21264 -64050.49729 9616.34137
v 31664.86879 -62977.08657 9622.10916
v 30719.11198 -62257.93453 8582.36923
v 30164.82321 -61561.28192 8345.32041
v 29845.20348 -60629.69580 8852.00513
v 29165.72620 -59989.65469 8970.22177
v 28399.51028 -59387.64099 9264.35080
v 27500.03506 -58900.20091 9643.91186
v 26550.70206 -59422.78669 8920.88499
v 25839.07020 -60182.53796 8114.30347
v 24939.65805 -60187.25533 8656.26569
v 23943.57556 -60375.74385 9322.21235
v 23347.87597 -61178.00722 9242.54810
v 22837.46175 -62044.20893 9305.39610
v 22643.89795 -63048.13541 9151.90194
v 23111.74626 -64050.49729 8310.04290
v 23200.50142 -64924.78180 8304.27512
v 22813.77707 -66068.20135 9344.01505
v 23164.02185 -67067.59339 9581.06386
v 24054.90428 -67591.39970 9074.37915
v 24838.99301 -68102.49114 8956.16250
v 25725.44211 -68297.04011 8662.03348
v 26595.50152 -68216.77921 8282.47242
v 27455.23560 -68739.36499 9005.49928
v 28513.13837 -69091.93708 9812.08081
v 29266.39124 -68300.09177 9270.11859
v 29733.87477 -67337.44774 8604.17193
v 30348.67733 -66684.31869 8683.83618
v 30742.79665 -65854.47575 8620.98818
v 31108.26532 -64995.83064 8774.48234
v 32194.51415 -64050.49729 7257.57731
v 32074.07024 -62882.92718 7251.11202
v 31522.63273 -61870.64816 7035.06853
v 31156.74904 -60781.10658 7206.03696
v 30972.00136 -59274.94143 7934.15438
v 29949.28252 -58520.44824 7899.94196
v 28572.81785 -58810.21879 7161.98806
v 27517.42234 -58721.11422 7034.54284
v 26456.23175 -58449.75478 7264.50489
v 25386.93926 -58676.13844 7280.80666
v 24183.02701 -58768.53510 7658.50780
v 22982.98566 -59220.82211 7995.53121
v 22690.27604 -60660.78785 7378.55724
v 22707.62211 -61981.62795 6805.10647
v 21991.73057 -62898.06829 7189.73518
v 21477.90887 -64050.49729 7556.45325
v 21591.64850 -65294.98727 7562.91855
v 21732.52665 -66589.34975 7778.96203
v 22486.83324 -67600.21976 7607.99360
v 23801.19277 -67896.43823 6879.87618
v 24590.97988 -68567.52789 6914.08860
v 25261.20469 -69843.77569 7652.04250
v 26397.23206 -70258.92898 7779.48772
v 27576.42203 -69987.56955 7549.52567
v 28698.55241 -69709.69533 7533.22390
v 29541.32965 -68815.61475 7155.52276
v 30153.79425 -67842.31891 6818.49935
v 31360.19183 -67479.90103 7435.47332
v 32497.72819 -66700.32953 8008.92409
v 32474.15232 -65310.12838 7624.29538
v 32296.08007 -64050.49729 5175.21265
v 32976.62707 -62675.24413 5583.62810
v 33157.64959 -61082.59167 5899.81651
v 32124.75887 -60019.74180 5696.20977
v 31056.60268 -59173.22486 5559.72180
v 29973.04790 -58475.88701 5501.32341
v 28697.22890 -58395.70889 5273.67968
v 27604.36440 -57825.62223 5418.90507
v 26294.74240 -56786.43536 5903.15391
v 24942.32663 -57194.78826 5858.87017
v 24072.26699 -58560.85464 5455.85475
v 23152.61426 -59424.76737 5402.85638
v 22290.97099 -60346.72409 5438.40270
v 21724.12482 -61507.59526 5415.56767
v 20717.53571 -62604.86938 5740.49351
v 20134.19755 -64050.49729 5962.73722
v 21080.51086 -65412.60272 5554.32177
v 22047.21705 -66437.67314 5238.13336
v 22285.58923 -67758.50339 5441.74010
v 22918.71485 -68957.44557 5578.22807
v 23892.10664 -69877.94942 5636.62646
v 24939.00052 -70917.28818 5864.27019
v 26333.10151 -70919.46530 5719.04479
v 27566.00529 -69880.27842 5234.79596
v 28700.55501 -69716.36755 5279.07970
v 30153.20825 -69962.91705 5682.09512
v 31290.50209 -69208.98808 5735.09349
v 32130.14063 -68085.48568 5699.54717
v 32834.55735 -66862.67673 5722.38219
v 32613.65191 -65342.22797 5397.45635
v 33659.90316 -64050.49729 3588.28979
v 33674.43588 -62514.67467 3614.58379
v 33314.04438 -61007.21145 3628.72917
v 31906.29677 -60191.56789 3492.62393
v 30750.78690 -59540.90861 3418.86395
v 30235.35963 -57984.03968 3557.89201
v 29170.54405 -56818.72830 3646.79683
v 27701.52622 -56824.86807 3596.55484
v 26308.35568 -56926.65040 3581.36463
v 25034.99044 -57503.52343 3539.92578
v 24140.85024 -58689.45159 3436.99434
v 22913.89085 -59137.74909 3499.38496
v 21226.66603 -59509.62069 3664.82578
v 20599.59093 -60965.58481 3643.91938
v 20815.74445 -62627.46773 3534.06278
v 20753.93195 -64050.49729 3521.79539
v 21050.49110 -65419.51042 3495.50139
v 21523.85300 -66689.92768 3481.35601
v 21465.14673 -68403.80265 3617.46124
v 22115.00656 -69923.74782 3691.22122
v 23782.37402 -70083.70345 3552.19317
v 25182.37962 -70106.40326 3463.28835
v 26352.48489 -70719.81906 3513.53034
v 27657.39702 -70821.60139 3528.72055
v 29023.15487 -70791.19839 3570.15940
v 30593.83585 -70789.11536 3673.09083
v 31549.67119 -69520.58830 3610.70022
v 31667.81607 -67721.85545 3445.25940
v 32389.78231 -66648.30105 3466.16580
v 33439.68922 -65532.30348 3576.02240
v 33808.04705 -64050.49729 1424.27999
v 32702.25357 -62738.37891 1581.48810
v 32459.02456 -61419.31969 1558.02887
v 32221.60538 -59943.56951 1481.12608
v 31362.71983 -58805.17877 1470.56577
v 30458.91449 -57564.86336 1406.64039
v 29167.99473 -56827.22209 1390.90205
v 27632.38387 -57537.02534 1546.10233
v 26411.31585 -57987.12681 1613.27643
v 25007.91072 -57413.29984 1482.36699
v 23565.70268 -57611.02177 1414.55130
v 22510.06825 -58652.23128 1440.01834
v 21502.28363 -59726.40107 1426.28781
v 21159.05380 -61235.23851 1490.85478
v 21483.70719 -62781.16945 1612.03552
v 20902.07584 -64050.49729 1538.38146
v 20078.30879 -65643.21466 1381.17335
v 20668.83318 -67102.03592 1404.63257
v 21780.45534 -68155.80426 1481.53536
v 22726.93949 -69188.01798 1492.09568
v 24005.92889 -69664.52713 1556.02105
v 25179.83030 -70114.89705 1571.75940
v 26283.34253 -71431.97633 1416.55912
v 27760.35719 -71882.07781 1349.38502
v 28996.07516 -70700.97480 1480.29446
v 30018.68829 -69710.68554 1548.11015
v 31145.84859 -69035.07050 1522.64311
v 31943.43367 -67938.63583 1536.37364
v 32949.24517 -66917.95475 1471.80667
v 34107.65196 -65686.00520 1350.62592
v 32829.99592 -64050.49729 -406.70317
v 32481.24018 -62789.23524 -293.16841
v 32587.37552 -61357.45622 -550.26269
v 32571.38204 -59668.46111 -936.80145
v 31288.24560 -58894.71950 -697.02832
v 29791.70892 -58815.90647 -282.99575
v 28764.64501 -58171.09345 -346.75808
v 27621.58168 -57648.28651 -465.16812
v 26370.34726 -57565.15565 -503.90612
v 24960.21683 -57254.39442 -793.45168
v 23661.16356 -57790.01558 -831.97992
v 23184.01336 -59462.51865 -342.94084
v 22657.45956 -60634.97683 -174.75837
v 21483.16296 -61391.45484 -511.52469
v 20828.40287 -62630.38050 -647.25589
v 20668.11340 -64050.49729 -658.50007
v 20585.12397 -65526.59383 -772.03483
v 21476.94299 -66712.53769 -514.94055
v 22732.21240 -67407.22270 -128.40180
v 23150.35777 -68678.94020 -368.17492
v 23710.76766 -70217.96889 -782.20749
v 25006.41663 -70692.67274 -718.44516
v 26350.31879 -70742.12957 -600.03512
v 27641.61015 -70658.99871 -561.29712
v 28718.44521 -69775.97371 -271.75156
v 29742.10482 -69192.07800 -233.22332
v 31321.90118 -69246.73936 -722.26240
v 32496.62920 -68373.73843 -890.44487
v 32593.59549 -66746.53631 -553.67855
v 32724.51908 -65367.73909 -417.94735
v 32672.16823 -64050.49729 -2657.00785
v 32777.34408 -62721.10019 -2870.72935
v 31969.45526 -61655.28561 -2444.94958
v 31293.45037 -60673.58744 -2323.83109
v 30427.05114 -59930.13764 -2154.72170
v 29410.90481 -59529.93281 -1881.15441
v 28662.32270 -58512.00858 -2389.88105
v 27634.35022 -57516.77222 -3018.78248
v 26411.27101 -57986.66492 -2620.57452
v 25446.95464 -58876.09631 -2067.23578
v 24448.51456 -59266.33725 -2137.68139
v 23577.67223 -59935.81657 -2148.28121
v 22779.26241 -60730.77793 -2241.82791
v 21631.82978 -61463.11028 -2843.15755
v 21215.75120 -62719.51138 -2877.16983
v 21955.56295 -64050.49729 -2084.27608
v 22294.92234 -65133.16028 -1870.55459
v 22179.34919 -66373.98720 -2296.33435
v 22623.53458 -67492.70062 -2417.45284
v 23256.24255 -68551.63444 -2586.56224
v 24052.60217 -69577.01245 -2860.12953
v 25350.70954 -69545.56548 -2351.40289
v 26514.15994 -69054.58699 -1722.50145
v 27531.46129 -69524.47968 -2120.70942
v 28758.56779 -69909.65320 -2674.04816
v 29806.81720 -69313.41689 -2603.60254
v 30748.48082 -68557.31337 -2593.00272
v 31449.17821 -67549.89111 -2499.45603
v 31421.93585 -66181.81186 -1898.12639
v 31698.17295 -65131.57147 -1864.11410
v 31623.45842 -64050.49729 -4368.81413
v 31400.61256 -63037.89331 -4183.31171
v 30540.14211 -62344.19564 -3254.17734
v 30136.98928 -61583.17403 -3257.69872
v 30043.37161 -60391.43733 -4256.78162
v 29343.72534 -59655.89760 -4464.13557
v 28371.53342 -59480.85365 -4093.11854
v 27460.41543 -59308.27803 -4042.94086
v 26569.50040 -59616.40714 -3616.62688
v 25819.12709 -60116.09195 -3174.06343
v 24830.18772 -59981.99309 -3946.02153
v 23739.63855 -60130.54943 -4739.83116
v 23333.04092 -61166.33906 -4233.48938
v 23198.40313 -62218.17790 -3680.49132
v 22916.58723 -63110.88265 -3700.26217
v 22969.99204 -64050.49729 -3484.82352
v 22936.24518 -64985.58854 -3670.32594
v 22634.80720 -66154.46246 -4599.46031
v 23136.18792 -67089.48550 -4595.93893
v 24253.07241 -67353.14122 -3596.85603
v 25016.99215 -67768.73404 -3389.50208
v 25697.46525 -68390.25277 -3760.51911
v 26555.88189 -68624.85633 -3810.69679
v 27474.03394 -68932.98544 -4237.01077
v 28493.19526 -69025.49107 -4679.57422
v 29156.92091 -68094.82953 -3907.61612
v 29529.93776 -67092.25333 -3113.80649
v 30333.84228 -66672.65053 -3620.14827
v 31103.73803 -66028.44472 -4173.14633
v 31380.95460 -65058.57787 -4153.37548
v 29700.16471 -64050.49729 -4245.81499
v 29847.71897 -63395.22226 -4774.81282
v 29814.38493 -62694.00100 -5199.13819
v 29523.63475 -62065.59324 -5295.97339
v 29221.29372 -61379.82543 -5797.69963
v 28598.13979 -61053.90699 -5488.59909
v 27839.82603 -61252.38415 -4289.82696
v 27286.75460 -61096.96202 -4353.91036
v 26668.95813 -60640.80891 -5415.25824
v 26000.61236 -60720.76042 -5583.30630
v 25418.74642 -61085.56946 -5403.99807
v 24873.02774 -61493.22857 -5444.58713
v 24665.37367 -62214.25325 -4710.72941
v 24572.67167 -62880.55715 -4137.79030
v 24014.40015 -63363.49514 -5127.92532
v 23608.74943 -64050.49729 -5977.00787
v 23889.41573 -64766.25901 -5448.01004
v 24249.60017 -65376.15362 -5023.68467
v 24595.57627 -65941.63879 -4926.84947
v 25145.34132 -66280.36212 -4425.12322
v 25552.43215 -66764.75785 -4734.22376
v 25957.47519 -67523.95759 -5932.99590
v 26650.02833 -67655.16019 -5868.91250
v 27305.68441 -67199.00709 -4807.56461
v 27882.96320 -66992.33386 -4639.51655
v 28464.45406 -66796.42032 -4818.82479
v 28948.98014 -66393.76526 -4778.23573
v 29593.43215 -66090.29881 -5512.09344
v 30137.45643 -65562.70978 -6085.03255
v 29972.70339 -64734.53190 -5094.89753
v 28484.15523 -64050.49729 -5303.16358
v 28642.21589 -63672.61482 -6329.47004
v 28643.41176 -63258.39457 -6962.03809
v 28284.68255 -63040.06121 -5850.17783
v 27962.12674 -62893.72780 -5059.27582
v 27761.61126 -62622.43892 -5509.04426
v 27482.87111 -62441.67839 -5716.57933
v 27168.64182 -62313.50842 -5984.04855
v 26815.92544 -62154.55321 -6762.10456
v 26481.79441 -62323.95176 -6319.16503
v 26289.59322 -62718.44981 -4969.35932
v 26033.25749 -62888.17823 -5095.62851
v 25682.79911 -63014.48470 -6062.00082
v 25491.46547 -63323.40361 -6183.98208
v 25364.53154 -63674.16744 -6293.11735
v 25305.98920 -64050.49729 -6409.08154
v 25533.50041 -64387.94652 -5382.77507
v 25740.01261 -64657.79454 -4750.20702
v 25713.49222 -65062.36896 -5862.06729
v 25835.51857 -65450.55878 -6652.96929
v 26172.52824 -65602.04733 -6203.20085
v 26500.76379 -65713.84106 -5995.66578
v 26836.43301 -65735.21614 -5728.19656
v 27148.13425 -65576.26092 -4950.14055
v 27463.90172 -65596.11443 -5393.08008
v 27878.67623 -65698.05822 -6742.88579
v 28159.86565 -65445.00920 -6616.61660
v 28253.98944 -65036.79245 -5650.24429
v 28394.86461 -64722.80358 -5528.26303
v 28473.24702 -64389.49914 -5419.12776
v 27044.08405 -64050.49729 -6803.91796
v 27039.71048 -64041.35970 -6066.67215
v 27036.68767 -64032.81432 -5974.05675
v 27030.84640 -64026.23580 -5544.49203
v 27025.03146 -64020.40185 -5392.38303
v 27021.63032 -64009.93939 -6629.79629
v 27014.26173 -64002.98040 -7241.19183
v 27004.27794 -64006.43507 -6136.12535
v 26996.03954 -64009.70508 -5493.85844
v 26987.88552 -64010.13456 -5771.81771
v 26980.49231 -64013.91942 -5732.08634
v 26972.43665 -64017.35775 -6192.52242
v 26962.92803 -64021.33923 -7171.73864
v 26960.53765 -64031.47696 -6616.32365
v 26963.99068 -64042.21136 -5266.53277
v 26962.40318 -64050.49729 -5432.11440
v 26959.81453 -64059.74418 -6169.36022
v 26962.06848 -64068.77978 -6261.97561
v 26964.76519 -64078.21038 -6691.54033
v 26970.37629 -64086.11402 -6843.64933
v 26980.78988 -64086.51720 -5606.23608
v 26989.02095 -64087.07705 -4994.84053
v 26995.73996 -64094.37511 -6099.90702
v 27004.57752 -64097.64513 -6742.17392
v 27013.12630 -64094.23120 -6464.21465
v 27021.33275 -64090.49723 -6503.94602
v 27027.09183 -64083.06992 -6043.50995
v 27029.00925 -64073.31382 -5064.29373
v 27035.15684 -64067.44242 -5619.70871
v 27043.88663 -64060.59583 -6969.49960
v 38540.38991 -57733.02522 6908.94224
v 38537.49805 -57725.17075 6614.76069
v 38535.82521 -57717.30691 6740.75928
v 38531.22698 -57710.66763 6652.41090
v 38527.91847 -57702.46981 7099.93042
v 38523.07989 -57693.63137 7735.27088
v 38513.10865 -57693.26801 7199.74788
v 38503.83325 -57697.08496 6376.46303
v 38496.00562 -57695.57420 6597.22970
v 38487.36677 -57694.70991 6979.41472
v 38479.34274 -57697.76643 7041.36053
v 38470.47179 -57700.70802 7444.46524
v 38464.33497 -57707.49012 7438.04554
v 38465.58304 -57717.92478 6519.99261
v 38464.85511 -57725.66365 6270.22588
v 38458.70904 -57733.02522 7037.98462
v 38457.60210 -57741.90604 7332.16617
v 38461.20602 -57750.04609 7206.16757
v 38465.14577 -57757.97982 7294.51596
v 38473.26330 -57762.28725 6846.99643
v 38482.23946 -57763.33976 6211.65598
v 38487.86787 -57769.82075 6747.17898
v 38495.29528 -57777.13632 7570.46383
v 38504.54359 -57775.62557 7349.69716
v 38512.60755 -57771.26265 6967.51214
v 38520.18317 -57767.47481 6905.56633
v 38525.12696 -57760.52546 6502.46162
v 38530.41619 -57754.80231 6508.88131
v 38540.20222 -57750.66395 7426.93425
v 38544.75105 -57742.39894 7676.70098
v 39937.26131 -57733.02522 6254.22977
v 39917.19708 -57436.17402 6295.61967
v 40062.69952 -57047.39072 7229.75366
v 39926.66400 -56711.57597 7418.43709
v 39561.26259 -56571.52454 6785.20475
v 39266.78942 -56424.23274 6597.99496
v 38968.83988 -56311.08099 6539.52943
v 38652.90362 -56299.41329 6345.35848
v 38330.45084 -56143.34605 6913.71372
v 37942.45789 -56042.05606 7564.02170
v 37675.31425 -56325.41254 7011.26844
v 37527.32336 -56668.47759 6312.69530
v 37283.83573 -56862.28755 6489.79062
v 37082.77720 -57111.21864 6661.39841
v 36953.30633 -57409.04919 6768.12911
v 36759.09528 -57733.02522 7337.95800
v 36808.48160 -58087.33676 7296.56810
v 37159.30038 -58321.25726 6362.43411
v 37355.47367 -58552.47225 6173.75068
v 37434.65442 -58898.99454 6806.98302
v 37677.70641 -59136.55485 6994.19281
v 37986.73257 -59289.71373 7052.65834
v 38320.69481 -59414.17611 7246.82929
v 38662.65965 -59258.10887 6678.47405
v 38924.56520 -59020.68880 6028.16607
v 39264.39726 -59037.73466 6580.91933
v 39653.93153 -58995.94759 7279.49247
v 39855.02606 -58703.18383 7102.39715
v 39986.17635 -58385.08518 6930.78936
v 40062.02181 -58060.21194 6824.05866
v 41739.17369 -57733.02522 6619.95786
v 41610.52979 -57081.48245 6519.60193
v 41418.97055 -56452.32672 6545.37291
v 41009.89197 -55936.01676 6387.90903
v 40319.09142 -55742.11746 5736.75886
v 39882.60436 -55373.13066 5815.85091
v 39508.25533 -54675.08817 6660.01197
v 38848.56328 -54464.92426 6781.89692
v 38178.46511 -54718.34022 6343.21158
v 37566.32449 -54901.28128 6250.55662
v 37056.10735 -55268.52090 6023.80865
v 36665.51179 -55725.26642 5775.79680
v 35985.43102 -55932.66816 6397.71699
v 35344.80996 -56348.68540 6984.05825
v 35411.97753 -57086.19691 6480.56399
v 35647.75841 -57733.02522 5963.50683
v 35652.22654 -58329.53011 6063.86276
v 35854.18579 -58893.87636 6038.09178
v 36081.83349 -59464.36096 6195.55566
v 36243.13902 -60203.05064 6846.70583
v 36836.89672 -60571.68863 6767.61378
v 37625.90449 -60384.06901 5923.45272
v 38211.83700 -60434.81811 5801.56777
v 38815.19139 -60688.23407 6240.25311
v 39448.67533 -60610.26212 6332.90807
v 40101.81499 -60467.07887 6559.65604
v 40741.46419 -60186.19960 6807.66789
v 40913.48950 -59461.01236 6185.74770
v 40909.59472 -58790.23505 5599.40644
v 41370.28077 -58334.24457 6102.90070
v 43324.12506 -57733.02522 5991.24061
v 42646.76688 -56864.42850 5401.36156
v 41954.49273 -56217.36633 4939.32315
v 41876.79765 -55315.33793 5335.32700
v 41505.22785 -54443.94839 5655.41928
v 40739.87034 -53909.90850 5643.81588
v 39935.32003 -53379.84388 5810.32553
v 38965.40137 -53369.45982 5616.22260
v 38099.74843 -53980.29905 4987.44680
v 37285.10312 -54048.36513 5090.72391
v 36203.30494 -53812.91737 5758.46866
v 35382.47196 -54321.04125 5824.73095
v 34914.58843 -55165.97652 5595.46449
v 34476.11878 -55967.54709 5568.09895
v 34517.39563 -56898.81457 5232.04989
v 34670.65868 -57733.02522 4987.67454
v 34182.39950 -58637.40538 5577.55359
v 34049.15783 -59685.83249 6039.59199
v 34875.99629 -60327.70476 5643.58814
v 35714.92864 -60781.15140 5323.49586
v 36413.13715 -61294.98152 5335.09927
v 37261.25186 -61490.02378 5168.58961
v 38060.86782 -61850.29281 5362.69254
v 39004.28198 -62461.13204 5991.46834
v 39959.17129 -62158.54503 5888.19123
v 40530.03813 -61197.99039 5220.44648
v 41172.77117 -60658.24427 5154.18419
v 41915.38979 -60178.34335 5383.45065
v 42381.45368 -59436.01326 5410.81619
v 42981.76301 -58671.79145 5746.86525
v 43553.42225 -57733.02522 4247.13296
v 43529.37900 -56679.55338 4301.70515
v 43191.30445 -55674.71511 4297.70952
v 43120.02518 -54425.22376 4653.25599
v 42530.35701 -53321.99400 4846.42300
v 41128.36013 -53246.81573 4372.75471
v 39970.35072 -53273.59934 4064.68157
v 39040.52545 -52665.10249 4319.83835
v 37934.24985 -52428.59775 4468.95397
v 36797.30297 -52568.91633 4529.28789
v 35564.93283 -52723.31364 4751.79504
v 34784.99514 -53667.13170 4555.20609
v 34674.31292 -54993.94636 4046.54837
v 34029.15138 -55771.44012 4148.59390
v 33009.63335 -56582.99325 4592.92206
v 32836.81697 -57733.02522 4623.91585
v 33046.95726 -58875.23920 4569.34366
v 33401.19838 -59970.12474 4573.33929
v 34450.10939 -60632.62719 4217.79283
v 35359.54842 -61170.09791 4024.62581
v 35770.05749 -62392.62032 4498.29410
v 36658.73756 -63317.38906 4806.36724
v 37920.33517 -63167.91554 4551.21046
v 39054.44013 -62931.41081 4402.09484
v 40108.91612 -62612.70605 4341.76092
v 40923.23547 -61869.11823 4119.25377
v 41955.80373 -61515.23561 4315.84272
v 43344.22872 -61201.34979 4824.50044
v 43819.25746 -60066.84975 4722.45491
v 43492.05509 -58778.67906 4278.12675
v 44336.69286 -57733.02522 3107.70669
v 45127.55011 -56344.79470 3426.73136
v 44493.59926 -55103.33319 3353.74624
v 43275.16318 -54314.14954 3130.04147
v 42420.55685 -53442.16497 3115.34742
v 41365.77973 -52841.57673 3071.98466
v 40263.21971 -52385.35711 3063.26575
v 39180.93305 -51348.65228 3337.95342
v 37783.65741 -51016.65528 3453.05496
v 36651.12895 -52125.58523 3157.44325
v 35741.46850 -53024.63307 2999.10347
v 34577.31988 -53439.84115 3116.42560
v 33672.44918 -54276.64154 3152.04369
v 32815.86886 -55239.11235 3238.64470
v 31875.55374 -56345.44485 3425.65319
v 32174.81034 -57733.02522 3273.68720
v 33231.43390 -58836.59806 2954.66253
v 33383.16673 -59978.03613 3027.64766
v 33435.99354 -61358.70416 3251.35242
v 34282.66902 -62348.69043 3266.04647
v 35284.83847 -63220.81512 3309.40923
v 36504.99133 -63783.68592 3318.12814
v 37909.67016 -63267.90984 3043.44047
v 39054.92030 -62935.91284 2928.33893
v 40409.35733 -63523.91404 3223.95064
v 41822.40976 -63403.87147 3382.29043
v 42715.20770 -62346.36661 3264.96829
v 43511.61882 -61321.19615 3229.35020
v 43926.30140 -60113.81529 3142.74920
v 43771.66994 -58837.24820 2955.74071
v 45202.09423 -57733.02522 1853.85343
v 45107.17408 -56349.06274 1859.58698
v 44277.33570 -55198.21884 1812.71776
v 43058.11704 -54469.54816 1737.63809
v 42638.25447 -53203.90543 1797.53106
v 42065.51103 -51647.24221 1900.52969
v 40631.94256 -51267.05778 1875.29295
v 39169.26094 -51458.08900 1821.26952
v 37836.79997 -51514.91565 1814.95972
v 36654.07932 -52134.53339 1774.56993
v 35522.91395 -52651.59383 1772.46396
v 33860.24488 -52655.03717 1879.09016
v 32633.63467 -53532.88106 1913.61041
v 32669.69384 -55174.97804 1819.02756
v 32625.92893 -56502.62114 1778.02788
v 32296.12302 -57733.02522 1799.63704
v 32483.22930 -58993.31969 1793.90348
v 32487.14432 -60371.16601 1840.77270
v 32616.96701 -61945.10294 1915.85238
v 34002.47413 -62655.35022 1855.95940
v 35612.52543 -62661.50351 1752.96077
v 36643.77813 -63362.75951 1778.19751
v 37820.21961 -64106.59096 1832.22094
v 39185.84131 -64163.41761 1838.53074
v 40642.24375 -64230.23512 1878.92053
v 41975.89955 -63665.85512 1881.02651
v 42496.02522 -62106.48196 1774.40030
v 43074.78471 -61008.43584 1739.88005
v 44459.88521 -60347.92522 1834.46291
v 45249.87370 -59146.87808 1875.46259
v 44470.96229 -57733.02522 474.76151
v 44087.50809 -56562.64565 502.90539
v 44414.32016 -55138.11690 420.01736
v 43946.88861 -53833.21399 391.86594
v 43003.16537 -52804.52807 392.17603
v 41960.42274 -51826.61189 371.39448
v 40457.57549 -51795.89558 435.16325
v 39084.03374 -52257.17235 516.51001
v 37853.23953 -51669.05164 451.20750
v 36326.10139 -51139.80932 358.98476
v 35085.12510 -51904.35510 381.30759
v 34112.53711 -52931.15885 410.99274
v 33273.85866 -53991.26251 421.55863
v 33133.89146 -55378.64478 485.31987
v 32743.35587 -56527.21781 484.08868
v 31564.99108 -57733.02522 369.85320
v 31463.56332 -59206.90260 341.70933
v 32624.12878 -60311.06407 424.59736
v 33505.73857 -61308.76878 452.74877
v 34367.38503 -62255.97285 452.43868
v 35507.43713 -62840.87318 473.22024
v 36469.41106 -63891.59732 409.45146
v 37734.99240 -64905.67431 328.10471
v 39202.28087 -64317.55360 393.40722
v 40314.26583 -63235.51105 485.62996
v 41538.11071 -62918.61640 463.30713
v 42748.31745 -62382.60363 433.62198
v 43715.00870 -61466.81729 423.05608
v 44924.08284 -60551.59195 359.29485
v 45367.30064 -59171.47475 360.52603
v 44331.01780 -57733.02522 -856.72584
v 44351.45742 -56507.35787 -908.08828
v 44624.70613 -55045.81004 -1153.45668
v 43879.93783 -53881.14877 -1134.98748
v 42279.91582 -53596.08979 -794.87867
v 41233.22313 -53067.83060 -732.85241
v 40365.57400 -52074.92686 -926.75631
v 39145.92315 -51676.90224 -975.09837
v 37833.49180 -51483.89853 -1042.01170
v 36443.34891 -51495.40924 -1136.85417
v 35513.20321 -52635.01908 -905.16997
v 34980.14565 -53880.71452 -662.82195
v 33775.41594 -54350.36269 -859.74622
v 32555.20060 -55124.74413 -1086.54335
v 32268.37986 -56427.72762 -1040.14500
v 32169.13528 -57733.02522 -1026.56288
v 32455.34122 -58999.16123 -975.20043
v 33514.27360 -59920.51298 -729.83204
v 34040.76819 -60925.70338 -748.30124
v 34142.02800 -62502.61525 -1088.41005
v 35152.28187 -63447.06900 -1150.43630
v 36607.34562 -63473.25567 -956.53241
v 37874.66026 -63596.15980 -908.19034
v 39104.75469 -63403.15609 -841.27702
v 40201.57729 -62893.73805 -746.43454
v 41594.14447 -63014.25747 -978.11875
v 43118.03348 -62787.23998 -1220.46677
v 43614.58558 -61394.91731 -1023.54250
v 43665.63313 -59999.44707 -796.74536
v 44164.49607 -58919.53097 -843.14371
v 44550.35612 -57733.02522 -2614.10495
v 43939.76982 -56593.59144 -2311.90625
v 43170.41756 -55683.87924 -2034.52910
v 42670.85907 -54746.81342 -2061.13475
v 41849.75259 -54066.88269 -1968.85553
v 41103.58979 -53289.09492 -2093.08998
v 40340.40978 -52151.24741 -2555.60965
v 39112.91830 -51986.35308 -2498.73549
v 37975.24521 -52812.96698 -1977.55759
v 36982.69714 -53131.19820 -1909.51584
v 35875.01363 -53252.57423 -2119.53269
v 34952.37353 -53850.31928 -2151.58528
v 33926.35274 -54458.42898 -2368.78040
v 33059.06146 -55345.81311 -2555.70701
v 33349.48590 -56654.17999 -2129.17650
v 33833.75084 -57733.02522 -1758.83868
v 33457.34808 -58789.27726 -2061.03738
v 33380.31149 -59979.28887 -2338.41453
v 34000.94327 -60954.21685 -2311.80889
v 34678.94400 -61914.98660 -2404.08810
v 35745.28715 -62434.89951 -2279.85365
v 37028.79662 -62195.03714 -1817.33399
v 37992.72801 -62489.16614 -1874.20814
v 39095.43549 -63315.78004 -2395.38605
v 40294.31029 -63174.98792 -2463.42780
v 41233.31627 -62398.37882 -2253.41094
v 42123.18212 -61698.42319 -2221.35835
v 42596.26853 -60665.83240 -2004.16323
v 42849.16754 -59641.22274 -1817.23662
v 43831.90765 -58849.86580 -2243.76714
v 42979.71715 -57733.02522 -3394.73954
v 42471.45311 -56901.15035 -2971.49627
v 41967.38593 -56211.70944 -2704.50852
v 42058.07194 -55185.55089 -3312.31992
v 41734.09054 -54193.46922 -3751.41619
v 40742.67612 -53905.11946 -3400.42438
v 39812.00447 -53753.84759 -3158.69236
v 38938.89243 -53618.00544 -3111.32615
v 38087.75599 -53867.85885 -2854.13609
v 37212.09537 -53826.93999 -3080.01512
v 36086.36492 -53613.31862 -3745.36088
v 35342.14935 -54276.91010 -3636.47156
v 35177.26249 -55354.04338 -3018.86248
v 34799.71538 -56109.52513 -2961.69858
v 34417.09800 -56877.80586 -3086.44089
v 34326.25077 -57733.02522 -3086.07042
v 34007.08573 -58674.12723 -3509.31370
v 34062.05103 -59680.17560 -3776.30144
v 35057.27058 -60197.91772 -3168.49005
v 35943.79133 -60530.67224 -2729.39378
v 36415.94293 -61290.19248 -3080.38558
v 37137.93630 -61864.02749 -3322.11761
v 38034.35889 -62098.83843 -3369.48382
v 38992.28953 -62348.69184 -3626.67388
v 39886.16355 -61937.11988 -3400.79485
v 40413.09811 -60998.39164 -2735.44909
v 41132.44856 -60614.11312 -2844.33840
v 42178.06385 -60366.41021 -3461.94748
v 42705.05029 -59577.99129 -3519.11139
v 42881.46538 -58650.78274 -3394.36908
v 41290.86966 -57733.02522 -3610.33347
v 41581.09933 -57087.64706 -4219.50353
v 41402.10382 -56459.72700 -4264.99696
v 41091.14745 -55877.84025 -4309.25368
v 40654.11859 -55375.44640 -4337.15407
v 39920.34509 -55308.71299 -3694.85667
v 39320.90483 -55243.30342 -3382.37464
v 38822.94529 -54705.11640 -4117.05058
v 38149.99310 -54451.38892 -4556.27520
v 37524.39809 -54774.12272 -4231.68678
v 36962.07590 -55108.02358 -4093.81481
v 36509.29896 -55554.29902 -3922.81550
v 36301.98764 -56159.31335 -3484.82759
v 35834.40604 -56563.49571 -3825.77234
v 35180.01385 -57037.60896 -4633.84210
v 35199.45438 -57733.02522 -4475.02604
v 35622.79609 -58335.69472 -3865.85598
v 35837.31906 -58901.27664 -3820.36255
v 36163.08896 -59406.18445 -3776.10583
v 36578.16619 -59836.37958 -3748.20544
v 36874.63745 -60507.27096 -4390.50284
v 37438.55398 -60952.28426 -4702.98487
v 38186.21901 -60675.01025 -3968.30893
v 38786.71937 -60421.28277 -3529.08431
v 39406.74893 -60483.10356 -3853.67273
v 40007.78354 -60306.58155 -3991.54470
v 40585.25136 -60015.23220 -4162.54401
v 41230.04612 -59687.65755 -4600.53192
v 41399.19080 -59005.04536 -4259.58717
v 41138.31709 -58285.65662 -3451.51741
v 40118.97963 -57733.02522 -4653.74476
v 40245.29689 -57367.44905 -5243.74339
v 40016.01243 -57067.87468 -4798.30177
v 39647.65081 -56911.34117 -3938.48213
v 39484.51210 -56655.52425 -4126.77199
v 39305.71390 -56357.79460 -4626.79165
v 39002.09718 -56210.21495 -4674.59172
v 38677.42503 -56069.50253 -4933.57952
v 38321.53331 -56059.73600 -4969.14664
v 38043.92387 -56349.79219 -4143.05808
v 37805.98141 -56548.44144 -3829.49224
v 37425.65272 -56557.20398 -4605.94470
v 37115.18652 -56741.53970 -4984.75560
v 36993.09136 -57071.86897 -4762.73465
v 36886.02585 -57394.95638 -4764.57069
v 36940.81360 -57733.02522 -4440.33783
v 37136.58141 -58018.61179 -3850.33920
v 37112.61329 -58341.74123 -4295.78082
v 37076.46048 -58752.23744 -5155.60046
v 37357.90393 -58982.99425 -4967.31060
v 37716.63088 -59070.11671 -4467.29094
v 38019.98987 -59188.84769 -4419.49087
v 38345.21622 -59184.26535 -4160.50307
v 38653.74212 -59174.49882 -4124.93596
v 39026.03119 -59328.42493 -4951.02451
v 39395.06442 -59260.76355 -5264.59035
v 39552.26089 -58884.67398 -4488.13790
v 39686.37685 -58582.43598 -4109.32700
v 39896.49050 -58345.73552 -4331.34794
v 39994.74133 -58046.11913 -4329.51190
v 38540.67837 -57733.02522 -4701.20007
v 38537.88085 -57725.09056 -4421.75506
v 38535.77446 -57717.32918 -4483.75152
v 38530.89151 -57710.90782 -4343.97123
v 38527.77086 -57702.63136 -4819.28539
v 38523.11801 -57693.56631 -5497.13639
v 38513.18007 -57693.05139 -4983.79665
v 38503.86601 -57696.77787 -4172.28541
v 38496.00039 -57695.52521 -4355.33566
v 38487.49096 -57695.08656 -4672.80625
v 38479.50975 -57698.05149 -4744.47004
v 38470.38242 -57700.61021 -5214.53981
v 38464.08487 -57707.31105 -5233.26630
v 38465.39319 -57717.84148 -4300.70127
v 38464.81872 -57725.65603 -4026.50064
v 38458.99749 -57733.02522 -4747.62161
v 38457.98490 -57741.82586 -5027.06662
v 38461.15527 -57750.06835 -4965.07016
v 38464.81029 -57758.22001 -5104.85044
v 38473.11569 -57762.44880 -4629.53629
v 38482.27758 -57763.27470 -3951.68529
v 38487.93929 -57769.60413 -4465.02502
v 38495.32803 -57776.82923 -5276.53627
v 38504.53837 -57775.57658 -5093.48602
v 38512.73174 -57771.63930 -4776.01543
v 38520.35019 -57767.75988 -4704.35164
v 38525.03759 -57760.42766 -4234.28187
v 38530.16609 -57754.62325 -4215.55537
v 38540.01238 -57750.58066 -5148.12041
v 38544.71467 -57742.39132 -5422.32104
v 50037.06505 -65669.08071 10588.06974
v 50037.90925 -65661.08918 10952.50205
v 50036.65051 -65652.89718 11246.18606
v 50033.16187 -65645.18554 11433.95982
v 50030.02655 -65636.00737 12270.88090
v 50021.99133 -65631.30416 12078.80434
v 50011.50938 -65633.95007 10626.88033
v 50003.81691 -65633.06421 10469.63962
v 49995.68050 -65628.32170 11505.80086
v 49986.87097 -65629.00633 11756.37148
v 49978.62770 -65632.36753 11812.00474
v 49970.69036 -65636.79702 12039.99375
v 49968.05529 -65646.06258 11109.74276
v 49967.74201 -65654.83676 10210.02483
v 49961.04275 -65660.86826 11183.38920
v 49955.38418 -65669.08071 12215.24764
v 49958.01330 -65677.93179 11850.81533
v 49962.03132 -65685.84629 11557.13132
v 49967.08066 -65692.80112 11369.35756
v 49975.37138 -65696.20839 10532.43648
v 49981.15090 -65701.45956 10724.51304
v 49986.26861 -65710.99370 12176.43705
v 49995.27893 -65713.62891 12333.67776
v 50004.21847 -65708.88640 11297.51652
v 50012.11174 -65706.04996 11046.94590
v 50019.46813 -65702.52292 10991.31264
v 50025.34553 -65696.99805 10763.32363
v 50034.13651 -65693.67817 11693.57462
v 50042.36119 -65687.78587 12593.29256
v 50040.93870 -65677.71087 11619.92818
v 51441.34561 -65669.08071 10341.34377
v 51607.33195 -65330.24423 11425.61947
v 51647.23079 -64941.72366 12284.24211
v 51317.40480 -64719.80941 11345.92778
v 50988.12886 -64580.68652 10531.40440
v 50759.71466 -64364.04859 10760.69163
v 50469.31064 -64236.58137 10756.88837
v 50164.76136 -64114.38569 11065.76257
v 49815.28198 -63926.07377 12091.10131
v 49469.22166 -64048.96057 11825.15226
v 49271.22510 -64417.19669 10428.36818
v 49035.07768 -64606.24783 10345.14704
v 48717.11952 -64744.68631 11116.74527
v 48527.18411 -65018.73892 11258.90337
v 48358.74430 -65323.09288 11611.87683
v 48263.17958 -65669.08071 11928.18848
v 48498.61647 -65985.58254 10843.91277
v 48743.83165 -66223.75885 9985.29014
v 48746.21447 -66572.51040 10923.60447
v 48861.52070 -66923.08138 11738.12785
v 49170.63165 -67093.76342 11508.84061
v 49487.20333 -67234.31453 11512.64388
v 49832.55254 -67249.12187 11203.76968
v 50147.49079 -67060.80995 10178.43093
v 50451.32897 -67046.69373 10444.37999
v 50860.30812 -67146.91152 11841.16407
v 51161.68584 -66948.64268 11924.38521
v 51288.30985 -66597.38730 11152.78698
v 51430.58325 -66300.77411 11010.62888
v 51467.45978 -65978.43119 10657.65541
v 53277.93866 -65669.08071 10968.69073
v 53034.80978 -65029.32222 10521.10132
v 52810.87156 -64427.90233 10455.42355
v 52302.82026 -64009.75689 9867.14622
v 51817.36988 -63667.30252 9534.18916
v 51575.08033 -62963.41960 10642.49288
v 51061.14581 -62430.09457 11366.93841
v 50326.44063 -62588.77330 10573.11294
v 49696.00103 -62800.53381 10025.03093
v 49094.49841 -62905.17487 10081.13187
v 48583.59763 -63235.99540 9832.33138
v 47996.51634 -63462.30380 10244.24521
v 47238.36709 -63679.15412 11314.92678
v 46992.99542 -64341.29713 11003.50557
v 47237.25482 -65086.67529 9811.04528
v 47186.52337 -65669.08071 9782.98965
v 47076.50654 -66285.37296 10230.57906
v 47246.08680 -66885.10836 10296.25683
v 47374.76178 -67560.72653 10884.53416
v 47741.41748 -68156.84135 11217.49122
v 48529.37269 -68195.31322 10109.18750
v 49178.79497 -68175.68414 9384.74197
v 49689.71436 -68596.94897 10178.56744
v 50332.72731 -68808.70948 10726.64945
v 50976.84925 -68650.76444 10670.54851
v 51629.30527 -68467.88903 10919.34900
v 52072.46874 -67951.84262 10507.43517
v 52166.42557 -67230.12376 9436.75360
v 52557.78018 -66798.50317 9748.17481
v 53195.55806 -66342.72603 10940.63511
v 54425.73768 -65669.08071 9318.92631
v 53707.19678 -64887.57848 8353.89691
v 53647.89303 -64058.30417 8662.20220
v 53702.41214 -63001.26475 9547.68348
v 53064.04679 -62294.12544 9551.80183
v 52243.67729 -61814.90877 9412.46140
v 51380.76614 -61454.50213 9383.46514
v 50418.69178 -61718.28761 8681.04508
v 49600.97227 -61903.83843 8395.47468
v 48618.84365 -61453.31108 9385.38199
v 47589.53340 -61528.39935 9918.83719
v 47025.82207 -62393.11329 9347.92256
v 46559.45951 -63189.95939 9056.31697
v 46180.24942 -63982.41814 8947.77260
v 46161.43124 -64859.88438 8557.77617
v 45772.27130 -65669.08071 9018.34663
v 45242.82941 -66671.92454 9983.37602
v 45742.55812 -67549.01180 9675.07073
v 46701.61078 -68045.77328 8789.58945
v 47273.74758 -68671.96565 8785.47111
v 47916.94410 -69247.33843 8924.81154
v 48706.69797 -69616.68840 8953.80779
v 49514.15824 -70253.50378 9656.22785
v 50505.50581 -70439.05460 9941.79825
v 51292.91182 -69615.49735 8951.89095
v 51916.26659 -68960.82901 8418.43575
v 52816.12128 -68770.95349 8989.35037
v 53560.26087 -68234.46793 9280.95596
v 54085.58432 -67473.12577 9389.50033
v 54625.79862 -66644.23044 9779.49676
v 55192.63597 -65669.08071 7428.71909
v 55179.44501 -64577.21857 7524.04295
v 55047.30169 -63440.37633 7737.71324
v 54821.21178 -62195.10070 8141.60491
v 53679.62518 -61616.08438 7713.68167
v 52354.13493 -61625.16548 6978.35590
v 51538.39085 -60973.37669 7229.46443
v 50581.62085 -60180.88218 7774.23076
v 49417.46713 -60172.27633 7782.34333
v 48250.77755 -60329.84530 7863.83419
v 47182.12650 -60828.55885 7840.72333
v 46706.15878 -62041.01380 7177.61056
v 46190.12856 -62923.83370 6979.27662
v 44960.66906 -63443.89592 7729.60068
v 44256.60880 -64458.33489 8060.11405
v 44476.03069 -65669.08071 7736.79253
v 44697.02327 -66786.98418 7641.46867
v 45257.19561 -67763.33019 7427.79838
v 46151.29598 -68442.30898 7023.90671
v 46508.81659 -69514.51410 7451.82995
v 46995.83229 -70829.61737 8187.15572
v 48226.77770 -71081.57202 7936.04719
v 49461.43057 -70751.04432 7391.28086
v 50537.65742 -70742.43847 7383.16829
v 51562.39070 -70438.04063 7301.67743
v 52540.42914 -70033.01074 7324.78829
v 53876.96737 -69939.44352 7987.90106
v 54860.04435 -69171.04198 8186.23500
v 54750.77514 -67766.84978 7435.91094
v 54739.03054 -66668.10050 7105.39757
v 56601.86651 -65669.08071 5975.96653
v 56653.75133 -64266.42479 6078.49393
v 55426.50163 -63272.93546 5637.59538
v 54558.34809 -62384.51018 5481.34145
v 53920.93740 -61350.28624 5596.54193
v 52919.12157 -60654.63569 5585.54656
v 51935.76338 -59760.45751 5803.35841
v 50715.85161 -58914.27512 6102.00696
v 49346.77787 -59505.24953 5795.67164
v 48332.12587 -60578.14867 5360.13191
v 47151.45647 -60775.87411 5513.37728
v 45867.55124 -61117.31284 5758.15467
v 44969.31173 -62044.15999 5779.84538
v 44026.13665 -63031.24048 5943.93070
v 43655.43992 -64331.60441 5916.88118
v 44439.98399 -65669.08071 5443.29656
v 44757.63513 -66774.20679 5340.76916
v 44316.06910 -68178.89734 5781.66771
v 44719.17845 -69474.23787 5937.92164
v 45783.04958 -70313.92462 5822.72116
v 46838.18031 -71100.43075 5833.71653
v 48177.53499 -71231.87788 5615.90467
v 49444.58872 -70909.96469 5317.25613
v 50618.04076 -71500.93910 5623.59145
v 52090.35425 -72049.56904 6059.13118
v 53232.39773 -71221.66917 5905.88581
v 54005.43906 -70080.95122 5661.10841
v 54808.48138 -69133.88768 5639.41771
v 55136.56918 -67937.20236 5475.33239
v 55551.55613 -66839.38640 5502.38191
v 56515.25598 -65669.08071 3667.45440
v 56268.50520 -64347.63729 3649.98134
v 55348.89501 -63307.20372 3559.35596
v 54818.99813 -62196.69577 3575.97854
v 54690.87828 -60502.21954 3748.53323
v 53583.97064 -59512.56296 3774.32866
v 51966.59291 -59666.35505 3642.69156
v 50641.83143 -59612.73262 3606.04971
v 49354.83612 -59581.28747 3611.27004
v 48136.94916 -59982.40146 3587.82550
v 46675.67424 -59958.57898 3689.29731
v 45102.52006 -60274.65403 3799.09150
v 44634.33995 -61802.79219 3686.62320
v 44680.22955 -63320.06406 3554.13562
v 44033.50896 -64411.30393 3599.42308
v 43609.28477 -65669.08071 3647.06142
v 43644.56043 -67008.85048 3664.53447
v 43558.70363 -68513.32231 3755.15986
v 44377.84809 -69720.18741 3738.53728
v 46055.09794 -70014.27154 3565.98259
v 47130.98503 -70597.45299 3540.18716
v 47978.42847 -71839.62024 3671.82426
v 49292.79009 -72342.34285 3708.46611
v 50703.87746 -72310.89771 3703.24577
v 52125.11359 -72155.66664 3726.69031
v 53128.65985 -71043.46901 3625.21850
v 53738.30040 -69786.70603 3515.42432
v 55075.48998 -69326.28383 3627.89262
v 56470.42093 -68526.18266 3760.38020
v 56657.45374 -67072.51712 3715.09274
v 55577.04754 -65669.08071 1687.39459
v 56138.83175 -64374.97334 1572.94808
v 56351.94087 -62864.29524 1462.07799
v 55464.10016 -61731.86003 1494.67409
v 54473.26974 -60741.90880 1505.94019
v 53246.85688 -60091.65444 1537.29465
v 51780.72037 -60233.70270 1657.02232
v 50618.87687 -59829.33279 1631.13058
v 49269.64062 -58777.37914 1456.49149
v 47809.61442 -58983.26197 1439.94423
v 46777.74516 -60133.91563 1545.35160
v 45778.97081 -61019.74417 1567.66692
v 45050.55133 -62102.69813 1598.83982
v 44622.38078 -63294.52015 1636.71708
v 43492.43831 -64297.24256 1511.22134
v 42671.07633 -65669.08071 1400.53282
v 43514.88697 -67036.18653 1514.97933
v 44561.74949 -68070.41384 1625.84942
v 45022.95012 -69255.35167 1593.25332
v 45837.48940 -70253.96079 1581.98722
v 46793.87127 -71176.54447 1550.63275
v 47792.55594 -72406.96788 1430.90509
v 49269.83553 -72558.94303 1456.79683
v 50618.68195 -71506.98938 1631.43592
v 51797.77885 -71156.52716 1647.98317
v 53230.73076 -71218.80566 1542.57581
v 54414.75115 -70531.79616 1520.26049
v 55491.70137 -69626.18977 1489.08759
v 56412.57216 -68500.63875 1451.21033
v 56116.38308 -66958.45575 1576.70606
v 56061.81815 -65669.08071 -498.63280
v 56310.48888 -64338.78685 -697.85072
v 56138.45039 -62958.56485 -834.82152
v 54765.24719 -62235.42664 -410.87347
v 53537.31714 -61772.83240 -102.20166
v 52957.21928 -60589.19173 -423.28160
v 51978.95178 -59628.63148 -673.59262
v 50660.80247 -59433.72104 -631.52727
v 49325.02429 -59299.98180 -700.85185
v 48089.70759 -59838.20376 -559.99472
v 47315.89539 -61058.34604 -144.00933
v 46271.44754 -61562.19245 -248.32179
v 44714.08952 -61860.25667 -739.91606
v 43985.41917 -63013.26113 -765.49694
v 43969.06248 -64397.71817 -551.73059
v 43899.93563 -65669.08071 -518.18706
v 44414.37268 -66846.56884 -318.96914
v 45028.01786 -67864.52673 -181.99834
v 44926.07755 -69325.15433 -605.94639
v 45399.42931 -70736.47078 -914.61820
v 46876.27802 -71034.98679 -593.53826
v 48220.72340 -71100.05185 -343.22724
v 49389.53958 -71429.41061 -385.29259
v 50596.28718 -71295.67137 -315.96801
v 51847.93598 -71309.62414 -456.82514
v 53396.83665 -71504.14110 -872.81053
v 54409.33536 -70525.83083 -768.49807
v 54553.25916 -68949.98436 -276.90380
v 55095.85171 -67919.22301 -251.32292
v 55865.17869 -66905.50016 -465.08927
v 55792.27323 -65669.08071 -2785.03967
v 54919.64137 -64631.98694 -2075.85944
v 54577.90868 -63647.64317 -2058.74726
v 54199.13947 -62643.34211 -2225.43877
v 53489.11113 -61825.92987 -2247.72879
v 52865.74570 -60746.32435 -2728.52477
v 51848.77353 -60025.98079 -2962.15112
v 50542.92101 -60546.05548 -2228.76726
v 49506.72766 -61014.54240 -1787.13358
v 48391.09996 -60758.15811 -2240.39744
v 47251.71369 -60948.09520 -2510.09750
v 46292.34207 -61585.20715 -2551.41332
v 45292.89296 -62277.32020 -2809.24331
v 44988.17776 -63456.04276 -2500.38094
v 45399.83441 -64699.33460 -1772.17491
v 45075.66796 -65669.08071 -1978.02873
v 44437.21963 -66841.75255 -2687.20895
v 44787.80261 -67970.59702 -2704.32113
v 45529.22368 -68890.55039 -2537.62962
v 46318.30254 -69724.35959 -2515.33961
v 47507.44306 -69950.77624 -2034.54362
v 48537.16037 -70134.17612 -1800.91727
v 49422.73073 -71116.21761 -2534.30114
v 50626.91794 -71584.70454 -2975.93482
v 51702.71311 -70866.35345 -2522.67095
v 52610.01633 -70152.54709 -2252.97089
v 53463.15066 -69483.63688 -2211.65508
v 53962.80876 -68524.52848 -1953.82509
v 54778.28383 -67778.99662 -2262.68746
v 55882.25615 -66909.10021 -2990.89349
v 54195.32313 -65669.08071 -3767.93303
v 53782.00815 -64871.80774 -3268.77682
v 53840.79535 -63973.12553 -3781.52043
v 53926.13191 -62840.06087 -4766.24158
v 53113.18873 -62239.99708 -4462.06514
v 52068.71009 -62115.46612 -3680.03574
v 51275.48763 -61775.84876 -3665.07501
v 50429.66574 -61614.73687 -3639.19234
v 49569.21484 -61604.17399 -3655.44906
v 48559.89426 -61273.37704 -4473.74245
v 47572.63782 -61499.37625 -4768.91091
v 47186.18628 -62569.74963 -3782.89376
v 46858.14136 -63405.17807 -3294.65949
v 46168.98802 -63977.44551 -3765.26371
v 45780.35988 -64779.55195 -3947.94819
v 45541.85675 -65669.08071 -4166.89668
v 45317.64077 -66656.15380 -4666.05289
v 45935.46044 -67463.83317 -4153.30928
v 46925.33055 -67884.56941 -3168.58813
v 47322.88952 -68617.83729 -3472.76457
v 47741.97690 -69547.89578 -4254.79397
v 48601.41946 -69938.03503 -4269.75470
v 49525.13220 -70149.95305 -4295.63737
v 50473.74838 -70139.39016 -4279.38065
v 51233.96243 -69435.56331 -3461.08726
v 51899.37101 -68931.80591 -3165.91880
v 52976.48549 -68947.58984 -4151.93595
v 53858.94272 -68449.68660 -4640.17022
v 54074.32292 -67468.15315 -4169.56600
v 54244.72726 -66563.89801 -3986.88151
v 53115.87147 -65669.08071 -5353.73619
v 53220.74944 -64990.12488 -5805.15998
v 52879.76057 -64397.48345 -5446.70818
v 52541.78825 -63837.56573 -5419.98667
v 51980.16267 -63487.99115 -4954.05004
v 51336.79645 -63372.74185 -4224.66611
v 50912.55985 -62883.63060 -4938.21991
v 50354.92317 -62320.01090 -6067.50658
v 49660.12119 -62461.97014 -5700.08535
v 49079.83538 -62860.41819 -5001.04437
v 48519.26093 -63125.47830 -4959.59345
v 48102.10561 -63578.60720 -4640.18239
v 47694.02692 -64007.48509 -4675.87332
v 46988.75649 -64339.42538 -5814.12941
v 46658.98924 -64964.77298 -6119.02764
v 47024.45619 -65669.08071 -4995.50097
v 47262.44620 -66246.17562 -4544.07717
v 47314.97581 -66854.68949 -4902.52898
v 47613.72977 -67388.53537 -4929.25049
v 47904.21027 -67977.52998 -5395.18711
v 48291.08881 -68604.63548 -6124.57105
v 49030.20901 -68629.22017 -5411.01724
v 49718.19689 -68328.18658 -4281.73058
v 50296.84747 -68470.14582 -4649.15181
v 50962.18622 -68606.00776 -5348.19278
v 51564.96857 -68357.37192 -5389.64370
v 52178.05801 -68068.14603 -5709.05477
v 52622.08540 -67558.45473 -5673.36384
v 52553.54125 -66796.63141 -4535.10775
v 52617.29248 -66220.82372 -4230.20951
v 51726.31722 -65669.08071 -6670.55951
v 51672.82931 -65316.43694 -6584.00920
v 51329.48416 -65082.02898 -5215.07264
v 51137.44448 -64849.48191 -4950.07707
v 51079.33845 -64480.22191 -6062.23748
v 50839.54470 -64226.91716 -6416.92291
v 50511.16989 -64108.81238 -6283.15005
v 50175.80012 -64010.22350 -6431.69322
v 49838.50700 -64145.22603 -5696.61856
v 49573.89516 -64368.46051 -4804.78131
v 49229.94929 -64346.29341 -5670.48928
v 48828.20102 -64378.37942 -6804.33237
v 48638.79479 -64688.24852 -6435.46604
v 48545.47622 -65026.81605 -5950.14730
v 48462.33121 -65344.92970 -5841.91432
v 48548.15119 -65669.08071 -5196.52951
v 48564.11384 -65971.77525 -5283.07982
v 48426.08502 -66364.06418 -6652.01638
v 48566.25415 -66702.18290 -6917.01195
v 48952.73028 -66822.61677 -5804.85154
v 49250.46168 -66956.63199 -5450.16612
v 49529.06258 -67106.54554 -5583.93897
v 49843.59130 -67144.95968 -5435.39580
v 50170.71581 -67279.96221 -6170.47047
v 50556.00248 -67366.19368 -7062.30771
v 50819.03231 -67076.00824 -6196.59974
v 50954.80919 -66720.77428 -5062.75665
v 51209.98512 -66540.94951 -5431.62299
v 51448.87536 -66308.85124 -5916.94172
v 51571.04669 -66000.26801 -6025.17471
v 50037.42169 -65669.08071 -5463.70200
v 50037.95173 -65661.08023 -5760.63865
v 50036.27265 -65653.06403 -5955.82896
v 50032.91248 -65645.36524 -6166.30839
v 50030.10272 -65635.92347 -7094.18821
v 50022.12537 -65631.07392 -6935.35075
v 50011.58385 -65633.72278 -5477.58755
v 50003.82457 -65632.99189 -5284.21865
v 49995.71357 -65628.63382 -6236.38717
v 49986.99402 -65629.38194 -6469.33389
v 49978.59158 -65632.30548 -6626.34995
v 49970.43359 -65636.51421 -6921.46520
v 49967.88453 -65645.93954 -5954.00755
v 49967.76381 -65654.84638 -5003.66044
v 49961.26428 -65660.91496 -5933.36167
v 49955.74081 -65669.08071 -6937.17216
v 49958.05578 -65677.92284 -6640.23550
v 49961.65346 -65686.01315 -6445.04519
v 49966.83127 -65692.98082 -6234.56576
v 49975.44755 -65696.12450 -5306.68594
v 49981.28493 -65701.22932 -5465.52340
v 49986.34307 -65710.76641 -6923.28661
v 49995.28660 -65713.55659 -7116.65551
v 50004.25155 -65709.19852 -6164.48699
v 50012.23480 -65706.42558 -5931.54026
v 50019.43201 -65702.46088 -5774.52421
v 50025.08877 -65696.71523 -5479.40896
v 50033.96574 -65693.55512 -6446.86660
v 50042.38300 -65687.79550 -7397.21371
v 50041.16023 -65677.75757 -6467.51249
v 61537.21126 -66486.72376 12510.89951
v 61540.19484 -66476.83810 13474.75164
v 61538.08178 -66467.10548 13621.97103
v 61534.98527 -66457.31296 14008.96534
v 61529.65322 -66448.61761 14275.12773
v 61519.45830 -66447.72722 12934.36040
v 61510.93157 -66447.79530 12055.00476
v 61504.21620 -66440.30838 13286.68635
v 61495.40182 -66436.10329 14194.09652
v 61486.84281 -66439.86964 13843.43763
v 61478.78800 -66444.21261 13805.30399
v 61472.73123 -66451.68177 13390.25515
v 61470.76805 -66462.14956 12243.07005
v 61465.25656 -66468.82526 12714.56086
v 61456.31953 -66475.98083 14359.62423
v 61455.53039 -66486.72376 14313.26138
v 61460.29890 -66496.48798 13349.40924
v 61463.46259 -66505.54644 13202.18986
v 61468.90406 -66512.86495 12815.19555
v 61474.99805 -66518.85274 12549.03315
v 61478.61786 -66529.57588 13889.80048
v 61485.69080 -66537.68031 14769.15613
v 61495.67823 -66534.30133 13537.47454
v 61503.93980 -66530.09625 12630.06436
v 61512.08359 -66529.75465 12980.72325
v 61519.62844 -66526.06127 13018.85690
v 61527.38640 -66521.91690 13433.90573
v 61536.84926 -66517.70155 14581.09083
v 61539.87575 -66507.26622 14109.60003
v 61536.21548 -66495.63071 12464.53666
v 63081.25900 -66486.72376 13056.12632
v 63248.76258 -66056.62722 14334.46368
v 63051.99156 -65687.19688 13783.91993
v 62678.89998 -65495.66689 12288.41039
v 62484.11089 -65222.08300 12372.13944
v 62284.65954 -64914.18101 12982.23808
v 61989.77183 -64742.59583 13078.87426
v 61677.85388 -64528.76423 13800.14160
v 61317.22639 -64474.60393 14091.40119
v 61032.50812 -64821.93702 12632.69860
v 60806.67044 -65097.21619 11851.87637
v 60452.38025 -65140.47036 12959.49014
v 60147.90744 -65350.07041 13613.19633
v 59991.00526 -65709.34720 13492.66034
v 59844.07585 -66079.46022 13747.11299
v 59903.09297 -66486.72376 13152.96167
v 60140.04710 -66821.19513 11874.62431
v 60148.59242 -67182.91741 12425.16806
v 60107.70965 -67657.16988 13920.67760
v 60357.50272 -67954.90039 13836.94855
v 60695.57652 -68098.87557 13226.84991
v 61007.66451 -68239.98113 13130.21373
v 61345.64507 -68185.98775 12408.94639
v 61649.43520 -68131.82744 12117.68680
v 62014.61543 -68319.32231 13576.38939
v 62395.75346 -68281.91075 14357.21162
v 62578.98842 -67873.28775 13249.59785
v 62719.09777 -67511.57339 12595.89166
v 62894.40440 -67205.06773 12716.42765
v 62952.79133 -66844.02813 12461.97500
v 64603.19149 -66486.72376 12399.13970
v 64407.91792 -65771.54067 12015.82154
v 64176.58894 -65107.84720 11889.35826
v 63743.96334 -64600.30819 11429.87839
v 63518.47277 -63892.86675 12144.30427
v 63219.53949 -63040.58029 13387.18970
v 62503.73606 -62912.31627 12825.57501
v 61796.89158 -63218.30092 11625.79813
v 61200.33060 -63187.72046 11703.97067
v 60589.87398 -63245.67125 11934.47764
v 60013.21694 -63507.04940 12017.83238
v 59295.80861 -63654.20733 12960.75439
v 58764.91860 -64187.44371 13215.59842
v 58847.68830 -65120.35390 11811.18571
v 58863.56902 -65838.31108 11199.37142
v 58511.77621 -66486.72376 12060.94954
v 58449.61467 -67236.94575 12444.26769
v 58611.80418 -67974.61211 12570.73097
v 58815.90486 -68743.14157 13030.21084
v 59442.52037 -69130.70689 12315.78496
v 60173.83185 -69144.50844 11072.89953
v 60621.38522 -69615.56148 11634.51422
v 61160.16530 -70227.89921 12834.29110
v 61837.05688 -70197.31875 12756.11856
v 62472.22482 -69948.91646 12525.61159
v 63058.92458 -69610.97755 12442.25686
v 63371.76101 -68892.04747 11499.33484
v 63692.97708 -68330.27709 11244.49081
v 64412.47306 -67987.11882 12648.90352
v 64821.87226 -67303.71616 13260.71781
v 65436.32603 -66486.72376 10156.10830
v 65250.29723 -65564.36308 9977.26337
v 65621.50152 -64363.48333 11162.27075
v 65342.29823 -63256.64818 11578.22032
v 64467.58243 -62673.20465 11028.34864
v 63673.64696 -62130.49972 10874.96565
v 62786.00520 -61907.12679 10550.15376
v 61902.85089 -62051.81507 10012.07487
v 61053.24838 -61568.52026 10746.71061
v 59993.14999 -61120.67568 11800.23911
v 59202.94447 -61883.17555 11306.69361
v 58741.83046 -62942.31261 10480.92020
v 58149.29540 -63669.91245 10515.34226
v 57762.17690 -64561.13982 10427.63500
v 57443.57910 -65489.07400 10524.69181
v 56782.85965 -66486.72376 11521.89413
v 56785.92985 -67646.11797 11700.73907
v 57716.16662 -68436.01043 10515.73169
v 58341.49687 -69141.95852 10099.78212
v 58677.28323 -70114.08192 10649.65380
v 59346.91377 -70801.74188 10803.03679
v 60111.93703 -71429.75896 11127.84868
v 60998.31735 -72009.65252 11665.92757
v 61957.78192 -71526.35770 10931.29183
v 62667.21816 -70643.30785 9877.76333
v 63529.67766 -70554.41772 10371.30882
v 64532.12967 -70383.18988 11197.08224
v 65150.09676 -69555.22279 11162.66018
v 65667.51181 -68633.66693 11250.36743
v 65907.94648 -67570.82889 11153.31063
v 66984.16287 -66486.72376 9146.45976
v 66886.29826 -65161.99950 9170.53239
v 66763.32222 -63775.26085 9443.51510
v 66075.33880 -62640.40855 9329.95412
v 64742.26711 -62320.21857 8462.19176
v 63878.72829 -61719.49450 8367.87096
v 63214.38246 -60381.63125 9214.70255
v 62102.92560 -59849.23064 9450.61683
v 60921.31356 -60116.07502 9202.17062
v 59790.13825 -60397.72997 9199.02877
v 58926.86070 -61329.87377 8784.45256
v 58359.26068 -62450.68779 8299.62818
v 57223.18213 -62891.36386 8934.61810
v 56024.83518 -63666.12761 9691.96132
v 55965.28653 -65125.49777 9333.09597
v 56267.55759 -66486.72376 8876.76797
v 56403.87652 -67740.08145 8852.69535
v 56973.21614 -68818.75019 8579.71263
v 57405.42301 -69928.88060 8693.27362
v 57571.45852 -71535.13213 9561.03597
v 58520.42565 -72458.11362 9655.35677
v 59902.76931 -72174.62676 8808.52519
v 60982.73532 -72181.19203 8572.61090
v 62041.50384 -72448.03642 8821.05711
v 63101.75141 -72190.72548 8824.19896
v 64285.16334 -72068.49290 9238.77517
v 65530.06926 -71665.60135 9723.59955
v 65893.09792 -70179.83592 9088.60963
v 65814.94125 -68709.61696 8331.26642
v 66447.70827 -67703.57972 8690.13177
v 68388.10388 -66486.72376 7328.76553
v 67531.14146 -65003.40460 6903.28046
v 66477.74364 -63922.38004 6480.83601
v 66173.65238 -62557.76002 6674.14995
v 65557.39446 -61272.73167 6843.07120
v 64584.03118 -60305.99109 6904.56571
v 63556.22404 -59164.29818 7190.89492
v 62177.01612 -59033.58227 7086.48784
v 60926.07113 -60168.45019 6505.47823
v 59818.90965 -60500.18787 6475.71284
v 58384.98755 -60243.90126 6941.06986
v 57216.16866 -60981.74688 7042.43632
v 56368.32228 -62172.71535 7007.68754
v 55621.30663 -63458.24509 7061.84562
v 55799.86819 -65084.81423 6703.91534
v 56226.22136 -66486.72376 6377.71418
v 55635.02525 -67929.17531 6803.19925
v 55367.31111 -69646.05123 7225.64370
v 56334.48274 -70829.17980 7032.32976
v 57419.50663 -71730.39931 6863.40851
v 58503.08992 -72492.85631 6801.91399
v 59797.99566 -72547.73652 6515.58479
v 60905.75323 -73028.67324 6619.99187
v 62197.33402 -74163.54115 7201.00148
v 63577.13803 -73883.62621 7230.76687
v 64465.92881 -72430.76649 6765.40985
v 65354.05649 -71439.41451 6664.04339
v 66207.49193 -70444.13513 6698.79217
v 66731.73916 -69181.91628 6644.63409
v 67695.98440 -68010.58493 7002.56437
v 67771.16663 -66486.72376 4454.01351
v 67469.79986 -65018.49116 4422.31541
v 66922.62870 -63693.19222 4390.73717
v 66949.08715 -61905.88118 4541.61372
v 66400.57854 -60189.19021 4652.62592
v 64773.76677 -59925.74039 4506.15884
v 63326.51679 -59982.30934 4386.00625
v 62144.45625 -59392.02766 4434.05092
v 60845.88177 -59285.66080 4451.49149
v 59499.34936 -59362.20078 4492.32998
v 57918.38170 -59308.77257 4622.33063
v 56877.66740 -60546.75272 4574.16610
v 56768.43573 -62509.07567 4374.27074
v 56161.81390 -63736.69382 4373.29660
v 55123.45503 -64918.45491 4500.77523
v 54865.19542 -66486.72376 4522.62527
v 54845.85508 -68123.26647 4554.32337
v 55132.43733 -69767.04924 4585.90161
v 56507.93711 -70683.36323 4435.02506
v 57764.79820 -71286.67920 4324.01285
v 58320.78117 -72858.22280 4470.47994
v 59338.35236 -74184.57363 4590.63253
v 60795.41491 -74243.36674 4542.58786
v 62194.92311 -74136.99987 4525.14729
v 63487.51379 -73564.46507 4484.30880
v 64371.36731 -72241.25498 4354.30815
v 65513.44774 -71644.24171 4402.47268
v 67209.58577 -71286.55772 4602.36804
v 67952.00527 -69810.55085 4603.34218
v 67747.39981 -68023.23021 4475.86355
v 67488.46621 -66486.72376 2140.84726
v 68349.34011 -64802.17409 1949.54452
v 67869.54023 -63205.37951 1955.21037
v 66757.41582 -62067.01205 2044.60890
v 65800.51885 -60960.30243 2058.09939
v 64514.56838 -60445.20205 2133.17348
v 63300.02915 -60076.63458 2171.68717
v 62204.87865 -58726.84894 1998.40264
v 60737.37956 -58091.18057 1894.17448
v 59473.60786 -59270.53263 2033.47303
v 58466.46885 -60407.19860 2126.01763
v 57356.35097 -61161.88944 2102.33357
v 56577.97169 -62348.95972 2122.82905
v 55635.10462 -63465.35329 2059.43853
v 54421.34465 -64745.77553 1905.31035
v 54582.49500 -66486.72376 1965.55480
v 55725.39534 -67906.94939 2156.85753
v 56079.34885 -69279.23653 2151.19169
v 56316.26579 -70844.49410 2061.79316
v 57164.73851 -72057.79142 2048.30266
v 58061.58278 -73377.68447 1973.22858
v 59311.86471 -74278.89888 1934.71489
v 60855.83732 -73578.18801 2107.99942
v 62086.42089 -72942.51964 2212.22757
v 63461.77229 -73472.79693 2072.92903
v 64919.45445 -73339.68102 1980.38443
v 65992.13131 -72259.37844 2004.06849
v 67019.12173 -71126.44177 1983.57301
v 67425.29600 -69539.21032 2046.96353
v 67045.28943 -67850.55083 2201.09171
v 67810.20020 -66486.72376 -446.78331
v 67936.30316 -64903.75778 -605.78650
v 67115.97188 -63593.58919 -350.89987
v 65792.45385 -62878.21928 144.96218
v 65283.49366 -61624.71041 -60.39631
v 64757.75633 -59957.82704 -567.73954
v 63500.53934 -59362.59712 -543.21315
v 62152.53967 -59303.03886 -407.01580
v 60852.72971 -59361.04847 -377.31707
v 59764.73139 -60307.25351 -37.48179
v 58790.94629 -61057.48656 78.77747
v 57249.79509 -61024.95883 -471.30970
v 55989.56122 -61854.30517 -741.98385
v 55837.97541 -63569.86458 -380.59860
v 55745.94405 -65071.55194 -194.87310
v 55648.31768 -66486.72376 -176.65556
v 56040.18695 -67829.52848 -17.65238
v 56005.53935 -69317.26037 -272.53901
v 55953.28421 -71149.63906 -768.40105
v 57145.60584 -72082.37804 -563.04257
v 58676.81508 -72144.69227 -55.69933
v 59742.31096 -72746.03546 -80.22572
v 60881.27678 -73298.12982 -216.42307
v 62123.99260 -73356.13944 -246.12180
v 63522.95977 -73690.69185 -585.95709
v 64871.88755 -73244.35179 -702.21634
v 65387.68291 -71482.62646 -152.12917
v 65828.73087 -70125.72495 118.54497
v 66948.40794 -69293.53577 -242.84027
v 67642.06026 -67997.32265 -428.56577
v 66635.19978 -66486.72376 -2231.06237
v 66195.16244 -65331.97976 -1871.99041
v 66276.98086 -64025.80537 -2331.61995
v 65852.29071 -62827.91669 -2493.04756
v 65217.00117 -61710.15721 -2680.80285
v 64456.34759 -60561.88282 -3064.06634
v 63179.72435 -60505.05234 -2553.01886
v 61988.71354 -61106.56952 -1738.44751
v 60976.77354 -60726.62329 -2092.19752
v 59756.37713 -60277.50314 -2774.56167
v 58691.97614 -60859.13966 -2746.23999
v 57744.71004 -61660.95383 -2742.10985
v 57001.58539 -62705.07582 -2686.56177
v 57024.65112 -64181.19466 -1977.86994
v 56860.80884 -65345.74553 -1810.68341
v 55918.59451 -66486.72376 -2709.12452
v 55712.74070 -67910.06171 -3068.19648
v 56486.87479 -69069.29471 -2608.56694
v 57182.37491 -70116.38874 -2447.13933
v 58046.19258 -70925.07077 -2259.38405
v 59098.04495 -71300.50195 -1876.12056
v 59868.11120 -72298.04785 -2387.16803
v 60868.52326 -73438.53092 -3201.73939
v 62096.96382 -73058.58468 -2847.98938
v 63067.99028 -72070.49865 -2165.62522
v 64050.27878 -71597.75879 -2193.94690
v 64915.51863 -70875.86739 -2198.07705
v 65671.50119 -69993.54788 -2253.62513
v 66814.75720 -69224.68401 -2962.31695
v 67343.23058 -67923.82748 -3129.50348
v 65531.74692 -66486.72376 -3781.49631
v 65506.45251 -65501.36339 -3893.81496
v 65817.05946 -64262.73934 -4995.18851
v 65402.77655 -63205.80633 -5167.46051
v 64291.82275 -62899.06624 -4027.37300
v 63481.77081 -62515.04030 -3662.19289
v 62795.55632 -61873.11426 -4062.69718
v 61941.21833 -61629.43518 -4112.59603
v 61030.92360 -61322.75101 -4578.77350
v 60002.45675 -61153.81801 -5206.03806
v 59301.62704 -62080.94612 -4419.94577
v 58955.44337 -63216.81785 -3380.99202
v 58209.37834 -63720.42191 -3843.91611
v 57426.41118 -64388.16613 -4529.01105
v 57132.08926 -65412.46514 -4540.19594
v 56878.28054 -66486.72376 -4813.46529
v 57042.08513 -67583.11829 -4701.14664
v 57911.72456 -68335.26644 -3599.77309
v 58401.97519 -69091.11667 -3427.50110
v 58501.52355 -70339.94351 -4567.58860
v 59155.03762 -71186.28246 -4932.76871
v 60121.48815 -71395.74642 -4532.26442
v 61036.68479 -71587.27262 -4482.36557
v 61935.45714 -71280.58845 -4016.18811
v 62676.52492 -70676.45018 -3388.92354
v 63628.36023 -70752.18829 -4175.01583
v 64745.74258 -70657.69512 -5213.96958
v 65210.17970 -69605.73225 -4751.04549
v 65331.74608 -68460.69323 -4065.95056
v 65596.45663 -67494.22004 -4054.76566
v 64876.36498 -66486.72376 -6661.18918
v 64638.27563 -65714.88573 -6167.06218
v 64267.89745 -65060.80853 -5641.85063
v 63920.93778 -64451.53244 -5531.84236
v 63359.36025 -64097.33576 -4903.29860
v 62924.30809 -63632.25600 -5108.75798
v 62530.52390 -62816.92202 -6539.05473
v 61853.28792 -62597.44431 -6671.36750
v 61190.03070 -63074.33075 -5452.30726
v 60615.95543 -63338.55001 -5144.68128
v 60037.72585 -63556.16790 -5332.12067
v 59566.12169 -64001.57564 -5230.89244
v 58940.75009 -64335.25863 -6034.74941
v 58353.51160 -64865.77291 -6860.91087
v 58470.65626 -65741.67680 -5839.46834
v 58784.94970 -66486.72376 -4715.85921
v 58679.97238 -67180.29080 -5209.98621
v 58703.11269 -67927.57345 -5735.19776
v 58992.87930 -68594.36581 -5845.20604
v 59283.40785 -69335.17589 -6473.74980
v 59878.60045 -69736.18415 -6268.29041
v 60648.17306 -69520.16723 -4837.99367
v 61216.56165 -69607.04260 -4705.68089
v 61826.75698 -70083.92905 -5924.74113
v 62498.30628 -70041.79522 -6232.36711
v 63083.43349 -69660.09605 -6044.92772
v 63642.07409 -69239.41578 -6146.15595
v 63868.80857 -68478.09201 -5342.29899
v 63918.29637 -67732.53783 -4516.13752
v 64428.95950 -67207.08188 -5537.58006
v 63207.48232 -66486.72376 -7295.71854
v 62991.43952 -66119.91412 -6164.96581
v 62755.32017 -65840.03067 -5232.75348
v 62763.44720 -65424.59122 -6393.60920
v 62659.42288 -64996.79672 -7451.96160
v 62331.99977 -64819.30606 -7026.63240
v 62001.74783 -64699.94806 -6777.18382
v 61665.26101 -64667.39681 -6513.09236
v 61351.24099 -64849.06414 -5536.13416
v 61044.15280 -64863.40494 -5857.98308
v 60631.40045 -64745.95613 -7479.61607
v 60330.49903 -64983.84577 -7545.16713
v 60231.91859 -65420.69541 -6429.05727
v 60100.45764 -65765.73290 -6209.71168
v 60023.29283 -66123.53744 -6071.76029
v 60029.31628 -66486.72376 -5830.32861
v 59882.72404 -66884.48203 -6961.08134
v 59851.92103 -67335.75120 -7893.29368
v 60192.25687 -67586.09421 -6732.43795
v 60532.81471 -67729.61411 -5674.08555
v 60742.91675 -68004.00062 -6099.41475
v 61019.64051 -68197.33336 -6348.86334
v 61333.05220 -68324.62032 -6612.95479
v 61683.44980 -68506.28765 -7589.91299
v 62026.26012 -68360.79023 -7268.06408
v 62220.48347 -67930.65069 -5646.43109
v 62457.10719 -67716.66316 -5580.88003
v 62803.10892 -67582.19840 -6696.98989
v 63003.85678 -67261.45343 -6916.33548
v 63132.00831 -66888.10535 -7054.28687
v 61537.30819 -66486.72376 -5993.44778
v 61539.85795 -66476.92096 -6847.70538
v 61537.72420 -66467.28969 -6983.25549
v 61535.05126 -66457.25748 -7487.69853
v 61529.88313 -66448.32217 -7818.92720
v 61519.56502 -66447.51334 -6445.84009
v 61510.94062 -66447.76310 -5520.75071
v 61504.19173 -66440.57777 -6687.03278
v 61495.44279 -66436.55430 -7555.25370
v 61486.85159 -66439.90093 -7294.85681
v 61478.58196 -66443.79968 -7366.11174
v 61472.54313 -66451.44005 -6918.53716
v 61470.83362 -66462.20468 -5681.42331
v 61465.46996 -66468.93520 -6115.03458
v 61456.59530 -66476.04866 -7748.09543
v 61455.62732 -66486.72376 -7747.67227
v 61459.96200 -66496.57084 -6893.41466
v 61463.10501 -66505.73065 -6757.86455
v 61468.97004 -66512.80947 -6253.42152
v 61475.22796 -66518.55730 -5922.19285
v 61478.72458 -66529.36200 -7295.27996
v 61485.69984 -66537.64811 -8220.36934
v 61495.65376 -66534.57073 -7054.08727
v 61503.98077 -66530.54725 -6185.86635
v 61512.09237 -66529.78594 -6446.26324
v 61519.42239 -66525.64833 -6375.00831
v 61527.19830 -66521.67519 -6822.58289
v 61536.91484 -66517.75667 -8059.69674
v 61540.08915 -66507.37616 -7626.08547
v 61536.49125 -66495.69854 -5993.02462
vt -64.957019 7.359448
vt -64.957470 7.431651
vt -64.961408 7.253053
vt -64.965846 7.249020
vt -64.974376 6.682375
vt -64.982069 6.331090
vt -64.987151 7.157051
vt -64.995228 7.745599
vt -65.004422 7.261420
vt -65.012363 6.929900
vt -65.019801 6.871235
vt -65.024934 6.533487
vt -65.031881 6.843102
vt -65.041654 7.737233
vt -65.043538 7.580539
vt -65.038700 6.741040
vt -65.037366 6.668838
vt -65.036027 6.847435
vt -65.031927 6.851469
vt -65.029031 7.418113
vt -65.022909 7.769399
vt -65.012392 6.943438
vt -65.003766 6.354889
vt -64.995884 6.839069
vt -64.987122 7.170588
vt -64.978960 7.229253
vt -64.970279 7.567002
vt -64.965799 7.257386
vt -64.967035 6.363256
vt -64.963642 6.519950
vt -63.240407 7.485214
vt -63.382911 7.102221
vt -63.715827 6.211096
vt -63.821187 6.396118
vt -63.898558 7.076525
vt -64.170460 7.123336
vt -64.483936 7.162714
vt -64.824703 7.187934
vt -65.154761 6.480621
vt -65.428613 6.143829
vt -65.807263 6.962923
vt -66.170079 7.445836
vt -66.331813 7.077001
vt -66.463647 6.918409
vt -66.516754 6.732911
vt -66.418573 6.257431
vt -66.491626 6.640424
vt -66.619226 7.531549
vt -66.392377 7.346527
vt -66.025166 6.666120
vt -65.759543 6.619309
vt -65.466043 6.579930
vt -65.156912 6.554710
vt -64.822552 7.262024
vt -64.446505 7.598816
vt -64.218180 6.779722
vt -64.043471 6.296809
vt -63.760622 6.665644
vt -63.560248 6.824236
vt -63.408038 7.009734
vt -62.193108 5.953838
vt -62.133045 6.166244
vt -62.319855 6.171001
vt -62.486668 6.466843
vt -62.712468 7.000823
vt -63.412052 6.585353
vt -64.160949 5.796959
vt -64.705118 5.978106
vt -65.323348 6.444155
vt -65.963496 6.486162
vt -66.626039 6.715729
vt -67.186427 6.742231
vt -67.285600 5.985097
vt -67.431368 5.704952
vt -68.014752 6.424835
vt -68.284523 6.771256
vt -68.091348 6.558850
vt -67.884640 6.554093
vt -67.414726 6.258251
vt -66.788420 5.724271
vt -66.457759 6.139741
vt -66.043300 6.928135
vt -65.341844 6.746988
vt -64.686621 6.280939
vt -64.081145 6.238932
vt -63.580331 6.009365
vt -63.110474 5.982863
vt -62.357542 6.739997
vt -61.866583 7.020142
vt -62.056449 6.300259
vt -61.043325 5.176659
vt -60.455476 5.878208
vt -60.575990 6.078310
vt -61.518626 5.529318
vt -62.258736 5.319211
vt -62.925427 5.372528
vt -63.747927 5.273456
vt -64.539781 5.630669
vt -65.511970 6.134499
vt -66.394388 5.742129
vt -66.956149 5.131497
vt -67.712674 5.275731
vt -68.474757 5.520994
vt -68.971724 5.574480
vt -69.586316 5.921688
vt -69.696791 5.929844
vt -68.919843 5.228295
vt -68.481325 5.028193
vt -68.519427 5.577184
vt -68.049036 5.787291
vt -67.252160 5.733974
vt -66.421995 5.833046
vt -65.444315 5.475833
vt -64.607436 4.972003
vt -63.720320 5.364373
vt -62.629415 5.975005
vt -61.922375 5.830771
vt -61.473956 5.585508
vt -61.066389 5.532023
vt -61.121949 5.184814
vt -59.363452 4.663533
vt -59.591587 4.596645
vt -60.047786 4.529096
vt -61.087489 4.164610
vt -61.748409 4.179132
vt -62.128832 4.729473
vt -63.166789 4.847943
vt -64.437795 4.502675
vt -65.545450 4.402762
vt -66.579740 4.336659
vt -67.445758 4.199134
vt -68.644412 4.545063
vt -69.921374 4.941913
vt -70.098645 4.629008
vt -69.834181 4.230714
vt -70.080057 4.316656
vt -70.074009 4.383544
vt -69.837892 4.451093
vt -69.757405 4.815579
vt -68.919217 4.801057
vt -67.487134 4.250716
vt -66.478402 4.132246
vt -65.557986 4.477514
vt -64.425260 4.577427
vt -63.268127 4.643531
vt -62.087455 4.781055
vt -61.473603 4.435126
vt -61.251458 4.038276
vt -60.308539 4.351181
vt -59.351759 4.749475
vt -59.016277 3.201051
vt -59.836862 2.959330
vt -59.665164 3.151689
vt -59.810126 3.348885
vt -60.762634 3.320644
vt -61.787158 3.352534
vt -63.073703 3.286706
vt -64.432945 3.009508
vt -65.574836 3.035021
vt -67.002124 3.370811
vt -68.316746 3.423761
vt -69.132403 3.266879
vt -69.924672 3.236528
vt -70.266835 3.126176
vt -70.316574 3.013095
vt -71.178160 3.267695
vt -71.732978 3.509416
vt -70.775597 3.317057
vt -69.649295 3.119861
vt -68.900522 3.148102
vt -67.868099 3.116212
vt -66.831932 3.182039
vt -65.704208 3.459238
vt -64.303573 3.433724
vt -63.243895 3.097935
vt -62.235805 3.044985
vt -60.994515 3.201867
vt -60.085502 3.232218
vt -59.156402 3.342570
vt -58.420458 3.455651
vt -58.738564 1.837458
vt -58.857591 1.839455
vt -58.761264 1.899777
vt -59.154462 1.943284
vt -60.748648 1.847569
vt -62.167765 1.771927
vt -63.081583 1.831606
vt -64.306069 1.878869
vt -65.696217 1.881270
vt -67.154044 1.915309
vt -68.339823 1.883366
vt -68.825941 1.777779
vt -69.732007 1.792192
vt -71.218754 1.897376
vt -71.764284 1.909246
vt -71.644535 1.879512
vt -71.481535 1.877514
vt -70.551455 1.817192
vt -69.595612 1.773685
vt -69.384428 1.869400
vt -68.620750 1.945042
vt -67.069747 1.885363
vt -65.655110 1.838100
vt -64.347176 1.835699
vt -63.165880 1.801661
vt -61.886837 1.833604
vt -60.190161 1.939191
vt -59.290857 1.924777
vt -59.428563 1.819593
vt -59.140339 1.807724
vt -57.806381 0.360454
vt -58.134855 0.379676
vt -59.341077 0.470135
vt -60.045008 0.477792
vt -60.877991 0.473891
vt -61.934719 0.477149
vt -62.877820 0.396251
vt -64.239726 0.351700
vt -65.665120 0.451628
vt -66.781687 0.517206
vt -68.106777 0.468039
vt -69.320349 0.441352
vt -70.349763 0.424227
vt -71.490531 0.370207
vt -71.575207 0.412214
vt -70.712353 0.523057
vt -70.758800 0.503836
vt -71.131269 0.413377
vt -70.486158 0.405720
vt -69.513771 0.409621
vt -68.387705 0.406362
vt -66.865984 0.487261
vt -65.588768 0.531811
vt -64.316079 0.431884
vt -62.793523 0.366306
vt -61.653791 0.415473
vt -60.684569 0.442159
vt -59.908613 0.459285
vt -59.700340 0.513304
vt -58.951262 0.471297
vt -58.748114 -0.992724
vt -59.166992 -0.893818
vt -60.098610 -0.688824
vt -60.302451 -0.840064
vt -60.483827 -1.163219
vt -61.720117 -1.098250
vt -63.161028 -0.889608
vt -64.383350 -0.871892
vt -65.596400 -0.805492
vt -66.749065 -0.789886
vt -68.249705 -1.077563
vt -69.590647 -1.201367
vt -69.866244 -0.911534
vt -70.078368 -0.755224
vt -70.724141 -0.855670
vt -70.909997 -0.875541
vt -71.063109 -0.974447
vt -71.209043 -1.179441
vt -70.141620 -1.028201
vt -68.621714 -0.705046
vt -67.801058 -0.770015
vt -66.919257 -0.978657
vt -65.654613 -0.996373
vt -64.325137 -1.062773
vt -62.990836 -1.078379
vt -62.168764 -0.790702
vt -61.452759 -0.666898
vt -60.027074 -0.956731
vt -58.967935 -1.113040
vt -58.828025 -1.012595
vt -60.301660 -1.778482
vt -59.729668 -2.208411
vt -59.804393 -2.394927
vt -60.492432 -2.322846
vt -61.215084 -2.375709
vt -62.363384 -2.136828
vt -63.558049 -1.758480
vt -64.465644 -2.036363
vt -65.615670 -2.521261
vt -66.768324 -2.416816
vt -67.680310 -2.191299
vt -68.549953 -2.156830
vt -68.998379 -1.930528
vt -69.484943 -1.910029
vt -70.613805 -2.427291
vt -71.018265 -2.601226
vt -70.212090 -2.171297
vt -69.594499 -1.984781
vt -69.162348 -2.056862
vt -68.385892 -2.003999
vt -67.721686 -2.242880
vt -66.869662 -2.621228
vt -65.585835 -2.343345
vt -64.495480 -1.858447
vt -63.456711 -1.962892
vt -62.322007 -2.188409
vt -61.379145 -2.222878
vt -60.328463 -2.449180
vt -59.694837 -2.469679
vt -60.131384 -1.952417
vt -60.707813 -3.217854
vt -60.378773 -3.657768
vt -60.678802 -3.663541
vt -61.745390 -2.943832
vt -62.430767 -2.757336
vt -62.841549 -3.243006
vt -63.616641 -3.405568
vt -64.528017 -3.444957
vt -65.488663 -3.607351
vt -66.318317 -3.191370
vt -66.872271 -2.660539
vt -67.765145 -3.055292
vt -68.790861 -3.618379
vt -69.175418 -3.501147
vt -69.334839 -3.359813
vt -69.361280 -3.288167
vt -68.843140 -2.848253
vt -68.584137 -2.842480
vt -68.746192 -3.562190
vt -68.221066 -3.748685
vt -67.168282 -3.263016
vt -66.290709 -3.100453
vt -65.432551 -3.061064
vt -64.584129 -2.898670
vt -63.644248 -3.314651
vt -62.545537 -3.845482
vt -61.974846 -3.450730
vt -61.790060 -2.887642
vt -61.270083 -3.004875
vt -60.870472 -3.146208
vt -61.823900 -4.285460
vt -62.205084 -3.739962
vt -62.342690 -3.827983
vt -62.656237 -3.807893
vt -63.008797 -3.942678
vt -63.319750 -4.601044
vt -63.967053 -4.570554
vt -64.702505 -3.720643
vt -65.287368 -3.554829
vt -65.929209 -3.996031
vt -66.533737 -4.099557
vt -67.137147 -4.315949
vt -67.713422 -4.589874
vt -67.745822 -3.993797
vt -67.581574 -3.366691
vt -67.915315 -3.839153
vt -68.163387 -4.384651
vt -67.907474 -4.296630
vt -67.584296 -4.316720
vt -67.084749 -4.181935
vt -66.365457 -3.523569
vt -65.849404 -3.554059
vt -65.339231 -4.403970
vt -64.650641 -4.569784
vt -64.046858 -4.128582
vt -63.488029 -4.025056
vt -63.061194 -3.808664
vt -62.785363 -3.534739
vt -62.181037 -4.130816
vt -61.623271 -4.757922
vt -63.497457 -4.259510
vt -63.627109 -3.903147
vt -63.530023 -4.643113
vt -63.552664 -5.290867
vt -63.893609 -4.802915
vt -64.234722 -4.360364
vt -64.525938 -4.373112
vt -64.845963 -4.155437
vt -65.160371 -4.373587
vt -65.545476 -5.205154
vt -65.871525 -5.125415
vt -66.003028 -4.246762
vt -66.184419 -4.120822
vt -66.414623 -4.424962
vt -66.523989 -4.459301
vt -66.675623 -4.882654
vt -66.735825 -5.239017
vt -66.433422 -4.499051
vt -66.123854 -3.851297
vt -66.020217 -4.339249
vt -65.823805 -4.781800
vt -65.508046 -4.769052
vt -65.178172 -4.986727
vt -64.828162 -4.768577
vt -64.563369 -3.937010
vt -64.282442 -4.016749
vt -63.876420 -4.895402
vt -63.613228 -5.021342
vt -63.511224 -4.717202
vt -63.415273 -4.682863
vt -64.957380 -5.007033
vt -64.957738 -5.091786
vt -64.961190 -4.987267
vt -64.965507 -5.009321
vt -64.974318 -4.394685
vt -64.982159 -4.004762
vt -64.987234 -4.818173
vt -64.995253 -5.410905
vt -65.004435 -4.978900
vt -65.012504 -4.695372
vt -65.019891 -4.597082
vt -65.024751 -4.193622
vt -65.031635 -4.499054
vt -65.041542 -5.419271
vt -65.043623 -5.292849
vt -65.039061 -4.492975
vt -65.037634 -4.408222
vt -65.035809 -4.512741
vt -65.031588 -4.490687
vt -65.028973 -5.105323
vt -65.022999 -5.495246
vt -65.012475 -4.681835
vt -65.003791 -4.089103
vt -64.995897 -4.521108
vt -64.987263 -4.804636
vt -64.979051 -4.902925
vt -64.970095 -5.306386
vt -64.965554 -5.000954
vt -64.966923 -4.080736
vt -64.963727 -4.207159
vt -53.454941 7.487426
vt -53.458855 7.062713
vt -53.462642 6.896559
vt -53.467990 6.708395
vt -53.475556 6.277807
vt -53.480124 6.734619
vt -53.485834 7.598447
vt -53.495413 7.320794
vt -53.504075 6.626035
vt -53.512029 6.617508
vt -53.519417 6.604503
vt -53.526075 6.623598
vt -53.535614 7.340367
vt -53.541832 7.591319
vt -53.538760 6.716922
vt -53.536622 6.290812
vt -53.538751 6.715524
vt -53.537262 6.881678
vt -53.534071 7.069842
vt -53.530212 7.500431
vt -53.520965 7.043618
vt -53.511075 6.179790
vt -53.503951 6.457444
vt -53.495537 7.152203
vt -53.486788 7.160730
vt -53.478576 7.173735
vt -53.471420 7.154640
vt -53.469533 6.437871
vt -53.467213 6.186919
vt -53.458865 7.061315
vt -51.811571 7.064619
vt -52.075102 6.245619
vt -52.223833 6.034270
vt -52.182715 6.851914
vt -52.349309 7.175089
vt -52.678103 6.906847
vt -52.994261 6.881432
vt -53.338782 6.548224
vt -53.645907 6.030438
vt -53.976911 6.551678
vt -54.386630 7.364477
vt -54.634591 7.090035
vt -54.754783 6.578827
vt -54.909987 6.552056
vt -54.948434 6.330674
vt -54.989737 6.362290
vt -55.183818 7.181290
vt -55.127232 7.392639
vt -54.753905 6.574995
vt -54.475917 6.251820
vt -54.267186 6.520062
vt -53.976369 6.545477
vt -53.670991 6.878685
vt -53.313698 7.396471
vt -52.994803 6.875231
vt -52.797547 6.062432
vt -52.507982 6.336874
vt -52.183592 6.848082
vt -52.006588 6.874853
vt -51.839719 7.096235
vt -50.632586 5.914365
vt -50.521945 6.212059
vt -50.684202 6.275384
vt -50.823968 6.654250
vt -51.309847 6.596070
vt -52.107240 5.776763
vt -52.667027 5.625606
vt -53.176343 6.299035
vt -53.836805 6.510389
vt -54.479446 6.422032
vt -55.109342 6.504584
vt -55.478871 6.065522
vt -55.638874 5.538629
vt -56.200886 6.064031
vt -56.786912 6.742606
vt -56.724001 6.513518
vt -56.480248 6.215825
vt -56.248986 6.152499
vt -55.752026 5.773634
vt -55.385800 5.831813
vt -55.152948 6.651120
vt -54.549377 6.802277
vt -53.813069 6.128848
vt -53.200079 5.917495
vt -52.597095 6.005851
vt -52.063634 5.923299
vt -51.402918 6.362361
vt -50.710816 6.889254
vt -50.636101 6.363852
vt -50.828608 5.685277
vt -49.046069 5.546467
vt -48.692397 6.007142
vt -49.432980 5.544445
vt -50.297650 5.051290
vt -50.749519 5.203364
vt -51.393590 5.305565
vt -52.166247 5.408770
vt -53.001825 5.858194
vt -53.989388 5.774197
vt -54.725340 5.058243
vt -55.438138 4.969314
vt -56.411144 5.443262
vt -57.112416 5.557718
vt -57.643822 5.628442
vt -58.072742 5.767243
vt -57.699535 5.292292
vt -57.156765 4.831617
vt -57.338315 5.294314
vt -57.298451 5.787470
vt -56.539818 5.635396
vt -55.720323 5.533194
vt -54.840315 5.429989
vt -53.906358 4.980565
vt -53.084854 5.064563
vt -52.051271 5.780516
vt -51.111405 5.869445
vt -50.620845 5.395497
vt -50.111615 5.281041
vt -49.738487 5.210317
vt -49.608375 5.071516
vt -48.096233 4.403402
vt -48.289915 4.356105
vt -48.883741 4.188816
vt -49.597140 4.048719
vt -49.807456 4.473567
vt -50.463587 4.812852
vt -51.796971 4.469098
vt -52.974798 4.171290
vt -54.036484 4.237341
vt -55.068938 4.203544
vt -56.141386 4.329356
vt -57.491682 4.747156
vt -58.202907 4.653913
vt -58.017660 4.122765
vt -58.272800 4.082517
vt -58.812838 4.347755
vt -58.772336 4.395052
vt -58.673847 4.562341
vt -58.267056 4.702438
vt -56.978265 4.277590
vt -55.821889 3.938305
vt -55.108584 4.282059
vt -54.094988 4.579867
vt -52.916293 4.513816
vt -51.757325 4.547613
vt -50.783084 4.421802
vt -50.320874 4.004002
vt -49.532991 4.097244
vt -48.227554 4.628392
vt -47.790378 4.668640
vt -48.151159 2.896358
vt -48.048872 2.971760
vt -47.578745 3.277551
vt -48.226424 3.289962
vt -49.329712 3.193685
vt -50.402410 3.181161
vt -51.744251 3.008376
vt -52.936500 2.910502
vt -54.154478 3.203393
vt -55.612668 3.397052
vt -56.628046 3.201659
vt -57.422644 3.069143
vt -58.243881 3.069634
vt -58.626130 2.984661
vt -59.313139 3.096302
vt -60.313041 3.389079
vt -59.944988 3.313677
vt -58.689178 3.007885
vt -58.065593 2.995475
vt -57.467599 3.091751
vt -56.483351 3.104276
vt -55.502480 3.277060
vt -54.207763 3.374935
vt -52.883215 3.082044
vt -51.854439 2.888385
vt -50.547105 3.083778
vt -49.284756 3.216294
vt -48.404711 3.215803
vt -47.515697 3.300776
vt -47.417023 3.189135
vt -46.998225 1.797137
vt -46.992343 1.813440
vt -47.020384 1.860837
vt -48.131717 1.811556
vt -49.708628 1.707075
vt -50.527774 1.737072
vt -51.406079 1.826700
vt -52.789621 1.828851
vt -54.203492 1.821751
vt -55.575579 1.820302
vt -56.489317 1.740756
vt -57.294075 1.707510
vt -58.866274 1.811289
vt -60.039802 1.867938
vt -60.003705 1.813005
vt -59.904197 1.786621
vt -59.616288 1.770318
vt -58.810575 1.722921
vt -58.572867 1.772202
vt -58.344409 1.876684
vt -56.980759 1.846686
vt -55.394243 1.757059
vt -54.138662 1.754907
vt -52.854451 1.762008
vt -51.587414 1.763456
vt -50.036331 1.843002
vt -48.658294 1.876248
vt -48.425123 1.772470
vt -48.249611 1.715821
vt -47.379760 1.770754
vt -46.253207 0.315391
vt -47.339271 0.417607
vt -48.132624 0.463200
vt -48.454910 0.424321
vt -49.274057 0.415753
vt -50.182881 0.381409
vt -51.272937 0.319687
vt -52.804373 0.379181
vt -54.095273 0.482652
vt -55.351346 0.450725
vt -56.823738 0.379982
vt -57.965848 0.377112
vt -59.042078 0.358113
vt -59.744441 0.359729
vt -59.310031 0.456248
vt -59.159178 0.486495
vt -59.963216 0.384279
vt -59.922815 0.338686
vt -58.896060 0.377565
vt -57.909837 0.386133
vt -56.635866 0.420477
vt -55.261102 0.482199
vt -54.153414 0.422705
vt -52.746231 0.319234
vt -51.363181 0.351161
vt -50.370752 0.421904
vt -49.330068 0.424774
vt -48.600928 0.443773
vt -47.954250 0.442157
vt -46.686086 0.345638
vt -47.518977 -0.916273
vt -48.025380 -0.787019
vt -48.351607 -0.800040
vt -48.173491 -1.119157
vt -48.947551 -1.193055
vt -50.512124 -0.914499
vt -51.744901 -0.814847
vt -52.888923 -0.870848
vt -54.104495 -0.849657
vt -55.429407 -1.004664
vt -56.933180 -1.214199
vt -57.700237 -1.015925
vt -57.893374 -0.731018
vt -58.705921 -0.821231
vt -59.489490 -0.964150
vt -59.680860 -0.983520
vt -59.921497 -1.112773
vt -59.462040 -1.099753
vt -58.012660 -0.780635
vt -57.085439 -0.706737
vt -56.593065 -0.985294
vt -55.503130 -1.084946
vt -54.160186 -1.028945
vt -52.833232 -1.050136
vt -51.671178 -0.895129
vt -50.852239 -0.685594
vt -49.562349 -0.883868
vt -48.054205 -1.168774
vt -47.595489 -1.078562
vt -47.593374 -0.935642
vt -48.312998 -2.077924
vt -47.783458 -2.480148
vt -48.342082 -2.358848
vt -49.085723 -2.242757
vt -49.916792 -2.180748
vt -51.077244 -1.868940
vt -51.980663 -1.912492
vt -52.893842 -2.452440
vt -54.121354 -2.541404
vt -55.143123 -2.157638
vt -56.071338 -2.050798
vt -56.923163 -2.034372
vt -57.514305 -1.940199
vt -58.525114 -2.269884
vt -59.450499 -2.626523
vt -59.029603 -2.287589
vt -58.265880 -1.885365
vt -58.132188 -2.006665
vt -57.755639 -2.122756
vt -57.087600 -2.184765
vt -56.435546 -2.496573
vt -55.292276 -2.453021
vt -54.014032 -1.913073
vt -53.001163 -1.824108
vt -51.831510 -2.207874
vt -50.713036 -2.314715
vt -49.752354 -2.331141
vt -48.844389 -2.425314
vt -48.735008 -2.095629
vt -48.968078 -1.738990
vt -48.943836 -3.455788
vt -48.866218 -3.636770
vt -49.653470 -3.110476
vt -50.471907 -2.643261
vt -50.695210 -3.091635
vt -51.186499 -3.526566
vt -52.102861 -3.420891
vt -53.027710 -3.417946
vt -53.957922 -3.280615
vt -54.691786 -2.756934
vt -55.475546 -2.851242
vt -56.619441 -3.561463
vt -57.334944 -3.639716
vt -57.472097 -3.247807
vt -57.673820 -3.166941
vt -57.597303 -2.997327
vt -57.330586 -2.816345
vt -57.558805 -3.342639
vt -57.472708 -3.809854
vt -56.485509 -3.361480
vt -55.513232 -2.926549
vt -54.776929 -3.032224
vt -53.932244 -3.035170
vt -53.053389 -3.172500
vt -52.017718 -3.696181
vt -51.148812 -3.601873
vt -50.829141 -2.891652
vt -50.334142 -2.813399
vt -49.566762 -3.205308
vt -49.209452 -3.286174
vt -50.661597 -3.672798
vt -50.754977 -3.618938
vt -50.773458 -3.918396
vt -51.065138 -3.960541
vt -51.337168 -4.334644
vt -51.808594 -4.587537
vt -52.584084 -3.883777
vt -53.222378 -3.366224
vt -53.808564 -3.863603
vt -54.482740 -4.247120
vt -55.079751 -4.212322
vt -55.679524 -4.376557
vt -56.019579 -4.136491
vt -55.956118 -3.421017
vt -56.220623 -3.577024
vt -56.753012 -4.369441
vt -56.713280 -4.423301
vt -56.338243 -4.123843
vt -55.993197 -4.081698
vt -55.413120 -3.707596
vt -54.854302 -3.454703
vt -54.466434 -4.158462
vt -53.859104 -4.676015
vt -53.171838 -4.178636
vt -52.600389 -3.795120
vt -52.034043 -3.829917
vt -51.603571 -3.665682
vt -51.091521 -3.905748
vt -50.391333 -4.621222
vt -50.262320 -4.465215
vt -52.057628 -4.002044
vt -51.991421 -4.355201
vt -51.873108 -5.198502
vt -52.107776 -4.986515
vt -52.494137 -4.217190
vt -52.752899 -4.185249
vt -53.027189 -4.311956
vt -53.339751 -4.322626
vt -53.677581 -4.908722
vt -54.050287 -5.198183
vt -54.274104 -4.376152
vt -54.441150 -3.875337
vt -54.745290 -4.344530
vt -54.975418 -4.612406
vt -55.103177 -4.697054
vt -55.235794 -5.039221
vt -55.100136 -4.686064
vt -54.776507 -3.842762
vt -54.678967 -4.054750
vt -54.620746 -4.824075
vt -54.341982 -4.856016
vt -54.009297 -4.729309
vt -53.671960 -4.718638
vt -53.345372 -4.132542
vt -53.068179 -3.843082
vt -52.685021 -4.665113
vt -52.314542 -5.165928
vt -52.174100 -4.696735
vt -52.072019 -4.428858
vt -51.994462 -4.344211
vt -53.455219 -5.255167
vt -53.458717 -4.889835
vt -53.462223 -4.768857
vt -53.467861 -4.538175
vt -53.475718 -4.050679
vt -53.480263 -4.502389
vt -53.485887 -5.381496
vt -53.495406 -5.137511
vt -53.504117 -4.489456
vt -53.512112 -4.463178
vt -53.519293 -4.376430
vt -53.525817 -4.376061
vt -53.535536 -5.133819
vt -53.541951 -5.416912
vt -53.539039 -4.564453
vt -53.536900 -4.137426
vt -53.538613 -4.502758
vt -53.536842 -4.623737
vt -53.533943 -4.854419
vt -53.530373 -5.341915
vt -53.521104 -4.890205
vt -53.511128 -4.011098
vt -53.503944 -4.255082
vt -53.495579 -4.903137
vt -53.486872 -4.929416
vt -53.478452 -5.016163
vt -53.471162 -5.016533
vt -53.469455 -4.258774
vt -53.467332 -3.975682
vt -53.459143 -4.828140
vt -41.956742 8.046961
vt -41.961341 7.469325
vt -41.963921 7.464745
vt -41.969186 7.247387
vt -41.974085 7.346632
vt -41.977679 8.260809
vt -41.985938 8.394396
vt -41.995890 7.437327
vt -42.003907 7.137086
vt -42.012238 7.481889
vt -42.019956 7.529361
vt -42.028367 7.913374
vt -42.036982 8.426394
vt -42.037853 7.764987
vt -42.035074 6.902583
vt -42.038422 7.299160
vt -42.041237 7.876796
vt -42.038540 7.881376
vt -42.035268 8.098734
vt -42.028740 7.999489
vt -42.018520 7.085313
vt -42.011179 6.951725
vt -42.004428 7.908794
vt -41.995369 8.209036
vt -41.986998 7.864232
vt -41.979115 7.816760
vt -41.973712 7.432748
vt -41.970901 6.919728
vt -41.963233 7.581134
vt -41.955178 8.443538
vt -40.474074 7.238162
vt -40.648269 6.683245
vt -40.570455 7.388090
vt -40.573379 8.153312
vt -40.880402 7.805755
vt -41.210897 7.439635
vt -41.518088 7.367543
vt -41.848368 6.947997
vt -42.155622 7.095083
vt -42.538212 8.069648
vt -42.881331 8.150469
vt -43.033562 7.310253
vt -43.206081 7.102791
vt -43.394677 7.241004
vt -43.477500 7.178747
vt -43.652240 7.724934
vt -43.756984 8.279851
vt -43.473854 7.575005
vt -43.144569 6.809784
vt -43.007011 7.157340
vt -42.799980 7.523461
vt -42.500195 7.595552
vt -42.180577 8.015099
vt -41.823413 7.868012
vt -41.556105 6.893448
vt -41.292248 6.812626
vt -40.906953 7.652842
vt -40.634891 7.860304
vt -40.491278 7.722091
vt -40.368785 7.784349
vt -38.908142 7.021509
vt -38.909836 7.144867
vt -39.079261 7.214379
vt -39.356182 7.344059
vt -40.047137 6.703960
vt -40.682821 6.183444
vt -41.073624 6.849241
vt -41.652436 7.448712
vt -42.333307 7.198861
vt -42.960210 7.049805
vt -43.513128 6.901337
vt -43.825656 6.355712
vt -44.291094 6.545396
vt -45.045341 7.464231
vt -45.276118 7.493115
vt -44.999557 6.852428
vt -44.868140 6.729069
vt -44.644046 6.659557
vt -44.284241 6.529878
vt -44.123089 7.169977
vt -43.728528 7.690492
vt -42.955974 7.024696
vt -42.289162 6.425224
vt -41.696581 6.675076
vt -41.077859 6.824132
vt -40.467421 6.972599
vt -39.749703 7.518224
vt -39.363036 7.328541
vt -39.480556 6.409706
vt -39.317815 6.380822
vt -37.165758 6.623536
vt -37.458356 6.415337
vt -38.395105 5.656051
vt -38.802648 5.662691
vt -39.107294 6.066742
vt -39.809388 6.130076
vt -40.581551 6.357706
vt -41.506076 6.504820
vt -42.432677 5.866577
vt -43.158983 5.443096
vt -44.127202 5.991933
vt -45.094909 6.395906
vt -45.647089 6.268223
vt -46.140173 6.294294
vt -46.246060 6.086173
vt -45.819224 5.517904
vt -45.922724 5.726103
vt -46.300440 6.485389
vt -45.803449 6.478749
vt -44.897593 6.074698
vt -44.136121 6.011364
vt -43.255619 5.783734
vt -42.410610 5.636620
vt -41.528143 6.274863
vt -40.484914 6.698344
vt -39.800468 6.149507
vt -39.304609 5.745534
vt -38.646287 5.873217
vt -38.234838 5.847146
vt -37.781692 6.055267
vt -36.870814 4.779881
vt -36.959626 4.795756
vt -37.463374 4.670975
vt -37.709522 4.896064
vt -37.965007 5.381032
vt -39.126807 5.191673
vt -40.470569 4.659890
vt -41.479720 4.678609
vt -42.549226 4.863367
vt -43.638003 4.894306
vt -44.871735 5.189727
vt -45.965423 5.311664
vt -46.146150 4.777037
vt -46.283649 4.486218
vt -47.142073 4.865125
vt -47.587419 5.085611
vt -47.442048 5.069736
vt -47.253480 5.194517
vt -46.379438 4.969428
vt -45.135816 4.484460
vt -44.485109 4.673819
vt -43.782183 5.205602
vt -42.599911 5.186883
vt -41.429035 5.002125
vt -40.326389 4.971186
vt -39.513433 4.675765
vt -38.794614 4.553829
vt -37.476234 5.088455
vt -36.493543 5.379274
vt -36.659652 5.000368
vt -36.612951 3.334086
vt -35.804007 3.681648
vt -35.828860 3.836005
vt -36.968180 3.639552
vt -37.989964 3.556358
vt -39.070177 3.507468
vt -40.301378 3.374371
vt -41.373738 3.555771
vt -42.716793 3.873516
vt -44.008484 3.742246
vt -44.858830 3.455378
vt -45.847392 3.467183
vt -46.724631 3.500248
vt -47.379925 3.518260
vt -48.433748 3.770823
vt -48.774833 3.843226
vt -47.700123 3.495663
vt -46.939293 3.341306
vt -46.807349 3.537759
vt -46.127852 3.620954
vt -45.151119 3.669843
vt -44.059606 3.802940
vt -42.645001 3.621540
vt -41.445530 3.303795
vt -40.250255 3.435066
vt -38.777889 3.721934
vt -37.709505 3.710128
vt -36.885461 3.677063
vt -36.269492 3.659051
vt -36.537632 3.406489
vt -35.302744 2.144644
vt -35.307007 2.161712
vt -35.816909 2.152984
vt -37.244774 2.048357
vt -38.184530 2.027718
vt -38.654011 2.144024
vt -39.822366 2.185735
vt -41.306141 2.137680
vt -42.684131 2.126745
vt -43.922186 2.088605
vt -44.856869 2.029082
vt -46.243802 2.102933
vt -47.866585 2.209766
vt -48.268110 2.163919
vt -48.066848 2.086497
vt -48.208715 2.087241
vt -47.930952 2.070173
vt -47.607100 2.078901
vt -47.685924 2.183528
vt -46.820311 2.204167
vt -45.106997 2.087861
vt -43.810531 2.046150
vt -42.655182 2.094205
vt -41.335090 2.105140
vt -39.934021 2.143280
vt -38.403884 2.202803
vt -37.608022 2.128952
vt -37.425435 2.022119
vt -36.477919 2.067966
vt -35.442904 2.145388
vt -35.429855 0.585749
vt -36.404634 0.685596
vt -36.438987 0.642484
vt -36.703472 0.588483
vt -37.585587 0.582565
vt -38.514364 0.538617
vt -39.882256 0.552494
vt -41.388425 0.670270
vt -42.598285 0.685209
vt -44.052235 0.577403
vt -45.451292 0.546688
vt -46.475315 0.571871
vt -47.438804 0.567820
vt -47.677165 0.627544
vt -47.506338 0.696290
vt -48.335827 0.613280
vt -49.028579 0.513433
vt -48.229179 0.556545
vt -47.144622 0.610546
vt -46.221367 0.616464
vt -44.967349 0.660412
vt -43.870421 0.646535
vt -42.737466 0.528759
vt -41.249244 0.513820
vt -40.064071 0.621626
vt -38.998306 0.652341
vt -37.839535 0.627158
vt -36.997654 0.631209
vt -35.886973 0.571485
vt -34.882393 0.502739
vt -36.197975 -0.770872
vt -36.448491 -0.724466
vt -36.230573 -0.959224
vt -36.418655 -1.173293
vt -37.855808 -0.914456
vt -39.255776 -0.655830
vt -40.214755 -0.761755
vt -41.371921 -0.846693
vt -42.641216 -0.892801
vt -44.063510 -1.092118
vt -45.255600 -1.031049
vt -45.689117 -0.664947
vt -46.404301 -0.639529
vt -47.654615 -0.913117
vt -48.216747 -0.973976
vt -48.359858 -0.975526
vt -48.344608 -1.021932
vt -47.341005 -0.787174
vt -46.257825 -0.573105
vt -45.993696 -0.831942
vt -45.336717 -1.090568
vt -43.972983 -0.984642
vt -42.643184 -0.899705
vt -41.369953 -0.853597
vt -40.305282 -0.654280
vt -39.174659 -0.715349
vt -37.551229 -1.081451
vt -36.565131 -1.106869
vt -36.544182 -0.833281
vt -36.320631 -0.772422
vt -36.166843 -2.534108
vt -36.274265 -2.547782
vt -37.121448 -2.205238
vt -37.751940 -2.145625
vt -38.616481 -2.015989
vt -39.555375 -1.904340
vt -40.277807 -2.360622
vt -41.364389 -2.699296
vt -42.570716 -2.285083
vt -43.529584 -1.944764
vt -44.561489 -2.060283
vt -45.445536 -2.077826
vt -46.325038 -2.209108
vt -47.445708 -2.619451
vt -47.635077 -2.485944
vt -46.883449 -1.900470
vt -46.756687 -1.886797
vt -46.911554 -2.229341
vt -46.421855 -2.288953
vt -45.787290 -2.418590
vt -44.913678 -2.530238
vt -43.589420 -2.073956
vt -42.484580 -1.735282
vt -41.450526 -2.149495
vt -40.217971 -2.489814
vt -39.203187 -2.374296
vt -38.274728 -2.356752
vt -37.655122 -2.225470
vt -37.655602 -1.815127
vt -37.152655 -1.948634
vt -37.390796 -3.662950
vt -37.722891 -3.405292
vt -38.530556 -2.779088
vt -38.764186 -2.999019
vt -38.876577 -3.726867
vt -39.669481 -3.719411
vt -40.644341 -3.420914
vt -41.545812 -3.375283
vt -42.421982 -3.039671
vt -43.198796 -2.867979
vt -44.251502 -3.547271
vt -45.267524 -3.961448
vt -45.571449 -3.450923
vt -45.750912 -3.114699
vt -46.066459 -3.170711
vt -46.044263 -3.047576
vt -46.187258 -3.305234
vt -46.435891 -3.931438
vt -45.764988 -3.711507
vt -44.666876 -2.983659
vt -43.996215 -2.991115
vt -43.318410 -3.289613
vt -42.450346 -3.335244
vt -41.517449 -3.670855
vt -40.524728 -3.842547
vt -39.924769 -3.163256
vt -39.477225 -2.749078
vt -38.570647 -3.259603
vt -37.845577 -3.595827
vt -37.602092 -3.539815
vt -39.308699 -3.572297
vt -39.089613 -4.092731
vt -39.152878 -4.351306
vt -39.447223 -4.422461
vt -39.780331 -4.718920
vt -40.452405 -4.312157
vt -41.177891 -3.515694
vt -41.704794 -3.815688
vt -42.338770 -4.579131
vt -42.998057 -4.558701
vt -43.573454 -4.406895
vt -44.091763 -4.368759
vt -44.274664 -3.792737
vt -44.466389 -3.587863
vt -45.097362 -4.442892
vt -45.400114 -4.870726
vt -45.047917 -4.350292
vt -44.717663 -4.091716
vt -44.375281 -4.020562
vt -43.856283 -3.724103
vt -43.498112 -4.130866
vt -43.060242 -4.927329
vt -42.341520 -4.627335
vt -41.702043 -3.863891
vt -41.115706 -3.884322
vt -40.527747 -4.036128
vt -40.015810 -4.074263
vt -39.346606 -4.650286
vt -38.901604 -4.855160
vt -39.139059 -4.000131
vt -40.482913 -4.488641
vt -40.313644 -5.286135
vt -40.377264 -5.487588
vt -40.760923 -4.544507
vt -41.041854 -4.160458
vt -41.227459 -4.596523
vt -41.511668 -4.732151
vt -41.828155 -4.977716
vt -42.184240 -5.434692
vt -42.500638 -4.885619
vt -42.695473 -4.002536
vt -42.991580 -4.353013
vt -43.343218 -5.040571
vt -43.514407 -5.030612
vt -43.637482 -5.093580
vt -43.661079 -5.043541
vt -43.422359 -4.246046
vt -43.280663 -4.044594
vt -43.332113 -4.987674
vt -43.168463 -5.371724
vt -42.816542 -4.935659
vt -42.493775 -4.800030
vt -42.160364 -4.554466
vt -41.852031 -4.097490
vt -41.518531 -4.646563
vt -41.106390 -5.529646
vt -40.864972 -5.179169
vt -40.772027 -4.491611
vt -40.611007 -4.501569
vt -40.528766 -4.438601
vt -41.956681 -5.340891
vt -41.960924 -4.819777
vt -41.963686 -4.789127
vt -41.969386 -4.493755
vt -41.974318 -4.577326
vt -41.977739 -5.526848
vt -41.985912 -5.691869
vt -41.995858 -4.769987
vt -42.003939 -4.468921
vt -42.012188 -4.741443
vt -42.019731 -4.744453
vt -42.028272 -5.175870
vt -42.037143 -5.741659
vt -42.038093 -5.090193
vt -42.035290 -4.221233
vt -42.038362 -4.574317
vt -42.040820 -5.095431
vt -42.038305 -5.126081
vt -42.035467 -5.421452
vt -42.028973 -5.337881
vt -42.018580 -4.388359
vt -42.011153 -4.223339
vt -42.004396 -5.145220
vt -41.995401 -5.446287
vt -41.986948 -5.173764
vt -41.978891 -5.170755
vt -41.973617 -4.739337
vt -41.971061 -4.173549
vt -41.963474 -4.825014
vt -41.955394 -5.693975
vt -30.460765 9.058714
vt -30.462642 8.869002
vt -30.464068 9.076406
vt -30.468335 9.041400
vt -30.471315 9.720224
vt -30.476982 10.296821
vt -30.487367 9.358175
vt -30.496221 8.497101
vt -30.504071 9.006792
vt -30.512799 9.456325
vt -30.520921 9.533400
vt -30.529704 9.997359
vt -30.534726 9.730077
vt -30.533374 8.566714
vt -30.535869 8.591867
vt -30.542446 9.643149
vt -30.542538 9.832861
vt -30.538687 9.625458
vt -30.534416 9.660463
vt -30.525970 8.981639
vt -30.517822 8.405043
vt -30.512608 9.343688
vt -30.504759 10.204763
vt -30.495533 9.695072
vt -30.487559 9.245538
vt -30.480081 9.168463
vt -30.475049 8.704504
vt -30.468645 8.971787
vt -30.458755 10.135149
vt -30.455973 10.109997
vt -29.078510 8.365253
vt -29.035141 8.710438
vt -28.896709 9.878232
vt -29.093701 9.802295
vt -29.463252 8.945464
vt -29.738691 8.823999
vt -30.033510 8.764915
vt -30.344648 8.658864
vt -30.674975 9.510444
vt -31.056156 10.081174
vt -31.296239 9.140896
vt -31.459878 8.424337
vt -31.730485 8.816489
vt -31.931793 9.026652
vt -32.077229 9.231565
vt -32.256676 9.885743
vt -32.143857 9.540558
vt -31.800108 8.372764
vt -31.664892 8.448701
vt -31.589860 9.305531
vt -31.327774 9.426996
vt -31.015617 9.486080
vt -30.676857 9.592131
vt -30.342766 8.740552
vt -30.074049 8.169822
vt -29.707156 9.110100
vt -29.333269 9.826659
vt -29.159295 9.434507
vt -29.028394 9.224343
vt -28.968513 9.019431
vt -27.226128 8.976451
vt -27.399792 8.751327
vt -27.601516 8.758479
vt -28.053693 8.437226
vt -28.706174 7.697682
vt -29.069305 8.087019
vt -29.466614 9.127897
vt -30.155376 9.026199
vt -30.816070 8.437154
vt -31.423474 8.360944
vt -31.925856 8.066152
vt -32.367648 7.935573
vt -33.102310 8.853025
vt -33.648042 9.347525
vt -33.492295 8.513435
vt -33.317543 7.992474
vt -33.358095 8.217598
vt -33.166301 8.210445
vt -32.981752 8.531699
vt -32.782126 9.271243
vt -32.115013 8.881906
vt -31.348965 7.841028
vt -30.792102 7.942726
vt -30.179344 8.531771
vt -29.541123 8.607981
vt -28.880149 8.902773
vt -28.291695 9.033351
vt -28.174251 8.115900
vt -28.083257 7.621400
vt -27.533991 8.455489
vt -25.752048 8.004872
vt -26.508831 7.148849
vt -27.037489 6.776825
vt -27.029024 7.418148
vt -27.462822 7.736942
vt -28.250235 7.686346
vt -29.071707 7.843446
vt -30.048627 7.453820
vt -30.893977 6.749770
vt -31.756325 7.129899
vt -32.849515 7.942145
vt -33.595016 7.847772
vt -34.046897 7.538475
vt -34.464132 7.480876
vt -34.406620 7.038019
vt -34.405515 6.924696
vt -34.973199 7.780719
vt -34.942824 8.152743
vt -34.029826 7.511420
vt -33.253122 7.192626
vt -32.576968 7.243222
vt -31.745775 7.086122
vt -30.953161 7.475748
vt -29.989444 8.179798
vt -29.082257 7.799669
vt -28.522782 6.987423
vt -27.804716 7.081796
vt -27.046095 7.391093
vt -26.558798 7.448692
vt -25.942253 7.891549
vt -25.434746 5.895101
vt -25.444689 5.975991
vt -25.713471 6.031955
vt -25.781010 6.498057
vt -26.535908 6.569721
vt -27.968428 5.893444
vt -29.027978 5.658163
vt -29.948036 6.064157
vt -31.071961 6.214404
vt -32.223436 6.297132
vt -33.425024 6.511451
vt -34.089776 6.130383
vt -34.262982 5.569997
vt -35.111760 5.881707
vt -36.102494 6.415330
vt -36.151352 6.355402
vt -35.927110 6.274513
vt -35.503577 6.218548
vt -34.450925 5.752446
vt -33.706717 5.680782
vt -33.326731 6.357059
vt -32.339592 6.592341
vt -31.068227 6.186347
vt -29.951771 6.036099
vt -28.911823 5.953372
vt -28.066721 5.739053
vt -26.918967 6.120121
vt -25.593066 6.680506
vt -25.321654 6.368796
vt -25.620072 5.835174
vt -24.436782 4.535442
vt -23.787092 4.880777
vt -24.645252 4.684691
vt -25.813125 4.418876
vt -26.596057 4.436605
vt -27.636216 4.390491
vt -28.692561 4.442930
vt -29.802361 4.799275
vt -31.204489 4.827575
vt -32.285358 4.412071
vt -33.256613 4.297927
vt -34.475834 4.483004
vt -35.384621 4.524432
vt -36.294882 4.656391
vt -37.107816 4.834379
vt -36.598664 4.550750
vt -35.683208 4.205415
vt -35.755685 4.401501
vt -35.652294 4.667316
vt -34.733945 4.649587
vt -33.717157 4.695701
vt -32.450789 4.643262
vt -31.073624 4.286917
vt -29.933226 4.258617
vt -28.527130 4.674121
vt -27.175672 4.788265
vt -26.337946 4.603188
vt -25.545451 4.561760
vt -25.184450 4.429801
vt -25.211699 4.251813
vt -23.831843 2.839295
vt -23.971980 2.840084
vt -24.878216 2.768156
vt -25.929991 2.698314
vt -26.198509 2.806145
vt -26.890113 2.915589
vt -28.407410 2.853625
vt -29.840441 2.789739
vt -31.155934 2.784942
vt -32.334894 2.738286
vt -33.564252 2.764656
vt -35.261646 2.901260
vt -36.272958 2.903971
vt -36.153470 2.772953
vt -36.355358 2.744970
vt -36.737814 2.779775
vt -36.595924 2.778986
vt -36.668407 2.850914
vt -36.371142 2.920756
vt -34.834290 2.812925
vt -33.343098 2.703481
vt -32.395574 2.765445
vt -31.189482 2.829332
vt -29.806893 2.834129
vt -28.346729 2.880785
vt -27.111266 2.854414
vt -26.625865 2.717811
vt -25.831808 2.715100
vt -24.363279 2.846117
vt -23.731413 2.874100
vt -24.714219 1.116798
vt -24.811152 1.112627
vt -24.438196 0.999278
vt -25.021864 0.980485
vt -25.985860 0.983952
vt -27.084102 0.972124
vt -28.605269 1.068985
vt -29.914605 1.142446
vt -31.171388 1.028662
vt -32.699659 0.932505
vt -33.872167 0.984221
vt -34.840046 1.019937
vt -35.634892 1.039165
vt -35.810253 1.113062
vt -36.443341 1.076641
vt -37.620190 0.932236
vt -37.435097 0.936408
vt -36.228388 1.049756
vt -35.463015 1.068550
vt -34.621640 1.065082
vt -33.537088 1.076910
vt -32.593433 0.980050
vt -31.263646 0.906589
vt -29.822347 1.020372
vt -28.711495 1.116529
vt -27.419181 1.064813
vt -26.204266 1.029097
vt -25.193742 1.009869
vt -24.020061 0.935973
vt -23.819396 0.972393
vt -24.620539 -0.622034
vt -24.507016 -0.728878
vt -24.306483 -1.010782
vt -25.272239 -0.873548
vt -26.833247 -0.449472
vt -27.727060 -0.477976
vt -28.598306 -0.740599
vt -29.847975 -0.776773
vt -31.172803 -0.862617
vt -32.528081 -0.917225
vt -33.380231 -0.570644
vt -34.027208 -0.359411
vt -35.388977 -0.692705
vt -36.511922 -0.924938
vt -36.696973 -0.818940
vt -36.782421 -0.796053
vt -36.403133 -0.689209
vt -35.416915 -0.407305
vt -35.111408 -0.544539
vt -34.971135 -0.968615
vt -33.808001 -0.940111
vt -32.356534 -0.677488
vt -31.119238 -0.641315
vt -29.901540 -0.555471
vt -28.769852 -0.500862
vt -27.299290 -0.847444
vt -25.889320 -1.058677
vt -25.549807 -0.725382
vt -25.401489 -0.493149
vt -24.800856 -0.599148
vt -24.457267 -2.828727
vt -25.210541 -2.329938
vt -25.885643 -2.049888
vt -26.338263 -2.123043
vt -27.130558 -2.037723
vt -27.817884 -2.295856
vt -28.635987 -2.820356
vt -29.904365 -2.558222
vt -31.010314 -1.917173
vt -32.032093 -1.976782
vt -33.159818 -2.260832
vt -34.096504 -2.304227
vt -35.144891 -2.592072
vt -35.860032 -2.690937
vt -35.457536 -2.063433
vt -35.173873 -1.753672
vt -35.692963 -2.252461
vt -35.675749 -2.532511
vt -35.008179 -2.459356
vt -34.301366 -2.544676
vt -33.176187 -2.286543
vt -31.947600 -1.762043
vt -31.024556 -2.024177
vt -29.890124 -2.665226
vt -28.720480 -2.605617
vt -27.801516 -2.321567
vt -26.925695 -2.278172
vt -26.474975 -1.990327
vt -26.069926 -1.891462
vt -24.975114 -2.518966
vt -26.097459 -3.727933
vt -26.620868 -3.167934
vt -26.963369 -3.046805
vt -26.813205 -3.926146
vt -27.267818 -4.276562
vt -28.306143 -3.708922
vt -29.202945 -3.464847
vt -30.065680 -3.410584
vt -30.913886 -3.159926
vt -31.832901 -3.613584
vt -32.946427 -4.356616
vt -33.573248 -3.972008
vt -33.742632 -3.222197
vt -34.215221 -3.297464
vt -34.611465 -3.472488
vt -34.750925 -3.533530
vt -35.085235 -4.093529
vt -34.868703 -4.214658
vt -33.814007 -3.335317
vt -33.058117 -2.984901
vt -32.632876 -3.552542
vt -31.877013 -3.796617
vt -30.970214 -3.850879
vt -30.009352 -4.101538
vt -29.158833 -3.647880
vt -28.619694 -2.904848
vt -27.782949 -3.289455
vt -26.741831 -4.039267
vt -26.309886 -3.964000
vt -26.147098 -3.788975
vt -27.629961 -4.271617
vt -27.361028 -5.002729
vt -27.591810 -4.947337
vt -27.910902 -4.983760
vt -28.390542 -4.880763
vt -29.118962 -4.038816
vt -29.662229 -3.928864
vt -30.165919 -4.974643
vt -30.850214 -5.307448
vt -31.461077 -4.789285
vt -32.020636 -4.640844
vt -32.454551 -4.381569
vt -32.703850 -3.956949
vt -33.267192 -4.614532
vt -33.865419 -5.501923
vt -33.721377 -5.029204
vt -33.319331 -4.298091
vt -33.156595 -4.353483
vt -32.838960 -4.317060
vt -32.466494 -4.420057
vt -32.164670 -5.262004
vt -31.544580 -5.371957
vt -30.802646 -4.326177
vt -30.213487 -3.993372
vt -29.578727 -4.511535
vt -28.974928 -4.659976
vt -28.378598 -4.919251
vt -27.775792 -5.343871
vt -27.702408 -4.686288
vt -27.907116 -3.798897
vt -28.842005 -5.604045
vt -28.757225 -6.165245
vt -29.038670 -5.339266
vt -29.371301 -4.411714
vt -29.492889 -4.910494
vt -29.681792 -5.506160
vt -29.993644 -5.516074
vt -30.321837 -5.814738
vt -30.674225 -5.643863
vt -30.942178 -4.573970
vt -31.207925 -4.505618
vt -31.607953 -5.594131
vt -31.888168 -5.866580
vt -31.995742 -5.510142
vt -32.095362 -5.481607
vt -32.020172 -4.978846
vt -31.865941 -4.417646
vt -31.942069 -5.243625
vt -31.942491 -6.171177
vt -31.619497 -5.672398
vt -31.270875 -5.076731
vt -30.975752 -5.066817
vt -30.654046 -4.768153
vt -30.342016 -4.939028
vt -29.960071 -6.008921
vt -29.618842 -6.077274
vt -29.481344 -4.988760
vt -29.316977 -4.716311
vt -29.092343 -5.072749
vt -28.986647 -5.101284
vt -30.460421 -5.287211
vt -30.462329 -5.093192
vt -30.464233 -5.209459
vt -30.468680 -5.129784
vt -30.471405 -5.861701
vt -30.476907 -6.489805
vt -30.487287 -5.571535
vt -30.496193 -4.712011
vt -30.504064 -5.160717
vt -30.512661 -5.541089
vt -30.520803 -5.656243
vt -30.529859 -6.205481
vt -30.534978 -5.952716
vt -30.533515 -4.760753
vt -30.535824 -4.749412
vt -30.542102 -5.746548
vt -30.542225 -5.940567
vt -30.538852 -5.824300
vt -30.534761 -5.903974
vt -30.526060 -5.172057
vt -30.517748 -4.543953
vt -30.512528 -5.462223
vt -30.504731 -6.321748
vt -30.495526 -5.873042
vt -30.487421 -5.492670
vt -30.479963 -5.377516
vt -30.475204 -4.828278
vt -30.468897 -5.081043
vt -30.458896 -6.273006
vt -30.455928 -6.284347
vt -18.963312 10.779264
vt -18.961562 11.354005
vt -18.962949 11.631743
vt -18.966219 11.895585
vt -18.969793 12.641888
vt -18.978673 12.093675
vt -18.988808 10.675952
vt -18.996102 10.913262
vt -19.004418 12.007449
vt -19.013196 12.104129
vt -19.021426 12.137295
vt -19.028856 12.196987
vt -19.030920 11.116695
vt -19.032513 10.537555
vt -19.040414 11.798905
vt -19.044993 12.608722
vt -19.041458 12.033982
vt -19.037568 11.756244
vt -19.032300 11.492401
vt -19.024448 10.746099
vt -19.019513 11.294312
vt -19.014049 12.712035
vt -19.004639 12.474725
vt -18.995880 11.380538
vt -18.987955 11.283858
vt -18.980586 11.250692
vt -18.974200 11.191000
vt -18.964839 12.271292
vt -18.957894 12.850432
vt -18.960518 11.589081
vt -17.528862 10.773740
vt -17.339729 12.015582
vt -17.362335 12.538641
vt -17.724998 11.349314
vt -18.021686 10.723947
vt -18.235931 11.086636
vt -18.526348 11.112065
vt -18.831043 11.571013
vt -19.186172 12.475074
vt -19.514245 11.833169
vt -19.709586 10.488474
vt -19.981283 10.748310
vt -20.305557 11.556634
vt -20.487212 11.634579
vt -20.655930 11.991219
vt -20.707028 12.068642
vt -20.448444 10.826799
vt -20.265734 10.303741
vt -20.296188 11.493068
vt -20.148294 12.118435
vt -19.825014 11.755746
vt -19.508455 11.730317
vt -19.163252 11.271369
vt -18.853963 10.367307
vt -18.532138 11.009213
vt -18.120503 12.353908
vt -17.854675 12.094071
vt -17.734366 11.285747
vt -17.583812 11.207802
vt -17.547214 10.851163
vt -15.753888 11.168390
vt -16.001046 10.698285
vt -16.230505 10.608621
vt -16.734910 10.003806
vt -17.140741 9.948526
vt -17.371059 11.199102
vt -17.944383 11.611819
vt -18.682460 10.624910
vt -19.300941 10.210540
vt -19.903013 10.323208
vt -20.427763 10.149205
vt -21.066239 10.755673
vt -21.786391 11.685194
vt -21.914566 11.022991
vt -21.696388 9.891138
vt -21.845303 10.122528
vt -21.959350 10.592634
vt -21.795290 10.682298
vt -21.662969 11.287113
vt -21.216693 11.342393
vt -20.416767 10.091817
vt -19.826734 9.679100
vt -19.319186 10.666009
vt -18.664215 11.080379
vt -18.020662 10.967711
vt -17.382056 11.141714
vt -16.990286 10.535246
vt -16.858332 9.605725
vt -16.349782 10.267928
vt -15.738085 11.399781
vt -14.725605 9.330314
vt -15.337718 8.507494
vt -15.229226 9.102584
vt -15.228348 9.931761
vt -15.948931 9.773081
vt -16.770516 9.616701
vt -17.645766 9.497886
vt -18.590356 8.778828
vt -19.408869 8.767318
vt -20.427871 9.867632
vt -21.400685 10.147980
vt -21.911367 9.449129
vt -22.403957 9.226553
vt -22.777551 9.114094
vt -22.866502 8.831447
vt -23.379072 9.492733
vt -23.802086 10.315553
vt -23.134561 9.720463
vt -22.229149 8.891287
vt -21.739230 9.049966
vt -21.097250 9.206346
vt -20.319834 9.325161
vt -19.494890 10.044219
vt -18.504335 10.055729
vt -17.753803 8.955415
vt -17.073951 8.675067
vt -16.121067 9.373918
vt -15.403155 9.596495
vt -14.872216 9.708953
vt -14.402135 9.991601
vt -13.729251 7.707316
vt -13.758836 7.790480
vt -13.863791 8.041407
vt -14.205575 8.330282
vt -15.454973 7.733177
vt -16.674366 7.118569
vt -17.416416 7.568402
vt -18.408876 8.072641
vt -19.583787 8.005935
vt -20.746691 8.070043
vt -21.752258 7.929485
vt -22.210110 7.257483
vt -22.905686 7.286240
vt -24.200329 8.108113
vt -24.730752 8.266174
vt -24.445856 7.873735
vt -24.241258 7.790571
vt -23.653897 7.539644
vt -22.875491 7.250769
vt -22.625781 7.847874
vt -22.032668 8.462482
vt -20.728030 8.012649
vt -19.529067 7.508410
vt -18.463597 7.575116
vt -17.435078 7.511008
vt -16.393955 7.651566
vt -15.039301 8.323569
vt -14.235770 8.294811
vt -14.410223 7.472938
vt -14.248331 7.314877
vt -12.244318 6.228539
vt -12.473377 6.185033
vt -13.737032 5.708742
vt -14.444118 5.640985
vt -15.050449 5.782677
vt -16.039809 5.792016
vt -17.017846 6.050179
vt -18.287994 6.257762
vt -19.628877 5.842153
vt -20.648431 5.485804
vt -21.915374 5.745173
vt -23.189881 5.970375
vt -24.076757 5.977450
vt -24.989492 6.124351
vt -25.175305 5.997335
vt -24.406201 5.523308
vt -24.369493 5.566813
vt -24.847465 6.043104
vt -24.283287 6.110861
vt -23.188336 5.969169
vt -22.120751 5.959831
vt -20.776074 5.701667
vt -19.559257 5.494085
vt -18.357614 5.909693
vt -16.890203 6.266043
vt -15.834432 6.006673
vt -15.051993 5.781471
vt -14.237587 5.774396
vt -13.879059 5.627496
vt -13.279189 5.754512
vt -12.558770 3.776135
vt -12.835585 3.752854
vt -13.688241 3.671229
vt -14.017081 3.728935
vt -14.197411 3.899341
vt -15.478705 3.876785
vt -17.083021 3.736341
vt -18.360985 3.721251
vt -19.644825 3.730554
vt -20.893959 3.723873
vt -22.420798 3.843145
vt -23.871502 3.916579
vt -24.171473 3.767944
vt -24.260980 3.661925
vt -25.063676 3.735616
vt -25.464741 3.780070
vt -25.459530 3.803351
vt -25.478433 3.884976
vt -24.458231 3.827269
vt -22.833191 3.656863
vt -21.931691 3.679419
vt -21.071186 3.819864
vt -19.710026 3.834954
vt -18.295784 3.825651
vt -16.905795 3.832331
vt -15.967813 3.713060
vt -15.235722 3.639626
vt -13.730323 3.788261
vt -12.470788 3.894279
vt -12.439731 3.820588
vt -13.385158 1.758293
vt -12.644773 1.610610
vt -12.590676 1.523800
vt -13.577057 1.576145
vt -14.566564 1.589110
vt -15.827979 1.636246
vt -17.236939 1.743138
vt -18.358843 1.671434
vt -19.747371 1.501363
vt -21.158077 1.529188
vt -22.159110 1.640568
vt -23.184407 1.651400
vt -23.909756 1.682315
vt -24.481043 1.693871
vt -25.719262 1.548320
vt -26.291129 1.477730
vt -25.268717 1.625413
vt -24.380867 1.712224
vt -24.018207 1.659878
vt -23.202344 1.646914
vt -22.280964 1.599778
vt -21.225103 1.492885
vt -19.707885 1.564589
vt -18.398330 1.734661
vt -17.169912 1.706835
vt -15.706124 1.595456
vt -14.548627 1.584623
vt -13.468606 1.553709
vt -12.690851 1.542153
vt -13.095318 1.687703
vt -12.857862 -0.511790
vt -12.606846 -0.717610
vt -12.969244 -0.751842
vt -14.409158 -0.267454
vt -15.440914 -0.081607
vt -15.952378 -0.487284
vt -17.002617 -0.679820
vt -18.339102 -0.606133
vt -19.670215 -0.652709
vt -20.855692 -0.440199
vt -21.652185 -0.073978
vt -22.863369 -0.319254
vt -24.401794 -0.791298
vt -24.949336 -0.705266
vt -24.948347 -0.479964
vt -25.019745 -0.447828
vt -24.502962 -0.242008
vt -24.079676 -0.207776
vt -24.248328 -0.692165
vt -23.578802 -0.878011
vt -22.033319 -0.472334
vt -20.760845 -0.279798
vt -19.610364 -0.353486
vt -18.398952 -0.306909
vt -17.097464 -0.519420
vt -15.571244 -0.885641
vt -14.725481 -0.640364
vt -14.562624 -0.168320
vt -13.838903 -0.254353
vt -13.052231 -0.479655
vt -13.376953 -2.646021
vt -14.191176 -1.974295
vt -14.391767 -2.096024
vt -14.765328 -2.276601
vt -15.446080 -2.349693
vt -16.083119 -2.846283
vt -17.185591 -2.882198
vt -18.477016 -2.056988
vt -19.495680 -1.808741
vt -20.648344 -2.371460
vt -21.775922 -2.578351
vt -22.737267 -2.610107
vt -23.679794 -2.799506
vt -23.846856 -2.344271
vt -23.540804 -1.713882
vt -24.093559 -2.142802
vt -24.673598 -2.814528
vt -24.181873 -2.692799
vt -23.435244 -2.512222
vt -22.616889 -2.439130
vt -21.441421 -1.942540
vt -20.497204 -1.906625
vt -19.597207 -2.731835
vt -18.375490 -2.980082
vt -17.336731 -2.417364
vt -16.417619 -2.210472
vt -15.566458 -2.178717
vt -15.009878 -1.989318
vt -14.056750 -2.444552
vt -13.058383 -3.074941
vt -14.873818 -3.704229
vt -15.194251 -3.338962
vt -15.013679 -4.072569
vt -15.033594 -4.909167
vt -15.968925 -4.330604
vt -16.970837 -3.598941
vt -17.724792 -3.704972
vt -18.569048 -3.699014
vt -19.441077 -3.849301
vt -20.470806 -4.687102
vt -21.381108 -4.691115
vt -21.715229 -3.598198
vt -22.150807 -3.344919
vt -22.897836 -3.922281
vt -23.267459 -4.071367
vt -23.527285 -4.326591
vt -23.658618 -4.691858
vt -22.919014 -3.958251
vt -22.034396 -3.121652
vt -21.759224 -3.700216
vt -21.297571 -4.431878
vt -20.398860 -4.325848
vt -19.473581 -4.331805
vt -18.536543 -4.181518
vt -17.796738 -3.343717
vt -17.054375 -3.339704
vt -15.924930 -4.432621
vt -15.150006 -4.685900
vt -14.992502 -4.108538
vt -14.803092 -3.959453
vt -15.789715 -5.678791
vt -15.779380 -5.893503
vt -16.146400 -5.452738
vt -16.489568 -5.399010
vt -17.066473 -4.842031
vt -17.655135 -4.320465
vt -18.051498 -5.311214
vt -18.641495 -6.251413
vt -19.332374 -5.599115
vt -19.905800 -4.950634
vt -20.469856 -4.972765
vt -20.894040 -4.688043
vt -21.372244 -4.953304
vt -22.081970 -6.105036
vt -22.278343 -6.047491
vt -21.881130 -4.819900
vt -21.737684 -4.605188
vt -21.711184 -5.045953
vt -21.417627 -5.099681
vt -21.142425 -5.656660
vt -20.700843 -6.178225
vt -19.933849 -5.187477
vt -19.278222 -4.247278
vt -18.695648 -4.899576
vt -18.023450 -5.548057
vt -17.424149 -5.525926
vt -16.818087 -5.810648
vt -16.444185 -5.545387
vt -16.517186 -4.393655
vt -16.320040 -4.451200
vt -17.264455 -6.829068
vt -17.374037 -6.426930
vt -17.708930 -5.059866
vt -17.837429 -5.190320
vt -17.892260 -6.389619
vt -18.157884 -6.547394
vt -18.489689 -6.367161
vt -18.826606 -6.407916
vt -19.156744 -5.533525
vt -19.428654 -4.916597
vt -19.800011 -6.085131
vt -20.183276 -7.009301
vt -20.338813 -6.386174
vt -20.436585 -5.934258
vt -20.515543 -5.807248
vt -20.442621 -5.221086
vt -20.482752 -5.623223
vt -20.612329 -6.990287
vt -20.408620 -6.859833
vt -20.018868 -5.660534
vt -19.746967 -5.502760
vt -19.471797 -5.682993
vt -19.158814 -5.642237
vt -18.824536 -6.516628
vt -18.446546 -7.133556
vt -18.210928 -5.965023
vt -18.056668 -5.040853
vt -17.767623 -5.663979
vt -17.533186 -6.115896
vt -17.406828 -6.242905
vt -18.963002 -5.451573
vt -18.961641 -5.940167
vt -18.963362 -6.135865
vt -18.966392 -6.452423
vt -18.969657 -7.290481
vt -18.978532 -6.759274
vt -18.988747 -5.323420
vt -18.996104 -5.512634
vt -19.004378 -6.528248
vt -19.013097 -6.637450
vt -19.021523 -6.783745
vt -19.029118 -6.887427
vt -19.031032 -5.750953
vt -19.032426 -5.120251
vt -19.040149 -6.343221
vt -19.044683 -7.144186
vt -19.041536 -6.655592
vt -19.037982 -6.459894
vt -19.032473 -6.143336
vt -19.024312 -5.305278
vt -19.019373 -5.836485
vt -19.013987 -7.272339
vt -19.004642 -7.083125
vt -18.995840 -6.067511
vt -18.987856 -5.958309
vt -18.980683 -5.812014
vt -18.974463 -5.708332
vt -18.964951 -6.844806
vt -18.957806 -7.475508
vt -18.960253 -6.252538
vt -7.462042 14.057012
vt -7.459094 15.105964
vt -7.461592 15.166562
vt -7.464784 15.570375
vt -7.470918 15.551876
vt -7.481198 13.960947
vt -7.488935 13.472478
vt -7.495641 15.073628
vt -7.504627 15.771081
vt -7.513063 15.229098
vt -7.521006 15.158278
vt -7.526602 14.545482
vt -7.529064 13.504813
vt -7.536063 14.469109
vt -7.544530 16.112358
vt -7.543723 15.622696
vt -7.538990 14.573744
vt -7.536211 14.513146
vt -7.530865 14.109332
vt -7.525574 14.127832
vt -7.522038 15.718760
vt -7.514176 16.207230
vt -7.504179 14.606080
vt -7.496089 13.908627
vt -7.487822 14.450610
vt -7.480166 14.521430
vt -7.471947 15.134226
vt -7.462983 16.174894
vt -7.461443 15.210599
vt -7.464634 13.567350
vt -5.870776 14.775174
vt -5.741693 15.914864
vt -5.998937 14.869225
vt -6.346555 13.397731
vt -6.501981 13.843010
vt -6.705155 14.507557
vt -7.003187 14.629610
vt -7.320060 15.399423
vt -7.678920 15.333349
vt -7.951012 13.626328
vt -8.201041 13.237606
vt -8.578099 14.653121
vt -8.862276 15.145050
vt -9.009980 14.935299
vt -9.141246 15.104753
vt -9.048942 14.231732
vt -8.850408 13.092042
vt -8.902336 14.137680
vt -8.917746 15.609174
vt -8.628589 15.163896
vt -8.294238 14.499348
vt -7.985295 14.377296
vt -7.652269 13.607482
vt -7.346711 13.673557
vt -6.968905 15.380578
vt -6.611957 15.769300
vt -6.451491 14.353784
vt -6.291085 13.861855
vt -6.106581 14.071606
vt -6.032530 13.902153
vt -4.465899 13.509529
vt -4.620507 13.219040
vt -4.847636 13.088887
vt -5.233223 12.762342
vt -5.410996 13.792257
vt -5.770349 14.877698
vt -6.527369 13.874417
vt -7.208788 12.711092
vt -7.801830 13.037929
vt -8.417638 13.301785
vt -9.017096 13.509822
vt -9.738845 14.512811
vt -10.174094 14.382365
vt -10.059571 12.762050
vt -10.160453 12.498487
vt -10.557314 13.584220
vt -10.578810 13.874709
vt -10.412421 14.004862
vt -10.161282 14.331407
vt -9.486948 13.301493
vt -8.816057 12.216051
vt -8.409719 13.219332
vt -7.845514 14.382658
vt -7.165104 14.055821
vt -6.535287 13.791965
vt -5.971388 13.583928
vt -5.662893 12.580939
vt -5.246036 12.711384
vt -4.494786 14.331699
vt -4.202150 14.595263
vt -3.651042 11.111116
vt -3.642640 11.292078
vt -3.253730 12.640200
vt -3.677059 12.788092
vt -4.578391 12.100932
vt -5.351586 11.968053
vt -6.235639 11.575298
vt -7.092898 11.198549
vt -7.963660 12.233823
vt -9.015902 13.132776
vt -9.733665 12.294282
vt -10.212808 11.503871
vt -10.849687 11.668827
vt -11.251971 11.604926
vt -11.662590 11.889139
vt -12.304509 12.939426
vt -12.107007 12.758464
vt -11.159065 11.410342
vt -10.677860 11.262450
vt -10.368690 11.949610
vt -9.678319 12.082489
vt -8.909707 12.475244
vt -7.997431 12.851993
vt -7.059127 11.816719
vt -6.341834 10.917766
vt -5.406932 11.756260
vt -4.422509 12.546671
vt -3.848885 12.381715
vt -3.346636 12.445616
vt -3.198223 12.161403
vt -1.943259 10.258930
vt -2.072941 10.249041
vt -2.235830 10.499896
vt -3.052572 10.189294
vt -4.336915 9.286695
vt -5.055281 9.476881
vt -5.738453 10.427392
vt -6.898244 10.493464
vt -8.073831 10.180371
vt -9.186388 10.142348
vt -10.012279 9.635235
vt -10.675488 9.308418
vt -11.943061 10.182968
vt -13.008229 10.812989
vt -12.908929 10.227318
vt -12.659864 9.793808
vt -12.555362 9.803697
vt -12.025936 9.552842
vt -11.722488 9.863443
vt -11.507723 10.766042
vt -10.413584 10.575857
vt -9.050066 9.625346
vt -8.018434 9.559273
vt -6.953641 9.872367
vt -5.874774 9.910390
vt -4.653976 10.417503
vt -3.504679 10.744320
vt -3.273145 9.869770
vt -3.218123 9.239749
vt -2.426507 9.825420
vt -0.672208 8.146705
vt -1.691591 7.573410
vt -2.560120 7.231348
vt -2.740724 7.537719
vt -3.395071 7.700071
vt -4.369594 7.781328
vt -5.437866 8.047087
vt -6.843845 7.791944
vt -8.059475 7.195905
vt -9.223594 7.341090
vt -10.689148 7.857037
vt -11.792738 7.880947
vt -12.624389 7.828553
vt -13.284830 7.827387
vt -13.033865 7.392534
vt -12.834090 7.184124
vt -13.587708 7.757419
vt -13.670553 8.099481
vt -12.579894 7.793110
vt -11.532959 7.630758
vt -10.450535 7.549501
vt -9.196094 7.283742
vt -8.115108 7.538885
vt -6.788212 8.134924
vt -5.465365 7.989739
vt -4.608206 7.473792
vt -3.654851 7.449882
vt -2.785220 7.502276
vt -2.174398 7.503442
vt -1.137749 7.938295
vt -1.274889 5.031496
vt -1.563527 4.999297
vt -1.961949 4.997863
vt -1.885671 5.178979
vt -2.641942 5.245140
vt -4.338337 5.051767
vt -5.687744 4.957087
vt -6.848886 5.032312
vt -8.161019 5.051868
vt -9.545077 5.112587
vt -11.098701 5.232168
vt -11.972371 5.126177
vt -12.115131 4.924071
vt -12.951492 4.978308
vt -14.000277 5.118260
vt -14.180860 5.125559
vt -14.187472 5.157759
vt -13.752141 5.159192
vt -12.326821 4.978076
vt -11.277723 4.911915
vt -10.791323 5.105288
vt -9.675909 5.199969
vt -8.197927 5.124743
vt -6.811977 5.105188
vt -5.556913 5.044468
vt -4.645715 4.924887
vt -3.336590 5.030879
vt -1.673981 5.232984
vt -1.161301 5.178748
vt -1.376332 5.038795
vt -1.285511 2.464078
vt -0.518161 2.273511
vt -1.215935 2.326977
vt -2.318306 2.424773
vt -3.253501 2.436874
vt -4.521774 2.517334
vt -5.656209 2.515233
vt -6.772407 2.310063
vt -8.256376 2.253232
vt -9.465718 2.433798
vt -10.508005 2.505042
vt -11.651492 2.466179
vt -12.470386 2.478681
vt -13.532511 2.383809
vt -14.620723 2.244207
vt -14.191483 2.365631
vt -13.142106 2.556197
vt -13.006126 2.502731
vt -12.759456 2.404935
vt -11.889281 2.392834
vt -10.974760 2.312374
vt -9.644373 2.314476
vt -8.121448 2.519645
vt -6.907335 2.576477
vt -5.477554 2.395910
vt -4.055019 2.324666
vt -3.015711 2.363529
vt -2.029236 2.351028
vt -1.742320 2.445900
vt -1.996778 2.585502
vt -1.151450 -0.344487
vt -1.115894 -0.459311
vt -2.069214 -0.084258
vt -3.243833 0.356417
vt -3.579820 -0.028761
vt -4.184271 -0.526801
vt -5.515664 -0.391464
vt -6.853458 -0.239294
vt -8.135830 -0.173259
vt -9.204838 0.191406
vt -10.281128 0.162223
vt -11.888535 -0.479824
vt -12.971270 -0.611481
vt -13.024398 -0.150293
vt -13.199456 -0.008248
vt -13.313332 0.000422
vt -13.012011 0.115246
vt -13.179647 -0.259807
vt -13.083003 -0.700482
vt -11.717708 -0.315304
vt -10.265212 0.182736
vt -9.273892 0.047399
vt -8.124721 -0.104771
vt -6.864567 -0.170806
vt -5.446609 -0.535471
vt -4.200186 -0.506288
vt -3.750647 0.135759
vt -3.132100 0.267415
vt -1.913966 -0.193772
vt -1.303340 -0.335817
vt -2.540044 -2.066144
vt -2.774276 -1.915364
vt -2.634190 -2.495472
vt -3.100191 -2.626932
vt -3.732656 -2.851647
vt -4.566921 -3.128170
vt -5.881013 -2.393348
vt -7.015547 -1.684900
vt -8.040269 -2.310703
vt -9.271456 -2.971589
vt -10.303055 -2.823406
vt -11.238408 -2.800966
vt -11.897656 -2.623812
vt -11.877992 -1.869669
vt -12.268024 -1.966045
vt -13.256649 -2.999830
vt -13.256698 -3.150610
vt -12.424296 -2.570502
vt -11.770106 -2.439042
vt -10.903464 -2.214327
vt -9.925224 -1.937804
vt -9.192626 -2.672626
vt -8.135737 -3.381074
vt -6.920079 -2.755271
vt -5.959843 -2.094385
vt -4.944753 -2.242568
vt -4.067599 -2.265008
vt -3.227740 -2.442162
vt -2.087886 -3.196305
vt -1.785602 -3.099929
vt -3.465792 -3.972184
vt -3.375572 -4.321108
vt -3.094931 -5.479413
vt -3.682426 -5.282016
vt -4.795001 -3.988160
vt -5.512145 -3.860256
vt -6.189796 -4.365762
vt -7.052819 -4.438796
vt -7.978556 -5.013100
vt -8.985722 -5.452525
vt -9.615598 -4.349092
vt -10.022629 -3.466678
vt -10.880397 -4.248075
vt -11.630864 -4.905108
vt -11.891021 -4.842591
vt -12.119258 -5.091594
vt -11.839939 -4.742670
vt -11.000265 -3.584365
vt -10.683227 -3.781762
vt -10.585300 -5.075618
vt -9.838878 -5.203522
vt -8.863864 -4.698016
vt -7.957353 -4.624982
vt -7.074022 -4.050678
vt -6.311654 -3.611253
vt -5.288865 -4.714686
vt -4.232329 -5.597100
vt -3.879595 -4.815703
vt -3.725529 -4.158670
vt -3.426653 -4.221188
vt -4.100780 -7.190991
vt -4.419738 -6.386105
vt -4.766457 -5.881433
vt -5.110897 -5.755487
vt -5.646374 -5.166994
vt -6.027666 -5.728380
vt -6.447503 -7.212654
vt -7.153977 -6.904940
vt -7.801653 -5.539113
vt -8.383047 -5.448218
vt -8.967803 -5.699217
vt -9.465863 -5.706717
vt -10.125024 -6.693819
vt -10.621318 -7.247261
vt -10.416192 -5.846382
vt -10.192195 -4.915995
vt -10.378041 -5.720880
vt -10.331242 -6.225552
vt -10.038956 -6.351498
vt -9.722326 -6.939992
vt -9.073373 -6.378605
vt -8.329854 -4.894332
vt -7.790703 -5.202045
vt -7.164927 -6.567873
vt -6.500696 -6.658768
vt -5.922095 -6.407768
vt -5.389911 -6.400268
vt -5.196966 -5.413167
vt -5.056533 -4.859724
vt -4.457889 -6.260604
vt -5.821561 -7.614937
vt -6.056682 -6.241633
vt -6.231508 -5.652543
vt -6.190450 -7.210505
vt -6.332485 -8.064305
vt -6.677715 -7.385667
vt -7.003439 -7.130708
vt -7.338076 -6.739337
vt -7.647869 -5.829174
vt -7.972500 -6.603637
vt -8.387069 -8.262738
vt -8.648298 -7.869896
vt -8.740530 -6.633005
vt -8.891324 -6.562705
vt -8.971410 -6.436042
vt -8.999727 -6.405205
vt -9.165397 -7.778508
vt -9.134907 -8.367599
vt -8.761640 -6.809636
vt -8.459093 -5.955837
vt -8.266798 -6.634475
vt -7.985547 -6.889434
vt -7.670285 -7.280805
vt -7.315660 -8.190967
vt -6.990392 -7.416504
vt -6.797986 -5.757404
vt -6.521689 -6.150246
vt -6.169340 -7.387137
vt -5.987925 -7.457437
vt -5.862695 -7.584099
vt -7.462050 -6.561467
vt -7.459492 -7.502054
vt -7.461874 -7.589329
vt -7.464626 -8.130044
vt -7.470682 -8.154583
vt -7.481121 -6.509454
vt -7.488950 -5.966420
vt -7.495671 -7.501168
vt -7.504592 -8.184923
vt -7.513094 -7.762832
vt -7.521229 -7.785937
vt -7.526732 -7.104501
vt -7.528933 -5.967306
vt -7.535827 -6.905573
vt -7.544290 -8.552135
vt -7.543731 -8.131477
vt -7.539388 -7.190890
vt -7.536493 -7.103615
vt -7.530707 -6.562900
vt -7.525337 -6.538361
vt -7.521961 -8.183490
vt -7.514190 -8.726524
vt -7.504209 -7.191776
vt -7.496054 -6.508021
vt -7.487853 -6.930112
vt -7.480389 -6.907007
vt -7.472076 -7.588443
vt -7.462852 -8.725638
vt -7.461208 -7.787371
vt -7.464394 -6.140809
vt 4.041879 12.336995
vt 4.042493 12.691861
vt 4.038755 12.460444
vt 4.034651 12.553185
vt 4.026344 11.767651
vt 4.017765 10.896179
vt 4.012368 11.915729
vt 4.004737 13.116718
vt 3.995493 12.619134
vt 3.987476 12.030252
vt 3.979953 11.932151
vt 3.974984 11.317445
vt 3.969136 11.490871
vt 3.959242 12.958028
vt 3.955566 13.142067
vt 3.960198 11.865751
vt 3.962597 11.510885
vt 3.964136 11.742302
vt 3.968570 11.649562
vt 3.971688 12.435095
vt 3.976924 13.306567
vt 3.987127 12.287018
vt 3.996199 11.086028
vt 4.004030 11.583612
vt 4.012717 12.172495
vt 4.020793 12.270595
vt 4.029639 12.885301
vt 4.035217 12.711875
vt 4.033861 11.244718
vt 4.035462 11.060679
vt 5.750405 12.732633
vt 5.668833 12.482172
vt 5.319077 10.999356
vt 5.153386 10.896175
vt 5.077748 11.942403
vt 4.825342 12.168695
vt 4.514679 12.252683
vt 4.178202 12.474841
vt 3.840115 11.483837
vt 3.575407 10.604081
vt 3.221540 11.638447
vt 2.838688 12.648645
vt 2.651505 12.260015
vt 2.520834 11.990360
vt 2.453323 11.775931
vt 2.572239 10.908037
vt 2.560118 11.158497
vt 2.415677 12.641313
vt 2.582196 12.744495
vt 2.951139 11.698266
vt 3.236259 11.471974
vt 3.532571 11.387986
vt 3.845993 11.165829
vt 4.172324 12.156833
vt 4.557514 13.036589
vt 4.810623 12.002223
vt 4.965296 10.992025
vt 5.222695 11.380655
vt 5.424233 11.650309
vt 5.562038 11.864739
vt 6.832761 10.448752
vt 6.851658 10.670806
vt 6.654781 10.645680
vt 6.449817 10.973961
vt 6.271834 11.960681
vt 5.640233 11.652249
vt 4.860725 10.321344
vt 4.289847 10.287838
vt 3.682081 11.009775
vt 3.046097 11.131906
vt 2.388277 11.498970
vt 1.773226 11.779657
vt 1.631335 10.704313
vt 1.590563 9.923743
vt 1.082472 10.851830
vt 0.741346 11.593616
vt 0.893355 11.371562
vt 1.089996 11.396689
vt 1.521758 11.068408
vt 2.195882 10.081688
vt 2.594525 10.390119
vt 2.978374 11.721024
vt 3.653121 11.754531
vt 4.318807 11.032594
vt 4.928447 10.910463
vt 5.433985 10.543399
vt 5.849178 10.262711
vt 6.559394 11.338056
vt 7.155348 12.118626
vt 7.040775 11.190539
vt 7.862785 9.008390
vt 8.397050 10.019417
vt 8.451829 10.623399
vt 7.577688 9.902702
vt 6.767822 9.445827
vt 6.081092 9.486970
vt 5.241303 9.254806
vt 4.446085 9.655456
vt 3.492023 10.601923
vt 2.560518 10.279935
vt 1.997987 9.234160
vt 1.318107 9.240554
vt 0.566018 9.618766
vt 0.089090 9.676932
vt -0.522662 10.224690
vt -0.790681 10.491603
vt -0.067318 9.480576
vt 0.546494 8.876594
vt 0.576887 9.597290
vt 0.977523 10.054165
vt 1.754359 10.013023
vt 2.567235 10.245187
vt 3.541551 9.844537
vt 4.396557 8.898069
vt 5.234586 9.220057
vt 6.324720 10.265832
vt 7.108406 10.259439
vt 7.566819 9.881226
vt 7.994425 9.823061
vt 7.941705 9.275303
vt 9.660289 8.375730
vt 9.442087 8.281128
vt 9.052767 8.249089
vt 7.997026 7.671092
vt 7.169421 7.471389
vt 6.779339 8.276245
vt 5.842293 8.670920
vt 4.574086 8.211106
vt 3.448754 7.997176
vt 2.402032 7.896806
vt 1.574279 7.583804
vt 0.482259 7.981055
vt -0.881046 8.740942
vt -1.252378 8.463019
vt -0.932906 7.771462
vt -1.056316 7.784391
vt -1.040335 7.878993
vt -0.737339 7.911032
vt -0.672890 8.489029
vt -0.001387 8.688733
vt 1.421037 7.883877
vt 2.530680 7.489202
vt 3.453895 7.949016
vt 4.568944 8.162946
vt 5.713645 8.263315
vt 6.932582 8.576318
vt 7.653068 8.179066
vt 7.788869 7.419179
vt 8.537728 7.697103
vt 9.549516 8.388659
vt 10.213251 6.178889
vt 9.218587 5.706157
vt 9.182529 5.888025
vt 9.110056 6.234409
vt 8.227222 6.235005
vt 7.217935 6.298741
vt 5.973847 6.272701
vt 4.581435 5.828518
vt 3.439909 5.718590
vt 2.058259 6.216765
vt 0.673771 6.415345
vt -0.189841 6.204929
vt -0.983726 6.150341
vt -1.369063 5.997953
vt -1.273232 5.736234
vt -1.948632 6.036425
vt -2.677529 6.509157
vt -1.927903 6.327289
vt -0.729113 5.980905
vt 0.089334 5.980309
vt 1.136994 5.916573
vt 2.215619 5.942613
vt 3.310172 6.386797
vt 4.711172 6.496725
vt 5.816488 5.998549
vt 6.754713 5.799969
vt 7.948047 6.010386
vt 8.855444 6.064974
vt 9.741370 6.217361
vt 10.622884 6.479081
vt 10.218499 3.906072
vt 10.053764 3.900987
vt 10.092608 3.983782
vt 9.883724 4.087839
vt 8.416899 3.972016
vt 6.861635 3.820683
vt 5.874703 3.879893
vt 4.684733 3.963350
vt 3.310374 3.971420
vt 1.850689 4.033117
vt 0.565603 4.018199
vt 0.068790 3.846862
vt -0.615432 3.817531
vt -2.049852 3.975713
vt -2.763752 4.026142
vt -2.687472 3.986935
vt -2.570181 3.992020
vt -1.697583 3.909225
vt -0.557426 3.805168
vt -0.218882 3.920991
vt 0.408650 4.072324
vt 1.886539 4.013114
vt 3.335692 3.929657
vt 4.659416 3.921587
vt 5.838854 3.859890
vt 7.018588 3.874808
vt 8.704570 4.046145
vt 9.825718 4.075477
vt 9.740340 3.917295
vt 9.860193 3.866866
vt 11.033408 1.621122
vt 10.992578 1.601226
vt 9.801190 1.738924
vt 8.976192 1.773285
vt 8.125199 1.770854
vt 7.012686 1.794932
vt 6.062698 1.682915
vt 4.765235 1.571564
vt 3.309877 1.695464
vt 2.200562 1.829808
vt 0.942224 1.779382
vt -0.271562 1.733139
vt -1.261038 1.712577
vt -2.457640 1.615025
vt -2.778622 1.638941
vt -1.872563 1.821279
vt -1.631367 1.841175
vt -1.989002 1.703477
vt -1.464958 1.669116
vt -0.510581 1.671547
vt 0.559700 1.647469
vt 2.074533 1.759486
vt 3.416193 1.870837
vt 4.658918 1.746937
vt 6.188727 1.612593
vt 7.395209 1.663019
vt 8.364218 1.709262
vt 9.180112 1.729824
vt 9.332551 1.827376
vt 9.845323 1.803460
vt 10.308925 -0.562693
vt 9.974157 -0.454318
vt 8.945216 -0.080467
vt 8.531436 -0.181654
vt 8.418047 -0.720836
vt 7.330765 -0.752525
vt 5.874549 -0.431999
vt 4.622154 -0.370538
vt 3.398737 -0.262940
vt 2.285788 -0.152660
vt 0.851491 -0.556282
vt -0.619870 -0.883219
vt -1.033530 -0.515779
vt -1.127794 -0.188064
vt -1.679129 -0.291935
vt -1.852958 -0.317213
vt -1.921959 -0.425588
vt -2.165216 -0.799439
vt -1.307734 -0.698252
vt 0.280159 -0.159070
vt 1.249824 -0.127381
vt 2.116320 -0.447907
vt 3.350891 -0.509369
vt 4.670000 -0.616966
vt 6.044016 -0.727246
vt 6.932433 -0.323624
vt 7.518018 0.003313
vt 8.805640 -0.364127
vt 9.982638 -0.691842
vt 10.216988 -0.587972
vt 8.663104 -1.731701
vt 9.116560 -2.287587
vt 9.150273 -2.685885
vt 8.505323 -2.618534
vt 7.813494 -2.746100
vt 6.715817 -2.484154
vt 5.457416 -1.783783
vt 4.515467 -1.994343
vt 3.396914 -2.815038
vt 2.211759 -2.831957
vt 1.283728 -2.485045
vt 0.401122 -2.432072
vt -0.057874 -2.077027
vt -0.384511 -1.865190
vt -1.430289 -2.601615
vt -2.053502 -3.093012
vt -1.365862 -2.537126
vt -0.639833 -2.138828
vt -0.164593 -2.206179
vt 0.642685 -2.078613
vt 1.357514 -2.340560
vt 2.145803 -3.040931
vt 3.395277 -2.830370
vt 4.517104 -2.009675
vt 5.523373 -1.992757
vt 6.642031 -2.339669
vt 7.571930 -2.392641
vt 8.612042 -2.747687
vt 9.405595 -2.959523
vt 9.052133 -2.223098
vt 8.211181 -3.897585
vt 8.542177 -4.588877
vt 8.407882 -4.878799
vt 7.377134 -3.838741
vt 6.553746 -3.266723
vt 6.107912 -3.905006
vt 5.369867 -4.252128
vt 4.468086 -4.324198
vt 3.508135 -4.687836
vt 2.636066 -4.221441
vt 2.105994 -3.221165
vt 1.327478 -3.550463
vt 0.279683 -4.516807
vt -0.200058 -4.515162
vt -0.368548 -4.305136
vt -0.442286 -4.266999
vt 0.077810 -3.575708
vt 0.502547 -3.285785
vt 0.376333 -4.325843
vt 0.763447 -4.897861
vt 1.781178 -4.259578
vt 2.695799 -3.912456
vt 3.563552 -3.840386
vt 4.412668 -3.476748
vt 5.310134 -3.943144
vt 6.432727 -4.943420
vt 7.117777 -4.614121
vt 7.280484 -3.647778
vt 7.705277 -3.649423
vt 8.095819 -3.859448
vt 7.263137 -5.937964
vt 6.846944 -4.990147
vt 6.658397 -4.988617
vt 6.336661 -4.930268
vt 5.943216 -4.972791
vt 5.646251 -6.016902
vt 5.054143 -6.336195
vt 4.308111 -5.089818
vt 3.713705 -4.528786
vt 3.086263 -5.114788
vt 2.483637 -5.318583
vt 1.896013 -5.618672
vt 1.270213 -6.236523
vt 1.150941 -5.549650
vt 1.388074 -4.344266
vt 1.171722 -4.768996
vt 0.888641 -5.716813
vt 1.093612 -5.718343
vt 1.408602 -5.776692
vt 1.867263 -5.734169
vt 2.600544 -4.690058
vt 3.171793 -4.370766
vt 3.671384 -5.617142
vt 4.350431 -6.178174
vt 4.968614 -5.592172
vt 5.529345 -5.388378
vt 5.971965 -5.088289
vt 6.198272 -4.470437
vt 6.715726 -5.157311
vt 7.346378 -6.362694
vt 5.539180 -5.870420
vt 5.362762 -5.044927
vt 5.414354 -5.921451
vt 5.434505 -7.193533
vt 5.131479 -6.728809
vt 4.776946 -5.953620
vt 4.477748 -5.909126
vt 4.154297 -5.513824
vt 3.844241 -5.592950
vt 3.466596 -6.927661
vt 3.110943 -7.221628
vt 2.964823 -5.914914
vt 2.816320 -5.440229
vt 2.598428 -5.842325
vt 2.496461 -5.858822
vt 2.361014 -6.434842
vt 2.254047 -7.260335
vt 2.510955 -6.383811
vt 2.863315 -5.111728
vt 3.004871 -5.576453
vt 3.187863 -6.351641
vt 3.495640 -6.396135
vt 3.822088 -6.791438
vt 4.176449 -6.712312
vt 4.448703 -5.377600
vt 4.700026 -5.083633
vt 5.091431 -6.390348
vt 5.387510 -6.865032
vt 5.501827 -6.462936
vt 5.605177 -6.446439
vt 4.041560 -6.596849
vt 4.042142 -6.942635
vt 4.038864 -6.819817
vt 4.034995 -6.981841
vt 4.026464 -6.140636
vt 4.017708 -5.202715
vt 4.012291 -6.191683
vt 4.004706 -7.382275
vt 3.995492 -6.953271
vt 3.987344 -6.459722
vt 3.979808 -6.329870
vt 3.975107 -5.607881
vt 3.969390 -5.752043
vt 3.959409 -7.248821
vt 3.955562 -7.475390
vt 3.959879 -6.270489
vt 3.962246 -5.924703
vt 3.964245 -6.047521
vt 3.968914 -5.885497
vt 3.971808 -6.726702
vt 3.976867 -7.664624
vt 3.987050 -6.675655
vt 3.996168 -5.485063
vt 4.004030 -5.914067
vt 4.012585 -6.407616
vt 4.020649 -6.537469
vt 4.029763 -7.259457
vt 4.035471 -7.115295
vt 4.034028 -5.618517
vt 4.035458 -5.391948
vt 15.544845 17.341157
vt 15.541740 16.704172
vt 15.537773 16.315538
vt 15.532605 16.009046
vt 15.524510 14.931924
vt 15.519169 15.432602
vt 15.513903 17.383954
vt 15.504684 17.332453
vt 15.495832 15.884442
vt 15.487927 15.647197
vt 15.480569 15.586655
vt 15.474445 15.389805
vt 15.465335 16.755674
vt 15.457717 17.763549
vt 15.459787 16.246291
vt 15.463164 14.992466
vt 15.461844 15.629452
vt 15.463154 16.018086
vt 15.466524 16.324577
vt 15.469855 17.401700
vt 15.478328 16.901022
vt 15.488662 14.949669
vt 15.496146 15.001171
vt 15.504370 16.449182
vt 15.513168 16.686426
vt 15.521409 16.746969
vt 15.529100 16.943819
vt 15.531416 15.577950
vt 15.532336 14.570075
vt 15.539683 16.087333
vt 17.223267 16.784334
vt 16.974111 15.203958
vt 16.759023 14.262043
vt 16.774880 15.706776
vt 16.644196 16.687178
vt 16.327521 16.285682
vt 16.010824 16.271196
vt 15.665342 15.750264
vt 15.353432 14.437545
vt 15.040722 15.052004
vt 14.629335 16.916348
vt 14.345583 16.798820
vt 14.223115 15.724890
vt 14.076901 15.574762
vt 14.040830 15.092317
vt 14.045101 14.822835
vt 13.865395 16.403210
vt 13.855624 17.345125
vt 14.203689 15.900392
vt 14.517588 14.919990
vt 14.738438 15.321486
vt 15.028717 15.335972
vt 15.333133 15.856904
vt 15.685641 17.169623
vt 16.022830 16.555164
vt 16.218418 14.690821
vt 16.472191 14.808349
vt 16.794306 15.882278
vt 16.980300 16.032406
vt 17.149545 16.514851
vt 18.327203 14.011573
vt 18.441040 14.635354
vt 18.274523 14.740794
vt 18.145924 15.551865
vt 17.739656 15.817898
vt 16.942897 14.215134
vt 16.322785 13.439646
vt 15.814699 14.648945
vt 15.165583 15.304321
vt 14.521533 15.189994
vt 13.875357 15.478019
vt 13.458877 14.787061
vt 13.349087 13.426055
vt 12.897804 14.085419
vt 12.268740 15.666191
vt 12.235788 15.529873
vt 12.482737 14.906092
vt 12.709738 14.800652
vt 13.217865 13.989581
vt 13.663704 13.723548
vt 13.897189 15.326312
vt 14.440434 16.101800
vt 15.177973 14.892501
vt 15.802309 14.237125
vt 16.403884 14.351452
vt 16.921064 14.063427
vt 17.534830 14.754385
vt 18.277145 16.115391
vt 18.462589 15.456028
vt 18.227043 13.875255
vt 19.803164 13.079086
vt 20.285162 14.295719
vt 19.698461 13.683628
vt 18.761377 12.517398
vt 18.231099 12.621273
vt 17.589413 12.822209
vt 16.806260 12.922039
vt 15.990751 13.888390
vt 14.998926 14.092418
vt 14.231128 12.672080
vt 13.581291 12.116884
vt 12.652954 12.979257
vt 11.920657 13.329367
vt 11.391759 13.479600
vt 10.884330 13.937736
vt 11.149698 13.176470
vt 11.820795 11.959837
vt 11.793126 12.571928
vt 11.760576 13.738158
vt 12.440800 13.634282
vt 13.262679 13.433346
vt 14.132192 13.333517
vt 15.086217 12.367165
vt 15.903460 12.163137
vt 16.905196 13.583475
vt 17.908024 14.138672
vt 18.443254 13.276299
vt 18.921459 12.926188
vt 19.297094 12.775956
vt 19.348698 12.317820
vt 20.986192 11.131305
vt 20.772430 11.009859
vt 20.196363 10.694253
vt 19.357317 10.222378
vt 19.058210 10.918044
vt 18.521848 11.836775
vt 17.251584 11.361678
vt 16.033552 10.648148
vt 14.963203 10.687429
vt 13.937275 10.588306
vt 12.927834 10.698711
vt 11.577796 11.606402
vt 10.683039 11.723389
vt 10.831996 10.654971
vt 10.759663 10.321501
vt 10.269587 10.807639
vt 10.290008 10.929084
vt 10.406256 11.244691
vt 10.687402 11.716566
vt 11.887402 11.020899
vt 13.163545 10.102169
vt 13.939971 10.577266
vt 14.913362 11.290795
vt 16.083393 11.251514
vt 17.248888 11.350638
vt 18.286136 11.240232
vt 18.748605 10.332542
vt 19.352955 10.215555
vt 20.622102 11.283972
vt 21.242084 11.617442
vt 20.977065 8.000054
vt 20.799438 7.958837
vt 21.267825 8.582179
vt 20.785718 8.735145
vt 19.703995 8.560679
vt 18.642304 8.561956
vt 17.298463 8.238637
vt 16.056543 7.893768
vt 14.869841 8.383810
vt 13.397691 8.922812
vt 12.299415 8.643062
vt 11.524209 8.323373
vt 10.715909 8.303706
vt 10.375556 8.092136
vt 9.866969 8.196143
vt 8.815183 8.840429
vt 8.903322 8.881645
vt 10.157393 8.258304
vt 10.946549 8.105338
vt 11.566107 8.279804
vt 12.561363 8.278526
vt 13.540234 8.601845
vt 14.785280 8.946715
vt 16.141104 8.456672
vt 17.155919 7.917670
vt 18.380356 8.197421
vt 19.662097 8.517109
vt 20.555078 8.536776
vt 21.485988 8.748346
vt 21.763085 8.644340
vt 21.927473 5.621376
vt 21.908450 5.649042
vt 21.965574 5.766223
vt 21.043422 5.715992
vt 19.384711 5.482794
vt 18.397056 5.480231
vt 17.546907 5.665156
vt 16.208963 5.700490
vt 14.795655 5.690646
vt 13.389172 5.711253
vt 12.421053 5.561300
vt 11.754438 5.436451
vt 10.327901 5.613708
vt 8.994071 5.776067
vt 8.888138 5.695384
vt 9.021502 5.632747
vt 9.284506 5.605081
vt 10.175382 5.487899
vt 10.602272 5.538130
vt 10.748931 5.771328
vt 11.944071 5.773891
vt 13.558743 5.588966
vt 14.859921 5.553632
vt 16.144696 5.563477
vt 17.377337 5.542869
vt 18.874039 5.692822
vt 20.390219 5.817671
vt 20.769051 5.640414
vt 20.784262 5.478055
vt 21.512082 5.558738
vt 22.818690 2.558049
vt 21.877572 2.736026
vt 20.904651 2.870610
vt 20.495375 2.813004
vt 19.681058 2.796542
vt 18.743719 2.743293
vt 17.718520 2.589117
vt 16.219474 2.655132
vt 14.890474 2.889538
vt 13.687888 2.882200
vt 12.237335 2.734849
vt 11.065774 2.712226
vt 9.985511 2.670010
vt 9.134431 2.636204
vt 9.492514 2.820342
vt 9.912719 2.943893
vt 9.253627 2.765916
vt 9.114459 2.631332
vt 10.054225 2.688938
vt 11.045278 2.705400
vt 12.290733 2.758649
vt 13.730355 2.912826
vt 14.870433 2.846810
vt 16.239516 2.612405
vt 17.676052 2.619742
vt 18.690320 2.767093
vt 19.701554 2.789716
vt 20.426661 2.831932
vt 20.924623 2.865738
vt 22.116459 2.681600
vt 21.559692 -0.027424
vt 21.040213 0.247916
vt 20.520478 0.365084
vt 20.663567 -0.252053
vt 20.094950 -0.589194
vt 18.578905 -0.095696
vt 17.268958 0.205830
vt 16.110157 0.127364
vt 14.901706 0.206336
vt 13.624803 -0.033389
vt 12.083440 -0.565588
vt 11.155313 -0.328949
vt 11.008971 0.326382
vt 10.375840 0.286112
vt 9.593947 -0.012328
vt 9.397810 -0.056995
vt 9.144097 -0.332335
vt 9.410045 -0.449502
vt 10.824397 0.167634
vt 11.957063 0.504776
vt 12.497964 0.011278
vt 13.510730 -0.290248
vt 14.838895 -0.211782
vt 16.172969 -0.290754
vt 17.383031 -0.051030
vt 18.164381 0.481170
vt 19.293201 0.244531
vt 20.848141 -0.410801
vt 21.486272 -0.370530
vt 21.490063 -0.072090
vt 20.505414 -2.144890
vt 21.122000 -3.084059
vt 20.700088 -3.013963
vt 19.954204 -2.777956
vt 19.149939 -2.713483
vt 17.964844 -2.049067
vt 16.978245 -1.864332
vt 16.087512 -2.923350
vt 14.873623 -3.393846
vt 13.816734 -2.703885
vt 12.904640 -2.379378
vt 12.053039 -2.329625
vt 11.527158 -2.025041
vt 10.639580 -2.543467
vt 9.581283 -3.467916
vt 9.788808 -3.037989
vt 10.639578 -2.098820
vt 10.909982 -2.168916
vt 11.284288 -2.404923
vt 11.979130 -2.469397
vt 12.606542 -3.133812
vt 13.666632 -3.318548
vt 14.967322 -2.259529
vt 15.993813 -1.789034
vt 17.128347 -2.478994
vt 18.262943 -2.803501
vt 19.223848 -2.853254
vt 20.197074 -3.157838
vt 20.429686 -2.639412
vt 20.063705 -1.714963
vt 19.994392 -5.096118
vt 20.174919 -5.684844
vt 19.492172 -4.839084
vt 18.550025 -3.599649
vt 18.216378 -4.197789
vt 17.778954 -5.227337
vt 16.899344 -5.166318
vt 15.974447 -5.188115
vt 15.031232 -5.075878
vt 14.282585 -3.950031
vt 13.579937 -3.744447
vt 12.472902 -5.157136
vt 11.641952 -5.663047
vt 11.458197 -4.951321
vt 11.279297 -4.725497
vt 11.340926 -4.403373
vt 11.710552 -3.814647
vt 11.586837 -4.660408
vt 11.549224 -5.899842
vt 12.426079 -5.301702
vt 13.452220 -4.272155
vt 14.225276 -4.333173
vt 15.069913 -4.311376
vt 15.935766 -4.423613
vt 16.956653 -5.549460
vt 17.906670 -5.755044
vt 18.263201 -4.342355
vt 18.642754 -3.836444
vt 19.363532 -4.548171
vt 19.743665 -4.773994
vt 18.427150 -5.980787
vt 18.235177 -5.526113
vt 18.197252 -6.068895
vt 17.901321 -6.123392
vt 17.619928 -6.818204
vt 17.206717 -7.670283
vt 16.451927 -6.513576
vt 15.779625 -5.105107
vt 15.199580 -5.796302
vt 14.530347 -6.712870
vt 13.929109 -6.726479
vt 13.318579 -7.137493
vt 12.909787 -6.934582
vt 12.984493 -5.377700
vt 12.854715 -5.206824
vt 12.335735 -6.804595
vt 12.276874 -7.259268
vt 12.632467 -6.716487
vt 12.973263 -6.661990
vt 13.543975 -5.967178
vt 14.161009 -5.115099
vt 14.569577 -6.271806
vt 15.142898 -7.680275
vt 15.836306 -6.989080
vt 16.412698 -6.072512
vt 16.974817 -6.058902
vt 17.394531 -5.647888
vt 17.837846 -5.850799
vt 18.549278 -7.407682
vt 18.813018 -7.578558
vt 16.945801 -6.378307
vt 16.958359 -6.708221
vt 17.094552 -8.568465
vt 16.922553 -8.662885
vt 16.532763 -7.091953
vt 16.247785 -6.742061
vt 15.971168 -6.955210
vt 15.657526 -6.825702
vt 15.326839 -7.918954
vt 14.944628 -8.946824
vt 14.695852 -7.565980
vt 14.552084 -6.165157
vt 14.279470 -6.837729
vt 14.042093 -7.475213
vt 13.917610 -7.635016
vt 13.767635 -8.472797
vt 13.849643 -8.142883
vt 14.191153 -6.282639
vt 14.351363 -6.188218
vt 14.406155 -7.759151
vt 14.658702 -8.109043
vt 14.989061 -7.895894
vt 15.325317 -8.025402
vt 15.659048 -6.932149
vt 15.926736 -5.904280
vt 16.284935 -7.285124
vt 16.678692 -8.685946
vt 16.850660 -8.013375
vt 16.945493 -7.375891
vt 17.026326 -7.216088
vt 15.544508 -8.864288
vt 15.541758 -8.331625
vt 15.538173 -8.065861
vt 15.532819 -7.708313
vt 15.524403 -6.506968
vt 15.519030 -6.973363
vt 15.513834 -8.940921
vt 15.504682 -8.946595
vt 15.495795 -7.609155
vt 15.487815 -7.375604
vt 15.480636 -7.169300
vt 15.474708 -6.896729
vt 15.465478 -8.325952
vt 15.457661 -9.403301
vt 15.459541 -7.941865
vt 15.462827 -6.713272
vt 15.461863 -7.245934
vt 15.463553 -7.511698
vt 15.466737 -7.869246
vt 15.469748 -9.070591
vt 15.478190 -8.604197
vt 15.488594 -6.636638
vt 15.496144 -6.630964
vt 15.504333 -7.968404
vt 15.513056 -8.201956
vt 15.521476 -8.408259
vt 15.529363 -8.680830
vt 15.531559 -7.251607
vt 15.532281 -6.174258
vt 15.539437 -7.635695
vt 27.044129 11.849792
vt 27.039339 11.022802
vt 27.036365 10.935657
vt 27.030960 10.610435
vt 27.025267 10.503233
vt 27.021723 11.705435
vt 27.014259 12.275706
vt 27.004250 11.116403
vt 26.996078 10.451895
vt 26.987874 10.815816
vt 26.980276 10.860063
vt 26.972276 11.279521
vt 26.963028 12.182106
vt 26.960765 11.600165
vt 26.964252 10.246514
vt 26.962448 10.458987
vt 26.959443 11.285977
vt 26.961745 11.373122
vt 26.964878 11.698344
vt 26.970612 11.805546
vt 26.980883 10.603344
vt 26.989018 10.033073
vt 26.995712 11.192376
vt 27.004616 11.856884
vt 27.013115 11.492963
vt 27.021116 11.448716
vt 27.026932 11.029258
vt 27.029109 10.126673
vt 27.035384 10.708614
vt 27.044147 12.062265
vt 28.572761 10.806481
vt 28.353167 9.808554
vt 28.376115 10.456479
vt 28.406225 11.678274
vt 28.136273 11.467182
vt 27.799379 10.943485
vt 27.488792 10.853932
vt 27.153183 10.241032
vt 26.848787 10.141742
vt 26.476823 11.440314
vt 26.107118 11.928986
vt 25.936247 10.896035
vt 25.786717 10.421454
vt 25.606673 10.555769
vt 25.540822 10.379702
vt 25.394595 10.978510
vt 25.244452 11.976437
vt 25.472716 11.328513
vt 25.835035 10.106718
vt 26.009665 10.317809
vt 26.210296 10.841506
vt 26.506685 10.931059
vt 26.820974 11.543959
vt 27.180996 11.643249
vt 27.458931 10.344677
vt 27.696201 9.856005
vt 28.062855 10.888957
vt 28.357908 11.363537
vt 28.510072 11.229222
vt 28.649538 11.405290
vt 30.022537 10.089741
vt 30.065461 10.368824
vt 29.901500 10.474390
vt 29.674798 10.800406
vt 29.022055 10.088179
vt 28.319073 9.126830
vt 27.893692 9.762862
vt 27.342920 10.736293
vt 26.663845 10.574161
vt 26.031255 10.371275
vt 25.456021 10.253626
vt 25.147421 9.453710
vt 24.778961 9.395392
vt 24.039373 10.636522
vt 23.686796 11.003293
vt 23.931122 10.205828
vt 24.107158 9.926746
vt 24.336715 9.821179
vt 24.746739 9.495163
vt 24.946102 10.207391
vt 25.273365 11.168740
vt 26.011341 10.532708
vt 26.706194 9.559276
vt 27.300572 9.721408
vt 27.913606 9.924295
vt 28.501728 10.041944
vt 29.223374 10.841860
vt 29.707019 10.900177
vt 29.604158 9.659047
vt 29.645099 9.292277
vt 31.765213 9.616341
vt 31.664869 9.622109
vt 30.719112 8.582369
vt 30.164823 8.345320
vt 29.845203 8.852005
vt 29.165726 8.970222
vt 28.399510 9.264351
vt 27.500035 9.643912
vt 26.550702 8.920885
vt 25.839070 8.114303
vt 24.939658 8.656266
vt 23.943576 9.322212
vt 23.347876 9.242548
vt 22.837462 9.305396
vt 22.643898 9.151902
vt 23.111746 8.310043
vt 23.200501 8.304275
vt 22.813777 9.344015
vt 23.164022 9.581064
vt 24.054904 9.074379
vt 24.838993 8.956163
vt 25.725442 8.662033
vt 26.595502 8.282472
vt 27.455236 9.005499
vt 28.513138 9.812081
vt 29.266391 9.270119
vt 29.733875 8.604172
vt 30.348677 8.683836
vt 30.742797 8.620988
vt 31.108265 8.774482
vt 32.194514 7.257577
vt 32.074070 7.251112
vt 31.522633 7.035069
vt 31.156749 7.206037
vt 30.972001 7.934154
vt 29.949283 7.899942
vt 28.572818 7.161988
vt 27.517422 7.034543
vt 26.456232 7.264505
vt 25.386939 7.280807
vt 24.183027 7.658508
vt 22.982986 7.995531
vt 22.690276 7.378557
vt 22.707622 6.805106
vt 21.991731 7.189735
vt 21.477909 7.556453
vt 21.591648 7.562919
vt 21.732527 7.778962
vt 22.486833 7.607994
vt 23.801193 6.879876
vt 24.590980 6.914089
vt 25.261205 7.652042
vt 26.397232 7.779488
vt 27.576422 7.549526
vt 28.698552 7.533224
vt 29.541330 7.155523
vt 30.153794 6.818499
vt 31.360192 7.435473
vt 32.497728 8.008924
vt 32.474152 7.624295
vt 32.296080 5.175213
vt 32.976627 5.583628
vt 33.157650 5.899817
vt 32.124759 5.696210
vt 31.056603 5.559722
vt 29.973048 5.501323
vt 28.697229 5.273680
vt 27.604364 5.418905
vt 26.294742 5.903154
vt 24.942327 5.858870
vt 24.072267 5.455855
vt 23.152614 5.402856
vt 22.290971 5.438403
vt 21.724125 5.415568
vt 20.717536 5.740494
vt 20.134198 5.962737
vt 21.080511 5.554322
vt 22.047217 5.238133
vt 22.285589 5.441740
vt 22.918715 5.578228
vt 23.892107 5.636626
vt 24.939001 5.864270
vt 26.333102 5.719045
vt 27.566005 5.234796
vt 28.700555 5.279080
vt 30.153208 5.682095
vt 31.290502 5.735093
vt 32.130141 5.699547
vt 32.834557 5.722382
vt 32.613652 5.397456
vt 33.659903 3.588290
vt 33.674436 3.614584
vt 33.314044 3.628729
vt 31.906297 3.492624
vt 30.750787 3.418864
vt 30.235360 3.557892
vt 29.170544 3.646797
vt 27.701526 3.596555
vt 26.308356 3.581365
vt 25.034990 3.539926
vt 24.140850 3.436994
vt 22.913891 3.499385
vt 21.226666 3.664826
vt 20.599591 3.643919
vt 20.815744 3.534063
vt 20.753932 3.521795
vt 21.050491 3.495501
vt 21.523853 3.481356
vt 21.465147 3.617461
vt 22.115007 3.691221
vt 23.782374 3.552193
vt 25.182380 3.463288
vt 26.352485 3.513530
vt 27.657397 3.528721
vt 29.023155 3.570159
vt 30.593836 3.673091
vt 31.549671 3.610700
vt 31.667816 3.445259
vt 32.389782 3.466166
vt 33.439689 3.576022
vt 33.808047 1.424280
vt 32.702254 1.581488
vt 32.459025 1.558029
vt 32.221605 1.481126
vt 31.362720 1.470566
vt 30.458914 1.406640
vt 29.167995 1.390902
vt 27.632384 1.546102
vt 26.411316 1.613276
vt 25.007911 1.482367
vt 23.565703 1.414551
vt 22.510068 1.440018
vt 21.502284 1.426288
vt 21.159054 1.490855
vt 21.483707 1.612036
vt 20.902076 1.538381
vt 20.078309 1.381173
vt 20.668833 1.404633
vt 21.780455 1.481535
vt 22.726939 1.492096
vt 24.005929 1.556021
vt 25.179830 1.571759
vt 26.283343 1.416559
vt 27.760357 1.349385
vt 28.996075 1.480294
vt 30.018688 1.548110
vt 31.145849 1.522643
vt 31.943434 1.536374
vt 32.949245 1.471807
vt 34.107652 1.350626
vt 32.829996 -0.406703
vt 32.481240 -0.293168
vt 32.587376 -0.550263
vt 32.571382 -0.936801
vt 31.288246 -0.697028
vt 29.791709 -0.282996
vt 28.764645 -0.346758
vt 27.621582 -0.465168
vt 26.370347 -0.503906
vt 24.960217 -0.793452
vt 23.661164 -0.831980
vt 23.184013 -0.342941
vt 22.657460 -0.174758
vt 21.483163 -0.511525
vt 20.828403 -0.647256
vt 20.668113 -0.658500
vt 20.585124 -0.772035
vt 21.476943 -0.514941
vt 22.732212 -0.128402
vt 23.150358 -0.368175
vt 23.710768 -0.782207
vt 25.006417 -0.718445
vt 26.350319 -0.600035
vt 27.641610 -0.561297
vt 28.718445 -0.271752
vt 29.742105 -0.233223
vt 31.321901 -0.722262
vt 32.496629 -0.890445
vt 32.593595 -0.553679
vt 32.724519 -0.417947
vt 32.672168 -2.657008
vt 32.777344 -2.870729
vt 31.969455 -2.444950
vt 31.293450 -2.323831
vt 30.427051 -2.154722
vt 29.410905 -1.881154
vt 28.662323 -2.389881
vt 27.634350 -3.018782
vt 26.411271 -2.620575
vt 25.446955 -2.067236
vt 24.448515 -2.137681
vt 23.577672 -2.148281
vt 22.779262 -2.241828
vt 21.631830 -2.843158
vt 21.215751 -2.877170
vt 21.955563 -2.084276
vt 22.294922 -1.870555
vt 22.179349 -2.296334
vt 22.623535 -2.417453
vt 23.256243 -2.586562
vt 24.052602 -2.860130
vt 25.350710 -2.351403
vt 26.514160 -1.722501
vt 27.531461 -2.120709
vt 28.758568 -2.674048
vt 29.806817 -2.603603
vt 30.748481 -2.593003
vt 31.449178 -2.499456
vt 31.421936 -1.898126
vt 31.698173 -1.864114
vt 31.623458 -4.368814
vt 31.400613 -4.183312
vt 30.540142 -3.254177
vt 30.136989 -3.257699
vt 30.043372 -4.256782
vt 29.343725 -4.464136
vt 28.371533 -4.093119
vt 27.460415 -4.042941
vt 26.569500 -3.616627
vt 25.819127 -3.174063
vt 24.830188 -3.946022
vt 23.739639 -4.739831
vt 23.333041 -4.233489
vt 23.198403 -3.680491
vt 22.916587 -3.700262
vt 22.969992 -3.484824
vt 22.936245 -3.670326
vt 22.634807 -4.599460
vt 23.136188 -4.595939
vt 24.253072 -3.596856
vt 25.016992 -3.389502
vt 25.697465 -3.760519
vt 26.555882 -3.810697
vt 27.474034 -4.237011
vt 28.493195 -4.679574
vt 29.156921 -3.907616
vt 29.529938 -3.113806
vt 30.333842 -3.620148
vt 31.103738 -4.173146
vt 31.380955 -4.153375
vt 29.700165 -4.245815
vt 29.847719 -4.774813
vt 29.814385 -5.199138
vt 29.523635 -5.295973
vt 29.221294 -5.797700
vt 28.598140 -5.488599
vt 27.839826 -4.289827
vt 27.286755 -4.353910
vt 26.668958 -5.415258
vt 26.000612 -5.583306
vt 25.418746 -5.403998
vt 24.873028 -5.444587
vt 24.665374 -4.710729
vt 24.572672 -4.137790
vt 24.014400 -5.127925
vt 23.608749 -5.977008
vt 23.889416 -5.448010
vt 24.249600 -5.023685
vt 24.595576 -4.926849
vt 25.145341 -4.425123
vt 25.552432 -4.734224
vt 25.957475 -5.932996
vt 26.650028 -5.868912
vt 27.305684 -4.807565
vt 27.882963 -4.639517
vt 28.464454 -4.818825
vt 28.948980 -4.778236
vt 29.593432 -5.512093
vt 30.137456 -6.085033
vt 29.972703 -5.094898
vt 28.484155 -5.303164
vt 28.642216 -6.329470
vt 28.643412 -6.962038
vt 28.284683 -5.850178
vt 27.962127 -5.059276
vt 27.761611 -5.509044
vt 27.482871 -5.716579
vt 27.168642 -5.984049
vt 26.815925 -6.762105
vt 26.481794 -6.319165
vt 26.289593 -4.969359
vt 26.033257 -5.095629
vt 25.682799 -6.062001
vt 25.491465 -6.183982
vt 25.364532 -6.293117
vt 25.305989 -6.409082
vt 25.533500 -5.382775
vt 25.740013 -4.750207
vt 25.713492 -5.862067
vt 25.835519 -6.652969
vt 26.172528 -6.203201
vt 26.500764 -5.995666
vt 26.836433 -5.728197
vt 27.148134 -4.950141
vt 27.463902 -5.393080
vt 27.878676 -6.742886
vt 28.159866 -6.616617
vt 28.253989 -5.650244
vt 28.394865 -5.528263
vt 28.473247 -5.419128
vt 27.044084 -6.803918
vt 27.039710 -6.066672
vt 27.036688 -5.974057
vt 27.030846 -5.544492
vt 27.025031 -5.392383
vt 27.021630 -6.629796
vt 27.014262 -7.241192
vt 27.004278 -6.136125
vt 26.996040 -5.493858
vt 26.987886 -5.771818
vt 26.980492 -5.732086
vt 26.972437 -6.192522
vt 26.962928 -7.171739
vt 26.960538 -6.616324
vt 26.963991 -5.266533
vt 26.962403 -5.432114
vt 26.959815 -6.169360
vt 26.962068 -6.261976
vt 26.964765 -6.691540
vt 26.970376 -6.843649
vt 26.980790 -5.606236
vt 26.989021 -4.994841
vt 26.995740 -6.099907
vt 27.004578 -6.742174
vt 27.013126 -6.464215
vt 27.021333 -6.503946
vt 27.027092 -6.043510
vt 27.029009 -5.064294
vt 27.035157 -5.619709
vt 27.043887 -6.969500
vt 38.540390 6.908942
vt 38.537498 6.614761
vt 38.535825 6.740759
vt 38.531227 6.652411
vt 38.527918 7.099930
vt 38.523080 7.735271
vt 38.513109 7.199748
vt 38.503833 6.376463
vt 38.496006 6.597230
vt 38.487367 6.979415
vt 38.479343 7.041361
vt 38.470472 7.444465
vt 38.464335 7.438046
vt 38.465583 6.519993
vt 38.464855 6.270226
vt 38.458709 7.037985
vt 38.457602 7.332166
vt 38.461206 7.206168
vt 38.465146 7.294516
vt 38.473263 6.846996
vt 38.482239 6.211656
vt 38.487868 6.747179
vt 38.495295 7.570464
vt 38.504544 7.349697
vt 38.512608 6.967512
vt 38.520183 6.905566
vt 38.525127 6.502462
vt 38.530416 6.508881
vt 38.540202 7.426934
vt 38.544751 7.676701
vt 39.937261 6.254230
vt 39.917197 6.295620
vt 40.062700 7.229754
vt 39.926664 7.418437
vt 39.561263 6.785205
vt 39.266789 6.597995
vt 38.968840 6.539529
vt 38.652904 6.345358
vt 38.330451 6.913714
vt 37.942458 7.564022
vt 37.675314 7.011268
vt 37.527323 6.312695
vt 37.283836 6.489791
vt 37.082777 6.661398
vt 36.953306 6.768129
vt 36.759095 7.337958
vt 36.808482 7.296568
vt 37.159300 6.362434
vt 37.355474 6.173751
vt 37.434654 6.806983
vt 37.677706 6.994193
vt 37.986733 7.052658
vt 38.320695 7.246829
vt 38.662660 6.678474
vt 38.924565 6.028166
vt 39.264397 6.580919
vt 39.653932 7.279492
vt 39.855026 7.102397
vt 39.986176 6.930789
vt 40.062022 6.824059
vt 41.739174 6.619958
vt 41.610530 6.519602
vt 41.418971 6.545373
vt 41.009892 6.387909
vt 40.319091 5.736759
vt 39.882604 5.815851
vt 39.508255 6.660012
vt 38.848563 6.781897
vt 38.178465 6.343212
vt 37.566324 6.250557
vt 37.056107 6.023809
vt 36.665512 5.775797
vt 35.985431 6.397717
vt 35.344810 6.984058
vt 35.411978 6.480564
vt 35.647758 5.963507
vt 35.652227 6.063863
vt 35.854186 6.038092
vt 36.081833 6.195556
vt 36.243139 6.846706
vt 36.836897 6.767614
vt 37.625904 5.923453
vt 38.211837 5.801568
vt 38.815191 6.240253
vt 39.448675 6.332908
vt 40.101815 6.559656
vt 40.741464 6.807668
vt 40.913490 6.185748
vt 40.909595 5.599406
vt 41.370281 6.102901
vt 43.324125 5.991241
vt 42.646767 5.401362
vt 41.954493 4.939323
vt 41.876798 5.335327
vt 41.505228 5.655419
vt 40.739870 5.643816
vt 39.935320 5.810326
vt 38.965401 5.616223
vt 38.099748 4.987447
vt 37.285103 5.090724
vt 36.203305 5.758469
vt 35.382472 5.824731
vt 34.914588 5.595464
vt 34.476119 5.568099
vt 34.517396 5.232050
vt 34.670659 4.987675
vt 34.182400 5.577554
vt 34.049158 6.039592
vt 34.875996 5.643588
vt 35.714929 5.323496
vt 36.413137 5.335099
vt 37.261252 5.168590
vt 38.060868 5.362693
vt 39.004282 5.991468
vt 39.959171 5.888191
vt 40.530038 5.220446
vt 41.172771 5.154184
vt 41.915390 5.383451
vt 42.381454 5.410816
vt 42.981763 5.746865
vt 43.553422 4.247133
vt 43.529379 4.301705
vt 43.191304 4.297710
vt 43.120025 4.653256
vt 42.530357 4.846423
vt 41.128360 4.372755
vt 39.970351 4.064682
vt 39.040525 4.319838
vt 37.934250 4.468954
vt 36.797303 4.529288
vt 35.564933 4.751795
vt 34.784995 4.555206
vt 34.674313 4.046548
vt 34.029151 4.148594
vt 33.009633 4.592922
vt 32.836817 4.623916
vt 33.046957 4.569344
vt 33.401198 4.573339
vt 34.450109 4.217793
vt 35.359548 4.024626
vt 35.770057 4.498294
vt 36.658738 4.806367
vt 37.920335 4.551210
vt 39.054440 4.402095
vt 40.108916 4.341761
vt 40.923235 4.119254
vt 41.955804 4.315843
vt 43.344229 4.824500
vt 43.819257 4.722455
vt 43.492055 4.278127
vt 44.336693 3.107707
vt 45.127550 3.426731
vt 44.493599 3.353746
vt 43.275163 3.130041
vt 42.420557 3.115347
vt 41.365780 3.071985
vt 40.263220 3.063266
vt 39.180933 3.337953
vt 37.783657 3.453055
vt 36.651129 3.157443
vt 35.741468 2.999103
vt 34.577320 3.116426
vt 33.672449 3.152044
vt 32.815869 3.238645
vt 31.875554 3.425653
vt 32.174810 3.273687
vt 33.231434 2.954663
vt 33.383167 3.027648
vt 33.435994 3.251352
vt 34.282669 3.266046
vt 35.284838 3.309409
vt 36.504991 3.318128
vt 37.909670 3.043440
vt 39.054920 2.928339
vt 40.409357 3.223951
vt 41.822410 3.382290
vt 42.715208 3.264968
vt 43.511619 3.229350
vt 43.926301 3.142749
vt 43.771670 2.955741
vt 45.202094 1.853853
vt 45.107174 1.859587
vt 44.277336 1.812718
vt 43.058117 1.737638
vt 42.638254 1.797531
vt 42.065511 1.900530
vt 40.631943 1.875293
vt 39.169261 1.821270
vt 37.836800 1.814960
vt 36.654079 1.774570
vt 35.522914 1.772464
vt 33.860245 1.879090
vt 32.633635 1.913610
vt 32.669694 1.819028
vt 32.625929 1.778028
vt 32.296123 1.799637
vt 32.483229 1.793903
vt 32.487144 1.840773
vt 32.616967 1.915852
vt 34.002474 1.855959
vt 35.612525 1.752961
vt 36.643778 1.778198
vt 37.820220 1.832221
vt 39.185841 1.838531
vt 40.642244 1.878921
vt 41.975900 1.881027
vt 42.496025 1.774400
vt 43.074785 1.739880
vt 44.459885 1.834463
vt 45.249874 1.875463
vt 44.470962 0.474762
vt 44.087508 0.502905
vt 44.414320 0.420017
vt 43.946889 0.391866
vt 43.003165 0.392176
vt 41.960423 0.371394
vt 40.457575 0.435163
vt 39.084034 0.516510
vt 37.853240 0.451207
vt 36.326101 0.358985
vt 35.085125 0.381308
vt 34.112537 0.410993
vt 33.273859 0.421559
vt 33.133891 0.485320
vt 32.743356 0.484089
vt 31.564991 0.369853
vt 31.463563 0.341709
vt 32.624129 0.424597
vt 33.505739 0.452749
vt 34.367385 0.452439
vt 35.507437 0.473220
vt 36.469411 0.409451
vt 37.734992 0.328105
vt 39.202281 0.393407
vt 40.314266 0.485630
vt 41.538111 0.463307
vt 42.748317 0.433622
vt 43.715009 0.423056
vt 44.924083 0.359295
vt 45.367301 0.360526
vt 44.331018 -0.856726
vt 44.351457 -0.908088
vt 44.624706 -1.153457
vt 43.879938 -1.134987
vt 42.279916 -0.794879
vt 41.233223 -0.732852
vt 40.365574 -0.926756
vt 39.145923 -0.975098
vt 37.833492 -1.042012
vt 36.443349 -1.136854
vt 35.513203 -0.905170
vt 34.980146 -0.662822
vt 33.775416 -0.859746
vt 32.555201 -1.086543
vt 32.268380 -1.040145
vt 32.169135 -1.026563
vt 32.455341 -0.975200
vt 33.514274 -0.729832
vt 34.040768 -0.748301
vt 34.142028 -1.088410
vt 35.152282 -1.150436
vt 36.607346 -0.956532
vt 37.874660 -0.908190
vt 39.104755 -0.841277
vt 40.201577 -0.746435
vt 41.594144 -0.978119
vt 43.118033 -1.220467
vt 43.614586 -1.023542
vt 43.665633 -0.796745
vt 44.164496 -0.843144
vt 44.550356 -2.614105
vt 43.939770 -2.311906
vt 43.170418 -2.034529
vt 42.670859 -2.061135
vt 41.849753 -1.968856
vt 41.103590 -2.093090
vt 40.340410 -2.555610
vt 39.112918 -2.498735
vt 37.975245 -1.977558
vt 36.982697 -1.909516
vt 35.875014 -2.119533
vt 34.952374 -2.151585
vt 33.926353 -2.368780
vt 33.059061 -2.555707
vt 33.349486 -2.129176
vt 33.833751 -1.758839
vt 33.457348 -2.061037
vt 33.380311 -2.338415
vt 34.000943 -2.311809
vt 34.678944 -2.404088
vt 35.745287 -2.279854
vt 37.028797 -1.817334
vt 37.992728 -1.874208
vt 39.095435 -2.395386
vt 40.294310 -2.463428
vt 41.233316 -2.253411
vt 42.123182 -2.221358
vt 42.596269 -2.004163
vt 42.849168 -1.817237
vt 43.831908 -2.243767
vt 42.979717 -3.394740
vt 42.471453 -2.971496
vt 41.967386 -2.704509
vt 42.058072 -3.312320
vt 41.734091 -3.751416
vt 40.742676 -3.400424
vt 39.812004 -3.158692
vt 38.938892 -3.111326
vt 38.087756 -2.854136
vt 37.212095 -3.080015
vt 36.086365 -3.745361
vt 35.342149 -3.636472
vt 35.177262 -3.018862
vt 34.799715 -2.961699
vt 34.417098 -3.086441
vt 34.326251 -3.086070
vt 34.007086 -3.509314
vt 34.062051 -3.776301
vt 35.057271 -3.168490
vt 35.943791 -2.729394
vt 36.415943 -3.080386
vt 37.137936 -3.322118
vt 38.034359 -3.369484
vt 38.992290 -3.626674
vt 39.886164 -3.400795
vt 40.413098 -2.735449
vt 41.132449 -2.844338
vt 42.178064 -3.461947
vt 42.705050 -3.519111
vt 42.881465 -3.394369
vt 41.290870 -3.610333
vt 41.581099 -4.219504
vt 41.402104 -4.264997
vt 41.091147 -4.309254
vt 40.654119 -4.337154
vt 39.920345 -3.694857
vt 39.320905 -3.382375
vt 38.822945 -4.117051
vt 38.149993 -4.556275
vt 37.524398 -4.231687
vt 36.962076 -4.093815
vt 36.509299 -3.922815
vt 36.301988 -3.484828
vt 35.834406 -3.825772
vt 35.180014 -4.633842
vt 35.199454 -4.475026
vt 35.622796 -3.865856
vt 35.837319 -3.820363
vt 36.163089 -3.776106
vt 36.578166 -3.748205
vt 36.874637 -4.390503
vt 37.438554 -4.702985
vt 38.186219 -3.968309
vt 38.786719 -3.529084
vt 39.406749 -3.853673
vt 40.007784 -3.991545
vt 40.585251 -4.162544
vt 41.230046 -4.600532
vt 41.399191 -4.259587
vt 41.138317 -3.451517
vt 40.118980 -4.653745
vt 40.245297 -5.243743
vt 40.016012 -4.798302
vt 39.647651 -3.938482
vt 39.484512 -4.126772
vt 39.305714 -4.626792
vt 39.002097 -4.674592
vt 38.677425 -4.933580
vt 38.321533 -4.969147
vt 38.043924 -4.143058
vt 37.805981 -3.829492
vt 37.425653 -4.605945
vt 37.115187 -4.984756
vt 36.993091 -4.762735
vt 36.886026 -4.764571
vt 36.940814 -4.440338
vt 37.136581 -3.850339
vt 37.112613 -4.295781
vt 37.076460 -5.155600
vt 37.357904 -4.967311
vt 37.716631 -4.467291
vt 38.019990 -4.419491
vt 38.345216 -4.160503
vt 38.653742 -4.124936
vt 39.026031 -4.951025
vt 39.395064 -5.264590
vt 39.552261 -4.488138
vt 39.686377 -4.109327
vt 39.896491 -4.331348
vt 39.994741 -4.329512
vt 38.540678 -4.701200
vt 38.537881 -4.421755
vt 38.535774 -4.483752
vt 38.530892 -4.343971
vt 38.527771 -4.819285
vt 38.523118 -5.497136
vt 38.513180 -4.983797
vt 38.503866 -4.172285
vt 38.496000 -4.355336
vt 38.487491 -4.672806
vt 38.479510 -4.744470
vt 38.470382 -5.214540
vt 38.464085 -5.233266
vt 38.465393 -4.300701
vt 38.464819 -4.026501
vt 38.458997 -4.747622
vt 38.457985 -5.027067
vt 38.461155 -4.965070
vt 38.464810 -5.104850
vt 38.473116 -4.629536
vt 38.482278 -3.951685
vt 38.487939 -4.465025
vt 38.495328 -5.276536
vt 38.504538 -5.093486
vt 38.512732 -4.776015
vt 38.520350 -4.704352
vt 38.525038 -4.234282
vt 38.530166 -4.215555
vt 38.540012 -5.148120
vt 38.544715 -5.422321
vt 50.037065 10.588070
vt 50.037909 10.952502
vt 50.036651 11.246186
vt 50.033162 11.433960
vt 50.030027 12.270881
vt 50.021991 12.078804
vt 50.011509 10.626880
vt 50.003817 10.469640
vt 49.995680 11.505801
vt 49.986871 11.756371
vt 49.978628 11.812005
vt 49.970690 12.039994
vt 49.968055 11.109743
vt 49.967742 10.210025
vt 49.961043 11.183389
vt 49.955384 12.215248
vt 49.958013 11.850815
vt 49.962031 11.557131
vt 49.967081 11.369358
vt 49.975371 10.532436
vt 49.981151 10.724513
vt 49.986269 12.176437
vt 49.995279 12.333678
vt 50.004218 11.297517
vt 50.012112 11.046946
vt 50.019468 10.991313
vt 50.025346 10.763324
vt 50.034137 11.693575
vt 50.042361 12.593293
vt 50.040939 11.619928
vt 51.441346 10.341344
vt 51.607332 11.425619
vt 51.647231 12.284242
vt 51.317405 11.345928
vt 50.988129 10.531404
vt 50.759715 10.760692
vt 50.469311 10.756888
vt 50.164761 11.065763
vt 49.815282 12.091101
vt 49.469222 11.825152
vt 49.271225 10.428368
vt 49.035078 10.345147
vt 48.717120 11.116745
vt 48.527184 11.258903
vt 48.358744 11.611877
vt 48.263180 11.928188
vt 48.498616 10.843913
vt 48.743832 9.985290
vt 48.746214 10.923604
vt 48.861521 11.738128
vt 49.170632 11.508841
vt 49.487203 11.512644
vt 49.832553 11.203770
vt 50.147491 10.178431
vt 50.451329 10.444380
vt 50.860308 11.841164
vt 51.161686 11.924385
vt 51.288310 11.152787
vt 51.430583 11.010629
vt 51.467460 10.657655
vt 53.277939 10.968691
vt 53.034810 10.521101
vt 52.810872 10.455424
vt 52.302820 9.867146
vt 51.817370 9.534189
vt 51.575080 10.642493
vt 51.061146 11.366938
vt 50.326441 10.573113
vt 49.696001 10.025031
vt 49.094498 10.081132
vt 48.583598 9.832331
vt 47.996516 10.244245
vt 47.238367 11.314927
vt 46.992995 11.003506
vt 47.237255 9.811045
vt 47.186523 9.782990
vt 47.076507 10.230579
vt 47.246087 10.296257
vt 47.374762 10.884534
vt 47.741417 11.217491
vt 48.529373 10.109187
vt 49.178795 9.384742
vt 49.689714 10.178567
vt 50.332727 10.726649
vt 50.976849 10.670549
vt 51.629305 10.919349
vt 52.072469 10.507435
vt 52.166426 9.436754
vt 52.557780 9.748175
vt 53.195558 10.940635
vt 54.425738 9.318926
vt 53.707197 8.353897
vt 53.647893 8.662202
vt 53.702412 9.547683
vt 53.064047 9.551802
vt 52.243677 9.412461
vt 51.380766 9.383465
vt 50.418692 8.681045
vt 49.600972 8.395475
vt 48.618844 9.385382
vt 47.589533 9.918837
vt 47.025822 9.347923
vt 46.559460 9.056317
vt 46.180249 8.947773
vt 46.161431 8.557776
vt 45.772271 9.018347
vt 45.242829 9.983376
vt 45.742558 9.675071
vt 46.701611 8.789589
vt 47.273748 8.785471
vt 47.916944 8.924812
vt 48.706698 8.953808
vt 49.514158 9.656228
vt 50.505506 9.941798
vt 51.292912 8.951891
vt 51.916267 8.418436
vt 52.816121 8.989350
vt 53.560261 9.280956
vt 54.085584 9.389500
vt 54.625799 9.779497
vt 55.192636 7.428719
vt 55.179445 7.524043
vt 55.047302 7.737713
vt 54.821212 8.141605
vt 53.679625 7.713682
vt 52.354135 6.978356
vt 51.538391 7.229464
vt 50.581621 7.774231
vt 49.417467 7.782343
vt 48.250778 7.863834
vt 47.182126 7.840723
vt 46.706159 7.177611
vt 46.190129 6.979277
vt 44.960669 7.729601
vt 44.256609 8.060114
vt 44.476031 7.736793
vt 44.697023 7.641469
vt 45.257196 7.427798
vt 46.151296 7.023907
vt 46.508817 7.451830
vt 46.995832 8.187156
vt 48.226778 7.936047
vt 49.461431 7.391281
vt 50.537657 7.383168
vt 51.562391 7.301677
vt 52.540429 7.324788
vt 53.876967 7.987901
vt 54.860044 8.186235
vt 54.750775 7.435911
vt 54.739031 7.105398
vt 56.601867 5.975967
vt 56.653751 6.078494
vt 55.426502 5.637595
vt 54.558348 5.481341
vt 53.920937 5.596542
vt 52.919122 5.585547
vt 51.935763 5.803358
vt 50.715852 6.102007
vt 49.346778 5.795672
vt 48.332126 5.360132
vt 47.151456 5.513377
vt 45.867551 5.758155
vt 44.969312 5.779845
vt 44.026137 5.943931
vt 43.655440 5.916881
vt 44.439984 5.443297
vt 44.757635 5.340769
vt 44.316069 5.781668
vt 44.719178 5.937922
vt 45.783050 5.822721
vt 46.838180 5.833717
vt 48.177535 5.615905
vt 49.444589 5.317256
vt 50.618041 5.623591
vt 52.090354 6.059131
vt 53.232398 5.905886
vt 54.005439 5.661108
vt 54.808481 5.639418
vt 55.136569 5.475332
vt 55.551556 5.502382
vt 56.515256 3.667454
vt 56.268505 3.649981
vt 55.348895 3.559356
vt 54.818998 3.575979
vt 54.690878 3.748533
vt 53.583971 3.774329
vt 51.966593 3.642692
vt 50.641831 3.606050
vt 49.354836 3.611270
vt 48.136949 3.587826
vt 46.675674 3.689297
vt 45.102520 3.799091
vt 44.634340 3.686623
vt 44.680230 3.554136
vt 44.033509 3.599423
vt 43.609285 3.647061
vt 43.644560 3.664534
vt 43.558704 3.755160
vt 44.377848 3.738537
vt 46.055098 3.565983
vt 47.130985 3.540187
vt 47.978428 3.671824
vt 49.292790 3.708466
vt 50.703877 3.703246
vt 52.125114 3.726690
vt 53.128660 3.625219
vt 53.738300 3.515424
vt 55.075490 3.627893
vt 56.470421 3.760380
vt 56.657454 3.715093
vt 55.577048 1.687395
vt 56.138832 1.572948
vt 56.351941 1.462078
vt 55.464100 1.494674
vt 54.473270 1.505940
vt 53.246857 1.537295
vt 51.780720 1.657022
vt 50.618877 1.631131
vt 49.269641 1.456491
vt 47.809614 1.439944
vt 46.777745 1.545352
vt 45.778971 1.567667
vt 45.050551 1.598840
vt 44.622381 1.636717
vt 43.492438 1.511221
vt 42.671076 1.400533
vt 43.514887 1.514979
vt 44.561749 1.625849
vt 45.022950 1.593253
vt 45.837489 1.581987
vt 46.793871 1.550633
vt 47.792556 1.430905
vt 49.269836 1.456797
vt 50.618682 1.631436
vt 51.797779 1.647983
vt 53.230731 1.542576
vt 54.414751 1.520260
vt 55.491701 1.489088
vt 56.412572 1.451210
vt 56.116383 1.576706
vt 56.061818 -0.498633
vt 56.310489 -0.697851
vt 56.138450 -0.834822
vt 54.765247 -0.410873
vt 53.537317 -0.102202
vt 52.957219 -0.423282
vt 51.978952 -0.673593
vt 50.660802 -0.631527
vt 49.325024 -0.700852
vt 48.089708 -0.559995
vt 47.315895 -0.144009
vt 46.271448 -0.248322
vt 44.714090 -0.739916
vt 43.985419 -0.765497
vt 43.969062 -0.551731
vt 43.899936 -0.518187
vt 44.414373 -0.318969
vt 45.028018 -0.181998
vt 44.926078 -0.605946
vt 45.399429 -0.914618
vt 46.876278 -0.593538
vt 48.220723 -0.343227
vt 49.389540 -0.385293
vt 50.596287 -0.315968
vt 51.847936 -0.456825
vt 53.396837 -0.872811
vt 54.409335 -0.768498
vt 54.553259 -0.276904
vt 55.095852 -0.251323
vt 55.865179 -0.465089
vt 55.792273 -2.785040
vt 54.919641 -2.075859
vt 54.577909 -2.058747
vt 54.199139 -2.225439
vt 53.489111 -2.247729
vt 52.865746 -2.728525
vt 51.848774 -2.962151
vt 50.542921 -2.228767
vt 49.506728 -1.787134
vt 48.391100 -2.240397
vt 47.251714 -2.510098
vt 46.292342 -2.551413
vt 45.292893 -2.809243
vt 44.988178 -2.500381
vt 45.399834 -1.772175
vt 45.075668 -1.978029
vt 44.437220 -2.687209
vt 44.787803 -2.704321
vt 45.529224 -2.537630
vt 46.318303 -2.515340
vt 47.507443 -2.034544
vt 48.537160 -1.800917
vt 49.422731 -2.534301
vt 50.626918 -2.975935
vt 51.702713 -2.522671
vt 52.610016 -2.252971
vt 53.463151 -2.211655
vt 53.962809 -1.953825
vt 54.778284 -2.262687
vt 55.882256 -2.990893
vt 54.195323 -3.767933
vt 53.782008 -3.268777
vt 53.840795 -3.781520
vt 53.926132 -4.766242
vt 53.113189 -4.462065
vt 52.068710 -3.680036
vt 51.275488 -3.665075
vt 50.429666 -3.639192
vt 49.569215 -3.655449
vt 48.559894 -4.473742
vt 47.572638 -4.768911
vt 47.186186 -3.782894
vt 46.858141 -3.294659
vt 46.168988 -3.765264
vt 45.780360 -3.947948
vt 45.541857 -4.166897
vt 45.317641 -4.666053
vt 45.935460 -4.153309
vt 46.925331 -3.168588
vt 47.322890 -3.472765
vt 47.741977 -4.254794
vt 48.601419 -4.269755
vt 49.525132 -4.295637
vt 50.473748 -4.279381
vt 51.233962 -3.461087
vt 51.899371 -3.165919
vt 52.976485 -4.151936
vt 53.858943 -4.640170
vt 54.074323 -4.169566
vt 54.244727 -3.986882
vt 53.115871 -5.353736
vt 53.220749 -5.805160
vt 52.879761 -5.446708
vt 52.541788 -5.419987
vt 51.980163 -4.954050
vt 51.336796 -4.224666
vt 50.912560 -4.938220
vt 50.354923 -6.067507
vt 49.660121 -5.700085
vt 49.079835 -5.001044
vt 48.519261 -4.959593
vt 48.102106 -4.640182
vt 47.694027 -4.675873
vt 46.988756 -5.814129
vt 46.658989 -6.119028
vt 47.024456 -4.995501
vt 47.262446 -4.544077
vt 47.314976 -4.902529
vt 47.613730 -4.929250
vt 47.904210 -5.395187
vt 48.291089 -6.124571
vt 49.030209 -5.411017
vt 49.718197 -4.281731
vt 50.296847 -4.649152
vt 50.962186 -5.348193
vt 51.564969 -5.389644
vt 52.178058 -5.709055
vt 52.622085 -5.673364
vt 52.553541 -4.535108
vt 52.617292 -4.230210
vt 51.726317 -6.670560
vt 51.672829 -6.584009
vt 51.329484 -5.215073
vt 51.137444 -4.950077
vt 51.079338 -6.062237
vt 50.839545 -6.416923
vt 50.511170 -6.283150
vt 50.175800 -6.431693
vt 49.838507 -5.696619
vt 49.573895 -4.804781
vt 49.229949 -5.670489
vt 48.828201 -6.804332
vt 48.638795 -6.435466
vt 48.545476 -5.950147
vt 48.462331 -5.841914
vt 48.548151 -5.196530
vt 48.564114 -5.283080
vt 48.426085 -6.652016
vt 48.566254 -6.917012
vt 48.952730 -5.804852
vt 49.250462 -5.450166
vt 49.529063 -5.583939
vt 49.843591 -5.435396
vt 50.170716 -6.170470
vt 50.556002 -7.062308
vt 50.819032 -6.196600
vt 50.954809 -5.062757
vt 51.209985 -5.431623
vt 51.448875 -5.916942
vt 51.571047 -6.025175
vt 50.037422 -5.463702
vt 50.037952 -5.760639
vt 50.036273 -5.955829
vt 50.032912 -6.166308
vt 50.030103 -7.094188
vt 50.022125 -6.935351
vt 50.011584 -5.477588
vt 50.003825 -5.284219
vt 49.995714 -6.236387
vt 49.986994 -6.469334
vt 49.978592 -6.626350
vt 49.970434 -6.921465
vt 49.967885 -5.954008
vt 49.967764 -5.003660
vt 49.961264 -5.933362
vt 49.955741 -6.937172
vt 49.958056 -6.640236
vt 49.961653 -6.445045
vt 49.966831 -6.234566
vt 49.975448 -5.306686
vt 49.981285 -5.465523
vt 49.986343 -6.923287
vt 49.995287 -7.116656
vt 50.004252 -6.164487
vt 50.012235 -5.931540
vt 50.019432 -5.774524
vt 50.025089 -5.479409
vt 50.033966 -6.446867
vt 50.042383 -7.397214
vt 50.041160 -6.467512
vt 61.537211 12.510900
vt 61.540195 13.474752
vt 61.538082 13.621971
vt 61.534985 14.008965
vt 61.529653 14.275128
vt 61.519458 12.934360
vt 61.510932 12.055005
vt 61.504216 13.286686
vt 61.495402 14.194097
vt 61.486843 13.843438
vt 61.478788 13.805304
vt 61.472731 13.390255
vt 61.470768 12.243070
vt 61.465257 12.714561
vt 61.456320 14.359624
vt 61.455530 14.313261
vt 61.460299 13.349409
vt 61.463463 13.202190
vt 61.468904 12.815196
vt 61.474998 12.549033
vt 61.478618 13.889800
vt 61.485691 14.769156
vt 61.495678 13.537475
vt 61.503940 12.630064
vt 61.512084 12.980723
vt 61.519628 13.018857
vt 61.527386 13.433906
vt 61.536849 14.581091
vt 61.539876 14.109600
vt 61.536215 12.464537
vt 63.081259 13.056126
vt 63.248763 14.334464
vt 63.051992 13.783920
vt 62.678900 12.288410
vt 62.484111 12.372139
vt 62.284660 12.982238
vt 61.989772 13.078874
vt 61.677854 13.800142
vt 61.317226 14.091401
vt 61.032508 12.632699
vt 60.806670 11.851876
vt 60.452380 12.959490
vt 60.147907 13.613196
vt 59.991005 13.492660
vt 59.844076 13.747113
vt 59.903093 13.152962
vt 60.140047 11.874624
vt 60.148592 12.425168
vt 60.107710 13.920678
vt 60.357503 13.836949
vt 60.695577 13.226850
vt 61.007665 13.130214
vt 61.345645 12.408946
vt 61.649435 12.117687
vt 62.014615 13.576389
vt 62.395753 14.357212
vt 62.578988 13.249598
vt 62.719098 12.595892
vt 62.894404 12.716428
vt 62.952791 12.461975
vt 64.603191 12.399140
vt 64.407918 12.015822
vt 64.176589 11.889358
vt 63.743963 11.429878
vt 63.518473 12.144304
vt 63.219539 13.387190
vt 62.503736 12.825575
vt 61.796892 11.625798
vt 61.200331 11.703971
vt 60.589874 11.934478
vt 60.013217 12.017832
vt 59.295809 12.960754
vt 58.764919 13.215598
vt 58.847688 11.811186
vt 58.863569 11.199371
vt 58.511776 12.060950
vt 58.449615 12.444268
vt 58.611804 12.570731
vt 58.815905 13.030211
vt 59.442520 12.315785
vt 60.173832 11.072900
vt 60.621385 11.634514
vt 61.160165 12.834291
vt 61.837057 12.756119
vt 62.472225 12.525612
vt 63.058925 12.442257
vt 63.371761 11.499335
vt 63.692977 11.244491
vt 64.412473 12.648904
vt 64.821872 13.260718
vt 65.436326 10.156108
vt 65.250297 9.977263
vt 65.621502 11.162271
vt 65.342298 11.578220
vt 64.467582 11.028349
vt 63.673647 10.874966
vt 62.786005 10.550154
vt 61.902851 10.012075
vt 61.053248 10.746711
vt 59.993150 11.800239
vt 59.202944 11.306694
vt 58.741830 10.480920
vt 58.149295 10.515342
vt 57.762177 10.427635
vt 57.443579 10.524692
vt 56.782860 11.521894
vt 56.785930 11.700739
vt 57.716167 10.515732
vt 58.341497 10.099782
vt 58.677283 10.649654
vt 59.346914 10.803037
vt 60.111937 11.127849
vt 60.998317 11.665928
vt 61.957782 10.931292
vt 62.667218 9.877763
vt 63.529678 10.371309
vt 64.532130 11.197082
vt 65.150097 11.162660
vt 65.667512 11.250367
vt 65.907946 11.153311
vt 66.984163 9.146460
vt 66.886298 9.170532
vt 66.763322 9.443515
vt 66.075339 9.329954
vt 64.742267 8.462192
vt 63.878728 8.367871
vt 63.214382 9.214703
vt 62.102926 9.450617
vt 60.921314 9.202171
vt 59.790138 9.199029
vt 58.926861 8.784453
vt 58.359261 8.299628
vt 57.223182 8.934618
vt 56.024835 9.691961
vt 55.965287 9.333096
vt 56.267558 8.876768
vt 56.403877 8.852695
vt 56.973216 8.579713
vt 57.405423 8.693274
vt 57.571459 9.561036
vt 58.520426 9.655357
vt 59.902769 8.808525
vt 60.982735 8.572611
vt 62.041504 8.821057
vt 63.101751 8.824199
vt 64.285163 9.238775
vt 65.530069 9.723600
vt 65.893098 9.088610
vt 65.814941 8.331266
vt 66.447708 8.690132
vt 68.388104 7.328766
vt 67.531141 6.903280
vt 66.477744 6.480836
vt 66.173652 6.674150
vt 65.557394 6.843071
vt 64.584031 6.904566
vt 63.556224 7.190895
vt 62.177016 7.086488
vt 60.926071 6.505478
vt 59.818910 6.475713
vt 58.384988 6.941070
vt 57.216169 7.042436
vt 56.368322 7.007688
vt 55.621307 7.061846
vt 55.799868 6.703915
vt 56.226221 6.377714
vt 55.635025 6.803199
vt 55.367311 7.225644
vt 56.334483 7.032330
vt 57.419507 6.863409
vt 58.503090 6.801914
vt 59.797996 6.515585
vt 60.905753 6.619992
vt 62.197334 7.201001
vt 63.577138 7.230767
vt 64.465929 6.765410
vt 65.354056 6.664043
vt 66.207492 6.698792
vt 66.731739 6.644634
vt 67.695984 7.002564
vt 67.771167 4.454014
vt 67.469800 4.422315
vt 66.922629 4.390737
vt 66.949087 4.541614
vt 66.400579 4.652626
vt 64.773767 4.506159
vt 63.326517 4.386006
vt 62.144456 4.434051
vt 60.845882 4.451491
vt 59.499349 4.492330
vt 57.918382 4.622331
vt 56.877667 4.574166
vt 56.768436 4.374271
vt 56.161814 4.373297
vt 55.123455 4.500775
vt 54.865195 4.522625
vt 54.845855 4.554323
vt 55.132437 4.585902
vt 56.507937 4.435025
vt 57.764798 4.324013
vt 58.320781 4.470480
vt 59.338352 4.590633
vt 60.795415 4.542588
vt 62.194923 4.525147
vt 63.487514 4.484309
vt 64.371367 4.354308
vt 65.513448 4.402473
vt 67.209586 4.602368
vt 67.952005 4.603342
vt 67.747400 4.475864
vt 67.488466 2.140847
vt 68.349340 1.949545
vt 67.869540 1.955210
vt 66.757416 2.044609
vt 65.800519 2.058099
vt 64.514568 2.133173
vt 63.300029 2.171687
vt 62.204879 1.998403
vt 60.737380 1.894174
vt 59.473608 2.033473
vt 58.466469 2.126018
vt 57.356351 2.102334
vt 56.577972 2.122829
vt 55.635105 2.059439
vt 54.421345 1.905310
vt 54.582495 1.965555
vt 55.725395 2.156858
vt 56.079349 2.151192
vt 56.316266 2.061793
vt 57.164739 2.048303
vt 58.061583 1.973229
vt 59.311865 1.934715
vt 60.855837 2.107999
vt 62.086421 2.212228
vt 63.461772 2.072929
vt 64.919454 1.980384
vt 65.992131 2.004068
vt 67.019122 1.983573
vt 67.425296 2.046964
vt 67.045289 2.201092
vt 67.810200 -0.446783
vt 67.936303 -0.605786
vt 67.115972 -0.350900
vt 65.792454 0.144962
vt 65.283494 -0.060396
vt 64.757756 -0.567740
vt 63.500539 -0.543213
vt 62.152540 -0.407016
vt 60.852730 -0.377317
vt 59.764731 -0.037482
vt 58.790946 0.078777
vt 57.249795 -0.471310
vt 55.989561 -0.741984
vt 55.837975 -0.380599
vt 55.745944 -0.194873
vt 55.648318 -0.176656
vt 56.040187 -0.017652
vt 56.005539 -0.272539
vt 55.953284 -0.768401
vt 57.145606 -0.563043
vt 58.676815 -0.055699
vt 59.742311 -0.080226
vt 60.881277 -0.216423
vt 62.123993 -0.246122
vt 63.522960 -0.585957
vt 64.871888 -0.702216
vt 65.387683 -0.152129
vt 65.828731 0.118545
vt 66.948408 -0.242840
vt 67.642060 -0.428566
vt 66.635200 -2.231062
vt 66.195162 -1.871990
vt 66.276981 -2.331620
vt 65.852291 -2.493048
vt 65.217001 -2.680803
vt 64.456348 -3.064066
vt 63.179724 -2.553019
vt 61.988714 -1.738448
vt 60.976774 -2.092198
vt 59.756377 -2.774562
vt 58.691976 -2.746240
vt 57.744710 -2.742110
vt 57.001585 -2.686562
vt 57.024651 -1.977870
vt 56.860809 -1.810683
vt 55.918595 -2.709125
vt 55.712741 -3.068196
vt 56.486875 -2.608567
vt 57.182375 -2.447139
vt 58.046193 -2.259384
vt 59.098045 -1.876121
vt 59.868111 -2.387168
vt 60.868523 -3.201739
vt 62.096964 -2.847989
vt 63.067990 -2.165625
vt 64.050279 -2.193947
vt 64.915519 -2.198077
vt 65.671501 -2.253625
vt 66.814757 -2.962317
vt 67.343231 -3.129503
vt 65.531747 -3.781496
vt 65.506453 -3.893815
vt 65.817059 -4.995189
vt 65.402777 -5.167461
vt 64.291823 -4.027373
vt 63.481771 -3.662193
vt 62.795556 -4.062697
vt 61.941218 -4.112596
vt 61.030924 -4.578773
vt 60.002457 -5.206038
vt 59.301627 -4.419946
vt 58.955443 -3.380992
vt 58.209378 -3.843916
vt 57.426411 -4.529011
vt 57.132089 -4.540196
vt 56.878281 -4.813465
vt 57.042085 -4.701147
vt 57.911725 -3.599773
vt 58.401975 -3.427501
vt 58.501524 -4.567589
vt 59.155038 -4.932769
vt 60.121488 -4.532264
vt 61.036685 -4.482366
vt 61.935457 -4.016188
vt 62.676525 -3.388924
vt 63.628360 -4.175016
vt 64.745743 -5.213970
vt 65.210180 -4.751045
vt 65.331746 -4.065951
vt 65.596457 -4.054766
vt 64.876365 -6.661189
vt 64.638276 -6.167062
vt 64.267897 -5.641851
vt 63.920938 -5.531842
vt 63.359360 -4.903299
vt 62.924308 -5.108758
vt 62.530524 -6.539055
vt 61.853288 -6.671368
vt 61.190031 -5.452307
vt 60.615955 -5.144681
vt 60.037726 -5.332121
vt 59.566122 -5.230892
vt 58.940750 -6.034749
vt 58.353512 -6.860911
vt 58.470656 -5.839468
vt 58.784950 -4.715859
vt 58.679972 -5.209986
vt 58.703113 -5.735198
vt 58.992879 -5.845206
vt 59.283408 -6.473750
vt 59.878600 -6.268290
vt 60.648173 -4.837994
vt 61.216562 -4.705681
vt 61.826757 -5.924741
vt 62.498306 -6.232367
vt 63.083433 -6.044928
vt 63.642074 -6.146156
vt 63.868809 -5.342299
vt 63.918296 -4.516138
vt 64.428960 -5.537580
vt 63.207482 -7.295719
vt 62.991440 -6.164966
vt 62.755320 -5.232753
vt 62.763447 -6.393609
vt 62.659423 -7.451962
vt 62.332000 -7.026632
vt 62.001748 -6.777184
vt 61.665261 -6.513092
vt 61.351241 -5.536134
vt 61.044153 -5.857983
vt 60.631400 -7.479616
vt 60.330499 -7.545167
vt 60.231919 -6.429057
vt 60.100458 -6.209712
vt 60.023293 -6.071760
vt 60.029316 -5.830329
vt 59.882724 -6.961081
vt 59.851921 -7.893294
vt 60.192257 -6.732438
vt 60.532815 -5.674086
vt 60.742917 -6.099415
vt 61.019641 -6.348863
vt 61.333052 -6.612955
vt 61.683450 -7.589913
vt 62.026260 -7.268064
vt 62.220483 -5.646431
vt 62.457107 -5.580880
vt 62.803109 -6.696990
vt 63.003857 -6.916335
vt 63.132008 -7.054287
vt 61.537308 -5.993448
vt 61.539858 -6.847705
vt 61.537724 -6.983255
vt 61.535051 -7.487699
vt 61.529883 -7.818927
vt 61.519565 -6.445840
vt 61.510941 -5.520751
vt 61.504192 -6.687033
vt 61.495443 -7.555254
vt 61.486852 -7.294857
vt 61.478582 -7.366112
vt 61.472543 -6.918537
vt 61.470834 -5.681423
vt 61.465470 -6.115035
vt 61.456595 -7.748095
vt 61.455627 -7.747672
vt 61.459962 -6.893415
vt 61.463105 -6.757865
vt 61.468970 -6.253422
vt 61.475228 -5.922193
vt 61.478725 -7.295280
vt 61.485700 -8.220369
vt 61.495654 -7.054087
vt 61.503981 -6.185866
vt 61.512092 -6.446263
vt 61.519422 -6.375008
vt 61.527198 -6.822583
vt 61.536915 -8.059697
vt 61.540089 -7.626085
vt 61.536491 -5.993025
f 1/1 31/31 32/32
f 1/1 32/32 2/2
f 2/2 32/32 33/33
f 2/2 33/33 3/3
f 3/3 33/33 34/34
f 3/3 34/34 4/4
f 4/4 34/34 35/35
f 4/4 35/35 5/5
f 5/5 35/35 36/36
f 5/5 36/36 6/6
f 6/6 36/36 37/37
f 6/6 37/37 7/7
f 7/7 37/37 38/38
f 7/7 38/38 8/8
f 8/8 38/38 39/39
f 8/8 39/39 9/9
f 9/9 39/39 40/40
f 9/9 40/40 10/10
f 10/10 40/40 41/41
f 10/10 41/41 11/11
f 11/11 41/41 42/42
f 11/11 42/42 12/12
f 12/12 42/42 43/43
f 12/12 43/43 13/13
f 13/13 43/43 44/44
f 13/13 44/44 14/14
f 14/14 44/44 45/45
f 14/14 45/45 15/15
f 15/15 45/45 46/46
f 15/15 46/46 16/16
f 16/16 46/46 47/47
f 16/16 47/47 17/17
f 17/17 47/47 48/48
f 17/17 48/48 18/18
f 18/18 48/48 49/49
f 18/18 49/49 19/19
f 19/19 49/49 50/50
f 19/19 50/50 20/20
f 20/20 50/50 51/51
f 20/20 51/51 21/21
f 21/21 51/51 52/52
f 21/21 52/52 22/22
f 22/22 52/52 53/53
f 22/22 53/53 23/23
f 23/23 53/53 54/54
f 23/23 54/54 24/24
f 24/24 54/54 55/55
f 24/24 55/55 25/25
f 25/25 55/55 56/56
f 25/25 56/56 26/26
f 26/26 56/56 57/57
f 26/26 57/57 27/27
f 27/27 57/57 58/58
f 27/27 58/58 28/28
f 28/28 58/58 59/59
f 28/28 59/59 29/29
f 29/29 59/59 60/60
f 29/29 60/60 30/30
f 30/30 60/60 31/31
f 30/30 31/31 1/1
f 31/31 61/61 62/62
f 31/31 62/62 32/32
f 32/32 62/62 63/63
f 32/32 63/63 33/33
f 33/33 63/63 64/64
f 33/33 64/64 34/34
f 34/34 64/64 65/65
f 34/34 65/65 35/35
f 35/35 65/65 66/66
f 35/35 66/66 36/36
f 36/36 66/66 67/67
f 36/36 67/67 37/37
f 37/37 67/67 68/68
f 37/37 68/68 38/38
f 38/38 68/68 69/69
f 38/38 69/69 39/39
f 39/39 69/69 70/70
f 39/39 70/70 40/40
f 40/40 70/70 71/71
f 40/40 71/71 41/41
f 41/41 71/71 72/72
f 41/41 72/72 42/42
f 42/42 72/72 73/73
f 42/42 73/73 43/43
f 43/43 73/73 74/74
f 43/43 74/74 44/44
f 44/44 74/74 75/75
f 44/44 75/75 45/45
f 45/45 75/75 76/76
f 45/45 76/76 46/46
f 46/46 76/76 77/77
f 46/46 77/77 47/47
f 47/47 77/77 78/78
f 47/47 78/78 48/48
f 48/48 78/78 79/79
f 48/48 79/79 49/49
f 49/49 79/79 80/80
f 49/49 80/80 50/50
f 50/50 80/80 81/81
f 50/50 81/81 51/51
f 51/51 81/81 82/82
f 51/51 82/82 52/52
f 52/52 82/82 83/83
f 52/52 83/83 53/53
f 53/53 83/83 84/84
f 53/53 84/84 54/54
f 54/54 84/84 85/85
f 54/54 85/85 55/55
f 55/55 85/85 86/86
f 55/55 86/86 56/56
f 56/56 86/86 87/87
f 56/56 87/87 57/57
f 57/57 87/87 88/88
f 57/57 88/88 58/58
f 58/58 88/88 89/89
f 58/58 89/89 59/59
f 59/59 89/89 90/90
f 59/59 90/90 60/60
f 60/60 90/90 61/61
f 60/60 61/61 31/31
f 61/61 91/91 92/92
f 61/61 92/92 62/62
f 62/62 92/92 93/93
f 62/62 93/93 63/63
f 63/63 93/93 94/94
f 63/63 94/94 64/64
f 64/64 94/94 95/95
f 64/64 95/95 65/65
f 65/65 95/95 96/96
f 65/65 96/96 66/66
f 66/66 96/96 97/97
f 66/66 97/97 67/67
f 67/67 97/97 98/98
f 67/67 98/98 68/68
f 68/68 98/98 99/99
f 68/68 99/99 69/69
f 69/69 99/99 100/100
f 69/69 100/100 70/70
f 70/70 100/100 101/101
f 70/70 101/101 71/71
f 71/71 101/101 102/102
f 71/71 102/102 72/72
f 72/72 102/102 103/103
f 72/72 103/103 73/73
f 73/73 103/103 104/104
f 73/73 104/104 74/74
f 74/74 104/104 105/105
f 74/74 105/105 75/75
f 75/75 105/105 106/106
f 75/75 106/106 76/76
f 76/76 106/106 107/107
f 76/76 107/107 77/77
f 77/77 107/107 108/108
f 77/77 108/108 78/78
f 78/78 108/108 109/109
f 78/78 109/109 79/79
f 79/79 109/109 110/110
f 79/79 110/110 80/80
f 80/80 110/110 111/111
f 80/80 111/111 81/81
f 81/81 111/111 112/112
f 81/81 112/112 82/82
f 82/82 112/112 113/113
f 82/82 113/113 83/83
f 83/83 113/113 114/114
f 83/83 114/114 84/84
f 84/84 114/114 115/115
f 84/84 115/115 85/85
f 85/85 115/115 116/116
f 85/85 116/116 86/86
f 86/86 116/116 117/117
f 86/86 117/117 87/87
f 87/87 117/117 118/118
f 87/87 118/118 88/88
f 88/88 118/118 119/119
f 88/88 119/119 89/89
f 89/89 119/119 120/120
f 89/89 120/120 90/90
f 90/90 120/120 91/91
f 90/90 91/91 61/61
f 91/91 121/121 122/122
f 91/91 122/122 92/92
f 92/92 122/122 123/123
f 92/92 123/123 93/93
f 93/93 123/123 124/124
f 93/93 124/124 94/94
f 94/94 124/124 125/125
f 94/94 125/125 95/95
f 95/95 125/125 126/126
f 95/95 126/126 96/96
f 96/96 126/126 127/127
f 96/96 127/127 97/97
f 97/97 127/127 128/128
f 97/97 128/128 98/98
f 98/98 128/128 129/129
f 98/98 129/129 99/99
f 99/99 129/129 130/130
f 99/99 130/130 100/100
f 100/100 130/130 131/131
f 100/100 131/131 101/101
f 101/101 131/131 132/132
f 101/101 132/132 102/102
f 102/102 132/132 133/133
f 102/102 133/133 103/103
f 103/103 133/133 134/134
f 103/103 134/134 104/104
f 104/104 134/134 135/135
f 104/104 135/135 105/105
f 105/105 135/135 136/136
f 105/105 136/136 106/106
f 106/106 136/136 137/137
f 106/106 137/137 107/107
f 107/107 137/137 138/138
f 107/107 138/138 108/108
f 108/108 138/138 139/139
f 108/108 139/139 109/109
f 109/109 139/139 140/140
f 109/109 140/140 110/110
f 110/110 140/140 141/141
f 110/110 141/141 111/111
f 111/111 141/141 142/142
f 111/111 142/142 112/112
f 112/112 142/142 143/143
f 112/112 143/143 113/113
f 113/113 143/143 144/144
f 113/113 144/144 114/114
f 114/114 144/144 145/145
f 114/114 145/145 115/115
f 115/115 145/145 146/146
f 115/115 146/146 116/116
f 116/116 146/146 147/147
f 116/116 147/147 117/117
f 117/117 147/147 148/148
f 117/117 148/148 118/118
f 118/118 148/148 149/149
f 118/118 149/149 119/119
f 119/119 149/149 150/150
f 119/119 150/150 120/120
f 120/120 150/150 121/121
f 120/120 121/121 91/91
f 121/121 151/151 152/152
f 121/121 152/152 122/122
f 122/122 152/152 153/153
f 122/122 153/153 123/123
f 123/123 153/153 154/154
f 123/123 154/154 124/124
f 124/124 154/154 155/155
f 124/124 155/155 125/125
f 125/125 155/155 156/156
f 125/125 156/156 126/126
f 126/126 156/156 157/157
f 126/126 157/157 127/127
f 127/127 157/157 158/158
f 127/127 158/158 128/128
f 128/128 158/158 159/159
f 128/128 159/159 129/129
f 129/129 159/159 160/160
f 129/129 160/160 130/130
f 130/130 160/160 161/161
f 130/130 161/161 131/131
f 131/131 161/161 162/162
f 131/131 162/162 132/132
f 132/132 162/162 163/163
f 132/132 163/163 133/133
f 133/133 163/163 164/164
f 133/133 164/164 134/134
f 134/134 164/164 165/165
f 134/134 165/165 135/135
f 135/135 165/165 166/166
f 135/135 166/166 136/136
f 136/136 166/166 167/167
f 136/136 167/167 137/137
f 137/137 167/167 168/168
f 137/137 168/168 138/138
f 138/138 168/168 169/169
f 138/138 169/169 139/139
f 139/139 169/169 170/170
f 139/139 170/170 140/140
f 140/140 170/170 171/171
f 140/140 171/171 141/141
f 141/141 171/171 172/172
f 141/141 172/172 142/142
f 142/142 172/172 173/173
f 142/142 173/173 143/143
f 143/143 173/173 174/174
f 143/143 174/174 144/144
f 144/144 174/174 175/175
f 144/144 175/175 145/145
f 145/145 175/175 176/176
f 145/145 176/176 146/146
f 146/146 176/176 177/177
f 146/146 177/177 147/147
f 147/147 177/177 178/178
f 147/147 178/178 148/148
f 148/148 178/178 179/179
f 148/148 179/179 149/149
f 149/149 179/179 180/180
f 149/149 180/180 150/150
f 150/150 180/180 151/151
f 150/150 151/151 121/121
f 151/151 181/181 182/182
f 151/151 182/182 152/152
f 152/152 182/182 183/183
f 152/152 183/183 153/153
f 153/153 183/183 184/184
f 153/153 184/184 154/154
f 154/154 184/184 185/185
f 154/154 185/185 155/155
f 155/155 185/185 186/186
f 155/155 186/186 156/156
f 156/156 186/186 187/187
f 156/156 187/187 157/157
f 157/157 187/187 188/188
f 157/157 188/188 158/158
f 158/158 188/188 189/189
f 158/158 189/189 159/159
f 159/159 189/189 190/190
f 159/159 190/190 160/160
f 160/160 190/190 191/191
f 160/160 191/191 161/161
f 161/161 191/191 192/192
f 161/161 192/192 162/162
f 162/162 192/192 193/193
f 162/162 193/193 163/163
f 163/163 193/193 194/194
f 163/163 194/194 164/164
f 164/164 194/194 195/195
f 164/164 195/195 165/165
f 165/165 195/195 196/196
f 165/165 196/196 166/166
f 166/166 196/196 197/197
f 166/166 197/197 167/167
f 167/167 197/197 198/198
f 167/167 198/198 168/168
f 168/168 198/198 199/199
f 168/168 199/199 169/169
f 169/169 199/199 200/200
f 169/169 200/200 170/170
f 170/170 200/200 201/201
f 170/170 201/201 171/171
f 171/171 201/201 202/202
f 171/171 202/202 172/172
f 172/172 202/202 203/203
f 172/172 203/203 173/173
f 173/173 203/203 204/204
f 173/173 204/204 174/174
f 174/174 204/204 205/205
f 174/174 205/205 175/175
f 175/175 205/205 206/206
f 175/175 206/206 176/176
f 176/176 206/206 207/207
f 176/176 207/207 177/177
f 177/177 207/207 208/208
f 177/177 208/208 178/178
f 178/178 208/208 209/209
f 178/178 209/209 179/179
f 179/179 209/209 210/210
f 179/179 210/210 180/180
f 180/180 210/210 181/181
f 180/180 181/181 151/151
f 181/181 211/211 212/212
f 181/181 212/212 182/182
f 182/182 212/212 213/213
f 182/182 213/213 183/183
f 183/183 213/213 214/214
f 183/183 214/214 184/184
f 184/184 214/214 215/215
f 184/184 215/215 185/185
f 185/185 215/215 216/216
f 185/185 216/216 186/186
f 186/186 216/216 217/217
f 186/186 217/217 187/187
f 187/187 217/217 218/218
f 187/187 218/218 188/188
f 188/188 218/218 219/219
f 188/188 219/219 189/189
f 189/189 219/219 220/220
f 189/189 220/220 190/190
f 190/190 220/220 221/221
f 190/190 221/221 191/191
f 191/191 221/221 222/222
f 191/191 222/222 192/192
f 192/192 222/222 223/223
f 192/192 223/223 193/193
f 193/193 223/223 224/224
f 193/193 224/224 194/194
f 194/194 224/224 225/225
f 194/194 225/225 195/195
f 195/195 225/225 226/226
f 195/195 226/226 196/196
f 196/196 226/226 227/227
f 196/196 227/227 197/197
f 197/197 227/227 228/228
f 197/197 228/228 198/198
f 198/198 228/228 229/229
f 198/198 229/229 199/199
f 199/199 229/229 230/230
f 199/199 230/230 200/200
f 200/200 230/230 231/231
f 200/200 231/231 201/201
f 201/201 231/231 232/232
f 201/201 232/232 202/202
f 202/202 232/232 233/233
f 202/202 233/233 203/203
f 203/203 233/233 234/234
f 203/203 234/234 204/204
f 204/204 234/234 235/235
f 204/204 235/235 205/205
f 205/205 235/235 236/236
f 205/205 236/236 206/206
f 206/206 236/236 237/237
f 206/206 237/237 207/207
f 207/207 237/237 238/238
f 207/207 238/238 208/208
f 208/208 238/238 239/239
f 208/208 239/239 209/209
f 209/209 239/239 240/240
f 209/209 240/240 210/210
f 210/210 240/240 211/211
f 210/210 211/211 181/181
f 211/211 241/241 242/242
f 211/211 242/242 212/212
f 212/212 242/242 243/243
f 212/212 243/243 213/213
f 213/213 243/243 244/244
f 213/213 244/244 214/214
f 214/214 244/244 245/245
f 214/214 245/245 215/215
f 215/215 245/245 246/246
f 215/215 246/246 216/216
f 216/216 246/246 247/247
f 216/216 247/247 217/217
f 217/217 247/247 248/248
f 217/217 248/248 218/218
f 218/218 248/248 249/249
f 218/218 249/249 219/219
f 219/219 249/249 250/250
f 219/219 250/250 220/220
f 220/220 250/250 251/251
f 220/220 251/251 221/221
f 221/221 251/251 252/252
f 221/221 252/252 222/222
f 222/222 252/252 253/253
f 222/222 253/253 223/223
f 223/223 253/253 254/254
f 223/223 254/254 224/224
f 224/224 254/254 255/255
f 224/224 255/255 225/225
f 225/225 255/255 256/256
f 225/225 256/256 226/226
f 226/226 256/256 257/257
f 226/226 257/257 227/227
f 227/227 257/257 258/258
f 227/227 258/258 228/228
f 228/228 258/258 259/259
f 228/228 259/259 229/229
f 229/229 259/259 260/260
f 229/229 260/260 230/230
f 230/230 260/260 261/261
f 230/230 261/261 231/231
f 231/231 261/261 262/262
f 231/231 262/262 232/232
f 232/232 262/262 263/263
f 232/232 263/263 233/233
f 233/233 263/263 264/264
f 233/233 264/264 234/234
f 234/234 264/264 265/265
f 234/234 265/265 235/235
f 235/235 265/265 266/266
f 235/235 266/266 236/236
f 236/236 266/266 267/267
f 236/236 267/267 237/237
f 237/237 267/267 268/268
f 237/237 268/268 238/238
f 238/238 268/268 269/269
f 238/238 269/269 239/239
f 239/239 269/269 270/270
f 239/239 270/270 240/240
f 240/240 270/270 241/241
f 240/240 241/241 211/211
f 241/241 271/271 272/272
f 241/241 272/272 242/242
f 242/242 272/272 273/273
f 242/242 273/273 243/243
f 243/243 273/273 274/274
f 243/243 274/274 244/244
f 244/244 274/274 275/275
f 244/244 275/275 245/245
f 245/245 275/275 276/276
f 245/245 276/276 246/246
f 246/246 276/276 277/277
f 246/246 277/277 247/247
f 247/247 277/277 278/278
f 247/247 278/278 248/248
f 248/248 278/278 279/279
f 248/248 279/279 249/249
f 249/249 279/279 280/280
f 249/249 280/280 250/250
f 250/250 280/280 281/281
f 250/250 281/281 251/251
f 251/251 281/281 282/282
f 251/251 282/282 252/252
f 252/252 282/282 283/283
f 252/252 283/283 253/253
f 253/253 283/283 284/284
f 253/253 284/284 254/254
f 254/254 284/284 285/285
f 254/254 285/285 255/255
f 255/255 285/285 286/286
f 255/255 286/286 256/256
f 256/256 286/286 287/287
f 256/256 287/287 257/257
f 257/257 287/287 288/288
f 257/257 288/288 258/258
f 258/258 288/288 289/289
f 258/258 289/289 259/259
f 259/259 289/289 290/290
f 259/259 290/290 260/260
f 260/260 290/290 291/291
f 260/260 291/291 261/261
f 261/261 291/291 292/292
f 261/261 292/292 262/262
f 262/262 292/292 293/293
f 262/262 293/293 263/263
f 263/263 293/293 294/294
f 263/263 294/294 264/264
f 264/264 294/294 295/295
f 264/264 295/295 265/265
f 265/265 295/295 296/296
f 265/265 296/296 266/266
f 266/266 296/296 297/297
f 266/266 297/297 267/267
f 267/267 297/297 298/298
f 267/267 298/298 268/268
f 268/268 298/298 299/299
f 268/268 299/299 269/269
f 269/269 299/299 300/300
f 269/269 300/300 270/270
f 270/270 300/300 271/271
f 270/270 271/271 241/241
f 271/271 301/301 302/302
f 271/271 302/302 272/272
f 272/272 302/302 303/303
f 272/272 303/303 273/273
f 273/273 303/303 304/304
f 273/273 304/304 274/274
f 274/274 304/304 305/305
f 274/274 305/305 275/275
f 275/275 305/305 306/306
f 275/275 306/306 276/276
f 276/276 306/306 307/307
f 276/276 307/307 277/277
f 277/277 307/307 308/308
f 277/277 308/308 278/278
f 278/278 308/308 309/309
f 278/278 309/309 279/279
f 279/279 309/309 310/310
f 279/279 310/310 280/280
f 280/280 310/310 311/311
f 280/280 311/311 281/281
f 281/281 311/311 312/312
f 281/281 312/312 282/282
f 282/282 312/312 313/313
f 282/282 313/313 283/283
f 283/283 313/313 314/314
f 283/283 314/314 284/284
f 284/284 314/314 315/315
f 284/284 315/315 285/285
f 285/285 315/315 316/316
f 285/285 316/316 286/286
f 286/286 316/316 317/317
f 286/286 317/317 287/287
f 287/287 317/317 318/318
f 287/287 318/318 288/288
f 288/288 318/318 319/319
f 288/288 319/319 289/289
f 289/289 319/319 320/320
f 289/289 320/320 290/290
f 290/290 320/320 321/321
f 290/290 321/321 291/291
f 291/291 321/321 322/322
f 291/291 322/322 292/292
f 292/292 322/322 323/323
f 292/292 323/323 293/293
f 293/293 323/323 324/324
f 293/293 324/324 294/294
f 294/294 324/324 325/325
f 294/294 325/325 295/295
f 295/295 325/325 326/326
f 295/295 326/326 296/296
f 296/296 326/326 327/327
f 296/296 327/327 297/297
f 297/297 327/327 328/328
f 297/297 328/328 298/298
f 298/298 328/328 329/329
f 298/298 329/329 299/299
f 299/299 329/329 330/330
f 299/299 330/330 300/300
f 300/300 330/330 301/301
f 300/300 301/301 271/271
f 301/301 331/331 332/332
f 301/301 332/332 302/302
f 302/302 332/332 333/333
f 302/302 333/333 303/303
f 303/303 333/333 334/334
f 303/303 334/334 304/304
f 304/304 334/334 335/335
f 304/304 335/335 305/305
f 305/305 335/335 336/336
f 305/305 336/336 306/306
f 306/306 336/336 337/337
f 306/306 337/337 307/307
f 307/307 337/337 338/338
f 307/307 338/338 308/308
f 308/308 338/338 339/339
f 308/308 339/339 309/309
f 309/309 339/339 340/340
f 309/309 340/340 310/310
f 310/310 340/340 341/341
f 310/310 341/341 311/311
f 311/311 341/341 342/342
f 311/311 342/342 312/312
f 312/312 342/342 343/343
f 312/312 343/343 313/313
f 313/313 343/343 344/344
f 313/313 344/344 314/314
f 314/314 344/344 345/345
f 314/314 345/345 315/315
f 315/315 345/345 346/346
f 315/315 346/346 316/316
f 316/316 346/346 347/347
f 316/316 347/347 317/317
f 317/317 347/347 348/348
f 317/317 348/348 318/318
f 318/318 348/348 349/349
f 318/318 349/349 319/319
f 319/319 349/349 350/350
f 319/319 350/350 320/320
f 320/320 350/350 351/351
f 320/320 351/351 321/321
f 321/321 351/351 352/352
f 321/321 352/352 322/322
f 322/322 352/352 353/353
f 322/322 353/353 323/323
f 323/323 353/353 354/354
f 323/323 354/354 324/324
f 324/324 354/354 355/355
f 324/324 355/355 325/325
f 325/325 355/355 356/356
f 325/325 356/356 326/326
f 326/326 356/356 357/357
f 326/326 357/357 327/327
f 327/327 357/357 358/358
f 327/327 358/358 328/328
f 328/328 358/358 359/359
f 328/328 359/359 329/329
f 329/329 359/359 360/360
f 329/329 360/360 330/330
f 330/330 360/360 331/331
f 330/330 331/331 301/301
f 331/331 361/361 362/362
f 331/331 362/362 332/332
f 332/332 362/362 363/363
f 332/332 363/363 333/333
f 333/333 363/363 364/364
f 333/333 364/364 334/334
f 334/334 364/364 365/365
f 334/334 365/365 335/335
f 335/335 365/365 366/366
f 335/335 366/366 336/336
f 336/336 366/366 367/367
f 336/336 367/367 337/337
f 337/337 367/367 368/368
f 337/337 368/368 338/338
f 338/338 368/368 369/369
f 338/338 369/369 339/339
f 339/339 369/369 370/370
f 339/339 370/370 340/340
f 340/340 370/370 371/371
f 340/340 371/371 341/341
f 341/341 371/371 372/372
f 341/341 372/372 342/342
f 342/342 372/372 373/373
f 342/342 373/373 343/343
f 343/343 373/373 374/374
f 343/343 374/374 344/344
f 344/344 374/374 375/375
f 344/344 375/375 345/345
f 345/345 375/375 376/376
f 345/345 376/376 346/346
f 346/346 376/376 377/377
f 346/346 377/377 347/347
f 347/347 377/377 378/378
f 347/347 378/378 348/348
f 348/348 378/378 379/379
f 348/348 379/379 349/349
f 349/349 379/379 380/380
f 349/349 380/380 350/350
f 350/350 380/380 381/381
f 350/350 381/381 351/351
f 351/351 381/381 382/382
f 351/351 382/382 352/352
f 352/352 382/382 383/383
f 352/352 383/383 353/353
f 353/353 383/383 384/384
f 353/353 384/384 354/354
f 354/354 384/384 385/385
f 354/354 385/385 355/355
f 355/355 385/385 386/386
f 355/355 386/386 356/356
f 356/356 386/386 387/387
f 356/356 387/387 357/357
f 357/357 387/387 388/388
f 357/357 388/388 358/358
f 358/358 388/388 389/389
f 358/358 389/389 359/359
f 359/359 389/389 390/390
f 359/359 390/390 360/360
f 360/360 390/390 361/361
f 360/360 361/361 331/331
f 361/361 391/391 392/392
f 361/361 392/392 362/362
f 362/362 392/392 393/393
f 362/362 393/393 363/363
f 363/363 393/393 394/394
f 363/363 394/394 364/364
f 364/364 394/394 395/395
f 364/364 395/395 365/365
f 365/365 395/395 396/396
f 365/365 396/396 366/366
f 366/366 396/396 397/397
f 366/366 397/397 367/367
f 367/367 397/397 398/398
f 367/367 398/398 368/368
f 368/368 398/398 399/399
f 368/368 399/399 369/369
f 369/369 399/399 400/400
f 369/369 400/400 370/370
f 370/370 400/400 401/401
f 370/370 401/401 371/371
f 371/371 401/401 402/402
f 371/371 402/402 372/372
f 372/372 402/402 403/403
f 372/372 403/403 373/373
f 373/373 403/403 404/404
f 373/373 404/404 374/374
f 374/374 404/404 405/405
f 374/374 405/405 375/375
f 375/375 405/405 406/406
f 375/375 406/406 376/376
f 376/376 406/406 407/407
f 376/376 407/407 377/377
f 377/377 407/407 408/408
f 377/377 408/408 378/378
f 378/378 408/408 409/409
f 378/378 409/409 379/379
f 379/379 409/409 410/410
f 379/379 410/410 380/380
f 380/380 410/410 411/411
f 380/380 411/411 381/381
f 381/381 411/411 412/412
f 381/381 412/412 382/382
f 382/382 412/412 413/413
f 382/382 413/413 383/383
f 383/383 413/413 414/414
f 383/383 414/414 384/384
f 384/384 414/414 415/415
f 384/384 415/415 385/385
f 385/385 415/415 416/416
f 385/385 416/416 386/386
f 386/386 416/416 417/417
f 386/386 417/417 387/387
f 387/387 417/417 418/418
f 387/387 418/418 388/388
f 388/388 418/418 419/419
f 388/388 419/419 389/389
f 389/389 419/419 420/420
f 389/389 420/420 390/390
f 390/390 420/420 391/391
f 390/390 391/391 361/361
f 1/1 2/2 3/3
f 1/1 3/3 4/4
f 1/1 4/4 5/5
f 1/1 5/5 6/6
f 1/1 6/6 7/7
f 1/1 7/7 8/8
f 1/1 8/8 9/9
f 1/1 9/9 10/10
f 1/1 10/10 11/11
f 1/1 11/11 12/12
f 1/1 12/12 13/13
f 1/1 13/13 14/14
f 1/1 14/14 15/15
f 1/1 15/15 16/16
f 1/1 16/16 17/17
f 1/1 17/17 18/18
f 1/1 18/18 19/19
f 1/1 19/19 20/20
f 1/1 20/20 21/21
f 1/1 21/21 22/22
f 1/1 22/22 23/23
f 1/1 23/23 24/24
f 1/1 24/24 25/25
f 1/1 25/25 26/26
f 1/1 26/26 27/27
f 1/1 27/27 28/28
f 1/1 28/28 29/29
f 1/1 29/29 30/30
f 420/420 419/419 418/418
f 420/420 418/418 417/417
f 420/420 417/417 416/416
f 420/420 416/416 415/415
f 420/420 415/415 414/414
f 420/420 414/414 413/413
f 420/420 413/413 412/412
f 420/420 412/412 411/411
f 420/420 411/411 410/410
f 420/420 410/410 409/409
f 420/420 409/409 408/408
f 420/420 408/408 407/407
f 420/420 407/407 406/406
f 420/420 406/406 405/405
f 420/420 405/405 404/404
f 420/420 404/404 403/403
f 420/420 403/403 402/402
f 420/420 402/402 401/401
f 420/420 401/401 400/400
f 420/420 400/400 399/399
f 420/420 399/399 398/398
f 420/420 398/398 397/397
f 420/420 397/397 396/396
f 420/420 396/396 395/395
f 420/420 395/395 394/394
f 420/420 394/394 393/393
f 420/420 393/393 392/392
f 420/420 392/392 391/391
f 421/421 451/451 452/452
f 421/421 452/452 422/422
f 422/422 452/452 453/453
f 422/422 453/453 423/423
f 423/423 453/453 454/454
f 423/423 454/454 424/424
f 424/424 454/454 455/455
f 424/424 455/455 425/425
f 425/425 455/455 456/456
f 425/425 456/456 426/426
f 426/426 456/456 457/457
f 426/426 457/457 427/427
f 427/427 457/457 458/458
f 427/427 458/458 428/428
f 428/428 458/458 459/459
f 428/428 459/459 429/429
f 429/429 459/459 460/460
f 429/429 460/460 430/430
f 430/430 460/460 461/461
f 430/430 461/461 431/431
f 431/431 461/461 462/462
f 431/431 462/462 432/432
f 432/432 462/462 463/463
f 432/432 463/463 433/433
f 433/433 463/463 464/464
f 433/433 464/464 434/434
f 434/434 464/464 465/465
f 434/434 465/465 435/435
f 435/435 465/465 466/466
f 435/435 466/466 436/436
f 436/436 466/466 467/467
f 436/436 467/467 437/437
f 437/437 467/467 468/468
f 437/437 468/468 438/438
f 438/438 468/468 469/469
f 438/438 469/469 439/439
f 439/439 469/469 470/470
f 439/439 470/470 440/440
f 440/440 470/470 471/471
f 440/440 471/471 441/441
f 441/441 471/471 472/472
f 441/441 472/472 442/442
f 442/442 472/472 473/473
f 442/442 473/473 443/443
f 443/443 473/473 474/474
f 443/443 474/474 444/444
f 444/444 474/474 475/475
f 444/444 475/475 445/445
f 445/445 475/475 476/476
f 445/445 476/476 446/446
f 446/446 476/476 477/477
f 446/446 477/477 447/447
f 447/447 477/477 478/478
f 447/447 478/478 448/448
f 448/448 478/478 479/479
f 448/448 479/479 449/449
f 449/449 479/479 480/480
f 449/449 480/480 450/450
f 450/450 480/480 451/451
f 450/450 451/451 421/421
f 451/451 481/481 482/482
f 451/451 482/482 452/452
f 452/452 482/482 483/483
f 452/452 483/483 453/453
f 453/453 483/483 484/484
f 453/453 484/484 454/454
f 454/454 484/484 485/485
f 454/454 485/485 455/455
f 455/455 485/485 486/486
f 455/455 486/486 456/456
f 456/456 486/486 487/487
f 456/456 487/487 457/457
f 457/457 487/487 488/488
f 457/457 488/488 458/458
f 458/458 488/488 489/489
f 458/458 489/489 459/459
f 459/459 489/489 490/490
f 459/459 490/490 460/460
f 460/460 490/490 491/491
f 460/460 491/491 461/461
f 461/461 491/491 492/492
f 461/461 492/492 462/462
f 462/462 492/492 493/493
f 462/462 493/493 463/463
f 463/463 493/493 494/494
f 463/463 494/494 464/464
f 464/464 494/494 495/495
f 464/464 495/495 465/465
f 465/465 495/495 496/496
f 465/465 496/496 466/466
f 466/466 496/496 497/497
f 466/466 497/497 467/467
f 467/467 497/497 498/498
f 467/467 498/498 468/468
f 468/468 498/498 499/499
f 468/468 499/499 469/469
f 469/469 499/499 500/500
f 469/469 500/500 470/470
f 470/470 500/500 501/501
f 470/470 501/501 471/471
f 471/471 501/501 502/502
f 471/471 502/502 472/472
f 472/472 502/502 503/503
f 472/472 503/503 473/473
f 473/473 503/503 504/504
f 473/473 504/504 474/474
f 474/474 504/504 505/505
f 474/474 505/505 475/475
f 475/475 505/505 506/506
f 475/475 506/506 476/476
f 476/476 506/506 507/507
f 476/476 507/507 477/477
f 477/477 507/507 508/508
f 477/477 508/508 478/478
f 478/478 508/508 509/509
f 478/478 509/509 479/479
f 479/479 509/509 510/510
f 479/479 510/510 480/480
f 480/480 510/510 481/481
f 480/480 481/481 451/451
f 481/481 511/511 512/512
f 481/481 512/512 482/482
f 482/482 512/512 513/513
f 482/482 513/513 483/483
f 483/483 513/513 514/514
f 483/483 514/514 484/484
f 484/484 514/514 515/515
f 484/484 515/515 485/485
f 485/485 515/515 516/516
f 485/485 516/516 486/486
f 486/486 516/516 517/517
f 486/486 517/517 487/487
f 487/487 517/517 518/518
f 487/487 518/518 488/488
f 488/488 518/518 519/519
f 488/488 519/519 489/489
f 489/489 519/519 520/520
f 489/489 520/520 490/490
f 490/490 520/520 521/521
f 490/490 521/521 491/491
f 491/491 521/521 522/522
f 491/491 522/522 492/492
f 492/492 522/522 523/523
f 492/492 523/523 493/493
f 493/493 523/523 524/524
f 493/493 524/524 494/494
f 494/494 524/524 525/525
f 494/494 525/525 495/495
f 495/495 525/525 526/526
f 495/495 526/526 496/496
f 496/496 526/526 527/527
f 496/496 527/527 497/497
f 497/497 527/527 528/528
f 497/497 528/528 498/498
f 498/498 528/528 529/529
f 498/498 529/529 499/499
f 499/499 529/529 530/530
f 499/499 530/530 500/500
f 500/500 530/530 531/531
f 500/500 531/531 501/501
f 501/501 531/531 532/532
f 501/501 532/532 502/502
f 502/502 532/532 533/533
f 502/502 533/533 503/503
f 503/503 533/533 534/534
f 503/503 534/534 504/504
f 504/504 534/534 535/535
f 504/504 535/535 505/505
f 505/505 535/535 536/536
f 505/505 536/536 506/506
f 506/506 536/536 537/537
f 506/506 537/537 507/507
f 507/507 537/537 538/538
f 507/507 538/538 508/508
f 508/508 538/538 539/539
f 508/508 539/539 509/509
f 509/509 539/539 540/540
f 509/509 540/540 510/510
f 510/510 540/540 511/511
f 510/510 511/511 481/481
f 511/511 541/541 542/542
f 511/511 542/542 512/512
f 512/512 542/542 543/543
f 512/512 543/543 513/513
f 513/513 543/543 544/544
f 513/513 544/544 514/514
f 514/514 544/544 545/545
f 514/514 545/545 515/515
f 515/515 545/545 546/546
f 515/515 546/546 516/516
f 516/516 546/546 547/547
f 516/516 547/547 517/517
f 517/517 547/547 548/548
f 517/517 548/548 518/518
f 518/518 548/548 549/549
f 518/518 549/549 519/519
f 519/519 549/549 550/550
f 519/519 550/550 520/520
f 520/520 550/550 551/551
f 520/520 551/551 521/521
f 521/521 551/551 552/552
f 521/521 552/552 522/522
f 522/522 552/552 553/553
f 522/522 553/553 523/523
f 523/523 553/553 554/554
f 523/523 554/554 524/524
f 524/524 554/554 555/555
f 524/524 555/555 525/525
f 525/525 555/555 556/556
f 525/525 556/556 526/526
f 526/526 556/556 557/557
f 526/526 557/557 527/527
f 527/527 557/557 558/558
f 527/527 558/558 528/528
f 528/528 558/558 559/559
f 528/528 559/559 529/529
f 529/529 559/559 560/560
f 529/529 560/560 530/530
f 530/530 560/560 561/561
f 530/530 561/561 531/531
f 531/531 561/561 562/562
f 531/531 562/562 532/532
f 532/532 562/562 563/563
f 532/532 563/563 533/533
f 533/533 563/563 564/564
f 533/533 564/564 534/534
f 534/534 564/564 565/565
f 534/534 565/565 535/535
f 535/535 565/565 566/566
f 535/535 566/566 536/536
f 536/536 566/566 567/567
f 536/536 567/567 537/537
f 537/537 567/567 568/568
f 537/537 568/568 538/538
f 538/538 568/568 569/569
f 538/538 569/569 539/539
f 539/539 569/569 570/570
f 539/539 570/570 540/540
f 540/540 570/570 541/541
f 540/540 541/541 511/511
f 541/541 571/571 572/572
f 541/541 572/572 542/542
f 542/542 572/572 573/573
f 542/542 573/573 543/543
f 543/543 573/573 574/574
f 543/543 574/574 544/544
f 544/544 574/574 575/575
f 544/544 575/575 545/545
f 545/545 575/575 576/576
f 545/545 576/576 546/546
f 546/546 576/576 577/577
f 546/546 577/577 547/547
f 547/547 577/577 578/578
f 547/547 578/578 548/548
f 548/548 578/578 579/579
f 548/548 579/579 549/549
f 549/549 579/579 580/580
f 549/549 580/580 550/550
f 550/550 580/580 581/581
f 550/550 581/581 551/551
f 551/551 581/581 582/582
f 551/551 582/582 552/552
f 552/552 582/582 583/583
f 552/552 583/583 553/553
f 553/553 583/583 584/584
f 553/553 584/584 554/554
f 554/554 584/584 585/585
f 554/554 585/585 555/555
f 555/555 585/585 586/586
f 555/555 586/586 556/556
f 556/556 586/586 587/587
f 556/556 587/587 557/557
f 557/557 587/587 588/588
f 557/557 588/588 558/558
f 558/558 588/588 589/589
f 558/558 589/589 559/559
f 559/559 589/589 590/590
f 559/559 590/590 560/560
f 560/560 590/590 591/591
f 560/560 591/591 561/561
f 561/561 591/591 592/592
f 561/561 592/592 562/562
f 562/562 592/592 593/593
f 562/562 593/593 563/563
f 563/563 593/593 594/594
f 563/563 594/594 564/564
f 564/564 594/594 595/595
f 564/564 595/595 565/565
f 565/565 595/595 596/596
f 565/565 596/596 566/566
f 566/566 596/596 597/597
f 566/566 597/597 567/567
f 567/567 597/597 598/598
f 567/567 598/598 568/568
f 568/568 598/598 599/599
f 568/568 599/599 569/569
f 569/569 599/599 600/600
f 569/569 600/600 570/570
f 570/570 600/600 571/571
f 570/570 571/571 541/541
f 571/571 601/601 602/602
f 571/571 602/602 572/572
f 572/572 602/602 603/603
f 572/572 603/603 573/573
f 573/573 603/603 604/604
f 573/573 604/604 574/574
f 574/574 604/604 605/605
f 574/574 605/605 575/575
f 575/575 605/605 606/606
f 575/575 606/606 576/576
f 576/576 606/606 607/607
f 576/576 607/607 577/577
f 577/577 607/607 608/608
f 577/577 608/608 578/578
f 578/578 608/608 609/609
f 578/578 609/609 579/579
f 579/579 609/609 610/610
f 579/579 610/610 580/580
f 580/580 610/610 611/611
f 580/580 611/611 581/581
f 581/581 611/611 612/612
f 581/581 612/612 582/582
f 582/582 612/612 613/613
f 582/582 613/613 583/583
f 583/583 613/613 614/614
f 583/583 614/614 584/584
f 584/584 614/614 615/615
f 584/584 615/615 585/585
f 585/585 615/615 616/616
f 585/585 616/616 586/586
f 586/586 616/616 617/617
f 586/586 617/617 587/587
f 587/587 617/617 618/618
f 587/587 618/618 588/588
f 588/588 618/618 619/619
f 588/588 619/619 589/589
f 589/589 619/619 620/620
f 589/589 620/620 590/590
f 590/590 620/620 621/621
f 590/590 621/621 591/591
f 591/591 621/621 622/622
f 591/591 622/622 592/592
f 592/592 622/622 623/623
f 592/592 623/623 593/593
f 593/593 623/623 624/624
f 593/593 624/624 594/594
f 594/594 624/624 625/625
f 594/594 625/625 595/595
f 595/595 625/625 626/626
f 595/595 626/626 596/596
f 596/596 626/626 627/627
f 596/596 627/627 597/597
f 597/597 627/627 628/628
f 597/597 628/628 598/598
f 598/598 628/628 629/629
f 598/598 629/629 599/599
f 599/599 629/629 630/630
f 599/599 630/630 600/600
f 600/600 630/630 601/601
f 600/600 601/601 571/571
f 601/601 631/631 632/632
f 601/601 632/632 602/602
f 602/602 632/632 633/633
f 602/602 633/633 603/603
f 603/603 633/633 634/634
f 603/603 634/634 604/604
f 604/604 634/634 635/635
f 604/604 635/635 605/605
f 605/605 635/635 636/636
f 605/605 636/636 606/606
f 606/606 636/636 637/637
f 606/606 637/637 607/607
f 607/607 637/637 638/638
f 607/607 638/638 608/608
f 608/608 638/638 639/639
f 608/608 639/639 609/609
f 609/609 639/639 640/640
f 609/609 640/640 610/610
f 610/610 640/640 641/641
f 610/610 641/641 611/611
f 611/611 641/641 642/642
f 611/611 642/642 612/612
f 612/612 642/642 643/643
f 612/612 643/643 613/613
f 613/613 643/643 644/644
f 613/613 644/644 614/614
f 614/614 644/644 645/645
f 614/614 645/645 615/615
f 615/615 645/645 646/646
f 615/615 646/646 616/616
f 616/616 646/646 647/647
f 616/616 647/647 617/617
f 617/617 647/647 648/648
f 617/617 648/648 618/618
f 618/618 648/648 649/649
f 618/618 649/649 619/619
f 619/619 649/649 650/650
f 619/619 650/650 620/620
f 620/620 650/650 651/651
f 620/620 651/651 621/621
f 621/621 651/651 652/652
f 621/621 652/652 622/622
f 622/622 652/652 653/653
f 622/622 653/653 623/623
f 623/623 653/653 654/654
f 623/623 654/654 624/624
f 624/624 654/654 655/655
f 624/624 655/655 625/625
f 625/625 655/655 656/656
f 625/625 656/656 626/626
f 626/626 656/656 657/657
f 626/626 657/657 627/627
f 627/627 657/657 658/658
f 627/627 658/658 628/628
f 628/628 658/658 659/659
f 628/628 659/659 629/629
f 629/629 659/659 660/660
f 629/629 660/660 630/630
f 630/630 660/660 631/631
f 630/630 631/631 601/601
f 631/631 661/661 662/662
f 631/631 662/662 632/632
f 632/632 662/662 663/663
f 632/632 663/663 633/633
f 633/633 663/663 664/664
f 633/633 664/664 634/634
f 634/634 664/664 665/665
f 634/634 665/665 635/635
f 635/635 665/665 666/666
f 635/635 666/666 636/636
f 636/636 666/666 667/667
f 636/636 667/667 637/637
f 637/637 667/667 668/668
f 637/637 668/668 638/638
f 638/638 668/668 669/669
f 638/638 669/669 639/639
f 639/639 669/669 670/670
f 639/639 670/670 640/640
f 640/640 670/670 671/671
f 640/640 671/671 641/641
f 641/641 671/671 672/672
f 641/641 672/672 642/642
f 642/642 672/672 673/673
f 642/642 673/673 643/643
f 643/643 673/673 674/674
f 643/643 674/674 644/644
f 644/644 674/674 675/675
f 644/644 675/675 645/645
f 645/645 675/675 676/676
f 645/645 676/676 646/646
f 646/646 676/676 677/677
f 646/646 677/677 647/647
f 647/647 677/677 678/678
f 647/647 678/678 648/648
f 648/648 678/678 679/679
f 648/648 679/679 649/649
f 649/649 679/679 680/680
f 649/649 680/680 650/650
f 650/650 680/680 681/681
f 650/650 681/681 651/651
f 651/651 681/681 682/682
f 651/651 682/682 652/652
f 652/652 682/682 683/683
f 652/652 683/683 653/653
f 653/653 683/683 684/684
f 653/653 684/684 654/654
f 654/654 684/684 685/685
f 654/654 685/685 655/655
f 655/655 685/685 686/686
f 655/655 686/686 656/656
f 656/656 686/686 687/687
f 656/656 687/687 657/657
f 657/657 687/687 688/688
f 657/657 688/688 658/658
f 658/658 688/688 689/689
f 658/658 689/689 659/659
f 659/659 689/689 690/690
f 659/659 690/690 660/660
f 660/660 690/690 661/661
f 660/660 661/661 631/631
f 661/661 691/691 692/692
f 661/661 692/692 662/662
f 662/662 692/692 693/693
f 662/662 693/693 663/663
f 663/663 693/693 694/694
f 663/663 694/694 664/664
f 664/664 694/694 695/695
f 664/664 695/695 665/665
f 665/665 695/695 696/696
f 665/665 696/696 666/666
f 666/666 696/696 697/697
f 666/666 697/697 667/667
f 667/667 697/697 698/698
f 667/667 698/698 668/668
f 668/668 698/698 699/699
f 668/668 699/699 669/669
f 669/669 699/699 700/700
f 669/669 700/700 670/670
f 670/670 700/700 701/701
f 670/670 701/701 671/671
f 671/671 701/701 702/702
f 671/671 702/702 672/672
f 672/672 702/702 703/703
f 672/672 703/703 673/673
f 673/673 703/703 704/704
f 673/673 704/704 674/674
f 674/674 704/704 705/705
f 674/674 705/705 675/675
f 675/675 705/705 706/706
f 675/675 706/706 676/676
f 676/676 706/706 707/707
f 676/676 707/707 677/677
f 677/677 707/707 708/708
f 677/677 708/708 678/678
f 678/678 708/708 709/709
f 678/678 709/709 679/679
f 679/679 709/709 710/710
f 679/679 710/710 680/680
f 680/680 710/710 711/711
f 680/680 711/711 681/681
f 681/681 711/711 712/712
f 681/681 712/712 682/682
f 682/682 712/712 713/713
f 682/682 713/713 683/683
f 683/683 713/713 714/714
f 683/683 714/714 684/684
f 684/684 714/714 715/715
f 684/684 715/715 685/685
f 685/685 715/715 716/716
f 685/685 716/716 686/686
f 686/686 716/716 717/717
f 686/686 717/717 687/687
f 687/687 717/717 718/718
f 687/687 718/718 688/688
f 688/688 718/718 719/719
f 688/688 719/719 689/689
f 689/689 719/719 720/720
f 689/689 720/720 690/690
f 690/690 720/720 691/691
f 690/690 691/691 661/661
f 691/691 721/721 722/722
f 691/691 722/722 692/692
f 692/692 722/722 723/723
f 692/692 723/723 693/693
f 693/693 723/723 724/724
f 693/693 724/724 694/694
f 694/694 724/724 725/725
f 694/694 725/725 695/695
f 695/695 725/725 726/726
f 695/695 726/726 696/696
f 696/696 726/726 727/727
f 696/696 727/727 697/697
f 697/697 727/727 728/728
f 697/697 728/728 698/698
f 698/698 728/728 729/729
f 698/698 729/729 699/699
f 699/699 729/729 730/730
f 699/699 730/730 700/700
f 700/700 730/730 731/731
f 700/700 731/731 701/701
f 701/701 731/731 732/732
f 701/701 732/732 702/702
f 702/702 732/732 733/733
f 702/702 733/733 703/703
f 703/703 733/733 734/734
f 703/703 734/734 704/704
f 704/704 734/734 735/735
f 704/704 735/735 705/705
f 705/705 735/735 736/736
f 705/705 736/736 706/706
f 706/706 736/736 737/737
f 706/706 737/737 707/707
f 707/707 737/737 738/738
f 707/707 738/738 708/708
f 708/708 738/738 739/739
f 708/708 739/739 709/709
f 709/709 739/739 740/740
f 709/709 740/740 710/710
f 710/710 740/740 741/741
f 710/710 741/741 711/711
f 711/711 741/741 742/742
f 711/711 742/742 712/712
f 712/712 742/742 743/743
f 712/712 743/743 713/713
f 713/713 743/743 744/744
f 713/713 744/744 714/714
f 714/714 744/744 745/745
f 714/714 745/745 715/715
f 715/715 745/745 746/746
f 715/715 746/746 716/716
f 716/716 746/746 747/747
f 716/716 747/747 717/717
f 717/717 747/747 748/748
f 717/717 748/748 718/718
f 718/718 748/748 749/749
f 718/718 749/749 719/719
f 719/719 749/749 750/750
f 719/719 750/750 720/720
f 720/720 750/750 721/721
f 720/720 721/721 691/691
f 721/721 751/751 752/752
f 721/721 752/752 722/722
f 722/722 752/752 753/753
f 722/722 753/753 723/723
f 723/723 753/753 754/754
f 723/723 754/754 724/724
f 724/724 754/754 755/755
f 724/724 755/755 725/725
f 725/725 755/755 756/756
f 725/725 756/756 726/726
f 726/726 756/756 757/757
f 726/726 757/757 727/727
f 727/727 757/757 758/758
f 727/727 758/758 728/728
f 728/728 758/758 759/759
f 728/728 759/759 729/729
f 729/729 759/759 760/760
f 729/729 760/760 730/730
f 730/730 760/760 761/761
f 730/730 761/761 731/731
f 731/731 761/761 762/762
f 731/731 762/762 732/732
f 732/732 762/762 763/763
f 732/732 763/763 733/733
f 733/733 763/763 764/764
f 733/733 764/764 734/734
f 734/734 764/764 765/765
f 734/734 765/765 735/735
f 735/735 765/765 766/766
f 735/735 766/766 736/736
f 736/736 766/766 767/767
f 736/736 767/767 737/737
f 737/737 767/767 768/768
f 737/737 768/768 738/738
f 738/738 768/768 769/769
f 738/738 769/769 739/739
f 739/739 769/769 770/770
f 739/739 770/770 740/740
f 740/740 770/770 771/771
f 740/740 771/771 741/741
f 741/741 771/771 772/772
f 741/741 772/772 742/742
f 742/742 772/772 773/773
f 742/742 773/773 743/743
f 743/743 773/773 774/774
f 743/743 774/774 744/744
f 744/744 774/774 775/775
f 744/744 775/775 745/745
f 745/745 775/775 776/776
f 745/745 776/776 746/746
f 746/746 776/776 777/777
f 746/746 777/777 747/747
f 747/747 777/777 778/778
f 747/747 778/778 748/748
f 748/748 778/778 779/779
f 748/748 779/779 749/749
f 749/749 779/779 780/780
f 749/749 780/780 750/750
f 750/750 780/780 751/751
f 750/750 751/751 721/721
f 751/751 781/781 782/782
f 751/751 782/782 752/752
f 752/752 782/782 783/783
f 752/752 783/783 753/753
f 753/753 783/783 784/784
f 753/753 784/784 754/754
f 754/754 784/784 785/785
f 754/754 785/785 755/755
f 755/755 785/785 786/786
f 755/755 786/786 756/756
f 756/756 786/786 787/787
f 756/756 787/787 757/757
f 757/757 787/787 788/788
f 757/757 788/788 758/758
f 758/758 788/788 789/789
f 758/758 789/789 759/759
f 759/759 789/789 790/790
f 759/759 790/790 760/760
f 760/760 790/790 791/791
f 760/760 791/791 761/761
f 761/761 791/791 792/792
f 761/761 792/792 762/762
f 762/762 792/792 793/793
f 762/762 793/793 763/763
f 763/763 793/793 794/794
f 763/763 794/794 764/764
f 764/764 794/794 795/795
f 764/764 795/795 765/765
f 765/765 795/795 796/796
f 765/765 796/796 766/766
f 766/766 796/796 797/797
f 766/766 797/797 767/767
f 767/767 797/797 798/798
f 767/767 798/798 768/768
f 768/768 798/798 799/799
f 768/768 799/799 769/769
f 769/769 799/799 800/800
f 769/769 800/800 770/770
f 770/770 800/800 801/801
f 770/770 801/801 771/771
f 771/771 801/801 802/802
f 771/771 802/802 772/772
f 772/772 802/802 803/803
f 772/772 803/803 773/773
f 773/773 803/803 804/804
f 773/773 804/804 774/774
f 774/774 804/804 805/805
f 774/774 805/805 775/775
f 775/775 805/805 806/806
f 775/775 806/806 776/776
f 776/776 806/806 807/807
f 776/776 807/807 777/777
f 777/777 807/807 808/808
f 777/777 808/808 778/778
f 778/778 808/808 809/809
f 778/778 809/809 779/779
f 779/779 809/809 810/810
f 779/779 810/810 780/780
f 780/780 810/810 781/781
f 780/780 781/781 751/751
f 781/781 811/811 812/812
f 781/781 812/812 782/782
f 782/782 812/812 813/813
f 782/782 813/813 783/783
f 783/783 813/813 814/814
f 783/783 814/814 784/784
f 784/784 814/814 815/815
f 784/784 815/815 785/785
f 785/785 815/815 816/816
f 785/785 816/816 786/786
f 786/786 816/816 817/817
f 786/786 817/817 787/787
f 787/787 817/817 818/818
f 787/787 818/818 788/788
f 788/788 818/818 819/819
f 788/788 819/819 789/789
f 789/789 819/819 820/820
f 789/789 820/820 790/790
f 790/790 820/820 821/821
f 790/790 821/821 791/791
f 791/791 821/821 822/822
f 791/791 822/822 792/792
f 792/792 822/822 823/823
f 792/792 823/823 793/793
f 793/793 823/823 824/824
f 793/793 824/824 794/794
f 794/794 824/824 825/825
f 794/794 825/825 795/795
f 795/795 825/825 826/826
f 795/795 826/826 796/796
f 796/796 826/826 827/827
f 796/796 827/827 797/797
f 797/797 827/827 828/828
f 797/797 828/828 798/798
f 798/798 828/828 829/829
f 798/798 829/829 799/799
f 799/799 829/829 830/830
f 799/799 830/830 800/800
f 800/800 830/830 831/831
f 800/800 831/831 801/801
f 801/801 831/831 832/832
f 801/801 832/832 802/802
f 802/802 832/832 833/833
f 802/802 833/833 803/803
f 803/803 833/833 834/834
f 803/803 834/834 804/804
f 804/804 834/834 835/835
f 804/804 835/835 805/805
f 805/805 835/835 836/836
f 805/805 836/836 806/806
f 806/806 836/836 837/837
f 806/806 837/837 807/807
f 807/807 837/837 838/838
f 807/807 838/838 808/808
f 808/808 838/838 839/839
f 808/808 839/839 809/809
f 809/809 839/839 840/840
f 809/809 840/840 810/810
f 810/810 840/840 811/811
f 810/810 811/811 781/781
f 421/421 422/422 423/423
f 421/421 423/423 424/424
f 421/421 424/424 425/425
f 421/421 425/425 426/426
f 421/421 426/426 427/427
f 421/421 427/427 428/428
f 421/421 428/428 429/429
f 421/421 429/429 430/430
f 421/421 430/430 431/431
f 421/421 431/431 432/432
f 421/421 432/432 433/433
f 421/421 433/433 434/434
f 421/421 434/434 435/435
f 421/421 435/435 436/436
f 421/421 436/436 437/437
f 421/421 437/437 438/438
f 421/421 438/438 439/439
f 421/421 439/439 440/440
f 421/421 440/440 441/441
f 421/421 441/441 442/442
f 421/421 442/442 443/443
f 421/421 443/443 444/444
f 421/421 444/444 445/445
f 421/421 445/445 446/446
f 421/421 446/446 447/447
f 421/421 447/447 448/448
f 421/421 448/448 449/449
f 421/421 449/449 450/450
f 840/840 839/839 838/838
f 840/840 838/838 837/837
f 840/840 837/837 836/836
f 840/840 836/836 835/835
f 840/840 835/835 834/834
f 840/840 834/834 833/833
f 840/840 833/833 832/832
f 840/840 832/832 831/831
f 840/840 831/831 830/830
f 840/840 830/830 829/829
f 840/840 829/829 828/828
f 840/840 828/828 827/827
f 840/840 827/827 826/826
f 840/840 826/826 825/825
f 840/840 825/825 824/824
f 840/840 824/824 823/823
f 840/840 823/823 822/822
f 840/840 822/822 821/821
f 840/840 821/821 820/820
f 840/840 820/820 819/819
f 840/840 819/819 818/818
f 840/840 818/818 817/817
f 840/840 817/817 816/816
f 840/840 816/816 815/815
f 840/840 815/815 814/814
f 840/840 814/814 813/813
f 840/840 813/813 812/812
f 840/840 812/812 811/811
f 841/841 871/871 872/872
f 841/841 872/872 842/842
f 842/842 872/872 873/873
f 842/842 873/873 843/843
f 843/843 873/873 874/874
f 843/843 874/874 844/844
f 844/844 874/874 875/875
f 844/844 875/875 845/845
f 845/845 875/875 876/876
f 845/845 876/876 846/846
f 846/846 876/876 877/877
f 846/846 877/877 847/847
f 847/847 877/877 878/878
f 847/847 878/878 848/848
f 848/848 878/878 879/879
f 848/848 879/879 849/849
f 849/849 879/879 880/880
f 849/849 880/880 850/850
f 850/850 880/880 881/881
f 850/850 881/881 851/851
f 851/851 881/881 882/882
f 851/851 882/882 852/852
f 852/852 882/882 883/883
f 852/852 883/883 853/853
f 853/853 883/883 884/884
f 853/853 884/884 854/854
f 854/854 884/884 885/885
f 854/854 885/885 855/855
f 855/855 885/885 886/886
f 855/855 886/886 856/856
f 856/856 886/886 887/887
f 856/856 887/887 857/857
f 857/857 887/887 888/888
f 857/857 888/888 858/858
f 858/858 888/888 889/889
f 858/858 889/889 859/859
f 859/859 889/889 890/890
f 859/859 890/890 860/860
f 860/860 890/890 891/891
f 860/860 891/891 861/861
f 861/861 891/891 892/892
f 861/861 892/892 862/862
f 862/862 892/892 893/893
f 862/862 893/893 863/863
f 863/863 893/893 894/894
f 863/863 894/894 864/864
f 864/864 894/894 895/895
f 864/864 895/895 865/865
f 865/865 895/895 896/896
f 865/865 896/896 866/866
f 866/866 896/896 897/897
f 866/866 897/897 867/867
f 867/867 897/897 898/898
f 867/867 898/898 868/868
f 868/868 898/898 899/899
f 868/868 899/899 869/869
f 869/869 899/899 900/900
f 869/869 900/900 870/870
f 870/870 900/900 871/871
f 870/870 871/871 841/841
f 871/871 901/901 902/902
f 871/871 902/902 872/872
f 872/872 902/902 903/903
f 872/872 903/903 873/873
f 873/873 903/903 904/904
f 873/873 904/904 874/874
f 874/874 904/904 905/905
f 874/874 905/905 875/875
f 875/875 905/905 906/906
f 875/875 906/906 876/876
f 876/876 906/906 907/907
f 876/876 907/907 877/877
f 877/877 907/907 908/908
f 877/877 908/908 878/878
f 878/878 908/908 909/909
f 878/878 909/909 879/879
f 879/879 909/909 910/910
f 879/879 910/910 880/880
f 880/880 910/910 911/911
f 880/880 911/911 881/881
f 881/881 911/911 912/912
f 881/881 912/912 882/882
f 882/882 912/912 913/913
f 882/882 913/913 883/883
f 883/883 913/913 914/914
f 883/883 914/914 884/884
f 884/884 914/914 915/915
f 884/884 915/915 885/885
f 885/885 915/915 916/916
f 885/885 916/916 886/886
f 886/886 916/916 917/917
f 886/886 917/917 887/887
f 887/887 917/917 918/918
f 887/887 918/918 888/888
f 888/888 918/918 919/919
f 888/888 919/919 889/889
f 889/889 919/919 920/920
f 889/889 920/920 890/890
f 890/890 920/920 921/921
f 890/890 921/921 891/891
f 891/891 921/921 922/922
f 891/891 922/922 892/892
f 892/892 922/922 923/923
f 892/892 923/923 893/893
f 893/893 923/923 924/924
f 893/893 924/924 894/894
f 894/894 924/924 925/925
f 894/894 925/925 895/895
f 895/895 925/925 926/926
f 895/895 926/926 896/896
f 896/896 926/926 927/927
f 896/896 927/927 897/897
f 897/897 927/927 928/928
f 897/897 928/928 898/898
f 898/898 928/928 929/929
f 898/898 929/929 899/899
f 899/899 929/929 930/930
f 899/899 930/930 900/900
f 900/900 930/930 901/901
f 900/900 901/901 871/871
f 901/901 931/931 932/932
f 901/901 932/932 902/902
f 902/902 932/932 933/933
f 902/902 933/933 903/903
f 903/903 933/933 934/934
f 903/903 934/934 904/904
f 904/904 934/934 935/935
f 904/904 935/935 905/905
f 905/905 935/935 936/936
f 905/905 936/936 906/906
f 906/906 936/936 937/937
f 906/906 937/937 907/907
f 907/907 937/937 938/938
f 907/907 938/938 908/908
f 908/908 938/938 939/939
f 908/908 939/939 909/909
f 909/909 939/939 940/940
f 909/909 940/940 910/910
f 910/910 940/940 941/941
f 910/910 941/941 911/911
f 911/911 941/941 942/942
f 911/911 942/942 912/912
f 912/912 942/942 943/943
f 912/912 943/943 913/913
f 913/913 943/943 944/944
f 913/913 944/944 914/914
f 914/914 944/944 945/945
f 914/914 945/945 915/915
f 915/915 945/945 946/946
f 915/915 946/946 916/916
f 916/916 946/946 947/947
f 916/916 947/947 917/917
f 917/917 947/947 948/948
f 917/917 948/948 918/918
f 918/918 948/948 949/949
f 918/918 949/949 919/919
f 919/919 949/949 950/950
f 919/919 950/950 920/920
f 920/920 950/950 951/951
f 920/920 951/951 921/921
f 921/921 951/951 952/952
f 921/921 952/952 922/922
f 922/922 952/952 953/953
f 922/922 953/953 923/923
f 923/923 953/953 954/954
f 923/923 954/954 924/924
f 924/924 954/954 955/955
f 924/924 955/955 925/925
f 925/925 955/955 956/956
f 925/925 956/956 926/926
f 926/926 956/956 957/957
f 926/926 957/957 927/927
f 927/927 957/957 958/958
f 927/927 958/958 928/928
f 928/928 958/958 959/959
f 928/928 959/959 929/929
f 929/929 959/959 960/960
f 929/929 960/960 930/930
f 930/930 960/960 931/931
f 930/930 931/931 901/901
f 931/931 961/961 962/962
f 931/931 962/962 932/932
f 932/932 962/962 963/963
f 932/932 963/963 933/933
f 933/933 963/963 964/964
f 933/933 964/964 934/934
f 934/934 964/964 965/965
f 934/934 965/965 935/935
f 935/935 965/965 966/966
f 935/935 966/966 936/936
f 936/936 966/966 967/967
f 936/936 967/967 937/937
f 937/937 967/967 968/968
f 937/937 968/968 938/938
f 938/938 968/968 969/969
f 938/938 969/969 939/939
f 939/939 969/969 970/970
f 939/939 970/970 940/940
f 940/940 970/970 971/971
f 940/940 971/971 941/941
f 941/941 971/971 972/972
f 941/941 972/972 942/942
f 942/942 972/972 973/973
f 942/942 973/973 943/943
f 943/943 973/973 974/974
f 943/943 974/974 944/944
f 944/944 974/974 975/975
f 944/944 975/975 945/945
f 945/945 975/975 976/976
f 945/945 976/976 946/946
f 946/946 976/976 977/977
f 946/946 977/977 947/947
f 947/947 977/977 978/978
f 947/947 978/978 948/948
f 948/948 978/978 979/979
f 948/948 979/979 949/949
f 949/949 979/979 980/980
f 949/949 980/980 950/950
f 950/950 980/980 981/981
f 950/950 981/981 951/951
f 951/951 981/981 982/982
f 951/951 982/982 952/952
f 952/952 982/982 983/983
f 952/952 983/983 953/953
f 953/953 983/983 984/984
f 953/953 984/984 954/954
f 954/954 984/984 985/985
f 954/954 985/985 955/955
f 955/955 985/985 986/986
f 955/955 986/986 956/956
f 956/956 986/986 987/987
f 956/956 987/987 957/957
f 957/957 987/987 988/988
f 957/957 988/988 958/958
f 958/958 988/988 989/989
f 958/958 989/989 959/959
f 959/959 989/989 990/990
f 959/959 990/990 960/960
f 960/960 990/990 961/961
f 960/960 961/961 931/931
f 961/961 991/991 992/992
f 961/961 992/992 962/962
f 962/962 992/992 993/993
f 962/962 993/993 963/963
f 963/963 993/993 994/994
f 963/963 994/994 964/964
f 964/964 994/994 995/995
f 964/964 995/995 965/965
f 965/965 995/995 996/996
f 965/965 996/996 966/966
f 966/966 996/996 997/997
f 966/966 997/997 967/967
f 967/967 997/997 998/998
f 967/967 998/998 968/968
f 968/968 998/998 999/999
f 968/968 999/999 969/969
f 969/969 999/999 1000/1000
f 969/969 1000/1000 970/970
f 970/970 1000/1000 1001/1001
f 970/970 1001/1001 971/971
f 971/971 1001/1001 1002/1002
f 971/971 1002/1002 972/972
f 972/972 1002/1002 1003/1003
f 972/972 1003/1003 973/973
f 973/973 1003/1003 1004/1004
f 973/973 1004/1004 974/974
f 974/974 1004/1004 1005/1005
f 974/974 1005/1005 975/975
f 975/975 1005/1005 1006/1006
f 975/975 1006/1006 976/976
f 976/976 1006/1006 1007/1007
f 976/976 1007/1007 977/977
f 977/977 1007/1007 1008/1008
f 977/977 1008/1008 978/978
f 978/978 1008/1008 1009/1009
f 978/978 1009/1009 979/979
f 979/979 1009/1009 1010/1010
f 979/979 1010/1010 980/980
f 980/980 1010/1010 1011/1011
f 980/980 1011/1011 981/981
f 981/981 1011/1011 1012/1012
f 981/981 1012/1012 982/982
f 982/982 1012/1012 1013/1013
f 982/982 1013/1013 983/983
f 983/983 1013/1013 1014/1014
f 983/983 1014/1014 984/984
f 984/984 1014/1014 1015/1015
f 984/984 1015/1015 985/985
f 985/985 1015/1015 1016/1016
f 985/985 1016/1016 986/986
f 986/986 1016/1016 1017/1017
f 986/986 1017/1017 987/987
f 987/987 1017/1017 1018/1018
f 987/987 1018/1018 988/988
f 988/988 1018/1018 1019/1019
f 988/988 1019/1019 989/989
f 989/989 1019/1019 1020/1020
f 989/989 1020/1020 990/990
f 990/990 1020/1020 991/991
f 990/990 991/991 961/961
f 991/991 1021/1021 1022/1022
f 991/991 1022/1022 992/992
f 992/992 1022/1022 1023/1023
f 992/992 1023/1023 993/993
f 993/993 1023/1023 1024/1024
f 993/993 1024/1024 994/994
f 994/994 1024/1024 1025/1025
f 994/994 1025/1025 995/995
f 995/995 1025/1025 1026/1026
f 995/995 1026/1026 996/996
f 996/996 1026/1026 1027/1027
f 996/996 1027/1027 997/997
f 997/997 1027/1027 1028/1028
f 997/997 1028/1028 998/998
f 998/998 1028/1028 1029/1029
f 998/998 1029/1029 999/999
f 999/999 1029/1029 1030/1030
f 999/999 1030/1030 1000/1000
f 1000/1000 1030/1030 1031/1031
f 1000/1000 1031/1031 1001/1001
f 1001/1001 1031/1031 1032/1032
f 1001/1001 1032/1032 1002/1002
f 1002/1002 1032/1032 1033/1033
f 1002/1002 1033/1033 1003/1003
f 1003/1003 1033/1033 1034/1034
f 1003/1003 1034/1034 1004/1004
f 1004/1004 1034/1034 1035/1035
f 1004/1004 1035/1035 1005/1005
f 1005/1005 1035/1035 1036/1036
f 1005/1005 1036/1036 1006/1006
f 1006/1006 1036/1036 1037/1037
f 1006/1006 1037/1037 1007/1007
f 1007/1007 1037/1037 1038/1038
f 1007/1007 1038/1038 1008/1008
f 1008/1008 1038/1038 1039/1039
f 1008/1008 1039/1039 1009/1009
f 1009/1009 1039/1039 1040/1040
f 1009/1009 1040/1040 1010/1010
f 1010/1010 1040/1040 1041/1041
f 1010/1010 1041/1041 1011/1011
f 1011/1011 1041/1041 1042/1042
f 1011/1011 1042/1042 1012/1012
f 1012/1012 1042/1042 1043/1043
f 1012/1012 1043/1043 1013/1013
f 1013/1013 1043/1043 1044/1044
f 1013/1013 1044/1044 1014/1014
f 1014/1014 1044/1044 1045/1045
f 1014/1014 1045/1045 1015/1015
f 1015/1015 1045/1045 1046/1046
f 1015/1015 1046/1046 1016/1016
f 1016/1016 1046/1046 1047/1047
f 1016/1016 1047/1047 1017/1017
f 1017/1017 1047/1047 1048/1048
f 1017/1017 1048/1048 1018/1018
f 1018/1018 1048/1048 1049/1049
f 1018/1018 1049/1049 1019/1019
f 1019/1019 1049/1049 1050/1050
f 1019/1019 1050/1050 1020/1020
f 1020/1020 1050/1050 1021/1021
f 1020/1020 1021/1021 991/991
f 1021/1021 1051/1051 1052/1052
f 1021/1021 1052/1052 1022/1022
f 1022/1022 1052/1052 1053/1053
f 1022/1022 1053/1053 1023/1023
f 1023/1023 1053/1053 1054/1054
f 1023/1023 1054/1054 1024/1024
f 1024/1024 1054/1054 1055/1055
f 1024/1024 1055/1055 1025/1025
f 1025/1025 1055/1055 1056/1056
f 1025/1025 1056/1056 1026/1026
f 1026/1026 1056/1056 1057/1057
f 1026/1026 1057/1057 1027/1027
f 1027/1027 1057/1057 1058/1058
f 1027/1027 1058/1058 1028/1028
f 1028/1028 1058/1058 1059/1059
f 1028/1028 1059/1059 1029/1029
f 1029/1029 1059/1059 1060/1060
f 1029/1029 1060/1060 1030/1030
f 1030/1030 1060/1060 1061/1061
f 1030/1030 1061/1061 1031/1031
f 1031/1031 1061/1061 1062/1062
f 1031/1031 1062/1062 1032/1032
f 1032/1032 1062/1062 1063/1063
f 1032/1032 1063/1063 1033/1033
f 1033/1033 1063/1063 1064/1064
f 1033/1033 1064/1064 1034/1034
f 1034/1034 1064/1064 1065/1065
f 1034/1034 1065/1065 1035/1035
f 1035/1035 1065/1065 1066/1066
f 1035/1035 1066/1066 1036/1036
f 1036/1036 1066/1066 1067/1067
f 1036/1036 1067/1067 1037/1037
f 1037/1037 1067/1067 1068/1068
f 1037/1037 1068/1068 1038/1038
f 1038/1038 1068/1068 1069/1069
f 1038/1038 1069/1069 1039/1039
f 1039/1039 1069/1069 1070/1070
f 1039/1039 1070/1070 1040/1040
f 1040/1040 1070/1070 1071/1071
f 1040/1040 1071/1071 1041/1041
f 1041/1041 1071/1071 1072/1072
f 1041/1041 1072/1072 1042/1042
f 1042/1042 1072/1072 1073/1073
f 1042/1042 1073/1073 1043/1043
f 1043/1043 1073/1073 1074/1074
f 1043/1043 1074/1074 1044/1044
f 1044/1044 1074/1074 1075/1075
f 1044/1044 1075/1075 1045/1045
f 1045/1045 1075/1075 1076/1076
f 1045/1045 1076/1076 1046/1046
f 1046/1046 1076/1076 1077/1077
f 1046/1046 1077/1077 1047/1047
f 1047/1047 1077/1077 1078/1078
f 1047/1047 1078/1078 1048/1048
f 1048/1048 1078/1078 1079/1079
f 1048/1048 1079/1079 1049/1049
f 1049/1049 1079/1079 1080/1080
f 1049/1049 1080/1080 1050/1050
f 1050/1050 1080/1080 1051/1051
f 1050/1050 1051/1051 1021/1021
f 1051/1051 1081/1081 1082/1082
f 1051/1051 1082/1082 1052/1052
f 1052/1052 1082/1082 1083/1083
f 1052/1052 1083/1083 1053/1053
f 1053/1053 1083/1083 1084/1084
f 1053/1053 1084/1084 1054/1054
f 1054/1054 1084/1084 1085/1085
f 1054/1054 1085/1085 1055/1055
f 1055/1055 1085/1085 1086/1086
f 1055/1055 1086/1086 1056/1056
f 1056/1056 1086/1086 1087/1087
f 1056/1056 1087/1087 1057/1057
f 1057/1057 1087/1087 1088/1088
f 1057/1057 1088/1088 1058/1058
f 1058/1058 1088/1088 1089/1089
f 1058/1058 1089/1089 1059/1059
f 1059/1059 1089/1089 1090/1090
f 1059/1059 1090/1090 1060/1060
f 1060/1060 1090/1090 1091/1091
f 1060/1060 1091/1091 1061/1061
f 1061/1061 1091/1091 1092/1092
f 1061/1061 1092/1092 1062/1062
f 1062/1062 1092/1092 1093/1093
f 1062/1062 1093/1093 1063/1063
f 1063/1063 1093/1093 1094/1094
f 1063/1063 1094/1094 1064/1064
f 1064/1064 1094/1094 1095/1095
f 1064/1064 1095/1095 1065/1065
f 1065/1065 1095/1095 1096/1096
f 1065/1065 1096/1096 1066/1066
f 1066/1066 1096/1096 1097/1097
f 1066/1066 1097/1097 1067/1067
f 1067/1067 1097/1097 1098/1098
f 1067/1067 1098/1098 1068/1068
f 1068/1068 1098/1098 1099/1099
f 1068/1068 1099/1099 1069/1069
f 1069/1069 1099/1099 1100/1100
f 1069/1069 1100/1100 1070/1070
f 1070/1070 1100/1100 1101/1101
f 1070/1070 1101/1101 1071/1071
f 1071/1071 1101/1101 1102/1102
f 1071/1071 1102/1102 1072/1072
f 1072/1072 1102/1102 1103/1103
f 1072/1072 1103/1103 1073/1073
f 1073/1073 1103/1103 1104/1104
f 1073/1073 1104/1104 1074/1074
f 1074/1074 1104/1104 1105/1105
f 1074/1074 1105/1105 1075/1075
f 1075/1075 1105/1105 1106/1106
f 1075/1075 1106/1106 1076/1076
f 1076/1076 1106/1106 1107/1107
f 1076/1076 1107/1107 1077/1077
f 1077/1077 1107/1107 1108/1108
f 1077/1077 1108/1108 1078/1078
f 1078/1078 1108/1108 1109/1109
f 1078/1078 1109/1109 1079/1079
f 1079/1079 1109/1109 1110/1110
f 1079/1079 1110/1110 1080/1080
f 1080/1080 1110/1110 1081/1081
f 1080/1080 1081/1081 1051/1051
f 1081/1081 1111/1111 1112/1112
f 1081/1081 1112/1112 1082/1082
f 1082/1082 1112/1112 1113/1113
f 1082/1082 1113/1113 1083/1083
f 1083/1083 1113/1113 1114/1114
f 1083/1083 1114/1114 1084/1084
f 1084/1084 1114/1114 1115/1115
f 1084/1084 1115/1115 1085/1085
f 1085/1085 1115/1115 1116/1116
f 1085/1085 1116/1116 1086/1086
f 1086/1086 1116/1116 1117/1117
f 1086/1086 1117/1117 1087/1087
f 1087/1087 1117/1117 1118/1118
f 1087/1087 1118/1118 1088/1088
f 1088/1088 1118/1118 1119/1119
f 1088/1088 1119/1119 1089/1089
f 1089/1089 1119/1119 1120/1120
f 1089/1089 1120/1120 1090/1090
f 1090/1090 1120/1120 1121/1121
f 1090/1090 1121/1121 1091/1091
f 1091/1091 1121/1121 1122/1122
f 1091/1091 1122/1122 1092/1092
f 1092/1092 1122/1122 1123/1123
f 1092/1092 1123/1123 1093/1093
f 1093/1093 1123/1123 1124/1124
f 1093/1093 1124/1124 1094/1094
f 1094/1094 1124/1124 1125/1125
f 1094/1094 1125/1125 1095/1095
f 1095/1095 1125/1125 1126/1126
f 1095/1095 1126/1126 1096/1096
f 1096/1096 1126/1126 1127/1127
f 1096/1096 1127/1127 1097/1097
f 1097/1097 1127/1127 1128/1128
f 1097/1097 1128/1128 1098/1098
f 1098/1098 1128/1128 1129/1129
f 1098/1098 1129/1129 1099/1099
f 1099/1099 1129/1129 1130/1130
f 1099/1099 1130/1130 1100/1100
f 1100/1100 1130/1130 1131/1131
f 1100/1100 1131/1131 1101/1101
f 1101/1101 1131/1131 1132/1132
f 1101/1101 1132/1132 1102/1102
f 1102/1102 1132/1132 1133/1133
f 1102/1102 1133/1133 1103/1103
f 1103/1103 1133/1133 1134/1134
f 1103/1103 1134/1134 1104/1104
f 1104/1104 1134/1134 1135/1135
f 1104/1104 1135/1135 1105/1105
f 1105/1105 1135/1135 1136/1136
f 1105/1105 1136/1136 1106/1106
f 1106/1106 1136/1136 1137/1137
f 1106/1106 1137/1137 1107/1107
f 1107/1107 1137/1137 1138/1138
f 1107/1107 1138/1138 1108/1108
f 1108/1108 1138/1138 1139/1139
f 1108/1108 1139/1139 1109/1109
f 1109/1109 1139/1139 1140/1140
f 1109/1109 1140/1140 1110/1110
f 1110/1110 1140/1140 1111/1111
f 1110/1110 1111/1111 1081/1081
f 1111/1111 1141/1141 1142/1142
f 1111/1111 1142/1142 1112/1112
f 1112/1112 1142/1142 1143/1143
f 1112/1112 1143/1143 1113/1113
f 1113/1113 1143/1143 1144/1144
f 1113/1113 1144/1144 1114/1114
f 1114/1114 1144/1144 1145/1145
f 1114/1114 1145/1145 1115/1115
f 1115/1115 1145/1145 1146/1146
f 1115/1115 1146/1146 1116/1116
f 1116/1116 1146/1146 1147/1147
f 1116/1116 1147/1147 1117/1117
f 1117/1117 1147/1147 1148/1148
f 1117/1117 1148/1148 1118/1118
f 1118/1118 1148/1148 1149/1149
f 1118/1118 1149/1149 1119/1119
f 1119/1119 1149/1149 1150/1150
f 1119/1119 1150/1150 1120/1120
f 1120/1120 1150/1150 1151/1151
f 1120/1120 1151/1151 1121/1121
f 1121/1121 1151/1151 1152/1152
f 1121/1121 1152/1152 1122/1122
f 1122/1122 1152/1152 1153/1153
f 1122/1122 1153/1153 1123/1123
f 1123/1123 1153/1153 1154/1154
f 1123/1123 1154/1154 1124/1124
f 1124/1124 1154/1154 1155/1155
f 1124/1124 1155/1155 1125/1125
f 1125/1125 1155/1155 1156/1156
f 1125/1125 1156/1156 1126/1126
f 1126/1126 1156/1156 1157/1157
f 1126/1126 1157/1157 1127/1127
f 1127/1127 1157/1157 1158/1158
f 1127/1127 1158/1158 1128/1128
f 1128/1128 1158/1158 1159/1159
f 1128/1128 1159/1159 1129/1129
f 1129/1129 1159/1159 1160/1160
f 1129/1129 1160/1160 1130/1130
f 1130/1130 1160/1160 1161/1161
f 1130/1130 1161/1161 1131/1131
f 1131/1131 1161/1161 1162/1162
f 1131/1131 1162/1162 1132/1132
f 1132/1132 1162/1162 1163/1163
f 1132/1132 1163/1163 1133/1133
f 1133/1133 1163/1163 1164/1164
f 1133/1133 1164/1164 1134/1134
f 1134/1134 1164/1164 1165/1165
f 1134/1134 1165/1165 1135/1135
f 1135/1135 1165/1165 1166/1166
f 1135/1135 1166/1166 1136/1136
f 1136/1136 1166/1166 1167/1167
f 1136/1136 1167/1167 1137/1137
f 1137/1137 1167/1167 1168/1168
f 1137/1137 1168/1168 1138/1138
f 1138/1138 1168/1168 1169/1169
f 1138/1138 1169/1169 1139/1139
f 1139/1139 1169/1169 1170/1170
f 1139/1139 1170/1170 1140/1140
f 1140/1140 1170/1170 1141/1141
f 1140/1140 1141/1141 1111/1111
f 1141/1141 1171/1171 1172/1172
f 1141/1141 1172/1172 1142/1142
f 1142/1142 1172/1172 1173/1173
f 1142/1142 1173/1173 1143/1143
f 1143/1143 1173/1173 1174/1174
f 1143/1143 1174/1174 1144/1144
f 1144/1144 1174/1174 1175/1175
f 1144/1144 1175/1175 1145/1145
f 1145/1145 1175/1175 1176/1176
f 1145/1145 1176/1176 1146/1146
f 1146/1146 1176/1176 1177/1177
f 1146/1146 1177/1177 1147/1147
f 1147/1147 1177/1177 1178/1178
f 1147/1147 1178/1178 1148/1148
f 1148/1148 1178/1178 1179/1179
f 1148/1148 1179/1179 1149/1149
f 1149/1149 1179/1179 1180/1180
f 1149/1149 1180/1180 1150/1150
f 1150/1150 1180/1180 1181/1181
f 1150/1150 1181/1181 1151/1151
f 1151/1151 1181/1181 1182/1182
f 1151/1151 1182/1182 1152/1152
f 1152/1152 1182/1182 1183/1183
f 1152/1152 1183/1183 1153/1153
f 1153/1153 1183/1183 1184/1184
f 1153/1153 1184/1184 1154/1154
f 1154/1154 1184/1184 1185/1185
f 1154/1154 1185/1185 1155/1155
f 1155/1155 1185/1185 1186/1186
f 1155/1155 1186/1186 1156/1156
f 1156/1156 1186/1186 1187/1187
f 1156/1156 1187/1187 1157/1157
f 1157/1157 1187/1187 1188/1188
f 1157/1157 1188/1188 1158/1158
f 1158/1158 1188/1188 1189/1189
f 1158/1158 1189/1189 1159/1159
f 1159/1159 1189/1189 1190/1190
f 1159/1159 1190/1190 1160/1160
f 1160/1160 1190/1190 1191/1191
f 1160/1160 1191/1191 1161/1161
f 1161/1161 1191/1191 1192/1192
f 1161/1161 1192/1192 1162/1162
f 1162/1162 1192/1192 1193/1193
f 1162/1162 1193/1193 1163/1163
f 1163/1163 1193/1193 1194/1194
f 1163/1163 1194/1194 1164/1164
f 1164/1164 1194/1194 1195/1195
f 1164/1164 1195/1195 1165/1165
f 1165/1165 1195/1195 1196/1196
f 1165/1165 1196/1196 1166/1166
f 1166/1166 1196/1196 1197/1197
f 1166/1166 1197/1197 1167/1167
f 1167/1167 1197/1197 1198/1198
f 1167/1167 1198/1198 1168/1168
f 1168/1168 1198/1198 1199/1199
f 1168/1168 1199/1199 1169/1169
f 1169/1169 1199/1199 1200/1200
f 1169/1169 1200/1200 1170/1170
f 1170/1170 1200/1200 1171/1171
f 1170/1170 1171/1171 1141/1141
f 1171/1171 1201/1201 1202/1202
f 1171/1171 1202/1202 1172/1172
f 1172/1172 1202/1202 1203/1203
f 1172/1172 1203/1203 1173/1173
f 1173/1173 1203/1203 1204/1204
f 1173/1173 1204/1204 1174/1174
f 1174/1174 1204/1204 1205/1205
f 1174/1174 1205/1205 1175/1175
f 1175/1175 1205/1205 1206/1206
f 1175/1175 1206/1206 1176/1176
f 1176/1176 1206/1206 1207/1207
f 1176/1176 1207/1207 1177/1177
f 1177/1177 1207/1207 1208/1208
f 1177/1177 1208/1208 1178/1178
f 1178/1178 1208/1208 1209/1209
f 1178/1178 1209/1209 1179/1179
f 1179/1179 1209/1209 1210/1210
f 1179/1179 1210/1210 1180/1180
f 1180/1180 1210/1210 1211/1211
f 1180/1180 1211/1211 1181/1181
f 1181/1181 1211/1211 1212/1212
f 1181/1181 1212/1212 1182/1182
f 1182/1182 1212/1212 1213/1213
f 1182/1182 1213/1213 1183/1183
f 1183/1183 1213/1213 1214/1214
f 1183/1183 1214/1214 1184/1184
f 1184/1184 1214/1214 1215/1215
f 1184/1184 1215/1215 1185/1185
f 1185/1185 1215/1215 1216/1216
f 1185/1185 1216/1216 1186/1186
f 1186/1186 1216/1216 1217/1217
f 1186/1186 1217/1217 1187/1187
f 1187/1187 1217/1217 1218/1218
f 1187/1187 1218/1218 1188/1188
f 1188/1188 1218/1218 1219/1219
f 1188/1188 1219/1219 1189/1189
f 1189/1189 1219/1219 1220/1220
f 1189/1189 1220/1220 1190/1190
f 1190/1190 1220/1220 1221/1221
f 1190/1190 1221/1221 1191/1191
f 1191/1191 1221/1221 1222/1222
f 1191/1191 1222/1222 1192/1192
f 1192/1192 1222/1222 1223/1223
f 1192/1192 1223/1223 1193/1193
f 1193/1193 1223/1223 1224/1224
f 1193/1193 1224/1224 1194/1194
f 1194/1194 1224/1224 1225/1225
f 1194/1194 1225/1225 1195/1195
f 1195/1195 1225/1225 1226/1226
f 1195/1195 1226/1226 1196/1196
f 1196/1196 1226/1226 1227/1227
f 1196/1196 1227/1227 1197/1197
f 1197/1197 1227/1227 1228/1228
f 1197/1197 1228/1228 1198/1198
f 1198/1198 1228/1228 1229/1229
f 1198/1198 1229/1229 1199/1199
f 1199/1199 1229/1229 1230/1230
f 1199/1199 1230/1230 1200/1200
f 1200/1200 1230/1230 1201/1201
f 1200/1200 1201/1201 1171/1171
f 1201/1201 1231/1231 1232/1232
f 1201/1201 1232/1232 1202/1202
f 1202/1202 1232/1232 1233/1233
f 1202/1202 1233/1233 1203/1203
f 1203/1203 1233/1233 1234/1234
f 1203/1203 1234/1234 1204/1204
f 1204/1204 1234/1234 1235/1235
f 1204/1204 1235/1235 1205/1205
f 1205/1205 1235/1235 1236/1236
f 1205/1205 1236/1236 1206/1206
f 1206/1206 1236/1236 1237/1237
f 1206/1206 1237/1237 1207/1207
f 1207/1207 1237/1237 1238/1238
f 1207/1207 1238/1238 1208/1208
f 1208/1208 1238/1238 1239/1239
f 1208/1208 1239/1239 1209/1209
f 1209/1209 1239/1239 1240/1240
f 1209/1209 1240/1240 1210/1210
f 1210/1210 1240/1240 1241/1241
f 1210/1210 1241/1241 1211/1211
f 1211/1211 1241/1241 1242/1242
f 1211/1211 1242/1242 1212/1212
f 1212/1212 1242/1242 1243/1243
f 1212/1212 1243/1243 1213/1213
f 1213/1213 1243/1243 1244/1244
f 1213/1213 1244/1244 1214/1214
f 1214/1214 1244/1244 1245/1245
f 1214/1214 1245/1245 1215/1215
f 1215/1215 1245/1245 1246/1246
f 1215/1215 1246/1246 1216/1216
f 1216/1216 1246/1246 1247/1247
f 1216/1216 1247/1247 1217/1217
f 1217/1217 1247/1247 1248/1248
f 1217/1217 1248/1248 1218/1218
f 1218/1218 1248/1248 1249/1249
f 1218/1218 1249/1249 1219/1219
f 1219/1219 1249/1249 1250/1250
f 1219/1219 1250/1250 1220/1220
f 1220/1220 1250/1250 1251/1251
f 1220/1220 1251/1251 1221/1221
f 1221/1221 1251/1251 1252/1252
f 1221/1221 1252/1252 1222/1222
f 1222/1222 1252/1252 1253/1253
f 1222/1222 1253/1253 1223/1223
f 1223/1223 1253/1253 1254/1254
f 1223/1223 1254/1254 1224/1224
f 1224/1224 1254/1254 1255/1255
f 1224/1224 1255/1255 1225/1225
f 1225/1225 1255/1255 1256/1256
f 1225/1225 1256/1256 1226/1226
f 1226/1226 1256/1256 1257/1257
f 1226/1226 1257/1257 1227/1227
f 1227/1227 1257/1257 1258/1258
f 1227/1227 1258/1258 1228/1228
f 1228/1228 1258/1258 1259/1259
f 1228/1228 1259/1259 1229/1229
f 1229/1229 1259/1259 1260/1260
f 1229/1229 1260/1260 1230/1230
f 1230/1230 1260/1260 1231/1231
f 1230/1230 1231/1231 1201/1201
f 841/841 842/842 843/843
f 841/841 843/843 844/844
f 841/841 844/844 845/845
f 841/841 845/845 846/846
f 841/841 846/846 847/847
f 841/841 847/847 848/848
f 841/841 848/848 849/849
f 841/841 849/849 850/850
f 841/841 850/850 851/851
f 841/841 851/851 852/852
f 841/841 852/852 853/853
f 841/841 853/853 854/854
f 841/841 854/854 855/855
f 841/841 855/855 856/856
f 841/841 856/856 857/857
f 841/841 857/857 858/858
f 841/841 858/858 859/859
f 841/841 859/859 860/860
f 841/841 860/860 861/861
f 841/841 861/861 862/862
f 841/841 862/862 863/863
f 841/841 863/863 864/864
f 841/841 864/864 865/865
f 841/841 865/865 866/866
f 841/841 866/866 867/867
f 841/841 867/867 868/868
f 841/841 868/868 869/869
f 841/841 869/869 870/870
f 1260/1260 1259/1259 1258/1258
f 1260/1260 1258/1258 1257/1257
f 1260/1260 1257/1257 1256/1256
f 1260/1260 1256/1256 1255/1255
f 1260/1260 1255/1255 1254/1254
f 1260/1260 1254/1254 1253/1253
f 1260/1260 1253/1253 1252/1252
f 1260/1260 1252/1252 1251/1251
f 1260/1260 1251/1251 1250/1250
f 1260/1260 1250/1250 1249/1249
f 1260/1260 1249/1249 1248/1248
f 1260/1260 1248/1248 1247/1247
f 1260/1260 1247/1247 1246/1246
f 1260/1260 1246/1246 1245/1245
f 1260/1260 1245/1245 1244/1244
f 1260/1260 1244/1244 1243/1243
f 1260/1260 1243/1243 1242/1242
f 1260/1260 1242/1242 1241/1241
f 1260/1260 1241/1241 1240/1240
f 1260/1260 1240/1240 1239/1239
f 1260/1260 1239/1239 1238/1238
f 1260/1260 1238/1238 1237/1237
f 1260/1260 1237/1237 1236/1236
f 1260/1260 1236/1236 1235/1235
f 1260/1260 1235/1235 1234/1234
f 1260/1260 1234/1234 1233/1233
f 1260/1260 1233/1233 1232/1232
f 1260/1260 1232/1232 1231/1231
f 1261/1261 1291/1291 1292/1292
f 1261/1261 1292/1292 1262/1262
f 1262/1262 1292/1292 1293/1293
f 1262/1262 1293/1293 1263/1263
f 1263/1263 1293/1293 1294/1294
f 1263/1263 1294/1294 1264/1264
f 1264/1264 1294/1294 1295/1295
f 1264/1264 1295/1295 1265/1265
f 1265/1265 1295/1295 1296/1296
f 1265/1265 1296/1296 1266/1266
f 1266/1266 1296/1296 1297/1297
f 1266/1266 1297/1297 1267/1267
f 1267/1267 1297/1297 1298/1298
f 1267/1267 1298/1298 1268/1268
f 1268/1268 1298/1298 1299/1299
f 1268/1268 1299/1299 1269/1269
f 1269/1269 1299/1299 1300/1300
f 1269/1269 1300/1300 1270/1270
f 1270/1270 1300/1300 1301/1301
f 1270/1270 1301/1301 1271/1271
f 1271/1271 1301/1301 1302/1302
f 1271/1271 1302/1302 1272/1272
f 1272/1272 1302/1302 1303/1303
f 1272/1272 1303/1303 1273/1273
f 1273/1273 1303/1303 1304/1304
f 1273/1273 1304/1304 1274/1274
f 1274/1274 1304/1304 1305/1305
f 1274/1274 1305/1305 1275/1275
f 1275/1275 1305/1305 1306/1306
f 1275/1275 1306/1306 1276/1276
f 1276/1276 1306/1306 1307/1307
f 1276/1276 1307/1307 1277/1277
f 1277/1277 1307/1307 1308/1308
f 1277/1277 1308/1308 1278/1278
f 1278/1278 1308/1308 1309/1309
f 1278/1278 1309/1309 1279/1279
f 1279/1279 1309/1309 1310/1310
f 1279/1279 1310/1310 1280/1280
f 1280/1280 1310/1310 1311/1311
f 1280/1280 1311/1311 1281/1281
f 1281/1281 1311/1311 1312/1312
f 1281/1281 1312/1312 1282/1282
f 1282/1282 1312/1312 1313/1313
f 1282/1282 1313/1313 1283/1283
f 1283/1283 1313/1313 1314/1314
f 1283/1283 1314/1314 1284/1284
f 1284/1284 1314/1314 1315/1315
f 1284/1284 1315/1315 1285/1285
f 1285/1285 1315/1315 1316/1316
f 1285/1285 1316/1316 1286/1286
f 1286/1286 1316/1316 1317/1317
f 1286/1286 1317/1317 1287/1287
f 1287/1287 1317/1317 1318/1318
f 1287/1287 1318/1318 1288/1288
f 1288/1288 1318/1318 1319/1319
f 1288/1288 1319/1319 1289/1289
f 1289/1289 1319/1319 1320/1320
f 1289/1289 1320/1320 1290/1290
f 1290/1290 1320/1320 1291/1291
f 1290/1290 1291/1291 1261/1261
f 1291/1291 1321/1321 1322/1322
f 1291/1291 1322/1322 1292/1292
f 1292/1292 1322/1322 1323/1323
f 1292/1292 1323/1323 1293/1293
f 1293/1293 1323/1323 1324/1324
f 1293/1293 1324/1324 1294/1294
f 1294/1294 1324/1324 1325/1325
f 1294/1294 1325/1325 1295/1295
f 1295/1295 1325/1325 1326/1326
f 1295/1295 1326/1326 1296/1296
f 1296/1296 1326/1326 1327/1327
f 1296/1296 1327/1327 1297/1297
f 1297/1297 1327/1327 1328/1328
f 1297/1297 1328/1328 1298/1298
f 1298/1298 1328/1328 1329/1329
f 1298/1298 1329/1329 1299/1299
f 1299/1299 1329/1329 1330/1330
f 1299/1299 1330/1330 1300/1300
f 1300/1300 1330/1330 1331/1331
f 1300/1300 1331/1331 1301/1301
f 1301/1301 1331/1331 1332/1332
f 1301/1301 1332/1332 1302/1302
f 1302/1302 1332/1332 1333/1333
f 1302/1302 1333/1333 1303/1303
f 1303/1303 1333/1333 1334/1334
f 1303/1303 1334/1334 1304/1304
f 1304/1304 1334/1334 1335/1335
f 1304/1304 1335/1335 1305/1305
f 1305/1305 1335/1335 1336/1336
f 1305/1305 1336/1336 1306/1306
f 1306/1306 1336/1336 1337/1337
f 1306/1306 1337/1337 1307/1307
f 1307/1307 1337/1337 1338/1338
f 1307/1307 1338/1338 1308/1308
f 1308/1308 1338/1338 1339/1339
f 1308/1308 1339/1339 1309/1309
f 1309/1309 1339/1339 1340/1340
f 1309/1309 1340/1340 1310/1310
f 1310/1310 1340/1340 1341/1341
f 1310/1310 1341/1341 1311/1311
f 1311/1311 1341/1341 1342/1342
f 1311/1311 1342/1342 1312/1312
f 1312/1312 1342/1342 1343/1343
f 1312/1312 1343/1343 1313/1313
f 1313/1313 1343/1343 1344/1344
f 1313/1313 1344/1344 1314/1314
f 1314/1314 1344/1344 1345/1345
f 1314/1314 1345/1345 1315/1315
f 1315/1315 1345/1345 1346/1346
f 1315/1315 1346/1346 1316/1316
f 1316/1316 1346/1346 1347/1347
f 1316/1316 1347/1347 1317/1317
f 1317/1317 1347/1347 1348/1348
f 1317/1317 1348/1348 1318/1318
f 1318/1318 1348/1348 1349/1349
f 1318/1318 1349/1349 1319/1319
f 1319/1319 1349/1349 1350/1350
f 1319/1319 1350/1350 1320/1320
f 1320/1320 1350/1350 1321/1321
f 1320/1320 1321/1321 1291/1291
f 1321/1321 1351/1351 1352/1352
f 1321/1321 1352/1352 1322/1322
f 1322/1322 1352/1352 1353/1353
f 1322/1322 1353/1353 1323/1323
f 1323/1323 1353/1353 1354/1354
f 1323/1323 1354/1354 1324/1324
f 1324/1324 1354/1354 1355/1355
f 1324/1324 1355/1355 1325/1325
f 1325/1325 1355/1355 1356/1356
f 1325/1325 1356/1356 1326/1326
f 1326/1326 1356/1356 1357/1357
f 1326/1326 1357/1357 1327/1327
f 1327/1327 1357/1357 1358/1358
f 1327/1327 1358/1358 1328/1328
f 1328/1328 1358/1358 1359/1359
f 1328/1328 1359/1359 1329/1329
f 1329/1329 1359/1359 1360/1360
f 1329/1329 1360/1360 1330/1330
f 1330/1330 1360/1360 1361/1361
f 1330/1330 1361/1361 1331/1331
f 1331/1331 1361/1361 1362/1362
f 1331/1331 1362/1362 1332/1332
f 1332/1332 1362/1362 1363/1363
f 1332/1332 1363/1363 1333/1333
f 1333/1333 1363/1363 1364/1364
f 1333/1333 1364/1364 1334/1334
f 1334/1334 1364/1364 1365/1365
f 1334/1334 1365/1365 1335/1335
f 1335/1335 1365/1365 1366/1366
f 1335/1335 1366/1366 1336/1336
f 1336/1336 1366/1366 1367/1367
f 1336/1336 1367/1367 1337/1337
f 1337/1337 1367/1367 1368/1368
f 1337/1337 1368/1368 1338/1338
f 1338/1338 1368/1368 1369/1369
f 1338/1338 1369/1369 1339/1339
f 1339/1339 1369/1369 1370/1370
f 1339/1339 1370/1370 1340/1340
f 1340/1340 1370/1370 1371/1371
f 1340/1340 1371/1371 1341/1341
f 1341/1341 1371/1371 1372/1372
f 1341/1341 1372/1372 1342/1342
f 1342/1342 1372/1372 1373/1373
f 1342/1342 1373/1373 1343/1343
f 1343/1343 1373/1373 1374/1374
f 1343/1343 1374/1374 1344/1344
f 1344/1344 1374/1374 1375/1375
f 1344/1344 1375/1375 1345/1345
f 1345/1345 1375/1375 1376/1376
f 1345/1345 1376/1376 1346/1346
f 1346/1346 1376/1376 1377/1377
f 1346/1346 1377/1377 1347/1347
f 1347/1347 1377/1377 1378/1378
f 1347/1347 1378/1378 1348/1348
f 1348/1348 1378/1378 1379/1379
f 1348/1348 1379/1379 1349/1349
f 1349/1349 1379/1379 1380/1380
f 1349/1349 1380/1380 1350/1350
f 1350/1350 1380/1380 1351/1351
f 1350/1350 1351/1351 1321/1321
f 1351/1351 1381/1381 1382/1382
f 1351/1351 1382/1382 1352/1352
f 1352/1352 1382/1382 1383/1383
f 1352/1352 1383/1383 1353/1353
f 1353/1353 1383/1383 1384/1384
f 1353/1353 1384/1384 1354/1354
f 1354/1354 1384/1384 1385/1385
f 1354/1354 1385/1385 1355/1355
f 1355/1355 1385/1385 1386/1386
f 1355/1355 1386/1386 1356/1356
f 1356/1356 1386/1386 1387/1387
f 1356/1356 1387/1387 1357/1357
f 1357/1357 1387/1387 1388/1388
f 1357/1357 1388/1388 1358/1358
f 1358/1358 1388/1388 1389/1389
f 1358/1358 1389/1389 1359/1359
f 1359/1359 1389/1389 1390/1390
f 1359/1359 1390/1390 1360/1360
f 1360/1360 1390/1390 1391/1391
f 1360/1360 1391/1391 1361/1361
f 1361/1361 1391/1391 1392/1392
f 1361/1361 1392/1392 1362/1362
f 1362/1362 1392/1392 1393/1393
f 1362/1362 1393/1393 1363/1363
f 1363/1363 1393/1393 1394/1394
f 1363/1363 1394/1394 1364/1364
f 1364/1364 1394/1394 1395/1395
f 1364/1364 1395/1395 1365/1365
f 1365/1365 1395/1395 1396/1396
f 1365/1365 1396/1396 1366/1366
f 1366/1366 1396/1396 1397/1397
f 1366/1366 1397/1397 1367/1367
f 1367/1367 1397/1397 1398/1398
f 1367/1367 1398/1398 1368/1368
f 1368/1368 1398/1398 1399/1399
f 1368/1368 1399/1399 1369/1369
f 1369/1369 1399/1399 1400/1400
f 1369/1369 1400/1400 1370/1370
f 1370/1370 1400/1400 1401/1401
f 1370/1370 1401/1401 1371/1371
f 1371/1371 1401/1401 1402/1402
f 1371/1371 1402/1402 1372/1372
f 1372/1372 1402/1402 1403/1403
f 1372/1372 1403/1403 1373/1373
f 1373/1373 1403/1403 1404/1404
f 1373/1373 1404/1404 1374/1374
f 1374/1374 1404/1404 1405/1405
f 1374/1374 1405/1405 1375/1375
f 1375/1375 1405/1405 1406/1406
f 1375/1375 1406/1406 1376/1376
f 1376/1376 1406/1406 1407/1407
f 1376/1376 1407/1407 1377/1377
f 1377/1377 1407/1407 1408/1408
f 1377/1377 1408/1408 1378/1378
f 1378/1378 1408/1408 1409/1409
f 1378/1378 1409/1409 1379/1379
f 1379/1379 1409/1409 1410/1410
f 1379/1379 1410/1410 1380/1380
f 1380/1380 1410/1410 1381/1381
f 1380/1380 1381/1381 1351/1351
f 1381/1381 1411/1411 1412/1412
f 1381/1381 1412/1412 1382/1382
f 1382/1382 1412/1412 1413/1413
f 1382/1382 1413/1413 1383/1383
f 1383/1383 1413/1413 1414/1414
f 1383/1383 1414/1414 1384/1384
f 1384/1384 1414/1414 1415/1415
f 1384/1384 1415/1415 1385/1385
f 1385/1385 1415/1415 1416/1416
f 1385/1385 1416/1416 1386/1386
f 1386/1386 1416/1416 1417/1417
f 1386/1386 1417/1417 1387/1387
f 1387/1387 1417/1417 1418/1418
f 1387/1387 1418/1418 1388/1388
f 1388/1388 1418/1418 1419/1419
f 1388/1388 1419/1419 1389/1389
f 1389/1389 1419/1419 1420/1420
f 1389/1389 1420/1420 1390/1390
f 1390/1390 1420/1420 1421/1421
f 1390/1390 1421/1421 1391/1391
f 1391/1391 1421/1421 1422/1422
f 1391/1391 1422/1422 1392/1392
f 1392/1392 1422/1422 1423/1423
f 1392/1392 1423/1423 1393/1393
f 1393/1393 1423/1423 1424/1424
f 1393/1393 1424/1424 1394/1394
f 1394/1394 1424/1424 1425/1425
f 1394/1394 1425/1425 1395/1395
f 1395/1395 1425/1425 1426/1426
f 1395/1395 1426/1426 1396/1396
f 1396/1396 1426/1426 1427/1427
f 1396/1396 1427/1427 1397/1397
f 1397/1397 1427/1427 1428/1428
f 1397/1397 1428/1428 1398/1398
f 1398/1398 1428/1428 1429/1429
f 1398/1398 1429/1429 1399/1399
f 1399/1399 1429/1429 1430/1430
f 1399/1399 1430/1430 1400/1400
f 1400/1400 1430/1430 1431/1431
f 1400/1400 1431/1431 1401/1401
f 1401/1401 1431/1431 1432/1432
f 1401/1401 1432/1432 1402/1402
f 1402/1402 1432/1432 1433/1433
f 1402/1402 1433/1433 1403/1403
f 1403/1403 1433/1433 1434/1434
f 1403/1403 1434/1434 1404/1404
f 1404/1404 1434/1434 1435/1435
f 1404/1404 1435/1435 1405/1405
f 1405/1405 1435/1435 1436/1436
f 1405/1405 1436/1436 1406/1406
f 1406/1406 1436/1436 1437/1437
f 1406/1406 1437/1437 1407/1407
f 1407/1407 1437/1437 1438/1438
f 1407/1407 1438/1438 1408/1408
f 1408/1408 1438/1438 1439/1439
f 1408/1408 1439/1439 1409/1409
f 1409/1409 1439/1439 1440/1440
f 1409/1409 1440/1440 1410/1410
f 1410/1410 1440/1440 1411/1411
f 1410/1410 1411/1411 1381/1381
f 1411/1411 1441/1441 1442/1442
f 1411/1411 1442/1442 1412/1412
f 1412/1412 1442/1442 1443/1443
f 1412/1412 1443/1443 1413/1413
f 1413/1413 1443/1443 1444/1444
f 1413/1413 1444/1444 1414/1414
f 1414/1414 1444/1444 1445/1445
f 1414/1414 1445/1445 1415/1415
f 1415/1415 1445/1445 1446/1446
f 1415/1415 1446/1446 1416/1416
f 1416/1416 1446/1446 1447/1447
f 1416/1416 1447/1447 1417/1417
f 1417/1417 1447/1447 1448/1448
f 1417/1417 1448/1448 1418/1418
f 1418/1418 1448/1448 1449/1449
f 1418/1418 1449/1449 1419/1419
f 1419/1419 1449/1449 1450/1450
f 1419/1419 1450/1450 1420/1420
f 1420/1420 1450/1450 1451/1451
f 1420/1420 1451/1451 1421/1421
f 1421/1421 1451/1451 1452/1452
f 1421/1421 1452/1452 1422/1422
f 1422/1422 1452/1452 1453/1453
f 1422/1422 1453/1453 1423/1423
f 1423/1423 1453/1453 1454/1454
f 1423/1423 1454/1454 1424/1424
f 1424/1424 1454/1454 1455/1455
f 1424/1424 1455/1455 1425/1425
f 1425/1425 1455/1455 1456/1456
f 1425/1425 1456/1456 1426/1426
f 1426/1426 1456/1456 1457/1457
f 1426/1426 1457/1457 1427/1427
f 1427/1427 1457/1457 1458/1458
f 1427/1427 1458/1458 1428/1428
f 1428/1428 1458/1458 1459/1459
f 1428/1428 1459/1459 1429/1429
f 1429/1429 1459/1459 1460/1460
f 1429/1429 1460/1460 1430/1430
f 1430/1430 1460/1460 1461/1461
f 1430/1430 1461/1461 1431/1431
f 1431/1431 1461/1461 1462/1462
f 1431/1431 1462/1462 1432/1432
f 1432/1432 1462/1462 1463/1463
f 1432/1432 1463/1463 1433/1433
f 1433/1433 1463/1463 1464/1464
f 1433/1433 1464/1464 1434/1434
f 1434/1434 1464/1464 1465/1465
f 1434/1434 1465/1465 1435/1435
f 1435/1435 1465/1465 1466/1466
f 1435/1435 1466/1466 1436/1436
f 1436/1436 1466/1466 1467/1467
f 1436/1436 1467/1467 1437/1437
f 1437/1437 1467/1467 1468/1468
f 1437/1437 1468/1468 1438/1438
f 1438/1438 1468/1468 1469/1469
f 1438/1438 1469/1469 1439/1439
f 1439/1439 1469/1469 1470/1470
f 1439/1439 1470/1470 1440/1440
f 1440/1440 1470/1470 1441/1441
f 1440/1440 1441/1441 1411/1411
f 1441/1441 1471/1471 1472/1472
f 1441/1441 1472/1472 1442/1442
f 1442/1442 1472/1472 1473/1473
f 1442/1442 1473/1473 1443/1443
f 1443/1443 1473/1473 1474/1474
f 1443/1443 1474/1474 1444/1444
f 1444/1444 1474/1474 1475/1475
f 1444/1444 1475/1475 1445/1445
f 1445/1445 1475/1475 1476/1476
f 1445/1445 1476/1476 1446/1446
f 1446/1446 1476/1476 1477/1477
f 1446/1446 1477/1477 1447/1447
f 1447/1447 1477/1477 1478/1478
f 1447/1447 1478/1478 1448/1448
f 1448/1448 1478/1478 1479/1479
f 1448/1448 1479/1479 1449/1449
f 1449/1449 1479/1479 1480/1480
f 1449/1449 1480/1480 1450/1450
f 1450/1450 1480/1480 1481/1481
f 1450/1450 1481/1481 1451/1451
f 1451/1451 1481/1481 1482/1482
f 1451/1451 1482/1482 1452/1452
f 1452/1452 1482/1482 1483/1483
f 1452/1452 1483/1483 1453/1453
f 1453/1453 1483/1483 1484/1484
f 1453/1453 1484/1484 1454/1454
f 1454/1454 1484/1484 1485/1485
f 1454/1454 1485/1485 1455/1455
f 1455/1455 1485/1485 1486/1486
f 1455/1455 1486/1486 1456/1456
f 1456/1456 1486/1486 1487/1487
f 1456/1456 1487/1487 1457/1457
f 1457/1457 1487/1487 1488/1488
f 1457/1457 1488/1488 1458/1458
f 1458/1458 1488/1488 1489/1489
f 1458/1458 1489/1489 1459/1459
f 1459/1459 1489/1489 1490/1490
f 1459/1459 1490/1490 1460/1460
f 1460/1460 1490/1490 1491/1491
f 1460/1460 1491/1491 1461/1461
f 1461/1461 1491/1491 1492/1492
f 1461/1461 1492/1492 1462/1462
f 1462/1462 1492/1492 1493/1493
f 1462/1462 1493/1493 1463/1463
f 1463/1463 1493/1493 1494/1494
f 1463/1463 1494/1494 1464/1464
f 1464/1464 1494/1494 1495/1495
f 1464/1464 1495/1495 1465/1465
f 1465/1465 1495/1495 1496/1496
f 1465/1465 1496/1496 1466/1466
f 1466/1466 1496/1496 1497/1497
f 1466/1466 1497/1497 1467/1467
f 1467/1467 1497/1497 1498/1498
f 1467/1467 1498/1498 1468/1468
f 1468/1468 1498/1498 1499/1499
f 1468/1468 1499/1499 1469/1469
f 1469/1469 1499/1499 1500/1500
f 1469/1469 1500/1500 1470/1470
f 1470/1470 1500/1500 1471/1471
f 1470/1470 1471/1471 1441/1441
f 1471/1471 1501/1501 1502/1502
f 1471/1471 1502/1502 1472/1472
f 1472/1472 1502/1502 1503/1503
f 1472/1472 1503/1503 1473/1473
f 1473/1473 1503/1503 1504/1504
f 1473/1473 1504/1504 1474/1474
f 1474/1474 1504/1504 1505/1505
f 1474/1474 1505/1505 1475/1475
f 1475/1475 1505/1505 1506/1506
f 1475/1475 1506/1506 1476/1476
f 1476/1476 1506/1506 1507/1507
f 1476/1476 1507/1507 1477/1477
f 1477/1477 1507/1507 1508/1508
f 1477/1477 1508/1508 1478/1478
f 1478/1478 1508/1508 1509/1509
f 1478/1478 1509/1509 1479/1479
f 1479/1479 1509/1509 1510/1510
f 1479/1479 1510/1510 1480/1480
f 1480/1480 1510/1510 1511/1511
f 1480/1480 1511/1511 1481/1481
f 1481/1481 1511/1511 1512/1512
f 1481/1481 1512/1512 1482/1482
f 1482/1482 1512/1512 1513/1513
f 1482/1482 1513/1513 1483/1483
f 1483/1483 1513/1513 1514/1514
f 1483/1483 1514/1514 1484/1484
f 1484/1484 1514/1514 1515/1515
f 1484/1484 1515/1515 1485/1485
f 1485/1485 1515/1515 1516/1516
f 1485/1485 1516/1516 1486/1486
f 1486/1486 1516/1516 1517/1517
f 1486/1486 1517/1517 1487/1487
f 1487/1487 1517/1517 1518/1518
f 1487/1487 1518/1518 1488/1488
f 1488/1488 1518/1518 1519/1519
f 1488/1488 1519/1519 1489/1489
f 1489/1489 1519/1519 1520/1520
f 1489/1489 1520/1520 1490/1490
f 1490/1490 1520/1520 1521/1521
f 1490/1490 1521/1521 1491/1491
f 1491/1491 1521/1521 1522/1522
f 1491/1491 1522/1522 1492/1492
f 1492/1492 1522/1522 1523/1523
f 1492/1492 1523/1523 1493/1493
f 1493/1493 1523/1523 1524/1524
f 1493/1493 1524/1524 1494/1494
f 1494/1494 1524/1524 1525/1525
f 1494/1494 1525/1525 1495/1495
f 1495/1495 1525/1525 1526/1526
f 1495/1495 1526/1526 1496/1496
f 1496/1496 1526/1526 1527/1527
f 1496/1496 1527/1527 1497/1497
f 1497/1497 1527/1527 1528/1528
f 1497/1497 1528/1528 1498/1498
f 1498/1498 1528/1528 1529/1529
f 1498/1498 1529/1529 1499/1499
f 1499/1499 1529/1529 1530/1530
f 1499/1499 1530/1530 1500/1500
f 1500/1500 1530/1530 1501/1501
f 1500/1500 1501/1501 1471/1471
f 1501/1501 1531/1531 1532/1532
f 1501/1501 1532/1532 1502/1502
f 1502/1502 1532/1532 1533/1533
f 1502/1502 1533/1533 1503/1503
f 1503/1503 1533/1533 1534/1534
f 1503/1503 1534/1534 1504/1504
f 1504/1504 1534/1534 1535/1535
f 1504/1504 1535/1535 1505/1505
f 1505/1505 1535/1535 1536/1536
f 1505/1505 1536/1536 1506/1506
f 1506/1506 1536/1536 1537/1537
f 1506/1506 1537/1537 1507/1507
f 1507/1507 1537/1537 1538/1538
f 1507/1507 1538/1538 1508/1508
f 1508/1508 1538/1538 1539/1539
f 1508/1508 1539/1539 1509/1509
f 1509/1509 1539/1539 1540/1540
f 1509/1509 1540/1540 1510/1510
f 1510/1510 1540/1540 1541/1541
f 1510/1510 1541/1541 1511/1511
f 1511/1511 1541/1541 1542/1542
f 1511/1511 1542/1542 1512/1512
f 1512/1512 1542/1542 1543/1543
f 1512/1512 1543/1543 1513/1513
f 1513/1513 1543/1543 1544/1544
f 1513/1513 1544/1544 1514/1514
f 1514/1514 1544/1544 1545/1545
f 1514/1514 1545/1545 1515/1515
f 1515/1515 1545/1545 1546/1546
f 1515/1515 1546/1546 1516/1516
f 1516/1516 1546/1546 1547/1547
f 1516/1516 1547/1547 1517/1517
f 1517/1517 1547/1547 1548/1548
f 1517/1517 1548/1548 1518/1518
f 1518/1518 1548/1548 1549/1549
f 1518/1518 1549/1549 1519/1519
f 1519/1519 1549/1549 1550/1550
f 1519/1519 1550/1550 1520/1520
f 1520/1520 1550/1550 1551/1551
f 1520/1520 1551/1551 1521/1521
f 1521/1521 1551/1551 1552/1552
f 1521/1521 1552/1552 1522/1522
f 1522/1522 1552/1552 1553/1553
f 1522/1522 1553/1553 1523/1523
f 1523/1523 1553/1553 1554/1554
f 1523/1523 1554/1554 1524/1524
f 1524/1524 1554/1554 1555/1555
f 1524/1524 1555/1555 1525/1525
f 1525/1525 1555/1555 1556/1556
f 1525/1525 1556/1556 1526/1526
f 1526/1526 1556/1556 1557/1557
f 1526/1526 1557/1557 1527/1527
f 1527/1527 1557/1557 1558/1558
f 1527/1527 1558/1558 1528/1528
f 1528/1528 1558/1558 1559/1559
f 1528/1528 1559/1559 1529/1529
f 1529/1529 1559/1559 1560/1560
f 1529/1529 1560/1560 1530/1530
f 1530/1530 1560/1560 1531/1531
f 1530/1530 1531/1531 1501/1501
f 1531/1531 1561/1561 1562/1562
f 1531/1531 1562/1562 1532/1532
f 1532/1532 1562/1562 1563/1563
f 1532/1532 1563/1563 1533/1533
f 1533/1533 1563/1563 1564/1564
f 1533/1533 1564/1564 1534/1534
f 1534/1534 1564/1564 1565/1565
f 1534/1534 1565/1565 1535/1535
f 1535/1535 1565/1565 1566/1566
f 1535/1535 1566/1566 1536/1536
f 1536/1536 1566/1566 1567/1567
f 1536/1536 1567/1567 1537/1537
f 1537/1537 1567/1567 1568/1568
f 1537/1537 1568/1568 1538/1538
f 1538/1538 1568/1568 1569/1569
f 1538/1538 1569/1569 1539/1539
f 1539/1539 1569/1569 1570/1570
f 1539/1539 1570/1570 1540/1540
f 1540/1540 1570/1570 1571/1571
f 1540/1540 1571/1571 1541/1541
f 1541/1541 1571/1571 1572/1572
f 1541/1541 1572/1572 1542/1542
f 1542/1542 1572/1572 1573/1573
f 1542/1542 1573/1573 1543/1543
f 1543/1543 1573/1573 1574/1574
f 1543/1543 1574/1574 1544/1544
f 1544/1544 1574/1574 1575/1575
f 1544/1544 1575/1575 1545/1545
f 1545/1545 1575/1575 1576/1576
f 1545/1545 1576/1576 1546/1546
f 1546/1546 1576/1576 1577/1577
f 1546/1546 1577/1577 1547/1547
f 1547/1547 1577/1577 1578/1578
f 1547/1547 1578/1578 1548/1548
f 1548/1548 1578/1578 1579/1579
f 1548/1548 1579/1579 1549/1549
f 1549/1549 1579/1579 1580/1580
f 1549/1549 1580/1580 1550/1550
f 1550/1550 1580/1580 1581/1581
f 1550/1550 1581/1581 1551/1551
f 1551/1551 1581/1581 1582/1582
f 1551/1551 1582/1582 1552/1552
f 1552/1552 1582/1582 1583/1583
f 1552/1552 1583/1583 1553/1553
f 1553/1553 1583/1583 1584/1584
f 1553/1553 1584/1584 1554/1554
f 1554/1554 1584/1584 1585/1585
f 1554/1554 1585/1585 1555/1555
f 1555/1555 1585/1585 1586/1586
f 1555/1555 1586/1586 1556/1556
f 1556/1556 1586/1586 1587/1587
f 1556/1556 1587/1587 1557/1557
f 1557/1557 1587/1587 1588/1588
f 1557/1557 1588/1588 1558/1558
f 1558/1558 1588/1588 1589/1589
f 1558/1558 1589/1589 1559/1559
f 1559/1559 1589/1589 1590/1590
f 1559/1559 1590/1590 1560/1560
f 1560/1560 1590/1590 1561/1561
f 1560/1560 1561/1561 1531/1531
f 1561/1561 1591/1591 1592/1592
f 1561/1561 1592/1592 1562/1562
f 1562/1562 1592/1592 1593/1593
f 1562/1562 1593/1593 1563/1563
f 1563/1563 1593/1593 1594/1594
f 1563/1563 1594/1594 1564/1564
f 1564/1564 1594/1594 1595/1595
f 1564/1564 1595/1595 1565/1565
f 1565/1565 1595/1595 1596/1596
f 1565/1565 1596/1596 1566/1566
f 1566/1566 1596/1596 1597/1597
f 1566/1566 1597/1597 1567/1567
f 1567/1567 1597/1597 1598/1598
f 1567/1567 1598/1598 1568/1568
f 1568/1568 1598/1598 1599/1599
f 1568/1568 1599/1599 1569/1569
f 1569/1569 1599/1599 1600/1600
f 1569/1569 1600/1600 1570/1570
f 1570/1570 1600/1600 1601/1601
f 1570/1570 1601/1601 1571/1571
f 1571/1571 1601/1601 1602/1602
f 1571/1571 1602/1602 1572/1572
f 1572/1572 1602/1602 1603/1603
f 1572/1572 1603/1603 1573/1573
f 1573/1573 1603/1603 1604/1604
f 1573/1573 1604/1604 1574/1574
f 1574/1574 1604/1604 1605/1605
f 1574/1574 1605/1605 1575/1575
f 1575/1575 1605/1605 1606/1606
f 1575/1575 1606/1606 1576/1576
f 1576/1576 1606/1606 1607/1607
f 1576/1576 1607/1607 1577/1577
f 1577/1577 1607/1607 1608/1608
f 1577/1577 1608/1608 1578/1578
f 1578/1578 1608/1608 1609/1609
f 1578/1578 1609/1609 1579/1579
f 1579/1579 1609/1609 1610/1610
f 1579/1579 1610/1610 1580/1580
f 1580/1580 1610/1610 1611/1611
f 1580/1580 1611/1611 1581/1581
f 1581/1581 1611/1611 1612/1612
f 1581/1581 1612/1612 1582/1582
f 1582/1582 1612/1612 1613/1613
f 1582/1582 1613/1613 1583/1583
f 1583/1583 1613/1613 1614/1614
f 1583/1583 1614/1614 1584/1584
f 1584/1584 1614/1614 1615/1615
f 1584/1584 1615/1615 1585/1585
f 1585/1585 1615/1615 1616/1616
f 1585/1585 1616/1616 1586/1586
f 1586/1586 1616/1616 1617/1617
f 1586/1586 1617/1617 1587/1587
f 1587/1587 1617/1617 1618/1618
f 1587/1587 1618/1618 1588/1588
f 1588/1588 1618/1618 1619/1619
f 1588/1588 1619/1619 1589/1589
f 1589/1589 1619/1619 1620/1620
f 1589/1589 1620/1620 1590/1590
f 1590/1590 1620/1620 1591/1591
f 1590/1590 1591/1591 1561/1561
f 1591/1591 1621/1621 1622/1622
f 1591/1591 1622/1622 1592/1592
f 1592/1592 1622/1622 1623/1623
f 1592/1592 1623/1623 1593/1593
f 1593/1593 1623/1623 1624/1624
f 1593/1593 1624/1624 1594/1594
f 1594/1594 1624/1624 1625/1625
f 1594/1594 1625/1625 1595/1595
f 1595/1595 1625/1625 1626/1626
f 1595/1595 1626/1626 1596/1596
f 1596/1596 1626/1626 1627/1627
f 1596/1596 1627/1627 1597/1597
f 1597/1597 1627/1627 1628/1628
f 1597/1597 1628/1628 1598/1598
f 1598/1598 1628/1628 1629/1629
f 1598/1598 1629/1629 1599/1599
f 1599/1599 1629/1629 1630/1630
f 1599/1599 1630/1630 1600/1600
f 1600/1600 1630/1630 1631/1631
f 1600/1600 1631/1631 1601/1601
f 1601/1601 1631/1631 1632/1632
f 1601/1601 1632/1632 1602/1602
f 1602/1602 1632/1632 1633/1633
f 1602/1602 1633/1633 1603/1603
f 1603/1603 1633/1633 1634/1634
f 1603/1603 1634/1634 1604/1604
f 1604/1604 1634/1634 1635/1635
f 1604/1604 1635/1635 1605/1605
f 1605/1605 1635/1635 1636/1636
f 1605/1605 1636/1636 1606/1606
f 1606/1606 1636/1636 1637/1637
f 1606/1606 1637/1637 1607/1607
f 1607/1607 1637/1637 1638/1638
f 1607/1607 1638/1638 1608/1608
f 1608/1608 1638/1638 1639/1639
f 1608/1608 1639/1639 1609/1609
f 1609/1609 1639/1639 1640/1640
f 1609/1609 1640/1640 1610/1610
f 1610/1610 1640/1640 1641/1641
f 1610/1610 1641/1641 1611/1611
f 1611/1611 1641/1641 1642/1642
f 1611/1611 1642/1642 1612/1612
f 1612/1612 1642/1642 1643/1643
f 1612/1612 1643/1643 1613/1613
f 1613/1613 1643/1643 1644/1644
f 1613/1613 1644/1644 1614/1614
f 1614/1614 1644/1644 1645/1645
f 1614/1614 1645/1645 1615/1615
f 1615/1615 1645/1645 1646/1646
f 1615/1615 1646/1646 1616/1616
f 1616/1616 1646/1646 1647/1647
f 1616/1616 1647/1647 1617/1617
f 1617/1617 1647/1647 1648/1648
f 1617/1617 1648/1648 1618/1618
f 1618/1618 1648/1648 1649/1649
f 1618/1618 1649/1649 1619/1619
f 1619/1619 1649/1649 1650/1650
f 1619/1619 1650/1650 1620/1620
f 1620/1620 1650/1650 1621/1621
f 1620/1620 1621/1621 1591/1591
f 1621/1621 1651/1651 1652/1652
f 1621/1621 1652/1652 1622/1622
f 1622/1622 1652/1652 1653/1653
f 1622/1622 1653/1653 1623/1623
f 1623/1623 1653/1653 1654/1654
f 1623/1623 1654/1654 1624/1624
f 1624/1624 1654/1654 1655/1655
f 1624/1624 1655/1655 1625/1625
f 1625/1625 1655/1655 1656/1656
f 1625/1625 1656/1656 1626/1626
f 1626/1626 1656/1656 1657/1657
f 1626/1626 1657/1657 1627/1627
f 1627/1627 1657/1657 1658/1658
f 1627/1627 1658/1658 1628/1628
f 1628/1628 1658/1658 1659/1659
f 1628/1628 1659/1659 1629/1629
f 1629/1629 1659/1659 1660/1660
f 1629/1629 1660/1660 1630/1630
f 1630/1630 1660/1660 1661/1661
f 1630/1630 1661/1661 1631/1631
f 1631/1631 1661/1661 1662/1662
f 1631/1631 1662/1662 1632/1632
f 1632/1632 1662/1662 1663/1663
f 1632/1632 1663/1663 1633/1633
f 1633/1633 1663/1663 1664/1664
f 1633/1633 1664/1664 1634/1634
f 1634/1634 1664/1664 1665/1665
f 1634/1634 1665/1665 1635/1635
f 1635/1635 1665/1665 1666/1666
f 1635/1635 1666/1666 1636/1636
f 1636/1636 1666/1666 1667/1667
f 1636/1636 1667/1667 1637/1637
f 1637/1637 1667/1667 1668/1668
f 1637/1637 1668/1668 1638/1638
f 1638/1638 1668/1668 1669/1669
f 1638/1638 1669/1669 1639/1639
f 1639/1639 1669/1669 1670/1670
f 1639/1639 1670/1670 1640/1640
f 1640/1640 1670/1670 1671/1671
f 1640/1640 1671/1671 1641/1641
f 1641/1641 1671/1671 1672/1672
f 1641/1641 1672/1672 1642/1642
f 1642/1642 1672/1672 1673/1673
f 1642/1642 1673/1673 1643/1643
f 1643/1643 1673/1673 1674/1674
f 1643/1643 1674/1674 1644/1644
f 1644/1644 1674/1674 1675/1675
f 1644/1644 1675/1675 1645/1645
f 1645/1645 1675/1675 1676/1676
f 1645/1645 1676/1676 1646/1646
f 1646/1646 1676/1676 1677/1677
f 1646/1646 1677/1677 1647/1647
f 1647/1647 1677/1677 1678/1678
f 1647/1647 1678/1678 1648/1648
f 1648/1648 1678/1678 1679/1679
f 1648/1648 1679/1679 1649/1649
f 1649/1649 1679/1679 1680/1680
f 1649/1649 1680/1680 1650/1650
f 1650/1650 1680/1680 1651/1651
f 1650/1650 1651/1651 1621/1621
f 1261/1261 1262/1262 1263/1263
f 1261/1261 1263/1263 1264/1264
f 1261/1261 1264/1264 1265/1265
f 1261/1261 1265/1265 1266/1266
f 1261/1261 1266/1266 1267/1267
f 1261/1261 1267/1267 1268/1268
f 1261/1261 1268/1268 1269/1269
f 1261/1261 1269/1269 1270/1270
f 1261/1261 1270/1270 1271/1271
f 1261/1261 1271/1271 1272/1272
f 1261/1261 1272/1272 1273/1273
f 1261/1261 1273/1273 1274/1274
f 1261/1261 1274/1274 1275/1275
f 1261/1261 1275/1275 1276/1276
f 1261/1261 1276/1276 1277/1277
f 1261/1261 1277/1277 1278/1278
f 1261/1261 1278/1278 1279/1279
f 1261/1261 1279/1279 1280/1280
f 1261/1261 1280/1280 1281/1281
f 1261/1261 1281/1281 1282/1282
f 1261/1261 1282/1282 1283/1283
f 1261/1261 1283/1283 1284/1284
f 1261/1261 1284/1284 1285/1285
f 1261/1261 1285/1285 1286/1286
f 1261/1261 1286/1286 1287/1287
f 1261/1261 1287/1287 1288/1288
f 1261/1261 1288/1288 1289/1289
f 1261/1261 1289/1289 1290/1290
f 1680/1680 1679/1679 1678/1678
f 1680/1680 1678/1678 1677/1677
f 1680/1680 1677/1677 1676/1676
f 1680/1680 1676/1676 1675/1675
f 1680/1680 1675/1675 1674/1674
f 1680/1680 1674/1674 1673/1673
f 1680/1680 1673/1673 1672/1672
f 1680/1680 1672/1672 1671/1671
f 1680/1680 1671/1671 1670/1670
f 1680/1680 1670/1670 1669/1669
f 1680/1680 1669/1669 1668/1668
f 1680/1680 1668/1668 1667/1667
f 1680/1680 1667/1667 1666/1666
f 1680/1680 1666/1666 1665/1665
f 1680/1680 1665/1665 1664/1664
f 1680/1680 1664/1664 1663/1663
f 1680/1680 1663/1663 1662/1662
f 1680/1680 1662/1662 1661/1661
f 1680/1680 1661/1661 1660/1660
f 1680/1680 1660/1660 1659/1659
f 1680/1680 1659/1659 1658/1658
f 1680/1680 1658/1658 1657/1657
f 1680/1680 1657/1657 1656/1656
f 1680/1680 1656/1656 1655/1655
f 1680/1680 1655/1655 1654/1654
f 1680/1680 1654/1654 1653/1653
f 1680/1680 1653/1653 1652/1652
f 1680/1680 1652/1652 1651/1651
f 1681/1681 1711/1711 1712/1712
f 1681/1681 1712/1712 1682/1682
f 1682/1682 1712/1712 1713/1713
f 1682/1682 1713/1713 1683/1683
f 1683/1683 1713/1713 1714/1714
f 1683/1683 1714/1714 1684/1684
f 1684/1684 1714/1714 1715/1715
f 1684/1684 1715/1715 1685/1685
f 1685/1685 1715/1715 1716/1716
f 1685/1685 1716/1716 1686/1686
f 1686/1686 1716/1716 1717/1717
f 1686/1686 1717/1717 1687/1687
f 1687/1687 1717/1717 1718/1718
f 1687/1687 1718/1718 1688/1688
f 1688/1688 1718/1718 1719/1719
f 1688/1688 1719/1719 1689/1689
f 1689/1689 1719/1719 1720/1720
f 1689/1689 1720/1720 1690/1690
f 1690/1690 1720/1720 1721/1721
f 1690/1690 1721/1721 1691/1691
f 1691/1691 1721/1721 1722/1722
f 1691/1691 1722/1722 1692/1692
f 1692/1692 1722/1722 1723/1723
f 1692/1692 1723/1723 1693/1693
f 1693/1693 1723/1723 1724/1724
f 1693/1693 1724/1724 1694/1694
f 1694/1694 1724/1724 1725/1725
f 1694/1694 1725/1725 1695/1695
f 1695/1695 1725/1725 1726/1726
f 1695/1695 1726/1726 1696/1696
f 1696/1696 1726/1726 1727/1727
f 1696/1696 1727/1727 1697/1697
f 1697/1697 1727/1727 1728/1728
f 1697/1697 1728/1728 1698/1698
f 1698/1698 1728/1728 1729/1729
f 1698/1698 1729/1729 1699/1699
f 1699/1699 1729/1729 1730/1730
f 1699/1699 1730/1730 1700/1700
f 1700/1700 1730/1730 1731/1731
f 1700/1700 1731/1731 1701/1701
f 1701/1701 1731/1731 1732/1732
f 1701/1701 1732/1732 1702/1702
f 1702/1702 1732/1732 1733/1733
f 1702/1702 1733/1733 1703/1703
f 1703/1703 1733/1733 1734/1734
f 1703/1703 1734/1734 1704/1704
f 1704/1704 1734/1734 1735/1735
f 1704/1704 1735/1735 1705/1705
f 1705/1705 1735/1735 1736/1736
f 1705/1705 1736/1736 1706/1706
f 1706/1706 1736/1736 1737/1737
f 1706/1706 1737/1737 1707/1707
f 1707/1707 1737/1737 1738/1738
f 1707/1707 1738/1738 1708/1708
f 1708/1708 1738/1738 1739/1739
f 1708/1708 1739/1739 1709/1709
f 1709/1709 1739/1739 1740/1740
f 1709/1709 1740/1740 1710/1710
f 1710/1710 1740/1740 1711/1711
f 1710/1710 1711/1711 1681/1681
f 1711/1711 1741/1741 1742/1742
f 1711/1711 1742/1742 1712/1712
f 1712/1712 1742/1742 1743/1743
f 1712/1712 1743/1743 1713/1713
f 1713/1713 1743/1743 1744/1744
f 1713/1713 1744/1744 1714/1714
f 1714/1714 1744/1744 1745/1745
f 1714/1714 1745/1745 1715/1715
f 1715/1715 1745/1745 1746/1746
f 1715/1715 1746/1746 1716/1716
f 1716/1716 1746/1746 1747/1747
f 1716/1716 1747/1747 1717/1717
f 1717/1717 1747/1747 1748/1748
f 1717/1717 1748/1748 1718/1718
f 1718/1718 1748/1748 1749/1749
f 1718/1718 1749/1749 1719/1719
f 1719/1719 1749/1749 1750/1750
f 1719/1719 1750/1750 1720/1720
f 1720/1720 1750/1750 1751/1751
f 1720/1720 1751/1751 1721/1721
f 1721/1721 1751/1751 1752/1752
f 1721/1721 1752/1752 1722/1722
f 1722/1722 1752/1752 1753/1753
f 1722/1722 1753/1753 1723/1723
f 1723/1723 1753/1753 1754/1754
f 1723/1723 1754/1754 1724/1724
f 1724/1724 1754/1754 1755/1755
f 1724/1724 1755/1755 1725/1725
f 1725/1725 1755/1755 1756/1756
f 1725/1725 1756/1756 1726/1726
f 1726/1726 1756/1756 1757/1757
f 1726/1726 1757/1757 1727/1727
f 1727/1727 1757/1757 1758/1758
f 1727/1727 1758/1758 1728/1728
f 1728/1728 1758/1758 1759/1759
f 1728/1728 1759/1759 1729/1729
f 1729/1729 1759/1759 1760/1760
f 1729/1729 1760/1760 1730/1730
f 1730/1730 1760/1760 1761/1761
f 1730/1730 1761/1761 1731/1731
f 1731/1731 1761/1761 1762/1762
f 1731/1731 1762/1762 1732/1732
f 1732/1732 1762/1762 1763/1763
f 1732/1732 1763/1763 1733/1733
f 1733/1733 1763/1763 1764/1764
f 1733/1733 1764/1764 1734/1734
f 1734/1734 1764/1764 1765/1765
f 1734/1734 1765/1765 1735/1735
f 1735/1735 1765/1765 1766/1766
f 1735/1735 1766/1766 1736/1736
f 1736/1736 1766/1766 1767/1767
f 1736/1736 1767/1767 1737/1737
f 1737/1737 1767/1767 1768/1768
f 1737/1737 1768/1768 1738/1738
f 1738/1738 1768/1768 1769/1769
f 1738/1738 1769/1769 1739/1739
f 1739/1739 1769/1769 1770/1770
f 1739/1739 1770/1770 1740/1740
f 1740/1740 1770/1770 1741/1741
f 1740/1740 1741/1741 1711/1711
f 1741/1741 1771/1771 1772/1772
f 1741/1741 1772/1772 1742/1742
f 1742/1742 1772/1772 1773/1773
f 1742/1742 1773/1773 1743/1743
f 1743/1743 1773/1773 1774/1774
f 1743/1743 1774/1774 1744/1744
f 1744/1744 1774/1774 1775/1775
f 1744/1744 1775/1775 1745/1745
f 1745/1745 1775/1775 1776/1776
f 1745/1745 1776/1776 1746/1746
f 1746/1746 1776/1776 1777/1777
f 1746/1746 1777/1777 1747/1747
f 1747/1747 1777/1777 1778/1778
f 1747/1747 1778/1778 1748/1748
f 1748/1748 1778/1778 1779/1779
f 1748/1748 1779/1779 1749/1749
f 1749/1749 1779/1779 1780/1780
f 1749/1749 1780/1780 1750/1750
f 1750/1750 1780/1780 1781/1781
f 1750/1750 1781/1781 1751/1751
f 1751/1751 1781/1781 1782/1782
f 1751/1751 1782/1782 1752/1752
f 1752/1752 1782/1782 1783/1783
f 1752/1752 1783/1783 1753/1753
f 1753/1753 1783/1783 1784/1784
f 1753/1753 1784/1784 1754/1754
f 1754/1754 1784/1784 1785/1785
f 1754/1754 1785/1785 1755/1755
f 1755/1755 1785/1785 1786/1786
f 1755/1755 1786/1786 1756/1756
f 1756/1756 1786/1786 1787/1787
f 1756/1756 1787/1787 1757/1757
f 1757/1757 1787/1787 1788/1788
f 1757/1757 1788/1788 1758/1758
f 1758/1758 1788/1788 1789/1789
f 1758/1758 1789/1789 1759/1759
f 1759/1759 1789/1789 1790/1790
f 1759/1759 1790/1790 1760/1760
f 1760/1760 1790/1790 1791/1791
f 1760/1760 1791/1791 1761/1761
f 1761/1761 1791/1791 1792/1792
f 1761/1761 1792/1792 1762/1762
f 1762/1762 1792/1792 1793/1793
f 1762/1762 1793/1793 1763/1763
f 1763/1763 1793/1793 1794/1794
f 1763/1763 1794/1794 1764/1764
f 1764/1764 1794/1794 1795/1795
f 1764/1764 1795/1795 1765/1765
f 1765/1765 1795/1795 1796/1796
f 1765/1765 1796/1796 1766/1766
f 1766/1766 1796/1796 1797/1797
f 1766/1766 1797/1797 1767/1767
f 1767/1767 1797/1797 1798/1798
f 1767/1767 1798/1798 1768/1768
f 1768/1768 1798/1798 1799/1799
f 1768/1768 1799/1799 1769/1769
f 1769/1769 1799/1799 1800/1800
f 1769/1769 1800/1800 1770/1770
f 1770/1770 1800/1800 1771/1771
f 1770/1770 1771/1771 1741/1741
f 1771/1771 1801/1801 1802/1802
f 1771/1771 1802/1802 1772/1772
f 1772/1772 1802/1802 1803/1803
f 1772/1772 1803/1803 1773/1773
f 1773/1773 1803/1803 1804/1804
f 1773/1773 1804/1804 1774/1774
f 1774/1774 1804/1804 1805/1805
f 1774/1774 1805/1805 1775/1775
f 1775/1775 1805/1805 1806/1806
f 1775/1775 1806/1806 1776/1776
f 1776/1776 1806/1806 1807/1807
f 1776/1776 1807/1807 1777/1777
f 1777/1777 1807/1807 1808/1808
f 1777/1777 1808/1808 1778/1778
f 1778/1778 1808/1808 1809/1809
f 1778/1778 1809/1809 1779/1779
f 1779/1779 1809/1809 1810/1810
f 1779/1779 1810/1810 1780/1780
f 1780/1780 1810/1810 1811/1811
f 1780/1780 1811/1811 1781/1781
f 1781/1781 1811/1811 1812/1812
f 1781/1781 1812/1812 1782/1782
f 1782/1782 1812/1812 1813/1813
f 1782/1782 1813/1813 1783/1783
f 1783/1783 1813/1813 1814/1814
f 1783/1783 1814/1814 1784/1784
f 1784/1784 1814/1814 1815/1815
f 1784/1784 1815/1815 1785/1785
f 1785/1785 1815/1815 1816/1816
f 1785/1785 1816/1816 1786/1786
f 1786/1786 1816/1816 1817/1817
f 1786/1786 1817/1817 1787/1787
f 1787/1787 1817/1817 1818/1818
f 1787/1787 1818/1818 1788/1788
f 1788/1788 1818/1818 1819/1819
f 1788/1788 1819/1819 1789/1789
f 1789/1789 1819/1819 1820/1820
f 1789/1789 1820/1820 1790/1790
f 1790/1790 1820/1820 1821/1821
f 1790/1790 1821/1821 1791/1791
f 1791/1791 1821/1821 1822/1822
f 1791/1791 1822/1822 1792/1792
f 1792/1792 1822/1822 1823/1823
f 1792/1792 1823/1823 1793/1793
f 1793/1793 1823/1823 1824/1824
f 1793/1793 1824/1824 1794/1794
f 1794/1794 1824/1824 1825/1825
f 1794/1794 1825/1825 1795/1795
f 1795/1795 1825/1825 1826/1826
f 1795/1795 1826/1826 1796/1796
f 1796/1796 1826/1826 1827/1827
f 1796/1796 1827/1827 1797/1797
f 1797/1797 1827/1827 1828/1828
f 1797/1797 1828/1828 1798/1798
f 1798/1798 1828/1828 1829/1829
f 1798/1798 1829/1829 1799/1799
f 1799/1799 1829/1829 1830/1830
f 1799/1799 1830/1830 1800/1800
f 1800/1800 1830/1830 1801/1801
f 1800/1800 1801/1801 1771/1771
f 1801/1801 1831/1831 1832/1832
f 1801/1801 1832/1832 1802/1802
f 1802/1802 1832/1832 1833/1833
f 1802/1802 1833/1833 1803/1803
f 1803/1803 1833/1833 1834/1834
f 1803/1803 1834/1834 1804/1804
f 1804/1804 1834/1834 1835/1835
f 1804/1804 1835/1835 1805/1805
f 1805/1805 1835/1835 1836/1836
f 1805/1805 1836/1836 1806/1806
f 1806/1806 1836/1836 1837/1837
f 1806/1806 1837/1837 1807/1807
f 1807/1807 1837/1837 1838/1838
f 1807/1807 1838/1838 1808/1808
f 1808/1808 1838/1838 1839/1839
f 1808/1808 1839/1839 1809/1809
f 1809/1809 1839/1839 1840/1840
f 1809/1809 1840/1840 1810/1810
f 1810/1810 1840/1840 1841/1841
f 1810/1810 1841/1841 1811/1811
f 1811/1811 1841/1841 1842/1842
f 1811/1811 1842/1842 1812/1812
f 1812/1812 1842/1842 1843/1843
f 1812/1812 1843/1843 1813/1813
f 1813/1813 1843/1843 1844/1844
f 1813/1813 1844/1844 1814/1814
f 1814/1814 1844/1844 1845/1845
f 1814/1814 1845/1845 1815/1815
f 1815/1815 1845/1845 1846/1846
f 1815/1815 1846/1846 1816/1816
f 1816/1816 1846/1846 1847/1847
f 1816/1816 1847/1847 1817/1817
f 1817/1817 1847/1847 1848/1848
f 1817/1817 1848/1848 1818/1818
f 1818/1818 1848/1848 1849/1849
f 1818/1818 1849/1849 1819/1819
f 1819/1819 1849/1849 1850/1850
f 1819/1819 1850/1850 1820/1820
f 1820/1820 1850/1850 1851/1851
f 1820/1820 1851/1851 1821/1821
f 1821/1821 1851/1851 1852/1852
f 1821/1821 1852/1852 1822/1822
f 1822/1822 1852/1852 1853/1853
f 1822/1822 1853/1853 1823/1823
f 1823/1823 1853/1853 1854/1854
f 1823/1823 1854/1854 1824/1824
f 1824/1824 1854/1854 1855/1855
f 1824/1824 1855/1855 1825/1825
f 1825/1825 1855/1855 1856/1856
f 1825/1825 1856/1856 1826/1826
f 1826/1826 1856/1856 1857/1857
f 1826/1826 1857/1857 1827/1827
f 1827/1827 1857/1857 1858/1858
f 1827/1827 1858/1858 1828/1828
f 1828/1828 1858/1858 1859/1859
f 1828/1828 1859/1859 1829/1829
f 1829/1829 1859/1859 1860/1860
f 1829/1829 1860/1860 1830/1830
f 1830/1830 1860/1860 1831/1831
f 1830/1830 1831/1831 1801/1801
f 1831/1831 1861/1861 1862/1862
f 1831/1831 1862/1862 1832/1832
f 1832/1832 1862/1862 1863/1863
f 1832/1832 1863/1863 1833/1833
f 1833/1833 1863/1863 1864/1864
f 1833/1833 1864/1864 1834/1834
f 1834/1834 1864/1864 1865/1865
f 1834/1834 1865/1865 1835/1835
f 1835/1835 1865/1865 1866/1866
f 1835/1835 1866/1866 1836/1836
f 1836/1836 1866/1866 1867/1867
f 1836/1836 1867/1867 1837/1837
f 1837/1837 1867/1867 1868/1868
f 1837/1837 1868/1868 1838/1838
f 1838/1838 1868/1868 1869/1869
f 1838/1838 1869/1869 1839/1839
f 1839/1839 1869/1869 1870/1870
f 1839/1839 1870/1870 1840/1840
f 1840/1840 1870/1870 1871/1871
f 1840/1840 1871/1871 1841/1841
f 1841/1841 1871/1871 1872/1872
f 1841/1841 1872/1872 1842/1842
f 1842/1842 1872/1872 1873/1873
f 1842/1842 1873/1873 1843/1843
f 1843/1843 1873/1873 1874/1874
f 1843/1843 1874/1874 1844/1844
f 1844/1844 1874/1874 1875/1875
f 1844/1844 1875/1875 1845/1845
f 1845/1845 1875/1875 1876/1876
f 1845/1845 1876/1876 1846/1846
f 1846/1846 1876/1876 1877/1877
f 1846/1846 1877/1877 1847/1847
f 1847/1847 1877/1877 1878/1878
f 1847/1847 1878/1878 1848/1848
f 1848/1848 1878/1878 1879/1879
f 1848/1848 1879/1879 1849/1849
f 1849/1849 1879/1879 1880/1880
f 1849/1849 1880/1880 1850/1850
f 1850/1850 1880/1880 1881/1881
f 1850/1850 1881/1881 1851/1851
f 1851/1851 1881/1881 1882/1882
f 1851/1851 1882/1882 1852/1852
f 1852/1852 1882/1882 1883/1883
f 1852/1852 1883/1883 1853/1853
f 1853/1853 1883/1883 1884/1884
f 1853/1853 1884/1884 1854/1854
f 1854/1854 1884/1884 1885/1885
f 1854/1854 1885/1885 1855/1855
f 1855/1855 1885/1885 1886/1886
f 1855/1855 1886/1886 1856/1856
f 1856/1856 1886/1886 1887/1887
f 1856/1856 1887/1887 1857/1857
f 1857/1857 1887/1887 1888/1888
f 1857/1857 1888/1888 1858/1858
f 1858/1858 1888/1888 1889/1889
f 1858/1858 1889/1889 1859/1859
f 1859/1859 1889/1889 1890/1890
f 1859/1859 1890/1890 1860/1860
f 1860/1860 1890/1890 1861/1861
f 1860/1860 1861/1861 1831/1831
f 1861/1861 1891/1891 1892/1892
f 1861/1861 1892/1892 1862/1862
f 1862/1862 1892/1892 1893/1893
f 1862/1862 1893/1893 1863/1863
f 1863/1863 1893/1893 1894/1894
f 1863/1863 1894/1894 1864/1864
f 1864/1864 1894/1894 1895/1895
f 1864/1864 1895/1895 1865/1865
f 1865/1865 1895/1895 1896/1896
f 1865/1865 1896/1896 1866/1866
f 1866/1866 1896/1896 1897/1897
f 1866/1866 1897/1897 1867/1867
f 1867/1867 1897/1897 1898/1898
f 1867/1867 1898/1898 1868/1868
f 1868/1868 1898/1898 1899/1899
f 1868/1868 1899/1899 1869/1869
f 1869/1869 1899/1899 1900/1900
f 1869/1869 1900/1900 1870/1870
f 1870/1870 1900/1900 1901/1901
f 1870/1870 1901/1901 1871/1871
f 1871/1871 1901/1901 1902/1902
f 1871/1871 1902/1902 1872/1872
f 1872/1872 1902/1902 1903/1903
f 1872/1872 1903/1903 1873/1873
f 1873/1873 1903/1903 1904/1904
f 1873/1873 1904/1904 1874/1874
f 1874/1874 1904/1904 1905/1905
f 1874/1874 1905/1905 1875/1875
f 1875/1875 1905/1905 1906/1906
f 1875/1875 1906/1906 1876/1876
f 1876/1876 1906/1906 1907/1907
f 1876/1876 1907/1907 1877/1877
f 1877/1877 1907/1907 1908/1908
f 1877/1877 1908/1908 1878/1878
f 1878/1878 1908/1908 1909/1909
f 1878/1878 1909/1909 1879/1879
f 1879/1879 1909/1909 1910/1910
f 1879/1879 1910/1910 1880/1880
f 1880/1880 1910/1910 1911/1911
f 1880/1880 1911/1911 1881/1881
f 1881/1881 1911/1911 1912/1912
f 1881/1881 1912/1912 1882/1882
f 1882/1882 1912/1912 1913/1913
f 1882/1882 1913/1913 1883/1883
f 1883/1883 1913/1913 1914/1914
f 1883/1883 1914/1914 1884/1884
f 1884/1884 1914/1914 1915/1915
f 1884/1884 1915/1915 1885/1885
f 1885/1885 1915/1915 1916/1916
f 1885/1885 1916/1916 1886/1886
f 1886/1886 1916/1916 1917/1917
f 1886/1886 1917/1917 1887/1887
f 1887/1887 1917/1917 1918/1918
f 1887/1887 1918/1918 1888/1888
f 1888/1888 1918/1918 1919/1919
f 1888/1888 1919/1919 1889/1889
f 1889/1889 1919/1919 1920/1920
f 1889/1889 1920/1920 1890/1890
f 1890/1890 1920/1920 1891/1891
f 1890/1890 1891/1891 1861/1861
f 1891/1891 1921/1921 1922/1922
f 1891/1891 1922/1922 1892/1892
f 1892/1892 1922/1922 1923/1923
f 1892/1892 1923/1923 1893/1893
f 1893/1893 1923/1923 1924/1924
f 1893/1893 1924/1924 1894/1894
f 1894/1894 1924/1924 1925/1925
f 1894/1894 1925/1925 1895/1895
f 1895/1895 1925/1925 1926/1926
f 1895/1895 1926/1926 1896/1896
f 1896/1896 1926/1926 1927/1927
f 1896/1896 1927/1927 1897/1897
f 1897/1897 1927/1927 1928/1928
f 1897/1897 1928/1928 1898/1898
f 1898/1898 1928/1928 1929/1929
f 1898/1898 1929/1929 1899/1899
f 1899/1899 1929/1929 1930/1930
f 1899/1899 1930/1930 1900/1900
f 1900/1900 1930/1930 1931/1931
f 1900/1900 1931/1931 1901/1901
f 1901/1901 1931/1931 1932/1932
f 1901/1901 1932/1932 1902/1902
f 1902/1902 1932/1932 1933/1933
f 1902/1902 1933/1933 1903/1903
f 1903/1903 1933/1933 1934/1934
f 1903/1903 1934/1934 1904/1904
f 1904/1904 1934/1934 1935/1935
f 1904/1904 1935/1935 1905/1905
f 1905/1905 1935/1935 1936/1936
f 1905/1905 1936/1936 1906/1906
f 1906/1906 1936/1936 1937/1937
f 1906/1906 1937/1937 1907/1907
f 1907/1907 1937/1937 1938/1938
f 1907/1907 1938/1938 1908/1908
f 1908/1908 1938/1938 1939/1939
f 1908/1908 1939/1939 1909/1909
f 1909/1909 1939/1939 1940/1940
f 1909/1909 1940/1940 1910/1910
f 1910/1910 1940/1940 1941/1941
f 1910/1910 1941/1941 1911/1911
f 1911/1911 1941/1941 1942/1942
f 1911/1911 1942/1942 1912/1912
f 1912/1912 1942/1942 1943/1943
f 1912/1912 1943/1943 1913/1913
f 1913/1913 1943/1943 1944/1944
f 1913/1913 1944/1944 1914/1914
f 1914/1914 1944/1944 1945/1945
f 1914/1914 1945/1945 1915/1915
f 1915/1915 1945/1945 1946/1946
f 1915/1915 1946/1946 1916/1916
f 1916/1916 1946/1946 1947/1947
f 1916/1916 1947/1947 1917/1917
f 1917/1917 1947/1947 1948/1948
f 1917/1917 1948/1948 1918/1918
f 1918/1918 1948/1948 1949/1949
f 1918/1918 1949/1949 1919/1919
f 1919/1919 1949/1949 1950/1950
f 1919/1919 1950/1950 1920/1920
f 1920/1920 1950/1950 1921/1921
f 1920/1920 1921/1921 1891/1891
f 1921/1921 1951/1951 1952/1952
f 1921/1921 1952/1952 1922/1922
f 1922/1922 1952/1952 1953/1953
f 1922/1922 1953/1953 1923/1923
f 1923/1923 1953/1953 1954/1954
f 1923/1923 1954/1954 1924/1924
f 1924/1924 1954/1954 1955/1955
f 1924/1924 1955/1955 1925/1925
f 1925/1925 1955/1955 1956/1956
f 1925/1925 1956/1956 1926/1926
f 1926/1926 1956/1956 1957/1957
f 1926/1926 1957/1957 1927/1927
f 1927/1927 1957/1957 1958/1958
f 1927/1927 1958/1958 1928/1928
f 1928/1928 1958/1958 1959/1959
f 1928/1928 1959/1959 1929/1929
f 1929/1929 1959/1959 1960/1960
f 1929/1929 1960/1960 1930/1930
f 1930/1930 1960/1960 1961/1961
f 1930/1930 1961/1961 1931/1931
f 1931/1931 1961/1961 1962/1962
f 1931/1931 1962/1962 1932/1932
f 1932/1932 1962/1962 1963/1963
f 1932/1932 1963/1963 1933/1933
f 1933/1933 1963/1963 1964/1964
f 1933/1933 1964/1964 1934/1934
f 1934/1934 1964/1964 1965/1965
f 1934/1934 1965/1965 1935/1935
f 1935/1935 1965/1965 1966/1966
f 1935/1935 1966/1966 1936/1936
f 1936/1936 1966/1966 1967/1967
f 1936/1936 1967/1967 1937/1937
f 1937/1937 1967/1967 1968/1968
f 1937/1937 1968/1968 1938/1938
f 1938/1938 1968/1968 1969/1969
f 1938/1938 1969/1969 1939/1939
f 1939/1939 1969/1969 1970/1970
f 1939/1939 1970/1970 1940/1940
f 1940/1940 1970/1970 1971/1971
f 1940/1940 1971/1971 1941/1941
f 1941/1941 1971/1971 1972/1972
f 1941/1941 1972/1972 1942/1942
f 1942/1942 1972/1972 1973/1973
f 1942/1942 1973/1973 1943/1943
f 1943/1943 1973/1973 1974/1974
f 1943/1943 1974/1974 1944/1944
f 1944/1944 1974/1974 1975/1975
f 1944/1944 1975/1975 1945/1945
f 1945/1945 1975/1975 1976/1976
f 1945/1945 1976/1976 1946/1946
f 1946/1946 1976/1976 1977/1977
f 1946/1946 1977/1977 1947/1947
f 1947/1947 1977/1977 1978/1978
f 1947/1947 1978/1978 1948/1948
f 1948/1948 1978/1978 1979/1979
f 1948/1948 1979/1979 1949/1949
f 1949/1949 1979/1979 1980/1980
f 1949/1949 1980/1980 1950/1950
f 1950/1950 1980/1980 1951/1951
f 1950/1950 1951/1951 1921/1921
f 1951/1951 1981/1981 1982/1982
f 1951/1951 1982/1982 1952/1952
f 1952/1952 1982/1982 1983/1983
f 1952/1952 1983/1983 1953/1953
f 1953/1953 1983/1983 1984/1984
f 1953/1953 1984/1984 1954/1954
f 1954/1954 1984/1984 1985/1985
f 1954/1954 1985/1985 1955/1955
f 1955/1955 1985/1985 1986/1986
f 1955/1955 1986/1986 1956/1956
f 1956/1956 1986/1986 1987/1987
f 1956/1956 1987/1987 1957/1957
f 1957/1957 1987/1987 1988/1988
f 1957/1957 1988/1988 1958/1958
f 1958/1958 1988/1988 1989/1989
f 1958/1958 1989/1989 1959/1959
f 1959/1959 1989/1989 1990/1990
f 1959/1959 1990/1990 1960/1960
f 1960/1960 1990/1990 1991/1991
f 1960/1960 1991/1991 1961/1961
f 1961/1961 1991/1991 1992/1992
f 1961/1961 1992/1992 1962/1962
f 1962/1962 1992/1992 1993/1993
f 1962/1962 1993/1993 1963/1963
f 1963/1963 1993/1993 1994/1994
f 1963/1963 1994/1994 1964/1964
f 1964/1964 1994/1994 1995/1995
f 1964/1964 1995/1995 1965/1965
f 1965/1965 1995/1995 1996/1996
f 1965/1965 1996/1996 1966/1966
f 1966/1966 1996/1996 1997/1997
f 1966/1966 1997/1997 1967/1967
f 1967/1967 1997/1997 1998/1998
f 1967/1967 1998/1998 1968/1968
f 1968/1968 1998/1998 1999/1999
f 1968/1968 1999/1999 1969/1969
f 1969/1969 1999/1999 2000/2000
f 1969/1969 2000/2000 1970/1970
f 1970/1970 2000/2000 2001/2001
f 1970/1970 2001/2001 1971/1971
f 1971/1971 2001/2001 2002/2002
f 1971/1971 2002/2002 1972/1972
f 1972/1972 2002/2002 2003/2003
f 1972/1972 2003/2003 1973/1973
f 1973/1973 2003/2003 2004/2004
f 1973/1973 2004/2004 1974/1974
f 1974/1974 2004/2004 2005/2005
f 1974/1974 2005/2005 1975/1975
f 1975/1975 2005/2005 2006/2006
f 1975/1975 2006/2006 1976/1976
f 1976/1976 2006/2006 2007/2007
f 1976/1976 2007/2007 1977/1977
f 1977/1977 2007/2007 2008/2008
f 1977/1977 2008/2008 1978/1978
f 1978/1978 2008/2008 2009/2009
f 1978/1978 2009/2009 1979/1979
f 1979/1979 2009/2009 2010/2010
f 1979/1979 2010/2010 1980/1980
f 1980/1980 2010/2010 1981/1981
f 1980/1980 1981/1981 1951/1951
f 1981/1981 2011/2011 2012/2012
f 1981/1981 2012/2012 1982/1982
f 1982/1982 2012/2012 2013/2013
f 1982/1982 2013/2013 1983/1983
f 1983/1983 2013/2013 2014/2014
f 1983/1983 2014/2014 1984/1984
f 1984/1984 2014/2014 2015/2015
f 1984/1984 2015/2015 1985/1985
f 1985/1985 2015/2015 2016/2016
f 1985/1985 2016/2016 1986/1986
f 1986/1986 2016/2016 2017/2017
f 1986/1986 2017/2017 1987/1987
f 1987/1987 2017/2017 2018/2018
f 1987/1987 2018/2018 1988/1988
f 1988/1988 2018/2018 2019/2019
f 1988/1988 2019/2019 1989/1989
f 1989/1989 2019/2019 2020/2020
f 1989/1989 2020/2020 1990/1990
f 1990/1990 2020/2020 2021/2021
f 1990/1990 2021/2021 1991/1991
f 1991/1991 2021/2021 2022/2022
f 1991/1991 2022/2022 1992/1992
f 1992/1992 2022/2022 2023/2023
f 1992/1992 2023/2023 1993/1993
f 1993/1993 2023/2023 2024/2024
f 1993/1993 2024/2024 1994/1994
f 1994/1994 2024/2024 2025/2025
f 1994/1994 2025/2025 1995/1995
f 1995/1995 2025/2025 2026/2026
f 1995/1995 2026/2026 1996/1996
f 1996/1996 2026/2026 2027/2027
f 1996/1996 2027/2027 1997/1997
f 1997/1997 2027/2027 2028/2028
f 1997/1997 2028/2028 1998/1998
f 1998/1998 2028/2028 2029/2029
f 1998/1998 2029/2029 1999/1999
f 1999/1999 2029/2029 2030/2030
f 1999/1999 2030/2030 2000/2000
f 2000/2000 2030/2030 2031/2031
f 2000/2000 2031/2031 2001/2001
f 2001/2001 2031/2031 2032/2032
f 2001/2001 2032/2032 2002/2002
f 2002/2002 2032/2032 2033/2033
f 2002/2002 2033/2033 2003/2003
f 2003/2003 2033/2033 2034/2034
f 2003/2003 2034/2034 2004/2004
f 2004/2004 2034/2034 2035/2035
f 2004/2004 2035/2035 2005/2005
f 2005/2005 2035/2035 2036/2036
f 2005/2005 2036/2036 2006/2006
f 2006/2006 2036/2036 2037/2037
f 2006/2006 2037/2037 2007/2007
f 2007/2007 2037/2037 2038/2038
f 2007/2007 2038/2038 2008/2008
f 2008/2008 2038/2038 2039/2039
f 2008/2008 2039/2039 2009/2009
f 2009/2009 2039/2039 2040/2040
f 2009/2009 2040/2040 2010/2010
f 2010/2010 2040/2040 2011/2011
f 2010/2010 2011/2011 1981/1981
f 2011/2011 2041/2041 2042/2042
f 2011/2011 2042/2042 2012/2012
f 2012/2012 2042/2042 2043/2043
f 2012/2012 2043/2043 2013/2013
f 2013/2013 2043/2043 2044/2044
f 2013/2013 2044/2044 2014/2014
f 2014/2014 2044/2044 2045/2045
f 2014/2014 2045/2045 2015/2015
f 2015/2015 2045/2045 2046/2046
f 2015/2015 2046/2046 2016/2016
f 2016/2016 2046/2046 2047/2047
f 2016/2016 2047/2047 2017/2017
f 2017/2017 2047/2047 2048/2048
f 2017/2017 2048/2048 2018/2018
f 2018/2018 2048/2048 2049/2049
f 2018/2018 2049/2049 2019/2019
f 2019/2019 2049/2049 2050/2050
f 2019/2019 2050/2050 2020/2020
f 2020/2020 2050/2050 2051/2051
f 2020/2020 2051/2051 2021/2021
f 2021/2021 2051/2051 2052/2052
f 2021/2021 2052/2052 2022/2022
f 2022/2022 2052/2052 2053/2053
f 2022/2022 2053/2053 2023/2023
f 2023/2023 2053/2053 2054/2054
f 2023/2023 2054/2054 2024/2024
f 2024/2024 2054/2054 2055/2055
f 2024/2024 2055/2055 2025/2025
f 2025/2025 2055/2055 2056/2056
f 2025/2025 2056/2056 2026/2026
f 2026/2026 2056/2056 2057/2057
f 2026/2026 2057/2057 2027/2027
f 2027/2027 2057/2057 2058/2058
f 2027/2027 2058/2058 2028/2028
f 2028/2028 2058/2058 2059/2059
f 2028/2028 2059/2059 2029/2029
f 2029/2029 2059/2059 2060/2060
f 2029/2029 2060/2060 2030/2030
f 2030/2030 2060/2060 2061/2061
f 2030/2030 2061/2061 2031/2031
f 2031/2031 2061/2061 2062/2062
f 2031/2031 2062/2062 2032/2032
f 2032/2032 2062/2062 2063/2063
f 2032/2032 2063/2063 2033/2033
f 2033/2033 2063/2063 2064/2064
f 2033/2033 2064/2064 2034/2034
f 2034/2034 2064/2064 2065/2065
f 2034/2034 2065/2065 2035/2035
f 2035/2035 2065/2065 2066/2066
f 2035/2035 2066/2066 2036/2036
f 2036/2036 2066/2066 2067/2067
f 2036/2036 2067/2067 2037/2037
f 2037/2037 2067/2067 2068/2068
f 2037/2037 2068/2068 2038/2038
f 2038/2038 2068/2068 2069/2069
f 2038/2038 2069/2069 2039/2039
f 2039/2039 2069/2069 2070/2070
f 2039/2039 2070/2070 2040/2040
f 2040/2040 2070/2070 2041/2041
f 2040/2040 2041/2041 2011/2011
f 2041/2041 2071/2071 2072/2072
f 2041/2041 2072/2072 2042/2042
f 2042/2042 2072/2072 2073/2073
f 2042/2042 2073/2073 2043/2043
f 2043/2043 2073/2073 2074/2074
f 2043/2043 2074/2074 2044/2044
f 2044/2044 2074/2074 2075/2075
f 2044/2044 2075/2075 2045/2045
f 2045/2045 2075/2075 2076/2076
f 2045/2045 2076/2076 2046/2046
f 2046/2046 2076/2076 2077/2077
f 2046/2046 2077/2077 2047/2047
f 2047/2047 2077/2077 2078/2078
f 2047/2047 2078/2078 2048/2048
f 2048/2048 2078/2078 2079/2079
f 2048/2048 2079/2079 2049/2049
f 2049/2049 2079/2079 2080/2080
f 2049/2049 2080/2080 2050/2050
f 2050/2050 2080/2080 2081/2081
f 2050/2050 2081/2081 2051/2051
f 2051/2051 2081/2081 2082/2082
f 2051/2051 2082/2082 2052/2052
f 2052/2052 2082/2082 2083/2083
f 2052/2052 2083/2083 2053/2053
f 2053/2053 2083/2083 2084/2084
f 2053/2053 2084/2084 2054/2054
f 2054/2054 2084/2084 2085/2085
f 2054/2054 2085/2085 2055/2055
f 2055/2055 2085/2085 2086/2086
f 2055/2055 2086/2086 2056/2056
f 2056/2056 2086/2086 2087/2087
f 2056/2056 2087/2087 2057/2057
f 2057/2057 2087/2087 2088/2088
f 2057/2057 2088/2088 2058/2058
f 2058/2058 2088/2088 2089/2089
f 2058/2058 2089/2089 2059/2059
f 2059/2059 2089/2089 2090/2090
f 2059/2059 2090/2090 2060/2060
f 2060/2060 2090/2090 2091/2091
f 2060/2060 2091/2091 2061/2061
f 2061/2061 2091/2091 2092/2092
f 2061/2061 2092/2092 2062/2062
f 2062/2062 2092/2092 2093/2093
f 2062/2062 2093/2093 2063/2063
f 2063/2063 2093/2093 2094/2094
f 2063/2063 2094/2094 2064/2064
f 2064/2064 2094/2094 2095/2095
f 2064/2064 2095/2095 2065/2065
f 2065/2065 2095/2095 2096/2096
f 2065/2065 2096/2096 2066/2066
f 2066/2066 2096/2096 2097/2097
f 2066/2066 2097/2097 2067/2067
f 2067/2067 2097/2097 2098/2098
f 2067/2067 2098/2098 2068/2068
f 2068/2068 2098/2098 2099/2099
f 2068/2068 2099/2099 2069/2069
f 2069/2069 2099/2099 2100/2100
f 2069/2069 2100/2100 2070/2070
f 2070/2070 2100/2100 2071/2071
f 2070/2070 2071/2071 2041/2041
f 1681/1681 1682/1682 1683/1683
f 1681/1681 1683/1683 1684/1684
f 1681/1681 1684/1684 1685/1685
f 1681/1681 1685/1685 1686/1686
f 1681/1681 1686/1686 1687/1687
f 1681/1681 1687/1687 1688/1688
f 1681/1681 1688/1688 1689/1689
f 1681/1681 1689/1689 1690/1690
f 1681/1681 1690/1690 1691/1691
f 1681/1681 1691/1691 1692/1692
f 1681/1681 1692/1692 1693/1693
f 1681/1681 1693/1693 1694/1694
f 1681/1681 1694/1694 1695/1695
f 1681/1681 1695/1695 1696/1696
f 1681/1681 1696/1696 1697/1697
f 1681/1681 1697/1697 1698/1698
f 1681/1681 1698/1698 1699/1699
f 1681/1681 1699/1699 1700/1700
f 1681/1681 1700/1700 1701/1701
f 1681/1681 1701/1701 1702/1702
f 1681/1681 1702/1702 1703/1703
f 1681/1681 1703/1703 1704/1704
f 1681/1681 1704/1704 1705/1705
f 1681/1681 1705/1705 1706/1706
f 1681/1681 1706/1706 1707/1707
f 1681/1681 1707/1707 1708/1708
f 1681/1681 1708/1708 1709/1709
f 1681/1681 1709/1709 1710/1710
f 2100/2100 2099/2099 2098/2098
f 2100/2100 2098/2098 2097/2097
f 2100/2100 2097/2097 2096/2096
f 2100/2100 2096/2096 2095/2095
f 2100/2100 2095/2095 2094/2094
f 2100/2100 2094/2094 2093/2093
f 2100/2100 2093/2093 2092/2092
f 2100/2100 2092/2092 2091/2091
f 2100/2100 2091/2091 2090/2090
f 2100/2100 2090/2090 2089/2089
f 2100/2100 2089/2089 2088/2088
f 2100/2100 2088/2088 2087/2087
f 2100/2100 2087/2087 2086/2086
f 2100/2100 2086/2086 2085/2085
f 2100/2100 2085/2085 2084/2084
f 2100/2100 2084/2084 2083/2083
f 2100/2100 2083/2083 2082/2082
f 2100/2100 2082/2082 2081/2081
f 2100/2100 2081/2081 2080/2080
f 2100/2100 2080/2080 2079/2079
f 2100/2100 2079/2079 2078/2078
f 2100/2100 2078/2078 2077/2077
f 2100/2100 2077/2077 2076/2076
f 2100/2100 2076/2076 2075/2075
f 2100/2100 2075/2075 2074/2074
f 2100/2100 2074/2074 2073/2073
f 2100/2100 2073/2073 2072/2072
f 2100/2100 2072/2072 2071/2071
f 2101/2101 2131/2131 2132/2132
f 2101/2101 2132/2132 2102/2102
f 2102/2102 2132/2132 2133/2133
f 2102/2102 2133/2133 2103/2103
f 2103/2103 2133/2133 2134/2134
f 2103/2103 2134/2134 2104/2104
f 2104/2104 2134/2134 2135/2135
f 2104/2104 2135/2135 2105/2105
f 2105/2105 2135/2135 2136/2136
f 2105/2105 2136/2136 2106/2106
f 2106/2106 2136/2136 2137/2137
f 2106/2106 2137/2137 2107/2107
f 2107/2107 2137/2137 2138/2138
f 2107/2107 2138/2138 2108/2108
f 2108/2108 2138/2138 2139/2139
f 2108/2108 2139/2139 2109/2109
f 2109/2109 2139/2139 2140/2140
f 2109/2109 2140/2140 2110/2110
f 2110/2110 2140/2140 2141/2141
f 2110/2110 2141/2141 2111/2111
f 2111/2111 2141/2141 2142/2142
f 2111/2111 2142/2142 2112/2112
f 2112/2112 2142/2142 2143/2143
f 2112/2112 2143/2143 2113/2113
f 2113/2113 2143/2143 2144/2144
f 2113/2113 2144/2144 2114/2114
f 2114/2114 2144/2144 2145/2145
f 2114/2114 2145/2145 2115/2115
f 2115/2115 2145/2145 2146/2146
f 2115/2115 2146/2146 2116/2116
f 2116/2116 2146/2146 2147/2147
f 2116/2116 2147/2147 2117/2117
f 2117/2117 2147/2147 2148/2148
f 2117/2117 2148/2148 2118/2118
f 2118/2118 2148/2148 2149/2149
f 2118/2118 2149/2149 2119/2119
f 2119/2119 2149/2149 2150/2150
f 2119/2119 2150/2150 2120/2120
f 2120/2120 2150/2150 2151/2151
f 2120/2120 2151/2151 2121/2121
f 2121/2121 2151/2151 2152/2152
f 2121/2121 2152/2152 2122/2122
f 2122/2122 2152/2152 2153/2153
f 2122/2122 2153/2153 2123/2123
f 2123/2123 2153/2153 2154/2154
f 2123/2123 2154/2154 2124/2124
f 2124/2124 2154/2154 2155/2155
f 2124/2124 2155/2155 2125/2125
f 2125/2125 2155/2155 2156/2156
f 2125/2125 2156/2156 2126/2126
f 2126/2126 2156/2156 2157/2157
f 2126/2126 2157/2157 2127/2127
f 2127/2127 2157/2157 2158/2158
f 2127/2127 2158/2158 2128/2128
f 2128/2128 2158/2158 2159/2159
f 2128/2128 2159/2159 2129/2129
f 2129/2129 2159/2159 2160/2160
f 2129/2129 2160/2160 2130/2130
f 2130/2130 2160/2160 2131/2131
f 2130/2130 2131/2131 2101/2101
f 2131/2131 2161/2161 2162/2162
f 2131/2131 2162/2162 2132/2132
f 2132/2132 2162/2162 2163/2163
f 2132/2132 2163/2163 2133/2133
f 2133/2133 2163/2163 2164/2164
f 2133/2133 2164/2164 2134/2134
f 2134/2134 2164/2164 2165/2165
f 2134/2134 2165/2165 2135/2135
f 2135/2135 2165/2165 2166/2166
f 2135/2135 2166/2166 2136/2136
f 2136/2136 2166/2166 2167/2167
f 2136/2136 2167/2167 2137/2137
f 2137/2137 2167/2167 2168/2168
f 2137/2137 2168/2168 2138/2138
f 2138/2138 2168/2168 2169/2169
f 2138/2138 2169/2169 2139/2139
f 2139/2139 2169/2169 2170/2170
f 2139/2139 2170/2170 2140/2140
f 2140/2140 2170/2170 2171/2171
f 2140/2140 2171/2171 2141/2141
f 2141/2141 2171/2171 2172/2172
f 2141/2141 2172/2172 2142/2142
f 2142/2142 2172/2172 2173/2173
f 2142/2142 2173/2173 2143/2143
f 2143/2143 2173/2173 2174/2174
f 2143/2143 2174/2174 2144/2144
f 2144/2144 2174/2174 2175/2175
f 2144/2144 2175/2175 2145/2145
f 2145/2145 2175/2175 2176/2176
f 2145/2145 2176/2176 2146/2146
f 2146/2146 2176/2176 2177/2177
f 2146/2146 2177/2177 2147/2147
f 2147/2147 2177/2177 2178/2178
f 2147/2147 2178/2178 2148/2148
f 2148/2148 2178/2178 2179/2179
f 2148/2148 2179/2179 2149/2149
f 2149/2149 2179/2179 2180/2180
f 2149/2149 2180/2180 2150/2150
f 2150/2150 2180/2180 2181/2181
f 2150/2150 2181/2181 2151/2151
f 2151/2151 2181/2181 2182/2182
f 2151/2151 2182/2182 2152/2152
f 2152/2152 2182/2182 2183/2183
f 2152/2152 2183/2183 2153/2153
f 2153/2153 2183/2183 2184/2184
f 2153/2153 2184/2184 2154/2154
f 2154/2154 2184/2184 2185/2185
f 2154/2154 2185/2185 2155/2155
f 2155/2155 2185/2185 2186/2186
f 2155/2155 2186/2186 2156/2156
f 2156/2156 2186/2186 2187/2187
f 2156/2156 2187/2187 2157/2157
f 2157/2157 2187/2187 2188/2188
f 2157/2157 2188/2188 2158/2158
f 2158/2158 2188/2188 2189/2189
f 2158/2158 2189/2189 2159/2159
f 2159/2159 2189/2189 2190/2190
f 2159/2159 2190/2190 2160/2160
f 2160/2160 2190/2190 2161/2161
f 2160/2160 2161/2161 2131/2131
f 2161/2161 2191/2191 2192/2192
f 2161/2161 2192/2192 2162/2162
f 2162/2162 2192/2192 2193/2193
f 2162/2162 2193/2193 2163/2163
f 2163/2163 2193/2193 2194/2194
f 2163/2163 2194/2194 2164/2164
f 2164/2164 2194/2194 2195/2195
f 2164/2164 2195/2195 2165/2165
f 2165/2165 2195/2195 2196/2196
f 2165/2165 2196/2196 2166/2166
f 2166/2166 2196/2196 2197/2197
f 2166/2166 2197/2197 2167/2167
f 2167/2167 2197/2197 2198/2198
f 2167/2167 2198/2198 2168/2168
f 2168/2168 2198/2198 2199/2199
f 2168/2168 2199/2199 2169/2169
f 2169/2169 2199/2199 2200/2200
f 2169/2169 2200/2200 2170/2170
f 2170/2170 2200/2200 2201/2201
f 2170/2170 2201/2201 2171/2171
f 2171/2171 2201/2201 2202/2202
f 2171/2171 2202/2202 2172/2172
f 2172/2172 2202/2202 2203/2203
f 2172/2172 2203/2203 2173/2173
f 2173/2173 2203/2203 2204/2204
f 2173/2173 2204/2204 2174/2174
f 2174/2174 2204/2204 2205/2205
f 2174/2174 2205/2205 2175/2175
f 2175/2175 2205/2205 2206/2206
f 2175/2175 2206/2206 2176/2176
f 2176/2176 2206/2206 2207/2207
f 2176/2176 2207/2207 2177/2177
f 2177/2177 2207/2207 2208/2208
f 2177/2177 2208/2208 2178/2178
f 2178/2178 2208/2208 2209/2209
f 2178/2178 2209/2209 2179/2179
f 2179/2179 2209/2209 2210/2210
f 2179/2179 2210/2210 2180/2180
f 2180/2180 2210/2210 2211/2211
f 2180/2180 2211/2211 2181/2181
f 2181/2181 2211/2211 2212/2212
f 2181/2181 2212/2212 2182/2182
f 2182/2182 2212/2212 2213/2213
f 2182/2182 2213/2213 2183/2183
f 2183/2183 2213/2213 2214/2214
f 2183/2183 2214/2214 2184/2184
f 2184/2184 2214/2214 2215/2215
f 2184/2184 2215/2215 2185/2185
f 2185/2185 2215/2215 2216/2216
f 2185/2185 2216/2216 2186/2186
f 2186/2186 2216/2216 2217/2217
f 2186/2186 2217/2217 2187/2187
f 2187/2187 2217/2217 2218/2218
f 2187/2187 2218/2218 2188/2188
f 2188/2188 2218/2218 2219/2219
f 2188/2188 2219/2219 2189/2189
f 2189/2189 2219/2219 2220/2220
f 2189/2189 2220/2220 2190/2190
f 2190/2190 2220/2220 2191/2191
f 2190/2190 2191/2191 2161/2161
f 2191/2191 2221/2221 2222/2222
f 2191/2191 2222/2222 2192/2192
f 2192/2192 2222/2222 2223/2223
f 2192/2192 2223/2223 2193/2193
f 2193/2193 2223/2223 2224/2224
f 2193/2193 2224/2224 2194/2194
f 2194/2194 2224/2224 2225/2225
f 2194/2194 2225/2225 2195/2195
f 2195/2195 2225/2225 2226/2226
f 2195/2195 2226/2226 2196/2196
f 2196/2196 2226/2226 2227/2227
f 2196/2196 2227/2227 2197/2197
f 2197/2197 2227/2227 2228/2228
f 2197/2197 2228/2228 2198/2198
f 2198/2198 2228/2228 2229/2229
f 2198/2198 2229/2229 2199/2199
f 2199/2199 2229/2229 2230/2230
f 2199/2199 2230/2230 2200/2200
f 2200/2200 2230/2230 2231/2231
f 2200/2200 2231/2231 2201/2201
f 2201/2201 2231/2231 2232/2232
f 2201/2201 2232/2232 2202/2202
f 2202/2202 2232/2232 2233/2233
f 2202/2202 2233/2233 2203/2203
f 2203/2203 2233/2233 2234/2234
f 2203/2203 2234/2234 2204/2204
f 2204/2204 2234/2234 2235/2235
f 2204/2204 2235/2235 2205/2205
f 2205/2205 2235/2235 2236/2236
f 2205/2205 2236/2236 2206/2206
f 2206/2206 2236/2236 2237/2237
f 2206/2206 2237/2237 2207/2207
f 2207/2207 2237/2237 2238/2238
f 2207/2207 2238/2238 2208/2208
f 2208/2208 2238/2238 2239/2239
f 2208/2208 2239/2239 2209/2209
f 2209/2209 2239/2239 2240/2240
f 2209/2209 2240/2240 2210/2210
f 2210/2210 2240/2240 2241/2241
f 2210/2210 2241/2241 2211/2211
f 2211/2211 2241/2241 2242/2242
f 2211/2211 2242/2242 2212/2212
f 2212/2212 2242/2242 2243/2243
f 2212/2212 2243/2243 2213/2213
f 2213/2213 2243/2243 2244/2244
f 2213/2213 2244/2244 2214/2214
f 2214/2214 2244/2244 2245/2245
f 2214/2214 2245/2245 2215/2215
f 2215/2215 2245/2245 2246/2246
f 2215/2215 2246/2246 2216/2216
f 2216/2216 2246/2246 2247/2247
f 2216/2216 2247/2247 2217/2217
f 2217/2217 2247/2247 2248/2248
f 2217/2217 2248/2248 2218/2218
f 2218/2218 2248/2248 2249/2249
f 2218/2218 2249/2249 2219/2219
f 2219/2219 2249/2249 2250/2250
f 2219/2219 2250/2250 2220/2220
f 2220/2220 2250/2250 2221/2221
f 2220/2220 2221/2221 2191/2191
f 2221/2221 2251/2251 2252/2252
f 2221/2221 2252/2252 2222/2222
f 2222/2222 2252/2252 2253/2253
f 2222/2222 2253/2253 2223/2223
f 2223/2223 2253/2253 2254/2254
f 2223/2223 2254/2254 2224/2224
f 2224/2224 2254/2254 2255/2255
f 2224/2224 2255/2255 2225/2225
f 2225/2225 2255/2255 2256/2256
f 2225/2225 2256/2256 2226/2226
f 2226/2226 2256/2256 2257/2257
f 2226/2226 2257/2257 2227/2227
f 2227/2227 2257/2257 2258/2258
f 2227/2227 2258/2258 2228/2228
f 2228/2228 2258/2258 2259/2259
f 2228/2228 2259/2259 2229/2229
f 2229/2229 2259/2259 2260/2260
f 2229/2229 2260/2260 2230/2230
f 2230/2230 2260/2260 2261/2261
f 2230/2230 2261/2261 2231/2231
f 2231/2231 2261/2261 2262/2262
f 2231/2231 2262/2262 2232/2232
f 2232/2232 2262/2262 2263/2263
f 2232/2232 2263/2263 2233/2233
f 2233/2233 2263/2263 2264/2264
f 2233/2233 2264/2264 2234/2234
f 2234/2234 2264/2264 2265/2265
f 2234/2234 2265/2265 2235/2235
f 2235/2235 2265/2265 2266/2266
f 2235/2235 2266/2266 2236/2236
f 2236/2236 2266/2266 2267/2267
f 2236/2236 2267/2267 2237/2237
f 2237/2237 2267/2267 2268/2268
f 2237/2237 2268/2268 2238/2238
f 2238/2238 2268/2268 2269/2269
f 2238/2238 2269/2269 2239/2239
f 2239/2239 2269/2269 2270/2270
f 2239/2239 2270/2270 2240/2240
f 2240/2240 2270/2270 2271/2271
f 2240/2240 2271/2271 2241/2241
f 2241/2241 2271/2271 2272/2272
f 2241/2241 2272/2272 2242/2242
f 2242/2242 2272/2272 2273/2273
f 2242/2242 2273/2273 2243/2243
f 2243/2243 2273/2273 2274/2274
f 2243/2243 2274/2274 2244/2244
f 2244/2244 2274/2274 2275/2275
f 2244/2244 2275/2275 2245/2245
f 2245/2245 2275/2275 2276/2276
f 2245/2245 2276/2276 2246/2246
f 2246/2246 2276/2276 2277/2277
f 2246/2246 2277/2277 2247/2247
f 2247/2247 2277/2277 2278/2278
f 2247/2247 2278/2278 2248/2248
f 2248/2248 2278/2278 2279/2279
f 2248/2248 2279/2279 2249/2249
f 2249/2249 2279/2279 2280/2280
f 2249/2249 2280/2280 2250/2250
f 2250/2250 2280/2280 2251/2251
f 2250/2250 2251/2251 2221/2221
f 2251/2251 2281/2281 2282/2282
f 2251/2251 2282/2282 2252/2252
f 2252/2252 2282/2282 2283/2283
f 2252/2252 2283/2283 2253/2253
f 2253/2253 2283/2283 2284/2284
f 2253/2253 2284/2284 2254/2254
f 2254/2254 2284/2284 2285/2285
f 2254/2254 2285/2285 2255/2255
f 2255/2255 2285/2285 2286/2286
f 2255/2255 2286/2286 2256/2256
f 2256/2256 2286/2286 2287/2287
f 2256/2256 2287/2287 2257/2257
f 2257/2257 2287/2287 2288/2288
f 2257/2257 2288/2288 2258/2258
f 2258/2258 2288/2288 2289/2289
f 2258/2258 2289/2289 2259/2259
f 2259/2259 2289/2289 2290/2290
f 2259/2259 2290/2290 2260/2260
f 2260/2260 2290/2290 2291/2291
f 2260/2260 2291/2291 2261/2261
f 2261/2261 2291/2291 2292/2292
f 2261/2261 2292/2292 2262/2262
f 2262/2262 2292/2292 2293/2293
f 2262/2262 2293/2293 2263/2263
f 2263/2263 2293/2293 2294/2294
f 2263/2263 2294/2294 2264/2264
f 2264/2264 2294/2294 2295/2295
f 2264/2264 2295/2295 2265/2265
f 2265/2265 2295/2295 2296/2296
f 2265/2265 2296/2296 2266/2266
f 2266/2266 2296/2296 2297/2297
f 2266/2266 2297/2297 2267/2267
f 2267/2267 2297/2297 2298/2298
f 2267/2267 2298/2298 2268/2268
f 2268/2268 2298/2298 2299/2299
f 2268/2268 2299/2299 2269/2269
f 2269/2269 2299/2299 2300/2300
f 2269/2269 2300/2300 2270/2270
f 2270/2270 2300/2300 2301/2301
f 2270/2270 2301/2301 2271/2271
f 2271/2271 2301/2301 2302/2302
f 2271/2271 2302/2302 2272/2272
f 2272/2272 2302/2302 2303/2303
f 2272/2272 2303/2303 2273/2273
f 2273/2273 2303/2303 2304/2304
f 2273/2273 2304/2304 2274/2274
f 2274/2274 2304/2304 2305/2305
f 2274/2274 2305/2305 2275/2275
f 2275/2275 2305/2305 2306/2306
f 2275/2275 2306/2306 2276/2276
f 2276/2276 2306/2306 2307/2307
f 2276/2276 2307/2307 2277/2277
f 2277/2277 2307/2307 2308/2308
f 2277/2277 2308/2308 2278/2278
f 2278/2278 2308/2308 2309/2309
f 2278/2278 2309/2309 2279/2279
f 2279/2279 2309/2309 2310/2310
f 2279/2279 2310/2310 2280/2280
f 2280/2280 2310/2310 2281/2281
f 2280/2280 2281/2281 2251/2251
f 2281/2281 2311/2311 2312/2312
f 2281/2281 2312/2312 2282/2282
f 2282/2282 2312/2312 2313/2313
f 2282/2282 2313/2313 2283/2283
f 2283/2283 2313/2313 2314/2314
f 2283/2283 2314/2314 2284/2284
f 2284/2284 2314/2314 2315/2315
f 2284/2284 2315/2315 2285/2285
f 2285/2285 2315/2315 2316/2316
f 2285/2285 2316/2316 2286/2286
f 2286/2286 2316/2316 2317/2317
f 2286/2286 2317/2317 2287/2287
f 2287/2287 2317/2317 2318/2318
f 2287/2287 2318/2318 2288/2288
f 2288/2288 2318/2318 2319/2319
f 2288/2288 2319/2319 2289/2289
f 2289/2289 2319/2319 2320/2320
f 2289/2289 2320/2320 2290/2290
f 2290/2290 2320/2320 2321/2321
f 2290/2290 2321/2321 2291/2291
f 2291/2291 2321/2321 2322/2322
f 2291/2291 2322/2322 2292/2292
f 2292/2292 2322/2322 2323/2323
f 2292/2292 2323/2323 2293/2293
f 2293/2293 2323/2323 2324/2324
f 2293/2293 2324/2324 2294/2294
f 2294/2294 2324/2324 2325/2325
f 2294/2294 2325/2325 2295/2295
f 2295/2295 2325/2325 2326/2326
f 2295/2295 2326/2326 2296/2296
f 2296/2296 2326/2326 2327/2327
f 2296/2296 2327/2327 2297/2297
f 2297/2297 2327/2327 2328/2328
f 2297/2297 2328/2328 2298/2298
f 2298/2298 2328/2328 2329/2329
f 2298/2298 2329/2329 2299/2299
f 2299/2299 2329/2329 2330/2330
f 2299/2299 2330/2330 2300/2300
f 2300/2300 2330/2330 2331/2331
f 2300/2300 2331/2331 2301/2301
f 2301/2301 2331/2331 2332/2332
f 2301/2301 2332/2332 2302/2302
f 2302/2302 2332/2332 2333/2333
f 2302/2302 2333/2333 2303/2303
f 2303/2303 2333/2333 2334/2334
f 2303/2303 2334/2334 2304/2304
f 2304/2304 2334/2334 2335/2335
f 2304/2304 2335/2335 2305/2305
f 2305/2305 2335/2335 2336/2336
f 2305/2305 2336/2336 2306/2306
f 2306/2306 2336/2336 2337/2337
f 2306/2306 2337/2337 2307/2307
f 2307/2307 2337/2337 2338/2338
f 2307/2307 2338/2338 2308/2308
f 2308/2308 2338/2338 2339/2339
f 2308/2308 2339/2339 2309/2309
f 2309/2309 2339/2339 2340/2340
f 2309/2309 2340/2340 2310/2310
f 2310/2310 2340/2340 2311/2311
f 2310/2310 2311/2311 2281/2281
f 2311/2311 2341/2341 2342/2342
f 2311/2311 2342/2342 2312/2312
f 2312/2312 2342/2342 2343/2343
f 2312/2312 2343/2343 2313/2313
f 2313/2313 2343/2343 2344/2344
f 2313/2313 2344/2344 2314/2314
f 2314/2314 2344/2344 2345/2345
f 2314/2314 2345/2345 2315/2315
f 2315/2315 2345/2345 2346/2346
f 2315/2315 2346/2346 2316/2316
f 2316/2316 2346/2346 2347/2347
f 2316/2316 2347/2347 2317/2317
f 2317/2317 2347/2347 2348/2348
f 2317/2317 2348/2348 2318/2318
f 2318/2318 2348/2348 2349/2349
f 2318/2318 2349/2349 2319/2319
f 2319/2319 2349/2349 2350/2350
f 2319/2319 2350/2350 2320/2320
f 2320/2320 2350/2350 2351/2351
f 2320/2320 2351/2351 2321/2321
f 2321/2321 2351/2351 2352/2352
f 2321/2321 2352/2352 2322/2322
f 2322/2322 2352/2352 2353/2353
f 2322/2322 2353/2353 2323/2323
f 2323/2323 2353/2353 2354/2354
f 2323/2323 2354/2354 2324/2324
f 2324/2324 2354/2354 2355/2355
f 2324/2324 2355/2355 2325/2325
f 2325/2325 2355/2355 2356/2356
f 2325/2325 2356/2356 2326/2326
f 2326/2326 2356/2356 2357/2357
f 2326/2326 2357/2357 2327/2327
f 2327/2327 2357/2357 2358/2358
f 2327/2327 2358/2358 2328/2328
f 2328/2328 2358/2358 2359/2359
f 2328/2328 2359/2359 2329/2329
f 2329/2329 2359/2359 2360/2360
f 2329/2329 2360/2360 2330/2330
f 2330/2330 2360/2360 2361/2361
f 2330/2330 2361/2361 2331/2331
f 2331/2331 2361/2361 2362/2362
f 2331/2331 2362/2362 2332/2332
f 2332/2332 2362/2362 2363/2363
f 2332/2332 2363/2363 2333/2333
f 2333/2333 2363/2363 2364/2364
f 2333/2333 2364/2364 2334/2334
f 2334/2334 2364/2364 2365/2365
f 2334/2334 2365/2365 2335/2335
f 2335/2335 2365/2365 2366/2366
f 2335/2335 2366/2366 2336/2336
f 2336/2336 2366/2366 2367/2367
f 2336/2336 2367/2367 2337/2337
f 2337/2337 2367/2367 2368/2368
f 2337/2337 2368/2368 2338/2338
f 2338/2338 2368/2368 2369/2369
f 2338/2338 2369/2369 2339/2339
f 2339/2339 2369/2369 2370/2370
f 2339/2339 2370/2370 2340/2340
f 2340/2340 2370/2370 2341/2341
f 2340/2340 2341/2341 2311/2311
f 2341/2341 2371/2371 2372/2372
f 2341/2341 2372/2372 2342/2342
f 2342/2342 2372/2372 2373/2373
f 2342/2342 2373/2373 2343/2343
f 2343/2343 2373/2373 2374/2374
f 2343/2343 2374/2374 2344/2344
f 2344/2344 2374/2374 2375/2375
f 2344/2344 2375/2375 2345/2345
f 2345/2345 2375/2375 2376/2376
f 2345/2345 2376/2376 2346/2346
f 2346/2346 2376/2376 2377/2377
f 2346/2346 2377/2377 2347/2347
f 2347/2347 2377/2377 2378/2378
f 2347/2347 2378/2378 2348/2348
f 2348/2348 2378/2378 2379/2379
f 2348/2348 2379/2379 2349/2349
f 2349/2349 2379/2379 2380/2380
f 2349/2349 2380/2380 2350/2350
f 2350/2350 2380/2380 2381/2381
f 2350/2350 2381/2381 2351/2351
f 2351/2351 2381/2381 2382/2382
f 2351/2351 2382/2382 2352/2352
f 2352/2352 2382/2382 2383/2383
f 2352/2352 2383/2383 2353/2353
f 2353/2353 2383/2383 2384/2384
f 2353/2353 2384/2384 2354/2354
f 2354/2354 2384/2384 2385/2385
f 2354/2354 2385/2385 2355/2355
f 2355/2355 2385/2385 2386/2386
f 2355/2355 2386/2386 2356/2356
f 2356/2356 2386/2386 2387/2387
f 2356/2356 2387/2387 2357/2357
f 2357/2357 2387/2387 2388/2388
f 2357/2357 2388/2388 2358/2358
f 2358/2358 2388/2388 2389/2389
f 2358/2358 2389/2389 2359/2359
f 2359/2359 2389/2389 2390/2390
f 2359/2359 2390/2390 2360/2360
f 2360/2360 2390/2390 2391/2391
f 2360/2360 2391/2391 2361/2361
f 2361/2361 2391/2391 2392/2392
f 2361/2361 2392/2392 2362/2362
f 2362/2362 2392/2392 2393/2393
f 2362/2362 2393/2393 2363/2363
f 2363/2363 2393/2393 2394/2394
f 2363/2363 2394/2394 2364/2364
f 2364/2364 2394/2394 2395/2395
f 2364/2364 2395/2395 2365/2365
f 2365/2365 2395/2395 2396/2396
f 2365/2365 2396/2396 2366/2366
f 2366/2366 2396/2396 2397/2397
f 2366/2366 2397/2397 2367/2367
f 2367/2367 2397/2397 2398/2398
f 2367/2367 2398/2398 2368/2368
f 2368/2368 2398/2398 2399/2399
f 2368/2368 2399/2399 2369/2369
f 2369/2369 2399/2399 2400/2400
f 2369/2369 2400/2400 2370/2370
f 2370/2370 2400/2400 2371/2371
f 2370/2370 2371/2371 2341/2341
f 2371/2371 2401/2401 2402/2402
f 2371/2371 2402/2402 2372/2372
f 2372/2372 2402/2402 2403/2403
f 2372/2372 2403/2403 2373/2373
f 2373/2373 2403/2403 2404/2404
f 2373/2373 2404/2404 2374/2374
f 2374/2374 2404/2404 2405/2405
f 2374/2374 2405/2405 2375/2375
f 2375/2375 2405/2405 2406/2406
f 2375/2375 2406/2406 2376/2376
f 2376/2376 2406/2406 2407/2407
f 2376/2376 2407/2407 2377/2377
f 2377/2377 2407/2407 2408/2408
f 2377/2377 2408/2408 2378/2378
f 2378/2378 2408/2408 2409/2409
f 2378/2378 2409/2409 2379/2379
f 2379/2379 2409/2409 2410/2410
f 2379/2379 2410/2410 2380/2380
f 2380/2380 2410/2410 2411/2411
f 2380/2380 2411/2411 2381/2381
f 2381/2381 2411/2411 2412/2412
f 2381/2381 2412/2412 2382/2382
f 2382/2382 2412/2412 2413/2413
f 2382/2382 2413/2413 2383/2383
f 2383/2383 2413/2413 2414/2414
f 2383/2383 2414/2414 2384/2384
f 2384/2384 2414/2414 2415/2415
f 2384/2384 2415/2415 2385/2385
f 2385/2385 2415/2415 2416/2416
f 2385/2385 2416/2416 2386/2386
f 2386/2386 2416/2416 2417/2417
f 2386/2386 2417/2417 2387/2387
f 2387/2387 2417/2417 2418/2418
f 2387/2387 2418/2418 2388/2388
f 2388/2388 2418/2418 2419/2419
f 2388/2388 2419/2419 2389/2389
f 2389/2389 2419/2419 2420/2420
f 2389/2389 2420/2420 2390/2390
f 2390/2390 2420/2420 2421/2421
f 2390/2390 2421/2421 2391/2391
f 2391/2391 2421/2421 2422/2422
f 2391/2391 2422/2422 2392/2392
f 2392/2392 2422/2422 2423/2423
f 2392/2392 2423/2423 2393/2393
f 2393/2393 2423/2423 2424/2424
f 2393/2393 2424/2424 2394/2394
f 2394/2394 2424/2424 2425/2425
f 2394/2394 2425/2425 2395/2395
f 2395/2395 2425/2425 2426/2426
f 2395/2395 2426/2426 2396/2396
f 2396/2396 2426/2426 2427/2427
f 2396/2396 2427/2427 2397/2397
f 2397/2397 2427/2427 2428/2428
f 2397/2397 2428/2428 2398/2398
f 2398/2398 2428/2428 2429/2429
f 2398/2398 2429/2429 2399/2399
f 2399/2399 2429/2429 2430/2430
f 2399/2399 2430/2430 2400/2400
f 2400/2400 2430/2430 2401/2401
f 2400/2400 2401/2401 2371/2371
f 2401/2401 2431/2431 2432/2432
f 2401/2401 2432/2432 2402/2402
f 2402/2402 2432/2432 2433/2433
f 2402/2402 2433/2433 2403/2403
f 2403/2403 2433/2433 2434/2434
f 2403/2403 2434/2434 2404/2404
f 2404/2404 2434/2434 2435/2435
f 2404/2404 2435/2435 2405/2405
f 2405/2405 2435/2435 2436/2436
f 2405/2405 2436/2436 2406/2406
f 2406/2406 2436/2436 2437/2437
f 2406/2406 2437/2437 2407/2407
f 2407/2407 2437/2437 2438/2438
f 2407/2407 2438/2438 2408/2408
f 2408/2408 2438/2438 2439/2439
f 2408/2408 2439/2439 2409/2409
f 2409/2409 2439/2439 2440/2440
f 2409/2409 2440/2440 2410/2410
f 2410/2410 2440/2440 2441/2441
f 2410/2410 2441/2441 2411/2411
f 2411/2411 2441/2441 2442/2442
f 2411/2411 2442/2442 2412/2412
f 2412/2412 2442/2442 2443/2443
f 2412/2412 2443/2443 2413/2413
f 2413/2413 2443/2443 2444/2444
f 2413/2413 2444/2444 2414/2414
f 2414/2414 2444/2444 2445/2445
f 2414/2414 2445/2445 2415/2415
f 2415/2415 2445/2445 2446/2446
f 2415/2415 2446/2446 2416/2416
f 2416/2416 2446/2446 2447/2447
f 2416/2416 2447/2447 2417/2417
f 2417/2417 2447/2447 2448/2448
f 2417/2417 2448/2448 2418/2418
f 2418/2418 2448/2448 2449/2449
f 2418/2418 2449/2449 2419/2419
f 2419/2419 2449/2449 2450/2450
f 2419/2419 2450/2450 2420/2420
f 2420/2420 2450/2450 2451/2451
f 2420/2420 2451/2451 2421/2421
f 2421/2421 2451/2451 2452/2452
f 2421/2421 2452/2452 2422/2422
f 2422/2422 2452/2452 2453/2453
f 2422/2422 2453/2453 2423/2423
f 2423/2423 2453/2453 2454/2454
f 2423/2423 2454/2454 2424/2424
f 2424/2424 2454/2454 2455/2455
f 2424/2424 2455/2455 2425/2425
f 2425/2425 2455/2455 2456/2456
f 2425/2425 2456/2456 2426/2426
f 2426/2426 2456/2456 2457/2457
f 2426/2426 2457/2457 2427/2427
f 2427/2427 2457/2457 2458/2458
f 2427/2427 2458/2458 2428/2428
f 2428/2428 2458/2458 2459/2459
f 2428/2428 2459/2459 2429/2429
f 2429/2429 2459/2459 2460/2460
f 2429/2429 2460/2460 2430/2430
f 2430/2430 2460/2460 2431/2431
f 2430/2430 2431/2431 2401/2401
f 2431/2431 2461/2461 2462/2462
f 2431/2431 2462/2462 2432/2432
f 2432/2432 2462/2462 2463/2463
f 2432/2432 2463/2463 2433/2433
f 2433/2433 2463/2463 2464/2464
f 2433/2433 2464/2464 2434/2434
f 2434/2434 2464/2464 2465/2465
f 2434/2434 2465/2465 2435/2435
f 2435/2435 2465/2465 2466/2466
f 2435/2435 2466/2466 2436/2436
f 2436/2436 2466/2466 2467/2467
f 2436/2436 2467/2467 2437/2437
f 2437/2437 2467/2467 2468/2468
f 2437/2437 2468/2468 2438/2438
f 2438/2438 2468/2468 2469/2469
f 2438/2438 2469/2469 2439/2439
f 2439/2439 2469/2469 2470/2470
f 2439/2439 2470/2470 2440/2440
f 2440/2440 2470/2470 2471/2471
f 2440/2440 2471/2471 2441/2441
f 2441/2441 2471/2471 2472/2472
f 2441/2441 2472/2472 2442/2442
f 2442/2442 2472/2472 2473/2473
f 2442/2442 2473/2473 2443/2443
f 2443/2443 2473/2473 2474/2474
f 2443/2443 2474/2474 2444/2444
f 2444/2444 2474/2474 2475/2475
f 2444/2444 2475/2475 2445/2445
f 2445/2445 2475/2475 2476/2476
f 2445/2445 2476/2476 2446/2446
f 2446/2446 2476/2476 2477/2477
f 2446/2446 2477/2477 2447/2447
f 2447/2447 2477/2477 2478/2478
f 2447/2447 2478/2478 2448/2448
f 2448/2448 2478/2478 2479/2479
f 2448/2448 2479/2479 2449/2449
f 2449/2449 2479/2479 2480/2480
f 2449/2449 2480/2480 2450/2450
f 2450/2450 2480/2480 2481/2481
f 2450/2450 2481/2481 2451/2451
f 2451/2451 2481/2481 2482/2482
f 2451/2451 2482/2482 2452/2452
f 2452/2452 2482/2482 2483/2483
f 2452/2452 2483/2483 2453/2453
f 2453/2453 2483/2483 2484/2484
f 2453/2453 2484/2484 2454/2454
f 2454/2454 2484/2484 2485/2485
f 2454/2454 2485/2485 2455/2455
f 2455/2455 2485/2485 2486/2486
f 2455/2455 2486/2486 2456/2456
f 2456/2456 2486/2486 2487/2487
f 2456/2456 2487/2487 2457/2457
f 2457/2457 2487/2487 2488/2488
f 2457/2457 2488/2488 2458/2458
f 2458/2458 2488/2488 2489/2489
f 2458/2458 2489/2489 2459/2459
f 2459/2459 2489/2489 2490/2490
f 2459/2459 2490/2490 2460/2460
f 2460/2460 2490/2490 2461/2461
f 2460/2460 2461/2461 2431/2431
f 2461/2461 2491/2491 2492/2492
f 2461/2461 2492/2492 2462/2462
f 2462/2462 2492/2492 2493/2493
f 2462/2462 2493/2493 2463/2463
f 2463/2463 2493/2493 2494/2494
f 2463/2463 2494/2494 2464/2464
f 2464/2464 2494/2494 2495/2495
f 2464/2464 2495/2495 2465/2465
f 2465/2465 2495/2495 2496/2496
f 2465/2465 2496/2496 2466/2466
f 2466/2466 2496/2496 2497/2497
f 2466/2466 2497/2497 2467/2467
f 2467/2467 2497/2497 2498/2498
f 2467/2467 2498/2498 2468/2468
f 2468/2468 2498/2498 2499/2499
f 2468/2468 2499/2499 2469/2469
f 2469/2469 2499/2499 2500/2500
f 2469/2469 2500/2500 2470/2470
f 2470/2470 2500/2500 2501/2501
f 2470/2470 2501/2501 2471/2471
f 2471/2471 2501/2501 2502/2502
f 2471/2471 2502/2502 2472/2472
f 2472/2472 2502/2502 2503/2503
f 2472/2472 2503/2503 2473/2473
f 2473/2473 2503/2503 2504/2504
f 2473/2473 2504/2504 2474/2474
f 2474/2474 2504/2504 2505/2505
f 2474/2474 2505/2505 2475/2475
f 2475/2475 2505/2505 2506/2506
f 2475/2475 2506/2506 2476/2476
f 2476/2476 2506/2506 2507/2507
f 2476/2476 2507/2507 2477/2477
f 2477/2477 2507/2507 2508/2508
f 2477/2477 2508/2508 2478/2478
f 2478/2478 2508/2508 2509/2509
f 2478/2478 2509/2509 2479/2479
f 2479/2479 2509/2509 2510/2510
f 2479/2479 2510/2510 2480/2480
f 2480/2480 2510/2510 2511/2511
f 2480/2480 2511/2511 2481/2481
f 2481/2481 2511/2511 2512/2512
f 2481/2481 2512/2512 2482/2482
f 2482/2482 2512/2512 2513/2513
f 2482/2482 2513/2513 2483/2483
f 2483/2483 2513/2513 2514/2514
f 2483/2483 2514/2514 2484/2484
f 2484/2484 2514/2514 2515/2515
f 2484/2484 2515/2515 2485/2485
f 2485/2485 2515/2515 2516/2516
f 2485/2485 2516/2516 2486/2486
f 2486/2486 2516/2516 2517/2517
f 2486/2486 2517/2517 2487/2487
f 2487/2487 2517/2517 2518/2518
f 2487/2487 2518/2518 2488/2488
f 2488/2488 2518/2518 2519/2519
f 2488/2488 2519/2519 2489/2489
f 2489/2489 2519/2519 2520/2520
f 2489/2489 2520/2520 2490/2490
f 2490/2490 2520/2520 2491/2491
f 2490/2490 2491/2491 2461/2461
f 2101/2101 2102/2102 2103/2103
f 2101/2101 2103/2103 2104/2104
f 2101/2101 2104/2104 2105/2105
f 2101/2101 2105/2105 2106/2106
f 2101/2101 2106/2106 2107/2107
f 2101/2101 2107/2107 2108/2108
f 2101/2101 2108/2108 2109/2109
f 2101/2101 2109/2109 2110/2110
f 2101/2101 2110/2110 2111/2111
f 2101/2101 2111/2111 2112/2112
f 2101/2101 2112/2112 2113/2113
f 2101/2101 2113/2113 2114/2114
f 2101/2101 2114/2114 2115/2115
f 2101/2101 2115/2115 2116/2116
f 2101/2101 2116/2116 2117/2117
f 2101/2101 2117/2117 2118/2118
f 2101/2101 2118/2118 2119/2119
f 2101/2101 2119/2119 2120/2120
f 2101/2101 2120/2120 2121/2121
f 2101/2101 2121/2121 2122/2122
f 2101/2101 2122/2122 2123/2123
f 2101/2101 2123/2123 2124/2124
f 2101/2101 2124/2124 2125/2125
f 2101/2101 2125/2125 2126/2126
f 2101/2101 2126/2126 2127/2127
f 2101/2101 2127/2127 2128/2128
f 2101/2101 2128/2128 2129/2129
f 2101/2101 2129/2129 2130/2130
f 2520/2520 2519/2519 2518/2518
f 2520/2520 2518/2518 2517/2517
f 2520/2520 2517/2517 2516/2516
f 2520/2520 2516/2516 2515/2515
f 2520/2520 2515/2515 2514/2514
f 2520/2520 2514/2514 2513/2513
f 2520/2520 2513/2513 2512/2512
f 2520/2520 2512/2512 2511/2511
f 2520/2520 2511/2511 2510/2510
f 2520/2520 2510/2510 2509/2509
f 2520/2520 2509/2509 2508/2508
f 2520/2520 2508/2508 2507/2507
f 2520/2520 2507/2507 2506/2506
f 2520/2520 2506/2506 2505/2505
f 2520/2520 2505/2505 2504/2504
f 2520/2520 2504/2504 2503/2503
f 2520/2520 2503/2503 2502/2502
f 2520/2520 2502/2502 2501/2501
f 2520/2520 2501/2501 2500/2500
f 2520/2520 2500/2500 2499/2499
f 2520/2520 2499/2499 2498/2498
f 2520/2520 2498/2498 2497/2497
f 2520/2520 2497/2497 2496/2496
f 2520/2520 2496/2496 2495/2495
f 2520/2520 2495/2495 2494/2494
f 2520/2520 2494/2494 2493/2493
f 2520/2520 2493/2493 2492/2492
f 2520/2520 2492/2492 2491/2491
f 2521/2521 2551/2551 2552/2552
f 2521/2521 2552/2552 2522/2522
f 2522/2522 2552/2552 2553/2553
f 2522/2522 2553/2553 2523/2523
f 2523/2523 2553/2553 2554/2554
f 2523/2523 2554/2554 2524/2524
f 2524/2524 2554/2554 2555/2555
f 2524/2524 2555/2555 2525/2525
f 2525/2525 2555/2555 2556/2556
f 2525/2525 2556/2556 2526/2526
f 2526/2526 2556/2556 2557/2557
f 2526/2526 2557/2557 2527/2527
f 2527/2527 2557/2557 2558/2558
f 2527/2527 2558/2558 2528/2528
f 2528/2528 2558/2558 2559/2559
f 2528/2528 2559/2559 2529/2529
f 2529/2529 2559/2559 2560/2560
f 2529/2529 2560/2560 2530/2530
f 2530/2530 2560/2560 2561/2561
f 2530/2530 2561/2561 2531/2531
f 2531/2531 2561/2561 2562/2562
f 2531/2531 2562/2562 2532/2532
f 2532/2532 2562/2562 2563/2563
f 2532/2532 2563/2563 2533/2533
f 2533/2533 2563/2563 2564/2564
f 2533/2533 2564/2564 2534/2534
f 2534/2534 2564/2564 2565/2565
f 2534/2534 2565/2565 2535/2535
f 2535/2535 2565/2565 2566/2566
f 2535/2535 2566/2566 2536/2536
f 2536/2536 2566/2566 2567/2567
f 2536/2536 2567/2567 2537/2537
f 2537/2537 2567/2567 2568/2568
f 2537/2537 2568/2568 2538/2538
f 2538/2538 2568/2568 2569/2569
f 2538/2538 2569/2569 2539/2539
f 2539/2539 2569/2569 2570/2570
f 2539/2539 2570/2570 2540/2540
f 2540/2540 2570/2570 2571/2571
f 2540/2540 2571/2571 2541/2541
f 2541/2541 2571/2571 2572/2572
f 2541/2541 2572/2572 2542/2542
f 2542/2542 2572/2572 2573/2573
f 2542/2542 2573/2573 2543/2543
f 2543/2543 2573/2573 2574/2574
f 2543/2543 2574/2574 2544/2544
f 2544/2544 2574/2574 2575/2575
f 2544/2544 2575/2575 2545/2545
f 2545/2545 2575/2575 2576/2576
f 2545/2545 2576/2576 2546/2546
f 2546/2546 2576/2576 2577/2577
f 2546/2546 2577/2577 2547/2547
f 2547/2547 2577/2577 2578/2578
f 2547/2547 2578/2578 2548/2548
f 2548/2548 2578/2578 2579/2579
f 2548/2548 2579/2579 2549/2549
f 2549/2549 2579/2579 2580/2580
f 2549/2549 2580/2580 2550/2550
f 2550/2550 2580/2580 2551/2551
f 2550/2550 2551/2551 2521/2521
f 2551/2551 2581/2581 2582/2582
f 2551/2551 2582/2582 2552/2552
f 2552/2552 2582/2582 2583/2583
f 2552/2552 2583/2583 2553/2553
f 2553/2553 2583/2583 2584/2584
f 2553/2553 2584/2584 2554/2554
f 2554/2554 2584/2584 2585/2585
f 2554/2554 2585/2585 2555/2555
f 2555/2555 2585/2585 2586/2586
f 2555/2555 2586/2586 2556/2556
f 2556/2556 2586/2586 2587/2587
f 2556/2556 2587/2587 2557/2557
f 2557/2557 2587/2587 2588/2588
f 2557/2557 2588/2588 2558/2558
f 2558/2558 2588/2588 2589/2589
f 2558/2558 2589/2589 2559/2559
f 2559/2559 2589/2589 2590/2590
f 2559/2559 2590/2590 2560/2560
f 2560/2560 2590/2590 2591/2591
f 2560/2560 2591/2591 2561/2561
f 2561/2561 2591/2591 2592/2592
f 2561/2561 2592/2592 2562/2562
f 2562/2562 2592/2592 2593/2593
f 2562/2562 2593/2593 2563/2563
f 2563/2563 2593/2593 2594/2594
f 2563/2563 2594/2594 2564/2564
f 2564/2564 2594/2594 2595/2595
f 2564/2564 2595/2595 2565/2565
f 2565/2565 2595/2595 2596/2596
f 2565/2565 2596/2596 2566/2566
f 2566/2566 2596/2596 2597/2597
f 2566/2566 2597/2597 2567/2567
f 2567/2567 2597/2597 2598/2598
f 2567/2567 2598/2598 2568/2568
f 2568/2568 2598/2598 2599/2599
f 2568/2568 2599/2599 2569/2569
f 2569/2569 2599/2599 2600/2600
f 2569/2569 2600/2600 2570/2570
f 2570/2570 2600/2600 2601/2601
f 2570/2570 2601/2601 2571/2571
f 2571/2571 2601/2601 2602/2602
f 2571/2571 2602/2602 2572/2572
f 2572/2572 2602/2602 2603/2603
f 2572/2572 2603/2603 2573/2573
f 2573/2573 2603/2603 2604/2604
f 2573/2573 2604/2604 2574/2574
f 2574/2574 2604/2604 2605/2605
f 2574/2574 2605/2605 2575/2575
f 2575/2575 2605/2605 2606/2606
f 2575/2575 2606/2606 2576/2576
f 2576/2576 2606/2606 2607/2607
f 2576/2576 2607/2607 2577/2577
f 2577/2577 2607/2607 2608/2608
f 2577/2577 2608/2608 2578/2578
f 2578/2578 2608/2608 2609/2609
f 2578/2578 2609/2609 2579/2579
f 2579/2579 2609/2609 2610/2610
f 2579/2579 2610/2610 2580/2580
f 2580/2580 2610/2610 2581/2581
f 2580/2580 2581/2581 2551/2551
f 2581/2581 2611/2611 2612/2612
f 2581/2581 2612/2612 2582/2582
f 2582/2582 2612/2612 2613/2613
f 2582/2582 2613/2613 2583/2583
f 2583/2583 2613/2613 2614/2614
f 2583/2583 2614/2614 2584/2584
f 2584/2584 2614/2614 2615/2615
f 2584/2584 2615/2615 2585/2585
f 2585/2585 2615/2615 2616/2616
f 2585/2585 2616/2616 2586/2586
f 2586/2586 2616/2616 2617/2617
f 2586/2586 2617/2617 2587/2587
f 2587/2587 2617/2617 2618/2618
f 2587/2587 2618/2618 2588/2588
f 2588/2588 2618/2618 2619/2619
f 2588/2588 2619/2619 2589/2589
f 2589/2589 2619/2619 2620/2620
f 2589/2589 2620/2620 2590/2590
f 2590/2590 2620/2620 2621/2621
f 2590/2590 2621/2621 2591/2591
f 2591/2591 2621/2621 2622/2622
f 2591/2591 2622/2622 2592/2592
f 2592/2592 2622/2622 2623/2623
f 2592/2592 2623/2623 2593/2593
f 2593/2593 2623/2623 2624/2624
f 2593/2593 2624/2624 2594/2594
f 2594/2594 2624/2624 2625/2625
f 2594/2594 2625/2625 2595/2595
f 2595/2595 2625/2625 2626/2626
f 2595/2595 2626/2626 2596/2596
f 2596/2596 2626/2626 2627/2627
f 2596/2596 2627/2627 2597/2597
f 2597/2597 2627/2627 2628/2628
f 2597/2597 2628/2628 2598/2598
f 2598/2598 2628/2628 2629/2629
f 2598/2598 2629/2629 2599/2599
f 2599/2599 2629/2629 2630/2630
f 2599/2599 2630/2630 2600/2600
f 2600/2600 2630/2630 2631/2631
f 2600/2600 2631/2631 2601/2601
f 2601/2601 2631/2631 2632/2632
f 2601/2601 2632/2632 2602/2602
f 2602/2602 2632/2632 2633/2633
f 2602/2602 2633/2633 2603/2603
f 2603/2603 2633/2633 2634/2634
f 2603/2603 2634/2634 2604/2604
f 2604/2604 2634/2634 2635/2635
f 2604/2604 2635/2635 2605/2605
f 2605/2605 2635/2635 2636/2636
f 2605/2605 2636/2636 2606/2606
f 2606/2606 2636/2636 2637/2637
f 2606/2606 2637/2637 2607/2607
f 2607/2607 2637/2637 2638/2638
f 2607/2607 2638/2638 2608/2608
f 2608/2608 2638/2638 2639/2639
f 2608/2608 2639/2639 2609/2609
f 2609/2609 2639/2639 2640/2640
f 2609/2609 2640/2640 2610/2610
f 2610/2610 2640/2640 2611/2611
f 2610/2610 2611/2611 2581/2581
f 2611/2611 2641/2641 2642/2642
f 2611/2611 2642/2642 2612/2612
f 2612/2612 2642/2642 2643/2643
f 2612/2612 2643/2643 2613/2613
f 2613/2613 2643/2643 2644/2644
f 2613/2613 2644/2644 2614/2614
f 2614/2614 2644/2644 2645/2645
f 2614/2614 2645/2645 2615/2615
f 2615/2615 2645/2645 2646/2646
f 2615/2615 2646/2646 2616/2616
f 2616/2616 2646/2646 2647/2647
f 2616/2616 2647/2647 2617/2617
f 2617/2617 2647/2647 2648/2648
f 2617/2617 2648/2648 2618/2618
f 2618/2618 2648/2648 2649/2649
f 2618/2618 2649/2649 2619/2619
f 2619/2619 2649/2649 2650/2650
f 2619/2619 2650/2650 2620/2620
f 2620/2620 2650/2650 2651/2651
f 2620/2620 2651/2651 2621/2621
f 2621/2621 2651/2651 2652/2652
f 2621/2621 2652/2652 2622/2622
f 2622/2622 2652/2652 2653/2653
f 2622/2622 2653/2653 2623/2623
f 2623/2623 2653/2653 2654/2654
f 2623/2623 2654/2654 2624/2624
f 2624/2624 2654/2654 2655/2655
f 2624/2624 2655/2655 2625/2625
f 2625/2625 2655/2655 2656/2656
f 2625/2625 2656/2656 2626/2626
f 2626/2626 2656/2656 2657/2657
f 2626/2626 2657/2657 2627/2627
f 2627/2627 2657/2657 2658/2658
f 2627/2627 2658/2658 2628/2628
f 2628/2628 2658/2658 2659/2659
f 2628/2628 2659/2659 2629/2629
f 2629/2629 2659/2659 2660/2660
f 2629/2629 2660/2660 2630/2630
f 2630/2630 2660/2660 2661/2661
f 2630/2630 2661/2661 2631/2631
f 2631/2631 2661/2661 2662/2662
f 2631/2631 2662/2662 2632/2632
f 2632/2632 2662/2662 2663/2663
f 2632/2632 2663/2663 2633/2633
f 2633/2633 2663/2663 2664/2664
f 2633/2633 2664/2664 2634/2634
f 2634/2634 2664/2664 2665/2665
f 2634/2634 2665/2665 2635/2635
f 2635/2635 2665/2665 2666/2666
f 2635/2635 2666/2666 2636/2636
f 2636/2636 2666/2666 2667/2667
f 2636/2636 2667/2667 2637/2637
f 2637/2637 2667/2667 2668/2668
f 2637/2637 2668/2668 2638/2638
f 2638/2638 2668/2668 2669/2669
f 2638/2638 2669/2669 2639/2639
f 2639/2639 2669/2669 2670/2670
f 2639/2639 2670/2670 2640/2640
f 2640/2640 2670/2670 2641/2641
f 2640/2640 2641/2641 2611/2611
f 2641/2641 2671/2671 2672/2672
f 2641/2641 2672/2672 2642/2642
f 2642/2642 2672/2672 2673/2673
f 2642/2642 2673/2673 2643/2643
f 2643/2643 2673/2673 2674/2674
f 2643/2643 2674/2674 2644/2644
f 2644/2644 2674/2674 2675/2675
f 2644/2644 2675/2675 2645/2645
f 2645/2645 2675/2675 2676/2676
f 2645/2645 2676/2676 2646/2646
f 2646/2646 2676/2676 2677/2677
f 2646/2646 2677/2677 2647/2647
f 2647/2647 2677/2677 2678/2678
f 2647/2647 2678/2678 2648/2648
f 2648/2648 2678/2678 2679/2679
f 2648/2648 2679/2679 2649/2649
f 2649/2649 2679/2679 2680/2680
f 2649/2649 2680/2680 2650/2650
f 2650/2650 2680/2680 2681/2681
f 2650/2650 2681/2681 2651/2651
f 2651/2651 2681/2681 2682/2682
f 2651/2651 2682/2682 2652/2652
f 2652/2652 2682/2682 2683/2683
f 2652/2652 2683/2683 2653/2653
f 2653/2653 2683/2683 2684/2684
f 2653/2653 2684/2684 2654/2654
f 2654/2654 2684/2684 2685/2685
f 2654/2654 2685/2685 2655/2655
f 2655/2655 2685/2685 2686/2686
f 2655/2655 2686/2686 2656/2656
f 2656/2656 2686/2686 2687/2687
f 2656/2656 2687/2687 2657/2657
f 2657/2657 2687/2687 2688/2688
f 2657/2657 2688/2688 2658/2658
f 2658/2658 2688/2688 2689/2689
f 2658/2658 2689/2689 2659/2659
f 2659/2659 2689/2689 2690/2690
f 2659/2659 2690/2690 2660/2660
f 2660/2660 2690/2690 2691/2691
f 2660/2660 2691/2691 2661/2661
f 2661/2661 2691/2691 2692/2692
f 2661/2661 2692/2692 2662/2662
f 2662/2662 2692/2692 2693/2693
f 2662/2662 2693/2693 2663/2663
f 2663/2663 2693/2693 2694/2694
f 2663/2663 2694/2694 2664/2664
f 2664/2664 2694/2694 2695/2695
f 2664/2664 2695/2695 2665/2665
f 2665/2665 2695/2695 2696/2696
f 2665/2665 2696/2696 2666/2666
f 2666/2666 2696/2696 2697/2697
f 2666/2666 2697/2697 2667/2667
f 2667/2667 2697/2697 2698/2698
f 2667/2667 2698/2698 2668/2668
f 2668/2668 2698/2698 2699/2699
f 2668/2668 2699/2699 2669/2669
f 2669/2669 2699/2699 2700/2700
f 2669/2669 2700/2700 2670/2670
f 2670/2670 2700/2700 2671/2671
f 2670/2670 2671/2671 2641/2641
f 2671/2671 2701/2701 2702/2702
f 2671/2671 2702/2702 2672/2672
f 2672/2672 2702/2702 2703/2703
f 2672/2672 2703/2703 2673/2673
f 2673/2673 2703/2703 2704/2704
f 2673/2673 2704/2704 2674/2674
f 2674/2674 2704/2704 2705/2705
f 2674/2674 2705/2705 2675/2675
f 2675/2675 2705/2705 2706/2706
f 2675/2675 2706/2706 2676/2676
f 2676/2676 2706/2706 2707/2707
f 2676/2676 2707/2707 2677/2677
f 2677/2677 2707/2707 2708/2708
f 2677/2677 2708/2708 2678/2678
f 2678/2678 2708/2708 2709/2709
f 2678/2678 2709/2709 2679/2679
f 2679/2679 2709/2709 2710/2710
f 2679/2679 2710/2710 2680/2680
f 2680/2680 2710/2710 2711/2711
f 2680/2680 2711/2711 2681/2681
f 2681/2681 2711/2711 2712/2712
f 2681/2681 2712/2712 2682/2682
f 2682/2682 2712/2712 2713/2713
f 2682/2682 2713/2713 2683/2683
f 2683/2683 2713/2713 2714/2714
f 2683/2683 2714/2714 2684/2684
f 2684/2684 2714/2714 2715/2715
f 2684/2684 2715/2715 2685/2685
f 2685/2685 2715/2715 2716/2716
f 2685/2685 2716/2716 2686/2686
f 2686/2686 2716/2716 2717/2717
f 2686/2686 2717/2717 2687/2687
f 2687/2687 2717/2717 2718/2718
f 2687/2687 2718/2718 2688/2688
f 2688/2688 2718/2718 2719/2719
f 2688/2688 2719/2719 2689/2689
f 2689/2689 2719/2719 2720/2720
f 2689/2689 2720/2720 2690/2690
f 2690/2690 2720/2720 2721/2721
f 2690/2690 2721/2721 2691/2691
f 2691/2691 2721/2721 2722/2722
f 2691/2691 2722/2722 2692/2692
f 2692/2692 2722/2722 2723/2723
f 2692/2692 2723/2723 2693/2693
f 2693/2693 2723/2723 2724/2724
f 2693/2693 2724/2724 2694/2694
f 2694/2694 2724/2724 2725/2725
f 2694/2694 2725/2725 2695/2695
f 2695/2695 2725/2725 2726/2726
f 2695/2695 2726/2726 2696/2696
f 2696/2696 2726/2726 2727/2727
f 2696/2696 2727/2727 2697/2697
f 2697/2697 2727/2727 2728/2728
f 2697/2697 2728/2728 2698/2698
f 2698/2698 2728/2728 2729/2729
f 2698/2698 2729/2729 2699/2699
f 2699/2699 2729/2729 2730/2730
f 2699/2699 2730/2730 2700/2700
f 2700/2700 2730/2730 2701/2701
f 2700/2700 2701/2701 2671/2671
f 2701/2701 2731/2731 2732/2732
f 2701/2701 2732/2732 2702/2702
f 2702/2702 2732/2732 2733/2733
f 2702/2702 2733/2733 2703/2703
f 2703/2703 2733/2733 2734/2734
f 2703/2703 2734/2734 2704/2704
f 2704/2704 2734/2734 2735/2735
f 2704/2704 2735/2735 2705/2705
f 2705/2705 2735/2735 2736/2736
f 2705/2705 2736/2736 2706/2706
f 2706/2706 2736/2736 2737/2737
f 2706/2706 2737/2737 2707/2707
f 2707/2707 2737/2737 2738/2738
f 2707/2707 2738/2738 2708/2708
f 2708/2708 2738/2738 2739/2739
f 2708/2708 2739/2739 2709/2709
f 2709/2709 2739/2739 2740/2740
f 2709/2709 2740/2740 2710/2710
f 2710/2710 2740/2740 2741/2741
f 2710/2710 2741/2741 2711/2711
f 2711/2711 2741/2741 2742/2742
f 2711/2711 2742/2742 2712/2712
f 2712/2712 2742/2742 2743/2743
f 2712/2712 2743/2743 2713/2713
f 2713/2713 2743/2743 2744/2744
f 2713/2713 2744/2744 2714/2714
f 2714/2714 2744/2744 2745/2745
f 2714/2714 2745/2745 2715/2715
f 2715/2715 2745/2745 2746/2746
f 2715/2715 2746/2746 2716/2716
f 2716/2716 2746/2746 2747/2747
f 2716/2716 2747/2747 2717/2717
f 2717/2717 2747/2747 2748/2748
f 2717/2717 2748/2748 2718/2718
f 2718/2718 2748/2748 2749/2749
f 2718/2718 2749/2749 2719/2719
f 2719/2719 2749/2749 2750/2750
f 2719/2719 2750/2750 2720/2720
f 2720/2720 2750/2750 2751/2751
f 2720/2720 2751/2751 2721/2721
f 2721/2721 2751/2751 2752/2752
f 2721/2721 2752/2752 2722/2722
f 2722/2722 2752/2752 2753/2753
f 2722/2722 2753/2753 2723/2723
f 2723/2723 2753/2753 2754/2754
f 2723/2723 2754/2754 2724/2724
f 2724/2724 2754/2754 2755/2755
f 2724/2724 2755/2755 2725/2725
f 2725/2725 2755/2755 2756/2756
f 2725/2725 2756/2756 2726/2726
f 2726/2726 2756/2756 2757/2757
f 2726/2726 2757/2757 2727/2727
f 2727/2727 2757/2757 2758/2758
f 2727/2727 2758/2758 2728/2728
f 2728/2728 2758/2758 2759/2759
f 2728/2728 2759/2759 2729/2729
f 2729/2729 2759/2759 2760/2760
f 2729/2729 2760/2760 2730/2730
f 2730/2730 2760/2760 2731/2731
f 2730/2730 2731/2731 2701/2701
f 2731/2731 2761/2761 2762/2762
f 2731/2731 2762/2762 2732/2732
f 2732/2732 2762/2762 2763/2763
f 2732/2732 2763/2763 2733/2733
f 2733/2733 2763/2763 2764/2764
f 2733/2733 2764/2764 2734/2734
f 2734/2734 2764/2764 2765/2765
f 2734/2734 2765/2765 2735/2735
f 2735/2735 2765/2765 2766/2766
f 2735/2735 2766/2766 2736/2736
f 2736/2736 2766/2766 2767/2767
f 2736/2736 2767/2767 2737/2737
f 2737/2737 2767/2767 2768/2768
f 2737/2737 2768/2768 2738/2738
f 2738/2738 2768/2768 2769/2769
f 2738/2738 2769/2769 2739/2739
f 2739/2739 2769/2769 2770/2770
f 2739/2739 2770/2770 2740/2740
f 2740/2740 2770/2770 2771/2771
f 2740/2740 2771/2771 2741/2741
f 2741/2741 2771/2771 2772/2772
f 2741/2741 2772/2772 2742/2742
f 2742/2742 2772/2772 2773/2773
f 2742/2742 2773/2773 2743/2743
f 2743/2743 2773/2773 2774/2774
f 2743/2743 2774/2774 2744/2744
f 2744/2744 2774/2774 2775/2775
f 2744/2744 2775/2775 2745/2745
f 2745/2745 2775/2775 2776/2776
f 2745/2745 2776/2776 2746/2746
f 2746/2746 2776/2776 2777/2777
f 2746/2746 2777/2777 2747/2747
f 2747/2747 2777/2777 2778/2778
f 2747/2747 2778/2778 2748/2748
f 2748/2748 2778/2778 2779/2779
f 2748/2748 2779/2779 2749/2749
f 2749/2749 2779/2779 2780/2780
f 2749/2749 2780/2780 2750/2750
f 2750/2750 2780/2780 2781/2781
f 2750/2750 2781/2781 2751/2751
f 2751/2751 2781/2781 2782/2782
f 2751/2751 2782/2782 2752/2752
f 2752/2752 2782/2782 2783/2783
f 2752/2752 2783/2783 2753/2753
f 2753/2753 2783/2783 2784/2784
f 2753/2753 2784/2784 2754/2754
f 2754/2754 2784/2784 2785/2785
f 2754/2754 2785/2785 2755/2755
f 2755/2755 2785/2785 2786/2786
f 2755/2755 2786/2786 2756/2756
f 2756/2756 2786/2786 2787/2787
f 2756/2756 2787/2787 2757/2757
f 2757/2757 2787/2787 2788/2788
f 2757/2757 2788/2788 2758/2758
f 2758/2758 2788/2788 2789/2789
f 2758/2758 2789/2789 2759/2759
f 2759/2759 2789/2789 2790/2790
f 2759/2759 2790/2790 2760/2760
f 2760/2760 2790/2790 2761/2761
f 2760/2760 2761/2761 2731/2731
f 2761/2761 2791/2791 2792/2792
f 2761/2761 2792/2792 2762/2762
f 2762/2762 2792/2792 2793/2793
f 2762/2762 2793/2793 2763/2763
f 2763/2763 2793/2793 2794/2794
f 2763/2763 2794/2794 2764/2764
f 2764/2764 2794/2794 2795/2795
f 2764/2764 2795/2795 2765/2765
f 2765/2765 2795/2795 2796/2796
f 2765/2765 2796/2796 2766/2766
f 2766/2766 2796/2796 2797/2797
f 2766/2766 2797/2797 2767/2767
f 2767/2767 2797/2797 2798/2798
f 2767/2767 2798/2798 2768/2768
f 2768/2768 2798/2798 2799/2799
f 2768/2768 2799/2799 2769/2769
f 2769/2769 2799/2799 2800/2800
f 2769/2769 2800/2800 2770/2770
f 2770/2770 2800/2800 2801/2801
f 2770/2770 2801/2801 2771/2771
f 2771/2771 2801/2801 2802/2802
f 2771/2771 2802/2802 2772/2772
f 2772/2772 2802/2802 2803/2803
f 2772/2772 2803/2803 2773/2773
f 2773/2773 2803/2803 2804/2804
f 2773/2773 2804/2804 2774/2774
f 2774/2774 2804/2804 2805/2805
f 2774/2774 2805/2805 2775/2775
f 2775/2775 2805/2805 2806/2806
f 2775/2775 2806/2806 2776/2776
f 2776/2776 2806/2806 2807/2807
f 2776/2776 2807/2807 2777/2777
f 2777/2777 2807/2807 2808/2808
f 2777/2777 2808/2808 2778/2778
f 2778/2778 2808/2808 2809/2809
f 2778/2778 2809/2809 2779/2779
f 2779/2779 2809/2809 2810/2810
f 2779/2779 2810/2810 2780/2780
f 2780/2780 2810/2810 2811/2811
f 2780/2780 2811/2811 2781/2781
f 2781/2781 2811/2811 2812/2812
f 2781/2781 2812/2812 2782/2782
f 2782/2782 2812/2812 2813/2813
f 2782/2782 2813/2813 2783/2783
f 2783/2783 2813/2813 2814/2814
f 2783/2783 2814/2814 2784/2784
f 2784/2784 2814/2814 2815/2815
f 2784/2784 2815/2815 2785/2785
f 2785/2785 2815/2815 2816/2816
f 2785/2785 2816/2816 2786/2786
f 2786/2786 2816/2816 2817/2817
f 2786/2786 2817/2817 2787/2787
f 2787/2787 2817/2817 2818/2818
f 2787/2787 2818/2818 2788/2788
f 2788/2788 2818/2818 2819/2819
f 2788/2788 2819/2819 2789/2789
f 2789/2789 2819/2819 2820/2820
f 2789/2789 2820/2820 2790/2790
f 2790/2790 2820/2820 2791/2791
f 2790/2790 2791/2791 2761/2761
f 2791/2791 2821/2821 2822/2822
f 2791/2791 2822/2822 2792/2792
f 2792/2792 2822/2822 2823/2823
f 2792/2792 2823/2823 2793/2793
f 2793/2793 2823/2823 2824/2824
f 2793/2793 2824/2824 2794/2794
f 2794/2794 2824/2824 2825/2825
f 2794/2794 2825/2825 2795/2795
f 2795/2795 2825/2825 2826/2826
f 2795/2795 2826/2826 2796/2796
f 2796/2796 2826/2826 2827/2827
f 2796/2796 2827/2827 2797/2797
f 2797/2797 2827/2827 2828/2828
f 2797/2797 2828/2828 2798/2798
f 2798/2798 2828/2828 2829/2829
f 2798/2798 2829/2829 2799/2799
f 2799/2799 2829/2829 2830/2830
f 2799/2799 2830/2830 2800/2800
f 2800/2800 2830/2830 2831/2831
f 2800/2800 2831/2831 2801/2801
f 2801/2801 2831/2831 2832/2832
f 2801/2801 2832/2832 2802/2802
f 2802/2802 2832/2832 2833/2833
f 2802/2802 2833/2833 2803/2803
f 2803/2803 2833/2833 2834/2834
f 2803/2803 2834/2834 2804/2804
f 2804/2804 2834/2834 2835/2835
f 2804/2804 2835/2835 2805/2805
f 2805/2805 2835/2835 2836/2836
f 2805/2805 2836/2836 2806/2806
f 2806/2806 2836/2836 2837/2837
f 2806/2806 2837/2837 2807/2807
f 2807/2807 2837/2837 2838/2838
f 2807/2807 2838/2838 2808/2808
f 2808/2808 2838/2838 2839/2839
f 2808/2808 2839/2839 2809/2809
f 2809/2809 2839/2839 2840/2840
f 2809/2809 2840/2840 2810/2810
f 2810/2810 2840/2840 2841/2841
f 2810/2810 2841/2841 2811/2811
f 2811/2811 2841/2841 2842/2842
f 2811/2811 2842/2842 2812/2812
f 2812/2812 2842/2842 2843/2843
f 2812/2812 2843/2843 2813/2813
f 2813/2813 2843/2843 2844/2844
f 2813/2813 2844/2844 2814/2814
f 2814/2814 2844/2844 2845/2845
f 2814/2814 2845/2845 2815/2815
f 2815/2815 2845/2845 2846/2846
f 2815/2815 2846/2846 2816/2816
f 2816/2816 2846/2846 2847/2847
f 2816/2816 2847/2847 2817/2817
f 2817/2817 2847/2847 2848/2848
f 2817/2817 2848/2848 2818/2818
f 2818/2818 2848/2848 2849/2849
f 2818/2818 2849/2849 2819/2819
f 2819/2819 2849/2849 2850/2850
f 2819/2819 2850/2850 2820/2820
f 2820/2820 2850/2850 2821/2821
f 2820/2820 2821/2821 2791/2791
f 2821/2821 2851/2851 2852/2852
f 2821/2821 2852/2852 2822/2822
f 2822/2822 2852/2852 2853/2853
f 2822/2822 2853/2853 2823/2823
f 2823/2823 2853/2853 2854/2854
f 2823/2823 2854/2854 2824/2824
f 2824/2824 2854/2854 2855/2855
f 2824/2824 2855/2855 2825/2825
f 2825/2825 2855/2855 2856/2856
f 2825/2825 2856/2856 2826/2826
f 2826/2826 2856/2856 2857/2857
f 2826/2826 2857/2857 2827/2827
f 2827/2827 2857/2857 2858/2858
f 2827/2827 2858/2858 2828/2828
f 2828/2828 2858/2858 2859/2859
f 2828/2828 2859/2859 2829/2829
f 2829/2829 2859/2859 2860/2860
f 2829/2829 2860/2860 2830/2830
f 2830/2830 2860/2860 2861/2861
f 2830/2830 2861/2861 2831/2831
f 2831/2831 2861/2861 2862/2862
f 2831/2831 2862/2862 2832/2832
f 2832/2832 2862/2862 2863/2863
f 2832/2832 2863/2863 2833/2833
f 2833/2833 2863/2863 2864/2864
f 2833/2833 2864/2864 2834/2834
f 2834/2834 2864/2864 2865/2865
f 2834/2834 2865/2865 2835/2835
f 2835/2835 2865/2865 2866/2866
f 2835/2835 2866/2866 2836/2836
f 2836/2836 2866/2866 2867/2867
f 2836/2836 2867/2867 2837/2837
f 2837/2837 2867/2867 2868/2868
f 2837/2837 2868/2868 2838/2838
f 2838/2838 2868/2868 2869/2869
f 2838/2838 2869/2869 2839/2839
f 2839/2839 2869/2869 2870/2870
f 2839/2839 2870/2870 2840/2840
f 2840/2840 2870/2870 2871/2871
f 2840/2840 2871/2871 2841/2841
f 2841/2841 2871/2871 2872/2872
f 2841/2841 2872/2872 2842/2842
f 2842/2842 2872/2872 2873/2873
f 2842/2842 2873/2873 2843/2843
f 2843/2843 2873/2873 2874/2874
f 2843/2843 2874/2874 2844/2844
f 2844/2844 2874/2874 2875/2875
f 2844/2844 2875/2875 2845/2845
f 2845/2845 2875/2875 2876/2876
f 2845/2845 2876/2876 2846/2846
f 2846/2846 2876/2876 2877/2877
f 2846/2846 2877/2877 2847/2847
f 2847/2847 2877/2877 2878/2878
f 2847/2847 2878/2878 2848/2848
f 2848/2848 2878/2878 2879/2879
f 2848/2848 2879/2879 2849/2849
f 2849/2849 2879/2879 2880/2880
f 2849/2849 2880/2880 2850/2850
f 2850/2850 2880/2880 2851/2851
f 2850/2850 2851/2851 2821/2821
f 2851/2851 2881/2881 2882/2882
f 2851/2851 2882/2882 2852/2852
f 2852/2852 2882/2882 2883/2883
f 2852/2852 2883/2883 2853/2853
f 2853/2853 2883/2883 2884/2884
f 2853/2853 2884/2884 2854/2854
f 2854/2854 2884/2884 2885/2885
f 2854/2854 2885/2885 2855/2855
f 2855/2855 2885/2885 2886/2886
f 2855/2855 2886/2886 2856/2856
f 2856/2856 2886/2886 2887/2887
f 2856/2856 2887/2887 2857/2857
f 2857/2857 2887/2887 2888/2888
f 2857/2857 2888/2888 2858/2858
f 2858/2858 2888/2888 2889/2889
f 2858/2858 2889/2889 2859/2859
f 2859/2859 2889/2889 2890/2890
f 2859/2859 2890/2890 2860/2860
f 2860/2860 2890/2890 2891/2891
f 2860/2860 2891/2891 2861/2861
f 2861/2861 2891/2891 2892/2892
f 2861/2861 2892/2892 2862/2862
f 2862/2862 2892/2892 2893/2893
f 2862/2862 2893/2893 2863/2863
f 2863/2863 2893/2893 2894/2894
f 2863/2863 2894/2894 2864/2864
f 2864/2864 2894/2894 2895/2895
f 2864/2864 2895/2895 2865/2865
f 2865/2865 2895/2895 2896/2896
f 2865/2865 2896/2896 2866/2866
f 2866/2866 2896/2896 2897/2897
f 2866/2866 2897/2897 2867/2867
f 2867/2867 2897/2897 2898/2898
f 2867/2867 2898/2898 2868/2868
f 2868/2868 2898/2898 2899/2899
f 2868/2868 2899/2899 2869/2869
f 2869/2869 2899/2899 2900/2900
f 2869/2869 2900/2900 2870/2870
f 2870/2870 2900/2900 2901/2901
f 2870/2870 2901/2901 2871/2871
f 2871/2871 2901/2901 2902/2902
f 2871/2871 2902/2902 2872/2872
f 2872/2872 2902/2902 2903/2903
f 2872/2872 2903/2903 2873/2873
f 2873/2873 2903/2903 2904/2904
f 2873/2873 2904/2904 2874/2874
f 2874/2874 2904/2904 2905/2905
f 2874/2874 2905/2905 2875/2875
f 2875/2875 2905/2905 2906/2906
f 2875/2875 2906/2906 2876/2876
f 2876/2876 2906/2906 2907/2907
f 2876/2876 2907/2907 2877/2877
f 2877/2877 2907/2907 2908/2908
f 2877/2877 2908/2908 2878/2878
f 2878/2878 2908/2908 2909/2909
f 2878/2878 2909/2909 2879/2879
f 2879/2879 2909/2909 2910/2910
f 2879/2879 2910/2910 2880/2880
f 2880/2880 2910/2910 2881/2881
f 2880/2880 2881/2881 2851/2851
f 2881/2881 2911/2911 2912/2912
f 2881/2881 2912/2912 2882/2882
f 2882/2882 2912/2912 2913/2913
f 2882/2882 2913/2913 2883/2883
f 2883/2883 2913/2913 2914/2914
f 2883/2883 2914/2914 2884/2884
f 2884/2884 2914/2914 2915/2915
f 2884/2884 2915/2915 2885/2885
f 2885/2885 2915/2915 2916/2916
f 2885/2885 2916/2916 2886/2886
f 2886/2886 2916/2916 2917/2917
f 2886/2886 2917/2917 2887/2887
f 2887/2887 2917/2917 2918/2918
f 2887/2887 2918/2918 2888/2888
f 2888/2888 2918/2918 2919/2919
f 2888/2888 2919/2919 2889/2889
f 2889/2889 2919/2919 2920/2920
f 2889/2889 2920/2920 2890/2890
f 2890/2890 2920/2920 2921/2921
f 2890/2890 2921/2921 2891/2891
f 2891/2891 2921/2921 2922/2922
f 2891/2891 2922/2922 2892/2892
f 2892/2892 2922/2922 2923/2923
f 2892/2892 2923/2923 2893/2893
f 2893/2893 2923/2923 2924/2924
f 2893/2893 2924/2924 2894/2894
f 2894/2894 2924/2924 2925/2925
f 2894/2894 2925/2925 2895/2895
f 2895/2895 2925/2925 2926/2926
f 2895/2895 2926/2926 2896/2896
f 2896/2896 2926/2926 2927/2927
f 2896/2896 2927/2927 2897/2897
f 2897/2897 2927/2927 2928/2928
f 2897/2897 2928/2928 2898/2898
f 2898/2898 2928/2928 2929/2929
f 2898/2898 2929/2929 2899/2899
f 2899/2899 2929/2929 2930/2930
f 2899/2899 2930/2930 2900/2900
f 2900/2900 2930/2930 2931/2931
f 2900/2900 2931/2931 2901/2901
f 2901/2901 2931/2931 2932/2932
f 2901/2901 2932/2932 2902/2902
f 2902/2902 2932/2932 2933/2933
f 2902/2902 2933/2933 2903/2903
f 2903/2903 2933/2933 2934/2934
f 2903/2903 2934/2934 2904/2904
f 2904/2904 2934/2934 2935/2935
f 2904/2904 2935/2935 2905/2905
f 2905/2905 2935/2935 2936/2936
f 2905/2905 2936/2936 2906/2906
f 2906/2906 2936/2936 2937/2937
f 2906/2906 2937/2937 2907/2907
f 2907/2907 2937/2937 2938/2938
f 2907/2907 2938/2938 2908/2908
f 2908/2908 2938/2938 2939/2939
f 2908/2908 2939/2939 2909/2909
f 2909/2909 2939/2939 2940/2940
f 2909/2909 2940/2940 2910/2910
f 2910/2910 2940/2940 2911/2911
f 2910/2910 2911/2911 2881/2881
f 2521/2521 2522/2522 2523/2523
f 2521/2521 2523/2523 2524/2524
f 2521/2521 2524/2524 2525/2525
f 2521/2521 2525/2525 2526/2526
f 2521/2521 2526/2526 2527/2527
f 2521/2521 2527/2527 2528/2528
f 2521/2521 2528/2528 2529/2529
f 2521/2521 2529/2529 2530/2530
f 2521/2521 2530/2530 2531/2531
f 2521/2521 2531/2531 2532/2532
f 2521/2521 2532/2532 2533/2533
f 2521/2521 2533/2533 2534/2534
f 2521/2521 2534/2534 2535/2535
f 2521/2521 2535/2535 2536/2536
f 2521/2521 2536/2536 2537/2537
f 2521/2521 2537/2537 2538/2538
f 2521/2521 2538/2538 2539/2539
f 2521/2521 2539/2539 2540/2540
f 2521/2521 2540/2540 2541/2541
f 2521/2521 2541/2541 2542/2542
f 2521/2521 2542/2542 2543/2543
f 2521/2521 2543/2543 2544/2544
f 2521/2521 2544/2544 2545/2545
f 2521/2521 2545/2545 2546/2546
f 2521/2521 2546/2546 2547/2547
f 2521/2521 2547/2547 2548/2548
f 2521/2521 2548/2548 2549/2549
f 2521/2521 2549/2549 2550/2550
f 2940/2940 2939/2939 2938/2938
f 2940/2940 2938/2938 2937/2937
f 2940/2940 2937/2937 2936/2936
f 2940/2940 2936/2936 2935/2935
f 2940/2940 2935/2935 2934/2934
f 2940/2940 2934/2934 2933/2933
f 2940/2940 2933/2933 2932/2932
f 2940/2940 2932/2932 2931/2931
f 2940/2940 2931/2931 2930/2930
f 2940/2940 2930/2930 2929/2929
f 2940/2940 2929/2929 2928/2928
f 2940/2940 2928/2928 2927/2927
f 2940/2940 2927/2927 2926/2926
f 2940/2940 2926/2926 2925/2925
f 2940/2940 2925/2925 2924/2924
f 2940/2940 2924/2924 2923/2923
f 2940/2940 2923/2923 2922/2922
f 2940/2940 2922/2922 2921/2921
f 2940/2940 2921/2921 2920/2920
f 2940/2940 2920/2920 2919/2919
f 2940/2940 2919/2919 2918/2918
f 2940/2940 2918/2918 2917/2917
f 2940/2940 2917/2917 2916/2916
f 2940/2940 2916/2916 2915/2915
f 2940/2940 2915/2915 2914/2914
f 2940/2940 2914/2914 2913/2913
f 2940/2940 2913/2913 2912/2912
f 2940/2940 2912/2912 2911/2911
f 2941/2941 2971/2971 2972/2972
f 2941/2941 2972/2972 2942/2942
f 2942/2942 2972/2972 2973/2973
f 2942/2942 2973/2973 2943/2943
f 2943/2943 2973/2973 2974/2974
f 2943/2943 2974/2974 2944/2944
f 2944/2944 2974/2974 2975/2975
f 2944/2944 2975/2975 2945/2945
f 2945/2945 2975/2975 2976/2976
f 2945/2945 2976/2976 2946/2946
f 2946/2946 2976/2976 2977/2977
f 2946/2946 2977/2977 2947/2947
f 2947/2947 2977/2977 2978/2978
f 2947/2947 2978/2978 2948/2948
f 2948/2948 2978/2978 2979/2979
f 2948/2948 2979/2979 2949/2949
f 2949/2949 2979/2979 2980/2980
f 2949/2949 2980/2980 2950/2950
f 2950/2950 2980/2980 2981/2981
f 2950/2950 2981/2981 2951/2951
f 2951/2951 2981/2981 2982/2982
f 2951/2951 2982/2982 2952/2952
f 2952/2952 2982/2982 2983/2983
f 2952/2952 2983/2983 2953/2953
f 2953/2953 2983/2983 2984/2984
f 2953/2953 2984/2984 2954/2954
f 2954/2954 2984/2984 2985/2985
f 2954/2954 2985/2985 2955/2955
f 2955/2955 2985/2985 2986/2986
f 2955/2955 2986/2986 2956/2956
f 2956/2956 2986/2986 2987/2987
f 2956/2956 2987/2987 2957/2957
f 2957/2957 2987/2987 2988/2988
f 2957/2957 2988/2988 2958/2958
f 2958/2958 2988/2988 2989/2989
f 2958/2958 2989/2989 2959/2959
f 2959/2959 2989/2989 2990/2990
f 2959/2959 2990/2990 2960/2960
f 2960/2960 2990/2990 2991/2991
f 2960/2960 2991/2991 2961/2961
f 2961/2961 2991/2991 2992/2992
f 2961/2961 2992/2992 2962/2962
f 2962/2962 2992/2992 2993/2993
f 2962/2962 2993/2993 2963/2963
f 2963/2963 2993/2993 2994/2994
f 2963/2963 2994/2994 2964/2964
f 2964/2964 2994/2994 2995/2995
f 2964/2964 2995/2995 2965/2965
f 2965/2965 2995/2995 2996/2996
f 2965/2965 2996/2996 2966/2966
f 2966/2966 2996/2996 2997/2997
f 2966/2966 2997/2997 2967/2967
f 2967/2967 2997/2997 2998/2998
f 2967/2967 2998/2998 2968/2968
f 2968/2968 2998/2998 2999/2999
f 2968/2968 2999/2999 2969/2969
f 2969/2969 2999/2999 3000/3000
f 2969/2969 3000/3000 2970/2970
f 2970/2970 3000/3000 2971/2971
f 2970/2970 2971/2971 2941/2941
f 2971/2971 3001/3001 3002/3002
f 2971/2971 3002/3002 2972/2972
f 2972/2972 3002/3002 3003/3003
f 2972/2972 3003/3003 2973/2973
f 2973/2973 3003/3003 3004/3004
f 2973/2973 3004/3004 2974/2974
f 2974/2974 3004/3004 3005/3005
f 2974/2974 3005/3005 2975/2975
f 2975/2975 3005/3005 3006/3006
f 2975/2975 3006/3006 2976/2976
f 2976/2976 3006/3006 3007/3007
f 2976/2976 3007/3007 2977/2977
f 2977/2977 3007/3007 3008/3008
f 2977/2977 3008/3008 2978/2978
f 2978/2978 3008/3008 3009/3009
f 2978/2978 3009/3009 2979/2979
f 2979/2979 3009/3009 3010/3010
f 2979/2979 3010/3010 2980/2980
f 2980/2980 3010/3010 3011/3011
f 2980/2980 3011/3011 2981/2981
f 2981/2981 3011/3011 3012/3012
f 2981/2981 3012/3012 2982/2982
f 2982/2982 3012/3012 3013/3013
f 2982/2982 3013/3013 2983/2983
f 2983/2983 3013/3013 3014/3014
f 2983/2983 3014/3014 2984/2984
f 2984/2984 3014/3014 3015/3015
f 2984/2984 3015/3015 2985/2985
f 2985/2985 3015/3015 3016/3016
f 2985/2985 3016/3016 2986/2986
f 2986/2986 3016/3016 3017/3017
f 2986/2986 3017/3017 2987/2987
f 2987/2987 3017/3017 3018/3018
f 2987/2987 3018/3018 2988/2988
f 2988/2988 3018/3018 3019/3019
f 2988/2988 3019/3019 2989/2989
f 2989/2989 3019/3019 3020/3020
f 2989/2989 3020/3020 2990/2990
f 2990/2990 3020/3020 3021/3021
f 2990/2990 3021/3021 2991/2991
f 2991/2991 3021/3021 3022/3022
f 2991/2991 3022/3022 2992/2992
f 2992/2992 3022/3022 3023/3023
f 2992/2992 3023/3023 2993/2993
f 2993/2993 3023/3023 3024/3024
f 2993/2993 3024/3024 2994/2994
f 2994/2994 3024/3024 3025/3025
f 2994/2994 3025/3025 2995/2995
f 2995/2995 3025/3025 3026/3026
f 2995/2995 3026/3026 2996/2996
f 2996/2996 3026/3026 3027/3027
f 2996/2996 3027/3027 2997/2997
f 2997/2997 3027/3027 3028/3028
f 2997/2997 3028/3028 2998/2998
f 2998/2998 3028/3028 3029/3029
f 2998/2998 3029/3029 2999/2999
f 2999/2999 3029/3029 3030/3030
f 2999/2999 3030/3030 3000/3000
f 3000/3000 3030/3030 3001/3001
f 3000/3000 3001/3001 2971/2971
f 3001/3001 3031/3031 3032/3032
f 3001/3001 3032/3032 3002/3002
f 3002/3002 3032/3032 3033/3033
f 3002/3002 3033/3033 3003/3003
f 3003/3003 3033/3033 3034/3034
f 3003/3003 3034/3034 3004/3004
f 3004/3004 3034/3034 3035/3035
f 3004/3004 3035/3035 3005/3005
f 3005/3005 3035/3035 3036/3036
f 3005/3005 3036/3036 3006/3006
f 3006/3006 3036/3036 3037/3037
f 3006/3006 3037/3037 3007/3007
f 3007/3007 3037/3037 3038/3038
f 3007/3007 3038/3038 3008/3008
f 3008/3008 3038/3038 3039/3039
f 3008/3008 3039/3039 3009/3009
f 3009/3009 3039/3039 3040/3040
f 3009/3009 3040/3040 3010/3010
f 3010/3010 3040/3040 3041/3041
f 3010/3010 3041/3041 3011/3011
f 3011/3011 3041/3041 3042/3042
f 3011/3011 3042/3042 3012/3012
f 3012/3012 3042/3042 3043/3043
f 3012/3012 3043/3043 3013/3013
f 3013/3013 3043/3043 3044/3044
f 3013/3013 3044/3044 3014/3014
f 3014/3014 3044/3044 3045/3045
f 3014/3014 3045/3045 3015/3015
f 3015/3015 3045/3045 3046/3046
f 3015/3015 3046/3046 3016/3016
f 3016/3016 3046/3046 3047/3047
f 3016/3016 3047/3047 3017/3017
f 3017/3017 3047/3047 3048/3048
f 3017/3017 3048/3048 3018/3018
f 3018/3018 3048/3048 3049/3049
f 3018/3018 3049/3049 3019/3019
f 3019/3019 3049/3049 3050/3050
f 3019/3019 3050/3050 3020/3020
f 3020/3020 3050/3050 3051/3051
f 3020/3020 3051/3051 3021/3021
f 3021/3021 3051/3051 3052/3052
f 3021/3021 3052/3052 3022/3022
f 3022/3022 3052/3052 3053/3053
f 3022/3022 3053/3053 3023/3023
f 3023/3023 3053/3053 3054/3054
f 3023/3023 3054/3054 3024/3024
f 3024/3024 3054/3054 3055/3055
f 3024/3024 3055/3055 3025/3025
f 3025/3025 3055/3055 3056/3056
f 3025/3025 3056/3056 3026/3026
f 3026/3026 3056/3056 3057/3057
f 3026/3026 3057/3057 3027/3027
f 3027/3027 3057/3057 3058/3058
f 3027/3027 3058/3058 3028/3028
f 3028/3028 3058/3058 3059/3059
f 3028/3028 3059/3059 3029/3029
f 3029/3029 3059/3059 3060/3060
f 3029/3029 3060/3060 3030/3030
f 3030/3030 3060/3060 3031/3031
f 3030/3030 3031/3031 3001/3001
f 3031/3031 3061/3061 3062/3062
f 3031/3031 3062/3062 3032/3032
f 3032/3032 3062/3062 3063/3063
f 3032/3032 3063/3063 3033/3033
f 3033/3033 3063/3063 3064/3064
f 3033/3033 3064/3064 3034/3034
f 3034/3034 3064/3064 3065/3065
f 3034/3034 3065/3065 3035/3035
f 3035/3035 3065/3065 3066/3066
f 3035/3035 3066/3066 3036/3036
f 3036/3036 3066/3066 3067/3067
f 3036/3036 3067/3067 3037/3037
f 3037/3037 3067/3067 3068/3068
f 3037/3037 3068/3068 3038/3038
f 3038/3038 3068/3068 3069/3069
f 3038/3038 3069/3069 3039/3039
f 3039/3039 3069/3069 3070/3070
f 3039/3039 3070/3070 3040/3040
f 3040/3040 3070/3070 3071/3071
f 3040/3040 3071/3071 3041/3041
f 3041/3041 3071/3071 3072/3072
f 3041/3041 3072/3072 3042/3042
f 3042/3042 3072/3072 3073/3073
f 3042/3042 3073/3073 3043/3043
f 3043/3043 3073/3073 3074/3074
f 3043/3043 3074/3074 3044/3044
f 3044/3044 3074/3074 3075/3075
f 3044/3044 3075/3075 3045/3045
f 3045/3045 3075/3075 3076/3076
f 3045/3045 3076/3076 3046/3046
f 3046/3046 3076/3076 3077/3077
f 3046/3046 3077/3077 3047/3047
f 3047/3047 3077/3077 3078/3078
f 3047/3047 3078/3078 3048/3048
f 3048/3048 3078/3078 3079/3079
f 3048/3048 3079/3079 3049/3049
f 3049/3049 3079/3079 3080/3080
f 3049/3049 3080/3080 3050/3050
f 3050/3050 3080/3080 3081/3081
f 3050/3050 3081/3081 3051/3051
f 3051/3051 3081/3081 3082/3082
f 3051/3051 3082/3082 3052/3052
f 3052/3052 3082/3082 3083/3083
f 3052/3052 3083/3083 3053/3053
f 3053/3053 3083/3083 3084/3084
f 3053/3053 3084/3084 3054/3054
f 3054/3054 3084/3084 3085/3085
f 3054/3054 3085/3085 3055/3055
f 3055/3055 3085/3085 3086/3086
f 3055/3055 3086/3086 3056/3056
f 3056/3056 3086/3086 3087/3087
f 3056/3056 3087/3087 3057/3057
f 3057/3057 3087/3087 3088/3088
f 3057/3057 3088/3088 3058/3058
f 3058/3058 3088/3088 3089/3089
f 3058/3058 3089/3089 3059/3059
f 3059/3059 3089/3089 3090/3090
f 3059/3059 3090/3090 3060/3060
f 3060/3060 3090/3090 3061/3061
f 3060/3060 3061/3061 3031/3031
f 3061/3061 3091/3091 3092/3092
f 3061/3061 3092/3092 3062/3062
f 3062/3062 3092/3092 3093/3093
f 3062/3062 3093/3093 3063/3063
f 3063/3063 3093/3093 3094/3094
f 3063/3063 3094/3094 3064/3064
f 3064/3064 3094/3094 3095/3095
f 3064/3064 3095/3095 3065/3065
f 3065/3065 3095/3095 3096/3096
f 3065/3065 3096/3096 3066/3066
f 3066/3066 3096/3096 3097/3097
f 3066/3066 3097/3097 3067/3067
f 3067/3067 3097/3097 3098/3098
f 3067/3067 3098/3098 3068/3068
f 3068/3068 3098/3098 3099/3099
f 3068/3068 3099/3099 3069/3069
f 3069/3069 3099/3099 3100/3100
f 3069/3069 3100/3100 3070/3070
f 3070/3070 3100/3100 3101/3101
f 3070/3070 3101/3101 3071/3071
f 3071/3071 3101/3101 3102/3102
f 3071/3071 3102/3102 3072/3072
f 3072/3072 3102/3102 3103/3103
f 3072/3072 3103/3103 3073/3073
f 3073/3073 3103/3103 3104/3104
f 3073/3073 3104/3104 3074/3074
f 3074/3074 3104/3104 3105/3105
f 3074/3074 3105/3105 3075/3075
f 3075/3075 3105/3105 3106/3106
f 3075/3075 3106/3106 3076/3076
f 3076/3076 3106/3106 3107/3107
f 3076/3076 3107/3107 3077/3077
f 3077/3077 3107/3107 3108/3108
f 3077/3077 3108/3108 3078/3078
f 3078/3078 3108/3108 3109/3109
f 3078/3078 3109/3109 3079/3079
f 3079/3079 3109/3109 3110/3110
f 3079/3079 3110/3110 3080/3080
f 3080/3080 3110/3110 3111/3111
f 3080/3080 3111/3111 3081/3081
f 3081/3081 3111/3111 3112/3112
f 3081/3081 3112/3112 3082/3082
f 3082/3082 3112/3112 3113/3113
f 3082/3082 3113/3113 3083/3083
f 3083/3083 3113/3113 3114/3114
f 3083/3083 3114/3114 3084/3084
f 3084/3084 3114/3114 3115/3115
f 3084/3084 3115/3115 3085/3085
f 3085/3085 3115/3115 3116/3116
f 3085/3085 3116/3116 3086/3086
f 3086/3086 3116/3116 3117/3117
f 3086/3086 3117/3117 3087/3087
f 3087/3087 3117/3117 3118/3118
f 3087/3087 3118/3118 3088/3088
f 3088/3088 3118/3118 3119/3119
f 3088/3088 3119/3119 3089/3089
f 3089/3089 3119/3119 3120/3120
f 3089/3089 3120/3120 3090/3090
f 3090/3090 3120/3120 3091/3091
f 3090/3090 3091/3091 3061/3061
f 3091/3091 3121/3121 3122/3122
f 3091/3091 3122/3122 3092/3092
f 3092/3092 3122/3122 3123/3123
f 3092/3092 3123/3123 3093/3093
f 3093/3093 3123/3123 3124/3124
f 3093/3093 3124/3124 3094/3094
f 3094/3094 3124/3124 3125/3125
f 3094/3094 3125/3125 3095/3095
f 3095/3095 3125/3125 3126/3126
f 3095/3095 3126/3126 3096/3096
f 3096/3096 3126/3126 3127/3127
f 3096/3096 3127/3127 3097/3097
f 3097/3097 3127/3127 3128/3128
f 3097/3097 3128/3128 3098/3098
f 3098/3098 3128/3128 3129/3129
f 3098/3098 3129/3129 3099/3099
f 3099/3099 3129/3129 3130/3130
f 3099/3099 3130/3130 3100/3100
f 3100/3100 3130/3130 3131/3131
f 3100/3100 3131/3131 3101/3101
f 3101/3101 3131/3131 3132/3132
f 3101/3101 3132/3132 3102/3102
f 3102/3102 3132/3132 3133/3133
f 3102/3102 3133/3133 3103/3103
f 3103/3103 3133/3133 3134/3134
f 3103/3103 3134/3134 3104/3104
f 3104/3104 3134/3134 3135/3135
f 3104/3104 3135/3135 3105/3105
f 3105/3105 3135/3135 3136/3136
f 3105/3105 3136/3136 3106/3106
f 3106/3106 3136/3136 3137/3137
f 3106/3106 3137/3137 3107/3107
f 3107/3107 3137/3137 3138/3138
f 3107/3107 3138/3138 3108/3108
f 3108/3108 3138/3138 3139/3139
f 3108/3108 3139/3139 3109/3109
f 3109/3109 3139/3139 3140/3140
f 3109/3109 3140/3140 3110/3110
f 3110/3110 3140/3140 3141/3141
f 3110/3110 3141/3141 3111/3111
f 3111/3111 3141/3141 3142/3142
f 3111/3111 3142/3142 3112/3112
f 3112/3112 3142/3142 3143/3143
f 3112/3112 3143/3143 3113/3113
f 3113/3113 3143/3143 3144/3144
f 3113/3113 3144/3144 3114/3114
f 3114/3114 3144/3144 3145/3145
f 3114/3114 3145/3145 3115/3115
f 3115/3115 3145/3145 3146/3146
f 3115/3115 3146/3146 3116/3116
f 3116/3116 3146/3146 3147/3147
f 3116/3116 3147/3147 3117/3117
f 3117/3117 3147/3147 3148/3148
f 3117/3117 3148/3148 3118/3118
f 3118/3118 3148/3148 3149/3149
f 3118/3118 3149/3149 3119/3119
f 3119/3119 3149/3149 3150/3150
f 3119/3119 3150/3150 3120/3120
f 3120/3120 3150/3150 3121/3121
f 3120/3120 3121/3121 3091/3091
f 3121/3121 3151/3151 3152/3152
f 3121/3121 3152/3152 3122/3122
f 3122/3122 3152/3152 3153/3153
f 3122/3122 3153/3153 3123/3123
f 3123/3123 3153/3153 3154/3154
f 3123/3123 3154/3154 3124/3124
f 3124/3124 3154/3154 3155/3155
f 3124/3124 3155/3155 3125/3125
f 3125/3125 3155/3155 3156/3156
f 3125/3125 3156/3156 3126/3126
f 3126/3126 3156/3156 3157/3157
f 3126/3126 3157/3157 3127/3127
f 3127/3127 3157/3157 3158/3158
f 3127/3127 3158/3158 3128/3128
f 3128/3128 3158/3158 3159/3159
f 3128/3128 3159/3159 3129/3129
f 3129/3129 3159/3159 3160/3160
f 3129/3129 3160/3160 3130/3130
f 3130/3130 3160/3160 3161/3161
f 3130/3130 3161/3161 3131/3131
f 3131/3131 3161/3161 3162/3162
f 3131/3131 3162/3162 3132/3132
f 3132/3132 3162/3162 3163/3163
f 3132/3132 3163/3163 3133/3133
f 3133/3133 3163/3163 3164/3164
f 3133/3133 3164/3164 3134/3134
f 3134/3134 3164/3164 3165/3165
f 3134/3134 3165/3165 3135/3135
f 3135/3135 3165/3165 3166/3166
f 3135/3135 3166/3166 3136/3136
f 3136/3136 3166/3166 3167/3167
f 3136/3136 3167/3167 3137/3137
f 3137/3137 3167/3167 3168/3168
f 3137/3137 3168/3168 3138/3138
f 3138/3138 3168/3168 3169/3169
f 3138/3138 3169/3169 3139/3139
f 3139/3139 3169/3169 3170/3170
f 3139/3139 3170/3170 3140/3140
f 3140/3140 3170/3170 3171/3171
f 3140/3140 3171/3171 3141/3141
f 3141/3141 3171/3171 3172/3172
f 3141/3141 3172/3172 3142/3142
f 3142/3142 3172/3172 3173/3173
f 3142/3142 3173/3173 3143/3143
f 3143/3143 3173/3173 3174/3174
f 3143/3143 3174/3174 3144/3144
f 3144/3144 3174/3174 3175/3175
f 3144/3144 3175/3175 3145/3145
f 3145/3145 3175/3175 3176/3176
f 3145/3145 3176/3176 3146/3146
f 3146/3146 3176/3176 3177/3177
f 3146/3146 3177/3177 3147/3147
f 3147/3147 3177/3177 3178/3178
f 3147/3147 3178/3178 3148/3148
f 3148/3148 3178/3178 3179/3179
f 3148/3148 3179/3179 3149/3149
f 3149/3149 3179/3179 3180/3180
f 3149/3149 3180/3180 3150/3150
f 3150/3150 3180/3180 3151/3151
f 3150/3150 3151/3151 3121/3121
f 3151/3151 3181/3181 3182/3182
f 3151/3151 3182/3182 3152/3152
f 3152/3152 3182/3182 3183/3183
f 3152/3152 3183/3183 3153/3153
f 3153/3153 3183/3183 3184/3184
f 3153/3153 3184/3184 3154/3154
f 3154/3154 3184/3184 3185/3185
f 3154/3154 3185/3185 3155/3155
f 3155/3155 3185/3185 3186/3186
f 3155/3155 3186/3186 3156/3156
f 3156/3156 3186/3186 3187/3187
f 3156/3156 3187/3187 3157/3157
f 3157/3157 3187/3187 3188/3188
f 3157/3157 3188/3188 3158/3158
f 3158/3158 3188/3188 3189/3189
f 3158/3158 3189/3189 3159/3159
f 3159/3159 3189/3189 3190/3190
f 3159/3159 3190/3190 3160/3160
f 3160/3160 3190/3190 3191/3191
f 3160/3160 3191/3191 3161/3161
f 3161/3161 3191/3191 3192/3192
f 3161/3161 3192/3192 3162/3162
f 3162/3162 3192/3192 3193/3193
f 3162/3162 3193/3193 3163/3163
f 3163/3163 3193/3193 3194/3194
f 3163/3163 3194/3194 3164/3164
f 3164/3164 3194/3194 3195/3195
f 3164/3164 3195/3195 3165/3165
f 3165/3165 3195/3195 3196/3196
f 3165/3165 3196/3196 3166/3166
f 3166/3166 3196/3196 3197/3197
f 3166/3166 3197/3197 3167/3167
f 3167/3167 3197/3197 3198/3198
f 3167/3167 3198/3198 3168/3168
f 3168/3168 3198/3198 3199/3199
f 3168/3168 3199/3199 3169/3169
f 3169/3169 3199/3199 3200/3200
f 3169/3169 3200/3200 3170/3170
f 3170/3170 3200/3200 3201/3201
f 3170/3170 3201/3201 3171/3171
f 3171/3171 3201/3201 3202/3202
f 3171/3171 3202/3202 3172/3172
f 3172/3172 3202/3202 3203/3203
f 3172/3172 3203/3203 3173/3173
f 3173/3173 3203/3203 3204/3204
f 3173/3173 3204/3204 3174/3174
f 3174/3174 3204/3204 3205/3205
f 3174/3174 3205/3205 3175/3175
f 3175/3175 3205/3205 3206/3206
f 3175/3175 3206/3206 3176/3176
f 3176/3176 3206/3206 3207/3207
f 3176/3176 3207/3207 3177/3177
f 3177/3177 3207/3207 3208/3208
f 3177/3177 3208/3208 3178/3178
f 3178/3178 3208/3208 3209/3209
f 3178/3178 3209/3209 3179/3179
f 3179/3179 3209/3209 3210/3210
f 3179/3179 3210/3210 3180/3180
f 3180/3180 3210/3210 3181/3181
f 3180/3180 3181/3181 3151/3151
f 3181/3181 3211/3211 3212/3212
f 3181/3181 3212/3212 3182/3182
f 3182/3182 3212/3212 3213/3213
f 3182/3182 3213/3213 3183/3183
f 3183/3183 3213/3213 3214/3214
f 3183/3183 3214/3214 3184/3184
f 3184/3184 3214/3214 3215/3215
f 3184/3184 3215/3215 3185/3185
f 3185/3185 3215/3215 3216/3216
f 3185/3185 3216/3216 3186/3186
f 3186/3186 3216/3216 3217/3217
f 3186/3186 3217/3217 3187/3187
f 3187/3187 3217/3217 3218/3218
f 3187/3187 3218/3218 3188/3188
f 3188/3188 3218/3218 3219/3219
f 3188/3188 3219/3219 3189/3189
f 3189/3189 3219/3219 3220/3220
f 3189/3189 3220/3220 3190/3190
f 3190/3190 3220/3220 3221/3221
f 3190/3190 3221/3221 3191/3191
f 3191/3191 3221/3221 3222/3222
f 3191/3191 3222/3222 3192/3192
f 3192/3192 3222/3222 3223/3223
f 3192/3192 3223/3223 3193/3193
f 3193/3193 3223/3223 3224/3224
f 3193/3193 3224/3224 3194/3194
f 3194/3194 3224/3224 3225/3225
f 3194/3194 3225/3225 3195/3195
f 3195/3195 3225/3225 3226/3226
f 3195/3195 3226/3226 3196/3196
f 3196/3196 3226/3226 3227/3227
f 3196/3196 3227/3227 3197/3197
f 3197/3197 3227/3227 3228/3228
f 3197/3197 3228/3228 3198/3198
f 3198/3198 3228/3228 3229/3229
f 3198/3198 3229/3229 3199/3199
f 3199/3199 3229/3229 3230/3230
f 3199/3199 3230/3230 3200/3200
f 3200/3200 3230/3230 3231/3231
f 3200/3200 3231/3231 3201/3201
f 3201/3201 3231/3231 3232/3232
f 3201/3201 3232/3232 3202/3202
f 3202/3202 3232/3232 3233/3233
f 3202/3202 3233/3233 3203/3203
f 3203/3203 3233/3233 3234/3234
f 3203/3203 3234/3234 3204/3204
f 3204/3204 3234/3234 3235/3235
f 3204/3204 3235/3235 3205/3205
f 3205/3205 3235/3235 3236/3236
f 3205/3205 3236/3236 3206/3206
f 3206/3206 3236/3236 3237/3237
f 3206/3206 3237/3237 3207/3207
f 3207/3207 3237/3237 3238/3238
f 3207/3207 3238/3238 3208/3208
f 3208/3208 3238/3238 3239/3239
f 3208/3208 3239/3239 3209/3209
f 3209/3209 3239/3239 3240/3240
f 3209/3209 3240/3240 3210/3210
f 3210/3210 3240/3240 3211/3211
f 3210/3210 3211/3211 3181/3181
f 3211/3211 3241/3241 3242/3242
f 3211/3211 3242/3242 3212/3212
f 3212/3212 3242/3242 3243/3243
f 3212/3212 3243/3243 3213/3213
f 3213/3213 3243/3243 3244/3244
f 3213/3213 3244/3244 3214/3214
f 3214/3214 3244/3244 3245/3245
f 3214/3214 3245/3245 3215/3215
f 3215/3215 3245/3245 3246/3246
f 3215/3215 3246/3246 3216/3216
f 3216/3216 3246/3246 3247/3247
f 3216/3216 3247/3247 3217/3217
f 3217/3217 3247/3247 3248/3248
f 3217/3217 3248/3248 3218/3218
f 3218/3218 3248/3248 3249/3249
f 3218/3218 3249/3249 3219/3219
f 3219/3219 3249/3249 3250/3250
f 3219/3219 3250/3250 3220/3220
f 3220/3220 3250/3250 3251/3251
f 3220/3220 3251/3251 3221/3221
f 3221/3221 3251/3251 3252/3252
f 3221/3221 3252/3252 3222/3222
f 3222/3222 3252/3252 3253/3253
f 3222/3222 3253/3253 3223/3223
f 3223/3223 3253/3253 3254/3254
f 3223/3223 3254/3254 3224/3224
f 3224/3224 3254/3254 3255/3255
f 3224/3224 3255/3255 3225/3225
f 3225/3225 3255/3255 3256/3256
f 3225/3225 3256/3256 3226/3226
f 3226/3226 3256/3256 3257/3257
f 3226/3226 3257/3257 3227/3227
f 3227/3227 3257/3257 3258/3258
f 3227/3227 3258/3258 3228/3228
f 3228/3228 3258/3258 3259/3259
f 3228/3228 3259/3259 3229/3229
f 3229/3229 3259/3259 3260/3260
f 3229/3229 3260/3260 3230/3230
f 3230/3230 3260/3260 3261/3261
f 3230/3230 3261/3261 3231/3231
f 3231/3231 3261/3261 3262/3262
f 3231/3231 3262/3262 3232/3232
f 3232/3232 3262/3262 3263/3263
f 3232/3232 3263/3263 3233/3233
f 3233/3233 3263/3263 3264/3264
f 3233/3233 3264/3264 3234/3234
f 3234/3234 3264/3264 3265/3265
f 3234/3234 3265/3265 3235/3235
f 3235/3235 3265/3265 3266/3266
f 3235/3235 3266/3266 3236/3236
f 3236/3236 3266/3266 3267/3267
f 3236/3236 3267/3267 3237/3237
f 3237/3237 3267/3267 3268/3268
f 3237/3237 3268/3268 3238/3238
f 3238/3238 3268/3268 3269/3269
f 3238/3238 3269/3269 3239/3239
f 3239/3239 3269/3269 3270/3270
f 3239/3239 3270/3270 3240/3240
f 3240/3240 3270/3270 3241/3241
f 3240/3240 3241/3241 3211/3211
f 3241/3241 3271/3271 3272/3272
f 3241/3241 3272/3272 3242/3242
f 3242/3242 3272/3272 3273/3273
f 3242/3242 3273/3273 3243/3243
f 3243/3243 3273/3273 3274/3274
f 3243/3243 3274/3274 3244/3244
f 3244/3244 3274/3274 3275/3275
f 3244/3244 3275/3275 3245/3245
f 3245/3245 3275/3275 3276/3276
f 3245/3245 3276/3276 3246/3246
f 3246/3246 3276/3276 3277/3277
f 3246/3246 3277/3277 3247/3247
f 3247/3247 3277/3277 3278/3278
f 3247/3247 3278/3278 3248/3248
f 3248/3248 3278/3278 3279/3279
f 3248/3248 3279/3279 3249/3249
f 3249/3249 3279/3279 3280/3280
f 3249/3249 3280/3280 3250/3250
f 3250/3250 3280/3280 3281/3281
f 3250/3250 3281/3281 3251/3251
f 3251/3251 3281/3281 3282/3282
f 3251/3251 3282/3282 3252/3252
f 3252/3252 3282/3282 3283/3283
f 3252/3252 3283/3283 3253/3253
f 3253/3253 3283/3283 3284/3284
f 3253/3253 3284/3284 3254/3254
f 3254/3254 3284/3284 3285/3285
f 3254/3254 3285/3285 3255/3255
f 3255/3255 3285/3285 3286/3286
f 3255/3255 3286/3286 3256/3256
f 3256/3256 3286/3286 3287/3287
f 3256/3256 3287/3287 3257/3257
f 3257/3257 3287/3287 3288/3288
f 3257/3257 3288/3288 3258/3258
f 3258/3258 3288/3288 3289/3289
f 3258/3258 3289/3289 3259/3259
f 3259/3259 3289/3289 3290/3290
f 3259/3259 3290/3290 3260/3260
f 3260/3260 3290/3290 3291/3291
f 3260/3260 3291/3291 3261/3261
f 3261/3261 3291/3291 3292/3292
f 3261/3261 3292/3292 3262/3262
f 3262/3262 3292/3292 3293/3293
f 3262/3262 3293/3293 3263/3263
f 3263/3263 3293/3293 3294/3294
f 3263/3263 3294/3294 3264/3264
f 3264/3264 3294/3294 3295/3295
f 3264/3264 3295/3295 3265/3265
f 3265/3265 3295/3295 3296/3296
f 3265/3265 3296/3296 3266/3266
f 3266/3266 3296/3296 3297/3297
f 3266/3266 3297/3297 3267/3267
f 3267/3267 3297/3297 3298/3298
f 3267/3267 3298/3298 3268/3268
f 3268/3268 3298/3298 3299/3299
f 3268/3268 3299/3299 3269/3269
f 3269/3269 3299/3299 3300/3300
f 3269/3269 3300/3300 3270/3270
f 3270/3270 3300/3300 3271/3271
f 3270/3270 3271/3271 3241/3241
f 3271/3271 3301/3301 3302/3302
f 3271/3271 3302/3302 3272/3272
f 3272/3272 3302/3302 3303/3303
f 3272/3272 3303/3303 3273/3273
f 3273/3273 3303/3303 3304/3304
f 3273/3273 3304/3304 3274/3274
f 3274/3274 3304/3304 3305/3305
f 3274/3274 3305/3305 3275/3275
f 3275/3275 3305/3305 3306/3306
f 3275/3275 3306/3306 3276/3276
f 3276/3276 3306/3306 3307/3307
f 3276/3276 3307/3307 3277/3277
f 3277/3277 3307/3307 3308/3308
f 3277/3277 3308/3308 3278/3278
f 3278/3278 3308/3308 3309/3309
f 3278/3278 3309/3309 3279/3279
f 3279/3279 3309/3309 3310/3310
f 3279/3279 3310/3310 3280/3280
f 3280/3280 3310/3310 3311/3311
f 3280/3280 3311/3311 3281/3281
f 3281/3281 3311/3311 3312/3312
f 3281/3281 3312/3312 3282/3282
f 3282/3282 3312/3312 3313/3313
f 3282/3282 3313/3313 3283/3283
f 3283/3283 3313/3313 3314/3314
f 3283/3283 3314/3314 3284/3284
f 3284/3284 3314/3314 3315/3315
f 3284/3284 3315/3315 3285/3285
f 3285/3285 3315/3315 3316/3316
f 3285/3285 3316/3316 3286/3286
f 3286/3286 3316/3316 3317/3317
f 3286/3286 3317/3317 3287/3287
f 3287/3287 3317/3317 3318/3318
f 3287/3287 3318/3318 3288/3288
f 3288/3288 3318/3318 3319/3319
f 3288/3288 3319/3319 3289/3289
f 3289/3289 3319/3319 3320/3320
f 3289/3289 3320/3320 3290/3290
f 3290/3290 3320/3320 3321/3321
f 3290/3290 3321/3321 3291/3291
f 3291/3291 3321/3321 3322/3322
f 3291/3291 3322/3322 3292/3292
f 3292/3292 3322/3322 3323/3323
f 3292/3292 3323/3323 3293/3293
f 3293/3293 3323/3323 3324/3324
f 3293/3293 3324/3324 3294/3294
f 3294/3294 3324/3324 3325/3325
f 3294/3294 3325/3325 3295/3295
f 3295/3295 3325/3325 3326/3326
f 3295/3295 3326/3326 3296/3296
f 3296/3296 3326/3326 3327/3327
f 3296/3296 3327/3327 3297/3297
f 3297/3297 3327/3327 3328/3328
f 3297/3297 3328/3328 3298/3298
f 3298/3298 3328/3328 3329/3329
f 3298/3298 3329/3329 3299/3299
f 3299/3299 3329/3329 3330/3330
f 3299/3299 3330/3330 3300/3300
f 3300/3300 3330/3330 3301/3301
f 3300/3300 3301/3301 3271/3271
f 3301/3301 3331/3331 3332/3332
f 3301/3301 3332/3332 3302/3302
f 3302/3302 3332/3332 3333/3333
f 3302/3302 3333/3333 3303/3303
f 3303/3303 3333/3333 3334/3334
f 3303/3303 3334/3334 3304/3304
f 3304/3304 3334/3334 3335/3335
f 3304/3304 3335/3335 3305/3305
f 3305/3305 3335/3335 3336/3336
f 3305/3305 3336/3336 3306/3306
f 3306/3306 3336/3336 3337/3337
f 3306/3306 3337/3337 3307/3307
f 3307/3307 3337/3337 3338/3338
f 3307/3307 3338/3338 3308/3308
f 3308/3308 3338/3338 3339/3339
f 3308/3308 3339/3339 3309/3309
f 3309/3309 3339/3339 3340/3340
f 3309/3309 3340/3340 3310/3310
f 3310/3310 3340/3340 3341/3341
f 3310/3310 3341/3341 3311/3311
f 3311/3311 3341/3341 3342/3342
f 3311/3311 3342/3342 3312/3312
f 3312/3312 3342/3342 3343/3343
f 3312/3312 3343/3343 3313/3313
f 3313/3313 3343/3343 3344/3344
f 3313/3313 3344/3344 3314/3314
f 3314/3314 3344/3344 3345/3345
f 3314/3314 3345/3345 3315/3315
f 3315/3315 3345/3345 3346/3346
f 3315/3315 3346/3346 3316/3316
f 3316/3316 3346/3346 3347/3347
f 3316/3316 3347/3347 3317/3317
f 3317/3317 3347/3347 3348/3348
f 3317/3317 3348/3348 3318/3318
f 3318/3318 3348/3348 3349/3349
f 3318/3318 3349/3349 3319/3319
f 3319/3319 3349/3349 3350/3350
f 3319/3319 3350/3350 3320/3320
f 3320/3320 3350/3350 3351/3351
f 3320/3320 3351/3351 3321/3321
f 3321/3321 3351/3351 3352/3352
f 3321/3321 3352/3352 3322/3322
f 3322/3322 3352/3352 3353/3353
f 3322/3322 3353/3353 3323/3323
f 3323/3323 3353/3353 3354/3354
f 3323/3323 3354/3354 3324/3324
f 3324/3324 3354/3354 3355/3355
f 3324/3324 3355/3355 3325/3325
f 3325/3325 3355/3355 3356/3356
f 3325/3325 3356/3356 3326/3326
f 3326/3326 3356/3356 3357/3357
f 3326/3326 3357/3357 3327/3327
f 3327/3327 3357/3357 3358/3358
f 3327/3327 3358/3358 3328/3328
f 3328/3328 3358/3358 3359/3359
f 3328/3328 3359/3359 3329/3329
f 3329/3329 3359/3359 3360/3360
f 3329/3329 3360/3360 3330/3330
f 3330/3330 3360/3360 3331/3331
f 3330/3330 3331/3331 3301/3301
f 2941/2941 2942/2942 2943/2943
f 2941/2941 2943/2943 2944/2944
f 2941/2941 2944/2944 2945/2945
f 2941/2941 2945/2945 2946/2946
f 2941/2941 2946/2946 2947/2947
f 2941/2941 2947/2947 2948/2948
f 2941/2941 2948/2948 2949/2949
f 2941/2941 2949/2949 2950/2950
f 2941/2941 2950/2950 2951/2951
f 2941/2941 2951/2951 2952/2952
f 2941/2941 2952/2952 2953/2953
f 2941/2941 2953/2953 2954/2954
f 2941/2941 2954/2954 2955/2955
f 2941/2941 2955/2955 2956/2956
f 2941/2941 2956/2956 2957/2957
f 2941/2941 2957/2957 2958/2958
f 2941/2941 2958/2958 2959/2959
f 2941/2941 2959/2959 2960/2960
f 2941/2941 2960/2960 2961/2961
f 2941/2941 2961/2961 2962/2962
f 2941/2941 2962/2962 2963/2963
f 2941/2941 2963/2963 2964/2964
f 2941/2941 2964/2964 2965/2965
f 2941/2941 2965/2965 2966/2966
f 2941/2941 2966/2966 2967/2967
f 2941/2941 2967/2967 2968/2968
f 2941/2941 2968/2968 2969/2969
f 2941/2941 2969/2969 2970/2970
f 3360/3360 3359/3359 3358/3358
f 3360/3360 3358/3358 3357/3357
f 3360/3360 3357/3357 3356/3356
f 3360/3360 3356/3356 3355/3355
f 3360/3360 3355/3355 3354/3354
f 3360/3360 3354/3354 3353/3353
f 3360/3360 3353/3353 3352/3352
f 3360/3360 3352/3352 3351/3351
f 3360/3360 3351/3351 3350/3350
f 3360/3360 3350/3350 3349/3349
f 3360/3360 3349/3349 3348/3348
f 3360/3360 3348/3348 3347/3347
f 3360/3360 3347/3347 3346/3346
f 3360/3360 3346/3346 3345/3345
f 3360/3360 3345/3345 3344/3344
f 3360/3360 3344/3344 3343/3343
f 3360/3360 3343/3343 3342/3342
f 3360/3360 3342/3342 3341/3341
f 3360/3360 3341/3341 3340/3340
f 3360/3360 3340/3340 3339/3339
f 3360/3360 3339/3339 3338/3338
f 3360/3360 3338/3338 3337/3337
f 3360/3360 3337/3337 3336/3336
f 3360/3360 3336/3336 3335/3335
f 3360/3360 3335/3335 3334/3334
f 3360/3360 3334/3334 3333/3333
f 3360/3360 3333/3333 3332/3332
f 3360/3360 3332/3332 3331/3331
f 3361/3361 3391/3391 3392/3392
f 3361/3361 3392/3392 3362/3362
f 3362/3362 3392/3392 3393/3393
f 3362/3362 3393/3393 3363/3363
f 3363/3363 3393/3393 3394/3394
f 3363/3363 3394/3394 3364/3364
f 3364/3364 3394/3394 3395/3395
f 3364/3364 3395/3395 3365/3365
f 3365/3365 3395/3395 3396/3396
f 3365/3365 3396/3396 3366/3366
f 3366/3366 3396/3396 3397/3397
f 3366/3366 3397/3397 3367/3367
f 3367/3367 3397/3397 3398/3398
f 3367/3367 3398/3398 3368/3368
f 3368/3368 3398/3398 3399/3399
f 3368/3368 3399/3399 3369/3369
f 3369/3369 3399/3399 3400/3400
f 3369/3369 3400/3400 3370/3370
f 3370/3370 3400/3400 3401/3401
f 3370/3370 3401/3401 3371/3371
f 3371/3371 3401/3401 3402/3402
f 3371/3371 3402/3402 3372/3372
f 3372/3372 3402/3402 3403/3403
f 3372/3372 3403/3403 3373/3373
f 3373/3373 3403/3403 3404/3404
f 3373/3373 3404/3404 3374/3374
f 3374/3374 3404/3404 3405/3405
f 3374/3374 3405/3405 3375/3375
f 3375/3375 3405/3405 3406/3406
f 3375/3375 3406/3406 3376/3376
f 3376/3376 3406/3406 3407/3407
f 3376/3376 3407/3407 3377/3377
f 3377/3377 3407/3407 3408/3408
f 3377/3377 3408/3408 3378/3378
f 3378/3378 3408/3408 3409/3409
f 3378/3378 3409/3409 3379/3379
f 3379/3379 3409/3409 3410/3410
f 3379/3379 3410/3410 3380/3380
f 3380/3380 3410/3410 3411/3411
f 3380/3380 3411/3411 3381/3381
f 3381/3381 3411/3411 3412/3412
f 3381/3381 3412/3412 3382/3382
f 3382/3382 3412/3412 3413/3413
f 3382/3382 3413/3413 3383/3383
f 3383/3383 3413/3413 3414/3414
f 3383/3383 3414/3414 3384/3384
f 3384/3384 3414/3414 3415/3415
f 3384/3384 3415/3415 3385/3385
f 3385/3385 3415/3415 3416/3416
f 3385/3385 3416/3416 3386/3386
f 3386/3386 3416/3416 3417/3417
f 3386/3386 3417/3417 3387/3387
f 3387/3387 3417/3417 3418/3418
f 3387/3387 3418/3418 3388/3388
f 3388/3388 3418/3418 3419/3419
f 3388/3388 3419/3419 3389/3389
f 3389/3389 3419/3419 3420/3420
f 3389/3389 3420/3420 3390/3390
f 3390/3390 3420/3420 3391/3391
f 3390/3390 3391/3391 3361/3361
f 3391/3391 3421/3421 3422/3422
f 3391/3391 3422/3422 3392/3392
f 3392/3392 3422/3422 3423/3423
f 3392/3392 3423/3423 3393/3393
f 3393/3393 3423/3423 3424/3424
f 3393/3393 3424/3424 3394/3394
f 3394/3394 3424/3424 3425/3425
f 3394/3394 3425/3425 3395/3395
f 3395/3395 3425/3425 3426/3426
f 3395/3395 3426/3426 3396/3396
f 3396/3396 3426/3426 3427/3427
f 3396/3396 3427/3427 3397/3397
f 3397/3397 3427/3427 3428/3428
f 3397/3397 3428/3428 3398/3398
f 3398/3398 3428/3428 3429/3429
f 3398/3398 3429/3429 3399/3399
f 3399/3399 3429/3429 3430/3430
f 3399/3399 3430/3430 3400/3400
f 3400/3400 3430/3430 3431/3431
f 3400/3400 3431/3431 3401/3401
f 3401/3401 3431/3431 3432/3432
f 3401/3401 3432/3432 3402/3402
f 3402/3402 3432/3432 3433/3433
f 3402/3402 3433/3433 3403/3403
f 3403/3403 3433/3433 3434/3434
f 3403/3403 3434/3434 3404/3404
f 3404/3404 3434/3434 3435/3435
f 3404/3404 3435/3435 3405/3405
f 3405/3405 3435/3435 3436/3436
f 3405/3405 3436/3436 3406/3406
f 3406/3406 3436/3436 3437/3437
f 3406/3406 3437/3437 3407/3407
f 3407/3407 3437/3437 3438/3438
f 3407/3407 3438/3438 3408/3408
f 3408/3408 3438/3438 3439/3439
f 3408/3408 3439/3439 3409/3409
f 3409/3409 3439/3439 3440/3440
f 3409/3409 3440/3440 3410/3410
f 3410/3410 3440/3440 3441/3441
f 3410/3410 3441/3441 3411/3411
f 3411/3411 3441/3441 3442/3442
f 3411/3411 3442/3442 3412/3412
f 3412/3412 3442/3442 3443/3443
f 3412/3412 3443/3443 3413/3413
f 3413/3413 3443/3443 3444/3444
f 3413/3413 3444/3444 3414/3414
f 3414/3414 3444/3444 3445/3445
f 3414/3414 3445/3445 3415/3415
f 3415/3415 3445/3445 3446/3446
f 3415/3415 3446/3446 3416/3416
f 3416/3416 3446/3446 3447/3447
f 3416/3416 3447/3447 3417/3417
f 3417/3417 3447/3447 3448/3448
f 3417/3417 3448/3448 3418/3418
f 3418/3418 3448/3448 3449/3449
f 3418/3418 3449/3449 3419/3419
f 3419/3419 3449/3449 3450/3450
f 3419/3419 3450/3450 3420/3420
f 3420/3420 3450/3450 3421/3421
f 3420/3420 3421/3421 3391/3391
f 3421/3421 3451/3451 3452/3452
f 3421/3421 3452/3452 3422/3422
f 3422/3422 3452/3452 3453/3453
f 3422/3422 3453/3453 3423/3423
f 3423/3423 3453/3453 3454/3454
f 3423/3423 3454/3454 3424/3424
f 3424/3424 3454/3454 3455/3455
f 3424/3424 3455/3455 3425/3425
f 3425/3425 3455/3455 3456/3456
f 3425/3425 3456/3456 3426/3426
f 3426/3426 3456/3456 3457/3457
f 3426/3426 3457/3457 3427/3427
f 3427/3427 3457/3457 3458/3458
f 3427/3427 3458/3458 3428/3428
f 3428/3428 3458/3458 3459/3459
f 3428/3428 3459/3459 3429/3429
f 3429/3429 3459/3459 3460/3460
f 3429/3429 3460/3460 3430/3430
f 3430/3430 3460/3460 3461/3461
f 3430/3430 3461/3461 3431/3431
f 3431/3431 3461/3461 3462/3462
f 3431/3431 3462/3462 3432/3432
f 3432/3432 3462/3462 3463/3463
f 3432/3432 3463/3463 3433/3433
f 3433/3433 3463/3463 3464/3464
f 3433/3433 3464/3464 3434/3434
f 3434/3434 3464/3464 3465/3465
f 3434/3434 3465/3465 3435/3435
f 3435/3435 3465/3465 3466/3466
f 3435/3435 3466/3466 3436/3436
f 3436/3436 3466/3466 3467/3467
f 3436/3436 3467/3467 3437/3437
f 3437/3437 3467/3467 3468/3468
f 3437/3437 3468/3468 3438/3438
f 3438/3438 3468/3468 3469/3469
f 3438/3438 3469/3469 3439/3439
f 3439/3439 3469/3469 3470/3470
f 3439/3439 3470/3470 3440/3440
f 3440/3440 3470/3470 3471/3471
f 3440/3440 3471/3471 3441/3441
f 3441/3441 3471/3471 3472/3472
f 3441/3441 3472/3472 3442/3442
f 3442/3442 3472/3472 3473/3473
f 3442/3442 3473/3473 3443/3443
f 3443/3443 3473/3473 3474/3474
f 3443/3443 3474/3474 3444/3444
f 3444/3444 3474/3474 3475/3475
f 3444/3444 3475/3475 3445/3445
f 3445/3445 3475/3475 3476/3476
f 3445/3445 3476/3476 3446/3446
f 3446/3446 3476/3476 3477/3477
f 3446/3446 3477/3477 3447/3447
f 3447/3447 3477/3477 3478/3478
f 3447/3447 3478/3478 3448/3448
f 3448/3448 3478/3478 3479/3479
f 3448/3448 3479/3479 3449/3449
f 3449/3449 3479/3479 3480/3480
f 3449/3449 3480/3480 3450/3450
f 3450/3450 3480/3480 3451/3451
f 3450/3450 3451/3451 3421/3421
f 3451/3451 3481/3481 3482/3482
f 3451/3451 3482/3482 3452/3452
f 3452/3452 3482/3482 3483/3483
f 3452/3452 3483/3483 3453/3453
f 3453/3453 3483/3483 3484/3484
f 3453/3453 3484/3484 3454/3454
f 3454/3454 3484/3484 3485/3485
f 3454/3454 3485/3485 3455/3455
f 3455/3455 3485/3485 3486/3486
f 3455/3455 3486/3486 3456/3456
f 3456/3456 3486/3486 3487/3487
f 3456/3456 3487/3487 3457/3457
f 3457/3457 3487/3487 3488/3488
f 3457/3457 3488/3488 3458/3458
f 3458/3458 3488/3488 3489/3489
f 3458/3458 3489/3489 3459/3459
f 3459/3459 3489/3489 3490/3490
f 3459/3459 3490/3490 3460/3460
f 3460/3460 3490/3490 3491/3491
f 3460/3460 3491/3491 3461/3461
f 3461/3461 3491/3491 3492/3492
f 3461/3461 3492/3492 3462/3462
f 3462/3462 3492/3492 3493/3493
f 3462/3462 3493/3493 3463/3463
f 3463/3463 3493/3493 3494/3494
f 3463/3463 3494/3494 3464/3464
f 3464/3464 3494/3494 3495/3495
f 3464/3464 3495/3495 3465/3465
f 3465/3465 3495/3495 3496/3496
f 3465/3465 3496/3496 3466/3466
f 3466/3466 3496/3496 3497/3497
f 3466/3466 3497/3497 3467/3467
f 3467/3467 3497/3497 3498/3498
f 3467/3467 3498/3498 3468/3468
f 3468/3468 3498/3498 3499/3499
f 3468/3468 3499/3499 3469/3469
f 3469/3469 3499/3499 3500/3500
f 3469/3469 3500/3500 3470/3470
f 3470/3470 3500/3500 3501/3501
f 3470/3470 3501/3501 3471/3471
f 3471/3471 3501/3501 3502/3502
f 3471/3471 3502/3502 3472/3472
f 3472/3472 3502/3502 3503/3503
f 3472/3472 3503/3503 3473/3473
f 3473/3473 3503/3503 3504/3504
f 3473/3473 3504/3504 3474/3474
f 3474/3474 3504/3504 3505/3505
f 3474/3474 3505/3505 3475/3475
f 3475/3475 3505/3505 3506/3506
f 3475/3475 3506/3506 3476/3476
f 3476/3476 3506/3506 3507/3507
f 3476/3476 3507/3507 3477/3477
f 3477/3477 3507/3507 3508/3508
f 3477/3477 3508/3508 3478/3478
f 3478/3478 3508/3508 3509/3509
f 3478/3478 3509/3509 3479/3479
f 3479/3479 3509/3509 3510/3510
f 3479/3479 3510/3510 3480/3480
f 3480/3480 3510/3510 3481/3481
f 3480/3480 3481/3481 3451/3451
f 3481/3481 3511/3511 3512/3512
f 3481/3481 3512/3512 3482/3482
f 3482/3482 3512/3512 3513/3513
f 3482/3482 3513/3513 3483/3483
f 3483/3483 3513/3513 3514/3514
f 3483/3483 3514/3514 3484/3484
f 3484/3484 3514/3514 3515/3515
f 3484/3484 3515/3515 3485/3485
f 3485/3485 3515/3515 3516/3516
f 3485/3485 3516/3516 3486/3486
f 3486/3486 3516/3516 3517/3517
f 3486/3486 3517/3517 3487/3487
f 3487/3487 3517/3517 3518/3518
f 3487/3487 3518/3518 3488/3488
f 3488/3488 3518/3518 3519/3519
f 3488/3488 3519/3519 3489/3489
f 3489/3489 3519/3519 3520/3520
f 3489/3489 3520/3520 3490/3490
f 3490/3490 3520/3520 3521/3521
f 3490/3490 3521/3521 3491/3491
f 3491/3491 3521/3521 3522/3522
f 3491/3491 3522/3522 3492/3492
f 3492/3492 3522/3522 3523/3523
f 3492/3492 3523/3523 3493/3493
f 3493/3493 3523/3523 3524/3524
f 3493/3493 3524/3524 3494/3494
f 3494/3494 3524/3524 3525/3525
f 3494/3494 3525/3525 3495/3495
f 3495/3495 3525/3525 3526/3526
f 3495/3495 3526/3526 3496/3496
f 3496/3496 3526/3526 3527/3527
f 3496/3496 3527/3527 3497/3497
f 3497/3497 3527/3527 3528/3528
f 3497/3497 3528/3528 3498/3498
f 3498/3498 3528/3528 3529/3529
f 3498/3498 3529/3529 3499/3499
f 3499/3499 3529/3529 3530/3530
f 3499/3499 3530/3530 3500/3500
f 3500/3500 3530/3530 3531/3531
f 3500/3500 3531/3531 3501/3501
f 3501/3501 3531/3531 3532/3532
f 3501/3501 3532/3532 3502/3502
f 3502/3502 3532/3532 3533/3533
f 3502/3502 3533/3533 3503/3503
f 3503/3503 3533/3533 3534/3534
f 3503/3503 3534/3534 3504/3504
f 3504/3504 3534/3534 3535/3535
f 3504/3504 3535/3535 3505/3505
f 3505/3505 3535/3535 3536/3536
f 3505/3505 3536/3536 3506/3506
f 3506/3506 3536/3536 3537/3537
f 3506/3506 3537/3537 3507/3507
f 3507/3507 3537/3537 3538/3538
f 3507/3507 3538/3538 3508/3508
f 3508/3508 3538/3538 3539/3539
f 3508/3508 3539/3539 3509/3509
f 3509/3509 3539/3539 3540/3540
f 3509/3509 3540/3540 3510/3510
f 3510/3510 3540/3540 3511/3511
f 3510/3510 3511/3511 3481/3481
f 3511/3511 3541/3541 3542/3542
f 3511/3511 3542/3542 3512/3512
f 3512/3512 3542/3542 3543/3543
f 3512/3512 3543/3543 3513/3513
f 3513/3513 3543/3543 3544/3544
f 3513/3513 3544/3544 3514/3514
f 3514/3514 3544/3544 3545/3545
f 3514/3514 3545/3545 3515/3515
f 3515/3515 3545/3545 3546/3546
f 3515/3515 3546/3546 3516/3516
f 3516/3516 3546/3546 3547/3547
f 3516/3516 3547/3547 3517/3517
f 3517/3517 3547/3547 3548/3548
f 3517/3517 3548/3548 3518/3518
f 3518/3518 3548/3548 3549/3549
f 3518/3518 3549/3549 3519/3519
f 3519/3519 3549/3549 3550/3550
f 3519/3519 3550/3550 3520/3520
f 3520/3520 3550/3550 3551/3551
f 3520/3520 3551/3551 3521/3521
f 3521/3521 3551/3551 3552/3552
f 3521/3521 3552/3552 3522/3522
f 3522/3522 3552/3552 3553/3553
f 3522/3522 3553/3553 3523/3523
f 3523/3523 3553/3553 3554/3554
f 3523/3523 3554/3554 3524/3524
f 3524/3524 3554/3554 3555/3555
f 3524/3524 3555/3555 3525/3525
f 3525/3525 3555/3555 3556/3556
f 3525/3525 3556/3556 3526/3526
f 3526/3526 3556/3556 3557/3557
f 3526/3526 3557/3557 3527/3527
f 3527/3527 3557/3557 3558/3558
f 3527/3527 3558/3558 3528/3528
f 3528/3528 3558/3558 3559/3559
f 3528/3528 3559/3559 3529/3529
f 3529/3529 3559/3559 3560/3560
f 3529/3529 3560/3560 3530/3530
f 3530/3530 3560/3560 3561/3561
f 3530/3530 3561/3561 3531/3531
f 3531/3531 3561/3561 3562/3562
f 3531/3531 3562/3562 3532/3532
f 3532/3532 3562/3562 3563/3563
f 3532/3532 3563/3563 3533/3533
f 3533/3533 3563/3563 3564/3564
f 3533/3533 3564/3564 3534/3534
f 3534/3534 3564/3564 3565/3565
f 3534/3534 3565/3565 3535/3535
f 3535/3535 3565/3565 3566/3566
f 3535/3535 3566/3566 3536/3536
f 3536/3536 3566/3566 3567/3567
f 3536/3536 3567/3567 3537/3537
f 3537/3537 3567/3567 3568/3568
f 3537/3537 3568/3568 3538/3538
f 3538/3538 3568/3568 3569/3569
f 3538/3538 3569/3569 3539/3539
f 3539/3539 3569/3569 3570/3570
f 3539/3539 3570/3570 3540/3540
f 3540/3540 3570/3570 3541/3541
f 3540/3540 3541/3541 3511/3511
f 3541/3541 3571/3571 3572/3572
f 3541/3541 3572/3572 3542/3542
f 3542/3542 3572/3572 3573/3573
f 3542/3542 3573/3573 3543/3543
f 3543/3543 3573/3573 3574/3574
f 3543/3543 3574/3574 3544/3544
f 3544/3544 3574/3574 3575/3575
f 3544/3544 3575/3575 3545/3545
f 3545/3545 3575/3575 3576/3576
f 3545/3545 3576/3576 3546/3546
f 3546/3546 3576/3576 3577/3577
f 3546/3546 3577/3577 3547/3547
f 3547/3547 3577/3577 3578/3578
f 3547/3547 3578/3578 3548/3548
f 3548/3548 3578/3578 3579/3579
f 3548/3548 3579/3579 3549/3549
f 3549/3549 3579/3579 3580/3580
f 3549/3549 3580/3580 3550/3550
f 3550/3550 3580/3580 3581/3581
f 3550/3550 3581/3581 3551/3551
f 3551/3551 3581/3581 3582/3582
f 3551/3551 3582/3582 3552/3552
f 3552/3552 3582/3582 3583/3583
f 3552/3552 3583/3583 3553/3553
f 3553/3553 3583/3583 3584/3584
f 3553/3553 3584/3584 3554/3554
f 3554/3554 3584/3584 3585/3585
f 3554/3554 3585/3585 3555/3555
f 3555/3555 3585/3585 3586/3586
f 3555/3555 3586/3586 3556/3556
f 3556/3556 3586/3586 3587/3587
f 3556/3556 3587/3587 3557/3557
f 3557/3557 3587/3587 3588/3588
f 3557/3557 3588/3588 3558/3558
f 3558/3558 3588/3588 3589/3589
f 3558/3558 3589/3589 3559/3559
f 3559/3559 3589/3589 3590/3590
f 3559/3559 3590/3590 3560/3560
f 3560/3560 3590/3590 3591/3591
f 3560/3560 3591/3591 3561/3561
f 3561/3561 3591/3591 3592/3592
f 3561/3561 3592/3592 3562/3562
f 3562/3562 3592/3592 3593/3593
f 3562/3562 3593/3593 3563/3563
f 3563/3563 3593/3593 3594/3594
f 3563/3563 3594/3594 3564/3564
f 3564/3564 3594/3594 3595/3595
f 3564/3564 3595/3595 3565/3565
f 3565/3565 3595/3595 3596/3596
f 3565/3565 3596/3596 3566/3566
f 3566/3566 3596/3596 3597/3597
f 3566/3566 3597/3597 3567/3567
f 3567/3567 3597/3597 3598/3598
f 3567/3567 3598/3598 3568/3568
f 3568/3568 3598/3598 3599/3599
f 3568/3568 3599/3599 3569/3569
f 3569/3569 3599/3599 3600/3600
f 3569/3569 3600/3600 3570/3570
f 3570/3570 3600/3600 3571/3571
f 3570/3570 3571/3571 3541/3541
f 3571/3571 3601/3601 3602/3602
f 3571/3571 3602/3602 3572/3572
f 3572/3572 3602/3602 3603/3603
f 3572/3572 3603/3603 3573/3573
f 3573/3573 3603/3603 3604/3604
f 3573/3573 3604/3604 3574/3574
f 3574/3574 3604/3604 3605/3605
f 3574/3574 3605/3605 3575/3575
f 3575/3575 3605/3605 3606/3606
f 3575/3575 3606/3606 3576/3576
f 3576/3576 3606/3606 3607/3607
f 3576/3576 3607/3607 3577/3577
f 3577/3577 3607/3607 3608/3608
f 3577/3577 3608/3608 3578/3578
f 3578/3578 3608/3608 3609/3609
f 3578/3578 3609/3609 3579/3579
f 3579/3579 3609/3609 3610/3610
f 3579/3579 3610/3610 3580/3580
f 3580/3580 3610/3610 3611/3611
f 3580/3580 3611/3611 3581/3581
f 3581/3581 3611/3611 3612/3612
f 3581/3581 3612/3612 3582/3582
f 3582/3582 3612/3612 3613/3613
f 3582/3582 3613/3613 3583/3583
f 3583/3583 3613/3613 3614/3614
f 3583/3583 3614/3614 3584/3584
f 3584/3584 3614/3614 3615/3615
f 3584/3584 3615/3615 3585/3585
f 3585/3585 3615/3615 3616/3616
f 3585/3585 3616/3616 3586/3586
f 3586/3586 3616/3616 3617/3617
f 3586/3586 3617/3617 3587/3587
f 3587/3587 3617/3617 3618/3618
f 3587/3587 3618/3618 3588/3588
f 3588/3588 3618/3618 3619/3619
f 3588/3588 3619/3619 3589/3589
f 3589/3589 3619/3619 3620/3620
f 3589/3589 3620/3620 3590/3590
f 3590/3590 3620/3620 3621/3621
f 3590/3590 3621/3621 3591/3591
f 3591/3591 3621/3621 3622/3622
f 3591/3591 3622/3622 3592/3592
f 3592/3592 3622/3622 3623/3623
f 3592/3592 3623/3623 3593/3593
f 3593/3593 3623/3623 3624/3624
f 3593/3593 3624/3624 3594/3594
f 3594/3594 3624/3624 3625/3625
f 3594/3594 3625/3625 3595/3595
f 3595/3595 3625/3625 3626/3626
f 3595/3595 3626/3626 3596/3596
f 3596/3596 3626/3626 3627/3627
f 3596/3596 3627/3627 3597/3597
f 3597/3597 3627/3627 3628/3628
f 3597/3597 3628/3628 3598/3598
f 3598/3598 3628/3628 3629/3629
f 3598/3598 3629/3629 3599/3599
f 3599/3599 3629/3629 3630/3630
f 3599/3599 3630/3630 3600/3600
f 3600/3600 3630/3630 3601/3601
f 3600/3600 3601/3601 3571/3571
f 3601/3601 3631/3631 3632/3632
f 3601/3601 3632/3632 3602/3602
f 3602/3602 3632/3632 3633/3633
f 3602/3602 3633/3633 3603/3603
f 3603/3603 3633/3633 3634/3634
f 3603/3603 3634/3634 3604/3604
f 3604/3604 3634/3634 3635/3635
f 3604/3604 3635/3635 3605/3605
f 3605/3605 3635/3635 3636/3636
f 3605/3605 3636/3636 3606/3606
f 3606/3606 3636/3636 3637/3637
f 3606/3606 3637/3637 3607/3607
f 3607/3607 3637/3637 3638/3638
f 3607/3607 3638/3638 3608/3608
f 3608/3608 3638/3638 3639/3639
f 3608/3608 3639/3639 3609/3609
f 3609/3609 3639/3639 3640/3640
f 3609/3609 3640/3640 3610/3610
f 3610/3610 3640/3640 3641/3641
f 3610/3610 3641/3641 3611/3611
f 3611/3611 3641/3641 3642/3642
f 3611/3611 3642/3642 3612/3612
f 3612/3612 3642/3642 3643/3643
f 3612/3612 3643/3643 3613/3613
f 3613/3613 3643/3643 3644/3644
f 3613/3613 3644/3644 3614/3614
f 3614/3614 3644/3644 3645/3645
f 3614/3614 3645/3645 3615/3615
f 3615/3615 3645/3645 3646/3646
f 3615/3615 3646/3646 3616/3616
f 3616/3616 3646/3646 3647/3647
f 3616/3616 3647/3647 3617/3617
f 3617/3617 3647/3647 3648/3648
f 3617/3617 3648/3648 3618/3618
f 3618/3618 3648/3648 3649/3649
f 3618/3618 3649/3649 3619/3619
f 3619/3619 3649/3649 3650/3650
f 3619/3619 3650/3650 3620/3620
f 3620/3620 3650/3650 3651/3651
f 3620/3620 3651/3651 3621/3621
f 3621/3621 3651/3651 3652/3652
f 3621/3621 3652/3652 3622/3622
f 3622/3622 3652/3652 3653/3653
f 3622/3622 3653/3653 3623/3623
f 3623/3623 3653/3653 3654/3654
f 3623/3623 3654/3654 3624/3624
f 3624/3624 3654/3654 3655/3655
f 3624/3624 3655/3655 3625/3625
f 3625/3625 3655/3655 3656/3656
f 3625/3625 3656/3656 3626/3626
f 3626/3626 3656/3656 3657/3657
f 3626/3626 3657/3657 3627/3627
f 3627/3627 3657/3657 3658/3658
f 3627/3627 3658/3658 3628/3628
f 3628/3628 3658/3658 3659/3659
f 3628/3628 3659/3659 3629/3629
f 3629/3629 3659/3659 3660/3660
f 3629/3629 3660/3660 3630/3630
f 3630/3630 3660/3660 3631/3631
f 3630/3630 3631/3631 3601/3601
f 3631/3631 3661/3661 3662/3662
f 3631/3631 3662/3662 3632/3632
f 3632/3632 3662/3662 3663/3663
f 3632/3632 3663/3663 3633/3633
f 3633/3633 3663/3663 3664/3664
f 3633/3633 3664/3664 3634/3634
f 3634/3634 3664/3664 3665/3665
f 3634/3634 3665/3665 3635/3635
f 3635/3635 3665/3665 3666/3666
f 3635/3635 3666/3666 3636/3636
f 3636/3636 3666/3666 3667/3667
f 3636/3636 3667/3667 3637/3637
f 3637/3637 3667/3667 3668/3668
f 3637/3637 3668/3668 3638/3638
f 3638/3638 3668/3668 3669/3669
f 3638/3638 3669/3669 3639/3639
f 3639/3639 3669/3669 3670/3670
f 3639/3639 3670/3670 3640/3640
f 3640/3640 3670/3670 3671/3671
f 3640/3640 3671/3671 3641/3641
f 3641/3641 3671/3671 3672/3672
f 3641/3641 3672/3672 3642/3642
f 3642/3642 3672/3672 3673/3673
f 3642/3642 3673/3673 3643/3643
f 3643/3643 3673/3673 3674/3674
f 3643/3643 3674/3674 3644/3644
f 3644/3644 3674/3674 3675/3675
f 3644/3644 3675/3675 3645/3645
f 3645/3645 3675/3675 3676/3676
f 3645/3645 3676/3676 3646/3646
f 3646/3646 3676/3676 3677/3677
f 3646/3646 3677/3677 3647/3647
f 3647/3647 3677/3677 3678/3678
f 3647/3647 3678/3678 3648/3648
f 3648/3648 3678/3678 3679/3679
f 3648/3648 3679/3679 3649/3649
f 3649/3649 3679/3679 3680/3680
f 3649/3649 3680/3680 3650/3650
f 3650/3650 3680/3680 3681/3681
f 3650/3650 3681/3681 3651/3651
f 3651/3651 3681/3681 3682/3682
f 3651/3651 3682/3682 3652/3652
f 3652/3652 3682/3682 3683/3683
f 3652/3652 3683/3683 3653/3653
f 3653/3653 3683/3683 3684/3684
f 3653/3653 3684/3684 3654/3654
f 3654/3654 3684/3684 3685/3685
f 3654/3654 3685/3685 3655/3655
f 3655/3655 3685/3685 3686/3686
f 3655/3655 3686/3686 3656/3656
f 3656/3656 3686/3686 3687/3687
f 3656/3656 3687/3687 3657/3657
f 3657/3657 3687/3687 3688/3688
f 3657/3657 3688/3688 3658/3658
f 3658/3658 3688/3688 3689/3689
f 3658/3658 3689/3689 3659/3659
f 3659/3659 3689/3689 3690/3690
f 3659/3659 3690/3690 3660/3660
f 3660/3660 3690/3690 3661/3661
f 3660/3660 3661/3661 3631/3631
f 3661/3661 3691/3691 3692/3692
f 3661/3661 3692/3692 3662/3662
f 3662/3662 3692/3692 3693/3693
f 3662/3662 3693/3693 3663/3663
f 3663/3663 3693/3693 3694/3694
f 3663/3663 3694/3694 3664/3664
f 3664/3664 3694/3694 3695/3695
f 3664/3664 3695/3695 3665/3665
f 3665/3665 3695/3695 3696/3696
f 3665/3665 3696/3696 3666/3666
f 3666/3666 3696/3696 3697/3697
f 3666/3666 3697/3697 3667/3667
f 3667/3667 3697/3697 3698/3698
f 3667/3667 3698/3698 3668/3668
f 3668/3668 3698/3698 3699/3699
f 3668/3668 3699/3699 3669/3669
f 3669/3669 3699/3699 3700/3700
f 3669/3669 3700/3700 3670/3670
f 3670/3670 3700/3700 3701/3701
f 3670/3670 3701/3701 3671/3671
f 3671/3671 3701/3701 3702/3702
f 3671/3671 3702/3702 3672/3672
f 3672/3672 3702/3702 3703/3703
f 3672/3672 3703/3703 3673/3673
f 3673/3673 3703/3703 3704/3704
f 3673/3673 3704/3704 3674/3674
f 3674/3674 3704/3704 3705/3705
f 3674/3674 3705/3705 3675/3675
f 3675/3675 3705/3705 3706/3706
f 3675/3675 3706/3706 3676/3676
f 3676/3676 3706/3706 3707/3707
f 3676/3676 3707/3707 3677/3677
f 3677/3677 3707/3707 3708/3708
f 3677/3677 3708/3708 3678/3678
f 3678/3678 3708/3708 3709/3709
f 3678/3678 3709/3709 3679/3679
f 3679/3679 3709/3709 3710/3710
f 3679/3679 3710/3710 3680/3680
f 3680/3680 3710/3710 3711/3711
f 3680/3680 3711/3711 3681/3681
f 3681/3681 3711/3711 3712/3712
f 3681/3681 3712/3712 3682/3682
f 3682/3682 3712/3712 3713/3713
f 3682/3682 3713/3713 3683/3683
f 3683/3683 3713/3713 3714/3714
f 3683/3683 3714/3714 3684/3684
f 3684/3684 3714/3714 3715/3715
f 3684/3684 3715/3715 3685/3685
f 3685/3685 3715/3715 3716/3716
f 3685/3685 3716/3716 3686/3686
f 3686/3686 3716/3716 3717/3717
f 3686/3686 3717/3717 3687/3687
f 3687/3687 3717/3717 3718/3718
f 3687/3687 3718/3718 3688/3688
f 3688/3688 3718/3718 3719/3719
f 3688/3688 3719/3719 3689/3689
f 3689/3689 3719/3719 3720/3720
f 3689/3689 3720/3720 3690/3690
f 3690/3690 3720/3720 3691/3691
f 3690/3690 3691/3691 3661/3661
f 3691/3691 3721/3721 3722/3722
f 3691/3691 3722/3722 3692/3692
f 3692/3692 3722/3722 3723/3723
f 3692/3692 3723/3723 3693/3693
f 3693/3693 3723/3723 3724/3724
f 3693/3693 3724/3724 3694/3694
f 3694/3694 3724/3724 3725/3725
f 3694/3694 3725/3725 3695/3695
f 3695/3695 3725/3725 3726/3726
f 3695/3695 3726/3726 3696/3696
f 3696/3696 3726/3726 3727/3727
f 3696/3696 3727/3727 3697/3697
f 3697/3697 3727/3727 3728/3728
f 3697/3697 3728/3728 3698/3698
f 3698/3698 3728/3728 3729/3729
f 3698/3698 3729/3729 3699/3699
f 3699/3699 3729/3729 3730/3730
f 3699/3699 3730/3730 3700/3700
f 3700/3700 3730/3730 3731/3731
f 3700/3700 3731/3731 3701/3701
f 3701/3701 3731/3731 3732/3732
f 3701/3701 3732/3732 3702/3702
f 3702/3702 3732/3732 3733/3733
f 3702/3702 3733/3733 3703/3703
f 3703/3703 3733/3733 3734/3734
f 3703/3703 3734/3734 3704/3704
f 3704/3704 3734/3734 3735/3735
f 3704/3704 3735/3735 3705/3705
f 3705/3705 3735/3735 3736/3736
f 3705/3705 3736/3736 3706/3706
f 3706/3706 3736/3736 3737/3737
f 3706/3706 3737/3737 3707/3707
f 3707/3707 3737/3737 3738/3738
f 3707/3707 3738/3738 3708/3708
f 3708/3708 3738/3738 3739/3739
f 3708/3708 3739/3739 3709/3709
f 3709/3709 3739/3739 3740/3740
f 3709/3709 3740/3740 3710/3710
f 3710/3710 3740/3740 3741/3741
f 3710/3710 3741/3741 3711/3711
f 3711/3711 3741/3741 3742/3742
f 3711/3711 3742/3742 3712/3712
f 3712/3712 3742/3742 3743/3743
f 3712/3712 3743/3743 3713/3713
f 3713/3713 3743/3743 3744/3744
f 3713/3713 3744/3744 3714/3714
f 3714/3714 3744/3744 3745/3745
f 3714/3714 3745/3745 3715/3715
f 3715/3715 3745/3745 3746/3746
f 3715/3715 3746/3746 3716/3716
f 3716/3716 3746/3746 3747/3747
f 3716/3716 3747/3747 3717/3717
f 3717/3717 3747/3747 3748/3748
f 3717/3717 3748/3748 3718/3718
f 3718/3718 3748/3748 3749/3749
f 3718/3718 3749/3749 3719/3719
f 3719/3719 3749/3749 3750/3750
f 3719/3719 3750/3750 3720/3720
f 3720/3720 3750/3750 3721/3721
f 3720/3720 3721/3721 3691/3691
f 3721/3721 3751/3751 3752/3752
f 3721/3721 3752/3752 3722/3722
f 3722/3722 3752/3752 3753/3753
f 3722/3722 3753/3753 3723/3723
f 3723/3723 3753/3753 3754/3754
f 3723/3723 3754/3754 3724/3724
f 3724/3724 3754/3754 3755/3755
f 3724/3724 3755/3755 3725/3725
f 3725/3725 3755/3755 3756/3756
f 3725/3725 3756/3756 3726/3726
f 3726/3726 3756/3756 3757/3757
f 3726/3726 3757/3757 3727/3727
f 3727/3727 3757/3757 3758/3758
f 3727/3727 3758/3758 3728/3728
f 3728/3728 3758/3758 3759/3759
f 3728/3728 3759/3759 3729/3729
f 3729/3729 3759/3759 3760/3760
f 3729/3729 3760/3760 3730/3730
f 3730/3730 3760/3760 3761/3761
f 3730/3730 3761/3761 3731/3731
f 3731/3731 3761/3761 3762/3762
f 3731/3731 3762/3762 3732/3732
f 3732/3732 3762/3762 3763/3763
f 3732/3732 3763/3763 3733/3733
f 3733/3733 3763/3763 3764/3764
f 3733/3733 3764/3764 3734/3734
f 3734/3734 3764/3764 3765/3765
f 3734/3734 3765/3765 3735/3735
f 3735/3735 3765/3765 3766/3766
f 3735/3735 3766/3766 3736/3736
f 3736/3736 3766/3766 3767/3767
f 3736/3736 3767/3767 3737/3737
f 3737/3737 3767/3767 3768/3768
f 3737/3737 3768/3768 3738/3738
f 3738/3738 3768/3768 3769/3769
f 3738/3738 3769/3769 3739/3739
f 3739/3739 3769/3769 3770/3770
f 3739/3739 3770/3770 3740/3740
f 3740/3740 3770/3770 3771/3771
f 3740/3740 3771/3771 3741/3741
f 3741/3741 3771/3771 3772/3772
f 3741/3741 3772/3772 3742/3742
f 3742/3742 3772/3772 3773/3773
f 3742/3742 3773/3773 3743/3743
f 3743/3743 3773/3773 3774/3774
f 3743/3743 3774/3774 3744/3744
f 3744/3744 3774/3774 3775/3775
f 3744/3744 3775/3775 3745/3745
f 3745/3745 3775/3775 3776/3776
f 3745/3745 3776/3776 3746/3746
f 3746/3746 3776/3776 3777/3777
f 3746/3746 3777/3777 3747/3747
f 3747/3747 3777/3777 3778/3778
f 3747/3747 3778/3778 3748/3748
f 3748/3748 3778/3778 3779/3779
f 3748/3748 3779/3779 3749/3749
f 3749/3749 3779/3779 3780/3780
f 3749/3749 3780/3780 3750/3750
f 3750/3750 3780/3780 3751/3751
f 3750/3750 3751/3751 3721/3721
f 3361/3361 3362/3362 3363/3363
f 3361/3361 3363/3363 3364/3364
f 3361/3361 3364/3364 3365/3365
f 3361/3361 3365/3365 3366/3366
f 3361/3361 3366/3366 3367/3367
f 3361/3361 3367/3367 3368/3368
f 3361/3361 3368/3368 3369/3369
f 3361/3361 3369/3369 3370/3370
f 3361/3361 3370/3370 3371/3371
f 3361/3361 3371/3371 3372/3372
f 3361/3361 3372/3372 3373/3373
f 3361/3361 3373/3373 3374/3374
f 3361/3361 3374/3374 3375/3375
f 3361/3361 3375/3375 3376/3376
f 3361/3361 3376/3376 3377/3377
f 3361/3361 3377/3377 3378/3378
f 3361/3361 3378/3378 3379/3379
f 3361/3361 3379/3379 3380/3380
f 3361/3361 3380/3380 3381/3381
f 3361/3361 3381/3381 3382/3382
f 3361/3361 3382/3382 3383/3383
f 3361/3361 3383/3383 3384/3384
f 3361/3361 3384/3384 3385/3385
f 3361/3361 3385/3385 3386/3386
f 3361/3361 3386/3386 3387/3387
f 3361/3361 3387/3387 3388/3388
f 3361/3361 3388/3388 3389/3389
f 3361/3361 3389/3389 3390/3390
f 3780/3780 3779/3779 3778/3778
f 3780/3780 3778/3778 3777/3777
f 3780/3780 3777/3777 3776/3776
f 3780/3780 3776/3776 3775/3775
f 3780/3780 3775/3775 3774/3774
f 3780/3780 3774/3774 3773/3773
f 3780/3780 3773/3773 3772/3772
f 3780/3780 3772/3772 3771/3771
f 3780/3780 3771/3771 3770/3770
f 3780/3780 3770/3770 3769/3769
f 3780/3780 3769/3769 3768/3768
f 3780/3780 3768/3768 3767/3767
f 3780/3780 3767/3767 3766/3766
f 3780/3780 3766/3766 3765/3765
f 3780/3780 3765/3765 3764/3764
f 3780/3780 3764/3764 3763/3763
f 3780/3780 3763/3763 3762/3762
f 3780/3780 3762/3762 3761/3761
f 3780/3780 3761/3761 3760/3760
f 3780/3780 3760/3760 3759/3759
f 3780/3780 3759/3759 3758/3758
f 3780/3780 3758/3758 3757/3757
f 3780/3780 3757/3757 3756/3756
f 3780/3780 3756/3756 3755/3755
f 3780/3780 3755/3755 3754/3754
f 3780/3780 3754/3754 3753/3753
f 3780/3780 3753/3753 3752/3752
f 3780/3780 3752/3752 3751/3751
f 3781/3781 3811/3811 3812/3812
f 3781/3781 3812/3812 3782/3782
f 3782/3782 3812/3812 3813/3813
f 3782/3782 3813/3813 3783/3783
f 3783/3783 3813/3813 3814/3814
f 3783/3783 3814/3814 3784/3784
f 3784/3784 3814/3814 3815/3815
f 3784/3784 3815/3815 3785/3785
f 3785/3785 3815/3815 3816/3816
f 3785/3785 3816/3816 3786/3786
f 3786/3786 3816/3816 3817/3817
f 3786/3786 3817/3817 3787/3787
f 3787/3787 3817/3817 3818/3818
f 3787/3787 3818/3818 3788/3788
f 3788/3788 3818/3818 3819/3819
f 3788/3788 3819/3819 3789/3789
f 3789/3789 3819/3819 3820/3820
f 3789/3789 3820/3820 3790/3790
f 3790/3790 3820/3820 3821/3821
f 3790/3790 3821/3821 3791/3791
f 3791/3791 3821/3821 3822/3822
f 3791/3791 3822/3822 3792/3792
f 3792/3792 3822/3822 3823/3823
f 3792/3792 3823/3823 3793/3793
f 3793/3793 3823/3823 3824/3824
f 3793/3793 3824/3824 3794/3794
f 3794/3794 3824/3824 3825/3825
f 3794/3794 3825/3825 3795/3795
f 3795/3795 3825/3825 3826/3826
f 3795/3795 3826/3826 3796/3796
f 3796/3796 3826/3826 3827/3827
f 3796/3796 3827/3827 3797/3797
f 3797/3797 3827/3827 3828/3828
f 3797/3797 3828/3828 3798/3798
f 3798/3798 3828/3828 3829/3829
f 3798/3798 3829/3829 3799/3799
f 3799/3799 3829/3829 3830/3830
f 3799/3799 3830/3830 3800/3800
f 3800/3800 3830/3830 3831/3831
f 3800/3800 3831/3831 3801/3801
f 3801/3801 3831/3831 3832/3832
f 3801/3801 3832/3832 3802/3802
f 3802/3802 3832/3832 3833/3833
f 3802/3802 3833/3833 3803/3803
f 3803/3803 3833/3833 3834/3834
f 3803/3803 3834/3834 3804/3804
f 3804/3804 3834/3834 3835/3835
f 3804/3804 3835/3835 3805/3805
f 3805/3805 3835/3835 3836/3836
f 3805/3805 3836/3836 3806/3806
f 3806/3806 3836/3836 3837/3837
f 3806/3806 3837/3837 3807/3807
f 3807/3807 3837/3837 3838/3838
f 3807/3807 3838/3838 3808/3808
f 3808/3808 3838/3838 3839/3839
f 3808/3808 3839/3839 3809/3809
f 3809/3809 3839/3839 3840/3840
f 3809/3809 3840/3840 3810/3810
f 3810/3810 3840/3840 3811/3811
f 3810/3810 3811/3811 3781/3781
f 3811/3811 3841/3841 3842/3842
f 3811/3811 3842/3842 3812/3812
f 3812/3812 3842/3842 3843/3843
f 3812/3812 3843/3843 3813/3813
f 3813/3813 3843/3843 3844/3844
f 3813/3813 3844/3844 3814/3814
f 3814/3814 3844/3844 3845/3845
f 3814/3814 3845/3845 3815/3815
f 3815/3815 3845/3845 3846/3846
f 3815/3815 3846/3846 3816/3816
f 3816/3816 3846/3846 3847/3847
f 3816/3816 3847/3847 3817/3817
f 3817/3817 3847/3847 3848/3848
f 3817/3817 3848/3848 3818/3818
f 3818/3818 3848/3848 3849/3849
f 3818/3818 3849/3849 3819/3819
f 3819/3819 3849/3849 3850/3850
f 3819/3819 3850/3850 3820/3820
f 3820/3820 3850/3850 3851/3851
f 3820/3820 3851/3851 3821/3821
f 3821/3821 3851/3851 3852/3852
f 3821/3821 3852/3852 3822/3822
f 3822/3822 3852/3852 3853/3853
f 3822/3822 3853/3853 3823/3823
f 3823/3823 3853/3853 3854/3854
f 3823/3823 3854/3854 3824/3824
f 3824/3824 3854/3854 3855/3855
f 3824/3824 3855/3855 3825/3825
f 3825/3825 3855/3855 3856/3856
f 3825/3825 3856/3856 3826/3826
f 3826/3826 3856/3856 3857/3857
f 3826/3826 3857/3857 3827/3827
f 3827/3827 3857/3857 3858/3858
f 3827/3827 3858/3858 3828/3828
f 3828/3828 3858/3858 3859/3859
f 3828/3828 3859/3859 3829/3829
f 3829/3829 3859/3859 3860/3860
f 3829/3829 3860/3860 3830/3830
f 3830/3830 3860/3860 3861/3861
f 3830/3830 3861/3861 3831/3831
f 3831/3831 3861/3861 3862/3862
f 3831/3831 3862/3862 3832/3832
f 3832/3832 3862/3862 3863/3863
f 3832/3832 3863/3863 3833/3833
f 3833/3833 3863/3863 3864/3864
f 3833/3833 3864/3864 3834/3834
f 3834/3834 3864/3864 3865/3865
f 3834/3834 3865/3865 3835/3835
f 3835/3835 3865/3865 3866/3866
f 3835/3835 3866/3866 3836/3836
f 3836/3836 3866/3866 3867/3867
f 3836/3836 3867/3867 3837/3837
f 3837/3837 3867/3867 3868/3868
f 3837/3837 3868/3868 3838/3838
f 3838/3838 3868/3868 3869/3869
f 3838/3838 3869/3869 3839/3839
f 3839/3839 3869/3869 3870/3870
f 3839/3839 3870/3870 3840/3840
f 3840/3840 3870/3870 3841/3841
f 3840/3840 3841/3841 3811/3811
f 3841/3841 3871/3871 3872/3872
f 3841/3841 3872/3872 3842/3842
f 3842/3842 3872/3872 3873/3873
f 3842/3842 3873/3873 3843/3843
f 3843/3843 3873/3873 3874/3874
f 3843/3843 3874/3874 3844/3844
f 3844/3844 3874/3874 3875/3875
f 3844/3844 3875/3875 3845/3845
f 3845/3845 3875/3875 3876/3876
f 3845/3845 3876/3876 3846/3846
f 3846/3846 3876/3876 3877/3877
f 3846/3846 3877/3877 3847/3847
f 3847/3847 3877/3877 3878/3878
f 3847/3847 3878/3878 3848/3848
f 3848/3848 3878/3878 3879/3879
f 3848/3848 3879/3879 3849/3849
f 3849/3849 3879/3879 3880/3880
f 3849/3849 3880/3880 3850/3850
f 3850/3850 3880/3880 3881/3881
f 3850/3850 3881/3881 3851/3851
f 3851/3851 3881/3881 3882/3882
f 3851/3851 3882/3882 3852/3852
f 3852/3852 3882/3882 3883/3883
f 3852/3852 3883/3883 3853/3853
f 3853/3853 3883/3883 3884/3884
f 3853/3853 3884/3884 3854/3854
f 3854/3854 3884/3884 3885/3885
f 3854/3854 3885/3885 3855/3855
f 3855/3855 3885/3885 3886/3886
f 3855/3855 3886/3886 3856/3856
f 3856/3856 3886/3886 3887/3887
f 3856/3856 3887/3887 3857/3857
f 3857/3857 3887/3887 3888/3888
f 3857/3857 3888/3888 3858/3858
f 3858/3858 3888/3888 3889/3889
f 3858/3858 3889/3889 3859/3859
f 3859/3859 3889/3889 3890/3890
f 3859/3859 3890/3890 3860/3860
f 3860/3860 3890/3890 3891/3891
f 3860/3860 3891/3891 3861/3861
f 3861/3861 3891/3891 3892/3892
f 3861/3861 3892/3892 3862/3862
f 3862/3862 3892/3892 3893/3893
f 3862/3862 3893/3893 3863/3863
f 3863/3863 3893/3893 3894/3894
f 3863/3863 3894/3894 3864/3864
f 3864/3864 3894/3894 3895/3895
f 3864/3864 3895/3895 3865/3865
f 3865/3865 3895/3895 3896/3896
f 3865/3865 3896/3896 3866/3866
f 3866/3866 3896/3896 3897/3897
f 3866/3866 3897/3897 3867/3867
f 3867/3867 3897/3897 3898/3898
f 3867/3867 3898/3898 3868/3868
f 3868/3868 3898/3898 3899/3899
f 3868/3868 3899/3899 3869/3869
f 3869/3869 3899/3899 3900/3900
f 3869/3869 3900/3900 3870/3870
f 3870/3870 3900/3900 3871/3871
f 3870/3870 3871/3871 3841/3841
f 3871/3871 3901/3901 3902/3902
f 3871/3871 3902/3902 3872/3872
f 3872/3872 3902/3902 3903/3903
f 3872/3872 3903/3903 3873/3873
f 3873/3873 3903/3903 3904/3904
f 3873/3873 3904/3904 3874/3874
f 3874/3874 3904/3904 3905/3905
f 3874/3874 3905/3905 3875/3875
f 3875/3875 3905/3905 3906/3906
f 3875/3875 3906/3906 3876/3876
f 3876/3876 3906/3906 3907/3907
f 3876/3876 3907/3907 3877/3877
f 3877/3877 3907/3907 3908/3908
f 3877/3877 3908/3908 3878/3878
f 3878/3878 3908/3908 3909/3909
f 3878/3878 3909/3909 3879/3879
f 3879/3879 3909/3909 3910/3910
f 3879/3879 3910/3910 3880/3880
f 3880/3880 3910/3910 3911/3911
f 3880/3880 3911/3911 3881/3881
f 3881/3881 3911/3911 3912/3912
f 3881/3881 3912/3912 3882/3882
f 3882/3882 3912/3912 3913/3913
f 3882/3882 3913/3913 3883/3883
f 3883/3883 3913/3913 3914/3914
f 3883/3883 3914/3914 3884/3884
f 3884/3884 3914/3914 3915/3915
f 3884/3884 3915/3915 3885/3885
f 3885/3885 3915/3915 3916/3916
f 3885/3885 3916/3916 3886/3886
f 3886/3886 3916/3916 3917/3917
f 3886/3886 3917/3917 3887/3887
f 3887/3887 3917/3917 3918/3918
f 3887/3887 3918/3918 3888/3888
f 3888/3888 3918/3918 3919/3919
f 3888/3888 3919/3919 3889/3889
f 3889/3889 3919/3919 3920/3920
f 3889/3889 3920/3920 3890/3890
f 3890/3890 3920/3920 3921/3921
f 3890/3890 3921/3921 3891/3891
f 3891/3891 3921/3921 3922/3922
f 3891/3891 3922/3922 3892/3892
f 3892/3892 3922/3922 3923/3923
f 3892/3892 3923/3923 3893/3893
f 3893/3893 3923/3923 3924/3924
f 3893/3893 3924/3924 3894/3894
f 3894/3894 3924/3924 3925/3925
f 3894/3894 3925/3925 3895/3895
f 3895/3895 3925/3925 3926/3926
f 3895/3895 3926/3926 3896/3896
f 3896/3896 3926/3926 3927/3927
f 3896/3896 3927/3927 3897/3897
f 3897/3897 3927/3927 3928/3928
f 3897/3897 3928/3928 3898/3898
f 3898/3898 3928/3928 3929/3929
f 3898/3898 3929/3929 3899/3899
f 3899/3899 3929/3929 3930/3930
f 3899/3899 3930/3930 3900/3900
f 3900/3900 3930/3930 3901/3901
f 3900/3900 3901/3901 3871/3871
f 3901/3901 3931/3931 3932/3932
f 3901/3901 3932/3932 3902/3902
f 3902/3902 3932/3932 3933/3933
f 3902/3902 3933/3933 3903/3903
f 3903/3903 3933/3933 3934/3934
f 3903/3903 3934/3934 3904/3904
f 3904/3904 3934/3934 3935/3935
f 3904/3904 3935/3935 3905/3905
f 3905/3905 3935/3935 3936/3936
f 3905/3905 3936/3936 3906/3906
f 3906/3906 3936/3936 3937/3937
f 3906/3906 3937/3937 3907/3907
f 3907/3907 3937/3937 3938/3938
f 3907/3907 3938/3938 3908/3908
f 3908/3908 3938/3938 3939/3939
f 3908/3908 3939/3939 3909/3909
f 3909/3909 3939/3939 3940/3940
f 3909/3909 3940/3940 3910/3910
f 3910/3910 3940/3940 3941/3941
f 3910/3910 3941/3941 3911/3911
f 3911/3911 3941/3941 3942/3942
f 3911/3911 3942/3942 3912/3912
f 3912/3912 3942/3942 3943/3943
f 3912/3912 3943/3943 3913/3913
f 3913/3913 3943/3943 3944/3944
f 3913/3913 3944/3944 3914/3914
f 3914/3914 3944/3944 3945/3945
f 3914/3914 3945/3945 3915/3915
f 3915/3915 3945/3945 3946/3946
f 3915/3915 3946/3946 3916/3916
f 3916/3916 3946/3946 3947/3947
f 3916/3916 3947/3947 3917/3917
f 3917/3917 3947/3947 3948/3948
f 3917/3917 3948/3948 3918/3918
f 3918/3918 3948/3948 3949/3949
f 3918/3918 3949/3949 3919/3919
f 3919/3919 3949/3949 3950/3950
f 3919/3919 3950/3950 3920/3920
f 3920/3920 3950/3950 3951/3951
f 3920/3920 3951/3951 3921/3921
f 3921/3921 3951/3951 3952/3952
f 3921/3921 3952/3952 3922/3922
f 3922/3922 3952/3952 3953/3953
f 3922/3922 3953/3953 3923/3923
f 3923/3923 3953/3953 3954/3954
f 3923/3923 3954/3954 3924/3924
f 3924/3924 3954/3954 3955/3955
f 3924/3924 3955/3955 3925/3925
f 3925/3925 3955/3955 3956/3956
f 3925/3925 3956/3956 3926/3926
f 3926/3926 3956/3956 3957/3957
f 3926/3926 3957/3957 3927/3927
f 3927/3927 3957/3957 3958/3958
f 3927/3927 3958/3958 3928/3928
f 3928/3928 3958/3958 3959/3959
f 3928/3928 3959/3959 3929/3929
f 3929/3929 3959/3959 3960/3960
f 3929/3929 3960/3960 3930/3930
f 3930/3930 3960/3960 3931/3931
f 3930/3930 3931/3931 3901/3901
f 3931/3931 3961/3961 3962/3962
f 3931/3931 3962/3962 3932/3932
f 3932/3932 3962/3962 3963/3963
f 3932/3932 3963/3963 3933/3933
f 3933/3933 3963/3963 3964/3964
f 3933/3933 3964/3964 3934/3934
f 3934/3934 3964/3964 3965/3965
f 3934/3934 3965/3965 3935/3935
f 3935/3935 3965/3965 3966/3966
f 3935/3935 3966/3966 3936/3936
f 3936/3936 3966/3966 3967/3967
f 3936/3936 3967/3967 3937/3937
f 3937/3937 3967/3967 3968/3968
f 3937/3937 3968/3968 3938/3938
f 3938/3938 3968/3968 3969/3969
f 3938/3938 3969/3969 3939/3939
f 3939/3939 3969/3969 3970/3970
f 3939/3939 3970/3970 3940/3940
f 3940/3940 3970/3970 3971/3971
f 3940/3940 3971/3971 3941/3941
f 3941/3941 3971/3971 3972/3972
f 3941/3941 3972/3972 3942/3942
f 3942/3942 3972/3972 3973/3973
f 3942/3942 3973/3973 3943/3943
f 3943/3943 3973/3973 3974/3974
f 3943/3943 3974/3974 3944/3944
f 3944/3944 3974/3974 3975/3975
f 3944/3944 3975/3975 3945/3945
f 3945/3945 3975/3975 3976/3976
f 3945/3945 3976/3976 3946/3946
f 3946/3946 3976/3976 3977/3977
f 3946/3946 3977/3977 3947/3947
f 3947/3947 3977/3977 3978/3978
f 3947/3947 3978/3978 3948/3948
f 3948/3948 3978/3978 3979/3979
f 3948/3948 3979/3979 3949/3949
f 3949/3949 3979/3979 3980/3980
f 3949/3949 3980/3980 3950/3950
f 3950/3950 3980/3980 3981/3981
f 3950/3950 3981/3981 3951/3951
f 3951/3951 3981/3981 3982/3982
f 3951/3951 3982/3982 3952/3952
f 3952/3952 3982/3982 3983/3983
f 3952/3952 3983/3983 3953/3953
f 3953/3953 3983/3983 3984/3984
f 3953/3953 3984/3984 3954/3954
f 3954/3954 3984/3984 3985/3985
f 3954/3954 3985/3985 3955/3955
f 3955/3955 3985/3985 3986/3986
f 3955/3955 3986/3986 3956/3956
f 3956/3956 3986/3986 3987/3987
f 3956/3956 3987/3987 3957/3957
f 3957/3957 3987/3987 3988/3988
f 3957/3957 3988/3988 3958/3958
f 3958/3958 3988/3988 3989/3989
f 3958/3958 3989/3989 3959/3959
f 3959/3959 3989/3989 3990/3990
f 3959/3959 3990/3990 3960/3960
f 3960/3960 3990/3990 3961/3961
f 3960/3960 3961/3961 3931/3931
f 3961/3961 3991/3991 3992/3992
f 3961/3961 3992/3992 3962/3962
f 3962/3962 3992/3992 3993/3993
f 3962/3962 3993/3993 3963/3963
f 3963/3963 3993/3993 3994/3994
f 3963/3963 3994/3994 3964/3964
f 3964/3964 3994/3994 3995/3995
f 3964/3964 3995/3995 3965/3965
f 3965/3965 3995/3995 3996/3996
f 3965/3965 3996/3996 3966/3966
f 3966/3966 3996/3996 3997/3997
f 3966/3966 3997/3997 3967/3967
f 3967/3967 3997/3997 3998/3998
f 3967/3967 3998/3998 3968/3968
f 3968/3968 3998/3998 3999/3999
f 3968/3968 3999/3999 3969/3969
f 3969/3969 3999/3999 4000/4000
f 3969/3969 4000/4000 3970/3970
f 3970/3970 4000/4000 4001/4001
f 3970/3970 4001/4001 3971/3971
f 3971/3971 4001/4001 4002/4002
f 3971/3971 4002/4002 3972/3972
f 3972/3972 4002/4002 4003/4003
f 3972/3972 4003/4003 3973/3973
f 3973/3973 4003/4003 4004/4004
f 3973/3973 4004/4004 3974/3974
f 3974/3974 4004/4004 4005/4005
f 3974/3974 4005/4005 3975/3975
f 3975/3975 4005/4005 4006/4006
f 3975/3975 4006/4006 3976/3976
f 3976/3976 4006/4006 4007/4007
f 3976/3976 4007/4007 3977/3977
f 3977/3977 4007/4007 4008/4008
f 3977/3977 4008/4008 3978/3978
f 3978/3978 4008/4008 4009/4009
f 3978/3978 4009/4009 3979/3979
f 3979/3979 4009/4009 4010/4010
f 3979/3979 4010/4010 3980/3980
f 3980/3980 4010/4010 4011/4011
f 3980/3980 4011/4011 3981/3981
f 3981/3981 4011/4011 4012/4012
f 3981/3981 4012/4012 3982/3982
f 3982/3982 4012/4012 4013/4013
f 3982/3982 4013/4013 3983/3983
f 3983/3983 4013/4013 4014/4014
f 3983/3983 4014/4014 3984/3984
f 3984/3984 4014/4014 4015/4015
f 3984/3984 4015/4015 3985/3985
f 3985/3985 4015/4015 4016/4016
f 3985/3985 4016/4016 3986/3986
f 3986/3986 4016/4016 4017/4017
f 3986/3986 4017/4017 3987/3987
f 3987/3987 4017/4017 4018/4018
f 3987/3987 4018/4018 3988/3988
f 3988/3988 4018/4018 4019/4019
f 3988/3988 4019/4019 3989/3989
f 3989/3989 4019/4019 4020/4020
f 3989/3989 4020/4020 3990/3990
f 3990/3990 4020/4020 3991/3991
f 3990/3990 3991/3991 3961/3961
f 3991/3991 4021/4021 4022/4022
f 3991/3991 4022/4022 3992/3992
f 3992/3992 4022/4022 4023/4023
f 3992/3992 4023/4023 3993/3993
f 3993/3993 4023/4023 4024/4024
f 3993/3993 4024/4024 3994/3994
f 3994/3994 4024/4024 4025/4025
f 3994/3994 4025/4025 3995/3995
f 3995/3995 4025/4025 4026/4026
f 3995/3995 4026/4026 3996/3996
f 3996/3996 4026/4026 4027/4027
f 3996/3996 4027/4027 3997/3997
f 3997/3997 4027/4027 4028/4028
f 3997/3997 4028/4028 3998/3998
f 3998/3998 4028/4028 4029/4029
f 3998/3998 4029/4029 3999/3999
f 3999/3999 4029/4029 4030/4030
f 3999/3999 4030/4030 4000/4000
f 4000/4000 4030/4030 4031/4031
f 4000/4000 4031/4031 4001/4001
f 4001/4001 4031/4031 4032/4032
f 4001/4001 4032/4032 4002/4002
f 4002/4002 4032/4032 4033/4033
f 4002/4002 4033/4033 4003/4003
f 4003/4003 4033/4033 4034/4034
f 4003/4003 4034/4034 4004/4004
f 4004/4004 4034/4034 4035/4035
f 4004/4004 4035/4035 4005/4005
f 4005/4005 4035/4035 4036/4036
f 4005/4005 4036/4036 4006/4006
f 4006/4006 4036/4036 4037/4037
f 4006/4006 4037/4037 4007/4007
f 4007/4007 4037/4037 4038/4038
f 4007/4007 4038/4038 4008/4008
f 4008/4008 4038/4038 4039/4039
f 4008/4008 4039/4039 4009/4009
f 4009/4009 4039/4039 4040/4040
f 4009/4009 4040/4040 4010/4010
f 4010/4010 4040/4040 4041/4041
f 4010/4010 4041/4041 4011/4011
f 4011/4011 4041/4041 4042/4042
f 4011/4011 4042/4042 4012/4012
f 4012/4012 4042/4042 4043/4043
f 4012/4012 4043/4043 4013/4013
f 4013/4013 4043/4043 4044/4044
f 4013/4013 4044/4044 4014/4014
f 4014/4014 4044/4044 4045/4045
f 4014/4014 4045/4045 4015/4015
f 4015/4015 4045/4045 4046/4046
f 4015/4015 4046/4046 4016/4016
f 4016/4016 4046/4046 4047/4047
f 4016/4016 4047/4047 4017/4017
f 4017/4017 4047/4047 4048/4048
f 4017/4017 4048/4048 4018/4018
f 4018/4018 4048/4048 4049/4049
f 4018/4018 4049/4049 4019/4019
f 4019/4019 4049/4049 4050/4050
f 4019/4019 4050/4050 4020/4020
f 4020/4020 4050/4050 4021/4021
f 4020/4020 4021/4021 3991/3991
f 4021/4021 4051/4051 4052/4052
f 4021/4021 4052/4052 4022/4022
f 4022/4022 4052/4052 4053/4053
f 4022/4022 4053/4053 4023/4023
f 4023/4023 4053/4053 4054/4054
f 4023/4023 4054/4054 4024/4024
f 4024/4024 4054/4054 4055/4055
f 4024/4024 4055/4055 4025/4025
f 4025/4025 4055/4055 4056/4056
f 4025/4025 4056/4056 4026/4026
f 4026/4026 4056/4056 4057/4057
f 4026/4026 4057/4057 4027/4027
f 4027/4027 4057/4057 4058/4058
f 4027/4027 4058/4058 4028/4028
f 4028/4028 4058/4058 4059/4059
f 4028/4028 4059/4059 4029/4029
f 4029/4029 4059/4059 4060/4060
f 4029/4029 4060/4060 4030/4030
f 4030/4030 4060/4060 4061/4061
f 4030/4030 4061/4061 4031/4031
f 4031/4031 4061/4061 4062/4062
f 4031/4031 4062/4062 4032/4032
f 4032/4032 4062/4062 4063/4063
f 4032/4032 4063/4063 4033/4033
f 4033/4033 4063/4063 4064/4064
f 4033/4033 4064/4064 4034/4034
f 4034/4034 4064/4064 4065/4065
f 4034/4034 4065/4065 4035/4035
f 4035/4035 4065/4065 4066/4066
f 4035/4035 4066/4066 4036/4036
f 4036/4036 4066/4066 4067/4067
f 4036/4036 4067/4067 4037/4037
f 4037/4037 4067/4067 4068/4068
f 4037/4037 4068/4068 4038/4038
f 4038/4038 4068/4068 4069/4069
f 4038/4038 4069/4069 4039/4039
f 4039/4039 4069/4069 4070/4070
f 4039/4039 4070/4070 4040/4040
f 4040/4040 4070/4070 4071/4071
f 4040/4040 4071/4071 4041/4041
f 4041/4041 4071/4071 4072/4072
f 4041/4041 4072/4072 4042/4042
f 4042/4042 4072/4072 4073/4073
f 4042/4042 4073/4073 4043/4043
f 4043/4043 4073/4073 4074/4074
f 4043/4043 4074/4074 4044/4044
f 4044/4044 4074/4074 4075/4075
f 4044/4044 4075/4075 4045/4045
f 4045/4045 4075/4075 4076/4076
f 4045/4045 4076/4076 4046/4046
f 4046/4046 4076/4076 4077/4077
f 4046/4046 4077/4077 4047/4047
f 4047/4047 4077/4077 4078/4078
f 4047/4047 4078/4078 4048/4048
f 4048/4048 4078/4078 4079/4079
f 4048/4048 4079/4079 4049/4049
f 4049/4049 4079/4079 4080/4080
f 4049/4049 4080/4080 4050/4050
f 4050/4050 4080/4080 4051/4051
f 4050/4050 4051/4051 4021/4021
f 4051/4051 4081/4081 4082/4082
f 4051/4051 4082/4082 4052/4052
f 4052/4052 4082/4082 4083/4083
f 4052/4052 4083/4083 4053/4053
f 4053/4053 4083/4083 4084/4084
f 4053/4053 4084/4084 4054/4054
f 4054/4054 4084/4084 4085/4085
f 4054/4054 4085/4085 4055/4055
f 4055/4055 4085/4085 4086/4086
f 4055/4055 4086/4086 4056/4056
f 4056/4056 4086/4086 4087/4087
f 4056/4056 4087/4087 4057/4057
f 4057/4057 4087/4087 4088/4088
f 4057/4057 4088/4088 4058/4058
f 4058/4058 4088/4088 4089/4089
f 4058/4058 4089/4089 4059/4059
f 4059/4059 4089/4089 4090/4090
f 4059/4059 4090/4090 4060/4060
f 4060/4060 4090/4090 4091/4091
f 4060/4060 4091/4091 4061/4061
f 4061/4061 4091/4091 4092/4092
f 4061/4061 4092/4092 4062/4062
f 4062/4062 4092/4092 4093/4093
f 4062/4062 4093/4093 4063/4063
f 4063/4063 4093/4093 4094/4094
f 4063/4063 4094/4094 4064/4064
f 4064/4064 4094/4094 4095/4095
f 4064/4064 4095/4095 4065/4065
f 4065/4065 4095/4095 4096/4096
f 4065/4065 4096/4096 4066/4066
f 4066/4066 4096/4096 4097/4097
f 4066/4066 4097/4097 4067/4067
f 4067/4067 4097/4097 4098/4098
f 4067/4067 4098/4098 4068/4068
f 4068/4068 4098/4098 4099/4099
f 4068/4068 4099/4099 4069/4069
f 4069/4069 4099/4099 4100/4100
f 4069/4069 4100/4100 4070/4070
f 4070/4070 4100/4100 4101/4101
f 4070/4070 4101/4101 4071/4071
f 4071/4071 4101/4101 4102/4102
f 4071/4071 4102/4102 4072/4072
f 4072/4072 4102/4102 4103/4103
f 4072/4072 4103/4103 4073/4073
f 4073/4073 4103/4103 4104/4104
f 4073/4073 4104/4104 4074/4074
f 4074/4074 4104/4104 4105/4105
f 4074/4074 4105/4105 4075/4075
f 4075/4075 4105/4105 4106/4106
f 4075/4075 4106/4106 4076/4076
f 4076/4076 4106/4106 4107/4107
f 4076/4076 4107/4107 4077/4077
f 4077/4077 4107/4107 4108/4108
f 4077/4077 4108/4108 4078/4078
f 4078/4078 4108/4108 4109/4109
f 4078/4078 4109/4109 4079/4079
f 4079/4079 4109/4109 4110/4110
f 4079/4079 4110/4110 4080/4080
f 4080/4080 4110/4110 4081/4081
f 4080/4080 4081/4081 4051/4051
f 4081/4081 4111/4111 4112/4112
f 4081/4081 4112/4112 4082/4082
f 4082/4082 4112/4112 4113/4113
f 4082/4082 4113/4113 4083/4083
f 4083/4083 4113/4113 4114/4114
f 4083/4083 4114/4114 4084/4084
f 4084/4084 4114/4114 4115/4115
f 4084/4084 4115/4115 4085/4085
f 4085/4085 4115/4115 4116/4116
f 4085/4085 4116/4116 4086/4086
f 4086/4086 4116/4116 4117/4117
f 4086/4086 4117/4117 4087/4087
f 4087/4087 4117/4117 4118/4118
f 4087/4087 4118/4118 4088/4088
f 4088/4088 4118/4118 4119/4119
f 4088/4088 4119/4119 4089/4089
f 4089/4089 4119/4119 4120/4120
f 4089/4089 4120/4120 4090/4090
f 4090/4090 4120/4120 4121/4121
f 4090/4090 4121/4121 4091/4091
f 4091/4091 4121/4121 4122/4122
f 4091/4091 4122/4122 4092/4092
f 4092/4092 4122/4122 4123/4123
f 4092/4092 4123/4123 4093/4093
f 4093/4093 4123/4123 4124/4124
f 4093/4093 4124/4124 4094/4094
f 4094/4094 4124/4124 4125/4125
f 4094/4094 4125/4125 4095/4095
f 4095/4095 4125/4125 4126/4126
f 4095/4095 4126/4126 4096/4096
f 4096/4096 4126/4126 4127/4127
f 4096/4096 4127/4127 4097/4097
f 4097/4097 4127/4127 4128/4128
f 4097/4097 4128/4128 4098/4098
f 4098/4098 4128/4128 4129/4129
f 4098/4098 4129/4129 4099/4099
f 4099/4099 4129/4129 4130/4130
f 4099/4099 4130/4130 4100/4100
f 4100/4100 4130/4130 4131/4131
f 4100/4100 4131/4131 4101/4101
f 4101/4101 4131/4131 4132/4132
f 4101/4101 4132/4132 4102/4102
f 4102/4102 4132/4132 4133/4133
f 4102/4102 4133/4133 4103/4103
f 4103/4103 4133/4133 4134/4134
f 4103/4103 4134/4134 4104/4104
f 4104/4104 4134/4134 4135/4135
f 4104/4104 4135/4135 4105/4105
f 4105/4105 4135/4135 4136/4136
f 4105/4105 4136/4136 4106/4106
f 4106/4106 4136/4136 4137/4137
f 4106/4106 4137/4137 4107/4107
f 4107/4107 4137/4137 4138/4138
f 4107/4107 4138/4138 4108/4108
f 4108/4108 4138/4138 4139/4139
f 4108/4108 4139/4139 4109/4109
f 4109/4109 4139/4139 4140/4140
f 4109/4109 4140/4140 4110/4110
f 4110/4110 4140/4140 4111/4111
f 4110/4110 4111/4111 4081/4081
f 4111/4111 4141/4141 4142/4142
f 4111/4111 4142/4142 4112/4112
f 4112/4112 4142/4142 4143/4143
f 4112/4112 4143/4143 4113/4113
f 4113/4113 4143/4143 4144/4144
f 4113/4113 4144/4144 4114/4114
f 4114/4114 4144/4144 4145/4145
f 4114/4114 4145/4145 4115/4115
f 4115/4115 4145/4145 4146/4146
f 4115/4115 4146/4146 4116/4116
f 4116/4116 4146/4146 4147/4147
f 4116/4116 4147/4147 4117/4117
f 4117/4117 4147/4147 4148/4148
f 4117/4117 4148/4148 4118/4118
f 4118/4118 4148/4148 4149/4149
f 4118/4118 4149/4149 4119/4119
f 4119/4119 4149/4149 4150/4150
f 4119/4119 4150/4150 4120/4120
f 4120/4120 4150/4150 4151/4151
f 4120/4120 4151/4151 4121/4121
f 4121/4121 4151/4151 4152/4152
f 4121/4121 4152/4152 4122/4122
f 4122/4122 4152/4152 4153/4153
f 4122/4122 4153/4153 4123/4123
f 4123/4123 4153/4153 4154/4154
f 4123/4123 4154/4154 4124/4124
f 4124/4124 4154/4154 4155/4155
f 4124/4124 4155/4155 4125/4125
f 4125/4125 4155/4155 4156/4156
f 4125/4125 4156/4156 4126/4126
f 4126/4126 4156/4156 4157/4157
f 4126/4126 4157/4157 4127/4127
f 4127/4127 4157/4157 4158/4158
f 4127/4127 4158/4158 4128/4128
f 4128/4128 4158/4158 4159/4159
f 4128/4128 4159/4159 4129/4129
f 4129/4129 4159/4159 4160/4160
f 4129/4129 4160/4160 4130/4130
f 4130/4130 4160/4160 4161/4161
f 4130/4130 4161/4161 4131/4131
f 4131/4131 4161/4161 4162/4162
f 4131/4131 4162/4162 4132/4132
f 4132/4132 4162/4162 4163/4163
f 4132/4132 4163/4163 4133/4133
f 4133/4133 4163/4163 4164/4164
f 4133/4133 4164/4164 4134/4134
f 4134/4134 4164/4164 4165/4165
f 4134/4134 4165/4165 4135/4135
f 4135/4135 4165/4165 4166/4166
f 4135/4135 4166/4166 4136/4136
f 4136/4136 4166/4166 4167/4167
f 4136/4136 4167/4167 4137/4137
f 4137/4137 4167/4167 4168/4168
f 4137/4137 4168/4168 4138/4138
f 4138/4138 4168/4168 4169/4169
f 4138/4138 4169/4169 4139/4139
f 4139/4139 4169/4169 4170/4170
f 4139/4139 4170/4170 4140/4140
f 4140/4140 4170/4170 4141/4141
f 4140/4140 4141/4141 4111/4111
f 4141/4141 4171/4171 4172/4172
f 4141/4141 4172/4172 4142/4142
f 4142/4142 4172/4172 4173/4173
f 4142/4142 4173/4173 4143/4143
f 4143/4143 4173/4173 4174/4174
f 4143/4143 4174/4174 4144/4144
f 4144/4144 4174/4174 4175/4175
f 4144/4144 4175/4175 4145/4145
f 4145/4145 4175/4175 4176/4176
f 4145/4145 4176/4176 4146/4146
f 4146/4146 4176/4176 4177/4177
f 4146/4146 4177/4177 4147/4147
f 4147/4147 4177/4177 4178/4178
f 4147/4147 4178/4178 4148/4148
f 4148/4148 4178/4178 4179/4179
f 4148/4148 4179/4179 4149/4149
f 4149/4149 4179/4179 4180/4180
f 4149/4149 4180/4180 4150/4150
f 4150/4150 4180/4180 4181/4181
f 4150/4150 4181/4181 4151/4151
f 4151/4151 4181/4181 4182/4182
f 4151/4151 4182/4182 4152/4152
f 4152/4152 4182/4182 4183/4183
f 4152/4152 4183/4183 4153/4153
f 4153/4153 4183/4183 4184/4184
f 4153/4153 4184/4184 4154/4154
f 4154/4154 4184/4184 4185/4185
f 4154/4154 4185/4185 4155/4155
f 4155/4155 4185/4185 4186/4186
f 4155/4155 4186/4186 4156/4156
f 4156/4156 4186/4186 4187/4187
f 4156/4156 4187/4187 4157/4157
f 4157/4157 4187/4187 4188/4188
f 4157/4157 4188/4188 4158/4158
f 4158/4158 4188/4188 4189/4189
f 4158/4158 4189/4189 4159/4159
f 4159/4159 4189/4189 4190/4190
f 4159/4159 4190/4190 4160/4160
f 4160/4160 4190/4190 4191/4191
f 4160/4160 4191/4191 4161/4161
f 4161/4161 4191/4191 4192/4192
f 4161/4161 4192/4192 4162/4162
f 4162/4162 4192/4192 4193/4193
f 4162/4162 4193/4193 4163/4163
f 4163/4163 4193/4193 4194/4194
f 4163/4163 4194/4194 4164/4164
f 4164/4164 4194/4194 4195/4195
f 4164/4164 4195/4195 4165/4165
f 4165/4165 4195/4195 4196/4196
f 4165/4165 4196/4196 4166/4166
f 4166/4166 4196/4196 4197/4197
f 4166/4166 4197/4197 4167/4167
f 4167/4167 4197/4197 4198/4198
f 4167/4167 4198/4198 4168/4168
f 4168/4168 4198/4198 4199/4199
f 4168/4168 4199/4199 4169/4169
f 4169/4169 4199/4199 4200/4200
f 4169/4169 4200/4200 4170/4170
f 4170/4170 4200/4200 4171/4171
f 4170/4170 4171/4171 4141/4141
f 3781/3781 3782/3782 3783/3783
f 3781/3781 3783/3783 3784/3784
f 3781/3781 3784/3784 3785/3785
f 3781/3781 3785/3785 3786/3786
f 3781/3781 3786/3786 3787/3787
f 3781/3781 3787/3787 3788/3788
f 3781/3781 3788/3788 3789/3789
f 3781/3781 3789/3789 3790/3790
f 3781/3781 3790/3790 3791/3791
f 3781/3781 3791/3791 3792/3792
f 3781/3781 3792/3792 3793/3793
f 3781/3781 3793/3793 3794/3794
f 3781/3781 3794/3794 3795/3795
f 3781/3781 3795/3795 3796/3796
f 3781/3781 3796/3796 3797/3797
f 3781/3781 3797/3797 3798/3798
f 3781/3781 3798/3798 3799/3799
f 3781/3781 3799/3799 3800/3800
f 3781/3781 3800/3800 3801/3801
f 3781/3781 3801/3801 3802/3802
f 3781/3781 3802/3802 3803/3803
f 3781/3781 3803/3803 3804/3804
f 3781/3781 3804/3804 3805/3805
f 3781/3781 3805/3805 3806/3806
f 3781/3781 3806/3806 3807/3807
f 3781/3781 3807/3807 3808/3808
f 3781/3781 3808/3808 3809/3809
f 3781/3781 3809/3809 3810/3810
f 4200/4200 4199/4199 4198/4198
f 4200/4200 4198/4198 4197/4197
f 4200/4200 4197/4197 4196/4196
f 4200/4200 4196/4196 4195/4195
f 4200/4200 4195/4195 4194/4194
f 4200/4200 4194/4194 4193/4193
f 4200/4200 4193/4193 4192/4192
f 4200/4200 4192/4192 4191/4191
f 4200/4200 4191/4191 4190/4190
f 4200/4200 4190/4190 4189/4189
f 4200/4200 4189/4189 4188/4188
f 4200/4200 4188/4188 4187/4187
f 4200/4200 4187/4187 4186/4186
f 4200/4200 4186/4186 4185/4185
f 4200/4200 4185/4185 4184/4184
f 4200/4200 4184/4184 4183/4183
f 4200/4200 4183/4183 4182/4182
f 4200/4200 4182/4182 4181/4181
f 4200/4200 4181/4181 4180/4180
f 4200/4200 4180/4180 4179/4179
f 4200/4200 4179/4179 4178/4178
f 4200/4200 4178/4178 4177/4177
f 4200/4200 4177/4177 4176/4176
f 4200/4200 4176/4176 4175/4175
f 4200/4200 4175/4175 4174/4174
f 4200/4200 4174/4174 4173/4173
f 4200/4200 4173/4173 4172/4172
f 4200/4200 4172/4172 4171/4171
f 4201/4201 4231/4231 4232/4232
f 4201/4201 4232/4232 4202/4202
f 4202/4202 4232/4232 4233/4233
f 4202/4202 4233/4233 4203/4203
f 4203/4203 4233/4233 4234/4234
f 4203/4203 4234/4234 4204/4204
f 4204/4204 4234/4234 4235/4235
f 4204/4204 4235/4235 4205/4205
f 4205/4205 4235/4235 4236/4236
f 4205/4205 4236/4236 4206/4206
f 4206/4206 4236/4236 4237/4237
f 4206/4206 4237/4237 4207/4207
f 4207/4207 4237/4237 4238/4238
f 4207/4207 4238/4238 4208/4208
f 4208/4208 4238/4238 4239/4239
f 4208/4208 4239/4239 4209/4209
f 4209/4209 4239/4239 4240/4240
f 4209/4209 4240/4240 4210/4210
f 4210/4210 4240/4240 4241/4241
f 4210/4210 4241/4241 4211/4211
f 4211/4211 4241/4241 4242/4242
f 4211/4211 4242/4242 4212/4212
f 4212/4212 4242/4242 4243/4243
f 4212/4212 4243/4243 4213/4213
f 4213/4213 4243/4243 4244/4244
f 4213/4213 4244/4244 4214/4214
f 4214/4214 4244/4244 4245/4245
f 4214/4214 4245/4245 4215/4215
f 4215/4215 4245/4245 4246/4246
f 4215/4215 4246/4246 4216/4216
f 4216/4216 4246/4246 4247/4247
f 4216/4216 4247/4247 4217/4217
f 4217/4217 4247/4247 4248/4248
f 4217/4217 4248/4248 4218/4218
f 4218/4218 4248/4248 4249/4249
f 4218/4218 4249/4249 4219/4219
f 4219/4219 4249/4249 4250/4250
f 4219/4219 4250/4250 4220/4220
f 4220/4220 4250/4250 4251/4251
f 4220/4220 4251/4251 4221/4221
f 4221/4221 4251/4251 4252/4252
f 4221/4221 4252/4252 4222/4222
f 4222/4222 4252/4252 4253/4253
f 4222/4222 4253/4253 4223/4223
f 4223/4223 4253/4253 4254/4254
f 4223/4223 4254/4254 4224/4224
f 4224/4224 4254/4254 4255/4255
f 4224/4224 4255/4255 4225/4225
f 4225/4225 4255/4255 4256/4256
f 4225/4225 4256/4256 4226/4226
f 4226/4226 4256/4256 4257/4257
f 4226/4226 4257/4257 4227/4227
f 4227/4227 4257/4257 4258/4258
f 4227/4227 4258/4258 4228/4228
f 4228/4228 4258/4258 4259/4259
f 4228/4228 4259/4259 4229/4229
f 4229/4229 4259/4259 4260/4260
f 4229/4229 4260/4260 4230/4230
f 4230/4230 4260/4260 4231/4231
f 4230/4230 4231/4231 4201/4201
f 4231/4231 4261/4261 4262/4262
f 4231/4231 4262/4262 4232/4232
f 4232/4232 4262/4262 4263/4263
f 4232/4232 4263/4263 4233/4233
f 4233/4233 4263/4263 4264/4264
f 4233/4233 4264/4264 4234/4234
f 4234/4234 4264/4264 4265/4265
f 4234/4234 4265/4265 4235/4235
f 4235/4235 4265/4265 4266/4266
f 4235/4235 4266/4266 4236/4236
f 4236/4236 4266/4266 4267/4267
f 4236/4236 4267/4267 4237/4237
f 4237/4237 4267/4267 4268/4268
f 4237/4237 4268/4268 4238/4238
f 4238/4238 4268/4268 4269/4269
f 4238/4238 4269/4269 4239/4239
f 4239/4239 4269/4269 4270/4270
f 4239/4239 4270/4270 4240/4240
f 4240/4240 4270/4270 4271/4271
f 4240/4240 4271/4271 4241/4241
f 4241/4241 4271/4271 4272/4272
f 4241/4241 4272/4272 4242/4242
f 4242/4242 4272/4272 4273/4273
f 4242/4242 4273/4273 4243/4243
f 4243/4243 4273/4273 4274/4274
f 4243/4243 4274/4274 4244/4244
f 4244/4244 4274/4274 4275/4275
f 4244/4244 4275/4275 4245/4245
f 4245/4245 4275/4275 4276/4276
f 4245/4245 4276/4276 4246/4246
f 4246/4246 4276/4276 4277/4277
f 4246/4246 4277/4277 4247/4247
f 4247/4247 4277/4277 4278/4278
f 4247/4247 4278/4278 4248/4248
f 4248/4248 4278/4278 4279/4279
f 4248/4248 4279/4279 4249/4249
f 4249/4249 4279/4279 4280/4280
f 4249/4249 4280/4280 4250/4250
f 4250/4250 4280/4280 4281/4281
f 4250/4250 4281/4281 4251/4251
f 4251/4251 4281/4281 4282/4282
f 4251/4251 4282/4282 4252/4252
f 4252/4252 4282/4282 4283/4283
f 4252/4252 4283/4283 4253/4253
f 4253/4253 4283/4283 4284/4284
f 4253/4253 4284/4284 4254/4254
f 4254/4254 4284/4284 4285/4285
f 4254/4254 4285/4285 4255/4255
f 4255/4255 4285/4285 4286/4286
f 4255/4255 4286/4286 4256/4256
f 4256/4256 4286/4286 4287/4287
f 4256/4256 4287/4287 4257/4257
f 4257/4257 4287/4287 4288/4288
f 4257/4257 4288/4288 4258/4258
f 4258/4258 4288/4288 4289/4289
f 4258/4258 4289/4289 4259/4259
f 4259/4259 4289/4289 4290/4290
f 4259/4259 4290/4290 4260/4260
f 4260/4260 4290/4290 4261/4261
f 4260/4260 4261/4261 4231/4231
f 4261/4261 4291/4291 4292/4292
f 4261/4261 4292/4292 4262/4262
f 4262/4262 4292/4292 4293/4293
f 4262/4262 4293/4293 4263/4263
f 4263/4263 4293/4293 4294/4294
f 4263/4263 4294/4294 4264/4264
f 4264/4264 4294/4294 4295/4295
f 4264/4264 4295/4295 4265/4265
f 4265/4265 4295/4295 4296/4296
f 4265/4265 4296/4296 4266/4266
f 4266/4266 4296/4296 4297/4297
f 4266/4266 4297/4297 4267/4267
f 4267/4267 4297/4297 4298/4298
f 4267/4267 4298/4298 4268/4268
f 4268/4268 4298/4298 4299/4299
f 4268/4268 4299/4299 4269/4269
f 4269/4269 4299/4299 4300/4300
f 4269/4269 4300/4300 4270/4270
f 4270/4270 4300/4300 4301/4301
f 4270/4270 4301/4301 4271/4271
f 4271/4271 4301/4301 4302/4302
f 4271/4271 4302/4302 4272/4272
f 4272/4272 4302/4302 4303/4303
f 4272/4272 4303/4303 4273/4273
f 4273/4273 4303/4303 4304/4304
f 4273/4273 4304/4304 4274/4274
f 4274/4274 4304/4304 4305/4305
f 4274/4274 4305/4305 4275/4275
f 4275/4275 4305/4305 4306/4306
f 4275/4275 4306/4306 4276/4276
f 4276/4276 4306/4306 4307/4307
f 4276/4276 4307/4307 4277/4277
f 4277/4277 4307/4307 4308/4308
f 4277/4277 4308/4308 4278/4278
f 4278/4278 4308/4308 4309/4309
f 4278/4278 4309/4309 4279/4279
f 4279/4279 4309/4309 4310/4310
f 4279/4279 4310/4310 4280/4280
f 4280/4280 4310/4310 4311/4311
f 4280/4280 4311/4311 4281/4281
f 4281/4281 4311/4311 4312/4312
f 4281/4281 4312/4312 4282/4282
f 4282/4282 4312/4312 4313/4313
f 4282/4282 4313/4313 4283/4283
f 4283/4283 4313/4313 4314/4314
f 4283/4283 4314/4314 4284/4284
f 4284/4284 4314/4314 4315/4315
f 4284/4284 4315/4315 4285/4285
f 4285/4285 4315/4315 4316/4316
f 4285/4285 4316/4316 4286/4286
f 4286/4286 4316/4316 4317/4317
f 4286/4286 4317/4317 4287/4287
f 4287/4287 4317/4317 4318/4318
f 4287/4287 4318/4318 4288/4288
f 4288/4288 4318/4318 4319/4319
f 4288/4288 4319/4319 4289/4289
f 4289/4289 4319/4319 4320/4320
f 4289/4289 4320/4320 4290/4290
f 4290/4290 4320/4320 4291/4291
f 4290/4290 4291/4291 4261/4261
f 4291/4291 4321/4321 4322/4322
f 4291/4291 4322/4322 4292/4292
f 4292/4292 4322/4322 4323/4323
f 4292/4292 4323/4323 4293/4293
f 4293/4293 4323/4323 4324/4324
f 4293/4293 4324/4324 4294/4294
f 4294/4294 4324/4324 4325/4325
f 4294/4294 4325/4325 4295/4295
f 4295/4295 4325/4325 4326/4326
f 4295/4295 4326/4326 4296/4296
f 4296/4296 4326/4326 4327/4327
f 4296/4296 4327/4327 4297/4297
f 4297/4297 4327/4327 4328/4328
f 4297/4297 4328/4328 4298/4298
f 4298/4298 4328/4328 4329/4329
f 4298/4298 4329/4329 4299/4299
f 4299/4299 4329/4329 4330/4330
f 4299/4299 4330/4330 4300/4300
f 4300/4300 4330/4330 4331/4331
f 4300/4300 4331/4331 4301/4301
f 4301/4301 4331/4331 4332/4332
f 4301/4301 4332/4332 4302/4302
f 4302/4302 4332/4332 4333/4333
f 4302/4302 4333/4333 4303/4303
f 4303/4303 4333/4333 4334/4334
f 4303/4303 4334/4334 4304/4304
f 4304/4304 4334/4334 4335/4335
f 4304/4304 4335/4335 4305/4305
f 4305/4305 4335/4335 4336/4336
f 4305/4305 4336/4336 4306/4306
f 4306/4306 4336/4336 4337/4337
f 4306/4306 4337/4337 4307/4307
f 4307/4307 4337/4337 4338/4338
f 4307/4307 4338/4338 4308/4308
f 4308/4308 4338/4338 4339/4339
f 4308/4308 4339/4339 4309/4309
f 4309/4309 4339/4339 4340/4340
f 4309/4309 4340/4340 4310/4310
f 4310/4310 4340/4340 4341/4341
f 4310/4310 4341/4341 4311/4311
f 4311/4311 4341/4341 4342/4342
f 4311/4311 4342/4342 4312/4312
f 4312/4312 4342/4342 4343/4343
f 4312/4312 4343/4343 4313/4313
f 4313/4313 4343/4343 4344/4344
f 4313/4313 4344/4344 4314/4314
f 4314/4314 4344/4344 4345/4345
f 4314/4314 4345/4345 4315/4315
f 4315/4315 4345/4345 4346/4346
f 4315/4315 4346/4346 4316/4316
f 4316/4316 4346/4346 4347/4347
f 4316/4316 4347/4347 4317/4317
f 4317/4317 4347/4347 4348/4348
f 4317/4317 4348/4348 4318/4318
f 4318/4318 4348/4348 4349/4349
f 4318/4318 4349/4349 4319/4319
f 4319/4319 4349/4349 4350/4350
f 4319/4319 4350/4350 4320/4320
f 4320/4320 4350/4350 4321/4321
f 4320/4320 4321/4321 4291/4291
f 4321/4321 4351/4351 4352/4352
f 4321/4321 4352/4352 4322/4322
f 4322/4322 4352/4352 4353/4353
f 4322/4322 4353/4353 4323/4323
f 4323/4323 4353/4353 4354/4354
f 4323/4323 4354/4354 4324/4324
f 4324/4324 4354/4354 4355/4355
f 4324/4324 4355/4355 4325/4325
f 4325/4325 4355/4355 4356/4356
f 4325/4325 4356/4356 4326/4326
f 4326/4326 4356/4356 4357/4357
f 4326/4326 4357/4357 4327/4327
f 4327/4327 4357/4357 4358/4358
f 4327/4327 4358/4358 4328/4328
f 4328/4328 4358/4358 4359/4359
f 4328/4328 4359/4359 4329/4329
f 4329/4329 4359/4359 4360/4360
f 4329/4329 4360/4360 4330/4330
f 4330/4330 4360/4360 4361/4361
f 4330/4330 4361/4361 4331/4331
f 4331/4331 4361/4361 4362/4362
f 4331/4331 4362/4362 4332/4332
f 4332/4332 4362/4362 4363/4363
f 4332/4332 4363/4363 4333/4333
f 4333/4333 4363/4363 4364/4364
f 4333/4333 4364/4364 4334/4334
f 4334/4334 4364/4364 4365/4365
f 4334/4334 4365/4365 4335/4335
f 4335/4335 4365/4365 4366/4366
f 4335/4335 4366/4366 4336/4336
f 4336/4336 4366/4366 4367/4367
f 4336/4336 4367/4367 4337/4337
f 4337/4337 4367/4367 4368/4368
f 4337/4337 4368/4368 4338/4338
f 4338/4338 4368/4368 4369/4369
f 4338/4338 4369/4369 4339/4339
f 4339/4339 4369/4369 4370/4370
f 4339/4339 4370/4370 4340/4340
f 4340/4340 4370/4370 4371/4371
f 4340/4340 4371/4371 4341/4341
f 4341/4341 4371/4371 4372/4372
f 4341/4341 4372/4372 4342/4342
f 4342/4342 4372/4372 4373/4373
f 4342/4342 4373/4373 4343/4343
f 4343/4343 4373/4373 4374/4374
f 4343/4343 4374/4374 4344/4344
f 4344/4344 4374/4374 4375/4375
f 4344/4344 4375/4375 4345/4345
f 4345/4345 4375/4375 4376/4376
f 4345/4345 4376/4376 4346/4346
f 4346/4346 4376/4376 4377/4377
f 4346/4346 4377/4377 4347/4347
f 4347/4347 4377/4377 4378/4378
f 4347/4347 4378/4378 4348/4348
f 4348/4348 4378/4378 4379/4379
f 4348/4348 4379/4379 4349/4349
f 4349/4349 4379/4379 4380/4380
f 4349/4349 4380/4380 4350/4350
f 4350/4350 4380/4380 4351/4351
f 4350/4350 4351/4351 4321/4321
f 4351/4351 4381/4381 4382/4382
f 4351/4351 4382/4382 4352/4352
f 4352/4352 4382/4382 4383/4383
f 4352/4352 4383/4383 4353/4353
f 4353/4353 4383/4383 4384/4384
f 4353/4353 4384/4384 4354/4354
f 4354/4354 4384/4384 4385/4385
f 4354/4354 4385/4385 4355/4355
f 4355/4355 4385/4385 4386/4386
f 4355/4355 4386/4386 4356/4356
f 4356/4356 4386/4386 4387/4387
f 4356/4356 4387/4387 4357/4357
f 4357/4357 4387/4387 4388/4388
f 4357/4357 4388/4388 4358/4358
f 4358/4358 4388/4388 4389/4389
f 4358/4358 4389/4389 4359/4359
f 4359/4359 4389/4389 4390/4390
f 4359/4359 4390/4390 4360/4360
f 4360/4360 4390/4390 4391/4391
f 4360/4360 4391/4391 4361/4361
f 4361/4361 4391/4391 4392/4392
f 4361/4361 4392/4392 4362/4362
f 4362/4362 4392/4392 4393/4393
f 4362/4362 4393/4393 4363/4363
f 4363/4363 4393/4393 4394/4394
f 4363/4363 4394/4394 4364/4364
f 4364/4364 4394/4394 4395/4395
f 4364/4364 4395/4395 4365/4365
f 4365/4365 4395/4395 4396/4396
f 4365/4365 4396/4396 4366/4366
f 4366/4366 4396/4396 4397/4397
f 4366/4366 4397/4397 4367/4367
f 4367/4367 4397/4397 4398/4398
f 4367/4367 4398/4398 4368/4368
f 4368/4368 4398/4398 4399/4399
f 4368/4368 4399/4399 4369/4369
f 4369/4369 4399/4399 4400/4400
f 4369/4369 4400/4400 4370/4370
f 4370/4370 4400/4400 4401/4401
f 4370/4370 4401/4401 4371/4371
f 4371/4371 4401/4401 4402/4402
f 4371/4371 4402/4402 4372/4372
f 4372/4372 4402/4402 4403/4403
f 4372/4372 4403/4403 4373/4373
f 4373/4373 4403/4403 4404/4404
f 4373/4373 4404/4404 4374/4374
f 4374/4374 4404/4404 4405/4405
f 4374/4374 4405/4405 4375/4375
f 4375/4375 4405/4405 4406/4406
f 4375/4375 4406/4406 4376/4376
f 4376/4376 4406/4406 4407/4407
f 4376/4376 4407/4407 4377/4377
f 4377/4377 4407/4407 4408/4408
f 4377/4377 4408/4408 4378/4378
f 4378/4378 4408/4408 4409/4409
f 4378/4378 4409/4409 4379/4379
f 4379/4379 4409/4409 4410/4410
f 4379/4379 4410/4410 4380/4380
f 4380/4380 4410/4410 4381/4381
f 4380/4380 4381/4381 4351/4351
f 4381/4381 4411/4411 4412/4412
f 4381/4381 4412/4412 4382/4382
f 4382/4382 4412/4412 4413/4413
f 4382/4382 4413/4413 4383/4383
f 4383/4383 4413/4413 4414/4414
f 4383/4383 4414/4414 4384/4384
f 4384/4384 4414/4414 4415/4415
f 4384/4384 4415/4415 4385/4385
f 4385/4385 4415/4415 4416/4416
f 4385/4385 4416/4416 4386/4386
f 4386/4386 4416/4416 4417/4417
f 4386/4386 4417/4417 4387/4387
f 4387/4387 4417/4417 4418/4418
f 4387/4387 4418/4418 4388/4388
f 4388/4388 4418/4418 4419/4419
f 4388/4388 4419/4419 4389/4389
f 4389/4389 4419/4419 4420/4420
f 4389/4389 4420/4420 4390/4390
f 4390/4390 4420/4420 4421/4421
f 4390/4390 4421/4421 4391/4391
f 4391/4391 4421/4421 4422/4422
f 4391/4391 4422/4422 4392/4392
f 4392/4392 4422/4422 4423/4423
f 4392/4392 4423/4423 4393/4393
f 4393/4393 4423/4423 4424/4424
f 4393/4393 4424/4424 4394/4394
f 4394/4394 4424/4424 4425/4425
f 4394/4394 4425/4425 4395/4395
f 4395/4395 4425/4425 4426/4426
f 4395/4395 4426/4426 4396/4396
f 4396/4396 4426/4426 4427/4427
f 4396/4396 4427/4427 4397/4397
f 4397/4397 4427/4427 4428/4428
f 4397/4397 4428/4428 4398/4398
f 4398/4398 4428/4428 4429/4429
f 4398/4398 4429/4429 4399/4399
f 4399/4399 4429/4429 4430/4430
f 4399/4399 4430/4430 4400/4400
f 4400/4400 4430/4430 4431/4431
f 4400/4400 4431/4431 4401/4401
f 4401/4401 4431/4431 4432/4432
f 4401/4401 4432/4432 4402/4402
f 4402/4402 4432/4432 4433/4433
f 4402/4402 4433/4433 4403/4403
f 4403/4403 4433/4433 4434/4434
f 4403/4403 4434/4434 4404/4404
f 4404/4404 4434/4434 4435/4435
f 4404/4404 4435/4435 4405/4405
f 4405/4405 4435/4435 4436/4436
f 4405/4405 4436/4436 4406/4406
f 4406/4406 4436/4436 4437/4437
f 4406/4406 4437/4437 4407/4407
f 4407/4407 4437/4437 4438/4438
f 4407/4407 4438/4438 4408/4408
f 4408/4408 4438/4438 4439/4439
f 4408/4408 4439/4439 4409/4409
f 4409/4409 4439/4439 4440/4440
f 4409/4409 4440/4440 4410/4410
f 4410/4410 4440/4440 4411/4411
f 4410/4410 4411/4411 4381/4381
f 4411/4411 4441/4441 4442/4442
f 4411/4411 4442/4442 4412/4412
f 4412/4412 4442/4442 4443/4443
f 4412/4412 4443/4443 4413/4413
f 4413/4413 4443/4443 4444/4444
f 4413/4413 4444/4444 4414/4414
f 4414/4414 4444/4444 4445/4445
f 4414/4414 4445/4445 4415/4415
f 4415/4415 4445/4445 4446/4446
f 4415/4415 4446/4446 4416/4416
f 4416/4416 4446/4446 4447/4447
f 4416/4416 4447/4447 4417/4417
f 4417/4417 4447/4447 4448/4448
f 4417/4417 4448/4448 4418/4418
f 4418/4418 4448/4448 4449/4449
f 4418/4418 4449/4449 4419/4419
f 4419/4419 4449/4449 4450/4450
f 4419/4419 4450/4450 4420/4420
f 4420/4420 4450/4450 4451/4451
f 4420/4420 4451/4451 4421/4421
f 4421/4421 4451/4451 4452/4452
f 4421/4421 4452/4452 4422/4422
f 4422/4422 4452/4452 4453/4453
f 4422/4422 4453/4453 4423/4423
f 4423/4423 4453/4453 4454/4454
f 4423/4423 4454/4454 4424/4424
f 4424/4424 4454/4454 4455/4455
f 4424/4424 4455/4455 4425/4425
f 4425/4425 4455/4455 4456/4456
f 4425/4425 4456/4456 4426/4426
f 4426/4426 4456/4456 4457/4457
f 4426/4426 4457/4457 4427/4427
f 4427/4427 4457/4457 4458/4458
f 4427/4427 4458/4458 4428/4428
f 4428/4428 4458/4458 4459/4459
f 4428/4428 4459/4459 4429/4429
f 4429/4429 4459/4459 4460/4460
f 4429/4429 4460/4460 4430/4430
f 4430/4430 4460/4460 4461/4461
f 4430/4430 4461/4461 4431/4431
f 4431/4431 4461/4461 4462/4462
f 4431/4431 4462/4462 4432/4432
f 4432/4432 4462/4462 4463/4463
f 4432/4432 4463/4463 4433/4433
f 4433/4433 4463/4463 4464/4464
f 4433/4433 4464/4464 4434/4434
f 4434/4434 4464/4464 4465/4465
f 4434/4434 4465/4465 4435/4435
f 4435/4435 4465/4465 4466/4466
f 4435/4435 4466/4466 4436/4436
f 4436/4436 4466/4466 4467/4467
f 4436/4436 4467/4467 4437/4437
f 4437/4437 4467/4467 4468/4468
f 4437/4437 4468/4468 4438/4438
f 4438/4438 4468/4468 4469/4469
f 4438/4438 4469/4469 4439/4439
f 4439/4439 4469/4469 4470/4470
f 4439/4439 4470/4470 4440/4440
f 4440/4440 4470/4470 4441/4441
f 4440/4440 4441/4441 4411/4411
f 4441/4441 4471/4471 4472/4472
f 4441/4441 4472/4472 4442/4442
f 4442/4442 4472/4472 4473/4473
f 4442/4442 4473/4473 4443/4443
f 4443/4443 4473/4473 4474/4474
f 4443/4443 4474/4474 4444/4444
f 4444/4444 4474/4474 4475/4475
f 4444/4444 4475/4475 4445/4445
f 4445/4445 4475/4475 4476/4476
f 4445/4445 4476/4476 4446/4446
f 4446/4446 4476/4476 4477/4477
f 4446/4446 4477/4477 4447/4447
f 4447/4447 4477/4477 4478/4478
f 4447/4447 4478/4478 4448/4448
f 4448/4448 4478/4478 4479/4479
f 4448/4448 4479/4479 4449/4449
f 4449/4449 4479/4479 4480/4480
f 4449/4449 4480/4480 4450/4450
f 4450/4450 4480/4480 4481/4481
f 4450/4450 4481/4481 4451/4451
f 4451/4451 4481/4481 4482/4482
f 4451/4451 4482/4482 4452/4452
f 4452/4452 4482/4482 4483/4483
f 4452/4452 4483/4483 4453/4453
f 4453/4453 4483/4483 4484/4484
f 4453/4453 4484/4484 4454/4454
f 4454/4454 4484/4484 4485/4485
f 4454/4454 4485/4485 4455/4455
f 4455/4455 4485/4485 4486/4486
f 4455/4455 4486/4486 4456/4456
f 4456/4456 4486/4486 4487/4487
f 4456/4456 4487/4487 4457/4457
f 4457/4457 4487/4487 4488/4488
f 4457/4457 4488/4488 4458/4458
f 4458/4458 4488/4488 4489/4489
f 4458/4458 4489/4489 4459/4459
f 4459/4459 4489/4489 4490/4490
f 4459/4459 4490/4490 4460/4460
f 4460/4460 4490/4490 4491/4491
f 4460/4460 4491/4491 4461/4461
f 4461/4461 4491/4491 4492/4492
f 4461/4461 4492/4492 4462/4462
f 4462/4462 4492/4492 4493/4493
f 4462/4462 4493/4493 4463/4463
f 4463/4463 4493/4493 4494/4494
f 4463/4463 4494/4494 4464/4464
f 4464/4464 4494/4494 4495/4495
f 4464/4464 4495/4495 4465/4465
f 4465/4465 4495/4495 4496/4496
f 4465/4465 4496/4496 4466/4466
f 4466/4466 4496/4496 4497/4497
f 4466/4466 4497/4497 4467/4467
f 4467/4467 4497/4497 4498/4498
f 4467/4467 4498/4498 4468/4468
f 4468/4468 4498/4498 4499/4499
f 4468/4468 4499/4499 4469/4469
f 4469/4469 4499/4499 4500/4500
f 4469/4469 4500/4500 4470/4470
f 4470/4470 4500/4500 4471/4471
f 4470/4470 4471/4471 4441/4441
f 4471/4471 4501/4501 4502/4502
f 4471/4471 4502/4502 4472/4472
f 4472/4472 4502/4502 4503/4503
f 4472/4472 4503/4503 4473/4473
f 4473/4473 4503/4503 4504/4504
f 4473/4473 4504/4504 4474/4474
f 4474/4474 4504/4504 4505/4505
f 4474/4474 4505/4505 4475/4475
f 4475/4475 4505/4505 4506/4506
f 4475/4475 4506/4506 4476/4476
f 4476/4476 4506/4506 4507/4507
f 4476/4476 4507/4507 4477/4477
f 4477/4477 4507/4507 4508/4508
f 4477/4477 4508/4508 4478/4478
f 4478/4478 4508/4508 4509/4509
f 4478/4478 4509/4509 4479/4479
f 4479/4479 4509/4509 4510/4510
f 4479/4479 4510/4510 4480/4480
f 4480/4480 4510/4510 4511/4511
f 4480/4480 4511/4511 4481/4481
f 4481/4481 4511/4511 4512/4512
f 4481/4481 4512/4512 4482/4482
f 4482/4482 4512/4512 4513/4513
f 4482/4482 4513/4513 4483/4483
f 4483/4483 4513/4513 4514/4514
f 4483/4483 4514/4514 4484/4484
f 4484/4484 4514/4514 4515/4515
f 4484/4484 4515/4515 4485/4485
f 4485/4485 4515/4515 4516/4516
f 4485/4485 4516/4516 4486/4486
f 4486/4486 4516/4516 4517/4517
f 4486/4486 4517/4517 4487/4487
f 4487/4487 4517/4517 4518/4518
f 4487/4487 4518/4518 4488/4488
f 4488/4488 4518/4518 4519/4519
f 4488/4488 4519/4519 4489/4489
f 4489/4489 4519/4519 4520/4520
f 4489/4489 4520/4520 4490/4490
f 4490/4490 4520/4520 4521/4521
f 4490/4490 4521/4521 4491/4491
f 4491/4491 4521/4521 4522/4522
f 4491/4491 4522/4522 4492/4492
f 4492/4492 4522/4522 4523/4523
f 4492/4492 4523/4523 4493/4493
f 4493/4493 4523/4523 4524/4524
f 4493/4493 4524/4524 4494/4494
f 4494/4494 4524/4524 4525/4525
f 4494/4494 4525/4525 4495/4495
f 4495/4495 4525/4525 4526/4526
f 4495/4495 4526/4526 4496/4496
f 4496/4496 4526/4526 4527/4527
f 4496/4496 4527/4527 4497/4497
f 4497/4497 4527/4527 4528/4528
f 4497/4497 4528/4528 4498/4498
f 4498/4498 4528/4528 4529/4529
f 4498/4498 4529/4529 4499/4499
f 4499/4499 4529/4529 4530/4530
f 4499/4499 4530/4530 4500/4500
f 4500/4500 4530/4530 4501/4501
f 4500/4500 4501/4501 4471/4471
f 4501/4501 4531/4531 4532/4532
f 4501/4501 4532/4532 4502/4502
f 4502/4502 4532/4532 4533/4533
f 4502/4502 4533/4533 4503/4503
f 4503/4503 4533/4533 4534/4534
f 4503/4503 4534/4534 4504/4504
f 4504/4504 4534/4534 4535/4535
f 4504/4504 4535/4535 4505/4505
f 4505/4505 4535/4535 4536/4536
f 4505/4505 4536/4536 4506/4506
f 4506/4506 4536/4536 4537/4537
f 4506/4506 4537/4537 4507/4507
f 4507/4507 4537/4537 4538/4538
f 4507/4507 4538/4538 4508/4508
f 4508/4508 4538/4538 4539/4539
f 4508/4508 4539/4539 4509/4509
f 4509/4509 4539/4539 4540/4540
f 4509/4509 4540/4540 4510/4510
f 4510/4510 4540/4540 4541/4541
f 4510/4510 4541/4541 4511/4511
f 4511/4511 4541/4541 4542/4542
f 4511/4511 4542/4542 4512/4512
f 4512/4512 4542/4542 4543/4543
f 4512/4512 4543/4543 4513/4513
f 4513/4513 4543/4543 4544/4544
f 4513/4513 4544/4544 4514/4514
f 4514/4514 4544/4544 4545/4545
f 4514/4514 4545/4545 4515/4515
f 4515/4515 4545/4545 4546/4546
f 4515/4515 4546/4546 4516/4516
f 4516/4516 4546/4546 4547/4547
f 4516/4516 4547/4547 4517/4517
f 4517/4517 4547/4547 4548/4548
f 4517/4517 4548/4548 4518/4518
f 4518/4518 4548/4548 4549/4549
f 4518/4518 4549/4549 4519/4519
f 4519/4519 4549/4549 4550/4550
f 4519/4519 4550/4550 4520/4520
f 4520/4520 4550/4550 4551/4551
f 4520/4520 4551/4551 4521/4521
f 4521/4521 4551/4551 4552/4552
f 4521/4521 4552/4552 4522/4522
f 4522/4522 4552/4552 4553/4553
f 4522/4522 4553/4553 4523/4523
f 4523/4523 4553/4553 4554/4554
f 4523/4523 4554/4554 4524/4524
f 4524/4524 4554/4554 4555/4555
f 4524/4524 4555/4555 4525/4525
f 4525/4525 4555/4555 4556/4556
f 4525/4525 4556/4556 4526/4526
f 4526/4526 4556/4556 4557/4557
f 4526/4526 4557/4557 4527/4527
f 4527/4527 4557/4557 4558/4558
f 4527/4527 4558/4558 4528/4528
f 4528/4528 4558/4558 4559/4559
f 4528/4528 4559/4559 4529/4529
f 4529/4529 4559/4559 4560/4560
f 4529/4529 4560/4560 4530/4530
f 4530/4530 4560/4560 4531/4531
f 4530/4530 4531/4531 4501/4501
f 4531/4531 4561/4561 4562/4562
f 4531/4531 4562/4562 4532/4532
f 4532/4532 4562/4562 4563/4563
f 4532/4532 4563/4563 4533/4533
f 4533/4533 4563/4563 4564/4564
f 4533/4533 4564/4564 4534/4534
f 4534/4534 4564/4564 4565/4565
f 4534/4534 4565/4565 4535/4535
f 4535/4535 4565/4565 4566/4566
f 4535/4535 4566/4566 4536/4536
f 4536/4536 4566/4566 4567/4567
f 4536/4536 4567/4567 4537/4537
f 4537/4537 4567/4567 4568/4568
f 4537/4537 4568/4568 4538/4538
f 4538/4538 4568/4568 4569/4569
f 4538/4538 4569/4569 4539/4539
f 4539/4539 4569/4569 4570/4570
f 4539/4539 4570/4570 4540/4540
f 4540/4540 4570/4570 4571/4571
f 4540/4540 4571/4571 4541/4541
f 4541/4541 4571/4571 4572/4572
f 4541/4541 4572/4572 4542/4542
f 4542/4542 4572/4572 4573/4573
f 4542/4542 4573/4573 4543/4543
f 4543/4543 4573/4573 4574/4574
f 4543/4543 4574/4574 4544/4544
f 4544/4544 4574/4574 4575/4575
f 4544/4544 4575/4575 4545/4545
f 4545/4545 4575/4575 4576/4576
f 4545/4545 4576/4576 4546/4546
f 4546/4546 4576/4576 4577/4577
f 4546/4546 4577/4577 4547/4547
f 4547/4547 4577/4577 4578/4578
f 4547/4547 4578/4578 4548/4548
f 4548/4548 4578/4578 4579/4579
f 4548/4548 4579/4579 4549/4549
f 4549/4549 4579/4579 4580/4580
f 4549/4549 4580/4580 4550/4550
f 4550/4550 4580/4580 4581/4581
f 4550/4550 4581/4581 4551/4551
f 4551/4551 4581/4581 4582/4582
f 4551/4551 4582/4582 4552/4552
f 4552/4552 4582/4582 4583/4583
f 4552/4552 4583/4583 4553/4553
f 4553/4553 4583/4583 4584/4584
f 4553/4553 4584/4584 4554/4554
f 4554/4554 4584/4584 4585/4585
f 4554/4554 4585/4585 4555/4555
f 4555/4555 4585/4585 4586/4586
f 4555/4555 4586/4586 4556/4556
f 4556/4556 4586/4586 4587/4587
f 4556/4556 4587/4587 4557/4557
f 4557/4557 4587/4587 4588/4588
f 4557/4557 4588/4588 4558/4558
f 4558/4558 4588/4588 4589/4589
f 4558/4558 4589/4589 4559/4559
f 4559/4559 4589/4589 4590/4590
f 4559/4559 4590/4590 4560/4560
f 4560/4560 4590/4590 4561/4561
f 4560/4560 4561/4561 4531/4531
f 4561/4561 4591/4591 4592/4592
f 4561/4561 4592/4592 4562/4562
f 4562/4562 4592/4592 4593/4593
f 4562/4562 4593/4593 4563/4563
f 4563/4563 4593/4593 4594/4594
f 4563/4563 4594/4594 4564/4564
f 4564/4564 4594/4594 4595/4595
f 4564/4564 4595/4595 4565/4565
f 4565/4565 4595/4595 4596/4596
f 4565/4565 4596/4596 4566/4566
f 4566/4566 4596/4596 4597/4597
f 4566/4566 4597/4597 4567/4567
f 4567/4567 4597/4597 4598/4598
f 4567/4567 4598/4598 4568/4568
f 4568/4568 4598/4598 4599/4599
f 4568/4568 4599/4599 4569/4569
f 4569/4569 4599/4599 4600/4600
f 4569/4569 4600/4600 4570/4570
f 4570/4570 4600/4600 4601/4601
f 4570/4570 4601/4601 4571/4571
f 4571/4571 4601/4601 4602/4602
f 4571/4571 4602/4602 4572/4572
f 4572/4572 4602/4602 4603/4603
f 4572/4572 4603/4603 4573/4573
f 4573/4573 4603/4603 4604/4604
f 4573/4573 4604/4604 4574/4574
f 4574/4574 4604/4604 4605/4605
f 4574/4574 4605/4605 4575/4575
f 4575/4575 4605/4605 4606/4606
f 4575/4575 4606/4606 4576/4576
f 4576/4576 4606/4606 4607/4607
f 4576/4576 4607/4607 4577/4577
f 4577/4577 4607/4607 4608/4608
f 4577/4577 4608/4608 4578/4578
f 4578/4578 4608/4608 4609/4609
f 4578/4578 4609/4609 4579/4579
f 4579/4579 4609/4609 4610/4610
f 4579/4579 4610/4610 4580/4580
f 4580/4580 4610/4610 4611/4611
f 4580/4580 4611/4611 4581/4581
f 4581/4581 4611/4611 4612/4612
f 4581/4581 4612/4612 4582/4582
f 4582/4582 4612/4612 4613/4613
f 4582/4582 4613/4613 4583/4583
f 4583/4583 4613/4613 4614/4614
f 4583/4583 4614/4614 4584/4584
f 4584/4584 4614/4614 4615/4615
f 4584/4584 4615/4615 4585/4585
f 4585/4585 4615/4615 4616/4616
f 4585/4585 4616/4616 4586/4586
f 4586/4586 4616/4616 4617/4617
f 4586/4586 4617/4617 4587/4587
f 4587/4587 4617/4617 4618/4618
f 4587/4587 4618/4618 4588/4588
f 4588/4588 4618/4618 4619/4619
f 4588/4588 4619/4619 4589/4589
f 4589/4589 4619/4619 4620/4620
f 4589/4589 4620/4620 4590/4590
f 4590/4590 4620/4620 4591/4591
f 4590/4590 4591/4591 4561/4561
f 4201/4201 4202/4202 4203/4203
f 4201/4201 4203/4203 4204/4204
f 4201/4201 4204/4204 4205/4205
f 4201/4201 4205/4205 4206/4206
f 4201/4201 4206/4206 4207/4207
f 4201/4201 4207/4207 4208/4208
f 4201/4201 4208/4208 4209/4209
f 4201/4201 4209/4209 4210/4210
f 4201/4201 4210/4210 4211/4211
f 4201/4201 4211/4211 4212/4212
f 4201/4201 4212/4212 4213/4213
f 4201/4201 4213/4213 4214/4214
f 4201/4201 4214/4214 4215/4215
f 4201/4201 4215/4215 4216/4216
f 4201/4201 4216/4216 4217/4217
f 4201/4201 4217/4217 4218/4218
f 4201/4201 4218/4218 4219/4219
f 4201/4201 4219/4219 4220/4220
f 4201/4201 4220/4220 4221/4221
f 4201/4201 4221/4221 4222/4222
f 4201/4201 4222/4222 4223/4223
f 4201/4201 4223/4223 4224/4224
f 4201/4201 4224/4224 4225/4225
f 4201/4201 4225/4225 4226/4226
f 4201/4201 4226/4226 4227/4227
f 4201/4201 4227/4227 4228/4228
f 4201/4201 4228/4228 4229/4229
f 4201/4201 4229/4229 4230/4230
f 4620/4620 4619/4619 4618/4618
f 4620/4620 4618/4618 4617/4617
f 4620/4620 4617/4617 4616/4616
f 4620/4620 4616/4616 4615/4615
f 4620/4620 4615/4615 4614/4614
f 4620/4620 4614/4614 4613/4613
f 4620/4620 4613/4613 4612/4612
f 4620/4620 4612/4612 4611/4611
f 4620/4620 4611/4611 4610/4610
f 4620/4620 4610/4610 4609/4609
f 4620/4620 4609/4609 4608/4608
f 4620/4620 4608/4608 4607/4607
f 4620/4620 4607/4607 4606/4606
f 4620/4620 4606/4606 4605/4605
f 4620/4620 4605/4605 4604/4604
f 4620/4620 4604/4604 4603/4603
f 4620/4620 4603/4603 4602/4602
f 4620/4620 4602/4602 4601/4601
f 4620/4620 4601/4601 4600/4600
f 4620/4620 4600/4600 4599/4599
f 4620/4620 4599/4599 4598/4598
f 4620/4620 4598/4598 4597/4597
f 4620/4620 4597/4597 4596/4596
f 4620/4620 4596/4596 4595/4595
f 4620/4620 4595/4595 4594/4594
f 4620/4620 4594/4594 4593/4593
f 4620/4620 4593/4593 4592/4592
f 4620/4620 4592/4592 4591/4591
f 4621/4621 4651/4651 4652/4652
f 4621/4621 4652/4652 4622/4622
f 4622/4622 4652/4652 4653/4653
f 4622/4622 4653/4653 4623/4623
f 4623/4623 4653/4653 4654/4654
f 4623/4623 4654/4654 4624/4624
f 4624/4624 4654/4654 4655/4655
f 4624/4624 4655/4655 4625/4625
f 4625/4625 4655/4655 4656/4656
f 4625/4625 4656/4656 4626/4626
f 4626/4626 4656/4656 4657/4657
f 4626/4626 4657/4657 4627/4627
f 4627/4627 4657/4657 4658/4658
f 4627/4627 4658/4658 4628/4628
f 4628/4628 4658/4658 4659/4659
f 4628/4628 4659/4659 4629/4629
f 4629/4629 4659/4659 4660/4660
f 4629/4629 4660/4660 4630/4630
f 4630/4630 4660/4660 4661/4661
f 4630/4630 4661/4661 4631/4631
f 4631/4631 4661/4661 4662/4662
f 4631/4631 4662/4662 4632/4632
f 4632/4632 4662/4662 4663/4663
f 4632/4632 4663/4663 4633/4633
f 4633/4633 4663/4663 4664/4664
f 4633/4633 4664/4664 4634/4634
f 4634/4634 4664/4664 4665/4665
f 4634/4634 4665/4665 4635/4635
f 4635/4635 4665/4665 4666/4666
f 4635/4635 4666/4666 4636/4636
f 4636/4636 4666/4666 4667/4667
f 4636/4636 4667/4667 4637/4637
f 4637/4637 4667/4667 4668/4668
f 4637/4637 4668/4668 4638/4638
f 4638/4638 4668/4668 4669/4669
f 4638/4638 4669/4669 4639/4639
f 4639/4639 4669/4669 4670/4670
f 4639/4639 4670/4670 4640/4640
f 4640/4640 4670/4670 4671/4671
f 4640/4640 4671/4671 4641/4641
f 4641/4641 4671/4671 4672/4672
f 4641/4641 4672/4672 4642/4642
f 4642/4642 4672/4672 4673/4673
f 4642/4642 4673/4673 4643/4643
f 4643/4643 4673/4673 4674/4674
f 4643/4643 4674/4674 4644/4644
f 4644/4644 4674/4674 4675/4675
f 4644/4644 4675/4675 4645/4645
f 4645/4645 4675/4675 4676/4676
f 4645/4645 4676/4676 4646/4646
f 4646/4646 4676/4676 4677/4677
f 4646/4646 4677/4677 4647/4647
f 4647/4647 4677/4677 4678/4678
f 4647/4647 4678/4678 4648/4648
f 4648/4648 4678/4678 4679/4679
f 4648/4648 4679/4679 4649/4649
f 4649/4649 4679/4679 4680/4680
f 4649/4649 4680/4680 4650/4650
f 4650/4650 4680/4680 4651/4651
f 4650/4650 4651/4651 4621/4621
f 4651/4651 4681/4681 4682/4682
f 4651/4651 4682/4682 4652/4652
f 4652/4652 4682/4682 4683/4683
f 4652/4652 4683/4683 4653/4653
f 4653/4653 4683/4683 4684/4684
f 4653/4653 4684/4684 4654/4654
f 4654/4654 4684/4684 4685/4685
f 4654/4654 4685/4685 4655/4655
f 4655/4655 4685/4685 4686/4686
f 4655/4655 4686/4686 4656/4656
f 4656/4656 4686/4686 4687/4687
f 4656/4656 4687/4687 4657/4657
f 4657/4657 4687/4687 4688/4688
f 4657/4657 4688/4688 4658/4658
f 4658/4658 4688/4688 4689/4689
f 4658/4658 4689/4689 4659/4659
f 4659/4659 4689/4689 4690/4690
f 4659/4659 4690/4690 4660/4660
f 4660/4660 4690/4690 4691/4691
f 4660/4660 4691/4691 4661/4661
f 4661/4661 4691/4691 4692/4692
f 4661/4661 4692/4692 4662/4662
f 4662/4662 4692/4692 4693/4693
f 4662/4662 4693/4693 4663/4663
f 4663/4663 4693/4693 4694/4694
f 4663/4663 4694/4694 4664/4664
f 4664/4664 4694/4694 4695/4695
f 4664/4664 4695/4695 4665/4665
f 4665/4665 4695/4695 4696/4696
f 4665/4665 4696/4696 4666/4666
f 4666/4666 4696/4696 4697/4697
f 4666/4666 4697/4697 4667/4667
f 4667/4667 4697/4697 4698/4698
f 4667/4667 4698/4698 4668/4668
f 4668/4668 4698/4698 4699/4699
f 4668/4668 4699/4699 4669/4669
f 4669/4669 4699/4699 4700/4700
f 4669/4669 4700/4700 4670/4670
f 4670/4670 4700/4700 4701/4701
f 4670/4670 4701/4701 4671/4671
f 4671/4671 4701/4701 4702/4702
f 4671/4671 4702/4702 4672/4672
f 4672/4672 4702/4702 4703/4703
f 4672/4672 4703/4703 4673/4673
f 4673/4673 4703/4703 4704/4704
f 4673/4673 4704/4704 4674/4674
f 4674/4674 4704/4704 4705/4705
f 4674/4674 4705/4705 4675/4675
f 4675/4675 4705/4705 4706/4706
f 4675/4675 4706/4706 4676/4676
f 4676/4676 4706/4706 4707/4707
f 4676/4676 4707/4707 4677/4677
f 4677/4677 4707/4707 4708/4708
f 4677/4677 4708/4708 4678/4678
f 4678/4678 4708/4708 4709/4709
f 4678/4678 4709/4709 4679/4679
f 4679/4679 4709/4709 4710/4710
f 4679/4679 4710/4710 4680/4680
f 4680/4680 4710/4710 4681/4681
f 4680/4680 4681/4681 4651/4651
f 4681/4681 4711/4711 4712/4712
f 4681/4681 4712/4712 4682/4682
f 4682/4682 4712/4712 4713/4713
f 4682/4682 4713/4713 4683/4683
f 4683/4683 4713/4713 4714/4714
f 4683/4683 4714/4714 4684/4684
f 4684/4684 4714/4714 4715/4715
f 4684/4684 4715/4715 4685/4685
f 4685/4685 4715/4715 4716/4716
f 4685/4685 4716/4716 4686/4686
f 4686/4686 4716/4716 4717/4717
f 4686/4686 4717/4717 4687/4687
f 4687/4687 4717/4717 4718/4718
f 4687/4687 4718/4718 4688/4688
f 4688/4688 4718/4718 4719/4719
f 4688/4688 4719/4719 4689/4689
f 4689/4689 4719/4719 4720/4720
f 4689/4689 4720/4720 4690/4690
f 4690/4690 4720/4720 4721/4721
f 4690/4690 4721/4721 4691/4691
f 4691/4691 4721/4721 4722/4722
f 4691/4691 4722/4722 4692/4692
f 4692/4692 4722/4722 4723/4723
f 4692/4692 4723/4723 4693/4693
f 4693/4693 4723/4723 4724/4724
f 4693/4693 4724/4724 4694/4694
f 4694/4694 4724/4724 4725/4725
f 4694/4694 4725/4725 4695/4695
f 4695/4695 4725/4725 4726/4726
f 4695/4695 4726/4726 4696/4696
f 4696/4696 4726/4726 4727/4727
f 4696/4696 4727/4727 4697/4697
f 4697/4697 4727/4727 4728/4728
f 4697/4697 4728/4728 4698/4698
f 4698/4698 4728/4728 4729/4729
f 4698/4698 4729/4729 4699/4699
f 4699/4699 4729/4729 4730/4730
f 4699/4699 4730/4730 4700/4700
f 4700/4700 4730/4730 4731/4731
f 4700/4700 4731/4731 4701/4701
f 4701/4701 4731/4731 4732/4732
f 4701/4701 4732/4732 4702/4702
f 4702/4702 4732/4732 4733/4733
f 4702/4702 4733/4733 4703/4703
f 4703/4703 4733/4733 4734/4734
f 4703/4703 4734/4734 4704/4704
f 4704/4704 4734/4734 4735/4735
f 4704/4704 4735/4735 4705/4705
f 4705/4705 4735/4735 4736/4736
f 4705/4705 4736/4736 4706/4706
f 4706/4706 4736/4736 4737/4737
f 4706/4706 4737/4737 4707/4707
f 4707/4707 4737/4737 4738/4738
f 4707/4707 4738/4738 4708/4708
f 4708/4708 4738/4738 4739/4739
f 4708/4708 4739/4739 4709/4709
f 4709/4709 4739/4739 4740/4740
f 4709/4709 4740/4740 4710/4710
f 4710/4710 4740/4740 4711/4711
f 4710/4710 4711/4711 4681/4681
f 4711/4711 4741/4741 4742/4742
f 4711/4711 4742/4742 4712/4712
f 4712/4712 4742/4742 4743/4743
f 4712/4712 4743/4743 4713/4713
f 4713/4713 4743/4743 4744/4744
f 4713/4713 4744/4744 4714/4714
f 4714/4714 4744/4744 4745/4745
f 4714/4714 4745/4745 4715/4715
f 4715/4715 4745/4745 4746/4746
f 4715/4715 4746/4746 4716/4716
f 4716/4716 4746/4746 4747/4747
f 4716/4716 4747/4747 4717/4717
f 4717/4717 4747/4747 4748/4748
f 4717/4717 4748/4748 4718/4718
f 4718/4718 4748/4748 4749/4749
f 4718/4718 4749/4749 4719/4719
f 4719/4719 4749/4749 4750/4750
f 4719/4719 4750/4750 4720/4720
f 4720/4720 4750/4750 4751/4751
f 4720/4720 4751/4751 4721/4721
f 4721/4721 4751/4751 4752/4752
f 4721/4721 4752/4752 4722/4722
f 4722/4722 4752/4752 4753/4753
f 4722/4722 4753/4753 4723/4723
f 4723/4723 4753/4753 4754/4754
f 4723/4723 4754/4754 4724/4724
f 4724/4724 4754/4754 4755/4755
f 4724/4724 4755/4755 4725/4725
f 4725/4725 4755/4755 4756/4756
f 4725/4725 4756/4756 4726/4726
f 4726/4726 4756/4756 4757/4757
f 4726/4726 4757/4757 4727/4727
f 4727/4727 4757/4757 4758/4758
f 4727/4727 4758/4758 4728/4728
f 4728/4728 4758/4758 4759/4759
f 4728/4728 4759/4759 4729/4729
f 4729/4729 4759/4759 4760/4760
f 4729/4729 4760/4760 4730/4730
f 4730/4730 4760/4760 4761/4761
f 4730/4730 4761/4761 4731/4731
f 4731/4731 4761/4761 4762/4762
f 4731/4731 4762/4762 4732/4732
f 4732/4732 4762/4762 4763/4763
f 4732/4732 4763/4763 4733/4733
f 4733/4733 4763/4763 4764/4764
f 4733/4733 4764/4764 4734/4734
f 4734/4734 4764/4764 4765/4765
f 4734/4734 4765/4765 4735/4735
f 4735/4735 4765/4765 4766/4766
f 4735/4735 4766/4766 4736/4736
f 4736/4736 4766/4766 4767/4767
f 4736/4736 4767/4767 4737/4737
f 4737/4737 4767/4767 4768/4768
f 4737/4737 4768/4768 4738/4738
f 4738/4738 4768/4768 4769/4769
f 4738/4738 4769/4769 4739/4739
f 4739/4739 4769/4769 4770/4770
f 4739/4739 4770/4770 4740/4740
f 4740/4740 4770/4770 4741/4741
f 4740/4740 4741/4741 4711/4711
f 4741/4741 4771/4771 4772/4772
f 4741/4741 4772/4772 4742/4742
f 4742/4742 4772/4772 4773/4773
f 4742/4742 4773/4773 4743/4743
f 4743/4743 4773/4773 4774/4774
f 4743/4743 4774/4774 4744/4744
f 4744/4744 4774/4774 4775/4775
f 4744/4744 4775/4775 4745/4745
f 4745/4745 4775/4775 4776/4776
f 4745/4745 4776/4776 4746/4746
f 4746/4746 4776/4776 4777/4777
f 4746/4746 4777/4777 4747/4747
f 4747/4747 4777/4777 4778/4778
f 4747/4747 4778/4778 4748/4748
f 4748/4748 4778/4778 4779/4779
f 4748/4748 4779/4779 4749/4749
f 4749/4749 4779/4779 4780/4780
f 4749/4749 4780/4780 4750/4750
f 4750/4750 4780/4780 4781/4781
f 4750/4750 4781/4781 4751/4751
f 4751/4751 4781/4781 4782/4782
f 4751/4751 4782/4782 4752/4752
f 4752/4752 4782/4782 4783/4783
f 4752/4752 4783/4783 4753/4753
f 4753/4753 4783/4783 4784/4784
f 4753/4753 4784/4784 4754/4754
f 4754/4754 4784/4784 4785/4785
f 4754/4754 4785/4785 4755/4755
f 4755/4755 4785/4785 4786/4786
f 4755/4755 4786/4786 4756/4756
f 4756/4756 4786/4786 4787/4787
f 4756/4756 4787/4787 4757/4757
f 4757/4757 4787/4787 4788/4788
f 4757/4757 4788/4788 4758/4758
f 4758/4758 4788/4788 4789/4789
f 4758/4758 4789/4789 4759/4759
f 4759/4759 4789/4789 4790/4790
f 4759/4759 4790/4790 4760/4760
f 4760/4760 4790/4790 4791/4791
f 4760/4760 4791/4791 4761/4761
f 4761/4761 4791/4791 4792/4792
f 4761/4761 4792/4792 4762/4762
f 4762/4762 4792/4792 4793/4793
f 4762/4762 4793/4793 4763/4763
f 4763/4763 4793/4793 4794/4794
f 4763/4763 4794/4794 4764/4764
f 4764/4764 4794/4794 4795/4795
f 4764/4764 4795/4795 4765/4765
f 4765/4765 4795/4795 4796/4796
f 4765/4765 4796/4796 4766/4766
f 4766/4766 4796/4796 4797/4797
f 4766/4766 4797/4797 4767/4767
f 4767/4767 4797/4797 4798/4798
f 4767/4767 4798/4798 4768/4768
f 4768/4768 4798/4798 4799/4799
f 4768/4768 4799/4799 4769/4769
f 4769/4769 4799/4799 4800/4800
f 4769/4769 4800/4800 4770/4770
f 4770/4770 4800/4800 4771/4771
f 4770/4770 4771/4771 4741/4741
f 4771/4771 4801/4801 4802/4802
f 4771/4771 4802/4802 4772/4772
f 4772/4772 4802/4802 4803/4803
f 4772/4772 4803/4803 4773/4773
f 4773/4773 4803/4803 4804/4804
f 4773/4773 4804/4804 4774/4774
f 4774/4774 4804/4804 4805/4805
f 4774/4774 4805/4805 4775/4775
f 4775/4775 4805/4805 4806/4806
f 4775/4775 4806/4806 4776/4776
f 4776/4776 4806/4806 4807/4807
f 4776/4776 4807/4807 4777/4777
f 4777/4777 4807/4807 4808/4808
f 4777/4777 4808/4808 4778/4778
f 4778/4778 4808/4808 4809/4809
f 4778/4778 4809/4809 4779/4779
f 4779/4779 4809/4809 4810/4810
f 4779/4779 4810/4810 4780/4780
f 4780/4780 4810/4810 4811/4811
f 4780/4780 4811/4811 4781/4781
f 4781/4781 4811/4811 4812/4812
f 4781/4781 4812/4812 4782/4782
f 4782/4782 4812/4812 4813/4813
f 4782/4782 4813/4813 4783/4783
f 4783/4783 4813/4813 4814/4814
f 4783/4783 4814/4814 4784/4784
f 4784/4784 4814/4814 4815/4815
f 4784/4784 4815/4815 4785/4785
f 4785/4785 4815/4815 4816/4816
f 4785/4785 4816/4816 4786/4786
f 4786/4786 4816/4816 4817/4817
f 4786/4786 4817/4817 4787/4787
f 4787/4787 4817/4817 4818/4818
f 4787/4787 4818/4818 4788/4788
f 4788/4788 4818/4818 4819/4819
f 4788/4788 4819/4819 4789/4789
f 4789/4789 4819/4819 4820/4820
f 4789/4789 4820/4820 4790/4790
f 4790/4790 4820/4820 4821/4821
f 4790/4790 4821/4821 4791/4791
f 4791/4791 4821/4821 4822/4822
f 4791/4791 4822/4822 4792/4792
f 4792/4792 4822/4822 4823/4823
f 4792/4792 4823/4823 4793/4793
f 4793/4793 4823/4823 4824/4824
f 4793/4793 4824/4824 4794/4794
f 4794/4794 4824/4824 4825/4825
f 4794/4794 4825/4825 4795/4795
f 4795/4795 4825/4825 4826/4826
f 4795/4795 4826/4826 4796/4796
f 4796/4796 4826/4826 4827/4827
f 4796/4796 4827/4827 4797/4797
f 4797/4797 4827/4827 4828/4828
f 4797/4797 4828/4828 4798/4798
f 4798/4798 4828/4828 4829/4829
f 4798/4798 4829/4829 4799/4799
f 4799/4799 4829/4829 4830/4830
f 4799/4799 4830/4830 4800/4800
f 4800/4800 4830/4830 4801/4801
f 4800/4800 4801/4801 4771/4771
f 4801/4801 4831/4831 4832/4832
f 4801/4801 4832/4832 4802/4802
f 4802/4802 4832/4832 4833/4833
f 4802/4802 4833/4833 4803/4803
f 4803/4803 4833/4833 4834/4834
f 4803/4803 4834/4834 4804/4804
f 4804/4804 4834/4834 4835/4835
f 4804/4804 4835/4835 4805/4805
f 4805/4805 4835/4835 4836/4836
f 4805/4805 4836/4836 4806/4806
f 4806/4806 4836/4836 4837/4837
f 4806/4806 4837/4837 4807/4807
f 4807/4807 4837/4837 4838/4838
f 4807/4807 4838/4838 4808/4808
f 4808/4808 4838/4838 4839/4839
f 4808/4808 4839/4839 4809/4809
f 4809/4809 4839/4839 4840/4840
f 4809/4809 4840/4840 4810/4810
f 4810/4810 4840/4840 4841/4841
f 4810/4810 4841/4841 4811/4811
f 4811/4811 4841/4841 4842/4842
f 4811/4811 4842/4842 4812/4812
f 4812/4812 4842/4842 4843/4843
f 4812/4812 4843/4843 4813/4813
f 4813/4813 4843/4843 4844/4844
f 4813/4813 4844/4844 4814/4814
f 4814/4814 4844/4844 4845/4845
f 4814/4814 4845/4845 4815/4815
f 4815/4815 4845/4845 4846/4846
f 4815/4815 4846/4846 4816/4816
f 4816/4816 4846/4846 4847/4847
f 4816/4816 4847/4847 4817/4817
f 4817/4817 4847/4847 4848/4848
f 4817/4817 4848/4848 4818/4818
f 4818/4818 4848/4848 4849/4849
f 4818/4818 4849/4849 4819/4819
f 4819/4819 4849/4849 4850/4850
f 4819/4819 4850/4850 4820/4820
f 4820/4820 4850/4850 4851/4851
f 4820/4820 4851/4851 4821/4821
f 4821/4821 4851/4851 4852/4852
f 4821/4821 4852/4852 4822/4822
f 4822/4822 4852/4852 4853/4853
f 4822/4822 4853/4853 4823/4823
f 4823/4823 4853/4853 4854/4854
f 4823/4823 4854/4854 4824/4824
f 4824/4824 4854/4854 4855/4855
f 4824/4824 4855/4855 4825/4825
f 4825/4825 4855/4855 4856/4856
f 4825/4825 4856/4856 4826/4826
f 4826/4826 4856/4856 4857/4857
f 4826/4826 4857/4857 4827/4827
f 4827/4827 4857/4857 4858/4858
f 4827/4827 4858/4858 4828/4828
f 4828/4828 4858/4858 4859/4859
f 4828/4828 4859/4859 4829/4829
f 4829/4829 4859/4859 4860/4860
f 4829/4829 4860/4860 4830/4830
f 4830/4830 4860/4860 4831/4831
f 4830/4830 4831/4831 4801/4801
f 4831/4831 4861/4861 4862/4862
f 4831/4831 4862/4862 4832/4832
f 4832/4832 4862/4862 4863/4863
f 4832/4832 4863/4863 4833/4833
f 4833/4833 4863/4863 4864/4864
f 4833/4833 4864/4864 4834/4834
f 4834/4834 4864/4864 4865/4865
f 4834/4834 4865/4865 4835/4835
f 4835/4835 4865/4865 4866/4866
f 4835/4835 4866/4866 4836/4836
f 4836/4836 4866/4866 4867/4867
f 4836/4836 4867/4867 4837/4837
f 4837/4837 4867/4867 4868/4868
f 4837/4837 4868/4868 4838/4838
f 4838/4838 4868/4868 4869/4869
f 4838/4838 4869/4869 4839/4839
f 4839/4839 4869/4869 4870/4870
f 4839/4839 4870/4870 4840/4840
f 4840/4840 4870/4870 4871/4871
f 4840/4840 4871/4871 4841/4841
f 4841/4841 4871/4871 4872/4872
f 4841/4841 4872/4872 4842/4842
f 4842/4842 4872/4872 4873/4873
f 4842/4842 4873/4873 4843/4843
f 4843/4843 4873/4873 4874/4874
f 4843/4843 4874/4874 4844/4844
f 4844/4844 4874/4874 4875/4875
f 4844/4844 4875/4875 4845/4845
f 4845/4845 4875/4875 4876/4876
f 4845/4845 4876/4876 4846/4846
f 4846/4846 4876/4876 4877/4877
f 4846/4846 4877/4877 4847/4847
f 4847/4847 4877/4877 4878/4878
f 4847/4847 4878/4878 4848/4848
f 4848/4848 4878/4878 4879/4879
f 4848/4848 4879/4879 4849/4849
f 4849/4849 4879/4879 4880/4880
f 4849/4849 4880/4880 4850/4850
f 4850/4850 4880/4880 4881/4881
f 4850/4850 4881/4881 4851/4851
f 4851/4851 4881/4881 4882/4882
f 4851/4851 4882/4882 4852/4852
f 4852/4852 4882/4882 4883/4883
f 4852/4852 4883/4883 4853/4853
f 4853/4853 4883/4883 4884/4884
f 4853/4853 4884/4884 4854/4854
f 4854/4854 4884/4884 4885/4885
f 4854/4854 4885/4885 4855/4855
f 4855/4855 4885/4885 4886/4886
f 4855/4855 4886/4886 4856/4856
f 4856/4856 4886/4886 4887/4887
f 4856/4856 4887/4887 4857/4857
f 4857/4857 4887/4887 4888/4888
f 4857/4857 4888/4888 4858/4858
f 4858/4858 4888/4888 4889/4889
f 4858/4858 4889/4889 4859/4859
f 4859/4859 4889/4889 4890/4890
f 4859/4859 4890/4890 4860/4860
f 4860/4860 4890/4890 4861/4861
f 4860/4860 4861/4861 4831/4831
f 4861/4861 4891/4891 4892/4892
f 4861/4861 4892/4892 4862/4862
f 4862/4862 4892/4892 4893/4893
f 4862/4862 4893/4893 4863/4863
f 4863/4863 4893/4893 4894/4894
f 4863/4863 4894/4894 4864/4864
f 4864/4864 4894/4894 4895/4895
f 4864/4864 4895/4895 4865/4865
f 4865/4865 4895/4895 4896/4896
f 4865/4865 4896/4896 4866/4866
f 4866/4866 4896/4896 4897/4897
f 4866/4866 4897/4897 4867/4867
f 4867/4867 4897/4897 4898/4898
f 4867/4867 4898/4898 4868/4868
f 4868/4868 4898/4898 4899/4899
f 4868/4868 4899/4899 4869/4869
f 4869/4869 4899/4899 4900/4900
f 4869/4869 4900/4900 4870/4870
f 4870/4870 4900/4900 4901/4901
f 4870/4870 4901/4901 4871/4871
f 4871/4871 4901/4901 4902/4902
f 4871/4871 4902/4902 4872/4872
f 4872/4872 4902/4902 4903/4903
f 4872/4872 4903/4903 4873/4873
f 4873/4873 4903/4903 4904/4904
f 4873/4873 4904/4904 4874/4874
f 4874/4874 4904/4904 4905/4905
f 4874/4874 4905/4905 4875/4875
f 4875/4875 4905/4905 4906/4906
f 4875/4875 4906/4906 4876/4876
f 4876/4876 4906/4906 4907/4907
f 4876/4876 4907/4907 4877/4877
f 4877/4877 4907/4907 4908/4908
f 4877/4877 4908/4908 4878/4878
f 4878/4878 4908/4908 4909/4909
f 4878/4878 4909/4909 4879/4879
f 4879/4879 4909/4909 4910/4910
f 4879/4879 4910/4910 4880/4880
f 4880/4880 4910/4910 4911/4911
f 4880/4880 4911/4911 4881/4881
f 4881/4881 4911/4911 4912/4912
f 4881/4881 4912/4912 4882/4882
f 4882/4882 4912/4912 4913/4913
f 4882/4882 4913/4913 4883/4883
f 4883/4883 4913/4913 4914/4914
f 4883/4883 4914/4914 4884/4884
f 4884/4884 4914/4914 4915/4915
f 4884/4884 4915/4915 4885/4885
f 4885/4885 4915/4915 4916/4916
f 4885/4885 4916/4916 4886/4886
f 4886/4886 4916/4916 4917/4917
f 4886/4886 4917/4917 4887/4887
f 4887/4887 4917/4917 4918/4918
f 4887/4887 4918/4918 4888/4888
f 4888/4888 4918/4918 4919/4919
f 4888/4888 4919/4919 4889/4889
f 4889/4889 4919/4919 4920/4920
f 4889/4889 4920/4920 4890/4890
f 4890/4890 4920/4920 4891/4891
f 4890/4890 4891/4891 4861/4861
f 4891/4891 4921/4921 4922/4922
f 4891/4891 4922/4922 4892/4892
f 4892/4892 4922/4922 4923/4923
f 4892/4892 4923/4923 4893/4893
f 4893/4893 4923/4923 4924/4924
f 4893/4893 4924/4924 4894/4894
f 4894/4894 4924/4924 4925/4925
f 4894/4894 4925/4925 4895/4895
f 4895/4895 4925/4925 4926/4926
f 4895/4895 4926/4926 4896/4896
f 4896/4896 4926/4926 4927/4927
f 4896/4896 4927/4927 4897/4897
f 4897/4897 4927/4927 4928/4928
f 4897/4897 4928/4928 4898/4898
f 4898/4898 4928/4928 4929/4929
f 4898/4898 4929/4929 4899/4899
f 4899/4899 4929/4929 4930/4930
f 4899/4899 4930/4930 4900/4900
f 4900/4900 4930/4930 4931/4931
f 4900/4900 4931/4931 4901/4901
f 4901/4901 4931/4931 4932/4932
f 4901/4901 4932/4932 4902/4902
f 4902/4902 4932/4932 4933/4933
f 4902/4902 4933/4933 4903/4903
f 4903/4903 4933/4933 4934/4934
f 4903/4903 4934/4934 4904/4904
f 4904/4904 4934/4934 4935/4935
f 4904/4904 4935/4935 4905/4905
f 4905/4905 4935/4935 4936/4936
f 4905/4905 4936/4936 4906/4906
f 4906/4906 4936/4936 4937/4937
f 4906/4906 4937/4937 4907/4907
f 4907/4907 4937/4937 4938/4938
f 4907/4907 4938/4938 4908/4908
f 4908/4908 4938/4938 4939/4939
f 4908/4908 4939/4939 4909/4909
f 4909/4909 4939/4939 4940/4940
f 4909/4909 4940/4940 4910/4910
f 4910/4910 4940/4940 4941/4941
f 4910/4910 4941/4941 4911/4911
f 4911/4911 4941/4941 4942/4942
f 4911/4911 4942/4942 4912/4912
f 4912/4912 4942/4942 4943/4943
f 4912/4912 4943/4943 4913/4913
f 4913/4913 4943/4943 4944/4944
f 4913/4913 4944/4944 4914/4914
f 4914/4914 4944/4944 4945/4945
f 4914/4914 4945/4945 4915/4915
f 4915/4915 4945/4945 4946/4946
f 4915/4915 4946/4946 4916/4916
f 4916/4916 4946/4946 4947/4947
f 4916/4916 4947/4947 4917/4917
f 4917/4917 4947/4947 4948/4948
f 4917/4917 4948/4948 4918/4918
f 4918/4918 4948/4948 4949/4949
f 4918/4918 4949/4949 4919/4919
f 4919/4919 4949/4949 4950/4950
f 4919/4919 4950/4950 4920/4920
f 4920/4920 4950/4950 4921/4921
f 4920/4920 4921/4921 4891/4891
f 4921/4921 4951/4951 4952/4952
f 4921/4921 4952/4952 4922/4922
f 4922/4922 4952/4952 4953/4953
f 4922/4922 4953/4953 4923/4923
f 4923/4923 4953/4953 4954/4954
f 4923/4923 4954/4954 4924/4924
f 4924/4924 4954/4954 4955/4955
f 4924/4924 4955/4955 4925/4925
f 4925/4925 4955/4955 4956/4956
f 4925/4925 4956/4956 4926/4926
f 4926/4926 4956/4956 4957/4957
f 4926/4926 4957/4957 4927/4927
f 4927/4927 4957/4957 4958/4958
f 4927/4927 4958/4958 4928/4928
f 4928/4928 4958/4958 4959/4959
f 4928/4928 4959/4959 4929/4929
f 4929/4929 4959/4959 4960/4960
f 4929/4929 4960/4960 4930/4930
f 4930/4930 4960/4960 4961/4961
f 4930/4930 4961/4961 4931/4931
f 4931/4931 4961/4961 4962/4962
f 4931/4931 4962/4962 4932/4932
f 4932/4932 4962/4962 4963/4963
f 4932/4932 4963/4963 4933/4933
f 4933/4933 4963/4963 4964/4964
f 4933/4933 4964/4964 4934/4934
f 4934/4934 4964/4964 4965/4965
f 4934/4934 4965/4965 4935/4935
f 4935/4935 4965/4965 4966/4966
f 4935/4935 4966/4966 4936/4936
f 4936/4936 4966/4966 4967/4967
f 4936/4936 4967/4967 4937/4937
f 4937/4937 4967/4967 4968/4968
f 4937/4937 4968/4968 4938/4938
f 4938/4938 4968/4968 4969/4969
f 4938/4938 4969/4969 4939/4939
f 4939/4939 4969/4969 4970/4970
f 4939/4939 4970/4970 4940/4940
f 4940/4940 4970/4970 4971/4971
f 4940/4940 4971/4971 4941/4941
f 4941/4941 4971/4971 4972/4972
f 4941/4941 4972/4972 4942/4942
f 4942/4942 4972/4972 4973/4973
f 4942/4942 4973/4973 4943/4943
f 4943/4943 4973/4973 4974/4974
f 4943/4943 4974/4974 4944/4944
f 4944/4944 4974/4974 4975/4975
f 4944/4944 4975/4975 4945/4945
f 4945/4945 4975/4975 4976/4976
f 4945/4945 4976/4976 4946/4946
f 4946/4946 4976/4976 4977/4977
f 4946/4946 4977/4977 4947/4947
f 4947/4947 4977/4977 4978/4978
f 4947/4947 4978/4978 4948/4948
f 4948/4948 4978/4978 4979/4979
f 4948/4948 4979/4979 4949/4949
f 4949/4949 4979/4979 4980/4980
f 4949/4949 4980/4980 4950/4950
f 4950/4950 4980/4980 4951/4951
f 4950/4950 4951/4951 4921/4921
f 4951/4951 4981/4981 4982/4982
f 4951/4951 4982/4982 4952/4952
f 4952/4952 4982/4982 4983/4983
f 4952/4952 4983/4983 4953/4953
f 4953/4953 4983/4983 4984/4984
f 4953/4953 4984/4984 4954/4954
f 4954/4954 4984/4984 4985/4985
f 4954/4954 4985/4985 4955/4955
f 4955/4955 4985/4985 4986/4986
f 4955/4955 4986/4986 4956/4956
f 4956/4956 4986/4986 4987/4987
f 4956/4956 4987/4987 4957/4957
f 4957/4957 4987/4987 4988/4988
f 4957/4957 4988/4988 4958/4958
f 4958/4958 4988/4988 4989/4989
f 4958/4958 4989/4989 4959/4959
f 4959/4959 4989/4989 4990/4990
f 4959/4959 4990/4990 4960/4960
f 4960/4960 4990/4990 4991/4991
f 4960/4960 4991/4991 4961/4961
f 4961/4961 4991/4991 4992/4992
f 4961/4961 4992/4992 4962/4962
f 4962/4962 4992/4992 4993/4993
f 4962/4962 4993/4993 4963/4963
f 4963/4963 4993/4993 4994/4994
f 4963/4963 4994/4994 4964/4964
f 4964/4964 4994/4994 4995/4995
f 4964/4964 4995/4995 4965/4965
f 4965/4965 4995/4995 4996/4996
f 4965/4965 4996/4996 4966/4966
f 4966/4966 4996/4996 4997/4997
f 4966/4966 4997/4997 4967/4967
f 4967/4967 4997/4997 4998/4998
f 4967/4967 4998/4998 4968/4968
f 4968/4968 4998/4998 4999/4999
f 4968/4968 4999/4999 4969/4969
f 4969/4969 4999/4999 5000/5000
f 4969/4969 5000/5000 4970/4970
f 4970/4970 5000/5000 5001/5001
f 4970/4970 5001/5001 4971/4971
f 4971/4971 5001/5001 5002/5002
f 4971/4971 5002/5002 4972/4972
f 4972/4972 5002/5002 5003/5003
f 4972/4972 5003/5003 4973/4973
f 4973/4973 5003/5003 5004/5004
f 4973/4973 5004/5004 4974/4974
f 4974/4974 5004/5004 5005/5005
f 4974/4974 5005/5005 4975/4975
f 4975/4975 5005/5005 5006/5006
f 4975/4975 5006/5006 4976/4976
f 4976/4976 5006/5006 5007/5007
f 4976/4976 5007/5007 4977/4977
f 4977/4977 5007/5007 5008/5008
f 4977/4977 5008/5008 4978/4978
f 4978/4978 5008/5008 5009/5009
f 4978/4978 5009/5009 4979/4979
f 4979/4979 5009/5009 5010/5010
f 4979/4979 5010/5010 4980/4980
f 4980/4980 5010/5010 4981/4981
f 4980/4980 4981/4981 4951/4951
f 4981/4981 5011/5011 5012/5012
f 4981/4981 5012/5012 4982/4982
f 4982/4982 5012/5012 5013/5013
f 4982/4982 5013/5013 4983/4983
f 4983/4983 5013/5013 5014/5014
f 4983/4983 5014/5014 4984/4984
f 4984/4984 5014/5014 5015/5015
f 4984/4984 5015/5015 4985/4985
f 4985/4985 5015/5015 5016/5016
f 4985/4985 5016/5016 4986/4986
f 4986/4986 5016/5016 5017/5017
f 4986/4986 5017/5017 4987/4987
f 4987/4987 5017/5017 5018/5018
f 4987/4987 5018/5018 4988/4988
f 4988/4988 5018/5018 5019/5019
f 4988/4988 5019/5019 4989/4989
f 4989/4989 5019/5019 5020/5020
f 4989/4989 5020/5020 4990/4990
f 4990/4990 5020/5020 5021/5021
f 4990/4990 5021/5021 4991/4991
f 4991/4991 5021/5021 5022/5022
f 4991/4991 5022/5022 4992/4992
f 4992/4992 5022/5022 5023/5023
f 4992/4992 5023/5023 4993/4993
f 4993/4993 5023/5023 5024/5024
f 4993/4993 5024/5024 4994/4994
f 4994/4994 5024/5024 5025/5025
f 4994/4994 5025/5025 4995/4995
f 4995/4995 5025/5025 5026/5026
f 4995/4995 5026/5026 4996/4996
f 4996/4996 5026/5026 5027/5027
f 4996/4996 5027/5027 4997/4997
f 4997/4997 5027/5027 5028/5028
f 4997/4997 5028/5028 4998/4998
f 4998/4998 5028/5028 5029/5029
f 4998/4998 5029/5029 4999/4999
f 4999/4999 5029/5029 5030/5030
f 4999/4999 5030/5030 5000/5000
f 5000/5000 5030/5030 5031/5031
f 5000/5000 5031/5031 5001/5001
f 5001/5001 5031/5031 5032/5032
f 5001/5001 5032/5032 5002/5002
f 5002/5002 5032/5032 5033/5033
f 5002/5002 5033/5033 5003/5003
f 5003/5003 5033/5033 5034/5034
f 5003/5003 5034/5034 5004/5004
f 5004/5004 5034/5034 5035/5035
f 5004/5004 5035/5035 5005/5005
f 5005/5005 5035/5035 5036/5036
f 5005/5005 5036/5036 5006/5006
f 5006/5006 5036/5036 5037/5037
f 5006/5006 5037/5037 5007/5007
f 5007/5007 5037/5037 5038/5038
f 5007/5007 5038/5038 5008/5008
f 5008/5008 5038/5038 5039/5039
f 5008/5008 5039/5039 5009/5009
f 5009/5009 5039/5039 5040/5040
f 5009/5009 5040/5040 5010/5010
f 5010/5010 5040/5040 5011/5011
f 5010/5010 5011/5011 4981/4981
f 4621/4621 4622/4622 4623/4623
f 4621/4621 4623/4623 4624/4624
f 4621/4621 4624/4624 4625/4625
f 4621/4621 4625/4625 4626/4626
f 4621/4621 4626/4626 4627/4627
f 4621/4621 4627/4627 4628/4628
f 4621/4621 4628/4628 4629/4629
f 4621/4621 4629/4629 4630/4630
f 4621/4621 4630/4630 4631/4631
f 4621/4621 4631/4631 4632/4632
f 4621/4621 4632/4632 4633/4633
f 4621/4621 4633/4633 4634/4634
f 4621/4621 4634/4634 4635/4635
f 4621/4621 4635/4635 4636/4636
f 4621/4621 4636/4636 4637/4637
f 4621/4621 4637/4637 4638/4638
f 4621/4621 4638/4638 4639/4639
f 4621/4621 4639/4639 4640/4640
f 4621/4621 4640/4640 4641/4641
f 4621/4621 4641/4641 4642/4642
f 4621/4621 4642/4642 4643/4643
f 4621/4621 4643/4643 4644/4644
f 4621/4621 4644/4644 4645/4645
f 4621/4621 4645/4645 4646/4646
f 4621/4621 4646/4646 4647/4647
f 4621/4621 4647/4647 4648/4648
f 4621/4621 4648/4648 4649/4649
f 4621/4621 4649/4649 4650/4650
f 5040/5040 5039/5039 5038/5038
f 5040/5040 5038/5038 5037/5037
f 5040/5040 5037/5037 5036/5036
f 5040/5040 5036/5036 5035/5035
f 5040/5040 5035/5035 5034/5034
f 5040/5040 5034/5034 5033/5033
f 5040/5040 5033/5033 5032/5032
f 5040/5040 5032/5032 5031/5031
f 5040/5040 5031/5031 5030/5030
f 5040/5040 5030/5030 5029/5029
f 5040/5040 5029/5029 5028/5028
f 5040/5040 5028/5028 5027/5027
f 5040/5040 5027/5027 5026/5026
f 5040/5040 5026/5026 5025/5025
f 5040/5040 5025/5025 5024/5024
f 5040/5040 5024/5024 5023/5023
f 5040/5040 5023/5023 5022/5022
f 5040/5040 5022/5022 5021/5021
f 5040/5040 5021/5021 5020/5020
f 5040/5040 5020/5020 5019/5019
f 5040/5040 5019/5019 5018/5018
f 5040/5040 5018/5018 5017/5017
f 5040/5040 5017/5017 5016/5016
f 5040/5040 5016/5016 5015/5015
f 5040/5040 5015/5015 5014/5014
f 5040/5040 5014/5014 5013/5013
f 5040/5040 5013/5013 5012/5012
f 5040/5040 5012/5012 5011/5011
